Name,Handle,Timestamp,Verified,Content,Comments,Retweets,Likes,Analytics,Tags,Mentions,Emojis,Profile Image,Tweet Link,Tweet ID
blackorbird,@blackorbird,2024-01-04T02:41:30.000Z,True,2024 Threat summary report Collection (updating).https://github.com/blackorbird/APT_REPORT/tree/master/summary/2024…,1,4,15,"7,552",[],[],[],https://pbs.twimg.com/profile_images/1390264140908748806/I8nxLuzB_normal.jpg,https://twitter.com/blackorbird/status/1742737992018747498,tweet_id:1742737992018747498
blackorbird,@blackorbird,2024-04-17T10:58:08.000Z,True,"APT44: Unearthing #Sandworm Group
pdf:https://github.com/blackorbird/APT_REPORT/blob/master/Sandworm/apt44-unearthing-sandworm.pdf…IOCs:https://virustotal.com/gui/collection/0bd93a520cae1fd917441e6e54ff263c88069ac5a7f8b9e55ef99cd961b6a1c7/iocs…",0,3,3,388,['#Sandworm'],[],[],https://pbs.twimg.com/profile_images/1390264140908748806/I8nxLuzB_normal.jpg,https://twitter.com/blackorbird/status/1780551311240634784,tweet_id:1780551311240634784
blackorbird,@blackorbird,2024-04-17T01:03:25.000Z,True,Mark,0,1,2,"2,023",[],[],[],https://pbs.twimg.com/profile_images/1390264140908748806/I8nxLuzB_normal.jpg,https://twitter.com/blackorbird/status/1780401647350632680,tweet_id:1780401647350632680
blackorbird,@blackorbird,2024-04-15T08:03:57.000Z,True,The Annual Threat Assessment 2024https://github.com/blackorbird/APT_REPORT/blob/master/summary/2024/Norma%2BCyber%2BAnnual%2BThreat%2BAssessment%2B-%2BSpreads.pdf…,0,39,111,"8,173",[],[],[],https://pbs.twimg.com/profile_images/1390264140908748806/I8nxLuzB_normal.jpg,https://twitter.com/blackorbird/status/1779782701131919637,tweet_id:1779782701131919637
blackorbird,@blackorbird,2024-04-13T04:00:30.000Z,True,"Zero-Day Exploitation of Unauthenticated Remote Code Execution Vulnerability in GlobalProtect (CVE-2024-3400)

172.233.228[.]93https://volexity.com/blog/2024/04/12/zero-day-exploitation-of-unauthenticated-remote-code-execution-vulnerability-in-globalprotect-cve-2024-3400/…",10,172,464,4.7万,[],[],[],https://pbs.twimg.com/profile_images/1390264140908748806/I8nxLuzB_normal.jpg,https://twitter.com/blackorbird/status/1778996658845724854,tweet_id:1778996658845724854
blackorbird,@blackorbird,2024-04-15T07:54:47.000Z,True,Update:https://unit42.paloaltonetworks.com/cve-2024-3400/,0,0,1,"1,573",[],[],[],https://pbs.twimg.com/profile_images/1390264140908748806/I8nxLuzB_normal.jpg,https://twitter.com/blackorbird/status/1779780394755535235,tweet_id:1779780394755535235
blackorbird,@blackorbird,2024-04-12T15:13:21.000Z,True,XZ backdoor story – Initial analysishttps://securelist.com/xz-backdoor-story-part-1/112354/…,1,27,85,"6,729",[],[],[],https://pbs.twimg.com/profile_images/1390264140908748806/I8nxLuzB_normal.jpg,https://twitter.com/blackorbird/status/1778803598673260747,tweet_id:1778803598673260747
blackorbird,@blackorbird,2024-04-12T15:19:01.000Z,True,,0,1,3,"1,081",[],[],[],https://pbs.twimg.com/profile_images/1390264140908748806/I8nxLuzB_normal.jpg,https://twitter.com/blackorbird/status/1778805024229114057,tweet_id:1778805024229114057
blackorbird,@blackorbird,2024-04-11T05:13:47.000Z,True,Starry Addax targets human rights defenders in North Africa with new malwarehttps://blog.talosintelligence.com/starry-addax/,2,3,4,"2,354",[],[],[],https://pbs.twimg.com/profile_images/1390264140908748806/I8nxLuzB_normal.jpg,https://twitter.com/blackorbird/status/1778290325171376309,tweet_id:1778290325171376309
blackorbird,@blackorbird,2024-04-08T06:08:43.000Z,True,Command Injection and Backdoor Account in D-Link NAS Deviceshttps://github.com/netsecfish/dlink…,2,9,18,"4,884",[],[],[],https://pbs.twimg.com/profile_images/1390264140908748806/I8nxLuzB_normal.jpg,https://twitter.com/blackorbird/status/1777216988982685842,tweet_id:1777216988982685842
blackorbird,@blackorbird,2024-04-05T07:59:47.000Z,True,APT #Sidewinder C2: NGINX response is fingerprint-ablehttps://blog.strikeready.com/blog/rattling-the-cage-of-a-sidewinder/…,1,23,59,"6,561",['#Sidewinder'],[],[],https://pbs.twimg.com/profile_images/1390264140908748806/I8nxLuzB_normal.jpg,https://twitter.com/blackorbird/status/1776157773702578366,tweet_id:1776157773702578366
blackorbird,@blackorbird,2024-04-01T06:14:01.000Z,True,https://rheaeve.substack.com/p/xz-backdoor-times-damned-times-and…,0,3,7,"1,964",[],[],[],https://pbs.twimg.com/profile_images/1390264140908748806/I8nxLuzB_normal.jpg,https://twitter.com/blackorbird/status/1774681605619232778,tweet_id:1774681605619232778
blackorbird,@blackorbird,2024-04-01T03:07:06.000Z,True,How APT groups operate in the Middle Easthttps://ptsecurity.com/ww-en/analytics/apt-groups-in-the-middle-east/…,0,27,74,"9,141",[],[],[],https://pbs.twimg.com/profile_images/1390264140908748806/I8nxLuzB_normal.jpg,https://twitter.com/blackorbird/status/1774634567842029872,tweet_id:1774634567842029872
Marius 'f0wL' Genheimer,@f0wlsec,2024-03-29T21:29:32.000Z,True,"Re: the #xz #backdoorLooks like hansjans162 (hansjansen162[@]outlook[.]com) may be an alter ego OR accomplice of JiaT75 (jiat0218[@]gmail[.]com).

e.g. burying a merge request in a bunch of similar requests for gameshttps://salsa.debian.org/users/hjansen/activity…",6,79,353,9.2万,"['#xz', '#backdoor']",[],[],https://pbs.twimg.com/profile_images/1261445803236786182/8juznqoW_normal.jpg,https://twitter.com/f0wlsec/status/1773824841331740708,tweet_id:1773824841331740708
blackorbird,@blackorbird,2024-03-31T02:02:49.000Z,True,"According to the updated time zone, It may be a national APT Group.",0,7,34,1万,[],[],[],https://pbs.twimg.com/profile_images/1390264140908748806/I8nxLuzB_normal.jpg,https://twitter.com/blackorbird/status/1774256002348757307,tweet_id:1774256002348757307
blackorbird,@blackorbird,2024-03-28T02:17:58.000Z,True,A review of zero-day in-the-wild exploits in 2023https://github.com/blackorbird/APT_REPORT/blob/master/summary/2024/Year_in_Review_of_ZeroDays.pdf…,0,7,34,"4,055",[],[],[],https://pbs.twimg.com/profile_images/1390264140908748806/I8nxLuzB_normal.jpg,https://twitter.com/blackorbird/status/1773172649747005936,tweet_id:1773172649747005936
blackorbird,@blackorbird,2024-03-28T01:53:58.000Z,True,Operation FlightNight: Indian Government Entities and Energy Sector Targeted by Cyber Espionage Campaignhttps://blog.eclecticiq.com/operation-flightnight-indian-government-entities-and-energy-sector-targeted-by-cyber-espionage-campaign…,0,9,23,"5,127",[],[],[],https://pbs.twimg.com/profile_images/1390264140908748806/I8nxLuzB_normal.jpg,https://twitter.com/blackorbird/status/1773166612771733943,tweet_id:1773166612771733943
blackorbird,@blackorbird,2024-03-27T03:12:21.000Z,True,"#APT37 LNK -> Pcloud -> Gmail -> APK
--wwjaughalvncjwiajs--https://genians.co.kr/blog/threat_intelligence/rokrat…",0,23,53,"6,703",['#APT37'],[],[],https://pbs.twimg.com/profile_images/1390264140908748806/I8nxLuzB_normal.jpg,https://twitter.com/blackorbird/status/1772823947765227991,tweet_id:1772823947765227991
blackorbird,@blackorbird,2024-03-26T03:01:45.000Z,True,About how to detect Pegasus and other spyware on iOS device.https://group-ib.com/blog/pegasus-spyware/…,3,20,90,"8,408",[],[],[],https://pbs.twimg.com/profile_images/1390264140908748806/I8nxLuzB_normal.jpg,https://twitter.com/blackorbird/status/1772458893953634625,tweet_id:1772458893953634625
blackorbird,@blackorbird,2024-03-25T03:28:40.000Z,True,APT33 send a command to the backdoor in real time using SignalR.https://unit42.paloaltonetworks.com/curious-serpens-falsefont-backdoor/…,4,51,152,1.6万,[],[],[],https://pbs.twimg.com/profile_images/1390264140908748806/I8nxLuzB_normal.jpg,https://twitter.com/blackorbird/status/1772103278056399058,tweet_id:1772103278056399058
blackorbird,@blackorbird,2024-03-25T03:05:57.000Z,True,2023 Annual Report From rfhttps://github.com/blackorbird/APT_REPORT/blob/master/summary/2024/Recordedfuture%202023%20Annual%20Report%20ta-2024-0321.pdf…,3,8,27,"4,271",[],[],[],https://pbs.twimg.com/profile_images/1390264140908748806/I8nxLuzB_normal.jpg,https://twitter.com/blackorbird/status/1772097561358442785,tweet_id:1772097561358442785
blackorbird,@blackorbird,2024-03-21T07:06:14.000Z,True,#kimsuky1q2w3e4rhttps://asec-ahnlab-com.translate.goog/ko/62117/?_x_tr_sl=auto&_x_tr_tl=en&_x_tr_hl=en&_x_tr_pto=wapp…,0,5,28,"3,311",['#kimsuky'],[],[],https://pbs.twimg.com/profile_images/1390264140908748806/I8nxLuzB_normal.jpg,https://twitter.com/blackorbird/status/1770708478908141762,tweet_id:1770708478908141762
blackorbird,@blackorbird,2024-03-21T07:00:15.000Z,True,SmokeLoader IOCs listhttps://github.com/blackorbird/APT_REPORT/blob/master/cybercrime/SmokeLoader/UAC0006_FC.pdf.pdf…,0,10,23,"3,083",[],[],[],https://pbs.twimg.com/profile_images/1390264140908748806/I8nxLuzB_normal.jpg,https://twitter.com/blackorbird/status/1770706975912800490,tweet_id:1770706975912800490
blackorbird,@blackorbird,2024-03-21T03:36:04.000Z,True,#Kimsukydropbox+lnkhttps://securonix.com/blog/securonix-threat-research-security-advisory-new-deepgosu-attack-campaign/…,0,13,35,"3,570",['#Kimsuky'],[],[],https://pbs.twimg.com/profile_images/1390264140908748806/I8nxLuzB_normal.jpg,https://twitter.com/blackorbird/status/1770655590454538704,tweet_id:1770655590454538704
blackorbird,@blackorbird,2024-03-18T09:32:36.000Z,True,#Oceanlotushttps://github.com/blackorbird/APT_REPORT/blob/master/summary/2024/2023%20APT%20Attack%20Risk%20Annual%20Report.pdf…,0,13,45,"5,865",['#Oceanlotus'],[],[],https://pbs.twimg.com/profile_images/1390264140908748806/I8nxLuzB_normal.jpg,https://twitter.com/blackorbird/status/1769658153032094176,tweet_id:1769658153032094176
blackorbird,@blackorbird,2024-03-15T10:18:33.000Z,True,notepad++ malware again https://securelist.com/trojanized-text-editor-apps/112167/…,2,33,76,"8,291",[],[],[],https://pbs.twimg.com/profile_images/1390264140908748806/I8nxLuzB_normal.jpg,https://twitter.com/blackorbird/status/1768582553051816289,tweet_id:1768582553051816289
blackorbird,@blackorbird,2024-03-13T06:22:50.000Z,True,Study of a targeted attack on a Russian enterprise in the mechanical-engineering sectorhttps://github.com/blackorbird/APT_REPORT/blob/master/UNC****/NoName/study_of_a_targeted_attack_on_a_russian_enterprise_in_the_mechanical_engineering_sector_en.pdf…,2,10,29,"3,609",[],[],[],https://pbs.twimg.com/profile_images/1390264140908748806/I8nxLuzB_normal.jpg,https://twitter.com/blackorbird/status/1767798455400006065,tweet_id:1767798455400006065
blackorbird,@blackorbird,2024-03-13T03:16:49.000Z,True,#Andariel Install with MeshAgent on remote devices#Lazarushttps://asec.ahnlab.com/ko/62771/https://asec-ahnlab-com.translate.goog/ko/62771/?_x_tr_sl=auto&_x_tr_tl=en&_x_tr_hl=en&_x_tr_pto=wapp…,0,18,44,"4,792","['#Andariel', '#Lazarus']",[],[],https://pbs.twimg.com/profile_images/1390264140908748806/I8nxLuzB_normal.jpg,https://twitter.com/blackorbird/status/1767751643632906589,tweet_id:1767751643632906589
blackorbird,@blackorbird,2024-03-09T12:27:55.000Z,True,"APT29 -> Microsoft

""This has included access to some of the company’s source code repositories and internal systems.""https://msrc.microsoft.com/blog/2024/03/update-on-microsoft-actions-following-attack-by-nation-state-actor-midnight-blizzard/… https://pic.twitter.com/g4kJPNC1jj",1,32,91,"9,944",[],[],[],https://pbs.twimg.com/profile_images/1390264140908748806/I8nxLuzB_normal.jpg,https://twitter.com/blackorbird/status/1766440781508931955,tweet_id:1766440781508931955
blackorbird,@blackorbird,2024-03-06T01:59:23.000Z,True,"#Kimsuky  CVE-2024-1709 + CVE-2024-1708
ConnectWise ScreenConnect Vulnerability Exploited to Deploy BABYSHARK Varianthttps://kroll.com/en/insights/publications/cyber/screenconnect-vulnerability-exploited-to-deploy-babyshark…",1,23,54,1.1万,['#Kimsuky'],[],[],https://pbs.twimg.com/profile_images/1390264140908748806/I8nxLuzB_normal.jpg,https://twitter.com/blackorbird/status/1765195442835382433,tweet_id:1765195442835382433
blackorbird,@blackorbird,2024-03-05T06:40:14.000Z,True,Predator spyware IOCs update more morehttps://github.com/blackorbird/APT_REPORT/blob/master/Intellexa/Predator%20Files/Predator%20Spyware%20Operators%20Rebuild%20Multi-Tier%20Infrastructure%20to%20Target%20Mobile%20Devices.pdf…,0,38,131,2.3万,[],[],[],https://pbs.twimg.com/profile_images/1390264140908748806/I8nxLuzB_normal.jpg,https://twitter.com/blackorbird/status/1764903730099650884,tweet_id:1764903730099650884
blackorbird,@blackorbird,2024-03-04T03:15:06.000Z,True,Predator spyware domain updatehttps://blog.sekoia.io/the-predator-spyware-ecosystem-is-not-dead/…,1,29,103,3.8万,[],[],[],https://pbs.twimg.com/profile_images/1390264140908748806/I8nxLuzB_normal.jpg,https://twitter.com/blackorbird/status/1764489720036503670,tweet_id:1764489720036503670
blackorbird,@blackorbird,2024-02-29T09:16:01.000Z,True,"#Lazarus Malicious PyPI Packages
pycryptoenv
pycryptoconf
quasarlib
swapmempoolhttps://blogs.jpcert.or.jp/en/2024/02/lazarus_pypi.html…",0,25,63,"6,171",['#Lazarus'],[],[],https://pbs.twimg.com/profile_images/1390264140908748806/I8nxLuzB_normal.jpg,https://twitter.com/blackorbird/status/1763130995753296264,tweet_id:1763130995753296264
blackorbird,@blackorbird,2024-02-29T08:02:23.000Z,True,"#Lazarus exploited a flaw in the Windows AppLocker driver (appid.sys) as a zero-day to gain kernel-level access and turn off security tools.CVE-2024-21338
Beyond BYOVD with an Admin-to-Kernel Zero-Dayhttps://decoded.avast.io/janvojtesek/lazarus-and-the-fudmodule-rootkit-beyond-byovd-with-an-admin-to-kernel-zero-day/…",7,189,504,11万,['#Lazarus'],[],[],https://pbs.twimg.com/profile_images/1390264140908748806/I8nxLuzB_normal.jpg,https://twitter.com/blackorbird/status/1763112467654414386,tweet_id:1763112467654414386
blackorbird,@blackorbird,2024-02-28T07:49:43.000Z,True,"Cyber Threat Overview 2023
from French National Cyber Security Agencyhttps://github.com/blackorbird/APT_REPORT/blob/master/summary/2024/CERTFR-2024-CTI-002.pdf…",1,11,25,"4,900",[],[],[],https://pbs.twimg.com/profile_images/1390264140908748806/I8nxLuzB_normal.jpg,https://twitter.com/blackorbird/status/1762746891861885048,tweet_id:1762746891861885048
blackorbird,@blackorbird,2024-02-26T03:15:42.000Z,True,"#Turla C2 server
Reverse SOCKS proxy connection to the C2 using the configuration: R:5000:sockshttps://blog.talosintelligence.com/tinyturla-ng-tooling-and-c2/…",0,54,141,1.4万,['#Turla'],[],[],https://pbs.twimg.com/profile_images/1390264140908748806/I8nxLuzB_normal.jpg,https://twitter.com/blackorbird/status/1761953153896120414,tweet_id:1761953153896120414
blackorbird,@blackorbird,2024-02-21T10:02:22.000Z,True,2024 unit42 incident response reporthttps://github.com/blackorbird/APT_REPORT/blob/master/summary/2024/2024-unit42-incident-response-report_compressed.pdf…,0,30,113,1.4万,[],[],[],https://pbs.twimg.com/profile_images/1390264140908748806/I8nxLuzB_normal.jpg,https://twitter.com/blackorbird/status/1760243558597222543,tweet_id:1760243558597222543
blackorbird,@blackorbird,2024-02-20T07:39:43.000Z,True,APT Group Winter Vivern 's C2 signaturehttps://github.com/blackorbird/APT_REPORT/tree/master/Winter%20Vivern…,0,44,111,1.1万,[],[],[],https://pbs.twimg.com/profile_images/1390264140908748806/I8nxLuzB_normal.jpg,https://twitter.com/blackorbird/status/1759845271725568426,tweet_id:1759845271725568426
blackorbird,@blackorbird,2024-02-20T01:48:01.000Z,True,,0,0,7,"3,404",[],[],['\\U0001f602'],https://pbs.twimg.com/profile_images/1390264140908748806/I8nxLuzB_normal.jpg,https://twitter.com/blackorbird/status/1759756763006672925,tweet_id:1759756763006672925
blackorbird,@blackorbird,2024-02-19T04:31:07.000Z,True,The biggest leaks of 2024,1,4,16,1.5万,[],[],[],https://pbs.twimg.com/profile_images/1390264140908748806/I8nxLuzB_normal.jpg,https://twitter.com/blackorbird/status/1759435419010420948,tweet_id:1759435419010420948
blackorbird,@blackorbird,2024-02-17T10:47:59.000Z,True,OMG,4,2,6,2.1万,[],[],[],https://pbs.twimg.com/profile_images/1390264140908748806/I8nxLuzB_normal.jpg,https://twitter.com/blackorbird/status/1758805484415725667,tweet_id:1758805484415725667
blackorbird,@blackorbird,2024-02-15T08:38:19.000Z,True,"About CharmingCypress/Charming Kitten/APT42/TA453
2023-2024",2,21,44,"6,200",[],[],[],https://pbs.twimg.com/profile_images/1390264140908748806/I8nxLuzB_normal.jpg,https://twitter.com/blackorbird/status/1758048077624287418,tweet_id:1758048077624287418
blackorbird,@blackorbird,2024-02-04T07:19:29.000Z,True,"APT Group #VajraEleph Update, But the network infrastructure has been replaced.https://welivesecurity.com/en/eset-research/vajraspy-patchwork-espionage-apps/…",0,17,42,"7,614",['#VajraEleph'],[],[],https://pbs.twimg.com/profile_images/1390264140908748806/I8nxLuzB_normal.jpg,https://twitter.com/blackorbird/status/1754041974620107100,tweet_id:1754041974620107100
blackorbird,@blackorbird,2024-02-02T05:13:52.000Z,True,2023 APT Reporthttps://github.com/blackorbird/APT_REPORT/blob/master/summary/2024/Qianxin%202023%20APT%20Report.pdf…,1,22,32,"9,256",[],[],[],https://pbs.twimg.com/profile_images/1390264140908748806/I8nxLuzB_normal.jpg,https://twitter.com/blackorbird/status/1753285585543082418,tweet_id:1753285585543082418
blackorbird,@blackorbird,2024-01-30T08:20:10.000Z,True,"2023 APT RESEARCH REPORT
A new APT Group also appeared in this report called APT-C-57
ref:https://github.com/blackorbird/APT_REPORT/blob/master/summary/2024/2023%20RESEARCH%20REPORT.pdf…",1,85,207,1.9万,[],[],[],https://pbs.twimg.com/profile_images/1390264140908748806/I8nxLuzB_normal.jpg,https://twitter.com/blackorbird/status/1752245302931902911,tweet_id:1752245302931902911
blackorbird,@blackorbird,2024-01-30T03:16:45.000Z,True,"Yearly Intel Trend Review: 2023
About ransomware groupshttps://redsense.com/publications/yearly-intel-trend-review-2023/…",1,12,31,"4,200",[],[],[],https://pbs.twimg.com/profile_images/1390264140908748806/I8nxLuzB_normal.jpg,https://twitter.com/blackorbird/status/1752168947116630058,tweet_id:1752168947116630058
blackorbird,@blackorbird,2024-01-29T08:55:30.000Z,True,"Ransomware Annual Report 2023 
1. Symantechttps://github.com/blackorbird/APT_REPORT/blob/master/summary/2024/Symantec_Ransomware_Threat_Landscape_2024.pdf…2. GRIThttps://github.com/blackorbird/APT_REPORT/blob/master/summary/2024/GRIT_Ransomware_Annual_Report_2023.pdf…",0,22,52,"6,187",[],[],[],https://pbs.twimg.com/profile_images/1390264140908748806/I8nxLuzB_normal.jpg,https://twitter.com/blackorbird/status/1751891809075417521,tweet_id:1751891809075417521
blackorbird,@blackorbird,2024-01-29T08:44:22.000Z,True,2023 Network Vulnerability Situation Research Reporthttps://github.com/blackorbird/APT_REPORT/blob/master/summary/2024/2023%20Network%20Vulnerability%20Situation%20Research%20Report.pdf…,0,3,6,"2,353",[],[],[],https://pbs.twimg.com/profile_images/1390264140908748806/I8nxLuzB_normal.jpg,https://twitter.com/blackorbird/status/1751889009142563054,tweet_id:1751889009142563054
blackorbird,@blackorbird,2024-01-29T06:52:23.000Z,True,Deep Dive into NXDOMAIN Data in China,0,3,7,"2,785",[],[],[],https://pbs.twimg.com/profile_images/1390264140908748806/I8nxLuzB_normal.jpg,https://twitter.com/blackorbird/status/1751860823616819612,tweet_id:1751860823616819612
blackorbird,@blackorbird,2024-01-26T02:24:01.000Z,True,This Operation exists from beginning to end and cannot be eliminatedhttps://welivesecurity.com/en/eset-research/nspx30-sophisticated-aitm-enabled-implant-evolving-since-2005/…,0,2,10,"2,830",[],[],[],https://pbs.twimg.com/profile_images/1390264140908748806/I8nxLuzB_normal.jpg,https://twitter.com/blackorbird/status/1750706124117152127,tweet_id:1750706124117152127
blackorbird,@blackorbird,2022-10-13T02:26:33.000Z,True,"Lazarus Group Uses the DLL Side-Loading Technique 
wsmprovhost.exe + mi.dllhttps://asec.ahnlab.com/en/39828/",1,32,87,0,[],[],[],https://pbs.twimg.com/profile_images/1390264140908748806/I8nxLuzB_normal.jpg,https://twitter.com/blackorbird/status/1580384466526408704,tweet_id:1580384466526408704
blackorbird,@blackorbird,2024-01-25T09:26:36.000Z,True,wmiapsrv.exe + wbemcomn.dll -> netutils.dll #Lazarushttps://asec.ahnlab.com/en/60792/,0,1,3,"1,163",['#Lazarus'],[],[],https://pbs.twimg.com/profile_images/1390264140908748806/I8nxLuzB_normal.jpg,https://twitter.com/blackorbird/status/1750450082972094762,tweet_id:1750450082972094762
blackorbird,@blackorbird,2024-01-25T07:36:20.000Z,True,#Darkhotel #Oceanlotus #Patchworkref:https://github.com/blackorbird/APT_REPORT/blob/master/summary/2024/2023-ThreatBook-CTI-APT-Analysis-Report.pdf…,0,20,50,"5,171","['#Darkhotel', '#Oceanlotus', '#Patchwork']",[],[],https://pbs.twimg.com/profile_images/1390264140908748806/I8nxLuzB_normal.jpg,https://twitter.com/blackorbird/status/1750422332529860810,tweet_id:1750422332529860810
blackorbird,@blackorbird,2024-01-25T06:44:23.000Z,True,"Proliferation diagram after ransomware source code leaks
ref:https://github.com/blackorbird/APT_REPORT/blob/master/summary/2024/2023-ThreatBook-Incident-Response-Annual-Report_cn.pdf…",0,14,34,"4,189",[],[],[],https://pbs.twimg.com/profile_images/1390264140908748806/I8nxLuzB_normal.jpg,https://twitter.com/blackorbird/status/1750409261321179530,tweet_id:1750409261321179530
blackorbird,@blackorbird,2024-01-24T08:18:23.000Z,True,#APT37 ScarCruft Attackers Gather Strategic Intelligence and Target Cybersecurity Professionalshttps://sentinelone.com/labs/a-glimpse-into-future-scarcruft-campaigns-attackers-gather-strategic-intelligence-and-target-cybersecurity-professionals/…,0,19,46,"5,282",['#APT37'],[],[],https://pbs.twimg.com/profile_images/1390264140908748806/I8nxLuzB_normal.jpg,https://twitter.com/blackorbird/status/1750070529456030088,tweet_id:1750070529456030088
blackorbird,@blackorbird,2024-01-24T05:15:09.000Z,True,#Darkgate Malware Analysishttps://medium.com/s2wblog/detailed-analysis-of-darkgate-investigating-new-top-trend-backdoor-malware-0545ecf5f606…An Analysis of the DarkGate AutoIt Loaderhttps://splunk.com/en_us/blog/security/enter-the-gates-an-analysis-of-the-darkgate-autoit-loader.html…DarkGate malware campaignhttps://labs.withsecure.com/publications/darkgate-malware-campaign…,0,17,40,"4,995",['#Darkgate'],[],[],https://pbs.twimg.com/profile_images/1390264140908748806/I8nxLuzB_normal.jpg,https://twitter.com/blackorbird/status/1750024417609228522,tweet_id:1750024417609228522
blackorbird,@blackorbird,2024-01-29T06:52:23.000Z,True,Deep Dive into NXDOMAIN Data in China,0,3,7,"2,785",[],[],[],https://pbs.twimg.com/profile_images/1390264140908748806/I8nxLuzB_normal.jpg,https://twitter.com/blackorbird/status/1751860823616819612,tweet_id:1751860823616819612
blackorbird,@blackorbird,2024-01-26T02:24:01.000Z,True,This Operation exists from beginning to end and cannot be eliminatedhttps://welivesecurity.com/en/eset-research/nspx30-sophisticated-aitm-enabled-implant-evolving-since-2005/…,0,2,10,"2,830",[],[],[],https://pbs.twimg.com/profile_images/1390264140908748806/I8nxLuzB_normal.jpg,https://twitter.com/blackorbird/status/1750706124117152127,tweet_id:1750706124117152127
blackorbird,@blackorbird,2024-01-04T02:39:54.000Z,True,"The Mac Malware of 2023https://github.com/blackorbird/APT_REPORT/blob/master/summary/2024/MacMalware_2023.pdf…ref:https://objective-see.org/blog/blog_0x77.html…Mac Malware Collectionhttps://objective-see.org/malware.htmlNice Book
The Art Of Mac Malwarehttps://taomm.orghttps://taomm.org/vol1/pdfs/FrontMatter.pdf…",1,42,98,1万,[],[],[],https://pbs.twimg.com/profile_images/1390264140908748806/I8nxLuzB_normal.jpg,https://twitter.com/blackorbird/status/1742737589009002789,tweet_id:1742737589009002789
blackorbird,@blackorbird,2024-01-04T02:41:30.000Z,True,2024 Threat summary report Collection (updating).https://github.com/blackorbird/APT_REPORT/tree/master/summary/2024…,1,4,15,"7,552",[],[],[],https://pbs.twimg.com/profile_images/1390264140908748806/I8nxLuzB_normal.jpg,https://twitter.com/blackorbird/status/1742737992018747498,tweet_id:1742737992018747498
blackorbird,@blackorbird,2024-01-24T02:31:12.000Z,True,2023 internet exploitation retrospective reporthttps://github.com/blackorbird/APT_REPORT/blob/master/summary/2024/GreyNoise_2023-internet-exploitation-retrospective-report.pdf…,0,0,4,"1,186",[],[],[],https://pbs.twimg.com/profile_images/1390264140908748806/I8nxLuzB_normal.jpg,https://twitter.com/blackorbird/status/1749983157473132846,tweet_id:1749983157473132846
blackorbird,@blackorbird,2024-01-23T04:54:30.000Z,True,#APT29 + Teamcityhttps://fortinet.com/blog/threat-research/teamcity-intrusion-saga-apt29-suspected-exploiting-cve-2023-42793…,0,21,56,"8,635",['#APT29'],[],[],https://pbs.twimg.com/profile_images/1390264140908748806/I8nxLuzB_normal.jpg,https://twitter.com/blackorbird/status/1749656832166318099,tweet_id:1749656832166318099
blackorbird,@blackorbird,2024-01-18T03:10:28.000Z,True,"Bigpanzi Exposed: The Hidden Cyber Threat Behind Your Set-Top Box
170,000 daily active bots, predominantly in Brazil",0,2,7,"2,766",[],[],[],https://pbs.twimg.com/profile_images/1390264140908748806/I8nxLuzB_normal.jpg,https://twitter.com/blackorbird/status/1747818713703956600,tweet_id:1747818713703956600
blackorbird,@blackorbird,2024-01-15T05:40:06.000Z,True,2023 Adversary Infrastructure Reporthttps://github.com/blackorbird/APT_REPORT/blob/master/summary/2024/2023%20Adversary%20Infrastructure%20Report%20.pdf…,0,13,45,"6,616",[],[],[],https://pbs.twimg.com/profile_images/1390264140908748806/I8nxLuzB_normal.jpg,https://twitter.com/blackorbird/status/1746769203615649943,tweet_id:1746769203615649943
blackorbird,@blackorbird,2024-01-15T03:32:57.000Z,True,"Clearing the Fog of War 
A Critical Analysis of Recent Energy Sector Attacks in Denmark and Ukrainehttps://github.com/blackorbird/APT_REPORT/blob/master/Sandworm/Clearing%20the%20Fog%20of%20War%20A%20Critical%20Analysis%20of%20Recent%20Energy%20Sector%20Attacks%20in%20Denmark%20and%20Ukraine.pdf…",0,19,62,"7,955",[],[],[],https://pbs.twimg.com/profile_images/1390264140908748806/I8nxLuzB_normal.jpg,https://twitter.com/blackorbird/status/1746737206952395034,tweet_id:1746737206952395034
blackorbird,@blackorbird,2024-01-12T02:27:28.000Z,True,Rimasuta New Variant Switches to ChaCha20 Encryption Algorithmhttps://blog.xlab.qianxin.com/rimasuta-new-variant-switches-to-chacha20-encryption-en/…,0,5,14,"6,655",[],[],[],https://pbs.twimg.com/profile_images/1390264140908748806/I8nxLuzB_normal.jpg,https://twitter.com/blackorbird/status/1745633564908240969,tweet_id:1745633564908240969
blackorbird,@blackorbird,2024-01-11T07:42:03.000Z,True,APT Group Seaturtle Update #ThreatHunting1.https://huntandhackett.com/blog/turkish-espionage-campaigns…2.https://blog.strikeready.com/blog/pivoting-through-a-sea-of-indicators-to-spot-turtles/…,0,19,43,"5,473",['#ThreatHunting'],[],[],https://pbs.twimg.com/profile_images/1390264140908748806/I8nxLuzB_normal.jpg,https://twitter.com/blackorbird/status/1745350344052462070,tweet_id:1745350344052462070
blackorbird,@blackorbird,2024-01-11T06:41:16.000Z,True,"About #Lazarus 2023 AML Annual Report
""They often use European and Turkish identities for disguise.""https://github.com/blackorbird/APT_REPORT/blob/master/summary/2024/2023-Blockchain-Security-and-AML-Annual-Report(EN).pdf…",0,53,135,2.2万,['#Lazarus'],[],[],https://pbs.twimg.com/profile_images/1390264140908748806/I8nxLuzB_normal.jpg,https://twitter.com/blackorbird/status/1745335045001445739,tweet_id:1745335045001445739
blackorbird,@blackorbird,2024-01-03T07:10:43.000Z,True,First Step:Reinstall All system,0,2,5,"3,455",[],[],[],https://pbs.twimg.com/profile_images/1390264140908748806/I8nxLuzB_normal.jpg,https://twitter.com/blackorbird/status/1742443356561797391,tweet_id:1742443356561797391
blackorbird,@blackorbird,2024-01-02T10:55:25.000Z,True,#APT28https://cert.gov.ua/article/6276894,0,24,55,"7,496",['#APT28'],[],[],https://pbs.twimg.com/profile_images/1390264140908748806/I8nxLuzB_normal.jpg,https://twitter.com/blackorbird/status/1742137512636612898,tweet_id:1742137512636612898
blackorbird,@blackorbird,2024-01-02T06:10:33.000Z,True,A new ultra-large-scale grouped Mirai variant botnet TBOThttps://blog-xlab-qianxin-com.translate.goog/mirai-tbot/?_x_tr_sl=zh-CN&_x_tr_tl=en&_x_tr_hl=en…,0,5,8,"2,978",[],[],[],https://pbs.twimg.com/profile_images/1390264140908748806/I8nxLuzB_normal.jpg,https://twitter.com/blackorbird/status/1742065825828520286,tweet_id:1742065825828520286
blackorbird,@blackorbird,2023-12-31T06:12:39.000Z,True,#Predator Files: How European spyware threatens civil society around the worldhttps://media.ccc.de/v/37c3-12168-predator_files_how_european_spyware_threatens_civil_society_around_the_world…,1,39,135,3万,['#Predator'],[],[],https://pbs.twimg.com/profile_images/1390264140908748806/I8nxLuzB_normal.jpg,https://twitter.com/blackorbird/status/1741341579275870346,tweet_id:1741341579275870346
blackorbird,@blackorbird,2023-12-29T03:54:20.000Z,True,"APT37/Group123 + LNK、HWP、HWPX、XLSX、DOCX
CVE-2022-41128https://github.com/blackorbird/APT_REPORT/blob/master/group123/20231229_threat_inteligence_report_market.pdf…",0,57,137,1.3万,[],[],[],https://pbs.twimg.com/profile_images/1390264140908748806/I8nxLuzB_normal.jpg,https://twitter.com/blackorbird/status/1740581993757417697,tweet_id:1740581993757417697
blackorbird,@blackorbird,2023-12-28T01:44:35.000Z,True,"Operation Triangulation: The last (hardware) mystery

The mystery and the CVE-2023-38606 vulnerability/Technical detailshttps://securelist.com/operation-triangulation-the-last-hardware-mystery/111669/…",2,37,115,1.1万,[],[],[],https://pbs.twimg.com/profile_images/1390264140908748806/I8nxLuzB_normal.jpg,https://twitter.com/blackorbird/status/1740186952434086201,tweet_id:1740186952434086201
blackorbird,@blackorbird,2023-12-28T09:23:01.000Z,True,vedio,0,2,4,"1,449",[],[],[],https://pbs.twimg.com/profile_images/1390264140908748806/I8nxLuzB_normal.jpg,https://twitter.com/blackorbird/status/1740302320603406384,tweet_id:1740302320603406384
blackorbird,@blackorbird,2023-12-23T09:53:29.000Z,True,Mark,0,2,10,"3,213",[],[],[],https://pbs.twimg.com/profile_images/1390264140908748806/I8nxLuzB_normal.jpg,https://twitter.com/blackorbird/status/1738498051172696387,tweet_id:1738498051172696387
blackorbird,@blackorbird,2023-12-22T02:40:27.000Z,True,"#LazarusFake GitHub Operation
Their level of activity on Github is truly impressive.https://unit42.paloaltonetworks.com/two-campaigns-by-north-korea-bad-actors-target-job-hunters/…",0,23,70,"6,924",['#Lazarus'],[],[],https://pbs.twimg.com/profile_images/1390264140908748806/I8nxLuzB_normal.jpg,https://twitter.com/blackorbird/status/1738026685688434745,tweet_id:1738026685688434745
blackorbird,@blackorbird,2023-01-05T06:59:29.000Z,True,2023 Threat summary report Collection (updating).https://github.com/blackorbird/APT_REPORT/tree/master/summary/2023…,6,24,73,2.6万,[],[],[],https://pbs.twimg.com/profile_images/1390264140908748806/I8nxLuzB_normal.jpg,https://twitter.com/blackorbird/status/1610893733708562434,tweet_id:1610893733708562434
blackorbird,@blackorbird,2023-12-21T02:32:33.000Z,True,NSA 2023 CYBERSECURITY YEAR IN REVIEWhttps://github.com/blackorbird/APT_REPORT/blob/master/summary/2023/NSA%202023%20CYBERSECURITY%20YEAR%20IN%20REVIEW.PDF…,0,1,3,"1,160",[],[],[],https://pbs.twimg.com/profile_images/1390264140908748806/I8nxLuzB_normal.jpg,https://twitter.com/blackorbird/status/1737662310272118999,tweet_id:1737662310272118999
blackorbird,@blackorbird,2023-12-20T08:53:35.000Z,True,"NKN + BotNet Attack
Unveiling NKAbuse: a new multiplatform threat abusing the NKN protocol
PS:NKN is a new kind of peer to peer network connectivity protocol and ecosystem powered by a novel public blockchain.https://securelist.com/unveiling-nkabuse/111512/…",1,13,25,"2,641",[],[],[],https://pbs.twimg.com/profile_images/1390264140908748806/I8nxLuzB_normal.jpg,https://twitter.com/blackorbird/status/1737395810663534952,tweet_id:1737395810663534952
blackorbird,@blackorbird,2023-12-19T10:32:52.000Z,True,OilRig #APT34 New downloaders https://welivesecurity.com/en/eset-research/oilrig-persistent-attacks-cloud-service-powered-downloaders/…,0,28,92,"9,573",['#APT34'],[],[],https://pbs.twimg.com/profile_images/1390264140908748806/I8nxLuzB_normal.jpg,https://twitter.com/blackorbird/status/1737058411605590061,tweet_id:1737058411605590061
blackorbird,@blackorbird,2023-12-18T07:05:47.000Z,True,"#Konni #APT37Malware Post:
alias=<computer_name>&name=<filename>&data=<filedata>https://mp.weixin.qq.com/s/bdAb1Bbgtd3amuziu2_Tsw…",0,11,20,"4,049","['#Konni', '#APT37']",[],[],https://pbs.twimg.com/profile_images/1390264140908748806/I8nxLuzB_normal.jpg,https://twitter.com/blackorbird/status/1736643909001040041,tweet_id:1736643909001040041
blackorbird,@blackorbird,2023-12-14T05:00:37.000Z,True,#APT29 modified DisableRestrictedAdmin key to enable remote connections.https://github.com/blackorbird/APT_REPORT/blob/master/APT29/aa23-347a-russian-foreign-intelligence-service-svr-exploiting-jetbrains-teamcity-cve-globally.pdf…,0,27,91,1万,['#APT29'],[],[],https://pbs.twimg.com/profile_images/1390264140908748806/I8nxLuzB_normal.jpg,https://twitter.com/blackorbird/status/1735162857137016963,tweet_id:1735162857137016963
blackorbird,@blackorbird,2023-12-13T02:21:36.000Z,True,#Lazarus targets organizations worldwide using novel Telegram-based malware written in DLanghttps://blog.talosintelligence.com/lazarus_new_rats_dlang_and_telegram/…,0,9,21,"2,450",['#Lazarus'],[],[],https://pbs.twimg.com/profile_images/1390264140908748806/I8nxLuzB_normal.jpg,https://twitter.com/blackorbird/status/1734760449856680329,tweet_id:1734760449856680329
blackorbird,@blackorbird,2023-12-12T11:58:02.000Z,True,Supply Chain Poisoning of 7ZIP on the Microsoft App Store#APThttps://ti.qianxin.com/blog/articles/UTG-Q-003-Supply-Chain-Poisoning-of-7ZIP-on-the-Microsoft-App-Store-EN/…,1,37,86,1.2万,['#APT'],[],[],https://pbs.twimg.com/profile_images/1390264140908748806/I8nxLuzB_normal.jpg,https://twitter.com/blackorbird/status/1734543126738637133,tweet_id:1734543126738637133
blackorbird,@blackorbird,2023-12-12T15:11:01.000Z,True,URL,0,1,2,"1,375",[],[],[],https://pbs.twimg.com/profile_images/1390264140908748806/I8nxLuzB_normal.jpg,https://twitter.com/blackorbird/status/1734591694707036550,tweet_id:1734591694707036550
blackorbird,@blackorbird,2023-12-08T07:15:15.000Z,True,APT28 Updatehttps://unit42.paloaltonetworks.com/russian-apt-fighting-ursa-exploits-cve-2023-233397/…,0,20,54,"7,615",[],[],[],https://pbs.twimg.com/profile_images/1390264140908748806/I8nxLuzB_normal.jpg,https://twitter.com/blackorbird/status/1733022410499391965,tweet_id:1733022410499391965
blackorbird,@blackorbird,2023-12-08T02:56:08.000Z,True,Star Blizzard/SEABORGIUM/Callisto Group/TA446/COLDRIVER/TAG-53/BlueCharliehttps://cisa.gov/news-events/cybersecurity-advisories/aa23-341a…Report on the traceability of the COLDRIVER:https://github.com/blackorbird/APT_REPORT/blob/master/Calisto/Nisos-Research-Coldriver-Group.pdf…,0,6,8,"2,101",[],[],[],https://pbs.twimg.com/profile_images/1390264140908748806/I8nxLuzB_normal.jpg,https://twitter.com/blackorbird/status/1732957202032542141,tweet_id:1732957202032542141
blackorbird,@blackorbird,2023-12-08T02:55:39.000Z,True,NPM + Lazarushttps://mp.weixin.qq.com/s/f5YE12w3x3wad5EO0EB53Q…,0,11,13,"3,081",[],[],[],https://pbs.twimg.com/profile_images/1390264140908748806/I8nxLuzB_normal.jpg,https://twitter.com/blackorbird/status/1732957079302979924,tweet_id:1732957079302979924
blackorbird,@blackorbird,2023-12-06T09:40:59.000Z,True,#APT28 OP Nday Phishing https://proofpoint.com/us/blog/threat-insight/ta422s-dedicated-exploitation-loop-same-week-after-week…,0,8,22,1万,['#APT28'],[],[],https://pbs.twimg.com/profile_images/1390264140908748806/I8nxLuzB_normal.jpg,https://twitter.com/blackorbird/status/1732334310597050750,tweet_id:1732334310597050750
blackorbird,@blackorbird,2023-12-06T08:48:09.000Z,True,Analysis of North Korean Hackers’ Targeted Phishing Scams on Telegramhttps://slowmist.medium.com/analysis-of-north-korean-hackers-targeted-phishing-scams-on-telegram-872db3f7392b…,0,11,25,"3,983",[],[],[],https://pbs.twimg.com/profile_images/1390264140908748806/I8nxLuzB_normal.jpg,https://twitter.com/blackorbird/status/1732321013902479649,tweet_id:1732321013902479649
blackorbird,@blackorbird,2023-12-06T06:37:36.000Z,True,MacOS Malware Update by #Lazarushttps://securelist.com/bluenoroff-new-macos-malware/111290/…,0,40,81,1.1万,['#Lazarus'],[],[],https://pbs.twimg.com/profile_images/1390264140908748806/I8nxLuzB_normal.jpg,https://twitter.com/blackorbird/status/1732288160598798782,tweet_id:1732288160598798782
blackorbird,@blackorbird,2023-12-06T02:46:45.000Z,True,#TealKurma malware 'SnappyTCP'https://pwc.com/gx/en/issues/cybersecurity/cyber-threat-intelligence/tortoise-and-malwahare.html…APT Group Ref(4 yrs later):https://blog.talosintelligence.com/seaturtle/,0,13,16,"8,598",['#TealKurma'],[],[],https://pbs.twimg.com/profile_images/1390264140908748806/I8nxLuzB_normal.jpg,https://twitter.com/blackorbird/status/1732230064887210206,tweet_id:1732230064887210206
blackorbird,@blackorbird,2023-12-01T07:44:36.000Z,True,North Korea’s Targeting of Cryptocurrencyhttps://github.com/blackorbird/APT_REPORT/blob/master/International%20Strategic/Korea/Crypto%20Country%20North%20Korea%E2%80%99s%20Targeting%20of%20Cryptocurrency.pdf…,0,4,8,"2,253",[],[],[],https://pbs.twimg.com/profile_images/1390264140908748806/I8nxLuzB_normal.jpg,https://twitter.com/blackorbird/status/1730493080770678808,tweet_id:1730493080770678808
blackorbird,@blackorbird,2023-12-01T06:55:03.000Z,True,"#Kimsuky uses AutoIt to create malware (RftRAT, Amadey)
Stealing RDP login credentials via malware.https://asec.ahnlab.com/ko/59460/https://asec-ahnlab-com.translate.goog/ko/59460/?_x_tr_sl=auto&_x_tr_tl=en&_x_tr_hl=en&_x_tr_pto=wapp…",0,39,89,"8,017",['#Kimsuky'],[],[],https://pbs.twimg.com/profile_images/1390264140908748806/I8nxLuzB_normal.jpg,https://twitter.com/blackorbird/status/1730480614414156036,tweet_id:1730480614414156036
blackorbird,@blackorbird,2023-11-28T02:31:28.000Z,True,#PatchWork uses the Spyder downloader to deliver the Remcos RAT #APThttps://mp.weixin.qq.com/s/cew83Kzo6omopGlPG-qgxw…https://mp-weixin-qq-com.translate.goog/s/cew83Kzo6omopGlPG-qgxw?_x_tr_sl=zh-CN&_x_tr_tl=en&_x_tr_hl=en…,1,20,49,"7,488","['#PatchWork', '#APT']",[],[],https://pbs.twimg.com/profile_images/1390264140908748806/I8nxLuzB_normal.jpg,https://twitter.com/blackorbird/status/1729327114187587854,tweet_id:1729327114187587854
blackorbird,@blackorbird,2023-11-23T13:05:30.000Z,True,#Lazarus Operation Job-Dreamer Attackhttps://unit42.paloaltonetworks.com/two-campaigns-by-north-korea-bad-actors-target-job-hunters/…,0,43,116,1.3万,['#Lazarus'],[],[],https://pbs.twimg.com/profile_images/1390264140908748806/I8nxLuzB_normal.jpg,https://twitter.com/blackorbird/status/1727674735591596136,tweet_id:1727674735591596136
Microsoft Threat Intelligence,@MsftSecIntel,2023-11-22T17:10:00.000Z,True,Microsoft has uncovered a supply chain attack by North Korean threat actor Diamond Sleet (ZINC) involving the modification of an installer file from software maker CyberLink. The payload calls back to attacker infrastructure for instructions. Learn more:,7,256,454,18万,[],[],[],https://pbs.twimg.com/profile_images/1268200269277351936/a2naHzbe_normal.png,https://twitter.com/MsftSecIntel/status/1727373881206296891,tweet_id:1727373881206296891
Mert Değirmenci,@r00tten,2023-11-22T10:22:24.000Z,False,"We discovered a DLL file, identified as hrserv.dll, which is a previously unknown web shell that has features such as custom encoding methods for client communication and in-memory execution.",1,39,107,1.6万,[],[],[],https://pbs.twimg.com/profile_images/1702321545300021248/gnb8Fdes_normal.jpg,https://twitter.com/r00tten/status/1727271303852458073,tweet_id:1727271303852458073
blackorbird,@blackorbird,2023-11-18T09:15:34.000Z,True,"Inside an Indian Hack-For-Hire Group:
Appin is considered the original hack-for-hire company in India, offering an offensive security training program alongside covert hacking operations since at least 2009.#APThttps://sentinelone.com/labs/elephant-hunting-inside-an-indian-hack-for-hire-group/…",0,23,48,1.4万,['#APT'],[],[],https://pbs.twimg.com/profile_images/1390264140908748806/I8nxLuzB_normal.jpg,https://twitter.com/blackorbird/status/1725804933424025954,tweet_id:1725804933424025954
blackorbird,@blackorbird,2023-11-17T09:06:29.000Z,True,Hunting Sandworm Team’s TTPshttps://montysecurity.medium.com/hunting-sandworm-teams-ttps-57a6fb31dd4b…,0,15,40,"6,176",[],[],[],https://pbs.twimg.com/profile_images/1390264140908748806/I8nxLuzB_normal.jpg,https://twitter.com/blackorbird/status/1725440260652560508,tweet_id:1725440260652560508
blackorbird,@blackorbird,2023-11-16T06:06:30.000Z,True,Update OP_Triangulation Sample & modulehttps://github.com/blackorbird/APT_REPORT/tree/master/International%20Strategic/USA/Triangulation…,0,5,3,"1,828",[],[],[],https://pbs.twimg.com/profile_images/1390264140908748806/I8nxLuzB_normal.jpg,https://twitter.com/blackorbird/status/1725032575763390937,tweet_id:1725032575763390937
blackorbird,@blackorbird,2023-11-15T13:35:00.000Z,True,"Exploring the landscape of blockchain security and I'm intrigued by some concerns around Solana's security. 
It's a reminder for all of us in the Web3 world to stay vigilant. 
Maybe APT Group that specializes in attacking blockchain will pay more attention to this technology.",2,2,4,"2,740",[],[],[],https://pbs.twimg.com/profile_images/1390264140908748806/I8nxLuzB_normal.jpg,https://twitter.com/blackorbird/status/1724783057901887896,tweet_id:1724783057901887896
blackorbird,@blackorbird,2023-10-20T09:59:31.000Z,True,CVE-2023-38831 user Collectionhttps://blog.google/threat-analysis-group/government-backed-actors-exploiting-winrar-vulnerability/…,1,8,22,"5,723",[],[],[],https://pbs.twimg.com/profile_images/1390264140908748806/I8nxLuzB_normal.jpg,https://twitter.com/blackorbird/status/1715306743260127698,tweet_id:1715306743260127698
blackorbird,@blackorbird,2023-11-15T08:21:32.000Z,True,APT29 attacks Embassies using CVE-2023-38831https://github.com/blackorbird/APT_REPORT/blob/master/APT29/APT29%20attacks%20Embassies%20using%20CVE-2023-38831%20-%20report%20en.pdf…,3,5,7,"1,379",[],[],[],https://pbs.twimg.com/profile_images/1390264140908748806/I8nxLuzB_normal.jpg,https://twitter.com/blackorbird/status/1724704171759378438,tweet_id:1724704171759378438
blackorbird,@blackorbird,2023-11-15T08:01:00.000Z,True,"#Sandworm have breached Danish energy sector companies. 
Very nice timeline analysis.#DigitalForensicsCVE-2023-28771 + CVE-2023-33009 + CVE-2023-33010https://github.com/blackorbird/APT_REPORT/blob/master/Sandworm/sektorcert-angrebet-mod-dansk-kritisk-infrastruktur-tlp-clear-en.pdf…",2,38,98,1.8万,"['#Sandworm', '#DigitalForensics']",[],[],https://pbs.twimg.com/profile_images/1390264140908748806/I8nxLuzB_normal.jpg,https://twitter.com/blackorbird/status/1724699004016234686,tweet_id:1724699004016234686
blackorbird,@blackorbird,2023-11-14T07:50:54.000Z,True,GPTs for Cybersecurity Collectionhttps://github.com/fr0gger/Awesome-GPT-Agents…,8,338,"1,062",14万,[],[],[],https://pbs.twimg.com/profile_images/1390264140908748806/I8nxLuzB_normal.jpg,https://twitter.com/blackorbird/status/1724334072565203393,tweet_id:1724334072565203393
blackorbird,@blackorbird,2023-11-13T07:58:46.000Z,True,Report on the state of cyberspace security Poland 2022 English version.#APTpdf:https://github.com/blackorbird/APT_REPORT/blob/master/summary/2023/Report_on_the_state_of_cyberspace_security_Poland_2022.pdf…,0,19,43,"8,517",['#APT'],[],[],https://pbs.twimg.com/profile_images/1390264140908748806/I8nxLuzB_normal.jpg,https://twitter.com/blackorbird/status/1723973665069637680,tweet_id:1723973665069637680
blackorbird,@blackorbird,2023-11-13T07:03:08.000Z,True,The Ubiquitous #Predator,0,1,1,"2,817",['#Predator'],[],[],https://pbs.twimg.com/profile_images/1390264140908748806/I8nxLuzB_normal.jpg,https://twitter.com/blackorbird/status/1723959664101212333,tweet_id:1723959664101212333
blackorbird,@blackorbird,2023-11-10T07:29:41.000Z,True,Sandworm utilized a novel technique to impact the OT environment by executing code within an End-of-Life (EOL) MicroSCADA control system and issuing commands that impacted the victim’s connected substations.https://mandiant.com/resources/blog/sandworm-disrupts-power-ukraine-operational-technology…,0,28,40,"6,041",[],[],[],https://pbs.twimg.com/profile_images/1390264140908748806/I8nxLuzB_normal.jpg,https://twitter.com/blackorbird/status/1722879182689157438,tweet_id:1722879182689157438
blackorbird,@blackorbird,2023-11-10T04:54:51.000Z,True,"Modern Asian APT groups’ tactics, techniques and procedures (TTPs)https://github.com/blackorbird/APT_REPORT/blob/master/summary/2023/Modern-Asian-APT-groups-TTPs_report_eng.pdf…",0,28,70,"9,624",[],[],[],https://pbs.twimg.com/profile_images/1390264140908748806/I8nxLuzB_normal.jpg,https://twitter.com/blackorbird/status/1722840217965789297,tweet_id:1722840217965789297
blackorbird,@blackorbird,2023-11-08T03:26:16.000Z,True,APT Group Siderwinder's Backdoor written by Nim.https://mp.weixin.qq.com/s/iWx2tGCLOR0JtDBnC3FOwQ…https://mp-weixin-qq-com.translate.goog/s/iWx2tGCLOR0JtDBnC3FOwQ?_x_tr_sl=zh-CN&_x_tr_tl=en&_x_tr_hl=en…,1,37,93,2万,[],[],[],https://pbs.twimg.com/profile_images/1390264140908748806/I8nxLuzB_normal.jpg,https://twitter.com/blackorbird/status/1722093150725115930,tweet_id:1722093150725115930
blackorbird,@blackorbird,2023-11-08T02:55:28.000Z,True,BlueNoroff strikes again with new macOS malware #Lazarushttps://jamf.com/blog/bluenoroff-strikes-again-with-new-macos-malware/…,0,13,34,"9,115",['#Lazarus'],[],[],https://pbs.twimg.com/profile_images/1390264140908748806/I8nxLuzB_normal.jpg,https://twitter.com/blackorbird/status/1722085400305635701,tweet_id:1722085400305635701
blackorbird,@blackorbird,2023-11-06T08:48:14.000Z,True,"Operation Covert Stalker:
Kimsuky hacked a system with an RDP (CVE-2019-0708) vulnerability and sent email.
English version pdf:https://github.com/blackorbird/APT_REPORT/blob/master/kimsuky/20231101_Kimsuky_OP.-Covert-Stalker-EN.pdf…ref:https://asec.ahnlab.com/ko/58231/",2,37,91,1.2万,[],[],[],https://pbs.twimg.com/profile_images/1390264140908748806/I8nxLuzB_normal.jpg,https://twitter.com/blackorbird/status/1721449399526810072,tweet_id:1721449399526810072
blackorbird,@blackorbird,2023-11-06T08:54:10.000Z,True,"Kimsuky
FastViewer Variant Merged with FastSpy and disguised as a Legitimate Mobile Application
something ref:",0,4,6,"1,915",[],[],[],https://pbs.twimg.com/profile_images/1390264140908748806/I8nxLuzB_normal.jpg,https://twitter.com/blackorbird/status/1721450891499413616,tweet_id:1721450891499413616
blackorbird,@blackorbird,2023-11-01T09:26:37.000Z,True,Lazarus infect blockchain engineers with novel macOS malware.https://elastic.co/security-labs/elastic-catches-dprk-passing-out-kandykorn…,1,71,170,3.1万,[],[],[],https://pbs.twimg.com/profile_images/1390264140908748806/I8nxLuzB_normal.jpg,https://twitter.com/blackorbird/status/1719647119693541639,tweet_id:1719647119693541639
blackorbird,@blackorbird,2023-11-01T08:08:59.000Z,True,"Scarred Manticore ～ OilRig/APT34 & DEV-0861
Overview of code and capabilities evolution of multiple malware versions used by Scarred Manticore.https://research.checkpoint.com/2023/from-albania-to-the-middle-east-the-scarred-manticore-is-listening/…",2,27,76,1万,[],[],[],https://pbs.twimg.com/profile_images/1390264140908748806/I8nxLuzB_normal.jpg,https://twitter.com/blackorbird/status/1719627583447613543,tweet_id:1719627583447613543
blackorbird,@blackorbird,2023-10-30T02:57:14.000Z,True,"#APT28 modus operandi attack campaigns since 2021
from CERTFR
Eng ver PDF:https://github.com/blackorbird/APT_REPORT/blob/master/APT28/APT28_CERTFR_2023_EN.pdf…ref:https://cert.ssi.gouv.fr/cti/CERTFR-2023-CTI-009/…",0,36,73,1万,['#APT28'],[],[],https://pbs.twimg.com/profile_images/1390264140908748806/I8nxLuzB_normal.jpg,https://twitter.com/blackorbird/status/1718824352807104987,tweet_id:1718824352807104987
blackorbird,@blackorbird,2023-10-30T02:35:55.000Z,True,About Kazakhstan-associated YoroTrooper's Attribution.https://blog.talosintelligence.com/attributing-yorotrooper/…,0,8,20,"3,784",[],[],[],https://pbs.twimg.com/profile_images/1390264140908748806/I8nxLuzB_normal.jpg,https://twitter.com/blackorbird/status/1718818989177205086,tweet_id:1718818989177205086
blackorbird,@blackorbird,2023-10-27T03:40:59.000Z,True,"How to catch a wild triangle
Decrypt the C2 server communicationshttps://securelist.com/operation-triangulation-catching-wild-triangle/110916/…",1,15,55,1万,[],[],[],https://pbs.twimg.com/profile_images/1390264140908748806/I8nxLuzB_normal.jpg,https://twitter.com/blackorbird/status/1717748197626712508,tweet_id:1717748197626712508
blackorbird,@blackorbird,2023-10-25T10:43:35.000Z,True,"The outstanding stealth of Operation Triangulation
IOS 0day module malwarehttps://securelist.com/triangulation-validators-modules/110847/…",0,33,87,2.5万,[],[],[],https://pbs.twimg.com/profile_images/1390264140908748806/I8nxLuzB_normal.jpg,https://twitter.com/blackorbird/status/1717129773842157988,tweet_id:1717129773842157988
blackorbird,@blackorbird,2023-10-20T09:48:32.000Z,True,The universe of threats in LATAMhttps://github.com/blackorbird/APT_REPORT/blob/master/International%20Strategic/LATAM/Looking-into-TUTs-tomb-the-universe-of-threats-in-LATAM.pdf…iochttps://github.com/eset/malware-ioc/tree/master/king_tut…,0,9,22,"4,042",[],[],[],https://pbs.twimg.com/profile_images/1390264140908748806/I8nxLuzB_normal.jpg,https://twitter.com/blackorbird/status/1715303981566877745,tweet_id:1715303981566877745
blackorbird,@blackorbird,2023-10-20T08:22:14.000Z,True,Understanding DNS Tunneling Traffic in the Wildhttps://unit42.paloaltonetworks.com/dns-tunneling-in-the-wild/…,0,29,80,"7,650",[],[],[],https://pbs.twimg.com/profile_images/1390264140908748806/I8nxLuzB_normal.jpg,https://twitter.com/blackorbird/status/1715282261334241303,tweet_id:1715282261334241303
blackorbird,@blackorbird,2023-10-19T06:35:46.000Z,True,Updated MATA attacks industrial companies in Eastern Europe #LazarusThe latest MATA generations more techniques similar to ones used by Five Eyes APT groups.https://securelist.com/updated-mata-attacks-industrial-companies-in-eastern-europe/110829/…pdf:https://github.com/blackorbird/APT_REPORT/blob/master/lazarus/MATA/Updated-MATA-attacks-Eastern-Europe_full-report_ENG.pdf…,0,13,24,"5,444",['#Lazarus'],[],[],https://pbs.twimg.com/profile_images/1390264140908748806/I8nxLuzB_normal.jpg,https://twitter.com/blackorbird/status/1714893081500344501,tweet_id:1714893081500344501
blackorbird,@blackorbird,2023-10-18T09:59:15.000Z,True,"The attack comprises sophisticated tools and techniques, including virtualization-based software obfuscation for malware components, low-level communication with the USB drive using direct SCSI commands, self-replication through connected secure USB drives to propagate to other…",0,2,9,"2,631",[],[],[],https://pbs.twimg.com/profile_images/1390264140908748806/I8nxLuzB_normal.jpg,https://twitter.com/blackorbird/status/1714581900629839975,tweet_id:1714581900629839975
blackorbird,@blackorbird,2023-10-18T09:50:26.000Z,True,Kimsuky Uses RDP(3389) to Control Infected Systemshttps://asec.ahnlab.com/en/57873/,4,11,19,"3,368",[],[],[],https://pbs.twimg.com/profile_images/1390264140908748806/I8nxLuzB_normal.jpg,https://twitter.com/blackorbird/status/1714579682925121772,tweet_id:1714579682925121772
blackorbird,@blackorbird,2023-10-18T09:37:00.000Z,True,"Operation DarkHorse : CHM attack analysis
APT37+Kimsukyhttps://github.com/blackorbird/APT_REPORT/blob/master/kimsuky/20231016_threat_inteligence_report_DarkHorse.pdf…",0,28,66,"6,924",[],[],[],https://pbs.twimg.com/profile_images/1390264140908748806/I8nxLuzB_normal.jpg,https://twitter.com/blackorbird/status/1714576304279032023,tweet_id:1714576304279032023
blackorbird,@blackorbird,2023-10-18T09:02:24.000Z,True,"Active exploitation of Cisco IOS XE Software(CVE-2023-20198) Web Management User Interface vulnerability
True Attack activity:
Implant code - Lua
5.149.249[.]74
154.53.56[.]231https://blog.talosintelligence.com/active-exploitation-of-cisco-ios-xe-software/…",1,32,66,"8,522",[],[],[],https://pbs.twimg.com/profile_images/1390264140908748806/I8nxLuzB_normal.jpg,https://twitter.com/blackorbird/status/1714567595398164552,tweet_id:1714567595398164552
blackorbird,@blackorbird,2023-10-18T03:27:26.000Z,True,#Lazarus CVE-2023-26369 Exploit: Adobe Acrobat PDF Reader RCE when processing TTF fontshttps://googleprojectzero.github.io/0days-in-the-wild//0day-RCAs/2023/CVE-2023-26369.html…ref:https://blog.google/threat-analysis-group/active-north-korean-campaign-targeting-security-researchers/…,4,104,235,2.9万,['#Lazarus'],[],[],https://pbs.twimg.com/profile_images/1390264140908748806/I8nxLuzB_normal.jpg,https://twitter.com/blackorbird/status/1714483299765354777,tweet_id:1714483299765354777
blackorbird,@blackorbird,2023-10-17T07:35:36.000Z,True,#APT37 #Group123IOCs Graphhttps://github.com/blackorbird/APT_REPORT/blob/master/group123/2023_Group123_threat_inteligence_report_BitB.pdf…,1,33,88,1.6万,"['#APT37', '#Group123']",[],[],https://pbs.twimg.com/profile_images/1390264140908748806/I8nxLuzB_normal.jpg,https://twitter.com/blackorbird/status/1714183361420570973,tweet_id:1714183361420570973
blackorbird,@blackorbird,2023-10-16T08:31:36.000Z,True,Digital Defense Report for 2023https://github.com/blackorbird/APT_REPORT/blob/master/summary/2023/MDDR_FINAL_2023_1004.pdf…,0,1,3,"1,601",[],[],[],https://pbs.twimg.com/profile_images/1390264140908748806/I8nxLuzB_normal.jpg,https://twitter.com/blackorbird/status/1713835069926953373,tweet_id:1713835069926953373
blackorbird,@blackorbird,2023-10-16T08:13:01.000Z,True,"1.#Lazarus Operation ""Dream Magic""
Lazarus's process of inserting malicious links into specific articles from media, companieshttps://github.com/blackorbird/APT_REPORT/blob/master/lazarus/20231013_Lazarus_OP.Dream_Magic.pdf…2.Analysis Report on Lazarus Threat Group’s Volgmer and Scout Malwareshttps://asec.ahnlab.com/en/57685/",0,55,147,2.1万,['#Lazarus'],[],[],https://pbs.twimg.com/profile_images/1390264140908748806/I8nxLuzB_normal.jpg,https://twitter.com/blackorbird/status/1713830391365489104,tweet_id:1713830391365489104
blackorbird,@blackorbird,2023-10-16T07:41:22.000Z,True,"A reported that at least 74,000 Android-based mobile phones, tablets, and global connected TV boxes were observed to be infected by BADBOX(Botnet)https://github.com/blackorbird/APT_REPORT/blob/master/cybercrime/botnet/BADBOX/HUMAN_Report_BADBOX-and-PEACHPIT.pdf…",0,15,52,"9,416",[],[],[],https://pbs.twimg.com/profile_images/1390264140908748806/I8nxLuzB_normal.jpg,https://twitter.com/blackorbird/status/1713822428391178361,tweet_id:1713822428391178361
blackorbird,@blackorbird,2023-10-16T07:24:42.000Z,True,"Disclosing the BLOODALCHEMY backdoor
BLOODALCHEMY is a new, actively developed, backdoor that leverages a benign binary as an injection vehicle, and is a part of the REF5961 intrusion set.https://elastic.co/security-labs/disclosing-the-bloodalchemy-backdoor…",5,46,109,2.1万,[],[],[],https://pbs.twimg.com/profile_images/1390264140908748806/I8nxLuzB_normal.jpg,https://twitter.com/blackorbird/status/1713818230555562049,tweet_id:1713818230555562049
blackorbird,@blackorbird,2023-10-11T08:27:08.000Z,True,"CVE-2023-38545 curl vul detail blog:https://daniel.haxx.se/blog/2023/10/11/how-i-made-a-heap-overflow-in-curl/…hackerone report:https://hackerone.com/reports/2187833socks: return error if hostname too long for remote resolve
Prior to this change the state machine attempted to change the remote resolve to a local resolve if the hostname was…",1,16,24,"5,345",[],[],[],https://pbs.twimg.com/profile_images/1390264140908748806/I8nxLuzB_normal.jpg,https://twitter.com/blackorbird/status/1712022004935881125,tweet_id:1712022004935881125
blackorbird,@blackorbird,2023-10-11T07:32:46.000Z,True,Assessed Cyber Structure and Alignments of North Korea in 2023 (Update)https://mandiant.com/resources/blog/north-korea-cyber-structure-alignment-2023…,0,33,78,1万,[],[],[],https://pbs.twimg.com/profile_images/1390264140908748806/I8nxLuzB_normal.jpg,https://twitter.com/blackorbird/status/1712008324907196744,tweet_id:1712008324907196744
blackorbird,@blackorbird,2023-09-23T00:05:53.000Z,True,"When victim visited certain websites not using HTTPS, a device installed at the border of network automatically redirected to a malicious website to infect phone with Cytrox’s Predator spyware.
Great analysis, help to find unknown mobile phone spyware.https://citizenlab.ca/2023/09/predator-in-the-wires-ahmed-eltantawy-targeted-with-predator-spyware-after-announcing-presidential-ambitions/…",2,32,107,1.7万,[],[],[],https://pbs.twimg.com/profile_images/1390264140908748806/I8nxLuzB_normal.jpg,https://twitter.com/blackorbird/status/1705372877875446006,tweet_id:1705372877875446006
blackorbird,@blackorbird,2023-10-10T03:34:08.000Z,True,"Cytrox’s Predator spyware
IOCs Update",0,0,5,"1,289",[],[],[],https://pbs.twimg.com/profile_images/1390264140908748806/I8nxLuzB_normal.jpg,https://twitter.com/blackorbird/status/1711585883089232295,tweet_id:1711585883089232295
blackorbird,@blackorbird,2023-10-10T03:11:35.000Z,True,"Social media platforms were used to publicly target. The cyber-surveillance weapon used for targeting was an invasive spyware tool called Predator, which was developed and sold by the Intellexa alliance. https://amnesty.org/en/latest/news/2023/10/global-predator-files-spyware-scandal-reveals-brazen-targeting-of-civil-society-politicians-and-officials/…pdf:https://github.com/blackorbird/APT_REPORT/blob/master/Intellexa/Predator%20Files/ACT1072452023ENGLISH.pdf…",0,20,37,2.2万,[],[],[],https://pbs.twimg.com/profile_images/1390264140908748806/I8nxLuzB_normal.jpg,https://twitter.com/blackorbird/status/1711580205285011899,tweet_id:1711580205285011899
blackorbird,@blackorbird,2023-10-07T03:06:11.000Z,True,"The Konni APT Chronicle: Tracing Their Intelligence-Driven Attack Chain
report 1:https://github.com/blackorbird/APT_REPORT/blob/master/konni/20230926_threat_inteligence_report_konniapt.pdf…report 2:https://github.com/blackorbird/APT_REPORT/blob/master/konni/the-konni-apt-chronicle-tracing-their-intelligence-driven-attack-chain.pdf…",0,10,27,"7,695",[],[],[],https://pbs.twimg.com/profile_images/1390264140908748806/I8nxLuzB_normal.jpg,https://twitter.com/blackorbird/status/1710491682909958404,tweet_id:1710491682909958404
blackorbird,@blackorbird,2023-10-05T15:28:29.000Z,True,"MacOS ""DirtyNIB"" Vulnerability",0,2,3,"1,845",[],[],[],https://pbs.twimg.com/profile_images/1390264140908748806/I8nxLuzB_normal.jpg,https://twitter.com/blackorbird/status/1709953712683470995,tweet_id:1709953712683470995
blackorbird,@blackorbird,2023-09-22T08:15:32.000Z,True,"NEW IOS Exploit chain:
WebKit browser engine (CVE-2023-41993) and the Security framework (CVE-2023-41991)
+
APIs and support for kernel extensions and kernel-resident device drivers. CVE-2023-41992)https://support.apple.com/en-us/HT213931Ref:https://bleepingcomputer.com/news/apple/apple-emergency-updates-fix-3-new-zero-days-exploited-in-attacks/…",0,11,20,2.1万,[],[],[],https://pbs.twimg.com/profile_images/1390264140908748806/I8nxLuzB_normal.jpg,https://twitter.com/blackorbird/status/1705133717885440226,tweet_id:1705133717885440226
blackorbird,@blackorbird,2023-09-21T09:04:13.000Z,True,At least 5 APT groups are using .chm malware crazilyhttps://github.com/blackorbird/APT_REPORT/blob/master/International%20Strategic/China/TAG-74.pdf…,4,112,293,3.2万,[],[],[],https://pbs.twimg.com/profile_images/1390264140908748806/I8nxLuzB_normal.jpg,https://twitter.com/blackorbird/status/1704783579807715460,tweet_id:1704783579807715460
blackorbird,@blackorbird,2023-09-19T09:56:07.000Z,True,"Top 10 most recently active types of malware in #Turla’s arsenal: 
Capibar, Kazuar, Snake, Kopiluwak, QUIETCANARY/Tunnus, Crutch, ComRAT, Carbon, HyperStack and TinyTurla.https://unit42.paloaltonetworks.com/turla-pensive-ursa-threat-assessment/…",0,12,33,"5,384",['#Turla'],[],[],https://pbs.twimg.com/profile_images/1390264140908748806/I8nxLuzB_normal.jpg,https://twitter.com/blackorbird/status/1704071866053427690,tweet_id:1704071866053427690
blackorbird,@blackorbird,2023-09-19T02:16:15.000Z,True,"Transparent Tribe Group distributes Android apps outside of the Google Play Store, relying on self-run websites and social engineering to entice users to install a weaponized application.
I found that I can watch videos very smoothly, Maybe use it as a relay video streaming…",0,7,8,"4,895",[],[],[],https://pbs.twimg.com/profile_images/1390264140908748806/I8nxLuzB_normal.jpg,https://twitter.com/blackorbird/status/1703956134506426550,tweet_id:1703956134506426550
blackorbird,@blackorbird,2023-09-15T09:44:10.000Z,True,"Intersting false flag

Operation Rusty Flag – A Malicious Campaign Against Azerbaijanian Targets",1,12,31,"5,175",[],[],[],https://pbs.twimg.com/profile_images/1390264140908748806/I8nxLuzB_normal.jpg,https://twitter.com/blackorbird/status/1702619304813101400,tweet_id:1702619304813101400
blackorbird,@blackorbird,2023-09-15T06:47:23.000Z,True,"North Korean hackers exploits WinRAR vulnerability (CVE-2023-38831) to attack the digital currency industry.
wallet_Screenshot_2023_09_06_Qbao_Network.ziphttps://virustotal.com/gui/file/40d1ebcca7ed35da9776383abca3e7ec6b70aec53c739aef773cdb90726f46c0…report:https://paper.seebug.org/3032/",2,95,265,5万,[],[],[],https://pbs.twimg.com/profile_images/1390264140908748806/I8nxLuzB_normal.jpg,https://twitter.com/blackorbird/status/1702574818909102491,tweet_id:1702574818909102491
blackorbird,@blackorbird,2023-09-15T03:22:54.000Z,True,"Free Download Manager backdoored
A DNS-based backdoor
by the way, According to Kaspersky telemetry, 260,000 unique Linux samples appeared in the first half of 2023.https://securelist.com/backdoored-free-download-manager-linux-malware/110465/…",0,17,40,"5,077",[],[],['\\U0001f631'],https://pbs.twimg.com/profile_images/1390264140908748806/I8nxLuzB_normal.jpg,https://twitter.com/blackorbird/status/1702523358590677105,tweet_id:1702523358590677105
blackorbird,@blackorbird,2023-09-14T06:33:32.000Z,True,Charming Kitten exploited CVE-2021-26855 in Microsoft Exchange servershttps://welivesecurity.com/en/eset-research/sponsor-batch-filed-whiskers-ballistic-bobcats-scan-strike-backdoor/…,0,9,25,"4,740",[],[],[],https://pbs.twimg.com/profile_images/1390264140908748806/I8nxLuzB_normal.jpg,https://twitter.com/blackorbird/status/1702208942938742942,tweet_id:1702208942938742942
blackorbird,@blackorbird,2023-09-14T02:53:20.000Z,True,Analysis of NSA SECONDDATE packet-injection frameworkhttps://mp.weixin.qq.com/s/yxV9AIMrasGiaSj5gi9LSg…https://mp-weixin-qq-com.translate.goog/s/yxV9AIMrasGiaSj5gi9LSg?_x_tr_sl=auto&_x_tr_tl=en&_x_tr_hl=en&_x_tr_pto=wapp…,2,38,98,2万,[],[],[],https://pbs.twimg.com/profile_images/1390264140908748806/I8nxLuzB_normal.jpg,https://twitter.com/blackorbird/status/1702153527924232558,tweet_id:1702153527924232558
blackorbird,@blackorbird,2023-09-13T02:31:35.000Z,True,"New Chrome 0day 
CVE-2023-4863
I saw the person who submitted the vulnerability and wondered if it was related to Pegasus.https://chromereleases.googleblog.com/2023/09/stable-channel-update-for-desktop_11.html…",2,51,117,2.4万,[],[],[],https://pbs.twimg.com/profile_images/1390264140908748806/I8nxLuzB_normal.jpg,https://twitter.com/blackorbird/status/1701785666005430395,tweet_id:1701785666005430395
blackorbird,@blackorbird,2023-09-11T09:49:30.000Z,True,VN Hacker Phishing Facebook Business Accounts,0,8,16,"4,036",[],[],[],https://pbs.twimg.com/profile_images/1390264140908748806/I8nxLuzB_normal.jpg,https://twitter.com/blackorbird/status/1701171095632769378,tweet_id:1701171095632769378
blackorbird,@blackorbird,2023-09-11T04:33:49.000Z,True,"A large amount of #Gamaredon subdomains used in spear phishing attacks are linked to the TLD .ru, registered via REGRU-RU and contain the number 71.#IOCHunthttps://silentpush.com/blog/from-russia-with-a-71…",0,12,35,"5,696","['#Gamaredon', '#IOCHunt']",[],[],https://pbs.twimg.com/profile_images/1390264140908748806/I8nxLuzB_normal.jpg,https://twitter.com/blackorbird/status/1701091652314841264,tweet_id:1701091652314841264
blackorbird,@blackorbird,2023-09-11T04:19:17.000Z,True,APT Group #Confucius Android Malware SunBird's C2 Serverhttps://mp.weixin.qq.com/s/nMTQww-jHkdKBWFPYdfprA…,0,30,74,1.2万,['#Confucius'],[],[],https://pbs.twimg.com/profile_images/1390264140908748806/I8nxLuzB_normal.jpg,https://twitter.com/blackorbird/status/1701087996106391705,tweet_id:1701087996106391705
blackorbird,@blackorbird,2023-09-08T07:26:15.000Z,True,"Active North Korean campaign targeting security researchers
dbgsymbol[.]com#Lazarushttps://blog.google/threat-analysis-group/active-north-korean-campaign-targeting-security-researchers/…",0,27,52,"7,371",['#Lazarus'],[],[],https://pbs.twimg.com/profile_images/1390264140908748806/I8nxLuzB_normal.jpg,https://twitter.com/blackorbird/status/1700047882441908674,tweet_id:1700047882441908674
blackorbird,@blackorbird,2023-09-08T06:44:58.000Z,True,"Open source provides predictable security, while closed source provides unknown security.",0,1,6,"1,869",[],[],[],https://pbs.twimg.com/profile_images/1390264140908748806/I8nxLuzB_normal.jpg,https://twitter.com/blackorbird/status/1700037495629721851,tweet_id:1700037495629721851
blackorbird,@blackorbird,2023-09-08T06:10:58.000Z,True,Lockdown Mode blocks this particular attack.#Pegasushttps://citizenlab.ca/2023/09/blastpass-nso-group-iphone-zero-click-zero-day-exploit-captured-in-the-wild/…,0,5,5,"1,915",['#Pegasus'],[],[],https://pbs.twimg.com/profile_images/1390264140908748806/I8nxLuzB_normal.jpg,https://twitter.com/blackorbird/status/1700028936972083338,tweet_id:1700028936972083338
blackorbird,@blackorbird,2023-09-07T02:33:04.000Z,True,"#Group123 
This site has been used for Malware downloads for a long time.
ref:https://asec.ahnlab.com/en/56756/https://rewterz.com/rewterz-news/rewterz-threat-alert-apt37-aka-starcruft-or-redeyes-active-iocs-4/…",0,11,39,"7,172",['#Group123'],[],[],https://pbs.twimg.com/profile_images/1390264140908748806/I8nxLuzB_normal.jpg,https://twitter.com/blackorbird/status/1699611715439341883,tweet_id:1699611715439341883
blackorbird,@blackorbird,2023-09-06T10:05:21.000Z,True,"#APT28 used ""Microsoft Edge"" as a bootloader, TOR and mockbin[.]org/website[.]hook services as a control center.
Any requests sent to mockbin[.]org/website[.]hook URL will be logged instantly for testing webhooks and HTTP requests.https://cert.gov.ua/article/5702579",1,87,193,6.7万,['#APT28'],[],[],https://pbs.twimg.com/profile_images/1390264140908748806/I8nxLuzB_normal.jpg,https://twitter.com/blackorbird/status/1699363146778268025,tweet_id:1699363146778268025
blackorbird,@blackorbird,2023-09-05T08:49:56.000Z,True,"Camouflaged Hunter/APT-Q-12
Summary of historical activities.
Some plugins never seen before.
Who is Nick?https://ahnlab.com/kr/site/securityinfo/secunews/secuNewsView.do?seq=33936…",0,11,17,"4,529",[],[],[],https://pbs.twimg.com/profile_images/1390264140908748806/I8nxLuzB_normal.jpg,https://twitter.com/blackorbird/status/1698981780253192640,tweet_id:1698981780253192640
blackorbird,@blackorbird,2023-09-05T06:30:37.000Z,True,"#APT37 #ScarCruftCHM Malware Using Fukushima Contaminated Water Discharge as bait
navercorp[.]ruhttps://asec.ahnlab.com/ko/56654/",1,12,27,"5,322","['#APT37', '#ScarCruft']",[],[],https://pbs.twimg.com/profile_images/1390264140908748806/I8nxLuzB_normal.jpg,https://twitter.com/blackorbird/status/1698946721613836374,tweet_id:1698946721613836374
blackorbird,@blackorbird,2023-09-05T02:46:41.000Z,True,"#APT  Anonymization Network/proxy network/bonet
SOHO router/firewall systems + NAS systems + Smart home systemshttps://github.com/blackorbird/APT_REPORT/blob/master/International%20Strategic/China/2023-02-bfv-cyber-brief-en.pdf…",0,27,79,1.2万,['#APT'],[],[],https://pbs.twimg.com/profile_images/1390264140908748806/I8nxLuzB_normal.jpg,https://twitter.com/blackorbird/status/1698890365590270342,tweet_id:1698890365590270342
blackorbird,@blackorbird,2023-09-05T02:36:53.000Z,True,APT34 UNLEASHES NEW WAVE OF PHISHING ATTACK WITH VARIANT OF SIDETWIST TROJAN,0,28,70,3.2万,[],[],[],https://pbs.twimg.com/profile_images/1390264140908748806/I8nxLuzB_normal.jpg,https://twitter.com/blackorbird/status/1698887897733333158,tweet_id:1698887897733333158
blackorbird,@blackorbird,2023-09-02T12:36:58.000Z,True,"The vulnerability (CVE-2023-34039) exists in VMware’s Aria Operations for Networks (formerly vRealize Network Insight) tool, which helps businesses monitor and analyze their networks and applications. 
According to VMware, the tool has an authentication bypass flaw that stems…",0,3,6,"3,277",[],[],[],https://pbs.twimg.com/profile_images/1390264140908748806/I8nxLuzB_normal.jpg,https://twitter.com/blackorbird/status/1697951748873412714,tweet_id:1697951748873412714
blackorbird,@blackorbird,2023-09-02T07:18:56.000Z,True,"Vietnamese cybercrime ""DUCKPORT"" targeting Meta Business accounts, Link to DUCKTAIL.
pdf:https://github.com/blackorbird/APT_REPORT/blob/master/International%20Strategic/Vietnam/WithSecure-Meet-the-ducks.pdf…IOCs:https://github.com/WithSecureLabs/iocs/blob/master/MeetTheDucks/iocs.csv…",1,13,44,"7,264",[],[],[],https://pbs.twimg.com/profile_images/1390264140908748806/I8nxLuzB_normal.jpg,https://twitter.com/blackorbird/status/1697871713630118114,tweet_id:1697871713630118114
blackorbird,@blackorbird,2023-09-02T06:45:39.000Z,True,#GhostWriter Used CVE-2023-38831 to construct malware.https://cert.gov.ua/article/5661411,3,90,246,5.4万,['#GhostWriter'],[],[],https://pbs.twimg.com/profile_images/1390264140908748806/I8nxLuzB_normal.jpg,https://twitter.com/blackorbird/status/1697863338892681441,tweet_id:1697863338892681441
blackorbird,@blackorbird,2023-09-02T06:36:45.000Z,True,"A new report on cyber threat trends analyzes the growth of the #Gamaredon group's activity on the eve of Ukraine's counteroffensive.
telegra[.ph -> IPhttps://github.com/blackorbird/APT_REPORT/blob/master/Sandworm/%D0%90%D0%BA%D1%82%D0%B8%D0%B2%D0%BD%D1%96%D1%81%D1%82%D1%8C%20%D1%83%D0%B3%D1%80%D1%83%D0%BF%D0%BE%D0%B2%D0%B0%D0%BD%D0%BD%D1%8F.pdf…",1,15,34,"5,699",['#Gamaredon'],[],[],https://pbs.twimg.com/profile_images/1390264140908748806/I8nxLuzB_normal.jpg,https://twitter.com/blackorbird/status/1697861099771801844,tweet_id:1697861099771801844
blackorbird,@blackorbird,2023-09-02T06:16:24.000Z,True,"VMConnect supply chain attack continues #Lazarusmalicious PyPI:
tablediter, request-plus, and requestspro
C2:
packages-api[.]test
tableditermanaging[.]prohttps://reversinglabs.com/blog/vmconnect-supply-chain-campaign-continues…",0,28,60,1.1万,['#Lazarus'],[],[],https://pbs.twimg.com/profile_images/1390264140908748806/I8nxLuzB_normal.jpg,https://twitter.com/blackorbird/status/1697855979784946039,tweet_id:1697855979784946039
blackorbird,@blackorbird,2023-09-02T06:07:03.000Z,True,English Versionhttps://asec.ahnlab.com/en/56405/,0,9,18,"4,337",[],[],[],https://pbs.twimg.com/profile_images/1390264140908748806/I8nxLuzB_normal.jpg,https://twitter.com/blackorbird/status/1697853626394493018,tweet_id:1697853626394493018
blackorbird,@blackorbird,2023-09-01T07:15:50.000Z,True,"Infamous Chisel
A collection of components associated with #Sandworm designed to enable remote access and exfiltrate information from #Android phones.
Infamous Chisel also provides remote access by configuring and executing #Tor with a hidden service which forwards to a modified…",0,8,34,"6,605","['#Sandworm', '#Android', '#Tor']",[],[],https://pbs.twimg.com/profile_images/1390264140908748806/I8nxLuzB_normal.jpg,https://twitter.com/blackorbird/status/1697508545368141912,tweet_id:1697508545368141912
blackorbird,@blackorbird,2023-08-31T05:00:24.000Z,True,"#APT15User has to log into ""Trojanized Signal"" via legitimate Signal functionality. Once logged in, ""Trojanized Signal"" starts to communicate with its command and control (C&C) server.https://welivesecurity.com/en/eset-research/badbazaar-espionage-tool-targets-android-users-trojanized-signal-telegram-apps/…",0,30,76,1万,['#APT15'],[],[],https://pbs.twimg.com/profile_images/1390264140908748806/I8nxLuzB_normal.jpg,https://twitter.com/blackorbird/status/1697112078165950496,tweet_id:1697112078165950496
blackorbird,@blackorbird,2023-08-30T04:53:23.000Z,True,MalDoc in PDF : Embedding a malicious Word file into a PDF file to bypass detection.https://blogs.jpcert.or.jp/en/2023/08/maldocinpdf.html…https://youtu.be/mIx_chLuVCI,0,19,42,"4,331",[],[],[],https://pbs.twimg.com/profile_images/1390264140908748806/I8nxLuzB_normal.jpg,https://twitter.com/blackorbird/status/1696747922329907403,tweet_id:1696747922329907403
blackorbird,@blackorbird,2023-08-30T04:38:26.000Z,True,"CVE-2023-36846 and CVE-2023-36845 
Hacker exploit critical Juniper RCE bug chain after PoC releasehttps://supportportal.juniper.net/s/article/2023-08-Out-of-Cycle-Security-Bulletin-Junos-OS-SRX-Series-and-EX-Series-Multiple-vulnerabilities-in-J-Web-can-be-combined-to-allow-a-preAuth-Remote-Code-Execution?language=en_US…https://bleepingcomputer.com/news/security/hackers-exploit-critical-juniper-rce-bug-chain-after-poc-release/…",0,2,10,"2,705",[],[],[],https://pbs.twimg.com/profile_images/1390264140908748806/I8nxLuzB_normal.jpg,https://twitter.com/blackorbird/status/1696744160022438031,tweet_id:1696744160022438031
blackorbird,@blackorbird,2023-08-25T10:20:59.000Z,True,"Attackers use fake ""Citi Bank"" APK malware to steal private data such as financial credentials, emails, and addresses. 
The ongoing threat has impacted over 1,400 victims primarily in India.
About C&C sever data from picture.
citialerts[.]inhttps://mp.weixin.qq.com/s/-7VwCv4EQg4ofYcoEyBkUQ…",0,17,32,"4,643",[],[],[],https://pbs.twimg.com/profile_images/1390264140908748806/I8nxLuzB_normal.jpg,https://twitter.com/blackorbird/status/1695018425280876563,tweet_id:1695018425280876563
blackorbird,@blackorbird,2023-08-25T07:30:12.000Z,True,"#Lazarus Group compromises internet backbone infrastructure company in Europe.
ManageEngine ServiceDesk vulnerability (CVE-2022-47966)
MagicRAT -> QuiteRAThttps://blog.talosintelligence.com/lazarus-quiterat/…",0,31,78,"7,438",['#Lazarus'],[],[],https://pbs.twimg.com/profile_images/1390264140908748806/I8nxLuzB_normal.jpg,https://twitter.com/blackorbird/status/1694975447300481187,tweet_id:1694975447300481187
blackorbird,@blackorbird,2023-08-25T03:20:34.000Z,True,"APT37 IOC
downloader url
https://crilts[.]cfd/cdeeb
https://giath[.]xyz/maiqt
https://bajut[.]pro/jdkvr
https://oebil[.]lat/zyofl
C&C：
https://tosals[.]ink/uEH5J.htmlhttps://mp.weixin.qq.com/s/pIdyesArvoXaD-lLYVvXiw…",0,14,43,"4,114",[],[],[],https://pbs.twimg.com/profile_images/1390264140908748806/I8nxLuzB_normal.jpg,https://twitter.com/blackorbird/status/1694912623299674230,tweet_id:1694912623299674230
blackorbird,@blackorbird,2023-08-24T08:07:22.000Z,True,"CVE-2023-36884 and CVE-2023-38180 Attacker IOCs:
Altimata[.]org
Bentaxworld[.]com
Finformservice[.]com
Penofach[.]com
Ukrainianworldcongress[.]info
Dashboard[.]penofach[.]comhttps://explore.avertium.com/resource/two-microsoft-zero-day-vulnerabilities-exploited-by-attackers…",0,13,27,"4,645",[],[],[],https://pbs.twimg.com/profile_images/1390264140908748806/I8nxLuzB_normal.jpg,https://twitter.com/blackorbird/status/1694622415006105954,tweet_id:1694622415006105954
blackorbird,@blackorbird,2023-08-23T09:54:20.000Z,True,"WinRAR 0day CVE-2023-38831
If you are using WinRAR, please make sure to update it.https://group-ib.com/blog/cve-2023-38831-winrar-zero-day/…",2,77,174,6.2万,[],[],[],https://pbs.twimg.com/profile_images/1390264140908748806/I8nxLuzB_normal.jpg,https://twitter.com/blackorbird/status/1694286944468103318,tweet_id:1694286944468103318
blackorbird,@blackorbird,2023-08-23T07:46:40.000Z,True,"Analyzing the new attack activity of the #Andariel group
NukeSped Variant : Volgmer
key IOCs:
G:/Code/01__1th Troy/Go/Reverse_Base64_Pipe/Client/*.go
I:/01___Tools/02__RAT/Black/Client_Go/*.go
E:/Projects/Malware/6_Goat_23/Goat/*.go
G:/Dev/Go/DurianBeacon/*.go…",0,16,31,"8,756",['#Andariel'],[],[],https://pbs.twimg.com/profile_images/1390264140908748806/I8nxLuzB_normal.jpg,https://twitter.com/blackorbird/status/1694254815050920010,tweet_id:1694254815050920010
blackorbird,@blackorbird,2023-08-23T06:48:31.000Z,True,"Russia-Linked Actors Leverage New and Old Tactics in Influence Operations Targeting Online Conversations About NATO Summit
nato[.]ws
GTM-KJHPDWhttps://github.com/blackorbird/APT_REPORT/blob/master/International%20Strategic/Russia/graphika_report_summit_old_summit_new.pdf…",0,24,43,"5,842",[],[],[],https://pbs.twimg.com/profile_images/1390264140908748806/I8nxLuzB_normal.jpg,https://twitter.com/blackorbird/status/1694240181254299781,tweet_id:1694240181254299781
blackorbird,@blackorbird,2023-08-23T02:30:59.000Z,True,#Carderbee used the legitimate Cobra DocGuard software to carry out a supply chain attackhttps://symantec-enterprise-blogs.security.com/blogs/threat-intelligence/carderbee-software-supply-chain-certificate-abuse…,0,0,5,"1,906",['#Carderbee'],[],[],https://pbs.twimg.com/profile_images/1390264140908748806/I8nxLuzB_normal.jpg,https://twitter.com/blackorbird/status/1694175372563341497,tweet_id:1694175372563341497
blackorbird,@blackorbird,2023-08-21T09:04:07.000Z,True,"Evasive Phishing Campaign Steals Cloud Credentials Using Cloudflare R2 and Turnstile
1.Cloudflare R2 hosting phishing pages
2.Using Cloudflare Turnstile for evasion
3.Using redirects and URL parameters for evasion
4.Using Fingerprint BotD for evasionhttps://netskope.com/blog/evasive-phishing-campaign-steals-cloud-credentials-using-cloudflare-r2-and-turnstile…",1,54,130,1.8万,[],[],[],https://pbs.twimg.com/profile_images/1390264140908748806/I8nxLuzB_normal.jpg,https://twitter.com/blackorbird/status/1693549529776443593,tweet_id:1693549529776443593
blackorbird,@blackorbird,2023-08-18T02:43:32.000Z,True,"APT #Donot  Group New Attack Techniques.
The decoy file is disguised as a PDF named ""draft"". Upon opening, a prompt box appears, urging the user to install a plug-in. 
After clicking download, the browser opens a specific URL. 
The attacker's server detects the platform type.
If…",1,28,73,"9,850",['#Donot'],[],[],https://pbs.twimg.com/profile_images/1390264140908748806/I8nxLuzB_normal.jpg,https://twitter.com/blackorbird/status/1692366590631948716,tweet_id:1692366590631948716
blackorbird,@blackorbird,2023-08-17T10:34:40.000Z,True,WordPress: Turla's Loverhttps://securelist.com/phishing-with-hacked-sites/110334/…,0,30,69,"8,076",[],[],[],https://pbs.twimg.com/profile_images/1390264140908748806/I8nxLuzB_normal.jpg,https://twitter.com/blackorbird/status/1692122767574077796,tweet_id:1692122767574077796
blackorbird,@blackorbird,2023-08-16T09:19:35.000Z,True,"SandWorm group's latest Operation
Android malware + Tor + Mirai +dropbear = Anonymous attack exploit chainhttps://github.com/blackorbird/APT_REPORT/blob/master/Sandworm/SBU%20exposes%20russian%20intelligence%20attempts%20to%20penetrate%20Armed%20Forces'%20planning%20operations%20system.pdf…",0,48,113,2万,[],[],[],https://pbs.twimg.com/profile_images/1390264140908748806/I8nxLuzB_normal.jpg,https://twitter.com/blackorbird/status/1691741483475644504,tweet_id:1691741483475644504
blackorbird,@blackorbird,2023-08-15T07:07:36.000Z,True,"Lazarus Group Launches First Open Source Supply Chain Attacks Targeting Crypto Sector.
They would invite the target to collaborate on a GitHub repository, containing malicious npm package dependencies which would then be used to compromise the victim.https://medium.com/checkmarx-security/lazarus-group-launches-first-open-source-supply-chain-attacks-targeting-crypto-sector-cabc626e404e…NPM…",6,185,401,6.4万,[],[],[],https://pbs.twimg.com/profile_images/1390264140908748806/I8nxLuzB_normal.jpg,https://twitter.com/blackorbird/status/1691345881310928896,tweet_id:1691345881310928896
blackorbird,@blackorbird,2023-08-14T07:52:28.000Z,True,APT Group Charming Kitten 202308 IOCs from  German BfV.https://github.com/blackorbird/APT_REPORT/blob/master/Charming%20Kitten/2023-08-10-cyber-brief-no-01-2023.pdf…,1,28,53,1.1万,[],[],[],https://pbs.twimg.com/profile_images/1390264140908748806/I8nxLuzB_normal.jpg,https://twitter.com/blackorbird/status/1690994786415874048,tweet_id:1690994786415874048
blackorbird,@blackorbird,2023-08-14T06:23:56.000Z,True,"APT29 used Zulip servers(toyy[.]zulipchat[.]com) to establish a C2 connection, and to blend with legitimate web traffic.
DLL Sideloading:
Msoev.exe + Mso.dll & AppVIsvSubsystems64.dllhttps://blog.eclecticiq.com/german-embassy-lure-likely-part-of-campaign-against-nato-aligned-ministries-of-foreign-affairs…",2,53,135,2.3万,[],[],[],https://pbs.twimg.com/profile_images/1390264140908748806/I8nxLuzB_normal.jpg,https://twitter.com/blackorbird/status/1690972505975177216,tweet_id:1690972505975177216
blackorbird,@blackorbird,2023-08-09T09:50:57.000Z,True,"NK APT Group Attack Russian defense industrial base.
Attributes the email server compromise to the #ScarCruft threat actor.
The separate use of a #Lazarus Group backdoor for compromise of their internal network.https://sentinelone.com/labs/comrades-in-arms-north-korea-compromises-sanctioned-russian-missile-engineering-company/…",0,22,44,"6,493","['#ScarCruft', '#Lazarus']",[],[],https://pbs.twimg.com/profile_images/1390264140908748806/I8nxLuzB_normal.jpg,https://twitter.com/blackorbird/status/1689212662264307713,tweet_id:1689212662264307713
blackorbird,@blackorbird,2023-08-09T00:44:41.000Z,True,A GPT-empowered penetration testing toolhttp://github.com/GreyDGL/PentestGPT…,0,2,10,"2,263",[],[],[],https://pbs.twimg.com/profile_images/1390264140908748806/I8nxLuzB_normal.jpg,https://twitter.com/blackorbird/status/1689075188992966656,tweet_id:1689075188992966656
blackorbird,@blackorbird,2023-08-07T03:21:28.000Z,True,"APT Group : Mysterious Elephant
ORPCBackdoor
8AEB7DD31C764B0CF08B38030A73AC1D22B29522FBCF512E0D24544B3D01D8B3
88ecbe38dbafde7f423eb2feb6dc4a74
f4cea74c8a7f850dadf1e5133ba5e396
C&C
msdata.ddns[.]net
outlook-services.ddns[.]net
msoutllook.ddns[.]net
outlook-updates.ddns[.]net…",0,19,52,1万,[],[],[],https://pbs.twimg.com/profile_images/1390264140908748806/I8nxLuzB_normal.jpg,https://twitter.com/blackorbird/status/1688389868584570881,tweet_id:1688389868584570881
blackorbird,@blackorbird,2023-08-04T11:00:19.000Z,True,The Ups and Downs of 0-days: A Year in Review of 0-days Exploited In-the-Wild in 2022https://security.googleblog.com/2023/07/the-ups-and-downs-of-0-days-year-in.html?m=1…,0,0,1,"1,189",[],[],[],https://pbs.twimg.com/profile_images/1390264140908748806/I8nxLuzB_normal.jpg,https://twitter.com/blackorbird/status/1687418180468441088,tweet_id:1687418180468441088
blackorbird,@blackorbird,2023-08-04T07:04:36.000Z,True,"BlueCharlie/Blue Callisto/Callisto/Calisto/COLDRIVER/Star Blizzard/SEABORGIUM/TA446/TAG-53
build new infrastructure.https://github.com/blackorbird/APT_REPORT/blob/master/Calisto/BlueCharlie_Continues_to_Deploy_New_Infrastructure_in_2023.pdf…",0,9,20,"3,864",[],[],[],https://pbs.twimg.com/profile_images/1390264140908748806/I8nxLuzB_normal.jpg,https://twitter.com/blackorbird/status/1687358857964933120,tweet_id:1687358857964933120
blackorbird,@blackorbird,2023-08-02T02:13:44.000Z,True,#KimsukyUser-Agent attributionhttps://asec.ahnlab.com/ko/55646/,0,21,57,"8,934",['#Kimsuky'],[],[],https://pbs.twimg.com/profile_images/1390264140908748806/I8nxLuzB_normal.jpg,https://twitter.com/blackorbird/status/1686560884750196736,tweet_id:1686560884750196736
blackorbird,@blackorbird,2023-08-01T09:03:04.000Z,True,Data comparison of cyberspace between India and Pakistanhttps://paper.seebug.org/2094/,1,4,5,"3,498",[],[],[],https://pbs.twimg.com/profile_images/1390264140908748806/I8nxLuzB_normal.jpg,https://twitter.com/blackorbird/status/1686301511289286659,tweet_id:1686301511289286659
blackorbird,@blackorbird,2023-08-01T02:44:51.000Z,True,"Konni APT Campaign 202307
pdf:https://github.com/blackorbird/APT_REPORT/blob/master/konni/20230727_threat_inteligence_report_Konni.pdf…Comparisons and links between the cyber weapons of Konni and APT37.",0,23,32,"5,894",[],[],[],https://pbs.twimg.com/profile_images/1390264140908748806/I8nxLuzB_normal.jpg,https://twitter.com/blackorbird/status/1686206327314595840,tweet_id:1686206327314595840
blackorbird,@blackorbird,2023-07-31T08:38:36.000Z,True,"APT29 Adapts to Target Diplomatic Entities with GraphicalProton Malware.
C2 fingerprint:
176.10.111[.]77
51.75.210[.]218
185.174.101[.]243
pdf:https://github.com/blackorbird/APT_REPORT/blob/master/APT29/APT29%20Adapts%20to%20Target%20Diplomatic%20Entities%20with%20GraphicalProton%20Malware.pdf…",0,43,99,1.6万,[],[],[],https://pbs.twimg.com/profile_images/1390264140908748806/I8nxLuzB_normal.jpg,https://twitter.com/blackorbird/status/1685932965199777792,tweet_id:1685932965199777792
blackorbird,@blackorbird,2023-07-28T08:03:13.000Z,True,"Overture Maps Foundation Releases Its First World-Wide Open Map Dataset
Release includes four unique data layers: Places of Interest (POIs), Buildings, Transportation Network, and Administrative Boundaries. The Places dataset includes data on over 59 million places worldwide and…",0,2,2,"2,704",[],[],[],https://pbs.twimg.com/profile_images/1390264140908748806/I8nxLuzB_normal.jpg,https://twitter.com/blackorbird/status/1684836896994983936,tweet_id:1684836896994983936
blackorbird,@blackorbird,2023-07-27T10:08:21.000Z,True,"Phishing emails making use of the ""search-ms"" URI protocol handler to download malicious payload.https://trellix.com/en-us/about/newsroom/stories/research/beyond-file-search-a-novel-method.html…ClickOnce APT Group also use these technology.
<script>
window.location.href = 'search-ms:query=Review&crumb=location: \\\\domain@SSL\…",2,172,427,10万,[],[],[],https://pbs.twimg.com/profile_images/1390264140908748806/I8nxLuzB_normal.jpg,https://twitter.com/blackorbird/status/1684505999301029888,tweet_id:1684505999301029888
blackorbird,@blackorbird,2023-07-26T08:19:07.000Z,True,"A zero-day vulnerability  in Ivanti Endpoint Manager Mobile (EPMM), previously known as MobileIron Core, has been exploited by a threat actor to breach twelve Norwegian government agencies, according to the country's security service. 
CVE-2023-35078 allows an attacker to bypass…",0,4,12,"3,552",[],[],[],https://pbs.twimg.com/profile_images/1390264140908748806/I8nxLuzB_normal.jpg,https://twitter.com/blackorbird/status/1684116120700354561,tweet_id:1684116120700354561
blackorbird,@blackorbird,2023-07-25T07:35:24.000Z,True,"#UNC4899 North Korea Leverages SaaS Provider ""JumpCloud"" in a Targeted Supply Chain Attack.
DPRK threat actor UNC4899 connecting directly to an attacker-controlled ORB from their 175.45.178[.]0/24 subnet. (Ryugyong Dong, Pyongyang).
UNC4899's targeting is selective, and they have…",0,28,41,1万,['#UNC4899'],[],[],https://pbs.twimg.com/profile_images/1390264140908748806/I8nxLuzB_normal.jpg,https://twitter.com/blackorbird/status/1683742730617499650,tweet_id:1683742730617499650
blackorbird,@blackorbird,2023-07-25T02:02:29.000Z,True,mark,0,0,0,"2,881",[],[],[],https://pbs.twimg.com/profile_images/1390264140908748806/I8nxLuzB_normal.jpg,https://twitter.com/blackorbird/status/1683658949835497473,tweet_id:1683658949835497473
blackorbird,@blackorbird,2023-07-24T09:11:22.000Z,True,"#APT-Q-12 
Attackers deliver malicious files through .vhd files, use .lnk files to carry out attack activities, and carry military-themed decoy files .
The attacker's samples have been updated on the basis of previous ones. The paths, file names, exported function names,…",0,6,13,"3,334",['#APT'],[],[],https://pbs.twimg.com/profile_images/1390264140908748806/I8nxLuzB_normal.jpg,https://twitter.com/blackorbird/status/1683404494753902595,tweet_id:1683404494753902595
blackorbird,@blackorbird,2023-07-20T01:49:48.000Z,True,R.I.P,0,7,8,"2,433",[],[],[],https://pbs.twimg.com/profile_images/1390264140908748806/I8nxLuzB_normal.jpg,https://twitter.com/blackorbird/status/1681843819162238976,tweet_id:1681843819162238976
blackorbird,@blackorbird,2023-07-19T03:38:10.000Z,True,"iocs sharing
 https://twitter.com/i/communities/1681504109034340358…",0,1,7,"3,115",[],[],[],https://pbs.twimg.com/profile_images/1390264140908748806/I8nxLuzB_normal.jpg,https://twitter.com/blackorbird/status/1681508703298809856,tweet_id:1681508703298809856
blackorbird,@blackorbird,2023-07-17T14:05:35.000Z,True,Weird image generated based on my twitter avatar.,0,0,2,"1,659",[],[],[],https://pbs.twimg.com/profile_images/1390264140908748806/I8nxLuzB_normal.jpg,https://twitter.com/blackorbird/status/1680941821780963328,tweet_id:1680941821780963328
blackorbird,@blackorbird,2023-07-17T12:50:29.000Z,True,The newly discovered vulnerabilities affect a variety of products across a range of versions in three Honeywell Experion DCS platforms. In the Experion Process Knowledge System (EPKS) platform (Experion Server and Experion Station). In LX and PlantCruise platforms (Engineering…,0,4,4,"2,271",[],[],[],https://pbs.twimg.com/profile_images/1390264140908748806/I8nxLuzB_normal.jpg,https://twitter.com/blackorbird/status/1680922924218486786,tweet_id:1680922924218486786
blackorbird,@blackorbird,2023-07-14T10:04:21.000Z,True,"Lazarus/DangerousPassword attacks targeting macOS, and Linux environments by python and Nodejs.https://blogs.jpcert.or.jp/ja/2023/07/dangerouspassword_dev.html…",0,22,49,"7,483",[],[],[],https://pbs.twimg.com/profile_images/1390264140908748806/I8nxLuzB_normal.jpg,https://twitter.com/blackorbird/status/1679793948699803648,tweet_id:1679793948699803648
blackorbird,@blackorbird,2023-07-14T08:00:06.000Z,True,Rockwell Automation : Remote Code Execution and Denial-of-Service Vulnerabilities in Select Communication Modules #APThttps://cisa.gov/news-events/ics-advisories/icsa-23-193-01…https://dragos.com/blog/mitigating-cves-impacting-rockwell-automation-controllogix-firmware/…,0,4,6,"2,397",['#APT'],[],[],https://pbs.twimg.com/profile_images/1390264140908748806/I8nxLuzB_normal.jpg,https://twitter.com/blackorbird/status/1679762682432614400,tweet_id:1679762682432614400
blackorbird,@blackorbird,2023-07-13T10:28:12.000Z,True,The GRU's Disruptive Playbookhttps://mandiant.com/resources/blog/gru-disruptive-playbook…,0,8,33,"4,106",[],[],[],https://pbs.twimg.com/profile_images/1390264140908748806/I8nxLuzB_normal.jpg,https://twitter.com/blackorbird/status/1679437565475295233,tweet_id:1679437565475295233
blackorbird,@blackorbird,2023-07-12T08:14:54.000Z,True,Global Advanced Persistent Threat (APT) 2023 Mid-Year Reporthttps://github.com/blackorbird/APT_REPORT/blob/master/summary/2023/Global%20APT%202023%20Mid-Year%20Report-QIANXIN.pdf…,1,22,40,"9,873",[],[],[],https://pbs.twimg.com/profile_images/1390264140908748806/I8nxLuzB_normal.jpg,https://twitter.com/blackorbird/status/1679041629569826817,tweet_id:1679041629569826817
blackorbird,@blackorbird,2023-07-11T02:25:01.000Z,True,"CVE-2023-37450 Available for: iOS 16.5.1 and iPadOS 16.5.1
Processing web content may lead to arbitrary code execution. Apple is aware of a report that this issue may have been actively exploited.https://support.apple.com/en-us/HT213823",0,4,3,"3,354",[],[],[],https://pbs.twimg.com/profile_images/1390264140908748806/I8nxLuzB_normal.jpg,https://twitter.com/blackorbird/status/1678591189904416773,tweet_id:1678591189904416773
blackorbird,@blackorbird,2023-07-10T10:14:26.000Z,True,"CNC Group determine whether the current environment is sandbox by detecting whether the capacity of the C drive is close to 100G.
ref:
Report on the recent activity of South Asian APT Groups.https://mp.weixin.qq.com/s/FSkY30-0oKEvzYX2aWflCA…https://mp-weixin-qq-com.translate.goog/s/FSkY30-0oKEvzYX2aWflCA?_x_tr_sl=auto&_x_tr_tl=en&_x_tr_hl=en&_x_tr_pto=wapp…",0,3,24,"4,424",[],[],[],https://pbs.twimg.com/profile_images/1390264140908748806/I8nxLuzB_normal.jpg,https://twitter.com/blackorbird/status/1678346936917852160,tweet_id:1678346936917852160
blackorbird,@blackorbird,2023-07-09T08:12:47.000Z,True,"In the second quarter of 2023, the 0day vulnerability attacks and customized malware targeting MacOS by APT groups have increased.",0,1,5,"5,828",[],[],[],https://pbs.twimg.com/profile_images/1390264140908748806/I8nxLuzB_normal.jpg,https://twitter.com/blackorbird/status/1677953932797288456,tweet_id:1677953932797288456
blackorbird,@blackorbird,2023-07-05T02:10:58.000Z,True,Do you check whether your mobile phone and PC are being monitored before going to bed every day and then restart it?,1,3,3,"2,977",[],[],[],https://pbs.twimg.com/profile_images/1390264140908748806/I8nxLuzB_normal.jpg,https://twitter.com/blackorbird/status/1676413329919840256,tweet_id:1676413329919840256
blackorbird,@blackorbird,2023-07-04T06:49:33.000Z,True,"Patchwork use WarHawk/Spyder attack
C2 severhttps://mp.weixin.qq.com/s/ewGyvlmWUD45XTVsoxeVpg…https://mp-weixin-qq-com.translate.goog/s/ewGyvlmWUD45XTVsoxeVpg?_x_tr_sl=auto&_x_tr_tl=en&_x_tr_hl=en&_x_tr_pto=wapp…",1,18,39,"7,362",[],[],[],https://pbs.twimg.com/profile_images/1390264140908748806/I8nxLuzB_normal.jpg,https://twitter.com/blackorbird/status/1676121046934769665,tweet_id:1676121046934769665
blackorbird,@blackorbird,2023-07-03T09:46:26.000Z,True,"#Lazarus use of RUSTBUCKET for sustained operations at a cryptocurrency payment services provider
macos malware #DangerousPassword 
check /Users/<user>/Library/LaunchAgents/com.apple.systemupdate.plisthttps://elastic.co/cn/security-labs/DPRK-strikes-using-a-new-variant-of-rustbucket…",0,16,41,"9,662","['#Lazarus', '#DangerousPassword']",[],[],https://pbs.twimg.com/profile_images/1390264140908748806/I8nxLuzB_normal.jpg,https://twitter.com/blackorbird/status/1675803174551314432,tweet_id:1675803174551314432
blackorbird,@blackorbird,2023-04-03T07:42:59.000Z,True,3CX Supply Chain Collectionhttps://github.com/blackorbird/APT_REPORT/tree/master/lazarus/3CXSupplyChain…,1,11,17,"5,214",[],[],[],https://pbs.twimg.com/profile_images/1390264140908748806/I8nxLuzB_normal.jpg,https://twitter.com/blackorbird/status/1642794811207094273,tweet_id:1642794811207094273
blackorbird,@blackorbird,2023-07-01T13:43:51.000Z,True,The macOS malware used in the 3CX supply chain attack conducted by the Lazarus APThttps://github.com/blackorbird/APT_REPORT/blob/master/lazarus/3CXSupplyChain/NCSC_MAR-Smooth-Operator.pdf…,0,3,4,"1,665",[],[],[],https://pbs.twimg.com/profile_images/1390264140908748806/I8nxLuzB_normal.jpg,https://twitter.com/blackorbird/status/1675138145556504577,tweet_id:1675138145556504577
blackorbird,@blackorbird,2023-06-30T06:56:10.000Z,True,Kimsuky use Chrome Remote Desktop attack #APT https://asec.ahnlab.com/ko/54804/https://asec-ahnlab-com.translate.goog/ko/54804/?_x_tr_sl=auto&_x_tr_tl=en&_x_tr_hl=en&_x_tr_pto=wapp…,0,24,30,"5,748",['#APT'],[],[],https://pbs.twimg.com/profile_images/1390264140908748806/I8nxLuzB_normal.jpg,https://twitter.com/blackorbird/status/1674673163983265795,tweet_id:1674673163983265795
blackorbird,@blackorbird,2023-06-28T02:32:15.000Z,True,"The more nefarious third-party tools such as Cobalt Strike, MimiKatz, and Sharphound are used in legitimate scenarios.https://trellix.com/en-us/advanced-research-center/threat-reports/jun-2023.html…",0,12,31,"6,834",[],[],[],https://pbs.twimg.com/profile_images/1390264140908748806/I8nxLuzB_normal.jpg,https://twitter.com/blackorbird/status/1673881968956813316,tweet_id:1673881968956813316
blackorbird,@blackorbird,2023-06-25T10:41:14.000Z,True,North Korea’s Cyber Strategy #APT https://github.com/blackorbird/APT_REPORT/blob/master/International%20Strategic/Korea/North%20Korea%E2%80%99s%20Cyber%20Strategy.pdf…,1,11,41,"7,611",['#APT'],[],[],https://pbs.twimg.com/profile_images/1390264140908748806/I8nxLuzB_normal.jpg,https://twitter.com/blackorbird/status/1672917864049967104,tweet_id:1672917864049967104
blackorbird,@blackorbird,2023-06-21T14:45:04.000Z,True,"Dissecting TriangleDB, a Triangulation spyware implanthttps://securelist.com/triangledb-triangulation-implant/110050/…",1,4,8,1万,[],[],[],https://pbs.twimg.com/profile_images/1390264140908748806/I8nxLuzB_normal.jpg,https://twitter.com/blackorbird/status/1671529675422588928,tweet_id:1671529675422588928
blackorbird,@blackorbird,2023-06-22T03:03:12.000Z,True,TriangleDB indicators of compromise samplehttps://github.com/blackorbird/APT_REPORT/blob/master/International%20Strategic/USA/Triangulation/fd9e97cfb55f9cfb5d3e1388f712edd952d902f23a583826ebe55e9e322f730f…,0,1,1,"1,437",[],[],[],https://pbs.twimg.com/profile_images/1390264140908748806/I8nxLuzB_normal.jpg,https://twitter.com/blackorbird/status/1671715433207197698,tweet_id:1671715433207197698
blackorbird,@blackorbird,2023-06-21T10:05:23.000Z,True,BlueDelta Exploits Ukrainian Government Roundcube Mail Servers to Support Espionage Activities #APT28https://github.com/blackorbird/APT_REPORT/blob/master/APT28/BlueDelta%20Exploits%20Ukrainian%20Government%20Roundcube%20Mail%20Servers%20to%20Support%20Espionage%20Activities.pdf…,0,25,69,1.6万,['#APT28'],[],[],https://pbs.twimg.com/profile_images/1390264140908748806/I8nxLuzB_normal.jpg,https://twitter.com/blackorbird/status/1671459291386241024,tweet_id:1671459291386241024
blackorbird,@blackorbird,2023-06-21T09:58:55.000Z,True,APT37 attack targeting macOS usershttps://github.com/blackorbird/APT_REPORT/blob/master/group123/20230620_threat_inteligence_report_apt37_macos.pdf…ref:https://genians.co.kr/blog/threat_intelligence_report_macos…,1,60,149,2.3万,[],[],[],https://pbs.twimg.com/profile_images/1390264140908748806/I8nxLuzB_normal.jpg,https://twitter.com/blackorbird/status/1671457660628250625,tweet_id:1671457660628250625
blackorbird,@blackorbird,2023-06-15T06:48:55.000Z,True,SPECIAL REPORT | MANDIANT M-TRENDS 2023https://github.com/blackorbird/APT_REPORT/blob/master/summary/2023/M-Trends%202023%20Report%20MANDIANT%20SPECIAL%20REPORT.pdf…,0,0,6,"2,049",[],[],[],https://pbs.twimg.com/profile_images/1390264140908748806/I8nxLuzB_normal.jpg,https://twitter.com/blackorbird/status/1669235520126468097,tweet_id:1669235520126468097
blackorbird,@blackorbird,2023-06-13T05:42:04.000Z,True,"SPECTRALVIPER malware targeting a national Vietnamese agribusiness
related to #Oceanlotushttps://elastic.co/security-labs/elastic-charms-spectralviper…",0,3,12,"3,838",['#Oceanlotus'],[],[],https://pbs.twimg.com/profile_images/1390264140908748806/I8nxLuzB_normal.jpg,https://twitter.com/blackorbird/status/1668493922862235648,tweet_id:1668493922862235648
blackorbird,@blackorbird,2023-06-02T03:19:46.000Z,True,"Operation Triangulation
Attack Russian ,NATO bloc and the post-Soviet space, as well as Israel, the SAR and the PRC.#Spyware iOS Forensicshttps://securelist.com/operation-triangulation/109842/…",1,13,40,1.4万,['#Spyware'],[],[],https://pbs.twimg.com/profile_images/1390264140908748806/I8nxLuzB_normal.jpg,https://twitter.com/blackorbird/status/1664471844383256576,tweet_id:1664471844383256576
blackorbird,@blackorbird,2023-06-04T09:51:02.000Z,True,In search of the Triangulation: triangle_check utilityhttps://securelist.com/find-the-triangulation-utility/109867/…Ref:https://github.com/KasperskyLab/triangle_check…Releases:https://github.com/KasperskyLab/triangle_check/releases…,0,0,0,"2,059",[],[],[],https://pbs.twimg.com/profile_images/1390264140908748806/I8nxLuzB_normal.jpg,https://twitter.com/blackorbird/status/1665295085976817664,tweet_id:1665295085976817664
blackorbird,@blackorbird,2023-05-30T08:41:51.000Z,True,"Threat report summary report (207 pages)
review the year 2022 and discuss trends of 2023https://github.com/blackorbird/APT_REPORT/blob/master/summary/2023/positive-research-2023-eng.pdf…",0,20,31,"8,576",[],[],[],https://pbs.twimg.com/profile_images/1390264140908748806/I8nxLuzB_normal.jpg,https://twitter.com/blackorbird/status/1663465735249887234,tweet_id:1663465735249887234
blackorbird,@blackorbird,2023-05-30T02:10:48.000Z,True,Networking Manual v2.0https://github.com/blackorbird/APT_REPORT/blob/master/cybercrime/Analysis-of-THE-MANUAL.pdf…ref:https://pwndefend.com/2023/05/26/the-manual-version-2-0/…,0,4,11,"2,998",[],[],[],https://pbs.twimg.com/profile_images/1390264140908748806/I8nxLuzB_normal.jpg,https://twitter.com/blackorbird/status/1663367324957822976,tweet_id:1663367324957822976
blackorbird,@blackorbird,2023-05-25T04:09:22.000Z,True,#Kimsuky has made extensive use of less common TLDs during their malicious domain registration process.https://sentinelone.com/labs/kimsuky-ongoing-campaign-using-tailored-reconnaissance-toolkit/…,1,11,38,"6,740",['#Kimsuky'],[],[],https://pbs.twimg.com/profile_images/1390264140908748806/I8nxLuzB_normal.jpg,https://twitter.com/blackorbird/status/1661585223166083072,tweet_id:1661585223166083072
blackorbird,@blackorbird,2023-05-22T11:38:45.000Z,True,#Kimsuky Group’s Phishing Attacks Targetting North Korea-Related Personnelhttps://asec.ahnlab.com/en/52970/Kimsuky Group Using Meterpreter to Attack Web Servershttps://asec.ahnlab.com/en/53046/,0,11,17,"4,290",['#Kimsuky'],[],[],https://pbs.twimg.com/profile_images/1390264140908748806/I8nxLuzB_normal.jpg,https://twitter.com/blackorbird/status/1660611151657594880,tweet_id:1660611151657594880
blackorbird,@blackorbird,2023-05-22T11:33:57.000Z,True,#BadMagic #CloudWizardhttps://github.com/blackorbird/APT_REPORT/tree/master/BadMagic…,0,1,0,"1,497","['#BadMagic', '#CloudWizard']",[],[],https://pbs.twimg.com/profile_images/1390264140908748806/I8nxLuzB_normal.jpg,https://twitter.com/blackorbird/status/1660609941554761728,tweet_id:1660609941554761728
blackorbird,@blackorbird,2023-05-19T11:00:17.000Z,True,#APT37 (ScarCruft)  Uses Malicious Documents to Deliver RokRat Attack https://mp.weixin.qq.com/s/RjvwKH6UBETzUVtXje_bIA…https://mp-weixin-qq-com.translate.goog/s/RjvwKH6UBETzUVtXje_bIA?_x_tr_sl=zh-CN&_x_tr_tl=en&_x_tr_hl=en…,0,10,16,"3,119",['#APT37'],[],[],https://pbs.twimg.com/profile_images/1390264140908748806/I8nxLuzB_normal.jpg,https://twitter.com/blackorbird/status/1659514307338731523,tweet_id:1659514307338731523
blackorbird,@blackorbird,2023-05-19T06:57:53.000Z,True,"Kimsuky Golang Malware ""AlphaSeed""
E:/Go_Project/src/alpha/naver_crawl_spy/https://medium.com/s2wblog/detailed-analysis-of-alphaseed-a-new-version-of-kimsukys-appleseed-written-in-golang-2c885cce352a…",0,25,55,"9,377",[],[],[],https://pbs.twimg.com/profile_images/1390264140908748806/I8nxLuzB_normal.jpg,https://twitter.com/blackorbird/status/1659453303284187136,tweet_id:1659453303284187136
blackorbird,@blackorbird,2023-05-19T03:12:15.000Z,True,SideWinder IOC Updatehttps://bridewell.com/insights/news/detail/the-distinctive-rattle-of-apt-sidewinder…,0,6,10,"3,528",[],[],[],https://pbs.twimg.com/profile_images/1390264140908748806/I8nxLuzB_normal.jpg,https://twitter.com/blackorbird/status/1659396522004602887,tweet_id:1659396522004602887
blackorbird,@blackorbird,2023-05-18T03:11:50.000Z,True,This blog post provides details of previously unknown infrastructure belonging to APT SideWinder.https://group-ib.com/blog/hunting-sidewinder/…refhttps://mp.weixin.qq.com/s/9DkQhlT4m6YOvGYLFF4M1Q…,0,18,28,"8,731",[],[],[],https://pbs.twimg.com/profile_images/1390264140908748806/I8nxLuzB_normal.jpg,https://twitter.com/blackorbird/status/1659034026982936576,tweet_id:1659034026982936576
blackorbird,@blackorbird,2023-05-18T02:38:03.000Z,True,Use of compromised Ubiquiti Routers by APT28.https://blog.sekoia.io/apt28-leverages-multiple-phishing-techniques-to-target-ukrainian-civil-society/…,0,20,44,"8,608",[],[],[],https://pbs.twimg.com/profile_images/1390264140908748806/I8nxLuzB_normal.jpg,https://twitter.com/blackorbird/status/1659025526022090752,tweet_id:1659025526022090752
blackorbird,@blackorbird,2023-05-17T10:00:00.000Z,True,#Lazarus Andariel’s “Jupiter” malwarehttps://medium.com/@DCSO_CyTec/andariels-jupiter-malware-and-the-case-of-the-curious-c2-dbfe29f57499…https://github.com/DCSO/Blog_CyTec/blob/main/2023_05__andariel_niv/misp.event.json…,0,5,19,"3,436",['#Lazarus'],['https://medium.com/@DCSO_CyTec/andariels-jupiter-malware-and-the-case-of-the-curious-c2-dbfe29f57499…'],[],https://pbs.twimg.com/profile_images/1390264140908748806/I8nxLuzB_normal.jpg,https://twitter.com/blackorbird/status/1658774361330057216,tweet_id:1658774361330057216
blackorbird,@blackorbird,2023-05-17T09:01:40.000Z,True,"blind eagle/apt-c-36 > aggah
ioc:https://mp.weixin.qq.com/s/QTSefcnpZ9AeG0v2SIpwuA…https://mp-weixin-qq-com.translate.goog/s/QTSefcnpZ9AeG0v2SIpwuA?_x_tr_sl=zh-CN&_x_tr_tl=en&_x_tr_hl=en…",0,10,15,"3,329",[],[],[],https://pbs.twimg.com/profile_images/1390264140908748806/I8nxLuzB_normal.jpg,https://twitter.com/blackorbird/status/1658759681173757952,tweet_id:1658759681173757952
blackorbird,@blackorbird,2023-05-14T07:31:38.000Z,True,"A Deep Dive into the Israel-Based BEC Attacks
pdfhttps://github.com/blackorbird/APT_REPORT/blob/master/cybercrime/BEC/Exploring-the-Rise-of-Israel-Based-BEC-Attacks.pdf…iochttps://github.com/blackorbird/APT_REPORT/blob/master/cybercrime/BEC/202305ioc.txt…",1,17,39,1万,[],[],[],https://pbs.twimg.com/profile_images/1390264140908748806/I8nxLuzB_normal.jpg,https://twitter.com/blackorbird/status/1657649858550042624,tweet_id:1657649858550042624
blackorbird,@blackorbird,2023-05-11T02:28:48.000Z,True,"NewsPenguin USB worm
Andariel back
ref:https://github.com/blackorbird/APT_REPORT/blob/master/summary/2023/eset_apt_activity_report_q42022_q12023.pdf…",0,4,9,"2,390",[],[],[],https://pbs.twimg.com/profile_images/1390264140908748806/I8nxLuzB_normal.jpg,https://twitter.com/blackorbird/status/1656486483812040705,tweet_id:1656486483812040705
blackorbird,@blackorbird,2023-05-11T02:10:01.000Z,True,Cyber Threats 2022: A Year in Retrospect (by pwc)https://github.com/blackorbird/APT_REPORT/blob/master/summary/2023/2022-year-in-retrospect-report.pdf…,0,7,20,"4,188",[],[],[],https://pbs.twimg.com/profile_images/1390264140908748806/I8nxLuzB_normal.jpg,https://twitter.com/blackorbird/status/1656481757682860032,tweet_id:1656481757682860032
blackorbird,@blackorbird,2023-05-11T01:45:43.000Z,True,"Hunting Snake/Uroburos Malware(Yara&network communication protocol)#Turla created a covert peer-to-peer (P2P) network of numerous Snake-infected computers worldwide. 
pdfhttps://github.com/blackorbird/APT_REPORT/blob/master/Turla/aa23-129a_snake_malware_2.pdf…refhttps://cisa.gov/news-events/cybersecurity-advisories/aa23-129a…",0,3,6,"2,281",['#Turla'],[],[],https://pbs.twimg.com/profile_images/1390264140908748806/I8nxLuzB_normal.jpg,https://twitter.com/blackorbird/status/1656475643465572354,tweet_id:1656475643465572354
blackorbird,@blackorbird,2023-05-09T06:48:49.000Z,True,The SideWinder group’s in early March 2023 identified Turkey as a new target.,0,8,15,"3,388",[],[],[],https://pbs.twimg.com/profile_images/1390264140908748806/I8nxLuzB_normal.jpg,https://twitter.com/blackorbird/status/1655827145015590913,tweet_id:1655827145015590913
blackorbird,@blackorbird,2023-05-06T07:50:43.000Z,True,Anonymous Sudanhttps://github.com/blackorbird/APT_REPORT/blob/master/Anonymous/Anonymous-Sudan-Report.pdf…,1,11,23,"4,762",[],[],[],https://pbs.twimg.com/profile_images/1390264140908748806/I8nxLuzB_normal.jpg,https://twitter.com/blackorbird/status/1654755556387885103,tweet_id:1654755556387885103
blackorbird,@blackorbird,2023-05-05T05:14:54.000Z,True,"#Kimsuky  LiteSpeed Web Server Portal
BabyShark Malwarehttps://sentinelone.com/labs/kimsuky-evolves-reconnaissance-capabilities-in-new-global-campaign/…",0,9,17,"3,437",['#Kimsuky'],[],[],https://pbs.twimg.com/profile_images/1390264140908748806/I8nxLuzB_normal.jpg,https://twitter.com/blackorbird/status/1654353957752569857,tweet_id:1654353957752569857
blackorbird,@blackorbird,2023-05-05T04:11:51.000Z,True,#DustSquadOperational environment of the Nomadic Octopus espionage group's Tajikistan Campaign: Paperbug. https://github.com/blackorbird/APT_REPORT/blob/master/DustSquad/Nomadic%20Octopus%E2%80%99%20Paperbug%20Campaign.pdf…,0,7,6,"2,315",['#DustSquad'],[],[],https://pbs.twimg.com/profile_images/1390264140908748806/I8nxLuzB_normal.jpg,https://twitter.com/blackorbird/status/1654338092344680448,tweet_id:1654338092344680448
blackorbird,@blackorbird,2023-05-03T13:39:46.000Z,True,LNK -> ROKRAT Technical Analysis 2022-2023#APT37 #GROUP123https://research.checkpoint.com/2023/chain-reaction-rokrats-missing-link/…,0,9,22,"3,583","['#APT37', '#GROUP123']",[],[],https://pbs.twimg.com/profile_images/1390264140908748806/I8nxLuzB_normal.jpg,https://twitter.com/blackorbird/status/1653756233864867840,tweet_id:1653756233864867840
blackorbird,@blackorbird,2023-04-27T14:52:38.000Z,True,"The Bypass APT’s Malware in this quarter has the most in the past years. ChatGPT may have a great role, more than the report mentionedhttps://securelist.com/apt-trends-report-q1-2023/109581/…",0,5,12,"3,034",[],[],[],https://pbs.twimg.com/profile_images/1390264140908748806/I8nxLuzB_normal.jpg,https://twitter.com/blackorbird/status/1651600244122193924,tweet_id:1651600244122193924
blackorbird,@blackorbird,2023-04-27T14:44:18.000Z,True,"Tomiris Golang implant and SUNSHUTTLE (which has been associated to NOBELIUM/APT29/TheDukes) as well as Kazuar (which has been associated to Turla)
anam0rph[.]suhttps://securelist.com/tomiris-called-they-want-their-turla-malware-back/109552/…",1,11,16,"4,791",[],[],[],https://pbs.twimg.com/profile_images/1390264140908748806/I8nxLuzB_normal.jpg,https://twitter.com/blackorbird/status/1651598150438883328,tweet_id:1651598150438883328
blackorbird,@blackorbird,2023-04-27T03:46:27.000Z,True,QQ update servers hijackinghttps://welivesecurity.com/2023/04/26/evasive-panda-apt-group-malware-updates-popular-chinese-software/…,0,5,20,"3,532",[],[],[],https://pbs.twimg.com/profile_images/1390264140908748806/I8nxLuzB_normal.jpg,https://twitter.com/blackorbird/status/1651432595693993985,tweet_id:1651432595693993985
blackorbird,@blackorbird,2023-04-21T07:53:29.000Z,True,Exposed Web Panel Reveals #Gamaredon Group's Automated Spear Phishing Campaignshttps://blog.eclecticiq.com/exposed-web-panel-reveals-gamaredon-groups-automated-spear-phishing-campaigns…,0,24,45,"8,620",['#Gamaredon'],[],[],https://pbs.twimg.com/profile_images/1390264140908748806/I8nxLuzB_normal.jpg,https://twitter.com/blackorbird/status/1649320434616369153,tweet_id:1649320434616369153
blackorbird,@blackorbird,2023-04-21T02:26:53.000Z,True,#APT28 uses XSS in phishing against Ukranian usershttps://blog.google/threat-analysis-group/ukraine-remains-russias-biggest-cyber-focus-in-2023/…,1,25,36,1万,['#APT28'],[],[],https://pbs.twimg.com/profile_images/1390264140908748806/I8nxLuzB_normal.jpg,https://twitter.com/blackorbird/status/1649238244125724674,tweet_id:1649238244125724674
blackorbird,@blackorbird,2023-04-20T11:03:44.000Z,True,Patchwork attack iochttps://mp.weixin.qq.com/s/Nk2zml2d0HtK0hszyKW2Dw…,0,8,9,"3,385",[],[],[],https://pbs.twimg.com/profile_images/1390264140908748806/I8nxLuzB_normal.jpg,https://twitter.com/blackorbird/status/1649005925947310080,tweet_id:1649005925947310080
blackorbird,@blackorbird,2023-04-20T10:40:28.000Z,True,2022 #APT Activity Analysis Report#Oceanlotus  #bitter  #Patchwork #greenpothttps://github.com/blackorbird/APT_REPORT/blob/master/summary/2023/2022%20APT%20Activity%20Analysis%20Report%20threatbook.pdf…,1,14,31,"6,002","['#APT', '#Oceanlotus', '#bitter', '#Patchwork', '#greenpot']",[],[],https://pbs.twimg.com/profile_images/1390264140908748806/I8nxLuzB_normal.jpg,https://twitter.com/blackorbird/status/1649000069461581825,tweet_id:1649000069461581825
blackorbird,@blackorbird,2023-04-19T04:46:56.000Z,True,"New naming taxonomy, use this reference guide to look up the old and new names of Microsoft threat actors.#APT https://learn.microsoft.com/zh-cn/microsoft-365/security/intelligence/microsoft-threat-actor-naming?view=o365-worldwide…download:https://github.com/blackorbird/APT_REPORT/blob/master/microsoft-threat-actor-list.xlsx…refhttps://microsoft.com/en-us/security/blog/2023/04/18/microsoft-shifts-to-a-new-threat-actor-naming-taxonomy/…Hope to go back to the era of using the traditional APT+ number naming method",2,16,33,1万,['#APT'],[],['\\U0001f972'],https://pbs.twimg.com/profile_images/1390264140908748806/I8nxLuzB_normal.jpg,https://twitter.com/blackorbird/status/1648548715517411328,tweet_id:1648548715517411328
blackorbird,@blackorbird,2023-04-18T14:41:39.000Z,True,NSO Group’s #Pegasus Spyware Returns in 2022 with a Trio of iOS 15 and iOS 16 Zero-Click Exploit Chainshttps://citizenlab.ca/2023/04/nso-groups-pegasus-spyware-returns-in-2022/…,0,15,29,"7,471",['#Pegasus'],[],[],https://pbs.twimg.com/profile_images/1390264140908748806/I8nxLuzB_normal.jpg,https://twitter.com/blackorbird/status/1648335990732496897,tweet_id:1648335990732496897
blackorbird,@blackorbird,2023-04-17T05:02:48.000Z,True,"#APT29 
SNOWYAMBER tool analysis
HALFRIG tool analysis
QUARTERRIG tool analysis
IoC related to the New campainghttps://github.com/blackorbird/APT_REPORT/tree/master/APT29/CERT.PL…",0,16,40,1万,['#APT29'],[],[],https://pbs.twimg.com/profile_images/1390264140908748806/I8nxLuzB_normal.jpg,https://twitter.com/blackorbird/status/1647827930125590528,tweet_id:1647827930125590528
blackorbird,@blackorbird,2023-04-14T03:46:10.000Z,True,Summary of Operation DreamJob / NukeSped #Lazarushttps://securelist.com/the-lazarus-group-deathnote-campaign/109490/…,0,7,14,"5,647",['#Lazarus'],[],[],https://pbs.twimg.com/profile_images/1390264140908748806/I8nxLuzB_normal.jpg,https://twitter.com/blackorbird/status/1646721483035787266,tweet_id:1646721483035787266
blackorbird,@blackorbird,2023-04-14T03:31:04.000Z,True,#SpywareLearning iOS Forensics#QuaDream https://citizenlab.ca/2023/04/spyware-vendor-quadream-exploits-victims-customers/…#KingsPawnhttps://microsoft.com/en-us/security/blog/2023/04/11/dev-0196-quadreams-kingspawn-malware-used-to-target-civil-society-in-europe-north-america-the-middle-east-and-southeast-asia/…,0,14,45,"9,757","['#Spyware', '#QuaDream', '#KingsPawn']",[],[],https://pbs.twimg.com/profile_images/1390264140908748806/I8nxLuzB_normal.jpg,https://twitter.com/blackorbird/status/1646717682195263490,tweet_id:1646717682195263490
blackorbird,@blackorbird,2023-04-11T11:33:12.000Z,True,ScarCruft IOChttps://mp.weixin.qq.com/s/RHbsCLzahLP0zGgC3N5pPQ…,0,10,17,"3,861",[],[],[],https://pbs.twimg.com/profile_images/1390264140908748806/I8nxLuzB_normal.jpg,https://twitter.com/blackorbird/status/1645751850619265025,tweet_id:1645751850619265025
blackorbird,@blackorbird,2023-04-11T10:49:01.000Z,True,#APT28 Cobalt Strikehttps://informnapalm.org/en/hacked-russian-gru-officer/…,0,15,34,"6,607",['#APT28'],[],[],https://pbs.twimg.com/profile_images/1390264140908748806/I8nxLuzB_normal.jpg,https://twitter.com/blackorbird/status/1645740730953113601,tweet_id:1645740730953113601
blackorbird,@blackorbird,2023-04-09T06:40:21.000Z,True,#ThreatHunting https://github.com/mthcht/Purpleteam/blob/main/Logging/ThreatHunting.md…,0,10,29,"6,112",['#ThreatHunting'],[],[],https://pbs.twimg.com/profile_images/1390264140908748806/I8nxLuzB_normal.jpg,https://twitter.com/blackorbird/status/1644953375237361665,tweet_id:1644953375237361665
blackorbird,@blackorbird,2023-04-08T16:35:14.000Z,True,Spyware for physical hackerhttps://kentindell.github.io/2023/04/03/can-injection/…,0,4,11,"3,719",[],[],[],https://pbs.twimg.com/profile_images/1390264140908748806/I8nxLuzB_normal.jpg,https://twitter.com/blackorbird/status/1644740698296442882,tweet_id:1644740698296442882
blackorbird,@blackorbird,2023-03-31T05:01:55.000Z,True,Contracts Identify Cyber Operations Projects from Russian Company NTC #Vulkanhttps://mandiant.com/resources/blog/cyber-operations-russian-vulkan…Documents linked to notorious Russian hacking group #Sandworm #APThttps://theguardian.com/technology/2023/mar/30/vulkan-files-leak-reveals-putins-global-and-domestic-cyberwarfare-tactics…,1,29,53,1.2万,"['#Vulkan', '#Sandworm', '#APT']",[],[],https://pbs.twimg.com/profile_images/1390264140908748806/I8nxLuzB_normal.jpg,https://twitter.com/blackorbird/status/1641667114401681410,tweet_id:1641667114401681410
blackorbird,@blackorbird,2023-03-31T14:42:59.000Z,True,SEKOIA analysis of the #VulkanFiles leakhttps://blog.sekoia.io/sekoia-io-analysis-of-the-vulkanfiles-leak/…,1,6,15,"5,789",['#VulkanFiles'],[],[],https://pbs.twimg.com/profile_images/1390264140908748806/I8nxLuzB_normal.jpg,https://twitter.com/blackorbird/status/1641813343982985216,tweet_id:1641813343982985216
blackorbird,@blackorbird,2023-04-07T02:06:55.000Z,True,#VulkanFiles leak seven pdf files backuphttps://github.com/blackorbird/APT_REPORT/tree/master/International%20Strategic/Russia/Vulkan…,1,1,6,"1,670",['#VulkanFiles'],[],[],https://pbs.twimg.com/profile_images/1390264140908748806/I8nxLuzB_normal.jpg,https://twitter.com/blackorbird/status/1644159791206653952,tweet_id:1644159791206653952
blackorbird,@blackorbird,2023-04-06T10:15:09.000Z,True,#ARCHIPELAGOUpdatehttps://blog.google/threat-analysis-group/how-were-protecting-users-from-government-backed-attacks-from-north-korea/…,1,12,18,"6,955",['#ARCHIPELAGO'],[],[],https://pbs.twimg.com/profile_images/1390264140908748806/I8nxLuzB_normal.jpg,https://twitter.com/blackorbird/status/1643920271676674048,tweet_id:1643920271676674048
blackorbird,@blackorbird,2023-04-05T09:34:03.000Z,True,"In-Depth Analysis on The Roles of Threat Actors and Attacks In The Ukraine-Russia War:
IT Army of Ukrainehttps://github.com/blackorbird/APT_REPORT/blob/master/International%20Strategic/Ukraine/IT_Army_of_Ukraine_In_Depth_Analysis_on_The_Roles_of_Threat_Actors.pdf…",1,18,32,"6,862",[],[],[],https://pbs.twimg.com/profile_images/1390264140908748806/I8nxLuzB_normal.jpg,https://twitter.com/blackorbird/status/1643547538635788288,tweet_id:1643547538635788288
blackorbird,@blackorbird,2023-03-31T14:47:10.000Z,True,"Spyware vendors use 0-days and n-days against popular platforms #APTCampaign 1 - Your missed parcel included 0-days (CVE-2022-42856; CVE-2022-4135)
Campaign 2 - Complete exploit chain against Samsung Internet Browser (CVE-2022-4262; CVE-2023-0266)https://blog.google/threat-analysis-group/spyware-vendors-use-0-days-and-n-days-against-popular-platforms/…",0,10,25,"5,057",['#APT'],[],[],https://pbs.twimg.com/profile_images/1390264140908748806/I8nxLuzB_normal.jpg,https://twitter.com/blackorbird/status/1641814397185331200,tweet_id:1641814397185331200
blackorbird,@blackorbird,2023-03-30T03:15:37.000Z,True,APT43: North Korean Group Uses Cybercrime to Fund Espionage Operationshttps://github.com/blackorbird/APT_REPORT/blob/master/APT43/APT43%20Report.pdf…,0,21,51,1.3万,[],[],[],https://pbs.twimg.com/profile_images/1390264140908748806/I8nxLuzB_normal.jpg,https://twitter.com/blackorbird/status/1641277974963175424,tweet_id:1641277974963175424
blackorbird,@blackorbird,2023-03-27T06:56:46.000Z,True,APT attacks on industrial organizations in H2 2022https://github.com/blackorbird/APT_REPORT/blob/master/summary/2023/kaspersky-ics-cert-apt-attacks-on-industrial-organizations-in-h2-2022-en.pdf…,0,48,117,1.7万,[],[],[],https://pbs.twimg.com/profile_images/1390264140908748806/I8nxLuzB_normal.jpg,https://twitter.com/blackorbird/status/1640246465288351744,tweet_id:1640246465288351744
blackorbird,@blackorbird,2023-03-22T09:12:20.000Z,True,Warning on kimsuky Cyber Actor's Recent Cyber Campaigns against Google's Browser and AppStore Services #APT #IOChttps://github.com/blackorbird/APT_REPORT/blob/master/kimsuky/kimsuky-2023-03-20-joint-cyber-security-advisory.pdf…,0,17,38,"6,167","['#APT', '#IOC']",[],[],https://pbs.twimg.com/profile_images/1390264140908748806/I8nxLuzB_normal.jpg,https://twitter.com/blackorbird/status/1638468643796275200,tweet_id:1638468643796275200
blackorbird,@blackorbird,2023-03-22T04:39:01.000Z,True,2022 Zero-Day Exploitationhttps://mandiant.com/resources/blog/zero-days-exploited-2022…,0,19,38,"4,505",[],[],[],https://pbs.twimg.com/profile_images/1390264140908748806/I8nxLuzB_normal.jpg,https://twitter.com/blackorbird/status/1638399861354647553,tweet_id:1638399861354647553
blackorbird,@blackorbird,2023-03-22T01:50:30.000Z,True,#APT37 's GitHub repository overviewhttps://zscaler.com/blogs/security-research/unintentional-leak-glimpse-attack-vectors-apt37…,1,17,48,"9,178",['#APT37'],[],[],https://pbs.twimg.com/profile_images/1390264140908748806/I8nxLuzB_normal.jpg,https://twitter.com/blackorbird/status/1638357454097612805,tweet_id:1638357454097612805
blackorbird,@blackorbird,2023-03-21T03:49:21.000Z,True,2022 Threat Trend Report on Kimsuky Group #APThttps://github.com/blackorbird/APT_REPORT/blob/master/kimsuky/2022-Threat-Trend-Report-on-Kimsuky.pdf…,0,18,39,"6,596",['#APT'],[],[],https://pbs.twimg.com/profile_images/1390264140908748806/I8nxLuzB_normal.jpg,https://twitter.com/blackorbird/status/1638024974190669824,tweet_id:1638024974190669824
blackorbird,@blackorbird,2023-03-17T05:08:19.000Z,True,"#YoroTrooper Group
Aim to government or energy organizations in Azerbaijan, Tajikistan, Kyrgyzstan and other Commonwealth of Independent States (CIS)https://blog.talosintelligence.com/yorotrooper-espionage-campaign-cis-turkey-europe/…",0,7,14,"3,679",['#YoroTrooper'],[],[],https://pbs.twimg.com/profile_images/1390264140908748806/I8nxLuzB_normal.jpg,https://twitter.com/blackorbird/status/1636595294069735424,tweet_id:1636595294069735424
blackorbird,@blackorbird,2023-03-16T05:26:11.000Z,True,Kimsuky use QuasarRAThttps://blog.alyac.co.kr/5103,0,11,21,"3,674",[],[],[],https://pbs.twimg.com/profile_images/1390264140908748806/I8nxLuzB_normal.jpg,https://twitter.com/blackorbird/status/1636237402493837312,tweet_id:1636237402493837312
blackorbird,@blackorbird,2023-03-15T10:59:36.000Z,True,"#Gamaredon #Armageddon 
Abusing Telegram to Bypass DNShttps://github.com/blackorbird/APT_REPORT/blob/master/Gamaredon/Beyond_Bullets_and_Bombs_An_Examination_of_Armageddon_Groups_Cyber.pdf…",0,16,31,"3,995","['#Gamaredon', '#Armageddon']",[],[],https://pbs.twimg.com/profile_images/1390264140908748806/I8nxLuzB_normal.jpg,https://twitter.com/blackorbird/status/1635958922657017856,tweet_id:1635958922657017856
blackorbird,@blackorbird,2023-03-15T10:55:50.000Z,True,#nobelium #APT29 notionhttps://blogs.blackberry.com/en/2023/03/nobelium-targets-eu-governments-assisting-ukraine…,0,15,28,"5,189","['#nobelium', '#APT29']",[],[],https://pbs.twimg.com/profile_images/1390264140908748806/I8nxLuzB_normal.jpg,https://twitter.com/blackorbird/status/1635957972903010304,tweet_id:1635957972903010304
blackorbird,@blackorbird,2023-03-14T12:08:48.000Z,True,Global APT 2022 Annual Report#BlackTech #APT37 #ClickOncehttps://github.com/blackorbird/APT_REPORT/blob/master/summary/2023/Global%20APT%202022%20Annual%20Report-qianxin.pdf…,1,29,54,"6,952","['#BlackTech', '#APT37', '#ClickOnce']",[],[],https://pbs.twimg.com/profile_images/1390264140908748806/I8nxLuzB_normal.jpg,https://twitter.com/blackorbird/status/1635613949327470595,tweet_id:1635613949327470595
blackorbird,@blackorbird,2023-03-13T07:14:13.000Z,True,#KamiKakaBot #DarkPink #SaaiwcUpdatehttps://blog.eclecticiq.com/dark-pink-apt-group-strikes-government-entities-in-south-asian-countries…,1,15,38,"9,678","['#KamiKakaBot', '#DarkPink', '#Saaiwc']",[],[],https://pbs.twimg.com/profile_images/1390264140908748806/I8nxLuzB_normal.jpg,https://twitter.com/blackorbird/status/1635177428644691968,tweet_id:1635177428644691968
blackorbird,@blackorbird,2023-03-13T07:11:04.000Z,True,Russia’s Cyber Tactics Lessons Learned 2022 #CYBERWARAPT Name Update:UAC-XXXhttps://github.com/blackorbird/APT_REPORT/blob/master/International%20Strategic/Russia/Russia%E2%80%99s%20Cyber%20Tactics%20Lessons%20Learned%202022.pdf…,0,23,58,"7,592",['#CYBERWAR'],[],[],https://pbs.twimg.com/profile_images/1390264140908748806/I8nxLuzB_normal.jpg,https://twitter.com/blackorbird/status/1635176635510169607,tweet_id:1635176635510169607
blackorbird,@blackorbird,2023-03-13T07:04:44.000Z,True,North Korea's UNC2970 Group Analysis #APTPart 1:https://mandiant.com/resources/blog/lightshow-north-korea-unc2970…Part 2:https://mandiant.com/resources/blog/lightshift-and-lightshow…,0,31,74,"8,859",['#APT'],[],[],https://pbs.twimg.com/profile_images/1390264140908748806/I8nxLuzB_normal.jpg,https://twitter.com/blackorbird/status/1635175040386994177,tweet_id:1635175040386994177
blackorbird,@blackorbird,2023-03-13T05:01:08.000Z,True,2022 INTERNET CRIME REPORThttps://github.com/blackorbird/APT_REPORT/blob/master/cybercrime/2023/2022%20INTERNET%20CRIME%20REPORT.pdf…,1,6,11,"2,211",[],[],[],https://pbs.twimg.com/profile_images/1390264140908748806/I8nxLuzB_normal.jpg,https://twitter.com/blackorbird/status/1635143935847976961,tweet_id:1635143935847976961
blackorbird,@blackorbird,2023-03-11T08:35:32.000Z,True,#Pegasus #NSOGroupIt can be seen that there is still a special persistence method that has not been disclosedhttps://github.com/blackorbird/APT_REPORT/blob/master/NSOGroup/Memo-Citizen-Lab-Raymundo-Ramos-230304.pdf…https://ejercitoespia.r3d.mx,2,21,45,"8,358","['#Pegasus', '#NSOGroup']",[],[],https://pbs.twimg.com/profile_images/1390264140908748806/I8nxLuzB_normal.jpg,https://twitter.com/blackorbird/status/1634473114649149441,tweet_id:1634473114649149441
blackorbird,@blackorbird,2023-03-09T11:37:55.000Z,True,Deepfake Hacker Team#TA499 #Vovan #Lexushttps://proofpoint.com/us/blog/threat-insight/dont-answer-russia-aligned-ta499-beleaguers-targets-video-call-requests…,0,5,12,"2,913","['#TA499', '#Vovan', '#Lexus']",[],['\\U0001f602'],https://pbs.twimg.com/profile_images/1390264140908748806/I8nxLuzB_normal.jpg,https://twitter.com/blackorbird/status/1633794240059965440,tweet_id:1633794240059965440
blackorbird,@blackorbird,2023-03-09T08:48:46.000Z,True,Intrusion statistics aligned to the MITRE ATT&CK#2022_Year_in_Reviewhttps://thedfirreport.com/2023/03/06/2022-year-in-review/…,0,15,25,"2,242",['#2022_Year_in_Review'],[],[],https://pbs.twimg.com/profile_images/1390264140908748806/I8nxLuzB_normal.jpg,https://twitter.com/blackorbird/status/1633751670466420736,tweet_id:1633751670466420736
blackorbird,@blackorbird,2023-03-06T04:29:35.000Z,True,"About ""Morocco & NSOGROUP""https://github.com/blackorbird/APT_REPORT/tree/master/NSOGroup/Morocco…",0,5,12,"3,639",[],[],[],https://pbs.twimg.com/profile_images/1390264140908748806/I8nxLuzB_normal.jpg,https://twitter.com/blackorbird/status/1632599282913099776,tweet_id:1632599282913099776
blackorbird,@blackorbird,2023-03-06T04:02:09.000Z,True,EPA Cybersecurity for the Water Sectorhttps://epa.gov/waterriskassessment/epa-cybersecurity-water-sector#rule…,0,5,8,"2,167",[],[],[],https://pbs.twimg.com/profile_images/1390264140908748806/I8nxLuzB_normal.jpg,https://twitter.com/blackorbird/status/1632592378132328448,tweet_id:1632592378132328448
blackorbird,@blackorbird,2023-03-03T02:49:44.000Z,True,"2023 Global Threat Report from CrowdStrike #APT #cybercrime 
pdf:https://github.com/blackorbird/APT_REPORT/blob/master/summary/2023/CrowdStrike2023GlobalThreatReport.pdf…",0,18,45,"9,112","['#APT', '#cybercrime']",[],[],https://pbs.twimg.com/profile_images/1390264140908748806/I8nxLuzB_normal.jpg,https://twitter.com/blackorbird/status/1631486989953556482,tweet_id:1631486989953556482
blackorbird,@blackorbird,2023-03-03T02:31:32.000Z,True,"THE #Ghostwriter CAMPAIGN : AS A MULTI-VECTOR INFORMATION OPERATION
ATTEMPTS TO CONTROL ITS INFLUENCE &
THE LIMITATIONS O F CURRENT COUNTER-MEA SUREShttps://github.com/blackorbird/APT_REPORT/blob/master/Ghostwriter/Ghostwriter-Report-Final.pdf…",0,3,7,"1,615",['#Ghostwriter'],[],[],https://pbs.twimg.com/profile_images/1390264140908748806/I8nxLuzB_normal.jpg,https://twitter.com/blackorbird/status/1631482408636911616,tweet_id:1631482408636911616
blackorbird,@blackorbird,2023-03-02T04:50:19.000Z,True,"BlackLotus:The first in-the-wild UEFI bootkit bypassing UEFI Secure Boot on fully updated UEFI systems is now a reality
CVE-2022-21894https://welivesecurity.com/2023/03/01/blacklotus-uefi-bootkit-myth-confirmed/…",1,27,42,"6,774",[],[],[],https://pbs.twimg.com/profile_images/1390264140908748806/I8nxLuzB_normal.jpg,https://twitter.com/blackorbird/status/1631154948577837056,tweet_id:1631154948577837056
blackorbird,@blackorbird,2023-03-01T03:42:34.000Z,True,#Lazarus #APT #0dayLazarus attack group attack case using public certificate software vulnerability widely used in public institutions and universitieshttps://asec-ahnlab-com.translate.goog/ko/48416/?_x_tr_sl=ko&_x_tr_tl=en&_x_tr_hl=en…https://asec.ahnlab.com/ko/48416/,2,54,137,1.3万,"['#Lazarus', '#APT', '#0day']",[],[],https://pbs.twimg.com/profile_images/1390264140908748806/I8nxLuzB_normal.jpg,https://twitter.com/blackorbird/status/1630775508542820352,tweet_id:1630775508542820352
blackorbird,@blackorbird,2023-03-01T02:30:37.000Z,True,"ZK Framework AuUploader Unspecified Vulnerability
CVE-2022-36537
This system is being scanned worldwide.https://cisa.gov/known-exploited-vulnerabilities-catalog…",0,4,11,"2,622",[],[],[],https://pbs.twimg.com/profile_images/1390264140908748806/I8nxLuzB_normal.jpg,https://twitter.com/blackorbird/status/1630757403334680577,tweet_id:1630757403334680577
blackorbird,@blackorbird,2023-02-27T08:32:08.000Z,True,"#APT #Donot use Virtual Private Server (VPS) provider ""BitLaunch"", which accepts crypto payments. https://labs.k7computing.com/index.php/the-donot-apt/…",0,7,20,"5,014","['#APT', '#Donot']",[],[],https://pbs.twimg.com/profile_images/1390264140908748806/I8nxLuzB_normal.jpg,https://twitter.com/blackorbird/status/1630123604536078337,tweet_id:1630123604536078337
blackorbird,@blackorbird,2023-02-26T15:30:11.000Z,True,Hydrochasma: Previously Unknown Group Targets Medical and Shipping Organizations in Asiahttps://symantec-enterprise-blogs.security.com/blogs/threat-intelligence/hydrochasma-asia-medical-shipping-intelligence-gathering…Clasiopa: New Group Targets Materials Researchhttps://symantec-enterprise-blogs.security.com/blogs/threat-intelligence/clasiopa-materials-research…,0,2,7,"2,354",[],[],[],https://pbs.twimg.com/profile_images/1390264140908748806/I8nxLuzB_normal.jpg,https://twitter.com/blackorbird/status/1629866421797928961,tweet_id:1629866421797928961
blackorbird,@blackorbird,2023-02-20T02:54:09.000Z,True,"The Top 10 Most Prevalent MITRE ATT&CK
Techniques Used by Adversarieshttps://github.com/blackorbird/APT_REPORT/blob/master/summary/2023/RedReport2023-Picus.pdf…",3,71,165,1.9万,[],[],[],https://pbs.twimg.com/profile_images/1390264140908748806/I8nxLuzB_normal.jpg,https://twitter.com/blackorbird/status/1627501834482110465,tweet_id:1627501834482110465
blackorbird,@blackorbird,2023-02-19T13:38:25.000Z,True,"From ""How the Ukraine Conflict Transformed
the Cyber Threat Landscape""
Google's APT groups naming:
frozenbarents = Sandworm
frozenlake = APT28
coldriver = Callisto
summit = Turla
frozenvist = SaintBear
pushcha = Ghostwriterhttps://github.com/blackorbird/APT_REPORT/blob/master/International%20Strategic/Russia/google_fog_of_war_research_report.pdf…",1,26,51,"8,109",[],[],[],https://pbs.twimg.com/profile_images/1390264140908748806/I8nxLuzB_normal.jpg,https://twitter.com/blackorbird/status/1627301581791322114,tweet_id:1627301581791322114
blackorbird,@blackorbird,2023-02-17T13:01:20.000Z,True,"#Lazarus  #0dayData Hiding
Artifact Wiping
Trail Obfuscation
Attacks Against Computer Forensics
Physicalhttps://asec-ahnlab-com.translate.goog/ko/47820/?_x_tr_sl=auto&_x_tr_tl=en&_x_tr_hl=en&_x_tr_pto=wapp…https://asec.ahnlab.com/ko/47820/",0,30,73,"8,097","['#Lazarus', '#0day']",[],[],https://pbs.twimg.com/profile_images/1390264140908748806/I8nxLuzB_normal.jpg,https://twitter.com/blackorbird/status/1626567474555793412,tweet_id:1626567474555793412
blackorbird,@blackorbird,2023-02-16T03:45:19.000Z,True,https://virustotal.com/gui/ip-address/146.190.48.229/relations…,0,3,6,1.4万,[],[],[],https://pbs.twimg.com/profile_images/1390264140908748806/I8nxLuzB_normal.jpg,https://twitter.com/blackorbird/status/1626065160921309185,tweet_id:1626065160921309185
blackorbird,@blackorbird,2023-02-09T02:15:27.000Z,True,#APT37 #Group123 Compromising host analysis https://github.com/blackorbird/APT_REPORT/blob/master/group123/ScarCruft%20(APT37)%20active%20in%20South%20Korea.pdf…,0,25,54,"8,884","['#APT37', '#Group123']",[],[],https://pbs.twimg.com/profile_images/1390264140908748806/I8nxLuzB_normal.jpg,https://twitter.com/blackorbird/status/1623505826769162240,tweet_id:1623505826769162240
blackorbird,@blackorbird,2023-02-06T16:15:32.000Z,True,About Telegram  Cybercrimehttps://github.com/blackorbird/APT_REPORT/blob/master/cybercrime/KELA_Telegram_CEBIN.pdf…,0,22,57,"7,673",[],[],['\\U0001faa2'],https://pbs.twimg.com/profile_images/1390264140908748806/I8nxLuzB_normal.jpg,https://twitter.com/blackorbird/status/1622630079699484675,tweet_id:1622630079699484675
blackorbird,@blackorbird,2023-02-06T07:37:24.000Z,True,#Lazarus summary 2023https://github.com/blackorbird/APT_REPORT/blob/master/lazarus/WithSecure-Lazarus-No-Pineapple-Threat-Intelligence-Report-2023.pdf…,1,127,312,3.6万,['#Lazarus'],[],[],https://pbs.twimg.com/profile_images/1390264140908748806/I8nxLuzB_normal.jpg,https://twitter.com/blackorbird/status/1622499686526652416,tweet_id:1622499686526652416
blackorbird,@blackorbird,2023-02-02T14:17:17.000Z,True,#APT29 https://github.com/blackorbird/APT_REPORT/blob/master/APT29/BlueBravo%20Uses%20Ambassador%20Lure%20to%20Deploy%20GraphicalNeutrino%20Malware.pdf…,0,11,22,2.6万,['#APT29'],[],[],https://pbs.twimg.com/profile_images/1390264140908748806/I8nxLuzB_normal.jpg,https://twitter.com/blackorbird/status/1621150770614923264,tweet_id:1621150770614923264
blackorbird,@blackorbird,2023-02-02T04:01:26.000Z,True,#APT29https://virustotal.com/gui/file/1CFFAF3BE725D1514C87C328CA578D5DF1A86EA3B488E9586F9DB89D992DA5C4…ref:https://github.com/blackorbird/APT_REPORT/blob/master/summary/2023/eset_apt_activity_report_t32022.pdf…,2,18,51,2万,['#APT29'],[],[],https://pbs.twimg.com/profile_images/1390264140908748806/I8nxLuzB_normal.jpg,https://twitter.com/blackorbird/status/1620995786648739841,tweet_id:1620995786648739841
blackorbird,@blackorbird,2023-01-28T08:52:44.000Z,True,2022 FortiGuard Outbreak Alerts Annual Reporthttps://fortinet.com/blog/threat-research/fortiguard-outbreak-alerts-2022-annual-report…pdfhttps://github.com/blackorbird/APT_REPORT/blob/master/summary/2023/2022%20FortiGuard%20Outbreak%20Alerts%20Annual%20Report.pdf…,0,16,22,"3,752",[],[],[],https://pbs.twimg.com/profile_images/1390264140908748806/I8nxLuzB_normal.jpg,https://twitter.com/blackorbird/status/1619257155768688641,tweet_id:1619257155768688641
blackorbird,@blackorbird,2023-01-28T07:58:06.000Z,True,"#Lazarus 
2022 Blockchain Security and AML Analysis Annual Reporthttps://github.com/blackorbird/APT_REPORT/blob/master/summary/2023/2022-Blockchain-Security-and-AML-Analysis-Annual-Report(EN).pdf…",0,17,42,"6,157",['#Lazarus'],[],[],https://pbs.twimg.com/profile_images/1390264140908748806/I8nxLuzB_normal.jpg,https://twitter.com/blackorbird/status/1619243406349455360,tweet_id:1619243406349455360
blackorbird,@blackorbird,2023-01-27T04:21:20.000Z,True,Hive Ransomware’s Tor Infrastructurehttps://justice.gov/opa/pr/us-department-justice-disrupts-hive-ransomware-variant…,2,124,413,4.9万,[],[],[],https://pbs.twimg.com/profile_images/1390264140908748806/I8nxLuzB_normal.jpg,https://twitter.com/blackorbird/status/1618826465671512064,tweet_id:1618826465671512064
blackorbird,@blackorbird,2023-01-27T02:14:28.000Z,True,"#ThreatHunting #trainlessonHunting for Persistence in Linux
1: Auditd, Sysmon, Osquery (and Webshells)
2: Account Creation and Manipulation
3: Systemd, Timers, and Cron
4: Initialization Scripts and Shell Configuration
5: Systemd Generatorshttps://pberba.github.io/security/",1,57,191,1.7万,"['#ThreatHunting', '#trainlesson']",[],[],https://pbs.twimg.com/profile_images/1390264140908748806/I8nxLuzB_normal.jpg,https://twitter.com/blackorbird/status/1618794538646245376,tweet_id:1618794538646245376
blackorbird,@blackorbird,2023-01-25T08:38:06.000Z,True,"Lazarus Group and APT38, cyber actors associated with the DPRK, are responsible for the theft of $100 million of virtual currency from Harmony’s Horizon bridge, reported on June 24, 2022.https://fbi.gov/news/press-releases/fbi-confirms-lazarus-group-apt38-cyber-actors-responsible-for-harmonys-horizon-bridge-currency-theft…ref:https://cisa.gov/uscert/ncas/alerts/aa22-108a…",0,9,24,"3,999",[],[],[],https://pbs.twimg.com/profile_images/1390264140908748806/I8nxLuzB_normal.jpg,https://twitter.com/blackorbird/status/1618166307786215424,tweet_id:1618166307786215424
blackorbird,@blackorbird,2023-01-23T16:12:38.000Z,True,#mark,0,3,2,"2,153",['#mark'],[],[],https://pbs.twimg.com/profile_images/1390264140908748806/I8nxLuzB_normal.jpg,https://twitter.com/blackorbird/status/1617555919331815425,tweet_id:1617555919331815425
blackorbird,@blackorbird,2023-01-22T17:29:32.000Z,True,url signature,0,7,8,"3,640",[],[],[],https://pbs.twimg.com/profile_images/1390264140908748806/I8nxLuzB_normal.jpg,https://twitter.com/blackorbird/status/1617212885259923456,tweet_id:1617212885259923456
blackorbird,@blackorbird,2023-01-18T07:29:12.000Z,True,APT Annual Research Report 2022https://github.com/blackorbird/APT_REPORT/blob/master/summary/2023/360_APT_Annual_Research_Report_2022.pdf…,3,92,232,3.7万,[],[],[],https://pbs.twimg.com/profile_images/1390264140908748806/I8nxLuzB_normal.jpg,https://twitter.com/blackorbird/status/1615612253021294593,tweet_id:1615612253021294593
blackorbird,@blackorbird,2023-01-18T10:04:39.000Z,True,"#Darkhotel use Firefox 0day exploit attack.
CVE-2022-26485
CVE-2022-26486",3,22,39,"7,097",['#Darkhotel'],[],[],https://pbs.twimg.com/profile_images/1390264140908748806/I8nxLuzB_normal.jpg,https://twitter.com/blackorbird/status/1615651374829809667,tweet_id:1615651374829809667
blackorbird,@blackorbird,2023-01-18T15:08:05.000Z,True,#APT #Oceanlotus use CobaltStrike RCE Exploit (CVE-2022-39197) to attack redteam or user.,1,14,40,"8,530","['#APT', '#Oceanlotus']",[],[],https://pbs.twimg.com/profile_images/1390264140908748806/I8nxLuzB_normal.jpg,https://twitter.com/blackorbird/status/1615727736676548610,tweet_id:1615727736676548610
blackorbird,@blackorbird,2023-01-09T04:13:50.000Z,True,A variant of the #CIA HIVE attack kit in the wild.#xdr33 main purpose is to collect sensitive information and provide a foothold for subsequent intrusions.#F5 #botnethttps://blog-netlab-360-com.translate.goog/warning-hive-variant-xdr33-is-coming_cn/?_x_tr_sl=zh-CN&_x_tr_tl=en&_x_tr_hl=en…https://blog.netlab.360.com/warning-hive-variant-xdr33-is-coming_cn/…Sample:https://virustotal.com/gui/file/f78075951f0272020ca33fee78c3cf9007a0db1842af5cd0eeab518ccc915b16/details…,1,38,83,1.4万,"['#CIA', '#xdr33', '#F5', '#botnet']",[],[],https://pbs.twimg.com/profile_images/1390264140908748806/I8nxLuzB_normal.jpg,https://twitter.com/blackorbird/status/1612301597358592000,tweet_id:1612301597358592000
blackorbird,@blackorbird,2023-01-17T01:22:52.000Z,True,English version #hive #cia #botnethttps://blog.netlab.360.com/headsup_xdr33_variant_of_ciahive_emeerges/…,0,6,4,"1,304","['#hive', '#cia', '#botnet']",[],[],https://pbs.twimg.com/profile_images/1390264140908748806/I8nxLuzB_normal.jpg,https://twitter.com/blackorbird/status/1615157674697543681,tweet_id:1615157674697543681
blackorbird,@blackorbird,2023-01-16T03:46:16.000Z,True,"#ThreatHunting process automation
Automating Malware Analysis Operations (MAOps)
Malware C2 Monitoring
Malware Hunting using Cloud
YARA CI/CD system
Surface Analysis System on Cloud
Memory Forensic on Cloudhttps://blogs.jpcert.or.jp/en/2023/01/cloud_malware_analysis.html…repo:https://github.com/orgs/JPCERTCC/repositories?q=&type=public&language=&sort=…",1,33,93,1万,['#ThreatHunting'],[],[],https://pbs.twimg.com/profile_images/1390264140908748806/I8nxLuzB_normal.jpg,https://twitter.com/blackorbird/status/1614831374430765057,tweet_id:1614831374430765057
blackorbird,@blackorbird,2023-01-16T03:32:04.000Z,True,#detect #redteamCrossC2 developed based on the Cobalt Strike framework can be used for other cross-platform system control.https://github.com/CrossC2/CrossC2Kit…https://gloxec-github-io.translate.goog/CrossC2/zh_cn/usage/iOS.html?_x_tr_sl=zh-CN&_x_tr_tl=en&_x_tr_hl=en…,0,26,79,1万,"['#detect', '#redteam']",[],[],https://pbs.twimg.com/profile_images/1390264140908748806/I8nxLuzB_normal.jpg,https://twitter.com/blackorbird/status/1614827802553102336,tweet_id:1614827802553102336
blackorbird,@blackorbird,2023-01-13T06:52:26.000Z,True,NoName057(16) – The Pro-Russian Hacktivist Group Targeting NATOhttps://sentinelone.com/labs/noname05716-the-pro-russian-hacktivist-group-targeting-nato/…,0,9,23,"3,452",[],[],[],https://pbs.twimg.com/profile_images/1390264140908748806/I8nxLuzB_normal.jpg,https://twitter.com/blackorbird/status/1613791062493122561,tweet_id:1613791062493122561
blackorbird,@blackorbird,2023-01-13T02:34:44.000Z,True,Iranian Spyware Delivered in VPN Installers #EyeSpy https://github.com/blackorbird/APT_REPORT/blob/master/International%20Strategic/Iran/Bitdefender-PR-Whitepaper-EyeSpyVPN-creat625-en-EN.pdf…,0,6,26,"4,832",['#EyeSpy'],[],[],https://pbs.twimg.com/profile_images/1390264140908748806/I8nxLuzB_normal.jpg,https://twitter.com/blackorbird/status/1613726210923827201,tweet_id:1613726210923827201
blackorbird,@blackorbird,2023-01-12T11:30:22.000Z,True,2022 Yearbook of APT groups Analysis from knownsechttps://github.com/blackorbird/APT_REPORT/blob/master/summary/2023/2022%20Yearbook%20of%20APT%20group%20Analysis.pdf…,0,8,22,"1,993",[],[],[],https://pbs.twimg.com/profile_images/1390264140908748806/I8nxLuzB_normal.jpg,https://twitter.com/blackorbird/status/1613498617918287873,tweet_id:1613498617918287873
blackorbird,@blackorbird,2023-01-11T10:35:57.000Z,True,"Dark Pink’s victims are located in five APAC countries (Vietnam, Malaysia, Indonesia, Cambodia, Philippines) and one European country (Bosnia and Herzegovina).#Saaiwc #APThttps://blog.group-ib.com/dark-pink-apt",0,18,24,1.6万,"['#Saaiwc', '#APT']",[],[],https://pbs.twimg.com/profile_images/1390264140908748806/I8nxLuzB_normal.jpg,https://twitter.com/blackorbird/status/1613122535830482946,tweet_id:1613122535830482946
blackorbird,@blackorbird,2023-01-11T06:13:49.000Z,True,#StrongPity Android spyware signaturehttps://welivesecurity.com/2023/01/10/strongpity-espionage-campaign-targeting-android-users/…,0,7,25,"5,324",['#StrongPity'],[],[],https://pbs.twimg.com/profile_images/1390264140908748806/I8nxLuzB_normal.jpg,https://twitter.com/blackorbird/status/1613056565673852929,tweet_id:1613056565673852929
blackorbird,@blackorbird,2023-01-06T10:38:17.000Z,True,I need a Spanish teacher #BLINDEAGLE #APThttps://research.checkpoint.com/2023/blindeagle-targeting-ecuador-with-sharpened-tools/…,4,2,6,"2,863","['#BLINDEAGLE', '#APT']",[],['\\U0001f923'],https://pbs.twimg.com/profile_images/1390264140908748806/I8nxLuzB_normal.jpg,https://twitter.com/blackorbird/status/1611311183214301185,tweet_id:1611311183214301185
blackorbird,@blackorbird,2023-01-06T09:24:53.000Z,True,"#Saaiwc Group targeting military and financial departments in the Philippines, Cambodia, and Vietnam.
Use Telegram Bot Api to control victims.https://mp.weixin.qq.com/s/G3gUjg9WC96NW4cRPww6gw…https://mp-weixin-qq-com.translate.goog/s/G3gUjg9WC96NW4cRPww6gw?_x_tr_sl=zh-CN&_x_tr_tl=en&_x_tr_hl=en…",0,21,34,2.1万,['#Saaiwc'],[],[],https://pbs.twimg.com/profile_images/1390264140908748806/I8nxLuzB_normal.jpg,https://twitter.com/blackorbird/status/1611292713550516224,tweet_id:1611292713550516224
blackorbird,@blackorbird,2023-01-06T03:51:28.000Z,True,"#Turla #UNC4210 distributing the KOPILUWAK reconnaissance utility and QUIETCANARY backdoor to ANDROMEDA malware victims in Ukraine.
ANDROMEDA malware continues to spread from compromised USB devices.https://mandiant.com/resources/blog/turla-galaxy-opportunity…",0,16,18,"9,885","['#Turla', '#UNC4210']",[],[],https://pbs.twimg.com/profile_images/1390264140908748806/I8nxLuzB_normal.jpg,https://twitter.com/blackorbird/status/1611208806025035776,tweet_id:1611208806025035776
blackorbird,@blackorbird,2023-01-03T08:10:30.000Z,True,MuddyWater APT Group Profilehttps://socradar.io/dark-web-profile-muddywater-apt-group/…,1,19,45,"9,831",[],[],[],https://pbs.twimg.com/profile_images/1390264140908748806/I8nxLuzB_normal.jpg,https://twitter.com/blackorbird/status/1610186828514222081,tweet_id:1610186828514222081
Viacheslav Biriukov,@brk0v,2022-12-30T12:42:53.000Z,False,mmap() is a tremendously important Linux syscall. Many open-source and in-house databases and KV storages use it internally to simplify data access. That's why it's so essential for SREs to understand its interaction with Page Cache: https://biriukov.dev/docs/page-cache/3-page-cache-and-basic-file-operations/…,24,472,"2,510",33万,[],[],[],https://pbs.twimg.com/profile_images/1439554470938021890/-3gkGLcN_normal.jpg,https://twitter.com/brk0v/status/1608805823236689925,tweet_id:1608805823236689925
blackorbird,@blackorbird,2022-12-30T04:44:33.000Z,True,Top 20 Most Popular Hacking Tools in 2022https://kitploit.com/2022/12/top-20-most-popular-hacking-tools-in.html…,0,3,16,"4,686",[],[],[],https://pbs.twimg.com/profile_images/1390264140908748806/I8nxLuzB_normal.jpg,https://twitter.com/blackorbird/status/1608685450260275200,tweet_id:1608685450260275200
blackorbird,@blackorbird,2022-12-28T02:25:48.000Z,True,"#Lazarus #BlueNoroff introduces new methods bypassing MoTW
docs.azure-protection[.]cloudhttps://securelist.com/bluenoroff-methods-bypass-motw/108383/…",1,20,103,1.7万,"['#Lazarus', '#BlueNoroff']",[],[],https://pbs.twimg.com/profile_images/1390264140908748806/I8nxLuzB_normal.jpg,https://twitter.com/blackorbird/status/1607925754771439616,tweet_id:1607925754771439616
blackorbird,@blackorbird,2022-01-11T06:37:24.000Z,True,Collection: 2022 Annual Cyber Threat Research Report (Updating) https://github.com/blackorbird/APT_REPORT/tree/master/summary/2022…,11,81,207,0,[],[],[],https://pbs.twimg.com/profile_images/1390264140908748806/I8nxLuzB_normal.jpg,https://twitter.com/blackorbird/status/1480790931305500674,tweet_id:1480790931305500674
blackorbird,@blackorbird,2022-12-28T02:22:24.000Z,True,2022 Annual Cyber Threat Research Report (Ending)https://github.com/blackorbird/APT_REPORT/blob/master/summary/2023/2022_APT_TRENDS_INSIGHT_REPORT.pdf…,0,4,7,"1,649",[],[],[],https://pbs.twimg.com/profile_images/1390264140908748806/I8nxLuzB_normal.jpg,https://twitter.com/blackorbird/status/1607924900123250689,tweet_id:1607924900123250689
blackorbird,@blackorbird,2022-12-26T03:09:33.000Z,True,A socially engineered supply chain operation focused on Ukrainian government entities that leveraged trojanized ISO files masquerading as legitimate Windows 10 Operating System installers. https://mandiant.com/resources/blog/trojanized-windows-installers-ukrainian-government…,0,17,42,1.2万,[],[],[],https://pbs.twimg.com/profile_images/1390264140908748806/I8nxLuzB_normal.jpg,https://twitter.com/blackorbird/status/1607211988245180418,tweet_id:1607211988245180418
blackorbird,@blackorbird,2022-12-21T05:03:19.000Z,True,CVE-2022-41040 and CVE-2022-41082 – zero-days in MS Exchangehttps://securelist.com/cve-2022-41040-and-cve-2022-41082-zero-days-in-ms-exchange/108364/…,1,69,175,2.3万,[],[],[],https://pbs.twimg.com/profile_images/1390264140908748806/I8nxLuzB_normal.jpg,https://twitter.com/blackorbird/status/1605428679521312769,tweet_id:1605428679521312769
blackorbird,@blackorbird,2022-12-22T06:58:33.000Z,True,A new exploit method consisting of CVE-2022-41080 and CVE-2022-41082 to achieve RCE through Outlook Web Access (OWA). The new exploit method bypasses URL rewrite mitigations for the Autodiscover endpoint provided by Microsoft in response to ProxyNotShell.https://crowdstrike.com/blog/owassrf-exploit-analysis-and-recommendations/…,1,1,13,"4,306",[],[],[],https://pbs.twimg.com/profile_images/1390264140908748806/I8nxLuzB_normal.jpg,https://twitter.com/blackorbird/status/1605820066745831425,tweet_id:1605820066745831425
blackorbird,@blackorbird,2022-12-26T02:21:36.000Z,True,"OWASSRF Vulnerability Exploitation
Infrastructure
140.82.52[.]35
217.69.10[.]255
45.76.246[.]112
216.128.146[.]38
95.179.162[.]125
192.248.176[.]138
140.82.52[.]35
45.32.144[.]71",0,2,7,"2,018",[],[],[],https://pbs.twimg.com/profile_images/1390264140908748806/I8nxLuzB_normal.jpg,https://twitter.com/blackorbird/status/1607199923547832320,tweet_id:1607199923547832320
blackorbird,@blackorbird,2022-12-22T07:07:47.000Z,True,11 Problems ChatGPT Can Solve For Reverse Engineers and Malware Analystshttps://sentinelone.com/labs/11-problems-chatgpt-can-solve-for-reverse-engineers-and-malware-analysts/…,0,55,153,1.8万,[],[],[],https://pbs.twimg.com/profile_images/1390264140908748806/I8nxLuzB_normal.jpg,https://twitter.com/blackorbird/status/1605822390436474881,tweet_id:1605822390436474881
blackorbird,@blackorbird,2022-12-21T07:52:16.000Z,True,Beyond Just Hacking: Open Threats to Cybersecurity Community#Gamaredonhttps://unit42.paloaltonetworks.com/trident-ursa/,0,6,9,"2,259",['#Gamaredon'],[],[],https://pbs.twimg.com/profile_images/1390264140908748806/I8nxLuzB_normal.jpg,https://twitter.com/blackorbird/status/1605471196723654656,tweet_id:1605471196723654656
blackorbird,@blackorbird,2022-12-20T08:38:55.000Z,True,2022 Adversary Infrastructure Reporthttps://github.com/blackorbird/APT_REPORT/blob/master/summary/2022/2022%20Adversary%20Infrastructure%20Report.pdf…,0,22,39,"6,924",[],[],[],https://pbs.twimg.com/profile_images/1390264140908748806/I8nxLuzB_normal.jpg,https://twitter.com/blackorbird/status/1605120550317150208,tweet_id:1605120550317150208
blackorbird,@blackorbird,2022-12-20T08:25:30.000Z,True,VT Intelligence Cheat Sheethttps://blog.virustotal.com/2022/12/vt-intelligence-cheat-sheet.html…https://github.com/blackorbird/APT_REPORT/blob/master/APT-hunting/VTI_Cheatsheet.pdf…,0,94,274,2.3万,[],[],[],https://pbs.twimg.com/profile_images/1390264140908748806/I8nxLuzB_normal.jpg,https://twitter.com/blackorbird/status/1605117172237316098,tweet_id:1605117172237316098
blackorbird,@blackorbird,2022-12-15T07:24:00.000Z,True,"Windows SmartScreen Security Feature Bypass Vulnerability
CVE-2022-44698https://msrc.microsoft.com/update-guide/en-US/vulnerability/CVE-2022-44698…Vulnerability used by threat actors to circumvent the Windows SmartScreen security feature and deliver Magniber ransomware and Qbot malware payloads.https://bleepingcomputer.com/news/security/microsoft-patches-windows-zero-day-used-to-drop-ransomware/…",0,7,15,0,[],[],[],https://pbs.twimg.com/profile_images/1390264140908748806/I8nxLuzB_normal.jpg,https://twitter.com/blackorbird/status/1603289757571682304,tweet_id:1603289757571682304
blackorbird,@blackorbird,2022-12-15T06:48:42.000Z,True,"LODEINFO targeted Japanese political entities
Credential and browser cookie stealinghttps://welivesecurity.com/2022/12/14/unmasking-mirrorface-operation-liberalface-targeting-japanese-political-entities/…",0,11,26,0,[],[],[],https://pbs.twimg.com/profile_images/1390264140908748806/I8nxLuzB_normal.jpg,https://twitter.com/blackorbird/status/1603280875910635520,tweet_id:1603280875910635520
blackorbird,@blackorbird,2022-12-14T08:49:04.000Z,True,"http://apk.sh is a Bash script that makes reverse engineering Android apps easier, automating some repetitive tasks like pulling, decoding, rebuilding and patching an APK.https://github.com/ax/apk.sh",1,16,40,0,[],[],[],https://pbs.twimg.com/profile_images/1390264140908748806/I8nxLuzB_normal.jpg,https://twitter.com/blackorbird/status/1602948778100592641,tweet_id:1602948778100592641
blackorbird,@blackorbird,2022-12-14T06:38:23.000Z,True,"Security Flaw: Atlassian products (Jira, Confluence, and BitBucket) cookies are not invalidated, even if the password is changed, with 2FA (Two-factor Authentication) enabled, as the cookie validity is 30 days. https://cloudsek.com/cyber-security-incident-at-cloudsek/…https://cloudsek.com/security-flaw-in-atlassian-products-jira-confluencetrello-bitbucket-affecting-multiple-companies/…",0,29,78,0,[],[],[],https://pbs.twimg.com/profile_images/1390264140908748806/I8nxLuzB_normal.jpg,https://twitter.com/blackorbird/status/1602915891577966593,tweet_id:1602915891577966593
blackorbird,@blackorbird,2022-12-14T05:26:29.000Z,True,New golang botnet RedGoBot: Use Vacron NVR RCE Exploit to spread.https://mp.weixin.qq.com/s/4iTA4LBNEnOQ5T5AcvZCCA…,0,9,14,0,[],[],[],https://pbs.twimg.com/profile_images/1390264140908748806/I8nxLuzB_normal.jpg,https://twitter.com/blackorbird/status/1602897793554604032,tweet_id:1602897793554604032
blackorbird,@blackorbird,2022-12-13T06:41:10.000Z,True,"Because /etc/vmware/rhttpproxy/endpoints.conf is also among the system files that are backed up and restored automatically, this reverse proxy configuration is persistent.https://blogs.juniper.net/en-us/threat-research/a-custom-python-backdoor-for-vmware-esxi-servers…",0,8,12,0,[],[],['\\u26a0\\ufe0f'],https://pbs.twimg.com/profile_images/1390264140908748806/I8nxLuzB_normal.jpg,https://twitter.com/blackorbird/status/1602554203355852800,tweet_id:1602554203355852800
blackorbird,@blackorbird,2022-12-12T07:23:18.000Z,True,"#Lazarus DLL sideloading
CameraSettingsUIHost.exe loads the legitimate dui70.dll from the system directory which then causes the load of the malicious DUser.dll which was dropped in the same directory as the executable.https://malwarebytes.com/blog/news/2022/12/lazarus-group-uses-fake-cryptocurrency-apps-to-plant-applejeus-malware…",0,26,74,0,['#Lazarus'],[],[],https://pbs.twimg.com/profile_images/1390264140908748806/I8nxLuzB_normal.jpg,https://twitter.com/blackorbird/status/1602202416526462976,tweet_id:1602202416526462976
blackorbird,@blackorbird,2022-12-09T06:23:27.000Z,True,"Attacks against surrounding the #WorldCup in Qatar.
In the data leaked by the attacker’s server,Devices in the Arabic region accounted for 92.32%, mainly distributed in Israel, followed by Palestine.https://mp.weixin.qq.com/s/48Atw1b6Oe7A-vlsKHYWwg…https://mp-weixin-qq-com.translate.goog/s/48Atw1b6Oe7A-vlsKHYWwg?_x_tr_sl=auto&_x_tr_tl=en&_x_tr_hl=en&_x_tr_pto=wapp…",1,15,16,0,['#WorldCup'],[],['\\u26a0\\ufe0f'],https://pbs.twimg.com/profile_images/1390264140908748806/I8nxLuzB_normal.jpg,https://twitter.com/blackorbird/status/1601100193587339264,tweet_id:1601100193587339264
blackorbird,@blackorbird,2022-12-08T03:03:00.000Z,True,Internet Explorer 0-day exploited by North Korean actor APT37https://blog.google/threat-analysis-group/internet-explorer-0-day-exploited-by-north-korean-actor-apt37/…https://inews24.com/view/1534369CVE-2022-41128: Type confusion in Internet Explorer's JScript9 enginehttps://googleprojectzero.github.io/0days-in-the-wild/0day-RCAs/2022/CVE-2022-41128.html…Samplehttps://github.com/blackorbird/APT_REPORT/tree/master/group123/IEexploit202212sample…,2,122,237,0,[],[],[],https://pbs.twimg.com/profile_images/1390264140908748806/I8nxLuzB_normal.jpg,https://twitter.com/blackorbird/status/1600687358554230786,tweet_id:1600687358554230786
blackorbird,@blackorbird,2022-12-08T02:39:18.000Z,True,Backdoor discovered in PLDT home fiber routershttps://0xsp.com/security%20research%20%20development%20srd/backdoor-discovered-in-pldt-home-fiber-routers/…,0,13,54,0,[],[],[],https://pbs.twimg.com/profile_images/1390264140908748806/I8nxLuzB_normal.jpg,https://twitter.com/blackorbird/status/1600681397194145793,tweet_id:1600681397194145793
blackorbird,@blackorbird,2022-12-07T04:10:11.000Z,True,Fake account Phishinghttps://microsoft.com/en-us/security/blog/2022/12/06/dev-0139-launches-targeted-attacks-against-the-cryptocurrency-industry/…,0,4,7,0,[],[],[],https://pbs.twimg.com/profile_images/1390264140908748806/I8nxLuzB_normal.jpg,https://twitter.com/blackorbird/status/1600341877227540481,tweet_id:1600341877227540481
blackorbird,@blackorbird,2022-12-06T10:58:14.000Z,True,Ways to compare malware from APT groups + ChatGPT,2,11,47,0,[],[],[],https://pbs.twimg.com/profile_images/1390264140908748806/I8nxLuzB_normal.jpg,https://twitter.com/blackorbird/status/1600082178531958787,tweet_id:1600082178531958787
blackorbird,@blackorbird,2022-12-05T08:25:06.000Z,True,ChatGPT Threat hunting,3,7,38,0,[],[],['\\U0001f923'],https://pbs.twimg.com/profile_images/1390264140908748806/I8nxLuzB_normal.jpg,https://twitter.com/blackorbird/status/1599681254798299137,tweet_id:1599681254798299137
blackorbird,@blackorbird,2022-12-02T08:11:58.000Z,True,"FINDING BEACONS IN THE DARK 
A Guide to Cyber Threat Intelligence #ThreatHuntinghttps://github.com/blackorbird/APT_REPORT/blob/master/APT-hunting/hunting-cobaltstrike-beacons-in-the-dark.pdf…",4,129,399,0,['#ThreatHunting'],[],[],https://pbs.twimg.com/profile_images/1390264140908748806/I8nxLuzB_normal.jpg,https://twitter.com/blackorbird/status/1598590787444690950,tweet_id:1598590787444690950
blackorbird,@blackorbird,2022-12-02T07:49:41.000Z,True,Analysis of APT-C-60 Attack on South Koreahttps://linkedin.com/pulse/analysis-apt-c-60-attack-south-korea-threatbook/…,0,5,27,0,[],[],[],https://pbs.twimg.com/profile_images/1390264140908748806/I8nxLuzB_normal.jpg,https://twitter.com/blackorbird/status/1598585180251631617,tweet_id:1598585180251631617
blackorbird,@blackorbird,2022-12-02T03:48:43.000Z,True,"#Spyware vendor Variston framework
1:Web framework for deploying an exploit for a Chrome renderer bug followed by a sandbox escape.
2:Web framework that deploys a PDF containing a Windows Defender exploit.
3:A set of Firefox exploits for Linux and Windows.https://blog.google/threat-analysis-group/new-details-on-commercial-spyware-vendor-variston/…",0,6,16,0,['#Spyware'],[],[],https://pbs.twimg.com/profile_images/1390264140908748806/I8nxLuzB_normal.jpg,https://twitter.com/blackorbird/status/1598524539188969474,tweet_id:1598524539188969474
blackorbird,@blackorbird,2022-12-01T04:09:41.000Z,True,Microsoft Exchange ProxyNotShell Remote Code Execution Exploithttps://packetstormsecurity.com/files/170066,0,78,122,0,[],[],[],https://pbs.twimg.com/profile_images/1390264140908748806/I8nxLuzB_normal.jpg,https://twitter.com/blackorbird/status/1598167426692022273,tweet_id:1598167426692022273
blackorbird,@blackorbird,2022-11-29T03:00:28.000Z,True,Threat Hunting with VirusTotalhttps://blog.virustotal.com/2022/11/threat-hunting-with-virustotal.html…https://github.com/blackorbird/APT_REPORT/blob/master/APT-hunting/Threat%20Hunting%20with%20VirusTotal.pdf…,0,52,140,0,[],[],[],https://pbs.twimg.com/profile_images/1390264140908748806/I8nxLuzB_normal.jpg,https://twitter.com/blackorbird/status/1597425231198818304,tweet_id:1597425231198818304
blackorbird,@blackorbird,2022-11-23T07:59:40.000Z,True,Boa web servers remain pervasive in the development of IoT devices.https://microsoft.com/en-us/security/blog/2022/11/22/vulnerable-sdk-components-lead-to-supply-chain-risks-in-iot-and-ot-environments/…,0,3,6,0,[],[],[],https://pbs.twimg.com/profile_images/1390264140908748806/I8nxLuzB_normal.jpg,https://twitter.com/blackorbird/status/1595326198686834688,tweet_id:1595326198686834688
blackorbird,@blackorbird,2022-11-22T04:05:51.000Z,True,"New #botnet RobinBot 
Targets were multiple game-related assets, one of which was the target *.jonesdev.xyz(Sonar Anti Bot), an experimental anti-bot plugin for Minecraft servers.#DDos #exploit #Mirai #Gafgyt #Omnihttps://mp.weixin.qq.com/s/CQgBh46m3aU1ZDs503M8AQ…https://mp-weixin-qq-com.translate.goog/s/CQgBh46m3aU1ZDs503M8AQ?_x_tr_sl=auto&_x_tr_tl=en&_x_tr_hl=en&_x_tr_pto=wapp…",0,10,22,0,"['#botnet', '#DDos', '#exploit', '#Mirai', '#Gafgyt', '#Omni']",[],[],https://pbs.twimg.com/profile_images/1390264140908748806/I8nxLuzB_normal.jpg,https://twitter.com/blackorbird/status/1594904970943664128,tweet_id:1594904970943664128
blackorbird,@blackorbird,2022-11-20T08:05:19.000Z,True,"THREAT HUNTING PLAYBOOK
LEARN HOW TO EMBRACE A PROACTIVE SECURITY POSTUREhttps://github.com/blackorbird/APT_REPORT/blob/master/APT-hunting/THREAT%20HUNTING%20PLAYBOOK%20.pdf…",18,344,"1,078",0,[],[],[],https://pbs.twimg.com/profile_images/1390264140908748806/I8nxLuzB_normal.jpg,https://twitter.com/blackorbird/status/1594240457420468225,tweet_id:1594240457420468225
blackorbird,@blackorbird,2022-11-16T06:34:33.000Z,True,"#DTrack activity in Germany, Brazil, India, Italy, Mexico, Switzerland, Saudi Arabia, Turkey and the United States, indicating that DTrack is spreading into more parts of the world. #Lazarushttps://securelist.com/dtrack-targeting-europe-latin-america/107798/…",2,15,26,0,"['#DTrack', '#Lazarus']",[],[],https://pbs.twimg.com/profile_images/1390264140908748806/I8nxLuzB_normal.jpg,https://twitter.com/blackorbird/status/1592768065451995136,tweet_id:1592768065451995136
blackorbird,@blackorbird,2022-11-15T09:27:45.000Z,True,"Advanced threat predictions for 2023 
satellite/SIGINT/Drone hackinghttps://securelist.com/advanced-threat-predictions-for-2023/107939/…",0,10,28,0,[],[],[],https://pbs.twimg.com/profile_images/1390264140908748806/I8nxLuzB_normal.jpg,https://twitter.com/blackorbird/status/1592449262570594304,tweet_id:1592449262570594304
blackorbird,@blackorbird,2022-11-14T11:23:45.000Z,True,"#Oceanlutos Use Three 0day exploits and lots of Nday exploits to attack china. #caja #arm #mips  #golangUse github repo WMIHACKER.
C2 command.
More …https://mp.weixin.qq.com/s/pd6fUs5TLdBtwUHauclDOQ…https://mp-weixin-qq-com.translate.goog/s/pd6fUs5TLdBtwUHauclDOQ?_x_tr_sl=auto&_x_tr_tl=en&_x_tr_hl=en&_x_tr_pto=wapp…",1,66,134,0,"['#Oceanlutos', '#caja', '#arm', '#mips', '#golang']",[],['\\u2b07\\ufe0f'],https://pbs.twimg.com/profile_images/1390264140908748806/I8nxLuzB_normal.jpg,https://twitter.com/blackorbird/status/1592116069422239747,tweet_id:1592116069422239747
blackorbird,@blackorbird,2022-11-11T06:24:32.000Z,True,"PNG Steganography Hides Backdoor : Malware authors rely on LSB encoding to hide malicious payload in the PNG pixel data, more specifically in LSB of each color channel (Red, Green, Blue, and Alpha).https://decoded.avast.io/martinchlumecky/png-steganography/…",1,50,113,0,[],[],[],https://pbs.twimg.com/profile_images/1390264140908748806/I8nxLuzB_normal.jpg,https://twitter.com/blackorbird/status/1590953605854826496,tweet_id:1590953605854826496
blackorbird,@blackorbird,2022-11-10T05:27:44.000Z,True,"""Sexual Relationship Phishing""https://trendmicro.com/en_us/research/22/k/hack-the-real-box-apt41-new-subgroup-earth-longzhi.html…",0,13,31,0,[],[],[],https://pbs.twimg.com/profile_images/1390264140908748806/I8nxLuzB_normal.jpg,https://twitter.com/blackorbird/status/1590576924140920833,tweet_id:1590576924140920833
blackorbird,@blackorbird,2022-11-09T07:48:15.000Z,True,"Lazarus & Kimsuky 's C2 server detail.
From APT trends report Q3 2022.https://securelist.com/apt-trends-report-q3-2022/107787/…",1,25,55,0,[],[],[],https://pbs.twimg.com/profile_images/1390264140908748806/I8nxLuzB_normal.jpg,https://twitter.com/blackorbird/status/1590249895335981056,tweet_id:1590249895335981056
blackorbird,@blackorbird,2022-11-08T04:16:08.000Z,True,"Inside the Yanluowang Leak: Organization, Members, and Tacticshttps://darktrace.com/blog/inside-the-yanluowang-leak-organization-members-and-tactics…",0,4,7,0,[],[],[],https://pbs.twimg.com/profile_images/1390264140908748806/I8nxLuzB_normal.jpg,https://twitter.com/blackorbird/status/1589834130170449920,tweet_id:1589834130170449920
blackorbird,@blackorbird,2022-11-08T03:15:38.000Z,True,"Malicious cyber activity in first 60 days of
Russia’s invasion of Ukraine.

From ACSC Annual Cyber Threat Report 2022.https://github.com/blackorbird/APT_REPORT/blob/master/summary/2022/ACSC-Annual-Cyber-Threat-Report-2022.pdf…",0,16,33,0,[],[],[],https://pbs.twimg.com/profile_images/1390264140908748806/I8nxLuzB_normal.jpg,https://twitter.com/blackorbird/status/1589818902263267328,tweet_id:1589818902263267328
blackorbird,@blackorbird,2022-11-05T03:16:00.000Z,True,APT Groups Map from Microsoft Digital Defense Report 2022.https://github.com/blackorbird/APT_REPORT/blob/master/summary/2022/Microsoft%20Digital%20Defense%20Report%202022.pdf…,2,78,205,0,[],[],[],https://pbs.twimg.com/profile_images/1390264140908748806/I8nxLuzB_normal.jpg,https://twitter.com/blackorbird/status/1588731833344458754,tweet_id:1588731833344458754
blackorbird,@blackorbird,2022-11-05T03:18:03.000Z,True,Nation state actors’ geographic targeting,0,1,7,0,[],[],[],https://pbs.twimg.com/profile_images/1390264140908748806/I8nxLuzB_normal.jpg,https://twitter.com/blackorbird/status/1588732348560216064,tweet_id:1588732348560216064
blackorbird,@blackorbird,2022-11-05T03:05:45.000Z,True,"A partial exploit chain for Samsung devices.
Three vulnerabilities:
Arbitrary file read/write via the clipboard providerCVE-2021-25337
Kernel information leak via sec_log CVE-2021-25369
Use-after-free the Display Processing Unit (DPU) driver CVE-2021-25370https://googleprojectzero.blogspot.com/2022/11/a-very-powerful-clipboard-samsung-in-the-wild-exploit-chain.html…",0,10,19,0,[],[],[],https://pbs.twimg.com/profile_images/1390264140908748806/I8nxLuzB_normal.jpg,https://twitter.com/blackorbird/status/1588729252039757824,tweet_id:1588729252039757824
blackorbird,@blackorbird,2022-11-04T02:12:57.000Z,True,"#OPERA1ER group relied solely on known “off-the-shelf” tools to steal millions from financial service and telecommunications companies. In total they managed to carry out at least 30 successful attacks Africa, Latin America, and Asia between 2019 and 2021.https://github.com/blackorbird/APT_REPORT/blob/master/cybercrime/OPERA1ER/Group-IB_RPRT_OPERA1ER_EN_full.pdf…",1,9,20,0,['#OPERA1ER'],[],[],https://pbs.twimg.com/profile_images/1390264140908748806/I8nxLuzB_normal.jpg,https://twitter.com/blackorbird/status/1588353576723976192,tweet_id:1588353576723976192
blackorbird,@blackorbird,2022-11-03T10:03:26.000Z,True,"#Lazarus 
The position of the decrypted string on the keyboard :
"")(*&POIU:LKJ"" and ""^%$#YTREHGFD""https://mp.weixin.qq.com/s/w-KF5HUNe8-KlmFl6zLkZw…https://mp-weixin-qq-com.translate.goog/s/w-KF5HUNe8-KlmFl6zLkZw?_x_tr_sl=zh-CN&_x_tr_tl=en&_x_tr_hl=en…",0,8,23,0,"['#Lazarus', '#YTREHGFD']",[],[],https://pbs.twimg.com/profile_images/1390264140908748806/I8nxLuzB_normal.jpg,https://twitter.com/blackorbird/status/1588109588460716032,tweet_id:1588109588460716032
blackorbird,@blackorbird,2022-11-03T01:41:40.000Z,True,Using Kaspersky Endpoint Security “KES” Installer to Execute Arbitrary Commands. #RedTeamhttps://nasbench.medium.com/lolbined-using-kaspersky-endpoint-security-kes-installer-to-execute-arbitrary-commands-1c999f1b7fea…,2,19,92,0,['#RedTeam'],[],[],https://pbs.twimg.com/profile_images/1390264140908748806/I8nxLuzB_normal.jpg,https://twitter.com/blackorbird/status/1587983316032303104,tweet_id:1587983316032303104
blackorbird,@blackorbird,2022-11-02T07:45:01.000Z,True,"#OceanLotus botnet : Torii/Caja
eu-draytek[.]com
top[.]haletteompson[.]comhttps://mp.weixin.qq.com/s/v2wiJe-YPG0ng87ffBB9FQ…https://mp-weixin-qq-com.translate.goog/s/v2wiJe-YPG0ng87ffBB9FQ?_x_tr_sl=zh-CN&_x_tr_tl=en&_x_tr_hl=en…",1,18,39,0,['#OceanLotus'],[],[],https://pbs.twimg.com/profile_images/1390264140908748806/I8nxLuzB_normal.jpg,https://twitter.com/blackorbird/status/1587712368901251072,tweet_id:1587712368901251072
blackorbird,@blackorbird,2022-11-01T12:26:21.000Z,True,Pegasus spyware(Android) Analysis part 3https://cybergeeks.tech/a-technical-analysis-of-pegasus-for-android-part-3/…,0,4,6,0,[],[],[],https://pbs.twimg.com/profile_images/1390264140908748806/I8nxLuzB_normal.jpg,https://twitter.com/blackorbird/status/1587420781499551745,tweet_id:1587420781499551745
blackorbird,@blackorbird,2022-11-01T11:37:01.000Z,True,"APT10: Tracking down LODEINFO 2022
part I:https://securelist.com/apt10-tracking-down-lodeinfo-2022-part-i/107742/…part II:https://securelist.com/apt10-tracking-down-lodeinfo-2022-part-ii/107745/…",0,10,32,0,[],[],[],https://pbs.twimg.com/profile_images/1390264140908748806/I8nxLuzB_normal.jpg,https://twitter.com/blackorbird/status/1587408364845535232,tweet_id:1587408364845535232
blackorbird,@blackorbird,2022-10-31T09:15:40.000Z,True,"APT Operation/Group Mid-2022 Summary Report#Oceanlotus use tinyPortMapper forward traffic to Cobaltstrike sever , and New mips-architecture malware named ""Caja"" discovered on controlled devices(IOT/Linux).https://github.com/blackorbird/APT_REPORT/blob/master/summary/2022/Global%20APT%20Mid-2022%20Report-qianxin.pdf…",3,54,116,0,['#Oceanlotus'],[],[],https://pbs.twimg.com/profile_images/1390264140908748806/I8nxLuzB_normal.jpg,https://twitter.com/blackorbird/status/1587010403795898368,tweet_id:1587010403795898368
blackorbird,@blackorbird,2022-10-28T08:24:49.000Z,True,I Am Freedom!,2,1,7,0,[],[],[],https://pbs.twimg.com/profile_images/1390264140908748806/I8nxLuzB_normal.jpg,https://twitter.com/blackorbird/status/1585910443792793600,tweet_id:1585910443792793600
blackorbird,@blackorbird,2022-10-27T08:53:48.000Z,True,"#Patchwork Malware Update : BADNEWS/Bozok 
C:\Users\admin\source\repos\Cryptcmdpylod\x64\Release\Cryptcmdpylod.pdb
E:\BuildEngineSpace\Temp\f3d8b4dd-f3fc-447e-85ad-7e6a57a9176f\build\Win32\Release\mcods.pdbhttps://mp.weixin.qq.com/s/IwcxY3TqkmyY-pBxnXuM1A…",0,5,20,0,['#Patchwork'],[],[],https://pbs.twimg.com/profile_images/1390264140908748806/I8nxLuzB_normal.jpg,https://twitter.com/blackorbird/status/1585555349939314688,tweet_id:1585555349939314688
blackorbird,@blackorbird,2022-10-27T06:11:27.000Z,True,#Fodcha botnet new operation.https://mp.weixin.qq.com/s/ILn4u2FyXkHXl7tF0wufBw…,0,3,12,0,['#Fodcha'],[],[],https://pbs.twimg.com/profile_images/1390264140908748806/I8nxLuzB_normal.jpg,https://twitter.com/blackorbird/status/1585514494423633920,tweet_id:1585514494423633920
blackorbird,@blackorbird,2022-10-27T02:03:10.000Z,True,iOS bug allowed apps to eavesdrop on your conversations with Siri.#SiriSpyhttps://rambo.codes/posts/2022-10-25-sirispy-ios-bug-allowed-apps-to-eavesdrop…,0,2,6,0,['#SiriSpy'],[],[],https://pbs.twimg.com/profile_images/1390264140908748806/I8nxLuzB_normal.jpg,https://twitter.com/blackorbird/status/1585452012405022720,tweet_id:1585452012405022720
blackorbird,@blackorbird,2022-10-26T03:58:28.000Z,True,"#Kimsuky new malicious APKs FastFire, FastViewer, and FastSpy.https://medium.com/s2wblog/unveil-the-evolution-of-kimsuky-targeting-android-devices-with-newly-discovered-mobile-malware-280dae5a650f…IOC:https://docs.google.com/spreadsheets/d/1HHbmiw_7XhlPBgzXYm7Hoi58Vb4ytfxBSGiMKTrU5uo/edit#gid=0…",0,8,20,0,['#Kimsuky'],[],[],https://pbs.twimg.com/profile_images/1390264140908748806/I8nxLuzB_normal.jpg,https://twitter.com/blackorbird/status/1585118641171095552,tweet_id:1585118641171095552
blackorbird,@blackorbird,2022-10-26T02:18:33.000Z,True,"Exploit Archaeology: A Forensic History
Of In-the-wild NSO Group Exploitshttps://github.com/blackorbird/APT_REPORT/blob/master/NSOGroup/VB2022-Exploit-archaeology-a-forensic-history-of-in-the-wild-NSO-Group-exploits.pdf…",1,8,11,0,[],[],[],https://pbs.twimg.com/profile_images/1390264140908748806/I8nxLuzB_normal.jpg,https://twitter.com/blackorbird/status/1585093493047054337,tweet_id:1585093493047054337
blackorbird,@blackorbird,2022-10-25T05:26:55.000Z,True,"#sidewinder new backdoor ""warhawk""https://zscaler.com/blogs/security-research/warhawk-new-backdoor-arsenal-sidewinder-apt-group-0…IOC:https://github.com/threatlabz/iocs/tree/main/warhawk…",0,6,11,0,['#sidewinder'],[],[],https://pbs.twimg.com/profile_images/1390264140908748806/I8nxLuzB_normal.jpg,https://twitter.com/blackorbird/status/1584778511533084672,tweet_id:1584778511533084672
blackorbird,@blackorbird,2022-10-21T02:29:37.000Z,True,A New Attack Surface on MS Exchange Part 1 to Part 4https://devco.re/en/blog/author/orange/…,0,7,15,0,[],[],[],https://pbs.twimg.com/profile_images/1390264140908748806/I8nxLuzB_normal.jpg,https://twitter.com/blackorbird/status/1583284342562095105,tweet_id:1583284342562095105
blackorbird,@blackorbird,2022-10-21T02:22:26.000Z,True,2022 INTERPOL Global Crime Trend Summary Reporthttps://interpol.int/News-and-Events/News/2022/Financial-and-cybercrimes-top-global-police-concerns-says-new-INTERPOL-report…pdf:https://github.com/blackorbird/APT_REPORT/blob/master/summary/2022/2022%20Global%20Crime%20Trend%20Summary%20Report.pdf…,0,3,8,0,[],[],[],https://pbs.twimg.com/profile_images/1390264140908748806/I8nxLuzB_normal.jpg,https://twitter.com/blackorbird/status/1583282535081332738,tweet_id:1583282535081332738
blackorbird,@blackorbird,2022-10-18T10:29:12.000Z,True,Operation #Ducktailhttps://github.com/blackorbird/APT_REPORT/tree/master/International%20Strategic/Vietnam…,0,6,17,0,['#Ducktail'],[],[],https://pbs.twimg.com/profile_images/1390264140908748806/I8nxLuzB_normal.jpg,https://twitter.com/blackorbird/status/1582317869957672960,tweet_id:1582317869957672960
blackorbird,@blackorbird,2022-10-12T08:26:14.000Z,True,"Windows CryptoAPI Spoofing Vulnerability
CVE-2022-34689
Report by UK National Cyber Security Centre (NCSC) and the National Security Agency (NSA)https://msrc.microsoft.com/update-guide/en-US/vulnerability/CVE-2022-34689…",0,10,32,0,[],[],[],https://pbs.twimg.com/profile_images/1390264140908748806/I8nxLuzB_normal.jpg,https://twitter.com/blackorbird/status/1580112593817305088,tweet_id:1580112593817305088
blackorbird,@blackorbird,2022-10-12T06:55:20.000Z,True,"This report covers these findings, providing you with comprehensive information on the exploitation chains and inner workings of the malware deployed by the most recent Emotet attacks. https://github.com/blackorbird/APT_REPORT/blob/master/cybercrime/emotet/Emotet_Exposed_A_Look_Inside_the_Cybercriminal_Supply_Chain.pdf…",1,6,8,0,[],[],[],https://pbs.twimg.com/profile_images/1390264140908748806/I8nxLuzB_normal.jpg,https://twitter.com/blackorbird/status/1580089721598115840,tweet_id:1580089721598115840
blackorbird,@blackorbird,2022-10-07T03:24:56.000Z,True,"The original variant of ""RatMilad"" hid behind a VPN, and phone number spoofing app called Text Me.
Telegram distribute.#spywarehttps://blog.zimperium.com/we-smell-a-ratmilad-mobile-spyware/…",1,6,4,0,['#spyware'],[],[],https://pbs.twimg.com/profile_images/1390264140908748806/I8nxLuzB_normal.jpg,https://twitter.com/blackorbird/status/1578224829777743872,tweet_id:1578224829777743872
blackorbird,@blackorbird,2022-10-07T03:10:43.000Z,True,Top CVEs/Malware most used by #APT Groups since 2020.,2,114,328,0,['#APT'],[],[],https://pbs.twimg.com/profile_images/1390264140908748806/I8nxLuzB_normal.jpg,https://twitter.com/blackorbird/status/1578221253231771648,tweet_id:1578221253231771648
blackorbird,@blackorbird,2022-09-29T16:21:30.000Z,True,Exchange 0day exploit in wild. #APThttps://gteltsc.vn/blog/canh-bao-chien-dich-tan-cong-su-dung-lo-hong-zero-day-tren-microsoft-exchange-server-12714.html…,8,318,706,0,['#APT'],[],[],https://pbs.twimg.com/profile_images/1390264140908748806/I8nxLuzB_normal.jpg,https://twitter.com/blackorbird/status/1575521156966535168,tweet_id:1575521156966535168
blackorbird,@blackorbird,2022-09-30T09:48:09.000Z,True,Customer Guidance for Reported Zero-day Vulnerabilities in Microsoft Exchange Serverhttps://msrc-blog.microsoft.com/2022/09/29/customer-guidance-for-reported-zero-day-vulnerabilities-in-microsoft-exchange-server/…,1,1,6,0,[],[],[],https://pbs.twimg.com/profile_images/1390264140908748806/I8nxLuzB_normal.jpg,https://twitter.com/blackorbird/status/1575784556850212865,tweet_id:1575784556850212865
blackorbird,@blackorbird,2022-10-02T02:36:57.000Z,True,Zeroday Microsoft Exchange Server checker (Virtual Patching checker)https://github.com/VNCERT-CC/0dayex-checker…,0,3,4,0,[],[],[],https://pbs.twimg.com/profile_images/1390264140908748806/I8nxLuzB_normal.jpg,https://twitter.com/blackorbird/status/1576400815182745600,tweet_id:1576400815182745600
blackorbird,@blackorbird,2022-09-30T14:09:03.000Z,True,VIRTUALPITA is a 64-bit passive backdoor that creates a listener on a hardcoded port number on a VMware ESXi server. The backdoor often utilizes VMware service names and ports to masquerade as a legitimate service. https://mandiant.com/resources/blog/esxi-hypervisors-malware-persistence…,0,10,9,0,[],[],[],https://pbs.twimg.com/profile_images/1390264140908748806/I8nxLuzB_normal.jpg,https://twitter.com/blackorbird/status/1575850214090764294,tweet_id:1575850214090764294
blackorbird,@blackorbird,2022-09-29T10:42:11.000Z,True,CredoMap is a stealer developed by the Russian APT28/Sofacy/Fancy Bear that was used to target users in Ukraine in the context of the ongoing war between Russia and Ukraine. https://securityscorecard.com/research/apt28s-stealer-called-credomap…,0,15,10,0,[],[],[],https://pbs.twimg.com/profile_images/1390264140908748806/I8nxLuzB_normal.jpg,https://twitter.com/blackorbird/status/1575435766704246784,tweet_id:1575435766704246784
blackorbird,@blackorbird,2022-09-29T10:39:07.000Z,True,"Prilex is a Brazilian threat actor that has evolved out of ATM-focused malware into modular point-of-sale malware. The group was behind one of the largest attacks on ATMs in the country, infecting and jackpotting more than 1,000 machines.https://securelist.com/prilex-atm-pos-malware-evolution/107551/…",0,12,30,0,[],[],[],https://pbs.twimg.com/profile_images/1390264140908748806/I8nxLuzB_normal.jpg,https://twitter.com/blackorbird/status/1575434995392729089,tweet_id:1575434995392729089
blackorbird,@blackorbird,2022-09-22T08:32:54.000Z,True,About Shadowed Domains.https://unit42.paloaltonetworks.com/domain-shadowing/…,0,5,14,0,[],[],[],https://pbs.twimg.com/profile_images/1390264140908748806/I8nxLuzB_normal.jpg,https://twitter.com/blackorbird/status/1572866515489411072,tweet_id:1572866515489411072
blackorbird,@blackorbird,2022-09-20T02:16:42.000Z,True,Sandworm hackers pose as Ukrainian telcos to drop malware.https://github.com/blackorbird/APT_REPORT/blob/master/Sandworm/russia-nexus-uac-0113-emulating-telecommunication-providers-in-ukraine.pdf…,0,22,44,0,[],[],[],https://pbs.twimg.com/profile_images/1390264140908748806/I8nxLuzB_normal.jpg,https://twitter.com/blackorbird/status/1572047064519053312,tweet_id:1572047064519053312
blackorbird,@blackorbird,2022-09-15T08:23:00.000Z,True,Worldwide OSINT tools map https://cipher387.github.io/osintmap/https://github.com/cipher387/cipher387.github.io/blob/main/index.html…,0,9,11,0,[],[],['\\U0001f44f'],https://pbs.twimg.com/profile_images/1390264140908748806/I8nxLuzB_normal.jpg,https://twitter.com/blackorbird/status/1570327309512749056,tweet_id:1570327309512749056
荒木健太郎,@arakencloud,2022-09-10T12:30:36.000Z,True,フルムーンにズームイン#中秋の名月 #十五夜,30,"1,022","6,076",0,"['#中秋の名月', '#十五夜']",[],['\\U0001f315'],https://pbs.twimg.com/profile_images/750407308140638210/aWCDTJdT_normal.jpg,https://twitter.com/arakencloud/status/1568577681268285440,tweet_id:1568577681268285440
blackorbird,@blackorbird,2022-09-08T04:26:37.000Z,True,"#APT42(TA453,Yellow Garuda,ITG18,Phosphorus,and Charming Kitten).
APT42 operates on behalf of the Islamic Revolutionary Guard Corps (IRGC)’s Intelligence Organization (IRGC-IO) .https://mandiant.com/resources/blog/apt42-charms-cons-compromises…https://github.com/blackorbird/APT_REPORT/blob/master/International%20Strategic/Iran/APT42_Crooked_Charms_Cons_and_Compromises.pdf…",0,9,21,0,['#APT42'],[],[],https://pbs.twimg.com/profile_images/1390264140908748806/I8nxLuzB_normal.jpg,https://twitter.com/blackorbird/status/1567731106283417601,tweet_id:1567731106283417601
blackorbird,@blackorbird,2022-09-07T04:38:08.000Z,True,DangerousSavanna: Two-year long campaign targets financial institutions in French-speaking Africahttps://research.checkpoint.com/2022/dangeroussavanna-two-year-long-campaign-targets-financial-institutions-in-french-speaking-africa/…,0,13,32,0,[],[],[],https://pbs.twimg.com/profile_images/1390264140908748806/I8nxLuzB_normal.jpg,https://twitter.com/blackorbird/status/1567371616992260098,tweet_id:1567371616992260098
加藤瑠菜@Latteart.◦*.＊。,加藤瑠菜@Latteart,2022-08-31T12:59:24.000Z,True,ㅤㅤㅤㅤ＼　.....Honey....／,"2,857",16万,77万,0,[],[],['\\U0001f36f'],https://pbs.twimg.com/profile_images/1530130991481688065/KSUFr0qk_normal.jpg,https://twitter.com/RunaPocket/status/1564961051069726720,tweet_id:1564961051069726720
blackorbird,@blackorbird,2022-08-31T04:12:29.000Z,True,The new campaign incorporates an equally interesting strategy by leveraging the infamous deep field image taken from the James Webb telescope and obfuscated Golang programming language payloads to infect the target system with the malware.https://securonix.com/blog/golang-attack-campaign-gowebbfuscator-leverages-office-macros-and-james-webb-images-to-infect-systems/…,0,12,21,0,[],[],[],https://pbs.twimg.com/profile_images/1390264140908748806/I8nxLuzB_normal.jpg,https://twitter.com/blackorbird/status/1564828447347986432,tweet_id:1564828447347986432
blackorbird,@blackorbird,2022-08-18T01:15:15.000Z,True,#Kasablanka Group use SpyNote/LodaRAT/Nanocore/njRAT to attack Bangladesh.https://mp.weixin.qq.com/s/mstwBMkS0G3Et4GOji2mwA…https://mp-weixin-qq-com.translate.goog/s/mstwBMkS0G3Et4GOji2mwA?_x_tr_sl=zh-CN&_x_tr_tl=en&_x_tr_hl=en…About Kasablanka Group:https://thedailystar.net/toggle/news/hackers-launch-targeted-malware-campaign-the-guise-bangladeshi-critical-service-websites-2046413…,0,20,26,0,['#Kasablanka'],[],[],https://pbs.twimg.com/profile_images/1390264140908748806/I8nxLuzB_normal.jpg,https://twitter.com/blackorbird/status/1560072802148831232,tweet_id:1560072802148831232
Will,@BushidoToken,2022-08-15T09:31:45.000Z,False,"For all you OT/ICS cyber people, this one is interesting:https://dragos.com/blog/how-adversaries-use-spear-phishing-to-target-engineering-staff/… 

Adversaries mentioned in the report: #TALONITE (overlaps APT10)#ALLANITE (overlaps BerserkBear)#STIBNITE (leverages PoetRAT)",3,39,87,0,"['#TALONITE', '#ALLANITE', '#STIBNITE']",[],[],https://pbs.twimg.com/profile_images/1779937144233922560/yuHDIAJg_normal.jpg,https://twitter.com/BushidoToken/status/1559110585937281024,tweet_id:1559110585937281024
blackorbird,@blackorbird,2022-08-16T02:34:47.000Z,True,"#Gamaredon phishing operations 
Social engineeringhttps://microsoft.com/security/blog/2022/08/15/disrupting-seaborgiums-ongoing-phishing-operations/…",0,6,23,0,['#Gamaredon'],[],[],https://pbs.twimg.com/profile_images/1390264140908748806/I8nxLuzB_normal.jpg,https://twitter.com/blackorbird/status/1559368043498655744,tweet_id:1559368043498655744
blackorbird,@blackorbird,2022-08-12T02:57:14.000Z,True,#Bitter #Dracarys Android Spyware #fakesignalorg.zcode.dracaryshttps://blog.cyble.com/2022/08/09/bitter-apt-group-using-dracarys-android-spyware/…https://github.com/blackorbird/APT_REPORT/tree/master/bitter/2022…,0,3,5,0,"['#Bitter', '#Dracarys', '#fakesignal']",[],[],https://pbs.twimg.com/profile_images/1390264140908748806/I8nxLuzB_normal.jpg,https://twitter.com/blackorbird/status/1557924140870356993,tweet_id:1557924140870356993
blackorbird,@blackorbird,2022-08-11T04:20:17.000Z,True,"#Conti Group attack
Exchange -> Anydesk -> CobatStrike -> rclone -> mega
othdripinid1979@protonmail.com
37.252.11[.]18https://mp.weixin.qq.com/s/cGS8FocPnUdBconLbbaG-g…",0,9,27,0,['#Conti'],[],[],https://pbs.twimg.com/profile_images/1390264140908748806/I8nxLuzB_normal.jpg,https://twitter.com/blackorbird/status/1557582651157925888,tweet_id:1557582651157925888
blackorbird,@blackorbird,2022-08-04T07:21:52.000Z,True,"This report explores different abuse-of-trust approaches used by attackers to spread their malware, avoid defenses, or maximize the success of social engineering attacks. https://github.com/blackorbird/APT_REPORT/blob/master/summary/2022/2022_Deception_at_scale_How_malware_abuses_trust.pdf…",1,3,4,0,[],[],[],https://pbs.twimg.com/profile_images/1390264140908748806/I8nxLuzB_normal.jpg,https://twitter.com/blackorbird/status/1555091636186517504,tweet_id:1555091636186517504
blackorbird,@blackorbird,2022-07-31T10:12:31.000Z,True,#Oceanlotus use Open-source project NimPackt-v1 to package malware.https://mp-weixin-qq-com.translate.goog/s/U9LIfVVP5kHBFFt0LN0Q-A?_x_tr_sl=zh-CN&_x_tr_tl=en&_x_tr_hl=en…https://mp.weixin.qq.com/s/U9LIfVVP5kHBFFt0LN0Q-A…ref:https://github.com/chvancooten/NimPackt-v1…https://github.com/slaeryan/AQUARMOURY/tree/master/Shellycoat…,1,26,70,0,['#Oceanlotus'],[],[],https://pbs.twimg.com/profile_images/1390264140908748806/I8nxLuzB_normal.jpg,https://twitter.com/blackorbird/status/1553685027753365505,tweet_id:1553685027753365505
blackorbird,@blackorbird,2022-07-29T06:36:05.000Z,True,#APT https://securelist.com/apt-trends-report-q2-2022/106995/…,0,10,32,0,['#APT'],[],[],https://pbs.twimg.com/profile_images/1390264140908748806/I8nxLuzB_normal.jpg,https://twitter.com/blackorbird/status/1552905785138499585,tweet_id:1552905785138499585
blackorbird,@blackorbird,2022-07-29T02:39:56.000Z,True,"#kimsuky use malicious Google Chrome,Whale or Microsoft Edge extension to maintain a foothold/persistence.
gonamod[.]com
siekis[.]com
worldinfocontact[.]clubhttps://volexity.com/blog/2022/07/28/sharptongue-deploys-clever-mail-stealing-browser-extension-sharpext/…",0,8,15,0,['#kimsuky'],[],[],https://pbs.twimg.com/profile_images/1390264140908748806/I8nxLuzB_normal.jpg,https://twitter.com/blackorbird/status/1552846355613097984,tweet_id:1552846355613097984
blackorbird,@blackorbird,2022-07-28T09:03:00.000Z,True,Russian Ransomware C2 Network Discoveredhttps://github.com/blackorbird/APT_REPORT/blob/master/summary/2022/Russian%20Ransomware%20C2%20Network%20Discovered%20in%20Censys%20Data.pdf…,0,19,61,0,[],[],[],https://pbs.twimg.com/profile_images/1390264140908748806/I8nxLuzB_normal.jpg,https://twitter.com/blackorbird/status/1552580371560116225,tweet_id:1552580371560116225
blackorbird,@blackorbird,2022-07-23T01:04:20.000Z,True,#Candiru Google Chrome (CVE-2022-2294) exploited in the wild in an attempt to attack Avast users in the Middle East.https://decoded.avast.io/janvojtesek/the-return-of-candiru-zero-days-in-the-middle-east/…https://github.com/avast/ioc/tree/master/Candiru…,1,26,47,0,['#Candiru'],[],[],https://pbs.twimg.com/profile_images/1390264140908748806/I8nxLuzB_normal.jpg,https://twitter.com/blackorbird/status/1550647971599233025,tweet_id:1550647971599233025
blackorbird,@blackorbird,2022-07-20T09:23:51.000Z,True,"#Turla #Ghostwriter #COLDRIVER opreation
CVE-2022-30190https://blog.google/threat-analysis-group/continued-cyber-activity-in-eastern-europe-observed-by-tag/…",0,15,31,0,"['#Turla', '#Ghostwriter', '#COLDRIVER']",[],[],https://pbs.twimg.com/profile_images/1390264140908748806/I8nxLuzB_normal.jpg,https://twitter.com/blackorbird/status/1549686514207977472,tweet_id:1549686514207977472
blackorbird,@blackorbird,2022-07-19T13:03:26.000Z,True,mark,0,3,3,0,[],[],[],https://pbs.twimg.com/profile_images/1390264140908748806/I8nxLuzB_normal.jpg,https://twitter.com/blackorbird/status/1549379388671549440,tweet_id:1549379388671549440
blackorbird,@blackorbird,2022-07-19T12:10:59.000Z,True,About  Threat Group Naming.https://unit42.paloaltonetworks.com/unit-42-threat-group-naming-update/…https://unit42.paloaltonetworks.com/atoms/,0,9,21,0,[],[],[],https://pbs.twimg.com/profile_images/1390264140908748806/I8nxLuzB_normal.jpg,https://twitter.com/blackorbird/status/1549366187821174787,tweet_id:1549366187821174787
blackorbird,@blackorbird,2022-07-15T10:47:11.000Z,True,#Lazarus attack Korean Hancom Secure. #NukeSpedhttps://mp.weixin.qq.com/s/USitU4jAg9y2XkQxbwcAPQ…https://mp-weixin-qq-com.translate.goog/s/USitU4jAg9y2XkQxbwcAPQ?_x_tr_sl=zh-CN&_x_tr_tl=en&_x_tr_hl=en…,0,18,41,0,"['#Lazarus', '#NukeSped']",[],[],https://pbs.twimg.com/profile_images/1390264140908748806/I8nxLuzB_normal.jpg,https://twitter.com/blackorbird/status/1547895545204654094,tweet_id:1547895545204654094
blackorbird,@blackorbird,2022-07-13T10:44:50.000Z,True,"#SideWinder #Confucius 
WhatsApp.jpeg.lnk
t7g5c[.]app[.]linkhttps://mp.weixin.qq.com/s/n6XQAGtNEXfPZXp1mlwDTQ…https://mp-weixin-qq-com.translate.goog/s/n6XQAGtNEXfPZXp1mlwDTQ?_x_tr_sl=zh-CN&_x_tr_tl=en&_x_tr_hl=en…",0,7,18,0,"['#SideWinder', '#Confucius']",[],[],https://pbs.twimg.com/profile_images/1390264140908748806/I8nxLuzB_normal.jpg,https://twitter.com/blackorbird/status/1547170181016797185,tweet_id:1547170181016797185
blackorbird,@blackorbird,2022-07-08T14:30:47.000Z,True,"Report Conclusion:
EQGRP was a collection of cyber capabilities used by the cyber operators of the United States, mostly by NSA’s TAO and CIA’s IOC.https://xorl.wordpress.com/2022/07/06/why-the-equation-group-eqgrp-is-not-the-nsa/…",0,14,29,0,[],[],[],https://pbs.twimg.com/profile_images/1390264140908748806/I8nxLuzB_normal.jpg,https://twitter.com/blackorbird/status/1545415100542390273,tweet_id:1545415100542390273
blackorbird,@blackorbird,2022-07-07T05:19:00.000Z,True,"#bitter #APTemshedulersvc[.]com/vc/vc
m.huandocimama[.]com
diyefosterfeeds[.]com
91.195.240[.]103
194.36.191[.]196
162.0.232[.]109
64.44.131[.]109",0,7,16,0,"['#bitter', '#APT']",[],[],https://pbs.twimg.com/profile_images/1390264140908748806/I8nxLuzB_normal.jpg,https://twitter.com/blackorbird/status/1544913855221862400,tweet_id:1544913855221862400
blackorbird,@blackorbird,2022-07-07T04:51:26.000Z,True,AridViper(APT-C-23) Disguise Threema APP to phish.https://mp.weixin.qq.com/s/1uJaPS-nuGNI8lQ1-ZekIA…https://mp-weixin-qq-com.translate.goog/s/1uJaPS-nuGNI8lQ1-ZekIA?_x_tr_sl=zh-CN&_x_tr_tl=en&_x_tr_hl=en…,0,14,23,0,[],[],[],https://pbs.twimg.com/profile_images/1390264140908748806/I8nxLuzB_normal.jpg,https://twitter.com/blackorbird/status/1544906918304440320,tweet_id:1544906918304440320
blackorbird,@blackorbird,2022-07-04T07:31:05.000Z,True,NSO Group:Revisiting Pegasus on iOS9https://shadowfile.inode.link/blog/2022/07/revisiting-pegasus-on-ios9/…,0,18,38,0,[],[],[],https://pbs.twimg.com/profile_images/1390264140908748806/I8nxLuzB_normal.jpg,https://twitter.com/blackorbird/status/1543859931287556097,tweet_id:1543859931287556097
blackorbird,@blackorbird,2022-06-24T02:27:58.000Z,True,"RCS Labs Spyware vendor targets users in Italy and Kazakhstan.
IOS: Use two 0day exploits.
Android add package:com.fintur./support
report:https://blog.google/threat-analysis-group/italian-spyware-vendor-targets-users-in-italy-and-kazakhstan/…Technical analysis of CVE-2021-30983:https://googleprojectzero.blogspot.com/2022/06/curious-case-carrier-app.html…",0,12,17,0,[],[],[],https://pbs.twimg.com/profile_images/1390264140908748806/I8nxLuzB_normal.jpg,https://twitter.com/blackorbird/status/1540159770576883713,tweet_id:1540159770576883713
blackorbird,@blackorbird,2022-06-18T07:29:59.000Z,True,mark,0,3,19,0,[],[],[],https://pbs.twimg.com/profile_images/1390264140908748806/I8nxLuzB_normal.jpg,https://twitter.com/blackorbird/status/1538061446541504512,tweet_id:1538061446541504512
blackorbird,@blackorbird,2022-06-17T06:50:05.000Z,True,"#ModifiedElephant Attack China
ioc:https://virustotal.com/gui/file/71def73e97a0e9daabbc13598540c587239ee66a503fd1ffbca2327dceac74db/relations…report:https://mp.weixin.qq.com/s/mC5D8kFaQA-cIcw2rlTgeA…https://mp-weixin-qq-com.translate.goog/s/mC5D8kFaQA-cIcw2rlTgeA?_x_tr_sl=zh-CN&_x_tr_tl=en&_x_tr_hl=en…",0,12,17,0,['#ModifiedElephant'],[],[],https://pbs.twimg.com/profile_images/1390264140908748806/I8nxLuzB_normal.jpg,https://twitter.com/blackorbird/status/1537689017705111553,tweet_id:1537689017705111553
blackorbird,@blackorbird,2022-06-17T06:42:26.000Z,True,"Police Linked to Hacking Campaign to Frame Indian Activists #ModifiedElephant 
New details connect police in India to a plot to plant evidence on victims' computers that led to their arrest.https://wired.com/story/modified-elephant-planted-evidence-hacking-police/…",0,6,6,0,['#ModifiedElephant'],[],[],https://pbs.twimg.com/profile_images/1390264140908748806/I8nxLuzB_normal.jpg,https://twitter.com/blackorbird/status/1537687091705835521,tweet_id:1537687091705835521
blackorbird,@blackorbird,2022-06-17T03:32:58.000Z,True,"Secure Messaging Apps and Group Protocols
part1:https://blog.quarkslab.com/secure-messaging-apps-and-group-protocols-part-1.html…part2:",0,6,15,0,[],[],[],https://pbs.twimg.com/profile_images/1390264140908748806/I8nxLuzB_normal.jpg,https://twitter.com/blackorbird/status/1537639414213382145,tweet_id:1537639414213382145
blackorbird,@blackorbird,2022-06-17T02:10:23.000Z,True,"Android Spyware Deployed in Kazakhstan
Package Name:
com.xdja.safekeyservice
com.xdja.jxclient
com.tencent.mobileqq
com.vodaservices
com/.androidservices.supporthttps://lookout.com/blog/hermit-spyware-discovery…",0,12,21,0,[],[],[],https://pbs.twimg.com/profile_images/1390264140908748806/I8nxLuzB_normal.jpg,https://twitter.com/blackorbird/status/1537618630828953601,tweet_id:1537618630828953601
blackorbird,@blackorbird,2022-06-14T06:14:51.000Z,True,#SideWinder Android Spyware from Google Play.https://mp.weixin.qq.com/s/LaWE4R24D7og-d7sWvsGyg…https://mp-weixin-qq-com.translate.goog/s/LaWE4R24D7og-d7sWvsGyg?_x_tr_sl=zh-CN&_x_tr_tl=en&_x_tr_hl=en…,0,9,29,0,['#SideWinder'],[],[],https://pbs.twimg.com/profile_images/1390264140908748806/I8nxLuzB_normal.jpg,https://twitter.com/blackorbird/status/1536592988503019520,tweet_id:1536592988503019520
blackorbird,@blackorbird,2022-06-14T02:45:45.000Z,True,mark,0,1,5,0,[],[],[],https://pbs.twimg.com/profile_images/1390264140908748806/I8nxLuzB_normal.jpg,https://twitter.com/blackorbird/status/1536540367725600768,tweet_id:1536540367725600768
blackorbird,@blackorbird,2022-06-10T06:35:59.000Z,True,"Symbiote utilizes BPF to hide malicious network traffic on an infected machine.
The malware is designed to be loaded by the linker via the LD_PRELOAD directive.https://blogs.blackberry.com/en/2022/06/symbiote-a-new-nearly-impossible-to-detect-linux-threat…https://intezer.com/blog/research/new-linux-threat-symbiote/…",2,28,76,0,[],[],[],https://pbs.twimg.com/profile_images/1390264140908748806/I8nxLuzB_normal.jpg,https://twitter.com/blackorbird/status/1535148753069522947,tweet_id:1535148753069522947
blackorbird,@blackorbird,2022-06-10T06:53:23.000Z,True,Symbiote uses BPF to hide traffic from someone that investigates an infected machine.,0,2,10,0,[],[],[],https://pbs.twimg.com/profile_images/1390264140908748806/I8nxLuzB_normal.jpg,https://twitter.com/blackorbird/status/1535153135676665856,tweet_id:1535153135676665856
blackorbird,@blackorbird,2022-06-09T10:41:55.000Z,True,"Good way to forensics.
Capture SSL/TLS text content without CA cert Using eBPF.https://github.com/ehids/ecapture",0,29,77,0,[],[],[],https://pbs.twimg.com/profile_images/1390264140908748806/I8nxLuzB_normal.jpg,https://twitter.com/blackorbird/status/1534848258320699392,tweet_id:1534848258320699392
blackorbird,@blackorbird,2022-06-08T03:14:46.000Z,True,"#Bitter Group's New Management System. #APT 
Bitter && SideWinder IOCshttps://mp.weixin.qq.com/s/8j_rHA7gdMxY1_X8alj8Zg…https://mp-weixin-qq-com.translate.goog/s/8j_rHA7gdMxY1_X8alj8Zg?_x_tr_sl=zh-CN&_x_tr_tl=en&_x_tr_hl=en…",1,16,34,0,"['#Bitter', '#APT']",[],[],https://pbs.twimg.com/profile_images/1390264140908748806/I8nxLuzB_normal.jpg,https://twitter.com/blackorbird/status/1534373342446202881,tweet_id:1534373342446202881
blackorbird,@blackorbird,2022-06-07T10:58:44.000Z,True,"#Kimsuky #BabyShark Update       
ielsems[.]com
worldinfocontact[.]club
H:\HIJACKING\OneDrive_Hijacking\googleDrive_rat_load_complete\googleDrive_rat_load_complete\rat_load\Release\rat_load.pdbhttps://mp.weixin.qq.com/s/ZV8AOTd7YGUgCTTTZtTktQ…https://mp-weixin-qq-com.translate.goog/s/ZV8AOTd7YGUgCTTTZtTktQ?_x_tr_sl=zh-CN&_x_tr_tl=en&_x_tr_hl=en…",1,19,35,0,"['#Kimsuky', '#BabyShark']",[],[],https://pbs.twimg.com/profile_images/1390264140908748806/I8nxLuzB_normal.jpg,https://twitter.com/blackorbird/status/1534127714336055296,tweet_id:1534127714336055296
blackorbird,@blackorbird,2022-06-02T07:13:17.000Z,True,"#sidewinder started using an anti-bot script to filter their victims.
report:https://blog.group-ib.com/sidewinder-antibot…",1,10,13,0,['#sidewinder'],[],[],https://pbs.twimg.com/profile_images/1390264140908748806/I8nxLuzB_normal.jpg,https://twitter.com/blackorbird/status/1532259040528588800,tweet_id:1532259040528588800
blackorbird,@blackorbird,2022-06-02T02:47:50.000Z,True,"#Oceanlotus new linux backdoor ""Buni"".
/dev/disk/by-uuid/
cat /etc/*release | uniq
ioc:https://virustotal.com/gui/domain/zabbixasaservice.com/relations…report:https://mp.weixin.qq.com/s/zHLY81XeNL8afYaPtd0Myw…https://mp-weixin-qq-com.translate.goog/s/zHLY81XeNL8afYaPtd0Myw?_x_tr_sl=zh-CN&_x_tr_tl=en&_x_tr_hl=en…",0,27,67,0,['#Oceanlotus'],[],[],https://pbs.twimg.com/profile_images/1390264140908748806/I8nxLuzB_normal.jpg,https://twitter.com/blackorbird/status/1532192234430398467,tweet_id:1532192234430398467
blackorbird,@blackorbird,2022-05-31T01:26:03.000Z,True,Microsoft Office RCE - “Follina” MSDT Attack,0,18,32,0,[],[],[],https://pbs.twimg.com/profile_images/1390264140908748806/I8nxLuzB_normal.jpg,https://twitter.com/blackorbird/status/1531446879602757632,tweet_id:1531446879602757632
blackorbird,@blackorbird,2022-05-26T13:02:17.000Z,True,#Gamaredon drop DDos malware LOIC.https://mp-weixin-qq-com.translate.goog/s/gJFSlpIlbaI11lcClNN_Xw?_x_tr_sl=zh-CN&_x_tr_tl=en&_x_tr_hl=en…https://mp.weixin.qq.com/s/gJFSlpIlbaI11lcClNN_Xw…refhttps://github.com/NewEraCracker/LOIC…,0,18,47,0,['#Gamaredon'],[],[],https://pbs.twimg.com/profile_images/1390264140908748806/I8nxLuzB_normal.jpg,https://twitter.com/blackorbird/status/1529810151414243329,tweet_id:1529810151414243329
blackorbird,@blackorbird,2022-05-26T09:02:59.000Z,True,Hunting Global Telecommunications Threat.#backdoorlsof -RPnl | grep SOCK_RAW | grep IPhttps://crowdstrike.com/blog/how-to-hunt-for-decisivearchitect-and-justforfun-implant/…,1,38,107,0,['#backdoor'],[],[],https://pbs.twimg.com/profile_images/1390264140908748806/I8nxLuzB_normal.jpg,https://twitter.com/blackorbird/status/1529749932000694273,tweet_id:1529749932000694273
blackorbird,@blackorbird,2022-05-24T06:57:48.000Z,True,#Turla opendirhttps://blog.sekoia.io/turla-new-phishing-campaign-eastern-europe/…,0,3,13,0,['#Turla'],[],[],https://pbs.twimg.com/profile_images/1390264140908748806/I8nxLuzB_normal.jpg,https://twitter.com/blackorbird/status/1528993652768313346,tweet_id:1528993652768313346
blackorbird,@blackorbird,2022-05-23T09:35:13.000Z,True,"CVE-2021-37973, CVE-2021-37976, CVE-2021-38000, CVE-2021-38003 in Chrome
CVE-2021-1048 in Androidhttps://blog.google/threat-analysis-group/protecting-android-users-from-0-day-attacks/…",0,1,4,0,[],[],[],https://pbs.twimg.com/profile_images/1390264140908748806/I8nxLuzB_normal.jpg,https://twitter.com/blackorbird/status/1528670877239300098,tweet_id:1528670877239300098
blackorbird,@blackorbird,2022-05-20T04:40:35.000Z,True,"Fronton: A Botnet for Creation, Command, and Control of Coordinated Inauthentic Behaviorhttps://github.com/blackorbird/APT_REPORT/blob/master/International%20Strategic/Russia/fronton-report.pdf…",0,21,33,0,[],[],[],https://pbs.twimg.com/profile_images/1390264140908748806/I8nxLuzB_normal.jpg,https://twitter.com/blackorbird/status/1527509566413369344,tweet_id:1527509566413369344
blackorbird,@blackorbird,2022-05-20T03:21:02.000Z,True,Wizard Spider Group's systems.#TrickBothttps://github.com/blackorbird/APT_REPORT/blob/master/Wizard%20Spider/WizardSpider_TLPWHITE_v.1.4.pdf…,1,15,47,0,['#TrickBot'],[],[],https://pbs.twimg.com/profile_images/1390264140908748806/I8nxLuzB_normal.jpg,https://twitter.com/blackorbird/status/1527489548959199234,tweet_id:1527489548959199234
blackorbird,@blackorbird,2022-05-18T08:22:27.000Z,True,#Sidewinder attack chinese but dropper can't run in chinese computer.#APTmailcantonfair[.]cssc[.]infohttps://mp.weixin.qq.com/s/qsGxZIiTsuI7o-_XmiHLHg…https://mp-weixin-qq-com.translate.goog/s/qsGxZIiTsuI7o-_XmiHLHg?_x_tr_sl=zh-CN&_x_tr_tl=en&_x_tr_hl=en…,4,25,46,0,"['#Sidewinder', '#APT']",[],[],https://pbs.twimg.com/profile_images/1390264140908748806/I8nxLuzB_normal.jpg,https://twitter.com/blackorbird/status/1526840629010894848,tweet_id:1526840629010894848
blackorbird,@blackorbird,2022-05-18T04:14:47.000Z,True,Asian APT Groups connections.https://ptsecurity.com/ww-en/analytics/pt-esc-threat-intelligence/space-pirates-tools-and-connections/…,0,37,88,0,[],[],[],https://pbs.twimg.com/profile_images/1390264140908748806/I8nxLuzB_normal.jpg,https://twitter.com/blackorbird/status/1526778300164476928,tweet_id:1526778300164476928
blackorbird,@blackorbird,2022-05-13T02:05:33.000Z,True,#bitter #APT ssl certificates thumbprintshttps://blog.talosintelligence.com/2022/05/bitter-apt-adds-bangladesh-to-their.html…,1,8,16,0,"['#bitter', '#APT']",[],[],https://pbs.twimg.com/profile_images/1390264140908748806/I8nxLuzB_normal.jpg,https://twitter.com/blackorbird/status/1524933837939040256,tweet_id:1524933837939040256
blackorbird,@blackorbird,2022-05-09T03:53:50.000Z,True,"#Winnti attack game companies, information media, e-commerce, gamble, finance and other industries from china.https://mp-weixin-qq-com.translate.goog/s/K1uBLGqD8kgsIp1yTyYBfw?_x_tr_sl=zh-CN&_x_tr_tl=en&_x_tr_hl=en…https://mp.weixin.qq.com/s/K1uBLGqD8kgsIp1yTyYBfw…",0,36,79,0,['#Winnti'],[],[],https://pbs.twimg.com/profile_images/1390264140908748806/I8nxLuzB_normal.jpg,https://twitter.com/blackorbird/status/1523511536806809600,tweet_id:1523511536806809600
blackorbird,@blackorbird,2022-05-06T11:12:14.000Z,True,#Lazarus #APTtheir initial access trade-craft using social media and social engineeringhttps://research.nccgroup.com/2022/05/05/north-koreas-lazarus-and-their-initial-access-trade-craft-using-social-media-and-social-engineering/…VHD ransomware’s code-similarityhttps://trellix.com/en-us/about/newsroom/stories/threat-labs/the-hermit-kingdoms-ransomware-play.html…,0,3,9,0,"['#Lazarus', '#APT']",[],[],https://pbs.twimg.com/profile_images/1390264140908748806/I8nxLuzB_normal.jpg,https://twitter.com/blackorbird/status/1522534699582640128,tweet_id:1522534699582640128
blackorbird,@blackorbird,2022-05-05T07:03:08.000Z,True,Botconf Resource Download #ppt #cybersecurityhttps://botconf.eu/botconf-2021/botconf-2021-22-final-schedule/…,0,8,25,0,"['#ppt', '#cybersecurity']",[],[],https://pbs.twimg.com/profile_images/1390264140908748806/I8nxLuzB_normal.jpg,https://twitter.com/blackorbird/status/1522109623393669121,tweet_id:1522109623393669121
blackorbird,@blackorbird,2022-05-03T07:03:53.000Z,True,Tracking APT29 Phishing Campaigns:https://mandiant.com/resources/tracking-apt29-phishing-campaigns…About APT29 Escalate Privileges:https://specterops.io/assets/resources/Certified_Pre-Owned.pdf…,0,14,22,0,[],[],[],https://pbs.twimg.com/profile_images/1390264140908748806/I8nxLuzB_normal.jpg,https://twitter.com/blackorbird/status/1521385038444597249,tweet_id:1521385038444597249
blackorbird,@blackorbird,2022-05-03T06:55:05.000Z,True,UNC3524 works with IoT devices/steal email.https://mandiant.com/resources/unc3524-eye-spy-email…,0,5,10,0,[],[],[],https://pbs.twimg.com/profile_images/1390264140908748806/I8nxLuzB_normal.jpg,https://twitter.com/blackorbird/status/1521382821817819136,tweet_id:1521382821817819136
blackorbird,@blackorbird,2022-05-01T08:55:30.000Z,True,"#APT #Bitter attack Bangladesh's ""Rapid Action Battalion"".
slrpnlcontrlintrface[.]com
zhaodaolajiankang[.]com
olmajhnservice[.]com
report:https://ti-dbappsecurity-com-cn.translate.goog/blog/articles/2022/04/24/bitter-attack-bd/?_x_tr_sl=zh-CN&_x_tr_tl=en&_x_tr_hl=en…",0,11,28,0,"['#APT', '#Bitter']",[],[],https://pbs.twimg.com/profile_images/1390264140908748806/I8nxLuzB_normal.jpg,https://twitter.com/blackorbird/status/1520688352286052352,tweet_id:1520688352286052352
blackorbird,@blackorbird,2022-05-01T08:50:57.000Z,True,"NK APT Group report update
1.https://symantec-enterprise-blogs.security.com/blogs/threat-intelligence/stonefly-north-korea-espionage…2.https://zscaler.com/blogs/security-research/naver-ending-game-lazarus-apt…",0,2,1,0,[],[],[],https://pbs.twimg.com/profile_images/1390264140908748806/I8nxLuzB_normal.jpg,https://twitter.com/blackorbird/status/1520687206528012288,tweet_id:1520687206528012288
blackorbird,@blackorbird,2022-04-29T09:44:55.000Z,True,"#Oceanlotus malware ""StrikeSuit Gif"" codes leaks!
P17028 - StrikeSuit Gift - Office Macro Type 1
2cac346547f90788e731189573828c53https://github.com/blackorbird/APT_REPORT/blob/master/Oceanlotus/Stairwell-threat-report-The-origin-of-APT32-macros.pdf…leaks:https://virustotal.com/gui/file/66b58b2afd274591fb8caf2dbfcf14d9c9bcf48d6c87e8df2db30cdefb0d1422/details…",0,32,69,0,['#Oceanlotus'],[],[],https://pbs.twimg.com/profile_images/1390264140908748806/I8nxLuzB_normal.jpg,https://twitter.com/blackorbird/status/1519976013135970304,tweet_id:1519976013135970304
blackorbird,@blackorbird,2022-04-28T12:19:36.000Z,True,New groups & New Operation #Aptthreathttps://securelist.com/apt-trends-report-q1-2022/106351/…,0,15,20,0,['#Aptthreat'],[],[],https://pbs.twimg.com/profile_images/1390264140908748806/I8nxLuzB_normal.jpg,https://twitter.com/blackorbird/status/1519652550357979136,tweet_id:1519652550357979136
blackorbird,@blackorbird,2022-04-28T05:07:47.000Z,True,The hybrid war in Ukrainehttps://github.com/blackorbird/APT_REPORT/blob/master/summary/2022/MS_UkraineSpecialReport.pdf…ref:https://blogs.microsoft.com/on-the-issues/2022/04/27/hybrid-war-ukraine-russia-cyberattacks/…,0,6,10,0,[],[],[],https://pbs.twimg.com/profile_images/1390264140908748806/I8nxLuzB_normal.jpg,https://twitter.com/blackorbird/status/1519543880206626816,tweet_id:1519543880206626816
blackorbird,@blackorbird,2022-04-28T02:30:28.000Z,True,"#Lazarus #Andariel109.248.144.155:{8443, 8080}
mail[.]usengineergroup[.]com (109.248.144.136:8443)
109.248.144.155/login.php
155.94.210.11/covid/login.php
45.57.245.17/member/login.php
193.56.28.32/voris/view.phphttps://mp.weixin.qq.com/s/QfbzuIKUPTXE4GdpBMsGbQ…https://mp-weixin-qq-com.translate.goog/s/QfbzuIKUPTXE4GdpBMsGbQ?_x_tr_sl=zh-CN&_x_tr_tl=en&_x_tr_hl=en…",0,7,21,0,"['#Lazarus', '#Andariel']",[],[],https://pbs.twimg.com/profile_images/1390264140908748806/I8nxLuzB_normal.jpg,https://twitter.com/blackorbird/status/1519504288849874944,tweet_id:1519504288849874944
blackorbird,@blackorbird,2022-04-27T07:08:52.000Z,True,New elevation of privilege Linux vulnerability : Nimbuspwnhttps://microsoft.com/security/blog/2022/04/26/microsoft-finds-new-elevation-of-privilege-linux-vulnerability-nimbuspwn/…,4,130,359,0,[],[],[],https://pbs.twimg.com/profile_images/1390264140908748806/I8nxLuzB_normal.jpg,https://twitter.com/blackorbird/status/1519211964706136065,tweet_id:1519211964706136065
x64dbg,@x64dbg,2022-04-26T21:14:32.000Z,False,Finally it dropped! https://ollydbg.de/odbg64.zip,20,414,"1,318",0,[],[],[],https://pbs.twimg.com/profile_images/923303365974593536/jP926AXC_normal.jpg,https://twitter.com/x64dbg/status/1519062394651254785,tweet_id:1519062394651254785
blackorbird,@blackorbird,2022-04-26T10:57:11.000Z,True,"APT-C-36 #AsyncRATjulian[.]linkpc[.]net
128.90.115.36https://mp.weixin.qq.com/s/kXumeksCENIOS6HB_Un7Lg…",1,4,10,0,['#AsyncRAT'],[],[],https://pbs.twimg.com/profile_images/1390264140908748806/I8nxLuzB_normal.jpg,https://twitter.com/blackorbird/status/1518907034812313600,tweet_id:1518907034812313600
blackorbird,@blackorbird,2022-04-26T05:12:24.000Z,True,A way to execute commands remotely within VirusTotal platform and gain access to its various scans capabilities. https://cysrc.com/blog/virus-total-blog…,2,106,326,0,[],[],[],https://pbs.twimg.com/profile_images/1390264140908748806/I8nxLuzB_normal.jpg,https://twitter.com/blackorbird/status/1518820266062741504,tweet_id:1518820266062741504
blackorbird,@blackorbird,2022-04-26T07:27:40.000Z,True,"The site is offline, I think there is an error in the report",0,0,4,0,[],[],[],https://pbs.twimg.com/profile_images/1390264140908748806/I8nxLuzB_normal.jpg,https://twitter.com/blackorbird/status/1518854308195799040,tweet_id:1518854308195799040
blackorbird,@blackorbird,2022-04-22T06:36:52.000Z,True,"GOLDBACKDOOR attributed to APT37/Group123.
D:\Development\GOLD-BACKDOOR\Release\FirstBackdoor.pdbhttps://github.com/blackorbird/APT_REPORT/blob/master/group123/Stairwell-threat-report-The-ink-stained-trail-of-GOLDBACKDOOR.pdf…",2,25,61,0,[],[],[],https://pbs.twimg.com/profile_images/1390264140908748806/I8nxLuzB_normal.jpg,https://twitter.com/blackorbird/status/1517391972415074304,tweet_id:1517391972415074304
blackorbird,@blackorbird,2022-04-19T06:18:04.000Z,True,"#Lazarus #APTAttacks on cryptocurrency platforms.
cloud[.]beenos[.]biz
it[.]zvc[.]capital
venturelabo[.]co
azureword[.]com
ref:https://mp.weixin.qq.com/s/Xs54_RDKU5MvkvsPPCGKEw…",0,12,40,0,"['#Lazarus', '#APT']",[],[],https://pbs.twimg.com/profile_images/1390264140908748806/I8nxLuzB_normal.jpg,https://twitter.com/blackorbird/status/1516300076523548674,tweet_id:1516300076523548674
blackorbird,@blackorbird,2022-04-19T03:47:46.000Z,True,Operation CatalanGate#Pegasus #Candiruhttps://citizenlab.ca/2022/04/catalangate-extensive-mercenary-spyware-operation-against-catalans-using-pegasus-candiru/…Candiru contract:https://github.com/blackorbird/APT_REPORT/blob/master/Candiru/Candiru_product.pdf…,1,17,25,0,"['#Pegasus', '#Candiru']",[],[],https://pbs.twimg.com/profile_images/1390264140908748806/I8nxLuzB_normal.jpg,https://twitter.com/blackorbird/status/1516262250822078467,tweet_id:1516262250822078467
blackorbird,@blackorbird,2022-04-19T02:39:13.000Z,True,Mobile Spyware.,1,2,11,0,[],[],[],https://pbs.twimg.com/profile_images/1390264140908748806/I8nxLuzB_normal.jpg,https://twitter.com/blackorbird/status/1516245003126771712,tweet_id:1516245003126771712
blackorbird,@blackorbird,2022-04-19T02:39:20.000Z,True,gif ref:https://newyorker.com/magazine/2022/04/25/how-democracies-spy-on-their-citizens…,0,2,4,0,[],[],[],https://pbs.twimg.com/profile_images/1390264140908748806/I8nxLuzB_normal.jpg,https://twitter.com/blackorbird/status/1516245030100295686,tweet_id:1516245030100295686
blackorbird,@blackorbird,2022-04-15T08:54:42.000Z,True,#Muddywater use Canary-token platform #APThttps://avertium.com/resources/threat-reports/in-depth-look-at-iranian-apt-muddywater…,1,10,24,0,"['#Muddywater', '#APT']",[],[],https://pbs.twimg.com/profile_images/1390264140908748806/I8nxLuzB_normal.jpg,https://twitter.com/blackorbird/status/1514889945659281409,tweet_id:1514889945659281409
blackorbird,@blackorbird,2022-04-15T08:56:20.000Z,True,help or not to help,0,1,2,0,[],[],['\\U0001f643'],https://pbs.twimg.com/profile_images/1390264140908748806/I8nxLuzB_normal.jpg,https://twitter.com/blackorbird/status/1514890353790238726,tweet_id:1514890353790238726
blackorbird,@blackorbird,2022-04-15T05:17:59.000Z,True,"#Lazarus Targets Chemical Sector
signatures: DOCTER USA, INC and ""A"" MEDICAL OFFICE, PLLC
URL parameter key/values ""prd_fld=racket""https://symantec-enterprise-blogs.security.com/blogs/threat-intelligence/lazarus-dream-job-chemical…",0,8,21,0,['#Lazarus'],[],[],https://pbs.twimg.com/profile_images/1390264140908748806/I8nxLuzB_normal.jpg,https://twitter.com/blackorbird/status/1514835404393881603,tweet_id:1514835404393881603
blackorbird,@blackorbird,2022-04-12T09:51:26.000Z,True,Recent cyber attack by #Bahamut group.#Androidspyware #APTwww.securechatnow[.]comhttps://mp.weixin.qq.com/s/YAAybJBAvxqrQWYDg31BBw…https://mp-weixin-qq-com.translate.goog/s/YAAybJBAvxqrQWYDg31BBw?_x_tr_sl=zh-CN&_x_tr_tl=en&_x_tr_hl=zh-CN…,0,3,7,0,"['#Bahamut', '#Androidspyware', '#APT']",[],[],https://pbs.twimg.com/profile_images/1390264140908748806/I8nxLuzB_normal.jpg,https://twitter.com/blackorbird/status/1513817059242622978,tweet_id:1513817059242622978
blackorbird,@blackorbird,2022-04-11T04:41:15.000Z,True,#Lazarus #APT #chmhttps://mp.weixin.qq.com/s/kcIaoB8Yta1zI6Py-uxupA…https://mp-weixin-qq-com.translate.goog/s/kcIaoB8Yta1zI6Py-uxupA?_x_tr_sl=zh-CN&_x_tr_tl=en&_x_tr_hl=zh-CN…,0,10,28,0,"['#Lazarus', '#APT', '#chm']",[],[],https://pbs.twimg.com/profile_images/1390264140908748806/I8nxLuzB_normal.jpg,https://twitter.com/blackorbird/status/1513376608358322178,tweet_id:1513376608358322178
blackorbird,@blackorbird,2022-04-02T09:04:06.000Z,True,#Oceanlotus use Nim Programming Language to write malware.https://mp.weixin.qq.com/s/tBQSbv55lJUipaPWFr1fKw…https://mp-weixin-qq-com.translate.goog/s/tBQSbv55lJUipaPWFr1fKw?_x_tr_sl=zh-CN&_x_tr_tl=en&_x_tr_hl=zh-CN…,2,32,62,0,['#Oceanlotus'],[],[],https://pbs.twimg.com/profile_images/1390264140908748806/I8nxLuzB_normal.jpg,https://twitter.com/blackorbird/status/1510181265680453637,tweet_id:1510181265680453637
blackorbird,@blackorbird,2022-04-01T07:32:40.000Z,True,Update: https://googleprojectzero.blogspot.com/2022/03/forcedentry-sandbox-escape.html…,0,3,7,0,[],[],[],https://pbs.twimg.com/profile_images/1390264140908748806/I8nxLuzB_normal.jpg,https://twitter.com/blackorbird/status/1509795869218205696,tweet_id:1509795869218205696
blackorbird,@blackorbird,2022-03-31T04:01:53.000Z,True,"APT Group #VajraEleph Android spyware attack.
Target FC/SSG/FC BLN/FIA/Police.https://mp.weixin.qq.com/s/B0ElRhbqLzs-wGQh79fTww…https://mp-weixin-qq-com.translate.goog/s/B0ElRhbqLzs-wGQh79fTww?_x_tr_sl=zh-CN&_x_tr_tl=en&_x_tr_hl=zh-CN…",3,11,31,0,['#VajraEleph'],[],[],https://pbs.twimg.com/profile_images/1390264140908748806/I8nxLuzB_normal.jpg,https://twitter.com/blackorbird/status/1509380434047606785,tweet_id:1509380434047606785
Jason Leopold,@JasonLeopold,2022-03-24T20:40:49.000Z,True,"NEW: Last month, a chicken was found wandering around the security area of the Pentagon and caused a bit of a ruckus. It was later taken into ""custody"" by Animal Control. 

Naturally, I filed a #FOIA request with DOD for details about this incident and I just got the docs. ",170,675,"2,648",0,['#FOIA'],[],"['\\U0001f413', '\\U0001f413', '\\U0001f413']",https://pbs.twimg.com/profile_images/1765389771801845760/QeC9_M4k_normal.jpg,https://twitter.com/JasonLeopold/status/1507095108902010894,tweet_id:1507095108902010894
blackorbird,@blackorbird,2022-03-25T02:26:43.000Z,True,2021 #APT Annual Report https://github.com/blackorbird/APT_REPORT/blob/master/summary/2022/APT_2021_global_research_qianxin.pdf…,0,5,7,0,['#APT'],[],[],https://pbs.twimg.com/profile_images/1390264140908748806/I8nxLuzB_normal.jpg,https://twitter.com/blackorbird/status/1507182159760568320,tweet_id:1507182159760568320
blackorbird,@blackorbird,2022-03-24T17:03:10.000Z,True,"Lazarus #APT groups exploiting a remote code execution vulnerability in Chrome:CVE-2022-0609. #DreamJob #AppleJeus 
Report:https://blog.google/threat-analysis-group/countering-threats-north-korea/…Exploit:https://virustotal.com/gui/file/03a41d29e3c9763093aca13f1cc8bcc41b201a6839c381aaaccf891204335685…",1,58,112,0,"['#APT', '#DreamJob', '#AppleJeus']",[],[],https://pbs.twimg.com/profile_images/1390264140908748806/I8nxLuzB_normal.jpg,https://twitter.com/blackorbird/status/1507040337097027584,tweet_id:1507040337097027584
blackorbird,@blackorbird,2022-03-24T01:55:05.000Z,True,DPRK APT groups to govhttps://mandiant.com/resources/mapping-dprk-groups-to-government…https://github.com/blackorbird/APT_REPORT/blob/master/International%20Strategic/Korea/dprk.png…,0,13,18,0,[],[],[],https://pbs.twimg.com/profile_images/1390264140908748806/I8nxLuzB_normal.jpg,https://twitter.com/blackorbird/status/1506811809285640197,tweet_id:1506811809285640197
blackorbird,@blackorbird,2022-03-19T07:54:32.000Z,True,"Spam campaign targets luxury Macao resorts.
fsm-gov[.]comhttps://trellix.com/en-us/about/newsroom/stories/threat-labs/suspected-darkhotel-apt-activity-update.html…",0,4,12,0,[],[],[],https://pbs.twimg.com/profile_images/1390264140908748806/I8nxLuzB_normal.jpg,https://twitter.com/blackorbird/status/1505090331502538753,tweet_id:1505090331502538753
blackorbird,@blackorbird,2022-03-18T09:39:27.000Z,True,A unique tool that produces pseudo-malicious files meant to trigger YARA rules.https://github.com/claroty/aryahttps://claroty.com/2022/03/16/blog-research-arya-the-new-tailor-made-eicar-using-yara/…,0,19,35,0,[],[],[],https://pbs.twimg.com/profile_images/1390264140908748806/I8nxLuzB_normal.jpg,https://twitter.com/blackorbird/status/1504754346122129410,tweet_id:1504754346122129410
blackorbird,@blackorbird,2022-03-18T07:21:23.000Z,True,"#Gamaredon ioc 
2dd7d9c6dd355bc1d2bf0ac7d4f9eaaf
a348f0b7a0c2cadc62eaceacacc79215
dddd77f42bfb365f36762ad4db4a741e
e14b562b4b3f7e78e96e6dfe6506ec53
e41875017b2c56384ae680d0f5aed11f
f4e7c05fde022ec76f8c2f0a4cf2e1b3
cd460b1382a61be2ae917397e52032bc
ref:https://mp-weixin-qq-com.translate.goog/s/YsyeLQDR_LQLfKhigSm2_Q?_x_tr_sl=zh-CN&_x_tr_tl=en&_x_tr_hl=zh-CN…",0,6,11,0,['#Gamaredon'],[],[],https://pbs.twimg.com/profile_images/1390264140908748806/I8nxLuzB_normal.jpg,https://twitter.com/blackorbird/status/1504719600646168576,tweet_id:1504719600646168576
blackorbird,@blackorbird,2022-03-02T07:52:11.000Z,True,"Browser 0day exploit in wild #APT #update 
/?appid=qheejtaunxfk8pj2p9&channel=1+--no-sandbox+--headless+--renderer-cmd-prefix=""cmd.exe /c start calc.exe&\r\n""https://mp-weixin-qq-com.translate.goog/s/wiUeo0UJW4m0_6fm2o8FXQ?_x_tr_sl=zh-CN&_x_tr_tl=en&_x_tr_hl=zh-CN&_x_tr_pto=nui…origin:https://mp.weixin.qq.com/s/wiUeo0UJW4m0_6fm2o8FXQ…",2,23,48,0,"['#APT', '#update']",[],[],https://pbs.twimg.com/profile_images/1390264140908748806/I8nxLuzB_normal.jpg,https://twitter.com/blackorbird/status/1498929146180739074,tweet_id:1498929146180739074
blackorbird,@blackorbird,2022-03-02T09:00:48.000Z,True,The article has been deleted and cannot be viewed for unknown reasons.,2,0,0,0,[],[],[],https://pbs.twimg.com/profile_images/1390264140908748806/I8nxLuzB_normal.jpg,https://twitter.com/blackorbird/status/1498946412662325248,tweet_id:1498946412662325248
blackorbird,@blackorbird,2022-03-02T06:57:17.000Z,True,CyberWar,1,0,4,0,[],[],[],https://pbs.twimg.com/profile_images/1390264140908748806/I8nxLuzB_normal.jpg,https://twitter.com/blackorbird/status/1498915330231390210,tweet_id:1498915330231390210
blackorbird,@blackorbird,2022-02-25T09:26:57.000Z,True,DDoS attacks against Ukraine and Russia. #botnet #mirai #gafgytreport:https://blog-netlab-360-com.translate.goog/wo-men-kan-dao-de-wu-ke-lan-bei-ddosgong-ji-xi-jie/?_x_tr_sl=zh-CN&_x_tr_tl=en&_x_tr_hl=zh-CN…https://blog.netlab.360.com/wo-men-kan-dao-de-wu-ke-lan-bei-ddosgong-ji-xi-jie/…,0,16,30,0,"['#botnet', '#mirai', '#gafgyt']",[],[],https://pbs.twimg.com/profile_images/1390264140908748806/I8nxLuzB_normal.jpg,https://twitter.com/blackorbird/status/1497141052838330369,tweet_id:1497141052838330369
Thomas Roccia,@fr0gger_,2022-02-25T08:10:45.000Z,True,I briefly analyzed #HermeticWiper to give an overview of its capabilities. I have deliberately omitted some details for better understanding. I'll update the graphic as my analysis progresses! Hope this will help you understand better the attack! #infosec #malware #cybersecurity,12,506,"1,180",0,"['#HermeticWiper', '#infosec', '#malware', '#cybersecurity']",[],[],https://pbs.twimg.com/profile_images/1508937439804796929/nG0gj8d8_normal.jpg,https://twitter.com/fr0gger_/status/1497121876870832128,tweet_id:1497121876870832128
ESET Research,@ESETresearch,2022-02-23T20:25:05.000Z,True,Breaking. #ESETResearch discovered a new data wiper malware used in Ukraine today. ESET telemetry shows that it was installed on hundreds of machines in the country. This follows the DDoS attacks against several Ukrainian websites earlier today 1/n,64,"2,350","3,287",0,['#ESETResearch'],[],[],https://pbs.twimg.com/profile_images/1244546916106612736/svU0TBgH_normal.png,https://twitter.com/ESETresearch/status/1496581903205511181,tweet_id:1496581903205511181
blackorbird,@blackorbird,2022-02-23T15:12:01.000Z,True,Overview of cyber threat trends to beware of in 2022Deepfake Technologyhttps://github.com/blackorbird/APT_REPORT/blob/master/summary/2022/Intel471_Cyber_Threats_2022.pdf…,0,1,5,0,[],[],"['\\u26a0\\ufe0f', '\\u26a0\\ufe0f']",https://pbs.twimg.com/profile_images/1390264140908748806/I8nxLuzB_normal.jpg,https://twitter.com/blackorbird/status/1496503117550333953,tweet_id:1496503117550333953
blackorbird,@blackorbird,2022-02-23T06:45:34.000Z,True,Bvp47:Advanced backdoors on the Linux platform.#EquationGroup #APTpdf:https://github.com/blackorbird/APT_REPORT/blob/master/EquationGroup/The_Bvp47_a_top-tier_backdoor_of_us_nsa_equation_group.en.pdf…2013 Sample:https://github.com/blackorbird/APT_REPORT/blob/master/EquationGroup/7989032a5a2baece889100c4cfeca81f1da1241ab47365dad89107e417ce7bac…Ref: https://pangulab.cn/en/post/the_bvp47_a_top-tier_backdoor_of_us_nsa_equation_group/…,9,104,194,0,"['#EquationGroup', '#APT']",[],[],https://pbs.twimg.com/profile_images/1390264140908748806/I8nxLuzB_normal.jpg,https://twitter.com/blackorbird/status/1496375663393218563,tweet_id:1496375663393218563
blackorbird,@blackorbird,2022-02-23T09:42:27.000Z,True,dewdrops_tipoffs https://github.com/boogalooSec/EquationGroup/tree/2364f4bf3fb73f1d467fdcc8285742eaad2db86e/Linux/up…,1,2,13,0,[],[],[],https://pbs.twimg.com/profile_images/1390264140908748806/I8nxLuzB_normal.jpg,https://twitter.com/blackorbird/status/1496420179043323907,tweet_id:1496420179043323907
blackorbird,@blackorbird,2022-02-23T14:20:18.000Z,True,https://biot.com/capstats/bpf.html…https://en.wikipedia.org/wiki/Berkeley_Packet_Filter…https://tcpdump.org/papers/bpf-usenix93.pdf…,0,1,5,0,[],[],[],https://pbs.twimg.com/profile_images/1390264140908748806/I8nxLuzB_normal.jpg,https://twitter.com/blackorbird/status/1496490104210485250,tweet_id:1496490104210485250
blackorbird,@blackorbird,2022-02-16T14:00:35.000Z,True,"UAC-0056/Lorec53 phishing campaign against #Ukraine.
3237[.]site
stun[.]site
eumr[.]site
report:http://blog.nsfocus.net/apt-lorec53-20220216/…https://blog-nsfocus-net.translate.goog/apt-lorec53-20220216/?_x_tr_sch=http&_x_tr_sl=zh-CN&_x_tr_tl=en&_x_tr_hl=zh-CN…ref:https://cert.gov.ua/article/18419",0,7,14,0,['#Ukraine'],[],[],https://pbs.twimg.com/profile_images/1390264140908748806/I8nxLuzB_normal.jpg,https://twitter.com/blackorbird/status/1493948426198732800,tweet_id:1493948426198732800
blackorbird,@blackorbird,2022-02-16T01:52:44.000Z,True,"2022 Global Threat Report from CrowdStrike #APT #cybercrime 
pdf:https://github.com/blackorbird/APT_REPORT/blob/master/summary/2022/2022%20Global%20Threat%20Report.pdf…ref:https://crowdstrike.com/global-threat-report/…",0,22,43,0,"['#APT', '#cybercrime']",[],[],https://pbs.twimg.com/profile_images/1390264140908748806/I8nxLuzB_normal.jpg,https://twitter.com/blackorbird/status/1493765257373704195,tweet_id:1493765257373704195
blackorbird,@blackorbird,2022-02-11T07:58:06.000Z,True,"CVE-2022-22620(iPhone、iPad、Mac UAF) 
Processing maliciously crafted web content may lead to arbitrary code execution. Apple is aware of a report that this issue may have been actively exploited.https://support.apple.com/en-us/HT213092https://support.apple.com/en-us/HT213093",0,5,9,0,[],[],[],https://pbs.twimg.com/profile_images/1390264140908748806/I8nxLuzB_normal.jpg,https://twitter.com/blackorbird/status/1492045263770320898,tweet_id:1492045263770320898
blackorbird,@blackorbird,2022-02-11T05:18:32.000Z,True,#APT group ModifiedElephant relations to Pegasus/SideWinder/Hangover(Patchwork) https://sentinelone.com/labs/modifiedelephant-apt-and-a-decade-of-fabricating-evidence/…pdf:https://github.com/blackorbird/APT_REPORT/blob/master/International%20Strategic/India/modified-elephant-apt.pdf…,1,15,27,0,['#APT'],[],[],https://pbs.twimg.com/profile_images/1390264140908748806/I8nxLuzB_normal.jpg,https://twitter.com/blackorbird/status/1492005108195885056,tweet_id:1492005108195885056
Rekt News,@RektHQ,2022-02-02T21:55:51.000Z,True,,79,717,"5,256",0,[],[],[],https://pbs.twimg.com/profile_images/1320861494112854018/7-zRzzum_normal.jpg,https://twitter.com/RektHQ/status/1488994599318208512,tweet_id:1488994599318208512
Mark,@_marklech_,2022-01-20T10:45:50.000Z,False,"[1/n] Today I'm sharing the details of a research done by , , Ilya Borisov and myself on a UEFI firmware implant found in the wild, dubbed #MoonBounce. We assess that this formerly unknown threat is the work of the infamous #APT41. A ",11,305,524,0,"['#MoonBounce', '#APT41']","['@vaber_b', '@legezo']",['\\U0001f9f5'],https://pbs.twimg.com/profile_images/1720073367993352193/OYr2jtdO_normal.jpg,https://twitter.com/_marklech_/status/1484114943108603904,tweet_id:1484114943108603904
blackorbird,@blackorbird,2022-01-21T01:48:27.000Z,True,Update:2021 Advanced Threat Trends Research Reporthttps://github.com/blackorbird/APT_REPORT/blob/master/summary/2022/2021%20Advanced%20Threat%20Trends%20Research%20Report-dbappsecurity.pdf…,0,3,8,0,[],[],[],https://pbs.twimg.com/profile_images/1390264140908748806/I8nxLuzB_normal.jpg,https://twitter.com/blackorbird/status/1484342095230173184,tweet_id:1484342095230173184
blackorbird,@blackorbird,2022-01-20T07:33:14.000Z,True,#OceanLotus continues to use the Glitch platform #APThttps://mp.weixin.qq.com/s/1L7o1C-aGlMBAXzHqR9udA…https://mp-weixin-qq-com.translate.goog/s/1L7o1C-aGlMBAXzHqR9udA?_x_tr_sl=zh-CN&_x_tr_tl=en&_x_tr_hl=zh-CN…,0,21,36,0,"['#OceanLotus', '#APT']",[],[],https://pbs.twimg.com/profile_images/1390264140908748806/I8nxLuzB_normal.jpg,https://twitter.com/blackorbird/status/1484066474507800578,tweet_id:1484066474507800578
blackorbird,@blackorbird,2022-01-18T11:25:01.000Z,True,"#Oceanlotus new C2 springboard : vSphere web , mikrotik/D-link/samsung Routers , f5 firewallhttps://github.com/blackorbird/APT_REPORT/blob/master/summary/2022/Annual%20APT%20Group%20Threat%20Research%20Report-knownsec.pdf…",0,17,45,0,['#Oceanlotus'],[],[],https://pbs.twimg.com/profile_images/1390264140908748806/I8nxLuzB_normal.jpg,https://twitter.com/blackorbird/status/1483400028672897025,tweet_id:1483400028672897025
blackorbird,@blackorbird,2022-01-18T10:53:32.000Z,True,Donot Team 2020-2021 Work Reporthttps://welivesecurity.com/2022/01/18/donot-go-do-not-respawn/…https://github.com/eset/malware-ioc/tree/master/donot…,0,8,10,0,[],[],[],https://pbs.twimg.com/profile_images/1390264140908748806/I8nxLuzB_normal.jpg,https://twitter.com/blackorbird/status/1483392102709231617,tweet_id:1483392102709231617
Kim Zetter,@KimZetter,2022-01-14T07:27:15.000Z,True,"Sources tell me ~15 sites in Ukraine - all using October content management system - have been defaced, incl Min of Foreign Affairs, Cabinet of Ministers, Min of Ed, Emergency Services, Treasury, Environmental Protection. Attackers apparently used this:  https://cvedetails.com/cve/CVE-2021-32648/…",15,305,410,0,[],[],[],https://pbs.twimg.com/profile_images/614198046037929985/pbaYN7Fs_normal.jpg,https://twitter.com/KimZetter/status/1481890639029551106,tweet_id:1481890639029551106
blackorbird,@blackorbird,2022-01-13T08:49:12.000Z,True,"Extensive Hacking of Media & Civil Society in El Salvador with #Pegasus Spyware.informados24h[.]cominfo-urbano[.]com
mobile-analytics[.]netweb-cloud-services[.]com
solo-hoy[.]com
deportes24-7[.]comhttps://citizenlab.ca/2022/01/project-torogoz-extensive-hacking-media-civil-society-el-salvador-pegasus-spyware/…",1,11,11,0,['#Pegasus'],[],['\\u26a0\\ufe0f'],https://pbs.twimg.com/profile_images/1390264140908748806/I8nxLuzB_normal.jpg,https://twitter.com/blackorbird/status/1481548876918439936,tweet_id:1481548876918439936
blackorbird,@blackorbird,2022-01-13T07:24:23.000Z,True,"#Oceanlotus .mht & .mhtml
C2:glitchhttps://netskope.com/blog/abusing-microsoft-office-using-malicious-web-archive-files…https://github.com/netskopeoss/NetskopeThreatLabsIOCs/tree/main/MHTGlitch/IOCs…",0,9,17,0,['#Oceanlotus'],[],[],https://pbs.twimg.com/profile_images/1390264140908748806/I8nxLuzB_normal.jpg,https://twitter.com/blackorbird/status/1481527529475559427,tweet_id:1481527529475559427
blackorbird,@blackorbird,2021-12-30T17:26:22.000Z,True,Kimsuky webshell #APT192.203.145.*https://mp.weixin.qq.com/s/O_3PFAB4RGxJXHnx_o9f3Q…,0,17,43,0,['#APT'],[],[],https://pbs.twimg.com/profile_images/1390264140908748806/I8nxLuzB_normal.jpg,https://twitter.com/blackorbird/status/1476605595931357184,tweet_id:1476605595931357184
blackorbird,@blackorbird,2021-12-30T03:34:07.000Z,True,HP iLO rootkithttps://github.com/blackorbird/APT_REPORT/tree/master/iLOBleed…,0,5,11,0,[],[],[],https://pbs.twimg.com/profile_images/1390264140908748806/I8nxLuzB_normal.jpg,https://twitter.com/blackorbird/status/1476396154216943616,tweet_id:1476396154216943616
blackorbird,@blackorbird,2021-12-17T08:25:58.000Z,True,"#darkhotel steal the private keys of crypto currency wallets.
Kind of like Lazarus style.Could it be a false flag?https://zscaler.com/blogs/security-research/new-darkhotel-apt-attack-chain-identified…refhttps://antiy.cn/research/notice&report/research_report/20200522.html…",1,17,45,0,['#darkhotel'],[],[],https://pbs.twimg.com/profile_images/1390264140908748806/I8nxLuzB_normal.jpg,https://twitter.com/blackorbird/status/1471758555749355522,tweet_id:1471758555749355522
blackorbird,@blackorbird,2021-12-17T09:02:07.000Z,True,It seems that there are some problems with the association,1,3,3,0,[],[],[],https://pbs.twimg.com/profile_images/1390264140908748806/I8nxLuzB_normal.jpg,https://twitter.com/blackorbird/status/1471767653798727681,tweet_id:1471767653798727681
blackorbird,@blackorbird,2021-12-17T03:17:56.000Z,True,#Cytrox #Predator spyware iochttps://github.com/blackorbird/APT_REPORT/blob/master/Cytrox/Predator_ioc.csv…,0,4,4,0,"['#Cytrox', '#Predator']",[],[],https://pbs.twimg.com/profile_images/1390264140908748806/I8nxLuzB_normal.jpg,https://twitter.com/blackorbird/status/1471681037839507456,tweet_id:1471681037839507456
blackorbird,@blackorbird,2021-12-17T03:10:12.000Z,True,Learning iOS Forensics 4.0 #Pegasus  #Cytrox #Predator https://citizenlab.ca/2021/12/pegasus-vs-predator-dissidents-doubly-infected-iphone-reveals-cytrox-mercenary-spyware/…,0,8,7,0,"['#Pegasus', '#Cytrox', '#Predator']",[],[],https://pbs.twimg.com/profile_images/1390264140908748806/I8nxLuzB_normal.jpg,https://twitter.com/blackorbird/status/1471679090470141954,tweet_id:1471679090470141954
blackorbird,@blackorbird,2021-12-16T11:34:34.000Z,True,"The C2 service program is hosted on the Glitch platform.
Malware similar obfuscation techniques as OceanLotus.https://mp-weixin-qq-com.translate.goog/s/ZpU27cCSKa14aupNcCHcug?_x_tr_sl=zh-CN&_x_tr_tl=en&_x_tr_hl=zh-CN…https://mp.weixin.qq.com/s/ZpU27cCSKa14aupNcCHcug…",1,18,24,0,[],[],[],https://pbs.twimg.com/profile_images/1390264140908748806/I8nxLuzB_normal.jpg,https://twitter.com/blackorbird/status/1471443630506201090,tweet_id:1471443630506201090
blackorbird,@blackorbird,2021-12-16T06:54:05.000Z,True,NSO group zero-click iMessage exploit analysis.https://googleprojectzero.blogspot.com/2021/12/a-deep-dive-into-nso-zero-click.html…,1,15,47,0,[],[],[],https://pbs.twimg.com/profile_images/1390264140908748806/I8nxLuzB_normal.jpg,https://twitter.com/blackorbird/status/1471373044098625537,tweet_id:1471373044098625537
blackorbird,@blackorbird,2021-12-10T01:17:52.000Z,True,apache log4j Vulnerabilityhttps://github.com/tangxiaofeng7/apache-log4j-poc…,1,15,20,0,[],[],[],https://pbs.twimg.com/profile_images/1390264140908748806/I8nxLuzB_normal.jpg,https://twitter.com/blackorbird/status/1469114104623161346,tweet_id:1469114104623161346
blackorbird,@blackorbird,2021-12-10T14:29:11.000Z,True,Log4j Attack Surfacehttps://github.com/YfryTchsGD/Log4jAttackSurface…,1,3,8,0,[],[],[],https://pbs.twimg.com/profile_images/1390264140908748806/I8nxLuzB_normal.jpg,https://twitter.com/blackorbird/status/1469313246007943176,tweet_id:1469313246007943176
blackorbird,@blackorbird,2021-12-11T13:58:52.000Z,True,Apache #Log4j botnet #Muhstik #Mirai botnethttps://blog.netlab.360.com/wei-xie-kuai-xun-log4jlou-dong-yi-jing-bei-yong-lai-zu-jian-botnet-zhen-dui-linuxshe-bei/…,0,2,5,0,"['#Log4j', '#Muhstik', '#Mirai']",[],[],https://pbs.twimg.com/profile_images/1390264140908748806/I8nxLuzB_normal.jpg,https://twitter.com/blackorbird/status/1469668006036971525,tweet_id:1469668006036971525
blackorbird,@blackorbird,2021-12-08T13:14:49.000Z,True,#Nobelium  #APT29https://github.com/blackorbird/APT_REPORT/blob/master/SunBurst/Nobelium2021.pdf…,0,17,45,0,"['#Nobelium', '#APT29']",[],[],https://pbs.twimg.com/profile_images/1390264140908748806/I8nxLuzB_normal.jpg,https://twitter.com/blackorbird/status/1468569758224162817,tweet_id:1468569758224162817
blackorbird,@blackorbird,2021-12-07T13:09:40.000Z,True,"#APT ""The actor use a mixture of TOR, Virtual Private Servers (VPS) and public Virtual Private Networks (VPN) to access victim environments.""
Continues to focus on the cloud.(Microsoft Azure -> mega).
UNC3004 & UNC2652 related to UNC2452(Nobelium)https://mandiant.com/resources/russian-targeting-gov-business…",0,11,22,0,['#APT'],[],[],https://pbs.twimg.com/profile_images/1390264140908748806/I8nxLuzB_normal.jpg,https://twitter.com/blackorbird/status/1468206073702084608,tweet_id:1468206073702084608
blackorbird,@blackorbird,2021-11-30T03:20:39.000Z,True,"#APT #StrongPity NotePad++ installer(npp.8.1.7.Installer.x64.exe)
78556a2fc01c40f64f11c76ef26ec3ff
http[:]//advancedtoenableplatform.com",3,32,80,0,"['#APT', '#StrongPity']",[],[],https://pbs.twimg.com/profile_images/1390264140908748806/I8nxLuzB_normal.jpg,https://twitter.com/blackorbird/status/1465521129179660290,tweet_id:1465521129179660290
blackorbird,@blackorbird,2021-11-29T14:22:04.000Z,True,"#APT37/Group123 multi-platform(PC/Mobile) malware :Chinotto 
Target journalists, defectors, diplomats and government employees. 
D:\VSWorkspace\chinotto\Release\Chinotto.pdbhttps://securelist.com/scarcruft-surveilling-north-korean-defectors-and-human-rights-activists/105074/…",0,13,33,0,['#APT37'],[],[],https://pbs.twimg.com/profile_images/1390264140908748806/I8nxLuzB_normal.jpg,https://twitter.com/blackorbird/status/1465325189789466625,tweet_id:1465325189789466625
blackorbird,@blackorbird,2021-11-29T07:11:08.000Z,True,"-APT28/Fancy Bear launched Gmail phishing campaign
-North Korea targets users by posting as employment recruiters(#Samsung)https://github.com/blackorbird/APT_REPORT/blob/master/summary/2021/apt28-northkorean-blackmatter.pdf…",0,16,43,0,['#Samsung'],[],[],https://pbs.twimg.com/profile_images/1390264140908748806/I8nxLuzB_normal.jpg,https://twitter.com/blackorbird/status/1465216741491970051,tweet_id:1465216741491970051
blackorbird,@blackorbird,2021-11-16T01:45:51.000Z,True,Emotet returnshttps://twitter.com/Cryptolaemus1/status/1460403592658145283…https://cyber.wtf/2021/11/15/guess-whos-back/…https://therecord.media/emotet-botnet-returns-after-law-enforcement-mass-uninstall-operation/…,0,5,4,0,[],[],[],https://pbs.twimg.com/profile_images/1390264140908748806/I8nxLuzB_normal.jpg,https://twitter.com/blackorbird/status/1460423838139772929,tweet_id:1460423838139772929
blackorbird,@blackorbird,2021-11-11T15:34:17.000Z,True,"""CyberMerceNary"":VOID BALAURhttps://github.com/blackorbird/APT_REPORT/tree/master/CyberMerceNary…",0,4,6,0,[],[],[],https://pbs.twimg.com/profile_images/1390264140908748806/I8nxLuzB_normal.jpg,https://twitter.com/blackorbird/status/1458820384619327496,tweet_id:1458820384619327496
blackorbird,@blackorbird,2021-11-11T02:28:33.000Z,True,idahelper.dll sample upload from VN. #LazarusVictims have appeared.https://virustotal.com/gui/file/fe80e890689b0911d2cd1c29196c1dad92183c40949fe6f8c39deec8e745de7f/community…https://github.com/blackorbird/APT_REPORT/tree/master/lazarus/sample…,0,31,92,0,['#Lazarus'],[],[],https://pbs.twimg.com/profile_images/1390264140908748806/I8nxLuzB_normal.jpg,https://twitter.com/blackorbird/status/1458622646774501378,tweet_id:1458622646774501378
blackorbird,@blackorbird,2021-11-09T03:47:36.000Z,True,"Learning iOS Forensics 3.0 #Pegasus 
process name:
MobileSMSd
CommsCenterRootH
otpgrefdhttps://frontlinedefenders.org/en/statement-report/statement-targeting-palestinian-hrds-pegasus…https://citizenlab.ca/2021/11/palestinian-human-rights-defenders-hacked-nso-groups-pegasus-spyware/…https://amnesty.org/en/latest/research/2021/11/devices-of-palestinian-human-rights-defenders-hacked-with-nso-groups-pegasus-spyware-2/…",0,11,17,0,['#Pegasus'],[],[],https://pbs.twimg.com/profile_images/1390264140908748806/I8nxLuzB_normal.jpg,https://twitter.com/blackorbird/status/1457917763339489283,tweet_id:1457917763339489283
blackorbird,@blackorbird,2021-11-02T07:31:01.000Z,True,"#APT-C-59 (芜琼洞) Group of 2021 attack summary.
During the same period of time, the Lazarus Group also used the same 0day vulnerability CVE-2021-26411. 
report:https://mp.weixin.qq.com/s/WBpML3BTxFPHmBgyunmEEA…translate:https://mp-weixin-qq-com.translate.goog/s/WBpML3BTxFPHmBgyunmEEA?_x_tr_sl=zh-CN&_x_tr_tl=en&_x_tr_hl=zh-CN&_x_tr_pto=nui…",1,26,43,0,['#APT'],[],[],https://pbs.twimg.com/profile_images/1390264140908748806/I8nxLuzB_normal.jpg,https://twitter.com/blackorbird/status/1455437275823689728,tweet_id:1455437275823689728
blackorbird,@blackorbird,2021-11-01T09:32:33.000Z,True,"Using Known Private Keys To Decrypt #CobaltStrike Traffic
part1:https://blog.nviso.eu/2021/10/21/cobalt-strike-using-known-private-keys-to-decrypt-traffic-part-1/…part2:https://blog.nviso.eu/2021/10/27/cobalt-strike-using-known-private-keys-to-decrypt-traffic-part-2/…tool:https://github.com/DidierStevens/Beta/blob/master/cs-parse-http-traffic.py…",0,58,168,0,['#CobaltStrike'],[],[],https://pbs.twimg.com/profile_images/1390264140908748806/I8nxLuzB_normal.jpg,https://twitter.com/blackorbird/status/1455105469337403396,tweet_id:1455105469337403396
blackorbird,@blackorbird,2021-10-27T02:06:49.000Z,True,#Slingshot https://securelist.com/apt-trends-report-q3-2021/104708/…,0,11,22,0,['#Slingshot'],[],[],https://pbs.twimg.com/profile_images/1390264140908748806/I8nxLuzB_normal.jpg,https://twitter.com/blackorbird/status/1453181360659566596,tweet_id:1453181360659566596
blackorbird,@blackorbird,2021-10-26T10:48:18.000Z,True,"#APT-C-23 disguised by packaging legitimate applications into spyware(SpyNote,Mobihok,WH-RAT,888RAT,Metasploit,EsecretRAT).
The disguised objects were Threema, Al-Aqsa Radio, Al-Aqsa Mosque, Jerusalem Guide, PDF viewer.https://mp.weixin.qq.com/s/8g-IgRp3XPi5NJ4VDWoedg…translate:https://mp-weixin-qq-com.translate.goog/s/8g-IgRp3XPi5NJ4VDWoedg?_x_tr_sl=zh-CN&_x_tr_tl=en&_x_tr_hl=zh-CN&_x_tr_pto=nui…",2,40,87,0,['#APT'],[],[],https://pbs.twimg.com/profile_images/1390264140908748806/I8nxLuzB_normal.jpg,https://twitter.com/blackorbird/status/1452950205821702146,tweet_id:1452950205821702146
blackorbird,@blackorbird,2021-10-25T03:08:48.000Z,True,"Learning iOS Forensics 2.0 #Pegasus 
bh = bridgehead 
FORCEDENTRY exploithttps://citizenlab.ca/2021/10/breaking-news-new-york-times-journalist-ben-hubbard-pegasus/…",1,26,61,0,['#Pegasus'],[],[],https://pbs.twimg.com/profile_images/1390264140908748806/I8nxLuzB_normal.jpg,https://twitter.com/blackorbird/status/1452472183670788097,tweet_id:1452472183670788097
blackorbird,@blackorbird,2021-10-19T10:18:45.000Z,True,"#OceanLotus attacked DrayTek router equipment and compromised multiple enterprise OA system servers, and further used them as a C2 springboard. #APT",0,19,42,0,"['#OceanLotus', '#APT']",[],[],https://pbs.twimg.com/profile_images/1390264140908748806/I8nxLuzB_normal.jpg,https://twitter.com/blackorbird/status/1450406054903255041,tweet_id:1450406054903255041
blackorbird,@blackorbird,2021-10-19T03:16:40.000Z,True,"Global #APT Research Report for the first half of 2021
Add APT Group:APT-C-59(芜琼洞),APT-C-60(伪猎者),APT-C-30(潜行者/Platinum)
Report:https://github.com/blackorbird/APT_REPORT/blob/master/summary/2021/Global%20APT%20Research%20Report%20for%20the%20first%20half%20of%202021-360.pdf…",1,29,78,0,['#APT'],[],[],https://pbs.twimg.com/profile_images/1390264140908748806/I8nxLuzB_normal.jpg,https://twitter.com/blackorbird/status/1450299835010088962,tweet_id:1450299835010088962
blackorbird,@blackorbird,2021-10-09T06:40:51.000Z,True,"Multiple campaigns of the #Lazarus group and their connections.
Reference:https://vblocalhost.com/conference/presentations/multi-universe-of-adversary-multiple-campaigns-of-the-lazarus-group-and-their-connections/…",3,27,52,0,['#Lazarus'],[],[],https://pbs.twimg.com/profile_images/1390264140908748806/I8nxLuzB_normal.jpg,https://twitter.com/blackorbird/status/1446727341506322433,tweet_id:1446727341506322433
blackorbird,@blackorbird,2021-10-08T06:48:34.000Z,True,Links between the infrastructure used by Donot Group and an Indian cybersecurity company Innefu Labs. #APTReport:https://github.com/blackorbird/APT_REPORT/blob/master/Donot/Donot%20Group%20%26%20Innefu%20Labs.pdf…,0,7,18,0,['#APT'],[],[],https://pbs.twimg.com/profile_images/1390264140908748806/I8nxLuzB_normal.jpg,https://twitter.com/blackorbird/status/1446366896371089416,tweet_id:1446366896371089416
blackorbird,@blackorbird,2021-10-08T01:46:39.000Z,True,"Microsoft #APT Group naming summary chart
ref:https://blogs.microsoft.com/on-the-issues/2021/10/07/digital-defense-report-2021/…",4,61,150,0,['#APT'],[],[],https://pbs.twimg.com/profile_images/1390264140908748806/I8nxLuzB_normal.jpg,https://twitter.com/blackorbird/status/1446290916172390402,tweet_id:1446290916172390402
blackorbird,@blackorbird,2021-10-07T07:08:17.000Z,True,Mark,0,2,9,0,[],[],[],https://pbs.twimg.com/profile_images/1390264140908748806/I8nxLuzB_normal.jpg,https://twitter.com/blackorbird/status/1446009467439439872,tweet_id:1446009467439439872
blackorbird,@blackorbird,2021-10-01T12:44:43.000Z,True,"#APT #ChamelGang 
Its SSL certificates,malware and network infrastructure imitated legitimate services.
Hid the IP addresses of domains behind CloudFlare.
ProxyShell vulnerability.
FRP, Cobalt Strike Beacon, Tiny shell, ProxyT, Loader and DoorMe backdoor.https://ptsecurity.com/ww-en/analytics/pt-esc-threat-intelligence/new-apt-group-chamelgang/…",0,18,33,0,"['#APT', '#ChamelGang']",[],[],https://pbs.twimg.com/profile_images/1390264140908748806/I8nxLuzB_normal.jpg,https://twitter.com/blackorbird/status/1443919805921185801,tweet_id:1443919805921185801
blackorbird,@blackorbird,2021-09-29T06:38:31.000Z,True,"FinSpy/FinFisher the versions for Windows,Linux and macOS.https://securelist.com/finspy-unseen-findings/104322/…IOS/Androidhttps://securelist.com/new-finspy-ios-and-android-implants-revealed-itw/91685/…",1,47,103,0,[],[],[],https://pbs.twimg.com/profile_images/1390264140908748806/I8nxLuzB_normal.jpg,https://twitter.com/blackorbird/status/1443102872590188547,tweet_id:1443102872590188547
blackorbird,@blackorbird,2021-09-24T05:14:06.000Z,True,"#FamousSparrow #APT 
A new cyberespionage group targeting hotels, governments, and private companies worldwide. 
soffice.offices-analytics[.]com
credits.offices-analytics[.]comhttps://welivesecurity.com/2021/09/23/famoussparrow-suspicious-hotel-guest/…",0,19,47,0,"['#FamousSparrow', '#APT']",[],[],https://pbs.twimg.com/profile_images/1390264140908748806/I8nxLuzB_normal.jpg,https://twitter.com/blackorbird/status/1441269690756567040,tweet_id:1441269690756567040
blackorbird,@blackorbird,2021-09-22T05:00:41.000Z,True,"Turla target the previous Afghan government #APT 
Use SSL/TLS to encrypt the C2 traffic, but the backdoor doesn't check the certificate.https://blog.talosintelligence.com/2021/09/tinyturla.html…https://virustotal.com/gui/file/030cbd1a51f8583ccfc3fa38a28a5550dc1c84c05d6c0f5eb887d13dedf1da01/details…",0,10,39,0,['#APT'],[],[],https://pbs.twimg.com/profile_images/1390264140908748806/I8nxLuzB_normal.jpg,https://twitter.com/blackorbird/status/1440541539445313545,tweet_id:1440541539445313545
Costin Raiu,@craiu,2021-09-17T10:52:51.000Z,True,"Another simple way to check iOS devices for signs of CVE-2021-30860  / FORCEDENTRY exploitation. Run MVT, then simply: 

cat timeline.csv | grep ""Library/SMS/Attachments"" | grep -i ""\.gif""#nso #pegasus #malware #ios (thanks  for the tip!)",2,98,223,0,"['#nso', '#pegasus', '#malware', '#ios']",['@DonnchaC'],[],https://pbs.twimg.com/profile_images/1450831674015637509/aYtZjZ_K_normal.jpg,https://twitter.com/craiu/status/1438818225542807564,tweet_id:1438818225542807564
blackorbird,@blackorbird,2021-09-15T06:21:43.000Z,True,많이 배워야 할가 봅니다. #APT https://nknews.org/2021/09/north-korea-linked-account-poses-as-kbs-scriptwriter-to-dupe-dprk-watchers…,0,9,16,0,['#APT'],[],[],https://pbs.twimg.com/profile_images/1390264140908748806/I8nxLuzB_normal.jpg,https://twitter.com/blackorbird/status/1438025216655958021,tweet_id:1438025216655958021
blackorbird,@blackorbird,2021-09-14T03:05:38.000Z,True,"Apple confirmed that a zero-day exploit against iOS and MacOS. They designated the FORCEDENTRY exploit CVE-2021-30860.
The spyware installed by the FORCEDENTRY exploit used multiple process names, including the name “setframed”. https://citizenlab.ca/2021/09/forcedentry-nso-group-imessage-zero-click-exploit-captured-in-the-wild/…",1,7,20,0,[],[],[],https://pbs.twimg.com/profile_images/1390264140908748806/I8nxLuzB_normal.jpg,https://twitter.com/blackorbird/status/1437613482808004617,tweet_id:1437613482808004617
blackorbird,@blackorbird,2021-09-15T06:11:22.000Z,True,,0,1,0,0,[],[],[],https://pbs.twimg.com/profile_images/1390264140908748806/I8nxLuzB_normal.jpg,https://twitter.com/blackorbird/status/1438022611124973572,tweet_id:1438022611124973572
blackorbird,@blackorbird,2021-09-13T09:31:59.000Z,True,"In late 2020, the BKA acquired a version of the Pegasus Trojan virus software. It has been used in select operations concerning terrorism and organized crime since March of this year.",0,3,5,0,[],[],[],https://pbs.twimg.com/profile_images/1390264140908748806/I8nxLuzB_normal.jpg,https://twitter.com/blackorbird/status/1437348323845828618,tweet_id:1437348323845828618
blackorbird,@blackorbird,2021-09-11T03:25:05.000Z,True,,0,8,15,0,[],[],['\\u26a0\\ufe0f'],https://pbs.twimg.com/profile_images/1390264140908748806/I8nxLuzB_normal.jpg,https://twitter.com/blackorbird/status/1436531213947195393,tweet_id:1436531213947195393
blackorbird,@blackorbird,2021-09-08T14:43:56.000Z,True,"ioc:https://virustotal.com/gui/domain/hidusi.com/relations…https://virustotal.com/gui/domain/dodefoh.com/relations…related:
23.106.160.25
45.147.229.242
104.243.37.143
108.62.118.69",0,12,31,0,[],[],[],https://pbs.twimg.com/profile_images/1390264140908748806/I8nxLuzB_normal.jpg,https://twitter.com/blackorbird/status/1435614886785024001,tweet_id:1435614886785024001
blackorbird,@blackorbird,2021-09-08T01:42:36.000Z,True,"APT Group new tool
ref:https://dobby1kenobi.medium.com/lost-in-translation-222bbf00f2c…",0,9,20,0,[],[],[],https://pbs.twimg.com/profile_images/1390264140908748806/I8nxLuzB_normal.jpg,https://twitter.com/blackorbird/status/1435418261538041861,tweet_id:1435418261538041861
blackorbird,@blackorbird,2021-08-18T01:17:45.000Z,True,"Group123/APT37 Infects Victims Using Browser Exploits
""bPopUp"" JavaScript library alongside their own code.  
CVE-2020-1380
CVE-2021-26411
Report:https://volexity.com/blog/2021/08/17/north-korean-apt-inkysquid-infects-victims-using-browser-exploits/…Ioc:https://github.com/volexity/threat-intel/tree/main/2021/2021-08-17%20-%20InkySquid%20Part%201/indicators…",1,27,73,0,[],[],[],https://pbs.twimg.com/profile_images/1390264140908748806/I8nxLuzB_normal.jpg,https://twitter.com/blackorbird/status/1427801861592174595,tweet_id:1427801861592174595
blackorbird,@blackorbird,2021-09-01T13:16:33.000Z,True,"Update
1.https://volexity.com/blog/2021/08/24/north-korean-bluelight-special-inkysquid-deploys-rokrat/…2.https://medium.com/s2wlab/matryoshka-variant-of-rokrat-apt37-scarcruft-69774ea7bf48…",0,7,17,0,[],[],[],https://pbs.twimg.com/profile_images/1390264140908748806/I8nxLuzB_normal.jpg,https://twitter.com/blackorbird/status/1433056182709616645,tweet_id:1433056182709616645
blackorbird,@blackorbird,2021-08-30T10:59:42.000Z,True,"Op OceanStorm
Malicious scripts used by #OceanLotus Group during lateral movement #APTBrute force,NbtScan,Getinfo,pipeline injection,Empire,Mimikatz,Cortana beacon,0day/Nday
DLL Side-Loading+CobaltStrike->Coinminer
reporthttps://mp.weixin.qq.com/s/dGW0FrbZZ5UA6KuuZB8J_g…translatehttps://translate.google.com/translate?hl=&sl=zh-CN&tl=en&u=https%3A%2F%2Fmp.weixin.qq.com%2Fs%2FdGW0FrbZZ5UA6KuuZB8J_g&sandbox=1…",0,42,95,0,"['#OceanLotus', '#APT']",[],[],https://pbs.twimg.com/profile_images/1390264140908748806/I8nxLuzB_normal.jpg,https://twitter.com/blackorbird/status/1432296966449348611,tweet_id:1432296966449348611
blackorbird,@blackorbird,2021-08-25T05:57:07.000Z,True,"NSO Group’s Pegasus spyware ioc #UPDATE 
Still use similar subdomains
j12p5j4r9m3w6jgj.api1r3f4.redirectweburl[.]com
report:https://citizenlab.ca/2021/08/bahrain-hacks-activists-with-nso-group-zero-click-iphone-exploits/…",0,13,31,0,['#UPDATE'],[],[],https://pbs.twimg.com/profile_images/1390264140908748806/I8nxLuzB_normal.jpg,https://twitter.com/blackorbird/status/1430408879951605760,tweet_id:1430408879951605760
Charlie Bromberg « Shutdown »,@_nwodtuhs,2021-08-17T16:02:57.000Z,False,"Mindmap  for pass-the-whatever and common attacks operated on Active Directory authentication protocols (NTLM, Kerberos) Featured on http://thehacker.recipes",16,370,985,0,[],[],"['\\U0001f9e0', '\\u27a1\\ufe0f']",https://pbs.twimg.com/profile_images/1691107503189172224/hhAcDLAg_normal.jpg,https://twitter.com/_nwodtuhs/status/1427662242321948676,tweet_id:1427662242321948676
blackorbird,@blackorbird,2021-08-16T01:36:26.000Z,True,What is the future of *.gov.af,2,2,16,0,[],[],[],https://pbs.twimg.com/profile_images/1390264140908748806/I8nxLuzB_normal.jpg,https://twitter.com/blackorbird/status/1427081786551529472,tweet_id:1427081786551529472
blackorbird,@blackorbird,2021-08-10T11:39:07.000Z,True,"Review of attacks by South Asia #APT Group in 2020.
part 1:https://mp.weixin.qq.com/s/IG8g8F6-YqTTcGX1BaSNaQ…https://translate.google.com/translate?hl=&sl=zh-CN&tl=en&u=https%3A%2F%2Fmp.weixin.qq.com%2Fs%2FIG8g8F6-YqTTcGX1BaSNaQ&sandbox=1…part 2:https://mp.weixin.qq.com/s/XcBuxlDh2DIjIMdFH6KCKQ…https://translate.google.com/translate?hl=&sl=zh-CN&tl=en&u=https%3A%2F%2Fmp.weixin.qq.com%2Fs%2FXcBuxlDh2DIjIMdFH6KCKQ…Relationship between the various group of network assets:",0,13,37,0,['#APT'],[],[],https://pbs.twimg.com/profile_images/1390264140908748806/I8nxLuzB_normal.jpg,https://twitter.com/blackorbird/status/1425059131610656768,tweet_id:1425059131610656768
blackorbird,@blackorbird,2021-08-02T12:30:43.000Z,True,"CNC Group new Operation:#cnc_client #APT Target East Asia.
pk-gov/gov-pkhttps://mp.weixin.qq.com/s/dMFyLxsErYUZX7BQyBL9YQ…https://translate.google.com/translate?hl=&sl=zh-CN&tl=en&u=https%3A%2F%2Fmp.weixin.qq.com%2Fs%2FdMFyLxsErYUZX7BQyBL9YQ&sandbox=1…refhttps://rewterz.com/threats/rewterz-threat-alert-apt-21-targeting-pakistan…",0,13,20,0,"['#cnc_client', '#APT']",[],[],https://pbs.twimg.com/profile_images/1390264140908748806/I8nxLuzB_normal.jpg,https://twitter.com/blackorbird/status/1422173010660896769,tweet_id:1422173010660896769
blackorbird,@blackorbird,2021-07-30T02:23:21.000Z,True,"#APT #Patchwork attack Taiwan
55c696c9521aa276584cfb35846b1b36
Conference-2020.docx.exe #Palwanfake presidential palace email account:publi@mail.oop.gov.tw
ref:https://securelist.com/apt-trends-report-q2-2021/103517/…https://facebook.com/cibcom001/posts/3261662697185624/…",0,20,42,0,"['#APT', '#Patchwork', '#Palwan']",[],[],https://pbs.twimg.com/profile_images/1390264140908748806/I8nxLuzB_normal.jpg,https://twitter.com/blackorbird/status/1420932999428788229,tweet_id:1420932999428788229
blackorbird,@blackorbird,2021-07-27T04:19:42.000Z,True,Summary of Kimsuky Group activities in the first half of 2021 #APT https://mp.weixin.qq.com/s/og8mfnqoKZsHlOJdIDKYgQ…translatehttps://translate.google.com/translate?hl=&sl=zh-CN&tl=en&u=https%3A%2F%2Fmp.weixin.qq.com%2Fs%2Fog8mfnqoKZsHlOJdIDKYgQ&sandbox=1…,1,26,55,0,['#APT'],[],[],https://pbs.twimg.com/profile_images/1390264140908748806/I8nxLuzB_normal.jpg,https://twitter.com/blackorbird/status/1419875117006430212,tweet_id:1419875117006430212
blackorbird,@blackorbird,2021-07-27T04:46:28.000Z,True,mailbox,0,3,4,0,[],[],[],https://pbs.twimg.com/profile_images/1390264140908748806/I8nxLuzB_normal.jpg,https://twitter.com/blackorbird/status/1419881851955474436,tweet_id:1419881851955474436
blackorbird,@blackorbird,2021-07-27T03:36:23.000Z,True,NSO Group Love it,0,0,7,0,[],[],[],https://pbs.twimg.com/profile_images/1390264140908748806/I8nxLuzB_normal.jpg,https://twitter.com/blackorbird/status/1419864217742503939,tweet_id:1419864217742503939
blackorbird,@blackorbird,2021-07-22T12:57:25.000Z,True,Tokyo Olympics wiperhttps://mbsd.jp/research/20210721/blog/…,1,17,47,0,[],[],['\\u26a0\\ufe0f'],https://pbs.twimg.com/profile_images/1390264140908748806/I8nxLuzB_normal.jpg,https://twitter.com/blackorbird/status/1418193463565119491,tweet_id:1418193463565119491
blackorbird,@blackorbird,2021-07-21T14:16:13.000Z,True,Lambert Lost,0,1,3,0,[],[],[],https://pbs.twimg.com/profile_images/1390264140908748806/I8nxLuzB_normal.jpg,https://twitter.com/blackorbird/status/1417850909040594948,tweet_id:1417850909040594948
blackorbird,@blackorbird,2021-07-20T06:34:25.000Z,True,Learning iOS Forensics #Pegasuslog:https://amnesty.org/en/latest/research/2021/07/forensic-methodology-report-appendix-d/…research ref:https://amnesty.org/en/latest/research/2021/07/forensic-methodology-report-how-to-catch-nso-groups-pegasus/…,1,27,68,0,['#Pegasus'],[],[],https://pbs.twimg.com/profile_images/1390264140908748806/I8nxLuzB_normal.jpg,https://twitter.com/blackorbird/status/1417372305349480448,tweet_id:1417372305349480448
blackorbird,@blackorbird,2021-07-20T15:11:49.000Z,True,"Mark
Mobile Verification Toolkithttps://github.com/mvt-project/mvthttps://mvt.readthedocs.io/en/latest/",1,2,5,0,[],[],[],https://pbs.twimg.com/profile_images/1390264140908748806/I8nxLuzB_normal.jpg,https://twitter.com/blackorbird/status/1417502511108268039,tweet_id:1417502511108268039
blackorbird,@blackorbird,2021-07-20T01:56:18.000Z,True,Stackoverflow & Torhttps://us-cert.cisa.gov/ncas/alerts/aa21-200a…,0,3,7,0,[],[],[],https://pbs.twimg.com/profile_images/1390264140908748806/I8nxLuzB_normal.jpg,https://twitter.com/blackorbird/status/1417302315061551110,tweet_id:1417302315061551110
blackorbird,@blackorbird,2021-07-19T03:29:58.000Z,True,#APT Donot Attacks Using the Influence of Withdrawal of United States troops from Afghanistan.https://mp.weixin.qq.com/s/v62AeG6vNcQTm1-zc4nXBQ…translatehttps://translate.google.com/translate?hl=&sl=zh-CN&tl=en&u=https%3A%2F%2Fmp.weixin.qq.com%2Fs%2Fv62AeG6vNcQTm1-zc4nXBQ…,0,8,16,0,['#APT'],[],[],https://pbs.twimg.com/profile_images/1390264140908748806/I8nxLuzB_normal.jpg,https://twitter.com/blackorbird/status/1416963499658338304,tweet_id:1416963499658338304
blackorbird,@blackorbird,2021-07-16T12:16:16.000Z,True,"Tengyun-snake(APT-C-61) Located in South Asia.
Target Pakistan, Bangladesh.
Python Malware.https://mp.weixin.qq.com/s/Jpw7TqyPzOy57RAZDQdlWA…translatehttps://translate.google.com/translate?hl=&sl=zh-CN&tl=en&u=https%3A%2F%2Fmp.weixin.qq.com%2Fs%2FJpw7TqyPzOy57RAZDQdlWA&sandbox=1…",0,29,48,0,[],[],[],https://pbs.twimg.com/profile_images/1390264140908748806/I8nxLuzB_normal.jpg,https://twitter.com/blackorbird/status/1416008782962855936,tweet_id:1416008782962855936
