Name,Handle,Timestamp,Verified,Content,Comments,Retweets,Likes,Analytics,Tags,Mentions,Emojis,Profile Image,Tweet Link,Tweet ID
Jan Schaumann (@jschauma@mstdn.social),Jan Schaumann (@jschauma@mstdn.social),2021-03-20T15:16:06.000Z,False,"Just noticed that my  YouTube channel now has >1K subscribers! If you like Unix programming, check it out!",0,3,10,0,[],['@cs631apue'],['\\U0001f62f'],https://pbs.twimg.com/profile_images/551217713230528512/t4O7Iflt_normal.jpeg,https://twitter.com/jschauma/status/1373292270175260674,tweet_id:1373292270175260674
Peter Adamson,@HistPhilosophy,2021-02-04T17:12:11.000Z,False,Thanks!,1,1,11,0,[],[],[],https://pbs.twimg.com/profile_images/782230623666761728/K_fJVzPc_normal.jpg,https://twitter.com/HistPhilosophy/status/1357376417680490498,tweet_id:1357376417680490498
Cosmin Ilie,@Cosmin_Ilie,2020-11-20T14:02:54.000Z,False,"I've written an article for a talk I did. It reads like an opinion piece, and I had fun writing it - https://cosminilie.ro/posts/evolution-of-configuration-languages/…",0,2,4,0,[],[],[],https://pbs.twimg.com/profile_images/1359580000744321026/QvIXPHFA_normal.jpg,https://twitter.com/Cosmin_Ilie/status/1329787307256377348,tweet_id:1329787307256377348
Tim Bray,@timbray,2020-07-12T17:32:27.000Z,False,"1/2  Normally I don’t feel like a radical, despite recent history. But I wrote something *really* radical, arguing that society is [gasp] too efficient: https://tbray.org/ongoing/When/202x/2020/07/05/Too-Efficient…",10,29,70,0,[],[],[],https://pbs.twimg.com/profile_images/421637246/Tim_normal.jpg,https://twitter.com/timbray/status/1282367228579475456,tweet_id:1282367228579475456
Cosmin Ilie,@Cosmin_Ilie,2020-06-28T10:22:38.000Z,False,Povestea unui avocat din România care l-a inspirat pe Malaparte să scrie despre pogromul de la Iași https://scena9.ro/article/curzio-malaparte-kaputt-ghersin-altain…,0,0,0,0,[],[],[],https://pbs.twimg.com/profile_images/1359580000744321026/QvIXPHFA_normal.jpg,https://twitter.com/Cosmin_Ilie/status/1277185632759099393,tweet_id:1277185632759099393
Cindy Sridharan,@copyconstruct,2020-05-05T09:16:34.000Z,False,"Reason 42935713 why microservices are hard: state management.

I'm glad Twitter, the OG poster child of microservices, is now talking about this complexity. This is a good post on what synchronizing data deletion across multiple services might look like. https://bit.ly/2ytxQJ2",6,82,310,0,[],[],[],https://pbs.twimg.com/profile_images/1718067703712530432/5kvJbych_normal.jpg,https://twitter.com/copyconstruct/status/1257600062370181121,tweet_id:1257600062370181121
Fatih Arslan,@fatih,2020-04-25T06:04:16.000Z,False,"Couple of notes from some of my favorite chapters:

Ch 10, Documentation: Do it like how #golang is doing it, keep it next to your source code, so it's maintainble **over time**. Make it easy for devs to contribute. We still have a long way until docs are treated important.",1,7,22,0,['#golang'],[],[],https://pbs.twimg.com/profile_images/1525082346508144640/b_T5UXy6_normal.jpg,https://twitter.com/fatih/status/1253927789545185294,tweet_id:1253927789545185294
Bill Holohan SC,@BillHolohanSC,2019-09-27T17:10:28.000Z,False,"A history lesson for people who think that history doesn't matter:
What's the big deal about railroad tracks?
The US standard railroad gauge (distance between the rails) is 4 feet, 8.5 inches. That's an exceedingly odd number.
Why was that gauge used?
Well, because that's the way","2,672",5.7万,10万,0,[],[],[],https://pbs.twimg.com/profile_images/1613816400149094401/bXZbVN1D_normal.jpg,https://twitter.com/BillHolohanSC/status/1177631604186996737,tweet_id:1177631604186996737
Bret Taylor,@btaylor,2019-09-19T05:06:06.000Z,True,"How Eratosthenes inferred the earth was a sphere and accurately calculated its circumference only with shadows and pacing, as described by Carl Sagan. Amazing ingenuity and vision.",15,395,"1,110",0,[],[],[],https://pbs.twimg.com/profile_images/1563227661291270144/-Q5WxHvm_normal.jpg,https://twitter.com/btaylor/status/1174550210376134656,tweet_id:1174550210376134656
Peter Fortune AM,@PeterTFortune,2019-08-07T18:54:56.000Z,False,Whenever I am working on policy decisions I think of this image... ,168,"4,226",1.5万,0,[],[],['\\U0001f6b4\\u200d\\u2642\\ufe0f'],https://pbs.twimg.com/profile_images/1771461986980691968/AwwBIPie_normal.jpg,https://twitter.com/PeterTFortune/status/1159176114230763520,tweet_id:1159176114230763520
Daniel Vassallo,@dvassallo,2019-04-22T03:45:26.000Z,True,"TIL what EC2's ""Up to"" means. I used to think it simply indicates best effort bandwidth, but apparently there's a hard baseline bottleneck for most EC2 instance types (those with an ""up to""). It's significantly smaller than the rating, and it can be reached in just a few minutes.",10,164,291,0,[],[],[],https://pbs.twimg.com/profile_images/1709617680951779328/lT_L7gKc_normal.jpg,https://twitter.com/dvassallo/status/1120171727399448576,tweet_id:1120171727399448576
yan,@bcrypt,2019-06-06T19:20:48.000Z,False,"“The attack was carried out by using a pattern that is becoming more and more popular; publishing a ‘useful’ package (electron-native-notify) to npm, waiting until it was in use by the target, and then updating it to include a malicious payload.” https://blog.npmjs.org/post/185397814280/plot-to-steal-cryptocurrency-foiled-by-the-npm…",18,588,939,0,[],[],[],https://pbs.twimg.com/profile_images/1184646643888472064/14mViboj_normal.jpg,https://twitter.com/bcrypt/status/1136714575770816512,tweet_id:1136714575770816512
Pinboard,@Pinboard,2019-05-24T02:08:55.000Z,True,"I updated the Tech Solidarity instructions for adding a security key to your Gmail (Google did a mild redesign). You should absolutely, positively do this to secure your Gmail account! Very easy to use despite the scary complexity of setting it up.  https://techsolidarity.org/resources/security_key_gmail.htm…",6,35,120,0,[],[],[],https://pbs.twimg.com/profile_images/1293623146763804674/_JlO5dQw_normal.jpg,https://twitter.com/Pinboard/status/1131743851708862464,tweet_id:1131743851708862464
Scott S. Lowe,@scott_lowe,2019-04-25T02:59:00.000Z,False,"VSCodium is here, in case anyone else is interested: https://github.com/VSCodium/vscodium…",0,9,19,0,[],[],[],https://pbs.twimg.com/profile_images/783359490854948866/5eYGYzmP_normal.jpg,https://twitter.com/scott_lowe/status/1121247206814752768,tweet_id:1121247206814752768
Sameer Ajmani,@Sajma,2019-03-01T03:03:30.000Z,False,"Write tests for other people's code. It's easy to tell whether your code is doing the right thing, you'll understand the other person's code better, and—if they like your tests—you'll have made a connection with a more experienced coder.",2,9,74,0,[],[],[],https://pbs.twimg.com/profile_images/1441498213400334339/Gou2HzZY_normal.jpg,https://twitter.com/Sajma/status/1101317007906127872,tweet_id:1101317007906127872
Tim Bray,@timbray,2019-01-17T01:56:11.000Z,False,"I wonder if he's right? I have no idea, never having worked for anything but a core technology provider. Sobering.",7,26,39,0,[],[],[],https://pbs.twimg.com/profile_images/421637246/Tim_normal.jpg,https://twitter.com/timbray/status/1085717388148957185,tweet_id:1085717388148957185
Cosmin Ilie,@Cosmin_Ilie,2018-10-28T07:41:01.000Z,False,In Romania nimeni nu discuta serios despre implicațiile geopolitice ale schimbărilor climatice in regiune. Lucrurile vor veni din nou peste noi și probabil agenda publica va fi dominata de subiecte mărunte.  nu vreți sa faceți o discuție la radio pe tema asta?,0,0,0,0,[],['@Petreanu'],[],https://pbs.twimg.com/profile_images/1359580000744321026/QvIXPHFA_normal.jpg,https://twitter.com/Cosmin_Ilie/status/1056450748970614784,tweet_id:1056450748970614784
Cosmin Ilie,@Cosmin_Ilie,2018-08-31T12:52:51.000Z,False,Verifying myself: I am iliec on http://Keybase.io. mYWZ8NF4B9PrSrHfxkXNF_Qf5R0eoarkc1Ap / https://keybase.io/iliec/sigs/mYWZ8NF4B9PrSrHfxkXNF_Qf5R0eoarkc1Ap…,0,0,0,0,[],[],[],https://pbs.twimg.com/profile_images/1359580000744321026/QvIXPHFA_normal.jpg,https://twitter.com/Cosmin_Ilie/status/1035510731519807488,tweet_id:1035510731519807488
Cosmin Ilie,@Cosmin_Ilie,2018-06-30T10:51:25.000Z,False,https://lrb.co.uk/v40/n13/john-lanchester/after-the-fall…,0,0,0,0,[],[],[],https://pbs.twimg.com/profile_images/1359580000744321026/QvIXPHFA_normal.jpg,https://twitter.com/Cosmin_Ilie/status/1013012121448263680,tweet_id:1013012121448263680
Cosmin Ilie,@Cosmin_Ilie,2018-05-19T08:03:22.000Z,False,https://theatlantic.com/magazine/archive/2018/06/the-birth-of-a-new-american-aristocracy/559130/…,0,0,0,0,[],[],[],https://pbs.twimg.com/profile_images/1359580000744321026/QvIXPHFA_normal.jpg,https://twitter.com/Cosmin_Ilie/status/997749541431660544,tweet_id:997749541431660544
Egon Elbre,@egonelbre,2018-05-16T07:35:33.000Z,False,Finally wrote it down properly:,0,13,21,0,[],[],[],https://pbs.twimg.com/profile_images/957291895268499458/YzgRvvPx_normal.jpg,https://twitter.com/egonelbre/status/996655374961991680,tweet_id:996655374961991680
Tim Allclair,@tallclair,2018-05-02T10:12:53.000Z,False,Google has been relying on gVisor to sandbox production workloads for years. I'm super excited that we've open sourced! Now we can talk about #Kubernetes integrations :),3,134,301,0,['#Kubernetes'],[],[],https://pbs.twimg.com/profile_images/924770235005071360/DbYumDXw_normal.jpg,https://twitter.com/tallclair/status/991621542265180161,tweet_id:991621542265180161
phil,@pnc,2018-03-17T02:57:20.000Z,False,this is my new life's work. a script that OCRs screenshots and makes them searchable from spotlight. https://gist.github.com/pnc/b7fb38d70f157cd40595d9e52bebc055…,29,240,"1,176",0,[],[],[],https://pbs.twimg.com/profile_images/648317824218238976/y5uQKlXd_normal.jpg,https://twitter.com/pnc/status/974842087798640641,tweet_id:974842087798640641
Matthias Loibl - social.metalmatze.de/@metalmatze,Matthias Loibl - social.metalmatze.de/@metalmatze,2018-03-06T22:01:05.000Z,False,With v5  now supports loading dashboards by files.  and I are working on jsonnet based Grafana dashboards for the Prometheus Operator:https://github.com/brancz/kubernetes-grafana…So there's jsonnet for Grafana too.,0,1,1,0,[],"['@grafana', '@fredbrancz']",[],https://pbs.twimg.com/profile_images/1524788742883622912/y0Cm_pJ1_normal.jpg,https://twitter.com/MetalMatze/status/971143656907378688,tweet_id:971143656907378688
Werner Vogels,@Werner,2018-02-26T15:48:05.000Z,True,"I am really impressed with how quickly  & 's teams at  integrated the k-Anonymity model APIs of  ""Pwned Passwords"" V2 service into . #happycustomer #AWSPowered https://blog.agilebits.com/2018/02/22/finding-pwned-passwords-with-1password/…",4,34,130,0,"['#happycustomer', '#AWSPowered']","['@roustem', '@dteare', '@AgileBits', '@troyhunt', '@1Password']",[],https://pbs.twimg.com/profile_images/563188960394891264/z3-Rh11q_normal.jpeg,https://twitter.com/Werner/status/968150687329611776,tweet_id:968150687329611776
Matthew Horsfall,@mhorsfall,2018-01-30T20:31:16.000Z,False,"Is your kid texting about Perl?

$#$_: Nope, a cat stepped on your iPhone
!!$!: Still just the cat
*{\$@}: This means that you -- kidding, cat again
/#@!L#$@LJSDAKF/: Seriously, lock your iPhone

* Actually these are all valid Perl.",35,"1,556","3,530",0,[],[],[],https://pbs.twimg.com/profile_images/521655821659156480/DEL7oXgA_normal.jpeg,https://twitter.com/mhorsfall/status/958437476858818560,tweet_id:958437476858818560
Werner Vogels,@Werner,2018-01-16T04:18:44.000Z,True,"You asked for this, now go create serverless app with Go - Announcing Go Support for AWS Lambda",14,374,645,0,[],[],[],https://pbs.twimg.com/profile_images/563188960394891264/z3-Rh11q_normal.jpeg,https://twitter.com/Werner/status/953119301568835584,tweet_id:953119301568835584
Matthew Prince,@eastdakota,2018-01-08T19:31:40.000Z,True,Struggling to understand the Meltdown & Spectre CPU bugs? Check out @jgrahamc’s latest post to explain them to even a non-technical audience. (Note: Having watched “Men In Black” may be a prerequisite.) https://blog.cloudflare.com/meltdown-spectre-non-technical/…,2,17,35,0,[],[],[],https://pbs.twimg.com/profile_images/2332322635/zhx7hflmmcxdaj0tk9f8_normal.jpeg,https://twitter.com/eastdakota/status/950449947836538880,tweet_id:950449947836538880
Gene Kim,@RealGeneKim,2018-01-04T15:53:15.000Z,True,"Awesome description of Etsy planned 2 year migration to Google Cloud, their selection process, creating their migration plan, etc.",1,31,57,0,[],[],[],https://pbs.twimg.com/profile_images/1208492572420665344/ou-2Ojes_normal.jpg,https://twitter.com/RealGeneKim/status/948945430385078272,tweet_id:948945430385078272
ihor dvoretskyi,@idvoretskyi,2018-01-04T17:05:53.000Z,False,"What a great 101 Kubernetes article by !

“Kubernetes 101: Pods, Nodes, Containers, and Clusters”",1,59,149,0,[],['@googlecloud'],[],https://pbs.twimg.com/profile_images/1390951173901930497/xWmWzIo0_normal.jpg,https://twitter.com/idvoretskyi/status/948963707018674177,tweet_id:948963707018674177
Pinboard,@Pinboard,2018-01-04T00:17:40.000Z,True,EXCLUSIVE: leaked t-shirt from Intel’s processor design team https://i.redd.it/c4re1vshmo701.jpg…,1,25,65,0,[],[],[],https://pbs.twimg.com/profile_images/1293623146763804674/_JlO5dQw_normal.jpg,https://twitter.com/Pinboard/status/948709983012585472,tweet_id:948709983012585472
Charity Majors,@mipsytipsy,2017-11-30T04:44:31.000Z,False,"“when you’re building a massive distributed system, you want it to look like German engineering to your users ... and like Russian engineering for the people who have to be on call for it.  Can they fix it with nothing but a rusty nail in the dead of night?” — ",2,35,64,0,[],['@pvh'],[],https://pbs.twimg.com/profile_images/1576759705933819904/iDotz1Gw_normal.jpg,https://twitter.com/mipsytipsy/status/936093561728090112,tweet_id:936093561728090112
Brian Guthrie,@bguthrie,2017-11-27T21:35:43.000Z,False,"Today I'm going on a rant about the term DevOps. Join me, friends! Here's the rant: the term DevOps originally had a completely different meaning from how it's now commonly understood, and I'd like to talk a little bit about why that matters, and what you can do to change it. /1",25,568,709,0,[],[],[],https://pbs.twimg.com/profile_images/1694703217790115841/cvYU7gWs_normal.jpg,https://twitter.com/bguthrie/status/935260873316274179,tweet_id:935260873316274179
Damian Gryski,@dgryski,2017-11-16T08:03:32.000Z,False,The LISA17 videos are outhttps://youtube.com/playlist?list=PLbRoZ5Rrl5lfzbd-NnFFBOwZs2He4PBH7…,0,7,20,0,[],[],[],https://pbs.twimg.com/profile_images/59859794/dmg-simpsons-head_normal.png,https://twitter.com/dgryski/status/931070216716500992,tweet_id:931070216716500992
Russ Cox,@_rsc,2017-11-02T13:30:41.000Z,False,Really great slide deck. Anyone running production servers should be familiar with the basics here.,1,50,166,0,[],[],[],https://pbs.twimg.com/profile_images/1137178645880037377/aeaRCnJV_normal.png,https://twitter.com/_rsc/status/926079116465623040,tweet_id:926079116465623040
David Crawshaw,@davidcrawshaw,2017-10-31T08:33:40.000Z,False,Great post by  about some tech hiring practices that I have quietly fumed about for years. https://danluu.com/programmer-moneyball/…,0,6,16,0,[],['@danluu'],[],https://pbs.twimg.com/profile_images/620162501544685568/yc5ug149_normal.jpg,https://twitter.com/davidcrawshaw/status/925279593489199104,tweet_id:925279593489199104
Joe Beda,@jbeda,2017-10-25T15:22:22.000Z,False,Brigade looks super interesting. Will need to play with it. By . https://open.microsoft.com/2017/10/23/announcing-brigade-event-driven-scripting-kubernetes/…,5,31,95,0,[],['@technosophos'],[],https://pbs.twimg.com/profile_images/1048685822822600705/C683_06Y_normal.jpg,https://twitter.com/jbeda/status/923208118674190346,tweet_id:923208118674190346
David Crawshaw,@davidcrawshaw,2017-10-22T16:28:26.000Z,False,Lots of software engineering wisdom on 's blog. Too much to summarize.,0,24,44,0,[],['@dgentry'],[],https://pbs.twimg.com/profile_images/620162501544685568/yc5ug149_normal.jpg,https://twitter.com/davidcrawshaw/status/922137582959513600,tweet_id:922137582959513600
Russ Cox,@_rsc,2017-10-20T03:10:56.000Z,False,"Humility is also essential to good engineering, as Daniel Hardman explained well in 2012. https://codecraft.co/2012/10/01/humility/… 10/",1,8,23,0,[],[],[],https://pbs.twimg.com/profile_images/1137178645880037377/aeaRCnJV_normal.png,https://twitter.com/_rsc/status/921212108028694533,tweet_id:921212108028694533
Russ Cox,@_rsc,2017-10-20T03:07:40.000Z,False,Discovered http://blog.aurynn.com/contempt-culture-2… today via . Very good points. 1/,2,99,156,0,[],['@justicefries'],[],https://pbs.twimg.com/profile_images/1137178645880037377/aeaRCnJV_normal.png,https://twitter.com/_rsc/status/921211286591098880,tweet_id:921211286591098880
Lee Hinman,@thnetos,2017-09-29T14:21:13.000Z,False,"I wrote a new article! ""Working with logs in #Emacs"" - https://writequit.org/articles/working-with-logs-in-emacs.html…",1,10,15,0,['#Emacs'],[],[],https://pbs.twimg.com/profile_images/1664013656588427264/om_GDgq0_normal.jpg,https://twitter.com/thnetos/status/913770646546505728,tweet_id:913770646546505728
Cosmin Ilie,@Cosmin_Ilie,2017-09-24T08:35:55.000Z,False,Stevey's Blog Rants: Ten Tips for a (Slightly) Less Awful Resume http://steve-yegge.blogspot.ro/2007/09/ten-tips-for-slightly-less-awful-resume.html?m=1…,0,0,0,0,[],[],[],https://pbs.twimg.com/profile_images/1359580000744321026/QvIXPHFA_normal.jpg,https://twitter.com/Cosmin_Ilie/status/911871807333990400,tweet_id:911871807333990400
Damian Gryski,@dgryski,2017-09-16T15:09:34.000Z,False,USENIX Security '17:,0,3,5,0,[],[],[],https://pbs.twimg.com/profile_images/59859794/dmg-simpsons-head_normal.png,https://twitter.com/dgryski/status/909071769302056960,tweet_id:909071769302056960
Scott McDermott,@scottm32768,2017-08-31T21:05:08.000Z,True,"For the last 6 years, I’ve followed this account tweeting about WWII in “real time”. Very interesting and it’s starting over today.",168,"4,040","5,317",0,[],[],[],https://pbs.twimg.com/profile_images/836075533548998656/KGiS7Q9o_normal.jpg,https://twitter.com/scottm32768/status/903363048034811904,tweet_id:903363048034811904
William (Bill) Kennedy,@goinggodotnet,2017-09-01T17:47:29.000Z,True,"""Making things easy to do is a false economy. Focus on making things easy to understand and the rest will follow."" - ",1,23,35,0,[],['@peterbourgon'],[],https://pbs.twimg.com/profile_images/1571574401107169282/ylAgz_f5_normal.jpg,https://twitter.com/goinggodotnet/status/903675692663132160,tweet_id:903675692663132160
Robin Andersen,@tecgirl,2017-08-01T16:53:46.000Z,False,"Send any file <1GB, encrypted, w/ any browser! Links auto expire & all files will be auto deleted from server. https://send.firefox.com",11,516,744,0,[],[],['\\U0001f64c'],https://pbs.twimg.com/profile_images/1607433882319884289/s49-h1dI_normal.jpg,https://twitter.com/tecgirl/status/892428149992022016,tweet_id:892428149992022016
Russ Cox,@_rsc,2017-07-13T17:13:35.000Z,False,Toward Go 2. https://blog.golang.org/toward-go2 #golang #gophercon,3,249,291,0,"['#golang', '#gophercon']",[],[],https://pbs.twimg.com/profile_images/1137178645880037377/aeaRCnJV_normal.png,https://twitter.com/_rsc/status/885547769859125248,tweet_id:885547769859125248
Jonathan Leibiusky,@xetorthio,2017-07-06T22:02:31.000Z,True,Don't miss the new #Kubernetes playground! http://play-with-k8s.com And check https://medium.com/@marcosnils/introducing-pwk-play-with-k8s-159fcfeb787b… for more info!,5,44,64,0,['#Kubernetes'],['https://medium.com/@marcosnils/introducing-pwk-play-with-k8s-159fcfeb787b…'],[],https://pbs.twimg.com/profile_images/1554777540006379520/NMBvKLLh_normal.jpg,https://twitter.com/xetorthio/status/883083765995720704,tweet_id:883083765995720704
Mike Acton,@mike_acton,2017-06-09T22:54:04.000Z,False,I just published “Introductory bullshit detection for non-technical managers”,17,273,510,0,[],[],[],https://pbs.twimg.com/profile_images/2787582218/bd05b74f56c9d20fac9ca8bcecb43323_normal.png,https://twitter.com/mike_acton/status/873312267227541505,tweet_id:873312267227541505
Cosmin Ilie,@Cosmin_Ilie,2017-06-07T19:56:41.000Z,False,"Things You Should Never Do, Part I – Joel on Software https://joelonsoftware.com/2000/04/06/things-you-should-never-do-part-i/…",0,0,0,0,[],[],[],https://pbs.twimg.com/profile_images/1359580000744321026/QvIXPHFA_normal.jpg,https://twitter.com/Cosmin_Ilie/status/872542851485368327,tweet_id:872542851485368327
Tomás Senart,@tsenart,2017-05-07T10:23:38.000Z,True,“Tools as a catalyst for culture change” by  https://medium.com/@BillHiggins/tools-as-a-catalyst-for-culture-change-f012b2c0b527…,0,4,8,0,[],"['@BillHiggins', 'https://medium.com/@BillHiggins/tools-as-a-catalyst-for-culture-change-f012b2c0b527…']",[],https://pbs.twimg.com/profile_images/1682126397622435840/-_AA4XZZ_normal.jpg,https://twitter.com/tsenart/status/861164615094464512,tweet_id:861164615094464512
Cosmin Ilie,@Cosmin_Ilie,2017-05-04T05:14:02.000Z,False,100% agree with this. If I were to make a military historian analogy it would be the value of the combined arms approach vs classical.,0,0,1,0,[],[],[],https://pbs.twimg.com/profile_images/1359580000744321026/QvIXPHFA_normal.jpg,https://twitter.com/Cosmin_Ilie/status/859999539343896576,tweet_id:859999539343896576
OpenSCAP Project,@OpenSCAP,2017-05-03T10:05:51.000Z,False,"Check out SCAP Security Guide 0.1.33 release, we had lots of improvements towards DISA STIG alignment.",1,5,2,0,[],[],[],https://pbs.twimg.com/profile_images/483957945797865472/qf3oFVJ-_normal.png,https://twitter.com/OpenSCAP/status/859710588779466752,tweet_id:859710588779466752
Bryan Cantrill,@bcantrill,2017-04-27T22:36:33.000Z,False,"By ""the AWK book"" I meant ""THE AWK book"": https://ia802309.us.archive.org/25/items/pdfy-MgN0H1joIoDVoIC7/The_AWK_Programming_Language.pdf…",2,9,16,0,[],[],[],https://pbs.twimg.com/profile_images/618537697670397952/gW9iQsvF_normal.jpg,https://twitter.com/bcantrill/status/857725181447487489,tweet_id:857725181447487489
Darren Shepherd,@ibuildthecloud,2017-04-21T16:05:28.000Z,True,"""runs this cloudformation template"" is the AWS equivalent of ""curl ... | sh -""",2,5,14,0,[],[],[],https://pbs.twimg.com/profile_images/482750788519731201/Fcs5tabg_normal.jpeg,https://twitter.com/ibuildthecloud/status/855452436185587712,tweet_id:855452436185587712
Kelsey Hightower,@kelseyhightower,2017-04-10T15:04:28.000Z,True,Gophers will do anything to avoid writing Javascript.,6,24,97,0,[],[],[],https://pbs.twimg.com/profile_images/1204077305271705606/j5XjhPAt_normal.jpg,https://twitter.com/kelseyhightower/status/851450816024125440,tweet_id:851450816024125440
yan,@bcrypt,2017-04-03T14:17:40.000Z,False,let's mass-migrate to http://mastodon.social. my username is .,25,102,256,0,[],['@bcrypt'],[],https://pbs.twimg.com/profile_images/1184646643888472064/14mViboj_normal.jpg,https://twitter.com/bcrypt/status/848902323707543552,tweet_id:848902323707543552
KCDs by CNCF,@KubernetesDays,2017-04-03T13:33:21.000Z,False,Missed KubeCon Berlin? All video recordings are now uploaded including 100+ hours of cloud-native goodness!  https://m.youtube.com/playlist?list=PLj6h78yzYM2PAavlbv0iZkod4IVh_iGqV…,1,194,204,0,[],[],['\\U0001f4fd'],https://pbs.twimg.com/profile_images/1261007334169550855/koyCsAhr_normal.png,https://twitter.com/KubernetesDays/status/848891172961439745,tweet_id:848891172961439745
Mario Fusco,@mariofusco,2017-03-25T09:12:05.000Z,False,Current status of Javascript development,27,"1,950","2,026",0,[],[],[],https://pbs.twimg.com/profile_images/1749740563555930112/n0i9F4yd_normal.jpg,https://twitter.com/mariofusco/status/845563929141137408,tweet_id:845563929141137408
Docker Build Cloud is here!,@Docker,2017-03-15T16:10:02.000Z,True,"Today, #Docker announced its intention to donate the #containerd project to the : http://dockr.ly/2mJtLX1",4,193,199,0,"['#Docker', '#containerd']",['@CloudNativeFdn'],[],https://pbs.twimg.com/profile_images/1749553035133566976/hMA0FbDk_normal.jpg,https://twitter.com/Docker/status/842045233273700352,tweet_id:842045233273700352
Julia Evans,@b0rk,2017-03-13T17:08:59.000Z,True,"slides for my SRECon talk this morning ""so you want to be a wizard""",7,64,118,0,[],[],[],https://pbs.twimg.com/profile_images/846106819391115264/iZAxk4qr_normal.jpg,https://twitter.com/b0rk/status/841335290702655488,tweet_id:841335290702655488
Jonah Horowitz,@jonahhorowitz,2017-03-09T23:37:25.000Z,False,I just published “Configuration Management is an Antipattern” https://medium.com/p/configuration-management-is-an-antipattern-e677e34be64c…,1,20,25,0,[],[],[],https://pbs.twimg.com/profile_images/690620037082648576/A1uUaOT8_normal.jpg,https://twitter.com/jonahhorowitz/status/839983493933367296,tweet_id:839983493933367296
Pulp Librarian,@PulpLibrarian,2017-03-05T11:45:26.000Z,False,"THIS is #coding!

Machine Code For Beginners, Usborne #Books, 1982. The full PDF is online here from Usborne: https://drive.google.com/file/d/0Bxv0SsvibDMTcHNXalEtYkVtU00/view…",5,43,98,0,"['#coding', '#Books']",[],[],https://pbs.twimg.com/profile_images/1312115299777482753/6ZuI74k7_normal.jpg,https://twitter.com/PulpLibrarian/status/838354763028774914,tweet_id:838354763028774914
William (Bill) Kennedy,@goinggodotnet,2017-03-05T23:25:23.000Z,True,Brian Kernighan said he reads this article by Michi Henning before he tries to give a talk about API design. http://queue.acm.org/detail.cfm?id=1255422…,1,13,36,0,[],[],[],https://pbs.twimg.com/profile_images/1571574401107169282/ylAgz_f5_normal.jpg,https://twitter.com/goinggodotnet/status/838530913269088260,tweet_id:838530913269088260
John Arundel,@bitfield,2017-03-05T13:43:02.000Z,True,"""There’s no such thing as an alert that has no action required. If you do get one, your action is to fix the alert.""",4,151,235,0,[],[],[],https://pbs.twimg.com/profile_images/2550451333/upr558w4gb7mdgopk0af_normal.jpeg,https://twitter.com/bitfield/status/838384358423678977,tweet_id:838384358423678977
Cosmin Ilie,@Cosmin_Ilie,2017-03-04T19:34:28.000Z,False,Verifying myself: I am iliec on Keybase.io. 2pWrH1tpgFZ_G47NhPAJYr7VRpMCvQInZ73J / https://keybase.io/iliec/sigs/2pWrH1tpgFZ_G47NhPAJYr7VRpMCvQInZ73J…,0,0,0,0,[],[],[],https://pbs.twimg.com/profile_images/1359580000744321026/QvIXPHFA_normal.jpg,https://twitter.com/Cosmin_Ilie/status/838110412495282176,tweet_id:838110412495282176
Go OSS,@oss_go,2017-03-03T20:01:33.000Z,False,voyager - Secure Ingress Controller for Kubernetes by AppsCode https://github.com/appscode/voyager…,0,1,2,0,[],[],[],https://pbs.twimg.com/profile_images/456561001882587136/uZN294IY_normal.png,https://twitter.com/oss_go/status/837754842571550720,tweet_id:837754842571550720
Jeffrey Snover,@jsnover,2017-03-03T01:30:50.000Z,False,"I'm a Tech Fellow
I once typed a bad cmd deleting most of the OS sources @ Apollo
I added -WHATIF & -CONFIRM in PS to help others
USE THEM!",23,226,347,0,[],[],[],https://pbs.twimg.com/profile_images/1390707151614595073/fnKxlLaV_normal.jpg,https://twitter.com/jsnover/status/837475319653122049,tweet_id:837475319653122049
Hacker News Bot,@newsycombinator,2017-03-02T18:02:19.000Z,True,Why we are not leaving the cloud https://about.gitlab.com/2017/03/02/why-we-are-not-leaving-the-cloud/…,0,20,34,0,[],[],[],https://pbs.twimg.com/profile_images/1534251337122295809/NGX0RlOw_normal.jpg,https://twitter.com/newsycombinator/status/837362447770091520,tweet_id:837362447770091520
Simon Eskildsen,@Sirupsen,2017-03-01T21:00:46.000Z,True,"After this outage when you're writing S3 resiliency tests, use Toxiproxy! https://github.com/shopify/toxiproxy…",1,2,10,0,[],[],[],https://pbs.twimg.com/profile_images/1066398389464555520/zockiRAy_normal.jpg,https://twitter.com/Sirupsen/status/837044969189724160,tweet_id:837044969189724160
Jeff Foust,@jeff_foust,2017-02-27T21:33:07.000Z,True,"If you don’t believe me—and some of you don’t, based on my mentions—here’s the formal SpaceX announcement: http://bit.ly/2lNo9vI",1,48,80,0,[],[],[],https://pbs.twimg.com/profile_images/509029699322793984/zWjKFe63_normal.jpeg,https://twitter.com/jeff_foust/status/836328332581093376,tweet_id:836328332581093376
William Harwood,@cbs_spacenews,2017-02-27T21:28:02.000Z,True,SpaceX/Update: SpaceX plans to send two private citizens around the moon late next year aboard a Dragon 2 spacecraft,1,72,80,0,[],[],[],https://pbs.twimg.com/profile_images/619265735148355586/LQG93qMR_normal.jpg,https://twitter.com/cbs_spacenews/status/836327052722716672,tweet_id:836327052722716672
nikita borisov,@nikitab,2017-02-24T18:33:25.000Z,False,"Lessons from yesterday:
- don’t use SHA1
- don’t write parsers in C",4,22,63,0,[],[],[],https://pbs.twimg.com/profile_images/1406297100044886016/UhdacOaT_normal.jpg,https://twitter.com/nikitab/status/835195945402970112,tweet_id:835195945402970112
Bob Ippolito,@etrepum,2017-02-24T01:24:35.000Z,False,Facebook's  has been a huge help when cleaning up JS code. Much easier to refactor when you have types! https://flowtype.org,1,3,8,0,[],['@flowtype'],[],https://pbs.twimg.com/profile_images/1050876383495409664/9fWGQMJX_normal.jpg,https://twitter.com/etrepum/status/834937033663504384,tweet_id:834937033663504384
Dan Carlin,@dccommonsense,2017-02-23T19:40:12.000Z,False,"1st Amendment to protest already has been limited terribly w/""Free Speech Zone"" idea,things like this are much worse",34,262,303,0,[],[],[],https://pbs.twimg.com/profile_images/1074090980/CSDC_safe__normal.jpg,https://twitter.com/dccommonsense/status/834850367292788736,tweet_id:834850367292788736
Elie Bursztein,@elie,2017-02-23T13:10:53.000Z,False,I am very happy to announce that we found the first SHA1 collision -  https://security.googleblog.com/2017/02/announcing-first-sha1-collision.html… … #security #TLS #SHA1 #SHAttered,51,"1,905","1,748",0,"['#security', '#TLS', '#SHA1', '#SHAttered']",[],[],https://pbs.twimg.com/profile_images/1728803041787174912/sEcbjHDS_normal.jpg,https://twitter.com/elie/status/834752389710114816,tweet_id:834752389710114816
Tomás Senart,@tsenart,2017-02-22T00:02:21.000Z,True,Boom Upspin project by  and @rob_pike looks *very* cool. https://security.googleblog.com/2017/02/another-option-for-file-sharing.html…,0,5,8,0,[],['@enneff'],['\\U0001f4a5'],https://pbs.twimg.com/profile_images/1682126397622435840/-_AA4XZZ_normal.jpg,https://twitter.com/tsenart/status/834191561013460993,tweet_id:834191561013460993
Camille Fournier,@skamille,2017-02-19T21:50:11.000Z,False,Holy shithttps://susanjfowler.com/blog/2017/2/19/reflecting-on-one-very-strange-year-at-uber…,9,336,291,0,[],[],[],https://pbs.twimg.com/profile_images/912852486859444226/wdgA9323_normal.jpg,https://twitter.com/skamille/status/833433523625263104,tweet_id:833433523625263104
Julius Volz,@juliusvolz,2017-02-17T16:40:52.000Z,False,Excited to see that the 5th most popular website in the world (Wikipedia) is now using  for monitoring! https://fosdem.org/2017/schedule/event/deploying_prometheus_at_wikimedia_foundation/attachments/slides/1773/export/events/attachments/deploying_prometheus_at_wikimedia_foundation/slides/1773/Prometheus_at_WMF_Fosdem_2017.pdf…,1,14,42,0,[],['@PrometheusIO'],[],https://pbs.twimg.com/profile_images/1491912193511723009/Y4tCq_S8_normal.jpg,https://twitter.com/juliusvolz/status/832630907752189952,tweet_id:832630907752189952
Kathleen Vignos,@kathleencodes,2017-02-16T16:53:59.000Z,True,This  article is on the money. There are tons of programming jobs outside of Silicon Valley that do not require genius coders.,0,3,3,0,[],['@WIRED'],[],https://pbs.twimg.com/profile_images/1457498138143383554/a9uOoGOM_normal.jpg,https://twitter.com/kathleencodes/status/832271822141878272,tweet_id:832271822141878272
Rich Rogers,@RichRogers_,2017-02-16T01:00:46.000Z,True,"Advice for New Managers

- Lead by example.
- Deflect all credit & absorb all blame.
- Repeat yourself often.",1,24,40,0,[],[],[],https://pbs.twimg.com/profile_images/1755273208373350401/rWIMnZSi_normal.jpg,https://twitter.com/RichRogers_/status/832031936101175296,tweet_id:832031936101175296
Kelsey Hightower,@kelseyhightower,2017-02-16T03:37:06.000Z,True,"The  team produces some of the best engineering posts; ""Living Without Atomic Clocks"" is no exception. https://cockroachlabs.com/blog/living-without-atomic-clocks…",1,82,205,0,[],['@cockroachdb'],[],https://pbs.twimg.com/profile_images/1204077305271705606/j5XjhPAt_normal.jpg,https://twitter.com/kelseyhightower/status/832071279087853568,tweet_id:832071279087853568
Golang Weekly,@golangweekly,2017-02-14T20:27:08.000Z,False,Bit Hacking with Go: https://dev.to/vladimirvivien/bit-hacking-with-go… (Vladimir Vivien takes you on a tour of Go's bitwise operators.),0,26,46,0,[],[],[],https://pbs.twimg.com/profile_images/554798224154701824/mWd3laxO_normal.png,https://twitter.com/golangweekly/status/831600687599456256,tweet_id:831600687599456256
Kelsey Hightower,@kelseyhightower,2017-02-14T18:00:39.000Z,True,Introducing Cloud Spanner: a global database service for mission-critical applications. https://cloudplatform.googleblog.com/2017/02/introducing-Cloud-Spanner-a-global-database-service-for-mission-critical-applications.html…,4,55,75,0,[],[],[],https://pbs.twimg.com/profile_images/1204077305271705606/j5XjhPAt_normal.jpg,https://twitter.com/kelseyhightower/status/831563820690763776,tweet_id:831563820690763776
Jeff Barr (@ ),(@,2017-02-13T19:32:00.000Z,True,This looks really cool .. give it a try!,2,26,54,0,[],[],[],https://pbs.twimg.com/profile_images/1516500629769768963/oic_gx9H_normal.jpg,https://twitter.com/jeffbarr/status/831224423944384512,tweet_id:831224423944384512
Jesper L. Andersen,@jlouis666,2017-02-12T12:10:55.000Z,False,I just published “Stacking Theory for Systems Design”,5,21,36,0,[],[],[],https://pbs.twimg.com/profile_images/57592418/lambda512_normal.png,https://twitter.com/jlouis666/status/830751032988794881,tweet_id:830751032988794881
Go News,@golang_news,2017-02-05T01:00:29.000Z,False,Proposal: Monotonic Elapsed Time Measurements in Go https://github.com/golang/proposal/blob/master/design/12914-monotonic.md… #hackernews,1,12,15,0,['#hackernews'],[],[],https://pbs.twimg.com/profile_images/3225285345/e70c76a91164dd70906dfac92fedd339_normal.jpeg,https://twitter.com/golang_news/status/828045596225331201,tweet_id:828045596225331201
Filippo Valsorda @filippo.abyssdomain.expert,Filippo Valsorda @filippo.abyssdomain.expert,2017-01-23T22:13:46.000Z,True,OMFG The WebEx Chrome extension has a trivial code execution vulnerability: any website could just install malware on your machine silently,7,281,185,0,[],[],['\\U0001f525'],https://pbs.twimg.com/profile_images/1601128737751420928/3WVJbAMw_normal.jpg,https://twitter.com/FiloSottile/status/823654987330887680,tweet_id:823654987330887680
Tomás Senart,@tsenart,2017-01-22T22:29:05.000Z,True,One hell of a project.  ,0,2,1,0,[],['@DevSecIO'],['\\U0001f44c\\U0001f3fb'],https://pbs.twimg.com/profile_images/1682126397622435840/-_AA4XZZ_normal.jpg,https://twitter.com/tsenart/status/823296453384818688,tweet_id:823296453384818688
GonzoHacker,@GonzoHacker,2017-01-22T02:48:36.000Z,False,It was the year 2017 and things had gone full cyberpunk,148,1.3万,2.7万,0,[],[],[],https://pbs.twimg.com/profile_images/1772454830709063680/_ohYawVH_normal.jpg,https://twitter.com/GonzoHacker/status/822999376750583808,tweet_id:822999376750583808
Signal,@signalapp,2017-01-13T21:29:35.000Z,True,"There is no WhatsApp ""backdoor."" https://whispersystems.org/blog/there-is-no-whatsapp-backdoor/…",38,"1,275",724,0,[],[],[],https://pbs.twimg.com/profile_images/1412497225377271813/-XTYE5pw_normal.jpg,https://twitter.com/signalapp/status/820019990124318720,tweet_id:820019990124318720
Google Cloud Tech,@GoogleCloudTech,2017-01-12T17:19:27.000Z,True,Security is designed into GCP from the ground up to safeguard the entire info processing lifecycle. See how.,5,71,83,0,[],[],[],https://pbs.twimg.com/profile_images/1219725421962571779/_qstUQx__normal.jpg,https://twitter.com/GoogleCloudTech/status/819594655843106816,tweet_id:819594655843106816
Fatih Arslan,@fatih,2017-01-10T22:54:01.000Z,False,Tesla is the new Apple https://tesla.com/blog/welcome-chris-lattner…,1,9,15,0,[],[],[],https://pbs.twimg.com/profile_images/1525082346508144640/b_T5UXy6_normal.jpg,https://twitter.com/fatih/status/818954075177893890,tweet_id:818954075177893890
Arne Mertz,@arne_mertz,2016-12-21T15:03:07.000Z,False,Blogged: Return early and clearly http://buff.ly/2hrgVJu #cpp #cplusplus,4,25,46,0,"['#cpp', '#cplusplus']",[],[],https://pbs.twimg.com/profile_images/1256577105938321408/F25IZjrU_normal.jpg,https://twitter.com/arne_mertz/status/811587810914402304,tweet_id:811587810914402304
Real Time History,@realtime_hist,2017-01-05T13:44:06.000Z,False,The frontlines of #WW1 in early 1917,7,100,191,0,['#WW1'],[],[],https://pbs.twimg.com/profile_images/1537782210115383303/iN8lM7Ba_normal.jpg,https://twitter.com/realtime_hist/status/817003742486728704,tweet_id:817003742486728704
Cloudflare,@Cloudflare,2017-01-01T22:41:44.000Z,True,How and why the leap second affected Cloudflare DNS,10,185,162,0,[],[],[],https://pbs.twimg.com/profile_images/1600539069217480704/RzK50Sks_normal.jpg,https://twitter.com/Cloudflare/status/815689491075760130,tweet_id:815689491075760130
Dan Luu,@danluu,2017-01-01T06:21:20.000Z,False,"Another leap second, another slew of outages. Handling time correctly is hard!https://github.com/golang/go/issues/12914…",13,371,510,0,[],[],[],https://pbs.twimg.com/profile_images/1472713753464500227/HJQvY70g_normal.png,https://twitter.com/danluu/status/815442765811023872,tweet_id:815442765811023872
Filippo Valsorda @filippo.abyssdomain.expert,Filippo Valsorda @filippo.abyssdomain.expert,2016-12-28T00:16:10.000Z,False,"TLS 1.3 is coming, bringing 0-RTT and forward secrecy! Here's the recording of my #33c3 talk with  — https://media.ccc.de/v/33c3-8348-deploying_tls_1_3_the_great_the_good_and_the_bad…",8,262,344,0,['#33c3'],['@grittygrease'],[],https://pbs.twimg.com/profile_images/1601128737751420928/3WVJbAMw_normal.jpg,https://twitter.com/FiloSottile/status/813901318653939713,tweet_id:813901318653939713
Tyler Treat,@tyler_treat,2016-12-29T03:44:50.000Z,False,"The @gafferongames blog is a goldmine, even if you're not into game programming. Lots of good networking stuff. http://gafferongames.com",0,5,15,0,[],[],[],https://pbs.twimg.com/profile_images/1064559405511798786/MECPOXCk_normal.jpg,https://twitter.com/tyler_treat/status/814316219503431680,tweet_id:814316219503431680
Cosmin Ilie,@Cosmin_Ilie,2016-12-12T19:40:38.000Z,False,https://martin.kleppmann.com/2015/08/05/kafka-samza-unix-philosophy-distributed-data.html…,0,0,0,0,[],[],[],https://pbs.twimg.com/profile_images/1359580000744321026/QvIXPHFA_normal.jpg,https://twitter.com/Cosmin_Ilie/status/808396160457211906,tweet_id:808396160457211906
Je Duffy,@funcOfJoe,2016-12-01T02:23:21.000Z,True,My next essay is up: 15 Years of Concurrency. A once-in-a-lifetime journey! Please enjoy. http://joeduffyblog.com/2016/11/30/15-years-of-concurrency/…,10,233,403,0,[],[],[],https://pbs.twimg.com/profile_images/1396201991404097539/hQs7X_Dh_normal.jpg,https://twitter.com/funcOfJoe/status/804148851086999552,tweet_id:804148851086999552
Cosmin Ilie,@Cosmin_Ilie,2016-12-04T18:55:19.000Z,False,Timers in go - https://blog.gopheracademy.com/advent-2016/go-timers/…,0,0,0,0,[],[],[],https://pbs.twimg.com/profile_images/1359580000744321026/QvIXPHFA_normal.jpg,https://twitter.com/Cosmin_Ilie/status/805485652573900802,tweet_id:805485652573900802
Adrian Colyer,@adriancolyer,2016-12-02T08:31:00.000Z,False,Sharding's too tricky for each service to implement on its own. Here's how Google turned it into a shared service: http://blog.acolyer.org/2016/12/02/slicer-auto-sharding-for-datacenter-applications…,0,42,107,0,[],[],[],https://pbs.twimg.com/profile_images/902829228990709760/mWT4DjHt_normal.jpg,https://twitter.com/adriancolyer/status/804603761159245825,tweet_id:804603761159245825
Sneha Inguva,@snehainguva,2016-12-01T04:29:17.000Z,False,On alerting from an SRE. Pretty good read. https://docs.google.com/document/d/199PqyG3UsyXlwieHaqbGiWVa8eMWi8zzAn0YfcApr8Q/preview#…,1,6,6,0,[],[],[],https://pbs.twimg.com/profile_images/539550332137635840/HgUE4Fsj_normal.jpeg,https://twitter.com/snehainguva/status/804180544548261889,tweet_id:804180544548261889
Adrian Colyer,@adriancolyer,2016-11-30T08:30:11.000Z,False,"""Firmament: Fast, centralized cluster scheduling at scale"" - Gog et al. 2016 http://blog.acolyer.org/2016/11/30/firmament-fast-centralized-cluster-scheduling-at-scale… #themorningpaper",0,36,43,0,['#themorningpaper'],[],[],https://pbs.twimg.com/profile_images/902829228990709760/mWT4DjHt_normal.jpg,https://twitter.com/adriancolyer/status/803878779798061056,tweet_id:803878779798061056
Jay Kreps,@jaykreps,2016-11-30T17:33:01.000Z,False,"AWS now offers Athena, SQL queries for S3. Apparently it is based on Facebook's  query layer. https://aws.amazon.com/athena",1,44,53,0,[],['@prestodb'],[],https://pbs.twimg.com/profile_images/1123808410510737408/NCWzmizz_normal.png,https://twitter.com/jaykreps/status/804015388073730048,tweet_id:804015388073730048
Ben Hawkes,@benhawkes,2016-11-29T16:56:35.000Z,False,"Project Zero blog: ""Breaking the Chain"" by  - https://goo.gl/LFt4pz",3,79,82,0,[],['@tiraniddo'],[],https://pbs.twimg.com/profile_images/1681765543471366144/7Q0xLBPn_normal.jpg,https://twitter.com/benhawkes/status/803643832374095872,tweet_id:803643832374095872
jeff bryner,@0x7eff,2016-11-26T18:25:09.000Z,False,https://wiki.mozilla.org/MOSS/Secure_Open_Source/Completed#curl… <-- results from just one  MOSS project to secure common open source programs,0,3,6,0,[],['@Mozilla'],[],https://pbs.twimg.com/profile_images/1555366882961633280/Dw6tEf7M_normal.jpg,https://twitter.com/0x7eff/status/802578958256459776,tweet_id:802578958256459776
CNN,@CNN,2016-11-03T00:21:48.000Z,True,NASA wants you to see this video of the Artic ice disappearing http://cnn.it/2fgi4ng,378,1.2万,"7,198",0,[],[],[],https://pbs.twimg.com/profile_images/1669780523911110656/K9gaaM1g_normal.jpg,https://twitter.com/CNN/status/793971403829739520,tweet_id:793971403829739520
Cosmin Ilie,@Cosmin_Ilie,2016-11-25T06:51:51.000Z,True,So true ...,0,1,0,0,[],[],[],https://pbs.twimg.com/profile_images/1359580000744321026/QvIXPHFA_normal.jpg,https://twitter.com/Cosmin_Ilie/status/802042096752410626,tweet_id:802042096752410626
Jesper L. Andersen,@jlouis666,2016-11-23T21:51:44.000Z,False,As I’ve said before: what Margaret Hamilton has done *after* the Apollo program is even more interesting. Her papers are out there.,0,4,6,0,[],[],[],https://pbs.twimg.com/profile_images/57592418/lambda512_normal.png,https://twitter.com/jlouis666/status/801543784236515328,tweet_id:801543784236515328
jeff bryner,@0x7eff,2016-11-23T17:18:03.000Z,False,scan yer site today! https://observatory.mozilla.org,0,5,2,0,[],[],[],https://pbs.twimg.com/profile_images/1555366882961633280/Dw6tEf7M_normal.jpg,https://twitter.com/0x7eff/status/801474908312088576,tweet_id:801474908312088576
TJ Holowaychuk,@tjholowaychuk,2016-11-23T18:42:36.000Z,False,For those of us who never went to university this is a great list of CS lectures https://github.com/Developer-Y/cs-video-courses…,4,130,387,0,[],[],[],https://pbs.twimg.com/profile_images/1512392881130115075/xJwO6pQu_normal.jpg,https://twitter.com/tjholowaychuk/status/801496188117655552,tweet_id:801496188117655552
ABC News,@ABC,2016-11-22T20:57:22.000Z,True,"POTUS awards Margaret Hamilton, who helped create software for NASA's Apollo command modules, the Medal of Freedom. http://snpy.tv/2ghAx3i",44,"2,622","3,463",0,[],[],[],https://pbs.twimg.com/profile_images/1605211963096801282/3flU1i5o_normal.jpg,https://twitter.com/ABC/status/801167714001616898,tweet_id:801167714001616898
Russ Cox,@_rsc,2016-11-22T00:15:30.000Z,False,Table of Contents in thread. Particularly excited for Chapter 13! #golang #winning,0,15,28,0,"['#golang', '#winning']",[],[],https://pbs.twimg.com/profile_images/1137178645880037377/aeaRCnJV_normal.png,https://twitter.com/_rsc/status/800855188458217473,tweet_id:800855188458217473
@ryanhuber,@ryanhuber,2016-11-21T18:08:55.000Z,False,At  we use Linux Audit to continuously monitor thousands of hosts. Today we are open sourcing our tools. https://slack.engineering/syscall-auditing-at-scale-e6a3ca8ac1b8#.3c06d6a1q…,6,625,881,0,[],['@SlackHQ'],[],https://pbs.twimg.com/profile_images/1766531744973656064/tP0EBN-B_normal.jpg,https://twitter.com/ryanhuber/status/800762932623593472,tweet_id:800762932623593472
Jay Kreps,@jaykreps,2016-11-18T17:18:38.000Z,True,"Recording of Neha's talk on ""Demystifying Stream Processing"" is now available https://confluent.io/apache-kafka-talk-series/Stream-Processing-with-Apache-Kafka…",0,23,64,0,[],[],[],https://pbs.twimg.com/profile_images/1123808410510737408/NCWzmizz_normal.png,https://twitter.com/jaykreps/status/799663116262875136,tweet_id:799663116262875136
francesc,@francesc,2016-11-16T15:41:53.000Z,False,. joins the  the same day  joins the #StrongerTogether ,2,34,58,0,['#StrongerTogether'],"['@Microsoft', '@linuxfoundation', '@googlecloud', '@dotnetfdn']","['\\U0001f44f', '\\U0001f389', '\\U0001f603']",https://pbs.twimg.com/profile_images/1476592332912930820/i71lCh3w_normal.jpg,https://twitter.com/francesc/status/798913992836018176,tweet_id:798913992836018176
Kubernetes,@kubernetesio,2016-11-16T20:53:01.000Z,True,"Get your Kubernetes fix, #KubeCon / #CNCF talks have been published, ~100 videos to watch & learn from: http://goo.gl/XM2wn0",0,126,161,0,"['#KubeCon', '#CNCF']",[],[],https://pbs.twimg.com/profile_images/511909265720614913/21_d3cvM_normal.png,https://twitter.com/kubernetesio/status/798992291193061376,tweet_id:798992291193061376
∃! David Turner,@DaveCTurner,2016-11-15T17:29:04.000Z,False,Gratefully inspired by  to draw a cute drawing about #paxos,4,103,239,0,['#paxos'],['@b0rk'],[],https://pbs.twimg.com/profile_images/3425917658/1764355f5dcfe0621f0469488dee6b72_normal.jpeg,https://twitter.com/DaveCTurner/status/798578579038674944,tweet_id:798578579038674944
Cosmin Ilie,@Cosmin_Ilie,2016-11-15T06:34:01.000Z,False,depinde dacă  in 2017 va iesi Marien Le Pen in Franța.,0,0,0,0,[],[],[],https://pbs.twimg.com/profile_images/1359580000744321026/QvIXPHFA_normal.jpg,https://twitter.com/Cosmin_Ilie/status/798413729465561088,tweet_id:798413729465561088
Jesper L. Andersen,@jlouis666,2016-11-11T11:53:59.000Z,False,https://medium.com/@jlouis666/the-slow-revolution-bad539ff33ec#.8d4ed99t0… I posted this in July. Eerily prescient.,2,6,8,0,[],['https://medium.com/@jlouis666/the-slow-revolution-bad539ff33ec#.8d4ed99t0…'],[],https://pbs.twimg.com/profile_images/57592418/lambda512_normal.png,https://twitter.com/jlouis666/status/797044699471245314,tweet_id:797044699471245314
Julia Evans,@b0rk,2016-11-11T03:47:35.000Z,True,a few drawings about linux http://jvns.ca/blog/2016/11/10/a-few-drawings-about-linux/…,19,419,839,0,[],[],[],https://pbs.twimg.com/profile_images/846106819391115264/iZAxk4qr_normal.jpg,https://twitter.com/b0rk/status/796922294404861952,tweet_id:796922294404861952
Glenn Greenwald,@ggreenwald,2016-11-09T23:03:35.000Z,True,Trump Picks Top Climate Skeptic to Lead EPA Transition,390,"4,028","2,305",0,[],[],[],https://pbs.twimg.com/profile_images/1092582027994509312/cpYWuYI9_normal.jpg,https://twitter.com/ggreenwald/status/796488434533728256,tweet_id:796488434533728256
Neil deGrasse Tyson,@neiltyson,2016-11-04T16:52:46.000Z,True,Let’s Make America Smart Again,"1,401",4.1万,7.5万,0,[],[],[],https://pbs.twimg.com/profile_images/1554062945096794113/-MPAg1pY_normal.jpg,https://twitter.com/neiltyson/status/794583175393607688,tweet_id:794583175393607688
Adrian Colyer,@adriancolyer,2016-11-08T03:30:26.000Z,False,Here are my slides from the talk I gave at #muCon yesterday: https://speakerdeck.com/acolyer/on-the-criteria-for-decomposing-systems-into-microservices… (paper refs at the end),1,36,74,0,['#muCon'],[],[],https://pbs.twimg.com/profile_images/902829228990709760/mWT4DjHt_normal.jpg,https://twitter.com/adriancolyer/status/795830813124423680,tweet_id:795830813124423680
Pro JavaScript,@ProJavaScript,2015-06-04T00:53:59.000Z,False,Technical debt in one image #technicaldebt,0,200,146,0,['#technicaldebt'],[],[],https://abs.twimg.com/sticky/default_profile_images/default_profile_normal.png,https://twitter.com/ProJavaScript/status/606262588725456897,tweet_id:606262588725456897
Pachyderm,@pachyderminc,2016-11-05T00:59:46.000Z,False,"""The question is not whether to adopt  , the question is when?"" -- the one positive conclusion of http://buff.ly/2ewZzMb",1,3,3,0,[],['@kubernetesio'],[],https://pbs.twimg.com/profile_images/1425832767045005314/THd0CN3Q_normal.jpg,https://twitter.com/pachyderminc/status/794705733220765696,tweet_id:794705733220765696
Joe Beda,@jbeda,2016-11-03T18:39:32.000Z,False,"I like the idea of ""Operator"" as domain specific controller for Kubernetes.  Very interesting stuff!https://coreos.com/blog/introducing-operators.html…",0,12,35,0,[],[],[],https://pbs.twimg.com/profile_images/1048685822822600705/C683_06Y_normal.jpg,https://twitter.com/jbeda/status/794247657556348928,tweet_id:794247657556348928
Julia Evans,@b0rk,2016-11-01T03:19:05.000Z,True,"also i just read ""the saddest moment"" by james mickens for the first time today and it is amazing (systems!) http://scholar.harvard.edu/files/mickens/files/thesaddestmoment.pdf…",4,15,82,0,[],[],[],https://pbs.twimg.com/profile_images/846106819391115264/iZAxk4qr_normal.jpg,https://twitter.com/b0rk/status/793291243363205120,tweet_id:793291243363205120
Kelsey Hightower,@kelseyhightower,2016-10-27T16:30:41.000Z,True,"When did Architects stop writing code? I meet people with the title, but they seem focused on vendor management, not building things.",37,153,245,0,[],[],[],https://pbs.twimg.com/profile_images/1204077305271705606/j5XjhPAt_normal.jpg,https://twitter.com/kelseyhightower/status/791678516580364291,tweet_id:791678516580364291
Kelsey Hightower,@kelseyhightower,2016-10-27T17:02:50.000Z,True,Now that's something to think about.,2,16,40,0,[],[],[],https://pbs.twimg.com/profile_images/1204077305271705606/j5XjhPAt_normal.jpg,https://twitter.com/kelseyhightower/status/791686604913901568,tweet_id:791686604913901568
Ben Ford #BlackLivesMatter he/him,@binford2k,2016-10-25T19:11:03.000Z,False,Puppet 3 End of Life 12/31/2016 |  https://rnelson0.com/2016/10/25/puppet-3-end-of-life-12312016/…,0,10,4,0,[],['@rnelson0'],[],https://pbs.twimg.com/profile_images/1484685727501668353/HYPdoQSg_normal.jpg,https://twitter.com/binford2k/status/790994096210849792,tweet_id:790994096210849792
Daniel Walsh,@rhatdan,2016-10-25T12:03:41.000Z,False,We  concentrate on Containers in Production.  Great performance on Devicemapper.   http://developerblog.redhat.com/2016/10/25/docker-project-can-you-have-overlay2-speed-and-density-with-devicemapper-yep/…,1,6,9,0,[],"['@redhatnews', '@docker', '@projectatomic']",[],https://pbs.twimg.com/profile_images/747865895817580544/_9jF9-5X_normal.jpg,https://twitter.com/rhatdan/status/790886548644519936,tweet_id:790886548644519936
mjec,@mjec,2016-10-25T15:33:25.000Z,False,Can we talk about the combo of CVE-2016-4673 (malicious jpg code exec) and CVE-2016-4662 (priv esc to kernel)? Update your Apple stuff. Now.,0,2,2,0,[],[],[],https://pbs.twimg.com/profile_images/378800000864444489/UMAGLJDf_normal.jpeg,https://twitter.com/mjec/status/790939327782064128,tweet_id:790939327782064128
Damian Gryski,@dgryski,2016-10-23T19:22:42.000Z,False,"""A Frontend Server, Front to Back"" by Nice talk on load balancing and metricshttps://youtube.com/watch?v=_1rh_s1WmRA…",0,1,14,0,[],['@ztellman'],[],https://pbs.twimg.com/profile_images/59859794/dmg-simpsons-head_normal.png,https://twitter.com/dgryski/status/790272253183361025,tweet_id:790272253183361025
Grady Booch,@Grady_Booch,2016-09-27T19:13:23.000Z,False,A software architect who does not code is like a cook who does not eat.,18,621,501,0,[],[],[],https://pbs.twimg.com/profile_images/1350371022067781634/0mw7Irfk_normal.jpg,https://twitter.com/Grady_Booch/status/780847825118650368,tweet_id:780847825118650368
Funny Tweets,@FunnyThingsUK,2016-10-21T17:57:57.000Z,False,What I imagine a DDoS attack looks like,15,917,"1,585",0,[],[],[],https://pbs.twimg.com/profile_images/586538755651080192/bcoDD_z0_normal.jpg,https://twitter.com/FunnyThingsUK/status/789526148720058368,tweet_id:789526148720058368
301 Location: https://awscommunity.social/@s0enke,301 Location: https://awscommunity.social/@s0enke,2016-10-13T20:16:40.000Z,False,"Just explained to another recruiter that they can't hire a DevOps. Neither they can hire a Waterfall, Kanban or Scrum....",1,34,44,0,[],[],[],https://pbs.twimg.com/profile_images/1466540691555864579/AheepaTT_normal.jpg,https://twitter.com/s0enke/status/786661956325404672,tweet_id:786661956325404672
Tyler Treat,@tyler_treat,2016-10-06T18:37:48.000Z,False,"After FoundationDB and now this, betting on ""startup DBs"" seems risky af. https://rethinkdb.com/blog/rethinkdb-shutdown/…",0,4,5,0,[],[],[],https://pbs.twimg.com/profile_images/1064559405511798786/MECPOXCk_normal.jpg,https://twitter.com/tyler_treat/status/784100361720168448,tweet_id:784100361720168448
Jonas Bonér,@jboner,2016-10-06T13:51:40.000Z,False,This is outrageous ,10,43,8,0,[],['@LinkedIn'],[],https://pbs.twimg.com/profile_images/1636429895956832256/pKB-jooq_normal.jpg,https://twitter.com/jboner/status/784028352294379520,tweet_id:784028352294379520
yan,@bcrypt,2016-10-04T18:03:26.000Z,False,no comment http://reuters.com/article/us-yahoo-nsa-exclusive-idUSKCN1241YT…,8,93,108,0,[],[],[],https://pbs.twimg.com/profile_images/1184646643888472064/14mViboj_normal.jpg,https://twitter.com/bcrypt/status/783366935840825344,tweet_id:783366935840825344
Cosmin Ilie,@Cosmin_Ilie,2016-10-03T05:01:00.000Z,False,Visions of the Future - cool posters from NASA  http://jpl.nasa.gov/visions-of-the-future/…,0,0,0,0,[],[],[],https://pbs.twimg.com/profile_images/1359580000744321026/QvIXPHFA_normal.jpg,https://twitter.com/Cosmin_Ilie/status/782807642729316352,tweet_id:782807642729316352
Adrian Cockcroft - now @adrianco@mastodon.social,Adrian Cockcroft - now @adrianco@mastodon.social,2016-09-30T03:14:29.000Z,False,Great to see Google Cloud Platform plans lots more regions (I called for this move at Structure 2104) http://feedproxy.google.com/~r/ClPlBl/~3/aPRCF4t4WRU/Google-Cloud-Platform-sets-a-course-for-new-horizons.html…,1,13,13,0,[],[],[],https://pbs.twimg.com/profile_images/1451253100497408000/9aAX3kP3_normal.jpg,https://twitter.com/adrianco/status/781693671590723584,tweet_id:781693671590723584
Joe Beda,@jbeda,2016-09-29T18:15:11.000Z,False,"Next time someone asks if Kubernetes is used in production, I'm going to point them at this:",2,103,170,0,[],[],[],https://pbs.twimg.com/profile_images/1048685822822600705/C683_06Y_normal.jpg,https://twitter.com/jbeda/status/781557954218561537,tweet_id:781557954218561537
Jeffrey Snover,@jsnover,2016-09-28T16:57:22.000Z,False,The only free ride you'll ever get from Oracle :-),12,102,151,0,[],[],[],https://pbs.twimg.com/profile_images/1390707151614595073/fnKxlLaV_normal.jpg,https://twitter.com/jsnover/status/781175981281255426,tweet_id:781175981281255426
Brian Berger,@Brian_J_Berger,2016-09-27T20:08:42.000Z,False,"Love the question for  from Burning Man guy: ""Is this what Mars is going to be like, just a dusty, waterless sh*t storm?""",2,16,40,0,[],['@elonmusk'],[],https://pbs.twimg.com/profile_images/1581291424707928064/Zvy6I0in_normal.jpg,https://twitter.com/Brian_J_Berger/status/780861744033955840,tweet_id:780861744033955840
Brendan Gregg,@brendangregg,2016-09-23T23:22:57.000Z,False,Larry attacking another database for not being open source. When I'd thought I'd seen it all...,13,327,383,0,[],[],[],https://pbs.twimg.com/profile_images/1503350895068999684/Aihfrwxq_normal.jpg,https://twitter.com/brendangregg/status/779461076891017216,tweet_id:779461076891017216
Tim Hockin (thockin.yaml),@thockin,2016-09-23T05:50:37.000Z,False,"My multi-arch, dockerized go build system. This is everything I have learned about building containers for go bins.",3,45,88,0,[],[],[],https://pbs.twimg.com/profile_images/500720039230595073/RKO8vKiX_normal.jpeg,https://twitter.com/thockin/status/779196251506028545,tweet_id:779196251506028545
Cosmin Ilie,@Cosmin_Ilie,2016-09-20T16:21:44.000Z,False,"""No grammar schools, lots of play: the secrets of Europe’s top education system""  https://amp.theguardian.com/education/2016/sep/20/grammar-schools-play-europe-top-education-system-finland-daycare…",0,0,0,0,[],[],[],https://pbs.twimg.com/profile_images/1359580000744321026/QvIXPHFA_normal.jpg,https://twitter.com/Cosmin_Ilie/status/778267910800375808,tweet_id:778267910800375808
Joe Beda,@jbeda,2016-08-26T21:12:05.000Z,False,. has been around the block and has something to say about Docker stability. Time for a fork?,5,35,49,0,[],['@countspongebob'],[],https://pbs.twimg.com/profile_images/1048685822822600705/C683_06Y_normal.jpg,https://twitter.com/jbeda/status/769281283289513984,tweet_id:769281283289513984
Joe Beda,@jbeda,2016-08-26T12:30:49.000Z,False,Wow. This thread on Docker stability is fascinating. I'll say it again: good infrastructure should be boring. https://news.ycombinator.com/item?id=12364123…,5,65,89,0,[],[],[],https://pbs.twimg.com/profile_images/1048685822822600705/C683_06Y_normal.jpg,https://twitter.com/jbeda/status/769150104418734081,tweet_id:769150104418734081
Kubernetes,@kubernetesio,2016-08-25T15:11:05.000Z,True,"Published 25yrs ago today:

'I'm doing a (free) OS (just a hobby, won't be big and professional like gnu)...'-Linus

HappyBirthday! #Linux25",0,187,208,0,['#Linux25'],[],[],https://pbs.twimg.com/profile_images/511909265720614913/21_d3cvM_normal.png,https://twitter.com/kubernetesio/status/768828046971252736,tweet_id:768828046971252736
Kelsey Hightower,@kelseyhightower,2016-08-24T11:43:26.000Z,True,"Borg, Omega, and Kubernetes. Lessons learned from three container management systems over a decade. http://research.google.com/pubs/pub44843.html…",0,81,134,0,[],[],[],https://pbs.twimg.com/profile_images/1204077305271705606/j5XjhPAt_normal.jpg,https://twitter.com/kelseyhightower/status/768413402276438016,tweet_id:768413402276438016
Ben Johnson,@benbjohnson,2016-08-15T16:12:24.000Z,False,Go Walkthrough: encoding package #golang,4,16,44,0,['#golang'],[],[],https://pbs.twimg.com/profile_images/1628507069769994241/198dEUcW_normal.jpg,https://twitter.com/benbjohnson/status/765219598706749440,tweet_id:765219598706749440
Kelsey Hightower,@kelseyhightower,2016-08-09T04:30:12.000Z,True,"Must read for all my Gopher friends! Actually, read everything from .",2,7,35,0,[],['@benbjohnson'],[],https://pbs.twimg.com/profile_images/1204077305271705606/j5XjhPAt_normal.jpg,https://twitter.com/kelseyhightower/status/762868556849565698,tweet_id:762868556849565698
Florian octo Forster,@flocto,2016-08-03T15:04:38.000Z,False,"Package http://collectd.org/plugin:
• code in #golang• compile to a .so
• load .so as a #collectd plugin

GoDoc: https://godoc.org/collectd.org/plugin…",1,7,7,0,"['#golang', '#collectd']",[],[],https://pbs.twimg.com/profile_images/373608926/octopus.icon2.80x80_normal.png,https://twitter.com/flocto/status/760853893358104579,tweet_id:760853893358104579
Microsoft News and Stories,@MSFTnews,2016-07-28T19:14:55.000Z,True,"Category winners announced in #ImagineCup, setting stage for Friday’s World Championship http://spr.ly/6013BLeqt",0,15,11,0,['#ImagineCup'],[],[],https://pbs.twimg.com/profile_images/1268189919836397574/df8H8pZF_normal.png,https://twitter.com/MSFTnews/status/758742552275066881,tweet_id:758742552275066881
Fatih Arslan,@fatih,2016-07-27T17:38:49.000Z,False,"Question: ""We should add this new feature""

Others: ""Not sure it's worth""#Golang: Thug life ",3,165,296,0,['#Golang'],[],['\\U0001f60e'],https://pbs.twimg.com/profile_images/1525082346508144640/b_T5UXy6_normal.jpg,https://twitter.com/fatih/status/758355980442828800,tweet_id:758355980442828800
Je Duffy,@funcOfJoe,2016-07-19T20:58:08.000Z,True,Microsoft REST API Guidelines are now up! Great work by some supersmart colleagues. Worth a read!,3,148,232,0,[],[],[],https://pbs.twimg.com/profile_images/1396201991404097539/hQs7X_Dh_normal.jpg,https://twitter.com/funcOfJoe/status/755507035408437249,tweet_id:755507035408437249
Martin Thompson,@mjpt777,2016-07-10T10:37:58.000Z,False,"Quote of this morning. ""A complex truth cannot win against a simple lie.""",0,106,132,0,[],[],[],https://pbs.twimg.com/profile_images/1467106821/Ren_normal.jpg,https://twitter.com/mjpt777/status/752089475472293888,tweet_id:752089475472293888
Kelsey Hightower,@kelseyhightower,2016-07-07T22:28:02.000Z,True,Kubernetes The Hard Way. https://github.com/kelseyhightower/kubernetes-the-hard-way…,18,130,263,0,[],[],[],https://pbs.twimg.com/profile_images/1204077305271705606/j5XjhPAt_normal.jpg,https://twitter.com/kelseyhightower/status/751181004140843008,tweet_id:751181004140843008
Kubernetes,@kubernetesio,2016-07-06T16:02:55.000Z,True,"Kubernetes 1.3 is here! Introducing cross-cluster services, stateful workloads and Minikube for your laptop http://blog.kubernetes.io/2016/07/kubernetes-1.3-bridging-cloud-native-and-enterprise-workloads.html…",3,240,198,0,[],[],[],https://pbs.twimg.com/profile_images/511909265720614913/21_d3cvM_normal.png,https://twitter.com/kubernetesio/status/750721697427238912,tweet_id:750721697427238912
Torkel Ödegaard,@torkelo,2016-07-05T16:46:48.000Z,False,All Graphite users should read this blog post: https://blog.raintank.io/dear-graphite-users-and-developers/… and checkout the new site http://graphiteapp.org,0,57,53,0,[],[],[],https://pbs.twimg.com/profile_images/1283414538382188544/jr5_D-TC_normal.jpg,https://twitter.com/torkelo/status/750370353726259200,tweet_id:750370353726259200
Werner Vogels,@Werner,2016-06-24T11:44:39.000Z,True,,10,713,711,0,[],[],[],https://pbs.twimg.com/profile_images/563188960394891264/z3-Rh11q_normal.jpeg,https://twitter.com/Werner/status/746308048789045250,tweet_id:746308048789045250
Malte Schwarzkopf,@ms705,2016-06-19T18:30:44.000Z,False,"I rarely tweet politics, but this matters to me: thoughts on the UK's EU referendum http://malteschwarzkopf.de/blog/referendum-thoughts.html… #EUref #StrongerIn #MoreInCommon",1,5,6,0,"['#EUref', '#StrongerIn', '#MoreInCommon']",[],[],https://pbs.twimg.com/profile_images/1048680607981568000/P4KNuVah_normal.jpg,https://twitter.com/ms705/status/744598303384440833,tweet_id:744598303384440833
Debasish (দেবাশিস্) Ghosh,@debasishg,2016-06-18T05:40:25.000Z,True,Squeezing blood from a stone: small-memory JVM techniques for microservice sidecars .. perf imprv tips from  https://blog.buoyant.io/2016/06/17/small-memory-jvm-techniques-for-microservice-sidecars/…,0,15,28,0,[],['@stevej'],[],https://pbs.twimg.com/profile_images/1604091163988103170/he5CJ0_O_normal.jpg,https://twitter.com/debasishg/status/744042060525805568,tweet_id:744042060525805568
ahmetb,@ahmetb,2016-06-13T20:27:16.000Z,True,  Introducing dexec: What if the Go os/exec pkg could containerize exec()s with ? https://ahmetalpbalkan.com/blog/dexec/,2,40,79,0,[],['@Docker'],['\\U0001f41a'],https://pbs.twimg.com/profile_images/1621769650412584961/MbnqgDNm_normal.jpg,https://twitter.com/ahmetb/status/742453303838048256,tweet_id:742453303838048256
Torkel Ödegaard,@torkelo,2016-06-12T09:59:46.000Z,False,"Been working on alerting in Grafana, and many wished to visually drag and set thresholds! It is starting to work!",7,124,179,0,[],[],[],https://pbs.twimg.com/profile_images/1283414538382188544/jr5_D-TC_normal.jpg,https://twitter.com/torkelo/status/741933001584566272,tweet_id:741933001584566272
Adrian Colyer,@adriancolyer,2016-06-08T07:31:05.000Z,False,The instinct you can't quite explain for why that line of code looked 'funny' to you? Here's why... http://blog.acolyer.org/2016/06/08/on-the-naturalness-of-buggy-code…,0,26,22,0,[],[],[],https://pbs.twimg.com/profile_images/902829228990709760/mWT4DjHt_normal.jpg,https://twitter.com/adriancolyer/status/740446031586971648,tweet_id:740446031586971648
Binni Shah,@binitamshah,2016-06-05T10:31:31.000Z,True,Headless Chrome is coming soon : https://bugs.chromium.org/p/chromium/issues/detail?id=546953#c54…,0,21,24,0,[],[],[],https://pbs.twimg.com/profile_images/1398405141405978631/4JhsrzJZ_normal.jpg,https://twitter.com/binitamshah/status/739404274371694592,tweet_id:739404274371694592
Picard Tips,@PicardTips,2016-06-01T20:27:44.000Z,True,"Picard management tip: When you make a mistake, apologize right away. Embrace humility over defense.",3,320,423,0,[],[],[],https://pbs.twimg.com/profile_images/416337864809402368/iSHIA4Zt_normal.jpeg,https://twitter.com/PicardTips/status/738104766669021184,tweet_id:738104766669021184
Jonno Hopkins,@jonnohopkins,2016-05-28T09:57:14.000Z,False,I will never stop being amazed by this. Science is truly awesome. #SpaceX,4,72,81,0,['#SpaceX'],[],[],https://pbs.twimg.com/profile_images/1443886821734223879/imW6JkD9_normal.jpg,https://twitter.com/jonnohopkins/status/736496543302291456,tweet_id:736496543302291456
Adrian Colyer,@adriancolyer,2016-05-26T15:50:00.000Z,False,Strategies for choosing the best instance types for your public cloud workloads: http://blog.acolyer.org/2016/05/26/hcloud-resource-efficient-provisioning-in-shared-cloud-systems…,0,12,28,0,[],[],[],https://pbs.twimg.com/profile_images/902829228990709760/mWT4DjHt_normal.jpg,https://twitter.com/adriancolyer/status/735860545220415488,tweet_id:735860545220415488
Gates Foundation,@gatesfoundation,2016-05-19T16:01:23.000Z,True,Don't have a red nose? That's ok! For every RT we'll donate $10 toward ending child poverty. #RedNose4Kids,"1,072",16万,8.4万,0,['#RedNose4Kids'],[],[],https://pbs.twimg.com/profile_images/1707768074886389760/MfIxxIb__normal.jpg,https://twitter.com/gatesfoundation/status/733326693801336832,tweet_id:733326693801336832
Luke Millar,@ltm,2013-08-21T20:18:30.000Z,True,How we ship code at Twitter https://vine.co/v/heaOxhb3w5p,57,"1,526","1,417",0,[],[],[],https://pbs.twimg.com/profile_images/1763785283722715136/5U2_zoze_normal.jpg,https://twitter.com/ltm/status/370278761482051584,tweet_id:370278761482051584
Damian Gryski,@dgryski,2016-05-20T15:52:37.000Z,False,Profiling and optimizing #golang code by  from ,2,13,41,0,['#golang'],"['@prashantv', '@UberEng']",[],https://pbs.twimg.com/profile_images/59859794/dmg-simpsons-head_normal.png,https://twitter.com/dgryski/status/733686876473839616,tweet_id:733686876473839616
Container Camp,@containercamp,2016-05-13T07:01:13.000Z,False,Want to know what's new in #Kubernetes? Hear the latest from  senior staff software engineer @timhockin here http://buff.ly/1XnYgPq,0,1,6,0,['#Kubernetes'],['@google'],[],https://pbs.twimg.com/profile_images/877900564490833926/zZHa_Zm__normal.jpg,https://twitter.com/containercamp/status/731016430003597312,tweet_id:731016430003597312
Jay Kreps,@jaykreps,2016-05-13T15:14:19.000Z,False,We posted the videos for all the Kafka Summit talks http://kafka-summit.org/schedule/,3,100,143,0,[],[],[],https://pbs.twimg.com/profile_images/1123808410510737408/NCWzmizz_normal.png,https://twitter.com/jaykreps/status/731140524304793601,tweet_id:731140524304793601
Amazon Web Services,@awscloud,2016-05-10T01:07:56.000Z,True,"New on the AWS #BigData Blog: ""Integrating AWS Lambda with Relational Databases"" http://amzn.to/1UOhLQp",1,56,90,0,['#BigData'],[],[],https://pbs.twimg.com/profile_images/1641476962362302464/K8lb6OtN_normal.jpg,https://twitter.com/awscloud/status/729840361779007490,tweet_id:729840361779007490
PrometheusMonitoring,@PrometheusIO,2016-05-09T13:37:46.000Z,False,Great news:  has voted unanimously to accept Prometheus as a second project after !,1,44,50,0,[],"['@CloudNativeFdn', '@kubernetesio']",[],https://pbs.twimg.com/profile_images/588945677599780865/mrhc1gSh_normal.png,https://twitter.com/PrometheusIO/status/729666672978726912,tweet_id:729666672978726912
Cosmin Ilie,@Cosmin_Ilie,2016-05-09T09:34:37.000Z,False,http://ferd.ca/queues-don-t-fix-overload.html…,0,0,0,0,[],[],[],https://pbs.twimg.com/profile_images/1359580000744321026/QvIXPHFA_normal.jpg,https://twitter.com/Cosmin_Ilie/status/729605482424455168,tweet_id:729605482424455168
Rob Miller,@n0nsequitarian,2016-05-06T17:54:47.000Z,False,Important update for anyone using or interested in Heka: http://is.gd/qbyIts #heka,3,14,12,0,['#heka'],[],[],https://pbs.twimg.com/profile_images/1260777931577552897/gRuF7Ljm_normal.png,https://twitter.com/n0nsequitarian/status/728644193455771649,tweet_id:728644193455771649
Martin Kleppmann,@martinkl,2016-05-03T14:10:04.000Z,False,You can download my ebook “Making Sense of Stream Processing” for free from  until end of this week: http://confluent.io/making-sense-of-stream-processing-ebook?utm_campaign=2016%20Stream%20Processing&utm_medium=Martin%20Kleppmann&utm_source=MSSP%20Book%20Sponsorship%20Landing%20Page…,6,54,84,0,[],['@ConfluentInc'],[],https://pbs.twimg.com/profile_images/1328001242963058689/Ei18OQpr_normal.jpg,https://twitter.com/martinkl/status/727500475759779843,tweet_id:727500475759779843
Steven J. Vaughan-Nichols,@sjvn,2016-05-02T17:22:10.000Z,False,User interfaces:,0,9,5,0,[],[],[],https://pbs.twimg.com/profile_images/1491105813204803588/OwHORMhK_normal.jpg,https://twitter.com/sjvn/status/727186433753141249,tweet_id:727186433753141249
Jan Schaumann (@jschauma@mstdn.social),Jan Schaumann (@jschauma@mstdn.social),2016-04-30T15:27:01.000Z,False, careful vendor assessment is a must; Google’s recently published https://security.googleblog.com/2016/03/scalable-vendor-security-reviews.html… is a good start.,0,5,5,0,[],['@patrickdebois'],[],https://pbs.twimg.com/profile_images/551217713230528512/t4O7Iflt_normal.jpeg,https://twitter.com/jschauma/status/726432676987715584,tweet_id:726432676987715584
brendandburns,@brendandburns,2016-04-26T17:06:56.000Z,False,"shocked, saddened and furious by this:http://businessinsider.com/death-rape-threats-for-docker-engineer-2016-4… I'd like to
 personally apologize on behalf of my gender.",1,15,19,0,[],['@frazelledazzell'],[],https://pbs.twimg.com/profile_images/479471261949509632/YnmlTcNl_normal.jpeg,https://twitter.com/brendandburns/status/725008271203954688,tweet_id:725008271203954688
nixCraft,@nixcraft,2016-04-10T12:55:40.000Z,True,"This is hilarious! Hitler uses Docker https://youtube.com/watch?v=PivpCKEiQOQ… 

via  ht @m1keil  #linux #cloudcomputing #devops #sysadmin",8,176,177,0,"['#linux', '#cloudcomputing', '#devops', '#sysadmin']",['@nukemberg'],[],https://pbs.twimg.com/profile_images/1209802752819261440/jvir-xNm_normal.jpg,https://twitter.com/nixcraft/status/719146833558183936,tweet_id:719146833558183936
Brad Fitzpatrick,@bradfitz,2016-04-09T23:07:35.000Z,False,"Dear internet,
Have I ever shown you my LGTM foot pedal?",19,235,480,0,[],[],[],https://pbs.twimg.com/profile_images/1350628585942388740/5nPKOyDc_normal.jpg,https://twitter.com/bradfitz/status/718938439010295810,tweet_id:718938439010295810
18F,@18F,2016-04-07T13:33:08.000Z,False,"Take our code. Please. Here’s 35 projects you can adapt, fork, reuse, print out and display in your home, etc.",2,120,127,0,[],[],[],https://pbs.twimg.com/profile_images/1400191388390608899/N5FhsDnQ_normal.png,https://twitter.com/18F/status/718069098027028480,tweet_id:718069098027028480
Brendan Gregg,@brendangregg,2016-04-09T00:57:53.000Z,False,Slides for #SREcon16: Performance Checklists for SREs,3,138,204,0,['#SREcon16'],[],[],https://pbs.twimg.com/profile_images/1503350895068999684/Aihfrwxq_normal.jpg,https://twitter.com/brendangregg/status/718603808150986753,tweet_id:718603808150986753
SpaceX,@SpaceX,2016-04-08T20:55:19.000Z,True,The 1st stage of the Falcon 9 just landed on our Of Course I Still Love You droneship. Dragon in good orbit,696,1.3万,2万,0,[],[],[],https://pbs.twimg.com/profile_images/1697749409851985920/HbrI04tM_normal.jpg,https://twitter.com/SpaceX/status/718542763545899008,tweet_id:718542763545899008
Damian Gryski,@dgryski,2016-04-08T13:01:34.000Z,False,BTrDB: Optimizing Storage System Design for Timeseries Processinhttps://usenix.org/system/files/conference/fast16/fast16-papers-andersen.pdf…,1,4,19,0,[],[],[],https://pbs.twimg.com/profile_images/59859794/dmg-simpsons-head_normal.png,https://twitter.com/dgryski/status/718423540660310016,tweet_id:718423540660310016
William Vambenepe,@vambenepe,2016-04-05T19:50:12.000Z,False,"""Hope is not a strategy."" I see that Ben put his favorite quote in the intro he wrote for the new Google SRE book: http://shop.oreilly.com/product/0636920041528.do…",1,9,12,0,[],[],[],https://pbs.twimg.com/profile_images/1254014961/profile4_normal.jpg,https://twitter.com/vambenepe/status/717439213310857216,tweet_id:717439213310857216
Julius Volz,@juliusvolz,2016-04-05T23:42:05.000Z,False,"Nice, the new ""Site Reliability Engineering"" book by Google (http://shop.oreilly.com/product/0636920041528.do…) gives a special shoutout to .",1,10,26,0,[],['@PrometheusIO'],[],https://pbs.twimg.com/profile_images/1491912193511723009/Y4tCq_S8_normal.jpg,https://twitter.com/juliusvolz/status/717497568385695745,tweet_id:717497568385695745
Damian Gryski,@dgryski,2016-04-05T22:28:05.000Z,False,"Nice introduction to Gerrit, the code review system used by the #golang teamhttp://beepsend.com/2016/04/05/abandoning-gitflow-github-favour-gerrit/…",0,5,15,0,['#golang'],[],[],https://pbs.twimg.com/profile_images/59859794/dmg-simpsons-head_normal.png,https://twitter.com/dgryski/status/717478944774160384,tweet_id:717478944774160384
Kubernetes,@kubernetesio,2016-04-04T22:06:11.000Z,True,Bonus post on Kubernetes 1.2 - ConfigMap API - Configuration management with containershttp://blog.kubernetes.io/2016/04/configuration-management-with-containers.html…,0,12,30,0,[],[],[],https://pbs.twimg.com/profile_images/511909265720614913/21_d3cvM_normal.png,https://twitter.com/kubernetesio/status/717111046444429312,tweet_id:717111046444429312
Go OSS,@oss_go,2016-04-05T04:25:30.000Z,False,amazon-ssm-agent - Agent to enable remote management of your Amazon EC2 instance configuration. https://github.com/aws/amazon-ssm-agent…,0,2,4,0,[],[],[],https://pbs.twimg.com/profile_images/456561001882587136/uZN294IY_normal.png,https://twitter.com/oss_go/status/717206504240185344,tweet_id:717206504240185344
Cloudflare,@Cloudflare,2016-04-04T11:51:39.000Z,True,It takes two to ChaCha (Poly),0,22,23,0,[],[],[],https://pbs.twimg.com/profile_images/1600539069217480704/RzK50Sks_normal.jpg,https://twitter.com/Cloudflare/status/716956392880541696,tweet_id:716956392880541696
Kelsey Hightower,@kelseyhightower,2016-04-04T15:48:09.000Z,True,Introducing CFSSL 1.2 from . This is what a modern PKI stack looks like.,0,13,19,0,[],['@CloudFlare'],[],https://pbs.twimg.com/profile_images/1204077305271705606/j5XjhPAt_normal.jpg,https://twitter.com/kelseyhightower/status/717015912222629890,tweet_id:717015912222629890
DEV Community,@ThePracticalDev,2016-04-02T22:23:19.000Z,True,"As a programmer, it can be hard to explain what exactly you did all day.",39,"3,939","4,036",0,[],[],[],https://pbs.twimg.com/profile_images/1694461743865749504/QyaBFrhh_normal.jpg,https://twitter.com/ThePracticalDev/status/716390583217029124,tweet_id:716390583217029124
Brendan Gregg,@brendangregg,2016-04-02T16:40:50.000Z,False,Dynamic tracing tools for Linux: https://iovisor.github.io/bcc/ - the new homepage for bcc/BPF,3,187,298,0,[],[],[],https://pbs.twimg.com/profile_images/1503350895068999684/Aihfrwxq_normal.jpg,https://twitter.com/brendangregg/status/716304394522759168,tweet_id:716304394522759168
David Crawshaw,@davidcrawshaw,2016-03-31T23:36:31.000Z,False,"The best techniques I know for data analysis are not distributed systems, but encoding strategies. Get a TB of RAM and write a program.",0,1,6,0,[],[],[],https://pbs.twimg.com/profile_images/620162501544685568/yc5ug149_normal.jpg,https://twitter.com/davidcrawshaw/status/715684228969721856,tweet_id:715684228969721856
Hacker News Bot,@newsycombinator,2016-03-31T19:01:51.000Z,True,Airbnb open sources Caravel: its data exploration and visualization platform https://github.com/airbnb/caravel,0,67,148,0,[],[],[],https://pbs.twimg.com/profile_images/1534251337122295809/NGX0RlOw_normal.jpg,https://twitter.com/newsycombinator/status/715615105749282816,tweet_id:715615105749282816
Google Cloud Tech,@GoogleCloudTech,2016-03-31T16:15:54.000Z,True,"No downtime, no snapshotting. Scale in one click with online resizing for Persistent Disks. http://goo.gl/eKclFa",1,60,79,0,[],[],[],https://pbs.twimg.com/profile_images/1219725421962571779/_qstUQx__normal.jpg,https://twitter.com/GoogleCloudTech/status/715573343181807616,tweet_id:715573343181807616
Derek Collison,@derekcollison,2016-03-30T21:22:56.000Z,True,Looks impressive..,0,2,7,0,[],[],[],https://pbs.twimg.com/profile_images/1434201832960651272/mcN3foiE_normal.jpg,https://twitter.com/derekcollison/status/715288221710561280,tweet_id:715288221710561280
Rob Reynolds,@ferventcoder,2016-03-30T01:43:20.000Z,False,"Last year when I heard about Microsoft/Docker partnership, I predicted a feature that would set Windows on top. And http://zdnet.com/article/microsoft-and-canonical-partner-to-bring-ubuntu-to-windows-10/…",2,8,6,0,[],[],[],https://pbs.twimg.com/profile_images/1402804917442592772/RYRXU6Ol_normal.jpg,https://twitter.com/ferventcoder/status/714991365810159617,tweet_id:714991365810159617
Kelsey Hightower,@kelseyhightower,2016-03-24T15:09:54.000Z,True,"Nice to see Kubernetes features being adopting in Marathon including pods, network isolation, and volume management. https://mesosphere.com/blog/2016/03/24/series-c-marathon-velocity/…",3,24,37,0,[],[],[],https://pbs.twimg.com/profile_images/1204077305271705606/j5XjhPAt_normal.jpg,https://twitter.com/kelseyhightower/status/713020018447884289,tweet_id:713020018447884289
Holger Müller #FutureofWork #NextGenApps #EntAcc,@holgermu,2016-03-24T17:05:54.000Z,False,. wants to make construction an atomic step in deployment #GCPNEXT,0,7,10,0,['#GCPNEXT'],['@Eric_brewer'],[],https://pbs.twimg.com/profile_images/1099910507660636160/8ycS7XqG_normal.png,https://twitter.com/holgermu/status/713049211617447936,tweet_id:713049211617447936
The Hacker News,@TheHackersNews,2016-03-24T18:37:36.000Z,True,#Alarming — #Microsoft's Artificial Intelligence Tay Became a 'Racist Nazi' within 24 Hours http://thehackernews.com/2016/03/tay-artificial-intelligence.html…,10,173,98,0,"['#Alarming', '#Microsoft']",[],[],https://pbs.twimg.com/profile_images/1597647879811657728/FLgHrLHy_normal.jpg,https://twitter.com/TheHackersNews/status/713072290355916800,tweet_id:713072290355916800
Joe Beda,@jbeda,2016-03-24T20:17:52.000Z,False,"Teleport from  is really cool. SSH system for cluster with 2FA, session sharing and recording. http://gravitational.com/teleport/",0,6,12,0,[],['@gravitationalco'],[],https://pbs.twimg.com/profile_images/1048685822822600705/C683_06Y_normal.jpg,https://twitter.com/jbeda/status/713097523317977088,tweet_id:713097523317977088
Tino Tereshko,@thetinot,2016-03-23T22:04:37.000Z,False,Google BigQuery session at #gcpnext.. Analyzing a petabyte in real time,0,7,3,0,['#gcpnext'],[],[],https://pbs.twimg.com/profile_images/1586114576558718976/Pdb0o522_normal.jpg,https://twitter.com/thetinot/status/712761996970569728,tweet_id:712761996970569728
Nate Aune,@natea,2016-03-23T21:04:48.000Z,False,Netflix is a huge AWS user and speaking at #GCPNEXT2016. Google is investing in Netflix's CD tool Spinnaker.,0,3,5,0,['#GCPNEXT2016'],[],[],https://pbs.twimg.com/profile_images/483729934683496448/khUY6GCU_normal.jpeg,https://twitter.com/natea/status/712746944842457090,tweet_id:712746944842457090
harryhalpin,@harryhalpin,2016-03-21T05:47:19.000Z,False,I have tonight announced I will resign from #w3c if the W3C decides to recommend EME. DRM is not part of the web we want.   ,14,302,315,0,['#w3c'],"['@Joi', '@EFF', '@fsf']",[],https://pbs.twimg.com/profile_images/820673839742980098/rPTCgQAZ_normal.jpg,https://twitter.com/harryhalpin/status/711791278640517120,tweet_id:711791278640517120
Federico Carrone,@federicocarrone,2016-03-18T13:30:27.000Z,False,"An Actor/process in  takes about 256 bytes of memory. Yes, BYTES. 256 BYTES.",2,13,14,0,[],['@ponylang'],[],https://pbs.twimg.com/profile_images/1750518536835837952/q7bC2lWz_normal.jpg,https://twitter.com/federicocarrone/status/710820663058178049,tweet_id:710820663058178049
Kubernetes,@kubernetesio,2016-03-17T21:40:27.000Z,True,"Kubernetes 1.2 is here, both improving scale and simplifying deployments http://blog.kubernetes.io/2016/03/Kubernetes-1.2-even-more-performance-upgrades-plus-easier-application-deployment-and-management-.html…",2,196,156,0,[],[],[],https://pbs.twimg.com/profile_images/511909265720614913/21_d3cvM_normal.png,https://twitter.com/kubernetesio/status/710581587780313089,tweet_id:710581587780313089
brendandburns,@brendandburns,2016-03-17T04:44:20.000Z,False,Get it while it's hot!,4,15,27,0,[],[],[],https://pbs.twimg.com/profile_images/479471261949509632/YnmlTcNl_normal.jpeg,https://twitter.com/brendandburns/status/710325873761607680,tweet_id:710325873761607680
Mitchell Hashimoto,@mitchellh,2016-03-15T21:30:01.000Z,False,“Advanced Testing with Go” https://speakerdeck.com/mitchellh/advanced-testing-with-go… Just uploaded my talk from the meet up here in Berlin.,4,82,149,0,[],[],[],https://pbs.twimg.com/profile_images/1141762999838842880/64_Y4_XB_normal.jpg,https://twitter.com/mitchellh/status/709854189925572609,tweet_id:709854189925572609
Gil Tene,@giltene,2016-03-14T16:25:24.000Z,False,"Looking forward to responsible OpenJDK binary builds from all in the future.
We won’t get there by denying the past.",0,13,9,0,[],[],[],https://pbs.twimg.com/profile_images/1268016455/Gil_Tene-White2_normal.jpg,https://twitter.com/giltene/status/709415141046091776,tweet_id:709415141046091776
Gil Tene,@giltene,2016-03-10T22:08:22.000Z,False,.@timgluz  See my detailed reply in the comments section of the post: http://blog.takipi.com/running-java-on-docker-youre-breaking-the-law/…,0,13,6,0,[],['@ZuluCommunity'],[],https://pbs.twimg.com/profile_images/1268016455/Gil_Tene-White2_normal.jpg,https://twitter.com/giltene/status/708051899224825856,tweet_id:708051899224825856
David Crawshaw,@davidcrawshaw,2016-03-05T00:07:19.000Z,False,"""It's a luxury that here on Earth we have air to cool our electronics.""#SpaceX webcasts are my Super Bowl.",1,2,9,0,['#SpaceX'],[],[],https://pbs.twimg.com/profile_images/620162501544685568/yc5ug149_normal.jpg,https://twitter.com/davidcrawshaw/status/705907506929909760,tweet_id:705907506929909760
Mark M,@geozeal,2016-03-04T05:42:14.000Z,False,  Yes! Fun story about the missing 'e' :)  https://groups.google.com/forum/#!topic/golang-nuts/Mo1B9HxTCo4…,0,1,1,0,[],"['@igungor', '@AmyOh89']",[],https://pbs.twimg.com/profile_images/1403251710/profile_normal.jpg,https://twitter.com/geozeal/status/705629403577888768,tweet_id:705629403577888768
brendandburns,@brendandburns,2016-03-03T17:27:33.000Z,False,Our article on Kubernetes and lessons learned from Borg and Omega is now available on the ACM site:http://queue.acm.org/detail.cfm?id=2898444…,3,63,62,0,[],[],[],https://pbs.twimg.com/profile_images/479471261949509632/YnmlTcNl_normal.jpeg,https://twitter.com/brendandburns/status/705444512676450304,tweet_id:705444512676450304
Cosmin Ilie,@Cosmin_Ilie,2016-02-27T06:50:13.000Z,False,Monitoring at Facebook - http://vldb.org/pvldb/vol8/p1816-teller.pdf…,0,0,0,0,[],[],[],https://pbs.twimg.com/profile_images/1359580000744321026/QvIXPHFA_normal.jpg,https://twitter.com/Cosmin_Ilie/status/703472183717326848,tweet_id:703472183717326848
Jonas Bonér,@jboner,2016-02-25T17:36:19.000Z,False,Great post on Logging vs Instrumentation: http://peter.bourgon.org/blog/2016/02/07/logging-v-instrumentation.html… (thanks ),0,24,31,0,[],['@peterbourgon'],[],https://pbs.twimg.com/profile_images/1636429895956832256/pKB-jooq_normal.jpg,https://twitter.com/jboner/status/702910005373214721,tweet_id:702910005373214721
Lena Hall,@lenadroid,2016-02-22T21:53:23.000Z,False,"Visualization can simplify understanding #Paxos and #Raft, here it is:http://harry.me/blog/2014/12/27/neat-algorithms-paxos/…http://thesecretlivesofdata.com/raft/",3,52,83,0,"['#Paxos', '#Raft']",[],[],https://pbs.twimg.com/profile_images/1581460196576350208/2zIMLoyl_normal.jpg,https://twitter.com/lenadroid/status/701887535438409728,tweet_id:701887535438409728
Tyler Treat,@tyler_treat,2016-02-23T17:36:59.000Z,False,TFW people realize stateless stuff is so much easier to manage.,0,1,1,0,[],[],[],https://pbs.twimg.com/profile_images/1064559405511798786/MECPOXCk_normal.jpg,https://twitter.com/tyler_treat/status/702185396889714688,tweet_id:702185396889714688
Kelsey Hightower,@kelseyhightower,2016-02-23T18:20:48.000Z,True,Improving Kubernetes Scheduler Performance - . This is a must read for the entire Kubernetes community. https://coreos.com/blog/improving-kubernetes-scheduler-performance.html…,3,21,43,0,[],['@coreoslinux'],[],https://pbs.twimg.com/profile_images/1204077305271705606/j5XjhPAt_normal.jpg,https://twitter.com/kelseyhightower/status/702196424742580224,tweet_id:702196424742580224
Russ Cox,@_rsc,2016-02-23T04:11:54.000Z,False,"In case you missed it, the Go 1.6 AMA on Reddit last week was excellent. https://reddit.com/r/golang/comments/46bd5h/ama_we_are_the_go_contributors_ask_us_anything/?limit=500… #golang",0,41,60,0,['#golang'],[],[],https://pbs.twimg.com/profile_images/1137178645880037377/aeaRCnJV_normal.png,https://twitter.com/_rsc/status/701982793132339200,tweet_id:701982793132339200
Dan Kaminsky,@dakami,2016-02-20T03:59:51.000Z,True,"http://dankaminsky.com/skeleton A Skeleton Key of Unknown Strength.  Observations on CVE-2015-7547, the glibc DNS flaw you need to be aware of.",10,280,215,0,[],[],[],https://pbs.twimg.com/profile_images/1781434177/kaminsky2_normal.png,https://twitter.com/dakami/status/700892594490859520,tweet_id:700892594490859520
Simon Eskildsen,@Sirupsen,2016-02-18T23:20:27.000Z,True,I'm excited about the future of Linkerd—an RPC proxy built on top of the very mature Finagle https://blog.buoyant.io/2016/02/18/linkerd-twitter-style-operability-for-microservices/…,0,7,11,0,[],[],[],https://pbs.twimg.com/profile_images/1066398389464555520/zockiRAy_normal.jpg,https://twitter.com/Sirupsen/status/700459896756637701,tweet_id:700459896756637701
CockroachDB,@CockroachDB,2016-02-17T16:30:42.000Z,False,"If cockroachDB is ""open source Spanner,"" why doesn't it use atomic clocks? http://bit.ly/atomic-clocks1",3,33,32,0,[],[],[],https://pbs.twimg.com/profile_images/1450468377693233157/n2oaPkBy_normal.jpg,https://twitter.com/CockroachDB/status/699994391369285632,tweet_id:699994391369285632
Adrian Colyer,@adriancolyer,2016-02-17T16:51:35.000Z,False,"How Pony uses reference capabilities to create a very fast, safe actor language. http://blog.acolyer.org/2016/02/17/deny-capabilities…",1,11,16,0,[],[],[],https://pbs.twimg.com/profile_images/902829228990709760/mWT4DjHt_normal.jpg,https://twitter.com/adriancolyer/status/699999646417035264,tweet_id:699999646417035264
Brendan Gregg,@brendangregg,2016-02-17T22:22:10.000Z,False,ZFS is coming to Ubuntu 16.04! http://blog.dustinkirkland.com/2016/02/zfs-is-fs-for-containers-in-ubuntu-1604.html…,4,81,88,0,[],[],[],https://pbs.twimg.com/profile_images/1503350895068999684/Aihfrwxq_normal.jpg,https://twitter.com/brendangregg/status/700082840512262144,tweet_id:700082840512262144
Damian Gryski,@dgryski,2016-02-17T22:51:14.000Z,False,Got a question for the Go Team?  24-hour AMA on /r/golanghttps://reddit.com/r/golang/comments/46bd5h/ama_we_are_the_go_contributors_ask_us_anything/…#golang,0,6,4,0,['#golang'],[],[],https://pbs.twimg.com/profile_images/59859794/dmg-simpsons-head_normal.png,https://twitter.com/dgryski/status/700090153621155840,tweet_id:700090153621155840
Fermin J. Serna,@fjserna,2016-02-16T14:27:36.000Z,False,Do you run Linux and perform DNS queries? Check this glibc RCE (CVE-2015-7547) https://googleonlinesecurity.blogspot.com/2016/02/cve-2015-7547-glibc-getaddrinfo-stack.html… and PoC,14,388,236,0,[],[],[],https://pbs.twimg.com/profile_images/1126169489890893824/UD9DHQhw_normal.png,https://twitter.com/fjserna/status/699601024651288576,tweet_id:699601024651288576
Binni Shah,@binitamshah,2016-02-15T04:54:40.000Z,True,Padding oracles and the decline of CBC-mode cipher suites : https://blog.cloudflare.com/padding-oracles-and-the-decline-of-cbc-mode-ciphersuites/…,0,8,22,0,[],[],[],https://pbs.twimg.com/profile_images/1398405141405978631/4JhsrzJZ_normal.jpg,https://twitter.com/binitamshah/status/699094451902255104,tweet_id:699094451902255104
Vala Afshar,@ValaAfshar,2016-02-13T18:47:12.000Z,True,"""Every Unix command eventually become an internet service. 

Grep -> Google
rsync -> Dropbox
man -> stack overflow
cron -> ifttt""

— ",5,52,64,0,[],['@cdixon'],[],https://pbs.twimg.com/profile_images/1259558245/vala_300dpi_normal.jpg,https://twitter.com/ValaAfshar/status/698579191009296384,tweet_id:698579191009296384
Tyler Treat,@tyler_treat,2016-02-13T22:26:48.000Z,False,Benchmarking Message Queue Latency - http://bravenewgeek.com/benchmarking-message-queue-latency/…,1,18,26,0,[],[],[],https://pbs.twimg.com/profile_images/1064559405511798786/MECPOXCk_normal.jpg,https://twitter.com/tyler_treat/status/698634454214938624,tweet_id:698634454214938624
Binni Shah,@binitamshah,2016-02-11T13:02:27.000Z,True,"Hopper : Disassemble / decompile 32/64bits Intel Mac, Linux, Windows and iOS executables : http://hopperapp.com",1,91,167,0,[],[],[],https://pbs.twimg.com/profile_images/1398405141405978631/4JhsrzJZ_normal.jpg,https://twitter.com/binitamshah/status/697767654963056643,tweet_id:697767654963056643
Jeff Bezos,@JeffBezos,2016-02-11T18:33:21.000Z,True,"Hope, somewhere in space-time, Einstein is seeing this. http://wapo.st/20OwPlg #LIGO",55,317,657,0,['#LIGO'],[],[],https://pbs.twimg.com/profile_images/1591558315254890500/ETIHb4Nl_normal.jpg,https://twitter.com/JeffBezos/status/697850927701594112,tweet_id:697850927701594112
Stephen Nguyen,@Stephenitis,2016-02-10T23:19:51.000Z,False,.  just announced it at #ContainerSummit ZFS is officially coming to Ubuntu!   ,5,64,42,0,['#ContainerSummit'],"['@dustinkirkland', '@OpenZFS', '@ubuntu', '@Canonical']",[],https://pbs.twimg.com/profile_images/378800000412033104/2a4308efe4a4b7726307eb3a7ea7db81_normal.jpeg,https://twitter.com/Stephenitis/status/697560639657680896,tweet_id:697560639657680896
asolove,@asolove,2016-02-10T20:17:14.000Z,False,"Chaos Monkey People: every week, one randomly-selected person must take the whole week off regardless of their current work. Org must adapt.",44,"2,059","1,615",0,[],[],[],https://pbs.twimg.com/profile_images/1694376953950744576/c_nzb9wZ_normal.jpg,https://twitter.com/asolove/status/697514682022830080,tweet_id:697514682022830080
Tyler Treat,@tyler_treat,2016-02-11T05:41:29.000Z,False,How to build stable systems - https://medium.com/@jlouis666/how-to-build-stable-systems-6fe9dcf32fc4#.ss4lffo2n…,3,6,11,0,[],['https://medium.com/@jlouis666/how-to-build-stable-systems-6fe9dcf32fc4#.ss4lffo2n…'],[],https://pbs.twimg.com/profile_images/1064559405511798786/MECPOXCk_normal.jpg,https://twitter.com/tyler_treat/status/697656682487283714,tweet_id:697656682487283714
Jeremy Eder,@jeremyeder,2016-02-09T20:08:45.000Z,False,LOL https://twitter.com/ixception/status/696346785380491264…,0,2,1,0,[],[],[],https://pbs.twimg.com/profile_images/1115395729718173697/0yUluK45_normal.jpg,https://twitter.com/jeremyeder/status/697150162288836608,tweet_id:697150162288836608
Tyler Treat,@tyler_treat,2016-02-08T18:59:41.000Z,False,How to do distributed locking - http://martin.kleppmann.com/2016/02/08/how-to-do-distributed-locking.html… Great read by ,0,5,1,0,[],['@martinkl'],[],https://pbs.twimg.com/profile_images/1064559405511798786/MECPOXCk_normal.jpg,https://twitter.com/tyler_treat/status/696770394171133953,tweet_id:696770394171133953
Martin Preisler,@MartinPreisler,2016-02-07T12:22:06.000Z,False,Slides from today's  talk I had with  at  are up: https://martin.preisler.me/wp-content/uploads/2016/02/devconf-Security-for-the-Cloud-with-SCAP.pdf…,1,5,3,0,[],"['@OpenSCAP', '@JanLieskovsky', '@devconf_cz']",[],https://pbs.twimg.com/profile_images/1663479833525989377/JeT0w3-N_normal.jpg,https://twitter.com/MartinPreisler/status/696307949787082752,tweet_id:696307949787082752
Ionel Gog,@ICGog,2015-11-20T14:25:11.000Z,False,Join my talk on http://firmament.io at #containersched. Here's a link to the slides:,0,7,12,0,['#containersched'],[],[],https://pbs.twimg.com/profile_images/530715060860379136/t9ShOETn_normal.jpeg,https://twitter.com/ICGog/status/667710284170174464,tweet_id:667710284170174464
ɹǝʞʎds ʍǝɹpuɐ,@aspyker,2016-01-29T16:51:38.000Z,False,Finally was able to talk about Netflix's container story last night http://bit.ly/netflixtitus1 (my last few months of work),6,53,95,0,[],[],[],https://pbs.twimg.com/profile_images/1676187963535785985/FBqMUyr6_normal.jpg,https://twitter.com/aspyker/status/693114290211913728,tweet_id:693114290211913728
Derek Collison,@derekcollison,2016-02-01T16:45:03.000Z,True,Big believer in getting better faster and getting stuff done. Great stuff ! - http://j.mp/stateofgolang,0,6,10,0,[],['@golang'],[],https://pbs.twimg.com/profile_images/1434201832960651272/mcN3foiE_normal.jpg,https://twitter.com/derekcollison/status/694199796668567554,tweet_id:694199796668567554
Tino Tereshko,@thetinot,2016-02-01T16:45:53.000Z,False,SSD  is now up to 3TB. 700k IOPS. 5x the speed of  equivalent at 1/2 the cost. 10x! http://googlecloudplatform.blogspot.com/2016/02/Compute-Engine-now-with-3-TB-of-high-speed-Local-SSD-and-64-TB-of-Persistent-Disk-per-VM.html… #aws #azure,0,13,14,0,"['#aws', '#azure']","['@googlecloud', '@awscloud']",[],https://pbs.twimg.com/profile_images/1586114576558718976/Pdb0o522_normal.jpg,https://twitter.com/thetinot/status/694200004391604224,tweet_id:694200004391604224
Puppet,@puppetize,2016-02-01T17:23:01.000Z,False,Use the Policy Engine module to test systems for security and regulatory configuration policy compliance: https://puppetlabs.com/blog/getting-started-policy-driven-development-and-devsecops?ls=social-media&ccn=security-2016&pub=twitter&cid=701G0000000F68P&utm_medium=social-media&utm_campaign=security-2016&utm_source=twitter&utm_content=blog-post…,1,7,12,0,[],[],[],https://pbs.twimg.com/profile_images/1542875077770973185/P5F8SLB5_normal.jpg,https://twitter.com/puppetize/status/694209350961872896,tweet_id:694209350961872896
Binni Shah,@binitamshah,2016-02-01T01:33:30.000Z,True,Smashing the Stack for Fun & Profit : Revived : https://avicoder.me/2016/02/01/smashsatck-revived/…,0,48,105,0,[],[],[],https://pbs.twimg.com/profile_images/1398405141405978631/4JhsrzJZ_normal.jpg,https://twitter.com/binitamshah/status/693970395095896064,tweet_id:693970395095896064
Arnaud Porterie,@arnaudporterie,2016-01-31T16:12:42.000Z,False,Fascinating story of how Oracle suddenly became a mobile giant through Android http://andreasgal.com/2016/01/05/oracle-sinks-its-claws-into-android/…,0,5,4,0,[],[],[],https://pbs.twimg.com/profile_images/539682022403239936/v0lkwSvo_normal.jpeg,https://twitter.com/arnaudporterie/status/693829267277262848,tweet_id:693829267277262848
Mathew Ingram,@mathewi,2016-01-31T16:58:23.000Z,False,"Imagine being the guy who warned that the space shuttle would explode, and then having to watch it do exactly that:",5,82,71,0,[],[],[],https://pbs.twimg.com/profile_images/956610633369141248/o0_-OLn__normal.jpg,https://twitter.com/mathewi/status/693840764288253952,tweet_id:693840764288253952
Patrick Debois,@patrickdebois,2016-01-30T09:24:47.000Z,True,cwrap - through LD_LIBRARY load it allows you to simulate network circumstances - https://cwrap.org - via https://fosdem.org/2016/schedule/event/testing_complex_software_in_ci/…,0,4,9,0,[],[],[],https://pbs.twimg.com/profile_images/1182062219087011840/lpqD9m_s_normal.jpg,https://twitter.com/patrickdebois/status/693364222172987392,tweet_id:693364222172987392
Robin™,@rvonpost,2016-01-30T11:41:08.000Z,False,"Huge VPN Comparison Chart by ""That One Privacy Guy""https://docs.google.com/spreadsheets/d/1FJTvWT5RHFSYuEoFVpAeQjuQPU4BVzbOigT0xebxTOw/htmlview?usp=sharing&sle=true… (via )",24,669,927,0,[],['@spidler'],[],https://pbs.twimg.com/profile_images/1627101272477253632/2Rhol7L7_normal.jpg,https://twitter.com/rvonpost/status/693398537258795009,tweet_id:693398537258795009
Kelsey Hightower,@kelseyhightower,2016-01-30T06:51:32.000Z,True,Docker moving official images to Alpine Linux? Hope this trend catches on. https://news.ycombinator.com/item?id=11000827…,8,123,119,0,[],[],[],https://pbs.twimg.com/profile_images/1204077305271705606/j5XjhPAt_normal.jpg,https://twitter.com/kelseyhightower/status/693325654389968896,tweet_id:693325654389968896
Kelsey Hightower,@kelseyhightower,2016-01-30T07:19:22.000Z,True,musl helps power Alpine Linux. Free software is not free. I’m a Patron helping fund musl libc development. Join me: https://patreon.com/musl?ty=h,1,10,18,0,[],[],[],https://pbs.twimg.com/profile_images/1204077305271705606/j5XjhPAt_normal.jpg,https://twitter.com/kelseyhightower/status/693332661306195968,tweet_id:693332661306195968
Go OSS,@oss_go,2016-01-30T07:29:56.000Z,False,seesaw - Seesaw v2 is a Linux Virtual Server (LVS) based load balancing platform. https://github.com/google/seesaw,0,3,6,0,[],[],[],https://pbs.twimg.com/profile_images/456561001882587136/uZN294IY_normal.png,https://twitter.com/oss_go/status/693335320243347456,tweet_id:693335320243347456
Azul,@AzulSystems,2016-01-28T16:28:35.000Z,False,Azul’s #Zing now supports an industry-leading 2TB of pauseless heap memory per #Java instance. http://bit.ly/Z128,0,21,27,0,"['#Zing', '#Java']",[],[],https://pbs.twimg.com/profile_images/1531722804495896580/V1H2ngnY_normal.jpg,https://twitter.com/AzulSystems/status/692746098839019520,tweet_id:692746098839019520
Sameer Ajmani,@Sajma,2016-01-28T01:42:47.000Z,False,Beautiful animations of #golang execution: Visualizing Concurrency in Go · divan's blog http://divan.github.io/posts/go_concurrency_visualize/…,0,8,11,0,['#golang'],[],[],https://pbs.twimg.com/profile_images/1441498213400334339/Gou2HzZY_normal.jpg,https://twitter.com/Sajma/status/692523182042013697,tweet_id:692523182042013697
rentzsch,@rentzsch,2016-01-28T03:23:29.000Z,False,"2 years ago: “Smalltalk’s failure proved image files are a bad idea”
Today: copying 800MB tarballs around for deployment via docker",7,239,249,0,[],[],[],https://pbs.twimg.com/profile_images/2738875853/88de620b6730dc51a3c327eb4f30d757_normal.png,https://twitter.com/rentzsch/status/692548521170440192,tweet_id:692548521170440192
Artem Andreenko,@miolini,2016-01-27T02:13:53.000Z,True, we built a distributed private networking. It's working well between #AWS regions and countries.,0,4,21,0,['#AWS'],['@jeffbarr'],[],https://pbs.twimg.com/profile_images/1718813972617744384/5OZuSQsr_normal.jpg,https://twitter.com/miolini/status/692168620034621440,tweet_id:692168620034621440
Ed Maste,@ed_maste,2015-10-16T20:36:14.000Z,False,Amazing #FreeBSD perf work from the #Netflix OCA team - 65Gbps from a single CPU socket,8,169,142,0,"['#FreeBSD', '#Netflix']",[],[],https://pbs.twimg.com/profile_images/1289604491046780930/fesEzAbZ_normal.jpg,https://twitter.com/ed_maste/status/655120086248763396,tweet_id:655120086248763396
High Scalability,@highscalability,2016-01-25T19:03:35.000Z,False,"Design of a Modern Cache: 
This is a guest post by Benjamin Manes, who did engineery things for Google and is ... http://bit.ly/1QwlAaW",0,31,56,0,[],[],[],https://abs.twimg.com/sticky/default_profile_images/default_profile_normal.png,https://twitter.com/highscalability/status/691697941665357824,tweet_id:691697941665357824
majek04,@majek04,2016-01-25T21:29:20.000Z,False," @jgrahamc Enigma says ""available in feb""",0,1,2,0,[],['@RME'],[],https://pbs.twimg.com/profile_images/1129313641134809090/8maWEOTh_normal.png,https://twitter.com/majek04/status/691734620715536384,tweet_id:691734620715536384
Jan Schaumann (@jschauma@mstdn.social),Jan Schaumann (@jschauma@mstdn.social),2016-01-25T22:17:28.000Z,False,"""Extreme System Administration"", from 2001: https://nextgendevops.files.wordpress.com/2015/10/extreme_sys_admin.pdf… Reads like a #DevOps manifest ahead of its time. #SysAdmin",0,2,8,0,"['#DevOps', '#SysAdmin']",[],[],https://pbs.twimg.com/profile_images/551217713230528512/t4O7Iflt_normal.jpeg,https://twitter.com/jschauma/status/691746737791340544,tweet_id:691746737791340544
Jan Schaumann (@jschauma@mstdn.social),Jan Schaumann (@jschauma@mstdn.social),2016-01-25T04:18:53.000Z,False,"Security and Usability do not conflict. If they do, one of them lost focus.",1,2,2,0,[],[],[],https://pbs.twimg.com/profile_images/551217713230528512/t4O7Iflt_normal.jpeg,https://twitter.com/jschauma/status/691475302283939840,tweet_id:691475302283939840
Google Cloud Tech,@GoogleCloudTech,2016-01-20T23:49:00.000Z,True,What’s next for Dataflow? We’re proposing a spot in  Incubator. #Apache http://goo.gl/9PlLut,1,47,38,0,['#Apache'],['@TheASF'],[],https://pbs.twimg.com/profile_images/1219725421962571779/_qstUQx__normal.jpg,https://twitter.com/GoogleCloudTech/status/689957833618644994,tweet_id:689957833618644994
Solomon Hykes,@solomonstre,2016-01-22T16:55:05.000Z,True,Hilarious thread on localizing  commands to French by @ndeloof ,5,106,43,0,[],"['@docker', '@thaJeztah']",[],https://pbs.twimg.com/profile_images/1481072550570381315/hMBPQ9K-_normal.jpg,https://twitter.com/solomonstre/status/690578442320896002,tweet_id:690578442320896002
brendandburns,@brendandburns,2016-01-22T17:49:55.000Z,False,"Quite an interesting article from  worth reading for anyone in the container space, esp given recent newshttps://joyent.com/blog/unikernels-are-unfit-for-production…",1,14,19,0,[],['@bcantrill'],[],https://pbs.twimg.com/profile_images/479471261949509632/YnmlTcNl_normal.jpeg,https://twitter.com/brendandburns/status/690592239886594057,tweet_id:690592239886594057
Jeff Bezos,@JeffBezos,2016-01-23T03:03:17.000Z,True,Can a used rocket fly? Video + a few technical details at http://blueorigin.com/news,144,680,994,0,[],[],[],https://pbs.twimg.com/profile_images/1591558315254890500/ETIHb4Nl_normal.jpg,https://twitter.com/JeffBezos/status/690731500812169217,tweet_id:690731500812169217
Mitchell Hashimoto,@mitchellh,2016-01-21T19:01:17.000Z,False,"The HashiCorp Go plugin system: https://github.com/hashicorp/go-plugin… Extracted from Packer, Terraform, Otto. Soon to be used in Nomad, Vault.",0,43,56,0,[],[],[],https://pbs.twimg.com/profile_images/1141762999838842880/64_Y4_XB_normal.jpg,https://twitter.com/mitchellh/status/690247814991843328,tweet_id:690247814991843328
Anil Madhavapeddy,@avsm,2016-01-21T14:04:57.000Z,False,I'm ridiculously excited to be joining the  family with the rest of Unikernel Systems; http://blog.docker.com/2016/01/unikernel/…,17,62,134,0,[],['@docker'],[],https://pbs.twimg.com/profile_images/690179176351924224/SBRuzEWj_normal.jpg,https://twitter.com/avsm/status/690173237959913476,tweet_id:690173237959913476
Jan Schaumann (@jschauma@mstdn.social),Jan Schaumann (@jschauma@mstdn.social),2016-01-20T19:27:21.000Z,False,Having to maintain backwards compatibility is every engineer's way of paying for the sins of his youth.,1,3,6,0,[],[],[],https://pbs.twimg.com/profile_images/551217713230528512/t4O7Iflt_normal.jpeg,https://twitter.com/jschauma/status/689891985835040775,tweet_id:689891985835040775
Grafana,@grafana,2016-01-19T20:17:02.000Z,True,"Grafana: It's Rocket Science. Thoughts on #opensource, Grafana and  - http://bit.ly/1T20EJv",2,13,14,0,['#opensource'],['@SpaceX'],[],https://pbs.twimg.com/profile_images/1678521927176953856/YIo0FGyy_normal.jpg,https://twitter.com/grafana/status/689542101898375168,tweet_id:689542101898375168
sarahnovotny,@sarahnovotny,2016-01-19T23:44:52.000Z,True,so much more enlightening than classic rock for the ride home —hear John Wilkes talk about borg and  http://se-radio.net/2016/01/se-radio-show-246-john-wilkes-on-borg-and-kubernetes/…,0,1,3,0,[],['@kubernetesio'],[],https://pbs.twimg.com/profile_images/1594738541678198784/VmHEAMQl_normal.jpg,https://twitter.com/sarahnovotny/status/689594402507874306,tweet_id:689594402507874306
francesc,@francesc,2016-01-20T04:12:52.000Z,False,"working on my #fosdem talk checks  for a previous talk discovers  bye, productivity! https://youtube.com/watch?v=LraNu_78sCw…",0,1,11,0,['#fosdem'],"['@YouTube', '@thephysicsgirl']","['\\U0001f913', '\\U0001f60c', '\\U0001f600', '\\U0001f61e']",https://pbs.twimg.com/profile_images/1476592332912930820/i71lCh3w_normal.jpg,https://twitter.com/francesc/status/689661846404468737,tweet_id:689661846404468737
Binni Shah,@binitamshah,2016-01-19T11:30:35.000Z,True,Stale one,0,60,33,0,[],[],[],https://pbs.twimg.com/profile_images/1398405141405978631/4JhsrzJZ_normal.jpg,https://twitter.com/binitamshah/status/689409615637835776,tweet_id:689409615637835776
Binni Shah,@binitamshah,2016-01-19T12:52:41.000Z,True,A curated list of security talks/ Videos : https://github.com/PaulSec/awesome-sec-talks…,0,21,38,0,[],[],[],https://pbs.twimg.com/profile_images/1398405141405978631/4JhsrzJZ_normal.jpg,https://twitter.com/binitamshah/status/689430278209568768,tweet_id:689430278209568768
Pascal Hartig,@passy,2016-01-19T15:53:46.000Z,False,curl maintainer is getting desperate emails from Instagram and Spotify users because his name is on the about page: http://daniel.haxx.se/blog/2016/01/19/subject-urgent-warning/…,4,42,25,0,[],[],[],https://pbs.twimg.com/profile_images/1250350137697660931/rbisQHZL_normal.jpg,https://twitter.com/passy/status/689475847846268928,tweet_id:689475847846268928
Jeff Barr (@ ),(@,2016-01-18T16:54:42.000Z,True,Apex - Serverless Architecture with #AWS Lambda [and #golang] - http://bit.ly/1QiE1Q7,0,21,43,0,"['#AWS', '#golang']",[],[],https://pbs.twimg.com/profile_images/1516500629769768963/oic_gx9H_normal.jpg,https://twitter.com/jeffbarr/status/689128792858595329,tweet_id:689128792858595329
Lori MacVittie | 1 Cor 13:1,@lmacvittie,2016-01-18T17:02:40.000Z,False,"Use Google For Throughput, Amazon And Azure For Low Latency http://highscalability.com/blog/2016/1/18/use-google-for-throughput-amazon-and-azure-for-low-latency.html… << Interesting stats #cloud",0,12,17,0,['#cloud'],[],[],https://pbs.twimg.com/profile_images/1619074272999219201/0Ito-3ZV_normal.jpg,https://twitter.com/lmacvittie/status/689130799627546624,tweet_id:689130799627546624
Elon Musk,@elonmusk,2016-01-18T03:07:21.000Z,True,"Falcon lands on droneship, but the lockout collet doesn't latch on one the four legs, causing it… https://instagram.com/p/BAqirNbwEc0/","1,083","7,007","7,676",0,[],[],[],https://pbs.twimg.com/profile_images/1780044485541699584/p78MCn3B_normal.jpg,https://twitter.com/elonmusk/status/688920586391805952,tweet_id:688920586391805952
Chris Bergin - NSF,@NASASpaceflight,2016-01-17T19:17:11.000Z,True,"SpaceX - blowing up servers of space sites since 2010. We've been hammered. Some other sites are completely down. Interest is good, however!",4,28,74,0,[],[],[],https://pbs.twimg.com/profile_images/1637919260298158080/kRT8BkYf_normal.jpg,https://twitter.com/NASASpaceflight/status/688802264849477632,tweet_id:688802264849477632
Filippo Mariotti,@barambani,2014-11-04T22:04:23.000Z,False,The Tail at #Scale: Achieving Rapid Response Times in Large #Online Services at #Google by Jeff Dean http://youtu.be/C_PxVdQmfpk,0,1,0,0,"['#Scale', '#Online', '#Google']",[],[],https://pbs.twimg.com/profile_images/576874864348262400/HxL-n7io_normal.jpeg,https://twitter.com/barambani/status/529756066243170304,tweet_id:529756066243170304
Dave Farley,@davefarley77,2016-01-15T22:17:51.000Z,False,Read my thoughts on large scale non-volatile RAM http://davefarley.net/?p=254 and 's more detailed analysis http://blog.acolyer.org/2016/01/15/non-volatile-storage/…,0,11,12,0,[],['@adriancolyer'],[],https://pbs.twimg.com/profile_images/1356915590900908032/OF48lMKw_normal.jpg,https://twitter.com/davefarley77/status/688122953213460481,tweet_id:688122953213460481
Tyler Treat,@tyler_treat,2016-01-16T19:52:24.000Z,False,Coroutines and Fibers. Why and When - https://medium.com/@markpapadakis/coroutines-and-fibers-why-and-when-5798f08464fd#.cvcjx0lpn…,1,2,5,0,[],['https://medium.com/@markpapadakis/coroutines-and-fibers-why-and-when-5798f08464fd#.cvcjx0lpn…'],[],https://pbs.twimg.com/profile_images/1064559405511798786/MECPOXCk_normal.jpg,https://twitter.com/tyler_treat/status/688448738960908288,tweet_id:688448738960908288
Jan Schaumann (@jschauma@mstdn.social),Jan Schaumann (@jschauma@mstdn.social),2016-01-16T18:03:13.000Z,False,Slides for my  talk 'Defense at Scale': http://slideshare.net/jschauma/defense-at-scale…,5,26,44,0,[],['@BSidesNYC'],[],https://pbs.twimg.com/profile_images/551217713230528512/t4O7Iflt_normal.jpeg,https://twitter.com/jschauma/status/688421259256971264,tweet_id:688421259256971264
Nicholas Kristof,@NickKristof,2016-01-15T23:37:59.000Z,True,Canada accepted an Afghan refugee girl. It was a good bet: Now she's the country's youngest cabinet minister  http://globalnews.ca/news/2457372/maryam-monsef-reflects-on-childhood-as-afghan-refugee-and-her-rise-to-canadian-minister/…,26,846,877,0,[],[],[],https://pbs.twimg.com/profile_images/1453381583847657473/77brYR0Q_normal.png,https://twitter.com/NickKristof/status/688143119204794368,tweet_id:688143119204794368
francesc,@francesc,2016-01-14T18:47:41.000Z,False,"Did you know #flatbuffers? An incredibly fast serialization mechanism
Thanks  for the #golang port! ",1,10,20,0,"['#flatbuffers', '#golang']",['@robert_winslow'],['\\U0001f44f'],https://pbs.twimg.com/profile_images/1476592332912930820/i71lCh3w_normal.jpg,https://twitter.com/francesc/status/687707676394917888,tweet_id:687707676394917888
Elon Musk,@elonmusk,2016-01-12T18:21:28.000Z,True,Next launch is a  science mission from VAFB California on Sunday.,117,737,"1,834",0,[],['@NASA'],[],https://pbs.twimg.com/profile_images/1780044485541699584/p78MCn3B_normal.jpg,https://twitter.com/elonmusk/status/686976300158853120,tweet_id:686976300158853120
Cosmin Ilie,@Cosmin_Ilie,2016-01-12T06:33:13.000Z,False,http://blog.acolyer.org/2016/01/03/database-techiques-everyone-should-know/…,0,0,0,0,[],[],[],https://pbs.twimg.com/profile_images/1359580000744321026/QvIXPHFA_normal.jpg,https://twitter.com/Cosmin_Ilie/status/686798064124846080,tweet_id:686798064124846080
Tomás Senart,@tsenart,2016-01-10T18:27:27.000Z,True,"I probably tweeted this article before, but I think it's so damn good that I'll do it again: http://benstopford.com/2015/04/28/elements-of-scale-composing-and-scaling-data-platforms/…",0,4,10,0,[],[],[],https://pbs.twimg.com/profile_images/1682126397622435840/-_AA4XZZ_normal.jpg,https://twitter.com/tsenart/status/686253031315378176,tweet_id:686253031315378176
Richard Warburton,@RichardWarburto,2016-01-05T22:30:53.000Z,False,Jepsen: RethinkDB 2.1.5https://aphyr.com/posts/329-jepsen-rethinkdb-2-1-5…,0,8,10,0,[],[],[],https://pbs.twimg.com/profile_images/2906772192/060ca8f02eb694f5ba32098bf1f6c834_normal.png,https://twitter.com/RichardWarburto/status/684502355983732736,tweet_id:684502355983732736
Docker Build Cloud is here!,@Docker,2015-12-30T18:42:48.000Z,True,The open source community is saddened by the loss of Ian Murdock; our hearts go out to his family: http://blog.docker.com/2015/12/ian-murdock/…,26,"1,250",481,0,[],[],[],https://pbs.twimg.com/profile_images/1749553035133566976/hMA0FbDk_normal.jpg,https://twitter.com/Docker/status/682270628385132545,tweet_id:682270628385132545
antirez,@antirez,2016-01-02T15:27:06.000Z,False,Disque 1.0 RC1 is out! Blog post here: http://antirez.com/news/100,5,77,65,0,[],[],[],https://pbs.twimg.com/profile_images/1779914746159882240/v6h2w9g0_normal.jpg,https://twitter.com/antirez/status/683308542254780416,tweet_id:683308542254780416
InfoQ,@InfoQ,2016-01-01T19:05:01.000Z,False,"""You shouldn't think of GC latency as a barrier to using Go because it simply isn't any more"" Rick Hudson",1,19,37,0,[],[],[],https://pbs.twimg.com/profile_images/1514212711797825541/jlGPZt1D_normal.png,https://twitter.com/InfoQ/status/683000995656302593,tweet_id:683000995656302593
Elon Musk,@elonmusk,2016-01-01T00:19:43.000Z,True,"Falcon 9 back in the hangar at Cape Canaveral. No damage found, ready to fire again. https://instagram.com/p/_-d28bQEc9/",485,"4,085","8,968",0,[],[],[],https://pbs.twimg.com/profile_images/1780044485541699584/p78MCn3B_normal.jpg,https://twitter.com/elonmusk/status/682717803166695425,tweet_id:682717803166695425
Amazon Web Services,@awscloud,2015-12-29T22:06:07.000Z,True,Introducing the #AWS Developer Blog for Go - http://oak.ctx.ly/r/458wz,1,46,50,0,['#AWS'],[],[],https://pbs.twimg.com/profile_images/1641476962362302464/K8lb6OtN_normal.jpg,https://twitter.com/awscloud/status/681959407157039105,tweet_id:681959407157039105
Tyler Treat,@tyler_treat,2015-12-29T00:46:15.000Z,False,A Distributed Systems Reading List - https://dancres.github.io/Pages/,1,37,92,0,[],[],[],https://pbs.twimg.com/profile_images/1064559405511798786/MECPOXCk_normal.jpg,https://twitter.com/tyler_treat/status/681637318906650625,tweet_id:681637318906650625
Tyler Treat,@tyler_treat,2015-12-28T18:56:26.000Z,False,Things that I reference almost daily:http://somethingsimilar.com/2013/01/14/notes-on-distributed-systems-for-young-bloods/…http://web.mit.edu/Saltzer/www/publications/endtoend/endtoend.pdf…https://queue.acm.org/detail.cfm?id=2745385…https://queue.acm.org/detail.cfm?id=2655736…,0,9,29,0,[],[],[],https://pbs.twimg.com/profile_images/1064559405511798786/MECPOXCk_normal.jpg,https://twitter.com/tyler_treat/status/681549283544313856,tweet_id:681549283544313856
Tomás Senart,@tsenart,2015-12-24T10:27:11.000Z,True,How To Hire The Best People You've Ever Worked With: http://pmarchive.com/how_to_hire_the_best_people.html…,0,1,2,0,[],[],[],https://pbs.twimg.com/profile_images/1682126397622435840/-_AA4XZZ_normal.jpg,https://twitter.com/tsenart/status/679971575517573120,tweet_id:679971575517573120
Vaibhav Mallya,@mallyvai,2015-12-25T01:47:51.000Z,False,Great read for everyone working in DevOps or infra eng. Also this snippet == <3 http://bravenewgeek.com/everything-you-know-about-latency-is-wrong/…,1,11,16,0,[],[],[],https://pbs.twimg.com/profile_images/1520620771911114753/Z51eUMUp_normal.jpg,https://twitter.com/mallyvai/status/680203267880558592,tweet_id:680203267880558592
Brad Fitzpatrick,@bradfitz,2015-12-25T02:46:37.000Z,False,The #golang code running our 748 Christmas light LED strip: https://gist.github.com/bradfitz/a5d4fabe92a87de8025d…Every glass of wine => new pattern! /cc ,3,13,77,0,['#golang'],['@rakyll'],"['\\U0001f384', '\\U0001f377', '\\U0001f377', '\\U0001f377', '\\U0001f381']",https://pbs.twimg.com/profile_images/1350628585942388740/5nPKOyDc_normal.jpg,https://twitter.com/bradfitz/status/680218058850316293,tweet_id:680218058850316293
jeff bryner,@0x7eff,2015-12-23T23:02:50.000Z,False,https://wiki.apache.org/incubator/MetronProposal… <--openSOC gets forked,0,1,2,0,[],[],[],https://pbs.twimg.com/profile_images/1555366882961633280/Dw6tEf7M_normal.jpg,https://twitter.com/0x7eff/status/679799352009736192,tweet_id:679799352009736192
Elon Musk,@elonmusk,2015-12-22T04:57:19.000Z,True,High res video of landing from the helo,552,"6,170","9,044",0,[],[],[],https://pbs.twimg.com/profile_images/1780044485541699584/p78MCn3B_normal.jpg,https://twitter.com/elonmusk/status/679163784062107649,tweet_id:679163784062107649
Cloudflare,@Cloudflare,2015-12-21T14:32:10.000Z,True,What's inside net/http? Late binding in the Go standard library by ,0,12,18,0,[],['@mattrco'],[],https://pbs.twimg.com/profile_images/1600539069217480704/RzK50Sks_normal.jpg,https://twitter.com/Cloudflare/status/678946064129331201,tweet_id:678946064129331201
Adam Langley,@agl__,2015-12-19T17:56:51.000Z,False,Summarising some of yesterday's Twitter conversations about Juniper: https://imperialviolet.org/2015/12/19/juniper.html…,4,196,119,0,[],[],[],https://pbs.twimg.com/profile_images/1236874155/set_normal.jpeg,https://twitter.com/agl__/status/678272799526420480,tweet_id:678272799526420480
Damian Gryski,@dgryski,2015-12-19T09:43:29.000Z,False,NoDB: Efficient Query Execution on Raw Data Fileshttp://stratos.seas.harvard.edu/publications/nodb-efficient-query-execution-raw-data-files-0…,0,3,6,0,[],[],[],https://pbs.twimg.com/profile_images/59859794/dmg-simpsons-head_normal.png,https://twitter.com/dgryski/status/678148636719583232,tweet_id:678148636719583232
Adrian Cockcroft - now @adrianco@mastodon.social,Adrian Cockcroft - now @adrianco@mastodon.social,2015-12-14T20:52:50.000Z,True,Graph database with time scoped queries - Gaffer looks quite interesting,1,7,9,0,[],[],[],https://pbs.twimg.com/profile_images/1451253100497408000/9aAX3kP3_normal.jpg,https://twitter.com/adrianco/status/676505148709990400,tweet_id:676505148709990400
Hacker News Bot,@newsycombinator,2015-12-11T22:01:50.000Z,True,How Elon Musk and Y Combinator Plan to Stop Computers from Taking Over https://medium.com/backchannel/how-elon-musk-and-y-combinator-plan-to-stop-computers-from-taking-over-17e0e27dd02a…,1,53,43,0,[],[],[],https://pbs.twimg.com/profile_images/1534251337122295809/NGX0RlOw_normal.jpg,https://twitter.com/newsycombinator/status/675435349611585540,tweet_id:675435349611585540
Damian Gryski,@dgryski,2015-12-11T13:04:22.000Z,False,Amazing timings for the new #golang 1.6 gc (vs 1.5) http://s9.postimg.org/3v35bgnlr/go1_6_gc.png…(via http://infoq.com/presentations/go-gc-performance… ),0,23,38,0,['#golang'],[],[],https://pbs.twimg.com/profile_images/59859794/dmg-simpsons-head_normal.png,https://twitter.com/dgryski/status/675300089162805248,tweet_id:675300089162805248
Pachyderm,@pachyderminc,2015-12-09T19:24:07.000Z,False,"InfluxDB (InfluxData) introduced the TICK stack, an end-to-end platform for time series data. https://influxdata.com/blog/influxdb-the-platform-for-time-series-data/…",0,1,1,0,[],[],[],https://pbs.twimg.com/profile_images/1425832767045005314/THd0CN3Q_normal.jpg,https://twitter.com/pachyderminc/status/674670883068182528,tweet_id:674670883068182528
Tyler Treat,@tyler_treat,2015-12-05T20:28:36.000Z,False,"Slides from my  talk ""Probabilistic algorithms for fun and pseudorandom profit"" are available here: http://slideshare.net/TylerTreat/probabilistic-algorithms-for-fun-and-pseudorandom-profit…",1,8,18,0,[],['@iowacodecamp'],[],https://pbs.twimg.com/profile_images/1064559405511798786/MECPOXCk_normal.jpg,https://twitter.com/tyler_treat/status/673237559103774721,tweet_id:673237559103774721
Docker Build Cloud is here!,@Docker,2015-12-03T23:05:43.000Z,True,Kernel Load Balancing for  #Containers Using IPVS by : blog.codeship.com/kernel-load-balancing-for-docker-containers-using-ipvs/… via  blog,1,19,35,0,['#Containers'],"['@Docker', '@ngauthier', '@Codeship']",[],https://pbs.twimg.com/profile_images/1749553035133566976/hMA0FbDk_normal.jpg,https://twitter.com/Docker/status/672552319670710273,tweet_id:672552319670710273
tiffany jernigan @devoxxfr/gr,tiffany jernigan @devoxxfr/gr,2015-12-02T17:13:26.000Z,False,1st open source project! snap: a powerful telemetry framework https://github.com/intelsdi-x/snap  #golang #TectonicSummit,2,51,129,0,"['#golang', '#TectonicSummit']",['@intel'],[],https://pbs.twimg.com/profile_images/1763804911194734592/lC-Zyo2d_normal.jpg,https://twitter.com/tiffanyfayj/status/672101278651035648,tweet_id:672101278651035648
Damian Gryski,@dgryski,2015-12-01T19:01:06.000Z,False,#golang proverbs from @rob_pike https://youtube.com/watch?v=PAAkCSZUG1c…,0,17,49,0,['#golang'],[],[],https://pbs.twimg.com/profile_images/59859794/dmg-simpsons-head_normal.png,https://twitter.com/dgryski/status/671765984169099264,tweet_id:671765984169099264
LinkMachineGo,@LimaMikeGolf,2015-11-27T11:31:23.000Z,False,“It’s Black Fri-“ http://timemachinego.com/linkmachinego/2015/11/27/its-black-fri/…,0,28,13,0,[],[],[],https://pbs.twimg.com/profile_images/1353103641486438400/dS5I5Te3_normal.jpg,https://twitter.com/LimaMikeGolf/status/670203257688428544,tweet_id:670203257688428544
Adam Langley,@agl__,2015-11-24T15:53:49.000Z,False,Reminder: the countermeasures for Lucky13 are horrifying (https://imperialviolet.org/2013/02/04/luckythirteen.html…) and I didn't mess up Go with them. Disable CBC if worried,2,33,37,0,[],[],[],https://pbs.twimg.com/profile_images/1236874155/set_normal.jpeg,https://twitter.com/agl__/status/669182140244824064,tweet_id:669182140244824064
Elon Musk,@elonmusk,2015-11-24T12:24:02.000Z,True,Congrats to Jeff Bezos and the BO team for achieving VTOL on their booster,75,"1,222","2,528",0,[],[],[],https://pbs.twimg.com/profile_images/1780044485541699584/p78MCn3B_normal.jpg,https://twitter.com/elonmusk/status/669129347555430400,tweet_id:669129347555430400
Chris Bergin - NSF,@NASASpaceflight,2015-11-24T11:52:21.000Z,True,"Announced only after they finished editing a fancy video on it, but second flight - and landing - of New Shepard!",1,10,11,0,[],[],[],https://pbs.twimg.com/profile_images/1637919260298158080/kRT8BkYf_normal.jpg,https://twitter.com/NASASpaceflight/status/669121372656951296,tweet_id:669121372656951296
Luke Hoban,@lukehoban,2015-11-18T16:30:21.000Z,False,VS Code support for Go includes integrated debugging built on top of the Delve debugger from . https://github.com/Microsoft/vscode-go…,0,11,11,0,[],['@DerkTheDaring'],[],https://pbs.twimg.com/profile_images/2037250161/me_normal.jpg,https://twitter.com/lukehoban/status/667017004532920320,tweet_id:667017004532920320
Gareth Rushgrove,@garethr,2015-11-17T16:20:31.000Z,False,awesome demo from  and  of #unikernels running under #docker. Imagine... http://unikernel.org/blog/2015/unikernels-meet-docker/…,0,15,12,0,"['#unikernels', '#docker']","['@avsm', '@justincormack']",[],https://pbs.twimg.com/profile_images/901089985104941056/d7SFLTMM_normal.jpg,https://twitter.com/garethr/status/666652145643618304,tweet_id:666652145643618304
brendandburns,@brendandburns,2015-11-11T21:48:19.000Z,False,Kubernetes handling 1 Million requests per second while doing a zero-downtime update of your software:http://blog.kubernetes.io/2015/11/one-million-requests-per-second-dependable-and-dynamic-distributed-systems-at-scale.html…,1,37,49,0,[],[],[],https://pbs.twimg.com/profile_images/479471261949509632/YnmlTcNl_normal.jpeg,https://twitter.com/brendandburns/status/664560310833942530,tweet_id:664560310833942530
Google AI,@GoogleAI,2015-11-09T14:14:02.000Z,True,"Today we’re proud to announce the open source release of TensorFlow, our second-generation machine learning system - http://goo.gl/uX0dV5",16,795,763,0,[],[],[],https://pbs.twimg.com/profile_images/993649592422907904/yD7LkqU2_normal.jpg,https://twitter.com/GoogleAI/status/663721211143127041,tweet_id:663721211143127041
Cosmin Ilie,@Cosmin_Ilie,2015-11-09T10:54:40.000Z,False,Borg Prezentations  by  John Wilkes - http://thedotpost.com/2015/06/john-wilkes-cluster-management-at-google-with-borg#autoplay…,0,0,0,0,[],[],[],https://pbs.twimg.com/profile_images/1359580000744321026/QvIXPHFA_normal.jpg,https://twitter.com/Cosmin_Ilie/status/663671036232261632,tweet_id:663671036232261632
Alex Osterwalder,@AlexOsterwalder,2015-11-04T21:00:22.000Z,True,"“Do not tolerate brilliant jerks. The cost to teamwork is too high.” Reed Hastings, CEO Netflix",20,757,666,0,[],[],[],https://pbs.twimg.com/profile_images/1556560884025147392/lZAyH2LY_normal.jpg,https://twitter.com/AlexOsterwalder/status/662011526023217152,tweet_id:662011526023217152
Brad Fitzpatrick,@bradfitz,2015-11-07T15:56:49.000Z,False,"Please help test new #http2 support coming in #golang 1.6!
Use ListenAndServeTLS? Or the HTTPS client? (e.g. use web APIs)
Build tip & test!",1,55,44,0,"['#http2', '#golang']",[],[],https://pbs.twimg.com/profile_images/1350628585942388740/5nPKOyDc_normal.jpg,https://twitter.com/bradfitz/status/663022299659034628,tweet_id:663022299659034628
Daniel Walsh,@rhatdan,2015-11-06T14:11:17.000Z,False,"Initial version of "" Vs Systemd"" presentation I gave at #systemdconf2015    https://fedorapeople.org/~dwalsh/Presentations/DockerSystemd…",2,7,8,0,['#systemdconf2015'],"['@Docker', '@ProjectAtomic', '@RedHatNews']",[],https://pbs.twimg.com/profile_images/747865895817580544/_9jF9-5X_normal.jpg,https://twitter.com/rhatdan/status/662633352462209024,tweet_id:662633352462209024
Reuben Bond,@reubenbond,2015-11-05T00:20:06.000Z,False,Most JS/Python/Ruby apps...,137,1.2万,1万,0,[],[],[],https://pbs.twimg.com/profile_images/1295042158311829504/RiucKurM_normal.jpg,https://twitter.com/reubenbond/status/662061791497744384,tweet_id:662061791497744384
Jan Schaumann (@jschauma@mstdn.social),Jan Schaumann (@jschauma@mstdn.social),2015-11-07T01:31:41.000Z,False,Phew. Close one. Good thing you're not running WebSphere. Or WebLogic. Or JBoss. Or Jenkins. Or Java. http://foxglovesecurity.com/2015/11/06/what-do-weblogic-websphere-jboss-jenkins-opennms-and-your-application-have-in-common-this-vulnerability/…,0,13,7,0,[],[],[],https://pbs.twimg.com/profile_images/551217713230528512/t4O7Iflt_normal.jpeg,https://twitter.com/jschauma/status/662804581575954432,tweet_id:662804581575954432
Docker Build Cloud is here!,@Docker,2015-11-07T07:31:03.000Z,True,Join @frazelledazzel as she speaks  in Paris on 09-Nov! #dotGo2015 ,1,7,2,0,['#dotGo2015'],"['@dotGoEu', '@Docker']",[],https://pbs.twimg.com/profile_images/1749553035133566976/hMA0FbDk_normal.jpg,https://twitter.com/Docker/status/662895019699867648,tweet_id:662895019699867648
InformIT,@InformIT,2015-11-04T20:31:00.000Z,False,"Look who's # 1 in Amazon's ""Programming Languages"" category! Kudos to Authors Alan Donovan & Brian Kernighan #golang",2,19,23,0,['#golang'],[],[],https://pbs.twimg.com/profile_images/1276588992457109504/WxDfmhnd_normal.png,https://twitter.com/InformIT/status/662004139459780609,tweet_id:662004139459780609
Tim Crawford | #ZendeskRelate #AppianWorld,@tcrawford,2015-11-04T22:52:57.000Z,False,CenturyLink Wants to Sell its Data Centers. #datacenter <Wow! Just wow. http://datacenterknowledge.com/archives/2015/11/04/centurylink-wants-to-sell-its-data-centers/…,4,8,10,0,['#datacenter'],[],[],https://pbs.twimg.com/profile_images/1014669087077642240/EvPpdyLL_normal.jpg,https://twitter.com/tcrawford/status/662039859465355264,tweet_id:662039859465355264
Jonas Bonér,@jboner,2015-11-02T15:43:05.000Z,False,Thanks. Monumental piece of work.,1,1,8,0,[],[],[],https://pbs.twimg.com/profile_images/1636429895956832256/pKB-jooq_normal.jpg,https://twitter.com/jboner/status/661206903356309508,tweet_id:661206903356309508
brendandburns,@brendandburns,2015-11-02T17:53:50.000Z,False, Really excited to welcome Sarah to the #kubernetes team!,2,3,8,0,['#kubernetes'],['@sarahnovotny'],[],https://pbs.twimg.com/profile_images/479471261949509632/YnmlTcNl_normal.jpeg,https://twitter.com/brendandburns/status/661239807985758208,tweet_id:661239807985758208
Cosmin Ilie,@Cosmin_Ilie,2015-11-02T20:34:22.000Z,False,Cool  https://twitter.com/amiron/status/661257549535182848…,0,0,0,0,[],[],[],https://pbs.twimg.com/profile_images/1359580000744321026/QvIXPHFA_normal.jpg,https://twitter.com/Cosmin_Ilie/status/661280208318779392,tweet_id:661280208318779392
Docker Build Cloud is here!,@Docker,2015-10-30T20:48:02.000Z,True,Slides from @ewindisch's #cdaysnyc talk: Patterns for Secure #Containerized Apps http://slides.com/ewindisch/containerdays2015#/… #containers,1,66,92,0,"['#cdaysnyc', '#Containerized', '#containers']",[],[],https://pbs.twimg.com/profile_images/1749553035133566976/hMA0FbDk_normal.jpg,https://twitter.com/Docker/status/660196485498339329,tweet_id:660196485498339329
Bodil Isaksen,@BodilUK,2015-10-31T18:10:04.000Z,False,Classic: CIA advice from 1944 on how to sabotage and slow down an organisation.,138,"2,918","2,676",0,[],[],[],https://pbs.twimg.com/profile_images/955032980191416321/QQjVqhkb_normal.jpg,https://twitter.com/BodilUK/status/660519120954368000,tweet_id:660519120954368000
Ryan Zezeski,@rzezeski,2015-11-01T02:54:27.000Z,False,,0,58,44,0,[],[],[],https://pbs.twimg.com/profile_images/832050006785916928/u0GxIDGm_normal.jpg,https://twitter.com/rzezeski/status/660651085959405568,tweet_id:660651085959405568
obfuscurity@hachyderm.io,obfuscurity@hachyderm.io,2015-11-01T16:12:29.000Z,False,Some of Graphite 0.9.14’s highlights: http://obfuscurity.com/2015/11/Graphite-0.9.14-the-Highlights…,1,26,14,0,[],[],[],https://pbs.twimg.com/profile_images/1321887948187537410/U_hRyiSA_normal.png,https://twitter.com/obfuscurity/status/660851918193864705,tweet_id:660851918193864705
Kelsey Hightower,@kelseyhightower,2015-11-01T16:00:31.000Z,True,"Kubernetes is not a mere ""orchestration system""; it eliminates the need for orchestration. https://github.com/bgrant0607/kubernetes/blob/bugfix1/docs/whatisk8s.md#kubernetes-is-not…",6,38,57,0,[],[],[],https://pbs.twimg.com/profile_images/1204077305271705606/j5XjhPAt_normal.jpg,https://twitter.com/kelseyhightower/status/660848906394177536,tweet_id:660848906394177536
Loris Degioanni,@lorisdegio,2015-11-01T16:32:21.000Z,False,"My open source project of the week: helm, the Kubernetes package manager  https://github.com/deis/helm.",0,1,4,0,[],[],[],https://pbs.twimg.com/profile_images/1091207662442696704/xibOAy_6_normal.jpg,https://twitter.com/lorisdegio/status/660856916361371648,tweet_id:660856916361371648
Ben Kepes,@benkepes,2015-10-31T05:02:04.000Z,False,Synopsis: AWS wins every category. Amazing > Critical Capabilities for Public Cloud Infrastructure as a Service http://gtnr.it/1REl5ZD,4,55,67,0,[],[],[],https://pbs.twimg.com/profile_images/1041623198406651904/cjRRWRwc_normal.jpg,https://twitter.com/benkepes/status/660320811245576192,tweet_id:660320811245576192
chetan conikee,@conikeec,2015-10-31T05:27:28.000Z,True,Facebook's culture of Fail at scale  http://queue.acm.org/detail.cfm?id=2839461… cc ,0,5,14,0,[],['@DigiAmir'],[],https://pbs.twimg.com/profile_images/1593804387549184001/IjeC4XSn_normal.jpg,https://twitter.com/conikeec/status/660327202446114816,tweet_id:660327202446114816
Tino Tereshko,@thetinot,2015-10-29T16:24:43.000Z,False,One of the best Slides I've ever seen on Google BigQuery. Take note of slide 24 especially.  ,0,5,7,0,[],"['@felipehoffa', '@vambenepe']",[],https://pbs.twimg.com/profile_images/1586114576558718976/Pdb0o522_normal.jpg,https://twitter.com/thetinot/status/659767830582194176,tweet_id:659767830582194176
brendandburns,@brendandburns,2015-10-30T00:04:05.000Z,False,"Want to influence the features that go into Kubernetes 1.2?

Here's your chance! Fill out the following stack rank:https://surveymonkey.com/r/75VNJVV",0,27,22,0,[],[],[],https://pbs.twimg.com/profile_images/479471261949509632/YnmlTcNl_normal.jpeg,https://twitter.com/brendandburns/status/659883435666702338,tweet_id:659883435666702338
brendandburns,@brendandburns,2015-10-29T04:48:47.000Z,False,My new blog post on some of the lesser known features in the kubectl CLI has been posted:http://blog.kubernetes.io/2015/10/some-things-you-didnt-know-about-kubectl_28.html…,2,21,23,0,[],[],[],https://pbs.twimg.com/profile_images/479471261949509632/YnmlTcNl_normal.jpeg,https://twitter.com/brendandburns/status/659592692301598720,tweet_id:659592692301598720
vladon,@vladon,2015-10-28T05:59:33.000Z,False,Modern comfortable programming language #java,50,"2,576","1,605",0,['#java'],[],[],https://pbs.twimg.com/profile_images/1606795125048442881/j1ZmtUiQ_normal.jpg,https://twitter.com/vladon/status/659248116768645120,tweet_id:659248116768645120
Gertner,@GertnerInc,2015-10-26T22:35:44.000Z,False,#Oracle customers be all like...#OOW15,2,71,61,0,"['#Oracle', '#OOW15']",[],[],https://pbs.twimg.com/profile_images/625770458302955520/rczOlxqj_normal.png,https://twitter.com/GertnerInc/status/658774038467080192,tweet_id:658774038467080192
Steven J. Vaughan-Nichols,@sjvn,2015-10-23T15:11:46.000Z,False,Microsoft adopts Google's #Go language into #Azure http://zd.net/1GSLYU1   via  & ,0,10,5,0,"['#Go', '#Azure']","['@ZDNet', '@sjvn']",[],https://pbs.twimg.com/profile_images/1491105813204803588/OwHORMhK_normal.jpg,https://twitter.com/sjvn/status/657575147134722048,tweet_id:657575147134722048
Martin Odersky,@odersky,2015-10-23T18:38:27.000Z,False,It's finally hatched! The dotty scala compiler has bootstrapped:http://scala-lang.org/blog/2015/10/23/dotty-compiler-bootstraps.html…Expect great things in the future from it.,4,262,227,0,[],[],[],https://abs.twimg.com/sticky/default_profile_images/default_profile_normal.png,https://twitter.com/odersky/status/657627157380866049,tweet_id:657627157380866049
mike d. kail,@mdkail,2015-10-23T23:12:32.000Z,False,Amazon's Cloud Business Is Worth At Least $70 Billion - ReadWrite http://nzzl.us/2uj1Qbm via  thanks ,1,3,4,0,[],"['@nuzzel', '@jdsboston']",[],https://pbs.twimg.com/profile_images/1601641549757968385/VliEp4v1_normal.jpg,https://twitter.com/mdkail/status/657696135205642241,tweet_id:657696135205642241
Golang Weekly,@golangweekly,2015-10-23T12:36:13.000Z,False,Azure App Service Get Experimental Go Support: https://azure.microsoft.com/en-us/blog/running-go-applications-on-azure-app-service/… (You can now run Go apps on Microsoft's Azure App Service.),0,13,14,0,[],[],[],https://pbs.twimg.com/profile_images/554798224154701824/mWd3laxO_normal.png,https://twitter.com/golangweekly/status/657535999552147457,tweet_id:657535999552147457
Chris Richardson,@crichardson,2015-10-19T16:48:13.000Z,False,New blog post: Service Discovery in a #Microservices Architecture http://bit.ly/1kd9mqH,1,46,66,0,['#Microservices'],[],[],https://pbs.twimg.com/profile_images/1765610482722107392/-huiN2VO_normal.jpg,https://twitter.com/crichardson/status/656149866364710912,tweet_id:656149866364710912
Go,@golang,2015-10-21T00:46:04.000Z,True,"""Running Go Applications on  App Service"" #golang",0,49,61,0,['#golang'],['@Azure'],[],https://pbs.twimg.com/profile_images/1142154201444823041/O6AczwfV_normal.png,https://twitter.com/golang/status/656632509090803712,tweet_id:656632509090803712
Enterprise Technology Leadership Summit,@ITRevSummit,2015-10-19T22:29:34.000Z,True,"A summary of Netflix's ""Freedom & Responsibility"" -  | #DOES15",1,14,13,0,['#DOES15'],['@adrianco'],[],https://pbs.twimg.com/profile_images/1724858639540781056/JrzfmxcR_normal.jpg,https://twitter.com/ITRevSummit/status/656235770781433856,tweet_id:656235770781433856
Sandro Mancuso,@sandromancuso,2015-10-20T00:10:05.000Z,False,"I hate all these bloody Java frameworks. Why devs keep using them? No, you won’t die if you write some code yourself. #accidentalcomplexity",9,47,38,0,['#accidentalcomplexity'],[],[],https://pbs.twimg.com/profile_images/648643976682147840/eopImRB9_normal.jpg,https://twitter.com/sandromancuso/status/656261065425072128,tweet_id:656261065425072128
OpenSCAP Project,@OpenSCAP,2015-10-20T06:59:41.000Z,False,SCAP-Security-Guide 0.1.26 brings in the guidance for PCI-DSS hardening on Red Hat Enterprise Linux 7 https://github.com/OpenSCAP/scap-security-guide/releases/tag/v0.1.26…,0,4,2,0,[],[],[],https://pbs.twimg.com/profile_images/483957945797865472/qf3oFVJ-_normal.png,https://twitter.com/OpenSCAP/status/656364145441382401,tweet_id:656364145441382401
nish,@nishkarr,2015-09-11T06:28:47.000Z,False,Warming up to Go - Jeremy Mikkola's Blog - http://jeremymikkola.com/posts/2015_08_28_warming_up_to_go.html… #golang,0,3,2,0,['#golang'],[],[],https://pbs.twimg.com/profile_images/1656811231661916162/eroYER2k_normal.jpg,https://twitter.com/nishkarr/status/642223241176707072,tweet_id:642223241176707072
Graham Polley,@polleyg,2015-10-16T00:54:34.000Z,False,Boom! #bigquery smashes through 2.06TB in 38 secs to give me the answer I need mid-meeting.  ,0,51,48,0,['#bigquery'],"['@googlecloud', '@googledevs']",[],https://pbs.twimg.com/profile_images/1548555625684156418/lc8MmsnQ_normal.jpg,https://twitter.com/polleyg/status/654822710506188800,tweet_id:654822710506188800
Pierre-Yves Ritschard,@pyr,2015-10-15T15:57:47.000Z,False,"Last, cyanite development now relies on load tests (200k metrics/s, 5s flush, 512m fixed heap). This is the barrier to entry for features.",1,2,2,0,[],[],[],https://pbs.twimg.com/profile_images/1725540774471733248/kbOeCryQ_normal.jpg,https://twitter.com/pyr/status/654687623743586304,tweet_id:654687623743586304
Arnaud Porterie,@arnaudporterie,2015-10-13T02:06:20.000Z,False,"“When asked what we should call a IBM-HP-EMC-Dell-Cisco merger, he suggested we call the company Fucked By The Cloud” http://wired.com/2015/10/meet-walking-dead-hp-cisco-dell-emc-ibm-oracle/…",1,8,5,0,[],[],[],https://pbs.twimg.com/profile_images/539682022403239936/v0lkwSvo_normal.jpeg,https://twitter.com/arnaudporterie/status/653753606923878400,tweet_id:653753606923878400
OpenSCAP Project,@OpenSCAP,2015-10-12T11:35:15.000Z,False,New feature is coming: audit virtual machines without turning them on with oscap-vm http://martin.preisler.me/2015/10/evaluate-virtual-machines-for-scap-compliance/…,0,8,5,0,[],[],[],https://pbs.twimg.com/profile_images/483957945797865472/qf3oFVJ-_normal.png,https://twitter.com/OpenSCAP/status/653534391122182144,tweet_id:653534391122182144
Kirk Borne,@KirkDBorne,2015-10-09T00:23:08.000Z,True,#BigData stack in containers = Containerized Data #Analytics: http://pachyderm.io by @pachydermIO HT ,0,10,6,0,"['#BigData', '#Analytics']",['@kelseyhightower'],[],https://pbs.twimg.com/profile_images/1112733580948635648/s-8d1avb_normal.jpg,https://twitter.com/KirkDBorne/status/652278084603936768,tweet_id:652278084603936768
Scott Windsor,@swindsor,2015-10-08T16:51:45.000Z,False,The Amazon ECS CLI is written in go and Apache licensed. #awsreinventhttps://github.com/aws/amazon-ecs-cli…,0,18,12,0,['#awsreinvent'],[],[],https://pbs.twimg.com/profile_images/1407691480353759234/I9d56rhL_normal.jpg,https://twitter.com/swindsor/status/652164490956423168,tweet_id:652164490956423168
Tim Hopper,@tdhopper,2013-12-12T19:36:32.000Z,False,Data science is the art of getting open source tools you've previously only read about on Twitter to work in your company's pipeline.,6,168,354,0,[],[],[],https://pbs.twimg.com/profile_images/1765022650676490240/irEVUgzy_normal.jpg,https://twitter.com/tdhopper/status/411218027963617280,tweet_id:411218027963617280
Nick Sullivan,@grittygrease,2015-10-05T21:06:02.000Z,True,Here are the slides from my talk at #GothamGo on recent changes in #golang's crypto: http://slideshare.net/NicholasSullivan/whats-new-in-go-crypto-gotham-go…,1,22,25,0,"['#GothamGo', '#golang']",[],[],https://pbs.twimg.com/profile_images/1731684334338215936/RV5McbnS_normal.jpg,https://twitter.com/grittygrease/status/651141317355925504,tweet_id:651141317355925504
Sameer Ajmani,@Sajma,2015-10-05T13:46:08.000Z,False,Here are the slides from my #GothamGo talk on #gRPC for #golang:http://talks.golang.org/2015/gotham-grpc.slide#1…Videos coming soon.,0,11,13,0,"['#GothamGo', '#gRPC', '#golang']",[],[],https://pbs.twimg.com/profile_images/1441498213400334339/Gou2HzZY_normal.jpg,https://twitter.com/Sajma/status/651030614317993985,tweet_id:651030614317993985
Jay Kreps,@jaykreps,2015-10-02T02:50:06.000Z,False,Fantastic set of tips on engineering management http://whilefalse.blogspot.com/2015/10/notes-on-startup-engineering-management.html…,1,29,88,0,[],[],[],https://pbs.twimg.com/profile_images/1123808410510737408/NCWzmizz_normal.png,https://twitter.com/jaykreps/status/649778355730952192,tweet_id:649778355730952192
francesc,@francesc,2015-10-01T21:13:37.000Z,False,"""The evolution of a Software Engineer""#funny but #sadhttps://medium.com/@webseanhickey/the-evolution-of-a-software-engineer-db854689243…",1,38,27,0,"['#funny', '#sad']",['https://medium.com/@webseanhickey/the-evolution-of-a-software-engineer-db854689243…'],[],https://pbs.twimg.com/profile_images/1476592332912930820/i71lCh3w_normal.jpg,https://twitter.com/francesc/status/649693674125684736,tweet_id:649693674125684736
Mitchell Hashimoto,@mitchellh,2015-09-29T17:20:08.000Z,False,"Announcing Otto, the successor to to Vagrant. http://bit.ly/1NZFB7B",4,82,59,0,[],[],[],https://pbs.twimg.com/profile_images/1141762999838842880/64_Y4_XB_normal.jpg,https://twitter.com/mitchellh/status/648910139731394560,tweet_id:648910139731394560
HashiCorp,@HashiCorp,2015-09-28T17:41:49.000Z,True,"Introducing Nomad, a cluster manager and scheduler designed for microservices and batch workloads. https://hashicorp.com/blog/nomad.html",0,151,109,0,[],[],[],https://pbs.twimg.com/profile_images/1675359150367444992/XmwC0Rvb_normal.png,https://twitter.com/HashiCorp/status/648553212270678016,tweet_id:648553212270678016
Kelsey Hightower,@kelseyhightower,2015-09-27T20:14:13.000Z,True,HashiConf will have a live stream for the morning keynotes. https://hashiconf.com/live.html,1,21,21,0,[],[],[],https://pbs.twimg.com/profile_images/1204077305271705606/j5XjhPAt_normal.jpg,https://twitter.com/kelseyhightower/status/648229176265216000,tweet_id:648229176265216000
Damian Gryski,@dgryski,2015-09-26T19:00:00.000Z,False,Yay that the  videos have started to go up: https://youtube.com/playlist?list=PLcGKfGEEONaCIl5eU53uPBnRJ9rbIH32R…,1,2,1,0,[],['@strangeloop_stl'],[],https://pbs.twimg.com/profile_images/59859794/dmg-simpsons-head_normal.png,https://twitter.com/dgryski/status/647848108282519552,tweet_id:647848108282519552
@renice@hachyderm.io,@renice@hachyderm.io,2015-09-24T19:32:17.000Z,False,"It's a little rough, but it's time to ship it: Al's Cassandra 2.1 tuning guide https://tobert.github.io/pages/als-cassandra-21-tuning-guide.html…PRs welcome.",8,71,94,0,[],[],[],https://pbs.twimg.com/profile_images/1577331488642588672/xQ0fnByh_normal.jpg,https://twitter.com/MissAmyTobey/status/647131457568182272,tweet_id:647131457568182272
Ellen Chisa,@ellenchisa,2015-09-23T20:18:28.000Z,False,"I agree with 's research into ""jr engineers"" and think the problem is just as bad (or worse) for ""jr PMs"": http://kartar.net/2015/09/so-what-exactly-is-a-junior-software-engineer/…",1,9,10,0,[],['@kartar'],[],https://pbs.twimg.com/profile_images/1532041510539108355/YLEnvfkp_normal.jpg,https://twitter.com/ellenchisa/status/646780691795935232,tweet_id:646780691795935232
Martin Kleppmann,@martinkl,2014-09-15T13:49:46.000Z,False,I'm writing a book called “Designing Data-Intensive Applications” for O'Reilly!  http://dataintensive.net,23,106,263,0,[],['@intensivedata'],[],https://pbs.twimg.com/profile_images/1328001242963058689/Ei18OQpr_normal.jpg,https://twitter.com/martinkl/status/511512201388384256,tweet_id:511512201388384256
petecheslock@hachyderm.io,petecheslock@hachyderm.io,2015-09-20T14:00:13.000Z,False,Hugops to anyone working at AWS this weekend. When this many services involved you know it's bad.,5,39,27,0,[],[],[],https://pbs.twimg.com/profile_images/1043472566889852928/P14GB_Fb_normal.jpg,https://twitter.com/petecheslock/status/645598338574884864,tweet_id:645598338574884864
Tyler Treat,@tyler_treat,2015-09-19T03:31:29.000Z,False,Breaking Bad at Netflix: Building Failure as a Service - http://infoq.com/presentations/failure-as-a-service-netflix…,0,3,6,0,[],[],[],https://pbs.twimg.com/profile_images/1064559405511798786/MECPOXCk_normal.jpg,https://twitter.com/tyler_treat/status/645077728094392321,tweet_id:645077728094392321
francesc,@francesc,2015-09-15T16:14:21.000Z,False,Rachel Potvin from  explains how to manage 2 billion LoC in a single repo#scalehttps://youtu.be/W71BTkUbdqE,1,71,86,0,['#scale'],['@Google'],[],https://pbs.twimg.com/profile_images/1476592332912930820/i71lCh3w_normal.jpg,https://twitter.com/francesc/status/643820156091633664,tweet_id:643820156091633664
Cosmin Ilie,@Cosmin_Ilie,2015-09-14T08:51:51.000Z,False,Great presentation on innovation cc: ,0,0,0,0,[],['@amiron'],[],https://pbs.twimg.com/profile_images/1359580000744321026/QvIXPHFA_normal.jpg,https://twitter.com/Cosmin_Ilie/status/643346410855878660,tweet_id:643346410855878660
brendandburns,@brendandburns,2015-09-10T16:58:56.000Z,False,Kubernetes performance and the roadmap to 1k nodes the end of the year:http://blog.kubernetes.io/2015/09/kubernetes-performance-measurements-and.html…Awesome post by Wojciech T,0,17,15,0,[],[],[],https://pbs.twimg.com/profile_images/479471261949509632/YnmlTcNl_normal.jpeg,https://twitter.com/brendandburns/status/642019435734245376,tweet_id:642019435734245376
Thierry Carrez @tcarrez@fosstodon.org,Thierry Carrez @tcarrez@fosstodon.org,2015-09-10T11:00:32.000Z,False,"Netflix pays engineers at updated market value, creates virtuous circle to learn about the next big thing ( at )",0,4,2,0,[],"['@adrianco', '@softwarecircus']",[],https://pbs.twimg.com/profile_images/2633469844/e0851cb5a87d6e43762e7328e19f084f_normal.jpeg,https://twitter.com/tcarrez/status/641929243681792000,tweet_id:641929243681792000
Cosmin Ilie,@Cosmin_Ilie,2015-09-05T09:56:04.000Z,False,Political software - https://plus.google.com/u/0/110981030061712822816/posts/KaSKeg4vQtz…,0,0,0,0,[],[],[],https://pbs.twimg.com/profile_images/1359580000744321026/QvIXPHFA_normal.jpg,https://twitter.com/Cosmin_Ilie/status/640101079196266496,tweet_id:640101079196266496
jeff bryner,@0x7eff,2015-09-03T04:13:56.000Z,True,Imagine a world where he never released it. #findstr #allawkAllTheTime,1,1,2,0,"['#findstr', '#allawkAllTheTime']",[],[],https://pbs.twimg.com/profile_images/1555366882961633280/Dw6tEf7M_normal.jpg,https://twitter.com/0x7eff/status/639290202012258305,tweet_id:639290202012258305
Go,@golang,2015-09-01T00:05:43.000Z,True,Go GC: Prioritizing low latency and simplicityhttps://blog.golang.org/go15gc#golang,3,121,108,0,['#golang'],[],[],https://pbs.twimg.com/profile_images/1142154201444823041/O6AczwfV_normal.png,https://twitter.com/golang/status/638502962004799488,tweet_id:638502962004799488
Charles Hough,@charleshough,2015-08-30T13:30:58.000Z,False,How To Build An Effective Culture - http://digitaltonto.com/2015/how-to-build-an-effective-culture/?utm_campaign=shareaholic&utm_medium=twitter&utm_source=socialnetwork… via ,0,1,0,0,[],['@digitaltonto'],[],https://pbs.twimg.com/profile_images/1370441748468613127/JyDbUiDQ_normal.jpg,https://twitter.com/charleshough/status/637980832683192320,tweet_id:637980832683192320
francesc,@francesc,2015-08-30T15:00:27.000Z,False,. talks #golang tooling to make your programs go faster and allocate less (or nothing!)#yapcasiahttp://buff.ly/1IvfTkz,0,15,19,0,"['#golang', '#yapcasia']",['@bradfitz'],[],https://pbs.twimg.com/profile_images/1476592332912930820/i71lCh3w_normal.jpg,https://twitter.com/francesc/status/638003354535350272,tweet_id:638003354535350272
Loris Degioanni,@lorisdegio,2015-08-28T05:11:15.000Z,False,What even is a kubelet? http://kamalmarhubi.com/blog/2015/08/27/what-even-is-a-kubelet/…,0,2,2,0,[],[],[],https://pbs.twimg.com/profile_images/1091207662442696704/xibOAy_6_normal.jpg,https://twitter.com/lorisdegio/status/637130300913418240,tweet_id:637130300913418240
Agis Anastasopoulos,@agisanast,2015-03-25T23:11:04.000Z,False,Announcing go-lua — http://shopify.com/technology/17605604-announcing-go-lua… #golang,1,14,20,0,['#golang'],[],[],https://pbs.twimg.com/profile_images/378800000651672768/dde6bf8b27a4a79839927db85afd9316_normal.jpeg,https://twitter.com/agisanast/status/580869539610681344,tweet_id:580869539610681344
Grumble Bundle,@monkchips,2015-08-27T13:26:31.000Z,False,“i18n4go is general-purpose internationalization (i18n) tooling for Go language program” http://ibm.co/1K8mt7Q because IBM,1,2,1,0,[],[],[],https://pbs.twimg.com/profile_images/1602671539362619392/6iG-95J8_normal.jpg,https://twitter.com/monkchips/status/636892551006547968,tweet_id:636892551006547968
Brad Fitzpatrick,@bradfitz,2015-08-27T13:48:39.000Z,False,Google released a paper about its custom Clos network: http://conferences.sigcomm.org/sigcomm/2015/pdf/papers/p183.pdf…,2,20,32,0,[],[],[],https://pbs.twimg.com/profile_images/1350628585942388740/5nPKOyDc_normal.jpg,https://twitter.com/bradfitz/status/636898121545441284,tweet_id:636898121545441284
Sameer Ajmani,@Sajma,2015-08-22T19:06:39.000Z,False,Great talk on optimizing a Go HTTP server.  The bulk of the talk is here: https://github.com/bradfitz/talk-yapc-asia-2015/blob/master/talk.md…,0,7,27,0,[],[],[],https://pbs.twimg.com/profile_images/1441498213400334339/Gou2HzZY_normal.jpg,https://twitter.com/Sajma/status/635166206891270144,tweet_id:635166206891270144
CockroachDB,@CockroachDB,2015-06-11T20:12:30.000Z,False,Learn how we scale raft to thousands of consensus groups: http://cockroachlabs.com/blog/scaling-raft/…,1,15,16,0,[],[],[],https://pbs.twimg.com/profile_images/1450468377693233157/n2oaPkBy_normal.jpg,https://twitter.com/CockroachDB/status/609090851445157888,tweet_id:609090851445157888
Loris Degioanni,@lorisdegio,2015-08-19T17:08:33.000Z,False,Microsoft looking into buying mesosphere for $1B http://businessinsider.com/report-microsoft-wants-to-buy-mesosphere-2015-8…,0,4,1,0,[],[],[],https://pbs.twimg.com/profile_images/1091207662442696704/xibOAy_6_normal.jpg,https://twitter.com/lorisdegio/status/634049322556874752,tweet_id:634049322556874752
Alan Shreve,@inconshreveable,2015-08-17T20:52:35.000Z,False,Build self-updating Go programs! Just redesigned go-update's API to be more idiomatic: https://godoc.org/github.com/inconshreveable/go-update… (it powers ngrok updates),0,2,9,0,[],[],[],https://pbs.twimg.com/profile_images/839332565559332865/nnp6fs09_normal.jpg,https://twitter.com/inconshreveable/status/633380928073560064,tweet_id:633380928073560064
Laura J. Watkins,@pinkyswearing,2015-08-16T02:01:10.000Z,False,"r/programming discusses how the bloated Facebook iOS app has over 18,000 classes; this comment wins the whole thread",38,"2,450","1,975",0,[],[],[],https://pbs.twimg.com/profile_images/1091140540689776640/iiOvgmFx_normal.jpg,https://twitter.com/pinkyswearing/status/632733807762898944,tweet_id:632733807762898944
mike d. kail,@mdkail,2015-08-16T15:01:55.000Z,False,How Google Invented An Amazing Datacenter Network Only They Could Create http://highscalability.com/blog/2015/8/10/how-google-invented-an-amazing-datacenter-network-only-they.html…,0,5,6,0,[],[],[],https://pbs.twimg.com/profile_images/1601641549757968385/VliEp4v1_normal.jpg,https://twitter.com/mdkail/status/632930292706086913,tweet_id:632930292706086913
Jeff Hodges,@jmhodges,2015-08-14T20:04:29.000Z,False,"Oh, docs on the pointer and type analysis in godoc. https://golang.org/lib/godoc/analysis/help.html…",2,4,8,0,[],[],[],https://pbs.twimg.com/profile_images/1175462517155323904/kZk7MN8D_normal.jpg,https://twitter.com/jmhodges/status/632281659023319040,tweet_id:632281659023319040
Golang Weekly,@golangweekly,2015-08-13T23:17:39.000Z,False,"Go 1.6 GC Improvements: https://docs.google.com/document/d/1kBx98ulj5V5M9Zdeamy7v6ofZXX3yPziAf0V27A64Mo/edit… (""For 1.6, our primary goal with the garbage collector is polish"")",2,22,18,0,[],[],[],https://pbs.twimg.com/profile_images/554798224154701824/mWd3laxO_normal.png,https://twitter.com/golangweekly/status/631967881887154177,tweet_id:631967881887154177
Martin Thompson,@mjpt777,2015-08-12T12:19:31.000Z,False,Interesting counter to the Oracle security blog post which got pulled. http://veracode.co.uk/blog/2011/08/musings-on-custers-last-stand…,0,10,8,0,[],[],[],https://pbs.twimg.com/profile_images/1467106821/Ren_normal.jpg,https://twitter.com/mjpt777/status/631439870599282692,tweet_id:631439870599282692
Josh Corman ♘,@joshcorman,2015-08-11T20:28:34.000Z,False,Piece on  CSO rant by   http://arstechnica.com/information-technology/2015/08/oracle-security-chief-to-customers-stop-checking-our-code-for-vulnerabilities/…,4,11,6,0,[],"['@Oracle', '@arstechnica', '@thepacketrat']",[],https://pbs.twimg.com/profile_images/1562098120921595905/F0E3chEI_normal.jpg,https://twitter.com/joshcorman/status/631200556493635584,tweet_id:631200556493635584
Mitchell Hashimoto,@mitchellh,2015-08-06T17:53:08.000Z,False,"Also, Tesla just this week hired Chris Evans (head of Google’s Project Zero) to lead security. That’s about as good as it gets. I trust.",0,7,9,0,[],[],[],https://pbs.twimg.com/profile_images/1141762999838842880/64_Y4_XB_normal.jpg,https://twitter.com/mitchellh/status/629349500419743744,tweet_id:629349500419743744
Joemamma Sebastian Bachcherry,@CodyDevvald,2015-07-27T20:27:42.000Z,False,Can't stop laughing.,98,"9,691","8,146",0,[],[],[],https://pbs.twimg.com/profile_images/1776491899811241984/YwkwQFwO_normal.jpg,https://twitter.com/CodyDevvald/status/625764519080386560,tweet_id:625764519080386560
0xAX,@0xAX,2015-07-31T08:34:55.000Z,False,Architecting Containers Part 1: Why Understanding User Space vs. Kernel Space Matters - http://rhelblog.redhat.com/2015/07/29/architecting-containers-part-1-user-space-vs-kernel-space/…,0,26,54,0,[],[],[],https://pbs.twimg.com/profile_images/520575152732393473/8H2OpyMZ_normal.png,https://twitter.com/0xAX/status/627034695830650880,tweet_id:627034695830650880
Kelsey Hightower,@kelseyhightower,2015-07-28T15:51:34.000Z,True,"Well written piece by  ""Why Docker is Not Yet Succeeding Widely in Production"" http://sirupsen.com/production-docker…",5,50,50,0,[],['@Sirupsen'],[],https://pbs.twimg.com/profile_images/1204077305271705606/j5XjhPAt_normal.jpg,https://twitter.com/kelseyhightower/status/626057416463912960,tweet_id:626057416463912960
Project Atomic,@projectatomic,2015-07-27T16:53:12.000Z,False,Introducing Flamingo: A Lightweight Cloud Instance Contextualization Tool for CentOS Atomic Host http://seven.centos.org/2015/07/introducing-flamingo-a-lightweight-cloud-instance-contextualization-tool-for-centos-atomic-host/…,0,3,2,0,[],[],[],https://pbs.twimg.com/profile_images/968482265935294464/Y8mXNscm_normal.jpg,https://twitter.com/projectatomic/status/625710538606145536,tweet_id:625710538606145536
Binni Shah,@binitamshah,2015-07-27T05:37:08.000Z,True,Rwasa – A high-performance web server in x86_64 assembly : https://goo.gl/K41bh3,1,47,58,0,[],[],[],https://pbs.twimg.com/profile_images/1398405141405978631/4JhsrzJZ_normal.jpg,https://twitter.com/binitamshah/status/625540401613529090,tweet_id:625540401613529090
Daniel Walsh,@rhatdan,2015-07-27T14:37:50.000Z,False,Great blog on OpenShift V3.    http://blog.octo.com/en/openshift-3-private-paas-with-docker/…,0,9,7,0,[],"['@ProjectAtomic', '@RedHatNews']",[],https://pbs.twimg.com/profile_images/747865895817580544/_9jF9-5X_normal.jpg,https://twitter.com/rhatdan/status/625676475417690112,tweet_id:625676475417690112
Derek Collison,@derekcollison,2015-07-08T17:51:02.000Z,True,It really does seem that the projects with the most momentum use Go! #golang #Docker #CoreOS #Kubernetes #etcd #consul #natsio,1,11,9,0,"['#golang', '#Docker', '#CoreOS', '#Kubernetes', '#etcd', '#consul', '#natsio']",[],[],https://pbs.twimg.com/profile_images/1434201832960651272/mcN3foiE_normal.jpg,https://twitter.com/derekcollison/status/618839724967464964,tweet_id:618839724967464964
Project Atomic,@projectatomic,2015-07-27T15:50:42.000Z,False,The Implications of Cloud Native http://ow.ly/Q89yi,0,1,2,0,[],[],[],https://pbs.twimg.com/profile_images/968482265935294464/Y8mXNscm_normal.jpg,https://twitter.com/projectatomic/status/625694812461768705,tweet_id:625694812461768705
Cosmin Ilie,@Cosmin_Ilie,2015-07-27T16:44:00.000Z,False,Funny :) Just add a http bridge over jmx and that should do the trick.  https://twitter.com/amiron/status/625564832121667584…,0,0,0,0,[],[],[],https://pbs.twimg.com/profile_images/1359580000744321026/QvIXPHFA_normal.jpg,https://twitter.com/Cosmin_Ilie/status/625708225883672576,tweet_id:625708225883672576
Damian Gryski,@dgryski,2015-07-27T14:00:18.000Z,False,#golang fuzz-a-thon: https://groups.google.com/forum/#!topic/golang-nuts/4PmyYvcnpIs… #golangfuzz,1,7,9,0,"['#golang', '#golangfuzz']",[],[],https://pbs.twimg.com/profile_images/59859794/dmg-simpsons-head_normal.png,https://twitter.com/dgryski/status/625667027320053760,tweet_id:625667027320053760
Damon Edwards,@damonedwards,2015-07-26T05:10:05.000Z,True,"Hugely underestimated challenge: getting enterprises to see that their idea of ""small-batch iterative"" is actually ""big-batch incremental""",0,11,8,0,[],[],[],https://pbs.twimg.com/profile_images/866853043245129728/aHb8QKEO_normal.jpg,https://twitter.com/damonedwards/status/625171205268439040,tweet_id:625171205268439040
ACM Queue,@ACMQueue,2015-07-25T15:25:39.000Z,False,Comments are more Important than Code http://ow.ly/Ov8uh,1,7,5,0,[],[],[],https://pbs.twimg.com/profile_images/661976564960219136/GvWvtLuK_normal.png,https://twitter.com/ACMQueue/status/624963729491382272,tweet_id:624963729491382272
Patrick McFadin,@PatrickMcFadin,2015-07-24T18:24:20.000Z,False,My slides from my #oscon talk “Help! I want to contribute to an Open Source project but my boss says no.” http://slideshare.net/patrickmcfadin/help-i-want-to-contribute-to-open-source-but-my-boss-says-no…,2,20,30,0,['#oscon'],[],[],https://pbs.twimg.com/profile_images/1604883629133377536/FcIceOKU_normal.jpg,https://twitter.com/PatrickMcFadin/status/624646312579870720,tweet_id:624646312579870720
Adrian Cockcroft - now @adrianco@mastodon.social,Adrian Cockcroft - now @adrianco@mastodon.social,2015-07-24T17:33:53.000Z,False,Great talk on getting more companies to agree to OSS by  #OSCON,1,35,17,0,['#OSCON'],['@PatrickMcFadin'],[],https://pbs.twimg.com/profile_images/1451253100497408000/9aAX3kP3_normal.jpg,https://twitter.com/adrianco/status/624633614077046784,tweet_id:624633614077046784
Brendan Gregg,@brendangregg,2015-07-24T17:31:45.000Z,False,new Netflix Tech Blog post: Java in Flames http://techblog.netflix.com/2015/07/java-in-flames.html…,2,104,126,0,[],[],[],https://pbs.twimg.com/profile_images/1503350895068999684/Aihfrwxq_normal.jpg,https://twitter.com/brendangregg/status/624633075662630912,tweet_id:624633075662630912
The New Stack,@thenewstack,2015-07-23T10:00:18.000Z,True,Securing Go web applicationshttp://buff.ly/1f6TyD1,0,5,8,0,[],[],[],https://pbs.twimg.com/profile_images/650494844536647680/kxpz8kAv_normal.png,https://twitter.com/thenewstack/status/624157078035279872,tweet_id:624157078035279872
Go News,@golang_news,2015-07-23T05:58:03.000Z,False,uber/go-torch - flame graph profiler for Go https://github.com/uber/go-torch #reddit,0,15,23,0,['#reddit'],[],[],https://pbs.twimg.com/profile_images/3225285345/e70c76a91164dd70906dfac92fedd339_normal.jpeg,https://twitter.com/golang_news/status/624096116288659456,tweet_id:624096116288659456
Kubernetes,@kubernetesio,2015-07-23T17:38:43.000Z,True,Missed the #kubercon? Need something to bingewatch? Watch ALL the presentations! https://youtube.com/playlist?list=PL69nYSiGNLP0Ljwa9J98xUd6UlM604Y-l… cc  #containers #cloudnative,0,26,31,0,"['#kubercon', '#containers', '#cloudnative']",['@oscon'],[],https://pbs.twimg.com/profile_images/511909265720614913/21_d3cvM_normal.png,https://twitter.com/kubernetesio/status/624272442010243072,tweet_id:624272442010243072
Kelsey Hightower,@kelseyhightower,2015-07-23T23:26:12.000Z,True,I'm writing a #kubernetes book; documenting the details of the open source project and getting people up and running,11,94,165,0,['#kubernetes'],[],[],https://pbs.twimg.com/profile_images/1204077305271705606/j5XjhPAt_normal.jpg,https://twitter.com/kelseyhightower/status/624359889133944832,tweet_id:624359889133944832
Weld Pond | Chris Wysopal,@WeldPond,2015-07-22T19:24:47.000Z,True,Universal asks Google to take down 127.0.0.1 for piracy. See claim #2 https://chillingeffects.org/notices/10969223#…,77,"1,715",907,0,[],[],[],https://pbs.twimg.com/profile_images/1732479699748519937/5NQhmNOG_normal.jpg,https://twitter.com/WeldPond/status/623936746422726656,tweet_id:623936746422726656
mike d. kail,@mdkail,2015-07-21T23:06:41.000Z,False,"In big move, Accenture will get rid of annual performance reviews and rankings http://wpo.st/hgaR0",0,8,4,0,[],[],[],https://pbs.twimg.com/profile_images/1601641549757968385/VliEp4v1_normal.jpg,https://twitter.com/mdkail/status/623630204590624768,tweet_id:623630204590624768
Joe Fernandes,@joefern1,2015-07-21T16:05:18.000Z,False,#Kubernetes Hits 1.0 http://on.tcrn.ch/l/865U  “I predict this technology will be too good to resist” >>That's what we thought too ,0,9,10,0,['#Kubernetes'],['@openshift'],[],https://pbs.twimg.com/profile_images/1833814198/jf_photo_normal.jpg,https://twitter.com/joefern1/status/623524159184850944,tweet_id:623524159184850944
Daniel Walsh,@rhatdan,2015-07-21T16:06:22.000Z,False,Cloud Native Computing Foundation - specification for building cloud native apps.   http://redhat.com/en/about/blog/going-cloud-native-why-red-hat-backing-cloud-native-computing-foundation…,0,3,1,0,[],"['@RedHatNews', '@google', '@kubernetesio']",[],https://pbs.twimg.com/profile_images/747865895817580544/_9jF9-5X_normal.jpg,https://twitter.com/rhatdan/status/623524428681351168,tweet_id:623524428681351168
francesc,@francesc,2015-07-21T18:42:59.000Z,False,ICYMI  1.0 Keynote Announcements at You can watch from the beginning ~16mhttp://oscon.com/open-source-2015/public/content/video…,0,3,6,0,[],"['@kubernetesio', '@oscon']",[],https://pbs.twimg.com/profile_images/1476592332912930820/i71lCh3w_normal.jpg,https://twitter.com/francesc/status/623563841889136640,tweet_id:623563841889136640
Micheal Benedict,@micheal,2015-07-21T18:37:15.000Z,False,Kubernetes seems to be opinionated on how to build services going forward #kubercon,0,7,5,0,['#kubercon'],[],[],https://pbs.twimg.com/profile_images/1159202559623434246/f4R_UabD_normal.jpg,https://twitter.com/micheal/status/623562396867563520,tweet_id:623562396867563520
The New Stack,@thenewstack,2015-07-21T11:04:03.000Z,True,MariaDB's Latest Release Illustrates the New Demand to Run Databases in Containers http://buff.ly/1J9Igds,0,13,10,0,[],[],[],https://pbs.twimg.com/profile_images/650494844536647680/kxpz8kAv_normal.png,https://twitter.com/thenewstack/status/623448346049560577,tweet_id:623448346049560577
cdixon.eth,@cdixon,2015-06-04T04:36:33.000Z,True,The Google Stack [pdf] http://malteschwarzkopf.de/research/assets/google-stack.pdf…,10,289,445,0,[],[],[],https://pbs.twimg.com/profile_images/1433529810681155587/ACs86CsF_normal.png,https://twitter.com/cdixon/status/606318600056643584,tweet_id:606318600056643584
Brad Fitzpatrick,@bradfitz,2015-07-18T20:10:33.000Z,False,1988? I still get this shit today. I think I got one yesterday of this form.,2,7,8,0,[],[],[],https://pbs.twimg.com/profile_images/1350628585942388740/5nPKOyDc_normal.jpg,https://twitter.com/bradfitz/status/622498713252970496,tweet_id:622498713252970496
David Ulevitch,@davidu,2015-07-15T21:43:56.000Z,True,"""Crypto for everyone"" has been on my 'should exist' list. Happy to see $10.8m for  to try / make it real: https://keybase.io/blog/2015-07-15/keybase-raises-series-a…",2,46,68,0,[],['@keybaseio'],[],https://pbs.twimg.com/profile_images/1530185281843904512/e6JH2UUx_normal.jpg,https://twitter.com/davidu/status/621435049158774784,tweet_id:621435049158774784
John Davis Bennett,@yo_bennett,2015-07-18T18:23:35.000Z,False," Yes, that's what it seems like according to  at https://martin.kleppmann.com/2015/05/11/please-stop-calling-databases-cp-or-ap.html….",1,1,1,0,[],"['@tyler_treat', '@martinkl']",[],https://pbs.twimg.com/profile_images/531824908951502848/H9N4tcL2_normal.jpeg,https://twitter.com/yo_bennett/status/622471794717429760,tweet_id:622471794717429760
Dion Almaer,@dalmaer,2015-07-18T16:10:53.000Z,False,NASA's ten coding commandments. https://jaxenter.com/power-ten-nasas-coding-commandments-114124.html…,3,152,125,0,[],[],[],https://pbs.twimg.com/profile_images/3380865881/f73b3687ff39b795db05fcaf35972270_normal.jpeg,https://twitter.com/dalmaer/status/622438401413771264,tweet_id:622438401413771264
sarahnovotny,@sarahnovotny,2015-07-17T15:14:20.000Z,True,http://sarah.is/R3ad1ng: Want a Better Pitch? Watch This. — Firm Narrative — Medium http://ift.tt/1fDJWAt,0,1,0,0,[],[],[],https://pbs.twimg.com/profile_images/1594738541678198784/VmHEAMQl_normal.jpg,https://twitter.com/sarahnovotny/status/622061779561095168,tweet_id:622061779561095168
Craig McLuckie,@cmcluck,2015-07-16T15:18:14.000Z,False,Just announced Google's support of OpenStack;  pleased to take  on-prem w/ deep OpenStack support http://goo.gl/3gp2Ov.,1,70,47,0,[],['@kubernetesio'],[],https://pbs.twimg.com/profile_images/1658849950250172422/DeA48PXY_normal.jpg,https://twitter.com/cmcluck/status/621700375477751808,tweet_id:621700375477751808
petecheslock@hachyderm.io,petecheslock@hachyderm.io,2015-07-15T00:44:39.000Z,False,Oh hot damn Vault 0.2 out with Cassandra Secret backend??? Yes Please.  https://hashicorp.com/blog/vault-0-2.html…,0,13,11,0,[],[],[],https://pbs.twimg.com/profile_images/1043472566889852928/P14GB_Fb_normal.jpg,https://twitter.com/petecheslock/status/621118142081802241,tweet_id:621118142081802241
Battery Ventures,@BatteryVentures,2015-07-14T17:53:30.000Z,True,"The State of the Cloud 2015: ,  reviews 2014 industry milestones & shares future predictions http://bit.ly/1HrYael",0,16,12,0,[],"['@adrianco', '@batteryventures']",[],https://pbs.twimg.com/profile_images/1763311428482863104/tMmJiNZ6_normal.png,https://twitter.com/BatteryVentures/status/621014672297230336,tweet_id:621014672297230336
David J. Bland,@davidjbland,2014-11-03T19:32:03.000Z,False,"Next time someone says ""Data Driven"" you will be unable to think of anything but this...",31,"2,101","1,721",0,[],[],[],https://pbs.twimg.com/profile_images/1607480308504604672/UwJBUKhs_normal.jpg,https://twitter.com/davidjbland/status/529355342820286464,tweet_id:529355342820286464
Richard Warburton,@RichardWarburto,2015-07-13T20:59:02.000Z,False,"""Removal of sun.misc.Unsafe in Java 9 - A disaster in the making""http://blog.dripstat.com/removal-of-sun-misc-unsafe-a-disaster-in-the-making/…",7,48,27,0,[],[],[],https://pbs.twimg.com/profile_images/2906772192/060ca8f02eb694f5ba32098bf1f6c834_normal.png,https://twitter.com/RichardWarburto/status/620698976883376128,tweet_id:620698976883376128
David Crawshaw,@davidcrawshaw,2015-07-10T19:29:57.000Z,False,"Meet Ivy, a bignum calculator written in Go, now on the app store. @rob_pike   https://appsto.re/us/-V6u8.i",3,27,39,0,[],['@belbaoverhill'],[],https://pbs.twimg.com/profile_images/620162501544685568/yc5ug149_normal.jpg,https://twitter.com/davidcrawshaw/status/619589392399622144,tweet_id:619589392399622144
Tess Rinearson,@_tessr,2015-07-09T16:20:39.000Z,False,"Write once, in Go. Run in iOS (left), Android (middle) and command line (right). #gophercon",2,73,107,0,['#gophercon'],[],[],https://pbs.twimg.com/profile_images/1752833105373581313/_C4QW_Xa_normal.jpg,https://twitter.com/_tessr/status/619179364832292868,tweet_id:619179364832292868
Cosmin Ilie,@Cosmin_Ilie,2015-07-09T16:27:40.000Z,False,"""Oio4gmX.png 898×502 pixels"" #golang very cool http://i.imgur.com/Oio4gmX.png",0,0,0,0,['#golang'],[],[],https://pbs.twimg.com/profile_images/1359580000744321026/QvIXPHFA_normal.jpg,https://twitter.com/Cosmin_Ilie/status/619181132660256768,tweet_id:619181132660256768
Scott McCarty,@fatherlinux,2015-07-08T15:50:33.000Z,False,Using Volumes with Docker can Cause Problems with SELinux — Project Atomic http://ow.ly/Pjm7n #dockersecurity,0,7,3,0,['#dockersecurity'],[],[],https://pbs.twimg.com/profile_images/726963055985307649/zORRJ9x5_normal.jpg,https://twitter.com/fatherlinux/status/618809405501476864,tweet_id:618809405501476864
Damian Gryski,@dgryski,2015-07-08T10:56:17.000Z,False," And also on Google's ""Omega"" cluster scheduler: https://youtube.com/watch?v=XsXlm4wmB6o…",0,1,2,0,[],['@dgryski'],[],https://pbs.twimg.com/profile_images/59859794/dmg-simpsons-head_normal.png,https://twitter.com/dgryski/status/618735349955698688,tweet_id:618735349955698688
Damian Gryski,@dgryski,2015-07-08T10:48:37.000Z,False,"Presentation about Google's ""Borg"" paper: https://youtube.com/watch?v=7MwxA4Fj2l4…",1,2,4,0,[],[],[],https://pbs.twimg.com/profile_images/59859794/dmg-simpsons-head_normal.png,https://twitter.com/dgryski/status/618733418206089216,tweet_id:618733418206089216
@jordansissel,@jordansissel,2015-07-07T16:18:42.000Z,False,<3 mozilla folks for this: https://wiki.mozilla.org/Security/Server_Side_TLS…,1,13,6,0,[],[],[],https://pbs.twimg.com/profile_images/1420172894831714307/OdGq48Z7_normal.jpg,https://twitter.com/jordansissel/status/618454101492281344,tweet_id:618454101492281344
Go,@golang,2015-07-06T16:37:22.000Z,True,How Qihoo 360 use Go http://blog.golang.org/qihoo#golang #china,4,37,44,0,"['#golang', '#china']",[],[],https://pbs.twimg.com/profile_images/1142154201444823041/O6AczwfV_normal.png,https://twitter.com/golang/status/618096409137393665,tweet_id:618096409137393665
Docker Build Cloud is here!,@Docker,2015-07-05T16:55:25.000Z,True,"""Friends Don't Let Friends Run  on Loopback in Production"" by  on the  blog: http://projectatomic.io/blog/2015/06/notes-on-fedora-centos-and-docker-storage-drivers/…",0,22,35,0,[],"['@Docker', '@jasonbrooks', '@ProjectAtomic']",[],https://pbs.twimg.com/profile_images/1749553035133566976/hMA0FbDk_normal.jpg,https://twitter.com/Docker/status/617738564655296512,tweet_id:617738564655296512
Gene Kim,@RealGeneKim,2015-06-29T15:11:40.000Z,True,"Awesome post! Congrats on 6 years, buddy! ",0,1,2,0,[],['@royrapoport'],[],https://pbs.twimg.com/profile_images/1208492572420665344/ou-2Ojes_normal.jpg,https://twitter.com/RealGeneKim/status/615538126648270848,tweet_id:615538126648270848
Chris Bergin - NSF,@NASASpaceflight,2015-06-28T12:56:26.000Z,True,"Ok sports fans, NASA TV now live with the Falcon 9 launch of CRS-7 Dragon. http://ustream.tv/NASAHDTV",0,4,3,0,[],[],[],https://pbs.twimg.com/profile_images/1637919260298158080/kRT8BkYf_normal.jpg,https://twitter.com/NASASpaceflight/status/615141708318306305,tweet_id:615141708318306305
Daniel Krook,@DanielKrook,2015-06-23T16:41:43.000Z,False,Just heard about Interlock for reloading HA Proxy based on containers advertising themselves: https://github.com/ehazlett/interlock… #DockerCon,0,44,64,0,['#DockerCon'],[],[],https://pbs.twimg.com/profile_images/1594143440027242496/djaa7h7j_normal.jpg,https://twitter.com/DanielKrook/status/613386461757345792,tweet_id:613386461757345792
Docker Build Cloud is here!,@Docker,2015-06-22T17:50:32.000Z,True,#DockerCon News: Open #Container Project under  to define common specs for container format & runtime http://blog.docker.com/2015/06/docker-and-broad-industry-coalition-unite-to-create-open-container-project/…,1,92,30,0,"['#DockerCon', '#Container']",['@linuxfoundation'],[],https://pbs.twimg.com/profile_images/1749553035133566976/hMA0FbDk_normal.jpg,https://twitter.com/Docker/status/613041394576412673,tweet_id:613041394576412673
AWS Identity,@AWSIdentity,2015-06-22T18:13:22.000Z,True,"Workbook for #PCI compliance in the AWS cloud, from AWS and : http://amzn.to/1LwAsRe",0,7,7,0,['#PCI'],['@AnitianSecurity'],[],https://pbs.twimg.com/profile_images/1669346358330015745/sUZDM7a4_normal.jpg,https://twitter.com/AWSIdentity/status/613047137769684992,tweet_id:613047137769684992
Jamie Dobson,@JamieDobson,2015-06-22T04:40:29.000Z,False,Don't forget the live stream from  con. Keynotes about 18:00 European time. http://dockercon.com,1,34,21,0,[],['@Docker'],[],https://pbs.twimg.com/profile_images/643514798072852480/lT_cBiGk_normal.jpg,https://twitter.com/JamieDobson/status/612842569085648896,tweet_id:612842569085648896
Kelsey Hightower,@kelseyhightower,2015-06-21T15:15:23.000Z,True,"Papers like this gets me excited about Kubernetes. Omega: flexible, scalable schedulers for large compute clusters. http://research.google.com/pubs/pub41684.html…",4,7,28,0,[],[],[],https://pbs.twimg.com/profile_images/1204077305271705606/j5XjhPAt_normal.jpg,https://twitter.com/kelseyhightower/status/612639960932478976,tweet_id:612639960932478976
Ashesh Badani,@asheshbadani,2015-06-19T16:13:05.000Z,False,OpenShift Origin hits 1.0 - on the road to  Enterprise 3!  https://github.com/openshift/origin/releases/tag/v1.0.0…,0,20,9,0,[],['@openshift'],[],https://pbs.twimg.com/profile_images/1315797084835065856/eEe-RT3G_normal.jpg,https://twitter.com/asheshbadani/status/611929704753446913,tweet_id:611929704753446913
Google Cloud Tech,@GoogleCloudTech,2015-06-17T19:41:02.000Z,True,"Meet Jupiter, the network technology we use to deliver 1 Pb/sec of total bisection bandwidth: http://goo.gl/imDJwb",3,77,73,0,[],[],[],https://pbs.twimg.com/profile_images/1219725421962571779/_qstUQx__normal.jpg,https://twitter.com/GoogleCloudTech/status/611257260271079424,tweet_id:611257260271079424
Loris Degioanni,@lorisdegio,2015-06-17T06:13:43.000Z,False,these are the slides from my monitorama talk today http://slideshare.net/LorisDegioanni/monitorama-slides…,0,7,9,0,[],[],[],https://pbs.twimg.com/profile_images/1091207662442696704/xibOAy_6_normal.jpg,https://twitter.com/lorisdegio/status/611054093470044160,tweet_id:611054093470044160
Brendan Gregg,@brendangregg,2015-06-16T19:11:57.000Z,False,Slides for my #monitorama talk on Netflix Instance Analysis http://slideshare.net/brendangregg/monitorama-2015-netflix-instance-analysis…,1,111,142,0,['#monitorama'],[],[],https://pbs.twimg.com/profile_images/1503350895068999684/Aihfrwxq_normal.jpg,https://twitter.com/brendangregg/status/610887553525256192,tweet_id:610887553525256192
Tim Hockin (thockin.yaml),@thockin,2015-06-16T03:40:01.000Z,False,It's almost here... http://kuberneteslaunch.com,1,20,17,0,[],[],[],https://pbs.twimg.com/profile_images/500720039230595073/RKO8vKiX_normal.jpeg,https://twitter.com/thockin/status/610653024957042690,tweet_id:610653024957042690
Grumble Bundle,@monkchips,2015-06-15T10:45:10.000Z,False,"“IBM said it will put more than 3,500 of its developers and researchers to work on Spark-related projects” http://nyti.ms/1HJiSKD whoa.",0,23,12,0,[],[],[],https://pbs.twimg.com/profile_images/1602671539362619392/6iG-95J8_normal.jpg,https://twitter.com/monkchips/status/610397628816314369,tweet_id:610397628816314369
benmmurphy,@benmmurphy,2015-06-15T11:10:35.000Z,False,redis hot patcher (http://benmmurphy.github.io/blog/2015/06/09/redis-hot-patch/…) using the vulnerability to patch itself (https://twitter.com/antirez/status/606440338102689792…). ,4,49,35,0,[],['@antirez'],[],https://pbs.twimg.com/profile_images/521216127/IMG_0082_normal.JPG,https://twitter.com/benmmurphy/status/610404028908994560,tweet_id:610404028908994560
Hyperloop,@Hyperloop,2015-06-15T15:29:31.000Z,True,Announcing the  Hyperloop Pod Competition http://spacex.com/hyperloop https://vine.co/v/eed5jYIZKH5,120,"1,975","2,060",0,[],['@SpaceX'],[],https://pbs.twimg.com/profile_images/1088938864691970048/wzhp5jq2_normal.jpg,https://twitter.com/Hyperloop/status/610469188310663168,tweet_id:610469188310663168
Sameer Ajmani,@Sajma,2015-06-14T12:36:40.000Z,False,"""For OSS projects, being written in Go is a feature in itself.""",0,1,3,0,[],[],[],https://pbs.twimg.com/profile_images/1441498213400334339/Gou2HzZY_normal.jpg,https://twitter.com/Sajma/status/610063303377858560,tweet_id:610063303377858560
Jessica Joy Kerr,@jessitron,2015-06-13T16:47:59.000Z,False,"Step 1 to writing good code: recognize there is no such thing as universally Good Code.
Step 2: write boring code.
~ ",4,113,114,0,[],['@searls'],[],https://pbs.twimg.com/profile_images/1541457409834631169/fPwd59zW_normal.jpg,https://twitter.com/jessitron/status/609764161761865729,tweet_id:609764161761865729
Sebastiaan de With,@sdw,2015-06-14T21:25:37.000Z,False,"Comet lander Philae just sent a photo back from the surface of a comet, 500 million miles away from Earth. Awesome.",16,482,368,0,[],[],[],https://pbs.twimg.com/profile_images/1435900467729637381/C7lu0Qyz_normal.jpg,https://twitter.com/sdw/status/610196416883879939,tweet_id:610196416883879939
Cosmin Ilie,@Cosmin_Ilie,2015-06-14T06:25:08.000Z,False,It’s The Future | The Circle Blog - very funny  http://blog.circleci.com/its-the-future/,0,0,0,0,[],[],[],https://pbs.twimg.com/profile_images/1359580000744321026/QvIXPHFA_normal.jpg,https://twitter.com/Cosmin_Ilie/status/609969804431237120,tweet_id:609969804431237120
Paul Dix,@pauldix,2015-06-11T16:16:27.000Z,False,We've released  v0.9.0 with developer and production support available today! http://influxdb.com/blog/2015/06/11/InfluxDB-v0_9_0-released-with-developer-and-production-support.html…,5,88,51,0,[],['@InfluxDB'],[],https://pbs.twimg.com/profile_images/1469375526431346702/Cz_MQEVn_normal.jpg,https://twitter.com/pauldix/status/609031450818510849,tweet_id:609031450818510849
Tess Rinearson,@_tessr,2015-06-11T01:23:31.000Z,False,I'm a real javascript engineer now ಠ_ಠ,8,100,202,0,[],[],[],https://pbs.twimg.com/profile_images/1752833105373581313/_C4QW_Xa_normal.jpg,https://twitter.com/_tessr/status/608806737051697153,tweet_id:608806737051697153
geriBatai,@geriBatai,2015-06-09T14:42:45.000Z,False,"Building an S3 object store with #docker, #cassandra and #kubernetes http://sebgoa.blogspot.ch/2015/06/building-s3-object-store-with-docker.html…",0,11,9,0,"['#docker', '#cassandra', '#kubernetes']",[],[],https://pbs.twimg.com/profile_images/1275962033/Pasine_foto_normal.jpg,https://twitter.com/geriBatai/status/608283094576201728,tweet_id:608283094576201728
Jonas Bonér,@jboner,2015-06-05T08:08:28.000Z,False,Three months of #Rust. http://scattered-thoughts.net/blog/2015/06/04/three-months-of-rust/…,0,22,29,0,['#Rust'],[],[],https://pbs.twimg.com/profile_images/1636429895956832256/pKB-jooq_normal.jpg,https://twitter.com/jboner/status/606734318476632064,tweet_id:606734318476632064
ACM Queue,@ACMQueue,2015-06-05T04:21:31.000Z,False,Hadoop Superlinear Scalability: The perpetual motion of parallel performancehttp://queue.acm.org/detail.cfm?id=2789974…,0,3,3,0,[],['@DrQz'],[],https://pbs.twimg.com/profile_images/661976564960219136/GvWvtLuK_normal.png,https://twitter.com/ACMQueue/status/606677204924264448,tweet_id:606677204924264448
Pierre-Yves Ritschard,@pyr,2015-06-04T07:26:23.000Z,False,"twitter moves away from storm for streaming, keeps storm api compatibility and is now based on mesos: enter heron: https://blog.twitter.com/2015/flying-faster-with-twitter-heron…",0,7,7,0,[],[],[],https://pbs.twimg.com/profile_images/1725540774471733248/kbOeCryQ_normal.jpg,https://twitter.com/pyr/status/606361339737591808,tweet_id:606361339737591808
Tyler Treat,@tyler_treat,2015-06-04T15:03:45.000Z,False,Containers and persistent data - http://lwn.net/Articles/646054/… #CSLOTD,0,1,0,0,['#CSLOTD'],[],[],https://pbs.twimg.com/profile_images/1064559405511798786/MECPOXCk_normal.jpg,https://twitter.com/tyler_treat/status/606476439060226048,tweet_id:606476439060226048
Mitchell Hashimoto,@mitchellh,2015-06-03T17:01:36.000Z,False,Excited about this Go lib  wrote for immutable Radix trees. http://bit.ly/1dLhThu Already being integrated into multiple HC projects.,2,7,18,0,[],['@armon'],[],https://pbs.twimg.com/profile_images/1141762999838842880/64_Y4_XB_normal.jpg,https://twitter.com/mitchellh/status/606143708539588608,tweet_id:606143708539588608
Pierre-Yves Ritschard,@pyr,2015-06-03T14:17:51.000Z,False,Pithos - your personal S3 object store - now has a docker image and a kubernetes recipe. Thanks ! https://github.com/runseb/pithos,2,4,5,0,[],['@sebgoa'],[],https://pbs.twimg.com/profile_images/1725540774471733248/kbOeCryQ_normal.jpg,https://twitter.com/pyr/status/606102501893521410,tweet_id:606102501893521410
Leon Bambrick,@secretGeek,2015-06-03T00:55:46.000Z,False,"""This is the 3rd time [we] attempted SSH support. Given changes in leadership [we'll] give it another try."" http://blogs.msdn.com/b/looking_forward_microsoft__support_for_secure_shell_ssh1/archive/2015/06/02/managing-looking-forward-microsoft-support-for-secure-shell-ssh.aspx…",1,19,9,0,[],[],[],https://pbs.twimg.com/profile_images/1108133274818207744/vqyiVjoB_normal.png,https://twitter.com/secretGeek/status/605900649255989248,tweet_id:605900649255989248
Jay Kreps,@jaykreps,2015-05-29T15:22:20.000Z,False,"It's rare that CS dissertations are well written, but 's is a great intro to Consensus, Raft, & etc. https://ramcloud.stanford.edu/~ongaro/thesis.pdf…",1,28,103,0,[],['@ongardie'],[],https://pbs.twimg.com/profile_images/1123808410510737408/NCWzmizz_normal.png,https://twitter.com/jaykreps/status/604306789228675073,tweet_id:604306789228675073
Koding,@koding,2015-05-29T04:13:00.000Z,False,#Kubernetes for developers http://bit.ly/1IVL50q,1,5,9,0,['#Kubernetes'],[],[],https://pbs.twimg.com/profile_images/735709066178105349/r9KXykEI_normal.jpg,https://twitter.com/koding/status/604138346256932864,tweet_id:604138346256932864
Loris Degioanni,@lorisdegio,2015-05-21T16:31:55.000Z,False,A great interview of Eric Brewer about containers and kubernetes https://medium.com/s-c-a-l-e/google-systems-guru-explains-why-containers-are-the-future-of-computing-87922af2cf95…,0,1,2,0,[],[],[],https://pbs.twimg.com/profile_images/1091207662442696704/xibOAy_6_normal.jpg,https://twitter.com/lorisdegio/status/601425198588383232,tweet_id:601425198588383232
Yves Serrano,@yvesbits,2015-05-12T06:50:08.000Z,False,"awesome! #zfs lands in #docker , the most interesting server techs I'm using recently united https://github.com/docker/docker/pull/9411#issuecomment-101091500…",0,6,4,0,"['#zfs', '#docker']",['@OpenZFS'],[],https://pbs.twimg.com/profile_images/571243047329865728/fylbFEr3_normal.jpeg,https://twitter.com/yvesbits/status/598017294774751232,tweet_id:598017294774751232
Hacker News Bot,@newsycombinator,2015-05-19T00:01:37.000Z,True,Google systems guru explains why containers are the future of computing https://medium.com/s-c-a-l-e/google-systems-guru-explains-why-containers-are-the-future-of-computing-87922af2cf95…,1,40,83,0,[],[],[],https://pbs.twimg.com/profile_images/1534251337122295809/NGX0RlOw_normal.jpg,https://twitter.com/newsycombinator/status/600451204804673536,tweet_id:600451204804673536
Patrick McFadin,@PatrickMcFadin,2015-05-19T03:23:38.000Z,False,Look Before You Leap – The Coming Leap Second and AWS https://aws.amazon.com/blogs/aws/look-before-you-leap-the-coming-leap-second-and-aws/…,2,8,6,0,[],[],[],https://pbs.twimg.com/profile_images/1604883629133377536/FcIceOKU_normal.jpg,https://twitter.com/PatrickMcFadin/status/600502044110159872,tweet_id:600502044110159872
Damian Gryski,@dgryski,2015-05-18T17:04:44.000Z,False,Crypto optimizations for #golang  from  and  blocked by licensing issues :( https://groups.google.com/forum/?nomobile=true#!topic/golang-codereviews/m5QTnSUZU6c…,3,39,16,0,['#golang'],"['@CloudFlare', '@intel']",[],https://pbs.twimg.com/profile_images/59859794/dmg-simpsons-head_normal.png,https://twitter.com/dgryski/status/600346293404356608,tweet_id:600346293404356608
ACM Queue,@ACMQueue,2015-05-18T18:40:40.000Z,False,Large-scale cluster management at google with borg http://ow.ly/N6s6j,0,6,5,0,[],[],[],https://pbs.twimg.com/profile_images/661976564960219136/GvWvtLuK_normal.png,https://twitter.com/ACMQueue/status/600370433540694016,tweet_id:600370433540694016
Kubernetes,@kubernetesio,2015-05-18T19:06:27.000Z,True,Notes from last week's #kubernetes community hangout: http://blog.kubernetes.io/2015/05/weekly-kubernetes-community-hangout_18.html… #containers #opensource,0,5,9,0,"['#kubernetes', '#containers', '#opensource']",[],[],https://pbs.twimg.com/profile_images/511909265720614913/21_d3cvM_normal.png,https://twitter.com/kubernetesio/status/600376922581782528,tweet_id:600376922581782528
Simon Wardley,@swardley,2015-05-18T13:40:56.000Z,True,Over to you AMZN -> PRT : Lower pricing for  - http://googlecloudplatform.blogspot.com/2015/05/Pay-Less-Compute-Moore.html…,2,10,1,0,[],"['@gregsramblings', '@googlecloud']",[],https://pbs.twimg.com/profile_images/180727117/Simon_normal.jpg,https://twitter.com/swardley/status/600295002883956736,tweet_id:600295002883956736
Patrick Debois,@patrickdebois,2015-05-17T12:13:04.000Z,True,"impressed with gof3r: 
download a docker image ~190M in 6.1 seconds - ideal for autoscaling -",0,15,18,0,[],[],[],https://pbs.twimg.com/profile_images/1182062219087011840/lpqD9m_s_normal.jpg,https://twitter.com/patrickdebois/status/599910502307856384,tweet_id:599910502307856384
jeff bryner,@0x7eff,2015-05-16T14:43:08.000Z,False,"https://cyberkryption.wordpress.com/2015/05/04/porting-pecloak-py-to-kali/… <--AV, what AV? #evasion",0,3,5,0,['#evasion'],[],[],https://pbs.twimg.com/profile_images/1555366882961633280/Dw6tEf7M_normal.jpg,https://twitter.com/0x7eff/status/599585882186784770,tweet_id:599585882186784770
JJ,@JosephJacks_,2015-05-15T17:53:40.000Z,True,Kubernetes v1 launch date presentation will be at  on July 21st! Save the date! ,1,17,15,0,[],"['@oscon', '@kubernetesio']",[],https://pbs.twimg.com/profile_images/1765283930654261248/XbbAopwn_normal.jpg,https://twitter.com/JosephJacks_/status/599271440567832576,tweet_id:599271440567832576
Russ Cox,@_rsc,2015-05-15T21:05:39.000Z,False,Congratulations to  on their 1.0 release. http://blog.rust-lang.org/2015/05/15/Rust-1.0.html…,0,48,54,0,[],['@rustlang'],[],https://pbs.twimg.com/profile_images/1137178645880037377/aeaRCnJV_normal.png,https://twitter.com/_rsc/status/599319757196636160,tweet_id:599319757196636160
Ben Kepes,@benkepes,2015-05-15T12:00:01.000Z,False,The Oracle Cloud Worm Has Turned So Much That It's Doing Somersaults  http://onforb.es/1H6IUTC,0,9,1,0,[],['@Forbes'],[],https://pbs.twimg.com/profile_images/1041623198406651904/cjRRWRwc_normal.jpg,https://twitter.com/benkepes/status/599182444273741824,tweet_id:599182444273741824
Martin Fowler,@martinfowler,2015-05-13T13:42:55.000Z,True,"Microservices are valuable, but come with a premium that makes them unsuitable for less-complex software systems",19,425,297,0,[],[],[],https://pbs.twimg.com/profile_images/79787739/mf-tg-sq_normal.jpg,https://twitter.com/martinfowler/status/598483562631921665,tweet_id:598483562631921665
Pires,@therealpires,2015-05-13T08:21:52.000Z,False," 0.17.0 out. #rkt support, logs from dead containers, GCM/GCL for monitoring on GCE/GKE, rolling-update --rollback & much more",0,5,4,0,['#rkt'],['@kubernetesio'],[],https://pbs.twimg.com/profile_images/1567352761640951808/8qSLnkb5_normal.jpg,https://twitter.com/therealpires/status/598402768735444992,tweet_id:598402768735444992
Weaveworks,@weaveworks,2015-05-13T16:07:35.000Z,False,Today Weaveworks announce launch of Weave Scope - monitoring and visualization for container app developers!  http://blog.weave.works/2015/05/13/announcing-weaveworks-scope-container-visibility/…,7,53,36,0,[],[],[],https://pbs.twimg.com/profile_images/595897115366133761/WuVl9tqw_normal.png,https://twitter.com/weaveworks/status/598519970625105920,tweet_id:598519970625105920
Andrey Karpov,@Code_Analysis,2015-05-12T13:59:10.000Z,False,"Criticizing the Rust Language, and Why C/C++ Will Never Die. http://viva64.com/en/b/0324/ (#cpp, #rust, #programming)",4,51,70,0,"['#cpp', '#rust', '#programming']",[],[],https://pbs.twimg.com/profile_images/1264987922350080000/b-WGcyKB_normal.png,https://twitter.com/Code_Analysis/status/598125265911439361,tweet_id:598125265911439361
Docker Build Cloud is here!,@Docker,2015-05-11T21:56:22.000Z,True,Porting  Client to  https://ahmetalpbalkan.com/blog/porting-docker-client-to-windows/… by  /cc   ,1,45,38,0,[],"['@Docker', '@Windows', '@ahmetalpbalkan', '@Azure', '@OpenAtMicrosoft', '@MSCloud']",[],https://pbs.twimg.com/profile_images/1749553035133566976/hMA0FbDk_normal.jpg,https://twitter.com/Docker/status/597882967973703681,tweet_id:597882967973703681
Julien Vehent,@jvehent,2015-05-07T02:02:49.000Z,False,"Using Masche, MIG now inspects the memory of processes. Live. Without impacting the system. Example with Firefox: https://dpaste-bkero.paas.allizom.org/8wn2/raw",1,7,3,0,[],[],[],https://pbs.twimg.com/profile_images/1651336875364216833/Vr5B6Tan_normal.jpg,https://twitter.com/jvehent/status/596133051542990848,tweet_id:596133051542990848
Angelbeat,@angelbeat,2015-05-07T10:42:30.000Z,False,Zynga Closing data centers all computing outsourced to #amazon #aws via   http://nytimes.com/2015/05/07/technology/zynga-is-trimming-its-staff-and-its-game-ambitions.html?smprod=nytcore-iphone&smid=nytcore-iphone-share…,0,19,12,0,"['#amazon', '#aws']",['@nytimes'],[],https://pbs.twimg.com/profile_images/1477915029043355649/ijfEbcwl_normal.jpg,https://twitter.com/angelbeat/status/596263831996919810,tweet_id:596263831996919810
Project Atomic,@projectatomic,2015-05-07T14:29:28.000Z,False,"How to Contribute to the ""Container Best Practices Guide"" by  http://colliernotes.com/2015/05/how-to-contribute-to-container-best.html…",1,3,3,0,[],['@collier_s'],[],https://pbs.twimg.com/profile_images/968482265935294464/Y8mXNscm_normal.jpg,https://twitter.com/projectatomic/status/596320952390148096,tweet_id:596320952390148096
R.I.Pienaar,@ripienaar,2015-05-06T19:00:48.000Z,False,Open Source Web Performance Dashboard http://peterhedenskog.com/blog/2015/04/open-source-performance-dashboard/?utm_source=webopsweekly&utm_medium=email…,0,7,11,0,[],[],[],https://pbs.twimg.com/profile_images/257864204/ducks_normal.png,https://twitter.com/ripienaar/status/596026847416209408,tweet_id:596026847416209408
Ascent,@We_Are_Ascent,2015-05-06T13:19:17.000Z,False,Google BigQuery can process 1TB of data in 7 seconds! #bioinformatics  #StrataHadoop,0,5,5,0,"['#bioinformatics', '#StrataHadoop']",['@felipehoffa'],[],https://pbs.twimg.com/profile_images/1676267128456978446/tm9tt5pQ_normal.png,https://twitter.com/We_Are_Ascent/status/595940902335619072,tweet_id:595940902335619072
miles ward,@milesward,2015-05-06T14:31:00.000Z,False,"Uniquely Googley line buried in new #bigtable documentation:  ""small amounts of data (< 1 TB)""",0,3,8,0,['#bigtable'],[],[],https://pbs.twimg.com/profile_images/784010403323883520/XCPY5iTr_normal.jpg,https://twitter.com/milesward/status/595958948810731521,tweet_id:595958948810731521
francesc,@francesc,2015-05-06T15:00:31.000Z,False," #Bigtable: the database that powers Google
Look at that write latency!http://buff.ly/1IeYr7G",0,6,7,0,['#Bigtable'],['@googlecloud'],[],https://pbs.twimg.com/profile_images/1476592332912930820/i71lCh3w_normal.jpg,https://twitter.com/francesc/status/595966378240307202,tweet_id:595966378240307202
mike d. kail,@mdkail,2015-05-06T15:15:22.000Z,False,Google Omega to Become Part of Borg Collective http://theplatform.net/2015/05/05/google-omega-to-become-part-of-borg-collective/… via ,0,2,2,0,[],['@platformnet'],[],https://pbs.twimg.com/profile_images/1601641549757968385/VliEp4v1_normal.jpg,https://twitter.com/mdkail/status/595970115700555776,tweet_id:595970115700555776
Adrian Colyer,@adriancolyer,2015-05-06T15:55:18.000Z,False,How Blade dramatically reduces gc-induced tail latency with a very simple scheme... http://blog.acolyer.org/?p=859,0,7,8,0,[],[],[],https://pbs.twimg.com/profile_images/902829228990709760/mWT4DjHt_normal.jpg,https://twitter.com/adriancolyer/status/595980162858123264,tweet_id:595980162858123264
Jay Kreps,@jaykreps,2015-05-06T16:33:27.000Z,False,"Really cool work by the  crew: ""Real-time Stream Processing: The Next Step for Apache Flink"" http://blog.confluent.io/2015/05/06/real-time-stream-processing-the-next-step-for-apache-flink/…",2,36,52,0,[],['@ApacheFlink'],[],https://pbs.twimg.com/profile_images/1123808410510737408/NCWzmizz_normal.png,https://twitter.com/jaykreps/status/595989762965569536,tweet_id:595989762965569536
Chris Bergin - NSF,@NASASpaceflight,2015-05-06T13:04:41.000Z,True,And successful splashdown. http://nasaspaceflight.com/2015/05/dragon-2-pad-abort-leap-key-spacex-test/… - I REALLY enjoyed that!,1,17,21,0,[],[],[],https://pbs.twimg.com/profile_images/1637919260298158080/kRT8BkYf_normal.jpg,https://twitter.com/NASASpaceflight/status/595937224786599936,tweet_id:595937224786599936
Badri Janakiraman,@badrij,2015-05-05T15:13:37.000Z,True,@DefionsCode presents the massively useful https://github.com/defionscode/STIGMA… library to test OS/server hardening procedures at #devopsdays Austin,0,4,4,0,['#devopsdays'],[],[],https://pbs.twimg.com/profile_images/448884929913307137/pDQUwz9j_normal.png,https://twitter.com/badrij/status/595607287143669760,tweet_id:595607287143669760
Matt Heath,@mattheath,2015-05-05T22:09:57.000Z,False,Thoroughly enjoying 's Jepsen analysis of Aerospike: https://aphyr.com/posts/324-call-me-maybe-aerospike…,0,8,11,0,[],['@aphyr'],[],https://pbs.twimg.com/profile_images/1652073473072668672/RdClnRuP_normal.jpg,https://twitter.com/mattheath/status/595712058949271553,tweet_id:595712058949271553
Grace,@grapesfrog,2015-05-04T20:08:14.000Z,False,This is cool http://github.com/Netflix/FidoI know a random tweet on bank holiday that is almost work related but it is a nice security OSS project,0,5,5,0,[],[],[],https://pbs.twimg.com/profile_images/307486756/grapesfrog_normal.jpg,https://twitter.com/grapesfrog/status/595319041335631873,tweet_id:595319041335631873
jeff bryner,@0x7eff,2015-05-02T17:06:07.000Z,False,https://github.com/amngibson/metasploit-runner… <--nifty gem to attach  to your continuous integration/delivery pipeline #DevOpsSecurity,0,2,1,0,['#DevOpsSecurity'],['@metasploit'],[],https://pbs.twimg.com/profile_images/1555366882961633280/Dw6tEf7M_normal.jpg,https://twitter.com/0x7eff/status/594548435778342913,tweet_id:594548435778342913
Damian Gryski,@dgryski,2015-04-30T12:45:00.000Z,False,"https://github.com/dvyukov/go-fuzz is super easy to get started with.  Found 3 crashers in 90s. If you're handling user input, fuzz fuzz fuzz! #golang",1,5,7,0,['#golang'],[],[],https://pbs.twimg.com/profile_images/59859794/dmg-simpsons-head_normal.png,https://twitter.com/dgryski/status/593757944602320896,tweet_id:593757944602320896
Docker Build Cloud is here!,@Docker,2015-04-30T17:03:13.000Z,True,. networking takes a step in the right direction http://blog.docker.com/2015/04/docker-networking-takes-a-step-in-the-right-direction-2/… by ,0,116,96,0,[],"['@docker', '@dave_tucker']",[],https://pbs.twimg.com/profile_images/1749553035133566976/hMA0FbDk_normal.jpg,https://twitter.com/Docker/status/593822930083033088,tweet_id:593822930083033088
Sameer Ajmani,@Sajma,2015-04-30T18:51:07.000Z,False,A video of my talk on #golang for #Java Programmers at  is now available:,0,36,78,0,"['#golang', '#Java']",['@nyjavasig'],[],https://pbs.twimg.com/profile_images/1441498213400334339/Gou2HzZY_normal.jpg,https://twitter.com/Sajma/status/593850081360642048,tweet_id:593850081360642048
Battery Ventures,@BatteryVentures,2015-04-30T23:54:14.000Z,True,AWS--fastest-growing corp. tech business ever?  opines in nice  and   piece: http://bloom.bg/1bHGfHo,0,7,4,0,[],"['@adrianco', '@mappingbabel', '@valleyhack', '@BW']",[],https://pbs.twimg.com/profile_images/1763311428482863104/tMmJiNZ6_normal.png,https://twitter.com/BatteryVentures/status/593926363213529090,tweet_id:593926363213529090
Amazon Web Services,@awscloud,2015-05-01T03:00:10.000Z,True,Check out how  uses Amazon ECS for their microservice based architecture: http://oak.ctx.ly/r/2wphv,1,35,57,0,[],['@Hailo'],[],https://pbs.twimg.com/profile_images/1641476962362302464/K8lb6OtN_normal.jpg,https://twitter.com/awscloud/status/593973155116396544,tweet_id:593973155116396544
Rob Hirschfeld zehicle@hachyderm.io,Rob Hirschfeld zehicle@hachyderm.io,2015-05-01T03:29:26.000Z,False, w #Golang?!  the ramifications are interesting.  kudos to  of Swift for embracing http://lists.openstack.org/pipermail/openstack-dev/2015-April/063019.html… via ,1,11,6,0,['#Golang'],"['@OpenStack', '@notmyname', '@eglute']",[],https://pbs.twimg.com/profile_images/1621549514510196743/Ua4L5e7j_normal.jpg,https://twitter.com/zehicle/status/593980521903853568,tweet_id:593980521903853568
Dmitry Vyukov,@dvyukov,2015-04-29T18:15:59.000Z,False,go-fuzz (http://goo.gl/CF4lLG) finds bugs faster than I can file them http://goo.gl/KruUpQ #golang,1,37,69,0,['#golang'],[],[],https://pbs.twimg.com/profile_images/1160524808096030720/dlWZ4tWj_normal.jpg,https://twitter.com/dvyukov/status/593478852485259264,tweet_id:593478852485259264
Kelsey Hightower,@kelseyhightower,2015-04-30T00:47:42.000Z,True,Just found out about pure Go bindings for Apache Mesos. https://github.com/mesos/mesos-go,1,15,27,0,[],[],[],https://pbs.twimg.com/profile_images/1204077305271705606/j5XjhPAt_normal.jpg,https://twitter.com/kelseyhightower/status/593577431346257920,tweet_id:593577431346257920
Craig McLuckie,@cmcluck,2015-04-28T18:56:23.000Z,False,Our Red Hat friends posted a blog outlining their many  contributions http://goo.gl/ljLigZ.  Thanks for the amazing work!,2,25,19,0,[],['@kubernetesio'],[],https://pbs.twimg.com/profile_images/1658849950250172422/DeA48PXY_normal.jpg,https://twitter.com/cmcluck/status/593126630664503296,tweet_id:593126630664503296
Mitchell Hashimoto,@mitchellh,2015-04-28T17:04:23.000Z,False,HashiCorp is proud to announce Vault: a tool for managing secrets. https://hashicorp.com/blog/vault.html https://vaultproject.io,19,342,232,0,[],[],[],https://pbs.twimg.com/profile_images/1141762999838842880/64_Y4_XB_normal.jpg,https://twitter.com/mitchellh/status/593098447101636608,tweet_id:593098447101636608
Project Atomic,@projectatomic,2015-04-28T15:22:33.000Z,False,Building on Kubernetes: Bringing Google-Scale Container Orchestration and mgmt to the Enterprise: https://blog.openshift.com/building-kubernetes-bringing-google-scale-container-orchestration-to-the-enterprise/… by ,0,2,2,0,[],['@joefern1'],[],https://pbs.twimg.com/profile_images/968482265935294464/Y8mXNscm_normal.jpg,https://twitter.com/projectatomic/status/593072818365059072,tweet_id:593072818365059072
francesc,@francesc,2015-04-27T15:35:00.000Z,False,"#Flywheel: Google's Data Compression Proxy for the Mobile Web
Written in #golanghttp://research.google.com/pubs/pub43447.html…",1,18,28,0,"['#Flywheel', '#golang']",[],[],https://pbs.twimg.com/profile_images/1476592332912930820/i71lCh3w_normal.jpg,https://twitter.com/francesc/status/592713566458912768,tweet_id:592713566458912768
Damian Gryski,@dgryski,2015-04-26T08:40:45.000Z,False,Another production use of #golang at Google: http://research.google.com/pubs/pub43447.html… http://matt-welsh.blogspot.nl/2013/08/rewriting-large-production-system-in-go.html…,2,16,20,0,['#golang'],[],[],https://pbs.twimg.com/profile_images/59859794/dmg-simpsons-head_normal.png,https://twitter.com/dgryski/status/592246925648363521,tweet_id:592246925648363521
jeff bryner,@0x7eff,2015-04-26T15:15:09.000Z,False,"http://quarkslab.com/dl/hitb14-irma-slides.pdf… <-- /me discovers IRMA, a cluster for malware analysis",0,3,8,0,[],[],[],https://pbs.twimg.com/profile_images/1555366882961633280/Dw6tEf7M_normal.jpg,https://twitter.com/0x7eff/status/592346182988406784,tweet_id:592346182988406784
Tim Hockin (thockin.yaml),@thockin,2015-04-23T22:33:39.000Z,False,"Great blog post comparing Borg (Google's internal system) and Kubernetes.  The full Borg paper is a great read, too.http://kubernetesio.blogspot.com/2015/04/borg-predecessor-to-kubernetes.html…",0,35,52,0,[],[],[],https://pbs.twimg.com/profile_images/500720039230595073/RKO8vKiX_normal.jpeg,https://twitter.com/thockin/status/591369370552508416,tweet_id:591369370552508416
Kubernetes,@kubernetesio,2015-04-22T18:40:53.000Z,True,Watch  at  talking #Kubernetes,0,6,15,0,['#Kubernetes'],"['@timhock', '@containercamp']",[],https://pbs.twimg.com/profile_images/511909265720614913/21_d3cvM_normal.png,https://twitter.com/kubernetesio/status/590948402378055680,tweet_id:590948402378055680
Charles Hough,@charleshough,2015-04-22T09:01:28.000Z,False,3 Things That Can Stall Innovation (And How To Overcome Them) http://onforb.es/1BfWqFm via ,0,1,0,0,[],['@forbes'],[],https://pbs.twimg.com/profile_images/1370441748468613127/JyDbUiDQ_normal.jpg,https://twitter.com/charleshough/status/590802587252871168,tweet_id:590802587252871168
Fabien Wernli @faxmodem@trunk.mad-scientist.club,Fabien Wernli @faxmodem@trunk.mad-scientist.club,2015-04-22T08:48:05.000Z,False,Just released the first public version of our #riemann #puppet module https://github.com/ccin2p3/puppet-riemann…,0,3,1,0,"['#riemann', '#puppet']",[],[],https://pbs.twimg.com/profile_images/506769004627648512/M57Ikw65_normal.jpeg,https://twitter.com/faxm0dem/status/590799222338883584,tweet_id:590799222338883584
Project Atomic,@projectatomic,2015-04-22T11:46:04.000Z,False,Introducing the Atomic command http://wp.me/p2WBxv-1K4r via @RHELdevelop,0,1,0,0,[],[],[],https://pbs.twimg.com/profile_images/968482265935294464/Y8mXNscm_normal.jpg,https://twitter.com/projectatomic/status/590844010572349440,tweet_id:590844010572349440
Project Atomic,@projectatomic,2015-04-21T21:16:03.000Z,False,"Atomic News: Fedora 22 Beta, CentOS Update Glitch (and Fix!) http://projectatomic.io/blog/2015/04/atomic-news-fedora-22-beta-centos-update-glitch/…",0,4,2,0,[],[],[],https://pbs.twimg.com/profile_images/968482265935294464/Y8mXNscm_normal.jpg,https://twitter.com/projectatomic/status/590625065177325571,tweet_id:590625065177325571
Tim Hockin (thockin.yaml),@thockin,2015-04-20T03:39:58.000Z,False,"My slides from #containercamp 2015.  Thanks for all the great questions and discussion, everyone!https://speakerdeck.com/thockin/containercamp-kubernetes-and-container-management…",1,9,16,0,['#containercamp'],[],[],https://pbs.twimg.com/profile_images/500720039230595073/RKO8vKiX_normal.jpeg,https://twitter.com/thockin/status/589996903237951488,tweet_id:589996903237951488
Rob Reynolds,@ferventcoder,2015-04-17T17:19:11.000Z,False,#security #reactions  http://securityreactions.tumblr.com,0,1,3,0,"['#security', '#reactions']",[],[],https://pbs.twimg.com/profile_images/1402804917442592772/RYRXU6Ol_normal.jpg,https://twitter.com/ferventcoder/status/589115904786571265,tweet_id:589115904786571265
GopherCon,@GopherCon,2015-04-17T17:26:46.000Z,True,See our amazing program of speakers at http://gophercon.com/talks #golang,1,13,7,0,['#golang'],[],[],https://pbs.twimg.com/profile_images/1718020513992192000/3mov5XyU_normal.jpg,https://twitter.com/GopherCon/status/589117814763560960,tweet_id:589117814763560960
Battery Ventures,@BatteryVentures,2015-04-17T17:40:51.000Z,True,"Netflix, we raise your ""Chaos Monkey"" an ""Infected Monkey""--a new tool to test datacenter security? http://bit.ly/1PYqegm ",2,14,7,0,[],['@GuardiCore'],[],https://pbs.twimg.com/profile_images/1763311428482863104/tMmJiNZ6_normal.png,https://twitter.com/BatteryVentures/status/589121354915393537,tweet_id:589121354915393537
Kubernetes,@kubernetesio,2015-04-16T16:40:14.000Z,True,I think of myself as a friendlier borg http://research.google.com/pubs/pub43438.html… #kubernetes #containers,0,10,18,0,"['#kubernetes', '#containers']",[],[],https://pbs.twimg.com/profile_images/511909265720614913/21_d3cvM_normal.png,https://twitter.com/kubernetesio/status/588743714022895616,tweet_id:588743714022895616
AWS Identity,@AWSIdentity,2015-04-16T17:07:31.000Z,True,"Updated: Department of Defense whitepaper, #DoD reference architecture, and AWS DoD site. http://amzn.to/1IOTrIA",0,4,2,0,['#DoD'],[],[],https://pbs.twimg.com/profile_images/1669346358330015745/sUZDM7a4_normal.jpg,https://twitter.com/AWSIdentity/status/588750579209543680,tweet_id:588750579209543680
Jeff Barr (@ ),(@,2015-04-16T19:41:15.000Z,True,Cool stuff on GitHub - Scout2 Security Auditing Tool for #AWS Environments - http://bit.ly/1FPfJ6F,0,18,22,0,['#AWS'],[],[],https://pbs.twimg.com/profile_images/1516500629769768963/oic_gx9H_normal.jpg,https://twitter.com/jeffbarr/status/588789269705031680,tweet_id:588789269705031680
Peter Sankauskas,@pas256,2015-04-17T03:46:52.000Z,False,"AWS Lambda Go support! Not really, just arbitrary executables https://aws.amazon.com/blogs/compute/running-executables-in-aws-lambda/…",0,9,10,0,[],[],[],https://pbs.twimg.com/profile_images/535592021247815680/rR8p2ea-_normal.jpeg,https://twitter.com/pas256/status/588911479123935232,tweet_id:588911479123935232
Joe Beda,@jbeda,2015-04-16T11:30:51.000Z,False,Borg paper is finally out. Lots of reasoning for why we made various decisions in #kubernetes. Very exciting. http://research.google.com/pubs/pub43438.html…,2,121,136,0,['#kubernetes'],[],[],https://pbs.twimg.com/profile_images/1048685822822600705/C683_06Y_normal.jpg,https://twitter.com/jbeda/status/588665857506611200,tweet_id:588665857506611200
Daniel Walsh,@rhatdan,2015-04-15T13:49:09.000Z,False,"UserNamespace most likely turned on in RHEL7.2. Wanted to make sure Enterprise Ready(Secure) before shipping,",1,4,1,0,[],['@IanAndrewsDC'],[],https://pbs.twimg.com/profile_images/747865895817580544/_9jF9-5X_normal.jpg,https://twitter.com/rhatdan/status/588338270121013248,tweet_id:588338270121013248
Keith Chambers,@keithchambers,2015-04-15T17:27:00.000Z,False, what can we say? We love Consul at Cisco.  Props to   for this engineering masterpiece!,0,3,5,0,[],"['@hashicorp', '@armon', '@ryanuber_']",[],https://pbs.twimg.com/profile_images/1157860167850975232/s2b-cG4K_normal.jpg,https://twitter.com/keithchambers/status/588393096477458432,tweet_id:588393096477458432
Daniel Walsh,@rhatdan,2015-04-15T17:19:51.000Z,False,Docker Security Future http://opensource.com/business/15/3/docker-security-future… @joshbressers ,0,5,3,0,[],['@swardley'],[],https://pbs.twimg.com/profile_images/747865895817580544/_9jF9-5X_normal.jpg,https://twitter.com/rhatdan/status/588391295489413120,tweet_id:588391295489413120
Elon Musk,@elonmusk,2015-04-15T00:52:44.000Z,True,"Ok, looks like we got some killer footage from the chase plane. Big ocean, small ship. Posting vid shortly",284,"3,562","4,898",0,[],[],[],https://pbs.twimg.com/profile_images/1780044485541699584/p78MCn3B_normal.jpg,https://twitter.com/elonmusk/status/588142879245238273,tweet_id:588142879245238273
Chris Bergin - NSF,@NASASpaceflight,2015-04-14T20:12:18.000Z,True,LAUNCH! SpaceX Falcon 9 v1.1 with CRS-6 Dragon has launched!,0,30,19,0,[],[],[],https://pbs.twimg.com/profile_images/1637919260298158080/kRT8BkYf_normal.jpg,https://twitter.com/NASASpaceflight/status/588072306716598273,tweet_id:588072306716598273
Stamus Networks,@StamusN,2015-04-14T15:10:03.000Z,True,SELKS 2.0-beta1 is out - try a ready to use a #suricata #IDS and #NSM solution based on the upcoming #Debian #Jessie,0,8,1,0,"['#suricata', '#IDS', '#NSM', '#Debian', '#Jessie']",[],[],https://pbs.twimg.com/profile_images/1248672717047463936/-FAYSRuV_normal.jpg,https://twitter.com/StamusN/status/587996242476601344,tweet_id:587996242476601344
LWN.net,@lwnnet,2015-04-13T07:32:30.000Z,False,The 4.0 kernel has been released http://lwn.net/Articles/640082/rss…,0,15,7,0,[],[],[],https://pbs.twimg.com/profile_images/378800000309403197/48555e82068f455757847909225a3208_normal.png,https://twitter.com/lwnnet/status/587518709607968769,tweet_id:587518709607968769
Patrick Debois,@patrickdebois,2015-04-10T17:42:12.000Z,True,“:  #kubernetes already supports mounting NFS volumes into containers (and pretty soon Ceph and iSCSI!)” && EFS,1,3,1,0,['#kubernetes'],"['@brendandburns', '@patrickdebois']",[],https://pbs.twimg.com/profile_images/1182062219087011840/lpqD9m_s_normal.jpg,https://twitter.com/patrickdebois/status/586584979871772673,tweet_id:586584979871772673
"Adrian Munteanu,",@adimunteanu,2015-04-09T17:33:10.000Z,False,""": Blog: Some of the Best Things in Security Are Free: Software tools are available  ... http://bit.ly/1PmZsxX""",0,1,0,0,[],['@IntelSec_News'],[],https://pbs.twimg.com/profile_images/1502167484299821062/GRJ-i3gm_normal.jpg,https://twitter.com/adimunteanu/status/586220322246029314,tweet_id:586220322246029314
AWSonAir,@AWSonAir,2015-04-09T17:43:02.000Z,True,. uses the new Lambda to route data. They move 30m TB in less then 1 minute. #AWSSummit,1,21,9,0,['#AWSSummit'],['@AdRoll'],[],https://pbs.twimg.com/profile_images/1410816776267571200/oN5wxIM1_normal.png,https://twitter.com/AWSonAir/status/586222804175040512,tweet_id:586222804175040512
Jeff Barr (@ ),(@,2015-04-09T18:35:04.000Z,True,Code samples for Amazon Machine Learning - http://bit.ly/1GPMBAe,0,37,54,0,[],[],[],https://pbs.twimg.com/profile_images/1516500629769768963/oic_gx9H_normal.jpg,https://twitter.com/jeffbarr/status/586235896640462851,tweet_id:586235896640462851
Werner Vogels,@Werner,2015-04-09T17:54:51.000Z,True,Amazon Elastic File System – Shared File Storage for Amazon EC2 #AWS http://wv.ly/1aqVp32,5,43,33,0,['#AWS'],[],[],https://pbs.twimg.com/profile_images/563188960394891264/z3-Rh11q_normal.jpeg,https://twitter.com/Werner/status/586225776753823745,tweet_id:586225776753823745
Ben Kepes,@benkepes,2015-04-09T18:56:07.000Z,False,ICYMI - New from me at Forbes.... > Amazon Launches Fully Managed Elastic File System--NAS Vendors Tremble http://onforb.es/1CZv9GQ,0,5,6,0,[],[],[],https://pbs.twimg.com/profile_images/1041623198406651904/cjRRWRwc_normal.jpg,https://twitter.com/benkepes/status/586241196143566848,tweet_id:586241196143566848
Mark Russinovich,@markrussinovich,2015-04-08T18:57:58.000Z,True,Microsoft Announces New Container Technologies for the Next Generation Cloud http://blogs.technet.com/b/server-cloud/archive/2015/04/08/microsoft-announces-new-container-technologies-for-the-next-generation-cloud.aspx…,4,131,54,0,[],[],[],https://pbs.twimg.com/profile_images/1600323888260358144/AIpkSMMZ_normal.jpg,https://twitter.com/markrussinovich/status/585879274470699009,tweet_id:585879274470699009
Coburn Watson,@coburnw,2015-04-08T13:23:52.000Z,False,"Introducing Vector,Netflix's On-Host Perf Monitoring Tool. Great job   and . http://techblog.netflix.com/2015/04/introducing-vector-netflixs-on-host.html…",0,43,59,0,[],"['@mspier', '@amernetflix', '@brendangregg']",[],https://pbs.twimg.com/profile_images/729553531678523392/fDcccnb9_normal.jpg,https://twitter.com/coburnw/status/585795195645493248,tweet_id:585795195645493248
Mitchell Hashimoto,@mitchellh,2015-04-02T18:36:34.000Z,False,"Terraform 0.4 is out! Docker, OpenStack, Taint Command, Targeted Ops, Remote Modules, Math, AWS improv. SO MUCH. https://hashicorp.com/blog/terraform-0-4.html…",2,55,48,0,[],[],[],https://pbs.twimg.com/profile_images/1141762999838842880/64_Y4_XB_normal.jpg,https://twitter.com/mitchellh/status/583699560347803648,tweet_id:583699560347803648
PHP CEO BLUECHECKMARK.JPEG,@PHP_CEO,2015-04-01T09:18:20.000Z,False,"CHECK OUT THIS FUNNY APRIL FOOL SITE

IT’S LIKE A PROGRAMMING LANGUAGE… BUT BACKWARDS!https://HASKELL.ORG",17,575,369,0,[],[],[],https://pbs.twimg.com/profile_images/552595603687874561/Yd-jBihK_normal.jpeg,https://twitter.com/PHP_CEO/status/583196687717539840,tweet_id:583196687717539840
CERN,@CERN,2015-04-01T06:03:52.000Z,True,Breaking news: CERN researchers confirm existence of the Force http://cern.ch/go/c7dB,761,1.1万,"6,254",0,[],[],[],https://pbs.twimg.com/profile_images/1461600834077270019/fTg5cXXe_normal.jpg,https://twitter.com/CERN/status/583147747710263296,tweet_id:583147747710263296
Google Cloud Tech,@GoogleCloudTech,2015-04-01T15:54:02.000Z,True,How we took our next level cloud to the next level: http://goo.gl/5nAC2i,31,550,377,0,[],[],[],https://pbs.twimg.com/profile_images/1219725421962571779/_qstUQx__normal.jpg,https://twitter.com/GoogleCloudTech/status/583296270808276992,tweet_id:583296270808276992
Rob Miller,@n0nsequitarian,2015-03-31T16:02:03.000Z,False,Nice article by  tracking his process through fixing a Heka bug: http://is.gd/leeWPM,0,1,1,0,[],['@mattrco'],[],https://pbs.twimg.com/profile_images/1260777931577552897/gRuF7Ljm_normal.png,https://twitter.com/n0nsequitarian/status/582935899710701569,tweet_id:582935899710701569
jeff bryner,@0x7eff,2015-03-31T16:27:47.000Z,False,"https://elastic.co/elasticon/2015/sf/tackling-security-logs-with-the-elk-stack… <--hey, the MozDef presentation from the inaugural elastic search conference is up!",1,5,3,0,[],[],[],https://pbs.twimg.com/profile_images/1555366882961633280/Dw6tEf7M_normal.jpg,https://twitter.com/0x7eff/status/582942375095369729,tweet_id:582942375095369729
mike d. kail,@mdkail,2015-03-31T16:46:37.000Z,False,Cloud Bouncer - Distributed Rate Limiting at Yahoo | #Yahoo Engineering http://yahooeng.tumblr.com/post/111288877956/cloud-bouncer-distributed-rate-limiting-at-yahoo…,0,2,2,0,['#Yahoo'],[],[],https://pbs.twimg.com/profile_images/1601641549757968385/VliEp4v1_normal.jpg,https://twitter.com/mdkail/status/582947116336615424,tweet_id:582947116336615424
Enrico Casini,@ico_chico,2015-03-25T23:37:21.000Z,False,Best talk I have ever read on the benefits of switching from #Java to #Golang https://talks.golang.org/2014/go4java.slide…,1,13,12,0,"['#Java', '#Golang']",[],[],https://pbs.twimg.com/profile_images/988519616568639488/IHqPq5Rg_normal.jpg,https://twitter.com/ico_chico/status/580876151951736832,tweet_id:580876151951736832
Patrick Debois,@patrickdebois,2015-03-31T18:14:21.000Z,True,great description for re-initializing a coreos cluster on AWS after all IPs changed - http://chrislunsford.com/blog/2014/08/01/exploring-etcd/…,0,2,3,0,[],[],[],https://pbs.twimg.com/profile_images/1182062219087011840/lpqD9m_s_normal.jpg,https://twitter.com/patrickdebois/status/582969195169730561,tweet_id:582969195169730561
Heavybit,@heavybit,2015-03-31T17:19:08.000Z,False,The Realities of Docker in Production - Learn how   and @relateiq are using  in production http://blog.heavybit.com/blog/2015/3/23/dockermeetup…,3,37,45,0,[],"['@getiron', '@clusterhq', '@docker']",[],https://pbs.twimg.com/profile_images/1734345747649429504/vXhMUcDt_normal.jpg,https://twitter.com/heavybit/status/582955297221701632,tweet_id:582955297221701632
Jérôme Petazzoni,@jpetazzo,2015-03-31T19:42:27.000Z,False,Biggest. . Meetup. Ever. http://blog.docker.com/2015/03/videos-from-the-biggest-docker-meetup-ever-clocker-storage-drivers-docker-on-the-desktop-powerstrip/… in London with    @TerryDhariwal  ...,0,7,9,0,[],"['@docker', '@bfirsh', '@frazelledazzell', '@lmarsden', '@errordeveloper']",[],https://pbs.twimg.com/profile_images/658025644865916928/uIY6m8Sr_normal.jpg,https://twitter.com/jpetazzo/status/582991366826827777,tweet_id:582991366826827777
Patrick Debois,@patrickdebois,2015-03-31T21:37:26.000Z,True,just coming around but this aws/coreos/kubernetes post by  is gold! - http://awsadvent.tumblr.com/post/104260597799/aws-advent-2014-coreos-and-kubernetes-on-aws… #docker,0,6,12,0,['#docker'],['@dysinger'],[],https://pbs.twimg.com/profile_images/1182062219087011840/lpqD9m_s_normal.jpg,https://twitter.com/patrickdebois/status/583020302462001153,tweet_id:583020302462001153
Mitchell Hashimoto,@mitchellh,2015-03-31T21:55:56.000Z,False,Big merge day for Terraform: Docker provider and OpenStack being merged for 0.4. Prepare for some really crazy demos.,2,38,45,0,[],[],[],https://pbs.twimg.com/profile_images/1141762999838842880/64_Y4_XB_normal.jpg,https://twitter.com/mitchellh/status/583024959129149442,tweet_id:583024959129149442
Pavel Odintsov,@odintsov_pavel,2015-03-29T08:59:30.000Z,False,"DDoS traffic filtration on wire-speed (14mpps, 10GE) with NIC capabilities: https://github.com/FastVPSEestiOu/fastnetmon/wiki/Traffic-filtration-using-NIC-capabilities-on-wire-speed-(10GE,-14Mpps)…",0,15,15,0,[],[],[],https://pbs.twimg.com/profile_images/1698395549668343808/yNyKACSi_normal.jpg,https://twitter.com/odintsov_pavel/status/582104783991005184,tweet_id:582104783991005184
HighOn.Coffee,@HighOn_Coffee,2015-03-25T23:13:56.000Z,False,CentOS 7 Security Hardening Guide - http://highon.coffee/blog/security-harden-centos-7/…#CentOS #Security #Linux #infosec,1,26,23,0,"['#CentOS', '#Security', '#Linux', '#infosec']",[],[],https://pbs.twimg.com/profile_images/528949713307856896/yqJLL7OR_normal.png,https://twitter.com/HighOn_Coffee/status/580870257163788288,tweet_id:580870257163788288
Amazon Web Services,@awscloud,2015-03-26T20:16:10.000Z,True,Check out the development progress for AWS SDK for Go - now available in the master branch. http://oak.ctx.ly/r/2p2mh,0,26,21,0,[],[],[],https://pbs.twimg.com/profile_images/1641476962362302464/K8lb6OtN_normal.jpg,https://twitter.com/awscloud/status/581187910994505728,tweet_id:581187910994505728
Apache Mesos,@ApacheMesos,2015-03-26T18:49:59.000Z,False,"""Running Kubernetes at Scale with  and the Mesosphere DCOS"" by  https://youtube.com/watch?v=pFCJ3WiVjyA…",0,25,35,0,[],"['@ApacheMesos', '@benh']",[],https://pbs.twimg.com/profile_images/378800000152512466/d64b637225a3e671799940d5fe13c76b_normal.png,https://twitter.com/ApacheMesos/status/581166222567444480,tweet_id:581166222567444480
Martin Thompson,@mjpt777,2015-03-25T08:59:44.000Z,False,Love Idea but could you folk test more on Linux. Ctrl + Alt + L is a really bad shortcut choice on Linux.  ,3,5,4,0,[],"['@trisha_gee', '@intellijidea']",[],https://pbs.twimg.com/profile_images/1467106821/Ren_normal.jpg,https://twitter.com/mjpt777/status/580655292297400321,tweet_id:580655292297400321
OpenSCAP Project,@OpenSCAP,2015-03-24T20:23:06.000Z,False,SCAP Workbench 1.1.0 delivers MacOS X and MS Windows support. And more! http://martin.preisler.me/2015/03/scap-workbench-1-1-0/…,0,3,3,0,[],[],[],https://pbs.twimg.com/profile_images/483957945797865472/qf3oFVJ-_normal.png,https://twitter.com/OpenSCAP/status/580464879179546626,tweet_id:580464879179546626
Miguel Ángel Pastor,@miguelinlas3,2015-03-24T22:16:46.000Z,False,Google has made open source its build tool Bazel http://bazel.io,2,44,38,0,[],[],[],https://pbs.twimg.com/profile_images/1673746354554781731/Ngz3PXzT_normal.jpg,https://twitter.com/miguelinlas3/status/580493485423349760,tweet_id:580493485423349760
Jeff Barr (@ ),(@,2015-03-24T22:57:29.000Z,True,New Cross-Region Replication for Amazon S3 - http://amzn.to/1xwqcGG #AWS,5,49,20,0,['#AWS'],[],[],https://pbs.twimg.com/profile_images/1516500629769768963/oic_gx9H_normal.jpg,https://twitter.com/jeffbarr/status/580503732565200897,tweet_id:580503732565200897
mike d. kail,@mdkail,2015-03-25T03:55:35.000Z,False,"""How Amazon handles a new software deployment every second"" http://prsm.tc/TqyLtk",1,4,6,0,[],[],[],https://pbs.twimg.com/profile_images/1601641549757968385/VliEp4v1_normal.jpg,https://twitter.com/mdkail/status/580578748942168064,tweet_id:580578748942168064
Amazon Web Services,@awscloud,2015-03-23T16:00:15.000Z,True,Learn to control network access to EC2 instances w/ bastion servers on the  blog. http://oak.ctx.ly/r/2o9py,0,19,12,0,[],['@AWSIdentity'],[],https://pbs.twimg.com/profile_images/1641476962362302464/K8lb6OtN_normal.jpg,https://twitter.com/awscloud/status/580036343725617153,tweet_id:580036343725617153
Tom Mueller,@lrocket,2015-03-23T16:49:39.000Z,True,A fresh batch of Merlin 1Ds ready to take flight. http://imgur.com/r/spacex/pG9FC6R… via ,5,21,35,0,[],['@imgur'],[],https://pbs.twimg.com/profile_images/1748170544678318080/xAAtGDLU_normal.jpg,https://twitter.com/lrocket/status/580048775961432064,tweet_id:580048775961432064
Matt Reiferson,@imsnakes,2015-03-04T18:39:37.000Z,False,"this is great stuff - ""backoff and jitter"" http://awsarchitectureblog.com/2015/03/backoff.html…",2,11,10,0,[],[],[],https://pbs.twimg.com/profile_images/1667212880/bob_normal.jpg,https://twitter.com/imsnakes/status/573191081132572672,tweet_id:573191081132572672
AWS Identity,@AWSIdentity,2015-03-23T18:42:25.000Z,True,Newly available: AWS Customer Certification Workbook for IT-Grundschutz. http://amzn.to/18TgdiR,0,3,3,0,[],[],[],https://pbs.twimg.com/profile_images/1669346358330015745/sUZDM7a4_normal.jpg,https://twitter.com/AWSIdentity/status/580077154861379584,tweet_id:580077154861379584
Jesse Kallhoff,@JKallhoff,2015-03-22T23:24:15.000Z,False,How Stacks are Handled in Go. #golang http://pocket.co/soGiL4,0,9,22,0,['#golang'],[],[],https://pbs.twimg.com/profile_images/819711130591432704/RflEBId7_normal.jpg,https://twitter.com/JKallhoff/status/579785691552333824,tweet_id:579785691552333824
Pierre-Yves Ritschard,@pyr,2015-03-20T16:52:31.000Z,False,"An overview of vitess, the horizontally scalable MySQL compliant DB, and its scaling strategies: http://googlecloudplatform.blogspot.co.uk/2015/03/scaling-MySQL-in-the-cloud-with-Vitess-and-Kubernetes.html…",0,1,4,0,[],[],[],https://pbs.twimg.com/profile_images/1725540774471733248/kbOeCryQ_normal.jpg,https://twitter.com/pyr/status/578962331914342400,tweet_id:578962331914342400
¯\_(ツ)_/¯,@falzm,2015-03-20T17:20:51.000Z,False,"collectd-unbound, my first  plugin in #golang https://github.com/falzm/collectd-unbound… Thanks  for the bindings!",1,4,5,0,['#golang'],"['@collectd', '@flocto']",[],https://pbs.twimg.com/profile_images/1299616863635243009/47D41kkk_normal.jpg,https://twitter.com/falzm/status/578969463833411584,tweet_id:578969463833411584
Jeff Barr (@ ),(@,2015-03-19T12:24:31.000Z,True,"Now Available - 16 TB and 20,000 IOPS EBS Volumes - http://amzn.to/1B4w3Og #AWS",3,87,40,0,['#AWS'],[],[],https://pbs.twimg.com/profile_images/1516500629769768963/oic_gx9H_normal.jpg,https://twitter.com/jeffbarr/status/578532499631964161,tweet_id:578532499631964161
Daniel Walsh,@rhatdan,2015-03-19T13:46:40.000Z,False,My view on Future Security for  and Containers.    @opensourceway http://opensource.com/business/15/3/docker-security-future…,0,25,24,0,[],"['@docker', '@ProjectAtomic', '@RedHatNews']",[],https://pbs.twimg.com/profile_images/747865895817580544/_9jF9-5X_normal.jpg,https://twitter.com/rhatdan/status/578553175717724160,tweet_id:578553175717724160
Jon Daniel,@binarycleric,2015-03-18T15:05:09.000Z,False,"To anyone running OpenSSL: Tonight we eat, drink, and be merry for tomorrow we all burn.",8,90,57,0,[],[],[],https://pbs.twimg.com/profile_images/1620902285437210626/Fny9jsx1_normal.jpg,https://twitter.com/binarycleric/status/578210538355859456,tweet_id:578210538355859456
Adam Jacob,@adamhjk,2015-03-18T23:21:16.000Z,False,This should make companies used to competing with the old Microsoft afraid: https://github.com/Microsoft/msbuild/blob/master/LICENSE…,2,23,18,0,[],[],[],https://pbs.twimg.com/profile_images/942839783402889216/H44OYbaK_normal.jpg,https://twitter.com/adamhjk/status/578335390584590336,tweet_id:578335390584590336
francesc,@francesc,2015-03-19T01:46:42.000Z,False,"Everything is ready for my #golang talk ... at !
Wondering if it's the first one ever",5,16,36,0,['#golang'],['@Microsoft'],[],https://pbs.twimg.com/profile_images/1476592332912930820/i71lCh3w_normal.jpg,https://twitter.com/francesc/status/578371988206395394,tweet_id:578371988206395394
R.I.Pienaar,@ripienaar,2015-03-18T11:36:55.000Z,False,SSL http://permalink.gmane.org/gmane.comp.security.bugtraq/55807…,0,8,1,0,[],[],[],https://pbs.twimg.com/profile_images/257864204/ducks_normal.png,https://twitter.com/ripienaar/status/578158133312360448,tweet_id:578158133312360448
Hacker News Bot,@newsycombinator,2015-03-18T16:01:42.000Z,True,AeroFS is now free up to 30 users https://aerofs.com/blog/aerofs-is-now-free-up-to-30-users/…,1,10,13,0,[],[],[],https://pbs.twimg.com/profile_images/1534251337122295809/NGX0RlOw_normal.jpg,https://twitter.com/newsycombinator/status/578224768916316161,tweet_id:578224768916316161
francesc,@francesc,2015-03-17T21:05:12.000Z,False,"Collaborative Apps with #golang and  at Citrix
by  and : w/link!https://firebase.com/blog/2015-03-17-collaborative-go-apps-at-citrix.html…",1,4,11,0,['#golang'],"['@Firebase', '@MrGossett', '@zabawaba']",[],https://pbs.twimg.com/profile_images/1476592332912930820/i71lCh3w_normal.jpg,https://twitter.com/francesc/status/577938759875981312,tweet_id:577938759875981312
David Hernandez,@dahernan,2015-03-17T14:38:48.000Z,False,Service Discovery with Mangos and Go http://dahernan.github.io/2015/03/17/service-discovery-with-mangos-and-go/… #golang,1,6,13,0,['#golang'],[],[],https://pbs.twimg.com/profile_images/1367483052188979212/3ZmTZSsD_normal.jpg,https://twitter.com/dahernan/status/577841518142189568,tweet_id:577841518142189568
Jan Lehnardt is on Mastodon: @janl@narrativ.es,Jan Lehnardt is on Mastodon: @janl@narrativ.es,2015-03-16T19:54:53.000Z,False,New OpenSSL “high severity” issue(s) to be disclosed on March 19th. Prime your calendars.,12,344,109,0,[],[],[],https://pbs.twimg.com/profile_images/1151406614752169984/pJdsa0mM_normal.png,https://twitter.com/janl/status/577558675545522178,tweet_id:577558675545522178
Backtrace,@0xCD03,2015-03-13T20:03:17.000Z,False,Learn more about our blazingly-fast single-writer many-reader lock-free hash table at http://backtrace.io/blog/blog/2015/03/13/workload-specialization/…,2,18,26,0,[],[],[],https://pbs.twimg.com/profile_images/1481331718414077961/gF292Fib_normal.jpg,https://twitter.com/0xCD03/status/576473626062364672,tweet_id:576473626062364672
Golang Weekly,@golangweekly,2015-03-15T16:00:15.000Z,False,Go and the Modern Enterprise: https://youtube.com/watch?v=iFR_7AKkJFU… #video,0,7,24,0,['#video'],[],[],https://pbs.twimg.com/profile_images/554798224154701824/mWd3laxO_normal.png,https://twitter.com/golangweekly/status/577137242201845760,tweet_id:577137242201845760
Better angels playing mystic 9th chords of memory,@botchagalupe,2015-03-14T22:43:35.000Z,False,"Nicira, VMware, EMC and lots of inside baseball about a 1B+ deal gone wild ( http://ow.ly/Kl7cS )",0,2,4,0,[],[],[],https://pbs.twimg.com/profile_images/699669430737989633/p9GnDotP_normal.jpg,https://twitter.com/botchagalupe/status/576876356316864513,tweet_id:576876356316864513
Golang Weekly,@golangweekly,2015-03-14T19:27:08.000Z,False,Longest Common Subsequence (LCS) in Go: http://tepid.org/tech/go-lcs/,0,5,20,0,[],[],[],https://pbs.twimg.com/profile_images/554798224154701824/mWd3laxO_normal.png,https://twitter.com/golangweekly/status/576826918554714113,tweet_id:576826918554714113
Btrfs,@btrfs,2015-03-14T02:26:56.000Z,False,Oracle Linux 7.1 offers Production support for Btrfs with its UEK Release 3 (kernel-uek-3.8.13-55.1.5.el7uek.x86_64) http://goo.gl/VeLLkS,0,5,2,0,[],[],[],https://abs.twimg.com/sticky/default_profile_images/default_profile_normal.png,https://twitter.com/btrfs/status/576570174817468416,tweet_id:576570174817468416
CERT SocieteGenerale,@CertSG,2015-03-12T14:01:02.000Z,False,"We are proud to release FIR, our open source cybersecurity incident management platform! http://blog.cert.societegenerale.com/2015/03/meet-fir-our-cybersecurity-incident.html… #CSIRT #Cybersecurity",2,111,59,0,"['#CSIRT', '#Cybersecurity']",[],[],https://pbs.twimg.com/profile_images/727493931672473602/zPvQV4pr_normal.jpg,https://twitter.com/CertSG/status/576020073531441152,tweet_id:576020073531441152
Florian octo Forster,@flocto,2015-03-13T18:56:45.000Z,False,A pure-Go implementation of the #collectd network protocol. Client and server. Signing and encryption. https://godoc.org/collectd.org/network… #golang,0,17,14,0,"['#collectd', '#golang']",[],[],https://pbs.twimg.com/profile_images/373608926/octopus.icon2.80x80_normal.png,https://twitter.com/flocto/status/576456880769384448,tweet_id:576456880769384448
HAProxy Technologies,@HAProxy,2015-03-12T13:25:49.000Z,True,"Example of #HAProxy and #lua : implement a ""mirror"" webserver in #HAProxy http://blog.haproxy.com/2015/03/12/haproxy-1-6-dev1-and-lua/…",0,13,10,0,"['#HAProxy', '#lua', '#HAProxy']",[],[],https://pbs.twimg.com/profile_images/915241962139086848/4g10jehA_normal.jpg,https://twitter.com/HAProxy/status/576011211352993792,tweet_id:576011211352993792
jeff bryner,@0x7eff,2015-03-12T20:39:36.000Z,False,https://blog.mozilla.org/security/2015/03/12/introducing-masche-memory-scanning-for-server-security/… <--Act II in which Mozilla gets to scan memory in it's infrastructure in real time,1,14,13,0,[],[],[],https://pbs.twimg.com/profile_images/1555366882961633280/Dw6tEf7M_normal.jpg,https://twitter.com/0x7eff/status/576120378537332736,tweet_id:576120378537332736
Jeremy Eder,@jeremyeder,2015-03-11T12:18:57.000Z,False,New Blog Post:  Introducing the “rhel-tools” for RHEL Atomic Host http://wp.me/p2WBxv-1K11 via @rheldevelop /cc ,0,7,4,0,[],['@ProjectAtomic'],[],https://pbs.twimg.com/profile_images/1115395729718173697/0yUluK45_normal.jpg,https://twitter.com/jeremyeder/status/575631996841508864,tweet_id:575631996841508864
jeff bryner,@0x7eff,2015-03-12T23:15:35.000Z,False,http://enisa.europa.eu/activities/cert/support/exercise… <--I forget that ENISA has these great CIRT sample incident response exercises,0,1,3,0,[],[],[],https://pbs.twimg.com/profile_images/1555366882961633280/Dw6tEf7M_normal.jpg,https://twitter.com/0x7eff/status/576159634106384385,tweet_id:576159634106384385
Keith Chambers,@keithchambers,2015-03-12T23:40:32.000Z,False,We agree. Developers and open source are the futures! This is why we open soured https://github.com/CiscoCloud/microservices-infrastructure… ,0,10,5,0,[],['@CiscoCloud'],[],https://pbs.twimg.com/profile_images/1157860167850975232/s2b-cG4K_normal.jpg,https://twitter.com/keithchambers/status/576165911842852864,tweet_id:576165911842852864
Patrick McFadin,@PatrickMcFadin,2015-03-13T02:09:01.000Z,False,Endurance experiment kills six consumer SSDs over 18 months. Spoiler. My favorite drive won. By a landslide.  http://techreport.com/review/27909/the-ssd-endurance-experiment-theyre-all-dead…,3,16,17,0,[],[],[],https://pbs.twimg.com/profile_images/1604883629133377536/FcIceOKU_normal.jpg,https://twitter.com/PatrickMcFadin/status/576203278985244673,tweet_id:576203278985244673
highscalability,@highscal,2015-03-12T16:16:23.000Z,False,Paper: Staring into the Abyss: An Evaluation of Concurrency Control with One Thousand Cores http://goo.gl/fb/466nvi,1,22,30,0,[],[],[],https://pbs.twimg.com/profile_images/2597326889/jn0gn42n07wlncznyb1r_normal.jpeg,https://twitter.com/highscal/status/576054136950542336,tweet_id:576054136950542336
Sam Newman,@samnewman,2015-03-11T23:09:05.000Z,False,Hadn't spotted that Amazon had open sourced the ECS Agent for running docker on EC2: https://github.com/aws/amazon-ecs-agent… - nice move!,0,26,22,0,[],[],[],https://pbs.twimg.com/profile_images/585298659589267456/xAPhHpWz_normal.jpg,https://twitter.com/samnewman/status/575795608272809985,tweet_id:575795608272809985
Florian octo Forster,@flocto,2015-03-10T15:56:48.000Z,False,Writing #collectd exec plugins in #golang just became a lot easier ;-) https://github.com/octo/go-collectd/…,1,12,9,0,"['#collectd', '#golang']",[],[],https://pbs.twimg.com/profile_images/373608926/octopus.icon2.80x80_normal.png,https://twitter.com/flocto/status/575324435068121088,tweet_id:575324435068121088
Jeff Barr (@ ),(@,2015-03-09T17:33:58.000Z,True,"Moving all your data [to #AWS], 9 TB Edition - http://bit.ly/1x8Rr4e - Very helpful post from  .",1,15,15,0,['#AWS'],['@gitlab'],[],https://pbs.twimg.com/profile_images/1516500629769768963/oic_gx9H_normal.jpg,https://twitter.com/jeffbarr/status/574986496198905856,tweet_id:574986496198905856
Adrian Colyer,@adriancolyer,2015-03-09T16:47:02.000Z,False,ZooKeeper's ordering and performance goals led to a departure from Paxos... Why? And what does Zab do instead? http://blog.acolyer.org/2015/03/09/zab-high-performance-broadcast-for-primary-backup-systems/…,0,43,57,0,[],[],[],https://pbs.twimg.com/profile_images/902829228990709760/mWT4DjHt_normal.jpg,https://twitter.com/adriancolyer/status/574974684896346112,tweet_id:574974684896346112
Rob Miller,@n0nsequitarian,2015-03-09T21:59:36.000Z,False,Possibly the best post about technical hiring I've ever read: http://is.gd/kdmvwr,0,1,2,0,[],[],[],https://pbs.twimg.com/profile_images/1260777931577552897/gRuF7Ljm_normal.png,https://twitter.com/n0nsequitarian/status/575053347377512448,tweet_id:575053347377512448
mike d. kail,@mdkail,2015-03-10T00:11:20.000Z,False,OpenSSL To Undergo Major Audit http://darkreading.com/openssl-to-undergo-major-audit/d/d-id/1319392…,1,1,0,0,[],[],[],https://pbs.twimg.com/profile_images/1601641549757968385/VliEp4v1_normal.jpg,https://twitter.com/mdkail/status/575086500129304578,tweet_id:575086500129304578
Noah Kantrowitz,@kantrn,2015-03-10T01:01:49.000Z,False,For anyone that doesn't understand why others distrust Docker for security isolation: http://googleprojectzero.blogspot.com/2015/03/exploiting-dram-rowhammer-bug-to-gain.html…,5,2,6,0,[],[],[],https://pbs.twimg.com/profile_images/1170359603/avatar_original_normal.png,https://twitter.com/kantrn/status/575099202340003840,tweet_id:575099202340003840
Jim Perrin is also @jperrin@mastodon.social,Jim Perrin is also @jperrin@mastodon.social,2015-03-06T15:52:33.000Z,False,This. I like where this is going. https://github.com/OpenSCAP/container-compliance…,0,14,6,0,[],[],[],https://pbs.twimg.com/profile_images/1293616749774921728/IjoyfW2m_normal.jpg,https://twitter.com/BitIntegrity/status/573873810375450624,tweet_id:573873810375450624
Constantin Pârțac,@quosco,2015-03-06T16:04:15.000Z,False,"""Netflix built a great monitoring system which has the side effect of streaming movies"" -  via  #qconlondon",0,61,42,0,['#qconlondon'],"['@adrianco', '@royrapoport']",[],https://pbs.twimg.com/profile_images/1531854584/Budapesta_092_normal.jpg,https://twitter.com/quosco/status/573876756253384704,tweet_id:573876756253384704
Kelsey Hightower,@kelseyhightower,2015-03-06T17:59:21.000Z,True,New basic set of benchmarks for etcd have been posted. We now have a baseline to improve on. https://github.com/coreos/etcd/tree/master/Documentation/benchmarks…,0,3,5,0,[],[],[],https://pbs.twimg.com/profile_images/1204077305271705606/j5XjhPAt_normal.jpg,https://twitter.com/kelseyhightower/status/573905724096405504,tweet_id:573905724096405504
jeff bryner,@0x7eff,2015-03-04T23:22:57.000Z,False,http://mitre.org/sites/default/files/publications/pr-13-1028-mitre-10-strategies-cyber-ops-center.pdf… <--been getting a lot of mileage out of this great MITRE doc on the 10 strategies for Security Operations Centers,1,2,3,0,[],[],[],https://pbs.twimg.com/profile_images/1555366882961633280/Dw6tEf7M_normal.jpg,https://twitter.com/0x7eff/status/573262381494624256,tweet_id:573262381494624256
Ben Golub,@golubbe,2015-03-04T17:11:09.000Z,True,Excited  joining  to build APIs & collaborate w/ networking ecosystem http://blog.docker.com/2015/03/socketplane-excited-to-be-joining-docker-to-collaborate-with-networking-ecosystem/…,0,24,20,0,[],"['@socketplane', '@docker']",[],https://pbs.twimg.com/profile_images/378800000173361347/71ebc66cb0bae6206a3b6187472da628_normal.png,https://twitter.com/golubbe/status/573168818073182208,tweet_id:573168818073182208
Vektra,@vektrasays,2015-03-05T00:44:57.000Z,False,"templar, a great way to manage connections to HTTP APIs. Timeouts, caching, request collapsing, metrics.",0,12,17,0,[],[],[],https://pbs.twimg.com/profile_images/545698523480465408/4z-LFPJO_normal.jpeg,https://twitter.com/vektrasays/status/573283017629806592,tweet_id:573283017629806592
Tyler Treat,@tyler_treat,2015-03-05T04:09:05.000Z,False,Awesome read (and talk) on stream processing by  - http://blog.confluent.io/2015/03/04/turning-the-database-inside-out-with-apache-samza/…,0,2,4,0,[],['@martinkl'],[],https://pbs.twimg.com/profile_images/1064559405511798786/MECPOXCk_normal.jpg,https://twitter.com/tyler_treat/status/573334391533010944,tweet_id:573334391533010944
Go,@golang,2015-03-04T22:21:00.000Z,True,Need your Go video fix? The London Go Gathering videos are now available! #golang,1,43,68,0,['#golang'],[],[],https://pbs.twimg.com/profile_images/1142154201444823041/O6AczwfV_normal.png,https://twitter.com/golang/status/573246791350525952,tweet_id:573246791350525952
jeff bryner,@0x7eff,2015-03-03T16:16:02.000Z,False,http://daniel.haxx.se/http2/http2-v1.10.pdf… <--http2 y'all,0,3,0,0,[],[],[],https://pbs.twimg.com/profile_images/1555366882961633280/Dw6tEf7M_normal.jpg,https://twitter.com/0x7eff/status/572792557006012416,tweet_id:572792557006012416
Pierre-Yves Ritschard,@pyr,2015-03-03T19:50:36.000Z,False,looks like I can soon stop using puppet as my go-to PKI http://pki.io (previous approach: http://spootnik.org/entries/2013/05/30_neat-trick-using-puppet-as-your-internal-ca.html…),0,4,4,0,[],[],[],https://pbs.twimg.com/profile_images/1725540774471733248/kbOeCryQ_normal.jpg,https://twitter.com/pyr/status/572846554844925952,tweet_id:572846554844925952
Open Culture,@openculture,2015-03-01T19:31:09.000Z,True,"The Feynman Lectures on Physics, Most Popular Physics Book Ever Written, Now Free Online http://goo.gl/TRsYFg",5,253,254,0,[],[],[],https://pbs.twimg.com/profile_images/851645340830715904/jrs1gcNM_normal.jpg,https://twitter.com/openculture/status/572116886709669888,tweet_id:572116886709669888
The New Stack,@thenewstack,2015-03-02T23:38:12.000Z,True,"Running Hadoop on Docker, in Production and at Scale http://buff.ly/1EHyVGW #thenewstack",0,10,11,0,['#thenewstack'],[],[],https://pbs.twimg.com/profile_images/650494844536647680/kxpz8kAv_normal.png,https://twitter.com/thenewstack/status/572541446978465793,tweet_id:572541446978465793
Jeff Barr (@ ),(@,2015-03-02T18:00:58.000Z,True,Important Update About Upcoming #AWS Maintenance - http://amzn.to/1B2y1lv,4,27,10,0,['#AWS'],[],[],https://pbs.twimg.com/profile_images/1516500629769768963/oic_gx9H_normal.jpg,https://twitter.com/jeffbarr/status/572456578672173056,tweet_id:572456578672173056
Dmitry Vyukov,@dvyukov,2015-03-02T06:51:15.000Z,False,Spoke at C++ conference #cpprussia. Got questions about #Golang and a quite gopher as a present.,0,7,23,0,"['#cpprussia', '#Golang']",[],[],https://pbs.twimg.com/profile_images/1160524808096030720/dlWZ4tWj_normal.jpg,https://twitter.com/dvyukov/status/572288039210393600,tweet_id:572288039210393600
Pierre-Yves Ritschard,@pyr,2015-03-02T10:29:46.000Z,False,"haproxy will now have lua scripting support, this is awesome. http://marc.info/?l=haproxy&m=142516291925089&w=2…",0,23,12,0,[],[],[],https://pbs.twimg.com/profile_images/1725540774471733248/kbOeCryQ_normal.jpg,https://twitter.com/pyr/status/572343031124377600,tweet_id:572343031124377600
Chris Hadfield,@Cmdr_Hadfield,2015-02-27T17:38:03.000Z,True,"Leonard, you lived long and prospered, and were an inspiration to me and to millions. Rest in peace.",91,"7,126","8,369",0,[],[],[],https://pbs.twimg.com/profile_images/1405884872451842052/JKM8Rqui_normal.jpg,https://twitter.com/Cmdr_Hadfield/status/571363646573584384,tweet_id:571363646573584384
w h i t,@whit,2015-02-27T22:58:39.000Z,False,excited about sandboxed inputs and outputs. lots of  good  stuff in new heka 0.9.0: https://github.com/mozilla-services/heka/releases/tag/v0.9.0…,0,2,3,0,[],[],[],https://pbs.twimg.com/profile_images/1316019172057309184/LJkfg65Q_normal.jpg,https://twitter.com/whit/status/571444326749712384,tweet_id:571444326749712384
Tim Yardley,@timyardley,2015-02-28T01:18:33.000Z,False,SCALE13x: Linux Profiling at Netflix http://brendangregg.com/blog/2015-02-27/linux-profiling-at-netflix.html…,0,1,1,0,[],[],[],https://pbs.twimg.com/profile_images/1605595327158943744/W-vddbGi_normal.jpg,https://twitter.com/timyardley/status/571479535167934464,tweet_id:571479535167934464
Jeffrey Snover,@jsnover,2015-02-28T03:42:26.000Z,False,.  I told a couple thousand people that they needed to stop what they were doing and go order your book!,1,2,2,0,[],"['@RealGeneKim', '@skeeter_67']",[],https://pbs.twimg.com/profile_images/1390707151614595073/fnKxlLaV_normal.jpg,https://twitter.com/jsnover/status/571515746720727040,tweet_id:571515746720727040
Staten7,@Staten7,2015-02-28T01:47:56.000Z,False,"Another Xen Hypervisor Security Issue Pushes AWS, Rackspace to Reboot Cloud Servers http://zite.to/1G1ywk3",0,31,8,0,[],[],[],https://pbs.twimg.com/profile_images/101172155/James-Staten_normal.gif,https://twitter.com/Staten7/status/571486929293746176,tweet_id:571486929293746176
Better angels playing mystic 9th chords of memory,@botchagalupe,2015-02-27T20:03:34.000Z,False,Actually had an old friend call me today regarding my post and their burnout. Like I said I am serious about this ( http://ow.ly/JK0NU ),10,42,46,0,[],[],[],https://pbs.twimg.com/profile_images/699669430737989633/p9GnDotP_normal.jpg,https://twitter.com/botchagalupe/status/571400267503153152,tweet_id:571400267503153152
Brad Fitzpatrick,@bradfitz,2015-02-26T20:02:09.000Z,False,"gRPC! http://grpc.ioSee http://googledevelopers.blogspot.co.uk/2015/02/introducing-grpc-new-open-source-http2.html… & http://corner.squareup.com/2015/02/grpc.html… 
I'm glad to have helped a bit, with #golang  parts.",3,47,73,0,['#golang'],['@HTTP_2'],[],https://pbs.twimg.com/profile_images/1350628585942388740/5nPKOyDc_normal.jpg,https://twitter.com/bradfitz/status/571037525021581312,tweet_id:571037525021581312
Docker Build Cloud is here!,@Docker,2015-02-25T17:14:12.000Z,True,Cool  machine screencast - deploy  everywhere by  https://developer.atlassian.com/blog/2015/02/docker-machine-screencast… … #docker #devops ,0,10,33,0,"['#docker', '#devops']","['@Docker', '@Atlassian', '@durdn', '@atlassiandev']",[],https://pbs.twimg.com/profile_images/1749553035133566976/hMA0FbDk_normal.jpg,https://twitter.com/Docker/status/570632871108435968,tweet_id:570632871108435968
OpenStack,@OpenStack,2015-02-26T04:16:03.000Z,False,Demo of Kubernetes on Openstack. http://ow.ly/i/8MXc2 http://ow.ly/i/8MXcn http://ow.ly/i/8MXcu,1,23,25,0,[],[],[],https://pbs.twimg.com/profile_images/810981601253261312/V1zRfeKR_normal.jpg,https://twitter.com/OpenStack/status/570799429088899073,tweet_id:570799429088899073
Go,@golang,2015-02-25T22:58:59.000Z,True,"""Hacking with Andrew and Brad"": watch  and  implement an HTTP/2 client.https://youtube.com/watch?v=yG-UaBJXZ80…#golang",2,60,137,0,['#golang'],"['@enneff', '@bradfitz']",[],https://pbs.twimg.com/profile_images/1142154201444823041/O6AczwfV_normal.png,https://twitter.com/golang/status/570719635525357568,tweet_id:570719635525357568
Tyler Treat,@tyler_treat,2015-02-22T18:28:38.000Z,False,NATS - A new nervous system for distributed cloud platforms - http://slideshare.net/derekcollison/nats-a-new-nervous-system-for-distributed-cloud-platforms… #CSLOTD,0,2,1,0,['#CSLOTD'],[],[],https://pbs.twimg.com/profile_images/1064559405511798786/MECPOXCk_normal.jpg,https://twitter.com/tyler_treat/status/569564436224086016,tweet_id:569564436224086016
Kelsey Hightower,@kelseyhightower,2015-02-23T02:23:18.000Z,True,rqlite - Replicated SQLite using the Raft consensus protocol,1,4,17,0,[],[],[],https://pbs.twimg.com/profile_images/1204077305271705606/j5XjhPAt_normal.jpg,https://twitter.com/kelseyhightower/status/569683890161319936,tweet_id:569683890161319936
Hacker News Bot,@newsycombinator,2015-02-20T13:01:29.000Z,True,"Mumbling Isn’t a Sign of Laziness, It’s a Clever Data-Compression Trick http://nautil.us/blog/mumbling-isnt-a-sign-of-lazinessits-a-clever-data_compression-trick…",1,13,24,0,[],[],[],https://pbs.twimg.com/profile_images/1534251337122295809/NGX0RlOw_normal.jpg,https://twitter.com/newsycombinator/status/568757329627357185,tweet_id:568757329627357185
Tyler Treat,@tyler_treat,2015-02-20T16:00:35.000Z,False,Real time insights into LinkedIn's performance using Apache Samza - http://engineering.linkedin.com/samza/real-time-insights-linkedins-performance-using-apache-samza… #CSLOTD,0,2,2,0,['#CSLOTD'],[],[],https://pbs.twimg.com/profile_images/1064559405511798786/MECPOXCk_normal.jpg,https://twitter.com/tyler_treat/status/568802403669188609,tweet_id:568802403669188609
Mitchell Hashimoto,@mitchellh,2015-02-19T21:39:57.000Z,False,"Consul 0.5: Automated clustering, ACLs++, lock command, maintenance mode, ephemeral keys, key rotation, and more. https://hashicorp.com/blog/consul-0-5.html…",0,56,38,0,[],[],[],https://pbs.twimg.com/profile_images/1141762999838842880/64_Y4_XB_normal.jpg,https://twitter.com/mitchellh/status/568525420850606080,tweet_id:568525420850606080
jeff bryner,@0x7eff,2015-02-18T17:16:24.000Z,False,https://vreplay.mozilla.com/replay/showRecordDetails.html?recId=1655… <-- Winter of Security students demo'd their realtime go memory forensic tool live on vidyo. Check it out!,1,3,1,0,[],['@Mozilla'],[],https://pbs.twimg.com/profile_images/1555366882961633280/Dw6tEf7M_normal.jpg,https://twitter.com/0x7eff/status/568096708724281344,tweet_id:568096708724281344
Brendan Gregg,@brendangregg,2015-02-18T17:39:37.000Z,False,new Netflix tech blog post on performance analysis: A Microscope on Microservices http://techblog.netflix.com/2015/02/a-microscope-on-microservices.html… (),0,37,58,0,[],['@coburnw'],[],https://pbs.twimg.com/profile_images/1503350895068999684/Aihfrwxq_normal.jpg,https://twitter.com/brendangregg/status/568102549770776576,tweet_id:568102549770776576
Kelsey Hightower,@kelseyhightower,2015-02-18T18:54:32.000Z,True,"Breaking down the white papers: Time, Clocks, and Ordering of Events in a Distributed System - http://swizec.com/blog/week-7-time-clocks-and-ordering-of-events-in-a-distributed-system/swizec/6444…",0,9,8,0,[],[],[],https://pbs.twimg.com/profile_images/1204077305271705606/j5XjhPAt_normal.jpg,https://twitter.com/kelseyhightower/status/568121404593291264,tweet_id:568121404593291264
jeff bryner,@0x7eff,2015-02-18T19:54:44.000Z,False,https://github.com/mozilla/masche <--code repository for the Masche golang memory forensic library if you are interested.,0,6,1,0,[],[],[],https://pbs.twimg.com/profile_images/1555366882961633280/Dw6tEf7M_normal.jpg,https://twitter.com/0x7eff/status/568136553240743936,tweet_id:568136553240743936
Kelsey Hightower,@kelseyhightower,2015-02-14T23:06:09.000Z,True,Great introduction: Distributed Systems for Fun and Profit - http://book.mixu.net/distsys,0,3,16,0,[],[],[],https://pbs.twimg.com/profile_images/1204077305271705606/j5XjhPAt_normal.jpg,https://twitter.com/kelseyhightower/status/566735173048209408,tweet_id:566735173048209408
Patrick McFadin,@PatrickMcFadin,2015-02-14T22:39:57.000Z,False,The State of Go slide deck  https://talks.golang.org/2015/state-of-go.slide#1…,1,11,27,0,[],[],[],https://pbs.twimg.com/profile_images/1604883629133377536/FcIceOKU_normal.jpg,https://twitter.com/PatrickMcFadin/status/566728580252442624,tweet_id:566728580252442624
Martin Thompson,@mjpt777,2015-02-13T10:39:56.000Z,False,  And SBE is ~20X faster than Protobufs ;-) http://mechanical-sympathy.blogspot.co.uk/2014/05/simple-binary-encoding.html…,1,9,27,0,[],"['@samnewman', '@adrianco']",[],https://pbs.twimg.com/profile_images/1467106821/Ren_normal.jpg,https://twitter.com/mjpt777/status/566184992548872192,tweet_id:566184992548872192
Engineering,@XEng,2015-02-12T17:09:28.000Z,True,We're excited to announce the 0.7.0 release of  and share the story of Aurora:,2,44,41,0,[],['@ApacheAurora'],[],https://pbs.twimg.com/profile_images/1683502255574593536/anU7i4uA_normal.jpg,https://twitter.com/XEng/status/565920635126165504,tweet_id:565920635126165504
Docker Build Cloud is here!,@Docker,2015-02-12T18:29:38.000Z,True,"The New Minimalist Operating Systems: Snappy  core, ,  https://blog.docker.com/2015/02/the-new-minimalist-operating-systems/… by  from  #OS",0,27,33,0,['#OS'],"['@ubuntu', '@ProjectAtomic', '@coreoslinux', '@psftw', '@docker']",[],https://pbs.twimg.com/profile_images/1749553035133566976/hMA0FbDk_normal.jpg,https://twitter.com/Docker/status/565940809757773824,tweet_id:565940809757773824
mike d. kail,@mdkail,2015-02-11T21:34:29.000Z,False,"Facebook launches 6-pack, an open-source switch for moving your data around its network http://venturebeat.com/2015/02/11/facebook-launches-6-pack-a-modular-switch-for-moving-your-data-around-its-network-faster/… #tech",0,6,3,0,['#tech'],[],[],https://pbs.twimg.com/profile_images/1601641549757968385/VliEp4v1_normal.jpg,https://twitter.com/mdkail/status/565624940536549379,tweet_id:565624940536549379
lhawthorn@floss.social,lhawthorn@floss.social,2015-02-11T09:05:40.000Z,False,"#Kibana 4, the beer analytics engine: http://bit.ly/16SfjlY > Fun post on using K4 to analyze pricing & significant terms #Elasticsearch",3,16,15,0,"['#Kibana', '#Elasticsearch']",[],[],https://pbs.twimg.com/profile_images/1060581505519546369/v6RtXMZK_normal.jpg,https://twitter.com/lhawthorn/status/565436493993619456,tweet_id:565436493993619456
Mike Rundle,@flyosity,2015-02-10T19:42:55.000Z,True,The incredible engineering backflips that Flipboard endured to make their mobile web app fast. Mind-blowing stuff. http://engineering.flipboard.com/2015/02/mobile-web/…,4,85,118,0,[],[],[],https://pbs.twimg.com/profile_images/1757985710965960704/o07JGlgp_normal.jpg,https://twitter.com/flyosity/status/565234477300195329,tweet_id:565234477300195329
"Adrian Munteanu,",@adimunteanu,2015-02-11T05:06:22.000Z,False,Information Systems Auditing: Tools and Techniques https://lnkd.in/bWxuhxs,0,2,0,0,[],[],[],https://pbs.twimg.com/profile_images/1502167484299821062/GRJ-i3gm_normal.jpg,https://twitter.com/adimunteanu/status/565376275398004737,tweet_id:565376275398004737
Jeff Barr (@ ),(@,2015-02-10T17:55:56.000Z,True,Box Enterprise Key Management - Powered by #AWS CloudHSM - http://amzn.to/1z4UVW3 (CC:  ),1,16,10,0,['#AWS'],['@BoxHQ'],[],https://pbs.twimg.com/profile_images/1516500629769768963/oic_gx9H_normal.jpg,https://twitter.com/jeffbarr/status/565207551814692864,tweet_id:565207551814692864
Adrian Cockcroft - now @adrianco@mastodon.social,Adrian Cockcroft - now @adrianco@mastodon.social,2015-02-10T19:49:33.000Z,False,Powerful dynamically scriptable/versioned API plugins based on Groovy/JVM via Cassandra  #Nicobar http://buff.ly/1zHkDnl,1,17,11,0,['#Nicobar'],['@NetflixOSS'],[],https://pbs.twimg.com/profile_images/1451253100497408000/9aAX3kP3_normal.jpg,https://twitter.com/adrianco/status/565236144322125825,tweet_id:565236144322125825
Amazon Web Services,@awscloud,2015-02-10T20:08:44.000Z,True,AWS Config is now available to all customers worldwide in 4 regions. http://oak.ctx.ly/r/2gnn6,0,26,12,0,[],[],[],https://pbs.twimg.com/profile_images/1641476962362302464/K8lb6OtN_normal.jpg,https://twitter.com/awscloud/status/565240974323236865,tweet_id:565240974323236865
Adrian Cockcroft - now @adrianco@mastodon.social,Adrian Cockcroft - now @adrianco@mastodon.social,2015-02-09T03:41:15.000Z,False,RT : Was 2014 the end of enterprise computing? https://gigaom.com/2015/02/08/was-2014-the-end-of-enterprise-computing/… < by me :-),6,40,18,0,[],['@gigaom'],[],https://pbs.twimg.com/profile_images/1451253100497408000/9aAX3kP3_normal.jpg,https://twitter.com/adrianco/status/564630076697100288,tweet_id:564630076697100288
Daniel Lobato,@dLobatog,2015-02-07T15:02:10.000Z,False,"SCAPtimony, government policies compliance in Foreman > cool presentation  if you deal w/ this stuff. https://isimluk.fedorapeople.org/slides/2015devconf-compliance_center.pdf…",0,2,2,0,[],['@devconf_cz'],[],https://pbs.twimg.com/profile_images/1432388725158432772/7nBF7KpS_normal.jpg,https://twitter.com/dLobatog/status/564076661986324480,tweet_id:564076661986324480
Jeff Barr (@ ),(@,2015-02-06T18:52:25.000Z,True,#AWS Elastic Beanstalk Now Supports #golang - http://amzn.to/1DIBWni - Read our walkthrough at http://amzn.to/1DIBWni to get started!,1,22,10,0,"['#AWS', '#golang']",[],[],https://pbs.twimg.com/profile_images/1516500629769768963/oic_gx9H_normal.jpg,https://twitter.com/jeffbarr/status/563772216073281537,tweet_id:563772216073281537
keeb,@nickstinemates,2015-02-05T15:42:51.000Z,False, Linux now hosted on Docker Hub. Significant milestone as  hub distributes commercial software. http://oracle.com/us/corporate/press/2415507?rssid=rss_ocom_pr…,0,19,18,0,[],"['@Oracle', '@docker']",[],https://pbs.twimg.com/profile_images/1659276641665941504/ZVbySKiw_normal.jpg,https://twitter.com/nickstinemates/status/563362124118769665,tweet_id:563362124118769665
francesc,@francesc,2015-02-04T13:17:24.000Z,False,"The slides for my #golang talk ""JSON, interfaces, and go generate"" from yesterday's #GoGathering are now online: http://talks.golang.org/2015/json.slide#1…",3,16,60,0,"['#golang', '#GoGathering']",[],[],https://pbs.twimg.com/profile_images/1476592332912930820/i71lCh3w_normal.jpg,https://twitter.com/francesc/status/562963130394091521,tweet_id:562963130394091521
Matthias Nüßler ,@nuessler,2015-02-01T20:10:56.000Z,False,How a company with nearly $400 million in assets went bankrupt in 45 minutes because of a failed deployment. http://dougseven.com/2014/04/17/knightmare-a-devops-cautionary-tale/… #devops,6,248,140,0,['#devops'],[],[],https://pbs.twimg.com/profile_images/1353369568601911296/3UM6SYQO_normal.jpg,https://twitter.com/nuessler/status/561980037369700354,tweet_id:561980037369700354
Weaveworks,@weaveworks,2015-02-03T15:17:22.000Z,False,"Weave, the #Docker network: new release! Better DNS, more resilience and improved diagnostics. https://github.com/zettio/weave/releases/tag/v0.9.0…",0,28,9,0,['#Docker'],[],[],https://pbs.twimg.com/profile_images/595897115366133761/WuVl9tqw_normal.png,https://twitter.com/weaveworks/status/562630932122046464,tweet_id:562630932122046464
Go,@golang,2015-02-03T10:59:51.000Z,True,The  winners have been announced! http://gophergala.com/blog/gopher/gala/2015/02/03/winners/…Some very cool #golang projects.,3,23,19,0,['#golang'],['@GopherGala'],[],https://pbs.twimg.com/profile_images/1142154201444823041/O6AczwfV_normal.png,https://twitter.com/golang/status/562566127708938241,tweet_id:562566127708938241
Cosmin Ilie,@Cosmin_Ilie,2015-02-03T11:08:04.000Z,False,http://goffee.io,0,0,0,0,[],[],[],https://pbs.twimg.com/profile_images/1359580000744321026/QvIXPHFA_normal.jpg,https://twitter.com/Cosmin_Ilie/status/562568197669683200,tweet_id:562568197669683200
Brad Fitzpatrick,@bradfitz,2015-02-02T16:01:04.000Z,False,Just made ~90 min video of me+ writing the Go  client. It works! ~corners  for brevity; Code: https://github.com/bradfitz/http2/commit/fcb18dbb… #golang,1,19,52,0,['#golang'],"['@enneff', '@HTTP_2']",['\\u2702'],https://pbs.twimg.com/profile_images/1350628585942388740/5nPKOyDc_normal.jpg,https://twitter.com/bradfitz/status/562279545576099840,tweet_id:562279545576099840
@jordansissel,@jordansissel,2015-02-02T00:57:16.000Z,False,A web framework tutorial that doesn't have me write a todo app? AMAZE. http://campus.codeschool.com/courses/shaping-up-with-angular-js…,1,1,1,0,[],[],[],https://pbs.twimg.com/profile_images/1420172894831714307/OdGq48Z7_normal.jpg,https://twitter.com/jordansissel/status/562052093041586177,tweet_id:562052093041586177
Barb Darrow,@gigabarb,2015-01-31T17:31:48.000Z,False,#aws gets with the #Golang program https://gigaom.com/2015/01/30/aws-gets-with-the-golang-program/… via ,1,13,6,0,"['#aws', '#Golang']",['@gigaom'],[],https://pbs.twimg.com/profile_images/2095918482/MARVINScreen_Shot_2012-04-09_at_3.57.05_PM_normal.jpg,https://twitter.com/gigabarb/status/561577602247589889,tweet_id:561577602247589889
Eric Florenzano,@ericflo,2015-01-30T18:41:36.000Z,False,I just published “Facebook just taught us all how to build websites” https://medium.com/@ericflo/facebook-just-taught-us-all-how-to-build-websites-51f1e7e996f2?source=tw-8f16f1cbdbfc-1422643281432…,17,103,154,0,[],['https://medium.com/@ericflo/facebook-just-taught-us-all-how-to-build-websites-51f1e7e996f2?source=tw-8f16f1cbdbfc-1422643281432…'],[],https://pbs.twimg.com/profile_images/1586576938730065920/CaVpNbvs_normal.jpg,https://twitter.com/ericflo/status/561232778088304640,tweet_id:561232778088304640
mike d. kail,@mdkail,2015-02-01T01:09:31.000Z,False,"""The Army Just Open-Sourced Its Security Software"" http://prsm.tc/pykKEJ #InfoSec #CIO",1,10,9,0,"['#InfoSec', '#CIO']",[],[],https://pbs.twimg.com/profile_images/1601641549757968385/VliEp4v1_normal.jpg,https://twitter.com/mdkail/status/561692790631849984,tweet_id:561692790631849984
stahnma,@stahnma,2015-02-01T04:53:30.000Z,False,I found this to be pretty awesome. Use SSH to sign into web sites POC. https://vtllf.org/blog/ssh-web-sign-in…,0,3,3,0,[],[],[],https://pbs.twimg.com/profile_images/961310210177482752/Zlu8qk_d_normal.jpg,https://twitter.com/stahnma/status/561749157778452480,tweet_id:561749157778452480
We Are Netflix,@WeAreNetflix,2015-01-30T21:54:19.000Z,True,We like  #reactjs and you can too! http://techblog.netflix.com/2015/01/netflix-likes-react.html…,0,6,6,0,['#reactjs'],['@fbOpenSource'],[],https://pbs.twimg.com/profile_images/1194737229504991232/ht17Ccg0_normal.jpg,https://twitter.com/WeAreNetflix/status/561281279870517248,tweet_id:561281279870517248
Atlassian,@Atlassian,2015-01-29T18:19:59.000Z,True,We're excited to announce that Stash is now on ! Learn more and get running in a jiffy! http://ow.ly/IavVX,0,54,29,0,[],['@docker'],[],https://pbs.twimg.com/profile_images/1377989668189405192/II6ZfJPK_normal.png,https://twitter.com/Atlassian/status/560864951607525376,tweet_id:560864951607525376
Amazon Web Services,@awscloud,2015-01-29T18:48:11.000Z,True,Develop in the Go programming language? Learn about the upcoming #AWS SDK for Go: http://oak.ctx.ly/r/2ef09,1,51,38,0,['#AWS'],[],[],https://pbs.twimg.com/profile_images/1641476962362302464/K8lb6OtN_normal.jpg,https://twitter.com/awscloud/status/560872050336616448,tweet_id:560872050336616448
Golang Weekly,@golangweekly,2015-01-29T20:43:54.000Z,False,Coming Soon – The Amazon Web Services SDK for Go:,0,32,23,0,[],[],[],https://pbs.twimg.com/profile_images/554798224154701824/mWd3laxO_normal.png,https://twitter.com/golangweekly/status/560901168696930305,tweet_id:560901168696930305
"Adrian Munteanu,",@adimunteanu,2015-01-29T21:05:26.000Z,False,ENISA Cloud Certification Schemes Metaframework https://lnkd.in/eVBG6As,0,1,1,0,[],[],[],https://pbs.twimg.com/profile_images/1502167484299821062/GRJ-i3gm_normal.jpg,https://twitter.com/adimunteanu/status/560906590081925120,tweet_id:560906590081925120
Mitchell Hashimoto,@mitchellh,2015-01-30T02:03:45.000Z,False,"This got lost in the airplane stuff, so tweeting again: Good personal history of my journey to get to where I am.",0,14,18,0,[],[],[],https://pbs.twimg.com/profile_images/1141762999838842880/64_Y4_XB_normal.jpg,https://twitter.com/mitchellh/status/560981661731393537,tweet_id:560981661731393537
Cory LaNou,@corylanou,2015-01-25T18:49:20.000Z,False,MIT teaching a course in distributed systems using Go http://nil.csail.mit.edu/6.824/2015/index.html… #golang,2,20,30,0,['#golang'],[],[],https://pbs.twimg.com/profile_images/1436435661737930757/H-7wdtB4_normal.jpg,https://twitter.com/corylanou/status/559422786104344576,tweet_id:559422786104344576
mike d. kail,@mdkail,2015-01-22T00:00:14.000Z,False,Introducing Espresso - LinkedIn's hot new distributed document store | LinkedIn Engineering http://engineering.linkedin.com/espresso/introducing-espresso-linkedins-hot-new-distributed-document-store…,2,6,12,0,[],[],[],https://pbs.twimg.com/profile_images/1601641549757968385/VliEp4v1_normal.jpg,https://twitter.com/mdkail/status/558051473846992897,tweet_id:558051473846992897
Tim Yardley,@timyardley,2015-01-22T00:29:11.000Z,False,Building Massively-Scalable Distributed Systems using Go and Mesos http://java.dzone.com/articles/building-massively-scalable…,0,1,1,0,[],[],[],https://pbs.twimg.com/profile_images/1605595327158943744/W-vddbGi_normal.jpg,https://twitter.com/timyardley/status/558058760913313792,tweet_id:558058760913313792
ahmetb,@ahmetb,2015-01-14T20:05:30.000Z,True,Just posted a piece about running  on Linux with  on the official .NET WebDev blog. Read here: http://blogs.msdn.com/b/webdev/archive/2015/01/14/running-asp-net-5-applications-in-linux-containers-with-docker.aspx…,1,48,45,0,[],"['@ASPNET', '@Docker']",['\\U0001f433'],https://pbs.twimg.com/profile_images/1621769650412584961/MbnqgDNm_normal.jpg,https://twitter.com/ahmetb/status/555455686872530944,tweet_id:555455686872530944
Golang Weekly,@golangweekly,2015-01-14T20:27:03.000Z,False,Stack Traces In Go: http://goinggo.net/2015/01/stack-traces-in-go.html…,0,8,14,0,[],[],[],https://pbs.twimg.com/profile_images/554798224154701824/mWd3laxO_normal.png,https://twitter.com/golangweekly/status/555461109470478337,tweet_id:555461109470478337
Rob Miller,@n0nsequitarian,2015-01-15T00:49:51.000Z,False,"And again, for the evening twitterers: Blogged about log parsing performance in Heka: http://is.gd/3ZnUGq #devops #golang #lua",0,5,10,0,"['#devops', '#golang', '#lua']",[],[],https://pbs.twimg.com/profile_images/1260777931577552897/gRuF7Ljm_normal.png,https://twitter.com/n0nsequitarian/status/555527247168147456,tweet_id:555527247168147456
Golang Weekly,@golangweekly,2015-01-12T13:36:08.000Z,False,BadActor: An In-Memory Application Driven Jailer Written in Go - http://buff.ly/14LtgAZ,0,7,15,0,[],[],[],https://pbs.twimg.com/profile_images/554798224154701824/mWd3laxO_normal.png,https://twitter.com/golangweekly/status/554632924914798592,tweet_id:554632924914798592
Golang Weekly,@golangweekly,2015-01-13T02:18:16.000Z,False,Errors Are Values: http://blog.golang.org/errors-are-values…,1,9,11,0,[],[],[],https://pbs.twimg.com/profile_images/554798224154701824/mWd3laxO_normal.png,https://twitter.com/golangweekly/status/554824721662246913,tweet_id:554824721662246913
Kelsey Hightower,@kelseyhightower,2015-01-11T20:01:59.000Z,True,Great intro to Rust by :  Intro to the Rust programming language - https://youtube.com/watch?v=agzf6ftEsLU…,0,6,17,0,[],['@alex_crichton'],[],https://pbs.twimg.com/profile_images/1204077305271705606/j5XjhPAt_normal.jpg,https://twitter.com/kelseyhightower/status/554367639242686464,tweet_id:554367639242686464
Golang Weekly,@golangweekly,2015-01-08T13:36:02.000Z,False,Nintengo: An NES Emulator Written in Go -,0,17,14,0,[],[],[],https://pbs.twimg.com/profile_images/554798224154701824/mWd3laxO_normal.png,https://twitter.com/golangweekly/status/553183346780831745,tweet_id:553183346780831745
Go,@golang,2015-01-09T00:25:40.000Z,True,"Watch  and  live coding, rewriting http://tip.golang.org: https://youtube.com/watch?v=1rZ-JorHJEY… #golang #livecoding",1,57,115,0,"['#golang', '#livecoding']","['@bradfitz', '@enneff']",[],https://pbs.twimg.com/profile_images/1142154201444823041/O6AczwfV_normal.png,https://twitter.com/golang/status/553346834039447553,tweet_id:553346834039447553
Rob Miller,@n0nsequitarian,2015-01-07T19:01:35.000Z,False,"Nice intro to Heka (and how to use it w/ Librato, of course) up on 's blog: http://is.gd/PTQHyJ #heka #devops",0,7,12,0,"['#heka', '#devops']",['@Librato'],[],https://pbs.twimg.com/profile_images/1260777931577552897/gRuF7Ljm_normal.png,https://twitter.com/n0nsequitarian/status/552902886397452288,tweet_id:552902886397452288
Patrick McFadin,@PatrickMcFadin,2015-01-07T17:21:54.000Z,False,"Experimental KVM-based VMM, Written in Go, by Google. Interesting.  https://github.com/google/novm",0,30,25,0,[],[],[],https://pbs.twimg.com/profile_images/1604883629133377536/FcIceOKU_normal.jpg,https://twitter.com/PatrickMcFadin/status/552877801326383104,tweet_id:552877801326383104
Tim Yardley,@timyardley,2015-01-06T15:21:42.000Z,False,"dutchcoders/sshproxy

Golang library to proxy ssh connections https://github.com/dutchcoders/sshproxy/…",0,1,0,0,[],[],[],https://pbs.twimg.com/profile_images/1605595327158943744/W-vddbGi_normal.jpg,https://twitter.com/timyardley/status/552485164534992898,tweet_id:552485164534992898
Amazon Web Services,@awscloud,2015-01-06T17:00:11.000Z,True,"New AWS whitepaper: ""Architecting for Genomic Data Security and Compliance in #AWS"" http://oak.ctx.ly/r/2a5lh",0,43,36,0,['#AWS'],[],[],https://pbs.twimg.com/profile_images/1641476962362302464/K8lb6OtN_normal.jpg,https://twitter.com/awscloud/status/552509947494547459,tweet_id:552509947494547459
Tim Yardley,@timyardley,2015-01-06T16:50:18.000Z,False,Dropbox Tech Blog » Blog Archive » Open Sourcing Our Go Libraries http://bit.ly/TRritp,0,1,1,0,[],[],[],https://pbs.twimg.com/profile_images/1605595327158943744/W-vddbGi_normal.jpg,https://twitter.com/timyardley/status/552507461123735552,tweet_id:552507461123735552
Engineering,@XEng,2015-01-06T17:20:48.000Z,True,"Today, we're open sourcing our AnomalyDetection R Package. Learn more: https://blog.twitter.com/2015/introducing-practical-and-robust-anomaly-detection-in-a-time-series… #TimeSeries",8,356,305,0,['#TimeSeries'],[],[],https://pbs.twimg.com/profile_images/1683502255574593536/anU7i4uA_normal.jpg,https://twitter.com/XEng/status/552515138444869632,tweet_id:552515138444869632
Puppet,@puppetize,2014-12-24T17:31:00.000Z,False,"So server, tell me about yourself! An intro to Facter, osquery & sysdig: http://bit.ly/1wMsgrg",0,9,9,0,[],[],[],https://pbs.twimg.com/profile_images/1542875077770973185/P5F8SLB5_normal.jpg,https://twitter.com/puppetize/status/547806659511586816,tweet_id:547806659511586816
Bonnie Burton,@bonniegrrl,2014-12-23T23:47:17.000Z,False,Gingerbread U.S.S. Enterprise! http://cnet.co/13u7gtm #StarTrek    ,14,147,168,0,['#StarTrek'],"['@JeriLRyan', '@GeorgeTakei', '@SirPatStew', '@grantimahara']",[],https://pbs.twimg.com/profile_images/1723217880450478080/gUcMF_ze_normal.jpg,https://twitter.com/bonniegrrl/status/547538967474618368,tweet_id:547538967474618368
Martin Thompson,@mjpt777,2014-12-21T18:03:02.000Z,False,Really interesting talk on concurrency and failures in distributed systems by  - https://youtube.com/watch?v=ggCffvKEJmQ…,0,41,127,0,[],['@palvaro'],[],https://pbs.twimg.com/profile_images/1467106821/Ren_normal.jpg,https://twitter.com/mjpt777/status/546727559564918787,tweet_id:546727559564918787
Worst Status,@Worst_Status,2014-12-21T20:03:49.000Z,False,RT : Your four basic religions https://pic.twitter.com/UxMiKvpBTH,1,46,32,0,[],['@atanas'],[],https://pbs.twimg.com/profile_images/695027360396083200/9OhUoVHh_normal.jpg,https://twitter.com/Worst_Status/status/546757956050882560,tweet_id:546757956050882560
SysAdvent,@SysAdvent,2014-12-22T05:05:07.000Z,False,"Day 22 - Largely Unappreciated Applicability | Written by: , Edited by:  http://ow.ly/Gferq #nginx #lua #openresty",0,14,13,0,"['#nginx', '#lua', '#openresty']","['@lusis', '@josephkern']",[],https://pbs.twimg.com/profile_images/534396921499369473/lOBh44il_normal.jpeg,https://twitter.com/SysAdvent/status/546894179713171456,tweet_id:546894179713171456
Rick,@rickasaurus,2014-12-20T21:06:00.000Z,False,I want Spock's sweater RT  Fashionating |  ,2,2,9,0,[],"['@PatriotsOfMars', '@derosajoe51', '@Jenthulhu']",[],https://pbs.twimg.com/profile_images/1726818561304190976/Dra5xtnn_normal.jpg,https://twitter.com/rickasaurus/status/546411218001727489,tweet_id:546411218001727489
Jeff Barr (@ ),(@,2014-12-20T00:12:34.000Z,True,Cool article -- How  Launched its Web Infrastructure into the Cloud (http://bit.ly/1xwqz2M) - Hint: It involves #AWS,0,5,6,0,['#AWS'],['@NASA'],[],https://pbs.twimg.com/profile_images/1516500629769768963/oic_gx9H_normal.jpg,https://twitter.com/jeffbarr/status/546095779463430144,tweet_id:546095779463430144
GitHub,@github,2014-12-18T21:22:36.000Z,True,Git vulnerability announced: update your Git clients,27,"1,951",356,0,[],[],[],https://pbs.twimg.com/profile_images/1633247750010830848/8zfRrYjA_normal.png,https://twitter.com/github/status/545690617041256448,tweet_id:545690617041256448
Ben Christensen,@benjchristensen,2014-12-17T18:15:42.000Z,False,"“Many companies use ZooKeeper for service discovery. At Knewton, we believe this is a fundamentally flawed approach” https://knewton.com/tech/blog/2014/12/eureka-shouldnt-use-zookeeper-service-discovery/…",3,62,69,0,[],[],[],https://pbs.twimg.com/profile_images/892202126687870976/IMbO5mHK_normal.jpg,https://twitter.com/benjchristensen/status/545281197060800512,tweet_id:545281197060800512
Amazon Web Services,@awscloud,2014-12-17T21:41:18.000Z,True,Check out EC2 Container Service in Action on the AWS Blog: http://oak.ctx.ly/r/27ir5,2,33,33,0,[],[],[],https://pbs.twimg.com/profile_images/1641476962362302464/K8lb6OtN_normal.jpg,https://twitter.com/awscloud/status/545332936174628865,tweet_id:545332936174628865
Rob Miller,@n0nsequitarian,2014-12-18T01:05:22.000Z,False,"Heka v0.8.1 is out, now with fewer bugs! http://is.gd/aVOMO3 #heka #devops",0,8,4,0,"['#heka', '#devops']",[],[],https://pbs.twimg.com/profile_images/1260777931577552897/gRuF7Ljm_normal.png,https://twitter.com/n0nsequitarian/status/545384292126167040,tweet_id:545384292126167040
Barb Darrow,@gigabarb,2014-12-16T12:01:22.000Z,False,Microsoft open sources cloud framework that powers Halo https://gigaom.com/2014/12/15/microsoft-open-sources-cloud-framework-that-powers-halo/… via ,0,9,2,0,[],['@gigaom'],[],https://pbs.twimg.com/profile_images/2095918482/MARVINScreen_Shot_2012-04-09_at_3.57.05_PM_normal.jpg,https://twitter.com/gigabarb/status/544824603491586049,tweet_id:544824603491586049
@jordansissel,@jordansissel,2014-12-16T19:16:33.000Z,False,Kibana 4 beta 3's scripted fields are soooo useful: http://elasticsearch.org/blog/kibana-4-beta-3-now-more-filtery/…,0,7,5,0,[],[],[],https://pbs.twimg.com/profile_images/1420172894831714307/OdGq48Z7_normal.jpg,https://twitter.com/jordansissel/status/544934122821799939,tweet_id:544934122821799939
Kelsey Hightower,@kelseyhightower,2014-12-16T20:04:57.000Z,True,The Kubernetes talk from DockerCon 2014 provides an great overview of the technology - https://youtube.com/watch?v=06InE1XTlIo… #kuberentes #docker,0,6,23,0,"['#kuberentes', '#docker']",[],[],https://pbs.twimg.com/profile_images/1204077305271705606/j5XjhPAt_normal.jpg,https://twitter.com/kelseyhightower/status/544946300794335232,tweet_id:544946300794335232
Chouser,@chrishouser,2014-12-14T21:58:48.000Z,False,I'm excited to watch the  launch on Friday. Here's why: http://justatinker.com/Future/,0,16,17,0,[],['@SpaceX'],[],https://pbs.twimg.com/profile_images/570248395362844672/EWfuxLj__normal.jpeg,https://twitter.com/chrishouser/status/544250175745585152,tweet_id:544250175745585152
Solomon Hykes,@solomonstre,2014-12-12T18:40:47.000Z,True,The big feature of Docker 1.4 is that there is no new feature. 180+ stability and bugfix commits cc  https://github.com/docker/docker/blob/master/CHANGELOG.md#140-2014-12-11…,2,67,46,0,[],['@frazelledazzell'],[],https://pbs.twimg.com/profile_images/1481072550570381315/hMBPQ9K-_normal.jpg,https://twitter.com/solomonstre/status/543475567002419200,tweet_id:543475567002419200
Mitchell Hashimoto,@mitchellh,2014-12-12T18:52:03.000Z,False,"How Lithium Technologies uses Consul, a case study of HashiCorp tools. https://hashicorp.com/blog/lithium-consul-case-study.html…",0,8,15,0,[],[],[],https://pbs.twimg.com/profile_images/1141762999838842880/64_Y4_XB_normal.jpg,https://twitter.com/mitchellh/status/543478403760795649,tweet_id:543478403760795649
Damon Edwards,@damonedwards,2014-12-13T02:42:49.000Z,True,"So here is where Netflix is going to ruin people's Christmas break (well, ruined from ignored spouse's perspective) http://techblog.netflix.com/2014/12/introducing-atlas-netflixs-primary.html…",0,12,11,0,[],[],[],https://pbs.twimg.com/profile_images/866853043245129728/aHb8QKEO_normal.jpg,https://twitter.com/damonedwards/status/543596874586808321,tweet_id:543596874586808321
Uncle Bob Martin,@unclebobmartin,2014-12-12T06:30:19.000Z,True,When did bugs become inevitable and acceptable?  When did it become someone else's job to find them?  Where are the responsible engineers?,37,246,119,0,[],[],[],https://pbs.twimg.com/profile_images/1102364992/clean_code_72_color_normal.png,https://twitter.com/unclebobmartin/status/543291738669187072,tweet_id:543291738669187072
Go,@golang,2014-12-11T08:19:58.000Z,True,"Oh, and you should star the project on GitHub, our new homehttps://github.com/golang/go#golang",2,96,69,0,['#golang'],[],[],https://pbs.twimg.com/profile_images/1142154201444823041/O6AczwfV_normal.png,https://twitter.com/golang/status/542956947125719040,tweet_id:542956947125719040
Eric Anderson,@destari,2014-12-10T03:23:22.000Z,False,Docker Image specification v1 - https://github.com/jlhawn/docker/blob/image_spec/image/spec/v1.md… - Good stuff! Detailed and deep. #Docker /cc ,0,22,35,0,['#Docker'],['@stackengine'],[],https://pbs.twimg.com/profile_images/542844085875511296/6ce3Y2S5_normal.jpeg,https://twitter.com/destari/status/542519918130778112,tweet_id:542519918130778112
Kelsey Hightower,@kelseyhightower,2014-12-08T06:40:09.000Z,True,What's a DCOS? Kubernetes - http://kubernetes.io and now Mesosphere Datacenter Operating System - https://mesosphere.com/learn #dcos,0,7,9,0,['#dcos'],[],[],https://pbs.twimg.com/profile_images/1204077305271705606/j5XjhPAt_normal.jpg,https://twitter.com/kelseyhightower/status/541844665176444929,tweet_id:541844665176444929
Dr. Angel Luis Diaz,@angelluisdiaz,2014-12-08T12:15:58.000Z,False,Facebook just gained a big ally in its battle with Cisco http://venturebeat.com/2014/12/04/facebook-just-gained-a-big-ally-in-its-battle-with-cisco/?n_play=5485967ce4b045f51207eeab… via ,0,5,1,0,[],['@VentureBeat'],[],https://pbs.twimg.com/profile_images/603981956368310272/81F3hhY4_normal.jpg,https://twitter.com/angelluisdiaz/status/541929174147944448,tweet_id:541929174147944448
Mitchell Hashimoto,@mitchellh,2014-12-08T18:13:30.000Z,False,"The Tao of HashiCorp. https://hashicorp.com/blog/tao-of-hashicorp.html… An overview of how we identify what to work on, and how we design those solutions.",8,47,51,0,[],[],[],https://pbs.twimg.com/profile_images/1141762999838842880/64_Y4_XB_normal.jpg,https://twitter.com/mitchellh/status/542019150395101184,tweet_id:542019150395101184
Mitch Garnaat,@garnaat,2014-12-07T14:52:18.000Z,False,"Nice presentation on a new metrics pipeline using Riemann, InfluxDB, Graftana. http://slideshare.net/nickchappell/pdx-devops-graphite-replacement… (via )",2,11,31,0,[],['@DevOpsWeekly'],[],https://pbs.twimg.com/profile_images/697485437/MGPhotoCropped_normal.jpg,https://twitter.com/garnaat/status/541606131446333442,tweet_id:541606131446333442
jeff bryner,@0x7eff,2014-12-07T20:18:54.000Z,False,https://github.com/mozilla/build-fwunit… <--cool project by mozilla release engineering to unit test your firewall configurations,0,6,8,0,[],[],[],https://pbs.twimg.com/profile_images/1555366882961633280/Dw6tEf7M_normal.jpg,https://twitter.com/0x7eff/status/541688323236851712,tweet_id:541688323236851712
Franck Verrot,@franckverrot,2014-12-07T20:26:31.000Z,False,"seagull, a friendly Web UI to monitor the docker daemon",0,23,34,0,[],[],[],https://pbs.twimg.com/profile_images/1404163736886075394/FjKUNCLH_normal.jpg,https://twitter.com/franckverrot/status/541690236720648193,tweet_id:541690236720648193
Mitchell Hashimoto,@mitchellh,2014-12-07T22:19:02.000Z,False,I made a nifty little Go library for building progress bars from an io.Reader. The power of #golang interfaces.,6,22,44,0,['#golang'],[],[],https://pbs.twimg.com/profile_images/1141762999838842880/64_Y4_XB_normal.jpg,https://twitter.com/mitchellh/status/541718555385806848,tweet_id:541718555385806848
Bill McKibben,@billmckibben,2014-12-07T02:36:29.000Z,False,"UK energy secy sez fossil fuel stocks risky for pension funds--the 'subprime assets of the future.' Wow, I mean, Wow",1,74,33,0,[],[],[],https://pbs.twimg.com/profile_images/1466931774773243912/nqDaj7T3_normal.jpg,https://twitter.com/billmckibben/status/541420953876828160,tweet_id:541420953876828160
Lari Hotari,@lhotari,2014-12-05T21:35:56.000Z,False,Mantis: Netflix's Distributed Event Stream Processing System http://infoq.com/presentations/mantis… introduced by  and  /cc ,0,34,70,0,[],"['@g9yuayon', '@jstnbckr', '@RxJava']",[],https://pbs.twimg.com/profile_images/766176166067703808/8x39z2bv_normal.jpg,https://twitter.com/lhotari/status/540982931485782018,tweet_id:540982931485782018
Gijs Molenaar,@gijzelaerr,2014-12-04T15:36:50.000Z,False,"docker and radio astronomy, the slides #dockercon https://speakerdeck.com/gijzelaerr/docker-and-radio-astronomy…",0,10,12,0,['#dockercon'],[],[],https://pbs.twimg.com/profile_images/1164851556728102912/3j1dXOf8_normal.jpg,https://twitter.com/gijzelaerr/status/540530171133308928,tweet_id:540530171133308928
Patrick McFadin,@PatrickMcFadin,2014-12-05T08:52:42.000Z,False,"Announcing Docker Machine, Swarm, and Compose for Orchestrating Distributed Apps http://blog.docker.com/2014/12/announcing-docker-machine-swarm-and-compose-for-orchestrating-distributed-apps…",0,11,9,0,[],[],[],https://pbs.twimg.com/profile_images/1604883629133377536/FcIceOKU_normal.jpg,https://twitter.com/PatrickMcFadin/status/540790857566543872,tweet_id:540790857566543872
Phys.org,@physorg_com,2014-12-05T12:18:45.000Z,True,#NASA's #Orion capsule blasts off on first test flight http://phy.so/336986315,0,10,12,0,"['#NASA', '#Orion']",[],[],https://pbs.twimg.com/profile_images/555400719478444032/ky9g4wh6_normal.png,https://twitter.com/physorg_com/status/540842712887721984,tweet_id:540842712887721984
Chris Swan,@cpswan,2014-12-05T13:08:04.000Z,False,I take look at  release of Key Management Service (KMS) on  http://infoq.com/news/2014/12/aws-kms…,0,6,6,0,[],"['@awscloud', '@InfoQ']",[],https://pbs.twimg.com/profile_images/794228632273174529/c0Iv1G3z_normal.jpg,https://twitter.com/cpswan/status/540855121077600256,tweet_id:540855121077600256
