Name,Handle,Timestamp,Verified,Content,Comments,Retweets,Likes,Analytics,Tags,Mentions,Emojis,Profile Image,Tweet Link,Tweet ID
Nick Davis @nicksdavis@infosec.exchange,Nick Davis @nicksdavis@infosec.exchange,2024-01-07T20:50:31.000Z,False,"I have been trying to buy internet from  for two full days now. Apparently they don't work on sundays, and their website is so buggy my last order didn't actually work. Is Optimum any better?",1,1,0,206,[],['@VerizonSupport'],[],https://pbs.twimg.com/profile_images/1415372233804066817/VTh0tfYb_normal.jpg,https://twitter.com/NickSDavis/status/1744099216996098418,tweet_id:1744099216996098418
Nick Davis @nicksdavis@infosec.exchange,Nick Davis @nicksdavis@infosec.exchange,2023-03-03T14:10:25.000Z,False,The new National Cybersecurity Strategy released by the Biden Admin today is a must-read. I'm most excited by 4.1: Secure the Technical Foundation of the Internet. Securing BGP and DNS will be a big win globallyhttps://whitehouse.gov/wp-content/uploads/2023/03/National-Cybersecurity-Strategy-2023.pdf…,1,0,2,154,[],[],[],https://pbs.twimg.com/profile_images/1415372233804066817/VTh0tfYb_normal.jpg,https://twitter.com/NickSDavis/status/1631658290177343488,tweet_id:1631658290177343488
Nick Davis @nicksdavis@infosec.exchange,Nick Davis @nicksdavis@infosec.exchange,2023-02-10T14:30:25.000Z,False,I have noticed that music is the fastest and most reliable stress relief I have day-to-day. A day of jam-packed meetings can make it hard to make use of that though. Anyone else feel similarly?,0,0,2,176,[],[],[],https://pbs.twimg.com/profile_images/1415372233804066817/VTh0tfYb_normal.jpg,https://twitter.com/NickSDavis/status/1624053178458075138,tweet_id:1624053178458075138
Nick Frichette,Nick Davis @nicksdavis@infosec.exchange,2023-01-17T15:52:26.000Z,False,New cloud security research! We found a method to bypass CloudTrail logging for specific IAM actions via an undocumented API service! Attackers could perform some reconnaissance activities while being undetected.,4,109,241,3.4万,[],[],[],https://pbs.twimg.com/profile_images/1778462051670642688/rE7irovE_normal.jpg,https://twitter.com/Frichette_n/status/1615376507534442496,tweet_id:1615376507534442496
Nick Davis @nicksdavis@infosec.exchange,Nick Davis @nicksdavis@infosec.exchange,2022-11-21T15:32:48.000Z,False,Awesome Vuln Discovery by our very own   A Confused Deputy Vulnerability in AWS AppSync https://securitylabs.datadoghq.com/articles/appsync-vulnerability-disclosure/…,0,3,7,0,[],['@Frichette_n'],[],https://pbs.twimg.com/profile_images/1415372233804066817/VTh0tfYb_normal.jpg,https://twitter.com/NickSDavis/status/1594715459466964995,tweet_id:1594715459466964995
Nick Davis @nicksdavis@infosec.exchange,Nick Davis @nicksdavis@infosec.exchange,2022-11-15T12:11:46.000Z,False,Finding malicious PyPI packages through static code analysis: Meet GuardDog,1,8,20,0,[],[],[],https://pbs.twimg.com/profile_images/1415372233804066817/VTh0tfYb_normal.jpg,https://twitter.com/NickSDavis/status/1592490541500928000,tweet_id:1592490541500928000
Nick Davis @nicksdavis@infosec.exchange,Nick Davis @nicksdavis@infosec.exchange,2022-11-11T16:07:45.000Z,False,Verifying myself: I am ndavis on http://Keybase.io. uto_JkeQAgTZtQLAULYnvI7ai1G37r7o1_Ae / https://keybase.io/ndavis/sigs/uto_JkeQAgTZtQLAULYnvI7ai1G37r7o1_Ae…,0,0,0,0,[],[],[],https://pbs.twimg.com/profile_images/1415372233804066817/VTh0tfYb_normal.jpg,https://twitter.com/NickSDavis/status/1591100376690098176,tweet_id:1591100376690098176
Jb Aviat,Nick Davis @nicksdavis@infosec.exchange,2022-11-03T12:59:15.000Z,False,"Join me next week in at  in #Lisbon! I'll show how observability can accelerate #pentesting. I'll release a  extension enriching requests with actions performed by the API: SQL queries, HTTP requests, caches, 3rd party services contacted...",1,20,27,0,"['#Lisbon', '#pentesting']","['@Bsideslisbon', '@Burp_Suite']",[],https://pbs.twimg.com/profile_images/643725380743004160/kZ7mT6bK_normal.jpg,https://twitter.com/JbAviat/status/1588153834010021888,tweet_id:1588153834010021888
Andrew Krug | re:Invent,Nick Davis @nicksdavis@infosec.exchange,2022-11-02T17:59:40.000Z,False,Hey twitterverse does anyone have awareness of programs to help women or other underrepresented groups get tickets for #reInvent at a discount or free?,0,3,4,0,['#reInvent'],[],[],https://pbs.twimg.com/profile_images/854455669646278656/LXVWXRdU_normal.jpg,https://twitter.com/andrewkrug/status/1587867049971265536,tweet_id:1587867049971265536
Nick Davis @nicksdavis@infosec.exchange,Nick Davis @nicksdavis@infosec.exchange,2022-11-02T17:25:58.000Z,False,It's time! The Datadog team has released its annual Container Research Report. This year there are a few interesting security insights. that I wanted to dive in on. Thread below!,1,3,5,0,[],[],[],https://pbs.twimg.com/profile_images/1415372233804066817/VTh0tfYb_normal.jpg,https://twitter.com/NickSDavis/status/1587858567826231296,tweet_id:1587858567826231296
Nick Davis @nicksdavis@infosec.exchange,Nick Davis @nicksdavis@infosec.exchange,2022-11-02T17:29:22.000Z,False,"A decreasing percentage of Kubernetes clusters use overly permissive RBAC privileges. Read the  report: https://datadoghq.com/report/facts/container-report-2022-fact-8/… 

To absolutely no ones surprise RBAC is hard. This problem is difficult to solve, but shouldn't be overlooked. Glad this is improving!",1,1,0,0,[],['@datadoghq'],[],https://pbs.twimg.com/profile_images/1415372233804066817/VTh0tfYb_normal.jpg,https://twitter.com/NickSDavis/status/1587859423598444546,tweet_id:1587859423598444546
Nick Davis @nicksdavis@infosec.exchange,Nick Davis @nicksdavis@infosec.exchange,2022-11-02T17:30:54.000Z,False,"If this stuff resonates with you, or you think you need help managing these types of issues, Datadog can help. Check out Cloud Security Management",0,0,0,0,[],[],[],https://pbs.twimg.com/profile_images/1415372233804066817/VTh0tfYb_normal.jpg,https://twitter.com/NickSDavis/status/1587859810250362884,tweet_id:1587859810250362884
Nick Davis @nicksdavis@infosec.exchange,Nick Davis @nicksdavis@infosec.exchange,2022-11-01T16:50:38.000Z,False,"The OpenSSL punycode vulnerability (CVE-2022-3602): Overview, detection, exploitation, and remediation https://securitylabs.datadoghq.com/articles/openssl-november-1-vulnerabilities/…",0,2,5,0,[],[],[],https://pbs.twimg.com/profile_images/1415372233804066817/VTh0tfYb_normal.jpg,https://twitter.com/NickSDavis/status/1587487287495081990,tweet_id:1587487287495081990
Emilio Escobar,Nick Davis @nicksdavis@infosec.exchange,2022-10-19T15:13:11.000Z,True,We allow non security teams understand the security posture of their cloud configurations without needing a security person to get involved. We want to empower autonomy and ownership where it belongs 12/n,1,1,2,0,[],[],[],https://pbs.twimg.com/profile_images/1660960603282841600/ImiEsSFI_normal.jpg,https://twitter.com/eaescob/status/1582751721222451200,tweet_id:1582751721222451200
Nick Davis @nicksdavis@infosec.exchange,Nick Davis @nicksdavis@infosec.exchange,2022-10-19T15:13:23.000Z,False,We’ve announced Cloud Security Management at #dash2022 today! Holistically manage threats and risks collaboratively with DevOps. CSM is available today!,0,0,10,0,['#dash2022'],[],[],https://pbs.twimg.com/profile_images/1415372233804066817/VTh0tfYb_normal.jpg,https://twitter.com/NickSDavis/status/1582751773424435201,tweet_id:1582751773424435201
Jb Aviat,Nick Davis @nicksdavis@infosec.exchange,2022-10-19T13:59:46.000Z,False,"I’m hyped to share with you what we’ve been building those last months! The world of security is traditionally secretive, but  comes from observability… I’ll be live-tweeting in this threat̵d #dash2022 1/",1,16,33,0,['#dash2022'],['@datadoghq'],[],https://pbs.twimg.com/profile_images/643725380743004160/kZ7mT6bK_normal.jpg,https://twitter.com/JbAviat/status/1582733245682106368,tweet_id:1582733245682106368
Amber Bennoui,Nick Davis @nicksdavis@infosec.exchange,2022-10-18T16:41:38.000Z,False,Another workshop in the books! So happy  and I were able to collab on this for  ,0,3,8,0,[],"['@christophetd', '@dashconio']","['\\u2728', '\\U0001f913']",https://pbs.twimg.com/profile_images/1452449131415355401/pC3QJlIi_normal.jpg,https://twitter.com/AmberBennoui/status/1582411594792697867,tweet_id:1582411594792697867
Andrew Krug | re:Invent,Nick Davis @nicksdavis@infosec.exchange,2022-10-12T14:28:00.000Z,False,It's not too late to register for http://dashcon.io or virtual #dash.  Catch  and I delivering a session on our State of AWS Security report on the 19th.  All sessions are recorded and available online.  https://bit.ly/3RJ3Lrz,0,9,17,0,['#dash'],['@christophetd'],[],https://pbs.twimg.com/profile_images/854455669646278656/LXVWXRdU_normal.jpg,https://twitter.com/andrewkrug/status/1580203636101038080,tweet_id:1580203636101038080
Christophe Tafani-Dereeper,Nick Davis @nicksdavis@infosec.exchange,2022-10-05T18:13:53.000Z,False,"In the past few months I've been working on a new piece of research.

We analyzed the security posture of 600+ organizations and thousands of AWS accounts, to understand how companies are implementing key cloud security mechanisms. Check it out!",6,45,97,0,[],[],[],https://pbs.twimg.com/profile_images/573517077786402817/V0jaP4f8_normal.jpeg,https://twitter.com/christophetd/status/1577723767584866304,tweet_id:1577723767584866304
Nick Davis @nicksdavis@infosec.exchange,Nick Davis @nicksdavis@infosec.exchange,2022-10-05T20:21:12.000Z,False,"93% of EC2 instances are not enforcing usage of the Instance Metadata Service V2 (IMDSv2).

Read 's latest State of AWS Security study for more insights: https://dtdg.co/state-of-aws-cloud-security-tw…",0,0,2,0,[],['@datadoghq'],[],https://pbs.twimg.com/profile_images/1415372233804066817/VTh0tfYb_normal.jpg,https://twitter.com/NickSDavis/status/1577755808988860417,tweet_id:1577755808988860417
Datadog Engineering,Nick Davis @nicksdavis@infosec.exchange,2022-07-11T20:25:41.000Z,False,"We’re happy to announce  Security Labs, a dedicated place for our security research content. On Security Labs, you’ll see the release of new open source tools, research projects, emerging threat reports, deep dives, telemetry studies, and more.",0,25,91,0,[],['@datadoghq'],[],https://pbs.twimg.com/profile_images/1365169249145270274/x04AXNrJ_normal.jpg,https://twitter.com/DatadogEng/status/1546591580097839105,tweet_id:1546591580097839105
Nick Davis @nicksdavis@infosec.exchange,Nick Davis @nicksdavis@infosec.exchange,2022-06-24T14:37:44.000Z,False,This is one the saddest days in my lifetime. I don't even really know how to handle it frankly,0,0,7,0,[],[],[],https://pbs.twimg.com/profile_images/1415372233804066817/VTh0tfYb_normal.jpg,https://twitter.com/NickSDavis/status/1540343419888861184,tweet_id:1540343419888861184
Zack Allen,Nick Davis @nicksdavis@infosec.exchange,2022-06-04T16:27:52.000Z,False,"Get a vulnerable environment for #CVE202226134 in one command with  Security Labs POC Github repo! For this one, some assembly is required after the docker-compose up. Make sure to follow the README and setup your Confluence env before you start",1,8,9,0,['#CVE202226134'],['@datadoghq'],[],https://pbs.twimg.com/profile_images/1779969274695561216/J6sLiZgL_normal.jpg,https://twitter.com/techyteachme/status/1533123381121454083,tweet_id:1533123381121454083
Nick Davis @nicksdavis@infosec.exchange,Nick Davis @nicksdavis@infosec.exchange,2022-05-26T08:52:59.000Z,False,"I'm so sorry to hear the news about Lacework, I know some great people who have worked there and they speak highly of the team. If you're impacted, but want to continue the mission of security please feel free to DM me, I'm happy to offer you my network or opportunities here",1,1,6,0,[],[],[],https://pbs.twimg.com/profile_images/1415372233804066817/VTh0tfYb_normal.jpg,https://twitter.com/NickSDavis/status/1529747412612423680,tweet_id:1529747412612423680
Nick Davis @nicksdavis@infosec.exchange,Nick Davis @nicksdavis@infosec.exchange,2022-05-15T23:59:36.000Z,False,So this is a new one for me. My  flight is diverting to Albany because we don’t have enough fuel to make it to Boston… you good?,3,0,2,0,[],['@AmericanAir'],[],https://pbs.twimg.com/profile_images/1415372233804066817/VTh0tfYb_normal.jpg,https://twitter.com/NickSDavis/status/1525989305872789506,tweet_id:1525989305872789506
Nick Davis @nicksdavis@infosec.exchange,Nick Davis @nicksdavis@infosec.exchange,2022-05-08T15:17:51.000Z,False,Happy Mother’s Day to everyone woman who chose to be a mother and to every woman who chose/chooses not to be. You’re all amazing in my book.,0,0,1,0,[],[],[],https://pbs.twimg.com/profile_images/1415372233804066817/VTh0tfYb_normal.jpg,https://twitter.com/NickSDavis/status/1523321285970849793,tweet_id:1523321285970849793
Anthony Randazzo,Nick Davis @nicksdavis@infosec.exchange,2022-04-25T18:12:07.000Z,False,"We were trying to conceptualize the ""current state"" of cloud [native] threat detection and this is what we sorta came up with. Sharing it more broadly in case others find it useful in organizing your cloud detection & response approach ",30,98,353,0,[],[],['\\U0001f50e'],https://pbs.twimg.com/profile_images/1399143544279941120/ISMlKbTS_normal.jpg,https://twitter.com/amrandazz/status/1518654099763433472,tweet_id:1518654099763433472
Andrew Krug | re:Invent,Nick Davis @nicksdavis@infosec.exchange,2022-04-20T18:22:14.000Z,False,"If you are at AWS Summit North America and want to talk about Datadog careers my DMs are open.  I have several roles for security advocates, open source, and more.",0,1,3,0,[],[],[],https://pbs.twimg.com/profile_images/854455669646278656/LXVWXRdU_normal.jpg,https://twitter.com/andrewkrug/status/1516844707762089987,tweet_id:1516844707762089987
Christophe Tafani-Dereeper,Nick Davis @nicksdavis@infosec.exchange,2022-03-25T17:05:04.000Z,False,Did you know that Dirty Pipe could also be used to escape unprivileged containers and gain root access on a Kubernetes host? Write-up: https://datadoghq.com/blog/engineering/dirty-pipe-container-escape-poc/… Proof of concept: https://github.com/datadog/dirtypipe-container-breakout-poc…A thread on how it's done. ,4,217,502,0,[],[],"['\\U0001f4d6', '\\U0001f440', '\\U0001f9f5', '\\u2b07\\ufe0f']",https://pbs.twimg.com/profile_images/573517077786402817/V0jaP4f8_normal.jpeg,https://twitter.com/christophetd/status/1507403201292783634,tweet_id:1507403201292783634
Nick Davis @nicksdavis@infosec.exchange,Nick Davis @nicksdavis@infosec.exchange,2022-03-10T16:02:17.000Z,False,"Dirty Pipe isn’t just PrivEsc, our team realized it was a container escape as well: https://datadoghq.com/blog/dirty-pipe-vulnerability-overview-and-remediation/…   ",0,2,2,0,[],"['@christophetd', '@techyteachme', '@gui774ume']",[],https://pbs.twimg.com/profile_images/1415372233804066817/VTh0tfYb_normal.jpg,https://twitter.com/NickSDavis/status/1501951585567445000,tweet_id:1501951585567445000
Jb Aviat,Nick Davis @nicksdavis@infosec.exchange,2022-02-03T16:56:40.000Z,False,And we're live! AppSec by  is now in public beta. Learn more about it https://datadoghq.com/blog/datadog-application-security/… and give it a try!,0,7,15,0,[],['@datadoghq'],[],https://pbs.twimg.com/profile_images/643725380743004160/kZ7mT6bK_normal.jpg,https://twitter.com/JbAviat/status/1489281696889557001,tweet_id:1489281696889557001
Nick Davis @nicksdavis@infosec.exchange,Nick Davis @nicksdavis@infosec.exchange,2022-01-28T10:09:17.000Z,False,I'm still searching for the right candidate. This is an opportunity to own a very strategic part of the business on an extremely high-growth team. If there are any product leaders in my network who are looking to bring a security product to massive scale this is the role for you!,0,1,2,0,[],[],[],https://pbs.twimg.com/profile_images/1415372233804066817/VTh0tfYb_normal.jpg,https://twitter.com/NickSDavis/status/1487004847215894530,tweet_id:1487004847215894530
Christophe Tafani-Dereeper,Nick Davis @nicksdavis@infosec.exchange,2022-01-28T00:44:11.000Z,False," Today, I'm thrilled to announce ""Stratus Red Team"", an open-source adversary emulation tool for the cloud!

Comes with a catalog of cloud-native attack techniques that you can easily detonate to test your threat detection.https://github.com/Datadog/stratus-red-team/…https://blog.christophetd.fr/introducing-stratus-red-team-an-adversary-emulation-tool-for-the-cloud/…",28,297,764,0,[],[],"['\\U0001f4e2', '\\U0001f4dd']",https://pbs.twimg.com/profile_images/573517077786402817/V0jaP4f8_normal.jpeg,https://twitter.com/christophetd/status/1486862636360810501,tweet_id:1486862636360810501
Nick Davis @nicksdavis@infosec.exchange,Nick Davis @nicksdavis@infosec.exchange,2022-01-21T13:50:03.000Z,False,I’m hiring! I’m looking for a strong PM to drive the analytical capabilities of Workload Security at Datadog. Help us bring more intelligence to Detection and Response in the cloud through the use of advanced analytics and observability data! https://grnh.se/0d3acf081us,0,8,10,0,[],[],[],https://pbs.twimg.com/profile_images/1415372233804066817/VTh0tfYb_normal.jpg,https://twitter.com/NickSDavis/status/1484523689026727939,tweet_id:1484523689026727939
"Datadog, Inc.",Nick Davis @nicksdavis@infosec.exchange,2022-01-18T14:01:20.000Z,True,Join us on Feb. 3rd for our first Datadog Security Demo Day where we’ll share our vision for the year to come and have product demos showcasing how our Cloud Security Platform can help you continuously deliver secure software. RSVP now:,0,13,8,0,[],[],[],https://pbs.twimg.com/profile_images/1501312871610912778/S5nsjosS_normal.png,https://twitter.com/datadoghq/status/1483439367658090501,tweet_id:1483439367658090501
Nick Davis @nicksdavis@infosec.exchange,Nick Davis @nicksdavis@infosec.exchange,2022-01-12T22:31:14.000Z,False,"Hopping on the Wordle train

Wordle 207 6/6",0,0,0,0,[],[],"['\\U0001f7e8', '\\u2b1c', '\\u2b1c', '\\u2b1c', '\\u2b1c', '\\u2b1c', '\\U0001f7e8', '\\U0001f7e8', '\\u2b1c', '\\u2b1c', '\\u2b1c', '\\U0001f7e9', '\\u2b1c', '\\u2b1c', '\\U0001f7e9', '\\U0001f7e8', '\\U0001f7e9', '\\u2b1c', '\\U0001f7e9', '\\U0001f7e9', '\\u2b1c', '\\U0001f7e9', '\\u2b1c', '\\U0001f7e9', '\\U0001f7e9', '\\U0001f7e9', '\\U0001f7e9', '\\U0001f7e9', '\\U0001f7e9', '\\U0001f7e9']",https://pbs.twimg.com/profile_images/1415372233804066817/VTh0tfYb_normal.jpg,https://twitter.com/NickSDavis/status/1481393360686485512,tweet_id:1481393360686485512
Rhino Security Labs,Nick Davis @nicksdavis@infosec.exchange,2022-01-10T23:23:05.000Z,False,"We have a new CloudGoat scenario, contributed by  from !

Check it out: https://github.com/RhinoSecurityLabs/cloudgoat/blob/master/scenarios/cicd/README.md…",0,31,53,0,[],"['@christophetd', '@datadoghq']",[],https://pbs.twimg.com/profile_images/858041138883600384/n0fHDmss_normal.jpg,https://twitter.com/RhinoSecurity/status/1480681630716993537,tweet_id:1480681630716993537
Nick Davis @nicksdavis@infosec.exchange,Nick Davis @nicksdavis@infosec.exchange,2021-12-14T22:59:02.000Z,False,"This isn't just a regurgitation of things you've already seen, our teams here really worked hard to find some extra bits for you all, I hope it's useful!",1,1,1,0,[],[],[],https://pbs.twimg.com/profile_images/1415372233804066817/VTh0tfYb_normal.jpg,https://twitter.com/NickSDavis/status/1470891108074983424,tweet_id:1470891108074983424
Nick Davis @nicksdavis@infosec.exchange,Nick Davis @nicksdavis@infosec.exchange,2021-12-14T23:01:50.000Z,False,Particularly interesting is the Log4Shell in the wild section. Lots of attempts at credential theft along with your run-of-the-mill droppers,0,0,0,0,[],[],[],https://pbs.twimg.com/profile_images/1415372233804066817/VTh0tfYb_normal.jpg,https://twitter.com/NickSDavis/status/1470891810092371973,tweet_id:1470891810092371973
Wirecutter Union,Nick Davis @nicksdavis@infosec.exchange,2021-11-23T15:58:20.000Z,False,"With / management refusing to come to the table to reach a deal, 100% of our unit will be striking from Thanksgiving through Cyber Monday. The best way you can support us is by boycotting  from 11/25-11/29: https://wirecutterunion.com/support-us/",88,"6,367","9,827",0,[],"['@wirecutter', '@nytimes', '@wirecutter']",[],https://pbs.twimg.com/profile_images/1276494811604963328/ECDtcbTh_normal.jpg,https://twitter.com/wirecutterunion/status/1463175088325505035,tweet_id:1463175088325505035
Emilio Escobar,Nick Davis @nicksdavis@infosec.exchange,2021-11-15T20:58:54.000Z,True,Job alert: We're looking for a Director of Security Operations (Engineering focused). Team is small right now and looking for someone who can bootstrap a set of teams. Role is full remote: https://datadoghq.com/careers/detail/?gh_jid=3139148… #infosecjobs,0,7,11,0,['#infosecjobs'],[],[],https://pbs.twimg.com/profile_images/1660960603282841600/ImiEsSFI_normal.jpg,https://twitter.com/eaescob/status/1460351626988830724,tweet_id:1460351626988830724
Nick Davis @nicksdavis@infosec.exchange,Nick Davis @nicksdavis@infosec.exchange,2021-11-08T14:09:24.000Z,False,In the last few weeks I have started to get an obscene amount of SMS spam. Is anyone else having this problem? Are there good SMS spam block lists I can install on my phone?,1,0,1,0,[],[],[],https://pbs.twimg.com/profile_images/1415372233804066817/VTh0tfYb_normal.jpg,https://twitter.com/NickSDavis/status/1457711857385488394,tweet_id:1457711857385488394
meg west,Nick Davis @nicksdavis@infosec.exchange,2021-08-13T18:09:00.000Z,True,raise your hand if you have ever felt personally victimized by SAP Concur,24,17,228,0,[],[],[],https://pbs.twimg.com/profile_images/1728065369330348032/M1cRd25t_normal.jpg,https://twitter.com/cybersecmeg/status/1426244409683857410,tweet_id:1426244409683857410
Alex,Nick Davis @nicksdavis@infosec.exchange,2021-08-05T10:36:01.000Z,False,"Added ,  ,  and  to my list of Companies hiring for remote security jobs: https://github.com/jaegeral/companies-hiring-security-remote… Feel free to RT, if there are companies missing, let me know. Let's help people find an awesome position to work from wherever they want to",5,6,21,0,[],"['@google', '@facebook', '@twilio', '@Netskope', '@datadoghq']",[],https://pbs.twimg.com/profile_images/97076763/20080928-IMG_0132_normal.jpg,https://twitter.com/alexanderjaeger/status/1423231311263698954,tweet_id:1423231311263698954
(void *)Huxley Barbee,Nick Davis @nicksdavis@infosec.exchange,2021-08-07T14:54:55.000Z,True,Come join us for the Datadog happy hour at #defcon29. TODAY 5p-8p PT. PBR Rock Bar & Grill in Planet Hollywood. #DC29 #DEFCON  #datadog #Hiring #infosecjobs #career (Jobs Board: https://datadoghq.com/careers/),0,6,2,0,"['#defcon29', '#DC29', '#DEFCON', '#datadog', '#Hiring', '#infosecjobs', '#career']",[],[],https://pbs.twimg.com/profile_images/1341339864839712769/7yE4Bn3W_normal.jpg,https://twitter.com/huxley_barbee/status/1424021239836725249,tweet_id:1424021239836725249
Katie Ledoux,Nick Davis @nicksdavis@infosec.exchange,2021-08-04T21:03:17.000Z,False,"If you’re at Black Hat/DEFCON and might be interested in joining a rapidly growing security team at a unicorn startup, pls DM me I’d like to buy you coffee ",18,40,152,0,[],[],['\\U0001f970'],https://pbs.twimg.com/profile_images/1435807172793933824/4Lmraq-j_normal.jpg,https://twitter.com/kledoux/status/1423026778814107648,tweet_id:1423026778814107648
"Datadog, Inc.",Nick Davis @nicksdavis@infosec.exchange,2021-08-04T14:10:03.000Z,True,"Datadog will be at Black Hat’s USA Summit - both in person and virtually! To listen in on our session, ‘With Friends Like eBPF, Who Needs Enemies?’ please visit https://blackhat.com/us-21/briefings/schedule/#with-friends-like-ebpf-who-needs-enemies-23619…",0,1,1,0,[],[],[],https://pbs.twimg.com/profile_images/1501312871610912778/S5nsjosS_normal.png,https://twitter.com/datadoghq/status/1422922785400164356,tweet_id:1422922785400164356
Emilio Escobar,Nick Davis @nicksdavis@infosec.exchange,2021-08-03T20:13:06.000Z,True,Come check us out!,0,4,15,0,[],[],[],https://pbs.twimg.com/profile_images/1660960603282841600/ImiEsSFI_normal.jpg,https://twitter.com/eaescob/status/1422651764126273539,tweet_id:1422651764126273539
Tabitha Sable,Nick Davis @nicksdavis@infosec.exchange,2021-07-23T15:45:19.000Z,False,"CFP deadline for eBPF Summit is today.

I know yall’ve been doing great work - please come share it with us!",0,13,23,0,[],[],[],https://pbs.twimg.com/profile_images/1624099474510426125/hNZM7BB9_normal.jpg,https://twitter.com/TabbySable/status/1418598104341880840,tweet_id:1418598104341880840
Nick Davis @nicksdavis@infosec.exchange,Nick Davis @nicksdavis@infosec.exchange,2021-07-23T18:09:56.000Z,False,"Hey all, I'm hiring! Specifically looking for a PM to join me on Cloud Workload Security. We're on a mission to secure production infrastructure for our customers. If you want to find evil in linux hosts and containers you should consider joininghttps://grnh.se/515d8ccb1us",0,0,0,0,[],[],[],https://pbs.twimg.com/profile_images/1415372233804066817/VTh0tfYb_normal.jpg,https://twitter.com/NickSDavis/status/1418634498552520707,tweet_id:1418634498552520707
Nick Davis @nicksdavis@infosec.exchange,Nick Davis @nicksdavis@infosec.exchange,2021-07-21T21:57:36.000Z,False,"Going to security summer camp (in-person or virtual)? You're going to want to check out these talks
1) https://blackhat.com/us-21/briefings/schedule/index.html#with-friends-like-ebpf-who-needs-enemies-23619…2) https://defcon.org/html/defcon-29/dc-29-speakers.html#fournier…",0,2,3,0,[],[],[],https://pbs.twimg.com/profile_images/1415372233804066817/VTh0tfYb_normal.jpg,https://twitter.com/NickSDavis/status/1417967019316719620,tweet_id:1417967019316719620
Ming Chow @0xmchow@infosec.exchange,Nick Davis @nicksdavis@infosec.exchange,2021-07-08T05:37:25.000Z,False,"It's that time again: I am opening the SQL injection lab to the public, for those who want to hone their Security skills. This is a lab for a my summer Security class. Break into this website, bypass the authentication: http://35.188.247.29/ (or https://35.188.247.29/).",29,225,854,0,[],[],[],https://pbs.twimg.com/profile_images/1767307568056066048/3D-hMYWm_normal.png,https://twitter.com/0xmchow/status/1413009306589569026,tweet_id:1413009306589569026
Derek Abdine,Nick Davis @nicksdavis@infosec.exchange,2021-06-28T15:17:54.000Z,False,"We've updated our research with more details on the campaigns going on against My Book Live devices, including a firmware analysis that shows a newly undisclosed vulnerability that can trigger the factory restore process without authentication:",0,3,2,0,[],[],[],https://pbs.twimg.com/profile_images/1600680079779983361/bXUjZYsO_normal.jpg,https://twitter.com/dabdine/status/1409531510852517897,tweet_id:1409531510852517897
Rebekah Brown,Nick Davis @nicksdavis@infosec.exchange,2021-06-18T01:22:23.000Z,False,"Are you passionate about protecting people from technology-enabled abuse and misuse? Do you excel at communicating about complex socio-technical problems and their solutions? 

I'M HIRING!!!! Come join my team and help make a difference! https://jobs.apple.com/en-us/details/200130935/trust-safety-advisor-apple-cloud-services-acs?team=SFTWR%5C…",5,53,99,0,[],[],[],https://pbs.twimg.com/profile_images/1307016054195941376/I53gJ19j_normal.jpg,https://twitter.com/PDXbek/status/1405697365344878594,tweet_id:1405697365344878594
Katie Ledoux,Nick Davis @nicksdavis@infosec.exchange,2021-06-11T16:19:59.000Z,False,"Great opp for women studying infosec - ""FS-ISAC Building Cybersecurity Diversity Scholarship"" includes a $10,000 USD scholarship and a mentor from one of their sponsoring financial firms. App deadline is July 2.",0,8,11,0,[],[],[],https://pbs.twimg.com/profile_images/1435807172793933824/4Lmraq-j_normal.jpg,https://twitter.com/kledoux/status/1403386542152994817,tweet_id:1403386542152994817
Andrew Krug | re:Invent,Nick Davis @nicksdavis@infosec.exchange,2021-05-21T13:53:10.000Z,False,The first session of  RSAC CTF featuring Cloud Workload Protection is almost over!  Lot's of teams still cappin' flags.  Wonderful CTF experience and design by  !,1,2,8,0,[],"['@datadoghq', '@hackthebox_eu']",[],https://pbs.twimg.com/profile_images/854455669646278656/LXVWXRdU_normal.jpg,https://twitter.com/andrewkrug/status/1395739445836451840,tweet_id:1395739445836451840
Andy Greenberg (@agreenberg at the other places),Nick Davis @nicksdavis@infosec.exchange,2021-05-20T13:26:16.000Z,True,"In 2011, RSA was hacked by Chinese spies, who stole the ""seed"" values used to generate codes on SecurID 2fa tokens, shocking the security world. Now, after 10 years, the NDAs of the staff involved have expired. This is the untold story they shared with me:",41,"1,654","2,989",0,[],[],[],https://pbs.twimg.com/profile_images/1349131575846449153/LlxkuVzp_normal.jpg,https://twitter.com/a_greenberg/status/1395370289094139905,tweet_id:1395370289094139905
Nick Davis @nicksdavis@infosec.exchange,Nick Davis @nicksdavis@infosec.exchange,2021-05-20T19:19:51.000Z,False,"Infosec twitter, we're hiring! If you're interested in helping solve cloud security challenges, you should come join us!
Detection Analyst: https://grnh.se/8f1f92d41usSecurity Agent Engineer: https://grnh.se/4dde0f6f1usPM: https://grnh.se/43fbc47a1us#infosec #infosecjobs ",1,1,0,0,"['#infosec', '#infosecjobs']",['@securitytwits'],[],https://pbs.twimg.com/profile_images/1415372233804066817/VTh0tfYb_normal.jpg,https://twitter.com/NickSDavis/status/1395459270469115906,tweet_id:1395459270469115906
Florian Roth,Nick Davis @nicksdavis@infosec.exchange,2021-05-19T13:33:27.000Z,True,"TIL authorized_keys files can contain more than just public keys. 
You can control source hosts of each key, limit the port forwarding, execute commands upon login.
In 20+ years of working on Unix/Linux systems, I've never seen this used. https://commandlinux.com/man-page/man5/authorized_keys.5.html…",28,256,716,0,[],[],[],https://pbs.twimg.com/profile_images/1682874149847412741/zGo36Aqh_normal.jpg,https://twitter.com/cyb3rops/status/1395009709787258882,tweet_id:1395009709787258882
chompie,Nick Davis @nicksdavis@infosec.exchange,2021-05-18T21:51:56.000Z,False,anyone know the easiest way to get runtime register values (per executed instruction) for an eBPF program?,6,14,44,0,[],[],[],https://pbs.twimg.com/profile_images/1738427188393738240/wDnREFWE_normal.jpg,https://twitter.com/chompie1337/status/1394772769032781828,tweet_id:1394772769032781828
Nick Davis @nicksdavis@infosec.exchange,Nick Davis @nicksdavis@infosec.exchange,2021-05-15T22:21:27.000Z,False,To anyone in my (small) twitter-sphere: What kind of cloud env. security scenarios keep you up at night? Besides open buckets and cryptomining,35,22,70,0,[],[],[],https://pbs.twimg.com/profile_images/1415372233804066817/VTh0tfYb_normal.jpg,https://twitter.com/NickSDavis/status/1393693032277581824,tweet_id:1393693032277581824
Nick Davis @nicksdavis@infosec.exchange,Nick Davis @nicksdavis@infosec.exchange,2021-05-10T20:53:33.000Z,False,Today was one of those days where I learned how much I really don't know... about DNS.,0,0,1,0,[],[],[],https://pbs.twimg.com/profile_images/1415372233804066817/VTh0tfYb_normal.jpg,https://twitter.com/NickSDavis/status/1391858975503695882,tweet_id:1391858975503695882
Paul Chaignon @pchaigno@hachyderm.io,Nick Davis @nicksdavis@infosec.exchange,2021-05-10T17:49:38.000Z,False,"#eBPF is coming to Windows 10 and Windows Server 2016! They rely on uBPF to interpret bytecode in the kernel or JIT compile it and on the PREVAIL verifier to analyze it in userspace.

Microsoft blog post: https://aka.ms/ebpf-for-windows…PREVAIL verifier: https://github.com/vbpf/ebpf-verifier…",2,82,148,0,['#eBPF'],[],[],https://pbs.twimg.com/profile_images/674195751447240704/-ZiU5_yC_normal.png,https://twitter.com/pchaigno/status/1391812689031217154,tweet_id:1391812689031217154
Justin Massey,Nick Davis @nicksdavis@infosec.exchange,2021-05-06T22:47:15.000Z,False,My latest blog post maps fraud and abuse cases for your application to the  framework. https://datadoghq.com/blog/detect-abuse-of-functionality-with-datadog/… #devops #DevSecOps #Security #AppSec,0,2,3,0,"['#devops', '#DevSecOps', '#Security', '#AppSec']",['@MITREattack'],[],https://pbs.twimg.com/profile_images/378800000018345500/3cc10622d6138966591632278569ccc8_normal.jpeg,https://twitter.com/jmassey09/status/1390438035196612610,tweet_id:1390438035196612610
Nick Davis @nicksdavis@infosec.exchange,Nick Davis @nicksdavis@infosec.exchange,2021-03-12T22:10:41.000Z,False,"Are you into low-level Linux and security? Our team is hiring engineers! We're helping our customers secure production infrastructure, and honestly, it's just plain old fun. Come join us! https://grnh.se/4aeff2d31us",0,0,0,0,[],[],[],https://pbs.twimg.com/profile_images/1415372233804066817/VTh0tfYb_normal.jpg,https://twitter.com/NickSDavis/status/1370497499065110533,tweet_id:1370497499065110533
Jimmy Vo,Nick Davis @nicksdavis@infosec.exchange,2021-02-24T20:13:38.000Z,False,"#infosecjobs My team is looking for a few folks to help write detection content for DataDog. We're responsible for security rule development for the platform (Boston, NY, Remote US) - https://grnh.se/a6f664521us",1,12,15,0,['#infosecjobs'],[],[],https://pbs.twimg.com/profile_images/1578119229819289603/I5wiQBQn_normal.jpg,https://twitter.com/JimmyVo/status/1364669836668846082,tweet_id:1364669836668846082
Stacey Abrams,Nick Davis @nicksdavis@infosec.exchange,2021-01-07T00:46:39.000Z,True,"While today’s terrible display of terror and meanness shakes us, let’s remember: , Jewish son of an immigrant & , first Black Senator from Georgia, will join a Catholic POTUS & the first woman, Black + Indian VP in our nation’s capital. God bless America.","6,865",6.1万,28万,0,[],"['@ossoff', '@ReverendWarnock']",[],https://pbs.twimg.com/profile_images/1503392475267973120/hdofBB20_normal.jpg,https://twitter.com/staceyabrams/status/1346981537972158465,tweet_id:1346981537972158465
Gillis Jones,Nick Davis @nicksdavis@infosec.exchange,2021-01-06T21:21:37.000Z,True,"Every. Single. Piece. Of. Hardware. In. Congress. NEEDS. to. be. replaced. 

Nothing can be trusted.",230,"7,093",2.3万,0,[],[],[],https://pbs.twimg.com/profile_images/1580084581658550272/Gl00Wgmf_normal.jpg,https://twitter.com/Gillis57/status/1346929942139846658,tweet_id:1346929942139846658
Andrew Morris,Nick Davis @nicksdavis@infosec.exchange,2020-12-14T15:45:39.000Z,True,"I have been looking forward to announcing this for MONTHS

All  Security Monitoring customers have access to insights by  right now

Turn that ""hour long investigation that ended up being a scanner"" into a 5 second investigation",1,16,70,0,[],"['@datadoghq', '@GreyNoiseIO']",[],https://pbs.twimg.com/profile_images/1483613996720742403/3ISzDg4X_normal.jpg,https://twitter.com/Andrew___Morris/status/1338510471658397697,tweet_id:1338510471658397697
Chris Krebs,Nick Davis @nicksdavis@infosec.exchange,2020-12-13T22:28:30.000Z,True,"As news breaks about what looks to be a pretty large-scale hack, I have the utmost confidence in the  team and other Federal partners. I'm sorry I'm not there with them, but they know how to do this. This thing is still early, I suspect. Let's let the pros work it.","1,425","4,717",2.9万,0,[],['@CISAgov'],[],https://pbs.twimg.com/profile_images/1593315185799954432/c7muoAXz_normal.jpg,https://twitter.com/C_C_Krebs/status/1338249463949893634,tweet_id:1338249463949893634
InsanityBit,Nick Davis @nicksdavis@infosec.exchange,2020-11-23T19:34:46.000Z,False,"#DFIR folks, what's the #1 pain point on the job? (If not listed here, feel free to respond!)",1,6,5,0,['#DFIR'],[],[],https://pbs.twimg.com/profile_images/1124422415637835777/X5mje1Mz_normal.png,https://twitter.com/InsanityBit/status/1330957987159056384,tweet_id:1330957987159056384
Nick Davis @nicksdavis@infosec.exchange,Nick Davis @nicksdavis@infosec.exchange,2020-11-23T16:57:04.000Z,False,"Five months ago, I decided to join the incredible folks at Datadog. Today, I can finally share my new focus with you all. We're announcing Runtime Security, to help security teams and developers secure their production workloads in realtime! https://datadoghq.com/blog/datadog-runtime-security/…",1,3,7,0,[],[],[],https://pbs.twimg.com/profile_images/1415372233804066817/VTh0tfYb_normal.jpg,https://twitter.com/NickSDavis/status/1330918297940930563,tweet_id:1330918297940930563
Nick Davis @nicksdavis@infosec.exchange,Nick Davis @nicksdavis@infosec.exchange,2020-10-27T18:18:33.000Z,False,Like detecting evil? Want to do it for production environments? Come talk to us. <Insert buzz words about cloud and containers here... or don't>https://grnh.se/8f1f92d41us,0,0,0,0,[],[],[],https://pbs.twimg.com/profile_images/1415372233804066817/VTh0tfYb_normal.jpg,https://twitter.com/NickSDavis/status/1321154332843298816,tweet_id:1321154332843298816
Strand Book Store,Nick Davis @nicksdavis@infosec.exchange,2020-10-23T17:06:30.000Z,False," We need your help. This is the post we hoped to never write, but today marks a huge turning point in The Strand's history. Our revenue has dropped nearly 70% compared to last year, and the loans and cash reserves that have kept us afloat these past months are depleted.","1,039",2.1万,2.3万,0,[],[],['\\U0001f4e3'],https://pbs.twimg.com/profile_images/1190291192128442370/oaF8H9sl_normal.jpg,https://twitter.com/strandbookstore/status/1319686649798905856,tweet_id:1319686649798905856
Jerry Gamblin,Nick Davis @nicksdavis@infosec.exchange,2020-10-08T15:07:16.000Z,True,If you are looking for a new role  has a great research opening that I would be all over if I didn't love my current role:  https://datadoghq.com/careers/detail/?gh_jid=2372604…,1,1,1,0,[],['@datadoghq'],[],https://pbs.twimg.com/profile_images/1490086716568395777/mDaSylm1_normal.jpg,https://twitter.com/JGamblin/status/1314220823486570497,tweet_id:1314220823486570497
Nick Davis @nicksdavis@infosec.exchange,Nick Davis @nicksdavis@infosec.exchange,2020-08-21T17:09:04.000Z,False,I think we can all empathize with Senator Carper on this one. 2020 is hard.,0,0,1,0,[],[],[],https://pbs.twimg.com/profile_images/1415372233804066817/VTh0tfYb_normal.jpg,https://twitter.com/NickSDavis/status/1296856858267983872,tweet_id:1296856858267983872
Justin Amash,Nick Davis @nicksdavis@infosec.exchange,2020-06-01T01:30:30.000Z,True,"This week, I am introducing the Ending Qualified Immunity Act to eliminate qualified immunity and restore Americans’ ability to obtain relief when police officers violate their constitutionally secured rights.","1,218",2.3万,6.5万,0,[],[],[],https://pbs.twimg.com/profile_images/1766217495868772353/xdrlBtDw_normal.jpg,https://twitter.com/justinamash/status/1267267244029083648,tweet_id:1267267244029083648
Rapid7,Nick Davis @nicksdavis@infosec.exchange,2020-02-20T16:51:11.000Z,False,Find out why Rapid7 was named a Gartner Magic Quadrant Leader for Security Information and Event Management (#SIEM). Get the report. https://r-7.co/2SKiCGN,0,11,7,0,['#SIEM'],[],[],https://pbs.twimg.com/profile_images/1463525578397700098/mRQnBOSC_normal.jpg,https://twitter.com/rapid7/status/1230535381222903809,tweet_id:1230535381222903809
Rapid7,Nick Davis @nicksdavis@infosec.exchange,2020-01-19T23:00:25.000Z,False,"In this Risky Business podcast, Rapid7 Product Manager  talks about InsightIDR, detection and response, and cybersecurity in general. https://r-7.co/33XR6bz",0,2,3,0,[],['@NickSDavis'],[],https://pbs.twimg.com/profile_images/1463525578397700098/mRQnBOSC_normal.jpg,https://twitter.com/rapid7/status/1219031887269769216,tweet_id:1219031887269769216
jack,Nick Davis @nicksdavis@infosec.exchange,2019-10-30T20:05:08.000Z,True,"We’ve made the decision to stop all political advertising on Twitter globally. We believe political message reach should be earned, not bought. Why? A few reasons…",1.4万,11万,35万,0,[],[],['\\U0001f9f5'],https://pbs.twimg.com/profile_images/1661201415899951105/azNjKOSH_normal.jpg,https://twitter.com/jack/status/1189634360472829952,tweet_id:1189634360472829952
Rapid7,Nick Davis @nicksdavis@infosec.exchange,2019-10-27T13:01:10.000Z,False,"In this Risky Business podcast, Rapid7 Product Manager  talks about InsightIDR, detection and response, and cybersecurity in general. https://r-7.co/33XR6bz",0,1,5,0,[],['@NickSDavis'],[],https://pbs.twimg.com/profile_images/1463525578397700098/mRQnBOSC_normal.jpg,https://twitter.com/rapid7/status/1188440499994222597,tweet_id:1188440499994222597
Nick Davis @nicksdavis@infosec.exchange,Nick Davis @nicksdavis@infosec.exchange,2018-09-18T17:58:25.000Z,False,Do you know what the future of #security #orchestration and #automation looks like?  does and we want to share it with you. Live stream it Thursday at 10AM EDT! https://r-7.co/2OElbFO hashtag#AutomateToAccelerate,0,3,7,0,"['#security', '#orchestration', '#automation']",['@rapid7'],[],https://pbs.twimg.com/profile_images/1415372233804066817/VTh0tfYb_normal.jpg,https://twitter.com/NickSDavis/status/1042110611256233984,tweet_id:1042110611256233984
Nick Davis @nicksdavis@infosec.exchange,Nick Davis @nicksdavis@infosec.exchange,2018-07-20T20:31:36.000Z,False,May I present our very own ,1,0,13,0,[],['@kledoux'],[],https://pbs.twimg.com/profile_images/1415372233804066817/VTh0tfYb_normal.jpg,https://twitter.com/NickSDavis/status/1020405887578656770,tweet_id:1020405887578656770
Barack Obama,Nick Davis @nicksdavis@infosec.exchange,2017-12-13T00:17:20.000Z,True,"Happy Hanukkah, everybody, from the Obama family to yours. Chag Sameach!",1万,6.7万,54万,0,[],[],[],https://pbs.twimg.com/profile_images/1329647526807543809/2SGvnHYV_normal.jpg,https://twitter.com/BarackObama/status/940737366255423488,tweet_id:940737366255423488
Ed Markey,Nick Davis @nicksdavis@infosec.exchange,2017-12-11T14:33:01.000Z,True,At 10:30AM ET I will be joining  and other #MA technology leaders to discuss ’s Thursday vote on #NetNeutrality  and why we need to do everything we can to #SaveNetNeutrality. WATCH LIVE: http://r-7.co/MA4neutrality,3,22,63,0,"['#MA', '#NetNeutrality', '#SaveNetNeutrality']","['@rapid7', '@FCC']",[],https://pbs.twimg.com/profile_images/1649496276151554058/56C3hGlQ_normal.jpg,https://twitter.com/SenMarkey/status/940227928058671110,tweet_id:940227928058671110
Nick Davis @nicksdavis@infosec.exchange,Nick Davis @nicksdavis@infosec.exchange,2017-08-01T20:24:07.000Z,False,Thanks  for switching our flight out from under us with no warning. Real classy.,1,0,0,0,[],['@Delta'],[],https://pbs.twimg.com/profile_images/1415372233804066817/VTh0tfYb_normal.jpg,https://twitter.com/NickSDavis/status/892481086432915457,tweet_id:892481086432915457
Nick Davis @nicksdavis@infosec.exchange,Nick Davis @nicksdavis@infosec.exchange,2017-07-18T20:14:27.000Z,False,Welcome to the team ! We’re real glad you’ve joined us. http://r-7.co/2tcugep #security #orchestration #automation,0,0,5,0,"['#security', '#orchestration', '#automation']",['@Komandsecurity'],[],https://pbs.twimg.com/profile_images/1415372233804066817/VTh0tfYb_normal.jpg,https://twitter.com/NickSDavis/status/887405224289329153,tweet_id:887405224289329153
Mudge,Nick Davis @nicksdavis@infosec.exchange,2017-07-14T03:32:18.000Z,True,"In many ways our community has grown up, and in some ways we haven't.

Be safe, learn lots, and share your knowledge.

See everyone soon!",19,67,206,0,[],[],[],https://pbs.twimg.com/profile_images/2635622100/d89ae44de4c7ead395a04eb4b4766949_normal.jpeg,https://twitter.com/dotMudge/status/885703472577781761,tweet_id:885703472577781761
Rapid7,Nick Davis @nicksdavis@infosec.exchange,2017-05-30T13:32:03.000Z,False,Need better visibility and immediate context for activity on your network? Take an interactive tour of InsightIDR. http://r-7.co/2rjgbOl,0,4,8,0,[],[],[],https://pbs.twimg.com/profile_images/1463525578397700098/mRQnBOSC_normal.jpg,https://twitter.com/rapid7/status/869546954069561345,tweet_id:869546954069561345
Ming Chow @0xmchow@infosec.exchange,Nick Davis @nicksdavis@infosec.exchange,2017-04-09T04:01:52.000Z,False,"I will be on the ""Breaking Into InfoSec"" panel with Justin Pagano, Tracy Maleeff, and Keith Hoodlet  on Sat, April 15th 2:30 PM",0,4,7,0,[],['@BSidesBoston'],[],https://pbs.twimg.com/profile_images/1767307568056066048/3D-hMYWm_normal.png,https://twitter.com/0xmchow/status/850921681862483968,tweet_id:850921681862483968
Nick Davis @nicksdavis@infosec.exchange,Nick Davis @nicksdavis@infosec.exchange,2017-04-04T20:46:06.000Z,False,Congrats ! Very well deserved,1,0,0,0,[],['@0xmchow'],[],https://pbs.twimg.com/profile_images/1415372233804066817/VTh0tfYb_normal.jpg,https://twitter.com/NickSDavis/status/849362463174918147,tweet_id:849362463174918147
Elizabeth Warren,Nick Davis @nicksdavis@infosec.exchange,2017-03-08T21:10:32.000Z,True,No day off for us today. Can you imagine what bills the  would try to ram through if 16  women skipped a day of work?,598,"2,156",1万,0,[],"['@SenateGOP', '@SenateDems']",[],https://pbs.twimg.com/profile_images/722044174799777792/bXaodRhx_normal.jpg,https://twitter.com/SenWarren/status/839584140181843969,tweet_id:839584140181843969
Nick Davis @nicksdavis@infosec.exchange,Nick Davis @nicksdavis@infosec.exchange,2017-03-08T21:37:01.000Z,False,I could not have written down my thoughts about #Vault7 better if I tried... so I didn't! https://community.rapid7.com/community/infosec/blog/2017/03/08/first-impressions-on-vault7…,0,0,0,0,['#Vault7'],[],[],https://pbs.twimg.com/profile_images/1415372233804066817/VTh0tfYb_normal.jpg,https://twitter.com/NickSDavis/status/839590804486225923,tweet_id:839590804486225923
Nick Davis @nicksdavis@infosec.exchange,Nick Davis @nicksdavis@infosec.exchange,2017-02-28T20:36:12.000Z,True,An outage that's finally not the MBTA's fault. Hurray?,0,1,1,0,[],[],[],https://pbs.twimg.com/profile_images/1415372233804066817/VTh0tfYb_normal.jpg,https://twitter.com/NickSDavis/status/836676395900223489,tweet_id:836676395900223489
Nick Davis @nicksdavis@infosec.exchange,Nick Davis @nicksdavis@infosec.exchange,2017-02-28T18:44:24.000Z,False,This is fine. #AWS #S3,1,1,2,0,"['#AWS', '#S3']",[],[],https://pbs.twimg.com/profile_images/1415372233804066817/VTh0tfYb_normal.jpg,https://twitter.com/NickSDavis/status/836648263520555008,tweet_id:836648263520555008
Nick Davis @nicksdavis@infosec.exchange,Nick Davis @nicksdavis@infosec.exchange,2017-02-17T19:45:06.000Z,False,Waking up after #RSAC2017 and realizing it's over,0,0,4,0,['#RSAC2017'],[],[],https://pbs.twimg.com/profile_images/1415372233804066817/VTh0tfYb_normal.jpg,https://twitter.com/NickSDavis/status/832677271483805696,tweet_id:832677271483805696
Nick Davis @nicksdavis@infosec.exchange,Nick Davis @nicksdavis@infosec.exchange,2017-01-09T20:57:04.000Z,False,The republican leadership in Congress seem to have forgotten about the standards they cared so deeply about in 2009,1,0,0,0,[],[],[],https://pbs.twimg.com/profile_images/1415372233804066817/VTh0tfYb_normal.jpg,https://twitter.com/NickSDavis/status/818562257344991233,tweet_id:818562257344991233
Nick Davis @nicksdavis@infosec.exchange,Nick Davis @nicksdavis@infosec.exchange,2017-01-09T20:54:44.000Z,True,Do not let this hypocrisy stand.,0,0,0,0,[],[],[],https://pbs.twimg.com/profile_images/1415372233804066817/VTh0tfYb_normal.jpg,https://twitter.com/NickSDavis/status/818561669685190657,tweet_id:818561669685190657
Elizabeth Warren,Nick Davis @nicksdavis@infosec.exchange,2017-01-09T18:44:16.000Z,True,"Today @RepKClark, our Democratic colleagues & I introduced the bill to implement the Emoluments Clause: http://warren.senate.gov/?p=press_release&id=1342…",192,"1,221","2,878",0,[],[],[],https://pbs.twimg.com/profile_images/722044174799777792/bXaodRhx_normal.jpg,https://twitter.com/SenWarren/status/818528834819657728,tweet_id:818528834819657728
Nick Davis @nicksdavis@infosec.exchange,Nick Davis @nicksdavis@infosec.exchange,2016-12-09T17:43:21.000Z,False,Deja Vu. #ColeWinter,0,0,0,0,['#ColeWinter'],[],[],https://pbs.twimg.com/profile_images/1415372233804066817/VTh0tfYb_normal.jpg,https://twitter.com/NickSDavis/status/807279480288866304,tweet_id:807279480288866304
Nick Davis @nicksdavis@infosec.exchange,Nick Davis @nicksdavis@infosec.exchange,2016-11-18T14:44:26.000Z,False,"After 24 years I think I'm finally addicted to coffee. It's been a hard fought battle, but today I admit defeat.",1,0,3,0,[],[],[],https://pbs.twimg.com/profile_images/1415372233804066817/VTh0tfYb_normal.jpg,https://twitter.com/NickSDavis/status/799624310109376516,tweet_id:799624310109376516
Nick Davis @nicksdavis@infosec.exchange,Nick Davis @nicksdavis@infosec.exchange,2016-11-15T20:37:21.000Z,False,Best surprise of the day was hearing @AndersonPaak on ATCQ's new album. Moving Backwards is a great song,0,0,3,0,[],[],[],https://pbs.twimg.com/profile_images/1415372233804066817/VTh0tfYb_normal.jpg,https://twitter.com/NickSDavis/status/798625962590146561,tweet_id:798625962590146561
Hillary Clinton,Nick Davis @nicksdavis@infosec.exchange,2016-11-09T16:50:23.000Z,True,"""This loss hurts. But please never stop believing that fighting for what’s right is worth it."" —Hillary","3,265",11万,23万,0,[],[],[],https://pbs.twimg.com/profile_images/1291192333199958017/SvH8J8_P_normal.jpg,https://twitter.com/HillaryClinton/status/796394515582095361,tweet_id:796394515582095361
E.J. Dyksen,Nick Davis @nicksdavis@infosec.exchange,2016-11-08T16:38:33.000Z,False,JS console output from each candidate's website #cleanupyourerrors,47,"3,715","4,137",0,['#cleanupyourerrors'],[],[],https://pbs.twimg.com/profile_images/1755356299267584000/5gz3G3nA_normal.jpg,https://twitter.com/ejdyksen/status/796029149928390656,tweet_id:796029149928390656
Nick Davis @nicksdavis@infosec.exchange,Nick Davis @nicksdavis@infosec.exchange,2016-10-24T19:20:03.000Z,False,Looking forward to seeing all of my Tufts friends!,0,1,3,0,[],[],[],https://pbs.twimg.com/profile_images/1415372233804066817/VTh0tfYb_normal.jpg,https://twitter.com/NickSDavis/status/790633973504471041,tweet_id:790633973504471041
Nick Davis @nicksdavis@infosec.exchange,Nick Davis @nicksdavis@infosec.exchange,2016-10-21T13:36:47.000Z,False,DDoSing DNS infra is brilliant. Long weekend anyone? https://dynstatus.com/incidents/nlr4yrr162t8…,1,0,0,0,[],[],[],https://pbs.twimg.com/profile_images/1415372233804066817/VTh0tfYb_normal.jpg,https://twitter.com/NickSDavis/status/789460425444356096,tweet_id:789460425444356096
Hillary Clinton,Nick Davis @nicksdavis@infosec.exchange,2016-10-20T02:37:43.000Z,True,RT if you’re proud of Hillary tonight. #DebateNight #SheWon,"7,188",5.4万,7万,0,"['#DebateNight', '#SheWon']",[],[],https://pbs.twimg.com/profile_images/1291192333199958017/SvH8J8_P_normal.jpg,https://twitter.com/HillaryClinton/status/788932179082567680,tweet_id:788932179082567680
Nick Davis @nicksdavis@infosec.exchange,Nick Davis @nicksdavis@infosec.exchange,2016-10-04T13:53:27.000Z,False,Proud of #Rapid7 &  for releasing an important disclosure for insulin pump users. Learn more  http://tmsnrt.rs/2dbdnZO,0,0,0,0,['#Rapid7'],"['@jradcliffe02', '@Reuters']",[],https://pbs.twimg.com/profile_images/1415372233804066817/VTh0tfYb_normal.jpg,https://twitter.com/NickSDavis/status/783304026834206720,tweet_id:783304026834206720
Nick Davis @nicksdavis@infosec.exchange,Nick Davis @nicksdavis@infosec.exchange,2016-09-21T18:30:34.000Z,False,"My awesome company  is hiring a Senior JavaScript Engineer in Cambridge, come check us out! http://grnh.se/2tvp7w",1,0,2,0,[],['@Rapid7'],[],https://pbs.twimg.com/profile_images/1415372233804066817/VTh0tfYb_normal.jpg,https://twitter.com/NickSDavis/status/778662720367423490,tweet_id:778662720367423490
Nick Davis @nicksdavis@infosec.exchange,Nick Davis @nicksdavis@infosec.exchange,2016-09-21T18:18:41.000Z,False,"Want to work on awesome security software? . is hiring a Junior Software Engineer in Toronto, Canada! http://grnh.se/e65jun",0,0,3,0,[],['@Rapid7'],[],https://pbs.twimg.com/profile_images/1415372233804066817/VTh0tfYb_normal.jpg,https://twitter.com/NickSDavis/status/778659730503983104,tweet_id:778659730503983104
Andreas Klinger,Nick Davis @nicksdavis@infosec.exchange,2016-08-22T18:21:04.000Z,True,"Scary good scam mail
- email by real person
- content credible
- link looks like attachment
- landingpage looks real",74,"4,250","3,390",0,[],[],[],https://pbs.twimg.com/profile_images/458856003732140032/EN5TET65_normal.jpeg,https://twitter.com/andreasklinger/status/767788697408327682,tweet_id:767788697408327682
Nick Davis @nicksdavis@infosec.exchange,Nick Davis @nicksdavis@infosec.exchange,2016-08-19T13:17:34.000Z,False,Red Line delays ruining your morning? Chalres bound is still clear! #flugtagboston #RedBullFlugtag #breadowncharlie,0,4,6,0,"['#flugtagboston', '#RedBullFlugtag', '#breadowncharlie']",[],[],https://pbs.twimg.com/profile_images/1415372233804066817/VTh0tfYb_normal.jpg,https://twitter.com/NickSDavis/status/766625152826212353,tweet_id:766625152826212353
Nick Davis @nicksdavis@infosec.exchange,Nick Davis @nicksdavis@infosec.exchange,2016-08-18T19:27:32.000Z,True,#makedonalddrumphagain,0,0,1,0,['#makedonalddrumphagain'],[],[],https://pbs.twimg.com/profile_images/1415372233804066817/VTh0tfYb_normal.jpg,https://twitter.com/NickSDavis/status/766355870875787264,tweet_id:766355870875787264
Nick Davis @nicksdavis@infosec.exchange,Nick Davis @nicksdavis@infosec.exchange,2016-08-17T18:01:16.000Z,False,"Help us win the people's choice for #RedBullFlugtag #votebreakdowncharlie!
Next stop: CHARLES",0,2,3,0,"['#RedBullFlugtag', '#votebreakdowncharlie']",[],[],https://pbs.twimg.com/profile_images/1415372233804066817/VTh0tfYb_normal.jpg,https://twitter.com/NickSDavis/status/765971772734857217,tweet_id:765971772734857217
Nick Davis @nicksdavis@infosec.exchange,Nick Davis @nicksdavis@infosec.exchange,2016-08-09T18:08:32.000Z,False,That's one way to stop social engineering attacks ,0,0,0,0,[],['@facebook'],[],https://pbs.twimg.com/profile_images/1415372233804066817/VTh0tfYb_normal.jpg,https://twitter.com/NickSDavis/status/763074500720222208,tweet_id:763074500720222208
Nick Davis @nicksdavis@infosec.exchange,Nick Davis @nicksdavis@infosec.exchange,2016-08-08T01:12:58.000Z,False,Next stop: The Charles river. Stand clear of the closing doors.   ,1,0,5,0,[],"['@FlugtagUSA', '@MBTA', '@rapid7']",[],https://pbs.twimg.com/profile_images/1415372233804066817/VTh0tfYb_normal.jpg,https://twitter.com/NickSDavis/status/762456536262115329,tweet_id:762456536262115329
Nick Davis @nicksdavis@infosec.exchange,Nick Davis @nicksdavis@infosec.exchange,2016-08-05T20:13:57.000Z,False,Jermaine's Interlude... Damn I can't wait for some new music #coleworld,0,0,0,0,['#coleworld'],[],[],https://pbs.twimg.com/profile_images/1415372233804066817/VTh0tfYb_normal.jpg,https://twitter.com/NickSDavis/status/761656510871207944,tweet_id:761656510871207944
Nick Davis @nicksdavis@infosec.exchange,Nick Davis @nicksdavis@infosec.exchange,2016-08-05T18:14:46.000Z,False,Frank why are you doing this man? The people are waiting,0,0,1,0,[],[],[],https://pbs.twimg.com/profile_images/1415372233804066817/VTh0tfYb_normal.jpg,https://twitter.com/NickSDavis/status/761626518380576769,tweet_id:761626518380576769
Rapid7,Nick Davis @nicksdavis@infosec.exchange,2016-08-04T19:27:28.000Z,False,Keep sharing your Rapid7 #BHUSA party pics with us. #notourpic #definitelyourparty,3,6,7,0,"['#BHUSA', '#notourpic', '#definitelyourparty']",[],[],https://pbs.twimg.com/profile_images/1463525578397700098/mRQnBOSC_normal.jpg,https://twitter.com/rapid7/status/761282426102427648,tweet_id:761282426102427648
MIT CSAIL,Nick Davis @nicksdavis@infosec.exchange,2016-08-04T17:37:24.000Z,True,How to accidentally break a Skype bot. http://bit.ly/2aymhkU (h/t ),13,746,999,0,[],['@Reddit'],[],https://pbs.twimg.com/profile_images/1472916836408721409/zQl-1tuq_normal.png,https://twitter.com/MIT_CSAIL/status/761254724612026368,tweet_id:761254724612026368
Brian Gaffey,Nick Davis @nicksdavis@infosec.exchange,2016-07-27T20:11:55.000Z,False,LIVE on #Periscope https://pscp.tv/w/ame7izM4MDUyOTJ8MUJSSmprQU55V294dxR7rImw_UZGc3VX7GoeIa_lf1-jmZM3b-_HsWs3LZuW…,0,2,3,0,['#Periscope'],[],[],https://pbs.twimg.com/profile_images/904765025751097344/s3a8FUfe_normal.jpg,https://twitter.com/b_gaffey/status/758394507461332992,tweet_id:758394507461332992
Nick Davis @nicksdavis@infosec.exchange,Nick Davis @nicksdavis@infosec.exchange,2016-07-22T11:57:28.000Z,False,@AndersonPaak is a beast! Best performer I've seen. Thanks for coming out to Boston,0,0,0,0,[],[],[],https://pbs.twimg.com/profile_images/1415372233804066817/VTh0tfYb_normal.jpg,https://twitter.com/NickSDavis/status/756458134344957953,tweet_id:756458134344957953
Nick Davis @nicksdavis@infosec.exchange,Nick Davis @nicksdavis@infosec.exchange,2016-07-21T14:18:15.000Z,False,"Going to see @AndersonPaak tonight, this is gonna be ",0,0,2,0,[],[],['\\U0001f525'],https://pbs.twimg.com/profile_images/1415372233804066817/VTh0tfYb_normal.jpg,https://twitter.com/NickSDavis/status/756131177011044352,tweet_id:756131177011044352
Nick Davis @nicksdavis@infosec.exchange,Nick Davis @nicksdavis@infosec.exchange,2016-07-13T16:11:34.000Z,False, can this be my new mantra?,0,0,0,0,[],['@egyp7'],[],https://pbs.twimg.com/profile_images/1415372233804066817/VTh0tfYb_normal.jpg,https://twitter.com/NickSDavis/status/753260590743818240,tweet_id:753260590743818240
Nick Davis @nicksdavis@infosec.exchange,Nick Davis @nicksdavis@infosec.exchange,2016-07-06T19:27:04.000Z,False,So it seems that using shared passwords is now a federal crime. Ok then.... http://pcworld.com/article/3091856/court-decision-raises-issues-about-sharing-passwords.html…,0,0,2,0,[],[],[],https://pbs.twimg.com/profile_images/1415372233804066817/VTh0tfYb_normal.jpg,https://twitter.com/NickSDavis/status/750773074451103744,tweet_id:750773074451103744
Nick Davis @nicksdavis@infosec.exchange,Nick Davis @nicksdavis@infosec.exchange,2016-06-21T14:50:47.000Z,False,"Listening to Youth Lagoon today, and I'm feeling pretty bummed that they broke up. Wonder what's next for Trevor Powers",0,0,1,0,[],[],[],https://pbs.twimg.com/profile_images/1415372233804066817/VTh0tfYb_normal.jpg,https://twitter.com/NickSDavis/status/745267728810934272,tweet_id:745267728810934272
Nick Davis @nicksdavis@infosec.exchange,Nick Davis @nicksdavis@infosec.exchange,2016-06-09T19:10:27.000Z,True,MADE MY DAY,0,0,0,0,[],[],[],https://pbs.twimg.com/profile_images/1415372233804066817/VTh0tfYb_normal.jpg,https://twitter.com/NickSDavis/status/740984421734567937,tweet_id:740984421734567937
Nick Davis @nicksdavis@infosec.exchange,Nick Davis @nicksdavis@infosec.exchange,2016-06-07T15:21:24.000Z,False,I wonder how he ties them with his tiny baby hands...,0,0,1,0,[],[],[],https://pbs.twimg.com/profile_images/1415372233804066817/VTh0tfYb_normal.jpg,https://twitter.com/NickSDavis/status/740202002861424641,tweet_id:740202002861424641
Nick Davis @nicksdavis@infosec.exchange,Nick Davis @nicksdavis@infosec.exchange,2016-05-25T14:36:34.000Z,False,Interested in Sofware Security Engineering?  is hiring in Cambridge!! http://grnh.se/04r2mu,1,1,2,0,[],['@Rapid7'],[],https://pbs.twimg.com/profile_images/1415372233804066817/VTh0tfYb_normal.jpg,https://twitter.com/NickSDavis/status/735479677939290113,tweet_id:735479677939290113
Nick Davis @nicksdavis@infosec.exchange,Nick Davis @nicksdavis@infosec.exchange,2016-05-13T04:45:56.000Z,False,Coloring Book is  #Chance3 ,0,0,0,0,['#Chance3'],['@chancetherapper'],"['\\U0001f525', '\\U0001f525']",https://pbs.twimg.com/profile_images/1415372233804066817/VTh0tfYb_normal.jpg,https://twitter.com/NickSDavis/status/730982386993926144,tweet_id:730982386993926144
Nick Davis @nicksdavis@infosec.exchange,Nick Davis @nicksdavis@infosec.exchange,2016-05-12T21:40:11.000Z,False,It's happening #Chance3 http://noisey.vice.com/blog/dude-how-good-is-the-chance-the-rapper-album-about-to-be…,1,0,1,0,['#Chance3'],[],[],https://pbs.twimg.com/profile_images/1415372233804066817/VTh0tfYb_normal.jpg,https://twitter.com/NickSDavis/status/730875241342308353,tweet_id:730875241342308353
Mathias Verraes,Nick Davis @nicksdavis@infosec.exchange,2015-08-14T18:40:52.000Z,False,There are only two hard problems in distributed systems:  2. Exactly-once delivery 1. Guaranteed order of messages 2. Exactly-once delivery,82,"7,048","6,789",0,[],[],[],https://pbs.twimg.com/profile_images/1576668999424901121/An8ZA-Op_normal.jpg,https://twitter.com/mathiasverraes/status/632260618599403520,tweet_id:632260618599403520
Rapid7,Nick Davis @nicksdavis@infosec.exchange,2016-04-26T17:45:01.000Z,False,Come and meet us at the Boston office tomorrow with #NewCoBOS! Space is limited – reserve your spot now:,0,5,5,0,['#NewCoBOS'],[],[],https://pbs.twimg.com/profile_images/1463525578397700098/mRQnBOSC_normal.jpg,https://twitter.com/rapid7/status/725017856035852288,tweet_id:725017856035852288
SpaceX,Nick Davis @nicksdavis@infosec.exchange,2016-04-08T20:55:19.000Z,True,The 1st stage of the Falcon 9 just landed on our Of Course I Still Love You droneship. Dragon in good orbit,696,1.3万,2万,0,[],[],[],https://pbs.twimg.com/profile_images/1697749409851985920/HbrI04tM_normal.jpg,https://twitter.com/SpaceX/status/718542763545899008,tweet_id:718542763545899008
Boston.com,Nick Davis @nicksdavis@infosec.exchange,2016-04-04T14:22:57.000Z,True,A peek inside the work life of a software engineer in Boston  http://trib.al/hjgcbUz,1,4,8,0,[],[],[],https://pbs.twimg.com/profile_images/1447564257650950147/zyjB7-Ug_normal.jpg,https://twitter.com/BostonDotCom/status/716994468864516096,tweet_id:716994468864516096
Kendrick Lamar,Nick Davis @nicksdavis@infosec.exchange,2016-03-04T04:05:59.000Z,True,untitled unmastered.,"1,613",5.5万,5.6万,0,[],[],[],https://pbs.twimg.com/profile_images/1103764272654442496/wcNdeqop_normal.jpg,https://twitter.com/kendricklamar/status/705605181182849028,tweet_id:705605181182849028
Nick Davis @nicksdavis@infosec.exchange,Nick Davis @nicksdavis@infosec.exchange,2016-03-04T14:36:15.000Z,False,Untitled 7 is just way too fire,0,0,1,0,[],[],[],https://pbs.twimg.com/profile_images/1415372233804066817/VTh0tfYb_normal.jpg,https://twitter.com/NickSDavis/status/705763795247853568,tweet_id:705763795247853568
Nick Davis @nicksdavis@infosec.exchange,Nick Davis @nicksdavis@infosec.exchange,2016-02-24T15:04:50.000Z,False,"I've been working on this for a long time now, introducing InsightIDR! http://rapid7.com/products/insightidr/…",0,1,5,0,[],[],[],https://pbs.twimg.com/profile_images/1415372233804066817/VTh0tfYb_normal.jpg,https://twitter.com/NickSDavis/status/702509494564229120,tweet_id:702509494564229120
Nick Davis @nicksdavis@infosec.exchange,Nick Davis @nicksdavis@infosec.exchange,2016-02-18T18:58:02.000Z,False,. is hiring a Application Security Engineer in Cambridge! http://grnh.se/g6h2wa,0,0,0,0,[],['@Rapid7'],[],https://pbs.twimg.com/profile_images/1415372233804066817/VTh0tfYb_normal.jpg,https://twitter.com/NickSDavis/status/700393854147633157,tweet_id:700393854147633157
Rapid7,Nick Davis @nicksdavis@infosec.exchange,2016-02-12T18:41:47.000Z,False,Our visitor at the Boston office today has some serious dance moves! ,1,8,3,0,[],['@KeytarBear'],[],https://pbs.twimg.com/profile_images/1463525578397700098/mRQnBOSC_normal.jpg,https://twitter.com/rapid7/status/698215438430441473,tweet_id:698215438430441473
Elon Musk,Nick Davis @nicksdavis@infosec.exchange,2016-01-18T03:07:21.000Z,True,"Falcon lands on droneship, but the lockout collet doesn't latch on one the four legs, causing it… https://instagram.com/p/BAqirNbwEc0/","1,083","7,006","7,676",0,[],[],[],https://pbs.twimg.com/profile_images/1780044485541699584/p78MCn3B_normal.jpg,https://twitter.com/elonmusk/status/688920586391805952,tweet_id:688920586391805952
Nick Davis @nicksdavis@infosec.exchange,Nick Davis @nicksdavis@infosec.exchange,2016-01-11T16:36:25.000Z,False,Very excited for Anderson .Paak's new album. Definitely my favorite new artist,0,0,2,0,[],[],[],https://pbs.twimg.com/profile_images/1415372233804066817/VTh0tfYb_normal.jpg,https://twitter.com/NickSDavis/status/686587475729453057,tweet_id:686587475729453057
SpaceX,Nick Davis @nicksdavis@infosec.exchange,2015-12-22T02:11:43.000Z,True,"Long exposure of launch, re-entry, and landing burns",198,"8,211",1万,0,[],[],[],https://pbs.twimg.com/profile_images/1697749409851985920/HbrI04tM_normal.jpg,https://twitter.com/SpaceX/status/679122112196382720,tweet_id:679122112196382720
XPRIZE,Nick Davis @nicksdavis@infosec.exchange,2015-12-22T01:40:21.000Z,True,CONGRATS TO  ON THE SUCCESSFUL RETURN LANDING!!!,0,43,75,0,[],['@SPACEX'],[],https://pbs.twimg.com/profile_images/1243276648557858817/yj3Pgmmy_normal.jpg,https://twitter.com/xprize/status/679114219707469824,tweet_id:679114219707469824
Nick Davis @nicksdavis@infosec.exchange,Nick Davis @nicksdavis@infosec.exchange,2015-12-02T17:54:34.000Z,False,"Damn, Kendrick spit bars over J.Cole's A Tale of 2 Citiez: https://soundcloud.com/topdawgent/kendrick-lamar-black-friday…",0,1,0,0,[],[],[],https://pbs.twimg.com/profile_images/1415372233804066817/VTh0tfYb_normal.jpg,https://twitter.com/NickSDavis/status/672111629417455616,tweet_id:672111629417455616
Ming Chow @0xmchow@infosec.exchange,Nick Davis @nicksdavis@infosec.exchange,2015-10-20T22:51:37.000Z,False,Welcome back ! Him giving a talk on incident detection to my Security class. CC ,0,2,0,0,[],"['@NickSDavis', '@rapid7']",[],https://pbs.twimg.com/profile_images/1767307568056066048/3D-hMYWm_normal.png,https://twitter.com/0xmchow/status/656603706423681024,tweet_id:656603706423681024
Nick Davis @nicksdavis@infosec.exchange,Nick Davis @nicksdavis@infosec.exchange,2015-10-14T01:09:52.000Z,False,. is going in! #cooperforpresident2016,0,0,0,0,['#cooperforpresident2016'],['@andersoncooper'],[],https://pbs.twimg.com/profile_images/1415372233804066817/VTh0tfYb_normal.jpg,https://twitter.com/NickSDavis/status/654101781832704000,tweet_id:654101781832704000
Nick Davis @nicksdavis@infosec.exchange,Nick Davis @nicksdavis@infosec.exchange,2015-10-13T20:53:02.000Z,False,We're welcoming Logentries to the  family! Full press release here: http://bit.ly/R7LPR,0,0,0,0,[],['@Rapid7'],[],https://pbs.twimg.com/profile_images/1415372233804066817/VTh0tfYb_normal.jpg,https://twitter.com/NickSDavis/status/654037148816003072,tweet_id:654037148816003072
Nick Davis @nicksdavis@infosec.exchange,Nick Davis @nicksdavis@infosec.exchange,2015-10-05T14:49:33.000Z,False,Any friends going to LV for Re:invent this week?,0,0,0,0,[],[],[],https://pbs.twimg.com/profile_images/1415372233804066817/VTh0tfYb_normal.jpg,https://twitter.com/NickSDavis/status/651046571203764224,tweet_id:651046571203764224
SEO-AF,Nick Davis @nicksdavis@infosec.exchange,2015-09-13T18:20:46.000Z,False,Replace a semicolon (;) with a greek question mark (;) in someone's JavaScript and then just sit back and watch.,81,"2,319","2,048",0,[],[],[],https://pbs.twimg.com/profile_images/1721318545035075584/p5LoYtqs_normal.jpg,https://twitter.com/bobrains/status/643127193967570944,tweet_id:643127193967570944
Rapid7,Nick Davis @nicksdavis@infosec.exchange,2015-09-03T17:57:01.000Z,False,"A question from Team #UserInsight: , #DidWeWin the #MTLCAwards? (Join us & find out: http://masstlcawards.org/gala-2015/)",1,13,9,0,"['#UserInsight', '#DidWeWin', '#MTLCAwards']",['@MassTLC'],[],https://pbs.twimg.com/profile_images/1463525578397700098/mRQnBOSC_normal.jpg,https://twitter.com/rapid7/status/639497339950923776,tweet_id:639497339950923776
Nick Davis @nicksdavis@infosec.exchange,Nick Davis @nicksdavis@infosec.exchange,2015-08-11T18:53:42.000Z,False,Come drink a beer with me and check out the cool Rapid7 HQ at the same time! http://eventbrite.com/e/rapid7-employee-referral-night-boston-office-tickets-17426647572…,0,0,2,0,[],[],[],https://pbs.twimg.com/profile_images/1415372233804066817/VTh0tfYb_normal.jpg,https://twitter.com/NickSDavis/status/631176682741764096,tweet_id:631176682741764096
Nick Davis @nicksdavis@infosec.exchange,Nick Davis @nicksdavis@infosec.exchange,2015-08-11T18:53:08.000Z,True,We live in the future now,0,0,1,0,[],[],[],https://pbs.twimg.com/profile_images/1415372233804066817/VTh0tfYb_normal.jpg,https://twitter.com/NickSDavis/status/631176540202496000,tweet_id:631176540202496000
Rapid7,Nick Davis @nicksdavis@infosec.exchange,2015-07-31T16:22:55.000Z,False," to  for raising awareness around the dangers of using unknown USB keys—let us know if you want to meet ""#Rapid9"" pros IRL.",0,11,9,0,['#Rapid9'],['@whoismrrobot'],"['\\U0001f64f\\U0001f3fb', '\\U0001f44d\\U0001f3fb']",https://pbs.twimg.com/profile_images/1463525578397700098/mRQnBOSC_normal.jpg,https://twitter.com/rapid7/status/627152471169855488,tweet_id:627152471169855488
Nick Davis @nicksdavis@infosec.exchange,Nick Davis @nicksdavis@infosec.exchange,2015-07-26T19:11:41.000Z,False,. takes WaPo to school! This is too good: http://techcrunch.com/2015/07/25/technology-is-magic-just-ask-the-washington-post/…,0,0,1,0,[],['@rezendi'],[],https://pbs.twimg.com/profile_images/1415372233804066817/VTh0tfYb_normal.jpg,https://twitter.com/NickSDavis/status/625383000797249537,tweet_id:625383000797249537
Nick Davis @nicksdavis@infosec.exchange,Nick Davis @nicksdavis@infosec.exchange,2015-07-21T15:15:45.000Z,False,"Never forget. Also, never use mongo. https://github.com/mongodb/mongo-java-driver/blob/1d2e6faa80aeb5287a26d0348f18f4b51d566759/src/main/com/mongodb/ConnectionStatus.java#L213…",0,1,1,0,[],[],[],https://pbs.twimg.com/profile_images/1415372233804066817/VTh0tfYb_normal.jpg,https://twitter.com/NickSDavis/status/623511688097230848,tweet_id:623511688097230848
Mudge,Nick Davis @nicksdavis@infosec.exchange,2015-06-29T13:04:47.000Z,True,"Goodbye Google ATAP, it was a blast.

The White House asked if I would kindly create a #CyberUL, so here goes!",80,160,207,0,['#CyberUL'],[],[],https://pbs.twimg.com/profile_images/2635622100/d89ae44de4c7ead395a04eb4b4766949_normal.jpeg,https://twitter.com/dotMudge/status/615506197479882752,tweet_id:615506197479882752
Nick Davis @nicksdavis@infosec.exchange,Nick Davis @nicksdavis@infosec.exchange,2015-06-26T16:19:40.000Z,False,"Today, the world is good. #LoveWins",0,0,0,0,['#LoveWins'],[],[],https://pbs.twimg.com/profile_images/1415372233804066817/VTh0tfYb_normal.jpg,https://twitter.com/NickSDavis/status/614468076545814528,tweet_id:614468076545814528
WIRED,Nick Davis @nicksdavis@infosec.exchange,2015-05-26T15:09:10.000Z,True,"We now recognize , the tweeting Senator from New Jersey http://wrd.cm/1es0drh",6,76,86,0,[],['@corybooker'],[],https://pbs.twimg.com/profile_images/1228050699348561920/YvWAQD2L_normal.jpg,https://twitter.com/WIRED/status/603216310596698112,tweet_id:603216310596698112
Nick Davis @nicksdavis@infosec.exchange,Nick Davis @nicksdavis@infosec.exchange,2015-05-19T18:42:17.000Z,False,Interesting move from a cyrbersecurity standpoint: http://nyti.ms/1FmbQsJ   what do you think from a policy standpoint?,1,0,0,0,[],['@AlexSDavis0731'],[],https://pbs.twimg.com/profile_images/1415372233804066817/VTh0tfYb_normal.jpg,https://twitter.com/NickSDavis/status/600733228207579136,tweet_id:600733228207579136
Nick Davis @nicksdavis@infosec.exchange,Nick Davis @nicksdavis@infosec.exchange,2015-05-18T21:57:09.000Z,False,Not you too  ! You're my favorite! http://news.softpedia.com/news/Researcher-Reports-Vulnerabilities-in-SoundCloud-Service-481529.shtml…,0,0,0,0,[],['@SoundCloud'],[],https://pbs.twimg.com/profile_images/1415372233804066817/VTh0tfYb_normal.jpg,https://twitter.com/NickSDavis/status/600419882770006016,tweet_id:600419882770006016
Nick Davis @nicksdavis@infosec.exchange,Nick Davis @nicksdavis@infosec.exchange,2015-05-18T21:14:43.000Z,False,This is unacceptable. Don't test on systems without permission! Especially systems that are critical to human life.,0,2,1,0,[],[],[],https://pbs.twimg.com/profile_images/1415372233804066817/VTh0tfYb_normal.jpg,https://twitter.com/NickSDavis/status/600409204130762753,tweet_id:600409204130762753
Mass Technology Leadership Council,Nick Davis @nicksdavis@infosec.exchange,2015-05-13T13:31:58.000Z,False,. Rapid Fire #infosec debate is coming to Boston on June 16th! http://bit.ly/1cSRIFk #Rapid7social,1,2,1,0,"['#infosec', '#Rapid7social']",['@rapid7'],[],https://pbs.twimg.com/profile_images/1715094112720855040/nl1BigU-_normal.jpg,https://twitter.com/MassTLC/status/598480809088184321,tweet_id:598480809088184321
Nick Davis @nicksdavis@infosec.exchange,Nick Davis @nicksdavis@infosec.exchange,2015-04-15T17:24:46.000Z,False,Never underestimate the fundamentals: Keeping Your Car Safe From Electronic Thieves http://nyti.ms/1D0CdA6,0,0,0,0,[],[],[],https://pbs.twimg.com/profile_images/1415372233804066817/VTh0tfYb_normal.jpg,https://twitter.com/NickSDavis/status/588392534428233731,tweet_id:588392534428233731
Rapid7,Nick Davis @nicksdavis@infosec.exchange,2015-03-25T16:30:03.000Z,False,We're holding a College Sales Night on April 3 in our Boston office: http://bit.ly/1OwjANG Graduating this spring? Join us! #hiring #jobs,0,1,1,0,"['#hiring', '#jobs']",[],[],https://pbs.twimg.com/profile_images/1463525578397700098/mRQnBOSC_normal.jpg,https://twitter.com/rapid7/status/580768616750039041,tweet_id:580768616750039041
Nick Davis @nicksdavis@infosec.exchange,Nick Davis @nicksdavis@infosec.exchange,2015-02-14T17:02:09.000Z,False,Blizzard prep. Enough is enough. Time to join  in LA.,0,0,0,0,[],['@AlexSDavis0731'],[],https://pbs.twimg.com/profile_images/1415372233804066817/VTh0tfYb_normal.jpg,https://twitter.com/NickSDavis/status/566643569600233473,tweet_id:566643569600233473
Nick Davis @nicksdavis@infosec.exchange,Nick Davis @nicksdavis@infosec.exchange,2015-02-13T17:03:42.000Z,False,This fun Friday features a lock picking seminar! ,0,1,3,0,[],['@rapid7'],[],https://pbs.twimg.com/profile_images/1415372233804066817/VTh0tfYb_normal.jpg,https://twitter.com/NickSDavis/status/566281574111801344,tweet_id:566281574111801344
Nick Davis @nicksdavis@infosec.exchange,Nick Davis @nicksdavis@infosec.exchange,2015-02-13T03:53:18.000Z,False,"Hey friends: Sign up for Lyft with my invite code, NICK494349, to get your first 11  rides free! http://lyft.com",0,0,1,0,[],['@Lyft'],[],https://pbs.twimg.com/profile_images/1415372233804066817/VTh0tfYb_normal.jpg,https://twitter.com/NickSDavis/status/566082659760484352,tweet_id:566082659760484352
Nick Davis @nicksdavis@infosec.exchange,Nick Davis @nicksdavis@infosec.exchange,2015-02-12T16:38:23.000Z,False,Diary of the left shark: http://newyorker.com/magazine/2015/02/16/diary-left-shark?intcid=mod-yml…,0,0,1,0,[],[],[],https://pbs.twimg.com/profile_images/1415372233804066817/VTh0tfYb_normal.jpg,https://twitter.com/NickSDavis/status/565912812095307777,tweet_id:565912812095307777
Nick Davis @nicksdavis@infosec.exchange,Nick Davis @nicksdavis@infosec.exchange,2015-02-04T19:30:38.000Z,False,"FCC Chairman Tom Wheeler: This Is How We Will Ensure Net Neutrality | WIRED http://wired.com/2015/02/fcc-chairman-wheeler-net-neutrality/… thoughts on the use of ""lawful""?",0,0,0,0,[],[],[],https://pbs.twimg.com/profile_images/1415372233804066817/VTh0tfYb_normal.jpg,https://twitter.com/NickSDavis/status/563057059948941313,tweet_id:563057059948941313
Weld Pond | Chris Wysopal,Nick Davis @nicksdavis@infosec.exchange,2015-01-30T19:44:36.000Z,True,Warning: Microsofts Outlook app for iOS breaks your company security. Stores your exchange password & data in cloud. https://blog.winkelmeyer.com/2015/01/warning-microsofts-outlook-app-for-ios-breaks-your-company-security/…,7,118,29,0,[],[],[],https://pbs.twimg.com/profile_images/1732479699748519937/5NQhmNOG_normal.jpg,https://twitter.com/WeldPond/status/561248632092237824,tweet_id:561248632092237824
TravTurn,Nick Davis @nicksdavis@infosec.exchange,2015-01-28T16:06:57.000Z,False,It's a beautiful day in the neighborhood! @ Rapid7 http://instagram.com/p/yZ1shVl3oB/,0,1,0,0,[],[],[],https://pbs.twimg.com/profile_images/1362878752460570627/uw_2kCL0_normal.jpg,https://twitter.com/TravTurn/status/560469083385524225,tweet_id:560469083385524225
Nick Davis @nicksdavis@infosec.exchange,Nick Davis @nicksdavis@infosec.exchange,2015-01-28T15:53:49.000Z,False,"Paul Rudolph Building in Goshen, N.Y., Faces Threat http://nyti.ms/1D5WWUD",0,0,0,0,[],[],[],https://pbs.twimg.com/profile_images/1415372233804066817/VTh0tfYb_normal.jpg,https://twitter.com/NickSDavis/status/560465779737362432,tweet_id:560465779737362432
Brian McKenna,Nick Davis @nicksdavis@infosec.exchange,2015-01-12T18:33:29.000Z,False,"Ah, prod is down because someone accidentally TOOK THE SERVERS OUT OF THE DATA CENTRE AND BROUGHT THEM TO THE OFFICE",166,"1,619","1,788",0,[],[],[],https://pbs.twimg.com/profile_images/1313081307/WithMonkey2_normal.jpg,https://twitter.com/puffnfresh/status/554707755777277953,tweet_id:554707755777277953
Nick Davis @nicksdavis@infosec.exchange,Nick Davis @nicksdavis@infosec.exchange,2015-01-09T15:26:56.000Z,False,Pretty interesting talk from a CS grad student who taught CS in North Korea for 2 years: http://media.ccc.de/browse/congress/2014/31c3_-_6253_-_en_-_saal_2_-_201412292115_-_computer_science_in_the_dprk_-_will_scott.html#video&t=347…,0,0,0,0,[],[],[],https://pbs.twimg.com/profile_images/1415372233804066817/VTh0tfYb_normal.jpg,https://twitter.com/NickSDavis/status/553573645013241856,tweet_id:553573645013241856
Nick Davis @nicksdavis@infosec.exchange,Nick Davis @nicksdavis@infosec.exchange,2015-01-09T15:08:16.000Z,False,Picture of the day: snow settles on the Charles,0,0,0,0,[],[],[],https://pbs.twimg.com/profile_images/1415372233804066817/VTh0tfYb_normal.jpg,https://twitter.com/NickSDavis/status/553568948600709120,tweet_id:553568948600709120
Nick Davis @nicksdavis@infosec.exchange,Nick Davis @nicksdavis@infosec.exchange,2015-01-09T14:18:25.000Z,False,. one of your courses hit the top of HackerNews this morning: https://github.com/prakhar1989/awesome-courses… CS-75 Introduction to Game Development,0,1,0,0,[],['@0xmchow'],[],https://pbs.twimg.com/profile_images/1415372233804066817/VTh0tfYb_normal.jpg,https://twitter.com/NickSDavis/status/553556402036563968,tweet_id:553556402036563968
Nick Davis @nicksdavis@infosec.exchange,Nick Davis @nicksdavis@infosec.exchange,2015-01-07T20:33:51.000Z,False,A storm is brewing. Seen from my office ,0,1,4,0,[],['@rapid7'],[],https://pbs.twimg.com/profile_images/1415372233804066817/VTh0tfYb_normal.jpg,https://twitter.com/NickSDavis/status/552926107172081664,tweet_id:552926107172081664
Nick Davis @nicksdavis@infosec.exchange,Nick Davis @nicksdavis@infosec.exchange,2014-12-17T15:21:43.000Z,False,Rapid7 receives  $30M in new investment! http://goo.gl/RKdjT2,0,0,0,0,[],[],[],https://pbs.twimg.com/profile_images/1415372233804066817/VTh0tfYb_normal.jpg,https://twitter.com/NickSDavis/status/545237413128572929,tweet_id:545237413128572929
Jeffery Myers:UNLEASHED,Nick Davis @nicksdavis@infosec.exchange,2014-12-16T19:14:45.000Z,True,The FBI Used the Web's Favorite Hacking Tool to Unmask Tor Users | WIRED http://wired.com/2014/12/fbi-metasploit-tor/… #Metasploit  ,0,1,0,0,['#Metasploit'],"['@Rapid7', '@HDMoore']",[],https://pbs.twimg.com/profile_images/1594563101487243264/NGQB5ixi_normal.jpg,https://twitter.com/jefferymyers/status/544933667680706560,tweet_id:544933667680706560
Nick Davis @nicksdavis@infosec.exchange,Nick Davis @nicksdavis@infosec.exchange,2014-11-20T19:32:52.000Z,False,Support the Serial Podcast! It's awesome - http://rpx.me/CXzw,0,0,0,0,[],[],[],https://pbs.twimg.com/profile_images/1415372233804066817/VTh0tfYb_normal.jpg,https://twitter.com/NickSDavis/status/535516142572695552,tweet_id:535516142572695552
Nick Davis @nicksdavis@infosec.exchange,Nick Davis @nicksdavis@infosec.exchange,2014-11-18T16:53:53.000Z,False,What are people's thoughts on the new AWS Key Management Service? I think it's a nice alternative to a full HSM implementation,0,0,0,0,[],[],[],https://pbs.twimg.com/profile_images/1415372233804066817/VTh0tfYb_normal.jpg,https://twitter.com/NickSDavis/status/534751358961078272,tweet_id:534751358961078272
Nick Davis @nicksdavis@infosec.exchange,Nick Davis @nicksdavis@infosec.exchange,2014-11-10T19:48:38.000Z,False,"Sen. Cruz is a buffoon. RT: '""Net Neutrality"" is Obamacare for the Internet; the Internet should not operate at the speed of government.'",0,0,0,0,[],[],[],https://pbs.twimg.com/profile_images/1415372233804066817/VTh0tfYb_normal.jpg,https://twitter.com/NickSDavis/status/531896233250795520,tweet_id:531896233250795520
Jason Scott,Nick Davis @nicksdavis@infosec.exchange,2014-10-19T04:12:52.000Z,False,Social Media at its best.,150,"4,705","3,463",0,[],[],[],https://pbs.twimg.com/profile_images/1658519865211093004/8BK0rPx8_normal.jpg,https://twitter.com/textfiles/status/523688207012352000,tweet_id:523688207012352000
Nick Percoco,Nick Davis @nicksdavis@infosec.exchange,2014-10-03T17:12:59.000Z,True,"Rapid7 SecurityStreet - ""Dogfooding at Rapid7: How UserInsight Saved Us from Getting Phished"" https://community.rapid7.com/community/userinsight/blog/2014/10/03/userinsight-helps-rapid7-stop-phishing…",0,1,0,0,[],[],[],https://pbs.twimg.com/profile_images/1752371837399347203/RLyiF0xC_normal.jpg,https://twitter.com/c7five/status/518086323635494912,tweet_id:518086323635494912
Brian Gaffey,Nick Davis @nicksdavis@infosec.exchange,2014-09-25T14:52:50.000Z,False,#TBT The last time tons of computer infrastructure was exploitable. #shellshock #heartbleed #HackersGonnaHack,1,1,0,0,"['#TBT', '#shellshock', '#heartbleed', '#HackersGonnaHack']",[],[],https://pbs.twimg.com/profile_images/904765025751097344/s3a8FUfe_normal.jpg,https://twitter.com/b_gaffey/status/515151947813244928,tweet_id:515151947813244928
Nick Davis @nicksdavis@infosec.exchange,Nick Davis @nicksdavis@infosec.exchange,2014-09-24T19:52:31.000Z,False,"check your networks, computers, services, etc: http://seclists.org/oss-sec/2014/q3/649… remote code execution vuln in bash.",0,0,0,0,[],[],[],https://pbs.twimg.com/profile_images/1415372233804066817/VTh0tfYb_normal.jpg,https://twitter.com/NickSDavis/status/514864978198032385,tweet_id:514864978198032385
Alexander Davis,Nick Davis @nicksdavis@infosec.exchange,2014-09-11T02:42:53.000Z,False,Obama's ISIS strategy rooted in the logic of the Afghan Model. Can Afghan model create a space conducive to lengthy political solution tho?,0,1,2,0,[],[],[],https://pbs.twimg.com/profile_images/593824846422740993/LjDu6xDn_normal.jpg,https://twitter.com/AlexSDavis0731/status/509894820434051072,tweet_id:509894820434051072
Nick Davis @nicksdavis@infosec.exchange,Nick Davis @nicksdavis@infosec.exchange,2014-09-03T12:44:23.000Z,False,Hackers may have used a law-enforcement tool to expose celebrity pictures http://wired.com/2014/09/eppb-icloud/…,0,0,0,0,[],[],[],https://pbs.twimg.com/profile_images/1415372233804066817/VTh0tfYb_normal.jpg,https://twitter.com/NickSDavis/status/507147092004200448,tweet_id:507147092004200448
Nick Davis @nicksdavis@infosec.exchange,Nick Davis @nicksdavis@infosec.exchange,2014-08-26T00:12:24.000Z,False,Why Offensive Security Needs Engineering Textbooks: http://cs.dartmouth.edu/~sergey/drafts/why-offensive-security-needs-textbooks.pdf…Great read,0,0,0,0,[],[],[],https://pbs.twimg.com/profile_images/1415372233804066817/VTh0tfYb_normal.jpg,https://twitter.com/NickSDavis/status/504058744909889536,tweet_id:504058744909889536
Ming Chow @0xmchow@infosec.exchange,Nick Davis @nicksdavis@infosec.exchange,2014-08-21T20:03:23.000Z,False,"Really sweet! ""RTFM 0day in iOS apps: G+, Gmail, FB Messenger, etc.” http://algorithm.dk/posts/rtfm-0day-in-ios-apps-g-gmail-fb-messenger-etc…",0,1,1,0,[],[],[],https://pbs.twimg.com/profile_images/1767307568056066048/3D-hMYWm_normal.png,https://twitter.com/0xmchow/status/502546525122465792,tweet_id:502546525122465792
Nick Davis @nicksdavis@infosec.exchange,Nick Davis @nicksdavis@infosec.exchange,2014-08-19T21:50:07.000Z,False,Hey  we were looking forward to trying your new flavors. What happened? #LaysDelivery #BostonEntry #DoUsAFlavor,1,0,0,0,"['#LaysDelivery', '#BostonEntry', '#DoUsAFlavor']",['@LAYS'],[],https://pbs.twimg.com/profile_images/1415372233804066817/VTh0tfYb_normal.jpg,https://twitter.com/NickSDavis/status/501848611945467904,tweet_id:501848611945467904
Nick Davis @nicksdavis@infosec.exchange,Nick Davis @nicksdavis@infosec.exchange,2014-08-19T14:52:15.000Z,False,Hey  my coworkers and I would love to try some of your new chips! #LaysDelivery #BostonEntry #DoUsAFlavor,1,1,0,0,"['#LaysDelivery', '#BostonEntry', '#DoUsAFlavor']",['@LAYS'],[],https://pbs.twimg.com/profile_images/1415372233804066817/VTh0tfYb_normal.jpg,https://twitter.com/NickSDavis/status/501743449867968512,tweet_id:501743449867968512
Canal District Kendall,Nick Davis @nicksdavis@infosec.exchange,2014-08-14T17:02:29.000Z,False,"Eli, Raj, Jasmine, Sanjay &  from  are loving this sunny day & Song Yi's jazz at the #concertseries",0,1,1,0,['#concertseries'],"['@NickSDavis', '@rapid7']",[],https://pbs.twimg.com/profile_images/1144306541455171590/wpT6SuV1_normal.png,https://twitter.com/CanalDistrictKS/status/499964286845059072,tweet_id:499964286845059072
Nick Davis @nicksdavis@infosec.exchange,Nick Davis @nicksdavis@infosec.exchange,2014-08-14T15:10:40.000Z,False,Just another day at the office. ,1,0,1,0,[],['@rapid7'],[],https://pbs.twimg.com/profile_images/1415372233804066817/VTh0tfYb_normal.jpg,https://twitter.com/NickSDavis/status/499936147335041025,tweet_id:499936147335041025
Black Hat,Nick Davis @nicksdavis@infosec.exchange,2014-07-04T17:31:10.000Z,True,Learn to master Metasploit and make it bend to your will in this #BHUSA Training with Egypt and  http://ow.ly/yIVwQ,2,9,5,0,['#BHUSA'],['@mubix'],[],https://pbs.twimg.com/profile_images/882639407748046849/lc0tYBlW_normal.jpg,https://twitter.com/BlackHatEvents/status/485113603909902336,tweet_id:485113603909902336
Dan Kaminsky,Nick Davis @nicksdavis@infosec.exchange,2014-06-13T16:53:21.000Z,True,http://pfchangs.com/security/ That awkward moment when brick and mortar Chinese food has better incident response than most e-commerce.,9,75,43,0,[],[],[],https://pbs.twimg.com/profile_images/1781434177/kaminsky2_normal.png,https://twitter.com/dakami/status/477493939176345600,tweet_id:477493939176345600
Nick Davis @nicksdavis@infosec.exchange,Nick Davis @nicksdavis@infosec.exchange,2014-05-19T17:31:02.000Z,False,I can't thank you enough  for being a great professor and mentor. Looking forward to coming back as an alum!,1,1,2,0,[],['@0xmchow'],[],https://pbs.twimg.com/profile_images/1415372233804066817/VTh0tfYb_normal.jpg,https://twitter.com/NickSDavis/status/468443728953487361,tweet_id:468443728953487361
Nick Davis @nicksdavis@infosec.exchange,Nick Davis @nicksdavis@infosec.exchange,2014-03-18T16:21:11.000Z,False,"Bruce Schneier is coming to Tufts on April 7th, if you're interested in cyber security you should check it out: http://bit.ly/1fFg26T",0,0,0,0,[],[],[],https://pbs.twimg.com/profile_images/1415372233804066817/VTh0tfYb_normal.jpg,https://twitter.com/NickSDavis/status/445958099992449024,tweet_id:445958099992449024
Nick Davis @nicksdavis@infosec.exchange,Nick Davis @nicksdavis@infosec.exchange,2014-03-12T19:28:35.000Z,False,Bitcoin meet wallstreet. Wallstreet meet bitcoin. http://arstechnica.com/business/2014/03/move-over-small-time-bitcoin-exchange-startups-wall-street-has-arrived/…,0,0,0,0,[],[],[],https://pbs.twimg.com/profile_images/1415372233804066817/VTh0tfYb_normal.jpg,https://twitter.com/NickSDavis/status/443830936367800320,tweet_id:443830936367800320
SC Media,Nick Davis @nicksdavis@infosec.exchange,2014-02-26T05:41:18.000Z,False,Looks like the  team will be partying two nights in a row. Winners of the Best Vulnerability Management Solution. #SCAwards,1,8,5,0,['#SCAwards'],['@Rapid7'],[],https://pbs.twimg.com/profile_images/1382075890935468032/wEHUGLMA_normal.jpg,https://twitter.com/SCMagazine/status/438549312893497344,tweet_id:438549312893497344
Nick Davis @nicksdavis@infosec.exchange,Nick Davis @nicksdavis@infosec.exchange,2014-02-25T21:12:50.000Z,False,POC code that exploits Apple's SSL bug: https://github.com/gabrielg/CVE-2014-1266-poc… update your devices ASAP,0,0,1,0,[],[],[],https://pbs.twimg.com/profile_images/1415372233804066817/VTh0tfYb_normal.jpg,https://twitter.com/NickSDavis/status/438421351607844864,tweet_id:438421351607844864
Schneier Blog,Nick Davis @nicksdavis@infosec.exchange,2014-02-14T21:12:32.000Z,True,"My Talk on the NSA: Earlier this month, I gave a talk about the NSA at MIT. The video is available. ETA: The v... http://bit.ly/1lPs82W",0,42,35,0,[],[],[],https://pbs.twimg.com/profile_images/69337528/bruce-blog_normal.jpg,https://twitter.com/schneierblog/status/434435009357680640,tweet_id:434435009357680640
Nick Davis @nicksdavis@infosec.exchange,Nick Davis @nicksdavis@infosec.exchange,2014-02-14T16:34:41.000Z,False,Apples guide to secure coding https://developer.apple.com/library/ios/documentation/Security/Conceptual/SecureCodingGuide/SecureCodingGuide.pdf…,0,0,0,0,[],[],[],https://pbs.twimg.com/profile_images/1415372233804066817/VTh0tfYb_normal.jpg,https://twitter.com/NickSDavis/status/434365088125190144,tweet_id:434365088125190144
Nick Davis @nicksdavis@infosec.exchange,Nick Davis @nicksdavis@infosec.exchange,2014-02-06T21:55:22.000Z,False,Full lecture hall to see  speak about the NSA and what you should do about it ,1,0,0,0,[],"['@schneierblog', '@0xmchow']",[],https://pbs.twimg.com/profile_images/1415372233804066817/VTh0tfYb_normal.jpg,https://twitter.com/NickSDavis/status/431546685970726912,tweet_id:431546685970726912
Nick Davis @nicksdavis@infosec.exchange,Nick Davis @nicksdavis@infosec.exchange,2014-01-31T15:08:24.000Z,False,Domain admin privileges are important indicators of deception #Rapid7 #UserInsight https://community.rapid7.com/community/userinsight/blog/2014/01/31/new-findings-on-target-breach--could-monitoring-privileges-help…,0,0,0,0,"['#Rapid7', '#UserInsight']",[],[],https://pbs.twimg.com/profile_images/1415372233804066817/VTh0tfYb_normal.jpg,https://twitter.com/NickSDavis/status/429269942056128512,tweet_id:429269942056128512
Rapid7,Nick Davis @nicksdavis@infosec.exchange,2014-01-21T15:29:09.000Z,False,How much time do you spend investigating #security incidents? Let us know so we can try to reduce it: http://r-7.co/19KU0mQ,1,3,1,0,['#security'],[],[],https://pbs.twimg.com/profile_images/1463525578397700098/mRQnBOSC_normal.jpg,https://twitter.com/rapid7/status/425651284193316864,tweet_id:425651284193316864
Weld Pond | Chris Wysopal,Nick Davis @nicksdavis@infosec.exchange,2014-01-17T16:18:48.000Z,True,PRESIDENTIAL POLICY DIRECTIVE/PPD-28 Signals Intelligence Activities   http://s3.documentcloud.org/documents/1006311/2014sigint-mem-ppd-rel.pdf…,0,3,1,0,[],[],[],https://pbs.twimg.com/profile_images/1732479699748519937/5NQhmNOG_normal.jpg,https://twitter.com/WeldPond/status/424214230305210368,tweet_id:424214230305210368
Sean Harris,Nick Davis @nicksdavis@infosec.exchange,2013-12-17T18:05:26.000Z,True,Your LinkedIn Password Is On Display in a Museum in Germany - http://ow.ly/rQeIi,1,16,3,0,[],[],[],https://pbs.twimg.com/profile_images/1262942253775020032/VZj7t16U_normal.jpg,https://twitter.com/InfoSecHotSpot/status/413007042635649024,tweet_id:413007042635649024
Nick Davis @nicksdavis@infosec.exchange,Nick Davis @nicksdavis@infosec.exchange,2013-12-12T07:35:29.000Z,False,To the all-nighters in Halligan Hall  I'll miss you #countdowntograduation,0,0,0,0,['#countdowntograduation'],['@TuftsECE'],[],https://pbs.twimg.com/profile_images/1415372233804066817/VTh0tfYb_normal.jpg,https://twitter.com/NickSDavis/status/411036570498891776,tweet_id:411036570498891776
Nick Davis @nicksdavis@infosec.exchange,Nick Davis @nicksdavis@infosec.exchange,2013-10-26T05:01:16.000Z,False,Elliptic Curve Cryptography instead of studying for exams? Yes please. http://arstechnica.com/security/2013/10/a-relatively-easy-to-understand-primer-on-elliptic-curve-cryptography/…,0,0,0,0,[],[],[],https://pbs.twimg.com/profile_images/1415372233804066817/VTh0tfYb_normal.jpg,https://twitter.com/NickSDavis/status/393965531612463104,tweet_id:393965531612463104
Tufts Daily Sports,Nick Davis @nicksdavis@infosec.exchange,2013-10-12T20:11:25.000Z,False,"Football final: Trinity 43, Tufts 7",0,2,0,0,[],[],[],https://pbs.twimg.com/profile_images/704699542/daily_sports_normal.jpg,https://twitter.com/TuftsDailySport/status/389121147079757824,tweet_id:389121147079757824
Joe Donenfeld,Nick Davis @nicksdavis@infosec.exchange,2013-10-08T15:56:32.000Z,False,"Check it out, 10 More Ways to Succeed in a Summer Internship http://wp.me/p3X2UK-x",0,1,0,0,[],[],[],https://pbs.twimg.com/profile_images/378800000665531496/17d2b6e3d232775167e4a988096e587f_normal.jpeg,https://twitter.com/joedonenfeld/status/387607449097629697,tweet_id:387607449097629697
Joe Donenfeld,Nick Davis @nicksdavis@infosec.exchange,2013-10-01T01:12:44.000Z,False,Check out my 10 Ways to Succeed in a Summer Internship http://wp.me/p3X2UK-q,0,1,1,0,[],[],[],https://pbs.twimg.com/profile_images/378800000665531496/17d2b6e3d232775167e4a988096e587f_normal.jpeg,https://twitter.com/joedonenfeld/status/384848320142651392,tweet_id:384848320142651392
Ed Nathanson,Nick Davis @nicksdavis@infosec.exchange,2013-09-26T20:55:11.000Z,False,Hey  - the Talent Scout team  is coming tomorrow and is excited to meet you. Come check us ou…http://lnkd.in/bMbcrQh,0,2,0,0,[],"['@TuftsUniversity', '@Rapid7']",[],https://pbs.twimg.com/profile_images/1603111863214022656/v03pDXqk_normal.jpg,https://twitter.com/EdNathanson/status/383333952892583936,tweet_id:383333952892583936
College GameDay,Nick Davis @nicksdavis@infosec.exchange,2013-07-24T17:12:34.000Z,True,The longest current losing streak in college football belongs to DIII Tufts University. The Jumbos enter '13 on a 23 game skid. #GameDayFact,18,129,30,0,['#GameDayFact'],[],[],https://pbs.twimg.com/profile_images/1745168655166365696/KVFvJIxB_normal.jpg,https://twitter.com/CollegeGameDay/status/360085106678972417,tweet_id:360085106678972417
Nick Davis @nicksdavis@infosec.exchange,Nick Davis @nicksdavis@infosec.exchange,2013-09-07T15:25:26.000Z,False,Do Not Use bodyParser with Express.js http://andrewkelley.me/post/do-not-use-bodyparser-with-express-js.html…,0,0,0,0,[],[],[],https://pbs.twimg.com/profile_images/1415372233804066817/VTh0tfYb_normal.jpg,https://twitter.com/NickSDavis/status/376365600228257792,tweet_id:376365600228257792
Nick Davis @nicksdavis@infosec.exchange,Nick Davis @nicksdavis@infosec.exchange,2013-09-03T15:19:36.000Z,False,"It's a good day when the first class of the year's requirements are #kalilinux, #metasploit, and a healthy amount of paranoia",0,0,0,0,"['#kalilinux', '#metasploit']",[],[],https://pbs.twimg.com/profile_images/1415372233804066817/VTh0tfYb_normal.jpg,https://twitter.com/NickSDavis/status/374914583204339712,tweet_id:374914583204339712
Rapid7,Nick Davis @nicksdavis@infosec.exchange,2013-08-29T20:19:18.000Z,False,"Q&A:  drills down on aftermath of NY Times hack, from , ",0,5,0,0,[],"['@hdmoore', '@USAtoday', '@byronacohido']",[],https://pbs.twimg.com/profile_images/1463525578397700098/mRQnBOSC_normal.jpg,https://twitter.com/rapid7/status/373178063879540737,tweet_id:373178063879540737
Rapid7,Nick Davis @nicksdavis@infosec.exchange,2013-08-20T15:27:38.000Z,False,Introducing Rapid7 ControlsInsight and Rapid7 UserInsight: http://rapid7.com/company/news/press-releases/2013/rapid7-unveils-two-innovative-solutions.jsp…,0,8,0,0,[],[],[],https://pbs.twimg.com/profile_images/1463525578397700098/mRQnBOSC_normal.jpg,https://twitter.com/rapid7/status/369843172488126466,tweet_id:369843172488126466
Nick Davis @nicksdavis@infosec.exchange,Nick Davis @nicksdavis@infosec.exchange,2013-07-31T23:19:22.000Z,False,"21st birthday: sit back, have a beer and watch Gen. Alexander get interrogated by the security community #BlackHat #thebest",0,0,0,0,"['#BlackHat', '#thebest']",[],[],https://pbs.twimg.com/profile_images/1415372233804066817/VTh0tfYb_normal.jpg,https://twitter.com/NickSDavis/status/362714131977089024,tweet_id:362714131977089024
Schneier Blog,Nick Davis @nicksdavis@infosec.exchange,2013-07-25T18:59:34.000Z,True,Details on NSA/FBI Eavesdropping: We're starting to see Internet companies talk about the mechanics of how the... http://bit.ly/1bmiEdH,0,26,10,0,[],[],[],https://pbs.twimg.com/profile_images/69337528/bruce-blog_normal.jpg,https://twitter.com/schneierblog/status/360474422332768256,tweet_id:360474422332768256
Weld Pond | Chris Wysopal,Nick Davis @nicksdavis@infosec.exchange,2013-07-25T12:52:09.000Z,True,International hackers stole 160M credit card numbers from DowJones NASDAQ JetBlue JC Penny and more  http://nj.com/essex/index.ssf/2013/07/five_hackers_stole_160_million_credit_and_debit_card_numbers_through_international_attacks_federal_i.html…,0,7,1,0,[],[],[],https://pbs.twimg.com/profile_images/1732479699748519937/5NQhmNOG_normal.jpg,https://twitter.com/WeldPond/status/360381960117424129,tweet_id:360381960117424129
Nick Davis @nicksdavis@infosec.exchange,Nick Davis @nicksdavis@infosec.exchange,2013-07-25T13:09:59.000Z,False,Best bug report ever. https://jira.mongodb.org/browse/PYTHON-532…,0,0,0,0,[],[],[],https://pbs.twimg.com/profile_images/1415372233804066817/VTh0tfYb_normal.jpg,https://twitter.com/NickSDavis/status/360386447234174979,tweet_id:360386447234174979
DEF CON,Nick Davis @nicksdavis@infosec.exchange,2013-07-11T03:57:12.000Z,True,The post by  & the outages are unrelated. #DEFCON.org was not defaced.,3,11,1,0,['#DEFCON'],['@thedarktangent'],[],https://pbs.twimg.com/profile_images/1742245328525623296/o4ZvLMxb_normal.jpg,https://twitter.com/defcon/status/355173905868136450,tweet_id:355173905868136450
Ming Chow @0xmchow@infosec.exchange,Nick Davis @nicksdavis@infosec.exchange,2013-07-11T01:59:40.000Z,False,"And now the post is up on the  website by : ""Feds, We Need Some Time Apart"" #defcon",1,2,0,0,['#defcon'],"['@_defcon_', '@thedarktangent']",[],https://pbs.twimg.com/profile_images/1767307568056066048/3D-hMYWm_normal.png,https://twitter.com/0xmchow/status/355144326575169536,tweet_id:355144326575169536
Nick Davis @nicksdavis@infosec.exchange,Nick Davis @nicksdavis@infosec.exchange,2013-06-04T03:45:14.000Z,False,"Multiple XSS in Apache modules: mod_imagemap, mod_info, mod_ldap, mod_proxy_ftp, and mod_status http://rhn.redhat.com/errata/RHSA-2013-0815.html…",0,0,0,0,[],[],[],https://pbs.twimg.com/profile_images/1415372233804066817/VTh0tfYb_normal.jpg,https://twitter.com/NickSDavis/status/341762541229314050,tweet_id:341762541229314050
Nick Davis @nicksdavis@infosec.exchange,Nick Davis @nicksdavis@infosec.exchange,2013-04-25T13:48:22.000Z,False,This guy is brushing his teeth in the EPDC. #finals #sadanddesperate,0,0,0,0,"['#finals', '#sadanddesperate']",[],[],https://pbs.twimg.com/profile_images/1415372233804066817/VTh0tfYb_normal.jpg,https://twitter.com/NickSDavis/status/327418812330815489,tweet_id:327418812330815489
JoeDforTufts,Nick Davis @nicksdavis@infosec.exchange,2013-04-22T20:01:25.000Z,False,"Career Services has great resources, but it could add more specialized resources for a variety of popular fields! http://buff.ly/Z7zJk3",0,1,1,0,[],[],[],https://pbs.twimg.com/profile_images/3537409849/06dcc46b81152c71f889a8b728894d53_normal.png,https://twitter.com/Joedfortufts/status/326425528594743297,tweet_id:326425528594743297
JoeDforTufts,Nick Davis @nicksdavis@infosec.exchange,2013-04-22T19:30:19.000Z,False,How can we connect senators to student groups? By giving them specific partner organizations to talk to every semester and year.,0,3,1,0,[],[],[],https://pbs.twimg.com/profile_images/3537409849/06dcc46b81152c71f889a8b728894d53_normal.png,https://twitter.com/Joedfortufts/status/326417704577802240,tweet_id:326417704577802240
JoeDforTufts,Nick Davis @nicksdavis@infosec.exchange,2013-04-20T23:30:16.000Z,False,"If elected, I'm going to support increased options and resources for student research on campus. World-class undergrad research? #letsdothis",0,1,1,0,['#letsdothis'],[],[],https://pbs.twimg.com/profile_images/3537409849/06dcc46b81152c71f889a8b728894d53_normal.png,https://twitter.com/Joedfortufts/status/325753313775730688,tweet_id:325753313775730688
Taylor Lentz,Nick Davis @nicksdavis@infosec.exchange,2013-04-16T02:06:03.000Z,False,Next to the cs labs... Thanks ... #halliganhall #cancer? #really? #isthisallowed?,0,1,1,0,"['#halliganhall', '#cancer', '#really', '#isthisallowed']",['@TuftsUniversity'],[],https://pbs.twimg.com/profile_images/1434753556804825090/qRUdno8s_normal.jpg,https://twitter.com/taylorann/status/323980576182923265,tweet_id:323980576182923265
Nick Davis @nicksdavis@infosec.exchange,Nick Davis @nicksdavis@infosec.exchange,2013-03-08T02:55:17.000Z,False,The motion-activated lights in the lab just turned off on me #halligan #crunchtime,0,0,0,0,"['#halligan', '#crunchtime']",[],[],https://pbs.twimg.com/profile_images/1415372233804066817/VTh0tfYb_normal.jpg,https://twitter.com/NickSDavis/status/309859838479966208,tweet_id:309859838479966208
Nick Davis @nicksdavis@infosec.exchange,Nick Davis @nicksdavis@infosec.exchange,2013-03-06T18:01:46.000Z,False,Guy is wearing a elf/wizards robe in halligan. #heisserious #engineering,0,0,0,0,"['#heisserious', '#engineering']",[],[],https://pbs.twimg.com/profile_images/1415372233804066817/VTh0tfYb_normal.jpg,https://twitter.com/NickSDavis/status/309363188611305472,tweet_id:309363188611305472
The Tufts Daily,Nick Davis @nicksdavis@infosec.exchange,2013-02-12T17:01:49.000Z,False,A new TuftsLife design launches in March: http://ow.ly/hEfuv,1,3,0,0,[],[],[],https://pbs.twimg.com/profile_images/1561377462877126657/Co9_YZXB_normal.jpg,https://twitter.com/TuftsDaily/status/301375569600323584,tweet_id:301375569600323584
TuftsLife.com,Nick Davis @nicksdavis@infosec.exchange,2013-02-11T21:41:16.000Z,False, 17 days! #cantwait,0,2,0,0,['#cantwait'],['@TuftsUniversity'],[],https://pbs.twimg.com/profile_images/3208522833/956a65af28759c9b1e6a0a094b68e164_normal.png,https://twitter.com/TuftsLife/status/301083507042693121,tweet_id:301083507042693121
Tufts University,Nick Davis @nicksdavis@infosec.exchange,2013-02-11T21:33:39.000Z,False,The TuftsLife Team is preparing for the upcoming release of an all-new TuftsLife site!  http://bit.ly/Y7eew8,2,3,2,0,[],[],[],https://pbs.twimg.com/profile_images/1067740101516517376/MKxRAxG4_normal.jpg,https://twitter.com/TuftsUniversity/status/301081588123455488,tweet_id:301081588123455488
Nick Davis @nicksdavis@infosec.exchange,Nick Davis @nicksdavis@infosec.exchange,2013-02-06T16:14:12.000Z,False,You know the class is devolving when kids start reciting digits of pi. #engineering #tooearlyforthis,0,0,2,0,"['#engineering', '#tooearlyforthis']",[],[],https://pbs.twimg.com/profile_images/1415372233804066817/VTh0tfYb_normal.jpg,https://twitter.com/NickSDavis/status/299189257350815744,tweet_id:299189257350815744
TuftsLife.com,Nick Davis @nicksdavis@infosec.exchange,2013-02-04T22:13:35.000Z,False,There's a new TuftsLife coming out! You're going to love it! http://tuftslife.com/posts/42    ,1,2,4,0,[],"['@TuftsUniversity', '@TuftsAdmissions', '@TuftsDaily', '@TuftsACM']",[],https://pbs.twimg.com/profile_images/3208522833/956a65af28759c9b1e6a0a094b68e164_normal.png,https://twitter.com/TuftsLife/status/298554925498130432,tweet_id:298554925498130432
TuftsECE,Nick Davis @nicksdavis@infosec.exchange,2013-01-25T18:16:18.000Z,False,Congrats to Chiamaka Chima and Nana Kwakwa on their acceptance to the 2013 National Collegiate Research Conference at Harvard…,0,1,1,0,[],[],[],https://pbs.twimg.com/profile_images/679328819220729862/yRLNt6WO_normal.jpg,https://twitter.com/TuftsECE/status/294871332984852480,tweet_id:294871332984852480
Nick Davis @nicksdavis@infosec.exchange,Nick Davis @nicksdavis@infosec.exchange,2013-01-16T16:29:28.000Z,False,"@tellsithoweitis @ntenczar @em_tizzzzz 
Best recitation ever.",0,0,0,0,[],[],[],https://pbs.twimg.com/profile_images/1415372233804066817/VTh0tfYb_normal.jpg,https://twitter.com/NickSDavis/status/291582955858567169,tweet_id:291582955858567169
Nick Davis @nicksdavis@infosec.exchange,Nick Davis @nicksdavis@infosec.exchange,2013-01-10T02:59:43.000Z,False,@tellsithoweitis alternative Waterville party ftw,0,0,0,0,[],[],[],https://pbs.twimg.com/profile_images/1415372233804066817/VTh0tfYb_normal.jpg,https://twitter.com/NickSDavis/status/289204849592123392,tweet_id:289204849592123392
Nick Davis @nicksdavis@infosec.exchange,Nick Davis @nicksdavis@infosec.exchange,2011-10-24T18:26:42.000Z,False,Calculate the speed of a car as five billion times the speed of light... Hand it in anyways. #engineeringmidterms,0,0,1,0,['#engineeringmidterms'],[],[],https://pbs.twimg.com/profile_images/1415372233804066817/VTh0tfYb_normal.jpg,https://twitter.com/NickSDavis/status/128537919827881984,tweet_id:128537919827881984
