Name,Handle,Timestamp,Verified,Content,Comments,Retweets,Likes,Analytics,Tags,Mentions,Emojis,Profile Image,Tweet Link,Tweet ID
Amb. Arturo Sarukhan,@Arturo_Sarukhan,2024-04-16T18:02:25.000Z,False,Votantes sin memoria engendran políticos sin vergüenza.,18,383,969,2.1万,[],[],[],https://pbs.twimg.com/profile_images/1551622599892996096/Z8oaXSMI_normal.jpg,https://twitter.com/Arturo_Sarukhan/status/1780295696962212005,tweet_id:1780295696962212005
Xóvenes Xingones,@XovenesXingones,2024-04-07T17:03:22.000Z,True,"Es momento de elegir:

RT  
Fav    #DebateX #XóvenesXingones",149,"5,463","1,472",17万,"['#DebateX', '#XóvenesXingones']","['@XochitlGalvez', '@Claudiashein', '@AlvarezMaynez']","['\\U0001f937\\U0001f3fb\\u200d\\u2642\\ufe0f', '\\U0001f91e\\U0001f3fb', '\\U0001f1f2\\U0001f1fd']",https://pbs.twimg.com/profile_images/1738006023837806592/QMRg54RE_normal.jpg,https://twitter.com/XovenesXingones/status/1777019349364093059,tweet_id:1777019349364093059
Year Progress,@year_progress,2024-04-01T06:00:04.000Z,True,2024 is 25% complete. [274 days remaining],54,"2,595","8,590",59万,[],[],[],https://pbs.twimg.com/profile_images/1741991624324853760/W71NjnEF_normal.jpg,https://twitter.com/year_progress/status/1774678093321347166,tweet_id:1774678093321347166
Sylvain Wallez,@bluxte,2024-04-02T13:24:09.000Z,False,"Actually running xz to see if it's compromised is dangerous. `ls -l $(which xz)` will show the symbolic link into brew's Cellar, which contains the version in its path.",1,5,7,"1,229",[],[],[],https://pbs.twimg.com/profile_images/568183848706379776/-WvGr4jS_normal.jpeg,https://twitter.com/bluxte/status/1775152241789260122,tweet_id:1775152241789260122
Carlos Elizondo MS,@carloselizondom,2024-03-25T17:11:33.000Z,False,Ya es hora de dejar de culpar a Calderón de los problemas de hoy y diseñar con expertos cuál es la mejor estrategia para enfrentar al crimen organizado y actuar en consecuencia.,52,465,"1,619",3.2万,[],[],[],https://pbs.twimg.com/profile_images/1365997407/C_Elizondo_normal.jpg,https://twitter.com/carloselizondom/status/1772310363620495384,tweet_id:1772310363620495384
Amb. Arturo Sarukhan,@Arturo_Sarukhan,2024-04-16T18:02:25.000Z,False,Votantes sin memoria engendran políticos sin vergüenza.,18,383,969,2.1万,[],[],[],https://pbs.twimg.com/profile_images/1551622599892996096/Z8oaXSMI_normal.jpg,https://twitter.com/Arturo_Sarukhan/status/1780295696962212005,tweet_id:1780295696962212005
Xóvenes Xingones,@XovenesXingones,2024-04-07T17:03:22.000Z,True,"Es momento de elegir:

RT  
Fav    #DebateX #XóvenesXingones",149,"5,463","1,472",17万,"['#DebateX', '#XóvenesXingones']","['@XochitlGalvez', '@Claudiashein', '@AlvarezMaynez']","['\\U0001f937\\U0001f3fb\\u200d\\u2642\\ufe0f', '\\U0001f91e\\U0001f3fb', '\\U0001f1f2\\U0001f1fd']",https://pbs.twimg.com/profile_images/1738006023837806592/QMRg54RE_normal.jpg,https://twitter.com/XovenesXingones/status/1777019349364093059,tweet_id:1777019349364093059
Pablo Gutiérrez,@PabloMxNL,2024-03-02T09:47:46.000Z,False,"just upgraded my  pro to Plasma 6. I don't always upgrade right after the release so some bugs are ironed first, but the cube was worth the risk",0,1,2,986,[],['@slimbook'],[],https://pbs.twimg.com/profile_images/1702754157524893696/rp8c3vLo_normal.jpg,https://twitter.com/PabloMxNL/status/1763863762568687879,tweet_id:1763863762568687879
Eugenio Perea,@eperea,2024-02-22T20:40:55.000Z,False,"Natalie puede cambiar de número de celular, pero Andrés Manuel no puede cambiar la realidad de que es el presidente más corrupto que ha tenido México",2,1,3,486,[],[],[],https://pbs.twimg.com/profile_images/665042485148672001/Qna-Vbyq_normal.jpg,https://twitter.com/eperea/status/1760766642034758020,tweet_id:1760766642034758020
Jan-Albert Hootsen,@jahootsen,2024-02-22T20:12:39.000Z,False,"Como máximo funcionario público del país, el presidente   y su aparato estatal debería ser el más cuidadoso al tratar datos personales y mostrar comportamiento ejemplario - a sabiendas que México es el país más peligroso para la prensa en las Américas.",0,33,61,"3,310",[],['@lopezobrador_'],[],https://pbs.twimg.com/profile_images/1714488901228736512/pxevRdHa_normal.jpg,https://twitter.com/jahootsen/status/1760759528969089117,tweet_id:1760759528969089117
Jan-Albert Hootsen,@jahootsen,2024-02-22T20:08:32.000Z,False,"Es INACEPTABLE que el presidente , leyó en voz alta el número de celular privado de  del  durante su conferencia mañanera hoy. Son datos personales protegidos por ley y, además, genera riesgos directos para ella y otrxs periodistas del medio.",0,385,849,2.9万,[],"['@lopezobrador_', '@Nataliekitro', '@nytimes']",[],https://pbs.twimg.com/profile_images/1714488901228736512/pxevRdHa_normal.jpg,https://twitter.com/jahootsen/status/1760758490618830913,tweet_id:1760758490618830913
Amb. Arturo Sarukhan,@Arturo_Sarukhan,2024-02-03T15:54:59.000Z,False,"Solo quedan 18 días para  registrarte y poder votar en el extranjero. Aquí link de 
registro :http://votoextranjero.mx/web/vmre/inicio 

Haz la diferencia, ejerce tu derecho al voto, construye país y abona a la democracia, desde donde estés. ",1,59,68,"4,494",[],['@INEMexico'],"['\\u203c\\ufe0f', '\\U0001f441\\ufe0f', '\\U0001f5f3\\ufe0f']",https://pbs.twimg.com/profile_images/1551622599892996096/Z8oaXSMI_normal.jpg,https://twitter.com/Arturo_Sarukhan/status/1753809314555314384,tweet_id:1753809314555314384
Floor - putting the fun in cross-functional,@DevOpsBarbie,2024-02-03T08:23:12.000Z,False,"In the middle, allll the way to the back #fosdem 

Livestream for Janson: http://live.fosdem.org/watch/janson",2,2,29,"1,355",['#fosdem'],[],[],https://pbs.twimg.com/profile_images/1671477024630685697/NYiO22Lx_normal.jpg,https://twitter.com/DevOpsBarbie/status/1753695619179250134,tweet_id:1753695619179250134
Pablo Gutiérrez,@PabloMxNL,2024-02-03T08:25:35.000Z,False,first time attending  !!,0,0,2,53,[],['@fosdem'],[],https://pbs.twimg.com/profile_images/1702754157524893696/rp8c3vLo_normal.jpg,https://twitter.com/PabloMxNL/status/1753696219950465038,tweet_id:1753696219950465038
Cycling Professor ,@fietsprofessor,2024-01-13T09:23:16.000Z,False,"Every city makes mistakes. 
But great cities fix them!

50 years ago  constructed an urban highway here. Now they brought back the  water, green to create thriving public space for people.

— Catharijnesingel, #Utrecht( by , h/t )",9,238,750,6.5万,['#Utrecht'],"['@GemeenteUtrecht', '@cu2030', '@FilmendeFietser']",['\\U0001f4f8'],https://pbs.twimg.com/profile_images/1185174183971557376/_9DHelpD_normal.jpg,https://twitter.com/fietsprofessor/status/1746100592542380317,tweet_id:1746100592542380317
andi (e/alb),@Nexuist,2024-01-07T06:01:50.000Z,True,"[Boeing Representative] It’s a great pleasure, thank you.

[Interviewer] This aircraft that was involved in the incident over Oregon this week…

[Boeing Representative] Yeah, the one where the door fell off?

[Interviewer] Yeah.

[Boeing Representative] That’s not very typical,…",25,450,"3,469",58万,[],[],[],https://pbs.twimg.com/profile_images/1774796968327360512/TZ4U-tXm_normal.jpg,https://twitter.com/Nexuist/status/1743875570700624181,tweet_id:1743875570700624181
matsuu,@matsuu,2024-01-01T14:37:40.000Z,False,"2024年はFirefoxに切り替えませんか！ / “In 2024, please switch to Firefox”",0,30,65,1.8万,[],[],[],https://pbs.twimg.com/profile_images/1422864637532332033/mC1Nx0vj_normal.jpg,https://twitter.com/matsuu/status/1741831056108736755,tweet_id:1741831056108736755
Testcontainers,@testcontainers,2023-12-11T16:16:55.000Z,False," Big news!   is now part of ! Together, we will continue to invest in and extend the open-source project that we all love . Read the blog by : https://ow.ly/6gES50Qhv0T",15,124,351,15万,[],"['@AtomicJarInc', '@Docker', '@testcontainers', '@bsideup']","['\\U0001f389', '\\U0001f40b']",https://pbs.twimg.com/profile_images/1514615369750614024/GX0szL7V_normal.jpg,https://twitter.com/testcontainers/status/1734245890515140699,tweet_id:1734245890515140699
Cloudflare,@Cloudflare,2023-10-26T13:21:00.000Z,True,"As a follow-up to the most recent Okta breach, and our ongoing mission to help build a #BetterInternet, today we are making a HAR file sanitizer tool available to everyone, not just Cloudflare customers, for free.",10,71,189,4.3万,['#BetterInternet'],[],[],https://pbs.twimg.com/profile_images/1600539069217480704/RzK50Sks_normal.jpg,https://twitter.com/Cloudflare/status/1717531777785291127,tweet_id:1717531777785291127
Pablo Gutiérrez,@PabloMxNL,2023-10-13T16:09:24.000Z,False,"En su columna para grupo reforma  llama a AMLO un político testarudo e irascible.  ""Bófonos!!!""  como diria Armando Fuentes Aguirre (aka Catón )  https://elnorte.com/7gS2Rn",0,0,0,82,[],"['@SergioSarmiento', '@elnorte']",[],https://pbs.twimg.com/profile_images/1702754157524893696/rp8c3vLo_normal.jpg,https://twitter.com/PabloMxNL/status/1712863114004140136,tweet_id:1712863114004140136
Gleb Bahmutov,@bahmutov,2023-10-10T20:22:17.000Z,False,"Cypress the company has disabled several 3rd party NPM modules that competed with its Cypress Cloud commercial product. I will collect more info and probably write my opinion on this move (does not look like a move from a successful company right now), ...",11,32,155,5万,[],[],[],https://pbs.twimg.com/profile_images/1174504746079539200/_4b6M7Jw_normal.png,https://twitter.com/bahmutov/status/1711839591957680304,tweet_id:1711839591957680304
Marcos F. Lobo @marcosflobo@hachyderm.io,@marcosflobo@hachyderm.io,2023-09-20T20:36:26.000Z,False,"Interesting reading

WHY EFFICIENCY IS POINTLESS WITHOUT EFFECTIVENESS",0,1,0,67,[],[],[],https://pbs.twimg.com/profile_images/1276227438851379203/t8OIwTf1_normal.jpg,https://twitter.com/arrayexception/status/1704595393818862001,tweet_id:1704595393818862001
David Garza Salazar,@david_garza,2023-09-17T14:00:00.000Z,False,"A 50 años de su partida, recordamos a nuestro fundador Eugenio Garza Sada. Nos dedicó esfuerzo y pasión en primeros 30 años del  para sentar bases y valores que nos caracterizan. Tenemos presente su inspiración para continuar construyendo legados que trascienden.",10,153,518,2.6万,[],['@TecdeMonterrey'],[],https://pbs.twimg.com/profile_images/1493234603536101378/3ezSYTNx_normal.jpg,https://twitter.com/david_garza/status/1703408463676883217,tweet_id:1703408463676883217
Enrique Krauze,@EnriqueKrauze,2023-09-17T15:33:13.000Z,True,"Recuerdo de Eugenio Garza Sada, cuyas perdurables obras empresariales, sociales, educativas y cívicas, muestran el camino: un Mexico de concordia y construcción",1,514,"1,650",3.4万,[],[],[],https://pbs.twimg.com/profile_images/964645236113735680/U0J3n6Fx_normal.jpg,https://twitter.com/EnriqueKrauze/status/1703431923589087350,tweet_id:1703431923589087350
Jelle Prins,@jelleprins,2023-09-17T11:17:03.000Z,True,"Een Fatbike moet behandeld worden als een bromfiets. De meesten lijken opgevoerd en gaan veel harder dan 25km/u. Bovendien wordt er niet of nauwelijks getrapt. Ze zijn veel zwaarder dan fietsen, met alle gevolgen bij botsing van dien. 

Stuur ze de weg op.",86,54,695,10万,[],[],"['\\U0001f6b3', '\\U0001f6b3']",https://pbs.twimg.com/profile_images/1525402521019219970/4F1MDphY_normal.jpg,https://twitter.com/jelleprins/status/1703367455714800030,tweet_id:1703367455714800030
Rodrigo Morales Elcoro,@romoraleselcoro,2023-09-10T23:23:59.000Z,True,"Los regiomontanos pedimos perdón a todo México  por la frivolidad y arrogancia de Samuel 

No representa a nadie",32,79,366,1.7万,[],[],['\\U0001f1f2\\U0001f1fd'],https://pbs.twimg.com/profile_images/1087357378511593472/clt8LLSk_normal.jpg,https://twitter.com/romoraleselcoro/status/1701013679112925624,tweet_id:1701013679112925624
Pablo Gutiérrez,@PabloMxNL,2023-09-11T11:10:19.000Z,False,"Congratulations to  for these 5 years !!, for allowing the devs to improve even more your valuable tools! for making it easy to create themes/plugins, so well documented and extensible that I have published not 1 but 2 plugins #JetBrainsMarketplace",0,0,1,136,['#JetBrainsMarketplace'],['@JBPlatform'],"['\\U0001f389', '\\U0001f389', '\\U0001f973', '\\U0001f973']",https://pbs.twimg.com/profile_images/1702754157524893696/rp8c3vLo_normal.jpg,https://twitter.com/PabloMxNL/status/1701191437226750222,tweet_id:1701191437226750222
Juan Pablo Alvarez G,@JPAlGd,2023-09-09T16:46:54.000Z,True,"Esta era  hace 25 años.

Miren lo q llegó a lograr trabajando con recursos propios…

Ahora imaginen lo q puede hacer por el país siendo presidenta de MeXico.

Las imágenes dicen más que miles de discursos o millones gastados en publicidad.",11,173,288,"7,279",[],['@XochitlGalvez'],[],https://pbs.twimg.com/profile_images/1696216120389230592/XrPnvrR7_normal.jpg,https://twitter.com/JPAlGd/status/1700551365607502037,tweet_id:1700551365607502037
Pablo Gutiérrez,@PabloMxNL,2023-08-08T15:12:49.000Z,False,"Yes Coolblue, is the best black cartridge.",0,0,0,57,[],[],[],https://pbs.twimg.com/profile_images/1702754157524893696/rp8c3vLo_normal.jpg,https://twitter.com/PabloMxNL/status/1688931275837411329,tweet_id:1688931275837411329
Feross,@feross,2023-07-25T16:56:47.000Z,True, ALERT: The Lazarus Group (aka North Korea) is behind a sophisticated social engineering campaign targeting JavaScript developers. They're using compromised GitHub accounts and malware-laden NPM packages to achieve their malicious objectives. Click to read more,2,45,110,4.3万,[],[],"['\\U0001f6a8', '\\U0001f440']",https://pbs.twimg.com/profile_images/1499215593089556483/VtxQLy6L_normal.jpg,https://twitter.com/feross/status/1683884007447207936,tweet_id:1683884007447207936
Feross,@feross,2023-07-25T16:56:49.000Z,True,Protection is KEY : Review repo invitations Scrutinize new NPM packages & scripts Stay vigilant on social platforms Alert security team & reset accounts if impacted Install Socket for free in 2 clicks to block these types of attacks,2,4,17,"4,093",[],[],"['\\U0001f511', '\\U0001f512', '\\U0001f512', '\\U0001f512', '\\U0001f512', '\\U0001f512']",https://pbs.twimg.com/profile_images/1499215593089556483/VtxQLy6L_normal.jpg,https://twitter.com/feross/status/1683884017035403264,tweet_id:1683884017035403264
Belén,@ladybenko,2023-07-24T18:19:28.000Z,False,"Cada vez que veáis a alguien decir nosequé del voto electrónico, recordad amigas que a ni un solo informático con dos dedos de frente  nos parece una buena idea.",54,"1,129","4,038",24万,[],[],[],https://pbs.twimg.com/profile_images/1363226564981387266/rS2eMHZD_normal.png,https://twitter.com/ladybenko/status/1683542427594833934,tweet_id:1683542427594833934
Pablo Gutiérrez,@PabloMxNL,2023-07-24T11:57:50.000Z,False,when open source vendors sometimes behaves worse than proprietary ,1,2,1,277,[],[],['\\U0001f610'],https://pbs.twimg.com/profile_images/1702754157524893696/rp8c3vLo_normal.jpg,https://twitter.com/PabloMxNL/status/1683446389777285120,tweet_id:1683446389777285120
Pablo Gutiérrez,@PabloMxNL,2023-07-17T11:26:13.000Z,False,A new version of the Vale CLI Plugin is available on Jetbrains Plugin Marketplace. This version include 2 new features; for more details check the what's new section of the plugin documentation.,0,0,0,144,[],[],[],https://pbs.twimg.com/profile_images/1702754157524893696/rp8c3vLo_normal.jpg,https://twitter.com/PabloMxNL/status/1680901717225766912,tweet_id:1680901717225766912
Wido,@widodh,2023-07-12T16:59:17.000Z,False,"If you have an  E-Bike, backup your encryption key asap with this piece of software! Should they go belly up you can use 3rd party apps to control your bike.",6,64,83,2.6万,[],['@VanMoof'],[],https://pbs.twimg.com/profile_images/933460547537899520/W2UgqPEQ_normal.jpg,https://twitter.com/widodh/status/1679173594679590932,tweet_id:1679173594679590932
Feross,@feross,2023-06-24T00:28:44.000Z,True,"I wish more developers understood the constant stream of malware that is posted to npm, PyPI, and all package managers...

Here's just a taste of some crazy malware Socket identified in the past couple weeks...

All malware descriptions were FULLY WRITTEN by Socket AI.",43,644,"2,771",77万,[],[],[],https://pbs.twimg.com/profile_images/1499215593089556483/VtxQLy6L_normal.jpg,https://twitter.com/feross/status/1672401333893365761,tweet_id:1672401333893365761
Pablo Gutiérrez,@PabloMxNL,2023-06-26T07:53:44.000Z,False,Take Developer Ecosystem Survey by JetBrains,0,0,1,46,[],[],[],https://pbs.twimg.com/profile_images/1702754157524893696/rp8c3vLo_normal.jpg,https://twitter.com/PabloMxNL/status/1673238098774302722,tweet_id:1673238098774302722
Dan Allen,@mojavelinux,2023-06-20T21:29:48.000Z,False,"GitLab denied the open source application for Antora, claiming we're using it for business-related, revenue-generating purposes. This is outrageous! I maintain Asciidoctor, which is used in GitLab for them to generate revenue. Double standards! I'm furious.",17,81,266,6.4万,[],[],[],https://pbs.twimg.com/profile_images/1176696426895675399/lMcDKZ6Q_normal.jpg,https://twitter.com/mojavelinux/status/1671269140538204161,tweet_id:1671269140538204161
Rutger Bregman,@rcbregman,2023-05-25T09:15:58.000Z,True,"Wow, this is such a wonderful project! Every week since August 2020, the folks at  have featured one story of someone who is making the world a (much) better place. /1https://futurecrunch.com/humankind-what-we-learned/…",3,56,189,3.8万,[],['@future_crunch'],[],https://pbs.twimg.com/profile_images/1365285823416045571/i-JmI6Gd_normal.jpg,https://twitter.com/rcbregman/status/1661662382114865153,tweet_id:1661662382114865153
Amb. Arturo Sarukhan,@Arturo_Sarukhan,2023-05-13T18:42:42.000Z,False,"..Alexandre Dumas, ""el orgullo de quienes no pueden edificar es destruir"".
Escuchar, respetar, tolerar, ayudar, entender, conversar, ceder, consensuar, acordar, construir, negociar, avanzar. Si alguien encuentra esos verbos por ahí, avísenles que la democracia los anda buscando.4",1,28,61,"3,715",[],[],[],https://pbs.twimg.com/profile_images/1551622599892996096/Z8oaXSMI_normal.jpg,https://twitter.com/Arturo_Sarukhan/status/1657456347854635008,tweet_id:1657456347854635008
Pablo Gutiérrez,@PabloMxNL,2023-05-10T16:19:14.000Z,False,"hey @N26_Support ""push.aa"" no the kind of notification you want from a bank .
 cc: ",1,1,4,"1,614",[],['@KevlinHenney'],"['\\U0001f923', '\\U0001f923', '\\U0001f923']",https://pbs.twimg.com/profile_images/1702754157524893696/rp8c3vLo_normal.jpg,https://twitter.com/PabloMxNL/status/1656333080443887616,tweet_id:1656333080443887616
Reuters,@Reuters,2023-05-07T14:30:00.000Z,True,"ICYMI: Mexico's cenotes, ancient cave systems found in remote jungles, face the danger of being wiped out because of a railroad project",14,198,255,14万,[],[],[],https://pbs.twimg.com/profile_images/1194751949821939712/3VBu4_Sa_normal.jpg,https://twitter.com/Reuters/status/1655218427454279681,tweet_id:1655218427454279681
Anjali Enjeti,@AnjaliEnjeti,2023-05-03T17:25:44.000Z,False,My flight leaving Houston is delayed because bees have congregated on the tip of one of the wings. They won’t let us board until they remove the bees. But how on earth will this happen? Won’t they leave the wing when we take off?,"1,025","7,784",3万,757万,[],[],[],https://pbs.twimg.com/profile_images/1483655152884232204/2pL2X49k_normal.jpg,https://twitter.com/AnjaliEnjeti/status/1653813099932135449,tweet_id:1653813099932135449
Pablo Gutiérrez,@PabloMxNL,2023-04-13T18:49:57.000Z,False,"""the 10x developer""  might be a myth but ""the 10x organization"" is real

great talk by  @   on developer productivity",2,8,18,"3,061",[],"['@trisha_gee', '@AmsterdamJug']",[],https://pbs.twimg.com/profile_images/1702754157524893696/rp8c3vLo_normal.jpg,https://twitter.com/PabloMxNL/status/1646586536564064272,tweet_id:1646586536564064272
Mitchell Hashimoto,@mitchellh,2023-02-07T03:01:10.000Z,False,"When I wrote the Vagrant O’Reilly book it was all in Asciidoc. You also had to use Subversion (at the time, they switched to Git shortly after my book). Both were required since all the automated book-building tooling was hooked into it.  https://pdx.su/blog/2023-02-05-asciidoc-and-markdown/…",2,3,34,1.5万,[],[],['\\U0001f9d9\\u200d\\u2642\\ufe0f'],https://pbs.twimg.com/profile_images/1141762999838842880/64_Y4_XB_normal.jpg,https://twitter.com/mitchellh/status/1622792557389578241,tweet_id:1622792557389578241
Alexander Schwartz,@ahus1de,2023-01-23T18:15:35.000Z,False,Looking for an #AsciiDoc editor with autocompletion and validation? Try out IntelliJ and the AsciiDoc plugin! I created a new video course on Udemy - follow this link for the best price: https://udemy.com/course/technical-writing-with-asciidoc-and-intellij-idea/?persist_locale=&locale=en_US&couponCode=BEST_PRICE… (valid until 2023-01-27),2,13,22,"8,420",['#AsciiDoc'],[],[],https://pbs.twimg.com/profile_images/1156230204509106177/zUZAx-2Q_normal.jpg,https://twitter.com/ahus1de/status/1617586859659362313,tweet_id:1617586859659362313
Ricardo Ferreira,@riferrei,2023-01-25T14:57:23.000Z,False,"If you take testing seriously, avoid mocking backends. You should use the real thing to build reliability. And using  is the way to go.

Guess what? You can now move resource-heavy parts of the testing process to the cloud. How cool is that?

Congrats ",1,3,10,"1,933",[],"['@testcontainers', '@AtomicJarInc']",[],https://pbs.twimg.com/profile_images/1704837239463690240/Is_CCjp8_normal.jpg,https://twitter.com/riferrei/status/1618261756769603586,tweet_id:1618261756769603586
Asciidoctor Project,@asciidoctor,2023-01-22T10:27:06.000Z,False,"Indeed. Asciidoctor can be used in Ruby, JavaScript (Node.js or the browser), and Java (the Java language or from any language or tool that runs on a JVM).",0,1,2,122,[],[],[],https://pbs.twimg.com/profile_images/990849174487810048/gvQpykZd_normal.jpg,https://twitter.com/asciidoctor/status/1617106573888983043,tweet_id:1617106573888983043
Ken Fogel - Transitioning to Java from Packt,@omniprof,2023-01-19T14:46:53.000Z,False,"The 10:00 EST session at the JChampions Conference begins shortly.
Afraid of Java cold starts in serverless? Fear not, Java is super fast!
Ondro Mihályi
Session URL:",0,1,0,370,[],[],[],https://pbs.twimg.com/profile_images/1181905040736436224/1ypGgL71_normal.jpg,https://twitter.com/omniprof/status/1616084786606473217,tweet_id:1616084786606473217
Pablo Gutiérrez,@PabloMxNL,2023-01-19T15:10:17.000Z,False,"watching talk ""Afraid of Java cold starts in Serverless? Fear not, Java is super fast!"" by Ondro Mihályi on JChampions Conference in Youtube! https://lnkd.in/eiyJQBTu",0,0,0,36,[],[],[],https://pbs.twimg.com/profile_images/1702754157524893696/rp8c3vLo_normal.jpg,https://twitter.com/PabloMxNL/status/1616090675023323140,tweet_id:1616090675023323140
Eugenio Perea,@eperea,2023-01-17T16:19:43.000Z,False,"Getty Images is suing Stable Diffusion. This is the latest and most serious of the recent lawsuits against AIs. This will get worse, way worse, before it gets better.https://theverge.com/2023/1/17/23558516/ai-art-copyright-stable-diffusion-getty-images-lawsuit…",0,2,2,993,[],[],[],https://pbs.twimg.com/profile_images/665042485148672001/Qna-Vbyq_normal.jpg,https://twitter.com/eperea/status/1615383372888408074,tweet_id:1615383372888408074
OBS,@OBSProject,2023-01-16T17:11:02.000Z,True,"We are still seeing many users fall victim to fake websites in  sponsored links distributing malware. Many of them mimic the appearance of the real site.

We do not have any ads for OBS!

Please ONLY download from our official website http://obsproject.com or our GitHub!",159,"6,054",1.5万,117万,[],['@Google'],[],https://pbs.twimg.com/profile_images/1612882231373996032/2FM6F818_normal.jpg,https://twitter.com/OBSProject/status/1615033901809913856,tweet_id:1615033901809913856
Lukas Eder,@lukaseder,2023-01-06T15:00:34.000Z,False,"People have used H2 as a test database successfully for years. jOOQ recommends you don't do that any longer, given there's testcontainers:https://blog.jooq.org/using-h2-as-a-test-database-product/… 

What's your experience with the two approaches, using H2 or testcontainers for integration testing?",26,28,146,3.7万,[],[],[],https://pbs.twimg.com/profile_images/1425775171651186690/hMt0Iqwl_normal.jpg,https://twitter.com/lukaseder/status/1611377188745498630,tweet_id:1611377188745498630
Dragan Stepanović,@d_stepanovic,2023-01-03T13:49:37.000Z,False,"If a team has no skills to keep their codebase healthy and responsive to change (read: no XP practices), they are doomed to rewriting a bunch of code every year or two, a.k.a. Rewrite-Driven Development.

I'm sure that's less risky and less pressure.",4,4,28,"2,592",[],[],[],https://pbs.twimg.com/profile_images/1235672385904357376/P56H2vMm_normal.jpg,https://twitter.com/d_stepanovic/status/1610272172429148167,tweet_id:1610272172429148167
New Scientist,@newscientist,2023-01-03T15:56:25.000Z,True,"In 2023, we have many opportunities to build a better future",1,9,36,2.9万,[],[],[],https://pbs.twimg.com/profile_images/960860144329469953/Tc-GOIGJ_normal.jpg,https://twitter.com/newscientist/status/1610304078705299456,tweet_id:1610304078705299456
PacoCalderónCartones,@CartonCalderon,2022-12-30T20:38:26.000Z,True,Nocaut el Templo Mayor de hoy en ,35,"1,077","2,565",7.3万,[],['@Reforma'],[],https://pbs.twimg.com/profile_images/1498421145787326472/Ixds224g_normal.jpg,https://twitter.com/CartonCalderon/status/1608925499220455425,tweet_id:1608925499220455425
FIFA,@FIFAcom,2022-12-29T22:18:04.000Z,True,"Pelé, the only man to win the #FIFAWorldCup three times.

A legend of our game.

Rest in peace, the Eternal King.",257,"4,197",1.4万,136万,['#FIFAWorldCup'],[],[],https://pbs.twimg.com/profile_images/1604735392875532294/i4rmSg7k_normal.jpg,https://twitter.com/FIFAcom/status/1608588185604423681,tweet_id:1608588185604423681
FIFA World Cup,@FIFAWorldCup,2022-12-29T21:25:37.000Z,True,"Rest in peace, Pele ",775,1.3万,12万,454万,[],[],['\\u2764\\ufe0f'],https://pbs.twimg.com/profile_images/1747638026832887808/ZCUr0JdI_normal.jpg,https://twitter.com/FIFAWorldCup/status/1608574986674913280,tweet_id:1608574986674913280
Sergio Sarmiento,@SergioSarmiento,2022-12-29T12:25:22.000Z,True,"""Vamos a distribuir los medicamentos hasta los pueblos más apartados. No van a faltar.... me dejo de llamar Andrés Manuel"".
Andrés Manuel López Obrador,
25.11.2021",845,"3,543","9,123",24万,[],[],[],https://pbs.twimg.com/profile_images/748475642719571968/NMrWKLj9_normal.jpg,https://twitter.com/SergioSarmiento/status/1608439030387212292,tweet_id:1608439030387212292
Pablo Gutiérrez,@PabloMxNL,2022-12-29T21:55:26.000Z,False,"""Enfermarse en México""
Josefina Leroux - 29 de Dic - Vía  https://elnorte.com/q7PSIn",1,0,1,74,[],['@elnorte'],[],https://pbs.twimg.com/profile_images/1702754157524893696/rp8c3vLo_normal.jpg,https://twitter.com/PabloMxNL/status/1608582490004008964,tweet_id:1608582490004008964
Pablo Gutiérrez,@PabloMxNL,2022-12-29T19:22:43.000Z,False,"of course!! and I also travel with them, as plastic bags here in Mexico are forbidden by law.",0,0,0,92,[],[],[],https://pbs.twimg.com/profile_images/1702754157524893696/rp8c3vLo_normal.jpg,https://twitter.com/PabloMxNL/status/1608544058024275968,tweet_id:1608544058024275968
Pablo Gutiérrez,@PabloMxNL,2022-12-28T18:39:02.000Z,True,todo el sexenio del charlatán en palacio son inocentadas que todos sus seguidores le creen. deberían de ignorar sus misas diarias y no ponerle atención.,0,0,1,55,[],[],[],https://pbs.twimg.com/profile_images/1702754157524893696/rp8c3vLo_normal.jpg,https://twitter.com/PabloMxNL/status/1608170676728528899,tweet_id:1608170676728528899
Peniley Ramírez,@penileyramirez,2022-12-24T14:22:10.000Z,False,"Si en su casa hay alguien que cree en  y lo espera hoy, seguro también creerá que hay una profesora en la UNAM capaz de la hazaña de dirigir 14 tesis por año durante 36 años. La #Linotipia de hoy en   y  
¡Feliz navidad!  https://reforma.com/nSeN7r",195,"1,164","3,137",12万,['#Linotipia'],"['@Reforma', '@muralcom', '@elnorte']","['\\U0001f385', '\\U0001f384']",https://pbs.twimg.com/profile_images/1603124508839256065/QMVSvRM7_normal.jpg,https://twitter.com/penileyramirez/status/1606656482593964035,tweet_id:1606656482593964035
CIC,@Cicmty,2022-12-23T22:35:14.000Z,True,#ServicioDeElectricidad bajo voltaje en la Col. Mitras Centro #Monterrey cc  C9IC38,1,3,2,"2,832","['#ServicioDeElectricidad', '#Monterrey']",['@CFE_Contigo'],['\\U0001f526'],https://pbs.twimg.com/profile_images/1456368090627784707/xCcfAq_o_normal.jpg,https://twitter.com/Cicmty/status/1606418179445628932,tweet_id:1606418179445628932
Pablo Gutiérrez,@PabloMxNL,2022-12-08T16:55:58.000Z,False,"Hey  cuando quiero pagar con mi tarjeta física de débito en tiendas me dice que firma electrónica está bloqueada,sin embargo en la app no muestra ningún tipo de información de esto y en el número telefónico el menú del IVR es pésimo como diseñado para no atender llamadas",1,0,0,0,[],['@heybanco'],[],https://pbs.twimg.com/profile_images/1702754157524893696/rp8c3vLo_normal.jpg,https://twitter.com/PabloMxNL/status/1600896981076832259,tweet_id:1600896981076832259
Max Kaiser,@MaxKaiser75,2022-12-01T22:13:15.000Z,True,"Cuando festejas el aumento de las remesas de mexicanos en el extranjero, estás celebrando:

-La expulsión de mexicanos, por falta de oportunidades aquí
-Su trabajo allá, sin protección a sus derechos humanos
-La fortaleza de la economía norteamericana, NO de la mexicana

Burro!",513,"2,788","8,038",0,[],[],['\\U0001f926\\U0001f3fb\\u200d\\u2642\\ufe0f'],https://pbs.twimg.com/profile_images/1468403468402671616/oiiB54x2_normal.jpg,https://twitter.com/MaxKaiser75/status/1598440113008164865,tweet_id:1598440113008164865
Byron Woodfork,@byronwoodfork,2022-12-01T16:50:33.000Z,False,What's the worst software you've used and why is it Microsoft Teams?,101,137,994,0,[],[],[],https://pbs.twimg.com/profile_images/861755198804553728/CC5yafWq_normal.jpg,https://twitter.com/byronwoodfork/status/1598358902915141635,tweet_id:1598358902915141635
Pablo Gutiérrez,@PabloMxNL,2022-11-30T22:31:50.000Z,True,great  about how to communicate effectively as a developer (and in general) with concrete examples from short to long messages. crucial skill when using async communications in remote work. check the whole article:https://karlsutt.com/articles/communicating-effectively-as-a-developer/…,0,0,1,0,[],[],['\\U0001f9f5'],https://pbs.twimg.com/profile_images/1702754157524893696/rp8c3vLo_normal.jpg,https://twitter.com/PabloMxNL/status/1598082403704406016,tweet_id:1598082403704406016
Pablo Gutiérrez,@PabloMxNL,2022-11-27T15:24:11.000Z,True,"an oldie but golden. I've seen so many scripts with fragile or no error handling at all, that is criminal no use 'set -euo pipefail' in bash files",0,0,2,0,[],[],[],https://pbs.twimg.com/profile_images/1702754157524893696/rp8c3vLo_normal.jpg,https://twitter.com/PabloMxNL/status/1596887619585323009,tweet_id:1596887619585323009
Pablo Gutiérrez,@PabloMxNL,2022-11-22T12:44:57.000Z,False,"last week I released a new version my IntelliJ plugin that uses Vale command-line tool to lint documentation file formats such as markdown, restructured text or the awesome asciidoctor. 

And while it has ~ half the downloads of my gitlab pipelin lint plu…",0,0,1,0,[],[],[],https://pbs.twimg.com/profile_images/1702754157524893696/rp8c3vLo_normal.jpg,https://twitter.com/PabloMxNL/status/1595035604210761729,tweet_id:1595035604210761729
Pablo Gutiérrez,@PabloMxNL,2022-11-10T17:16:00.000Z,False,finally!!!  an end to the YML pipeline madness ,0,0,3,0,[],[],"['\\U0001f389', '\\U0001f389', '\\U0001f389']",https://pbs.twimg.com/profile_images/1702754157524893696/rp8c3vLo_normal.jpg,https://twitter.com/PabloMxNL/status/1590755161903095809,tweet_id:1590755161903095809
GitHub,@github,2022-11-09T17:57:02.000Z,True,"We’re here to help you push what’s possible: Starting today, we’re rolling out GitHub Codespaces for all, with access to 60 hours of GitHub Codespaces free(!) every month. ",54,"1,043","3,916",0,[],[],['\\U0001f680'],https://pbs.twimg.com/profile_images/1633247750010830848/8zfRrYjA_normal.png,https://twitter.com/github/status/1590403103014420481,tweet_id:1590403103014420481
PacoCalderónCartones,@CartonCalderon,2022-11-06T18:53:43.000Z,True,¡CORRE LA VOZ!,11,330,591,0,[],[],[],https://pbs.twimg.com/profile_images/1498421145787326472/Ixds224g_normal.jpg,https://twitter.com/CartonCalderon/status/1589330202970423296,tweet_id:1589330202970423296
PacoCalderónCartones,@CartonCalderon,2022-11-06T18:54:22.000Z,True,¡CORRE LA VOZ!,16,657,"1,278",0,[],[],[],https://pbs.twimg.com/profile_images/1498421145787326472/Ixds224g_normal.jpg,https://twitter.com/CartonCalderon/status/1589330366254690306,tweet_id:1589330366254690306
Pablo Gutiérrez,@PabloMxNL,2022-11-03T19:07:12.000Z,False,these replies in the tweet are golden ,0,1,1,0,[],[],"['\\U0001f602', '\\U0001f602', '\\U0001f602']",https://pbs.twimg.com/profile_images/1702754157524893696/rp8c3vLo_normal.jpg,https://twitter.com/PabloMxNL/status/1588246433634738176,tweet_id:1588246433634738176
DaShaun,@dashaun,2022-11-01T20:23:10.000Z,True,"""Testing is the first client of your code"" - ",0,4,14,0,[],['@jitterted'],[],https://pbs.twimg.com/profile_images/1607199158674284545/ospEwRr4_normal.jpg,https://twitter.com/dashaun/status/1587540774157164544,tweet_id:1587540774157164544
Pablo Gutiérrez,@PabloMxNL,2022-11-01T18:55:46.000Z,False,my pipeline lint Intellij plugins has been downloaded ~ 400 times in two months!!!https://plugins.jetbrains.com/plugin/19972-gitlab-pipeline-lint…,0,0,0,0,[],[],[],https://pbs.twimg.com/profile_images/1702754157524893696/rp8c3vLo_normal.jpg,https://twitter.com/PabloMxNL/status/1587518779361267712,tweet_id:1587518779361267712
Gunnar Morling,@gunnarmorling,2022-10-08T08:31:31.000Z,False,"Before trash-talking someone else's code, always keep in mind they probably tried to do the best they could given their specific knowledge and context of the situation back then.",19,78,408,0,[],[],[],https://pbs.twimg.com/profile_images/1411051861415759880/4vzagQao_normal.jpg,https://twitter.com/gunnarmorling/status/1578664372389392385,tweet_id:1578664372389392385
Greg McKeown,@GregoryMcKeown,2022-09-22T16:01:03.000Z,True,"Do less. 
But better.
You will be happier.",7,51,200,0,[],[],[],https://pbs.twimg.com/profile_images/1701290389075009536/CqPH-KiK_normal.jpg,https://twitter.com/GregoryMcKeown/status/1572979295382867969,tweet_id:1572979295382867969
Alex Russell,@slightlylate,2022-10-05T19:40:01.000Z,False,"The JS-industrial-complex are complexity merchants. 

They sell increasingly baroque solutions to imagined problems, or challenges created by the JS-industrial-complex itself.

It's mostly nonsense.",22,88,410,0,[],[],[],https://pbs.twimg.com/profile_images/1403146753080131588/NOekA3Jf_normal.jpg,https://twitter.com/slightlylate/status/1577745444393734145,tweet_id:1577745444393734145
Pablo Gutiérrez,@PabloMxNL,2022-09-18T22:18:13.000Z,True,ufff Kawa and JRun first java IDE and java application server I've used. I feel old ,0,0,0,0,[],[],"['\\U0001f923', '\\U0001f602', '\\U0001f602', '\\U0001f602']",https://pbs.twimg.com/profile_images/1702754157524893696/rp8c3vLo_normal.jpg,https://twitter.com/PabloMxNL/status/1571624664098803712,tweet_id:1571624664098803712
Sergio del Amo,@sdelamo,2022-09-17T10:56:54.000Z,False,Creepy. The Follower https://driesdepoorter.be/thefollower/,0,1,4,0,[],[],[],https://pbs.twimg.com/profile_images/1673655209778618374/bW1oyQiD_normal.jpg,https://twitter.com/sdelamo/status/1571090817439219713,tweet_id:1571090817439219713
Pablo Gutiérrez,@PabloMxNL,2022-09-09T07:46:23.000Z,False,since yesterday  web version dark mode seems to be broken on  and now the only way to read it is either switch dark mode off or read on chrome.,0,0,1,0,[],"['@Outlook', '@firefox']",[],https://pbs.twimg.com/profile_images/1702754157524893696/rp8c3vLo_normal.jpg,https://twitter.com/PabloMxNL/status/1568143767802093568,tweet_id:1568143767802093568
Cycling Professor ,@fietsprofessor,2022-08-28T10:20:23.000Z,False,"'The delight to share a ride [...] and to enjoy things at your own pace'
—Dutch  Cycling Lifestyle

H/t ",2,20,44,0,[],['@vincentl75'],['\\U0001f1f3\\U0001f1f1'],https://pbs.twimg.com/profile_images/1185174183971557376/_9DHelpD_normal.jpg,https://twitter.com/fietsprofessor/status/1563833868163194880,tweet_id:1563833868163194880
John Arundel,@bitfield,2022-08-26T13:24:24.000Z,True,"“Users have a blithe disregard for what they’re not supposed to do, whether they’re astronauts or six‐year‐olds. Don’t listen to anyone who tells you not to worry about something because “users shouldn’t do that”. Expect the impossible, and test for it.”
—The Power of Go: Tests",3,39,73,0,[],[],[],https://pbs.twimg.com/profile_images/2550451333/upr558w4gb7mdgopk0af_normal.jpeg,https://twitter.com/bitfield/status/1563155403361251329,tweet_id:1563155403361251329
GitLab,@gitlab,2022-07-31T20:36:01.000Z,True,"If employers want to keep current employees and bring on new talent, the adoption of #asyncwork needs to have a place in the workplace. https://bit.ly/3OiW8Gr",1,18,67,0,['#asyncwork'],[],['\\U0001f449'],https://pbs.twimg.com/profile_images/1526219998741647362/8KKDKESj_normal.jpg,https://twitter.com/gitlab/status/1553841938280882177,tweet_id:1553841938280882177
"What a week, huh? all Wednesdays",@whataweekhuh,2022-06-15T10:52:00.000Z,False,,136,1.6万,7.2万,0,[],[],[],https://pbs.twimg.com/profile_images/1509137585188265988/YWFEly-D_normal.jpg,https://twitter.com/whataweekhuh/status/1537025121763872768,tweet_id:1537025121763872768
Pablo Gutiérrez,@PabloMxNL,2022-06-10T17:30:29.000Z,False,wish Safari or firefox got more usage. not healthy having chrome(ium) browsers with ~ 90% of market share,0,1,2,0,[],[],[],https://pbs.twimg.com/profile_images/1702754157524893696/rp8c3vLo_normal.jpg,https://twitter.com/PabloMxNL/status/1535313466373947396,tweet_id:1535313466373947396
Graham Lea,@evolvable,2022-06-09T00:08:02.000Z,False,"+1 for this approach.
Async comms (typically: message queues) are the lifeblood of loosely-coupled distributed systems.
The question when planning an integration should not be:
      ""Should we use async comms?""
but:
      ""Is there a compelling reason NOT to use async comms?""",0,3,13,0,[],[],[],https://pbs.twimg.com/profile_images/1716208464870178816/2Gb18zMS_normal.jpg,https://twitter.com/evolvable/status/1534688736679604224,tweet_id:1534688736679604224
Gunnar Morling,@gunnarmorling,2022-06-08T19:47:46.000Z,False,"When about to implement a synchronous call from one service to another, lean back and apply a technique like ""The 5 Whys"" to understand whether you truly need to go for that kind of tight coupling. Chances are, you don't.",7,18,81,0,[],[],[],https://pbs.twimg.com/profile_images/1411051861415759880/4vzagQao_normal.jpg,https://twitter.com/gunnarmorling/status/1534623237098840068,tweet_id:1534623237098840068
Chema,@Chemaclass,2022-06-06T14:44:18.000Z,True,Software engineering is about becoming experts at learning.,16,175,972,0,[],[],[],https://pbs.twimg.com/profile_images/1509091274841800705/dG9NLW10_normal.jpg,https://twitter.com/Chemaclass/status/1533822092952719362,tweet_id:1533822092952719362
Pablo Gutiérrez,@PabloMxNL,2022-06-06T19:27:47.000Z,True,,0,0,0,0,[],[],"['\\U0001f926\\U0001f3fe\\u200d\\u2642\\ufe0f', '\\U0001f926\\U0001f3fe\\u200d\\u2642\\ufe0f', '\\U0001f926\\U0001f3fe\\u200d\\u2642\\ufe0f']",https://pbs.twimg.com/profile_images/1702754157524893696/rp8c3vLo_normal.jpg,https://twitter.com/PabloMxNL/status/1533893432669872128,tweet_id:1533893432669872128
Justin Lee,@evanchooly,2022-06-06T18:56:25.000Z,False,"Builders should be write only.  so having:
builder()
  .setFoo(foo)
  .setBar(bar)

etc is is just noise. and they're not beans. there should never be a getXXX() on a Builder.  instead:
builder()
   .foo(foo)
   .bar(bar)

much easier to read without the Beans nonsense",2,1,11,0,[],[],[],https://pbs.twimg.com/profile_images/1491474151760093187/l6kw4oQ9_normal.jpg,https://twitter.com/evanchooly/status/1533885538683564037,tweet_id:1533885538683564037
Veni Kunche I Founder of Diversify Tech,@venikunche,2022-06-06T12:35:10.000Z,False,"It's time for a hire me thread!

If you are underrepresented + looking for a new role in tech, share your details below! Include the role you are looking for, LinkedIn/Portfolio site, location and where people can reach you. I'll RT to my 40k followers",76,179,360,0,[],[],['\\U0001f447\\U0001f3fe'],https://pbs.twimg.com/profile_images/1374425485648613381/PH0zKqIL_normal.jpg,https://twitter.com/venikunche/status/1533789593014874113,tweet_id:1533789593014874113
Gremlin,@GremlinInc,2022-06-06T19:00:41.000Z,False,"How do you improve #IT #resilience at your organization? Gartner provides 7 strategies, and we take a high-level look at each of them. Read our blog and the full report at",0,1,3,0,"['#IT', '#resilience']",[],[],https://pbs.twimg.com/profile_images/1581257201678782464/Pdlurox4_normal.jpg,https://twitter.com/GremlinInc/status/1533886612735676418,tweet_id:1533886612735676418
Grady Booch,@Grady_Booch,2022-06-04T19:04:26.000Z,False,Debugging a software-intensive system 13 light minutes away.,7,26,124,0,[],[],[],https://pbs.twimg.com/profile_images/1350371022067781634/0mw7Irfk_normal.jpg,https://twitter.com/Grady_Booch/status/1533162781473505280,tweet_id:1533162781473505280
Tomasz Nurkiewicz (fosstodon.org/@nurkiewicz),(fosstodon.org/@nurkiewicz),2022-05-31T18:17:59.000Z,False,"Most of the microservices I have seen break ""the one-hop rule: a service should not call other services to respond to a request"". And most teams heroically work around it with circuit breakers, distributed tracing, service meshes, client-side routing...",5,15,75,0,[],[],[],https://pbs.twimg.com/profile_images/1033047736202014720/kSDapqoX_normal.jpg,https://twitter.com/tnurkiewicz/status/1531701540402110464,tweet_id:1531701540402110464
Testkube - Kubernetes-Native Testing Framework,@Testkube_io,2022-05-31T16:06:53.000Z,False,Running K6 tests in Kubernetes is very straightforward with Testkube and a big thanks to  for his code contribution to the project!,0,7,5,0,[],['@LeanderReimer'],[],https://pbs.twimg.com/profile_images/1585649219410735106/OYV_sJEr_normal.png,https://twitter.com/Testkube_io/status/1531668546928971777,tweet_id:1531668546928971777
David Morris,@wdmorrisjr,2022-05-29T13:07:17.000Z,True,"In nature, given the right conditions, things thrive naturally.

A simple plan to lead well ⏤

Create an environment where people naturally thrive:

- Set clear expectations
- Genuinely care
- Give helpful feedback
- Embody the culture
- Smile

Simple. Not easy, but simple.",5,83,660,0,[],[],[],https://pbs.twimg.com/profile_images/1451645945494528008/uQn18E6S_normal.jpg,https://twitter.com/wdmorrisjr/status/1530898573289836547,tweet_id:1530898573289836547
David Morris,@wdmorrisjr,2022-05-29T13:07:15.000Z,True,"Leaders must be laser-focused on the person receiving feedback.

Goal: see them get better.

Not: make you feel better.

I ask 2 questions to pre-screen feedback:

- Who will this help?
- How will this help?

If I can answer easily, I give it.

If not, I wait until I can.",1,17,266,0,[],[],[],https://pbs.twimg.com/profile_images/1451645945494528008/uQn18E6S_normal.jpg,https://twitter.com/wdmorrisjr/status/1530898567765819394,tweet_id:1530898567765819394
David Morris,@wdmorrisjr,2022-05-29T13:07:15.000Z,True,"Helpful Feedback:

Feedback is important. 

It's required for growth.

But not all feedback is helpful.

No one likes being nit-picked by over-critical leaders.

At best, it's distracting noise.

At worst, it's hostile and defeating.",1,17,236,0,[],[],[],https://pbs.twimg.com/profile_images/1451645945494528008/uQn18E6S_normal.jpg,https://twitter.com/wdmorrisjr/status/1530898566721548289,tweet_id:1530898566721548289
David Morris,@wdmorrisjr,2022-05-29T13:07:15.000Z,True,"We give so much of our lives to work.

We want it to be a place we are:

- Known
- Appreciated
- Seen as a whole person

Care can be faked.

Genuineness can't.

Leaders who genuinely care, win.

Win commitment.

Win effort.

Win long-term followers.",1,32,353,0,[],[],[],https://pbs.twimg.com/profile_images/1451645945494528008/uQn18E6S_normal.jpg,https://twitter.com/wdmorrisjr/status/1530898565639417859,tweet_id:1530898565639417859
Andre Marín,@andremarinpuig,2022-05-29T16:06:40.000Z,True,"¡VICTORIA DE CHECO PÉREZ! 

El piloto mexicano se llevó el #MonacoGP",2,12,107,0,['#MonacoGP'],[],[],https://pbs.twimg.com/profile_images/1604540523234004992/GRaSej52_normal.jpg,https://twitter.com/andremarinpuig/status/1530943717523202050,tweet_id:1530943717523202050
San Cadilla El Norte,@SancadillaNorte,2022-05-29T16:07:05.000Z,True,¡Viva Checo! #MonacoGP,4,50,803,0,['#MonacoGP'],[],[],https://pbs.twimg.com/profile_images/1284245612507074561/kl3hhTzf_normal.jpg,https://twitter.com/SancadillaNorte/status/1530943822552866817,tweet_id:1530943822552866817
Liga BBVA MX,@LigaBBVAMX,2022-05-29T16:07:32.000Z,True,"CHECO PÉREZ  

¡Felicidades, ! ",22,231,"4,012",0,[],['@SChecoPerez'],"['\\U0001f1f2\\U0001f1fd', '\\U0001f1f2\\U0001f1fd', '\\U0001f1f2\\U0001f1fd', '\\U0001f1f2\\U0001f1fd', '\\U0001f1f2\\U0001f1fd', '\\U0001f1f2\\U0001f1fd', '\\U0001f1f2\\U0001f1fd', '\\U0001f1f2\\U0001f1fd', '\\U0001f1f2\\U0001f1fd', '\\U0001fae1', '\\U0001f3c6']",https://pbs.twimg.com/profile_images/1774857203918213120/fGyAKprU_normal.jpg,https://twitter.com/LigaBBVAMX/status/1530943935647993858,tweet_id:1530943935647993858
ESPN.com.mx,@ESPNmx,2022-05-29T16:07:41.000Z,True,"¡VAMOSSSSSSSSSSSSS CHECO!  #MonacoGP #F1 

Síguelo  http://bit.ly/3wWITG3",3,108,"1,200",0,"['#MonacoGP', '#F1']",[],"['\\U0001f4aa', '\\U0001f1f2\\U0001f1fd', '\\U0001f449']",https://pbs.twimg.com/profile_images/856564125455065089/MAJ4Buek_normal.jpg,https://twitter.com/ESPNmx/status/1530943975330394114,tweet_id:1530943975330394114
Javier Alarcón,@Javier_Alarcon_,2022-05-29T16:07:59.000Z,True,. Gracias por un triunfo que no admite detractores ni rencores. ¡Bravísimo por ti y !,38,285,"8,037",0,[],['@SChecoPerez'],['\\U0001f1f2\\U0001f1fd'],https://pbs.twimg.com/profile_images/1617938249468477455/x0DxbleD_normal.jpg,https://twitter.com/Javier_Alarcon_/status/1530944047786893313,tweet_id:1530944047786893313
San Cadilla El Norte,@SancadillaNorte,2022-05-29T16:05:29.000Z,True,"""¡Estoy muy orgulloso de pertenecer a este equipo!"", dice Checo tras ganar el #MonacoGP 

Ondea la bandera de México en el histórico trazado.",0,21,430,0,['#MonacoGP'],[],[],https://pbs.twimg.com/profile_images/1284245612507074561/kl3hhTzf_normal.jpg,https://twitter.com/SancadillaNorte/status/1530943421656969216,tweet_id:1530943421656969216
Escudería Telmex,@escuderiatelmex,2022-05-29T16:02:08.000Z,False,"¡ se lleva el triunfo en el #MonacoGP! ¡Viva México!  ¡Felicidades Checo, felicidades ! #AMáximaVelocidad",4,84,385,0,"['#MonacoGP', '#AMáximaVelocidad']","['@SChecoPerez', '@redbullracing']","['\\U0001f60f', '\\U0001f3c1', '\\U0001f1f2\\U0001f1fd', '\\U0001f3ce', '\\U0001f4a8']",https://pbs.twimg.com/profile_images/1744393463150321664/A2Zdg8or_normal.jpg,https://twitter.com/escuderiatelmex/status/1530942574734753796,tweet_id:1530942574734753796
ESPN.com.mx,@ESPNmx,2022-05-29T16:03:33.000Z,True,Checo Pérez hace historia en las calles de Mónaco   #MonacoGP #F1,32,679,"3,890",0,"['#MonacoGP', '#F1']",[],"['\\U0001f44f', '\\U0001f44f', '\\U0001f44f']",https://pbs.twimg.com/profile_images/856564125455065089/MAJ4Buek_normal.jpg,https://twitter.com/ESPNmx/status/1530942934186659840,tweet_id:1530942934186659840
Ciro Procuna,@cprocuna,2022-05-29T16:03:53.000Z,False,"¡Checo Pérez ganó el #MonacoGP!
Tercera victoria para el mexicano en la #F1.
Excelente carrera de . 5to latinoamericano en ganar en este circuito. 

¡Felicidades!",9,134,"1,443",0,"['#MonacoGP', '#F1']",['@SChecoPerez'],[],https://pbs.twimg.com/profile_images/1494718289938952198/hHuOC9Ou_normal.jpg,https://twitter.com/cprocuna/status/1530943015812009985,tweet_id:1530943015812009985
San Cadilla,@SanCadilla,2022-05-29T16:03:54.000Z,True,¡¡¡CHEEEEEECCCOOOOOOOOANDBDKSKZJFBFLAÑAIRURHZBSAODJRNDÑALXBFUEKSMOOOOOOO!!!#GPMonaco,4,70,856,0,['#GPMonaco'],[],[],https://pbs.twimg.com/profile_images/1112717318172364800/WASNC8Ws_normal.jpg,https://twitter.com/SanCadilla/status/1530943023038705664,tweet_id:1530943023038705664
Raúl Orvañanos,@RaulOrvananos,2022-05-29T16:03:55.000Z,True,Gana Checo Pérez en Mónaco,7,4,231,0,[],[],[],https://pbs.twimg.com/profile_images/1618295453971320849/pGRH32jH_normal.jpg,https://twitter.com/RaulOrvananos/status/1530943025798594569,tweet_id:1530943025798594569
San Cadilla El Norte,@SancadillaNorte,2022-05-29T16:02:36.000Z,True,¡Ganó Checo el #MonacoGP!,9,42,671,0,['#MonacoGP'],[],[],https://pbs.twimg.com/profile_images/1284245612507074561/kl3hhTzf_normal.jpg,https://twitter.com/SancadillaNorte/status/1530942693345468417,tweet_id:1530942693345468417
San Cadilla,@SanCadilla,2022-05-29T15:55:58.000Z,True,"¿Están respirando?

7 min
1. Checo Pérez
2. Sainz Jr.  +0.4
3. Verstappen  +0.6
4. Leclerc. +0.8#GPMonaco",10,5,87,0,['#GPMonaco'],[],[],https://pbs.twimg.com/profile_images/1112717318172364800/WASNC8Ws_normal.jpg,https://twitter.com/SanCadilla/status/1530941024301854720,tweet_id:1530941024301854720
ESPN.com.mx,@ESPNmx,2022-05-29T16:01:40.000Z,True," ¡CHECO PÉREZ CONQUISTA EL GRAN PREMIO DE MÓNACO!  TERCERA VICTORIA DEL MEXICANO EN LA FÓRMULA 1 #MonacoGP #F1 

Síguelo  http://bit.ly/3wWITG3",4,178,678,0,"['#MonacoGP', '#F1']",[],"['\\U0001f525', '\\U0001f525', '\\U0001f1f2\\U0001f1fd', '\\U0001f1f2\\U0001f1fd', '\\U0001f449']",https://pbs.twimg.com/profile_images/856564125455065089/MAJ4Buek_normal.jpg,https://twitter.com/ESPNmx/status/1530942459181682689,tweet_id:1530942459181682689
Laura Tacho,@rhein_wein,2022-05-02T15:59:20.000Z,False,"The biggest mistake companies making when hiring engineers is not including an async written interview stage.

Engineering roles are heavy on writing - tickets, PRs, Slack, internal & external docs. If you're not assessing for written communication, you've got a huge blind spot.",53,241,"1,555",0,[],[],[],https://pbs.twimg.com/profile_images/1545107056629260292/-sbb1cYa_normal.jpg,https://twitter.com/rhein_wein/status/1521157400295878659,tweet_id:1521157400295878659
Tim Urban,@waitbutwhy,2022-05-24T08:32:54.000Z,True,"“If you only wished to be happy, this could be easily accomplished; but we wish to be happier than other people, and this is always difficult, for we believe others to be happier than they are.” 

Montesquieu said this 300 years ago. We’re still working on this one.",588,"9,016",5.4万,0,[],[],[],https://pbs.twimg.com/profile_images/378800000096549990/2b5b8a614e16b1527ebb75e1a7266d85_normal.jpeg,https://twitter.com/waitbutwhy/status/1529017582870749184,tweet_id:1529017582870749184
Job,@Jobvo,2022-05-19T16:45:53.000Z,True,"Treat email like a text message - it is. 

Formalities waste everyone’s time.",9,10,98,0,[],[],[],https://pbs.twimg.com/profile_images/1558381282354204673/1JjCO9z__normal.jpg,https://twitter.com/Jobvo/status/1527329706135416840,tweet_id:1527329706135416840
Matt Zorich,@reprise_99,2022-05-14T19:18:09.000Z,False,"If you speak English as a second language please never apologize about how bad you think your English is. As someone who speaks only English, usually poorly, the idea of being able to speak another language is basically real life magic and I'm constantly in awe of you.",20,173,"1,400",0,[],[],[],https://pbs.twimg.com/profile_images/1486246348127367174/8_yqwoU7_normal.jpg,https://twitter.com/reprise_99/status/1525556086488834048,tweet_id:1525556086488834048
Pablo Gutiérrez,@PabloMxNL,2022-05-15T16:34:03.000Z,False,"what a tiny vision these companies must have to spy on employees to assess productivity and goal reaching. trust goes both ways.
 https://economist.com/business/welcome-to-the-era-of-the-hyper-surveilled-office/21809219…",0,0,1,0,[],[],[],https://pbs.twimg.com/profile_images/1702754157524893696/rp8c3vLo_normal.jpg,https://twitter.com/PabloMxNL/status/1525877178323415047,tweet_id:1525877178323415047
Dare Obasanjo,@Carnage4Life,2022-05-13T02:47:35.000Z,False,"Crypto isn’t tech. It’s unregulated finance built on shitty tech. The key part is unregulated finance not the tech.

This is why the branding of web3 was so offensive to web techies. Ponzis, pump & dump schemes and wash trading on a slow append-only DB isn’t the future of the web",263,"2,426",1.2万,0,[],[],[],https://pbs.twimg.com/profile_images/1165282125295190016/h0lTAKvp_normal.jpg,https://twitter.com/Carnage4Life/status/1524944414606471170,tweet_id:1524944414606471170
Rose W,@rose_w,2022-05-10T12:34:22.000Z,False,Having survived the first dotcom bubble here’s my advice for those worrying about the current tech hiring slowdowns / layoffs. (I’ll add to it over the day.),29,636,"2,618",0,[],[],['\\U0001f9f5'],https://pbs.twimg.com/profile_images/1136140292459978752/wnLFZIW1_normal.png,https://twitter.com/rose_w/status/1524004922097733632,tweet_id:1524004922097733632
Bartek,@brtkdotse,2022-05-04T17:22:06.000Z,False,In defence of the Single Page Application (ping ),8,31,93,0,[],['@htmx_org'],[],https://pbs.twimg.com/profile_images/1661741194429468676/8Fk9-KW__normal.jpg,https://twitter.com/brtkdotse/status/1521903002793218049,tweet_id:1521903002793218049
Swear Trek,@swear_trek,2022-05-04T17:00:36.000Z,False,,9,386,"1,193",0,[],[],[],https://pbs.twimg.com/profile_images/1083781898160136192/PjDinICI_normal.jpg,https://twitter.com/swear_trek/status/1521897595769167872,tweet_id:1521897595769167872
Cycling Professor ,@fietsprofessor,2022-05-03T13:50:38.000Z,False,"Proud of our book 'Movement: how to take back our streets ad transform our lives' together with . 

'A passionate plea for refocusing on togetherness and quality of life in our society' 

Publication date: June 3
Now available for pre-order: https://waterstones.com/book/movement/thalia-verkade/marco-te-broemmelstroet/9781911344971…",32,258,799,0,[],['@tverka'],[],https://pbs.twimg.com/profile_images/1185174183971557376/_9DHelpD_normal.jpg,https://twitter.com/fietsprofessor/status/1521487397829197825,tweet_id:1521487397829197825
Jake Sheppard,@shepparco,2022-05-03T09:54:05.000Z,False,"the vast majority of office jobs can be done remotely, successfully.

resistance to remote work comes from a generation of business leaders who see employees as inventory/property to be leveraged.

the shift to remote work marks a shift to an empowered, productive workforce.",6,8,29,0,[],[],[],https://pbs.twimg.com/profile_images/1597947024921559041/zMkc6-yH_normal.jpg,https://twitter.com/shepparco/status/1521427871264395264,tweet_id:1521427871264395264
Bilgin Ibryam,@bibryam,2022-04-30T10:46:36.000Z,False,"There is no “ideal code coverage number” that universally applies to all products. But as guidance60% test coverage as “acceptable,” 75% as “commendable,” and 90% as “exemplary.”

Code Coverage Best Practices:https://testing.googleblog.com/2020/08/code-coverage-best-practices.html…",0,12,23,0,[],[],"['\\u25b6\\ufe0f', '\\u25b6\\ufe0f', '\\u25b6\\ufe0f']",https://pbs.twimg.com/profile_images/1779610675431591936/WMVtJ651_normal.jpg,https://twitter.com/bibryam/status/1520353920673067009,tweet_id:1520353920673067009
Emily Kager,@EmilyKager,2022-04-29T04:05:13.000Z,False,"they don't treat their employees like full humans, they hand down deadlines, they expect compliance not collaboration, they don't invest in underresourced teams or tools that would make teams' lives easier, they create environments of fear, they can't take criticism or adjust",2,2,28,0,[],[],[],https://pbs.twimg.com/profile_images/1440383938426327042/98GiEsMu_normal.jpg,https://twitter.com/EmilyKager/status/1519890524223594501,tweet_id:1519890524223594501
Emily Kager,@EmilyKager,2022-04-29T04:02:26.000Z,False,"too many to list in 1 tweet! their teams don't feel valued or appreciated, they don't listen to experts within their teams, they take credit for others' successes but put failures on singular people, they can't communicate a vision or inspire, they don't reward fairly...",1,3,36,0,[],[],[],https://pbs.twimg.com/profile_images/1440383938426327042/98GiEsMu_normal.jpg,https://twitter.com/EmilyKager/status/1519889820440424448,tweet_id:1519889820440424448
Miguel de Icaza ᯅ,@migueldeicaza,2022-04-29T03:35:44.000Z,True,"There is also its cousin, bad leadership running things slowmo- even more painful",2,3,21,0,[],[],[],https://pbs.twimg.com/profile_images/1655569326936563712/MQYhrhnU_normal.jpg,https://twitter.com/migueldeicaza/status/1519883102386114560,tweet_id:1519883102386114560
Emily Kager,@EmilyKager,2022-04-29T03:33:02.000Z,False,Bad leadership can ruin a good thing so quickly,14,50,637,0,[],[],[],https://pbs.twimg.com/profile_images/1440383938426327042/98GiEsMu_normal.jpg,https://twitter.com/EmilyKager/status/1519882425081290752,tweet_id:1519882425081290752
Sharat Chander |,@Sharat_Chander,2022-04-28T17:06:13.000Z,False,"A must-watch for all #Java developers.

Truly,  at  is one of the best out there. His conversation with  and  from the  Team at  is a joy to watch!",1,22,60,0,['#Java'],"['@monkchips', '@redmonk', '@gsaab', '@mgupta_sv', '@Java', '@Oracle']",[],https://pbs.twimg.com/profile_images/1705257275106197504/cG-h6_FA_normal.jpg,https://twitter.com/Sharat_Chander/status/1519724679191154690,tweet_id:1519724679191154690
Sharat Chander |,@Sharat_Chander,2022-04-28T16:56:58.000Z,False,A must-read by all #java developers from ,2,16,45,0,['#java'],['@redmonk'],[],https://pbs.twimg.com/profile_images/1705257275106197504/cG-h6_FA_normal.jpg,https://twitter.com/Sharat_Chander/status/1519722351998357504,tweet_id:1519722351998357504
Paul Stevenson,@hauntedmagazine,2022-04-21T10:19:36.000Z,True,"Sixteen sodium atoms walk into a bar..
Followed by #Batman",3,7,29,0,['#Batman'],[],[],https://pbs.twimg.com/profile_images/1767876088451985408/FHEM5nqs_normal.jpg,https://twitter.com/hauntedmagazine/status/1517085635189911552,tweet_id:1517085635189911552
Guido van Rossum,@gvanrossum,2022-03-30T00:08:17.000Z,True,Let web3 die in a flaming ball of fire.,111,"1,782","5,735",0,[],[],[],https://pbs.twimg.com/profile_images/424495004/GuidoAvatar_normal.jpg,https://twitter.com/gvanrossum/status/1508959260905918465,tweet_id:1508959260905918465
Pablo Gutiérrez,@PabloMxNL,2022-04-16T15:08:52.000Z,False,"I was not looking for a change but unfortunately was not offered indefinite contract, and after a reorg , had to report to a manager that didn't hired me. got an offer between a week of setting LI status as ""open to work"" https://x.com/GergelyOrosz/s/GergelyOrosz/status/1515337327543001094…",0,0,1,0,[],[],[],https://pbs.twimg.com/profile_images/1702754157524893696/rp8c3vLo_normal.jpg,https://twitter.com/PabloMxNL/status/1515346492017491968,tweet_id:1515346492017491968
Ken Fogel - Transitioning to Java from Packt,@omniprof,2022-04-14T12:02:51.000Z,False,If Elon is successful in buying Twitter then we can assume he is doing it because his buddy’s Truth Social platform has failed and he wants to move it to the Twitter platform. I guess we need to get to work writing Developer Social.,0,2,6,0,[],[],[],https://pbs.twimg.com/profile_images/1181905040736436224/1ypGgL71_normal.jpg,https://twitter.com/omniprof/status/1514574906238853123,tweet_id:1514574906238853123
Max Boot,@MaxBoot,2022-04-14T11:44:02.000Z,True,"I am frightened by the impact on society and politics if Elon Musk acquires Twitter. He seems to believe that on social media anything goes. For democracy to survive, we need more content moderation, not less.",3.5万,1.5万,4万,0,[],[],[],https://pbs.twimg.com/profile_images/1072335161365270528/Q7gzINJ2_normal.jpg,https://twitter.com/MaxBoot/status/1514570168730636290,tweet_id:1514570168730636290
Michael Scovetta,@scovetta,2022-04-14T04:57:53.000Z,False,"Some people have reoccurring nightmares about being back in school and forgetting to go to class, or study for a final. Mine are that I spun up some cloud stuff and got a $4M bill.",0,17,407,0,[],[],[],https://pbs.twimg.com/profile_images/564672703550857217/HOZS0HRn_normal.jpeg,https://twitter.com/scovetta/status/1514467959896707073,tweet_id:1514467959896707073
Beata Wojna,@BeataWojna,2022-04-13T19:21:48.000Z,True,"Seis semanas, un tsunami humano para Europa y una Polonia admirable, escribe  en ",3,23,115,0,[],"['@Arturo_Sarukhan', '@El_Universal_Mx']",['\\U0001f447'],https://pbs.twimg.com/profile_images/1466584447432769544/SOCnYIGI_normal.jpg,https://twitter.com/BeataWojna/status/1514322983522762752,tweet_id:1514322983522762752
Harman Idema,@HarmaninToronto,2022-04-09T15:04:04.000Z,False,"Give bicycles a chance.

Amsterdam, 1978. Before it decided to change into a people friendly, liveable city.",95,"3,062",1.2万,0,[],[],[],https://pbs.twimg.com/profile_images/1759688900153352192/K3jztXiu_normal.jpg,https://twitter.com/HarmaninToronto/status/1512808572408713221,tweet_id:1512808572408713221
Increment,@IncrementMag,2022-04-07T16:06:02.000Z,True,“Assuming teams don’t need a clear objective to work toward is like handing a list of turn-by-turn directions to a driver and expecting them to understand where they should end up by nightfall.” — https://increment.com/planning/product-planning-as-road-trip…,0,2,6,0,[],['@ph1'],[],https://pbs.twimg.com/profile_images/879384470108815360/3-ESXgnG_normal.jpg,https://twitter.com/IncrementMag/status/1512099387194982402,tweet_id:1512099387194982402
Sasha Rosenbaum,@DivineOps,2022-04-07T15:16:19.000Z,False,"I think the biggest advantage of a manager who has worn many different hats as an IC

Is that they have a gut feel for how hard tasks are

And an appreciation for people who make hard things look easy",9,53,393,0,[],[],[],https://pbs.twimg.com/profile_images/1527624607137603585/Q_iS-iXM_normal.jpg,https://twitter.com/DivineOps/status/1512086877171437574,tweet_id:1512086877171437574
Pablo Gutiérrez,@PabloMxNL,2022-04-06T05:49:48.000Z,True,"updated remote work playbook. 2022 and people still sending messages on slack ""Hi Pablo"", when this happens I kindly invite them to read http://nohello.net . wondering if there is a list of companies that have async work implemented well out there",0,1,3,0,[],[],[],https://pbs.twimg.com/profile_images/1702754157524893696/rp8c3vLo_normal.jpg,https://twitter.com/PabloMxNL/status/1511581920580222979,tweet_id:1511581920580222979
Daria Kaleniuk,@dkaleniuk,2022-04-02T16:32:05.000Z,False,"Read this story till the end. During WWII some children were making diaries from concentration camps & occupied cities by nazis. History is repeating. This is a diary of Katya, a 16 years old girl from Mariupol, whose mother died in the basement","1,120",2.4万,5万,0,[],[],"['\\U0001f447', '\\U0001f622']",https://pbs.twimg.com/profile_images/1629473821680910336/3GEiDl_5_normal.jpg,https://twitter.com/dkaleniuk/status/1510294004356759553,tweet_id:1510294004356759553
Bojan Tunguz,@tunguz,2022-03-29T11:57:25.000Z,True,We don’t talk enough about this,62,550,"3,946",0,[],[],[],https://pbs.twimg.com/profile_images/1364232665440935946/cRy6WUM9_normal.jpg,https://twitter.com/tunguz/status/1508775330407849999,tweet_id:1508775330407849999
Steve (Builder.io),@Steve8708,2022-03-30T21:25:58.000Z,True,"PSA: please stop using strings concatination to create and edit URLs in JS

All major browsers have great built-in functionality for URL parsing & manipulation:",44,738,"4,144",0,[],[],[],https://pbs.twimg.com/profile_images/1733342770436472832/mBVPTgpn_normal.jpg,https://twitter.com/Steve8708/status/1509280798423191554,tweet_id:1509280798423191554
Bartek Ogryczak ⟨@bartek@sfba.social⟩,Bartek Ogryczak ⟨@bartek@sfba.social⟩,2022-03-31T01:07:07.000Z,False,"My name is Null, Dev Null.",0,1,2,0,[],[],[],https://pbs.twimg.com/profile_images/1486760502076133377/_1weC8Mj_normal.jpg,https://twitter.com/var_tec/status/1509336455843221507,tweet_id:1509336455843221507
Mario Fusco,@mariofusco,2022-03-30T06:28:55.000Z,False,"""There is something wrong with the IT industry. So bad that I haven't managed to find a single industry with same amount of stupidity excluding maybe the fashion industry. It's like the IT industry has been paralyzed in some strange kind of mass hypnosis""https://unixsheikh.com/articles/is-the-madness-ever-going-to-end.html…",8,22,53,0,[],[],[],https://pbs.twimg.com/profile_images/1749740563555930112/n0i9F4yd_normal.jpg,https://twitter.com/mariofusco/status/1509055050974380032,tweet_id:1509055050974380032
Dragan Stepanović,@d_stepanovic,2022-03-30T07:50:51.000Z,False,Estimating for predictability very often leads to less predictable systems.,7,60,196,0,[],[],[],https://pbs.twimg.com/profile_images/1235672385904357376/P56H2vMm_normal.jpg,https://twitter.com/d_stepanovic/status/1509075670349066240,tweet_id:1509075670349066240
Vicente Fox Quesada,@VicenteFoxQue,2022-03-29T19:02:24.000Z,True,"Votar en la revocación de mandato, es como esperar ganarte un avión en una rifa.",3,"3,124",1.4万,0,[],[],[],https://pbs.twimg.com/profile_images/963811508982444032/3R2wWsoK_normal.jpg,https://twitter.com/VicenteFoxQue/status/1508882283197042694,tweet_id:1508882283197042694
Kateryna_Kruk,@Kateryna_Kruk,2022-03-27T18:42:51.000Z,False,"Nazi Germany&Soviet Union were both totalitarian regimes that mass executed people in the name of their ideas.But unlike Germany, USSR never had a moment of collective damnation of the regime and breaking of with it,RU glorified it while turning into authoritarian country itself",95,"1,156","5,104",0,[],[],[],https://pbs.twimg.com/profile_images/1560970817588060160/ylbK3GTF_normal.jpg,https://twitter.com/Kateryna_Kruk/status/1508152586469265412,tweet_id:1508152586469265412
Alma Madero Benítez,@AlmaMaderoIV,2022-03-24T22:19:46.000Z,False,Comparte esto con tu pro-Putin favorito.,8,84,175,0,[],[],[],https://pbs.twimg.com/profile_images/1752884457525112832/x7Fb_TS-_normal.jpg,https://twitter.com/AlmaMaderoIV/status/1507120013148364804,tweet_id:1507120013148364804
Jaana Dogan ヤナ ドガン,@rakyll,2022-03-24T17:35:56.000Z,True,"People sometimes mistakenly think that their position buys their influence. Position gives you capital to buy influence but these aspects are orthogonal. The way to have influence is to chop wood and carry water, also known as doing the work.",7,39,285,0,[],[],[],https://pbs.twimg.com/profile_images/1736669547808358400/0cfKxdZX_normal.jpg,https://twitter.com/rakyll/status/1507048582875996194,tweet_id:1507048582875996194
Cindy Sridharan,@copyconstruct,2022-03-24T22:33:05.000Z,False,"Knowing how to run your software and be able to test a huge portion of the feature set locally is a very underrated skill. 

Especially if your software is very complex with a ton of external dependencies, this becomes all the more important, however paradoxical it might sound.",4,34,161,0,[],[],[],https://pbs.twimg.com/profile_images/1718067703712530432/5kvJbych_normal.jpg,https://twitter.com/copyconstruct/status/1507123363273011200,tweet_id:1507123363273011200
Anna Filina,@afilina,2022-03-21T20:06:51.000Z,False,"""Those Who Cannot Learn From History Are Doomed To Repeat It""
An interesting comparison of events happening today to WWII.",0,1,2,0,[],[],[],https://pbs.twimg.com/profile_images/1591266065182507008/m7bX2gpv_normal.jpg,https://twitter.com/afilina/status/1505999398320365572,tweet_id:1505999398320365572
Edin Kapić / Един Капић,@ekapic,2022-03-15T08:35:53.000Z,False,"Recap:

1.  was revolutionary in 1999 and we missed half of the learnings
2. XP = Programming techniques + teamwork + communication
3. ValuesPrinciplesPractices
4. Primary practices: build, team, planning, energy.. TDD and Incremental design ",3,7,47,0,[],['@Kentbeck'],"['\\u27a1\\ufe0f', '\\u27a1\\ufe0f', '\\U0001f449', '\\U0001f448']",https://pbs.twimg.com/profile_images/1780501649078763520/9JXcna8J_normal.jpg,https://twitter.com/ekapic/status/1503651184695037954,tweet_id:1503651184695037954
Edin Kapić / Един Капић,@ekapic,2022-03-15T08:30:49.000Z,False,"In 1999, a little book by  started explaining Extreme Programming (XP) to the masses.

23 years later, it's still true to every word.

But we, the developers, chose to ignore half of its learnings. 

In this thread I'll fix that for you. ",27,607,"1,516",0,[],['@KentBeck'],"['\\U0001f9f5', '\\U0001f447', '\\U0001f447', '\\U0001f447']",https://pbs.twimg.com/profile_images/1780501649078763520/9JXcna8J_normal.jpg,https://twitter.com/ekapic/status/1503649907978166279,tweet_id:1503649907978166279
Percy the Mars Rover,@PercyRover,2022-03-13T18:32:23.000Z,False,"Mars is 4.6 billion years old and not a single Mars rock has ever thought about making an NFT, hate to break it to y’all but I’m objectively on a better planet than you",3,45,377,0,[],[],[],https://pbs.twimg.com/profile_images/1435667725955653633/FD7kZ0wW_normal.jpg,https://twitter.com/PercyRover/status/1503076523087081473,tweet_id:1503076523087081473
Rob DenBleyker,@RobDenBleyker,2022-02-24T04:10:56.000Z,False,getting v. tired of living inside an interesting part of next century's history textbooks,36,"2,018",1.3万,0,[],[],[],https://pbs.twimg.com/profile_images/1651339334673416193/qsEiqNtB_normal.jpg,https://twitter.com/RobDenBleyker/status/1496699136028164098,tweet_id:1496699136028164098
Alex Kokcharov,@AlexKokcharov,2022-03-02T17:54:55.000Z,True,"In #StPetersburg, #Russia, the police detained a well-known survivor of the Siege of Leningrad Yelena Osipova at an anti-war #protest:","2,461",5万,9.6万,0,"['#StPetersburg', '#Russia', '#protest']",[],[],https://pbs.twimg.com/profile_images/1599532757478146050/u7T-4-uN_normal.jpg,https://twitter.com/AlexKokcharov/status/1499080826599919633,tweet_id:1499080826599919633
Bartek Ogryczak ⟨@bartek@sfba.social⟩,Bartek Ogryczak ⟨@bartek@sfba.social⟩,2022-03-02T20:00:12.000Z,False,"ter·ror·ism /ˈterəˌrizəm/ [noun]

the unlawful use of violence and intimidation, especially against civilians, in the pursuit of political aims.",0,2,1,0,[],[],[],https://pbs.twimg.com/profile_images/1486760502076133377/_1weC8Mj_normal.jpg,https://twitter.com/var_tec/status/1499112357452156932,tweet_id:1499112357452156932
SL Benfica,@slbenfica_en,2022-02-27T19:45:33.000Z,True, This moment... Speachless! ,754,1.9万,10万,0,[],[],"['\\U0001f1fa\\U0001f1e6', '\\U0001f64c']",https://pbs.twimg.com/profile_images/1682449640216580107/1fY16eK2_normal.png,https://twitter.com/slbenfica_en/status/1498021507443970053,tweet_id:1498021507443970053
Pablo Gutiérrez,@PabloMxNL,2022-02-25T06:48:53.000Z,False,"hola  , alguna recomendación para poder conectar más de un monitor externo a mi KDE Slimbook 14. el usb-C no es de video y sólo tiene un HDMI",1,0,0,0,[],['@SlimbookEs'],[],https://pbs.twimg.com/profile_images/1702754157524893696/rp8c3vLo_normal.jpg,https://twitter.com/PabloMxNL/status/1497101277054091300,tweet_id:1497101277054091300
Corporate Rebels,@corp_rebels,2022-02-14T10:01:03.000Z,False,Work and meetings Credit:  #CorporateRebels #MakeWorkMoreFun #OfficeHumor,2,26,76,0,"['#CorporateRebels', '#MakeWorkMoreFun', '#OfficeHumor']",['@irinablok'],['\\U0001f644'],https://pbs.twimg.com/profile_images/1250343167733325826/JrAwLXLW_normal.jpg,https://twitter.com/corp_rebels/status/1493163367858638855,tweet_id:1493163367858638855
MYWORLD,@_plataan,2022-02-18T18:49:05.000Z,False,Aboo#Eunice #CodeRood,3,40,116,0,"['#Eunice', '#CodeRood']",[],"['\\U0001f633', '\\U0001f62e']",https://pbs.twimg.com/profile_images/1534273149247930368/G5p7IKyR_normal.jpg,https://twitter.com/_plataan/status/1494745805571477510,tweet_id:1494745805571477510
Jorge Milburn,@jorgemilburn,2022-02-18T14:47:22.000Z,True,#Eunice making a mess in Amsterdam. Fortunately no one is hurt. Stay safe!,124,914,"1,871",0,['#Eunice'],[],[],https://pbs.twimg.com/profile_images/1704406937973002240/_95wepde_normal.jpg,https://twitter.com/jorgemilburn/status/1494684973823049731,tweet_id:1494684973823049731
April C Wright,@aprilwright,2022-02-17T17:22:00.000Z,False,"Cookie preference popups have ruined the web.

I think we are hurting everyone with these. And I’m a professional privacy person. Default to off. Let me enable them if I want. Maybe offer incentives for enabling?

We are doing this wrong as a society and we need to do better:",18,31,132,0,[],[],[],https://pbs.twimg.com/profile_images/1145376020582846464/SMe_UIaH_normal.jpg,https://twitter.com/aprilwright/status/1494361503314681859,tweet_id:1494361503314681859
🅶eri,@jobfairygeri,2022-02-15T17:21:15.000Z,False,What's the worst system you've ever used and why is it Workday?,213,228,"2,993",0,[],[],[],https://pbs.twimg.com/profile_images/1557101561272229890/BtuwqXnR_normal.jpg,https://twitter.com/jobfairygeri/status/1493636537225035779,tweet_id:1493636537225035779
Sofia R,@Sofia_RamirezA,2022-02-15T21:28:32.000Z,True,Estas NO SON SOLO CIFRAS. Es gente a la q no le alcanza pa comprar comida porque todo sube menos su ingreso ,1,19,47,0,[],[],['\\U0001f92c'],https://pbs.twimg.com/profile_images/1716658909036101632/whr6rgwA_normal.jpg,https://twitter.com/Sofia_RamirezA/status/1493698765999460356,tweet_id:1493698765999460356
Juan Ignacio Zavala,@JuanIZavala,2022-02-11T16:59:41.000Z,False,"No, el presidente no exhibe a Loret. El presidente, hoy, se exhibió como un hombre colérico sin límite alguno para sus revanchas; se exhibió como un personaje indigno de la presidencia, un politico extraviado, una persona desequilibrada. El exhibido es él.",779,"8,332",2.6万,0,[],[],[],https://pbs.twimg.com/profile_images/1773735216357548032/7fU4HXRI_normal.jpg,https://twitter.com/JuanIZavala/status/1492181559998402569,tweet_id:1492181559998402569
Bartek Ogryczak ⟨@bartek@sfba.social⟩,Bartek Ogryczak ⟨@bartek@sfba.social⟩,2022-02-11T01:08:06.000Z,False,"EU lawmakers: Facebook will have to comply with EU laws
FB: OMG, like wow, in that case we're leaving the EU
EU lawmakers: don't let the door hit you...
FB: jk, we don't actually want to leave",0,2,5,0,[],[],[],https://pbs.twimg.com/profile_images/1486760502076133377/_1weC8Mj_normal.jpg,https://twitter.com/var_tec/status/1491942082801385473,tweet_id:1491942082801385473
Randall Munroe,@xkcd,2022-02-02T23:58:47.000Z,True,Control Group http://xkcd.com/2576,174,1.1万,6.5万,0,[],[],[],https://pbs.twimg.com/profile_images/1488600831377252354/hEpPeSu0_normal.jpg,https://twitter.com/xkcd/status/1489025536714321920,tweet_id:1489025536714321920
Cycling Professor ,@fietsprofessor,2022-01-28T09:46:35.000Z,False,"""We want safer streets for our children!"" Traffic engineers:
""Sorry, our models don't allow that"" Tech boys: 
""What innovate technology will make this happen in the future?""#Paris: ""Hold our ! ""

(pic by ",13,203,788,0,['#Paris'],[''],"['\\U0001f468\\u200d\\U0001f527', '\\U0001f9d4', '\\U0001f950']",https://pbs.twimg.com/profile_images/1185174183971557376/_9DHelpD_normal.jpg,https://twitter.com/fietsprofessor/status/1486999134049652738,tweet_id:1486999134049652738
Pablo Gutiérrez,@PabloMxNL,2022-01-20T07:08:13.000Z,False,"hey  what does this snow thingy means in the app ? bike is 100% charged, but can't connect to it (just came back from December/January break.",1,0,0,0,[],['@VanMoof'],[],https://pbs.twimg.com/profile_images/1702754157524893696/rp8c3vLo_normal.jpg,https://twitter.com/PabloMxNL/status/1484060179234791425,tweet_id:1484060179234791425
James Shore @jamesshore@mastodon.online,James Shore @jamesshore@mastodon.online,2022-01-09T23:48:48.000Z,False,The recent npm “colors” debacle got me thinking about buy vs. build: https://jamesshore.com/v2/blog/2022/javascript-colors-and-the-corruption-of-buy-vs-build…,2,13,29,0,[],[],[],https://pbs.twimg.com/profile_images/1324009624882667520/1dG7Kmbi_normal.jpg,https://twitter.com/jamesshore/status/1480325714075275264,tweet_id:1480325714075275264
"México, ¿cómo vamos?",@MexicoComoVamos,2022-01-11T16:03:23.000Z,True,"El gobierno de la #CDMX insiste que los impuestos aprobados a las apps de reparto y transporte los pagarán las empresas, no los consumidores. Pero no es así:  hoy en el #BlogMCV con  https://bit.ly/BlogMCV11",8,50,89,0,"['#CDMX', '#BlogMCV']","['@BarbCarrillo27', '@Pajaropolitico']","['\\U0001f4f1', '\\U0001f4b2', '\\U0001f914']",https://pbs.twimg.com/profile_images/1767262277592395776/IdFdEnsK_normal.jpg,https://twitter.com/MexicoComoVamos/status/1480933363926065174,tweet_id:1480933363926065174
Brian Vermeer,@BrianVerm,2022-01-11T14:33:01.000Z,True,"Building your #Java application with #Maven is easy since it takes care of many things for you. Wouldn’t it be great to seamlessly integrate vulnerability scanning in this lifecycle? Well, the Snyk Maven plugin does just that.",0,1,1,0,"['#Java', '#Maven']",[],[],https://pbs.twimg.com/profile_images/1575496693633929216/4EewwT3m_normal.jpg,https://twitter.com/BrianVerm/status/1480910623508779012,tweet_id:1480910623508779012
SíPorMéxico,@SiPorMx,2022-01-11T02:40:00.000Z,True,"Las remesas siguen siendo el único ingreso para muchas familias mexicanas, pues las oportunidades de trabajo escasean. 
¿Dónde están las promesas de la Cuarta para mejorar? #SíporMéxico #AmloFracasoPresidencial",4,57,109,0,"['#SíporMéxico', '#AmloFracasoPresidencial']",[],[],https://pbs.twimg.com/profile_images/1545117481731178496/QGp2Sprp_normal.jpg,https://twitter.com/SiPorMx/status/1480731187840618503,tweet_id:1480731187840618503
Miguel A. Méndez-Rojas,@nanoprofe,2022-01-10T14:34:35.000Z,False,Hoy 10 de Enero sería el primer día de clases presenciales del semestre Primavera 2022. Pero nuestro campus está ocupado por policía auxiliar del gobierno de  y cadenas impiden el paso a la comunidad universitaria. La #UDLAPSecuestrada debe volver a ser una #UDLAPLibre,8,155,238,0,"['#UDLAPSecuestrada', '#UDLAPLibre']",['@MBarbosaMX'],[],https://pbs.twimg.com/profile_images/1765373697139908608/XMcf_TMT_normal.jpg,https://twitter.com/nanoprofe/status/1480548630226423809,tweet_id:1480548630226423809
Sergio Sarmiento,@SergioSarmiento,2022-01-06T02:49:48.000Z,True,"Si te da covid, es más probable que mueras en México que en cualquier otro país.",100,893,"1,672",0,[],[],[],https://pbs.twimg.com/profile_images/748475642719571968/NMrWKLj9_normal.jpg,https://twitter.com/SergioSarmiento/status/1478921713807245312,tweet_id:1478921713807245312
Erik Baker,@erikmbaker,2022-01-02T01:20:48.000Z,False,"Among the many failings of the Jedi in the waning hours of the Republic, perhaps the most fateful was their invention of the dreaded ""hybrid meeting format""",99,"3,877",3.3万,0,[],[],[],https://pbs.twimg.com/profile_images/1555006122997710848/GXWZiP-b_normal.jpg,https://twitter.com/erikmbaker/status/1477449767311523845,tweet_id:1477449767311523845
𝚃𝚊𝚛𝚊𝚜 𝙶𝚛𝚎𝚜𝚌𝚘𝚎,@grescoe,2022-01-03T18:56:26.000Z,False,"From now on, speed limit in #Bordeaux drops from 50 km/h to 30 (30 to 20 mph). Joins #Montpellier #Grenoble, #Nice, #Lille, #Nantes, 200 other cities in #France with 30 km/h limits.

This has already led to an astonishing 70% decrease in crash fatalities.https://20minutes.fr/bordeaux/3208991-20220102-bordeaux-nouvelles-regles-concernant-circulation-stationnement-entrent-vigueur-2022?utm_term=Autofeed&xtref=twitter.com&utm_medium=Social&utm_source=Twitter#Echobox=1641140159…",13,282,786,0,"['#Bordeaux', '#Montpellier', '#Grenoble', '#Nice', '#Lille', '#Nantes', '#France']",[],[],https://pbs.twimg.com/profile_images/1541063986342420480/AuyWvNRl_normal.jpg,https://twitter.com/grescoe/status/1478077810669457411,tweet_id:1478077810669457411
Presunto Culpable,@PresuntoC,2022-01-03T18:51:04.000Z,False,Una sola criptomoneda llamada «bitcoin» consume tanta energía electrica que en 2020 solita destruyó los “beneficios” ambientales de  y de toda la flotilla de coches eléctricos del planeta. Cabe agregar que es la moneda predilecta de organizaciones criminales. ,20,32,68,0,[],['@Tesla'],['\\U0001f447\\U0001f3fe'],https://pbs.twimg.com/profile_images/1470013188590772229/m_DbvaMi_normal.jpg,https://twitter.com/PresuntoC/status/1478076460984381451,tweet_id:1478076460984381451
Pablo Gutiérrez,@PabloMxNL,2022-01-03T13:41:24.000Z,True,desde hoy el INEGI es el instituto de los otros datos.,0,0,1,0,[],[],[],https://pbs.twimg.com/profile_images/1702754157524893696/rp8c3vLo_normal.jpg,https://twitter.com/PabloMxNL/status/1477998531201966088,tweet_id:1477998531201966088
Alejandro 2024,@AlexItesm,2022-01-02T19:49:42.000Z,False,Exacto ,12,963,"2,594",0,[],[],['\\U0001f447'],https://pbs.twimg.com/profile_images/1350919132443668480/Wi8gBXZw_normal.jpg,https://twitter.com/AlexItesm/status/1477728831427551232,tweet_id:1477728831427551232
IMCO,@imcomx,2021-12-28T18:04:01.000Z,True,"En un país en el que se discute continuamente cómo acabar con la pobreza y la desigualdad, obviar el rezago educativo no solo es engañoso, es perverso. No podremos ser una mejor sociedad nunca si esta realidad no cambia. en :",3,50,98,0,[],"['@ValeriaMoy', '@El_Universal_Mx']",['\\U0001f58b\\ufe0f'],https://pbs.twimg.com/profile_images/1774851439439044608/nOQK5_JX_normal.jpg,https://twitter.com/imcomx/status/1475890294457606152,tweet_id:1475890294457606152
Pablo Gutiérrez,@PabloMxNL,2021-12-28T20:11:51.000Z,False,I'm still quite happy Slimbook with KDE Neon  https://x.com/DennisCode/sta/DennisCode/status/1475343774695886849…,0,0,1,0,[],[],"['\\U0001f602', '\\U0001f602', '\\U0001f923', '\\U0001f923', '\\U0001f923']",https://pbs.twimg.com/profile_images/1702754157524893696/rp8c3vLo_normal.jpg,https://twitter.com/PabloMxNL/status/1475922465167532032,tweet_id:1475922465167532032
Gary Gregory,@GaryGregory,2021-12-28T19:34:35.000Z,False,The #log4j team has released 2.17.1 to address CVE-2021-44832 (severity: moderate) where an attacker can cause an RCE when they have permission to modify the logging configuration file and define a JDBC Appender with a DataSource that points to a malicious JNDI server.,3,41,69,0,['#log4j'],[],[],https://pbs.twimg.com/profile_images/664169840144310272/KxX94ZFI_normal.jpg,https://twitter.com/GaryGregory/status/1475913085911281665,tweet_id:1475913085911281665
@norootcause@hachyderm.io on mastodon,@norootcause@hachyderm.io on mastodon,2021-12-27T17:27:24.000Z,False,"As a software developer, you may be called upon to perform some of these tasks in your career.

How well a CS degree prepares you for these tasks (and whether it even should prepare you for these) is left as an exercise to the reader. 
1/",137,"2,795","7,370",0,[],[],['\\U0001f9f5'],https://pbs.twimg.com/profile_images/789328571374276609/st1qefx4_normal.jpg,https://twitter.com/norootcause/status/1475518692041510915,tweet_id:1475518692041510915
Félix López,@flopezluis,2021-12-24T07:59:15.000Z,True,"A few tips on how to reduce the number of meetings and make them more effective: 
- Be strict with the agenda. If there is no agenda, ask why you need to be there. This will force people to think about what the meeting is for and ultimately will help you realize if you're needed.",2,29,73,0,[],[],[],https://pbs.twimg.com/profile_images/1730637509309136896/Hpwy3Qbu_normal.jpg,https://twitter.com/flopezluis/status/1474288549298118657,tweet_id:1474288549298118657
Year Progress,@year_progress,2021-12-24T17:00:04.000Z,True,▓▓▓▓▓▓▓▓▓▓▓▓▓▓▓ 98%,72,"5,098",2.5万,0,[],[],[],https://pbs.twimg.com/profile_images/1741991624324853760/W71NjnEF_normal.jpg,https://twitter.com/year_progress/status/1474424649048068114,tweet_id:1474424649048068114
Zach Holman,@holman,2021-12-06T20:45:08.000Z,False,Hi! I'm from the future! Here's a slide from a pitch deck for a hot new startup.,129,"2,414",1.2万,0,[],[],[],https://pbs.twimg.com/profile_images/1728620740461953024/KAaZm_Zu_normal.jpg,https://twitter.com/holman/status/1467958306119421956,tweet_id:1467958306119421956
Brian Vermeer,@BrianVerm,2021-12-24T15:53:50.000Z,True,It takes a community: Responding to open source criticism post-Log4Shell | by https://buff.ly/3yT7FGz,0,2,1,0,[],['@rdegges'],[],https://pbs.twimg.com/profile_images/1575496693633929216/4EewwT3m_normal.jpg,https://twitter.com/BrianVerm/status/1474407980221308989,tweet_id:1474407980221308989
jacob is on mastodon: @jacob@jacobian.org,jacob is on mastodon: @jacob@jacobian.org,2021-12-23T21:19:19.000Z,False,this is totally cursed and I love it https://x.com/linkoffate/sta/linkoffate/status/1473617359521091589…,7,200,850,0,[],[],[],https://pbs.twimg.com/profile_images/70449715/me-as-a-baby_normal.jpg,https://twitter.com/jacobian/status/1474127503962750982,tweet_id:1474127503962750982
Ari Paparo,@aripap,2021-12-23T15:29:32.000Z,False,"This web3 shit is starting to annoy me, so here’s a thread with my opinions on the relevance to media and advertising. 1/21 ",90,805,"2,724",0,[],[],['\\U0001f9f5'],https://pbs.twimg.com/profile_images/1488503191641677828/-gyvMJrj_normal.jpg,https://twitter.com/aripap/status/1474039478671003652,tweet_id:1474039478671003652
The Rise of Privacy Tech (TROPT.eth),@PrivacyTechRise,2021-12-23T19:00:30.000Z,False,"Ubuntu Web: A Chrome OS Alternative That Respects Your Privacy

via  #privacytech #theriseofprivacytechhttp://ow.ly/xP0B50HhIXc",0,1,0,0,"['#privacytech', '#theriseofprivacytech']",['@MUO_official'],[],https://pbs.twimg.com/profile_images/1165004060971470848/6wiWjlS__normal.png,https://twitter.com/PrivacyTechRise/status/1474092570141728779,tweet_id:1474092570141728779
Enrique Krauze,@EnriqueKrauze,2021-12-21T00:03:43.000Z,True,"No volvió a haber elecciones libres en 88 años. Si perdemos al INE, tendremos que esperar otros 88.",0,"2,555","6,928",0,[],[],[],https://pbs.twimg.com/profile_images/964645236113735680/U0J3n6Fx_normal.jpg,https://twitter.com/EnriqueKrauze/status/1473081712632545282,tweet_id:1473081712632545282
Antonio Garci Nieto,@Garcimonero,2021-12-19T22:51:42.000Z,True,"Pides a un albañil que te haga una barda, el albañil hace un presupuesto con todo lo que se necesita y te dice que sale en mil pesos, tu no le das el dinero pero le ordenas que la haga, el albañil te dice que no puede y tu lo intentas meter a la cárcel. Así Morena con el INE",191,"2,811","8,464",0,[],[],[],https://pbs.twimg.com/profile_images/1453409669486104576/OVDVrbtL_normal.jpg,https://twitter.com/Garcimonero/status/1472701202072756224,tweet_id:1472701202072756224
@levelsio,@levelsio,2021-12-19T09:36:13.000Z,True," I'm going to give one random person that retweets this $10,000. Because I’d rather spend my ad budget on you than BigTech I'm trying to promote my site Remote OK which helps you find a remote job so you don't need to go back to the office Thx!",332,"8,814","4,178",0,[],[],"['\\U0001f389', '\\U0001f469\\u200d\\U0001f4bb', '\\U0001f496']",https://pbs.twimg.com/profile_images/1589756412078555136/YlXMBzhp_normal.jpg,https://twitter.com/levelsio/status/1472501013131116551,tweet_id:1472501013131116551
Amb. Arturo Sarukhan,@Arturo_Sarukhan,2021-12-20T15:07:51.000Z,False,#YoDefiendoAlINE ,2,30,112,0,['#YoDefiendoAlINE'],['@INEMexico'],[],https://pbs.twimg.com/profile_images/1551622599892996096/Z8oaXSMI_normal.jpg,https://twitter.com/Arturo_Sarukhan/status/1472946858112823300,tweet_id:1472946858112823300
Pablo Gutiérrez,@PabloMxNL,2021-12-20T15:05:47.000Z,False,priorities ,0,0,0,0,[],[],"['\\U0001f602', '\\U0001f923', '\\U0001f602', '\\U0001f923', '\\U0001f602', '\\U0001f923']",https://pbs.twimg.com/profile_images/1702754157524893696/rp8c3vLo_normal.jpg,https://twitter.com/PabloMxNL/status/1472946335519330304,tweet_id:1472946335519330304
jQAssistant,@jqassistant,2021-12-20T14:44:28.000Z,False,We updated our blog post for finding #log4j dependencies: If you have a collection of EAR/ WAR/JAR files you can simply use our CLI utility. The results contain the path within the artifacts including the bundled version of log4j.https://jqassistant.org/finding-log4j-analysis-of-maven-repositories-and-projects/…#log4jshell #log4jRCE,0,5,9,0,"['#log4j', '#log4jshell', '#log4jRCE']",[],[],https://pbs.twimg.com/profile_images/451099345891254272/8A7rwdrH_normal.png,https://twitter.com/jqassistant/status/1472940971423850500,tweet_id:1472940971423850500
Rodrigo Mesa,@RodMesa,2021-12-20T00:03:27.000Z,True,"Chile llega a hacernos compañía en el selecto club del Foro de São Paulo y retrocede 40 años. 

A disfrutar lo votado.",20,81,315,0,[],[],[],https://pbs.twimg.com/profile_images/1736582505325527040/2p6jtJTI_normal.jpg,https://twitter.com/RodMesa/status/1472719259558023169,tweet_id:1472719259558023169
Marietto,@MariettoPonce,2021-12-19T15:22:12.000Z,True,"El Zedillo le dió dinero al IFE para las elecciones cuando ganó FOX, Calderón le dió dinero al INE cuando ganó Peña, Peña le dió dinero al INE cuando ganó López, y ahora López le quita dinero al INE porque no quiere que nadie más le gane a él y a su partido.",837,"6,036",1.8万,0,[],[],[],https://pbs.twimg.com/profile_images/1529670936626188289/D2AiGbp1_normal.jpg,https://twitter.com/MariettoPonce/status/1472588079198314500,tweet_id:1472588079198314500
R3D,@R3Dmx,2021-12-18T20:00:21.000Z,True,"Antes de compartir una imagen alarmista sobre la ""caravana migrante"" verifica que no sea de otro hecho. Te recomendamos usar TinEye .",0,6,10,0,[],[],['\\U0001f916'],https://pbs.twimg.com/profile_images/1553081495388037120/-2Xi4x34_normal.png,https://twitter.com/R3Dmx/status/1472295690512617480,tweet_id:1472295690512617480
Pablo Gutiérrez,@PabloMxNL,2021-12-14T23:09:44.000Z,False,congratulations  !!!,0,0,1,0,[],['@andreirusu_'],[],https://pbs.twimg.com/profile_images/1702754157524893696/rp8c3vLo_normal.jpg,https://twitter.com/PabloMxNL/status/1470893800788836358,tweet_id:1470893800788836358
Vlad Mihalcea,@vlad_mihalcea,2021-07-25T04:50:34.000Z,True,"When adding a library to your project, all the library problems become your problems as well.",9,46,289,0,[],[],[],https://pbs.twimg.com/profile_images/1292369358271000576/z_LLR8AX_normal.jpg,https://twitter.com/vlad_mihalcea/status/1419158109004632065,tweet_id:1419158109004632065
Bruno Borges,@brunoborges,2021-12-10T06:07:01.000Z,False,"If you're running a server with #Log4J, please add the following JVM argument to your command line immediately to protect against a 0-day exploit.

-Dlog4j2.formatMsgNoLookups=truehttps://lnkd.in/gHmEFJ9w#Java #Security #Infosec",29,815,"1,530",0,"['#Log4J', '#Java', '#Security', '#Infosec']",[],[],https://pbs.twimg.com/profile_images/1688732968003555328/J-eBKGmX_normal.jpg,https://twitter.com/brunoborges/status/1469186875608875011,tweet_id:1469186875608875011
Grady Booch,@Grady_Booch,2021-12-08T00:27:09.000Z,True,"“A distributed system is one in which the failure of a computer you didn't even know existed can render your own computer unusable.”
— Leslie Lamport, 1987",10,231,786,0,[],[],[],https://pbs.twimg.com/profile_images/1350371022067781634/0mw7Irfk_normal.jpg,https://twitter.com/Grady_Booch/status/1468376568695181312,tweet_id:1468376568695181312
Oliver Radwell,@oliverradwell,2021-12-07T15:50:50.000Z,False,getting 500 errors trying to access AWS Console. likely a global issue#AWS,7,8,33,0,['#AWS'],[],[],https://pbs.twimg.com/profile_images/1525431495153922049/Uc-o9RzM_normal.jpg,https://twitter.com/oliverradwell/status/1468246633653616642,tweet_id:1468246633653616642
Pablo Gutiérrez,@PabloMxNL,2021-12-05T14:29:12.000Z,True,"""siempre se ha hecho así"", frecuentemente se encuentran estos artefactos en el mundo corporativo de grandes empresas.",0,0,0,0,[],[],[],https://pbs.twimg.com/profile_images/1702754157524893696/rp8c3vLo_normal.jpg,https://twitter.com/PabloMxNL/status/1467501312094920707,tweet_id:1467501312094920707
Vlad Mihalcea,@vlad_mihalcea,2021-12-04T07:03:41.000Z,True,"Microservices are not really about scaling load. That can be done with a well-designed architecture. 

Microservices and are for scaling people. It's Conway's law.",10,41,163,0,[],[],[],https://pbs.twimg.com/profile_images/1292369358271000576/z_LLR8AX_normal.jpg,https://twitter.com/vlad_mihalcea/status/1467026807807528965,tweet_id:1467026807807528965
Eduardo Salles,@sallesino,2021-11-30T21:32:33.000Z,False,Que no se pierda la bonita costumbre del pesimismo.,18,763,"3,899",0,[],[],[],https://pbs.twimg.com/profile_images/709050254549590016/De4uSdVW_normal.jpg,https://twitter.com/sallesino/status/1465795912379375616,tweet_id:1465795912379375616
Year Progress,@year_progress,2021-11-25T12:00:05.000Z,True,▓▓▓▓▓▓▓▓▓▓▓▓▓▓░ 90%,141,"7,362",3.2万,0,[],[],[],https://pbs.twimg.com/profile_images/1741991624324853760/W71NjnEF_normal.jpg,https://twitter.com/year_progress/status/1463839906502004736,tweet_id:1463839906502004736
daniel:// stenberg://,@bagder,2021-11-18T14:04:05.000Z,True,A trillion dollar company.,35,612,"2,671",0,[],[],[],https://pbs.twimg.com/profile_images/1407469211136450565/VOQGppj0_normal.jpg,https://twitter.com/bagder/status/1461334399388114953,tweet_id:1461334399388114953
Year Progress,@year_progress,2021-11-18T05:00:02.000Z,True,▓▓▓▓▓▓▓▓▓▓▓▓▓░░ 88%,47,"1,884",1万,0,[],[],[],https://pbs.twimg.com/profile_images/1741991624324853760/W71NjnEF_normal.jpg,https://twitter.com/year_progress/status/1461197484236152833,tweet_id:1461197484236152833
Ben Sandofsky,@sandofsky,2020-11-18T17:36:54.000Z,False,Silicon Valley invents unpaid internships.,4,"2,002","9,979",0,[],[],[],https://pbs.twimg.com/profile_images/1421519225298903047/w8vlWgD-_normal.jpg,https://twitter.com/sandofsky/status/1329116385629245440,tweet_id:1329116385629245440
Pablo Gutiérrez,@PabloMxNL,2021-11-14T09:42:47.000Z,False,"""Quien afirme que Maduro, Ortega y López Obrador son de izquierda es ignorante de la historia y los postulados ideológicos que siempre animaron al pensamiento democrático de izquierda.""
Bófonos!",0,0,0,0,[],[],[],https://pbs.twimg.com/profile_images/1702754157524893696/rp8c3vLo_normal.jpg,https://twitter.com/PabloMxNL/status/1459819089023713286,tweet_id:1459819089023713286
Inspired by Iceland,@iceland,2021-11-11T11:23:24.000Z,False,"Some said an open-world experience this immersive wasn’t possible. But it’s already here. And you don’t even need silly VR headsets. 

Introducing, Icelandverse#icelandverse",838,1.5万,3.5万,0,['#icelandverse'],[],"['\\u2728', '\\u2728']",https://pbs.twimg.com/profile_images/1280519963061731329/4oColdFH_normal.jpg,https://twitter.com/iceland/status/1458757245441822731,tweet_id:1458757245441822731
Pablo Gutiérrez,@PabloMxNL,2021-11-13T09:28:34.000Z,False,"""In the first wave,ministers told us we had to protect the vulnerable. In the current wave, the unvaccinated have become the vulnerable.But isolating the unvaccinated will fail for the same reason that isolating the elderly failed: asymptomatic transmission""",0,0,1,0,[],[],[],https://pbs.twimg.com/profile_images/1702754157524893696/rp8c3vLo_normal.jpg,https://twitter.com/PabloMxNL/status/1459453123559362562,tweet_id:1459453123559362562
Corey Quinn,@QuinnyPig,2021-11-11T14:50:00.000Z,False,"There is no cloud, it's just someone else's technical debt.",41,298,"1,894",0,[],[],[],https://pbs.twimg.com/profile_images/1771003974776401920/2rifRmtA_normal.jpg,https://twitter.com/QuinnyPig/status/1458809237740527620,tweet_id:1458809237740527620
Jez Humble,@jezhumble,2021-11-04T03:25:53.000Z,False,"If you think pair programming is inefficient, try waiting hours to get your code reviewed & having to context switch between tasks while you wait. And then switch back when you get the feedback & have to rethink your approach because you weren’t discussing it as you wrote it.",42,715,"2,433",0,[],[],[],https://pbs.twimg.com/profile_images/1452117403588907014/DzV_uxaB_normal.jpg,https://twitter.com/jezhumble/status/1456100358762074120,tweet_id:1456100358762074120
turrecha.eth (@lourdesturrecha@mastodon.social),turrecha.eth (@lourdesturrecha@mastodon.social),2021-11-11T08:41:57.000Z,False,"To define privacy tech, we began by summarizing common privacy conceptualizations, citing foundational work from leading privacy thinkers: the late Alan Westin, , , , , , @HNissenbaum & .",4,39,79,0,[],"['@EvanSelinger', '@hartzog', '@ariezrawaldman', '@neilmrichards', '@CarissaVeliz', '@DanielSolove']",[],https://pbs.twimg.com/profile_images/1653273454119112704/Jk8h92lK_normal.jpg,https://twitter.com/LourdesTurrecha/status/1458716617144037387,tweet_id:1458716617144037387
Cycling Professor ,@fietsprofessor,2021-11-08T18:45:34.000Z,False,"What the Dutch!? 

It's getting colder. So  invented the Cyclo-Knitter; a pedal-powered machine that knits a scarf in the 5 minutes you are waiting for a train.",7,239,681,0,[],['@GeorgiousDesign'],[],https://pbs.twimg.com/profile_images/1185174183971557376/_9DHelpD_normal.jpg,https://twitter.com/fietsprofessor/status/1457781357036261383,tweet_id:1457781357036261383
Dirk Janssen,@dirkjanjanssen,2021-11-06T17:01:06.000Z,False,Libertad es poder ir a cualquier parte sin auto.,69,686,"2,688",0,[],[],[],https://pbs.twimg.com/profile_images/1607392739305422848/Kha8aCVi_normal.jpg,https://twitter.com/dirkjanjanssen/status/1457030293009756168,tweet_id:1457030293009756168
Corey Quinn,@QuinnyPig,2021-11-06T03:01:47.000Z,False,"""The Daycare of the Internet""",1,6,55,0,[],[],[],https://pbs.twimg.com/profile_images/1771003974776401920/2rifRmtA_normal.jpg,https://twitter.com/QuinnyPig/status/1456819069840023555,tweet_id:1456819069840023555
Corey Quinn,@QuinnyPig,2021-11-06T03:01:17.000Z,False,"""Reliable. Slow. Reliably Slow.""",2,5,76,0,[],[],[],https://pbs.twimg.com/profile_images/1771003974776401920/2rifRmtA_normal.jpg,https://twitter.com/QuinnyPig/status/1456818946179358721,tweet_id:1456818946179358721
Vasiliy Zukanov,@VasiliyZukanov,2021-11-01T07:47:35.000Z,True,"Backend folks, please don't...",10,50,311,0,[],[],[],https://pbs.twimg.com/profile_images/845977477986037764/nHRsN6H3_normal.jpg,https://twitter.com/VasiliyZukanov/status/1455079055938760708,tweet_id:1455079055938760708
Gergely Orosz,@GergelyOrosz,2021-10-30T11:28:47.000Z,False,"And to close this thread: is *all* tech recruiting like this?

No! Apply to small companies & startups who barely see any interest and people *do* read your resume and very often reply.

“But I want to work at a well-known company, not an unknown one.” Well, then it is like this.",5,18,315,0,[],[],[],https://pbs.twimg.com/profile_images/673095429748350976/ei5eeouV_normal.png,https://twitter.com/GergelyOrosz/status/1454409944313303040,tweet_id:1454409944313303040
Rayados,@Rayados,2021-10-29T04:16:23.000Z,True,#NuevaFotoDePerfil ,223,"3,947",1.3万,0,['#NuevaFotoDePerfil'],[],['\\U0001f31f'],https://pbs.twimg.com/profile_images/1763360997052452864/qnA3kImN_normal.jpg,https://twitter.com/Rayados/status/1453938741865680900,tweet_id:1453938741865680900
Roberto Gómez Junco,@rgomezjunco,2021-10-29T04:09:47.000Z,True,Merecidísimo campeón el Monterrey. Y si así piensa jugar el América en la Liguilla… que mejor ni vaya.,178,209,"2,501",0,[],[],[],https://pbs.twimg.com/profile_images/1599825400963776522/_vPGE2gS_normal.jpg,https://twitter.com/rgomezjunco/status/1453937082007650306,tweet_id:1453937082007650306
Jane Manchun Wong,@wongmjane,2021-10-28T18:44:46.000Z,True,i’m sorry,128,"2,153","8,794",0,[],[],[],https://pbs.twimg.com/profile_images/1772261855798652928/l1WkiA9Z_normal.jpg,https://twitter.com/wongmjane/status/1453794889091588100,tweet_id:1453794889091588100
Cheeks Avery,@mc_lotta,2021-10-28T20:37:47.000Z,False,,311,2万,16万,0,[],[],[],https://pbs.twimg.com/profile_images/1716299401692647424/rs8wIEsl_normal.jpg,https://twitter.com/mc_lotta/status/1453823332625752064,tweet_id:1453823332625752064
Bartek Ogryczak ⟨@bartek@sfba.social⟩,Bartek Ogryczak ⟨@bartek@sfba.social⟩,2021-10-28T18:43:53.000Z,False,That's so meta.,0,1,0,0,[],[],[],https://pbs.twimg.com/profile_images/1486760502076133377/_1weC8Mj_normal.jpg,https://twitter.com/var_tec/status/1453794669087756292,tweet_id:1453794669087756292
@romeu@mastodon.social,@romeu@mastodon.social,2021-10-28T18:23:45.000Z,False,Facebook rebranding to “meta” and hence fucking up one of my favorite words forever by turning it into their brand is really screwing my day,11,9,90,0,[],[],[],https://pbs.twimg.com/profile_images/1574041092454027265/Fq6yzALZ_normal.jpg,https://twitter.com/malk_zameth/status/1453789599067684868,tweet_id:1453789599067684868
Grumble Bundle,@monkchips,2021-10-28T18:47:12.000Z,False,"That fucker ruined ""meta"" for me",12,9,74,0,[],[],[],https://pbs.twimg.com/profile_images/1602671539362619392/6iG-95J8_normal.jpg,https://twitter.com/monkchips/status/1453795500621189120,tweet_id:1453795500621189120
Dan Allen,@mojavelinux,2021-10-28T10:42:22.000Z,False,"When I write documentation, I always end up improving the code. It would serve me well to remind myself that these two activities are not mutually exclusive.",4,15,61,0,[],[],[],https://pbs.twimg.com/profile_images/1176696426895675399/lMcDKZ6Q_normal.jpg,https://twitter.com/mojavelinux/status/1453673489362079744,tweet_id:1453673489362079744
Pablo Gutiérrez,@PabloMxNL,2021-10-26T21:33:24.000Z,True,"""mientras se sigan tomando decisiones que ahuyenten la inversión no podremos esperar algo distinto.""",0,0,0,0,[],[],[],https://pbs.twimg.com/profile_images/1702754157524893696/rp8c3vLo_normal.jpg,https://twitter.com/PabloMxNL/status/1453112549877161993,tweet_id:1453112549877161993
Ron Jeffries,@RonJeffries,2021-10-26T20:52:18.000Z,False,"if someone thinks refactoring belongs on the backlog, they probably don't understand refactoring, or backlogs, or both.",24,265,834,0,[],[],[],https://pbs.twimg.com/profile_images/1072295406355259393/Hqsx90JU_normal.jpg,https://twitter.com/RonJeffries/status/1453102208887709700,tweet_id:1453102208887709700
Valeria Moy,@ValeriaMoy,2021-10-24T14:53:43.000Z,True,Qué cada quién escoja la causa que quiera apoyar y que la apoye como pueda desde la trinchera que cada quien tenga. Vaya necesidad de ser el país de los cangrejos.  Justo cuando es más que necesario jalar parejos. No entiendo la necesidad de polarizar hasta la ayuda del otro.,0,417,"2,283",0,[],[],['\\U0001f980'],https://pbs.twimg.com/profile_images/1237469113036963841/q8_jH2a-_normal.jpg,https://twitter.com/ValeriaMoy/status/1452287192324362246,tweet_id:1452287192324362246
Harald Pehl - @haraldpehl@fosstodon.org,Harald Pehl - @haraldpehl@fosstodon.org,2021-10-25T11:55:44.000Z,False,"If you’re in JavaScript development in any way, I strongly recommend to check if you’re affected by the ua-parser hack:

rg --files-with-matches ""ua-parser-js-(0.7.29|0.8.0|1.0.0)"" / 2>/dev/null",3,3,5,0,[],[],[],https://pbs.twimg.com/profile_images/764055323028103169/xVuCPj3F_normal.jpg,https://twitter.com/haraldpehl/status/1452604790098251778,tweet_id:1452604790098251778
mAki,@barefootchic,2021-10-23T12:21:45.000Z,False,"My 17yr old daughter just said “if one person dies from a prop gun in a movie set, everyone talks about its safety relentlessly but when kids die from mass shootings in schools, it’s not a big deal. It’s unbelievable”  - how about no one should die from gun violence?","1,037",2.9万,13万,0,[],[],['\\U0001f494'],https://pbs.twimg.com/profile_images/915367163099303938/T5EKIyJs_normal.jpg,https://twitter.com/barefootchic/status/1451886558957735950,tweet_id:1451886558957735950
Pablo Gutiérrez,@PabloMxNL,2021-10-24T13:25:08.000Z,False,"""don't be evil""",0,0,0,0,[],[],[],https://pbs.twimg.com/profile_images/1702754157524893696/rp8c3vLo_normal.jpg,https://twitter.com/PabloMxNL/status/1452264899275546627,tweet_id:1452264899275546627
Luis Rubio,@lrubiof,2021-10-24T10:57:50.000Z,False,Calderón - 24 de Oct. - Vía ,12,278,699,0,[],"['@reforma', '@cartoncalderon']",[],https://pbs.twimg.com/profile_images/378800000262011603/4ce05e2010943aed036f00ebd23d9c8e_normal.jpeg,https://twitter.com/lrubiof/status/1452227831224745988,tweet_id:1452227831224745988
Fabrizio Di Napoli,@fabridinapoli,2021-10-23T09:58:16.000Z,False,Synthetic monitoring runs a subset of an application's automated tests against the live production system on a regular basis. This technique combines automated testing with monitoring to detect failing business requirements in production.,1,28,85,0,[],[],[],https://pbs.twimg.com/profile_images/1761509606428217344/YHzLc06h_normal.jpg,https://twitter.com/fabridinapoli/status/1451850450412650506,tweet_id:1451850450412650506
Luis Rubio,@lrubiof,2021-10-23T10:54:58.000Z,False,La realidad choca con el triunfalismo – El Financiero,0,7,4,0,[],[],[],https://pbs.twimg.com/profile_images/378800000262011603/4ce05e2010943aed036f00ebd23d9c8e_normal.jpeg,https://twitter.com/lrubiof/status/1451864722379210754,tweet_id:1451864722379210754
Memes for all,@Netflix_and_ill,2021-10-19T07:34:11.000Z,False,NFTolkein,20,996,"3,959",0,[],[],[],https://pbs.twimg.com/profile_images/1240317771923238912/zKVi2-9b_normal.jpg,https://twitter.com/Netflix_and_ill/status/1450364641075421185,tweet_id:1450364641075421185
Chad Preisler,@cpreisler,2021-10-15T12:21:25.000Z,False,Apache maven is one of the unsung heroes of the #Java development experience. It's robust and easy to manage dependencies with it. Most other languages just don't have anything like it.,13,28,228,0,['#Java'],[],[],https://pbs.twimg.com/profile_images/1148411617/profile_normal.png,https://twitter.com/cpreisler/status/1448987375397388307,tweet_id:1448987375397388307
Pablo Gutiérrez,@PabloMxNL,2021-10-09T11:19:29.000Z,True,this wisdom needs to be translated to the world.,0,0,1,0,[],[],[],https://pbs.twimg.com/profile_images/1702754157524893696/rp8c3vLo_normal.jpg,https://twitter.com/PabloMxNL/status/1446797461687869440,tweet_id:1446797461687869440
Adam Bien,@AdamBien,2021-10-08T03:54:10.000Z,True,Do you remember JavaRanch? Is still around: https://javaranch.com,14,7,44,0,[],[],[],https://pbs.twimg.com/profile_images/82608077/abien_icon_normal.jpg,https://twitter.com/AdamBien/status/1446323005588660225,tweet_id:1446323005588660225
Matthew Prince,@eastdakota,2021-10-04T21:11:58.000Z,True,Here's our best explanation from what we can see on how  disappeared from the Internet:,70,"2,501","4,524",0,[],['@Facebook'],[],https://pbs.twimg.com/profile_images/2332322635/zhx7hflmmcxdaj0tk9f8_normal.jpeg,https://twitter.com/eastdakota/status/1445134623873196036,tweet_id:1445134623873196036
R3D,@R3Dmx,2021-10-04T21:00:54.000Z,True,¿Tienes miedo de que alguna persona desconocida pueda acceder fácilmente a tus cuentas o servicios de redes sociales? ¡Utiliza autenticación multifactorial!,1,12,32,0,[],[],[],https://pbs.twimg.com/profile_images/1553081495388037120/-2Xi4x34_normal.png,https://twitter.com/R3Dmx/status/1445131840164188174,tweet_id:1445131840164188174
Hadi Hariri,@hhariri,2021-10-04T18:51:47.000Z,False,Quick! Now is the time to have elections or important referendums. #facebookdowm,2,19,86,0,['#facebookdowm'],[],[],https://pbs.twimg.com/profile_images/1308623632093114368/CaFKZ_jM_normal.jpg,https://twitter.com/hhariri/status/1445099347109101574,tweet_id:1445099347109101574
Martin Fowler,@martinfowler,2021-09-08T13:48:18.000Z,True,new post:  has tried an approach that uses pull requests in a style that's friendly to Continuous Integration: classifying changes as ship/show/ask,12,116,230,0,[],['@rouanw'],[],https://pbs.twimg.com/profile_images/79787739/mf-tg-sq_normal.jpg,https://twitter.com/martinfowler/status/1435600885992857600,tweet_id:1435600885992857600
Pablo Gutiérrez,@PabloMxNL,2021-09-24T20:08:10.000Z,True,"pretty happy with my start at 9:00 am and first zoom at 11 . often walk/cycle to the park to have a ""fake"" commute. if I want to go to the office I must register beforehand and the system is awful. this parody pretty much sums my day : https://youtu.be/Zjl2vmy02As / cc ",0,0,1,0,[],['@var_tec'],['\\U0001f602'],https://pbs.twimg.com/profile_images/1702754157524893696/rp8c3vLo_normal.jpg,https://twitter.com/PabloMxNL/status/1441494691568967689,tweet_id:1441494691568967689
"México, ¿cómo vamos?",@MexicoComoVamos,2021-09-24T12:30:00.000Z,True,"Si logramos volver a un régimen que trate de unirnos, que quiera forjar un Estado de derecho, quizá nos tome una generación que la gente vuelva a confiar en el proceso electoral y en lo que motiva a quien piensa diferente:  https://bit.ly/2XUf8Hg",0,6,5,0,[],['@jorgesuarezv'],[],https://pbs.twimg.com/profile_images/1767262277592395776/IdFdEnsK_normal.jpg,https://twitter.com/MexicoComoVamos/status/1441379389321535501,tweet_id:1441379389321535501
Einar W. Høst,@einarwh,2021-09-23T06:40:59.000Z,False,Devs will embrace static typing to get rid of a whole category of errors and also embrace microservices to introduce a whole category of errors.,5,18,67,0,[],[],[],https://pbs.twimg.com/profile_images/291759602/Photo_27_normal.jpg,https://twitter.com/einarwh/status/1440929168053702661,tweet_id:1440929168053702661
Brent Toderian,@BrentToderian,2021-09-13T18:50:37.000Z,True,"The most important thing about this amazing Paris transformation is how fast it happened — how fast people on bikes “appeared” — once streets were transformed. You can’t write this off as “Paris was always this way,” because it wasn’t.

It took leadership.",60,"1,564","4,951",0,[],[],[],https://pbs.twimg.com/profile_images/1225177797833846784/FfyoUA0b_normal.jpg,https://twitter.com/BrentToderian/status/1437488908552392705,tweet_id:1437488908552392705
Dominick Baier,@leastprivilege,2021-09-10T08:11:10.000Z,False,Hey  - I agree that there are some Windows features that would be worth copying..this was not one of them…,0,3,25,0,[],['@Apple'],[],https://pbs.twimg.com/profile_images/1678571740/20110506-IMG_0640-Edit_normal.jpg,https://twitter.com/leastprivilege/status/1436240821595123719,tweet_id:1436240821595123719
Anna Filina,@afilina,2021-09-09T02:26:01.000Z,False,,0,30,187,0,[],[],[],https://pbs.twimg.com/profile_images/1591266065182507008/m7bX2gpv_normal.jpg,https://twitter.com/afilina/status/1435791572814204928,tweet_id:1435791572814204928
Martin Fowler,@martinfowler,2021-06-02T15:55:42.000Z,True,"I've read a couple of things recently about testing pyramids, trophies, and honeycombs. Here are my thoughts, with a nod to  and ",18,282,688,0,[],"['@timbray', '@searls']",[],https://pbs.twimg.com/profile_images/79787739/mf-tg-sq_normal.jpg,https://twitter.com/martinfowler/status/1400118938621591552,tweet_id:1400118938621591552
Inactive; Bluesky is @hillelwayne(dot)com,Inactive; Bluesky is @hillelwayne(dot)com,2021-09-03T21:21:00.000Z,False,"Why do we have ""boilerplate code""? Where does the name come from?

So the Industrial Revolution needed lots of steam engines, which needed lots of steam, which needed lots of water boilers. And the technical challenges of boilermaking pushed contemporary metallurgy to its limits.",8,364,934,0,[],[],[],https://pbs.twimg.com/profile_images/1602501834018619393/_loren1j_normal.png,https://twitter.com/hillelogram/status/1433902872593326080,tweet_id:1433902872593326080
joschi,@joschi83,2021-09-01T15:51:23.000Z,False,"With #Docker updating and extending the product subscriptions for Docker Desktop (on Windows and macOS), 2021 might finally become the year of #Linux on the desktop. ",4,1,2,0,"['#Docker', '#Linux']",[],['\\U0001f427'],https://pbs.twimg.com/profile_images/1294914297/yoshi_normal.png,https://twitter.com/joschi83/status/1433095146933981186,tweet_id:1433095146933981186
Ursula von der Leyen,@vonderleyen,2021-08-31T09:38:28.000Z,True,"70% of adults in EU are fully vaccinated.

I want to thank the many people making this great achievement possible.

But we must go further!

We need more Europeans to vaccinate. And we need to help the rest of the world vaccinate, too. 

We'll continue supporting our partners.",598,"1,755","5,328",0,[],[],[],https://pbs.twimg.com/profile_images/1151477036545925121/sUDOL-vE_normal.png,https://twitter.com/vonderleyen/status/1432638914142089220,tweet_id:1432638914142089220
Bartek Ogryczak ⟨@bartek@sfba.social⟩,Bartek Ogryczak ⟨@bartek@sfba.social⟩,2021-08-31T21:46:25.000Z,False,"Docker Desktop is not free anymore, but what about Docker Laptop?",3,1,2,0,[],[],[],https://pbs.twimg.com/profile_images/1486760502076133377/_1weC8Mj_normal.jpg,https://twitter.com/var_tec/status/1432822104970305541,tweet_id:1432822104970305541
Siming Yuan,@simingy,2021-08-28T23:07:00.000Z,False,,68,"1,596","6,360",0,[],[],[],https://pbs.twimg.com/profile_images/797833152458846208/lk_RNOgo_normal.jpg,https://twitter.com/simingy/status/1431755224125952003,tweet_id:1431755224125952003
Mau Far Ath,@avestruzeterea,2021-08-28T17:02:53.000Z,False,"El primer día del Gas del Bienestar en Iztapalapa es fiel reflejo de la 4T.

Mal hecho, corriente, improvisado, a las carreras, sin dar lo prometido, pensando que no tiene ciencia, partiendo de un diagnóstico errado para dar una solución peor... 

...pero con ilusos esperanzados.",50,637,"2,347",0,[],[],[],https://pbs.twimg.com/profile_images/1501330989/mifoto_normal.jpg,https://twitter.com/avestruzeterea/status/1431663591598567429,tweet_id:1431663591598567429
BBC News (World),@BBCWorld,2021-07-24T14:53:14.000Z,True,Tips from the Netherlands on how to build a nation of cyclistshttps://bbc.in/3BAspUk,114,"1,060","1,952",0,[],[],[],https://pbs.twimg.com/profile_images/1529107170448523264/q3VwEx38_normal.jpg,https://twitter.com/BBCWorld/status/1418947388530733058,tweet_id:1418947388530733058
Brad Smith,@bbbradsmith,2021-08-25T09:54:33.000Z,False,"Was watching the 1938 Robin Hood and when a particular bit of sword fight happened, I realized I'd seen it a thousand times before in Prince of Persia! Rad!",46,"1,930","7,792",0,[],[],[],https://pbs.twimg.com/profile_images/378800000743238061/27d59ac1806a8bfef84c021e99828746_normal.jpeg,https://twitter.com/bbbradsmith/status/1430468632610476036,tweet_id:1430468632610476036
Nicolai Parlog,@nipafx,2021-08-26T12:37:49.000Z,False,"Have multiple services communicating with one another? On the same host? Then give Unix domain sockets, added in #Java16, a try for more security and performance than HTTP loopback.

More:",0,7,19,0,['#Java16'],[],[],https://pbs.twimg.com/profile_images/1321418768212500482/X1ftSCRy_normal.jpg,https://twitter.com/nipafx/status/1430872106783367171,tweet_id:1430872106783367171
Pablo Gutiérrez,@PabloMxNL,2021-08-20T19:43:27.000Z,False,"tremenda conclusión de  en su artículo de hoy.
 https://elfinanciero.com.mx/opinion/sergio-negrete-cardenas/2021/08/20/el-presidente-va-desnudo/?outputType=amp&__twitter_impression=true…",0,0,0,0,[],['@econokafka'],[],https://pbs.twimg.com/profile_images/1702754157524893696/rp8c3vLo_normal.jpg,https://twitter.com/PabloMxNL/status/1428804895830851591,tweet_id:1428804895830851591
Martin Fowler,@martinfowler,2021-08-19T20:23:42.000Z,True,We can improve many of our explanations by avoiding  the items on 's handy list,2,85,291,0,[],['@b0rk'],[],https://pbs.twimg.com/profile_images/79787739/mf-tg-sq_normal.jpg,https://twitter.com/martinfowler/status/1428452635753992192,tweet_id:1428452635753992192
Surma,@DasSurma,2021-08-17T09:32:34.000Z,False,"After reading a bunch of the blog/article coverage on the alert() deprecation, I am wondering: Are you aware that the the deprecation was:
- a spec change merged in January?
- supported by Chrome, FF and Safari?

(I’m not trying to argue whether or not communication was good)",33,27,44,0,[],[],[],https://pbs.twimg.com/profile_images/1568254009634430976/Q0jsTVnt_normal.jpg,https://twitter.com/DasSurma/status/1427563996664717340,tweet_id:1427563996664717340
Pablo Gutiérrez,@PabloMxNL,2021-08-17T10:48:04.000Z,False,prettier-java by  ftw !! plus the maven plugin and forget about it,1,1,6,0,[],['@jhipster'],[],https://pbs.twimg.com/profile_images/1702754157524893696/rp8c3vLo_normal.jpg,https://twitter.com/PabloMxNL/status/1427582997780434945,tweet_id:1427582997780434945
dr. nicole forsgren,@nicolefv,2021-08-15T14:49:48.000Z,True,"These kind of forced marches (w/the broken families and divorces mentioned in the next tweet) are why I started doing my research— because there had to be a better way to build SW w/o breaking people. 

Turns out, there is.",34,200,"1,268",0,[],[],[],https://pbs.twimg.com/profile_images/1302417505978261509/lmtYwQFW_normal.jpg,https://twitter.com/nicolefv/status/1426919056783777796,tweet_id:1426919056783777796
steve o'grady,@sogrady,2021-08-05T18:18:00.000Z,False,"in case anyone missed it, the new programming language rankings are up. java folks will be excited; dart too. julia fans, not so much. go/kotlin/rust/typescript people will be more like ""meh."" 

anyway, enjoy.",4,47,73,0,[],[],[],https://pbs.twimg.com/profile_images/1771664690797555712/SvWbRO9j_normal.jpg,https://twitter.com/sogrady/status/1423347574573092865,tweet_id:1423347574573092865
"Dr Ellie Murray, ScD",@EpiEllie,2021-08-03T16:28:21.000Z,False,"THINK LIKE AN EPIDEMIOLOGIST: 

The CDC’s recent announcement that the Delta variant has an average reproductive number of 6-9 has a lot of people concerned & many are asking me about whether this means we need COVID boosters. 

Let’s talk through the math of how we might decide!",283,"6,273","9,531",0,[],[],[],https://pbs.twimg.com/profile_images/1281356879172702208/3ht8pkGD_normal.jpg,https://twitter.com/EpiEllie/status/1422595200615133189,tweet_id:1422595200615133189
Rob Swanda,@ScientistSwanda,2021-08-02T15:42:13.000Z,False,"in the US, from the time Covid19 vaccines became available

# of unvaccinated hospitalizations: 17,544,548
# of vaccinated breakthrough hospitalizations: 6,239

# of unvaccinated deaths: 299,852
# of vaccinated breakthrough deaths: 1,263

these vaccines have incredible protection",25,177,568,0,[],[],[],https://pbs.twimg.com/profile_images/1448296271450619908/qLSJ8vvN_normal.jpg,https://twitter.com/ScientistSwanda/status/1422221202920255488,tweet_id:1422221202920255488
Ursula von der Leyen,@vonderleyen,2021-07-27T09:05:21.000Z,True,"The EU kept its promise. 

70% of adults in the EU got at least one dose of #COVID19 vaccine. And 57% already have full vaccination. 

But the Delta variant is very dangerous. I call on everyone who can to get vaccinated. 

For your health and to protect others.",234,781,"2,719",0,['#COVID19'],[],[],https://pbs.twimg.com/profile_images/1151477036545925121/sUDOL-vE_normal.png,https://twitter.com/vonderleyen/status/1419947002494861331,tweet_id:1419947002494861331
Pablo Gutiérrez,@PabloMxNL,2021-07-27T10:33:39.000Z,False,imperdible el artículo de  del día de hoy.https://tinyurl.com/yds8cthn,0,0,1,0,[],['@jorgemelendez'],[],https://pbs.twimg.com/profile_images/1702754157524893696/rp8c3vLo_normal.jpg,https://twitter.com/PabloMxNL/status/1419969224584409093,tweet_id:1419969224584409093
!! NO LONGER HERE !! Now on Mastodon or BlueSky,@tastapod,2021-07-26T16:04:03.000Z,False,"We need to talk about testing.

It has taken me a long time to write this — and to get round to writing it — because it is a meaty topic and because I procrastinate. I hope you like it.https://dannorth.net/2021/07/26/we-need-to-talk-about-testing/…",30,267,524,0,[],[],[],https://pbs.twimg.com/profile_images/1622610413060775938/4u3wRBe9_normal.jpg,https://twitter.com/tastapod/status/1419689985301782528,tweet_id:1419689985301782528
@jlink@det.social,@jlink@det.social,2021-07-27T06:17:37.000Z,False,„The purpose of testing is to increase confidence for stakeholders through evidence“,0,1,1,0,[],[],[],https://pbs.twimg.com/profile_images/1550001357851074565/oUCtuaR0_normal.jpg,https://twitter.com/johanneslink/status/1419904791862448128,tweet_id:1419904791862448128
Pierre Friedlingstein,@PFriedling,2021-07-15T19:10:19.000Z,False,In one photo.,137,2.1万,8.2万,0,[],[],[],https://pbs.twimg.com/profile_images/1243229185738452998/5IbKtJDO_normal.jpg,https://twitter.com/PFriedling/status/1415750592853577728,tweet_id:1415750592853577728
San Cadilla El Norte,@SancadillaNorte,2021-07-11T21:56:09.000Z,True,It's coming to Rome!!!! Grita Bonucci.,6,24,203,0,[],[],[],https://pbs.twimg.com/profile_images/1284245612507074561/kl3hhTzf_normal.jpg,https://twitter.com/SancadillaNorte/status/1414342774829236225,tweet_id:1414342774829236225
Phillip Ninan,@ninan_phillip,2021-07-03T18:04:40.000Z,False,"Sometimes when I'm writing Javascript I want to throw up my hands and say ""this is bullshit!"".

But I can never remember what ""this"" refers to.",35,83,677,0,[],[],['\\U0001f914'],https://pbs.twimg.com/profile_images/1381774065501929481/fxA5hSPL_normal.jpg,https://twitter.com/ninan_phillip/status/1411385419254669316,tweet_id:1411385419254669316
Gunnar Morling,@gunnarmorling,2021-06-25T09:12:05.000Z,False,"One thing I've learned over the years: often it doesn't matter _how_ you decide on some technical matter, but rather _that_ you decide at all. Multiple solutions may work equally well, and even choosing not ""the best"" usually is better than being stuck in analysis paralylis.",10,38,199,0,[],[],['\\u2122\\ufe0f'],https://pbs.twimg.com/profile_images/1411051861415759880/4vzagQao_normal.jpg,https://twitter.com/gunnarmorling/status/1408352286619885573,tweet_id:1408352286619885573
Vala Afshar,@ValaAfshar,2021-06-26T16:12:22.000Z,True,"When given a choice between clever and kind, always choose kind.",2,427,"1,022",0,[],[],[],https://pbs.twimg.com/profile_images/1259558245/vala_300dpi_normal.jpg,https://twitter.com/ValaAfshar/status/1408820440945106945,tweet_id:1408820440945106945
Dr. Isaac Chávez Díaz,@DrChavezDiaz,2021-06-26T16:08:21.000Z,True,"Aunque tengas las dos dosis, aunque sean de Pfizer, aunque te creas inmortal, la recomendación es seguir usando cubrebocas en público, es lo que ayuda a frenar la transmisión, es lo que nos ayuda a todos.",55,"2,408","4,594",0,[],[],[],https://pbs.twimg.com/profile_images/1565823008912003072/x32ihVwe_normal.jpg,https://twitter.com/DrChavezDiaz/status/1408819431770296325,tweet_id:1408819431770296325
Pablo Gutiérrez,@PabloMxNL,2021-06-26T17:15:46.000Z,False,"BBC commentators complaining about a foul before Denmark's second goal, but it was terrible defending from Wales #EURO2020 #WAL vs #DEN",0,0,0,0,"['#EURO2020', '#WAL', '#DEN']",[],[],https://pbs.twimg.com/profile_images/1702754157524893696/rp8c3vLo_normal.jpg,https://twitter.com/PabloMxNL/status/1408836396429811713,tweet_id:1408836396429811713
Greta Thunberg,@GretaThunberg,2021-06-21T18:05:38.000Z,True,"This is the temperature change globally from 1850, in Sweden from 1860 and in the Arctic Ocean from 1893.
It seems we're almost running out of colours...

Find the stripes for your region at http://showyourstripes.info , an initiative by the University of Reading.#ShowYourStripes",183,"2,392","6,790",0,['#ShowYourStripes'],[],[],https://pbs.twimg.com/profile_images/1459213153301053442/rL5hhpAI_normal.jpg,https://twitter.com/GretaThunberg/status/1407037004458700802,tweet_id:1407037004458700802
I Am Devloper,@iamdevloper,2021-06-19T13:40:48.000Z,True,"Dear companies who try and squeeze 3 working days into 1 “day” and call it a hackathon:

What are you doing?",71,382,"3,298",0,[],[],[],https://pbs.twimg.com/profile_images/1178631635606151168/yIlrcg4o_normal.jpg,https://twitter.com/iamdevloper/status/1406245585313746951,tweet_id:1406245585313746951
Tomasz Łakomy,@tlakomy,2021-06-17T19:58:43.000Z,True,Burgernetes,49,739,"4,849",0,[],[],[],https://pbs.twimg.com/profile_images/1459438026996781056/laeweE3r_normal.jpg,https://twitter.com/tlakomy/status/1405615913630584839,tweet_id:1405615913630584839
Pablo Gutiérrez,@PabloMxNL,2021-06-06T14:38:36.000Z,True,"que recuperación tremenda!!! una pena que no se hizo el 1-2 de Red Bull, felicidades!!!!",0,0,1,0,[],[],[],https://pbs.twimg.com/profile_images/1702754157524893696/rp8c3vLo_normal.jpg,https://twitter.com/PabloMxNL/status/1401549085618970632,tweet_id:1401549085618970632
Oracle Red Bull Racing,@redbullracing,2021-06-06T14:21:21.000Z,True,"Race result #AzerbaijanGP  Checo P1!!!!  VET, GAS, LEC, NOR, ALO, TSU, SAI, RIC, RAI. Max DNF ",216,"2,007",1.2万,0,['#AzerbaijanGP'],[],"['\\U0001f3c1', '\\U0001f1e6\\U0001f1ff', '\\U0001f3c6', '\\U0001f1f2\\U0001f1fd', '\\U0001f622']",https://pbs.twimg.com/profile_images/1777980217274822657/1kB0P25m_normal.jpg,https://twitter.com/redbullracing/status/1401544747714551811,tweet_id:1401544747714551811
Pablo Gutiérrez,@PabloMxNL,2021-06-03T20:18:00.000Z,False,paging  ,0,0,1,0,[],['@venkat_s'],"['\\U0001f923', '\\U0001f604', '\\U0001f923']",https://pbs.twimg.com/profile_images/1702754157524893696/rp8c3vLo_normal.jpg,https://twitter.com/PabloMxNL/status/1400547335105613825,tweet_id:1400547335105613825
The Economist,@TheEconomist,2021-05-27T12:52:40.000Z,True,Mexico's president pursues ruinous policies by improper means. Our cover in Latin America this week argues that AMLO is a danger to democracy  https://econ.st/34qqq5L,"5,366",2.8万,5万,0,[],[],[],https://pbs.twimg.com/profile_images/879361767914262528/HdRauDM-_normal.jpg,https://twitter.com/TheEconomist/status/1397898550500077569,tweet_id:1397898550500077569
Pablo Gutiérrez,@PabloMxNL,2021-05-27T10:41:45.000Z,False,"help  dhl never attempted delivery status was ""bezorging verhindert"" and now it is ""Retour verzonden naar verzender"" niet goed!! geld terug!!!",1,0,1,0,[],['@NespressoNL'],[],https://pbs.twimg.com/profile_images/1702754157524893696/rp8c3vLo_normal.jpg,https://twitter.com/PabloMxNL/status/1397865601201233921,tweet_id:1397865601201233921
Luisa Cantú Ríos,@luigicantu,2021-05-24T14:21:41.000Z,True,“Codificar el mensaje”... increíble,88,208,"1,034",0,[],[],[],https://pbs.twimg.com/profile_images/1520763611932774401/P-gZ9sNZ_normal.jpg,https://twitter.com/luigicantu/status/1396833787158335493,tweet_id:1396833787158335493
InfoQ,@InfoQ,2021-05-22T05:44:13.000Z,False,Growing Concerns Among Developers About the AWS Free Tier http://bit.ly/3u4Ea0k by Renato Losio,1,7,8,0,[],[],[],https://pbs.twimg.com/profile_images/1514212711797825541/jlGPZt1D_normal.png,https://twitter.com/InfoQ/status/1395978787259568130,tweet_id:1395978787259568130
Spock Framework,@spockframework,2021-05-17T20:23:07.000Z,False,"Spock 2.0 has been released.

It has been a long time in the making (5 milestone releases over 26 months), but it is finally here.
Thanks to everyone who contributed in any way (code, review, bug reports).https://spockframework.org/spock/docs/2.0/release_notes.html…",4,123,274,0,[],[],[],https://pbs.twimg.com/profile_images/1493708873336774656/bE8x0EZd_normal.png,https://twitter.com/spockframework/status/1394388030526533636,tweet_id:1394388030526533636
Carlos Ramírez F.,@CarlosRamirezF,2021-05-12T13:27:53.000Z,False,Se avecina un periodo de mayor riesgo político. Hoy en ,33,497,875,0,[],['@Reforma'],[],https://pbs.twimg.com/profile_images/1653034704507994112/jIKYpmsY_normal.jpg,https://twitter.com/CarlosRamirezF/status/1392471592362459137,tweet_id:1392471592362459137
Almas Baim,@AlmasBaim,2021-05-11T10:40:35.000Z,False,"#JavaFX #LoTD https://github.com/GSI-CS-CO/chart-fx…readme: ""ChartFx is a scientific charting library ... focusing on performance optimised real-time data.""

If you need a chart for your research, chances are this lib's got it!#java #DataVisualization",3,13,19,0,"['#JavaFX', '#LoTD', '#java', '#DataVisualization']",[],[],https://pbs.twimg.com/profile_images/1624851091958407168/L6MXindw_normal.jpg,https://twitter.com/AlmasBaim/status/1392067104044683265,tweet_id:1392067104044683265
LA OCTAVA,@laoctavadigital,2021-05-11T18:40:50.000Z,False,"#EnVivo | Katia Guzmán, coordinadora de datos en , explica la situación laboral en México en medio de la pandemia, que ha dejado una desigualdad estructural profunda.#De1a3 con Luisa Cantú ()  http://bit.ly/3hnx9F9",0,9,12,0,"['#EnVivo', '#De1a3']","['@MexicoComoVamos', '@luigicantu']",['\\u25b6\\ufe0f'],https://pbs.twimg.com/profile_images/1377479833744211971/qR43-Szo_normal.jpg,https://twitter.com/laoctavadigital/status/1392187963526680576,tweet_id:1392187963526680576
Katy Stalcup,@katystalcup,2021-05-11T17:51:30.000Z,False,"""Five 9's is a complete myth."" -",1,1,3,0,[],['@QuinnyPig'],[],https://pbs.twimg.com/profile_images/1452991746690928651/ymCj8ON8_normal.jpg,https://twitter.com/katystalcup/status/1392175545958510593,tweet_id:1392175545958510593
Corey Quinn,@QuinnyPig,2021-05-11T02:43:00.000Z,False,"And now, I present tonight's Shitpost Thread Extravaganza: 

Uncomfortable corporate realizations.",6,90,374,0,[],[],[],https://pbs.twimg.com/profile_images/1771003974776401920/2rifRmtA_normal.jpg,https://twitter.com/QuinnyPig/status/1391946916288552968,tweet_id:1391946916288552968
Pablo Gutiérrez,@PabloMxNL,2021-05-11T07:33:22.000Z,False,"yes please!! there was a draft rfc some years ago about letting localhost be localhost don't know why didn't got traction; probably because browsers monetize location bar as search bar, a setting for developers wouldn't hurt them ",1,0,1,0,[],[],['\\U0001f914'],https://pbs.twimg.com/profile_images/1702754157524893696/rp8c3vLo_normal.jpg,https://twitter.com/PabloMxNL/status/1392019990317043715,tweet_id:1392019990317043715
Página que avisa si ganó el Atlas Fc,@resultadoAtlas,2021-05-09T02:02:02.000Z,False,Sí.,6,98,460,0,[],[],[],https://pbs.twimg.com/profile_images/1537134203573260293/4OLGpMVn_normal.jpg,https://twitter.com/resultadoAtlas/status/1391211830878609408,tweet_id:1391211830878609408
Isaac Katz,@econoclasta,2021-05-07T18:10:47.000Z,True,Y esa refinería es la única rentable para Pemex; las seis que están en México pierden corretonadas de dinero. Su “nacionalismo” raya en la insania.,3,35,91,0,[],[],[],https://pbs.twimg.com/profile_images/1268684238947311617/WoA20MDl_normal.jpg,https://twitter.com/econoclasta/status/1390730847037235204,tweet_id:1390730847037235204
Jared White @jaredwhite@indieweb.social,@jaredwhite@indieweb.social,2021-05-06T18:34:30.000Z,False,"This tweet is simply epic. I’ve heard others put it this way so it’s not an original thought, but basically:

“If you couldn’t write maintainable code in a single application, what made you think you could write maintainable code in multiple applications?”",8,19,131,0,[],[],[],https://pbs.twimg.com/profile_images/1562139062152007680/P8B7FtDQ_normal.jpg,https://twitter.com/jaredcwhite/status/1390374430757462017,tweet_id:1390374430757462017
Increment,@IncrementMag,2021-05-05T20:39:01.000Z,True,"From the archives: “Failure is not to be feared. Failure is to be embraced, practiced, and made your good friend.”  —",0,4,8,0,[],['@mipsytipsy'],['\\U0001f4d6'],https://pbs.twimg.com/profile_images/879384470108815360/3-ESXgnG_normal.jpg,https://twitter.com/IncrementMag/status/1390043375940866055,tweet_id:1390043375940866055
Russ Miles,@russmiles,2021-05-05T16:10:54.000Z,False,"My Top 5 Misconceptions when it came to SLOs:

* SLOs are (unnecessarily) hard/difficult
* SLOs are just metrics
* SLOs are tied to actual ""Services""
* SLOs are isolated
* SLOs need you to go all-in on SRE

How I overcame these...",0,1,4,0,"['', '']",[],[],https://pbs.twimg.com/profile_images/1740476095013462016/X_QGFNlE_normal.jpg,https://twitter.com/russmiles/status/1389975903208419329,tweet_id:1389975903208419329
Firefox,@firefox,2021-05-05T18:45:03.000Z,True,"Want to protect your privacy without having to #DeleteFacebook?

We get it. You don't want to miss your uncle's visionary political takes. But what if we said you could get those thrilling updates AND keep FB from following you around the web? 

You can:",12,56,182,0,['#DeleteFacebook'],[],[],https://pbs.twimg.com/profile_images/1520168103660949505/0mAUVASD_normal.jpg,https://twitter.com/firefox/status/1390014696774938624,tweet_id:1390014696774938624
Mike Amundsen @mamund@mastodon.social,Mike Amundsen @mamund@mastodon.social,2021-05-05T17:53:54.000Z,False,"unpopular assertion:

if microservices are supposed to own their data (a POV with which i agree) then we no longer need to expose databases directly. 

data is bound to a domain (usermgmt, shopping, etc.)
 
therefore, any general ""data-as-a-service"" model is an anti-pattern.",25,26,91,0,[],[],[],https://pbs.twimg.com/profile_images/340449683/madmen_icon_normal.jpg,https://twitter.com/mamund/status/1390001823642263555,tweet_id:1390001823642263555
Oliver Drotbohm &,@odrotbohm,2021-05-05T19:38:32.000Z,False,YAGNIBBIA – You Ain’t Gonna Need It But Built It Anyway.,1,5,19,0,[],[],[],https://pbs.twimg.com/profile_images/943101759681191936/9Gj94Eu1_normal.jpg,https://twitter.com/odrotbohm/status/1390028154677366786,tweet_id:1390028154677366786
Armand Domalewski,@ArmandDoma,2021-05-04T00:43:55.000Z,False,Types of San Francisco story (inspired by ),39,514,"1,722",0,[],['@xkcd'],[],https://pbs.twimg.com/profile_images/1775012968524288000/RKXrGcDm_normal.jpg,https://twitter.com/ArmandDoma/status/1389380230544977920,tweet_id:1389380230544977920
Luis Flavio,@LuisLazos,2021-05-04T12:40:36.000Z,False,"El reto no es menor y no cabe en los bolsillos de la ciudad. En lugar de refinerías que hacen gasolina cara y sucia, o caprichos aeroportuarios, o “rescatar” a una petrolera que cada mes pierde miles de millones de pesos vale la pena invertirle al metro.",34,396,"2,203",0,[],[],[],https://pbs.twimg.com/profile_images/1305740961390231557/sgYiTC4R_normal.jpg,https://twitter.com/LuisLazos/status/1389560592051187712,tweet_id:1389560592051187712
Isaac Katz,@econoclasta,2021-05-03T12:05:10.000Z,False,"Eliminar la Cofece y el IFETEL, facilitaría la captura regulatoria y sería fuente de corrupción. Un funcionario (incluido el presidente) decidiría cuál empresa gana y cuál no. Los seguros perdedores seríamos los consumidores| El Economista ",5,131,220,0,[],['@eleconomista'],[],https://pbs.twimg.com/profile_images/1268684238947311617/WoA20MDl_normal.jpg,https://twitter.com/econoclasta/status/1389189287107833856,tweet_id:1389189287107833856
Tracy Miranda,@tracymiranda,2021-04-30T19:35:09.000Z,False,Basecamp:,72,"1,793",1.4万,0,[],[],[],https://pbs.twimg.com/profile_images/903178155812409344/Sd1ipdyT_normal.jpg,https://twitter.com/tracymiranda/status/1388215366925574148,tweet_id:1388215366925574148
Marisniulkis,@mlescaille,2021-04-30T04:13:44.000Z,False,Software is not the point,0,2,5,0,[],[],[],https://pbs.twimg.com/profile_images/1050312707889496065/w510VTXC_normal.jpg,https://twitter.com/mlescaille/status/1387983483616649222,tweet_id:1387983483616649222
Natalia Junquera,@nataliajunquera,2021-04-29T19:58:02.000Z,False,"La verdadera patria es el afecto, y va por dentro. El exilio no es abandonar el lugar en el que has nacido, sino que te separen de los tuyos",0,16,93,0,[],[],[],https://pbs.twimg.com/profile_images/1434097483676889091/JaWml2kF_normal.jpg,https://twitter.com/nataliajunquera/status/1387858737709322252,tweet_id:1387858737709322252
Solange Marquez ツ,@solange_,2021-04-29T12:08:19.000Z,False,"La decisión es votar por lo malo o lo peor. El balance en las fuerzas políticas representadas, es indispensable, no como un castigo sino como una prevención de tiempos aún peores que los que vivimos actualmente.

Mi columna en ",25,158,329,0,[],['@El_Universal_Mx'],[],https://pbs.twimg.com/profile_images/1721613273173204992/DXgpF5SR_normal.jpg,https://twitter.com/solange_/status/1387740529497083905,tweet_id:1387740529497083905
literland,@literlandweb1,2021-04-28T17:49:24.000Z,True,"""A veces uno sabe de qué lado estar simplemente viendo quiénes están del otro lado"".
Leonard Cohen",21,"1,522","4,776",0,[],[],[],https://pbs.twimg.com/profile_images/1112616730940063744/_HCkdleC_normal.png,https://twitter.com/literlandweb1/status/1387463975361785865,tweet_id:1387463975361785865
cate // @hachyderm.io,cate // @hachyderm.io,2021-04-27T21:07:46.000Z,False,I really think this basecamp thing - like coinbase - was a stealth layoff. What does it say about tech cos that it’s better to play “thought leader in apoliticalness” than actually do a layoff? Wild.,26,95,632,0,[],[],[],https://pbs.twimg.com/profile_images/1475180809657143301/Ell-_1KS_normal.jpg,https://twitter.com/catehstn/status/1387151509343850497,tweet_id:1387151509343850497
Gareth Wild,@GarethWild,2021-04-27T08:50:28.000Z,False,For the last six years I’ve kept a spreadsheet listing every parking spot I’ve used at the local supermarket in a bid to park in them all. This week I completed my Magnum Opus! A thread.,"1,943",1.6万,11万,0,[],[],[],https://pbs.twimg.com/profile_images/1634466875659747329/Pw9oNAxx_normal.jpg,https://twitter.com/GarethWild/status/1386965962214289408,tweet_id:1386965962214289408
Emma Bostian,@EmmaBostian,2021-04-26T20:49:37.000Z,False, Coming soon to a bookstore near you Brought to you by the creators of Basecamp!,53,162,"1,512",0,[],[],"['\\u2728', '\\u2728']",https://pbs.twimg.com/profile_images/1765988773391679488/84TUNpoM_normal.jpg,https://twitter.com/EmmaBostian/status/1386784552979415040,tweet_id:1386784552979415040
Ursula van Duin,@ursulavanduin,2021-04-25T13:14:10.000Z,False,"Zo lief! Moeder eend kiest er al een paar jaar voor om op het dakterras op de vierde verdieping van  #LeidscheRijn haar eieren uit te broeden, maar wanneer de klus is geklaard heeft ze wel wat hulp nodig van Dierenambulance #Utrecht richting de sloot.",219,"1,142","5,345",0,"['#LeidscheRijn', '#Utrecht']",['@antoniuszkh'],[],https://pbs.twimg.com/profile_images/1697554989718126592/XOjrdBnQ_normal.jpg,https://twitter.com/ursulavanduin/status/1386307547401969667,tweet_id:1386307547401969667
GraalVM,@graalvm,2021-03-18T13:51:56.000Z,True,We are expanding our internship program with new openings. Join the GraalVM team from anywhere in the world!https://graalvm.org/community/internship/…,2,47,53,0,[],[],['\\U0001f680'],https://pbs.twimg.com/profile_images/1704484747945123840/k52X6F9e_normal.png,https://twitter.com/graalvm/status/1372546313867423745,tweet_id:1372546313867423745
Doc Norton,@DocOnDev,2021-04-25T17:12:01.000Z,False,"If you care about productivity, you care about internal code quality. If you want to go faster tomorrow, you care about the quality of the code you wrote today. - @GeePawHill

 #agile",2,29,90,0,['#agile'],[],[],https://pbs.twimg.com/profile_images/1189733028584656897/8vxy6ZsN_normal.jpg,https://twitter.com/DocOnDev/status/1386367403777576960,tweet_id:1386367403777576960
CebichinEnAca,@cebichincondesa,2021-04-25T14:14:01.000Z,False,"El conocimiento te da poder:
-De discernimiento.
-De explorar otros mundos.
-De aspirar a salir de tu entorno y mejorar.
-De saber que es mentira el apotegma “infancia es destino”
-De conocer tus derechos y exigir a tus gobernantes.

...por eso  te quiere ignorante.",4,83,289,0,[],['@lopezobrador_'],[],https://pbs.twimg.com/profile_images/853428017812697088/oT3Df9Sb_normal.jpg,https://twitter.com/cebichincondesa/status/1386322609445408772,tweet_id:1386322609445408772
Balaji,@balajis,2021-04-25T11:59:33.000Z,True,"If you’ve been fortunate enough to do well this year, consider joining me and  by donating at the addresses below.

But if all you have is Twitter, help spread the word. For every RT, I’ll donate another $50 to fight COVID in India, up to $100k. #cryptovscovid",611,1万,"6,939",0,['#cryptovscovid'],['@VitalikButerin'],[],https://pbs.twimg.com/profile_images/1406974882919813128/LOUb2m4R_normal.jpg,https://twitter.com/balajis/status/1386288771872673793,tweet_id:1386288771872673793
Ezra Klein,@ezraklein,2021-04-23T16:03:52.000Z,True,"I love this  jeremiad against the term ""low-skill jobs."" Those jobs aren't low-skill. They're low-wage, and calling them low-skill is a way of blaming often exploited workers for inequality and unemployment.",183,"3,516",1.3万,0,[],['@AnnieLowrey'],[],https://pbs.twimg.com/profile_images/1205000761521819648/JAI78T4j_normal.jpg,https://twitter.com/ezraklein/status/1385625479252570115,tweet_id:1385625479252570115
José Manuel Calderón Trilla,@josecalderon,2021-04-22T18:12:03.000Z,False,"How did YAML win?

Why did YAML win?

I like other styles, might be just the same, but really I want to know who to blame.",19,11,76,0,[],[],[],https://pbs.twimg.com/profile_images/1565930696245493761/EnqjqaF8_normal.jpg,https://twitter.com/josecalderon/status/1385295349582123009,tweet_id:1385295349582123009
Yamira Martín,@yamiroynoveo,2021-04-20T11:18:21.000Z,False,"¡Hola! Soy desarrolladora frontend junior y estoy buscando trabajo. Organizada, resolutiva, versátil y motivada.Tech: React, JS, HTML, CSS (Sass).En continuo aprendizaje y superación.
 ¿Me ayudas con un RT?  ¡Gracias!https://ymartinguzman.github.io/Portfolio/",36,490,691,0,[],[],"['\\U0001f44b', '\\u2b50\\ufe0f', '\\U0001f4bb', '\\U0001f4da', '\\U0001f64f', '\\U0001f600']",https://pbs.twimg.com/profile_images/1305750637615943680/5hUi90Qc_normal.jpg,https://twitter.com/yamiroynoveo/status/1384466461029126149,tweet_id:1384466461029126149
Mobility Behaviour,@davidlois_UNED,2021-04-18T20:41:32.000Z,True,"""Reducir el número de automóviles es mejor para el planeta que volverlos 'ecológicos', decide el parlamento francés""",4,160,465,0,[],[],[],https://pbs.twimg.com/profile_images/1620797783060975617/2682lZBa_normal.jpg,https://twitter.com/davidlois_UNED/status/1383883415854874628,tweet_id:1383883415854874628
@jlink@det.social,@jlink@det.social,2021-04-20T06:05:47.000Z,False,Your individual decisions about how to handle The Virus has consequences.,0,2,0,0,[],[],[],https://pbs.twimg.com/profile_images/1550001357851074565/oUCtuaR0_normal.jpg,https://twitter.com/johanneslink/status/1384387804663361537,tweet_id:1384387804663361537
Pablo Gutiérrez,@PabloMxNL,2021-04-19T21:45:19.000Z,False,qbasic,0,0,0,0,[],[],[],https://pbs.twimg.com/profile_images/1702754157524893696/rp8c3vLo_normal.jpg,https://twitter.com/PabloMxNL/status/1384261857729339402,tweet_id:1384261857729339402
Pablo Gutiérrez,@PabloMxNL,2021-04-16T19:57:36.000Z,False,"'En cualquier sistema económico se necesitan inversiones para generar prosperidad. Leyes como la de hidrocarburos y de la industria eléctrica parecen diseñadas para impedir la inversión. No es ni de derecha ni de izquierda, es simplemente estúpido"" ",0,0,0,0,[],['@SergioSarmiento'],[],https://pbs.twimg.com/profile_images/1702754157524893696/rp8c3vLo_normal.jpg,https://twitter.com/PabloMxNL/status/1383147584655622149,tweet_id:1383147584655622149
Miguel de Icaza ᯅ,@migueldeicaza,2021-04-15T01:15:44.000Z,True,"Most people I know used GNU/Linux instead of Linux to stop being harassed by rms.   

I think it is safe to undo that idiocy now.   

Let the renaming begin!  Kudos to Brad for getting the ball quietly going.",38,81,795,0,[],[],[],https://pbs.twimg.com/profile_images/1655569326936563712/MQYhrhnU_normal.jpg,https://twitter.com/migueldeicaza/status/1382502870851936266,tweet_id:1382502870851936266
Oliver Emberton,@oliveremberton,2021-04-15T06:06:54.000Z,True,"See the CEO of Coinbase asking for a cofounder back in 2012. 

A lot of smart people tell him he’s stupid. 

He’s worth $20bn today.",1,32,104,0,[],[],[],https://pbs.twimg.com/profile_images/1362788375846076416/CoRcFaZP_normal.jpg,https://twitter.com/oliveremberton/status/1382576143321206791,tweet_id:1382576143321206791
Firefox,@firefox,2021-04-14T23:16:22.000Z,True,"If this creeps you out, we sure have the extension for you! Try our Facebook Container to keep what happens off Facebook . . . off Facebook. https://mzl.la/FBC",9,101,266,0,[],[],[],https://pbs.twimg.com/profile_images/1520168103660949505/0mAUVASD_normal.jpg,https://twitter.com/firefox/status/1382472828243439617,tweet_id:1382472828243439617
FIFA World Cup,@FIFAWorldCup,2021-04-13T15:46:54.000Z,True,,5,79,448,0,[],[],[],https://pbs.twimg.com/profile_images/1747638026832887808/ZCUr0JdI_normal.jpg,https://twitter.com/FIFAWorldCup/status/1381997329243328515,tweet_id:1381997329243328515
Goat User Stories,@GoatUserStories,2021-04-14T13:30:00.000Z,False,"As a goat I want to be in the driver's seat of my own career so that if I end up on the wrong path, I can own the result and not blame anyone else.",0,7,23,0,[],[],[],https://pbs.twimg.com/profile_images/573922178921406465/u8Ozpqi8_normal.jpeg,https://twitter.com/GoatUserStories/status/1382325266547142661,tweet_id:1382325266547142661
Kevlin Henney,@KevlinHenney,2021-04-13T11:50:05.000Z,False,"The Stoics were interested in decoupling and unit testing:

The chief task in life is simply this: to identify and separate matters so that I can say clearly to myself which are externals not under my control, and which have to do with the choices I actually control.
— Epictetus",2,45,128,0,[],[],[],https://pbs.twimg.com/profile_images/1452748283/DSC_0065__Reduced__Cropped__normal.jpg,https://twitter.com/KevlinHenney/status/1381937735464857601,tweet_id:1381937735464857601
pictoline,@pictoline,2021-04-12T23:41:04.000Z,True,¿Cómo saber si un logo es bueno? Una pequeña guía para saber si cumple su objetivo… o necesita un poco más de trabajo ,41,"1,220","5,757",0,[],[],"['\\U0001f914', '\\U0001f605']",https://pbs.twimg.com/profile_images/622229165316571136/fmE5CpTB_normal.jpg,https://twitter.com/pictoline/status/1381754270391926789,tweet_id:1381754270391926789
David Gilbert,@david_m_gilbert,2021-04-13T05:03:49.000Z,False,"Everything happens for a reason, and that reason is usually...physics! https://x.com/IearnsSomethin/IearnsSomething/status/1381162531201425411…",0,1,1,0,[],[],[],https://pbs.twimg.com/profile_images/1709678377186050048/Twfh1cei_normal.jpg,https://twitter.com/david_m_gilbert/status/1381835493608939521,tweet_id:1381835493608939521
Bartek Ogryczak ⟨@bartek@sfba.social⟩,Bartek Ogryczak ⟨@bartek@sfba.social⟩,2021-04-12T17:31:02.000Z,False,rm -rf ~FSF,2,1,2,0,[],[],[],https://pbs.twimg.com/profile_images/1486760502076133377/_1weC8Mj_normal.jpg,https://twitter.com/var_tec/status/1381661149876252673,tweet_id:1381661149876252673
Work Chronicles,@_workchronicles,2021-04-05T13:47:31.000Z,True,Failure Post-mortems,13,775,"2,602",0,[],[],[],https://pbs.twimg.com/profile_images/1426787548529979394/oGF8gy_F_normal.jpg,https://twitter.com/_workchronicles/status/1379068182443356160,tweet_id:1379068182443356160
Mark Wagenbuur,@BicycleDutch,2021-04-07T10:01:00.000Z,False,Snow in the Netherlands this morning. I didn't need to go outside but I did. A little extra post to show the morning rush hour in the April snow.,1,7,59,0,[],[],[],https://pbs.twimg.com/profile_images/985212592334438400/sJWnnxaz_normal.jpg,https://twitter.com/BicycleDutch/status/1379735953900589058,tweet_id:1379735953900589058
Ma Elena Pérez-Jaén Zermeño,@MElenaPerezJaen,2021-04-06T21:17:37.000Z,True,"AHORA SÍ, ya están los candidatos a las diputaciones federales. Busquen el Acuerdo INE/CG337/2021. Se llevarán sorpresas. Yo voy con  
Les pido NO VOTAR por estos partidos:

-MORENA 
-PT
-PVEM
-Fuerza México
-PES
-Redes Sociales Progresistas ",193,"1,641","3,108",0,[''],['@AccionNacional'],"['\\U0001f590', '\\U0001f447']",https://pbs.twimg.com/profile_images/1673007048907276290/Vg_4MIf4_normal.jpg,https://twitter.com/MElenaPerezJaen/status/1379543841099878403,tweet_id:1379543841099878403
Rod Johnson,@springrod,2021-04-06T21:41:50.000Z,False,"Docker tags are mutable. If you want repeatable builds and dependable deployments, pin to digests. https://blog.atomist.com/docker-image-tags/…. ""When a Docker tag is pulled, the latest version is used, and this is often not what you want if you value build reproducibility, and you really should!""",0,14,25,0,[],[],[],https://pbs.twimg.com/profile_images/535226633003610112/rzTrIOcZ_normal.jpeg,https://twitter.com/springrod/status/1379549936040079363,tweet_id:1379549936040079363
Pablo Gutiérrez,@PabloMxNL,2021-04-06T20:30:16.000Z,False,"""La vacuna de la verdad"". por  y Octavio Gómez Dantés - Vía  https://tinyurl.com/yeffs5dz",0,0,0,0,[],"['@julio_frenk', '@elnorte']",[],https://pbs.twimg.com/profile_images/1702754157524893696/rp8c3vLo_normal.jpg,https://twitter.com/PabloMxNL/status/1379531928492253188,tweet_id:1379531928492253188
Pablo Gutiérrez,@PabloMxNL,2021-04-06T20:08:46.000Z,False,"""Traducción Simultánea"" de  en  .",0,0,0,0,[],"['@CartonCalderon', '@elnorte']",[],https://pbs.twimg.com/profile_images/1702754157524893696/rp8c3vLo_normal.jpg,https://twitter.com/PabloMxNL/status/1379526517210898432,tweet_id:1379526517210898432
Pablo Gutiérrez,@PabloMxNL,2021-04-06T20:07:06.000Z,False,"""A lo mejor es un montaje"". excelente cartón de  en ",0,4,41,0,[],"['@DrNetas', '@elnorte']",[],https://pbs.twimg.com/profile_images/1702754157524893696/rp8c3vLo_normal.jpg,https://twitter.com/PabloMxNL/status/1379526098661302273,tweet_id:1379526098661302273
Chelsey Chubb,@ChelseyChubb,2021-04-03T14:38:16.000Z,False,Idk who needs to hear this but stop returning a 200 with an error message in the body.,151,810,"4,966",0,[],[],[],https://pbs.twimg.com/profile_images/1489792466467405825/MJHPlcjM_normal.jpg,https://twitter.com/ChelseyChubb/status/1378356180569952263,tweet_id:1378356180569952263
Pablo Gutiérrez,@PabloMxNL,2021-04-04T21:29:04.000Z,False,"without revealing your age, what was the first video game you remember playing?",1,0,0,0,[],[],[],https://pbs.twimg.com/profile_images/1702754157524893696/rp8c3vLo_normal.jpg,https://twitter.com/PabloMxNL/status/1378821948638167043,tweet_id:1378821948638167043
Jessica Joy Kerr,@jessitron,2021-03-29T15:13:17.000Z,False,"What if we treated our team like a distributed system and required a quorum for writes?
It might solve the problem of slow pull request reviews.https://buff.ly/2NX4BpG",7,65,106,0,[],[],[],https://pbs.twimg.com/profile_images/1541457409834631169/fPwd59zW_normal.jpg,https://twitter.com/jessitron/status/1376553051398488064,tweet_id:1376553051398488064
JBang,@jbangdev,2021-03-24T00:49:31.000Z,False,"0.69.1 introduces

- jbang export mavenrepo 
- jbang --interactive (for java and jsh)

letting you publish jbang apps as maven deps(using jitpack) making them reusable from other jbang or java apps that uses maven dependencies.

and --interative give you a REPL.",0,10,17,0,[],[],[],https://pbs.twimg.com/profile_images/1285606871940898816/LE4f2JFb_normal.jpg,https://twitter.com/jbangdev/status/1374523740743102471,tweet_id:1374523740743102471
Diana Gante,@DianaGante,2021-03-23T16:01:35.000Z,False,"¿Si entienden que si acusan de subsidios escondidos se trata de un delito fiscal que debe DENUNCIARSE y es cárcel?
¿Por qué si tan seguros no toman las acciones pertinentes?
Es pura doctrina mañanera, y la propuesta de sentarse a platicar en lugar de denunciar los haría cómplices",6,10,74,0,[],[],[],https://pbs.twimg.com/profile_images/1245798769343504384/ZZUzIL26_normal.jpg,https://twitter.com/DianaGante/status/1374390878584762368,tweet_id:1374390878584762368
Pablo Gutiérrez,@PabloMxNL,2021-03-21T13:45:27.000Z,False,"""El presidente debe representar a todos los mexicanos. El presidente debe ser factor de concordia y de unidad nacional. El presidente no puede utilizar a las instituciones de manera facciosa ni para ayudar a sus amigos ni para destruir a sus adversarios"" AMLO candidato.",0,0,0,0,[],[],[],https://pbs.twimg.com/profile_images/1702754157524893696/rp8c3vLo_normal.jpg,https://twitter.com/PabloMxNL/status/1373631843694735361,tweet_id:1373631843694735361
Pablo Gutiérrez,@PabloMxNL,2021-03-21T13:40:54.000Z,False,"""De cantinero a borracho""- por  , vía  https://elnorte.com/DtJVzn",0,1,1,0,[],"['@lrubiof', '@elnorte']",[],https://pbs.twimg.com/profile_images/1702754157524893696/rp8c3vLo_normal.jpg,https://twitter.com/PabloMxNL/status/1373630699845128193,tweet_id:1373630699845128193
Pablo Gutiérrez,@PabloMxNL,2021-03-21T13:31:06.000Z,False,"""Si a AMLO, en lugar de andar buscando que los privados tengan ganancias razonables, le preocuparan las irrazonables pérdidas en el sector público, el país crecería más y las finanzas públicas serían más sanas"". pero es como pedirle peras al olmo",1,0,1,0,[],[],[],https://pbs.twimg.com/profile_images/1702754157524893696/rp8c3vLo_normal.jpg,https://twitter.com/PabloMxNL/status/1373628232323506179,tweet_id:1373628232323506179
Pablo Gutiérrez,@PabloMxNL,2021-03-21T13:26:41.000Z,False,"""Razonables"" por  - via  https://elnorte.com/lV2jxn",0,1,2,0,[],"['@carloselizondom', '@elnorte']",[],https://pbs.twimg.com/profile_images/1702754157524893696/rp8c3vLo_normal.jpg,https://twitter.com/PabloMxNL/status/1373627123735408642,tweet_id:1373627123735408642
Cycling Professor ,@fietsprofessor,2021-03-19T11:29:16.000Z,False,"Nobody is against traffic safety.
There is just a hierarchy of effective interventions!

Statistics vs. the internet
(by )",12,380,859,0,[],['@davewalker'],[],https://pbs.twimg.com/profile_images/1185174183971557376/_9DHelpD_normal.jpg,https://twitter.com/fietsprofessor/status/1372872799098920965,tweet_id:1372872799098920965
Brian Vermeer,@BrianVerm,2021-03-17T09:02:17.000Z,True,"We might share the same vision; we might not. Regardless of whatever your believes and ideas are, GO VOTE!",0,1,8,0,[],[],[],https://pbs.twimg.com/profile_images/1575496693633929216/4EewwT3m_normal.jpg,https://twitter.com/BrianVerm/status/1372111032051712000,tweet_id:1372111032051712000
Vicente Fox Quesada,@VicenteFoxQue,2021-03-16T15:08:50.000Z,True,"Si el atole fueran vacunas, ya estaría todo el país vacunado.","3,594","8,562",4.2万,0,[],[],[],https://pbs.twimg.com/profile_images/963811508982444032/3R2wWsoK_normal.jpg,https://twitter.com/VicenteFoxQue/status/1371840891711787025,tweet_id:1371840891711787025
Pablo Gutiérrez,@PabloMxNL,2021-03-14T14:28:02.000Z,True,"- Pico
- Notepad
- Kawa 
- JDeveloper
- Netbeans
- Eclipse
- Intellij
- VS Code (just for js/frontend)

(JDeveloper only because it was mandatory)",0,0,5,0,[],[],[],https://pbs.twimg.com/profile_images/1702754157524893696/rp8c3vLo_normal.jpg,https://twitter.com/PabloMxNL/status/1371105847091343368,tweet_id:1371105847091343368
DESIGN THINKING! Comic,@DT_comic,2021-03-11T09:27:26.000Z,False,Your employer is not your family. Ever.,8,112,339,0,[],[],[],https://pbs.twimg.com/profile_images/1290195253052547073/PgZCXKh__normal.jpg,https://twitter.com/DT_comic/status/1369943033186238467,tweet_id:1369943033186238467
Werner Vogels,@Werner,2021-03-11T15:09:49.000Z,True,"You have most likely all touched the products designed by Lou Ottens and his team: The cassette tape and the CD. Another great Dutch Engineering success story. Thanks Lou, you changed our lives!!",4,38,221,0,[],[],[],https://pbs.twimg.com/profile_images/563188960394891264/z3-Rh11q_normal.jpeg,https://twitter.com/Werner/status/1370029199977717768,tweet_id:1370029199977717768
RedMonk,@redmonk,2021-03-01T17:29:26.000Z,False,"the Q1 2021  programming language rankings are up. good news in here for , , R, ,  and  fans.

Ruby folks may want to look away.  too, to a lesser extent. thanks to  for sponsoring.https://redmonk.com/sogrady/2021/03/01/language-rankings-1-21/…",6,94,128,0,[],"['@redmonk', '@JavaScript', '@typescript', '@kotlin', '@rustlang', '@dart_lang', '@Golang', '@mongodb']",[],https://pbs.twimg.com/profile_images/1105052956263632896/nt6wdH-o_normal.png,https://twitter.com/redmonk/status/1366440456763097090,tweet_id:1366440456763097090
Brian Vermeer,@BrianVerm,2021-03-17T09:02:17.000Z,True,"We might share the same vision; we might not. Regardless of whatever your believes and ideas are, GO VOTE!",0,1,8,0,[],[],[],https://pbs.twimg.com/profile_images/1575496693633929216/4EewwT3m_normal.jpg,https://twitter.com/BrianVerm/status/1372111032051712000,tweet_id:1372111032051712000
Vicente Fox Quesada,@VicenteFoxQue,2021-03-16T15:08:50.000Z,True,"Si el atole fueran vacunas, ya estaría todo el país vacunado.","3,594","8,562",4.2万,0,[],[],[],https://pbs.twimg.com/profile_images/963811508982444032/3R2wWsoK_normal.jpg,https://twitter.com/VicenteFoxQue/status/1371840891711787025,tweet_id:1371840891711787025
Scot1and,@Scot1andT,2021-02-26T21:31:03.000Z,False,#stocktails challenge,10,3,38,0,['#stocktails'],[],[],https://pbs.twimg.com/profile_images/1761061299079847994/TEMkUy5Y_normal.jpg,https://twitter.com/Scot1andT/status/1365414095558746117,tweet_id:1365414095558746117
Jorge Baumann.js,@baumannzone,2021-02-22T20:29:26.000Z,True," Pure #CSS Baby Yoda  Desarrollado en directo desde #twitch con  
  Animaciones CSS Tipografía Original ""The Mandalorian"" Siente la fuerzaCódigo: https://codepen.io/baumannzone/pen/LYbjryy… Comparte para que la fuerza te acompañe ",11,213,801,0,"['#CSS', '#twitch']",['@CodePen'],"['\\U0001f60d', '\\U0001f389', '\\U0001f389', '\\U0001f60a', '\\U0001f468\\u200d\\U0001f4bb', '\\U0001fa83', '\\U0001fa83', '\\U0001fa83', '\\U0001f91a', '\\U0001f501', '\\u2764\\ufe0f', '\\u2764\\ufe0f', '\\U0001f501']",https://pbs.twimg.com/profile_images/1609341412239097858/ibRHkQzI_normal.jpg,https://twitter.com/baumannzone/status/1363949040166174725,tweet_id:1363949040166174725
Sasha Rosenbaum,@DivineOps,2021-02-17T14:12:07.000Z,False,Web developer,148,"3,230",1.1万,0,[],[],[],https://pbs.twimg.com/profile_images/1527624607137603585/Q_iS-iXM_normal.jpg,https://twitter.com/DivineOps/status/1362042143330750468,tweet_id:1362042143330750468
Guillermo Castro,@guillermocastro,2021-02-19T15:43:32.000Z,False,"Estudio publicado en Enero sobre el posible origen del virus SARS-CoV-2, mejor conocido como #COVID19, apunta a que el virus fue creado en el Instituto Wuhan de Virología.https://uni-hamburg.de/en/newsroom/presse/2021/pm8.html…",0,1,0,0,['#COVID19'],[],[],https://pbs.twimg.com/profile_images/1491067792291893248/PRBqsdIc_normal.png,https://twitter.com/guillermocastro/status/1362789927495340036,tweet_id:1362789927495340036
NASA's Perseverance Mars Rover,@NASAPersevere,2021-02-18T21:01:01.000Z,True,"Hello, world. My first look at my forever home. #CountdownToMars","9,572",22万,88万,0,['#CountdownToMars'],[],[],https://pbs.twimg.com/profile_images/1379527227436531712/QasZP9s-_normal.jpg,https://twitter.com/NASAPersevere/status/1362507436611956736,tweet_id:1362507436611956736
Pablo Gutiérrez,@PabloMxNL,2021-02-18T13:00:25.000Z,False,ouch,0,0,0,0,[],[],[],https://pbs.twimg.com/profile_images/1702754157524893696/rp8c3vLo_normal.jpg,https://twitter.com/PabloMxNL/status/1362386490668507141,tweet_id:1362386490668507141
Roberta Garza,@robertayque,2021-02-17T05:10:20.000Z,False,"Hilo de avión: Hoy por la nochecita llegó de NY Jorge Castañeda a la T2 del aeropuerto internacional Benito Bodoque Juárez. Bajándose del avión, apenas en el gusano, un tipo de civil estaba pidiendo los pases de abordar;",242,"2,975","6,569",0,[],[],[],https://pbs.twimg.com/profile_images/1659098234881490945/5itOFs76_normal.jpg,https://twitter.com/robertayque/status/1361905799870709760,tweet_id:1361905799870709760
David Pogue,@Pogue,2021-02-14T17:53:48.000Z,True,This is the COOLEST. A Google Earth-type representation of the planet. Every green dot is a radio station. Click any dot to listen in. It’s like cultural teleportation. You could spend hours with this thing… http://radio.garden,"2,176",4.4万,11万,0,[],[],[],https://pbs.twimg.com/profile_images/1616439386760962049/gvyndO1J_normal.jpg,https://twitter.com/Pogue/status/1361010771430412292,tweet_id:1361010771430412292
Pacasso,@DrNetas,2021-02-11T14:14:26.000Z,True,,131,"2,240",1万,0,[],[],['\\U0001f643'],https://pbs.twimg.com/profile_images/545333813438459904/bniO9an8_normal.png,https://twitter.com/DrNetas/status/1359868400147783680,tweet_id:1359868400147783680
Dirk Groten,@dirkgroten,2021-02-09T22:59:34.000Z,False,This is so funny,0,1,3,0,[],[],[],https://pbs.twimg.com/profile_images/751416142279892993/t2-mUqzG_normal.jpg,https://twitter.com/dirkgroten/status/1359275777339109379,tweet_id:1359275777339109379
Carlos Elizondo MS,@carloselizondom,2021-02-03T23:45:45.000Z,False,"¿Cuál es el criterio científico para vacunar a los maestros de Campeche? ¿O a los operadores electorales de AMLO? ¿O no vacunar a todo el personal sanitarios, privado o público? ¿O para que el presidente no use cubrebocas? No sean payasos por favor.",89,863,"1,938",0,[],[],[],https://pbs.twimg.com/profile_images/1365997407/C_Elizondo_normal.jpg,https://twitter.com/carloselizondom/status/1357113074210066433,tweet_id:1357113074210066433
Mob Mentality Show,@mob__mentality,2021-02-02T13:00:23.000Z,False,"What if joy was made the explicit purpose of a company? 
What would the impact be on the business, the bottom line, and the outcomes? https://youtu.be/w0xEGN6rZ04https://podcasts.apple.com/us/podcast/the-business-value-of-joy-with-rich-sheridan/id1485950034?i=1000507237916… #MobProgramming",1,6,5,0,['#MobProgramming'],"['@menloprez', '@menloinnovation', '@ChristophLucian']",[],https://pbs.twimg.com/profile_images/1177048641413890048/O7suEpIs_normal.jpg,https://twitter.com/mob__mentality/status/1356588276279177217,tweet_id:1356588276279177217
Dirk Janssen,@dirkjanjanssen,2021-01-28T18:15:32.000Z,False,"Ciudades no pueden salir de la congestión construyendo más carriles. Crear más espacio para autos solo atrae más autos.

La única forma probada de reducir el tráfico es quitarle espacio a los autos y darlo a modos más eficientes (bici y transporte público).",83,"1,202","3,171",0,[],[],[],https://pbs.twimg.com/profile_images/1607392739305422848/Kha8aCVi_normal.jpg,https://twitter.com/dirkjanjanssen/status/1354855646143811590,tweet_id:1354855646143811590
Pablo Gutiérrez,@PabloMxNL,2021-02-01T05:54:12.000Z,False,very important thread  https://t.co/vGwpEJbZxJ,0,1,1,0,[],[],['\\U0001f9f5'],https://pbs.twimg.com/profile_images/1702754157524893696/rp8c3vLo_normal.jpg,https://twitter.com/PabloMxNL/status/1356118633538322436,tweet_id:1356118633538322436
Pablo Gutiérrez,@PabloMxNL,2021-01-30T09:24:04.000Z,False,mosaic still works!!! most modern websites won't fallback to a working version thou https://snapcraft.io/mosaic,0,0,1,0,[],[],"['\\U0001f92a', '\\U0001f602', '\\U0001f92a', '\\U0001f602']",https://pbs.twimg.com/profile_images/1702754157524893696/rp8c3vLo_normal.jpg,https://twitter.com/PabloMxNL/status/1355446671900094468,tweet_id:1355446671900094468
Kelly Sommers,@kellabyte,2021-01-29T14:45:48.000Z,False,"One of the most baffling engineering feats to me is Voyager 1/2 are billions of miles away in space, launched 43 years ago and with 43 year old tech we can still communicate with them. 

We can’t even keep a HTTP API stable for 3 months without breaking it for frivolous reasons.",115,981,"4,561",0,[],[],[],https://pbs.twimg.com/profile_images/2808005971/b81b99287e78b1cd6cbd0e5cbfb3295c_normal.png,https://twitter.com/kellabyte/status/1355165253542309895,tweet_id:1355165253542309895
NOT A WOLF,@SICKOFWOLVES,2017-01-26T04:10:31.000Z,False,IF YOUR TABLE DOES NOT HAVE ROOM FOR EVERYONE DO NOT BE SURPRISED WHEN THEY COME FOR YOUR CHAIR,19,"1,491","3,500",0,[],[],[],https://pbs.twimg.com/profile_images/1577055302075105280/2UFuCDBF_normal.jpg,https://twitter.com/SICKOFWOLVES/status/824469544060256259,tweet_id:824469544060256259
Andrey Satarin,@asatarin,2021-01-27T05:07:40.000Z,False,"Finally read ""Testing sync at Dropbox"". Comprehensive overview of testing new sync engine. 

They started with 'test-friendly architecture' in mind and it paid off. Testability even built into data model of the sync protocol.",1,38,176,0,[],[],[],https://pbs.twimg.com/profile_images/1166536637729230848/-LNzTTe6_normal.jpg,https://twitter.com/asatarin/status/1354294985479180290,tweet_id:1354294985479180290
Pablo Gutiérrez,@PabloMxNL,2021-01-26T13:59:48.000Z,False,"this , a thousand times",1,0,1,0,[],[],['\\U0001f447'],https://pbs.twimg.com/profile_images/1702754157524893696/rp8c3vLo_normal.jpg,https://twitter.com/PabloMxNL/status/1354066512798216195,tweet_id:1354066512798216195
Dave Farley,@davefarley77,2021-01-25T18:09:00.000Z,False," GIVEAWAY I'm giving away a FREE 'Course Token'  WORTH UP TO $660  to celebrate the launch of my new book!

Continuous Delivery Pipelines | Available HERE  http://leanpub.com/cd-pipelinesRT & FOLLOW TO ENTER THE GIVEAWAY",7,87,38,0,"['', '', '', '']",[],"['\\U0001f6a8', '\\U0001f6a8', '\\u2757', '\\u2757', '\\u27a1\\ufe0f']",https://pbs.twimg.com/profile_images/1356915590900908032/OF48lMKw_normal.jpg,https://twitter.com/davefarley77/status/1353766836484124673,tweet_id:1353766836484124673
Mob Mentality Show,@mob__mentality,2021-01-20T22:30:11.000Z,False,“Continuous Integration assumes a high degree of tests which are automated into the software: a facility I call self-testing code.”https://trello.com/c/ad1eGZ9v/320-software-delivery-guide-by-martin-fowler…#DevOps #Agility #XP,0,2,2,0,"['#DevOps', '#Agility', '#XP']",['@martinfowler'],[],https://pbs.twimg.com/profile_images/1177048641413890048/O7suEpIs_normal.jpg,https://twitter.com/mob__mentality/status/1352020626329006084,tweet_id:1352020626329006084
Thoughtworks,@thoughtworks,2021-01-20T16:00:47.000Z,False,Shift-left #testing means early testing. This brings a different mindset to the Software delivery Life cycle (SDLC) where QE is involved much earlier. Read more https://thght.works/3iw2BQj.,2,5,16,0,['#testing'],[],[],https://pbs.twimg.com/profile_images/1410154790001205250/doYOQtrs_normal.jpg,https://twitter.com/thoughtworks/status/1351922633282084877,tweet_id:1351922633282084877
Emil Koutanov ꙮ,@IsTheArchitect,2021-01-19T23:19:02.000Z,False,"Running Java on #Java is certainly an interesting proposition, particularly the ability to combine AOT and JIT complication (the latter for scripting languages). Amazing work,  team!https://medium.com/graalvm/java-on-truffle-going-fully-metacircular-215531e3f840…#microservices",1,3,4,0,"['#Java', '#microservices']",['@graalvm'],[],https://pbs.twimg.com/profile_images/1352440008070709248/x6CUCRgj_normal.jpg,https://twitter.com/IsTheArchitect/status/1351670533385977856,tweet_id:1351670533385977856
Pablo Gutiérrez,@PabloMxNL,2021-01-20T07:47:05.000Z,False,"nice! if you are missing reasons to avoid using medium, had to request desktop version on an anonymous mobile tab to see the article instead of getting redirected to get the medium app",0,0,0,0,[],[],[],https://pbs.twimg.com/profile_images/1702754157524893696/rp8c3vLo_normal.jpg,https://twitter.com/PabloMxNL/status/1351798387918696448,tweet_id:1351798387918696448
Shit User Story,@ShitUserStory,2021-01-18T23:22:26.000Z,False,"As a
YouTube mobile user
I want to
be offered a free trial of YouTube Premium each time I open the app
so that
I can have the convenience of opting in at any time in case I ever change my mind",31,"1,331","4,960",0,[],[],[],https://pbs.twimg.com/profile_images/1685383877030711296/QzPOw7Th_normal.jpg,https://twitter.com/ShitUserStory/status/1351309000273485824,tweet_id:1351309000273485824
pictoline,@pictoline,2021-01-09T01:51:02.000Z,True,"Trump is OUT
Twitter suspende definitivamente su cuenta ",66,871,"5,144",0,[],[],['\\U0001f4f5'],https://pbs.twimg.com/profile_images/622229165316571136/fmE5CpTB_normal.jpg,https://twitter.com/pictoline/status/1347722519365750784,tweet_id:1347722519365750784
Mony de Swaan,@Mony_de_Swaan,2021-01-07T14:45:55.000Z,True,"Nadie aplaudiría más la desaparición de un regulador con autonomía y que su papel lo tomara una secretaria de estado como las empresas preponderantes (y no preponderantes) del sector. 
Ganan ellas, pierde el consumidor.
El mundo ya pasó por eso. México ya pasó por eso y no sirve.",6,142,324,0,[],[],[],https://pbs.twimg.com/profile_images/881983282631458816/EhZtfMYg_normal.jpg,https://twitter.com/Mony_de_Swaan/status/1347192749548830720,tweet_id:1347192749548830720
Bere Aguilar,@bereaguilarv,2021-01-07T13:27:32.000Z,True,"Y mientras AMLO señala que no hay mejor funcionario en el mundo que , ayer se reportó el día con más decesos y casos confirmados...aunque los López se enojen.",92,828,"1,377",0,[],['@HLGatell'],[],https://pbs.twimg.com/profile_images/1656838825610452992/BLy5WpMF_normal.jpg,https://twitter.com/bereaguilarv/status/1347173023867146244,tweet_id:1347173023867146244
Swear Trek,@swear_trek,2021-01-07T17:00:07.000Z,False,,10,422,"1,521",0,[],[],[],https://pbs.twimg.com/profile_images/1083781898160136192/PjDinICI_normal.jpg,https://twitter.com/swear_trek/status/1347226519144452096,tweet_id:1347226519144452096
PacoCalderónCartones,@CartonCalderon,2021-01-07T17:22:28.000Z,True,"Toc, toc... ¿alguien en casa..?",12,81,266,0,[],[],[],https://pbs.twimg.com/profile_images/1498421145787326472/Ixds224g_normal.jpg,https://twitter.com/CartonCalderon/status/1347232146344316931,tweet_id:1347232146344316931
José Díaz Briseño,@diazbriseno,2021-01-07T17:21:54.000Z,False,Mexico City’s tabloid take on the storming of the US Capitol. Best use of Mexican Spanish in a long time,13,243,589,0,[],['@PeriodicoMETRO'],['\\U0001f447'],https://pbs.twimg.com/profile_images/1499697860857806848/FKWuuMyi_normal.jpg,https://twitter.com/diazbriseno/status/1347232004375535616,tweet_id:1347232004375535616
Amb. Arturo Sarukhan,@Arturo_Sarukhan,2021-01-07T04:31:24.000Z,False,,11,245,903,0,[],[],[],https://pbs.twimg.com/profile_images/1551622599892996096/Z8oaXSMI_normal.jpg,https://twitter.com/Arturo_Sarukhan/status/1347038098991980546,tweet_id:1347038098991980546
José + Chema,@ChemaPrida,2021-01-06T21:42:11.000Z,False,Ah cabron!,2,1,4,0,[],[],[],https://pbs.twimg.com/profile_images/1748127664617975808/w8oFiqM2_normal.jpg,https://twitter.com/ChemaPrida/status/1346935117516824584,tweet_id:1346935117516824584
Aleš Kot,@ales_kot,2021-01-06T20:26:50.000Z,False,CIA in crisis upon learning there's a coup they're not involved in,253,1.7万,10万,0,[],[],[],https://pbs.twimg.com/profile_images/1744875237832015872/TSeGqw3H_normal.jpg,https://twitter.com/ales_kot/status/1346916156439818240,tweet_id:1346916156439818240
Gregory McKelvey,@GregoryMcKelvey,2021-01-06T20:54:56.000Z,False,This was literally too violent of a protest for Republicans,30,"2,944",1.2万,0,[],[],[],https://pbs.twimg.com/profile_images/1666077693870497794/bqEHSBT8_normal.jpg,https://twitter.com/GregoryMcKelvey/status/1346923226811666432,tweet_id:1346923226811666432
JetBrains,@jetbrains,2021-01-06T21:50:31.000Z,True,Statement on the story from The New York Times regarding JetBrains and SolarWinds,18,427,865,0,[],[],[],https://pbs.twimg.com/profile_images/1734787115827802112/mlyFRm9z_normal.jpg,https://twitter.com/jetbrains/status/1346937212777197572,tweet_id:1346937212777197572
Mark Rutte,@MinPres,2021-01-06T21:35:36.000Z,True,"Horrible images from Washington D.C. Dear , recognise  as the next president today.","2,560","5,227",2.3万,0,[],"['@realDonaldTrump', '@JoeBiden']",[],https://pbs.twimg.com/profile_images/1480488754083213315/jan-sLjE_normal.jpg,https://twitter.com/MinPres/status/1346933459785314305,tweet_id:1346933459785314305
Pablo Gutiérrez,@PabloMxNL,2021-01-06T20:35:01.000Z,False,I think they will contact you pretty soon  https://t.co/M3fhj7RFrN,0,0,0,0,[],[],['\\U0001f644'],https://pbs.twimg.com/profile_images/1702754157524893696/rp8c3vLo_normal.jpg,https://twitter.com/PabloMxNL/status/1346918214421393413,tweet_id:1346918214421393413
Dios,@diostuitero,2021-01-06T20:07:01.000Z,True,He contratado un nuevo guionista para el 2021.,59,563,"2,350",0,[],[],[],https://pbs.twimg.com/profile_images/1120246698805272576/WNyqO-ZG_normal.jpg,https://twitter.com/diostuitero/status/1346911166317031432,tweet_id:1346911166317031432
Bartek Ogryczak ⟨@bartek@sfba.social⟩,Bartek Ogryczak ⟨@bartek@sfba.social⟩,2021-01-06T19:29:02.000Z,False,How it started...  How it's going...,0,1,3,0,[],[],[],https://pbs.twimg.com/profile_images/1486760502076133377/_1weC8Mj_normal.jpg,https://twitter.com/var_tec/status/1346901610589429761,tweet_id:1346901610589429761
Carlos Buenosvinos,@buenosvinos,2020-12-31T23:22:42.000Z,False,Otro año más en el que no necesitareis ni Kubernetes ni micro servicios,3,35,167,0,[],[],[],https://pbs.twimg.com/profile_images/1289162634059755520/QhkRRCik_normal.jpg,https://twitter.com/buenosvinos/status/1344786086669799426,tweet_id:1344786086669799426
Eduardo Salles,@sallesino,2021-01-01T02:42:24.000Z,False,"2020.

Pésimo servicio. Los meses llegaron todos defectuosos. La calidad de los días dejó mucho qué desear. Definitivamente no lo volvería a vivir. ",2,201,"1,049",0,[],[],"['\\u2b50\\ufe0f', '\\U0001f311', '\\U0001f311', '\\U0001f311', '\\U0001f311']",https://pbs.twimg.com/profile_images/709050254549590016/De4uSdVW_normal.jpg,https://twitter.com/sallesino/status/1344836342459592704,tweet_id:1344836342459592704
Guillermo Castro,@guillermocastro,2020-12-31T23:46:47.000Z,False,This year is finally over.,0,2,1,0,[],[],[],https://pbs.twimg.com/profile_images/1491067792291893248/PRBqsdIc_normal.png,https://twitter.com/guillermocastro/status/1344792148152102912,tweet_id:1344792148152102912
Cycling Professor ,@fietsprofessor,2020-12-31T09:14:17.000Z,False,"Don't blame someones age for not cycling anymore. 
Blame your government for not providing the necessary conditions to do so.

Meet Dutchman Egbert Brasjen, age 96.
He still cycles +/- 30 kilometers a day!

Why?
It is the infrastructure.",26,386,844,0,[],[],[],https://pbs.twimg.com/profile_images/1185174183971557376/_9DHelpD_normal.jpg,https://twitter.com/fietsprofessor/status/1344572575146516483,tweet_id:1344572575146516483
Gary Bernhardt,@garybernhardt,2015-05-19T22:03:07.000Z,False,"Consulting service: you bring your big data problems to me, I say ""your data set fits in RAM"", you pay me $10,000 for saving you $500,000.",40,"1,249","1,968",0,[],[],[],https://pbs.twimg.com/profile_images/1328504683095199745/YXr3Xioa_normal.jpg,https://twitter.com/garybernhardt/status/600783770925420546,tweet_id:600783770925420546
Gary Bernhardt,@garybernhardt,2020-12-30T17:54:56.000Z,False,"You, the one who is reading this! You don't need Kubernetes!",76,185,"1,491",0,[],[],[],https://pbs.twimg.com/profile_images/1328504683095199745/YXr3Xioa_normal.jpg,https://twitter.com/garybernhardt/status/1344341213575483399,tweet_id:1344341213575483399
Sergio Sarmiento,@SergioSarmiento,2020-12-28T22:33:16.000Z,True,"Por un ""desbalance en el sistema interconectado nacional"", se registra un apagón que afecta a más de 10 millones de usuarios",488,"1,243","5,274",0,[],[],[],https://pbs.twimg.com/profile_images/748475642719571968/NMrWKLj9_normal.jpg,https://twitter.com/SergioSarmiento/status/1343686480997175298,tweet_id:1343686480997175298
Year Progress,@year_progress,2020-12-28T09:00:03.000Z,True,▓▓▓▓▓▓▓▓▓▓▓▓▓▓▓ 99%,444,2.2万,10万,0,[],[],[],https://pbs.twimg.com/profile_images/1741991624324853760/W71NjnEF_normal.jpg,https://twitter.com/year_progress/status/1343481829819633665,tweet_id:1343481829819633665
Richard Dawkins,@RichardDawkins,2020-12-26T17:51:09.000Z,True,"Give this woman a Nobel Prize.https://bit.ly/3aQUMm6UPenn ""told me that they’d had a meeting and concluded that I was not of faculty quality,” she said. ”When I told them I was leaving, they laughed at me and said, ‘BioNTech doesn’t even have a website.’”",199,"3,713",1.1万,0,[],[],[],https://pbs.twimg.com/profile_images/1094327574031945729/tU8wz8DL_normal.jpg,https://twitter.com/RichardDawkins/status/1342890710421278720,tweet_id:1342890710421278720
Víctor Trujillo,@V_TrujilloM,2020-12-27T14:15:24.000Z,True,"El presidente quiere ser gabinete, congreso, juez y parte, fuerza espiritual, línea editorial, banco central, líder de partido, autoridad electoral y comandante de su propia junta militar. Mangonea pandemias y lucra políticamente con las vacunas. Por esto, tan importante 2021.","5,279",1.8万,5.5万,0,[],[],[],https://pbs.twimg.com/profile_images/1468596479157846017/RfqKWH5-_normal.jpg,https://twitter.com/V_TrujilloM/status/1343198803189399554,tweet_id:1343198803189399554
v♡,@vickyysandd,2020-12-23T19:56:38.000Z,False,Kids in mexico are built different. I told my nephew he’s gonna get coal for being bad this year and he said “está bien para una carnita asada”,456,3.6万,27万,0,[],[],"['\\U0001f602', '\\U0001f602', '\\U0001f602']",https://pbs.twimg.com/profile_images/1687536279360258048/eAsZyTZc_normal.jpg,https://twitter.com/vickyysandd/status/1341835123097038849,tweet_id:1341835123097038849
Sébastien Blanc,@sebi2706,2020-12-22T12:43:22.000Z,True,Ok this one is for you ,10,28,133,0,[],['@hsablonniere'],[],https://pbs.twimg.com/profile_images/1588539610489126913/68Synunh_normal.jpg,https://twitter.com/sebi2706/status/1341363703409733634,tweet_id:1341363703409733634
Natalie Kitroeff,@Nataliekitro,2020-12-09T17:03:58.000Z,False,"terrifying look at what is happening inside mexico city's hospitals right now.

the red/yellow lines are the city's projections for how things were supposed to go.",58,776,"1,266",0,[],[],[],https://pbs.twimg.com/profile_images/1336028058059300864/1AfvC-6q_normal.jpg,https://twitter.com/Nataliekitro/status/1336718240735752193,tweet_id:1336718240735752193
Ken Fogel - Transitioning to Java from Packt,@omniprof,2020-12-04T13:57:38.000Z,False,At DawsCon learn about AI/ML using Java with Constantin Drabo  when he presents “VisRec (JSR #381) the Java API for visual recognition” https://dawsoncollege.qc.ca/dawscon/,0,2,6,0,[],['@PandaConstantin'],[],https://pbs.twimg.com/profile_images/1181905040736436224/1ypGgL71_normal.jpg,https://twitter.com/omniprof/status/1334859410607312896,tweet_id:1334859410607312896
Pablo Gutiérrez,@PabloMxNL,2020-11-22T18:09:15.000Z,False,"""Dedicar la actividad gubernamental a reconstruir una era que quedó atrás y que no es recreable no puede más que conducir al fracaso."" 

imperdible la columna de  en  https://elnorte.com/76w5Sn",0,0,1,0,[],"['@lrubiof', '@elnorte']",[],https://pbs.twimg.com/profile_images/1702754157524893696/rp8c3vLo_normal.jpg,https://twitter.com/PabloMxNL/status/1330574077136920577,tweet_id:1330574077136920577
Pablo Gutiérrez,@PabloMxNL,2020-11-13T17:23:55.000Z,False,"meh, por el mismo precio de la macbook con M1 se puede conseguir una kde slimbook con 64gb ram, 1 tb ssd y AMD Ryzen https://omgubuntu.co.uk/2020/07/kde-slimbook-3-amd-ryzen-linux…",1,0,0,0,[],[],[],https://pbs.twimg.com/profile_images/1702754157524893696/rp8c3vLo_normal.jpg,https://twitter.com/PabloMxNL/status/1327301178888216576,tweet_id:1327301178888216576
Ken Fogel - Transitioning to Java from Packt,@omniprof,2020-11-11T20:31:50.000Z,False,Not sure about the new Raspberry Pi powered Macs.,4,3,9,0,[],[],[],https://pbs.twimg.com/profile_images/1181905040736436224/1ypGgL71_normal.jpg,https://twitter.com/omniprof/status/1326623691074056192,tweet_id:1326623691074056192
Katie Mack,@AstroKatie,2020-11-11T15:52:51.000Z,True,Japan has 1700 miles of high-speed train lines that can go up to 200 mph. The system has been in use for half a century.,380,"5,258",2.1万,0,[],[],[],https://pbs.twimg.com/profile_images/2818477708/0ef050189a11bb7f9cf56306f5d171bf_normal.png,https://twitter.com/AstroKatie/status/1326553484640940041,tweet_id:1326553484640940041
Andrés Torres,@towerspro,2020-11-07T20:11:39.000Z,True,"Johnny from Karate Kid got kicked in the face and still said ""good match!""",0,1,1,0,[],[],[],https://pbs.twimg.com/profile_images/2397069851/r5orz95i_normal,https://twitter.com/towerspro/status/1325169063262367744,tweet_id:1325169063262367744
David Luhnow,@davidluhnow,2020-11-08T18:20:03.000Z,False,"THREAD: Since the issue of Mexico's 2006 election has come up again given AMLO's refusal to recognize Biden until all the legal issues around the election are settled, I thought I'd share my experiences during that vote b/c I covered it closely.",177,"1,840","3,185",0,[],[],[],https://pbs.twimg.com/profile_images/518089562157883392/CNbFODj3_normal.jpeg,https://twitter.com/davidluhnow/status/1325503362771480576,tweet_id:1325503362771480576
Giorgio Bonfiglio,@g_bonfiglio,2020-11-07T17:30:55.000Z,False,"Americans! We  have a team specialised in... politicians removals - should you need help, just shout.#TrumpMeltdown",15,108,696,0,['#TrumpMeltdown'],[],['\\U0001f1ee\\U0001f1f9'],https://pbs.twimg.com/profile_images/861708347162099712/iklH3Rqh_normal.jpg,https://twitter.com/g_bonfiglio/status/1325128612199063555,tweet_id:1325128612199063555
Jorge Suárez-Vélez,@jorgesuarezv,2020-11-07T16:35:23.000Z,True,"Impresionantes muestras de júbilo en las calles de Nueva York cuando se confirma la victoria de  . El mundo es hoy un mejor lugar. Esta democracia decidió no reelegir a un racista misógino, manipulador y mentiroso.",50,321,"1,494",0,[],['@JoeBiden'],[],https://pbs.twimg.com/profile_images/644518520693231617/AmgwQIrj_normal.jpg,https://twitter.com/jorgesuarezv/status/1325114635108950018,tweet_id:1325114635108950018
Amb. Arturo Sarukhan,@Arturo_Sarukhan,2020-11-07T16:27:16.000Z,False,#elecciones2020,1,32,118,0,['#elecciones2020'],[],[],https://pbs.twimg.com/profile_images/1551622599892996096/Z8oaXSMI_normal.jpg,https://twitter.com/Arturo_Sarukhan/status/1325112592713601025,tweet_id:1325112592713601025
Amb. Arturo Sarukhan,@Arturo_Sarukhan,2020-11-07T16:25:07.000Z,False,Y  finalmente declara ganador de las #elecciones2020 a ,11,71,533,0,['#elecciones2020'],"['@CNN', '@JoeBiden']",[],https://pbs.twimg.com/profile_images/1551622599892996096/Z8oaXSMI_normal.jpg,https://twitter.com/Arturo_Sarukhan/status/1325112053565100034,tweet_id:1325112053565100034
Bartosz Sypytkowski,@Horusiath,2020-11-02T10:17:47.000Z,False,When a team has an autonomy on how to realize the task but is not interested in its business context.,40,"2,013","6,790",0,[],[],[],https://pbs.twimg.com/profile_images/985559146291482625/aP3OIzbd_normal.jpg,https://twitter.com/Horusiath/status/1323207671340621825,tweet_id:1323207671340621825
Halide,@halidecamera,2020-11-06T01:05:27.000Z,False,Now this is some great photography.,8,24,292,0,[],[],[],https://pbs.twimg.com/profile_images/1539261858095542274/tZUX1zyf_normal.jpg,https://twitter.com/halidecamera/status/1324518222264086530,tweet_id:1324518222264086530
The Oatmeal,@Oatmeal,2020-11-06T01:22:22.000Z,True,,182,"3,701",1.1万,0,[],[],['\\U0001f422'],https://pbs.twimg.com/profile_images/1524091837312487424/stj0QiX6_normal.jpg,https://twitter.com/Oatmeal/status/1324522479776223233,tweet_id:1324522479776223233
Greta Thunberg,@GretaThunberg,2020-11-05T19:53:27.000Z,True,"So ridiculous. Donald must work on his Anger Management problem, then go to a good old fashioned movie with a friend! Chill Donald, Chill!",3.4万,38万,159万,0,[],[],[],https://pbs.twimg.com/profile_images/1459213153301053442/rL5hhpAI_normal.jpg,https://twitter.com/GretaThunberg/status/1324439705522524162,tweet_id:1324439705522524162
Michael Friedrich,@dnsmichi,2020-11-01T20:29:05.000Z,False,CI/CD Pipeline ,2,238,530,0,[],[],['\\U0001f440'],https://pbs.twimg.com/profile_images/1595899536706359298/6X_fxhr7_normal.jpg,https://twitter.com/dnsmichi/status/1322999122199281665,tweet_id:1322999122199281665
Pablo Gutiérrez,@PabloMxNL,2020-10-26T08:25:56.000Z,True,specially relevant these times.,0,0,0,0,[],[],[],https://pbs.twimg.com/profile_images/1702754157524893696/rp8c3vLo_normal.jpg,https://twitter.com/PabloMxNL/status/1320642809532211201,tweet_id:1320642809532211201
Roberto Perez Alcolea ⇝ @rpalcolea@hachyderm.io,Roberto Perez Alcolea ⇝ @rpalcolea@hachyderm.io,2020-10-16T22:18:52.000Z,False,"My team is hiring! You could join us to develop, define and support the Java developer experience at Netflix! So many exciting things happening on this space! Reach out, my DMs are open https://jobs.netflix.com/jobs/37115591  #java #jdk",0,6,11,0,"['#java', '#jdk']",[],[],https://pbs.twimg.com/profile_images/1211471732755722241/-17CPnUC_normal.jpg,https://twitter.com/rpalcolea/status/1317228543902846977,tweet_id:1317228543902846977
Pablo Gutiérrez,@PabloMxNL,2020-10-16T13:25:32.000Z,False,more like in perpetual repeat until april ,0,0,0,0,[],[],"['\\U0001f923', '\\U0001f97a', '\\U0001f625']",https://pbs.twimg.com/profile_images/1702754157524893696/rp8c3vLo_normal.jpg,https://twitter.com/PabloMxNL/status/1317094327600975872,tweet_id:1317094327600975872
Tim Nolet,@tim_nolet,2020-10-16T11:16:22.000Z,False,"Oh  I really do  you! But next time you fork my OS project https://github.com/checkly/headless-recorder… and present it as your new service, give the maintainers a short ""nice job, kids"" or something. Not necessary as per the APLv2 license, but still, ya know?https://aws.amazon.com/about-aws/whats-new/2020/10/amazon-cloudwatch-synthetics-launches-recorder-to-generate-user-flow-scripts-for-canaries/…",54,795,"2,827",0,[],['@awscloud'],['\\U0001f495'],https://pbs.twimg.com/profile_images/1446797570962083841/906v0XxO_normal.jpg,https://twitter.com/tim_nolet/status/1317061818574082050,tweet_id:1317061818574082050
CNN Breaking News,@cnnbrk,2020-10-13T20:39:06.000Z,True,"An elderly Dutch woman has become the first known person to die from catching Covid-19 twice, according to experts, raising serious questions about how long immunity and antibodies can last https://cnn.it/3iW4DYr",199,"1,887","2,239",0,[],[],[],https://pbs.twimg.com/profile_images/925092227667304448/fAY1HUu3_normal.jpg,https://twitter.com/cnnbrk/status/1316116275316371463,tweet_id:1316116275316371463
Andres Oppenheimer,@oppenheimera,2020-10-13T22:36:25.000Z,True,"Cayeron los precios del petroleo, cayeron las ventas de las empresas petroleras, Arabia Saudita esta tomando medidas para reducir su dependencia petrolera... y Mexico le apuesta al petroleo. ¿Alguien me lo puede explicar?",174,890,"1,386",0,[],[],[],https://pbs.twimg.com/profile_images/1035578257746231296/OUV8ND6Z_normal.jpg,https://twitter.com/oppenheimera/status/1316145795188613121,tweet_id:1316145795188613121
Andres Oppenheimer,@oppenheimera,2020-10-13T12:24:26.000Z,True,"Esto no es chiste: México tiene 84,000 muertos de COVID-19, los contagios han superado los 821,000 y la economía se desplomó un 10 por ciento este año. ¿Tema del día en México?: El penacho de Moctezuma.",923,"6,208",1.2万,0,[],[],[],https://pbs.twimg.com/profile_images/1035578257746231296/OUV8ND6Z_normal.jpg,https://twitter.com/oppenheimera/status/1315991786007953408,tweet_id:1315991786007953408
Kevin Jon Heller,@kevinjonheller,2020-10-10T13:11:32.000Z,False,"If there is a university with a cooler library than Universidad Nacional Autónoma de México, I’ve yet to see it.",6,86,627,0,[],[],[],https://pbs.twimg.com/profile_images/1598817493065285633/-iRPycGC_normal.jpg,https://twitter.com/kevinjonheller/status/1314916475061194752,tweet_id:1314916475061194752
@norootcause@hachyderm.io on mastodon,@norootcause@hachyderm.io on mastodon,2020-10-06T00:36:15.000Z,False,"Tools with very high usability in the small, but aren't effective at large scale, and crossing the gap is painful: shell scripts, makefiles, markdown, Excel",3,4,24,0,[],[],[],https://pbs.twimg.com/profile_images/789328571374276609/st1qefx4_normal.jpg,https://twitter.com/norootcause/status/1313276850534182919,tweet_id:1313276850534182919
Simpsons Against DevOps,@SimpsonsOps,2020-10-04T03:37:57.000Z,False,Regurgitating an old meme for new dumb takes.,3,36,279,0,[],[],[],https://pbs.twimg.com/profile_images/1378128521537589249/YBIvQzx5_normal.jpg,https://twitter.com/SimpsonsOps/status/1312597803323912192,tweet_id:1312597803323912192
Pablo Gutiérrez,@PabloMxNL,2020-10-04T09:37:44.000Z,False,what a bunch of bs. it's like those interviews that have coding tests in paper and judging on syntax errors rather than problem solving skills. for the record I prefer real code pairing interviews on an IDE.,0,0,1,0,[],[],[],https://pbs.twimg.com/profile_images/1702754157524893696/rp8c3vLo_normal.jpg,https://twitter.com/PabloMxNL/status/1312688344028119040,tweet_id:1312688344028119040
Borja Reinares,@borjareinares,2020-09-24T08:40:14.000Z,False,,3,80,246,0,[],[],['\\U0001f644'],https://pbs.twimg.com/profile_images/607930537848602625/qfaocmyA_normal.jpg,https://twitter.com/borjareinares/status/1309049997254709249,tweet_id:1309049997254709249
Pablo Gutiérrez,@PabloMxNL,2020-09-23T19:42:07.000Z,False,just use kubernetes.,0,0,0,0,[],[],[],https://pbs.twimg.com/profile_images/1702754157524893696/rp8c3vLo_normal.jpg,https://twitter.com/PabloMxNL/status/1308854177808998401,tweet_id:1308854177808998401
Simpsons Against DevOps,@SimpsonsOps,2020-09-21T01:54:27.000Z,False,"I think we've all been here.

*cries in shitty bash deployment script*",1,52,215,0,[],[],[],https://pbs.twimg.com/profile_images/1378128521537589249/YBIvQzx5_normal.jpg,https://twitter.com/SimpsonsOps/status/1307860712602046465,tweet_id:1307860712602046465
Pablo Gutiérrez,@PabloMxNL,2020-09-02T16:42:14.000Z,False,hahahaha ,0,0,0,0,[],[],"['\\U0001f602', '\\U0001f602', '\\U0001f602']",https://pbs.twimg.com/profile_images/1702754157524893696/rp8c3vLo_normal.jpg,https://twitter.com/PabloMxNL/status/1301198762526867456,tweet_id:1301198762526867456
Bartek Ogryczak ⟨@bartek@sfba.social⟩,Bartek Ogryczak ⟨@bartek@sfba.social⟩,2020-08-18T18:23:50.000Z,False,YAML stands for Yelling At My Linter.,3,2,6,0,[],[],[],https://pbs.twimg.com/profile_images/1486760502076133377/_1weC8Mj_normal.jpg,https://twitter.com/var_tec/status/1295788512973856768,tweet_id:1295788512973856768
Pablo Gutiérrez,@PabloMxNL,2020-08-09T14:44:02.000Z,False,Check my afternoon ride on ! #GetOutThere,0,1,0,0,['#GetOutThere'],['@relivecc'],[],https://pbs.twimg.com/profile_images/1702754157524893696/rp8c3vLo_normal.jpg,https://twitter.com/PabloMxNL/status/1292471707702382594,tweet_id:1292471707702382594
Pablo Gutiérrez,@PabloMxNL,2020-07-31T13:00:05.000Z,False,AWS reinvent page was made for mobile chrome only... on Firefox text box not available  ,0,0,0,0,[],[],"['\\U0001f926\\u200d\\u2642\\ufe0f', '\\U0001f926\\u200d\\u2642\\ufe0f', '\\U0001f926\\u200d\\u2642\\ufe0f']",https://pbs.twimg.com/profile_images/1702754157524893696/rp8c3vLo_normal.jpg,https://twitter.com/PabloMxNL/status/1289184057625120768,tweet_id:1289184057625120768
nixCraft,@nixcraft,2020-07-27T11:56:30.000Z,True,Meow attack once again proved that developers could not be trusted securing IT infrastructure. What you need is a good ops/sysadmin team. I spent 2 decades learning & securing stuff. Do you think your 60 line of infrastructure as code is a match for that?,11,81,210,0,[],[],[],https://pbs.twimg.com/profile_images/1209802752819261440/jvir-xNm_normal.jpg,https://twitter.com/nixcraft/status/1287718503902875650,tweet_id:1287718503902875650
Fabiola De la Cueva,@Fabiola31416,2020-07-27T11:16:24.000Z,False,Excellent thread on coding around legacy code https://t.co/LSs9Juevwl,0,3,6,0,[],[],[],https://pbs.twimg.com/profile_images/1457306004/Fabiola_6-19-2011Web_normal.jpg,https://twitter.com/Fabiola31416/status/1287708410960584705,tweet_id:1287708410960584705
Sebastián Ramírez,@tiangolo,2020-07-25T14:00:00.000Z,False,Imagine I apply to that FastAPI job requiring 4+ years of experience They accept my 1.5+ experience (as the author) Next requirement: a specific degree This is my latest official diploma Can we also rethink those degree requirements? ,30,195,871,0,[],[],"['\\u2705', '\\u23f3', '\\U0001f468\\u200d\\U0001f393', '\\U0001f308', '\\U0001f914', '\\U0001f937']",https://pbs.twimg.com/profile_images/1530492623030558720/6Mgqi1Vv_normal.jpg,https://twitter.com/tiangolo/status/1287024807146434560,tweet_id:1287024807146434560
Pablo Gutiérrez,@PabloMxNL,2020-07-24T20:54:35.000Z,False,Otterstadstølen Honolulu                        Tokyo                       Le Morne ,0,0,0,0,[],[],"['\\u2b06\\ufe0f', '\\U0001f1f3\\U0001f1f4', '\\u2b05\\ufe0f', '\\U0001f1fa\\U0001f1f2', '\\u27a1\\ufe0f', '\\U0001f1ef\\U0001f1f5', '\\u2b07\\ufe0f', '\\U0001f1f2\\U0001f1fa']",https://pbs.twimg.com/profile_images/1702754157524893696/rp8c3vLo_normal.jpg,https://twitter.com/PabloMxNL/status/1286766751737352193,tweet_id:1286766751737352193
Charles Oliver Nutter @headius@mastodon.social,Charles Oliver Nutter @headius@mastodon.social,2020-07-23T22:29:08.000Z,False,Java peeps: Did you know you can use more than one letter for your generic type parameters? Stop the madness! T and U and V are terrible identifiers and you should feel bad for using them. Make your type parameters as descriptive as your class names.,42,103,425,0,[],[],[],https://pbs.twimg.com/profile_images/1746986762247831552/4Zsq0heE_normal.jpg,https://twitter.com/headius/status/1286428158451789826,tweet_id:1286428158451789826
European Space Agency,@esa,2020-07-22T15:38:45.000Z,True,"In this video recap, our  comet specialists talk about future comet missions and how to see #cometNEOWISE - but be warned, our comet visitor is getting dimmer and not as easy to spot. Still accessible with binoculars and cameras though ",1,24,62,0,['#cometNEOWISE'],['@esascience'],"['\\u2604\\ufe0f', '\\U0001f609']",https://pbs.twimg.com/profile_images/1580478823447003138/g4y2u_iO_normal.jpg,https://twitter.com/esa/status/1285962494717177856,tweet_id:1285962494717177856
Pablo Gutiérrez,@PabloMxNL,2020-07-22T06:30:51.000Z,False,"""They could have called their approach Fuck It, Overload HTTP (FIOH)""  great post on REST by  https://twobithistory.org/2020/06/28/rest.html…",0,0,1,0,[],['@TwoBitHistory'],"['\\U0001f602', '\\U0001f602', '\\U0001f602']",https://pbs.twimg.com/profile_images/1702754157524893696/rp8c3vLo_normal.jpg,https://twitter.com/PabloMxNL/status/1285824611490439168,tweet_id:1285824611490439168
Víctor Trujillo,@V_TrujilloM,2020-07-17T16:03:19.000Z,True,-No nos anclaremos en el pasado... salvo cuando haya que apostarle a mi futuro. - en ,107,"2,420","8,401",0,[],"['@DrNetas', '@Reforma']",[],https://pbs.twimg.com/profile_images/1468596479157846017/RfqKWH5-_normal.jpg,https://twitter.com/V_TrujilloM/status/1284156736392228864,tweet_id:1284156736392228864
Dirk Groten,@dirkgroten,2020-07-17T13:23:48.000Z,False,"Our minister of health made a signed git commit to the master branch of the website for the Dutch corona tracing app, to mark its launch. Apart from pushing to master on a Friday... Love it!",1,2,9,0,[],[],[],https://pbs.twimg.com/profile_images/751416142279892993/t2-mUqzG_normal.jpg,https://twitter.com/dirkgroten/status/1284116595271507968,tweet_id:1284116595271507968
Markus Eisele,@myfear,2020-07-17T12:10:04.000Z,False,Deserializing API Responses Into #Java Records –   https://bit.ly/3ep4RFi,0,6,20,0,['#Java'],['@techgirl1908'],[],https://pbs.twimg.com/profile_images/1587867813028532231/scpX27ea_normal.jpg,https://twitter.com/myfear/status/1284098040564002816,tweet_id:1284098040564002816
Hadi Hariri,@hhariri,2020-07-12T12:17:08.000Z,False,"They say a good chef is constantly cleaning after themselves while cooking, that way they don't end up with a messy kitchen. As developers we should refactor as we work. Otherwise we'll end up with a mess and endlessly debating when and how to start the clean-up.",24,157,478,0,[],[],[],https://pbs.twimg.com/profile_images/1308623632093114368/CaFKZ_jM_normal.jpg,https://twitter.com/hhariri/status/1282287877494366218,tweet_id:1282287877494366218
Cindy Sridharan,@copyconstruct,2020-07-12T00:43:50.000Z,False,"Blogged: Post commit reviews

Where I question if pre-commit mandatory code reviews are truly needed and what a post-commit review world would look like. 

Caveat: post-commit review doesn’t necessarily mean post-deploy review. http://bit.ly/2Oid8jG",7,32,112,0,[],[],[],https://pbs.twimg.com/profile_images/1718067703712530432/5kvJbych_normal.jpg,https://twitter.com/copyconstruct/status/1282113403285168129,tweet_id:1282113403285168129
Matt Klein,@mattklein123,2020-07-11T17:14:35.000Z,False,"The perception in our industry that you need to ""love what you do,"" ""focus on your side projects,"" ""nerd out,"" and generally ""hustle,"" drives me batty. It is 100% fine to be here purely for the .  https://t.co/HMqMR4R3AB",21,155,788,0,[],[],"['\\U0001f4b0', '\\U0001f9f5']",https://pbs.twimg.com/profile_images/769023810532216833/fNvJJo1b_normal.jpg,https://twitter.com/mattklein123/status/1282000345841852419,tweet_id:1282000345841852419
PUEBLO BICICLETERO,@somosbicibles,2020-07-11T02:43:05.000Z,False,"Hoy entregamos en la oficina de , la petición firmada por 2 mil 155 personas, para exigir que ante la emergencia sanitaria por Covid-19, el  implemente ya #ciclovíasemergentes para dar alternativas de desplazamientos con sana distancia. #MTYciclovíasYA",1,34,49,0,"['#ciclovíasemergentes', '#MTYciclovíasYA']","['@AdrianDeLaGarza', '@mtygob']",[],https://pbs.twimg.com/profile_images/3291016976/f031d90ec884bf0ac8fa89791a1e3300_normal.jpeg,https://twitter.com/somosbicibles/status/1281781025748799490,tweet_id:1281781025748799490
Shei,@queondashei,2020-07-11T15:45:57.000Z,False,Es urgente contar con calles más seguras y más formas de movernos. #MTYciclovíasYA ,0,4,10,0,['#MTYciclovíasYA'],['@AdrianDeLaGarza'],[],https://pbs.twimg.com/profile_images/1239715752623714305/sLkkEyJq_normal.jpg,https://twitter.com/queondashei/status/1281978039107125254,tweet_id:1281978039107125254
Nils Mehlhorn,@n_mehlhorn,2020-07-08T18:55:46.000Z,False,Is it a bird? Is it a plane? Don't know because I'm not using TypeScript,4,23,70,0,[],[],['\\U0001f9b8\\u200d\\u2642\\ufe0f'],https://pbs.twimg.com/profile_images/1116328894536273921/2-KLKhGi_normal.png,https://twitter.com/n_mehlhorn/status/1280938645546053633,tweet_id:1280938645546053633
pictoline,@pictoline,2020-07-06T18:25:07.000Z,True," Ciao, Ennio Morricone ",71,"4,912",1.2万,0,[],[],"['\\U0001f3bc', '\\u2764\\ufe0f']",https://pbs.twimg.com/profile_images/622229165316571136/fmE5CpTB_normal.jpg,https://twitter.com/pictoline/status/1280206158318493696,tweet_id:1280206158318493696
Pablo Gutiérrez,@PabloMxNL,2020-06-25T07:12:31.000Z,True,game over. Amazon is taking our jobs ,0,0,1,0,[],[],"['\\U0001f61c', '\\U0001f61c', '\\U0001f602', '\\U0001f602']",https://pbs.twimg.com/profile_images/1702754157524893696/rp8c3vLo_normal.jpg,https://twitter.com/PabloMxNL/status/1276050624921178112,tweet_id:1276050624921178112
Werner Vogels,@Werner,2020-06-22T11:58:09.000Z,True,Dear fellow Europeans. I understand your 3 months of lock down frustration. But organizations like CoronaMadness protesting corona measures and argue to roll back to the old normal are dangerous to the health of all of us. Take one look at a country that is following your advice.,11,139,465,0,[],[],[],https://pbs.twimg.com/profile_images/563188960394891264/z3-Rh11q_normal.jpeg,https://twitter.com/Werner/status/1275035345084649472,tweet_id:1275035345084649472
Fran Moreno,@morvader,2020-06-05T11:42:41.000Z,False, hey! here is the english version of my article published at  . Hope you like it ;),1,3,6,0,[],"['@pact_up', '@DZoneInc']",[],https://pbs.twimg.com/profile_images/1673788377143943168/U1N3Ut_r_normal.jpg,https://twitter.com/morvader/status/1268870856522051587,tweet_id:1268870856522051587
EL PAÍS,@el_pais,2020-06-04T04:16:13.000Z,True,"Suecia hace autocrítica. Por primera vez, admiten fallos y adelantan una investigación. El país, que no cerró en casa a sus 10 millones de habitantes, tiene 4.468 muertos frente a los 237 de Noruega, los 580 de Dinamarca y los 320 de Finlandia",96,"1,867","1,998",0,[],[],[],https://pbs.twimg.com/profile_images/1236548818402971648/F-pcFaq6_normal.jpg,https://twitter.com/el_pais/status/1268396110885851137,tweet_id:1268396110885851137
Pablo Gutiérrez,@PabloMxNL,2020-05-30T21:01:18.000Z,False,Check out afternoon ride around the Amstel on ! #GetOutThere https://relive.cc/view/vwq17JVEoLO…,0,0,0,0,['#GetOutThere'],['@relivecc'],[],https://pbs.twimg.com/profile_images/1702754157524893696/rp8c3vLo_normal.jpg,https://twitter.com/PabloMxNL/status/1266837111229079554,tweet_id:1266837111229079554
Pablo Gutiérrez,@PabloMxNL,2020-05-30T15:32:16.000Z,False,another reason to just use . FF has better privacy controls than Edge and Chrome.,1,0,0,0,[],['@Firefox'],[],https://pbs.twimg.com/profile_images/1702754157524893696/rp8c3vLo_normal.jpg,https://twitter.com/PabloMxNL/status/1266754308491509760,tweet_id:1266754308491509760
Andres Oppenheimer,@oppenheimera,2020-05-30T13:03:14.000Z,True,"Paraguay, Costa Rica and Uruguay have COVID-19 death rates of less than 1 per 100,000 people, among the world's lowest. By comparison, the U.S. COVID-19 death rate is of 30 deaths per 100,000 people. What went wrong in the United States? Read: http://hrld.us/3dfiJlC ",3,18,45,0,[],['@miamiherald'],[],https://pbs.twimg.com/profile_images/1035578257746231296/OUV8ND6Z_normal.jpg,https://twitter.com/oppenheimera/status/1266716801213308929,tweet_id:1266716801213308929
Pablo Gutiérrez,@PabloMxNL,2020-05-30T13:33:06.000Z,True,hoping that either 2020 gets better or at least that it passes in the blink of an eye,0,0,0,0,[],[],[],https://pbs.twimg.com/profile_images/1702754157524893696/rp8c3vLo_normal.jpg,https://twitter.com/PabloMxNL/status/1266724319113162764,tweet_id:1266724319113162764
Alexandria Ocasio-Cortez,@AOC,2020-05-29T20:10:48.000Z,True,"Police brutality + targeting Black communities: unjust

100k+ COVID deaths w/ disproportionate Black impact: needless

40+ million unemployed: unnecessary

Poverty: unnecessary
Homelessness: unnecessary
Low wages: unnecessary

None of this has to happen.
A new way is possible.","1,183","9,596",4.9万,0,[],[],[],https://pbs.twimg.com/profile_images/923274881197895680/AbHcStkl_normal.jpg,https://twitter.com/AOC/status/1266462014160941057,tweet_id:1266462014160941057
César Miramontes,@UnMiramontesMas,2020-05-28T15:47:55.000Z,False,"Ya me llegó el resumen de los mejores espacios tecnológicos para el emprendimiento en 2020.
Adivinen qué país descendió 9 lugares en el ranking global y pasó de 2do a 4to lugar en Latinoamérica. 
Les doy una pista: Anda midiendo el crecimiento con bienestar y sonrisas...",6,12,40,0,[],[],[],https://pbs.twimg.com/profile_images/1349057123100065794/1M5ZJt2m_normal.jpg,https://twitter.com/UnMiramontesMas/status/1266033471312613376,tweet_id:1266033471312613376
Dina Kazakevich,@dinakazakevich,2020-05-27T15:05:54.000Z,False,"I'm working on an article about things that tech leaders and managers need to know about software testing. If you could contribute one tip, what would it be? Please retweet to get wider audience input",32,22,33,0,[],[],[],https://pbs.twimg.com/profile_images/1423584476345430020/bTdiW8PJ_normal.jpg,https://twitter.com/dinakazakevich/status/1265660506947420160,tweet_id:1265660506947420160
Eduardo Salles,@sallesino,2020-05-27T18:53:07.000Z,False,"2010: YOLO
2020: LLORO",8,911,"2,970",0,[],[],[],https://pbs.twimg.com/profile_images/709050254549590016/De4uSdVW_normal.jpg,https://twitter.com/sallesino/status/1265717690242674689,tweet_id:1265717690242674689
Marco Levario Turcott,@Arouet_V,2020-05-17T01:34:36.000Z,True,"""Es que vamos a fomentar la generación de energías con recursos renovables, con el viento, con el sol y con el agua"": AMLO, cuando estaba en campaña. ",983,"6,751","8,630",0,[],['@Sancus6'],[],https://pbs.twimg.com/profile_images/1582535301020401665/_39PO4cq_normal.jpg,https://twitter.com/Arouet_V/status/1261832457554407425,tweet_id:1261832457554407425
Swear Trek,@swear_trek,2020-05-17T14:00:26.000Z,False,,5,377,"1,358",0,[],[],[],https://pbs.twimg.com/profile_images/1083781898160136192/PjDinICI_normal.jpg,https://twitter.com/swear_trek/status/1262020153056911361,tweet_id:1262020153056911361
Ɠuglièlmo Ɲígri,@googlielmo,2020-05-16T10:39:40.000Z,False,"Hey PMs of the world, you know email should be VERIFIED after sign up, right? Oh I see... you run just a little family business, so who cares ",0,1,1,0,[],[],['\\U0001f926\\u200d\\u2642\\ufe0f'],https://pbs.twimg.com/profile_images/1389512777975410691/MO8iBldW_normal.jpg,https://twitter.com/googlielmo/status/1261607242614308864,tweet_id:1261607242614308864
Jorge Álvarez Máynez,@AlvarezMaynez,2020-05-09T03:40:00.000Z,True,Esto es lo que el presidente dijo sobre la crisis más grave que ha enfrentado la humanidad en un siglo. Y esa es la razón por la que hoy estamos aquí:,"1,635",1.3万,1.8万,0,[],[],[],https://pbs.twimg.com/profile_images/1774671753035345920/cfCN8aN5_normal.jpg,https://twitter.com/AlvarezMaynez/status/1258964912392384512,tweet_id:1258964912392384512
Jeff Atwood,@codinghorror,2020-05-08T19:34:02.000Z,True,"If you are not regularly making payments on your accrued technical debt as a company, you are screwing up.",8,74,289,0,[],[],[],https://pbs.twimg.com/profile_images/1517287320235298816/Qx-O6UCY_normal.jpg,https://twitter.com/codinghorror/status/1258842617657257984,tweet_id:1258842617657257984
Cycling Professor ,@fietsprofessor,2020-04-01T11:51:10.000Z,False,"Amsterdam used 1970s oil crisis as catalyst for change. It took 40 years of consistent planning since then to become the cycling city we know today.

Will your city embrace todays crisis as seed for positive change?

~Damrak, 1970s-2010s",31,"1,243","2,688",0,[],[],[],https://pbs.twimg.com/profile_images/1185174183971557376/_9DHelpD_normal.jpg,https://twitter.com/fietsprofessor/status/1245317779672236035,tweet_id:1245317779672236035
Santiago Arau,@Santiago_Arau,2020-04-17T22:19:15.000Z,False,"Alameda Central y Bellas Artes.
Abril, 2020.",36,892,"3,977",0,[],[],[],https://pbs.twimg.com/profile_images/1002262351922556928/GLSYzSjI_normal.jpg,https://twitter.com/Santiago_Arau/status/1251274050426396672,tweet_id:1251274050426396672
Mario Fusco,@mariofusco,2020-04-16T05:58:40.000Z,False,"The 3 most dangerous humans in the world are a back-end developer designing a GUI, a front-end developer writing a SQL query and, as obvious consequence, anybody defining himself a full-stack developer.",34,467,"1,064",0,[],[],[],https://pbs.twimg.com/profile_images/1749740563555930112/n0i9F4yd_normal.jpg,https://twitter.com/mariofusco/status/1250664888478949377,tweet_id:1250664888478949377
nixCraft,@nixcraft,2020-04-17T08:30:01.000Z,True,"$ sudo systemctl restart 2020
Failed to restart 2020.service

$ sudo systemctl stop 2020
Failed to stop 2020.service

$ sudo killall -9 2020
2020: process cannot be killed by root (0)

$ sudo systemctl status 2020
2020:  It is not a bug, it is a feature.",26,362,834,0,[],[],[],https://pbs.twimg.com/profile_images/1209802752819261440/jvir-xNm_normal.jpg,https://twitter.com/nixcraft/status/1251065364403744769,tweet_id:1251065364403744769
James Willett,@TheJamesWillett,2020-04-16T16:56:07.000Z,False,"It's easy to focus on what you DON'T have.

That you can forget all the things you DO have.

Focus on the positives however big or small they are:

- The roof over your head
- Food on the table
- Sunlight
-  Friends & family

Life is easier from a position of gratitude.",1,12,26,0,[],[],"['\\U0001f3e1', '\\U0001f35d', '\\u2600\\ufe0f', '\\U0001f46b']",https://pbs.twimg.com/profile_images/1639376845039706112/1XmlL14A_normal.png,https://twitter.com/TheJamesWillett/status/1250830341587296260,tweet_id:1250830341587296260
Allen Holub @allenholub.bsky.social,Allen Holub @allenholub.bsky.social,2020-04-15T16:01:33.000Z,False,Refactoring without tests is like crossing a busy street blindfolded.,5,34,87,0,[],[],[],https://pbs.twimg.com/profile_images/1042085119505227777/l3Xhlcse_normal.jpg,https://twitter.com/allenholub/status/1250454220131590145,tweet_id:1250454220131590145
Gergely Orosz,@GergelyOrosz,2020-04-14T15:39:50.000Z,False,"What do places have in common where developers *like* to work, thrive, and rarely think of leaving or switching?

After talking with dozens of developers, and reflecting on my experience, here is what I found.

The Developer Culture Test: https://blog.pragmaticengineer.com/the-developer-culture-test/…",0,33,97,0,[],[],[],https://pbs.twimg.com/profile_images/673095429748350976/ei5eeouV_normal.png,https://twitter.com/GergelyOrosz/status/1250086370858668032,tweet_id:1250086370858668032
Marcela Torres,@marcetorresg,2020-04-14T18:26:48.000Z,False,Oigan compartan este mapa increíble para frenar la curva y apoyar a negocios locales (cc: gracias  ) https://mx.mapa.frenalacurva.net/views/map,1,29,41,0,[],['@CodeandoMexico'],[],https://pbs.twimg.com/profile_images/1709686229829136384/kKKEQF_v_normal.jpg,https://twitter.com/marcetorresg/status/1250128386770571265,tweet_id:1250128386770571265
Mariana Luiselli,@mluiselli,2020-04-14T17:21:15.000Z,False,OJO: LEER/LEER. LEER. Mucho me temo que esta es de esas editoriales que no se olvidan. De Martin Wolf/ The world economy is now collapsing https://ft.com/content/d5f05b5c-7db8-11ea-8fdb-7ec06edeef84?segmentid=acee4131-99c2-09d3-a635-873e61754ec6… via ,1,8,11,0,[],['@financialtimes'],[],https://pbs.twimg.com/profile_images/1778036663018491904/7LR14iY8_normal.jpg,https://twitter.com/mluiselli/status/1250111893282394112,tweet_id:1250111893282394112
Lourdes Melgar,@LourdesMelgar,2020-04-14T17:09:57.000Z,False,"vaya apoyo a la economía familar, justo cuando muchas familias están consumiendo más energía eléctrica y están en riesgo de entrar a tarifa DAC.
Dado que el precio de los combustibles están bajando, la tarifa debería bajar significativamente en los próximos meses.",19,181,237,0,[],[],"['\\U0001f447\\U0001f3fc', '\\U0001f447\\U0001f3fc', '\\U0001f447\\U0001f3fc']",https://pbs.twimg.com/profile_images/1238342605404069888/Z8LqXEZt_normal.jpg,https://twitter.com/LourdesMelgar/status/1250109048474734593,tweet_id:1250109048474734593
Polichuk Alina,@PolichukAlina,2020-04-13T08:30:54.000Z,False,Choose your quarantine character PART 2!,86,"2,904",1万,0,[],[],['\\U0001f449'],https://pbs.twimg.com/profile_images/1354482709591175174/DqE6hapU_normal.jpg,https://twitter.com/PolichukAlina/status/1249616037781389312,tweet_id:1249616037781389312
Gustavo de Hoyos Walther,@gdehoyoswalther,2020-04-11T23:43:04.000Z,True,"Entrevistado por  en  (2009), el activista  refiriendo la crisis del A(HIN1) preguntaba (6’38) ¿Donde están los apoyos a los pequeños y medianos empresarios? El mismo cuestionamiento, lo hacemos hoy. ¿Donde están?",424,"3,811","6,293",0,[],"['@puigcarlos', '@WRADIOMexico', '@lopezobrador_']",['\\U0001f399'],https://pbs.twimg.com/profile_images/1685304904087187456/-UiMpSVz_normal.jpg,https://twitter.com/gdehoyoswalther/status/1249120816228417537,tweet_id:1249120816228417537
R3D,@R3Dmx,2020-04-11T21:00:26.000Z,True,¡Tenemos que estar alerta ante la desinformación! Te decimos cómo aprovechar los operadores de búsqueda de Google para revisar información sobre el #Covid_19  ,0,12,7,0,['#Covid_19'],[],"['\\U0001f9a0', '\\U0001f449']",https://pbs.twimg.com/profile_images/1553081495388037120/-2Xi4x34_normal.png,https://twitter.com/R3Dmx/status/1249079887761211397,tweet_id:1249079887761211397
Pablo Gutiérrez,@PabloMxNL,2020-04-09T08:04:32.000Z,False,"I saw this on LinkedIn.

""What kind of world do we want after covid-19?"" by http://caislas.name/blog/?p=3335",0,0,0,0,[],['@caislas'],[],https://pbs.twimg.com/profile_images/1702754157524893696/rp8c3vLo_normal.jpg,https://twitter.com/PabloMxNL/status/1248159851575984128,tweet_id:1248159851575984128
Presunto Culpable,@PresuntoC,2020-04-09T04:43:32.000Z,False,"There are zero advantages in ""the sentinel model."" You can't fight an enemy that you cannot see.",1,4,5,0,[],[],[],https://pbs.twimg.com/profile_images/1470013188590772229/m_DbvaMi_normal.jpg,https://twitter.com/PresuntoC/status/1248109266914799616,tweet_id:1248109266914799616
Presunto Culpable,@PresuntoC,2020-04-09T04:47:44.000Z,True,"Lo importante es poder 
1. detectar, 
2. confinar,
3. rastrear contactos,
4. detectar si hay contagio
5. confinar... entre más pronto se haga más barato es. 
Hoy no tenemos ni números, ni como detectar ni dónde confinar, ni cómo rastrear.",1,6,12,0,[],[],[],https://pbs.twimg.com/profile_images/1470013188590772229/m_DbvaMi_normal.jpg,https://twitter.com/PresuntoC/status/1248110322952491013,tweet_id:1248110322952491013
Ben Sandofsky,@sandofsky,2020-04-07T20:56:40.000Z,False,"Uber in 2016: “We have thousands of microservices.”
Everyone: “That sounds insane.""

Uber in 2020: “It turns out that was insane.”",58,"1,707","7,876",0,[],[],[],https://pbs.twimg.com/profile_images/1421519225298903047/w8vlWgD-_normal.jpg,https://twitter.com/sandofsky/status/1247629388104880129,tweet_id:1247629388104880129
Kohsuke Kawaguchi,@kohsukekawa,2020-04-08T03:24:17.000Z,False,"I mentioned to our colleagues that we should collect and curate those news, which I thought will rebuild the trust and the confidence in ourselves, and look what  made! https://covid19positivenews.com",1,9,14,0,[],['@singh_harpreet'],[],https://pbs.twimg.com/profile_images/1301239284121231360/QQI8veJl_normal.jpg,https://twitter.com/kohsukekawa/status/1247726935519588362,tweet_id:1247726935519588362
Cindy Sridharan,@copyconstruct,2020-04-06T11:54:13.000Z,False,"- Microservices are hard.
- Building reliable and testable microservices is a lot harder than most folks think
- Effectively *testing* microservices requires a ton of tooling and foresight.
- A Netflix/Uber style microservices isn't required by many (most?) orgs.
- Macroservices?",40,441,"1,780",0,[],[],[],https://pbs.twimg.com/profile_images/1718067703712530432/5kvJbych_normal.jpg,https://twitter.com/copyconstruct/status/1247130488667394049,tweet_id:1247130488667394049
Shahzada Hatim,@geoaxis,2020-04-06T14:32:16.000Z,False,"First law of microservices, don't do microservices. It is good to copy questions of why/what of likes of Netflix, Uber etc and not take their answers of how. Too man business folks think they will get million users in a year. Stay clear of grandiose claims. Build boring stack 1st",0,11,85,0,[],[],[],https://pbs.twimg.com/profile_images/1580606010263277568/qT8Af0OO_normal.jpg,https://twitter.com/geoaxis/status/1247170264137424896,tweet_id:1247170264137424896
"Rictus, Caricaturista",@monerorictus,2020-04-06T06:09:36.000Z,False,El tamaño del problema...,10,414,"1,492",0,[],[],[],https://pbs.twimg.com/profile_images/1091562778651811840/_dc652gn_normal.jpg,https://twitter.com/monerorictus/status/1247043764197167104,tweet_id:1247043764197167104
Valeria Moy,@ValeriaMoy,2020-04-05T23:00:32.000Z,True,"No solo no se anunció ningún plan de reactivación económica. Se mostró también que no hay ningún plan de emergencia, ni la idea de una política fiscal para detener el golpe. Otra oportunidad que se desperdicia. Y así se van se van los años para lograr hacer de este un mejor país.",163,"1,985","4,633",0,[],[],[],https://pbs.twimg.com/profile_images/1237469113036963841/q8_jH2a-_normal.jpg,https://twitter.com/ValeriaMoy/status/1246935784663339011,tweet_id:1246935784663339011
Pedro Kumamoto,@pkumamoto,2020-04-05T22:47:54.000Z,True,"Es cierto, el modelo de privatizar las ganancias y socializar las pérdidas debe acabar. Por otro lado, austeridad gubernamental, inversión pública en refinerías y evitar impuestos progresivos NO es eso. 

Nosotros creemos en esto:",53,319,"1,042",0,[],[],[],https://pbs.twimg.com/profile_images/1774316981568638976/7RtiSWXQ_normal.jpg,https://twitter.com/pkumamoto/status/1246932606752567297,tweet_id:1246932606752567297
Pedro Kumamoto,@pkumamoto,2020-04-05T22:41:40.000Z,True,"¿Qué acaba de pasar? 

Esta emergencia requiere medidas serias. Lo de hoy es solo una reiteración, no alcanza para hacerle frente a la crisis.",285,"1,966","8,741",0,[],[],[],https://pbs.twimg.com/profile_images/1774316981568638976/7RtiSWXQ_normal.jpg,https://twitter.com/pkumamoto/status/1246931037101461504,tweet_id:1246931037101461504
Amb. Arturo Sarukhan,@Arturo_Sarukhan,2020-04-05T22:49:47.000Z,False,"Sensatez básica: si estás dentro de un hoyo, deja de cavar.",107,"2,397","7,737",0,[],[],[],https://pbs.twimg.com/profile_images/1551622599892996096/Z8oaXSMI_normal.jpg,https://twitter.com/Arturo_Sarukhan/status/1246933076590149633,tweet_id:1246933076590149633
Denise Dresser,@DeniseDresserG,2020-04-05T22:59:01.000Z,True,"Urgía golpe de timón, reconocimiento de la crisis, plan integral para enfrentar la emergencia

En vez de eso  dio un informe de gobierno auto congratulatorio, alejado de la realidad

Afirmó que “México seguirá de pie” 

Con su obcecación, AMLO lo pone de rodillas","2,005","6,277",1.6万,0,[],['@lopezobrador_'],[],https://pbs.twimg.com/profile_images/1747359744476561408/W2gJBB0d_normal.jpg,https://twitter.com/DeniseDresserG/status/1246935401404739591,tweet_id:1246935401404739591
Danielle Baskin,@djbaskin,2020-04-05T03:16:33.000Z,False,Choosing your quarantine character  https://twitter.com/Don_Favs/status/1246469203323912199/video/1…,"3,870",18万,67万,0,[],[],"['\\U0001f37e', '\\U0001f44f', '\\U0001f602']",https://pbs.twimg.com/profile_images/1490143579385122817/dJNR6KHT_normal.jpg,https://twitter.com/djbaskin/status/1246637822959693825,tweet_id:1246637822959693825
John Arundel,@bitfield,2020-04-03T07:15:03.000Z,True,"Who could have guessed that we can’t do our best work when our attention is scattered across 12 open apps, 34 ongoing conversations on several devices, and a to-do list a mile long?",3,15,67,0,[],[],[],https://pbs.twimg.com/profile_images/2550451333/upr558w4gb7mdgopk0af_normal.jpeg,https://twitter.com/bitfield/status/1245973067781767169,tweet_id:1245973067781767169
@jlink@det.social,@jlink@det.social,2020-03-28T09:59:38.000Z,False,I fixed time and date for my first online session on Property-based Testing. It will happen next Tuesday at 13.00 UTC (15:00 German time). Anyone can participate. Check https://johanneslink.net/online/ for details about joining.,0,13,8,0,[],[],[],https://pbs.twimg.com/profile_images/1550001357851074565/oUCtuaR0_normal.jpg,https://twitter.com/johanneslink/status/1243840160715980801,tweet_id:1243840160715980801
Reuters,@Reuters,2020-03-28T07:30:00.000Z,True,Musicians from the Rotterdam Philharmonic Orchestra virtually came together to play Beethoven’s ‘Ode to Joy’ from their homes,59,805,"1,358",0,[],[],[],https://pbs.twimg.com/profile_images/1194751949821939712/3VBu4_Sa_normal.jpg,https://twitter.com/Reuters/status/1243802503868792835,tweet_id:1243802503868792835
Bilgin Ibryam,@bibryam,2020-03-24T07:20:03.000Z,False,"“Let’s use Kubernetes!” Now you have 8 problemshttps://buff.ly/2Tp8NP6> If you’re part of a small team, Kubernetes probably isn’t for you: it’s a lot of pain with very little benefits.",1,31,74,0,[],[],[],https://pbs.twimg.com/profile_images/1779610675431591936/WMVtJ651_normal.jpg,https://twitter.com/bibryam/status/1242350447425437698,tweet_id:1242350447425437698
Rodrigo Pacheco,@Rodpac,2020-03-22T18:04:16.000Z,True,"Nos asomamos a la peor crisis económica de la historia resiente, una recesión global y ¿qué hacemos? Tirar una inversión de 1,400 mdd mediante un proceso irregular.",282,"2,587","4,827",0,[],[],[],https://pbs.twimg.com/profile_images/1451590337244405761/ksyz3OuE_normal.jpg,https://twitter.com/Rodpac/status/1241787793921064960,tweet_id:1241787793921064960
Allen Holub @allenholub.bsky.social,Allen Holub @allenholub.bsky.social,2020-03-22T21:57:01.000Z,False,The current version of @zoom_us silently spies on you & tells meeting hosts whether you're paying attention or not. (The host can turn that off. You can't.) That's not okay. They're effectively promoting organizational dysfunction by enabling over-controlling abusive bosses.,7,38,99,0,[],[],[],https://pbs.twimg.com/profile_images/1042085119505227777/l3Xhlcse_normal.jpg,https://twitter.com/allenholub/status/1241846370400473089,tweet_id:1241846370400473089
Dr. Saiph Savage,@saiphcita,2020-03-22T19:24:00.000Z,False,"Looking to help citizen crowds in Latin America to create 3D printed medical devices for the Coronavirus Pandemic?

See these amazing links to understand the medical maker community in the region to help:  https://hub.e-nable.org/s/chapter-spotlight/wiki/page/view?title=INTERO+UNAM+LAB+%7C+Mexico+City%2C+Mexico+%7C+July+2019…",1,18,21,0,"['', '']",['@MexicoMakers'],"['\\U0001f4e2', '\\U0001f6e0\\ufe0f', '\\U0001f6e0\\ufe0f']",https://pbs.twimg.com/profile_images/1767580017427374080/cwXVCNZv_normal.jpg,https://twitter.com/saiphcita/status/1241807861706944513,tweet_id:1241807861706944513
Carlos López Jones,@Carloslopezjone,2020-03-21T05:51:18.000Z,False,"Sr  

Antes de Twitear, ¡haga cuentas! 52,000 pesos por 54 millones, que Usted propone, da 2.8 billones de pesos

Usted dice que eso es el 1% de la riqueza, tendrían 280.8 billones

TODO el PIB nacional es de 24 billones, 20 veces menos 

Saludos ",125,512,"1,624",0,[],['@TenochHuerta'],"['\\U0001f609', '\\U0001f600']",https://pbs.twimg.com/profile_images/1405255365801877504/sQpVa9z3_normal.jpg,https://twitter.com/Carloslopezjone/status/1241240951005339650,tweet_id:1241240951005339650
Pablo Gutiérrez,@PabloMxNL,2020-03-21T11:07:57.000Z,False,"never saw these visualizations in  before. this song by  I first miss read as ""Corona"" days ",0,0,0,0,[],"['@Spotify', '@rodgab']","['\\U0001f602', '\\U0001f602', '\\U0001f602']",https://pbs.twimg.com/profile_images/1702754157524893696/rp8c3vLo_normal.jpg,https://twitter.com/PabloMxNL/status/1241320639287513088,tweet_id:1241320639287513088
Jon Passantino,@passantino,2020-03-19T21:39:10.000Z,True,California Gov Newsom letter to Trump requesting hospital ship: “We project that roughly 56% of our population — 25.5 million people — will be infected with the virus over an eight week period.” (!!),287,"2,778","4,574",0,[],[],[],https://pbs.twimg.com/profile_images/1663606622378242050/o3criAkM_normal.jpg,https://twitter.com/passantino/status/1240754714213376000,tweet_id:1240754714213376000
LGR,@lazygamereviews,2020-03-18T22:29:07.000Z,False,"Well lookie here, I managed to find a copy of Beavis & Butthead Barney Wolfenstein! Yep, this was a thing. A rather infamous early mod, and this is the only one I've found on disk so far.",41,208,"1,220",0,[],[],[],https://pbs.twimg.com/profile_images/1342850104210944001/nAj5ldwz_normal.jpg,https://twitter.com/lazygamereviews/status/1240404894684778497,tweet_id:1240404894684778497
follow @danajaybein.bsky.social,follow @danajaybein.bsky.social,2020-03-18T16:02:16.000Z,False,"I've lost my mind.

I wrote Coronavirus Rhapsody:

Is this a sore throat?
Is this just allergies?
Caught in a lockdown
No escape from reality.","5,226",16万,49万,0,[],[],[],https://pbs.twimg.com/profile_images/1676008509215784961/tDcCJNOc_normal.jpg,https://twitter.com/danajaybein/status/1240307541491494912,tweet_id:1240307541491494912
Anna Filina,@afilina,2020-03-16T18:42:49.000Z,False,"Me, at every other line in this legacy codebase that should have never been written.",31,79,289,0,[],[],[],https://pbs.twimg.com/profile_images/1591266065182507008/m7bX2gpv_normal.jpg,https://twitter.com/afilina/status/1239623168681271296,tweet_id:1239623168681271296
Pablo Gutiérrez,@PabloMxNL,2020-03-18T07:57:21.000Z,False,day three. this shit just got scary,1,0,0,0,[],[],[],https://pbs.twimg.com/profile_images/1702754157524893696/rp8c3vLo_normal.jpg,https://twitter.com/PabloMxNL/status/1240185509760192512,tweet_id:1240185509760192512
Pablo Gutiérrez,@PabloMxNL,2020-03-18T08:00:20.000Z,False,thankfully it succeeded,0,0,0,0,[],[],[],https://pbs.twimg.com/profile_images/1702754157524893696/rp8c3vLo_normal.jpg,https://twitter.com/PabloMxNL/status/1240186261232640000,tweet_id:1240186261232640000
Mario Fusco,@mariofusco,2020-03-18T06:56:11.000Z,False,Refactoring is taking things that suck in ways that annoy you and replacing them with things that suck in ways that annoy others.,1,42,101,0,[],[],[],https://pbs.twimg.com/profile_images/1749740563555930112/n0i9F4yd_normal.jpg,https://twitter.com/mariofusco/status/1240170116433752064,tweet_id:1240170116433752064
DM of Engineering,@dmofengineering,2020-03-17T22:11:04.000Z,False,Whoever estimated this COVID-19 ticket need to come see me.,4,86,359,0,[],[],[],https://pbs.twimg.com/profile_images/989319601245769728/Hirg-zWU_normal.jpg,https://twitter.com/dmofengineering/status/1240037966912741378,tweet_id:1240037966912741378
daniel:// stenberg://,@bagder,2020-03-17T15:18:06.000Z,False,"curl write-out JSON! https://daniel.haxx.se/blog/2020/03/17/curl-write-out-json/… - yes, json. Get info output directly as JSON from curl. Coming soon.",7,56,199,0,[],[],[],https://pbs.twimg.com/profile_images/1407469211136450565/VOQGppj0_normal.jpg,https://twitter.com/bagder/status/1239934040322473984,tweet_id:1239934040322473984
World Health Organization (WHO),@WHO,2020-03-16T15:57:30.000Z,True,"""We have a simple message for all countries:
test
test
test.

Test every suspected #COVID19 case. 

If they test positive, isolate them & find out who they have been in close contact with up to 2 days before they developed symptoms & test those people too""- #coronavirus",627,2.3万,2.7万,0,"['#COVID19', '#coronavirus']",['@DrTedros'],[],https://pbs.twimg.com/profile_images/1572512818796335105/YF_H68EL_normal.jpg,https://twitter.com/WHO/status/1239581568101945348,tweet_id:1239581568101945348
Noticias ONU,@NoticiasONU,2020-03-17T00:00:00.000Z,True,Repasa las noticias sobre el #coronavirus  #COVID19Sin hacer más pruebas no se logrará frenar la #pandemiaLos niños también están en peligro El Gobierno de #México debe liderar la respuesta En #España tienen que obedecer a las autoridades,11,251,273,0,"['#coronavirus', '#COVID19', '#pandemia', '#México', '#España']",[],"['\\U0001f50a', '\\U0001f50a', '\\U0001f50a', '\\U0001f50a']",https://pbs.twimg.com/profile_images/1166792020918185987/V1W_nzVx_normal.jpg,https://twitter.com/NoticiasONU/status/1239702990958637058,tweet_id:1239702990958637058
AlexandraZapataHojel,@azapatah,2020-03-16T19:03:44.000Z,False,Ojalá el presidente supiera que una de las cosas más importantes que puede hacer él por la economía mexicana hoy es mantenerse sano. #Coronavirus,3,11,38,0,['#Coronavirus'],[],[],https://pbs.twimg.com/profile_images/1709984326425722880/XSw_6P2V_normal.jpg,https://twitter.com/azapatah/status/1239628432583069696,tweet_id:1239628432583069696
DHH,@dhh,2020-03-15T20:23:51.000Z,True,"Do you know of a tech company that’s asking people who could work from home to come to the office? Reply to this thread, so we can track these irresponsible organizations, and remember their names even after this is over.",424,"3,687","7,455",0,[],[],[],https://pbs.twimg.com/profile_images/1746980162607140864/fG9Fj4K__normal.jpg,https://twitter.com/dhh/status/1239286206803742721,tweet_id:1239286206803742721
Romit Bhattacharya,@RomitB_MD,2020-03-14T16:44:35.000Z,False,South Korea was doing a heroic job controlling #COVID for the first 30 patients. Then #Patient31 did not adhere to #socialdistancing. Caused 2 clusters responsble for 80% of South Koreas infections. Don't be #Patient31. #CancelEverything #medtwitter https://graphics.reuters.com/CHINA-HEALTH-SOUTHKOREA-CLUSTERS/0100B5G33SB/index.html…,471,5.8万,9.9万,0,"['#COVID', '#Patient31', '#socialdistancing', '#Patient31', '#CancelEverything', '#medtwitter']",[],[],https://pbs.twimg.com/profile_images/1468756286040858625/fSKvliPb_normal.jpg,https://twitter.com/RomitB_MD/status/1238868640377851904,tweet_id:1238868640377851904
Pablo Gutiérrez,@PabloMxNL,2020-03-14T10:19:51.000Z,False,https://staythefuckhome.com,0,0,1,0,[],[],[],https://pbs.twimg.com/profile_images/1702754157524893696/rp8c3vLo_normal.jpg,https://twitter.com/PabloMxNL/status/1238771820070928384,tweet_id:1238771820070928384
FAKEGRIMLOCK,@FAKEGRIMLOCK,2020-03-11T21:12:37.000Z,False,"THERE 3 KIND OF LIVE CODING TEST:

1. ANY IDIOT COULD DO, DO AGAIN FOR 20TH TIME

2. NOTHING TO DO WITH JOB OR SKILLS, DO ANYWAY

3. READ MIND OF TESTER OR FAIL, ONLY HIRE TELEPATHS HERE",1,6,13,0,[],[],[],https://pbs.twimg.com/profile_images/1267894013652348931/-zZ367a9_normal.jpg,https://twitter.com/FAKEGRIMLOCK/status/1237848928399187975,tweet_id:1237848928399187975
RIVM,@rivm,2020-03-11T13:19:01.000Z,False,Er zijn sinds gisteren 121 nieuwe patiënten met #COVID-19 bij het RIVM gemeld. Hiermee komt het totaal aantal positieve testen in Nederland op 503. Daarnaast is er een vijfde persoon aan het #coronavirus overleden. Meer info: http://bit.ly/2IzHBH8#COVID19,359,405,223,0,"['#COVID', '#coronavirus', '#COVID19']",[],[],https://pbs.twimg.com/profile_images/1700173637339205632/PgOpx1BE_normal.png,https://twitter.com/rivm/status/1237729745938403333,tweet_id:1237729745938403333
Joshua Bloch,@joshbloch,2020-03-10T21:11:52.000Z,False,Ars Technica has an interesting article on Google v. Oracle and the right to reimplement APIs,0,24,44,0,[],[],[],https://pbs.twimg.com/profile_images/557261821850046465/Du8e1WXi_normal.jpeg,https://twitter.com/joshbloch/status/1237486352851230720,tweet_id:1237486352851230720
Presunto Culpable,@PresuntoC,2020-03-09T05:57:55.000Z,False,Les sugiero leer esta explicación sobre lo que está pasando con el precio del petróleo y cómo nos va a afectar. ,1,9,19,0,[],[],['\\U0001f447\\U0001f3fe'],https://pbs.twimg.com/profile_images/1470013188590772229/m_DbvaMi_normal.jpg,https://twitter.com/PresuntoC/status/1236893959814656005,tweet_id:1236893959814656005
Stephen Connolly,@connolly_s,2020-03-08T10:08:15.000Z,False,Shorter version: don’t use Lombok,9,35,111,0,[],[],[],https://pbs.twimg.com/profile_images/1416387368249135105/LMj_OWrF_normal.jpg,https://twitter.com/connolly_s/status/1236594572790312961,tweet_id:1236594572790312961
nixCraft,@nixcraft,2020-03-03T17:42:01.000Z,True,"Let's Encrypt discovered a bug in their system. It means they need to revoke the 3,048,289 certificates that were affected by this bug on 04/March/2020. Here is how to find if you are affected by this bug and fix it to avoid errors.",2,204,232,0,[],[],[],https://pbs.twimg.com/profile_images/1209802752819261440/jvir-xNm_normal.jpg,https://twitter.com/nixcraft/status/1234896827062767616,tweet_id:1234896827062767616
Faruk,@endphrame,2020-02-27T14:54:12.000Z,False,Delight your visitors with beautiful and innovative user experience and they will remember your site forever.#innovation  #ux #design,9,220,552,0,"['#innovation', '#ux', '#design']",[],[],https://pbs.twimg.com/profile_images/1624141064348045312/Z5QwLvZ9_normal.jpg,https://twitter.com/endphrame/status/1233042654725902339,tweet_id:1233042654725902339
Laura Martínez,@miblogestublog,2020-02-28T23:21:46.000Z,False,"Here’s the coronavirus cumbia, because Mexico #Coronavirusmexico",63,840,"1,947",0,['#Coronavirusmexico'],[],[],https://pbs.twimg.com/profile_images/1746057589996077056/K0UXFXTe_normal.jpg,https://twitter.com/miblogestublog/status/1233532777061990401,tweet_id:1233532777061990401
Doctor Deprecator,@DrDeprecator,2020-02-28T01:40:52.000Z,False,java.lang.Object constructor to be deprecated for removal. Whoa. http://mail.openjdk.java.net/pipermail/valhalla-dev/2020-February/006823.html…,6,53,107,0,[],[],[],https://pbs.twimg.com/profile_images/378800000254144964/d8938bef47ea2f62ed0543dd9e35a483_normal.png,https://twitter.com/DrDeprecator/status/1233205395901911041,tweet_id:1233205395901911041
Allen Holub @allenholub.bsky.social,Allen Holub @allenholub.bsky.social,2020-02-26T23:11:15.000Z,False,DevOps is neither a role nor a mindset. It's a philosophy that dev and ops are so closely integrated that they're really the same thing. You release as you work. 1/5,2,49,116,0,[],[],[],https://pbs.twimg.com/profile_images/1042085119505227777/l3Xhlcse_normal.jpg,https://twitter.com/allenholub/status/1232805355559825408,tweet_id:1232805355559825408
Pablo Gutiérrez,@PabloMxNL,2020-02-26T07:34:38.000Z,False,"nice to see fabric8 maven plugin resurrection, looks promising",0,0,1,0,[],[],[],https://pbs.twimg.com/profile_images/1702754157524893696/rp8c3vLo_normal.jpg,https://twitter.com/PabloMxNL/status/1232569647049924609,tweet_id:1232569647049924609
Avdi Grimm,@avdi,2020-02-24T17:04:00.000Z,True,"Algorithm interviews are a measure of how you'll perform during the kind of high pressure situation that

literally will never happen in your entire professional career.",14,48,185,0,[],[],[],https://pbs.twimg.com/profile_images/1492246650852712454/72k2Df6s_normal.jpg,https://twitter.com/avdi/status/1231988158172024838,tweet_id:1231988158172024838
Inactive; Bluesky is @hillelwayne(dot)com,Inactive; Bluesky is @hillelwayne(dot)com,2020-02-25T05:38:19.000Z,False,"Most linked list interview questions are actually a measure of how well you know C, except now we don't program in C anymore so was post-hoc rationalized as being about Thinking Gud

(Yes, I have evidence. Presented it at  last year, video will be avail later)",2,6,47,0,[],['@DeconstructConf'],[],https://pbs.twimg.com/profile_images/1602501834018619393/_loren1j_normal.png,https://twitter.com/hillelogram/status/1232177985266036738,tweet_id:1232177985266036738
Mario Fusco,@mariofusco,2020-02-23T13:28:26.000Z,False,"Software doesn’t work in isolation. Our programs not only consumes, but also provides one or more APIs, which is why every developer should know the characteristics of good APIs and how to achieve them.

This is my  article about it",3,57,162,0,[],['@97_Things'],[],https://pbs.twimg.com/profile_images/1749740563555930112/n0i9F4yd_normal.jpg,https://twitter.com/mariofusco/status/1231571521568727041,tweet_id:1231571521568727041
nixCraft,@nixcraft,2020-02-22T13:04:17.000Z,True,"Whatever you do or use AWS/DO/Google/MS cloud, always keep your data offsite and verify it too. So if tomorrow that cloud provider dies, your business won't go to /dev/null.",3,23,68,0,[],[],[],https://pbs.twimg.com/profile_images/1209802752819261440/jvir-xNm_normal.jpg,https://twitter.com/nixcraft/status/1231203054768148480,tweet_id:1231203054768148480
Pablo Gutiérrez,@PabloMxNL,2020-02-20T07:28:03.000Z,True,"""Some teams like to have the whole team carry out exploratory testing"", can recommend this a lot. The most mature teams I've been with did this every iteration.",1,0,1,0,[],[],[],https://pbs.twimg.com/profile_images/1702754157524893696/rp8c3vLo_normal.jpg,https://twitter.com/PabloMxNL/status/1230393661994737664,tweet_id:1230393661994737664
Roland flemm,@roland_flemm,2020-02-17T09:14:23.000Z,False,Koos coach: the missing requirement https://instagram.com/p/B8qZ5ukADIa/?igshid=1i790v2knd1aa…,0,1,1,0,[],[],[],https://pbs.twimg.com/profile_images/1000729153426083841/b8zfdHEq_normal.jpg,https://twitter.com/roland_flemm/status/1229333258850181121,tweet_id:1229333258850181121
nixCraft,@nixcraft,2020-02-17T04:55:43.000Z,True,"We can Ignore SSH keys unless specified in Host subsection  by adding the following two lines in ~/.ssh/config
IdentitiesOnly yes

# Send your public key to Github only
Host http://github.com        IdentityFile ~/.ssh/id_ed25519.pub",0,16,89,0,[],[],[],https://pbs.twimg.com/profile_images/1209802752819261440/jvir-xNm_normal.jpg,https://twitter.com/nixcraft/status/1229268163512000513,tweet_id:1229268163512000513
Pablo Gutiérrez,@PabloMxNL,2020-02-16T12:42:32.000Z,False,this remind me the case of the homebrew developer whom Google asked to invert a binary tree on whiteboard.,0,0,2,0,[],[],[],https://pbs.twimg.com/profile_images/1702754157524893696/rp8c3vLo_normal.jpg,https://twitter.com/PabloMxNL/status/1229023254251212801,tweet_id:1229023254251212801
Heinz Kabutz,@heinzkabutz,2020-02-03T19:22:42.000Z,True,"JCrete® is the world's hottest #Java unconference (literally). Invitation only. However, we have a few seats for lucky Java programmers wishing to join interesting discussions with fellow Java enthusiasts. https://iw127.infusionsoft.app/app/form/jcrete-self-invite-2020… #jcrete #Java",1,25,43,0,"['#Java', '#jcrete', '#Java']",['@JCreteUnconf'],[],https://pbs.twimg.com/profile_images/1171674707801845760/-xbbpb5u_normal.jpg,https://twitter.com/heinzkabutz/status/1224412915807260673,tweet_id:1224412915807260673
𝕽𝖊𝖓é,@rentreckie,2020-02-10T12:20:00.000Z,False,Als je je verveelt  ...,125,987,"5,425",0,[],[],[],https://pbs.twimg.com/profile_images/1770147346887688192/xW32drtC_normal.jpg,https://twitter.com/rentreckie/status/1226843254156599296,tweet_id:1226843254156599296
Maya Kaczorowski,@MayaKaczorowski,2020-02-10T17:13:43.000Z,True,Be careful where your container images come from!,0,40,115,0,[],[],[],https://pbs.twimg.com/profile_images/1709424878649311232/GcCcO-YL_normal.jpg,https://twitter.com/MayaKaczorowski/status/1226917171877466112,tweet_id:1226917171877466112
Kenneth Hoste (mastodon: boegel@mast.hpc.social),Kenneth Hoste (mastodon: boegel@mast.hpc.social),2020-02-03T07:07:45.000Z,False,"I usually spend a lot of time the week after #FOSDEM watching recorded talks that I missed.
Which talks did you like best?
Max. 3 talks + 5 words to explain why!

(retweet == free beer at FOSDEM’21)",3,19,13,0,['#FOSDEM'],[],[],https://pbs.twimg.com/profile_images/305086418/boegel_headbanging_punk_logo_normal.png,https://twitter.com/kehoste/status/1224227961731153920,tweet_id:1224227961731153920
Led By Donkeys,@ByDonkeys,2020-01-31T09:25:07.000Z,False,"A message to Europe, this morning on the White Cliffs of Dover. Sound on.","3,075",5万,9.5万,0,[],[],[],https://pbs.twimg.com/profile_images/1085150433960706048/_T5T_iZY_normal.jpg,https://twitter.com/ByDonkeys/status/1223175366421946369,tweet_id:1223175366421946369
nixCraft,@nixcraft,2020-01-31T13:15:33.000Z,True,"Question : How much space will Brexit free up in the European Union?

Answer: 1 GB",23,552,"1,637",0,[],[],[],https://pbs.twimg.com/profile_images/1209802752819261440/jvir-xNm_normal.jpg,https://twitter.com/nixcraft/status/1223233357372198913,tweet_id:1223233357372198913
Container Solutions,@containersoluti,2020-01-30T08:33:26.000Z,False,"GIVEAWAY!!! We are giving away 5 sets of Cloud Native patterns cards ( €60 value each).
Here’s how to win a set of our #CNPatternCards:
1. Follow our  account
2. Retweet this post
Winners announced on Friday! 
Learn more here: https://container-solutions.com/cloud-native-transformation-patterns-cards-order…",1,32,11,0,['#CNPatternCards'],['@ContainerSoluti'],"['\\U0001f389', '\\U0001f389']",https://pbs.twimg.com/profile_images/1568218664221933568/Jv8qqOal_normal.jpg,https://twitter.com/containersoluti/status/1222799973600890881,tweet_id:1222799973600890881
Cycling Professor ,@fietsprofessor,2020-01-27T08:35:20.000Z,False,"To preserve quality of life  wants Paris to GO DUTCH:daily amenities within 15 minutes

Make:car lanes into bike/pedestrian spaceintersections into plazasparking into playgrounds/green spaces'child streets' next to schoolshttps://forbes.com/sites/carltonreid/2020/01/21/phasing-out-cars-key-to-paris-mayors-plans-for-15-minute-city/#7e51b1d86952…",5,131,254,0,[],['@Anne_Hidalgo'],"['\\u23f1', '\\U0001f6b2', '\\U0001f3d6', '\\U0001f33e', '\\u26f9\\ufe0f\\u200d\\u2640\\ufe0f']",https://pbs.twimg.com/profile_images/1185174183971557376/_9DHelpD_normal.jpg,https://twitter.com/fietsprofessor/status/1221713285445275648,tweet_id:1221713285445275648
Bartek Ogryczak ⟨@bartek@sfba.social⟩,Bartek Ogryczak ⟨@bartek@sfba.social⟩,2020-01-24T20:00:55.000Z,False,What do you expect to be announced at #GoogleIO?,0,1,0,0,['#GoogleIO'],[],[],https://pbs.twimg.com/profile_images/1486760502076133377/_1weC8Mj_normal.jpg,https://twitter.com/var_tec/status/1220798656355262465,tweet_id:1220798656355262465
Jenkins,@jenkinsci,2020-01-23T14:29:29.000Z,False,"Creator of Jenkins,  begins a new chapter in his career. 

We wish him luck and want to say thanks for making the  community great.  #ThanksKohsuke  https://jenkins.io/blog/2020/01/23/a-new-chapter-for-kohsuke/…",3,59,99,0,['#ThanksKohsuke'],"['@kohsukekawa', '@jenkinsio']",[],https://pbs.twimg.com/profile_images/724264919634305024/DsWUbybf_normal.jpg,https://twitter.com/jenkinsci/status/1220352860002619392,tweet_id:1220352860002619392
Increment,@IncrementMag,2020-01-22T01:12:01.000Z,True,"""Creating the right level of abstraction is one of the hardest things that software engineers do.""",0,2,7,0,[],[],[],https://pbs.twimg.com/profile_images/879384470108815360/3-ESXgnG_normal.jpg,https://twitter.com/IncrementMag/status/1219789784874393603,tweet_id:1219789784874393603
Bryan Liles,@bryanl,2020-01-21T02:48:36.000Z,False,"I haven’t ever implemented a mergesort, quicksort or radix sort for anything other than curiosity. Amazed this is still asked in programming interviews.",27,66,524,0,[],[],[],https://pbs.twimg.com/profile_images/1755386050149552128/MFBigqOk_normal.jpg,https://twitter.com/bryanl/status/1219451700685131776,tweet_id:1219451700685131776
monkeyUser,@ismonkeyuser,2020-01-21T07:02:05.000Z,True,User Story (https://monkeyuser.com/2020/user-story/…),7,434,993,0,[],[],[],https://pbs.twimg.com/profile_images/1487124825730596874/JJGoC-0c_normal.jpg,https://twitter.com/ismonkeyuser/status/1219515493851258885,tweet_id:1219515493851258885
Pablo Gutiérrez,@PabloMxNL,2020-01-21T07:09:33.000Z,False,hopefully this bugfix https://youtrack.jetbrains.com/issue/JBR-1928 will be available soon for Ubuntu snap. can't stand the light theme on  but had to switch to it because IDE was unusable due to this bug. had to delete ~/.idea every day on dark (Dracula) theme,0,0,0,0,[],['@intellijidea'],[],https://pbs.twimg.com/profile_images/1702754157524893696/rp8c3vLo_normal.jpg,https://twitter.com/PabloMxNL/status/1219517369774739456,tweet_id:1219517369774739456
Pablo Gutiérrez,@PabloMxNL,2020-01-19T12:40:01.000Z,False,what a bunch of crap.  your marketing department should learn from  and not trash  a long running open source project that have been available longer that you and probably will still be there after you ran out of runway.,0,0,4,0,[],"['@harnessio', '@atomist', '@jenkinsci']",[],https://pbs.twimg.com/profile_images/1702754157524893696/rp8c3vLo_normal.jpg,https://twitter.com/PabloMxNL/status/1218875761689579521,tweet_id:1218875761689579521
Quincy Larson,@ossia,2020-01-13T18:47:00.000Z,True,"So last week was... interesting.

Here's how I stopped a credit card thief from ripping off 3,537 people – and saved our nonprofit in the process. 

Yes, this really happened.

And no, I still haven't gotten a proper night's sleep.

(12 minute read)",59,296,"1,083",0,[],[],[],https://pbs.twimg.com/profile_images/1377353524661604356/DIMdJND1_normal.jpg,https://twitter.com/ossia/status/1216793785428062210,tweet_id:1216793785428062210
Tom Gauld,@tomgauld,2020-01-12T10:02:05.000Z,False,‘New Year’s Resolution’ (for yesterday’s ,13,"1,115","2,519",0,[],['@guardianreview'],[],https://pbs.twimg.com/profile_images/1060611861698281473/R1RR6kAN_normal.jpg,https://twitter.com/tomgauld/status/1216299298939375616,tweet_id:1216299298939375616
monkeyUser,@ismonkeyuser,2020-01-07T07:03:51.000Z,True,Features (https://monkeyuser.com/2020/features),1,218,665,0,[],[],[],https://pbs.twimg.com/profile_images/1487124825730596874/JJGoC-0c_normal.jpg,https://twitter.com/ismonkeyuser/status/1214442506475229184,tweet_id:1214442506475229184
Roberto Gómez Junco,@rgomezjunco,2020-01-06T19:43:21.000Z,True,Lacerante historia la de un México plagado de políticos y gobernantes Magos para desaparecer el dinero y vivir como Reyes.,344,"2,072","9,054",0,[],[],[],https://pbs.twimg.com/profile_images/1599825400963776522/_vPGE2gS_normal.jpg,https://twitter.com/rgomezjunco/status/1214271253919473672,tweet_id:1214271253919473672
The Oatmeal,@Oatmeal,2020-01-01T18:18:04.000Z,True,Something to consider for the next decade.  Written by .,51,"6,070",1.4万,0,[],['@ASmallFiction'],[],https://pbs.twimg.com/profile_images/1524091837312487424/stj0QiX6_normal.jpg,https://twitter.com/Oatmeal/status/1212437851649888257,tweet_id:1212437851649888257
Cycling Professor ,@fietsprofessor,2020-01-02T16:52:20.000Z,False,"Radical change is possible. 

The mistake to let cars dominate space is not easily fixed.
But our cities can heal from the inflicted wounds.

Wishing all cities willpower, consistency & courage in 2020s!

~Catharijnesingel, Utrecht",11,703,"1,725",0,[],[],[],https://pbs.twimg.com/profile_images/1185174183971557376/_9DHelpD_normal.jpg,https://twitter.com/fietsprofessor/status/1212778663160242176,tweet_id:1212778663160242176
Bartek Ogryczak ⟨@bartek@sfba.social⟩,Bartek Ogryczak ⟨@bartek@sfba.social⟩,2020-01-01T05:19:51.000Z,False,RIP Python 2,0,1,4,0,[],[],[],https://pbs.twimg.com/profile_images/1486760502076133377/_1weC8Mj_normal.jpg,https://twitter.com/var_tec/status/1212242008984547328,tweet_id:1212242008984547328
Year Progress,@year_progress,2020-01-01T00:00:01.000Z,True,░░░░░░░░░░░░░░░ 0%,428,2.8万,9.9万,0,[],[],[],https://pbs.twimg.com/profile_images/1741991624324853760/W71NjnEF_normal.jpg,https://twitter.com/year_progress/status/1212161518265151488,tweet_id:1212161518265151488
Year Progress,@year_progress,2019-12-28T09:00:01.000Z,True,▓▓▓▓▓▓▓▓▓▓▓▓▓▓▓ 99%,332,1.7万,5.2万,0,[],[],[],https://pbs.twimg.com/profile_images/1741991624324853760/W71NjnEF_normal.jpg,https://twitter.com/year_progress/status/1210847861505703936,tweet_id:1210847861505703936
Mexico City JVM,@jvm_mx,2019-12-18T17:45:37.000Z,False,Choosing a Reactive Framework for the JVM by Rebecca Relyea https://link.medium.com/X8jQhNABw2,0,5,2,0,[],[],[],https://pbs.twimg.com/profile_images/1188829991380893696/lDzcRLac_normal.jpg,https://twitter.com/jvm_mx/status/1207356254420643840,tweet_id:1207356254420643840
Mislav Marohnić,@mislav,2019-12-17T14:00:31.000Z,False,"The `git checkout` command was confusingly named and too overloaded in functionality.
“How do I switch to a branch?” - checkout
“How do I restore a file to a previous version?” - checkout

Enter Git 2.23:
- `git switch <branch>`
- `git restore <file>`https://github.com/git/git/blob/master/Documentation/RelNotes/2.23.0.txt…",43,"2,352","5,999",0,[],[],[],https://pbs.twimg.com/profile_images/1377965885038727168/zh6wi1ye_normal.jpg,https://twitter.com/mislav/status/1206937217194741760,tweet_id:1206937217194741760
Wolves Español,@WolvesEspanol,2019-12-17T14:34:22.000Z,True,¡Hola ! A nosotros también nos dijeron que nunca íbamos a eliminar al Liverpool... y así conocieron a   ,503,1万,4.3万,0,[],"['@Rayados', '@Raul_Jimenez9']","['\\U0001f43a', '\\U0001f1f2\\U0001f1fd']",https://pbs.twimg.com/profile_images/1572162161283063812/OiVIvffN_normal.jpg,https://twitter.com/WolvesEspanol/status/1206945735830376463,tweet_id:1206945735830376463
Mark Hamill,@MarkHamill,2019-12-16T21:08:24.000Z,True,"The 1st public screening of #TheRiseOfSkywalker takes place tonight in Los Angeles. I know I can't stop you from writing about it on social media, but I CAN beg you to please, Please, PLEASE avoid any SPOILERS!!! Thanking you all in advance, Mar   #MayTheShushBeWithYou","1,431",1.7万,7.7万,0,"['#TheRiseOfSkywalker', '#MayTheShushBeWithYou']",[],['\\U0001f42b'],https://pbs.twimg.com/profile_images/1650221053145419776/E_lIqqm1_normal.jpg,https://twitter.com/MarkHamill/status/1206682512153399296,tweet_id:1206682512153399296
Pablo Gutiérrez,@PabloMxNL,2019-12-08T13:05:00.000Z,False,"next time you thinking in order Uber eats, consider where their delivery containers had been",0,0,1,0,[],[],[],https://pbs.twimg.com/profile_images/1702754157524893696/rp8c3vLo_normal.jpg,https://twitter.com/PabloMxNL/status/1203661757451063297,tweet_id:1203661757451063297
Joanna Bagniewska,@JMBagniewska,2019-12-06T10:40:20.000Z,False,"I'm prepping for the #LifeInTheUK test. As a #Polish person, I find the tone of this question jarring, to say the least. The prescribed answer is TRUE.","1,526","3,688","7,386",0,"['#LifeInTheUK', '#Polish']",[],[],https://pbs.twimg.com/profile_images/1058400824408317953/LJ0NUH9b_normal.jpg,https://twitter.com/JMBagniewska/status/1202900576578818048,tweet_id:1202900576578818048
Jessica Joy Kerr,@jessitron,2019-12-03T01:09:38.000Z,False,"Split software up based on knowledge of the problems it solves,
not based on data or what seems like duplication. 

Our limitation as a software team is what we can know.",0,17,45,0,[],[],[],https://pbs.twimg.com/profile_images/1541457409834631169/fPwd59zW_normal.jpg,https://twitter.com/jessitron/status/1201669788285706240,tweet_id:1201669788285706240
Emin Gün Sirer,@el33th4xor,2019-11-30T17:55:53.000Z,True,"It's not how many people you have, or what degrees they hold.

It's the ""builders' mindset"" that makes all the difference. 

This IBM memo, written when they were overtaken by Control Data Corp, illustrates the point.",7,39,157,0,[],[],[],https://pbs.twimg.com/profile_images/1766585228330430464/V2QayKPG_normal.jpg,https://twitter.com/el33th4xor/status/1200835857978142720,tweet_id:1200835857978142720
Vincent Massol,@vmassol,2019-11-29T16:55:02.000Z,False,Answer: PiTest and Descartes :) https://github.com/STAMP-project/pitest-descartes… ,0,2,5,0,[],['@stamp_project'],[],https://pbs.twimg.com/profile_images/1074252378227003392/xmQAhX7W_normal.jpg,https://twitter.com/vmassol/status/1200458154494058496,tweet_id:1200458154494058496
Denise Dresser,@DeniseDresserG,2019-11-25T17:10:19.000Z,True,Economía moral = Crecimiento 0,128,671,"1,631",0,[],[],[],https://pbs.twimg.com/profile_images/1747359744476561408/W2gJBB0d_normal.jpg,https://twitter.com/DeniseDresserG/status/1199012449804046336,tweet_id:1199012449804046336
Naval,@naval,2019-11-17T20:32:58.000Z,False,"Everybody wants to hire the best.

Nobody wants to pay them the best.",222,"3,096",1.3万,0,[],[],[],https://pbs.twimg.com/profile_images/1256841238298292232/ycqwaMI2_normal.jpg,https://twitter.com/naval/status/1196164347497549824,tweet_id:1196164347497549824
XKCD Comic,@xkcdComic,2019-11-13T23:51:51.000Z,True,Machine Learning Captcha https://xkcd.com/2228/ https://m.xkcd.com/2228/,55,"4,321",1万,0,[],[],[],https://pbs.twimg.com/profile_images/413359024617185280/pS8lVAWA_normal.png,https://twitter.com/xkcdComic/status/1194764847054852096,tweet_id:1194764847054852096
Cindy Sridharan,@copyconstruct,2019-11-13T19:41:45.000Z,False,"Docker succeeded not because of “the tech” (containers) but because it was a great developer tool. 

Kubernetes built atop Docker, and decided to be all things tech and not much by way of UX. It was and remains a hostile piece of software to learn, run, operate, maintain.",23,201,626,0,[],[],[],https://pbs.twimg.com/profile_images/1718067703712530432/5kvJbych_normal.jpg,https://twitter.com/copyconstruct/status/1194701905248673792,tweet_id:1194701905248673792
Fact,@Fact,2019-11-02T08:08:02.000Z,True,"Caffeine is bad for you, fat is bad for you, sugar is bad for you. But don't worry, because worrying is bad for you too.",68,"2,527","8,042",0,[],[],[],https://pbs.twimg.com/profile_images/1244657050275151872/BRycNabV_normal.jpg,https://twitter.com/Fact/status/1190541060407205894,tweet_id:1190541060407205894
Mony de Swaan,@Mony_de_Swaan,2019-10-30T04:54:41.000Z,True,"Fantástico. 
Así como policías no te dejan llegar con los carritos al estacionamiento para obligarte a usar maleteros, ahora Guardia Nacional te obliga a usar determinados taxis.
Nuestros impuestos destinados a limitar la oferta de servicios a nosotros mismos.
Cómanse sus bananas",4,23,40,0,[],[],[],https://pbs.twimg.com/profile_images/881983282631458816/EhZtfMYg_normal.jpg,https://twitter.com/Mony_de_Swaan/status/1189405238647762945,tweet_id:1189405238647762945
AJ+Español,@ajplusespanol,2019-10-28T14:06:47.000Z,True,"En México, hay tradiciones que perduran con el tiempo.

Para los vecinos de la alcaldía Tlahuac, los baches sin atención del Gobierno son una de ellas.

Mira la forma tan creativa en que los hicieron visibles.: Felipe Esteban Paredes Padrón.",69,"3,208","7,009",0,[],[],['\\U0001f4f8'],https://pbs.twimg.com/profile_images/1199022496521080832/tBx9LPh8_normal.png,https://twitter.com/ajplusespanol/status/1188819403019837441,tweet_id:1188819403019837441
"Rictus, Caricaturista",@monerorictus,2019-10-28T15:40:24.000Z,False,"""Gran premio de México"" Cartón publicado en ",13,777,"1,718",0,[],['@ElFinanciero_Mx'],[],https://pbs.twimg.com/profile_images/1091562778651811840/_dc652gn_normal.jpg,https://twitter.com/monerorictus/status/1188842963880861696,tweet_id:1188842963880861696
Eduardo Salles,@sallesino,2019-10-28T18:39:23.000Z,False,"- ¿Estudiaste para el examen?
- Pues...",2,192,"1,078",0,[],[],[],https://pbs.twimg.com/profile_images/709050254549590016/De4uSdVW_normal.jpg,https://twitter.com/sallesino/status/1188888003277737984,tweet_id:1188888003277737984
Anthony Sciamanna,@asciamanna,2019-10-25T18:16:01.000Z,False,Latest Blog Post: Avoiding Automated Testing Pitfalls. Thanks to  for sharing his Test Ice Cream Cone slide with me.https://anthonysciamanna.com/2019/10/20/avoiding-automated-testing-pitfalls.html…,1,16,26,0,[],['@jamesshore'],[],https://pbs.twimg.com/profile_images/792703211664707584/WA74g0lK_normal.jpg,https://twitter.com/asciamanna/status/1187794962261385222,tweet_id:1187794962261385222
Kent Beck,@KentBeck,2019-10-18T22:30:07.000Z,True,I’ve been thinking about the properties that make tests valuable. Here is my list.,20,566,"1,015",0,[],[],[],https://pbs.twimg.com/profile_images/1457857343568244742/FVQ4hpRx_normal.jpg,https://twitter.com/KentBeck/status/1185322191308541952,tweet_id:1185322191308541952
"Rictus, Caricaturista",@monerorictus,2019-10-20T16:25:08.000Z,False,"No se trata de pedir más sangre o matazones sin sentido, pedir operativos eficaces y autoridades competentes es para evitar justo aquello. Claro que entenderlo así desde el adoctrinamiento y el fanatismo está muy cañón.",29,408,"1,107",0,[],[],[],https://pbs.twimg.com/profile_images/1091562778651811840/_dc652gn_normal.jpg,https://twitter.com/monerorictus/status/1185955117113065473,tweet_id:1185955117113065473
Red de Talentos Mexicanos en Países Bajos,@RdTM_NL,2019-10-20T13:59:09.000Z,False,"En Países Bajos, esta es una experiencia cotidiana #FelizDomingo",0,1,1,0,['#FelizDomingo'],[],[],https://pbs.twimg.com/profile_images/1138777356653531142/mtoOtIrn_normal.png,https://twitter.com/RdTM_NL/status/1185918379573559296,tweet_id:1185918379573559296
Mario Fusco,@mariofusco,2019-10-20T07:08:33.000Z,False,I wonder at which exact point in time things started worsening THAT much in the last 25 years,26,86,273,0,[],[],[],https://pbs.twimg.com/profile_images/1749740563555930112/n0i9F4yd_normal.jpg,https://twitter.com/mariofusco/status/1185815047727190017,tweet_id:1185815047727190017
Sarah Andersen,@SarahCAndersen,2019-10-19T14:54:06.000Z,True,,134,"8,678",3.6万,0,[],[],[],https://pbs.twimg.com/profile_images/1550265778108108800/M2OlBaes_normal.jpg,https://twitter.com/SarahCAndersen/status/1185569819921395713,tweet_id:1185569819921395713
Eduardo Salles,@sallesino,2019-10-09T17:27:10.000Z,False,"Overthinking, #descripciongrafica",3,382,"1,482",0,['#descripciongrafica'],[],[],https://pbs.twimg.com/profile_images/709050254549590016/De4uSdVW_normal.jpg,https://twitter.com/sallesino/status/1181984463422668803,tweet_id:1181984463422668803
Increment,@IncrementMag,2019-09-11T22:00:09.000Z,True,"""The challenge of working on software is not just one of writing or understanding code yourself, but of figuring out how to coordinate your work with that of others. Test suites and testing practices can be essential tools in this process.""—",0,2,8,0,[],['@nelhage'],[],https://pbs.twimg.com/profile_images/879384470108815360/3-ESXgnG_normal.jpg,https://twitter.com/IncrementMag/status/1171906301212934144,tweet_id:1171906301212934144
Bartek Ogryczak ⟨@bartek@sfba.social⟩,Bartek Ogryczak ⟨@bartek@sfba.social⟩,2019-09-10T20:03:12.000Z,False,"it's the year 2037,  iPhone 27SE has been announced",0,1,1,0,[],[],[],https://pbs.twimg.com/profile_images/1486760502076133377/_1weC8Mj_normal.jpg,https://twitter.com/var_tec/status/1171514481194569733,tweet_id:1171514481194569733
so called parody.,@cloud_opinion,2019-08-28T20:52:12.000Z,False,Java programmers are the worst bunch,1,2,8,0,[],[],[],https://pbs.twimg.com/profile_images/1589661757596835840/XyZeHKTF_normal.jpg,https://twitter.com/cloud_opinion/status/1166815770019422210,tweet_id:1166815770019422210
Heinz Kabutz,@heinzkabutz,2019-08-28T05:01:43.000Z,True,"Capturing lambdas in #Java may cause a bunch of issues, such as memory leaks and race conditions.  A capturing lambda accesses fields, local variables, parameters or it calls non-static methods.  We dumped the generated lambda classes with -Djdk.internal.lambda.dumpProxyClasses",1,27,61,0,['#Java'],[],[],https://pbs.twimg.com/profile_images/1171674707801845760/-xbbpb5u_normal.jpg,https://twitter.com/heinzkabutz/status/1166576572406669313,tweet_id:1166576572406669313
Martin Thompson,@mjpt777,2019-08-27T17:27:03.000Z,False,Java capturing lambdas are a really subtle performance issue. I've seen people use them in loops so many times without realising the potential consequences. Only regular profiling seems to help.,14,45,126,0,[],[],[],https://pbs.twimg.com/profile_images/1467106821/Ren_normal.jpg,https://twitter.com/mjpt777/status/1166401752591196160,tweet_id:1166401752591196160
Randall Degges,@rdegges,2019-08-23T02:55:23.000Z,False,Oh boy. Hah.,23,"1,575","3,913",0,[],[],[],https://pbs.twimg.com/profile_images/595075431910412288/WwMo7sDj_normal.png,https://twitter.com/rdegges/status/1164732840447217664,tweet_id:1164732840447217664
DHH,@dhh,2019-08-22T23:37:33.000Z,True,"Shape Up is the process of how we make software at Basecamp. Without guilt-tripping backlogs, without endless sprints, without needless status meetings, and with budgets instead of estimates. It's a free book and now out as a PDF. Enjoy! https://basecamp.com/shapeup/shape-up.pdf…",23,449,"1,621",0,[],[],[],https://pbs.twimg.com/profile_images/1746980162607140864/fG9Fj4K__normal.jpg,https://twitter.com/dhh/status/1164683052674506753,tweet_id:1164683052674506753
AmsterdamJUG,@AmsterdamJug,2019-08-22T17:07:55.000Z,False, kicking it off  ,0,4,8,0,[],"['@mariofusco', '@graalvm', '@QuarkusIO']",[],https://pbs.twimg.com/profile_images/1072629632644669440/PUJe9_xG_normal.jpg,https://twitter.com/AmsterdamJug/status/1164585000467140608,tweet_id:1164585000467140608
Martin Thompson,@mjpt777,2019-08-07T07:25:37.000Z,False,Software quality issues strike again.https://bbc.co.uk/news/uk-49261497…,1,8,27,0,[],[],[],https://pbs.twimg.com/profile_images/1467106821/Ren_normal.jpg,https://twitter.com/mjpt777/status/1159002639855738880,tweet_id:1159002639855738880
Gerardo de Icaza,@gerardodeicaza,2019-08-04T19:59:38.000Z,True,Proof that EQ is just as important as IQ...,0,1,2,0,[],[],[],https://pbs.twimg.com/profile_images/1688371089049522176/x_bXdtbd_normal.jpg,https://twitter.com/gerardodeicaza/status/1158105232909508610,tweet_id:1158105232909508610
R Arni,@r_arni,2019-08-03T17:59:26.000Z,False,Good read on the  attack. From SSRF ->  Metadata Service->WAF Identification->Poorly configured IAM roles->S3 access->Boom!,0,37,65,0,[],"['@CapitalOne', '@awscloud']",[],https://pbs.twimg.com/profile_images/1241733096329879553/03alHeYz_normal.jpg,https://twitter.com/r_arni/status/1157712592909086720,tweet_id:1157712592909086720
Laurie,@laurieontech,2019-08-02T13:11:53.000Z,False,"""Professional ghosting"" is becoming more common and I hate it. I don't mean person to person, I mean organization to person.

Did you apply for a job? Submit to a publication? Attempt to speak at an event?

They should tell you the process completed and you weren't selected. ",34,131,543,0,[],[],['\\U0001f6d1'],https://pbs.twimg.com/profile_images/1389766211291000835/xJ_YnqNg_normal.jpg,https://twitter.com/laurieontech/status/1157277841618276353,tweet_id:1157277841618276353
ecamacho,@ecamacho,2019-07-30T14:54:18.000Z,False,"A variation of Atwood's Law: any application that can be written in JavaScript, will eventually be written in TypeScript.",0,3,13,0,[],[],[],https://pbs.twimg.com/profile_images/1731636601992683520/Xy-hAalS_normal.jpg,https://twitter.com/ecamacho/status/1156216453475000320,tweet_id:1156216453475000320
Grzegorz Piwowarek,@pivovarit,2019-07-27T18:57:44.000Z,False,Chernobyl: The True Cost Of Technical Debt - Better Programming - Medium https://medium.com/better-programming/chernobyl-the-true-cost-of-technical-debt-8307e6f4d53c…,0,10,11,0,[],[],[],https://pbs.twimg.com/profile_images/1722945880657932288/UbH-aUVd_normal.jpg,https://twitter.com/pivovarit/status/1155190551869829121,tweet_id:1155190551869829121
Hamza,@oihamza,2019-07-25T17:36:12.000Z,False,"therapist: and what do we do when we are overwhelmed?

me: create a jira ticket

therapist: no",41,"1,281","4,205",0,[],[],[],https://pbs.twimg.com/profile_images/1745092473339129856/9I0wGN3i_normal.jpg,https://twitter.com/oihamza/status/1154445257766887424,tweet_id:1154445257766887424
I amsterdam,@Iamsterdam,2019-07-22T08:41:16.000Z,False,,0,9,47,0,[],[],"['\\U0001f64c', '\\U0001f64c', '\\U0001f64c']",https://pbs.twimg.com/profile_images/683996864518205440/G099Q3wL_normal.jpg,https://twitter.com/Iamsterdam/status/1153223474858647552,tweet_id:1153223474858647552
Rod Johnson,@springrod,2019-07-22T04:19:57.000Z,False,"Such an important point. Getting the optimal mix of education, incentives to do the right thing, and verification is key. Plus listening. Teams must be able to feed back. Top down approaches are rightly resented, and don't work. https://x.com/kennybastani/s/kennybastani/status/1152902311552774144…",0,4,17,0,[],[],[],https://pbs.twimg.com/profile_images/535226633003610112/rzTrIOcZ_normal.jpeg,https://twitter.com/springrod/status/1153157710180802560,tweet_id:1153157710180802560
Bartek Ogryczak ⟨@bartek@sfba.social⟩,Bartek Ogryczak ⟨@bartek@sfba.social⟩,2019-07-20T22:04:43.000Z,False,For the gazillionth time: current location is not the preferred language.,0,1,2,0,[],[],[],https://pbs.twimg.com/profile_images/1486760502076133377/_1weC8Mj_normal.jpg,https://twitter.com/var_tec/status/1152700890475835392,tweet_id:1152700890475835392
Pablo Gutiérrez,@PabloMxNL,2019-07-20T11:56:26.000Z,False,last excursion  before my flight tomorrow #JCrete,0,0,5,0,['#JCrete'],[],[],https://pbs.twimg.com/profile_images/1702754157524893696/rp8c3vLo_normal.jpg,https://twitter.com/PabloMxNL/status/1152547810744647680,tweet_id:1152547810744647680
Pablo Gutiérrez,@PabloMxNL,2019-07-19T14:31:53.000Z,False,this twit reminds me about the blog post of falsehoods developers do about names:https://kalzumeus.com/2010/06/17/falsehoods-programmers-believe-about-names…,0,0,1,0,[],[],[],https://pbs.twimg.com/profile_images/1702754157524893696/rp8c3vLo_normal.jpg,https://twitter.com/PabloMxNL/status/1152224544406589443,tweet_id:1152224544406589443
JCreteUnconf,@JCreteUnconf,2019-07-19T08:48:23.000Z,False,All #JCrete participants are getting ready for the group photo!,1,18,59,0,['#JCrete'],[],[],https://pbs.twimg.com/profile_images/621383346413813760/zpoA80Sy_normal.jpg,https://twitter.com/JCreteUnconf/status/1152138100639961089,tweet_id:1152138100639961089
Kevlin Henney,@KevlinHenney,2019-07-16T12:50:42.000Z,False,Deadline-driven development (the other DDD) is a great guarantor of quantity. Quality? Not so much.,10,63,144,0,[],[],[],https://pbs.twimg.com/profile_images/1452748283/DSC_0065__Reduced__Cropped__normal.jpg,https://twitter.com/KevlinHenney/status/1151111916728836096,tweet_id:1151111916728836096
James Ward,@_JamesWard,2019-07-16T22:02:53.000Z,True,"- Enterprise Edition 2.0 -
App Server -> Kubernetes
EAR/WAR -> Docker Container
EJB -> Istio
JNDI -> Kubernetes Services
JMS -> Kafka
JAAS -> IAM / JWT
RMI -> gRPC
JAXP -> Cloud Events
Servlets / JSP -> NodeJS
JDBC -> So many data access things
JTA -> (nothing, because reasons)",63,"1,006","2,399",0,[],[],[],https://pbs.twimg.com/profile_images/378800000606902520/0c9b5897d0f28e53f5666639551a7512_normal.jpeg,https://twitter.com/_JamesWard/status/1151250878218850305,tweet_id:1151250878218850305
Google Play business community,@GooglePlayBiz,2019-07-16T18:20:08.000Z,True,"Discover how , founder of , is single-handedly building a successful subscriptions business on  while traveling the world. 

Watch here → https://goo.gle/2lh0Rk3",2,21,60,0,[],"['@davidmonti', '@thebeelinguapp', '@GooglePlay']",[],https://pbs.twimg.com/profile_images/1551601807759233024/3yTm1t62_normal.jpg,https://twitter.com/GooglePlayBiz/status/1151194820389588992,tweet_id:1151194820389588992
Carlos G.,@carnator,2019-07-14T04:17:43.000Z,False,This never ends... I've refused to do anything on my phone related to Facebook. The only exception is WhatsApp and I'm already evangelizing telegram.,0,1,0,0,[],[],[],https://pbs.twimg.com/profile_images/1290594510/99560606_85739442bf_o_normal.gif,https://twitter.com/carnator/status/1150258044237840384,tweet_id:1150258044237840384
Kevlin Henney,@KevlinHenney,2019-07-11T12:53:46.000Z,False,"Ah, you can't beat a method named 'validate' that returns a Boolean...

... no, actually, you can. Quite hard. With a stern renaming.",5,3,22,0,[],[],[],https://pbs.twimg.com/profile_images/1452748283/DSC_0065__Reduced__Cropped__normal.jpg,https://twitter.com/KevlinHenney/status/1149300751375708161,tweet_id:1149300751375708161
Filippo Valsorda @filippo.abyssdomain.expert,Filippo Valsorda @filippo.abyssdomain.expert,2019-07-09T13:40:02.000Z,False,"I'm a big fan of brew cask for its library of zap instructions, which remove all traces of an application, however it was installed.

The Zoom one has just been updated to remove the persistent server.

brew update
brew cask zap -f zoomushttps://github.com/Homebrew/homebrew-cask/blob/7b1788d6e20471911094f0f2a857aac8e5c06d81/Casks/zoomus.rb…",6,274,784,0,[],[],[],https://pbs.twimg.com/profile_images/1601128737751420928/3WVJbAMw_normal.jpg,https://twitter.com/FiloSottile/status/1148587616243204096,tweet_id:1148587616243204096
IMCO,@imcomx,2019-07-09T16:00:00.000Z,True,"La mayoría de los mexicanos apoyó las políticas de austeridad prometidas en campaña, pero es difícil imaginar que consideren el gasto en salud, ciencia, cultura y protección a grupos vulnerables como un lujo innecesario.  ",1,9,10,0,[],['@Montes_mx'],['\\u2712\\ufe0f'],https://pbs.twimg.com/profile_images/1774851439439044608/nOQK5_JX_normal.jpg,https://twitter.com/imcomx/status/1148622843481067520,tweet_id:1148622843481067520
Pablo Gutiérrez,@PabloMxNL,2019-07-06T12:44:48.000Z,False,in general the EU has better quality of life than silicon valley. lived 2 years in the peninsula (mountain view and burlingame) vs 8 years in The Netherlands ,1,0,2,0,[],[],['\\U0001f601'],https://pbs.twimg.com/profile_images/1702754157524893696/rp8c3vLo_normal.jpg,https://twitter.com/PabloMxNL/status/1147486552915959810,tweet_id:1147486552915959810
Joshua McKenty,@jmckenty,2019-07-03T18:40:52.000Z,False,It’s only scrum if the backlog comes from the Agilé region of France; otherwise it’s just sparkling waterfall.,9,352,951,0,[],[],[],https://pbs.twimg.com/profile_images/1451009034870349826/kl5DYCJ6_normal.jpg,https://twitter.com/jmckenty/status/1146488996052099072,tweet_id:1146488996052099072
DHH,@dhh,2019-07-04T19:10:50.000Z,True,"How the government-induced merger of Boeing and McDonnell Douglas destroyed Boeing’s engineer-driven culture, and lead to an inept national monopoly that kept trying to cut corners and costs.",5,75,183,0,[],[],[],https://pbs.twimg.com/profile_images/1746980162607140864/fG9Fj4K__normal.jpg,https://twitter.com/dhh/status/1146858929022001152,tweet_id:1146858929022001152
Uncle Bob Martin,@unclebobmartin,2019-07-03T23:17:48.000Z,True,"Agile isn’t dead, or old, or obsolete.  Agile isn’t Scrum, or Less or Safe.  Neither the organization, nor the team, nor the product are Agile.  

Agile is not a process.  

Agile is a software development discipline for small to medium sized teams.",54,640,"1,641",0,[],[],[],https://pbs.twimg.com/profile_images/1102364992/clean_code_72_color_normal.png,https://twitter.com/unclebobmartin/status/1146558691056898049,tweet_id:1146558691056898049
Jeff Atwood,@codinghorror,2019-07-04T17:30:19.000Z,True,Ok this is pretty funny https://userinyerface.com,11,92,218,0,[],[],[],https://pbs.twimg.com/profile_images/1517287320235298816/Qx-O6UCY_normal.jpg,https://twitter.com/codinghorror/status/1146833633292050437,tweet_id:1146833633292050437
Cindy Sridharan,@copyconstruct,2019-07-03T16:35:13.000Z,False,"If there’s one thing that’s become more obvious than ever it’s that you don’t need mega teams of engineers, PMs, evangelists etc to build something great and useful.

Small, focused teams led by someone with a strong vision and sense of product often punch well above their weight",10,257,800,0,[],[],[],https://pbs.twimg.com/profile_images/1718067703712530432/5kvJbych_normal.jpg,https://twitter.com/copyconstruct/status/1146457377031376896,tweet_id:1146457377031376896
Alyn Wallace,@alynwallace,2019-06-30T17:14:46.000Z,False,"I've yet to gather my thoughts after that ineffable experience. Dear I say it, a somewhat spiritual moment for me. The Moai heads have so much character, they feel alive  #EasterIsland",44,291,"1,275",0,['#EasterIsland'],[],"['\\U0001f5ff', '\\U0001f30c']",https://pbs.twimg.com/profile_images/1066294945491943424/c3js2gkp_normal.jpg,https://twitter.com/alynwallace/status/1145380165209546752,tweet_id:1145380165209546752
Andreas Klinger,@andreasklinger,2019-06-29T03:00:27.000Z,True,Hell froze over. Microsoft open-sources a linux kernel on To repeat: Microsoft open-so.... Microsoft is completely reinventing itself - right in front of us. Kudos ,50,"1,012","3,108",0,[],"['@github', '@satyanadella']","['\\U0001f640', '\\U0001f92f']",https://pbs.twimg.com/profile_images/458856003732140032/EN5TET65_normal.jpeg,https://twitter.com/andreasklinger/status/1144802782962167809,tweet_id:1144802782962167809
I Can Haz Agile?,@agile_memes,2019-06-22T05:40:27.000Z,False,And you know it #agile,11,347,758,0,['#agile'],[],[],https://pbs.twimg.com/profile_images/556600445003497472/c8jrOs9__normal.jpeg,https://twitter.com/agile_memes/status/1142306333720399872,tweet_id:1142306333720399872
poorly drawn lines,@PDLComics,2019-06-19T19:54:53.000Z,False,found the ocean,98,1万,4.2万,0,[],[],[],https://pbs.twimg.com/profile_images/1455194115767816196/E2x6n-hZ_normal.jpg,https://twitter.com/PDLComics/status/1141434192699379713,tweet_id:1141434192699379713
I amsterdam,@Iamsterdam,2019-06-18T12:10:03.000Z,False,Amsterdam Zuidas is transforming into a #zerowaste district! A new partnership will  all of the to protect our : https://bit.ly/2ZfN5No,0,10,30,0,['#zerowaste'],[],"['\\u267b\\ufe0f', '\\U0001f5d1\\ufe0f', '\\U0001f30d']",https://pbs.twimg.com/profile_images/683996864518205440/G099Q3wL_normal.jpg,https://twitter.com/Iamsterdam/status/1140954827465400320,tweet_id:1140954827465400320
Ignacio Gutiérrez T.,@igtztorrero,2019-06-16T19:19:48.000Z,False,"La frase que mas usa papá es ""Espero que las maletas lleguen"" pero con ustedes llegan pero destrozadas",1,2,1,0,[],[],[],https://pbs.twimg.com/profile_images/818563543695912964/hl30sy4e_normal.jpg,https://twitter.com/igtztorrero/status/1140338202022035457,tweet_id:1140338202022035457
MakeUseOf,@MUO_official,2019-06-16T01:43:01.000Z,False,In Case You Missed It:  Now Blocks Third-Party Trackers by Default bit.ly/31dpoXJ,4,31,130,0,[],['@Firefox'],[],https://pbs.twimg.com/profile_images/1296111718536482816/u3quPFSm_normal.jpg,https://twitter.com/MUO_official/status/1140072254442807296,tweet_id:1140072254442807296
Guillaume Grossetie,@ggrossetie,2019-06-15T10:15:00.000Z,False, In the next version of #GitLab (12.0) the AsciiDoc's include directive will be resolved! Credit goes to  for the initial work.,4,42,82,0,['#GitLab'],['@JakubJirutka'],"['\\U0001f4e3', '\\U0001f64c']",https://pbs.twimg.com/profile_images/527543413718020096/KEMPk7_B_normal.jpeg,https://twitter.com/ggrossetie/status/1139838712605552640,tweet_id:1139838712605552640
Bartek Ogryczak ⟨@bartek@sfba.social⟩,Bartek Ogryczak ⟨@bartek@sfba.social⟩,2019-06-14T16:45:05.000Z,False,"Lol, what? No one poops on European streets. https://x.com/rakyll/status//rakyll/status/1139350826139340800…",0,1,1,0,[],[],[],https://pbs.twimg.com/profile_images/1486760502076133377/_1weC8Mj_normal.jpg,https://twitter.com/var_tec/status/1139574490432622592,tweet_id:1139574490432622592
Kevlin Henney,@KevlinHenney,2019-06-12T07:59:56.000Z,False,"I wish developers felt they could slow down and look around, think about what they were doing, etc.

In many cases, verbose code, inconsistencies, weird logic, etc. are all a consequence of organisational culture, giving rise to unwitting ignorance and ingraining of poor habits.",14,159,340,0,[],[],[],https://pbs.twimg.com/profile_images/1452748283/DSC_0065__Reduced__Cropped__normal.jpg,https://twitter.com/KevlinHenney/status/1138717554602631168,tweet_id:1138717554602631168
Martin Fowler,@martinfowler,2019-06-13T13:29:53.000Z,True,"post:  update his article to look at common implementation issues with micro frontends, such as styling, shared libraries, application/backend communication and testinghttps://martinfowler.com/articles/micro-frontends.html#Styling…",6,89,222,0,[],['@thecamjackson'],[],https://pbs.twimg.com/profile_images/79787739/mf-tg-sq_normal.jpg,https://twitter.com/martinfowler/status/1139162981139435529,tweet_id:1139162981139435529
Pablo Gutiérrez,@PabloMxNL,2019-06-13T16:47:12.000Z,False,Nooooooo!! Another victim of Google's spring cleaning? (Maybe summer cleaning ),0,0,0,0,[],[],[],https://pbs.twimg.com/profile_images/1702754157524893696/rp8c3vLo_normal.jpg,https://twitter.com/PabloMxNL/status/1139212636137152520,tweet_id:1139212636137152520
Molly Struve,@molly_struve,2019-06-11T12:20:43.000Z,False,"One of my favorite interview strategies for sr dev candidates is to have them teach one of our junior devs a concept that the junior dev knows nothing about. It not only shows that the candidate knows their stuff, but that they can also teach and mentor",69,517,"2,725",0,[],[],[],https://pbs.twimg.com/profile_images/1441894091084677123/EIwVtaj2_normal.jpg,https://twitter.com/molly_struve/status/1138420796236357633,tweet_id:1138420796236357633
Lin-Manuel Miranda,@Lin_Manuel,2019-06-11T16:12:36.000Z,True,This conductor is incredible.,144,"2,292",1.9万,0,[],[],[],https://pbs.twimg.com/profile_images/1482830613652688896/yuPUGgfD_normal.jpg,https://twitter.com/Lin_Manuel/status/1138479154267955200,tweet_id:1138479154267955200
Pablo Gutiérrez,@PabloMxNL,2019-06-11T19:15:00.000Z,False,"What if besides all of the mentioned also have used Perforce, CVS and oh my god! Visual Source Safe! :(",1,0,2,0,[],[],[],https://pbs.twimg.com/profile_images/1702754157524893696/rp8c3vLo_normal.jpg,https://twitter.com/PabloMxNL/status/1138525052931072002,tweet_id:1138525052931072002
Prof. Feynman,@ProfFeynman,2019-06-11T03:02:41.000Z,True,"""Education isn't something you can finish.""

-- Isaac Asimov (1920 - 1992)",16,"1,771","5,048",0,[],[],[],https://pbs.twimg.com/profile_images/1511990640753618949/rZMGSR26_normal.jpg,https://twitter.com/ProfFeynman/status/1138280362147057665,tweet_id:1138280362147057665
Computer Facts,@computerfact,2019-06-08T14:42:18.000Z,False,"software is trash thats why you put it in a folder called ""bin""",15,527,"2,166",0,[],[],[],https://pbs.twimg.com/profile_images/1591786207624790016/CZGKomIH_normal.jpg,https://twitter.com/computerfact/status/1137369264472625153,tweet_id:1137369264472625153
90s Football,@90sfootball,2019-06-03T09:00:46.000Z,True,"On this day in 1997, Roberto Carlos broke the laws of physics...",132,"3,956",1万,0,[],[],[],https://pbs.twimg.com/profile_images/1109909136584699906/TumHPQQ1_normal.png,https://twitter.com/90sfootball/status/1135471373781012480,tweet_id:1135471373781012480
Jason Gorman @jasongorman@mastodon.cloud,Jason Gorman @jasongorman@mastodon.cloud,2019-06-01T16:17:41.000Z,False,There's no evidence of any economy of scale in software development. Wanna build a product twice as big? It's going to cost you 4x as much. https://x.com/jezhumble/stat/jezhumble/status/1134849956705996800…,3,23,38,0,[],[],[],https://pbs.twimg.com/profile_images/1748481582623514624/2IOqO8g__normal.jpg,https://twitter.com/jasongorman/status/1134856552416972800,tweet_id:1134856552416972800
"México, ¿cómo vamos?",@MexicoComoVamos,2019-06-01T13:40:07.000Z,True,"México necesita que su Presidente esté presente cuando los principales líderes del mundo se reúnan. Si es Ebrard quien nos representa, él no podrá asistir a las reuniones más importantes:   http://ow.ly/O8XB30oRF4v",1,17,29,0,[],['@jorgesuarezv'],[],https://pbs.twimg.com/profile_images/1767262277592395776/IdFdEnsK_normal.jpg,https://twitter.com/MexicoComoVamos/status/1134816900423327745,tweet_id:1134816900423327745
Arlo Belshee,@arlobelshee,2019-05-28T23:51:19.000Z,False,"Thanks . Also my company () and I are bringing out a 3 part mechanism to get teams consistently to #BugZero. We've just started publishing things. Here are the components; together, these get teams there...even without TDD.",2,8,11,0,['#BugZero'],"['@augeva', '@digdeeproots']",[],https://pbs.twimg.com/profile_images/588795843831967744/hmNpML74_normal.jpg,https://twitter.com/arlobelshee/status/1133521160442851328,tweet_id:1133521160442851328
Martin Fowler,@martinfowler,2019-05-29T14:45:22.000Z,True,"post: We should justify efforts to improve internal quality of software based on its ability to reduce costs of future enhancements. It's a counter-intuitive view, but one that reflects our reality",47,"1,099","1,819",0,[],[],[],https://pbs.twimg.com/profile_images/79787739/mf-tg-sq_normal.jpg,https://twitter.com/martinfowler/status/1133746158621343746,tweet_id:1133746158621343746
Kevlin Henney,@KevlinHenney,2019-05-08T16:57:10.000Z,False,"The common obsession with speed (a.k.a. velocity) in agile approaches is not healthy. We should take a cue from the Slow Food movement and promote Slow Agile, e.g., replace sprints with walks, with a preference for strolls over brisk walks.",58,327,752,0,[],[],[],https://pbs.twimg.com/profile_images/1452748283/DSC_0065__Reduced__Cropped__normal.jpg,https://twitter.com/KevlinHenney/status/1126169181509095424,tweet_id:1126169181509095424
God,@TheTweetOfGod,2019-05-07T20:39:12.000Z,True,Thou shalt never walk alone. #LIVBAR,318,"5,589",2万,0,['#LIVBAR'],[],[],https://pbs.twimg.com/profile_images/1513636967090917378/u3n2blUC_normal.jpg,https://twitter.com/TheTweetOfGod/status/1125862670337314816,tweet_id:1125862670337314816
Viri Ríos,@Viri_Rios,2019-05-05T15:04:36.000Z,True,"No hay suficiente personal para hacer funcionar bien al gobierno, y aún así, bajo la lógica de la austeridad, insisten en recortar

Solitos se están poniendo el pie. Estos recortes parecen solucionar las cosas, pero en realidad las empeoran. Va mi opinión:http://bit.ly/2IXnF2Y",174,760,"1,200",0,[],[],[],https://pbs.twimg.com/profile_images/1503690956184424455/8QDvDjfQ_normal.jpg,https://twitter.com/Viri_Rios/status/1125053689356537857,tweet_id:1125053689356537857
Luna,@lunasorcery,2019-05-01T16:28:25.000Z,False,who called it Git Blame and not Whose Line Is It Anyway?,46,"1,224","5,390",0,[],[],[],https://pbs.twimg.com/profile_images/1676752168022425600/HqziO4Vd_normal.jpg,https://twitter.com/lunasorcery/status/1123625231086755840,tweet_id:1123625231086755840
AFC Ajax,@AFCAjax,2019-04-30T19:17:12.000Z,True,"15. GOOOOOOOOOOOAAAAAAAAAAAAAAAAALLLLLL!!!!!

DONNNNNNNNNNN! #UCL #totaja",119,"2,004","9,559",0,"['#UCL', '#totaja']",[],[],https://pbs.twimg.com/profile_images/1394234589489606657/JtxdyLx7_normal.jpg,https://twitter.com/AFCAjax/status/1123305320128962560,tweet_id:1123305320128962560
Pablo Gutiérrez,@PabloMxNL,2019-04-30T19:03:07.000Z,False,"so after Brexit,  teams no longer play the  ???  #TOTAjax",0,0,0,0,['#TOTAjax'],"['@premierleague', '@ChampionsLeague']",['\\U0001f601'],https://pbs.twimg.com/profile_images/1702754157524893696/rp8c3vLo_normal.jpg,https://twitter.com/PabloMxNL/status/1123301773152858114,tweet_id:1123301773152858114
"México, ¿cómo vamos?",@MexicoComoVamos,2019-04-28T01:40:03.000Z,True,"La etiqueta nubla al ser humano. Si la opción es chairo o fifí, ambos bandos perdimos, redujimos a una persona al elemento que nos diferencia. Las redes sociales ayudan, pues es fácil odiar sin ver a los ojos:  https://bit.ly/2Vr6EnG",0,61,91,0,[],['@jorgesuarezv'],[],https://pbs.twimg.com/profile_images/1767262277592395776/IdFdEnsK_normal.jpg,https://twitter.com/MexicoComoVamos/status/1122314501494321153,tweet_id:1122314501494321153
Gonzalo Monroy,@GMonroyEnergy,2019-04-22T22:15:59.000Z,False,La ortografía es cosa neoliberal. Todos los pollos apoyadores lo saben. https://t.co/7TdRyg9Fqa,459,942,"3,302",0,[],[],[],https://pbs.twimg.com/profile_images/1586755540948029440/TcpBWhyC_normal.jpg,https://twitter.com/GMonroyEnergy/status/1120451207510876161,tweet_id:1120451207510876161
Leonardo Curzio,@LeonardoCurzio,2019-04-21T20:56:50.000Z,True,"Creo que el tono confrontador que usa  es porque se asume, como Juárez, el ganador de una guerra... y el no ganó una guerra en el campo de batalla (tampoco el neoliberalismo es un equivalente de la intervención) el ganó pacíficamente unas elecciones.",630,"1,189","3,536",0,[],['@lopezobrador_'],[],https://pbs.twimg.com/profile_images/1633612522279321601/H4f6XKzH_normal.jpg,https://twitter.com/LeonardoCurzio/status/1120068901709029376,tweet_id:1120068901709029376
I amsterdam,@Iamsterdam,2019-04-18T06:29:01.000Z,False,Have you ever wondered how #cycling became such a fixture in the Netherlands? This great video from  explains it all: https://bit.ly/2N4xZbm,1,11,20,0,['#cycling'],['@voxdotcom'],[],https://pbs.twimg.com/profile_images/683996864518205440/G099Q3wL_normal.jpg,https://twitter.com/Iamsterdam/status/1118763344264093696,tweet_id:1118763344264093696
Victor Rentea,@VictorRentea,2019-04-18T06:24:00.000Z,False,"“If you don’t think carefully, you might think that programming is just typing statements in a programming language.” - In pair programming, one person is programming and the other is thinking ahead, anticipating problems, and strategizing.  - ",1,6,14,0,[],"['@WardCunningham', '@JamesShore']",[],https://pbs.twimg.com/profile_images/1031254204038504448/m_iWHALY_normal.jpg,https://twitter.com/VictorRentea/status/1118762083577946112,tweet_id:1118762083577946112
Pablo Gutiérrez,@PabloMxNL,2019-04-07T17:08:47.000Z,False,"imperdible lectura de domingo. ""Antes de que cante un ganso"" de  - Vía  https://refor.ma/bbOhb",0,0,1,0,[],"['@lrubiof', '@elnorte']",[],https://pbs.twimg.com/profile_images/1702754157524893696/rp8c3vLo_normal.jpg,https://twitter.com/PabloMxNL/status/1114938078278426627,tweet_id:1114938078278426627
Dan Abel,@twicezer0,2019-04-04T16:48:13.000Z,False,I wrote this about how we wrote audit software to help us support our own code: https://engineering.tes.com/post/tes-micro-service-monitoring-user/…,2,6,34,0,[],[],[],https://pbs.twimg.com/profile_images/3733744145/e65e9da4efc1d7b2034165ec637d149f_normal.png,https://twitter.com/twicezer0/status/1113845738952437761,tweet_id:1113845738952437761
Pablo Gutiérrez,@PabloMxNL,2019-04-04T15:56:06.000Z,False,keep it simple !!,0,0,0,0,[],[],[],https://pbs.twimg.com/profile_images/1702754157524893696/rp8c3vLo_normal.jpg,https://twitter.com/PabloMxNL/status/1113832625209212936,tweet_id:1113832625209212936
DHH,@dhh,2019-03-27T18:50:08.000Z,True,"While we're going over the crimes of Apple's computer choices lately, check this out: The new $1099 iMacs include a 5400rpm hard drive. Holy shit. That's ballsy. Shipping cripplingly slow hard drives in a $1099 machine is wow.",28,67,318,0,[],[],[],https://pbs.twimg.com/profile_images/1746980162607140864/fG9Fj4K__normal.jpg,https://twitter.com/dhh/status/1110977319743557632,tweet_id:1110977319743557632
Pablo Gutiérrez,@PabloMxNL,2019-03-26T17:03:32.000Z,True,una de cal por 1 millón de arena? acá se va a quitar en 2021 y cada país decidirá si mantiene horario de invierno o de verano.,0,0,1,0,[],[],[],https://pbs.twimg.com/profile_images/1702754157524893696/rp8c3vLo_normal.jpg,https://twitter.com/PabloMxNL/status/1110588104296054790,tweet_id:1110588104296054790
Pablo Gutiérrez,@PabloMxNL,2019-03-25T08:22:23.000Z,False,good advice on ways to resolve conflicts in technical teams by https://hackernoon.com/on-improving-communication-inside-a-dev-team-38ad3a0e892a…,0,0,1,0,[],['@andreirusu_'],[],https://pbs.twimg.com/profile_images/1702754157524893696/rp8c3vLo_normal.jpg,https://twitter.com/PabloMxNL/status/1110094565074235398,tweet_id:1110094565074235398
Rod Johnson,@springrod,2019-03-21T00:52:03.000Z,False,My true thoughts on YAML. https://blog.atomist.com/in-defense-of-yaml/…,10,102,219,0,[],[],[],https://pbs.twimg.com/profile_images/535226633003610112/rzTrIOcZ_normal.jpeg,https://twitter.com/springrod/status/1108531684390002688,tweet_id:1108531684390002688
Cindy Sridharan,@copyconstruct,2019-03-14T22:06:41.000Z,False,There have been a handful of success stories but I remain doggedly skeptical about using k8s in a local development environment. Remain even more convinced that trying to bring up a simulacrum of the entire production env in local dev/CI for testing is  https://bit.ly/2u4ZkPc,10,30,106,0,[],[],['\\U0001f44e'],https://pbs.twimg.com/profile_images/1718067703712530432/5kvJbych_normal.jpg,https://twitter.com/copyconstruct/status/1106315739709865985,tweet_id:1106315739709865985
Andres Oppenheimer,@oppenheimera,2019-03-14T11:36:23.000Z,True,¿Vuelve la censura a Mexico? Vean esto en : https://hrld.us/2u6VZ2b,34,229,215,0,[],['@elnuevoherald'],[],https://pbs.twimg.com/profile_images/1035578257746231296/OUV8ND6Z_normal.jpg,https://twitter.com/oppenheimera/status/1106157118883811330,tweet_id:1106157118883811330
Pablo Gutiérrez,@PabloMxNL,2019-03-14T18:50:33.000Z,False,Monterrey o Macuspana - imperdible el artículo de . - Vía  https://refor.ma/bbNS3,1,0,0,0,[],"['@jorgesuarezv', '@elnorte']",[],https://pbs.twimg.com/profile_images/1702754157524893696/rp8c3vLo_normal.jpg,https://twitter.com/PabloMxNL/status/1106266379982917632,tweet_id:1106266379982917632
Allen Holub @allenholub.bsky.social,Allen Holub @allenholub.bsky.social,2019-03-14T07:35:59.000Z,True,"We do this too often. Last week we shipped with a bug, but nobody noticed, so it's ok to have 1. This week we don't have time to fix these 3 bugs, but it was ok to ship with 1, so it's probably okay to go with 3. And so it goes until we're shipping crap every week.",5,22,59,0,[],[],[],https://pbs.twimg.com/profile_images/1042085119505227777/l3Xhlcse_normal.jpg,https://twitter.com/allenholub/status/1106096622855806982,tweet_id:1106096622855806982
foone,@Foone,2019-02-13T05:09:59.000Z,True,"If I was setting up curriculum at a university I'd make an entire semester-long class on The Challenger disaster, and make it required for any remotely STEM-oriented major.",300,"5,410","9,618",0,[],[],[],https://pbs.twimg.com/profile_images/880340410333143040/-s_buYC0_normal.jpg,https://twitter.com/Foone/status/1095550629919961088,tweet_id:1095550629919961088
Lisa Phillips,@lisaphillips,2019-03-13T04:51:52.000Z,False,Twitter didn't have an offline backup of Tweets or User data until ~2011 (5 years after start) until a Latina without any college degree (me) realized it might be important and made it so.,16,303,"1,545",0,[],[],[],https://pbs.twimg.com/profile_images/1541803000779264000/KS-K4rrd_normal.jpg,https://twitter.com/lisaphillips/status/1105692932969893888,tweet_id:1105692932969893888
FC Schalke 04,@s04_en,2019-03-12T20:59:18.000Z,True,I'd like to see Theresa May try and defend against ,818,3.1万,11万,0,[],['@LeroySane19'],[],https://pbs.twimg.com/profile_images/1767167460703117314/AZskG3x7_normal.jpg,https://twitter.com/s04_en/status/1105574007481552898,tweet_id:1105574007481552898
Eddú Meléndez (エドゥ),@EdduMelendez,2019-03-12T02:21:00.000Z,False,"every day build a better version of yourself (patch release)

every month build a much better version of yourself (minor release)

every year build a much much better version of yourself (major release)#ContinuousImprovement",0,5,8,0,['#ContinuousImprovement'],[],[],https://pbs.twimg.com/profile_images/745818324760616960/24SJcz6V_normal.jpg,https://twitter.com/EdduMelendez/status/1105292576373047297,tweet_id:1105292576373047297
Denise Dresser,@DeniseDresserG,2019-03-12T04:45:15.000Z,True,¿Y si informaran en vez de hacer propaganda? ¿Y si comunicaran en vez de diseminar ideología? ¿Y si en lugar de comportarse como oposición  se comportaran como gobierno? ¿Y si comprendieran que los problemas del sector energético son mucho más complejos y no se resuelven así?,691,"2,580","5,920",0,[],[],['\\U0001f447'],https://pbs.twimg.com/profile_images/1747359744476561408/W2gJBB0d_normal.jpg,https://twitter.com/DeniseDresserG/status/1105328880875962369,tweet_id:1105328880875962369
Senior Oops Engineer,@ReinH,2019-03-08T20:21:25.000Z,False,"Here is the only point estimation strategy that can possibly work: If it is obviously small then it is small. If it is obviously large then it is large. If there is ANY disagreement, mark it medium and move on.",10,170,397,0,[],[],[],https://pbs.twimg.com/profile_images/1268216560285437952/-8h3sAoJ_normal.jpg,https://twitter.com/ReinH/status/1104114921283870720,tweet_id:1104114921283870720
Trisha Gee,@trisha_gee,2019-03-07T08:31:38.000Z,False,One of my favourite talks from last year: Code Review Best Practices (or: How to make your code reviews suck less),2,7,40,0,[],[],[],https://pbs.twimg.com/profile_images/1574046394717011973/3rviIfHC_normal.jpg,https://twitter.com/trisha_gee/status/1103573911973834758,tweet_id:1103573911973834758
Jenkins,@jenkinsci,2019-03-06T17:24:02.000Z,False,"Jenkins administrators are urged to upgrade their plugins as outlined in today's security advisory, which includes vulnerabilities affecting Jenkins Pipeline.",0,70,59,0,[],[],[],https://pbs.twimg.com/profile_images/724264919634305024/DsWUbybf_normal.jpg,https://twitter.com/jenkinsci/status/1103345505235435520,tweet_id:1103345505235435520
Bartek Ogryczak ⟨@bartek@sfba.social⟩,Bartek Ogryczak ⟨@bartek@sfba.social⟩,2019-03-05T18:18:52.000Z,False,"Spielberg is scared. He should be, but not of Netflix.

2018 top grossing:
movie: Avengers: Infinity War — $2B
game: Fortnite  — $3B (just the 2018)

top grossing ever:
movie: Avatar — $3.2B (inflation adjusted) 
game: GTA V — $6B 

Forget ",0,1,0,0,[''],[''],[],https://pbs.twimg.com/profile_images/1486760502076133377/_1weC8Mj_normal.jpg,https://twitter.com/var_tec/status/1102996915858288640,tweet_id:1102996915858288640
Miguel de Icaza ᯅ,@migueldeicaza,2019-02-26T15:18:23.000Z,True,"Some things just can’t be translated to English, like the Mexican saying “no hay cosa más peligrosa que un pendejo con iniciativa”",33,62,273,0,[],[],[],https://pbs.twimg.com/profile_images/1655569326936563712/MQYhrhnU_normal.jpg,https://twitter.com/migueldeicaza/status/1100414783382274048,tweet_id:1100414783382274048
kamal,@kamal,2019-01-31T17:09:31.000Z,False,"The Kamal stack is

K - you don't have
A - product market fit yet
M - why you fucking around
A - with kubernetes
L - just use heroku",60,"1,044","4,264",0,[],[],[],https://pbs.twimg.com/profile_images/463497497868902400/WWAyX7Jj_normal.jpeg,https://twitter.com/kamal/status/1091020666206179328,tweet_id:1091020666206179328
Pablo Gutiérrez,@PabloMxNL,2019-02-20T18:53:16.000Z,False,"el salvador purificador, cartón de Calderón - 20 de Feb. - Vía ",0,0,0,0,[],['@elnorte'],[],https://pbs.twimg.com/profile_images/1702754157524893696/rp8c3vLo_normal.jpg,https://twitter.com/PabloMxNL/status/1098294530460258305,tweet_id:1098294530460258305
Mike Judge,@MikeJudge,2019-02-19T21:20:06.000Z,True,"20 years ago today, Office Space came out in theaters. This is the clapper from the last scene we shot. As you can see, Stephen Root nailed it in two takes. And that's the actual stapler from the movie. (It got burned when Milton set the building on fire.)",517,"4,462",2.3万,0,[],[],[],https://pbs.twimg.com/profile_images/378800000690153345/c7c1bedd1243f14a1eaf3a3ee8720929_normal.jpeg,https://twitter.com/MikeJudge/status/1097969096648417280,tweet_id:1097969096648417280
Pablo Gutiérrez,@PabloMxNL,2019-02-18T22:00:31.000Z,False,"aquí John Oliver les dice porqué no es buena idea dejarle al pueblo ""sabio y bueno"" las decisiones que deben de ser razonadas basadas en hechos https://m.youtube.com/watch?feature=youtu.be&t=17m37s&v=HaBQfSAVt0s… #4taTransformacion",0,1,1,0,['#4taTransformacion'],[],[],https://pbs.twimg.com/profile_images/1702754157524893696/rp8c3vLo_normal.jpg,https://twitter.com/PabloMxNL/status/1097616879991050245,tweet_id:1097616879991050245
Kike Mireles,@kikemireles,2019-02-15T23:09:38.000Z,True,"Aquí, como siempre #LaDelViernesAbro hilo sobre todo lo que está pasando en el #CONACYT ",97,"1,308","1,499",0,"['#LaDelViernes', '#CONACYT']",[],['\\u2b07\\ufe0f'],https://pbs.twimg.com/profile_images/1663686548305375235/5doF7waA_normal.jpg,https://twitter.com/kikemireles/status/1096547107807342595,tweet_id:1096547107807342595
Matthew Garrett (@mjg59@nondeterministic.computer),Matthew Garrett (@mjg59@nondeterministic.computer),2019-02-11T22:24:10.000Z,False,"""No way to prevent this"", say programmers of only language where this regularly happens",21,561,"2,000",0,[],[],[],https://pbs.twimg.com/profile_images/459378005689630720/4f7Dml5q_normal.png,https://twitter.com/mjg59/status/1095086114287710208,tweet_id:1095086114287710208
ALARCÓN,@alarcondibujos,2019-02-11T18:51:01.000Z,True,#LibretaDeApuntes El poderoso se victimiza (basado en un tuiter de @Luliwainer ),30,631,"1,263",0,['#LibretaDeApuntes'],[],[],https://pbs.twimg.com/profile_images/1058941831331799040/iw78OdcC_normal.jpg,https://twitter.com/alarcondibujos/status/1095032473761783809,tweet_id:1095032473761783809
James Shore @jamesshore@mastodon.online,James Shore @jamesshore@mastodon.online,2019-01-29T17:55:06.000Z,True,So. Useful.,0,1,1,0,[],[],[],https://pbs.twimg.com/profile_images/1324009624882667520/1dG7Kmbi_normal.jpg,https://twitter.com/jamesshore/status/1090307360336142336,tweet_id:1090307360336142336
Max Kanat-Alexander,@mkanat,2019-01-25T07:10:35.000Z,False,"The stack of bug detection looks roughly like:

Users
Monitoring
Canary
Release Testing
End to End Testing
Integration Testing
Unit Testing
Compiler
Editor

You should have them all, but strive to bring bug detection as close as you can to the bottom of the stack.",8,46,327,0,[],[],[],https://pbs.twimg.com/profile_images/745162538350845952/mP3RA5rN_normal.jpg,https://twitter.com/mkanat/status/1088695612873175040,tweet_id:1088695612873175040
PacoCalderónCartones,@CartonCalderon,2019-01-25T01:14:38.000Z,True,"Roma y la política https://cuestione.com/columna/roma-y-la-politica… -Muy buena crítica. No conocía a este autor, pero lo voy a seguir.",13,66,208,0,[],[],[],https://pbs.twimg.com/profile_images/1498421145787326472/Ixds224g_normal.jpg,https://twitter.com/CartonCalderon/status/1088606035856773122,tweet_id:1088606035856773122
Inspiration Duck,@inspirationduck,2019-01-22T09:19:27.000Z,False,Kookaburras - the ducks of the outback.,0,1,0,0,[],[],[],https://pbs.twimg.com/profile_images/525460342093000705/oYazlOBh_normal.jpeg,https://twitter.com/inspirationduck/status/1087640880083742720,tweet_id:1087640880083742720
David Montiel,@davidmonti,2019-01-22T18:11:00.000Z,False,"El ""no mames"" más chingon que han escuchado...   
Yalitzia Aparicio se entera de que esta nominada al Oscar a mejor actriz #Roma #orgullo #creoQueYoLloreMasQueElla",0,3,6,0,"['#Roma', '#orgullo', '#creoQueYoLloreMasQueElla']",[],"['\\U0001f1f2\\U0001f1fd', '\\U0001f1f2\\U0001f1fd', '\\U0001f1f2\\U0001f1fd']",https://pbs.twimg.com/profile_images/1589296480166223874/4WJSy6l2_normal.jpg,https://twitter.com/davidmonti/status/1087774646622216192,tweet_id:1087774646622216192
Antonio Garci Nieto,@Garcimonero,2019-01-15T11:12:25.000Z,True,"Mi carton de hoy en  
Una sobre como administrar el desabasto de gasolina de forma glamorosa.
Amigos los que promueven la #CENSURA en @TwitterMexico me tramitaron un filtro para que mis dibujos no se vean, les pido den RT para que  me lo quite ",42,"1,453","1,123",0,['#CENSURA'],"['@ElFinanciero_Mx', '@TwitterSeguro']",['\\U0001f64f'],https://pbs.twimg.com/profile_images/1453409669486104576/OVDVrbtL_normal.jpg,https://twitter.com/Garcimonero/status/1085132590661677056,tweet_id:1085132590661677056
Mr. Drinks On Me,@Mr_DrinksOnMe,2019-01-12T13:25:00.000Z,True,A programmer was arrested for writing unreadable code. He refused to comment.,69,"2,375","6,567",0,[],[],[],https://pbs.twimg.com/profile_images/1134420203381481473/uGpKts0D_normal.jpg,https://twitter.com/Mr_DrinksOnMe/status/1084078793919209479,tweet_id:1084078793919209479
"Rictus, Caricaturista",@monerorictus,2019-01-10T22:01:38.000Z,False,"Chale, pues perdón que se los diga pero en estos tres temas :

-La Guardia Nacional.
-La Fiscalía General.
-El combate contra el robo de combustibles.

Veo lo mismo que en la declaración patrimonial de Amlo: pura simulación.",78,914,"2,156",0,[],[],[],https://pbs.twimg.com/profile_images/1091562778651811840/_dc652gn_normal.jpg,https://twitter.com/monerorictus/status/1083484032980070400,tweet_id:1083484032980070400
"Rictus, Caricaturista",@monerorictus,2019-01-10T03:12:31.000Z,False,"Desabasto, filas de horas, compras de pánico y caos no debería ser el precio a pagar por combatir la corrupción.

Para eso existen las leyes. Ojalá se tuviera el valor y la capacidad de aplicarlas.",122,821,"1,849",0,[],[],[],https://pbs.twimg.com/profile_images/1091562778651811840/_dc652gn_normal.jpg,https://twitter.com/monerorictus/status/1083199882834391041,tweet_id:1083199882834391041
Amb. Arturo Sarukhan,@Arturo_Sarukhan,2019-01-09T02:21:36.000Z,False,A multi-tweet thread on Potus' Oval Office message: 1) Saying there is a national security crisis on the border does a huge disservice to how the US & #Mexico have worked together since 9/11 to ensure our border is not used by terrorists to undermine our common security.  1/7,28,574,779,0,['#Mexico'],[],[],https://pbs.twimg.com/profile_images/1551622599892996096/Z8oaXSMI_normal.jpg,https://twitter.com/Arturo_Sarukhan/status/1082824681579778050,tweet_id:1082824681579778050
mpj,@mpjme,2019-01-03T15:20:00.000Z,False,"""Wow I really wish this app opened up links in an in-app browser instead of the native Safari""
  - No user ever in the history of the universe",25,182,849,0,[],[],[],https://pbs.twimg.com/profile_images/1512366261648465920/fZKmtCyB_normal.jpg,https://twitter.com/mpjme/status/1080846246326214661,tweet_id:1080846246326214661
Matt Klein,@mattklein123,2019-01-02T17:59:34.000Z,False,"I finally hit my monorepo discussion limit, so I present you with ""Monorepos: Please don't!"" Enjoy. ",34,279,588,0,[],[],['\\U0001f603'],https://pbs.twimg.com/profile_images/769023810532216833/fNvJJo1b_normal.jpg,https://twitter.com/mattklein123/status/1080524011438653441,tweet_id:1080524011438653441
Ursu𝘚𝘤𝘳𝘪𝘱𝘵,@UrsuSays,2018-12-30T22:49:12.000Z,False,"Product vision
  | _ _ _ _ _ _ _ _ _ _ _ _ _ _ _ _ _ _ _
                                                     |Understanding user needs  |
   _ _ _ _ _ _ _ _ _ _ _ _ _ _ _ _ _ _ _ |
  |Call MVP the full product
  |Promise to refactor later
  |",0,7,12,0,[],[],"['\\U0001f4cd', '\\U0001f4cd', '\\U0001f4cd', '\\U0001f4cd', '\\U0001f4cd']",https://pbs.twimg.com/profile_images/1361985742109564930/_e2I9j9D_normal.jpg,https://twitter.com/UrsuSays/status/1079509737853595650,tweet_id:1079509737853595650
Year Progress,@year_progress,2019-01-01T00:00:02.000Z,True,░░░░░░░░░░░░░░░ 0%,299,2.3万,5.8万,0,[],[],[],https://pbs.twimg.com/profile_images/1741991624324853760/W71NjnEF_normal.jpg,https://twitter.com/year_progress/status/1079889949871300608,tweet_id:1079889949871300608
"México, ¿cómo vamos?",@MexicoComoVamos,2018-12-29T14:35:06.000Z,True,La seudo austeridad de hoy le va a salir carísima a México. Se prefiere tirar miles de millones de pesos a la basura a continuar con un proyecto que brindaría oportunidades de crecimiento al país:  http://ow.ly/3wn730n6lee,4,20,32,0,[],['@ValeriaMoy'],[],https://pbs.twimg.com/profile_images/1767262277592395776/IdFdEnsK_normal.jpg,https://twitter.com/MexicoComoVamos/status/1079023006847066113,tweet_id:1079023006847066113
San Cadilla El Norte,@SancadillaNorte,2018-12-28T21:13:55.000Z,True,"No veo a nadie protestando en redes o haciendo marchas como cuando el alza en el precio de los boletos.
Protestamos por cosas insignificantes y ante las importantes callamos como pueblo agachón. Es para que hubiera una manifestación como lo hacen en países europeos.",102,378,858,0,[],[],[],https://pbs.twimg.com/profile_images/1284245612507074561/kl3hhTzf_normal.jpg,https://twitter.com/SancadillaNorte/status/1078760981637943296,tweet_id:1078760981637943296
"México, ¿cómo vamos?",@MexicoComoVamos,2018-12-27T13:43:07.000Z,True,"Después de pocos días en la Presidencia confirmo que una de las fortalezas más importantes de cualquier liderazgo proviene de mantener la capacidad de corregir decisiones, si la evidencia así lo exige:  reforma.com/aplicaciones/editoriales/editorial.aspx?id=148167…",28,128,173,0,[],['@jorgesuarezv'],[],https://pbs.twimg.com/profile_images/1767262277592395776/IdFdEnsK_normal.jpg,https://twitter.com/MexicoComoVamos/status/1078285149899538435,tweet_id:1078285149899538435
Pablo Gutiérrez,@PabloMxNL,2018-12-23T20:33:53.000Z,True,El problema es que la gente está cansada de tanto cochinero. Y además ponen la extraordinaria un día antes de noche buena.,0,0,0,0,[],[],[],https://pbs.twimg.com/profile_images/1702754157524893696/rp8c3vLo_normal.jpg,https://twitter.com/PabloMxNL/status/1076938971077238784,tweet_id:1076938971077238784
Nicolas Frankel,@nicolas_frankel,2018-12-11T15:32:18.000Z,False,Unit Testing Anti-Patterns https://yegor256.com/2018/12/11/unit-testing-anti-patterns.html…,1,15,14,0,[],[],[],https://pbs.twimg.com/profile_images/1619658332016447489/mqVXXy1h_normal.jpg,https://twitter.com/nicolas_frankel/status/1072514418490138625,tweet_id:1072514418490138625
Arian van Putten,@ProgrammerDude,2018-12-10T14:58:35.000Z,False,"Today in Why You Should Never Use Yaml:

Apparently ""Yes"" is a boolean????",4,8,31,0,[],[],[],https://pbs.twimg.com/profile_images/1714204057529688064/3ISF7XQg_normal.jpg,https://twitter.com/ProgrammerDude/status/1072143546881376256,tweet_id:1072143546881376256
Conflux,@ConfluxHQ,2018-12-05T20:27:01.000Z,False,"How Contract Tests Improve the Quality of Your Distributed Systems   https://buff.ly/2LwDYW5 < ""Contract testing involves defining conversations that take place between components. """,0,6,9,0,[],"['@InfoQ', '@MGrzejszczak']",[],https://pbs.twimg.com/profile_images/1370747266756136962/Jj9Cj-ta_normal.jpg,https://twitter.com/ConfluxHQ/status/1070414260717670400,tweet_id:1070414260717670400
Richard Easther,@REasther,2018-12-02T03:10:14.000Z,False,So  shot these pics of what he SAYS is the International Space Station passing in front of the sun.... But I dunno. I just dunno.,4,22,116,0,[],['@iangriffin'],[],https://pbs.twimg.com/profile_images/1485907325575901185/Ivf5vmJT_normal.jpg,https://twitter.com/REasther/status/1069066182748123136,tweet_id:1069066182748123136
CDHVitoria,@CDHVitoria,2018-11-29T20:55:08.000Z,False,"""Fue un mal año. No, menos, como seis"" Conoce aquí el diagnóstico del sexenio presentado por  >http://bit.ly/2zxfKDr",1,21,15,0,[],['@FundarMexico'],[],https://pbs.twimg.com/profile_images/1778127995288289280/j__KC39O_normal.jpg,https://twitter.com/CDHVitoria/status/1068247007276478466,tweet_id:1068247007276478466
Gary Bernhardt,@garybernhardt,2018-11-26T17:44:30.000Z,False,"An NPM package with 2,000,000 weekly downloads had malicious code injected into it. No one knows what the malicious code does yet.",54,"2,730","2,825",0,[],[],[],https://pbs.twimg.com/profile_images/1328504683095199745/YXr3Xioa_normal.jpg,https://twitter.com/garybernhardt/status/1067111872225136640,tweet_id:1067111872225136640
foone,@Foone,2018-11-05T05:17:09.000Z,True,"Your brand new Ubuntu 18.10 has /bin and /usr/bin cause one specific system in 1971-1973 ran out of disk space on one of these 2.5MB fixed disk drives. 

(This is the drive cartridge that goes into the RK05)",32,554,"1,173",0,[],[],[],https://pbs.twimg.com/profile_images/880340410333143040/-s_buYC0_normal.jpg,https://twitter.com/Foone/status/1059313647162281984,tweet_id:1059313647162281984
Sjoerd Wiemer Sjoerdsma,@swsjoerdsma,2018-11-13T20:31:17.000Z,True,"No, the worst deal in history is how you deceived Brits into voting for Brexit while you got to keep your sizeable EU pension.",16,66,183,0,[],[],[],https://pbs.twimg.com/profile_images/1316305866623197184/WrpsVzOQ_normal.jpg,https://twitter.com/swsjoerdsma/status/1062442800598388737,tweet_id:1062442800598388737
𝕏 Millennials: La generación mas preparada,@MilleDescubren,2018-11-11T19:27:42.000Z,False,Millennials descubren a los roomies.,9,201,641,0,[],[],[],https://pbs.twimg.com/profile_images/1780488674842456064/MaFrj_Kz_normal.jpg,https://twitter.com/MilleDescubren/status/1061702024885100545,tweet_id:1061702024885100545
Luis Rubio,@lrubiof,2018-10-30T20:37:40.000Z,False,López Obrador stirs investor unease by scrapping $13bn airport | Financial Times.  “The decision by  on the new airport will be remembered as one of the worst stupidities by a president in contemporary economic history. I https://ft.com/content/9bf3d7aa-db96-11e8-8f50-cbae5495d92b…,2,36,27,0,[],['@lopezobrador'],[],https://pbs.twimg.com/profile_images/378800000262011603/4ce05e2010943aed036f00ebd23d9c8e_normal.jpeg,https://twitter.com/lrubiof/status/1057370976244117504,tweet_id:1057370976244117504
PSV,@PSV,2018-10-24T17:27:11.000Z,True,"30 - SIII

Hirving Lozano laat het Philips Stadion ontploffen! Na fel doorjagen gaat zijn inzet met een boogje over Lloris. 

VAMOS!#PSVTOT 1-0",4,46,184,0,['#PSVTOT'],[],[],https://pbs.twimg.com/profile_images/1268061986685886465/cGIK7ZMW_normal.png,https://twitter.com/PSV/status/1055148712123682816,tweet_id:1055148712123682816
Bartek Ogryczak ⟨@bartek@sfba.social⟩,Bartek Ogryczak ⟨@bartek@sfba.social⟩,2018-10-24T17:32:23.000Z,False,"That's what AR should look like, none of that AR-through-smartphone-screen BS.",0,1,2,0,[],[],[],https://pbs.twimg.com/profile_images/1486760502076133377/_1weC8Mj_normal.jpg,https://twitter.com/var_tec/status/1055150021669117952,tweet_id:1055150021669117952
Roland flemm,@roland_flemm,2018-10-19T09:47:02.000Z,False,"""Let there be ONE Product Owner"" - roland flemm https://link.medium.com/pO3IqIeF8Q",0,2,3,0,[],[],[],https://pbs.twimg.com/profile_images/1000729153426083841/b8zfdHEq_normal.jpg,https://twitter.com/roland_flemm/status/1053220973783248896,tweet_id:1053220973783248896
Pessimists Archive,@PessimistsArc,2018-10-24T15:26:16.000Z,True,"2017: Are Smartphones Making Us Stupid?
2008: Is Google Making Us Stupid?
1884: Are Books Making Us Stupid? 

(Podcast on topic: https://soundcloud.com/pessimistsarc/novel…)",17,293,507,0,[],[],[],https://pbs.twimg.com/profile_images/1766899938242269184/msqmIm7C_normal.jpg,https://twitter.com/PessimistsArc/status/1055118281164623873,tweet_id:1055118281164623873
𝕏 Millennials: La generación mas preparada,@MilleDescubren,2018-10-22T22:38:55.000Z,False,Millennials descubren las llamadas telefónicas.,366,2.9万,7.4万,0,[],[],[],https://pbs.twimg.com/profile_images/1780488674842456064/MaFrj_Kz_normal.jpg,https://twitter.com/MilleDescubren/status/1054502385261928448,tweet_id:1054502385261928448
Venkat Subramaniam,@venkat_s,2018-10-18T21:21:44.000Z,False,"Developer 1: ""We don't worry about code quality like you do, everyone in my team understands each others' the code really well""

Developer 2: ""I just joined his team, I can't understand a thing, I am going to rewrite the code.""

Me: (suddenly living inside a Dilbert comic strip)",3,35,153,0,[],[],[],https://pbs.twimg.com/profile_images/950807350952181760/5pkYiJ8d_normal.jpg,https://twitter.com/venkat_s/status/1053033411865206786,tweet_id:1053033411865206786
Terry Reintke,@TerryReintke,2018-09-21T09:46:17.000Z,False,Something to remember. #PeaceDay2018,18,324,658,0,['#PeaceDay2018'],[],[],https://pbs.twimg.com/profile_images/1282392183539146753/iBCO2n6h_normal.jpg,https://twitter.com/TerryReintke/status/1043073923712249856,tweet_id:1043073923712249856
Sergio Negrete Cárdenas,@econokafka,2018-09-17T22:53:15.000Z,True,"¿Ejemplo real de bancarrota? Escuchen a Jesús Silva Herzog, titular de  en 1982. AMLO tenía 29 años (seguía de estudiante en la UNAM) pero igual no se acuerda. Son menos de 5 minutos. Fundamental serie hecha por el historiador :",21,178,261,0,[],"['@SHCP_mx', '@EnriqueKrauze']",[],https://pbs.twimg.com/profile_images/1331752315326435329/-OXN0UdX_normal.jpg,https://twitter.com/econokafka/status/1041822417474215936,tweet_id:1041822417474215936
Bruno Borges,@brunoborges,2018-06-03T03:42:04.000Z,False,"$ whoami
ubuntu

$ whereami 
In a Docker container. Inside a Kubernetes cluster. Running in a VM. On top of a Hypervisor. In someone else's datacenter. 

$ howdidigethere
No. Fucking. Clue.",114,"3,112","8,367",0,[],[],[],https://pbs.twimg.com/profile_images/1688732968003555328/J-eBKGmX_normal.jpg,https://twitter.com/brunoborges/status/1003119599133470720,tweet_id:1003119599133470720
Josh Long,@starbuxman,2018-09-17T16:28:44.000Z,True,"#Java is still free! 

The  wrote an open document that should clear the air about the future of  https://docs.google.com/document/d/1nFGazvrCvHMZJgFstlbzoHjpAVwv5DEdnaBr_5pKuHo/mobilebasic…",1,66,97,0,['#Java'],"['@Java_Champions', '@java']",[],https://pbs.twimg.com/profile_images/868596967139450880/ZdDK0WyW_normal.jpg,https://twitter.com/starbuxman/status/1041725654062907392,tweet_id:1041725654062907392
Stephen Colebourne,@jodastephen,2018-09-11T21:02:55.000Z,False,"For Java 11, what is the difference between Oracle JDK and Oracle's OpenJDK build? Nothing really important beyond the license/cost, but see here for full details: https://blogs.oracle.com/java-platform-group/oracle-jdk-releases-for-java-11-and-later…",0,47,56,0,[],[],[],https://pbs.twimg.com/profile_images/110715822/stephen_colebourne_normal.jpg,https://twitter.com/jodastephen/status/1039620324625723392,tweet_id:1039620324625723392
Stephen Colebourne,@jodastephen,2018-09-03T08:44:16.000Z,False,[blog] Time to look beyond Oracle's JDK. A quick follow up to last week's epic post on how zero-cost Java is changing! https://blog.joda.org/2018/09/time-to-look-beyond-oracles-jdk.html…,1,89,106,0,[],[],[],https://pbs.twimg.com/profile_images/110715822/stephen_colebourne_normal.jpg,https://twitter.com/jodastephen/status/1036535337290539008,tweet_id:1036535337290539008
GO GO GO!!!,@SachaLabourey,2018-08-29T20:17:46.000Z,False,"MVPs suck. MVE is all the rage. 

Minimum Viable Empire.",1,1,6,0,[],[],[],https://pbs.twimg.com/profile_images/1664240666853924870/dt9B6TFr_normal.jpg,https://twitter.com/SachaLabourey/status/1034897920418402304,tweet_id:1034897920418402304
CommitStrip,@CommitStrip,2018-08-24T15:15:08.000Z,False,"HTTP Headers FTW
 http://commitstrip.com/2018/08/24/http-headers-ftw/…",41,"1,030","2,187",0,[],[],[],https://pbs.twimg.com/profile_images/799176331623800832/ggd6_JbJ_normal.jpg,https://twitter.com/CommitStrip/status/1033009822793453574,tweet_id:1033009822793453574
John Arundel,@bitfield,2018-08-18T11:31:00.000Z,True,"“I regret writing most shell scripts I’ve written, and my new year’s pledge will be to not write any more.” The shell scripting trap https://arp242.net/weblog/shell-scripting-trap.html…",13,62,124,0,[],[],[],https://pbs.twimg.com/profile_images/2550451333/upr558w4gb7mdgopk0af_normal.jpeg,https://twitter.com/bitfield/status/1030779089911795714,tweet_id:1030779089911795714
John Cutler,@johncutlefish,2018-08-15T15:49:41.000Z,True,"This feels like going faster
Vs.
This actually makes us faster#lean #prodmgmt #quality #agile #devops",57,"2,369","4,117",0,"['#lean', '#prodmgmt', '#quality', '#agile', '#devops']",[],[],https://pbs.twimg.com/profile_images/870169811812106241/z9fdNNjW_normal.jpg,https://twitter.com/johncutlefish/status/1029757026895720449,tweet_id:1029757026895720449
David Winterbottom,@codeinthehole,2018-08-15T10:52:27.000Z,False,"On your first day at the new job, squash every commit from the repo into a single commit with message ""Legacy code"" and force-push to master.",93,"3,716",1万,0,[],[],[],https://pbs.twimg.com/profile_images/511967700826857473/3Q-kAV2F_normal.jpeg,https://twitter.com/codeinthehole/status/1029682224713617408,tweet_id:1029682224713617408
Bruno Borges,@brunoborges,2018-08-10T07:00:19.000Z,False,"Idea: a YouTube Channel called ""N.O.B.I.T."" aka No Bullshit IT.

The tagline is: ""Because no developer builds shit without cursing"".

And it's me live coding a bit, but mostly googling and copy/pasting, while cursing because shit doesn't work right away.

100 RTs and I'll pilot.",4,61,43,0,[],[],[],https://pbs.twimg.com/profile_images/1688732968003555328/J-eBKGmX_normal.jpg,https://twitter.com/brunoborges/status/1027811866020466690,tweet_id:1027811866020466690
kimberlybold,@KimberlyBold,2018-01-01T14:41:38.000Z,True,This deserves endless retweets,"1,018",2.5万,3.1万,0,[],[],[],https://pbs.twimg.com/profile_images/1725443947768508418/kRE0nTLO_normal.jpg,https://twitter.com/KimberlyBold/status/947840243562176512,tweet_id:947840243562176512
Bartek Ogryczak ⟨@bartek@sfba.social⟩,Bartek Ogryczak ⟨@bartek@sfba.social⟩,2018-08-03T16:08:11.000Z,False,"The subtle part here “decriminalized” ≠ “legalized”. Hard drugs are still illegal, they just don't put the users in prison, but rather in medical center.",0,1,0,0,[],[],[],https://pbs.twimg.com/profile_images/1486760502076133377/_1weC8Mj_normal.jpg,https://twitter.com/var_tec/status/1025413026843770882,tweet_id:1025413026843770882
Michael E Fisher,@michaelefisher,2018-07-25T14:32:29.000Z,False,"┳┻|
┻┳|
┳┻|
┻┳|
┳┻|
┻┳|
┳┻|
┻┳|
┳┻|
┻┳|
┳┻|
┻┳|
┳┻| _
┻┳| •.•)  Sending application errors
┳┻|⊂ﾉ     to Slack isn't monitoring
┻┳|",14,307,"1,136",0,[],[],[],https://pbs.twimg.com/profile_images/1293977257350963200/ZRTAF7pj_normal.jpg,https://twitter.com/michaelefisher/status/1022127453135880193,tweet_id:1022127453135880193
World Economic Forum,@wef,2018-07-19T16:00:01.000Z,True,"That's 18,990 solar panels before the sun went down. Read more about the future of energy: https://wef.ch/2r2VVyv",21,860,"1,139",0,[],[],[],https://pbs.twimg.com/profile_images/565498192171507712/r2Hb2gvX_normal.png,https://twitter.com/wef/status/1019975154993127425,tweet_id:1019975154993127425
Sven Bayer,@SvenBay,2018-07-17T19:33:10.000Z,False,Consumer Driven Contracts with Swagger http://svenbayer.blog/2018/07/17/cdc-with-swagger/…,0,21,57,0,[],[],[],https://pbs.twimg.com/profile_images/614206313405485056/CP9NWNhp_normal.jpg,https://twitter.com/SvenBay/status/1019304020345786368,tweet_id:1019304020345786368
Nicolas Frankel,@nicolas_frankel,2018-07-08T16:03:33.000Z,False,On containers and frameworks https://blog.frankel.ch/on-containers-frameworks/… #softwaredesign #container #dependencyinjection #framework #opinion,1,16,39,0,"['#softwaredesign', '#container', '#dependencyinjection', '#framework', '#opinion']",[],[],https://pbs.twimg.com/profile_images/1619658332016447489/mqVXXy1h_normal.jpg,https://twitter.com/nicolas_frankel/status/1015989777643003904,tweet_id:1015989777643003904
Nasser,@Nasser_Junior,2018-07-15T21:06:26.000Z,False,The creation of a software.,6,180,356,0,[],[],[],https://pbs.twimg.com/profile_images/1771985749186875392/VWgCBqXN_normal.jpg,https://twitter.com/Nasser_Junior/status/1018602714232737793,tweet_id:1018602714232737793
Eduardo Salles,@sallesino,2018-07-16T02:20:10.000Z,False,Unión Europea / Brexit,0,143,624,0,[],[],[],https://pbs.twimg.com/profile_images/709050254549590016/De4uSdVW_normal.jpg,https://twitter.com/sallesino/status/1018681669119770625,tweet_id:1018681669119770625
pictoline,@pictoline,2018-07-15T17:20:07.000Z,True,Francia Croacia #WorldCupFinal,64,"3,300","9,689",0,['#WorldCupFinal'],[],"['\\U0001f1eb\\U0001f1f7', '\\U0001f3c6', '\\U0001f1ed\\U0001f1f7', '\\U0001f44f']",https://pbs.twimg.com/profile_images/622229165316571136/fmE5CpTB_normal.jpg,https://twitter.com/pictoline/status/1018545758746710017,tweet_id:1018545758746710017
Amb. Arturo Sarukhan,@Arturo_Sarukhan,2018-07-12T19:39:14.000Z,False,"Con el uso de su cuenta de Twitter, su ataque a acuerdos y organismos multilaterales y su embestida constante contra aliados y socios (patente esta semana cara a la cumbre de la OTAN), Trump demuestra que esta es su particular interpretación de la #DiplomaciaDigital",0,15,19,0,['#DiplomaciaDigital'],[],[],https://pbs.twimg.com/profile_images/1551622599892996096/Z8oaXSMI_normal.jpg,https://twitter.com/Arturo_Sarukhan/status/1017493606523949057,tweet_id:1017493606523949057
Darth Putin,@DarthPutinKGB,2018-07-11T20:37:26.000Z,False,"England: ""Football! You're coming home!""

Football: ""No thanks, I think I'll stay in the EU""#ENGCRO",34,"2,521","6,878",0,['#ENGCRO'],[],[],https://pbs.twimg.com/profile_images/771597667403038720/Y57U3bvY_normal.jpg,https://twitter.com/DarthPutinKGB/status/1017145863968354305,tweet_id:1017145863968354305
Mitchell Hashimoto,@mitchellh,2018-07-10T21:42:49.000Z,False,Did you know the official Amazon EKS AMI is built by Packer? That’s cool by itself. What is cooler is that  open sourced the Packer configuration and scripts so you can tweak and build your own: https://github.com/awslabs/amazon-eks-ami… Thanks ,9,179,447,0,[],"['@awscloud', '@arungupta']",[],https://pbs.twimg.com/profile_images/1141762999838842880/64_Y4_XB_normal.jpg,https://twitter.com/mitchellh/status/1016799930684354560,tweet_id:1016799930684354560
Eduardo Salles,@sallesino,2018-07-11T20:48:23.000Z,False,<ComentarioSAD> En Brasil 2014 México le ganó a Croacia. 4 años después seguimos sin pasar de Octavos y ellos ya están en una Final </ComentarioSAD>,24,383,"1,493",0,[],[],[],https://pbs.twimg.com/profile_images/709050254549590016/De4uSdVW_normal.jpg,https://twitter.com/sallesino/status/1017148621421195266,tweet_id:1017148621421195266
INEM,@INEMtwitting,2018-07-06T12:09:59.000Z,False,,115,"3,543","5,514",0,[],[],[],https://pbs.twimg.com/profile_images/1760272304511066113/7vQ3xSic_normal.jpg,https://twitter.com/INEMtwitting/status/1015206221484253184,tweet_id:1015206221484253184
Gary Lineker,@GaryLineker,2018-07-03T19:55:09.000Z,True,Shit!,"1,529","4,834",2.3万,0,[],[],[],https://pbs.twimg.com/profile_images/1635602383852978176/bNKoZeaR_normal.jpg,https://twitter.com/GaryLineker/status/1014236122648580096,tweet_id:1014236122648580096
Pablo Gutiérrez,@PabloMxNL,2018-07-02T19:10:21.000Z,True,ahí está poniendo la muestra Japón por ejemplo,0,0,1,0,[],[],[],https://pbs.twimg.com/profile_images/1702754157524893696/rp8c3vLo_normal.jpg,https://twitter.com/PabloMxNL/status/1013862458665119749,tweet_id:1013862458665119749
San Cadilla El Norte,@SancadillaNorte,2018-07-01T20:32:26.000Z,True,Nos vamos a penales. 1-1 ,1,9,34,0,[],[],"['\\U0001f1ed\\U0001f1f7', '\\U0001f1e9\\U0001f1f0']",https://pbs.twimg.com/profile_images/1284245612507074561/kl3hhTzf_normal.jpg,https://twitter.com/SancadillaNorte/status/1013520728199696384,tweet_id:1013520728199696384
Pablo Gutiérrez,@PabloMxNL,2018-07-01T15:52:00.000Z,True,Pero como votó el tal  si ni sabe leer?,0,0,1,0,[],['@aurelionuno'],[],https://pbs.twimg.com/profile_images/1702754157524893696/rp8c3vLo_normal.jpg,https://twitter.com/PabloMxNL/status/1013450155331346432,tweet_id:1013450155331346432
JANO,@ANDROMACO64,2018-06-30T17:05:57.000Z,False,"Así de democrática es la izquierda, que solo dos candidatos ha tenido en los últimos 30 años.",234,"2,619","3,747",0,[],[],[],https://pbs.twimg.com/profile_images/1378374738624577540/F8q_W7uK_normal.jpg,https://twitter.com/ANDROMACO64/status/1013106377835757568,tweet_id:1013106377835757568
Amb. Arturo Sarukhan,@Arturo_Sarukhan,2018-06-30T16:55:05.000Z,False,México no puede ni debe confrontar el futuro con el pasado. La seducción en torno a un pasado mitologizado nos impide visualizar futuros posibles. Hoy hay que crear el futuro.,6,28,73,0,[],[],[],https://pbs.twimg.com/profile_images/1551622599892996096/Z8oaXSMI_normal.jpg,https://twitter.com/Arturo_Sarukhan/status/1013103643099385856,tweet_id:1013103643099385856
Julieta Venegas,@julietav,2018-06-30T16:16:17.000Z,True,¿Sacó Mahmoud Khalef la mejor foto del Mundial?,64,"1,129","4,187",0,[],[],[],https://pbs.twimg.com/profile_images/1504571958905565197/UcVFmiNN_normal.jpg,https://twitter.com/julietav/status/1013093878759677952,tweet_id:1013093878759677952
Amb. Arturo Sarukhan,@Arturo_Sarukhan,2018-06-30T16:05:43.000Z,False,El triunfo francés hoy en #Rusia2018 también es una señal de triunfo para las naciones abiertas y plurales y para sus sociedades receptoras que integran a sus #inmigrantes y #refugiados,6,91,241,0,"['#Rusia2018', '#inmigrantes', '#refugiados']",[],[],https://pbs.twimg.com/profile_images/1551622599892996096/Z8oaXSMI_normal.jpg,https://twitter.com/Arturo_Sarukhan/status/1013091220439134213,tweet_id:1013091220439134213
Juan Enrique,@juanegut,2018-06-27T18:40:21.000Z,False,"talent is valued, no matter where it comes from... #WorldCup #migration",1,16,8,0,"['#WorldCup', '#migration']",[],[],https://pbs.twimg.com/profile_images/1547056748770492416/O79EbUt-_normal.jpg,https://twitter.com/juanegut/status/1012042971238322177,tweet_id:1012042971238322177
Eduardo Salles,@sallesino,2018-06-27T16:06:28.000Z,False,Tenemos un ganador:,50,890,"2,500",0,[],[],[],https://pbs.twimg.com/profile_images/709050254549590016/De4uSdVW_normal.jpg,https://twitter.com/sallesino/status/1012004241857277954,tweet_id:1012004241857277954
pictoline,@pictoline,2018-06-27T15:56:01.000Z,True,"¡Gracias Corea del Sur !

México pierde contra Suecia pero pasa a Octavos como segundo del grupo.",114,"8,260",1.8万,0,[],[],"['\\u2764\\ufe0f', '\\U0001f1f0\\U0001f1f7']",https://pbs.twimg.com/profile_images/622229165316571136/fmE5CpTB_normal.jpg,https://twitter.com/pictoline/status/1012001615778402304,tweet_id:1012001615778402304
San Cadilla El Norte,@SancadillaNorte,2018-06-27T16:02:16.000Z,True,"""Hermano, coreano, ya eres mexicano""",16,389,"1,223",0,[],[],"['\\U0001f64f', '\\U0001f64f', '\\U0001f64f']",https://pbs.twimg.com/profile_images/1284245612507074561/kl3hhTzf_normal.jpg,https://twitter.com/SancadillaNorte/status/1012003187249868801,tweet_id:1012003187249868801
Gary Lineker,@GaryLineker,2018-06-27T15:54:50.000Z,True,"Football is a simple game. Twenty-two men chase a ball for 90 minutes and at the end, the Germans no longer always win. Previous version is confined to history.","1,156",2.7万,8.6万,0,[],[],[],https://pbs.twimg.com/profile_images/1635602383852978176/bNKoZeaR_normal.jpg,https://twitter.com/GaryLineker/status/1012001314094682112,tweet_id:1012001314094682112
Viri Ríos,@Viri_Rios,2018-06-26T21:09:03.000Z,True,"A todos los “economistas” que dicen que estamos mejor que antes. Vean las cifras de salarios ajustados por inflación. 

Estarán mejor, ustedes. 
El resto, nosotros, estamos peor.",31,237,436,0,[],[],[],https://pbs.twimg.com/profile_images/1503690956184424455/8QDvDjfQ_normal.jpg,https://twitter.com/Viri_Rios/status/1011718004508422147,tweet_id:1011718004508422147
Viri Ríos,@Viri_Rios,2018-06-26T21:48:03.000Z,True,"Ganar “más” en México es una ilusión.  

El salario mínimo es hoy, en términos reales, menos que en 1995. Así de crudo.",12,49,86,0,[],[],[],https://pbs.twimg.com/profile_images/1503690956184424455/8QDvDjfQ_normal.jpg,https://twitter.com/Viri_Rios/status/1011727816331689985,tweet_id:1011727816331689985
Pablo Gutiérrez,@PabloMxNL,2018-06-26T05:49:48.000Z,False,important thread,0,0,0,0,[],[],[],https://pbs.twimg.com/profile_images/1702754157524893696/rp8c3vLo_normal.jpg,https://twitter.com/PabloMxNL/status/1011486666324893696,tweet_id:1011486666324893696
Eduardo Salles,@sallesino,2018-06-25T20:54:30.000Z,False,"Mundial:
Min 1 - 90 / Tiempo de compensación",1,125,512,0,[],[],[],https://pbs.twimg.com/profile_images/709050254549590016/De4uSdVW_normal.jpg,https://twitter.com/sallesino/status/1011351951987150849,tweet_id:1011351951987150849
Jeff Atwood,@codinghorror,2018-06-24T08:12:34.000Z,True,You are only making him more powerful http://icecreamsandwichcomics.com/post/157923361474/you-are-only-making-him-more-powerful-full-image…,5,709,"1,726",0,[],[],[],https://pbs.twimg.com/profile_images/1517287320235298816/Qx-O6UCY_normal.jpg,https://twitter.com/codinghorror/status/1010797818380840965,tweet_id:1010797818380840965
Martin (马丁) Hynie,@vds4,2018-06-22T21:52:20.000Z,False,"Me: You tried to book me at lunch... my calendar shows that I am busy then.
PM: Oh, I looked and saw that it said ""lunch"" and thought that meant you were free.
Me: It is my lunch.
PM: So you are free.
Me: No. I am at lunch.
PM: Are you meeting someone?
Me: You're bad at this.",45,688,"2,353",0,[],[],[],https://pbs.twimg.com/profile_images/888921124385550337/TWGuEQ9V_normal.jpg,https://twitter.com/vds4/status/1010279344000913409,tweet_id:1010279344000913409
Gary Lineker,@GaryLineker,2018-06-23T19:56:53.000Z,True,"Football is a simple game, 22 men chase the ball for 82 minutes and the Germans get a player sent off so 21 men chase the ball for 13 minutes and at the end the Germans somehow fucking win.","2,581",5.7万,16万,0,[],[],[],https://pbs.twimg.com/profile_images/1635602383852978176/bNKoZeaR_normal.jpg,https://twitter.com/GaryLineker/status/1010612676530196480,tweet_id:1010612676530196480
Enrique Bermudez,@enriquebermudez,2018-06-23T17:24:21.000Z,False,"Espero hayas podido ver el partido mi brother, porque El Tri jugó ¡VERSALLEESCOO! #VamosconTodo",20,290,"1,202",0,['#VamosconTodo'],[],[],https://pbs.twimg.com/profile_images/1723905557319352320/A-WixghU_normal.jpg,https://twitter.com/enriquebermudez/status/1010574293405581312,tweet_id:1010574293405581312
Eduardo Salles,@sallesino,2018-06-21T19:48:59.000Z,False,Auch.,4,23,108,0,[],[],[],https://pbs.twimg.com/profile_images/709050254549590016/De4uSdVW_normal.jpg,https://twitter.com/sallesino/status/1009885913999126530,tweet_id:1009885913999126530
Eric Baer,@ebaerbaerbaer,2018-06-21T16:02:00.000Z,False,"Me: We might need to take a full sprint to take care of a bit of technical debt.

Business: That would slow us down. Full speed ahead!

Me: Keep paddling team!",30,"1,602","2,806",0,[],[],[],https://pbs.twimg.com/profile_images/633789549508857860/nkBddx6h_normal.jpg,https://twitter.com/ebaerbaerbaer/status/1009828792410337281,tweet_id:1009828792410337281
San Cadilla El Norte,@SancadillaNorte,2018-06-21T19:10:38.000Z,True,Gooooooool de Croaaaacia!,33,8,53,0,[],[],[],https://pbs.twimg.com/profile_images/1284245612507074561/kl3hhTzf_normal.jpg,https://twitter.com/SancadillaNorte/status/1009876264633753604,tweet_id:1009876264633753604
Susie,@TraderComplex,2018-06-21T04:42:39.000Z,False,"Estaba muy contenta en 2016, trabajando en mis proyectos, cuando se me atraveso el Trun y su retórica Hitleriana. Me ofendí sumamente por aquellos insultos contra los mexicanos. Así que dediqué parte de mi tiempo a analizar su mensaje y la forma en que impactaba en su audiencia.",13,178,212,0,[],[],[],https://pbs.twimg.com/profile_images/1607052557595164672/r2K6jxng_normal.jpg,https://twitter.com/TraderComplex/status/1009657826476687361,tweet_id:1009657826476687361
Gary Lineker,@GaryLineker,2018-06-17T16:50:28.000Z,True,Now is the time for a Mexican wave. Fucking brilliant.     ,464,"6,092",3.5万,0,[],[],"['\\U0001f64c', '\\U0001f64c', '\\U0001f64c']",https://pbs.twimg.com/profile_images/1635602383852978176/bNKoZeaR_normal.jpg,https://twitter.com/GaryLineker/status/1008391437686370304,tweet_id:1008391437686370304
The Oatmeal,@Oatmeal,2018-06-13T19:43:36.000Z,True,"The internet, starting tomorrow.",86,"3,918","7,603",0,[],[],[],https://pbs.twimg.com/profile_images/1524091837312487424/stj0QiX6_normal.jpg,https://twitter.com/Oatmeal/status/1006985457366913025,tweet_id:1006985457366913025
