Name,Handle,Timestamp,Verified,Content,Comments,Retweets,Likes,Analytics,Tags,Mentions,Emojis,Profile Image,Tweet Link,Tweet ID
Sam Stepanyan,@securestep9,2022-11-06T12:15:04.000Z,False,"Colleagues, friends and followers who are also on #Mastodon - you can find me there on the infosec[.]exchange Mastodon instance which is kindly run and maintained by Jerry Bell aka  

I am  on Mastodon as well:",0,0,3,0,['#Mastodon'],"['@Maliciouslink', '@securestep9']",[],https://pbs.twimg.com/profile_images/1114515035865399296/V6nLLbjK_normal.jpg,https://twitter.com/securestep9/status/1589229878179958785,tweet_id:1589229878179958785
Sam Stepanyan,@securestep9,2024-04-16T21:05:40.000Z,False,#OpenJS Foundation Targeted in Potential JavaScript Project Takeover Attempt in a manner similar to the recentl XZ incident:#SoftwareSupplyChainSecurityhttps://thehackernews.com/2024/04/openjs-foundation-targeted-in-potential.html…,0,0,4,226,"['#OpenJS', '#SoftwareSupplyChainSecurity']",[],[],https://pbs.twimg.com/profile_images/1114515035865399296/V6nLLbjK_normal.jpg,https://twitter.com/securestep9/status/1780341812948771311,tweet_id:1780341812948771311
Sam Stepanyan,@securestep9,2024-04-15T11:20:57.000Z,False,#PaloAlto releases patches for CVE-2024-3400 Critical Command Injection #vulnerability in #GlobalProtect VPN:,1,3,8,"1,155","['#PaloAlto', '#vulnerability', '#GlobalProtect']",[],[],https://pbs.twimg.com/profile_images/1114515035865399296/V6nLLbjK_normal.jpg,https://twitter.com/securestep9/status/1779832278534725839,tweet_id:1779832278534725839
Sam Stepanyan,@securestep9,2024-04-12T12:43:08.000Z,False,#PaloAlto: Critical OS Command Injection Vulnerability (CVSS:10) in #GlobalProtect VPN:https://thehackernews.com/2024/04/zero-day-alert-critical-palo-alto.html…,0,0,0,365,"['#PaloAlto', '#GlobalProtect']",[],['\\U0001f449'],https://pbs.twimg.com/profile_images/1114515035865399296/V6nLLbjK_normal.jpg,https://twitter.com/securestep9/status/1778765795188703609,tweet_id:1778765795188703609
Sam Stepanyan,@securestep9,2024-04-11T13:43:34.000Z,False,"OWASP is looking for more maintainers and contributors to the OWASP Serverless Top 10 Project to take it to the next level!

If you have relevant expertise please reach out to the project leaders via OWASP Slack/#appsec channel",0,6,13,828,['#appsec'],[],[],https://pbs.twimg.com/profile_images/1114515035865399296/V6nLLbjK_normal.jpg,https://twitter.com/securestep9/status/1778418615705911390,tweet_id:1778418615705911390
OWASP London,@OWASPLondon,2024-04-10T07:03:17.000Z,False,"The next #OWASP London Chapter in-person meetup will take place on Thursday, April 18th, 2024 at 6pm at  

Talks from Tal Folkman, Anthony Harrison and Kaiwen Jiang.

Register to attend here: https://meetup.com/owasp-london/events/300319331…",0,5,5,534,['#OWASP'],['@thoughtmachine'],['\\U0001f447'],https://pbs.twimg.com/profile_images/1363989200803143685/nVOV5gSx_normal.png,https://twitter.com/OWASPLondon/status/1777955493173973239,tweet_id:1777955493173973239
@prbh.bsky.social,@prbh.bsky.social,2024-04-09T16:59:15.000Z,False,cdxgen 10.3.5 is now available with cyclonedx 1.6 and cbom generation support.,0,2,3,168,[],[],[],https://pbs.twimg.com/profile_images/1753018136465395712/pqgO__HT_normal.jpg,https://twitter.com/_prbh/status/1777743086887604552,tweet_id:1777743086887604552
Sam Stepanyan,@securestep9,2024-04-09T16:15:30.000Z,False,"#SBOM: #OWASP CycloneDX v1.6 Standard Released, Advances Software Supply Chain Security with Cryptographic Bill of Materials(#CBOM) and CDXA Attestations (""proof-of-compliance""): https://cyclonedx.org/news/cyclonedx-v1.6-released/…",1,5,12,772,"['#SBOM', '#OWASP', '#CBOM']",[],['\\U0001f447'],https://pbs.twimg.com/profile_images/1114515035865399296/V6nLLbjK_normal.jpg,https://twitter.com/securestep9/status/1777732076814454988,tweet_id:1777732076814454988
Clint Gibler,@clintgibler,2024-04-08T23:00:02.000Z,True," Fighting cookie theft using device bound sessions

Google is prototyping Device Bound Session Credentials (DBSC)!

Kill cookie-theft, by binding authentication sessions to specific devices

Cookie theft is a big threat right now, as it bypasses 2FA",1,7,24,"2,150",[],[],['\\U0001f36a'],https://pbs.twimg.com/profile_images/860562378441740288/MgPA8UqM_normal.jpg,https://twitter.com/clintgibler/status/1777471493024424415,tweet_id:1777471493024424415
Sam Stepanyan,@securestep9,2024-04-05T16:25:31.000Z,False,#WordPress: Critical SQL Injection (#SQLi) vulnerability CVE-2024-2879 in LayerSlider plugin impacts over 1mln Wordpress-powered websites. If you are using LayerSlider plugin upgrade to version 7.10.1 immediately:,0,1,1,236,"['#WordPress', '#SQLi']",[],['\\U0001f447'],https://pbs.twimg.com/profile_images/1114515035865399296/V6nLLbjK_normal.jpg,https://twitter.com/securestep9/status/1776285045340164136,tweet_id:1776285045340164136
Sam Stepanyan,@securestep9,2024-04-05T14:42:32.000Z,False,"#Ransomware Attack on the British Library was destructive. Apart from exfiltrating around 600Gb of data, the attackers deleted logs, encrypted systems, destroyed servers, and locked out all users. 
The attack details report is now published: https://securityweek.com/details-and-lessons-learned-from-the-ransomware-attack-on-the-british-library/…",0,3,0,237,['#Ransomware'],[],['\\U0001f447'],https://pbs.twimg.com/profile_images/1114515035865399296/V6nLLbjK_normal.jpg,https://twitter.com/securestep9/status/1776259128077279616,tweet_id:1776259128077279616
Sam Stepanyan,@securestep9,2024-04-05T13:12:31.000Z,False,#AISecurity Researchers headed by Microsoft SysInternals Mark Russinovich have disclosed yet another novel AI #jailbreak attack called '#Crescendo' that exploits fundamental behaviours of language models to bypass content filters:…https://crescendo-the-multiturn-jailbreak.github.io,0,0,0,218,"['#AISecurity', '#jailbreak', '#Crescendo']",[],[],https://pbs.twimg.com/profile_images/1114515035865399296/V6nLLbjK_normal.jpg,https://twitter.com/securestep9/status/1776236474679070858,tweet_id:1776236474679070858
Sam Stepanyan,@securestep9,2024-04-05T10:53:47.000Z,True,"Beware of backdoored LLMs on HuggingFace!
As if backdoors in open-source libraries weren't enough, now we have to deal with backdoored AI models!#AISecurity#SoftwareSupplyChainSecurity",0,1,4,572,"['#AISecurity', '#SoftwareSupplyChainSecurity']",[],[],https://pbs.twimg.com/profile_images/1114515035865399296/V6nLLbjK_normal.jpg,https://twitter.com/securestep9/status/1776201561951072620,tweet_id:1776201561951072620
Sam Stepanyan,@securestep9,2024-04-05T00:30:58.000Z,False,"Visiting New York, speaking and attending the OWASP NYC Chapter meetup had its perks of meeting some awesome OWASP people in-person!

One such awesome guy is OWASP Amass () project leader ! 
Check out the recording of his talk here  https://youtube.com/watch?v=DZOu8BLlKsk…",1,1,13,756,[],"['@owaspamass', '@jeff_foley']",['\\U0001f449'],https://pbs.twimg.com/profile_images/1114515035865399296/V6nLLbjK_normal.jpg,https://twitter.com/securestep9/status/1776044825793417236,tweet_id:1776044825793417236
Sam Stepanyan,@securestep9,2024-04-05T00:14:31.000Z,False,"New HTTP/2 DoS attack can crash web servers with a single connection:#ContinuationFlood#DDoSImpacted systems include:  Red Hat, SUSE Linux, Arista Networks, the Apache HTTP Server Project, nghttp2, Node.js, AMPHP, and the Go Programming Language:",0,6,4,780,"['#ContinuationFlood', '#DDoS']",[],['\\U0001f447'],https://pbs.twimg.com/profile_images/1114515035865399296/V6nLLbjK_normal.jpg,https://twitter.com/securestep9/status/1776040684778029481,tweet_id:1776040684778029481
Sam Stepanyan,@securestep9,2024-04-05T00:05:15.000Z,False,6 Prompts You Don't Want Employees Putting in Microsoft Copilot:#AISecurityhttps://bleepingcomputer.com/news/security/6-prompts-you-dont-want-employees-putting-in-microsoft-copilot/…,0,0,1,250,['#AISecurity'],[],['\\U0001f447'],https://pbs.twimg.com/profile_images/1114515035865399296/V6nLLbjK_normal.jpg,https://twitter.com/securestep9/status/1776038353848209411,tweet_id:1776038353848209411
Sam Stepanyan,@securestep9,2024-04-04T23:27:40.000Z,False,"We also had  present Cryptography Bill of Materials (CBOM) which is an extension of the OWASP #CycloneDX standard for Software Bill of Materials (SBOM), with notions to model cryptographic assets:",1,0,2,88,['#CycloneDX'],['@stevespringett'],[],https://pbs.twimg.com/profile_images/1114515035865399296/V6nLLbjK_normal.jpg,https://twitter.com/securestep9/status/1776028897307435095,tweet_id:1776028897307435095
Sam Stepanyan,@securestep9,2024-04-04T23:27:41.000Z,False,"OWASP NYC Chapter attendees had a unique opportunity to interact with the entire OWASP Global Board who were in town for the strategy meetings.

A big thank you to the attendees, sponsors () and OWASP NYC Chapter leaders! The recordings are on the OWASP NYC YouTube",0,0,1,32,[],['@ApiiroSecurity'],[],https://pbs.twimg.com/profile_images/1114515035865399296/V6nLLbjK_normal.jpg,https://twitter.com/securestep9/status/1776028899220082780,tweet_id:1776028899220082780
Sam Stepanyan,@securestep9,2024-04-04T23:24:22.000Z,False,I had the privilege of attending and speaking at the recent OWASP New York City Chapter meetup alongside other OWASP Board members and a special guest:  project leader:  who presented new Docker Compose functionality in OWASP Amass: ,1,1,6,463,[],"['@owaspamass', '@jeff_foley']",['\\U0001f9f5'],https://pbs.twimg.com/profile_images/1114515035865399296/V6nLLbjK_normal.jpg,https://twitter.com/securestep9/status/1776028066415792188,tweet_id:1776028066415792188
OWASP® Foundation,@owasp,2024-04-02T15:41:57.000Z,True,"Time is running out!  The #OWASP Global #AppSec Lisbon Call for papers is closing within a few hours.  If you have knowledge to share with our community, now is your chance! SUBMIT TODAY: https://owasp.submittable.com/submit/288433/2024-global-appsec-lisbon-cfp…#cybersecurity #devesecops",0,3,3,"2,875","['#OWASP', '#AppSec', '#cybersecurity', '#devesecops']",[],[],https://pbs.twimg.com/profile_images/1763112727642333184/PIyHip38_normal.jpg,https://twitter.com/owasp/status/1775186920336769300,tweet_id:1775186920336769300
Sam Stepanyan,@securestep9,2024-04-02T22:35:57.000Z,False,"As if having Supply Chain Security issues in open-source dependencies was not enough, now we as a security industry need to deal with the AI-hallucinated ones to stop the nation state actors from putting malware into AI-hallucinated libraries ",0,2,3,728,[],[],['\\U0001f926\\u200d\\u2642\\ufe0f'],https://pbs.twimg.com/profile_images/1114515035865399296/V6nLLbjK_normal.jpg,https://twitter.com/securestep9/status/1775291104608375114,tweet_id:1775291104608375114
FFmpeg,@FFmpeg,2024-04-02T15:09:42.000Z,False,"The xz fiasco has shown how a dependence on unpaid volunteers can cause major problems. Trillion dollar corporations expect free and urgent support from volunteers.  posted on a bug tracker full of volunteers that their issue is ""high priority""",197,"3,396",1.5万,137万,[],"['@Microsoft', '@MicrosoftTeams']",[],https://pbs.twimg.com/profile_images/961052733510893568/wbWiekmv_normal.jpg,https://twitter.com/FFmpeg/status/1775178803129602500,tweet_id:1775178803129602500
Sam Stepanyan,@securestep9,2024-03-31T10:12:50.000Z,False,"It's time for the #OWASP Top 10 2024!OWASP is collecting data for its OWASP Top 10 Web App Security Risks project through a collaborative and community-driven process. 
OWASP is seeking your data contributions! #OWASPTop10#OWASPTopTen#OWASPTopTen2024",0,12,24,"6,087","['#OWASP', '#OWASPTop10', '#OWASPTopTen', '#OWASPTopTen2024']",[],"['\\U0001f680', '\\U0001f447']",https://pbs.twimg.com/profile_images/1114515035865399296/V6nLLbjK_normal.jpg,https://twitter.com/securestep9/status/1774379319080415353,tweet_id:1774379319080415353
Sam Stepanyan,@securestep9,2024-03-30T10:59:10.000Z,False,"Sad news: It is with great sadness I learned about the passing of Ross Anderson () a well-known computer security researcher and professor of security engineering at the University of Cambridge.
 
He inspired many generations of security professionals. RIP",0,1,5,534,[],['@rossjanderson'],['\\U0001f622'],https://pbs.twimg.com/profile_images/1114515035865399296/V6nLLbjK_normal.jpg,https://twitter.com/securestep9/status/1774028590226477473,tweet_id:1774028590226477473
Sam Stepanyan,@securestep9,2024-03-30T09:18:41.000Z,False,"#Linux:   Supply Chain Compromise of 'xz' utils library #backdoor found with malicious code (CVE-2024-3094, CVSS 10.0). RedHat and CISA issue alerts that a threat actor can break #sshd authentication and gain unauthorized access:https://thehackernews.com/2024/03/urgent-secret-backdoor-found-in-xz.html…",1,7,12,"2,158","['#Linux', '#backdoor', '#sshd']",[],['\\u26a0\\ufe0f'],https://pbs.twimg.com/profile_images/1114515035865399296/V6nLLbjK_normal.jpg,https://twitter.com/securestep9/status/1774003305020002661,tweet_id:1774003305020002661
Sam Stepanyan,@securestep9,2024-03-30T09:34:13.000Z,False,#GitHub suspends various 'XZ' libraries suspected to be compromised and backdoored:#SupplyChainSecurityhttps://cyberplace.social/@GossiTheDog/112183734672919866…,0,0,2,404,"['#GitHub', '#SupplyChainSecurity']",['https://cyberplace.social/@GossiTheDog/112183734672919866…'],[],https://pbs.twimg.com/profile_images/1114515035865399296/V6nLLbjK_normal.jpg,https://twitter.com/securestep9/status/1774007212546887897,tweet_id:1774007212546887897
Eddie Jaoude | EddieHub | Open Source GitHub Star,@eddiejaoude,2024-03-29T15:18:42.000Z,True,"I am still buzzing from the great  event! 

Awesome to GEEK out with:
 
Will Laing   
and many more!

More photos on the link in the reply below ",2,3,27,"1,609",[],"['@ldnjsx', '@mcleo_d', '@securestep9', '@praveenscience']",['\\U0001f447'],https://pbs.twimg.com/profile_images/1640177590601416704/_Gs3eest_normal.jpg,https://twitter.com/eddiejaoude/status/1773731518428442985,tweet_id:1773731518428442985
Sam Stepanyan,@securestep9,2024-03-28T11:15:55.000Z,False,"#Python: Over 170K Users Affected by Attack Using Fake Python Infrastructure with ""successful exploitation of multiple victims"" according to the Checkmarx Research Team blog post: #SoftwareSupplyChainSecurity#coloramahttps://checkmarx.com/blog/over-170k-users-affected-by-attack-using-fake-python-infrastructure/…",0,4,4,358,"['#Python', '#SoftwareSupplyChainSecurity', '#colorama']",[],['\\U0001f447'],https://pbs.twimg.com/profile_images/1114515035865399296/V6nLLbjK_normal.jpg,https://twitter.com/securestep9/status/1773308031016558864,tweet_id:1773308031016558864
Sam Stepanyan,@securestep9,2024-03-28T11:00:59.000Z,False,#Python: #PyPI temporarily shuts down new project creation and new user registration to mitigate an ongoing #malware upload campaign:,1,8,7,794,"['#Python', '#PyPI', '#malware']",[],[],https://pbs.twimg.com/profile_images/1114515035865399296/V6nLLbjK_normal.jpg,https://twitter.com/securestep9/status/1773304271410249870,tweet_id:1773304271410249870
Sam Stepanyan,@securestep9,2024-03-27T09:11:16.000Z,False,"#ColdFusion: CVE-2024-20767: Critical #Adobe ColdFusion #Vulnerability Exposes Sensitive Files, PoC Published:https://securityonline.info/cve-2024-20767-critical-adobe-coldfusion-flaw-exposes-sensitive-files-poc-published/…",0,2,5,605,"['#ColdFusion', '#Adobe', '#Vulnerability']",[],[],https://pbs.twimg.com/profile_images/1114515035865399296/V6nLLbjK_normal.jpg,https://twitter.com/securestep9/status/1772914274681155983,tweet_id:1772914274681155983
Sam Stepanyan,@securestep9,2024-03-26T14:10:32.000Z,False,US Government Urges Software Developers to Eliminate SQL Injection (#SQLi) Vulnerabilities:#AppSec#DevSecOps#OWASPhttps://securityweek.com/us-government-urges-software-makers-to-eliminate-sql-injection-vulnerabilities/…,1,6,5,588,"['#SQLi', '#AppSec', '#DevSecOps', '#OWASP']",[],['\\U0001f447'],https://pbs.twimg.com/profile_images/1114515035865399296/V6nLLbjK_normal.jpg,https://twitter.com/securestep9/status/1772627196961583477,tweet_id:1772627196961583477
Sam Stepanyan,@securestep9,2024-03-23T16:00:12.000Z,False,I kid you not: this locked door is located on the 10th floor of the World Trade Center N7 - spotted it when I was speaking at the OWASP NYC Chapter Meetup last Wednesday (the door leads to the restrooms):#PhysicalSecurity,2,4,19,"1,251",['#PhysicalSecurity'],[],['\\U0001f6bb'],https://pbs.twimg.com/profile_images/1114515035865399296/V6nLLbjK_normal.jpg,https://twitter.com/securestep9/status/1771567633436942741,tweet_id:1771567633436942741
Jeff Foley,@jeff_foley,2024-03-22T14:22:21.000Z,True,"Thanks to , the video recording of my OWASP Amass Docker Compose demonstration at the OWASP NYC Chapter Meetup on March 20th, 2024 is now available to watch on the OWASP NYC YouTube Channel (please subscribe!):  ",0,2,8,339,[],['@securestep9'],"['\\U0001f4fa', '\\U0001f449']",https://pbs.twimg.com/profile_images/1714004908158959616/-tLGgrUx_normal.jpg,https://twitter.com/jeff_foley/status/1771180618803540183,tweet_id:1771180618803540183
Daniel Cuthbert,@dcuthbert,2024-03-22T07:47:20.000Z,True,"""To turn this SQL injection vulnerability into remote code execution we used the built-in xp_cmdshell functionality of Microsoft SQL Server. Initially, the database was not  configured to run the xp_cmdshell command, however it was trivially enabled""",8,13,89,1.5万,[],[],[],https://pbs.twimg.com/profile_images/1689671400712523776/u9jxTBh7_normal.jpg,https://twitter.com/dcuthbert/status/1771081211995214048,tweet_id:1771081211995214048
Sam Stepanyan,@securestep9,2024-03-21T20:56:52.000Z,False,"#NPM: Over 800 npm Packages Found with Discrepancies, 18 Exploitable to 'Manifest Confusion' software supply chain attacks:#SoftwareSupplyChainSecurityhttps://thehackernews.com/2024/03/over-800-npm-packages-found-with.html…",0,3,3,317,"['#NPM', '#SoftwareSupplyChainSecurity']",[],[],https://pbs.twimg.com/profile_images/1114515035865399296/V6nLLbjK_normal.jpg,https://twitter.com/securestep9/status/1770917514777632930,tweet_id:1770917514777632930
Dheeraj Joshi,@dheerajhere,2024-03-21T18:56:08.000Z,False,Attended the  NYC meetup yesterday! It was a pleasure to meet all the OG folks in security and the bug bounty hunters from NYU!   ,1,3,19,"1,060",[],"['@owasp', '@jeff_foley', '@securestep9', '@mashoud1122']",[],https://pbs.twimg.com/profile_images/1665705087401091073/09pfIiOC_normal.jpg,https://twitter.com/dheerajhere/status/1770887131080114205,tweet_id:1770887131080114205
mayank,@exec_mayank,2024-03-21T16:06:37.000Z,False,"Had a great time at OWASP NYC yesterday!
Cool talk about nettacker by  and amass by , both tools that I'm definitely going to use in a ctf this weekend!",0,2,10,341,[],"['@securestep9', '@jeff_foley']",[],https://pbs.twimg.com/profile_images/1672277977416208386/uOnzXQyH_normal.jpg,https://twitter.com/exec_mayank/status/1770844470084243608,tweet_id:1770844470084243608
Sam Stepanyan,@securestep9,2024-03-21T15:29:52.000Z,False,"#Fortinet: Exploit released for Fortinet #RCE vulnerability CVE-2023-48788 used in attacks, patch now!https://bleepingcomputer.com/news/security/exploit-released-for-fortinet-rce-bug-used-in-attacks-patch-now/…",0,4,3,489,"['#Fortinet', '#RCE']",[],['\\U0001f447'],https://pbs.twimg.com/profile_images/1114515035865399296/V6nLLbjK_normal.jpg,https://twitter.com/securestep9/status/1770835222663196892,tweet_id:1770835222663196892
Sam Stepanyan,@securestep9,2024-03-21T12:06:52.000Z,False,"#GitHub Launches AI-Powered Autofix Tool to Assist Developers in Patching Security Flaws in JavaScript, Typescript, Java, and Python:https://thehackernews.com/2024/03/github-launches-ai-powered-autofix-tool.html…",1,3,9,524,['#GitHub'],[],[],https://pbs.twimg.com/profile_images/1114515035865399296/V6nLLbjK_normal.jpg,https://twitter.com/securestep9/status/1770784136409547116,tweet_id:1770784136409547116
Sam Stepanyan,@securestep9,2024-03-19T11:40:46.000Z,False,UK's #NCSC shares its cyber security awareness training for staff with everyone:https://ncsc.gov.uk/blog-post/ncsc-cyber-security-training-for-staff-now-available…,1,1,7,363,['#NCSC'],[],[],https://pbs.twimg.com/profile_images/1114515035865399296/V6nLLbjK_normal.jpg,https://twitter.com/securestep9/status/1770052794302550119,tweet_id:1770052794302550119
Sam Stepanyan,@securestep9,2024-03-16T11:19:15.000Z,False,"#Bluetooth Eavesdropping Threat Exposed: New ""#BlueSpy"" Exploit:https://securityonline.info/bluetooth-eavesdropping-threat-exposed-new-bluespy-exploit-targets-popular-headsets/…",0,4,2,535,"['#Bluetooth', '#BlueSpy']",[],[],https://pbs.twimg.com/profile_images/1114515035865399296/V6nLLbjK_normal.jpg,https://twitter.com/securestep9/status/1768960215993463114,tweet_id:1768960215993463114
Sam Stepanyan,@securestep9,2024-03-15T20:27:08.000Z,False,GitHub Actions and Pages are currently down. With hundreds of millions of users and  half-a-billion repositories the impact of this outage is huge. Awaiting updates:#GithubDown,1,6,6,950,['#GithubDown'],[],[],https://pbs.twimg.com/profile_images/1114515035865399296/V6nLLbjK_normal.jpg,https://twitter.com/securestep9/status/1768735705147052458,tweet_id:1768735705147052458
Sam Stepanyan,@securestep9,2024-03-15T15:38:18.000Z,False,OWASP Hamburg Stammtisch(Chapter) meetup on Tuesday 19th March will feature a talk on Software Supply Chain Security:,0,3,3,496,[],[],[],https://pbs.twimg.com/profile_images/1114515035865399296/V6nLLbjK_normal.jpg,https://twitter.com/securestep9/status/1768663020484317293,tweet_id:1768663020484317293
Sam Stepanyan,@securestep9,2024-03-15T15:30:17.000Z,False,"Came across this Software Composition Analysis (#SCA) tool comparison analysis by  - eyebrows raising results , but they did have a methodology behind it which might be useful - the link to the analysis report PDF is inside thier blog post:https://blog.doyensec.com/2024/03/14/supplychain.html…",2,4,12,873,['#SCA'],['@doyensec'],"['\\U0001f928', '\\U0001f447']",https://pbs.twimg.com/profile_images/1114515035865399296/V6nLLbjK_normal.jpg,https://twitter.com/securestep9/status/1768660999580565994,tweet_id:1768660999580565994
Sam Stepanyan,@securestep9,2024-03-14T21:41:15.000Z,False,CISA releases a Secure Software Development Attestation Form that will help ensure the software producers who partner with the US federal government leverage minimum secure development techniques and toolsets:,0,1,2,238,[],[],[],https://pbs.twimg.com/profile_images/1114515035865399296/V6nLLbjK_normal.jpg,https://twitter.com/securestep9/status/1768391971700117911,tweet_id:1768391971700117911
Sam Stepanyan,@securestep9,2024-03-14T20:22:19.000Z,False,"I will be speaking  at the OWASP New York City Chapter meetup along with  and Payton O'Neal on Wednesday 20th March 2024. Come and learn about ASPM, OWASP CycloneDX SBOM & DependencyTrack and OWASP Nettacker:",0,6,12,603,[],['@stevespringett'],[],https://pbs.twimg.com/profile_images/1114515035865399296/V6nLLbjK_normal.jpg,https://twitter.com/securestep9/status/1768372106524303699,tweet_id:1768372106524303699
Sam Stepanyan,@securestep9,2024-03-13T07:45:30.000Z,False,"#TikTok: Open redirect to #XSS and Account takeover (ATO). Great find and write-up by  -$5,000 #bugbounty granted by TikTok.#bugbountytipshttps://medium.com/@them7x/open-redirect-to-xss-and-account-takeover-ato-7ccd3a41d2a0…",0,0,3,260,"['#TikTok', '#XSS', '#bugbounty', '#bugbountytips']","['@them7x', 'https://medium.com/@them7x/open-redirect-to-xss-and-account-takeover-ato-7ccd3a41d2a0…']",[],https://pbs.twimg.com/profile_images/1114515035865399296/V6nLLbjK_normal.jpg,https://twitter.com/securestep9/status/1767819258820497791,tweet_id:1767819258820497791
Sam Stepanyan,@securestep9,2024-03-13T07:20:27.000Z,False,#PyPI: Watch Out: These PyPI #Python Packages Can Drain Your Crypto Wallets:,2,2,4,372,"['#PyPI', '#Python']",[],[],https://pbs.twimg.com/profile_images/1114515035865399296/V6nLLbjK_normal.jpg,https://twitter.com/securestep9/status/1767812954173374471,tweet_id:1767812954173374471
Sam Stepanyan,@securestep9,2024-03-12T20:59:20.000Z,False,"Sad news. I think most people involved in CyberSecurity (or as it was called Information Security) knew Professor Fred Piper who sadly passed away. 
He was a true legend and a true visionary who contributed a lot of work particularly in the area of cryptography. He will be missed",0,0,7,562,[],[],[],https://pbs.twimg.com/profile_images/1114515035865399296/V6nLLbjK_normal.jpg,https://twitter.com/securestep9/status/1767656645700514037,tweet_id:1767656645700514037
Sam Stepanyan,@securestep9,2024-03-08T21:42:18.000Z,False,"Happy International Women's Day!  
Check out my list of some amazing women in CyberSecurity to follow on X/Twitter! Follow these brilliant minds for insights & inspiration! #InternationalWomensDay",0,0,0,226,['#InternationalWomensDay'],[],['\\U0001f38a'],https://pbs.twimg.com/profile_images/1114515035865399296/V6nLLbjK_normal.jpg,https://twitter.com/securestep9/status/1766217908177256591,tweet_id:1766217908177256591
Sam Stepanyan,@securestep9,2024-03-08T21:26:01.000Z,False,"Look, Ma! I am a Harrods pen tester! 
The pen with a padlock  must be the most secure one!#HappyFriday",1,0,4,451,['#HappyFriday'],[],"['\\U0001f601', '\\U0001f512', '\\U0001f60e']",https://pbs.twimg.com/profile_images/1114515035865399296/V6nLLbjK_normal.jpg,https://twitter.com/securestep9/status/1766213808320639358,tweet_id:1766213808320639358
CycloneDX SBOM Spec (OWASP),@CycloneDX_Spec,2024-03-07T19:53:06.000Z,False,OWASP CycloneDX is ready to support your CRA compliance journey! - by Olle E Johanssonhttps://owasp.org/blog/2024/03/07/OWASP-CycloneDX-is-ready-to-support-your-CRA-compliance-journey.html…#SBOM #CBOM #VDR #VEX #Ecma #tc54 #cryptography #softwaresupplychain #cra,0,4,6,"3,181","['#SBOM', '#CBOM', '#VDR', '#VEX', '#Ecma', '#tc54', '#cryptography', '#softwaresupplychain', '#cra']",[],[],https://pbs.twimg.com/profile_images/1447427346298978306/kHlvAQ22_normal.jpg,https://twitter.com/CycloneDX_Spec/status/1765828040167239798,tweet_id:1765828040167239798
Sam Stepanyan,@securestep9,2024-03-05T22:43:14.000Z,False,Join the discussion on #CBOM or Cryptography Bill of Materials at the upcoming OWASP  community virtual meeting at 5pm GMT (noon ET):,1,7,15,"2,857",['#CBOM'],['@CycloneDX_Spec'],[],https://pbs.twimg.com/profile_images/1114515035865399296/V6nLLbjK_normal.jpg,https://twitter.com/securestep9/status/1765146079169777998,tweet_id:1765146079169777998
Sam Stepanyan,@securestep9,2024-03-07T15:51:46.000Z,False,If you missed the OWASP  community virtual meeting the recording is available on YouTube. Lear about the latest DependencyTrack updates and #CBOM or Cryptography Bill of Materials in CycloneDx,0,2,3,229,['#CBOM'],['@CycloneDX_Spec'],[],https://pbs.twimg.com/profile_images/1114515035865399296/V6nLLbjK_normal.jpg,https://twitter.com/securestep9/status/1765767302870368313,tweet_id:1765767302870368313
Tanya Janca,@shehackspurple,2024-03-06T20:01:57.000Z,True,"Join  community for a live panel on ""Building a Successful Security Champions Program: What Does it Take?"" with AppSec veterans Chris Romeo , Dustin Lehr , Devin Rudnicki, and Ray Leblanc https://ow.ly/WngS50QBpRN #SecurityChampions #AppSec",1,2,5,"1,025","['#SecurityChampions', '#AppSec']","['@semgrep', '@edgeroute', '@DustinLehr1', '@Raybeorn']",[],https://pbs.twimg.com/profile_images/1508576052318117888/THsteMlW_normal.jpg,https://twitter.com/shehackspurple/status/1765467875635056968,tweet_id:1765467875635056968
Sam Stepanyan,@securestep9,2024-03-06T16:32:41.000Z,False,#iPhone:  Remember to install the latest iOS security update on your iPhone/iPad today as it fixes #zeroday #vulnerabilities exploited by attackers (CVE-2024-23225 and CVE-2024-23296):,0,3,3,572,"['#iPhone', '#zeroday', '#vulnerabilities']",[],[],https://pbs.twimg.com/profile_images/1114515035865399296/V6nLLbjK_normal.jpg,https://twitter.com/securestep9/status/1765415214483128414,tweet_id:1765415214483128414
Sam Stepanyan,@securestep9,2024-03-06T16:05:13.000Z,False,"At the Cloud and CyberSecurity 2024 Expo & Conference in London's Excel Expo Centre  - I have never ever seen so many people at this event before. Some of the vendor booths had people queuing up for hours just to see a product demo! 
(The Expo continues tomorrow)",0,0,6,363,[],[],[],https://pbs.twimg.com/profile_images/1114515035865399296/V6nLLbjK_normal.jpg,https://twitter.com/securestep9/status/1765408301259387187,tweet_id:1765408301259387187
Sam Stepanyan,@securestep9,2024-03-04T23:59:06.000Z,False,"#TeamCity: If your company/#DevOps team is using Team City, you need to patch it immediately as vulnerability CVE-2024-27198 allows for a complete compromise of a vulnerable TeamCity server by a remote unauthenticated attacker:#AuthBypass",0,5,15,"1,145","['#TeamCity', '#DevOps', '#AuthBypass']",[],[],https://pbs.twimg.com/profile_images/1114515035865399296/V6nLLbjK_normal.jpg,https://twitter.com/securestep9/status/1764802782488396184,tweet_id:1764802782488396184
Sam Stepanyan,@securestep9,2024-03-03T10:24:06.000Z,False,#Pegasus: U.S. Court Orders NSO Group to Hand Over Pegasus Spyware Code to #WhatsApp. Meta (Facebook) filed a lawsuit in 2019 as Pegasus spyware was delivered to WhatsApp users by merely placing an unanswered call exploiting CVE-2019-3568 vulnerability:,0,2,2,413,"['#Pegasus', '#WhatsApp']",[],[],https://pbs.twimg.com/profile_images/1114515035865399296/V6nLLbjK_normal.jpg,https://twitter.com/securestep9/status/1764235293031284765,tweet_id:1764235293031284765
Sam Stepanyan,@securestep9,2024-03-03T09:36:43.000Z,False,Good to see yet another  conference launched in the UK - BSides Exeter!,0,1,5,719,[],['@SecurityBSides'],[],https://pbs.twimg.com/profile_images/1114515035865399296/V6nLLbjK_normal.jpg,https://twitter.com/securestep9/status/1764223367647764922,tweet_id:1764223367647764922
Security BSides Athens,@BSidesAth,2024-03-02T10:46:40.000Z,False," Tickets are OPEN!   Security BSides Athens 2024  Special Sessions TBA…   First-come, First-served. Reserve your spot ASAP! https://bsidesath.gr/index.php#Tickets… #BSidesAth #InfoSec #Cyber #CyberSecurity #CyberResilience",0,7,9,"1,098","['#BSidesAth', '#InfoSec', '#Cyber', '#CyberSecurity', '#CyberResilience']",[],"['\\U0001f7e9', '\\U0001f39f\\ufe0f', '\\U0001f7e9', '\\U0001f1ec\\U0001f1f7', '\\U0001f7e9', '\\U0001f92b', '\\U0001f4bb', '\\U0001f39f\\ufe0f']",https://pbs.twimg.com/profile_images/1062120728458346497/xswKG1Rr_normal.jpg,https://twitter.com/BSidesAth/status/1763878585721405498,tweet_id:1763878585721405498
Sam Stepanyan,@securestep9,2024-03-01T09:38:42.000Z,False,#AI: JFrog researchers' investigation into #malicious #HuggingFace ML models whose loading leads to code execution (#RCE):#AISecurity,0,3,8,625,"['#AI', '#malicious', '#HuggingFace', '#RCE', '#AISecurity']",[],[],https://pbs.twimg.com/profile_images/1114515035865399296/V6nLLbjK_normal.jpg,https://twitter.com/securestep9/status/1763499093014278229,tweet_id:1763499093014278229
Sam Stepanyan,@securestep9,2024-03-01T07:52:42.000Z,False,#GitHub Rolls Out Default Secret Scanning Push Protection for All Public Repositories:,2,6,20,"1,120",['#GitHub'],[],[],https://pbs.twimg.com/profile_images/1114515035865399296/V6nLLbjK_normal.jpg,https://twitter.com/securestep9/status/1763472416439681033,tweet_id:1763472416439681033
Sam Stepanyan,@securestep9,2024-02-27T22:11:27.000Z,False,"#WordPress: Critical SQL Injection #vulnerability in Ultimate Member WordPress plugin (CVE-2024-1071) affects 200,000+ websites worldwide.    Patch now!",0,1,5,383,"['#WordPress', '#vulnerability']",[],[],https://pbs.twimg.com/profile_images/1114515035865399296/V6nLLbjK_normal.jpg,https://twitter.com/securestep9/status/1762601363475738739,tweet_id:1762601363475738739
Sam Stepanyan,@securestep9,2024-02-27T15:58:54.000Z,False,"Thank you all who attended  Chapter's 20th Anniversary Meetup at Google London HQ! 
We had an awesome event! 

The talk recordings are now available to watch on the OWASP London YouTube channel  (please subscribe!):https://youtube.com/OWASPLondon",1,3,16,519,[],['@OWASPLondon'],"['\\U0001f4fa', '\\U0001f447']",https://pbs.twimg.com/profile_images/1114515035865399296/V6nLLbjK_normal.jpg,https://twitter.com/securestep9/status/1762507607749595571,tweet_id:1762507607749595571
Parth Vashishth,@ParthVashishth,2024-02-22T18:07:32.000Z,False,And most awaited event starts at Google UK    ,0,1,6,240,[],"['@OWASPLondon', '@GoogleUK', '@owasp', '@securestep9']",[],https://pbs.twimg.com/profile_images/1168017645330763776/1TS5p_D8_normal.jpg,https://twitter.com/ParthVashishth/status/1760728042891301359,tweet_id:1760728042891301359
OWASP London,@OWASPLondon,2024-02-22T14:55:16.000Z,False,"OWASP London Chapter's  20th anniversary meetup presentations will start at today at 5:30pm kindly hosted by  London! 
For those of you who could not get tickets, don't worry - it will be live-streamed on #OWASPLondon YouTube channel here: https://youtube.com/watch?v=SbAVBQODDR0…",0,8,13,"1,053",['#OWASPLondon'],['@Google'],"['\\U0001f4fa', '\\U0001f449']",https://pbs.twimg.com/profile_images/1363989200803143685/nVOV5gSx_normal.png,https://twitter.com/OWASPLondon/status/1760679657589166582,tweet_id:1760679657589166582
Sam Stepanyan,@securestep9,2024-02-21T19:32:45.000Z,False,ThoughtWorks Tech Radar Caution Teams Against Ignoring #OWASP Top 10 Lists:https://thoughtworks.com/en-au/radar/techniques/summary/ignoring-owasp-top-10-lists…,0,0,3,227,['#OWASP'],[],[],https://pbs.twimg.com/profile_images/1114515035865399296/V6nLLbjK_normal.jpg,https://twitter.com/securestep9/status/1760387098228453831,tweet_id:1760387098228453831
Sam Stepanyan,@securestep9,2024-02-21T10:53:45.000Z,False,#PYPI: New Malicious #Python PyPI Packages Caught Using Covert DLL Side-Loading Tactics:  NP6HelperHttptest and NP6HelperHttper:,0,3,6,471,"['#PYPI', '#Python']",[],[],https://pbs.twimg.com/profile_images/1114515035865399296/V6nLLbjK_normal.jpg,https://twitter.com/securestep9/status/1760256488168161358,tweet_id:1760256488168161358
Sam Stepanyan,@securestep9,2024-02-20T18:46:00.000Z,True,#OWASP Global AppSec Lisbon 2024 Conference CFP is open!,0,2,4,444,['#OWASP'],[],[],https://pbs.twimg.com/profile_images/1114515035865399296/V6nLLbjK_normal.jpg,https://twitter.com/securestep9/status/1760012947131384116,tweet_id:1760012947131384116
Sam Stepanyan,@securestep9,2024-02-17T13:28:14.000Z,False,"#Outlook: #Microsoft! Office Protection View! Could be! Bypassed! By adding! Exclamation Mark! In URLs!
CVE-2024-21413 dubbed #MonikerLink. Overlooked #vulnerability existed in the Windows/COM ecosystem for decades! Patched last Tuesday:",1,0,1,513,"['#Outlook', '#Microsoft', '#MonikerLink', '#vulnerability']",[],['\\U0001f447'],https://pbs.twimg.com/profile_images/1114515035865399296/V6nLLbjK_normal.jpg,https://twitter.com/securestep9/status/1758845813545894177,tweet_id:1758845813545894177
Sam Stepanyan,@securestep9,2024-02-17T13:28:14.000Z,False,New critical Microsoft #Outlook #RCE vulnerability is trivial to exploit:,0,0,2,168,"['#Outlook', '#RCE']",[],[],https://pbs.twimg.com/profile_images/1114515035865399296/V6nLLbjK_normal.jpg,https://twitter.com/securestep9/status/1758845815043330356,tweet_id:1758845815043330356
uɐpʇou@ ✸,uɐpʇou@ ✸,2024-02-15T16:42:22.000Z,False,"Wow friends, we do live in interesting times. Nginx is dead. Long live FreeNginx. https://freenginx.org/pipermail/nginx/2024-February/000000.html…",19,107,338,10万,[],[],[],https://pbs.twimg.com/profile_images/1631238859521687552/MxPmsKsF_normal.png,https://twitter.com/notdan/status/1758169895177470045,tweet_id:1758169895177470045
Sam Stepanyan,@securestep9,2024-02-16T16:08:25.000Z,False,"#Python: new Rust-coded drop-in replacement for #pip and pip-tools called ""uv"" is 8-10 times faster than pip!

pip install uv
uv venv
uv pip install numpy",0,0,2,242,"['#Python', '#pip']",[],[],https://pbs.twimg.com/profile_images/1114515035865399296/V6nLLbjK_normal.jpg,https://twitter.com/securestep9/status/1758523736112636122,tweet_id:1758523736112636122
Sam Stepanyan,@securestep9,2024-02-14T23:13:17.000Z,False,#OWASP CRS v4.0 is out ! new features include new plugin architecture and early blocking:,0,5,7,842,['#OWASP'],[],['\\U0001f680'],https://pbs.twimg.com/profile_images/1114515035865399296/V6nLLbjK_normal.jpg,https://twitter.com/securestep9/status/1757905883344826719,tweet_id:1757905883344826719
Sam Stepanyan,@securestep9,2024-02-14T15:53:07.000Z,False,"#Android: An interesting bug in YouTube for Android app allows malicious apps to ""like"" any YouTube video using its URL, kind of like CSRF in the web world, this is based on sending a broadcast intent:",0,0,3,400,['#Android'],[],[],https://pbs.twimg.com/profile_images/1114515035865399296/V6nLLbjK_normal.jpg,https://twitter.com/securestep9/status/1757795113374245025,tweet_id:1757795113374245025
Sam Stepanyan,@securestep9,2024-02-14T15:37:56.000Z,False,#Ubuntu 'command-not-found' Tool Could Trick Users into Installing Rogue #apt and #snap Packages,0,3,3,"1,001","['#Ubuntu', '#apt', '#snap']",[],[],https://pbs.twimg.com/profile_images/1114515035865399296/V6nLLbjK_normal.jpg,https://twitter.com/securestep9/status/1757791291159564658,tweet_id:1757791291159564658
Francesco CipolloneAppsec and Cloudsec,@FrankSEC42,2024-02-13T09:50:01.000Z,False," Ready to revolutionize #AppSec with pizza in hand? Join us for an exclusive event hosted by Monzo!  Zero Trust, Data Management, and building strong application security.  Spots are limited & rewards on day, prepare your #owasp !  #CloudSecurity #ProductSecurity #cyber",1,2,5,433,"['#AppSec', '#owasp', '#CloudSecurity', '#ProductSecurity', '#cyber']",[],"['\\U0001f355', '\\U0001f510', '\\U0001f680', '\\U0001f9e0']",https://pbs.twimg.com/profile_images/1603773421527130112/9mDxyxvO_normal.jpg,https://twitter.com/FrankSEC42/status/1757341347701264779,tweet_id:1757341347701264779
Sam Stepanyan,@securestep9,2024-02-09T14:39:19.000Z,False,"This year we celebrate the 20th anniversary of the  Chapter! From the first meeting in a pub near Holborn in 2004 to the big stage at Google London in 2024: Join us on Feb 22nd as we invite our founders: ,  &  to share their insights:",1,10,22,"2,311",[],"['@OWASPLondon', '@dcuthbert', '@DinisCruz', '@ivanristic']",['\\U0001f680'],https://pbs.twimg.com/profile_images/1114515035865399296/V6nLLbjK_normal.jpg,https://twitter.com/securestep9/status/1755964597771628875,tweet_id:1755964597771628875
Sam Stepanyan,@securestep9,2024-02-08T21:41:18.000Z,False,At #OpenSSF meetup in London: listening to a great talk from  on  #OWASP #DependencyTrack project Hyades scaling initiative and some great new features enriched by the Common Expression Language (CEL):,0,0,1,221,"['#OpenSSF', '#OWASP', '#DependencyTrack']",['@BhargavaMeha'],[],https://pbs.twimg.com/profile_images/1114515035865399296/V6nLLbjK_normal.jpg,https://twitter.com/securestep9/status/1755708408001360271,tweet_id:1755708408001360271
Sam Stepanyan,@securestep9,2024-02-07T11:29:01.000Z,False,"#Jenkins Arbitrary File Leak Vulnerability, CVE-2024-23897 (CVSS score 9.8) Can Lead To #RCE. Blog post by Zscaler researchers explaining the #vulnerability:https://zscaler.com/blogs/security-research/jenkins-arbitrary-file-leak-vulnerability-cve-2024-23897-can-lead-rce…",0,2,6,661,"['#Jenkins', '#RCE', '#vulnerability']",[],[],https://pbs.twimg.com/profile_images/1114515035865399296/V6nLLbjK_normal.jpg,https://twitter.com/securestep9/status/1755191931766792348,tweet_id:1755191931766792348
Sam Stepanyan,@securestep9,2024-02-03T10:10:15.000Z,False,"#Mastodon has disclosed a critical security #vulnerability that enables malicious actors to impersonate and take over any account ""due to insufficient origin validation"". Tracked as CVE-2024-23832 the details of the flaw are withheld until Feb15th, 2024:",1,3,8,582,"['#Mastodon', '#vulnerability']",[],[],https://pbs.twimg.com/profile_images/1114515035865399296/V6nLLbjK_normal.jpg,https://twitter.com/securestep9/status/1753722560527614412,tweet_id:1753722560527614412
Sam Stepanyan,@securestep9,2024-01-31T21:22:39.000Z,False,#containers: Multiple security vulnerabilities (CVE-2024-21626 et al) have been disclosed in #runC that could be exploited by attackers to escape the bounds of the container and stage follow-on attacks:#CloudSecurity,0,3,6,526,"['#containers', '#runC', '#CloudSecurity']",[],[],https://pbs.twimg.com/profile_images/1114515035865399296/V6nLLbjK_normal.jpg,https://twitter.com/securestep9/status/1752804612740927592,tweet_id:1752804612740927592
Toru Komatsu,@utam0k,2024-01-31T20:22:54.000Z,True,"Container Breakout Vulnerability A fix for the vuln(CVE-2024-21626) with the highest score in runc history has been released. As the maintainer of the OCI Runtime Spec, I strongly suggest you check the correspondence of the vendors you are interested in.

container breakout…",9,85,156,7万,[],[],"['\\U0001f6a8', '\\U0001f6a8']",https://pbs.twimg.com/profile_images/1414044475526053890/AW5NzGlr_normal.jpg,https://twitter.com/utam0k/status/1752789574588522548,tweet_id:1752789574588522548
Sam Stepanyan,@securestep9,2024-01-31T18:17:42.000Z,False,"#Linux: new privilege escalation vulnerability in #glibc CVE-2023-6246 allows attackers to get #root privileges on multiple Linux distributions like Debian, Ubuntu, and Fedora:https://bleepingcomputer.com/news/security/new-linux-glibc-flaw-lets-attackers-get-root-on-major-distros/…",1,3,11,570,"['#Linux', '#glibc', '#root']",[],[],https://pbs.twimg.com/profile_images/1114515035865399296/V6nLLbjK_normal.jpg,https://twitter.com/securestep9/status/1752758065869279469,tweet_id:1752758065869279469
Sam Stepanyan,@securestep9,2024-01-29T20:04:03.000Z,False,"#Mercedes-Benz accidentally exposed a trove of internal data after leaving a #GitHub token online that gave “unrestricted access” to the company’s source code, according to the security research firm that discovered it:#AppSechttps://techcrunch.com/2024/01/26/mercedez-benz-token-exposed-source-code-github/…",0,4,9,604,"['#Mercedes', '#GitHub', '#AppSec']",[],[],https://pbs.twimg.com/profile_images/1114515035865399296/V6nLLbjK_normal.jpg,https://twitter.com/securestep9/status/1752060053274673446,tweet_id:1752060053274673446
Sam Stepanyan,@securestep9,2024-01-29T10:06:03.000Z,False,"#PyPI: Malicious #Python Packages Slip WhiteSnake InfoStealer Malware onto Windows Machines.The malware-laced packages are named nigpal, figflix, telerer, seGMM, fbdebug, sGMM, myGens, NewGends, and TestLibs111;#SupplyChainSecurity",0,2,5,325,"['#PyPI', '#Python', '#SupplyChainSecurity']",[],[],https://pbs.twimg.com/profile_images/1114515035865399296/V6nLLbjK_normal.jpg,https://twitter.com/securestep9/status/1751909561991070106,tweet_id:1751909561991070106
Sam Stepanyan,@securestep9,2024-01-25T00:19:46.000Z,False,Google #Kubernetes Misconfiguration Lets Any Gmail Account Control Your Kubernetes Clusters:#CloudSecurity,0,0,2,216,"['#Kubernetes', '#CloudSecurity']",[],[],https://pbs.twimg.com/profile_images/1114515035865399296/V6nLLbjK_normal.jpg,https://twitter.com/securestep9/status/1750312469703086539,tweet_id:1750312469703086539
Sam Stepanyan,@securestep9,2024-01-24T12:01:00.000Z,False,#Trello Unauthenticated public #API abused to scrape email addresses of 15 million accounts:#APISecurity,0,0,1,220,"['#Trello', '#API', '#APISecurity']",[],[],https://pbs.twimg.com/profile_images/1114515035865399296/V6nLLbjK_normal.jpg,https://twitter.com/securestep9/status/1750126550786163024,tweet_id:1750126550786163024
Sam Stepanyan,@securestep9,2024-01-22T00:45:49.000Z,False,"""How a Cross-Site Scripting (#XSS) Vulnerability Led to Account Takeover"" - the real world example of Yelp XSS  vulnerability. $6,000 #bugbounty went to  for discovering  XSS by manipulating an unescaped cookie value:#BugBountyTips",0,2,5,577,"['#XSS', '#bugbounty', '#BugBountyTips']",['@lil_endian'],['\\U0001f447'],https://pbs.twimg.com/profile_images/1114515035865399296/V6nLLbjK_normal.jpg,https://twitter.com/securestep9/status/1749231861828555212,tweet_id:1749231861828555212
Sam Stepanyan,@securestep9,2024-01-20T22:26:00.000Z,False,"OWASP Nettacker v0.3.3 released with new modules to scan for the latest Ivanti ICS CVE-2023-46805 vulnerability, Ivanti EPMM CVE-2023-35082, WordPress POST SMTP plugin CVE-2023-6875 and modules to help you find unpatched Citrix Netscaler & Ivanti devices:",1,7,47,"5,729",[],[],[],https://pbs.twimg.com/profile_images/1114515035865399296/V6nLLbjK_normal.jpg,https://twitter.com/securestep9/status/1748834287145935339,tweet_id:1748834287145935339
Sam Stepanyan,@securestep9,2024-01-21T02:42:38.000Z,False,Detecting Ivanti CVE-2023–46805 with OWASP Nettacker:,0,2,6,538,[],[],[],https://pbs.twimg.com/profile_images/1114515035865399296/V6nLLbjK_normal.jpg,https://twitter.com/securestep9/status/1748898871789363601,tweet_id:1748898871789363601
Sam Stepanyan,@securestep9,2024-01-20T17:02:35.000Z,True,#Trezor - the company behind popular hardware cryptocurrency wallet reports that their support ticketing portal was #hacked and customer names and emails leaked:,0,1,2,607,"['#Trezor', '#hacked']",[],[],https://pbs.twimg.com/profile_images/1114515035865399296/V6nLLbjK_normal.jpg,https://twitter.com/securestep9/status/1748752895225344168,tweet_id:1748752895225344168
OWASP® Foundation,@owasp,2024-01-20T10:00:30.000Z,True,ATTENTION TRAINERS!  Last call to submit your training for consideration at the #OWASP Global AppSec Lisbon Conference.  Submit your training before January 23rd to be considered   https://owasp.submittable.com/submit/282035/2024-global-appsec-lisbon-cft… #OWASP#appsec #infosec #AI #cybersecurity,0,3,11,"4,663","['#OWASP', '#OWASP', '#appsec', '#infosec', '#AI', '#cybersecurity']",[],"['\\U0001f4e2', '\\U0001f449']",https://pbs.twimg.com/profile_images/1763112727642333184/PIyHip38_normal.jpg,https://twitter.com/owasp/status/1748646676351377530,tweet_id:1748646676351377530
Sam Stepanyan,@securestep9,2024-01-18T11:08:45.000Z,False,"#Pegasus spyware: #Kaspersky launches a free & opensource tool called ""iShutdown"" designed to detect the notorious Pegasus spyware and other malware threats on iOS devices by analysing the sysdiag archive & shutdown.log file:",0,3,8,459,"['#Pegasus', '#Kaspersky']",[],[],https://pbs.twimg.com/profile_images/1114515035865399296/V6nLLbjK_normal.jpg,https://twitter.com/securestep9/status/1747939076219535586,tweet_id:1747939076219535586
Sam Stepanyan,@securestep9,2024-01-16T23:47:51.000Z,False,#jobs #AppSec,0,0,2,296,"['#jobs', '#AppSec']",[],[],https://pbs.twimg.com/profile_images/1114515035865399296/V6nLLbjK_normal.jpg,https://twitter.com/securestep9/status/1747405332077224251,tweet_id:1747405332077224251
Sam Stepanyan,@securestep9,2024-01-16T23:35:01.000Z,False,"#Atlassian #Confluence Data Center and Confluence Server are vulnerable to a critical unauthenticated remote code execution (#RCE) #vulnerability CVE-2023-22527 (CVSS 10.0) affecting versions released before Dec. 5, 2023. Patched versions available:https://bleepingcomputer.com/news/security/atlassian-warns-of-critical-rce-flaw-in-older-confluence-versions/…",0,0,1,633,"['#Atlassian', '#Confluence', '#RCE', '#vulnerability']",[],['\\U0001f447'],https://pbs.twimg.com/profile_images/1114515035865399296/V6nLLbjK_normal.jpg,https://twitter.com/securestep9/status/1747402104682004766,tweet_id:1747402104682004766
Sam Stepanyan,@securestep9,2024-01-16T23:14:00.000Z,False,#Citrix urges customers to immediately patch #Netscaler ADC and Gateway appliances exposed online against two actively exploited #zeroday #vulnerabilities: CVE-2023-6548 and CVE-2023-6549,0,0,1,385,"['#Citrix', '#Netscaler', '#zeroday', '#vulnerabilities']",[],[],https://pbs.twimg.com/profile_images/1114515035865399296/V6nLLbjK_normal.jpg,https://twitter.com/securestep9/status/1747396815891169746,tweet_id:1747396815891169746
Sam Stepanyan,@securestep9,2024-01-16T23:06:17.000Z,False,#GitHub patches High Severity vulnerabilities in Enterprise Server: unsafe reflection #vulnerability (CVE-2024-0200) which can allow attackers to gain remote code execution(#RCE) and CVE-2024-0507 which allows privilege escalation:https://bleepingcomputer.com/news/security/github-rotates-keys-to-mitigate-impact-of-credential-exposing-flaw/…,1,7,9,955,"['#GitHub', '#vulnerability', '#RCE']",[],[],https://pbs.twimg.com/profile_images/1114515035865399296/V6nLLbjK_normal.jpg,https://twitter.com/securestep9/status/1747394874570121255,tweet_id:1747394874570121255
Sam Stepanyan,@securestep9,2024-01-13T13:39:48.000Z,False,"We had a great  meetup at  London offices last Thursday! 
Special thanks to Tanya Janca () who flew to London all the way from Canada to present an amazing talk on #DevSecOps Worst Practices!",1,1,15,679,['#DevSecOps'],"['@OWASPLondon', '@JustEatTakeaway', '@shehackspurple']",[],https://pbs.twimg.com/profile_images/1114515035865399296/V6nLLbjK_normal.jpg,https://twitter.com/securestep9/status/1746165150380368242,tweet_id:1746165150380368242
Tanya Janca,@shehackspurple,2024-01-13T12:13:38.000Z,True,Thank you to everyone from  and  chapter who attended my #appsec dinner last night!,0,1,27,"1,887",['#appsec'],"['@wehackpurple', '@OWASPLondon']",[],https://pbs.twimg.com/profile_images/1508576052318117888/THsteMlW_normal.jpg,https://twitter.com/shehackspurple/status/1746143465304379422,tweet_id:1746143465304379422
Sam Stepanyan,@securestep9,2024-01-12T15:30:39.000Z,False,"I missed BSides London last December as I was away, but the recordings of the talks are now available on YouTube  - lots of great talks to watch this weekend!",0,1,7,483,[],[],['\\U0001f4fa'],https://pbs.twimg.com/profile_images/1114515035865399296/V6nLLbjK_normal.jpg,https://twitter.com/securestep9/status/1745830660038660118,tweet_id:1745830660038660118
Ivan Kinash,@ivan_kinash,2024-01-11T18:39:19.000Z,False,Excited to hear talks at #owasplondon at ! Kudos to  ,0,2,10,479,['#owasplondon'],"['@JustEatUK', '@securestep9']",['\\U0001f64f'],https://pbs.twimg.com/profile_images/1460972444492173324/cnRgAT3z_normal.jpg,https://twitter.com/ivan_kinash/status/1745515748645069170,tweet_id:1745515748645069170
Sam Stepanyan,@securestep9,2024-01-10T00:03:20.000Z,False,#SEC X/Twitter account #hack earlier today - Bitcoin price reaction:https://gizmodo.com/bitcoin-price-plummets-hacked-sec-tweet-1851153717…,0,0,2,343,"['#SEC', '#hack']",[],[],https://pbs.twimg.com/profile_images/1114515035865399296/V6nLLbjK_normal.jpg,https://twitter.com/securestep9/status/1744872514185031711,tweet_id:1744872514185031711
Sam Stepanyan,@securestep9,2024-01-09T13:32:27.000Z,False,"#Cacti: SQL injection (#SQLi) vulnerability in Cacti, a widely-used network monitoring, performance and fault management framework, could lead to information disclosure and potentially remote code execution (#RCE) CVE-2023-51448 GHSA-w85f-7c4w-7594",0,2,4,347,"['#Cacti', '#SQLi', '#RCE']",[],[],https://pbs.twimg.com/profile_images/1114515035865399296/V6nLLbjK_normal.jpg,https://twitter.com/securestep9/status/1744713747720179959,tweet_id:1744713747720179959
Sam Stepanyan,@securestep9,2024-01-05T09:27:54.000Z,False,"#PyPI: 3 new #malicious #Python packages: ""modularseven"", ""driftme"", and ""catme"" were discovered in the  PyPI repository with capabilities to deploy a #cryptocurrency mining #malware on affected #Linux devices:#SoftwareSupplyChainSecurity",1,4,6,482,"['#PyPI', '#malicious', '#Python', '#cryptocurrency', '#malware', '#Linux', '#SoftwareSupplyChainSecurity']",[],[],https://pbs.twimg.com/profile_images/1114515035865399296/V6nLLbjK_normal.jpg,https://twitter.com/securestep9/status/1743202655139188895,tweet_id:1743202655139188895
The Record From Recorded Future News,@TheRecord_Media,2024-01-03T23:29:22.000Z,True,Google-owned cybersecurity firm Mandiant is investigating a security breach where its X account was used to distribute links to a cryptocurrency platform called Phantom.,2,14,21,"3,468",[],[],[],https://pbs.twimg.com/profile_images/1294266034623586305/qkhbAIfM_normal.jpg,https://twitter.com/TheRecord_Media/status/1742689641382486050,tweet_id:1742689641382486050
Sam Stepanyan,@securestep9,2024-01-03T16:42:23.000Z,False,"Came across this awesome talk by  :
""Bot-in-the-Middle: How to Hack LLMs and what modern #AI means for CyberSecurity""#AISecurity#HackGPT",0,6,13,"2,439","['#AI', '#AISecurity', '#HackGPT']",['@LargeCardinal'],[],https://pbs.twimg.com/profile_images/1114515035865399296/V6nLLbjK_normal.jpg,https://twitter.com/securestep9/status/1742587220953858104,tweet_id:1742587220953858104
Sam Stepanyan,@securestep9,2024-01-03T14:07:28.000Z,False,#Bitwarden: interesting blog post showing how Bitwarden’s Windows Hello implementation allowed  to remotely steal all credentials from the vault without knowing the master password or requiring biometric authentication:#PasswordManagers,1,3,6,542,"['#Bitwarden', '#PasswordManagers']",['@RedTeamPT'],[],https://pbs.twimg.com/profile_images/1114515035865399296/V6nLLbjK_normal.jpg,https://twitter.com/securestep9/status/1742548234311025005,tweet_id:1742548234311025005
Sam Stepanyan,@securestep9,2024-01-03T10:33:36.000Z,False,#CRESTCon Europe 2024 #pentesting conference Call For Papers(#CFP) is open. The conference is on June 18th 2024 in London:,0,1,5,526,"['#CRESTCon', '#pentesting', '#CFP']",[],[],https://pbs.twimg.com/profile_images/1114515035865399296/V6nLLbjK_normal.jpg,https://twitter.com/securestep9/status/1742494410795860174,tweet_id:1742494410795860174
Sam Stepanyan,@securestep9,2024-01-02T13:02:56.000Z,False,#SLSA:  #Macaron is an extensible supply chain security analysis framework from Oracle which integrates with existing #SBOM in OWASP #CycloneDX#SoftwareSupplyChainSecurity https://github.com/oracle/macaron,0,14,31,"6,046","['#SLSA', '#Macaron', '#SBOM', '#CycloneDX', '#SoftwareSupplyChainSecurity']",[],['\\U0001f447'],https://pbs.twimg.com/profile_images/1114515035865399296/V6nLLbjK_normal.jpg,https://twitter.com/securestep9/status/1742169605039071454,tweet_id:1742169605039071454
Sam Stepanyan,@securestep9,2023-12-30T14:23:19.000Z,True,Great video from  on the latest #OWASP API Security Top 10 2023 and some great tips on how to test for each vulnerability type:,0,2,6,667,['#OWASP'],['@InsiderPhD'],[],https://pbs.twimg.com/profile_images/1114515035865399296/V6nLLbjK_normal.jpg,https://twitter.com/securestep9/status/1741102670423699712,tweet_id:1741102670423699712
Sam Stepanyan,@securestep9,2023-12-29T23:39:17.000Z,False,#GCP: Google Cloud Resolves Privilege Escalation Vulnerability Impacting  Kubernetes Service. Updated versions of  Google Kubernetes Engine (#GKE) and Anthos Service Mesh now available:#CloudSecurity,0,5,10,677,"['#GCP', '#GKE', '#CloudSecurity']",[],[],https://pbs.twimg.com/profile_images/1114515035865399296/V6nLLbjK_normal.jpg,https://twitter.com/securestep9/status/1740880195291066400,tweet_id:1740880195291066400
Sam Stepanyan,@securestep9,2023-12-27T11:32:38.000Z,False,"#databreach: Cyber criminals steal customer data from Europe’s largest car #parking app operator.

Owner of #RingGo and #ParkMobile says data including parts of credit card numbers taken in cyber-attack:",1,13,17,"5,431","['#databreach', '#parking', '#RingGo', '#ParkMobile']",[],[],https://pbs.twimg.com/profile_images/1114515035865399296/V6nLLbjK_normal.jpg,https://twitter.com/securestep9/status/1739972554490835416,tweet_id:1739972554490835416
Sam Stepanyan,@securestep9,2023-12-27T10:17:58.000Z,False,"#OpenSSH: SSH ProxyCommand == unexpected code execution vulnerability (CVE-2023-51385).

Patched version available: 

Update OpenSSH/libssh to:

OpenSSH 9.6p1
libssh 0.10.6 and 0.9.8

Vulnerability description and POC popping a calculator:",0,14,39,"2,856",['#OpenSSH'],[],['\\U0001f447'],https://pbs.twimg.com/profile_images/1114515035865399296/V6nLLbjK_normal.jpg,https://twitter.com/securestep9/status/1739953764247716205,tweet_id:1739953764247716205
Sam Stepanyan,@securestep9,2023-12-27T01:59:41.000Z,False,So today I searched YouTube for 'owasp' and a YouTube ad featuring  pops up  ,1,0,10,371,[],['@rewtd'],"['\\U0001f440', '\\U0001f44b']",https://pbs.twimg.com/profile_images/1114515035865399296/V6nLLbjK_normal.jpg,https://twitter.com/securestep9/status/1739828365098365272,tweet_id:1739828365098365272
Tanya Janca,@shehackspurple,2023-12-21T20:24:30.000Z,True,"Come hang out with me, -s-kulkarni, and , in London, England! Thursday Jan 11, I will be at the 'Just Eat' building. Tickets are free, but will disappear fast!https://meetup.com/owasp-london/events/298027909/…",1,3,9,"1,072",[],"['@shruti', '@OWASPlondon', '@Kerberosmansour', '@securestep9']",[],https://pbs.twimg.com/profile_images/1508576052318117888/THsteMlW_normal.jpg,https://twitter.com/shehackspurple/status/1737932072704987585,tweet_id:1737932072704987585
Sam Stepanyan,@securestep9,2023-12-21T19:49:23.000Z,False,#mkdocs: Unsafe deserialization potentially leading to RCE:https://securitylab.github.com/advisories/GHSL-2023-208_MkDocs/…,0,0,1,245,['#mkdocs'],[],['\\U0001f447'],https://pbs.twimg.com/profile_images/1114515035865399296/V6nLLbjK_normal.jpg,https://twitter.com/securestep9/status/1737923235927458262,tweet_id:1737923235927458262
Sam Stepanyan,@securestep9,2023-12-19T19:58:35.000Z,False,"#GitHub: ReversingLabs researchers have uncovered two novel #malware techniques running on GitHub: one abusing GitHub #Gists, another issuing commands through git commit messages - fascinating blog post:",0,1,1,204,"['#GitHub', '#malware', '#Gists']",[],[],https://pbs.twimg.com/profile_images/1114515035865399296/V6nLLbjK_normal.jpg,https://twitter.com/securestep9/status/1737200775128899962,tweet_id:1737200775128899962
Sam Stepanyan,@securestep9,2023-12-19T19:43:55.000Z,False,#SSH protocol #vulnerability disclosed:#TerrapinAttack ,0,1,3,323,"['#SSH', '#vulnerability', '#TerrapinAttack']",[],['\\U0001f447'],https://pbs.twimg.com/profile_images/1114515035865399296/V6nLLbjK_normal.jpg,https://twitter.com/securestep9/status/1737197086402318777,tweet_id:1737197086402318777
Sam Stepanyan,@securestep9,2023-12-17T02:04:51.000Z,False,"#PyPi: 116 #Malware Packages Found on PyPI Repository Infecting Windows and Linux Systems with Backdoors capable of remote command execution, data exfiltration, and taking screenshots:https://thehackernews.com/2023/12/116-malware-packages-found-on-pypi.html…",1,8,21,"2,280","['#PyPi', '#Malware']",[],['\\U0001f447'],https://pbs.twimg.com/profile_images/1114515035865399296/V6nLLbjK_normal.jpg,https://twitter.com/securestep9/status/1736205787200930116,tweet_id:1736205787200930116
Sam Stepanyan,@securestep9,2023-12-16T21:59:31.000Z,False,"#MongoDB #databreach - MongoDB has announced that they are investigating a security #incident involving unauthorized access to MongoDB corporate systems, which includes exposure of customer account metadata and contact information:https://mongodb.com/alerts",0,12,17,"3,286","['#MongoDB', '#databreach', '#incident']",[],['\\U0001f449'],https://pbs.twimg.com/profile_images/1114515035865399296/V6nLLbjK_normal.jpg,https://twitter.com/securestep9/status/1736144045733478849,tweet_id:1736144045733478849
Sam Stepanyan,@securestep9,2023-12-13T08:33:11.000Z,True,"#GDPR applies to everyone, even the UK Ministry of Defence. The ICO fines the MoD £350k (reduced from the original £1mln fine) for failing to have appropriate policies and training in place to minimise the risks of people’s information being inappropriately disclosed via email:",1,0,4,413,['#GDPR'],[],[],https://pbs.twimg.com/profile_images/1114515035865399296/V6nLLbjK_normal.jpg,https://twitter.com/securestep9/status/1734853961776075111,tweet_id:1734853961776075111
Sam Stepanyan,@securestep9,2023-12-13T08:22:16.000Z,False,#PyPI A good blog post with analysis of #malicious #Python packages in PyPI by the  research team:#SoftwareSupplyChainSecurityhttps://welivesecurity.com/en/eset-research/pernicious-potpourri-python-packages-pypi/…,1,3,7,326,"['#PyPI', '#malicious', '#Python', '#SoftwareSupplyChainSecurity']",['@eset'],['\\U0001f447'],https://pbs.twimg.com/profile_images/1114515035865399296/V6nLLbjK_normal.jpg,https://twitter.com/securestep9/status/1734851217522630805,tweet_id:1734851217522630805
Sam Stepanyan,@securestep9,2023-12-12T10:46:40.000Z,False,"#Struts: New Critical #RCE #Vulnerability CVE-2023-50164 Discovered in Apache #Struts 2 - Patch Now! 

The vulnerability affects Apache Struts versions 2.0.0 - 2.5.32 and 6.0.0 - 6.3.0.1",0,3,12,"1,051","['#Struts', '#RCE', '#Vulnerability', '#Struts']",[],[],https://pbs.twimg.com/profile_images/1114515035865399296/V6nLLbjK_normal.jpg,https://twitter.com/securestep9/status/1734525168041488694,tweet_id:1734525168041488694
Sam Stepanyan,@securestep9,2023-12-11T20:13:02.000Z,False,"#SBOM: The NSA, #CISA, ODNI and the CyberSecurity industry partners have released a cybersecurity technical report: “Securing the Software Supply Chain: Recommended Practices for Managing #OpenSource Software and Software Bill of Materials (SBOM):
[PDF]https://media.defense.gov/2023/Dec/11/2003355557/-1/-1/0/ESF_SECURING_THE_SOFTWARE_SUPPLY_CHAIN%20RECOMMENDED%20PRACTICES%20FOR%20MANAGING%20OPEN%20SOURCE%20SOFTWARE%20AND%20SOFTWARE%20BILL%20OF%20MATERIALS.PDF…",0,1,1,259,"['#SBOM', '#CISA', '#OpenSource']",[],['\\U0001f447'],https://pbs.twimg.com/profile_images/1114515035865399296/V6nLLbjK_normal.jpg,https://twitter.com/securestep9/status/1734305308695056694,tweet_id:1734305308695056694
DevSecOps London Gathering,@DevSecOpsLG,2023-12-07T17:20:31.000Z,False,Looking for something to tune into on the commute home? Listen to our latest episode of DSO OVerflow with  diving into the world of  https://dsolg.com/dso-overflow/ #devsecops,0,1,2,248,['#devsecops'],"['@securestep9', '@owasp']",[],https://pbs.twimg.com/profile_images/1488622747232133128/N7TWckt8_normal.jpg,https://twitter.com/DevSecOpsLG/status/1732812345397678438,tweet_id:1732812345397678438
Sam Stepanyan,@securestep9,2023-12-11T06:59:05.000Z,False,"#Android: At BlackHat Europe researchers demonstrated that most #password managers for Android (1Password, LastPass, Dashlane, Keepass etc) are vulnerable to #AutoSpill attack allowing to steal account credentials on Android during the autofill operation:",0,4,6,510,"['#Android', '#password', '#AutoSpill']",[],[],https://pbs.twimg.com/profile_images/1114515035865399296/V6nLLbjK_normal.jpg,https://twitter.com/securestep9/status/1734105504371048823,tweet_id:1734105504371048823
Sam Stepanyan,@securestep9,2023-12-07T00:54:17.000Z,False,"Using #Atlassian #Confluence or #Jira (Server/DataCenter versions)?
You need to patch immediately as 4 Critical Remote Code Execution (#RCE) #vulnerabilities were found (CVSS score 9.8):",0,3,11,541,"['#Atlassian', '#Confluence', '#Jira', '#RCE', '#vulnerabilities']",[],[],https://pbs.twimg.com/profile_images/1114515035865399296/V6nLLbjK_normal.jpg,https://twitter.com/securestep9/status/1732564150360895619,tweet_id:1732564150360895619
OWASP London,@OWASPLondon,2023-12-05T18:56:21.000Z,False,"Our meetup at  has kicked off with George Gilligan talking about E2E Detection Testing.
Watch the live-stream  here:https://youtube.com/watch?v=teLAKO31j7c…",0,1,5,451,[],['@thoughtmachine'],"['\\U0001f4fa', '\\U0001f449']",https://pbs.twimg.com/profile_images/1363989200803143685/nVOV5gSx_normal.png,https://twitter.com/OWASPLondon/status/1732111685421318398,tweet_id:1732111685421318398
Gleb Belenko,@BelenkoGleb,2023-12-05T18:40:06.000Z,False,Last  meeting this year!  Agenda for today! Looking forward! Thank you  and  for organising and hosting this event!,0,2,7,245,[],"['@OWASPLondon', '@securestep9', '@thoughtmachine']",[],https://pbs.twimg.com/profile_images/1237497176080748544/OxZyxb4v_normal.jpg,https://twitter.com/BelenkoGleb/status/1732107597828731207,tweet_id:1732107597828731207
Sam Stepanyan,@securestep9,2023-12-03T20:43:27.000Z,False,"Excited to share that  has kindly agreed to move his flights to London to arrive few days prior to , so he could speak at our  Chapter meetup this Tuesday December 5th 2023!

Looking forward to his talk:  ""I Will IDOR Myself In"" ",1,0,13,732,[],"['@evstykas', '@BSidesLondon', '@OWASPLondon']",['\\U0001f575\\ufe0f'],https://pbs.twimg.com/profile_images/1114515035865399296/V6nLLbjK_normal.jpg,https://twitter.com/securestep9/status/1731413860366582156,tweet_id:1731413860366582156
Sam Stepanyan,@securestep9,2023-12-03T20:43:27.000Z,False,Register to attend here: https://meetup.com/owasp-london/events/297445289/…,0,0,0,152,[],[],['\\U0001f449'],https://pbs.twimg.com/profile_images/1114515035865399296/V6nLLbjK_normal.jpg,https://twitter.com/securestep9/status/1731413861952053316,tweet_id:1731413861952053316
Sam Stepanyan,@securestep9,2023-12-02T12:39:10.000Z,False,#jobs BugCrowd is hiring for an AppSec Engineer position in India (remote) - retweeting for visibility:,0,3,7,"2,526",['#jobs'],[],[],https://pbs.twimg.com/profile_images/1114515035865399296/V6nLLbjK_normal.jpg,https://twitter.com/securestep9/status/1730929601818329174,tweet_id:1730929601818329174
Sam Stepanyan,@securestep9,2023-12-02T10:47:42.000Z,False,If you are using #Apple devices: iPhone/iPad/macBook make sure you install the latest security update which addresses #zeroday #vulnerabilities: CVE-2023-42916 & CVE-2023-42917 that are being actively exploited in the wild:https://spiceworks.com/it-security/vulnerability-management/news/apple-emergency-security-updates/…,0,4,13,902,"['#Apple', '#zeroday', '#vulnerabilities']",[],[],https://pbs.twimg.com/profile_images/1114515035865399296/V6nLLbjK_normal.jpg,https://twitter.com/securestep9/status/1730901549759467788,tweet_id:1730901549759467788
Sam Stepanyan,@securestep9,2023-11-30T10:38:09.000Z,False,"#Line Messenger app popular in Asian countries reported a #databreach.  
Leaked data included users' age groups, genders, service use histories, as well the data of company's business partners and employees, such as email addresses, names and affiliation:",0,5,6,845,"['#Line', '#databreach']",[],[],https://pbs.twimg.com/profile_images/1114515035865399296/V6nLLbjK_normal.jpg,https://twitter.com/securestep9/status/1730174371103125891,tweet_id:1730174371103125891
Sam Stepanyan,@securestep9,2023-11-29T08:50:39.000Z,False,"UK's #NCSC releases ""Guidelines for secure #AI system development"" where it talks about:
- Secure design
- Secure development
- Secure deployment
- Secure operation and maintenance

Good to see #OWASP mentioned as a source of threat modelling guidance:",0,2,7,386,"['#NCSC', '#AI', '#OWASP']",[],['\\U0001f447'],https://pbs.twimg.com/profile_images/1114515035865399296/V6nLLbjK_normal.jpg,https://twitter.com/securestep9/status/1729784930643644813,tweet_id:1729784930643644813
Sam Stepanyan,@securestep9,2023-11-26T19:05:48.000Z,False,"#protestware found in #Snyk 
snyk/sweater-comb #npm package calls out wars in Ukraine, Gaza:",0,1,4,388,"['#protestware', '#Snyk', '#npm']",[],[],https://pbs.twimg.com/profile_images/1114515035865399296/V6nLLbjK_normal.jpg,https://twitter.com/securestep9/status/1728852572830847044,tweet_id:1728852572830847044
Sam Stepanyan,@securestep9,2023-11-25T14:27:26.000Z,False,#OSINT Came across this quite useful and free OSINT diagramming and investigation tool focused on keeping track of your online findings:     #OSINTtools https://buff.ly/3GhNZRi,0,2,4,546,"['#OSINT', '#OSINTtools']",['@osintrackerApp'],[],https://pbs.twimg.com/profile_images/1114515035865399296/V6nLLbjK_normal.jpg,https://twitter.com/securestep9/status/1728420131204698455,tweet_id:1728420131204698455
Sam Stepanyan,@securestep9,2023-11-25T13:21:41.000Z,False,"#ownCloud CVE-2023-49103 (CVSS 10.0) exposed secrets like the ownCloud admin password, mail server, database credentials, and Object-Store/S3 access keys. Interestingly it was caused by a GetPhpInfo.php file in microsoftgraph:
 https://bleepingcomputer.com/news/security/critical-bug-in-owncloud-file-sharing-app-exposes-admin-passwords/…",2,3,6,"1,574",['#ownCloud'],[],[],https://pbs.twimg.com/profile_images/1114515035865399296/V6nLLbjK_normal.jpg,https://twitter.com/securestep9/status/1728403585795326049,tweet_id:1728403585795326049
Sam Stepanyan,@securestep9,2023-11-22T08:03:33.000Z,False,December 5th 2023 is the day of the next OWASP  meetup! Register to attend here:,1,6,16,"1,111",[],['@OWASPLondon'],['\\U0001f447'],https://pbs.twimg.com/profile_images/1114515035865399296/V6nLLbjK_normal.jpg,https://twitter.com/securestep9/status/1727236362112262489,tweet_id:1727236362112262489
Sam Stepanyan,@securestep9,2023-11-17T22:50:39.000Z,False,"#PyPi 27 Malicious Python PyPI Packages with Thousands of Downloads Found Targeting IT Experts. The malicious packages include: pyefflorer, pyminor, pyowler, pystallerer, pystob, and pywool:#SupplyChainSecurity",1,3,10,605,"['#PyPi', '#SupplyChainSecurity']",[],[],https://pbs.twimg.com/profile_images/1114515035865399296/V6nLLbjK_normal.jpg,https://twitter.com/securestep9/status/1725647666011349461,tweet_id:1725647666011349461
Sam Stepanyan,@securestep9,2023-11-17T21:14:46.000Z,False,"Great talk from  last night at  meetup showing us how to utilise the power of #AI to build a ChatGPT Chatbot to 10x your AWS security skills. 
Video  here:",0,1,5,420,['#AI'],"['@hashishrajan', '@OWASPLondon']","['\\U0001f4fd\\ufe0f', '\\U0001f447']",https://pbs.twimg.com/profile_images/1114515035865399296/V6nLLbjK_normal.jpg,https://twitter.com/securestep9/status/1725623536809587127,tweet_id:1725623536809587127
Sam Stepanyan,@securestep9,2023-11-17T21:11:39.000Z,False,"What a pleasure it was to give the stage to   at last night's  meetup to hear about OWASP depscan - the next generation open source software dependencies audit tool, able to precisely calculate both the reachability and exploitability of vulnerabilities! Video",0,3,8,642,[],"['@_prbh', '@OWASPLondon']",['\\U0001f447'],https://pbs.twimg.com/profile_images/1114515035865399296/V6nLLbjK_normal.jpg,https://twitter.com/securestep9/status/1725622753846321376,tweet_id:1725622753846321376
Gleb Belenko,@BelenkoGleb,2023-11-16T18:36:35.000Z,False,Agenda for tonight's London Chapter meeting at TikTok HQ!   ,0,4,6,369,[],"['@OWASPLondon', '@tiktok_uk', '@securestep9']",[],https://pbs.twimg.com/profile_images/1237497176080748544/OxZyxb4v_normal.jpg,https://twitter.com/BelenkoGleb/status/1725221340133605818,tweet_id:1725221340133605818
Grant Ongers (https://defcon.social/@rewtd),Grant Ongers (https://defcon.social/@rewtd),2023-11-16T18:33:16.000Z,False,Here we are  November 2023 meet-up.  is about to kick us off at the  office!,0,3,7,404,[],"['@OWASPLondon', '@securestep9', '@tiktok_uk']",[],https://pbs.twimg.com/profile_images/1392161487989395461/ReuGpnfV_normal.jpg,https://twitter.com/rewtd/status/1725220504632541477,tweet_id:1725220504632541477
Sam Stepanyan,@securestep9,2023-11-14T08:47:03.000Z,False,"#SBOM: Great blog post from  ""Why Not all BOM's are Created Equal"", talking about the new #OWASP BOM Maturity Model:#SoftwareSupplyChainSecurityhttps://resilientcyber.substack.com/p/not-all-boms-are-created-equal…",0,0,1,130,"['#SBOM', '#OWASP', '#SoftwareSupplyChainSecurity']",['@ResilientCyber'],['\\U0001f447'],https://pbs.twimg.com/profile_images/1114515035865399296/V6nLLbjK_normal.jpg,https://twitter.com/securestep9/status/1724348203640762613,tweet_id:1724348203640762613
Ivan at Wallarm / API security solution,@d0znpp,2023-11-14T03:05:00.000Z,True,"That was fun. I bypassed a  ChatGPT /mnt/data restriction via a symlink, downloaded envs, Jupyter kernels' keys, and some source code from there. Reported via   and got not applicable! Now this issue is fixed (in like an hours after my report).. Is it how it…",74,315,"2,003",38万,[],"['@OpenAI', '@Bugcrowd']",[],https://pbs.twimg.com/profile_images/1199051161191342080/zVG3jFlj_normal.jpg,https://twitter.com/d0znpp/status/1724262125793575141,tweet_id:1724262125793575141
@prbh.bsky.social,@prbh.bsky.social,2023-11-13T17:36:17.000Z,False,Sneak peek of what I will be discussing this Thursday about the upcoming #depscan v5. See you soon!https://meetup.com/owasp-london/events/297245227/…,0,2,5,311,['#depscan'],[],[],https://pbs.twimg.com/profile_images/1753018136465395712/pqgO__HT_normal.jpg,https://twitter.com/_prbh/status/1724119004413927932,tweet_id:1724119004413927932
Gareth Heyes \u2028,@garethheyes,2023-11-10T18:38:05.000Z,False,Universal MXSS. Works in all browsers and is likely to bypass lots of filters because title is both an SVG  and HTML tag. Briefly checked DOM Purify and it looked okay.,10,99,433,5.1万,[],[],[],https://pbs.twimg.com/profile_images/1309187677665845248/4o2iMevd_normal.jpg,https://twitter.com/garethheyes/status/1723047393279586682,tweet_id:1723047393279586682
Sam Stepanyan,@securestep9,2023-11-08T20:43:57.000Z,False,"Some big #AppSec and #AI announcements just made by #GitHub at the  event:
- Automated remediation of #vulnerabilities using AI
- Application Security Posture Management (#ASPM)
- Code Scanning (#SAST) Enablement in one click
- Automated alert Triage in Dependabot",1,4,13,"1,759","['#AppSec', '#AI', '#GitHub', '#vulnerabilities', '#ASPM', '#SAST']",['@GithubUniverse'],[],https://pbs.twimg.com/profile_images/1114515035865399296/V6nLLbjK_normal.jpg,https://twitter.com/securestep9/status/1722354292869271678,tweet_id:1722354292869271678
Sam Stepanyan,@securestep9,2023-11-09T19:22:42.000Z,False,GitHub Universe AppSec announcements recording - in case you missed the live event:,0,0,0,164,[],[],[],https://pbs.twimg.com/profile_images/1114515035865399296/V6nLLbjK_normal.jpg,https://twitter.com/securestep9/status/1722696232894640252,tweet_id:1722696232894640252
Sam Stepanyan,@securestep9,2023-11-09T18:13:31.000Z,False,"The next  Chapter in-person meetup will take place on Thursday 16th November at 6pm at London HQ.   

Talks from   and Register to attend here: https://meetup.com/owasp-london/events/297245227/…",1,11,28,"7,174",[],"['@OWASPLondon', '@tiktok_uk', '@_prbh', '@hashishrajan']",['\\U0001f447'],https://pbs.twimg.com/profile_images/1114515035865399296/V6nLLbjK_normal.jpg,https://twitter.com/securestep9/status/1722678821923475526,tweet_id:1722678821923475526
Scott Helme,@Scott_Helme,2023-11-07T15:00:42.000Z,True,"Government Mandated Root CA.

Yikes, that's a phrase that fills me with dread! Is it really where we're heading?..",44,409,811,30万,[],[],[],https://pbs.twimg.com/profile_images/1681628359359332353/1qyupYWZ_normal.jpg,https://twitter.com/Scott_Helme/status/1721905520788086836,tweet_id:1721905520788086836
Sam Stepanyan,@securestep9,2023-11-04T09:30:41.000Z,False,"I have not seen a #vulnerability like this for a long time: Apparently it was possible to auto-login to a web-facing system owned by the US Department of Defense simply by navigating to a ""hidden"" admin URL: 
/Administration/Administration.aspx:https://hackerone.com/reports/2190808",4,7,22,"2,127",['#vulnerability'],[],[],https://pbs.twimg.com/profile_images/1114515035865399296/V6nLLbjK_normal.jpg,https://twitter.com/securestep9/status/1720735305781661730,tweet_id:1720735305781661730
Sam Stepanyan,@securestep9,2023-11-02T00:58:46.000Z,False,How do you find out about InfoSec/CyberSecurity events in your area or calls for papers(#CFP)? Check out  http://infosecmap.com  - kudos to OWASP Santa Barbara Chapter Leaders who implemented this useful tool for the community:,2,1,14,"1,069",['#CFP'],[],[],https://pbs.twimg.com/profile_images/1114515035865399296/V6nLLbjK_normal.jpg,https://twitter.com/securestep9/status/1719881702233841803,tweet_id:1719881702233841803
Sam Stepanyan,@securestep9,2023-11-01T18:24:38.000Z,False,"Collected my OWASP Web Application Security Person of the Year (#WASPY) award at the OWASP Global AppSec Conference in Washington, DC. Thanks again to everyone who voted for me! ",13,8,100,"3,668",['#WASPY'],[],"['\\U0001f3c6', '\\U0001f64f']",https://pbs.twimg.com/profile_images/1114515035865399296/V6nLLbjK_normal.jpg,https://twitter.com/securestep9/status/1719782517262209459,tweet_id:1719782517262209459
Sam Stepanyan,@securestep9,2023-10-31T23:00:42.000Z,False,"OWASP Nettacker v0.3.2 released with new modules to scan for Adobe ColdFusion CVE-2023-26360, Atlassian Confluence CVE-2023-22515 and Citrix CVE-2023-4966:",0,2,7,785,[],[],[],https://pbs.twimg.com/profile_images/1114515035865399296/V6nLLbjK_normal.jpg,https://twitter.com/securestep9/status/1719489603638305137,tweet_id:1719489603638305137
Sam Stepanyan,@securestep9,2023-10-31T22:30:10.000Z,True,"The OWASP Board election results are in! 
I am thrilled to announce that from January 1st 2024 I will be on the OWASP Global Board!Many thanks to all OWASP members who voted for me!",18,6,91,"8,441",[],[],"['\\u2728', '\\U0001f64f', '\\u2611\\ufe0f']",https://pbs.twimg.com/profile_images/1114515035865399296/V6nLLbjK_normal.jpg,https://twitter.com/securestep9/status/1719481916590641563,tweet_id:1719481916590641563
Tanya Janca,@shehackspurple,2023-10-31T18:04:01.000Z,True,XXS and Entrapta at #owaspglobalappsecdc ,0,2,22,"1,155",['#owaspglobalappsecdc'],['@securestep9'],[],https://pbs.twimg.com/profile_images/1508576052318117888/THsteMlW_normal.jpg,https://twitter.com/shehackspurple/status/1719414937821294613,tweet_id:1719414937821294613
Sam Stepanyan,@securestep9,2023-10-31T13:35:33.000Z,False,"#Solarwinds #CISO of the year charged with defrauding SolarWinds’ investors and customers through misstatements, omissions, and 
schemes that concealed the Company’s poor cybersecurity practices and internal control failures:",0,0,2,431,"['#Solarwinds', '#CISO']",[],[],https://pbs.twimg.com/profile_images/1114515035865399296/V6nLLbjK_normal.jpg,https://twitter.com/securestep9/status/1719347378514194589,tweet_id:1719347378514194589
Sam Stepanyan,@securestep9,2023-10-31T13:15:27.000Z,False,Ain't no party like the OWASP Halloween party! ,0,0,9,536,[],[],"['\\U0001f47b', '\\U0001f389']",https://pbs.twimg.com/profile_images/1114515035865399296/V6nLLbjK_normal.jpg,https://twitter.com/securestep9/status/1719342321433460915,tweet_id:1719342321433460915
Tanya Janca,@shehackspurple,2023-10-31T09:36:00.000Z,True,I saw Sam Stepanyan from the OWASP London Chapter ! Hi Sherif Mansour ! You are missed! #owaspglobalappsecdc   ,0,1,11,"1,016",['#owaspglobalappsecdc'],"['@securestep9', '@Kerberosmansour', '@OWASPLondon']",[],https://pbs.twimg.com/profile_images/1508576052318117888/THsteMlW_normal.jpg,https://twitter.com/shehackspurple/status/1719287095317983402,tweet_id:1719287095317983402
Sam Stepanyan,@securestep9,2023-10-30T19:50:17.000Z,True,"OWASP members: Only a few hours left to vote in the OWASP Global Board Election! 
Please check your OWASP email for the ballot email from simplyvoting and vote! My manifesto can be found here:https://owasp.org/www-board-candidates/2023/sam_stepanyan…",0,4,6,642,[],[],['\\u2611\\ufe0f'],https://pbs.twimg.com/profile_images/1114515035865399296/V6nLLbjK_normal.jpg,https://twitter.com/securestep9/status/1719079293223858519,tweet_id:1719079293223858519
Sam Stepanyan,@securestep9,2023-10-30T16:02:57.000Z,False,We have the amazing Tanya Janca () on stage talking about Worst Practices in #DevSecOps  at the OWASP Global AppSec DC Conference,1,2,7,907,['#DevSecOps'],['@shehackspurple'],[],https://pbs.twimg.com/profile_images/1114515035865399296/V6nLLbjK_normal.jpg,https://twitter.com/securestep9/status/1719022083022189002,tweet_id:1719022083022189002
Sam Stepanyan,@securestep9,2023-10-30T14:59:03.000Z,False,Great talk from  at the OWASP Global AppSec DC Conference on ASVS testing and the access necessary to truly test against all the OWASP ASVS requirements:,2,3,9,"2,258",[],['@Enigma_Rosa'],[],https://pbs.twimg.com/profile_images/1114515035865399296/V6nLLbjK_normal.jpg,https://twitter.com/securestep9/status/1719006004329771164,tweet_id:1719006004329771164
Sam Stepanyan,@securestep9,2023-10-30T13:44:32.000Z,False,Great keynote from the legendary  at the #OWASP Global #AppSec DC Conference!,0,1,4,529,"['#OWASP', '#AppSec']",['@BrkSchoenfield'],[],https://pbs.twimg.com/profile_images/1114515035865399296/V6nLLbjK_normal.jpg,https://twitter.com/securestep9/status/1718987252473184344,tweet_id:1718987252473184344
Sam Stepanyan,@securestep9,2023-10-29T16:09:03.000Z,False,We have  on stage at #ThreatModCon with an usual and thought-provoking talk about threat modeling of threats to our community:,0,1,6,503,['#ThreatModCon'],['@sec_tigger'],[],https://pbs.twimg.com/profile_images/1114515035865399296/V6nLLbjK_normal.jpg,https://twitter.com/securestep9/status/1718661229772767267,tweet_id:1718661229772767267
Sam Stepanyan,@securestep9,2023-10-29T15:19:52.000Z,False,"#ThreatModCon panel in full swing with great luminaries in the Threat Modeling world: Matthew Coles,  Brook Schoenfield, John Taylor, Robert Hurlbut, Seba Deleersnyder & Tanya Janca!",1,3,10,581,['#ThreatModCon'],[],[],https://pbs.twimg.com/profile_images/1114515035865399296/V6nLLbjK_normal.jpg,https://twitter.com/securestep9/status/1718648856219373822,tweet_id:1718648856219373822
Tanya Janca,@shehackspurple,2023-10-29T13:47:43.000Z,True,When did #threatmodelling first apply to computers? Listen to Brooke at #threatmodcon to find out! ,0,3,8,"1,300","['#threatmodelling', '#threatmodcon']",['@TMConnectHQ'],[],https://pbs.twimg.com/profile_images/1508576052318117888/THsteMlW_normal.jpg,https://twitter.com/shehackspurple/status/1718625663266050445,tweet_id:1718625663266050445
Sam Stepanyan,@securestep9,2023-10-29T13:51:25.000Z,False,"I am attending and speaking at the OWASP Global AppSec USA Conference 2023 in Washington DC! 
My talk on the OWASP Nettacker Project is this Tuesday 31st October at 2:15pm - see you there!https://owasp2023globalappsecwashin.sched.com/event/1Ooms/automated-security-testing-with-owasp-nettacker…",0,2,15,819,[],[],[],https://pbs.twimg.com/profile_images/1114515035865399296/V6nLLbjK_normal.jpg,https://twitter.com/securestep9/status/1718626596657983858,tweet_id:1718626596657983858
Francesco CipolloneAppsec and Cloudsec,@FrankSEC42,2023-10-25T12:04:08.000Z,False,"Great time yesterday    #ctf one of the best one I’ve seen so far. Kudos to  for pulling it off
Hope the winner of our scooter made it safe hoodies were a steal! #owasp #event",1,1,11,383,"['#ctf', '#owasp', '#event']","['@owasp', '@OWASPLondon', '@securestep9']",[],https://pbs.twimg.com/profile_images/1603773421527130112/9mDxyxvO_normal.jpg,https://twitter.com/FrankSEC42/status/1717150043231178780,tweet_id:1717150043231178780
Licel,@licel_en,2023-10-25T08:34:26.000Z,False,"Last night was pretty special. 

Congrats again to the winners  and well done to everybody who took part! // ",0,1,5,344,[],"['@OWASPLondon', '@securestep9']",['\\U0001f44f'],https://pbs.twimg.com/profile_images/1685950108406276096/WHogF9VW_normal.png,https://twitter.com/licel_en/status/1717097273136492884,tweet_id:1717097273136492884
Sam Stepanyan,@securestep9,2023-10-25T08:03:32.000Z,False,#WordPress: 4mln website affected by Stored #XSS vulnerability in #LiteSpeed plugin:#AppSec,0,0,0,254,"['#WordPress', '#XSS', '#LiteSpeed', '#AppSec']",[],[],https://pbs.twimg.com/profile_images/1114515035865399296/V6nLLbjK_normal.jpg,https://twitter.com/securestep9/status/1717089497320435783,tweet_id:1717089497320435783
Sam Stepanyan,@securestep9,2023-10-24T19:15:42.000Z,False,Kicking off the  #OWASP Chapter Secure Coding Tournament tonight!#CTF,0,4,10,485,"['#OWASP', '#CTF']",['@OWASPLondon'],[],https://pbs.twimg.com/profile_images/1114515035865399296/V6nLLbjK_normal.jpg,https://twitter.com/securestep9/status/1716896262543536612,tweet_id:1716896262543536612
Sam Stepanyan,@securestep9,2023-10-23T22:51:56.000Z,False,"#1Password discloses security incident linked to Okta breach - a  ""suspicious activity on our Okta instance"".  At the moment they are saying they are not finding any evidence the customer data was accessed:",0,1,5,501,['#1Password'],[],[],https://pbs.twimg.com/profile_images/1114515035865399296/V6nLLbjK_normal.jpg,https://twitter.com/securestep9/status/1716588291464606009,tweet_id:1716588291464606009
Sam Stepanyan,@securestep9,2023-10-22T22:47:11.000Z,False,"Google #Chrome's upcoming new ""IP Protection"" feature will hide users' IP addresses by routing the traffic via proxy servers:",0,2,10,796,['#Chrome'],[],[],https://pbs.twimg.com/profile_images/1114515035865399296/V6nLLbjK_normal.jpg,https://twitter.com/securestep9/status/1716224710675996676,tweet_id:1716224710675996676
Sam Stepanyan,@securestep9,2023-10-21T13:48:23.000Z,False,"#Malware in Microsoft's #Bing #AI Chat responses.
It was only a matter of time until cyber criminals found their way to infiltrate the language model responses with malicious ads:#AISecurityhttps://bleepingcomputer.com/news/security/bing-chat-responses-infiltrated-by-ads-pushing-malware/…",0,2,4,515,"['#Malware', '#Bing', '#AI', '#AISecurity']",[],[],https://pbs.twimg.com/profile_images/1114515035865399296/V6nLLbjK_normal.jpg,https://twitter.com/securestep9/status/1715726730152001909,tweet_id:1715726730152001909
Sam Stepanyan,@securestep9,2023-10-21T13:27:41.000Z,False,"#Okta breached again! Threat actors hacked into Okta's support case management system, stealing files that Okta customers uploaded, including sensitive data like cookies and session tokens, that attackers can use to impersonate valid users#databreach",0,2,7,654,"['#Okta', '#databreach']",[],[],https://pbs.twimg.com/profile_images/1114515035865399296/V6nLLbjK_normal.jpg,https://twitter.com/securestep9/status/1715721517588156620,tweet_id:1715721517588156620
Lucc,@securitystack,2023-10-15T12:31:34.000Z,False,"Thrilled to see Sam  running for the #OWASP 2023 Board of Directors! Having witnessed his dedication and impact since rebooting the OWASP London chapter in 2016, I have no doubt he'll contribute immensely at a global level!https://owasp.org/www-board-candidates/2023/sam_stepanyan…",1,1,3,225,['#OWASP'],['@securestep9'],[],https://pbs.twimg.com/profile_images/1469643722073808899/g_iXlmnm_normal.jpg,https://twitter.com/securitystack/status/1713533071239114760,tweet_id:1713533071239114760
Sam Stepanyan,@securestep9,2023-10-17T13:12:22.000Z,False,"#CISCO: Actively exploited Cisco #zeroday #vulnerability CVE-2023-20198 with maximum CVSS severity 10.0 gives attackers full network control. 
Do you have any Cisco IOS XE Web User Interfaces exposed to the Internet? :",0,0,1,451,"['#CISCO', '#zeroday', '#vulnerability']",[],[],https://pbs.twimg.com/profile_images/1114515035865399296/V6nLLbjK_normal.jpg,https://twitter.com/securestep9/status/1714268113691373731,tweet_id:1714268113691373731
Sam Stepanyan,@securestep9,2023-10-17T12:31:19.000Z,False,"New version of OWASP #DependencyTrack is out!
v4.9  includes support for CycloneDX v1.5 standard, SPDX expressions, and a bunch of other goodies:#SoftwareSupplyChainSecurity",0,6,17,"1,195","['#DependencyTrack', '#SoftwareSupplyChainSecurity']",[],[],https://pbs.twimg.com/profile_images/1114515035865399296/V6nLLbjK_normal.jpg,https://twitter.com/securestep9/status/1714257783552442534,tweet_id:1714257783552442534
OWASP® Foundation,@owasp,2023-10-16T16:39:07.000Z,True,"The 2023 Global Board Election is now open for voting.  

If you are an individual member, please check your email for your ballot.

Candidates are:
Avi Douglen
Fred Donovan
Izar Tarandach
Kevin Johnson
Paulino Calderon
Sam Stepanyan
Steve Springett ",0,6,11,"6,177",[],[],[],https://pbs.twimg.com/profile_images/1763112727642333184/PIyHip38_normal.jpg,https://twitter.com/owasp/status/1713957757278167241,tweet_id:1713957757278167241
Sam Stepanyan,@securestep9,2023-10-13T19:21:59.000Z,False,"I'm honoured to be nominated as a Candidate for the OWASP Board of Directors in the upcoming OWASP Global Board election. 
If you are an OWASP member eligible to vote I humbly ask you to check out my candidate manifesto. Thank you for your support!https://owasp.org/www-board/elections/2023_elections…",3,6,51,"3,704",[],[],['\\u2705'],https://pbs.twimg.com/profile_images/1114515035865399296/V6nLLbjK_normal.jpg,https://twitter.com/securestep9/status/1712911578842943646,tweet_id:1712911578842943646
Tech At Bloomberg,@TechAtBloomberg,2023-10-12T20:03:21.000Z,False,"Bloomberg is proud to be a founding member of 's TC54, which will work with  on standardizing #CycloneDX & related technologies to improve software and system transparency, which are critical to securing the #softwaresupplychain for modern applications#SBOM",0,11,17,"8,234","['#CycloneDX', '#softwaresupplychain', '#SBOM']","['@EcmaIntl', '@owasp']",[],https://pbs.twimg.com/profile_images/824275307339411457/PA6kOz6w_normal.jpg,https://twitter.com/TechAtBloomberg/status/1712559602993410458,tweet_id:1712559602993410458
Paul Schwarzenberger,@paulschwarzen,2023-10-12T19:39:57.000Z,False,Many thanks to   for inviting me to speak about   on your   Spotlight series   appreciate you introducing us and making the suggestion ,1,10,11,915,[],"['@InfosecVandana', '@domain_protect', '@owasp', '@securestep9']","['\\U0001f64f', '\\U0001f642', '\\U0001f680']",https://pbs.twimg.com/profile_images/1200101803288907777/v1asVevw_normal.jpg,https://twitter.com/paulschwarzen/status/1712553712600994208,tweet_id:1712553712600994208
Sam Stepanyan,@securestep9,2023-10-11T07:18:32.000Z,False,#Curl Fix Critical Buffer Overflow #Vulnerability Which Could Lead to Remote Code Execution (CVE-2023-38545):#libcurl,0,0,5,720,"['#Curl', '#Vulnerability', '#libcurl']",[],[],https://pbs.twimg.com/profile_images/1114515035865399296/V6nLLbjK_normal.jpg,https://twitter.com/securestep9/status/1712004740995838079,tweet_id:1712004740995838079
Sam Stepanyan,@securestep9,2023-10-11T06:53:37.000Z,False,"Amnesty International calls for investigation into #Intellexa #spyware firm’s Dublin office:
Intellexa is selling ""military-grade"" spyware that can secretly activate a smartphone’s camera, microphone and other features to spy on the smartphone’s users:",0,0,1,262,"['#Intellexa', '#spyware']",[],[],https://pbs.twimg.com/profile_images/1114515035865399296/V6nLLbjK_normal.jpg,https://twitter.com/securestep9/status/1711998472688214451,tweet_id:1711998472688214451
Sam Stepanyan,@securestep9,2023-10-10T13:05:33.000Z,False,HTTP/2 Rapid Reset Attack (CVE-2023-44487) Impacting F5 #NGINX Products:,0,3,15,"1,201",['#NGINX'],[],['\\u26a0\\ufe0f'],https://pbs.twimg.com/profile_images/1114515035865399296/V6nLLbjK_normal.jpg,https://twitter.com/securestep9/status/1711729682863800757,tweet_id:1711729682863800757
Sam Stepanyan,@securestep9,2023-10-10T12:47:25.000Z,False,"If you are using HTTP/2 beware of the novel #zeroday #vulnerability dubbed the “HTTP/2 Rapid Reset” attack disclosed today. 
This attack exploits a weakness in the #HTTP2 protocol to generate enormous Distributed Denial of Service (#DDoS) attacks:",1,24,51,"6,890","['#zeroday', '#vulnerability', '#HTTP2', '#DDoS']",[],['\\u26a0\\ufe0f'],https://pbs.twimg.com/profile_images/1114515035865399296/V6nLLbjK_normal.jpg,https://twitter.com/securestep9/status/1711725119075180625,tweet_id:1711725119075180625
Sam Stepanyan,@securestep9,2023-10-10T12:47:26.000Z,False,Technical breakdown of HTTP/2 CVE-2023-44487:,0,0,1,271,[],[],[],https://pbs.twimg.com/profile_images/1114515035865399296/V6nLLbjK_normal.jpg,https://twitter.com/securestep9/status/1711725123084931278,tweet_id:1711725123084931278
Sam Stepanyan,@securestep9,2023-10-06T10:22:44.000Z,False,"October is Cybersecurity awareness month, so we at  Chapter are announcing our next Secure Coding #CTF Tournament on October 24th! (in-person). Solve challenges/find vulnerable code/win real prizes! #SecureCoding",1,6,12,854,"['#CTF', '#SecureCoding']",['@OWASPLondon'],['\\U0001f3c6'],https://pbs.twimg.com/profile_images/1114515035865399296/V6nLLbjK_normal.jpg,https://twitter.com/securestep9/status/1710239157023351167,tweet_id:1710239157023351167
Sam Stepanyan,@securestep9,2023-10-06T10:27:30.000Z,False,,0,0,0,160,[],[],[],https://pbs.twimg.com/profile_images/1114515035865399296/V6nLLbjK_normal.jpg,https://twitter.com/securestep9/status/1710240355394650139,tweet_id:1710240355394650139
Sam Stepanyan,@securestep9,2023-10-06T06:41:56.000Z,False,#Confluence v8+ Critical #zeroday privilege escalation vulnerability is exploited by attackers in the wild (CVE-2023-22515). Patch now:,0,0,5,619,"['#Confluence', '#zeroday']",[],[],https://pbs.twimg.com/profile_images/1114515035865399296/V6nLLbjK_normal.jpg,https://twitter.com/securestep9/status/1710183591370424733,tweet_id:1710183591370424733
Sam Stepanyan,@securestep9,2023-10-04T22:21:01.000Z,False,"Great to see   nominated and a finalist in the #SANS Difference Makers Awards 2023 in the ""Open Source Tool of the Year"" category! 
Cast your vote  before October 10:https://linkedin.com/posts/stevespringett_owasp-activity-7115167701387411456-oyy4/…",1,7,24,"5,923",['#SANS'],"['@owasp', '@DependencyTrack']","['\\u2705', '\\U0001f447']",https://pbs.twimg.com/profile_images/1114515035865399296/V6nLLbjK_normal.jpg,https://twitter.com/securestep9/status/1709695143240942005,tweet_id:1709695143240942005
Sam Stepanyan,@securestep9,2023-10-03T23:18:00.000Z,False,"#Linux vulnerability known as 'Looney Tunables' enables local attackers to gain root privileges by exploiting a buffer overflow #vulnerability CVE-2023-4911. It affects popular distributions like Fedora, Ubuntu, and Debian - patch now! #LooneyTunables",0,1,6,499,"['#Linux', '#vulnerability', '#LooneyTunables']",[],[],https://pbs.twimg.com/profile_images/1114515035865399296/V6nLLbjK_normal.jpg,https://twitter.com/securestep9/status/1709347094668951937,tweet_id:1709347094668951937
Sam Stepanyan,@securestep9,2023-10-03T21:51:24.000Z,False,"Appalled by 's new fees that now affect charities and non-profits like  chapters. As an  chapter, we've relied on Eventbrite's free platform. Charging for free community events educating everyone on CyberSecurity jeopardizes our mission.#CorporateGreed",2,2,8,800,['#CorporateGreed'],"['@Eventbrite', '@OWASP', '@OWASP']",['\\U0001f621'],https://pbs.twimg.com/profile_images/1114515035865399296/V6nLLbjK_normal.jpg,https://twitter.com/securestep9/status/1709325301082096045,tweet_id:1709325301082096045
Sam Stepanyan,@securestep9,2023-10-03T20:34:42.000Z,False,Great story: How did an #SBOM save the day after being let down by the #pentest report?#SoftwareSupplyChainSecurity#CycloneDX,0,6,6,664,"['#SBOM', '#pentest', '#SoftwareSupplyChainSecurity', '#CycloneDX']",[],[],https://pbs.twimg.com/profile_images/1114515035865399296/V6nLLbjK_normal.jpg,https://twitter.com/securestep9/status/1709306000321192246,tweet_id:1709306000321192246
Sam Stepanyan,@securestep9,2023-10-03T19:18:43.000Z,False,"#ShellTorch: Multiple Critical Vulnerabilities in #PyTorch Model Server (TorchServe) (CVE-2023-43654 CVSS 9.9, CVSS 9.8) #RCE Threatens Countless #AI Users - thousands of vulnerable instances including of some of the world’s largest organizations:",0,4,15,"1,099","['#ShellTorch', '#PyTorch', '#RCE', '#AI']",[],[],https://pbs.twimg.com/profile_images/1114515035865399296/V6nLLbjK_normal.jpg,https://twitter.com/securestep9/status/1709286879093277111,tweet_id:1709286879093277111
Sam Stepanyan,@securestep9,2023-10-02T23:35:22.000Z,False,"Criminals ""hacking"" and stealing a modern car (BMW in this case) need just 60 seconds, a piece of cable as an antenna and a portable kit which costs less than $100:",1,18,56,1.4万,[],[],[],https://pbs.twimg.com/profile_images/1114515035865399296/V6nLLbjK_normal.jpg,https://twitter.com/securestep9/status/1708989080778736076,tweet_id:1708989080778736076
payloadartist,@payloadartist,2023-10-02T14:24:27.000Z,True,"Incredible. They logged the passwords being used in the failed login attempts, and all of that is now public...",0,2,13,"3,029",[],[],[],https://pbs.twimg.com/profile_images/1404125874350264322/6G0a9c7a_normal.jpg,https://twitter.com/payloadartist/status/1708850436198011139,tweet_id:1708850436198011139
Sam Stepanyan,@securestep9,2023-09-30T00:15:36.000Z,False,#WS_FTP Critical CVE-2023-40044 POC published on Twitter:,1,1,5,"1,029",['#WS_FTP'],[],[],https://pbs.twimg.com/profile_images/1114515035865399296/V6nLLbjK_normal.jpg,https://twitter.com/securestep9/status/1707912041942446207,tweet_id:1707912041942446207
Sam Stepanyan,@securestep9,2023-09-30T00:15:37.000Z,False,#WS_FTP Server Critical security flaw CVE-2023-40044 received allows unauthenticated attackers to execute remote commands after successful exploitation of a .NET deserialization vulnerability in the Ad Hoc Transfer module:,0,0,0,245,['#WS_FTP'],[],[],https://pbs.twimg.com/profile_images/1114515035865399296/V6nLLbjK_normal.jpg,https://twitter.com/securestep9/status/1707912043662131461,tweet_id:1707912043662131461
Sam Stepanyan,@securestep9,2023-09-29T00:09:34.000Z,False,#GitHub Repositories Hit by Malicious Password-Stealing Commits Disguised to look like Dependabot Contributions:#SupplyChainSecurity,0,5,11,"1,365","['#GitHub', '#SupplyChainSecurity']",[],[],https://pbs.twimg.com/profile_images/1114515035865399296/V6nLLbjK_normal.jpg,https://twitter.com/securestep9/status/1707548134342000943,tweet_id:1707548134342000943
Sam Stepanyan,@securestep9,2023-09-28T19:13:00.000Z,False,"Did you know that starting from today  website has an RSS feed of news & posts?

Thanks to #opensource software developer  whose PR just got merged in OWASP GitHub repo.

Add the OWASP website feed URL to your favourite RSS reader app:https://owasp.org/rss.xml",0,2,15,"4,789",['#opensource'],"['@OWASP', '@WBierbower']",['\\U0001f447'],https://pbs.twimg.com/profile_images/1114515035865399296/V6nLLbjK_normal.jpg,https://twitter.com/securestep9/status/1707473502574452993,tweet_id:1707473502574452993
Sam Stepanyan,@securestep9,2023-09-28T16:03:48.000Z,False,If you are a student looking for #CyberSecurity #internships in #India - please contact my good friend  by replying to her tweet:,0,1,1,530,"['#CyberSecurity', '#internships', '#India']",['@InfosecVandana'],[],https://pbs.twimg.com/profile_images/1114515035865399296/V6nLLbjK_normal.jpg,https://twitter.com/securestep9/status/1707425888751546739,tweet_id:1707425888751546739
Sam Stepanyan,@securestep9,2023-09-27T23:54:36.000Z,False,"Did you know that OWASP CycloneDX standard supports not just SBOM (Software Bill Of Materials), but also HBOM (Hardware Bill Of Materials)?",0,4,11,910,[],[],['\\U0001f447'],https://pbs.twimg.com/profile_images/1114515035865399296/V6nLLbjK_normal.jpg,https://twitter.com/securestep9/status/1707181981618880808,tweet_id:1707181981618880808
Sam Stepanyan,@securestep9,2023-09-27T09:29:50.000Z,False,#WebP: Critical security #vulnerability in the #libwebp image library for rendering images in the WebP format is under active exploitation in the wild. CVE-2023-5129(CVSS 10.00) allows criminals to hack your devices by simply sending you an image:,0,2,5,730,"['#WebP', '#vulnerability', '#libwebp']",[],['\\U0001f5bc\\ufe0f'],https://pbs.twimg.com/profile_images/1114515035865399296/V6nLLbjK_normal.jpg,https://twitter.com/securestep9/status/1706964353151353190,tweet_id:1706964353151353190
Sam Stepanyan,@securestep9,2023-09-27T09:25:20.000Z,False,"How to get Remote Code Execution (#RCE) in #Chrome, by exploiting CVE-2023-3420, a type confusion vulnerability in the JIT compiler:",0,3,12,"1,300","['#RCE', '#Chrome']",[],[],https://pbs.twimg.com/profile_images/1114515035865399296/V6nLLbjK_normal.jpg,https://twitter.com/securestep9/status/1706963223369425093,tweet_id:1706963223369425093
Sam Stepanyan,@securestep9,2023-09-24T17:44:33.000Z,False,"#OWASP #Amass () 
is the best opensource subdomain enumeration tool today:#BugBountyTips",1,4,23,"2,032","['#OWASP', '#Amass', '#BugBountyTips']",['@owaspamass'],[],https://pbs.twimg.com/profile_images/1114515035865399296/V6nLLbjK_normal.jpg,https://twitter.com/securestep9/status/1706001688476180983,tweet_id:1706001688476180983
Youssef (s3c),@s3c_krd,2023-09-24T10:32:13.000Z,False,I found 1 click account takeover on TikTok even if you set 2FA on your account it will be bypassed with it#bugbounty #infosec #hackerone,40,51,823,11万,"['#bugbounty', '#infosec', '#hackerone']",[],['\\U0001f60e'],https://pbs.twimg.com/profile_images/1749898395282554880/Hb-SMLWi_normal.jpg,https://twitter.com/s3c_krd/status/1705892888381399127,tweet_id:1705892888381399127
Sam Stepanyan,@securestep9,2023-09-23T10:48:48.000Z,False,"Getting disturbing reports from friends & members of the public in the UK that they are being stopped by the road police  claiming they have no car insurance. It appears there is a cyber/IT ""incident"" affecting the Motor Insurers Database (MID) which is used to check insurance:",0,5,7,"2,049",[],[],['\\U0001f694'],https://pbs.twimg.com/profile_images/1114515035865399296/V6nLLbjK_normal.jpg,https://twitter.com/securestep9/status/1705534673831518208,tweet_id:1705534673831518208
Sam Stepanyan,@securestep9,2023-09-23T08:06:15.000Z,False,#CutizenLab provided details of the #iOS exploit chain used by attackers to silently install #Predator spyware on the #iPhone of former Egyptian member of parliament Ahmed Eltantawy: (CVE-2023-41993)(CVE-2023-41991)(CVE-2023-41992)#MobileSecurity:,1,2,7,"1,455","['#CutizenLab', '#iOS', '#Predator', '#iPhone', '#MobileSecurity']",[],[],https://pbs.twimg.com/profile_images/1114515035865399296/V6nLLbjK_normal.jpg,https://twitter.com/securestep9/status/1705493768206446931,tweet_id:1705493768206446931
Sam Stepanyan,@securestep9,2023-09-23T08:06:50.000Z,False,,0,0,1,145,[],[],[],https://pbs.twimg.com/profile_images/1114515035865399296/V6nLLbjK_normal.jpg,https://twitter.com/securestep9/status/1705493915359498432,tweet_id:1705493915359498432
Sam Stepanyan,@securestep9,2023-09-23T07:58:39.000Z,False,"#Apple released emergency security updates to patch 3 new #zeroday #vulnerabilities exploited in attacks targeting #iPhone and Mac users, for a total of 16(!) zero-days fixed this year:#MobileSecurity",0,2,3,481,"['#Apple', '#zeroday', '#vulnerabilities', '#iPhone', '#MobileSecurity']",[],[],https://pbs.twimg.com/profile_images/1114515035865399296/V6nLLbjK_normal.jpg,https://twitter.com/securestep9/status/1705491855784202405,tweet_id:1705491855784202405
Sam Stepanyan,@securestep9,2023-09-22T07:58:44.000Z,False,More CyberSecurity acquisitions news:#Cisco buys #Splunk for $28bln:,0,0,4,350,"['#Cisco', '#Splunk']",[],[],https://pbs.twimg.com/profile_images/1114515035865399296/V6nLLbjK_normal.jpg,https://twitter.com/securestep9/status/1705129486499401860,tweet_id:1705129486499401860
Sam Stepanyan,@securestep9,2023-09-19T22:02:08.000Z,False,Latest CyberSecurity acquisition news: #CrowdStrike acquires Application Security Posture Management (#ASPM) vendor http://Bionic.ai :,0,0,1,188,"['#CrowdStrike', '#ASPM']",[],[],https://pbs.twimg.com/profile_images/1114515035865399296/V6nLLbjK_normal.jpg,https://twitter.com/securestep9/status/1704254572632445294,tweet_id:1704254572632445294
Sam Stepanyan,@securestep9,2023-09-19T13:00:35.000Z,False,#TeamCity on-premises affected by  Critical #RCE #vulnerability CVE-2023-42793 allowing an unauthenticated attacker to gain administrative control of a TeamCity server. Upgrade your TeamCity immediately to version 2023.05.4:,0,5,11,"2,490","['#TeamCity', '#RCE', '#vulnerability']",[],['\\u26a0\\ufe0f'],https://pbs.twimg.com/profile_images/1114515035865399296/V6nLLbjK_normal.jpg,https://twitter.com/securestep9/status/1704118287838200067,tweet_id:1704118287838200067
Sam Stepanyan,@securestep9,2023-09-19T06:45:58.000Z,False,"#Microsoft accidentally leaked 38TB of private data, including personal backups of employee workstations, private keys & internal MS Teams messages, due to a misconfigured Azure token accidentally published in a public GitHub repo:#dataleak#CloudSecurity",1,5,7,"1,043","['#Microsoft', '#dataleak', '#CloudSecurity']",[],[],https://pbs.twimg.com/profile_images/1114515035865399296/V6nLLbjK_normal.jpg,https://twitter.com/securestep9/status/1704024010902638793,tweet_id:1704024010902638793
Sam Stepanyan,@securestep9,2023-09-14T07:19:16.000Z,False,Attended  6th anniversary meetup last night at  London offices. There was a talk from Ryan O'Boyle on product security & a birthday  cake! Congratulations to the founder   on creating a great new community in London running strong for 6+ years!,2,2,16,"1,282",[],"['@DevSecOpsLG', '@Veracode', '@_MMAN888_']",['\\U0001f382'],https://pbs.twimg.com/profile_images/1114515035865399296/V6nLLbjK_normal.jpg,https://twitter.com/securestep9/status/1702220455338279100,tweet_id:1702220455338279100
Rob van der Veer,@robvanderveer,2023-09-11T13:53:50.000Z,False,"Today we at  launch OpenCRE-Chat: the world's first generally available security-specialized chatbot! https://opencre.org/chatbotThank you , , ,  , and my OpenCRE co-lead #ai #appsec #security #LLM",3,41,107,3.9万,"['#ai', '#appsec', '#security', '#LLM']","['@owasp', '@googlecloud', '@kerberosmansour', '@justeattakeaway', '@sig_eu', '@0xfde']",[],https://pbs.twimg.com/profile_images/903247242626301952/t8fw8g-U_normal.jpg,https://twitter.com/robvanderveer/status/1701232585735614523,tweet_id:1701232585735614523
Sam Stepanyan,@securestep9,2023-09-10T08:52:12.000Z,False,"Great to see #OWASP #JuiceShop () latest Release v15.1.0 introducing new #web3 challenges (e.g. NFT Takeover, Mint the Honey Pot, Wallet Depletion) and a CycloneDX Software Bill Of Materials (#SBOM):https://github.com/juice-shop/juice-shop/releases/tag/v15.1.0…",0,20,62,1.2万,"['#OWASP', '#JuiceShop', '#web3', '#SBOM']",['@owasp_juiceshop'],['\\U0001f447'],https://pbs.twimg.com/profile_images/1114515035865399296/V6nLLbjK_normal.jpg,https://twitter.com/securestep9/status/1700794288383066498,tweet_id:1700794288383066498
Sam Stepanyan,@securestep9,2023-09-08T23:14:18.000Z,False,"#ProtonMail - great writeup from  on mind-blowing #XSS #vulnerability chain leading to attackers potentially reading your messages.  
Sanitiser bypass with a neat trick of using CSS cross-fade()Fascinating read:#BugBountyTips #AppSec  https://sonarsource.com/blog/code-vulnerabilities-leak-emails-in-proton-mail/…",1,3,17,"1,041","['#ProtonMail', '#XSS', '#vulnerability', '#BugBountyTips', '#AppSec']",['@sonarsource'],"['\\U0001f92f', '\\U0001f447']",https://pbs.twimg.com/profile_images/1114515035865399296/V6nLLbjK_normal.jpg,https://twitter.com/securestep9/status/1700286469812707730,tweet_id:1700286469812707730
Sam Stepanyan,@securestep9,2023-09-08T22:42:39.000Z,False,#iPhone/iOS users - update your iOS immediately: Apple has patched a zero-click #iMessage #exploit called BLASTPASS that could be used to install malware on iPhones without user interaction - by simply sending a malicious PassKit attachment to the victim:,1,4,6,986,"['#iPhone', '#iMessage', '#exploit']",[],[],https://pbs.twimg.com/profile_images/1114515035865399296/V6nLLbjK_normal.jpg,https://twitter.com/securestep9/status/1700278502149300410,tweet_id:1700278502149300410
Sam Stepanyan,@securestep9,2023-09-08T19:03:43.000Z,True,Who needs #ngrok when your #VSCode IDE now includes port forwarding by tunneling the traffic through Azure Cloud?,0,0,3,625,"['#ngrok', '#VSCode']",[],[],https://pbs.twimg.com/profile_images/1114515035865399296/V6nLLbjK_normal.jpg,https://twitter.com/securestep9/status/1700223409035120789,tweet_id:1700223409035120789
Sam Stepanyan,@securestep9,2023-09-07T07:49:26.000Z,False,#Microsoft stolen signing key #breach which allowed attackers to access any #Outlook inbox by signing forged AzureAD access token - the postmortem now published. The key was in the crash dump and Microsoft's  credential scanning tool failed to detect it:,0,5,11,752,"['#Microsoft', '#breach', '#Outlook']",[],[],https://pbs.twimg.com/profile_images/1114515035865399296/V6nLLbjK_normal.jpg,https://twitter.com/securestep9/status/1699691330761318652,tweet_id:1699691330761318652
Sam Stepanyan,@securestep9,2023-09-06T23:33:58.000Z,False,Leading #SBOM Standard #OWASP #CycloneDX Now Incorporates Machine Learning - great article by  :#MachineLearning#AI#SupplyChainSecurity#AppSec,0,12,17,"5,319","['#SBOM', '#OWASP', '#CycloneDX', '#MachineLearning', '#AI', '#SupplyChainSecurity', '#AppSec']",['@DoerrfeldBill'],[],https://pbs.twimg.com/profile_images/1114515035865399296/V6nLLbjK_normal.jpg,https://twitter.com/securestep9/status/1699566643549004272,tweet_id:1699566643549004272
Sam Stepanyan,@securestep9,2023-09-06T20:48:19.000Z,False,"Looking forward to #iPhone 15 with USB-C socket instead of proprietary lightning, out on September 12th:",1,0,5,481,['#iPhone'],[],[],https://pbs.twimg.com/profile_images/1114515035865399296/V6nLLbjK_normal.jpg,https://twitter.com/securestep9/status/1699524955212247394,tweet_id:1699524955212247394
Sam Stepanyan,@securestep9,2023-09-05T11:54:40.000Z,False,"#NPM: ""--hepl"", ""-"" and other strangely named typosquatting NPM packages are downloaded 70,000+ times a week with functionality ranging from showing ""You is pwned"" message to malware:#SupplyChainSecurity",0,2,2,331,"['#NPM', '#SupplyChainSecurity']",[],[],https://pbs.twimg.com/profile_images/1114515035865399296/V6nLLbjK_normal.jpg,https://twitter.com/securestep9/status/1699028269289386069,tweet_id:1699028269289386069
Sam Stepanyan,@securestep9,2023-08-31T18:32:59.000Z,False,#GitHub: Unpinnable Actions: How #Malicious Code Can Sneak into Your GitHub Actions Workflows - great research and blog post by  :#GithubActions#SoftwareSupplyChainSecurityhttps://paloaltonetworks.com/blog/prisma-cloud/unpinnable-actions-github-security/…,1,1,4,492,"['#GitHub', '#Malicious', '#GithubActions', '#SoftwareSupplyChainSecurity']",['@yaronavital'],[],https://pbs.twimg.com/profile_images/1114515035865399296/V6nLLbjK_normal.jpg,https://twitter.com/securestep9/status/1697316570194698415,tweet_id:1697316570194698415
Sam Stepanyan,@securestep9,2023-08-28T20:46:24.000Z,False,Version 9.6.0 of #OWASP CycloneDX cdxgen Software Bill Of Materials #SBOM generation tool now adds evinse mode which shows the precise evidence of component usage:#SupplyChainSecurity,0,3,8,"1,193","['#OWASP', '#SBOM', '#SupplyChainSecurity']",[],[],https://pbs.twimg.com/profile_images/1114515035865399296/V6nLLbjK_normal.jpg,https://twitter.com/securestep9/status/1696262983310327971,tweet_id:1696262983310327971
Sam Stepanyan,@securestep9,2023-08-28T13:54:31.000Z,False,"#Skype: Cybercriminals Can Silently Grab Your IP Address By Sending You a Message on Skype (Zero-Click). Microsoft Is In No Rush to Fix It - Microsoft Security responded with: ""#disclosure of an IP address is not considered a security vulnerability"":",1,2,7,618,"['#Skype', '#disclosure']",[],['\\U0001f926\\u200d\\u2642\\ufe0f'],https://pbs.twimg.com/profile_images/1114515035865399296/V6nLLbjK_normal.jpg,https://twitter.com/securestep9/status/1696159327600472445,tweet_id:1696159327600472445
Sam Stepanyan,@securestep9,2023-08-27T08:24:13.000Z,False,"#Kroll #databreach: The company stated that the cause was #SIMswapping : ""T-Mobile, without any authority from or contact with Kroll or its employee, transferred that employee’s phone number to the threat actor's phone at their request"":#2FA",0,3,9,844,"['#Kroll', '#databreach', '#SIMswapping', '#2FA']",[],[],https://pbs.twimg.com/profile_images/1114515035865399296/V6nLLbjK_normal.jpg,https://twitter.com/securestep9/status/1695713815726379025,tweet_id:1695713815726379025
Sam Stepanyan,@securestep9,2023-08-27T08:11:11.000Z,True,"If your profit-making company produces free & #opensource products for the community, the biggest strategic mistake happens when that company changes direction and revokes the full open source license. This is what #Hashicorp did to #Terraform causing a community revolt:",0,2,6,"1,064","['#opensource', '#Hashicorp', '#Terraform']",[],[],https://pbs.twimg.com/profile_images/1114515035865399296/V6nLLbjK_normal.jpg,https://twitter.com/securestep9/status/1695710539148570895,tweet_id:1695710539148570895
Sam Stepanyan,@securestep9,2023-08-23T15:43:38.000Z,False,One of the presentations at this year's DEFCON conference a lot of people and the press are talking about was #Veilid Framework by  - the presentation slides are available to download here: https://veilid.com/Launch-Slides-Veilid.pdf…,2,8,21,"1,628",['#Veilid'],['@VeilidNetwork'],['\\U0001f447'],https://pbs.twimg.com/profile_images/1114515035865399296/V6nLLbjK_normal.jpg,https://twitter.com/securestep9/status/1694374848271659141,tweet_id:1694374848271659141
Sam Stepanyan,@securestep9,2023-08-23T12:07:54.000Z,False,"#NPM: More than a dozen malicious #packages have been discovered on the npm package repository since the start of August 2023 targeting #Roblox developers with information stealer malware called Luna Token Grabber which can steal Discord tokens, cookies:",0,1,3,440,"['#NPM', '#packages', '#Roblox']",[],[],https://pbs.twimg.com/profile_images/1114515035865399296/V6nLLbjK_normal.jpg,https://twitter.com/securestep9/status/1694320555917209978,tweet_id:1694320555917209978
Sam Stepanyan,@securestep9,2023-08-22T17:57:05.000Z,False,"Missed #DEFCON this year? The presentation slides of talks have now been published, lots of learning!!!#BugBountyTips https://media.defcon.org/DEF%20CON%2031/DEF%20CON%2031%20presentations/…",1,7,33,"1,697","['#DEFCON', '#BugBountyTips']",[],"['\\U0001f4da', '\\U0001f447']",https://pbs.twimg.com/profile_images/1114515035865399296/V6nLLbjK_normal.jpg,https://twitter.com/securestep9/status/1694046043158007943,tweet_id:1694046043158007943
Sam Stepanyan,@securestep9,2023-08-22T17:33:19.000Z,False,"#Ivanti  scrambles to patch another #zeroday #vulnerability under active attack.

The vulnerability, tracked as #CVE-2023-38035 with  severity rating of 9.8 out of 10, affects the software company’s Sentry product (previous known as #MobileIron Sentry):",0,0,3,406,"['#Ivanti', '#zeroday', '#vulnerability', '#CVE', '#MobileIron']",[],[],https://pbs.twimg.com/profile_images/1114515035865399296/V6nLLbjK_normal.jpg,https://twitter.com/securestep9/status/1694040062889955776,tweet_id:1694040062889955776
Sam Stepanyan,@securestep9,2023-08-22T16:12:40.000Z,False,"I usually mentor humans. Today I ""mentored"" AI () by constantly correcting it until it got all the facts right.
And then #AI thanked me for my patience and my desire to push AI to refine all the facts and for the learning experience!",0,1,4,322,['#AI'],['@AnthropicAI'],['\\U0001f92f'],https://pbs.twimg.com/profile_images/1114515035865399296/V6nLLbjK_normal.jpg,https://twitter.com/securestep9/status/1694019768896958662,tweet_id:1694019768896958662
Sam Stepanyan,@securestep9,2023-08-17T11:31:31.000Z,True,"Very concerning to see the #CVE database itself being vulnerable to fake reports and CVE numbers created without validation. #DVWA is a Damn Vulnerable Web Application with intentional vulnerabilities.
CVE-2023-39848",2,4,33,"5,330","['#CVE', '#DVWA']",[],['\\U0001f926\\u200d\\u2642\\ufe0f'],https://pbs.twimg.com/profile_images/1114515035865399296/V6nLLbjK_normal.jpg,https://twitter.com/securestep9/status/1692137075653411172,tweet_id:1692137075653411172
Sam Stepanyan,@securestep9,2023-08-17T11:23:32.000Z,False,"#PowerShell?  PowerHell: Active Flaws in PowerShell Gallery Expose Users to Attacks - missing input validation, forged metadata and leaked secrets among the flaws - a great blog post from the #AppSec",0,0,3,330,"['#PowerShell', '#AppSec']",['@AquaSecTeam'],[],https://pbs.twimg.com/profile_images/1114515035865399296/V6nLLbjK_normal.jpg,https://twitter.com/securestep9/status/1692135067005362550,tweet_id:1692135067005362550
Sam Stepanyan,@securestep9,2023-08-17T07:40:29.000Z,False,If you tested positive for #COVID after attending #Blackhat/#Defcon please self-report using Google Form kindly set up by  to help track the data     - wishing you all a speedy recovery!#CONVID,0,0,6,748,"['#COVID', '#Blackhat', '#Defcon', '#CONVID']","['@dcskytalks', '@_MG_', '@adam_baldwin', '@pwnEIP', '@DominousNolen']",['\\U0001f64f'],https://pbs.twimg.com/profile_images/1114515035865399296/V6nLLbjK_normal.jpg,https://twitter.com/securestep9/status/1692078933817122963,tweet_id:1692078933817122963
PortSwigger Research,@PortSwiggerRes,2023-08-16T14:00:45.000Z,False,Chrome now supports onscrollend! This works with any tag. Now you can bypass that WAF on Chrome and Firefox. Check out our XSS cheat sheet for a PoC:https://portswigger.net/web-security/cross-site-scripting/cheat-sheet#onscrollend…,4,106,392,4.4万,[],[],[],https://pbs.twimg.com/profile_images/1271377767091843073/ZIBb6Ur6_normal.png,https://twitter.com/PortSwiggerRes/status/1691812241375424983,tweet_id:1691812241375424983
Sam Stepanyan,@securestep9,2023-08-16T08:30:00.000Z,False,"#Discord breached! Discord[.io] suffers a major #databreach exposing the personal details of its 760,000 members on cybercrime marketplace BreachForums. Discord believes the breach was caused by a vulnerability on the website:",2,3,6,"1,024","['#Discord', '#databreach']",[],[],https://pbs.twimg.com/profile_images/1114515035865399296/V6nLLbjK_normal.jpg,https://twitter.com/securestep9/status/1691729006977007926,tweet_id:1691729006977007926
Sam Stepanyan,@securestep9,2023-08-16T08:12:20.000Z,False,"#Yelp #XSS (Cross-Site-Scripting) vulnerability leading to keylogger planted in the login page followed by account takeover. Great find by  and a great #BugBounty report on hackerOne resulting in Yelp paying $6,000 bounty: #BugBountyTipshttps://hackerone.com/reports/2010530",3,26,128,1.2万,"['#Yelp', '#XSS', '#BugBounty', '#BugBountyTips']",['@lil_endian'],['\\U0001f447'],https://pbs.twimg.com/profile_images/1114515035865399296/V6nLLbjK_normal.jpg,https://twitter.com/securestep9/status/1691724559676846146,tweet_id:1691724559676846146
Sam Stepanyan,@securestep9,2023-08-13T14:55:22.000Z,False,The #macOS Background Task Manager tool is supposed to #malware on your Mac. But a researcher says it has troubling flaws:,1,1,4,635,"['#macOS', '#malware']",[],[],https://pbs.twimg.com/profile_images/1114515035865399296/V6nLLbjK_normal.jpg,https://twitter.com/securestep9/status/1690738822298939392,tweet_id:1690738822298939392
Sam Stepanyan,@securestep9,2023-08-12T09:05:22.000Z,False,#Python High-Severity URL Parsing #Vulnerability CVE-2023-24329 in urllib.parse function can enable attackers to exploit #SSRF and #RCE in a wide range of scenarios:#SupplyChainSecurity#AppSec#Urllib,1,30,103,1.1万,"['#Python', '#Vulnerability', '#SSRF', '#RCE', '#SupplyChainSecurity', '#AppSec', '#Urllib']",[],[],https://pbs.twimg.com/profile_images/1114515035865399296/V6nLLbjK_normal.jpg,https://twitter.com/securestep9/status/1690288356595302401,tweet_id:1690288356595302401
Sam Stepanyan,@securestep9,2023-08-10T22:20:48.000Z,False,"#NuGet: The highly popular NuGet package #Moq, which is a mocking framework library for .NET with total downloads of 475mln+ was found Silently Exfiltrating User Data to Cloud Service:#GDPR",0,0,3,291,"['#NuGet', '#Moq', '#GDPR']",[],[],https://pbs.twimg.com/profile_images/1114515035865399296/V6nLLbjK_normal.jpg,https://twitter.com/securestep9/status/1689763756400664576,tweet_id:1689763756400664576
Sam Stepanyan,@securestep9,2023-08-09T08:55:40.000Z,False,"Think twice before giving your password, API Key or GitHub PAT token to a Microsoft #VSCode extension, as other extensions can easily steal these #secrets. No fix from Microsoft yet:",0,0,4,270,"['#VSCode', '#secrets']",[],['\\U0001f511'],https://pbs.twimg.com/profile_images/1114515035865399296/V6nLLbjK_normal.jpg,https://twitter.com/securestep9/status/1689198748260286464,tweet_id:1689198748260286464
Sam Stepanyan,@securestep9,2023-08-08T22:29:27.000Z,False,"The UK's #elections watchdog has revealed it has been the victim of a ""complex #cyberattack"" potentially affecting millions of voters.

The Electoral Commission said unspecified ""hostile actors"" had managed to gain access to the electoral registers:",1,3,9,556,"['#elections', '#cyberattack']",[],[],https://pbs.twimg.com/profile_images/1114515035865399296/V6nLLbjK_normal.jpg,https://twitter.com/securestep9/status/1689041156775002113,tweet_id:1689041156775002113
Sam Stepanyan,@securestep9,2023-08-08T22:20:55.000Z,True,"Many thanks to all OWASP members who voted for me as the OWASP Worldwide Application Security Person of the Year (WASPY ) in the ""Chapter Person of the Year 2023"" category!More meetups and CTFs at  Chapter coming up soon - stay tuned!",2,7,32,"2,059",[],['@OWASPLondon'],"['\\U0001f41d', '\\U0001f3c6', '\\U0001f389']",https://pbs.twimg.com/profile_images/1114515035865399296/V6nLLbjK_normal.jpg,https://twitter.com/securestep9/status/1689039009664696320,tweet_id:1689039009664696320
Sam Stepanyan,@securestep9,2023-08-08T22:05:04.000Z,True,"OMG -  just dropped an IIS Privilege Escalation CVE-2023-36899 dubbed Cookieless DuoDrop!!! What an awesome find and a great write-up! 

Patches to remediate this vulnerability are in today's Microsoft Patch Tuesday security updates:",0,5,14,"2,176",[],['@irsdl'],[],https://pbs.twimg.com/profile_images/1114515035865399296/V6nLLbjK_normal.jpg,https://twitter.com/securestep9/status/1689035021087051776,tweet_id:1689035021087051776
Sam Stepanyan,@securestep9,2023-08-08T21:52:38.000Z,False,Threat actors are abusing #Cloudflare #Tunnels to establish covert communication channels from compromised servers and retain persistent access using #cloudflared :,0,1,2,275,"['#Cloudflare', '#Tunnels', '#cloudflared']",[],[],https://pbs.twimg.com/profile_images/1114515035865399296/V6nLLbjK_normal.jpg,https://twitter.com/securestep9/status/1689031893474254848,tweet_id:1689031893474254848
Sam Stepanyan,@securestep9,2023-08-06T11:00:18.000Z,False,"""Leaked Secrets and Unlimited #Miles: #Hacking the Largest Airline and Hotel Rewards #Points Platform"" - great research by  :https://samcurry.net/points-com/",0,3,8,550,"['#Miles', '#Hacking', '#Points']",['@samwcyo'],[],https://pbs.twimg.com/profile_images/1114515035865399296/V6nLLbjK_normal.jpg,https://twitter.com/securestep9/status/1688142953598926850,tweet_id:1688142953598926850
Sam Stepanyan,@securestep9,2023-08-04T23:50:57.000Z,False,"I may have accidentally discovered how Google is going to monetise the #Bard #AI. Today I asked Bard to write me ""an engaging tweet based upon a cybersecurity article"". As you can see Bard AI sneakily promoted #Snyk (pun!) scanner  and shamelessly added a link to it!",1,2,13,"1,421","['#Bard', '#AI', '#Snyk']",['@snyksec'],"['\\U0001f631', '\\U0001f914']",https://pbs.twimg.com/profile_images/1114515035865399296/V6nLLbjK_normal.jpg,https://twitter.com/securestep9/status/1687612114326745088,tweet_id:1687612114326745088
Sam Stepanyan,@securestep9,2023-08-04T23:31:40.000Z,False,"#Microsoft fixed a security #vulnerability in the PowerPlatform Custom Connectors feature that let unauthenticated attackers access cross-tenant applications and Azure customers' sensitive data after being called ""grossly irresponsible"" by Tenable’s CEO:",1,6,12,681,"['#Microsoft', '#vulnerability']",[],[],https://pbs.twimg.com/profile_images/1114515035865399296/V6nLLbjK_normal.jpg,https://twitter.com/securestep9/status/1687607262494261248,tweet_id:1687607262494261248
Sam Stepanyan,@securestep9,2023-08-04T23:02:51.000Z,False,Malicious Python #PyPI package ‘#VMConnect’ imitates VMware vSphere connector module while secretly retrieving & running code from the attacker-controlled URL:#paperpin3902#SupplyChainSecurity#SoftwareSupplyChainSecurity,0,0,1,213,"['#PyPI', '#VMConnect', '#paperpin3902', '#SupplyChainSecurity', '#SoftwareSupplyChainSecurity']",[],[],https://pbs.twimg.com/profile_images/1114515035865399296/V6nLLbjK_normal.jpg,https://twitter.com/securestep9/status/1687600012379725825,tweet_id:1687600012379725825
Sherif Mansour @kerberosmansour@infosec.exchange,Sherif Mansour @kerberosmansour@infosec.exchange,2023-08-03T18:58:40.000Z,False,We have reached the “Sponsor parks an  branded  as a sign post” phase of the  meetups!,1,1,7,450,[],"['@owasp', '@Porsche', '@OWASPLondon']",[],https://pbs.twimg.com/profile_images/1371116510777905154/RB54u9o1_normal.jpg,https://twitter.com/Kerberosmansour/status/1687176173703274496,tweet_id:1687176173703274496
OWASP London,@OWASPLondon,2023-08-03T18:42:24.000Z,False,"We have  on stage right now talking about ""Practical Applications for Generative AI in Cybersecurity"" including three live demos!!!

Watch the Live-Stream here:https://youtube.com/live/4cP-Z1iyNyY?feature=share…",0,4,11,645,[],['@mattrwa'],"['\\U0001f4fa', '\\U0001f447']",https://pbs.twimg.com/profile_images/1363989200803143685/nVOV5gSx_normal.png,https://twitter.com/OWASPLondon/status/1687172078116417536,tweet_id:1687172078116417536
OWASP London,@OWASPLondon,2023-08-03T17:59:46.000Z,False,"We have  on stage at #OWASPLondon Chapter meetup speaking about OWASP #DevSecOps Maturity Model ( #DSOMM )!

Watch the Live-Stream on YouTube here:https://youtube.com/live/4cP-Z1iyNyY?feature=share…",0,4,11,477,"['#OWASPLondon', '#DevSecOps', '#DSOMM']",['@RazProbstein'],"['\\U0001f4fa', '\\U0001f447']",https://pbs.twimg.com/profile_images/1363989200803143685/nVOV5gSx_normal.png,https://twitter.com/OWASPLondon/status/1687161350680690690,tweet_id:1687161350680690690
Gleb Belenko,@BelenkoGleb,2023-08-03T17:37:22.000Z,False, London chapter meetup! Become a member for great benefits! ,0,4,7,358,[],"['@OWASPLondon', '@securestep9']",[],https://pbs.twimg.com/profile_images/1237497176080748544/OxZyxb4v_normal.jpg,https://twitter.com/BelenkoGleb/status/1687155714471464960,tweet_id:1687155714471464960
Sam Stepanyan,@securestep9,2023-08-03T17:02:53.000Z,False,Ready to start #OWASPLondon  in-person meetup!,1,7,23,"1,774",['#OWASPLondon'],['@OWASPLondon'],[],https://pbs.twimg.com/profile_images/1114515035865399296/V6nLLbjK_normal.jpg,https://twitter.com/securestep9/status/1687147035756044302,tweet_id:1687147035756044302
Steve Springett (@stevespringett@infosec.exchange),Steve Springett (@stevespringett@infosec.exchange),2023-07-30T00:28:02.000Z,False,I did a guest blog post for Contrast Security. Here’s my thoughts on #SBOM quality; How #OWASP is setting the benchmark; and attestations.https://contrastsecurity.com/security-influencers/sbom-quality-cyclonedx-and-the-5-dimensions-of-sbom-quality-contrast-security…#CycloneDX,0,9,11,"5,196","['#SBOM', '#OWASP', '#CycloneDX']",[],[],https://pbs.twimg.com/profile_images/1247244883728969728/IcnOTOY4_normal.jpg,https://twitter.com/stevespringett/status/1685447120382230529,tweet_id:1685447120382230529
Sam Stepanyan,@securestep9,2023-07-30T19:51:35.000Z,False,"Reminder: The next  meetup (in-person) is this Thursday August 3rd (Doors: 6pm, talks kick off at 6:30pm UK time).

Register to attend this event here:",0,3,7,666,[],['@OWASPLondon'],['\\U0001f447'],https://pbs.twimg.com/profile_images/1114515035865399296/V6nLLbjK_normal.jpg,https://twitter.com/securestep9/status/1685739937809715201,tweet_id:1685739937809715201
sagitz,@sagitz_,2023-07-27T19:46:44.000Z,True,"We found two 0-day vulnerabilities in     kernel and it all started by reading descriptions of old CVEs  
Thread about the discovery of #GameOverlay ",17,489,"2,029",35万,['#GameOverlay'],['@Ubuntu'],"['\\U0001f4d6', '\\U0001f9f5', '\\U0001f447\\U0001f3fc']",https://pbs.twimg.com/profile_images/1557188404026097664/SU9Su3Ap_normal.jpg,https://twitter.com/sagitz_/status/1684651555079766016,tweet_id:1684651555079766016
Sam Stepanyan,@securestep9,2023-07-27T21:25:18.000Z,False,"#Wordpress: #NinjaForms plugin #vulnerabilities #CVE-2023-37979, CVE-2023-38393 and CVE-2023-38386 allows unauthenticated attackers to escalate their privileges and steal user data:",0,2,7,"1,627","['#Wordpress', '#NinjaForms', '#vulnerabilities', '#CVE']",[],[],https://pbs.twimg.com/profile_images/1114515035865399296/V6nLLbjK_normal.jpg,https://twitter.com/securestep9/status/1684676357379215360,tweet_id:1684676357379215360
Sam Stepanyan,@securestep9,2023-07-27T21:20:30.000Z,False,Great write-up by Datadog labs on serious vulnerabilities in a number of #AWS identity and access management (IAM) roles allowing untrusted #GitHub Actions to assume them and retrieve #AWS credentials:#CloudSecurity#Clo7dSec#OIDC,0,6,17,"1,890","['#AWS', '#GitHub', '#AWS', '#CloudSecurity', '#Clo7dSec', '#OIDC']",[],[],https://pbs.twimg.com/profile_images/1114515035865399296/V6nLLbjK_normal.jpg,https://twitter.com/securestep9/status/1684675153353965568,tweet_id:1684675153353965568
Sam Stepanyan,@securestep9,2023-07-27T19:41:36.000Z,False,"First security & privacy red flags for me in Sam Altman's new WorldID app: the default security settings are OFF! Authentication disabled and not required to open your WorldID passport and wallet, anyone in the world can find you by your phone number:",0,2,3,513,[],[],[],https://pbs.twimg.com/profile_images/1114515035865399296/V6nLLbjK_normal.jpg,https://twitter.com/securestep9/status/1684650261736722432,tweet_id:1684650261736722432
Sam Stepanyan,@securestep9,2023-07-25T08:10:38.000Z,False,#OpenSSH: CVE-2023-38408  impacts all versions of OpenSSH before 9.3p2. This vulnerability allows remote attackers to execute arbitrary commands on vulnerable OpenSSH's forwarded #ssh-agents affecting Ubuntu #Linux and many other Linux installations:,0,9,27,"3,196","['#OpenSSH', '#ssh', '#Linux']",[],[],https://pbs.twimg.com/profile_images/1114515035865399296/V6nLLbjK_normal.jpg,https://twitter.com/securestep9/status/1683751599733084160,tweet_id:1683751599733084160
Sam Stepanyan,@securestep9,2023-07-25T07:29:45.000Z,True,"#Worldcoin: Sam Altman, the founder and CEO of #OpenAI launches new Worldcoin cryptocurrency ""for the world"" with a ""unique biometric digital #identity"" linked to the eyeball biometric scan. His idea: Human() or AI()? Verify you are human using Worldcoin WorldID wallet:",0,0,2,530,"['#Worldcoin', '#OpenAI', '#identity']",[],"['\\U0001f30e', '\\U0001f4b5', '\\U0001f468\\u200d\\U0001f4bc', '\\U0001f916']",https://pbs.twimg.com/profile_images/1114515035865399296/V6nLLbjK_normal.jpg,https://twitter.com/securestep9/status/1683741310224670723,tweet_id:1683741310224670723
Sam Stepanyan,@securestep9,2023-07-24T23:02:47.000Z,False,"#Zenbleed attack #leaks #encryption keys and #passwords from CPU! Affected AMD Zen2 CPUs include: 
Ryzen 3000 (""Matisse""), Ryzen 4000U/H (""Renoir""), Ryzen 5000U (""Lucienne""), Ryzen 7020, high-end ThreadRipper 3000 and Epyc server (""Rome"") processors:",0,2,4,528,"['#Zenbleed', '#leaks', '#encryption', '#passwords']",[],[],https://pbs.twimg.com/profile_images/1114515035865399296/V6nLLbjK_normal.jpg,https://twitter.com/securestep9/status/1683613727117963265,tweet_id:1683613727117963265
Scott Piper,@0xdabbad00,2023-07-24T20:54:39.000Z,False,"I've confirmed an AWS EC2 instance type c5a.large
is impacted by zenbleed.  I had one terminal session as root doing a loop involving sorting /etc/passwd, and in an ec2-user terminal session I saw contents of my /etc/passwd.",6,17,46,"8,344",[],[],[],https://pbs.twimg.com/profile_images/1467570136034918404/NtJIHkgn_normal.jpg,https://twitter.com/0xdabbad00/status/1683581484337348608,tweet_id:1683581484337348608
Sam Stepanyan,@securestep9,2023-07-24T22:52:14.000Z,False,Using an #iPhone or #iPad? It's time to patch again to avoid #zeroday #vulnerabilities so loved by the nation-state spies and cybercriminals. #Apple has released #ios v16.6 with over a dozen important security fixes including 2 actively exploited flaws:,0,1,4,318,"['#iPhone', '#iPad', '#zeroday', '#vulnerabilities', '#Apple', '#ios']",[],[],https://pbs.twimg.com/profile_images/1114515035865399296/V6nLLbjK_normal.jpg,https://twitter.com/securestep9/status/1683611071628623874,tweet_id:1683611071628623874
Sam Stepanyan,@securestep9,2023-07-24T07:55:42.000Z,False,Cybersecurity researchers said they have discovered what they say is the first #opensource software supply chain attacks specifically targeting the banking sector. The attacker cleverly utilized npm packages & Azure's CDN subdomains:#SupplyChainSecurity,0,5,15,958,"['#opensource', '#SupplyChainSecurity']",[],[],https://pbs.twimg.com/profile_images/1114515035865399296/V6nLLbjK_normal.jpg,https://twitter.com/securestep9/status/1683385454400356352,tweet_id:1683385454400356352
Sherif Mansour @kerberosmansour@infosec.exchange,Sherif Mansour @kerberosmansour@infosec.exchange,2023-07-24T01:42:47.000Z,False,TLA+ AutoRepair is used to repair/self-heal formal specifications with GPT-4 TLA+ is a language for formal specification. Companies like AWS use TLA+ for verifying mission-critical parts of systems like S3,0,4,8,784,[],[],[],https://pbs.twimg.com/profile_images/1371116510777905154/RB54u9o1_normal.jpg,https://twitter.com/Kerberosmansour/status/1683291604944052224,tweet_id:1683291604944052224
Sam Stepanyan,@securestep9,2023-07-22T08:36:04.000Z,False,#Citrix CVE-2023-3519 Exploitation of Citrix Zero-Day by Possible Espionage Actors - a fascinating write-up by  who performed analysis of the compromised #Netscaler appliance and all the planted #webshells:,0,5,5,"1,192","['#Citrix', '#Netscaler', '#webshells']",['@Mandiant'],[],https://pbs.twimg.com/profile_images/1114515035865399296/V6nLLbjK_normal.jpg,https://twitter.com/securestep9/status/1682670836472328192,tweet_id:1682670836472328192
Sam Stepanyan,@securestep9,2023-07-21T13:53:23.000Z,False,#Citrix CVE-2023-3519 Critical zero day vulnerability advisory from #CISA:,0,2,4,666,"['#Citrix', '#CISA']",[],[],https://pbs.twimg.com/profile_images/1114515035865399296/V6nLLbjK_normal.jpg,https://twitter.com/securestep9/status/1682388301578133504,tweet_id:1682388301578133504
OWASP® Foundation,@owasp,2023-07-20T19:39:30.000Z,True,"OWASP members gain exclusive access to the   secure coding training platform.

Level up your #SecureCoding game and reduce vulnerabilities from the first keystroke.

Join today to spin up a real computer on the cloud and start coding securely! https://owasp.org/membership/",0,8,9,"4,176",['#SecureCoding'],['@SecureFlag'],[],https://pbs.twimg.com/profile_images/1763112727642333184/PIyHip38_normal.jpg,https://twitter.com/owasp/status/1682113018828578816,tweet_id:1682113018828578816
Sam Stepanyan,@securestep9,2023-07-18T22:49:56.000Z,False,#Citrix: Critical #ZeroDay #Vulnerability in Citrix NetScaler ADC and NetScaler Gateway (CVE-2023-3519) - Unauthenticated Remote Code Execution(#RCE) CVSS 9.8 exploited in the wild:,0,4,7,"1,488","['#Citrix', '#ZeroDay', '#Vulnerability', '#RCE']",[],[],https://pbs.twimg.com/profile_images/1114515035865399296/V6nLLbjK_normal.jpg,https://twitter.com/securestep9/status/1681436168896892932,tweet_id:1681436168896892932
Sam Stepanyan,@securestep9,2023-07-18T13:13:26.000Z,False,"Pleased to announce the next  meetup on August 3rd!
Don't miss fantastic talks from  on #DevSecOps Maturity Model (DSOMM) and from  on some great examples and live demos of Generative #AI usage to automate AppSec tasks.

Register to attend here:",0,4,12,631,"['#DevSecOps', '#AI']","['@OWASPLondon', '@RazProbstein', '@mattrwa']",['\\U0001f447'],https://pbs.twimg.com/profile_images/1114515035865399296/V6nLLbjK_normal.jpg,https://twitter.com/securestep9/status/1681291087942496261,tweet_id:1681291087942496261
Jake Moore,@JakeMooreUK,2023-07-17T15:28:27.000Z,True,"So let me get this right, , I can type in ANY number and you will deactivate that account? ",93,781,"5,489",118万,[],['@WhatsApp'],['\\U0001f92f'],https://pbs.twimg.com/profile_images/1609816486054445063/Jc4BwJOe_normal.jpg,https://twitter.com/JakeMooreUK/status/1680962676384489473,tweet_id:1680962676384489473
Sam Stepanyan,@securestep9,2023-07-15T10:45:32.000Z,False,"#OWASP #Top10 for Large Language Model (#LLM) Applications v0.5.0 now out highlighting the top security & safety risks and issues that developers and security teams must consider when building applications leveraging #AI / LLMs:

Download the PDF herehttps://owasp.org/www-project-top-10-for-large-language-model-applications/assets/PDF/OWASP-Top-10-for-LLMs-2023-v05.pdf…",0,93,237,2.2万,"['#OWASP', '#Top10', '#LLM', '#AI']",[],['\\U0001f447'],https://pbs.twimg.com/profile_images/1114515035865399296/V6nLLbjK_normal.jpg,https://twitter.com/securestep9/status/1680166700782702592,tweet_id:1680166700782702592
Sam Stepanyan,@securestep9,2023-07-15T10:24:05.000Z,False,"Just found out that I got nominated for 2023 #OWASP #WASPY Award (Web Application Security Person Of the Year) in Chapter Leader category.
Thank you  whoever nominated me (honestly no idea!).
BTW: If you are attending  meetups - the next one will be on August 3rd!",12,3,63,"2,908","['#OWASP', '#WASPY']",['@OWASPLondon'],"['\\U0001f64f', '\\U0001f5d3\\ufe0f']",https://pbs.twimg.com/profile_images/1114515035865399296/V6nLLbjK_normal.jpg,https://twitter.com/securestep9/status/1680161303296352256,tweet_id:1680161303296352256
Sam Stepanyan,@securestep9,2023-07-12T22:53:18.000Z,False,#GoogleDocs #AI #Vulnerabilities and Risks - great research and a blog post by :#PromptInjection,0,4,9,741,"['#GoogleDocs', '#AI', '#Vulnerabilities', '#PromptInjection']",['@wunderwuzzi23'],[],https://pbs.twimg.com/profile_images/1114515035865399296/V6nLLbjK_normal.jpg,https://twitter.com/securestep9/status/1679262689191665669,tweet_id:1679262689191665669
Sam Stepanyan,@securestep9,2023-07-11T11:54:02.000Z,False,"#iPhone/#iPad/#macOS device owners need to urgently patch their devices' OS as the new #ZeroDay #RCE #vulnerability CVE-2023-37450 is now in the wild allowing attackers to hack #Apple devices.
This is the 10th(!) Zero Day patched by Apple in 2023:#AppSec",0,3,7,601,"['#iPhone', '#iPad', '#macOS', '#ZeroDay', '#RCE', '#vulnerability', '#Apple', '#AppSec']",[],[],https://pbs.twimg.com/profile_images/1114515035865399296/V6nLLbjK_normal.jpg,https://twitter.com/securestep9/status/1678734391340679168,tweet_id:1678734391340679168
Sam Stepanyan,@securestep9,2023-07-10T17:44:24.000Z,False,#Visa  has just launched a public #BugBounty program on hackerOne:#BugBountyTips,0,1,1,463,"['#Visa', '#BugBounty', '#BugBountyTips']",[],['\\U0001f4b3'],https://pbs.twimg.com/profile_images/1114515035865399296/V6nLLbjK_normal.jpg,https://twitter.com/securestep9/status/1678460175139708929,tweet_id:1678460175139708929
Sam Stepanyan,@securestep9,2023-07-10T11:53:16.000Z,False,"#Mastodon: Critical #RCE #vulnerability dubbed ""#TootRoot"" (CVE-2023-36460) lets attackers hijack Mastodon servers:",0,0,3,401,"['#Mastodon', '#RCE', '#vulnerability', '#TootRoot']",[],[],https://pbs.twimg.com/profile_images/1114515035865399296/V6nLLbjK_normal.jpg,https://twitter.com/securestep9/status/1678371809979146240,tweet_id:1678371809979146240
Sam Stepanyan,@securestep9,2023-07-10T08:18:19.000Z,False,#Revolut: $20 Million Stolen by Cybercriminals by Exploiting a Flaw in Revolut's Payment Systems:,0,8,23,"2,940",['#Revolut'],[],[],https://pbs.twimg.com/profile_images/1114515035865399296/V6nLLbjK_normal.jpg,https://twitter.com/securestep9/status/1678317712844500992,tweet_id:1678317712844500992
Sam Stepanyan,@securestep9,2023-07-07T13:06:01.000Z,False,Progress #MOVEit Transfer customers warned to patch new critical vulnerability CVE-2023-36932 which is a yet another SQL Injection (#SQLi):,0,0,2,352,"['#MOVEit', '#SQLi']",[],[],https://pbs.twimg.com/profile_images/1114515035865399296/V6nLLbjK_normal.jpg,https://twitter.com/securestep9/status/1677302953265229827,tweet_id:1677302953265229827
Sam Stepanyan,@securestep9,2023-07-06T22:55:05.000Z,False,"#OWASP Top 10 for LLMs Hits Major Milestone with Release of v0.5!
This project aimed at understanding and addressing the security #risks associated with a new generation of #AI applications. Kudos to  and the #Top10 for LLMs project team:",0,4,9,536,"['#OWASP', '#risks', '#AI', '#Top10']",['@virtualsteve'],['\\U0001f916'],https://pbs.twimg.com/profile_images/1114515035865399296/V6nLLbjK_normal.jpg,https://twitter.com/securestep9/status/1677088809496788992,tweet_id:1677088809496788992
Ron Bowes,@iagox86,2023-07-05T19:49:49.000Z,False,"We just published our detailed analysis of CVE-2023-2868, a shell command injection vulnerability in the #Barracuda Secure Email Gateway appliance. Big props to  for putting all this together!#infosec #vulnerability #exploit #PoC #rapid7",2,41,82,2.2万,"['#Barracuda', '#infosec', '#vulnerability', '#exploit', '#PoC', '#rapid7']",['@_CField'],[],https://pbs.twimg.com/profile_images/874292570431434753/31XSbQMF_normal.jpg,https://twitter.com/iagox86/status/1676679797102231553,tweet_id:1676679797102231553
Sam Stepanyan,@securestep9,2023-07-05T01:48:41.000Z,False,OWASP Nettacker v0.3.1 released with new modules to scan for MOVEit Transfer instances and the latest Citrix CVE-2023-24488:,1,28,56,1.1万,[],[],[],https://pbs.twimg.com/profile_images/1114515035865399296/V6nLLbjK_normal.jpg,https://twitter.com/securestep9/status/1676407720734343170,tweet_id:1676407720734343170
Sam Stepanyan,@securestep9,2023-07-02T15:39:33.000Z,False,"#Citrix Gateway Open Redirect and #XSS #Vulnerability (#CVE-2023-24488) - the exploit is now in the wild!

Thousands of companies using Citrix affected - patch now!#AppSec",0,11,37,"5,422","['#Citrix', '#XSS', '#Vulnerability', '#CVE', '#AppSec']",[],[],https://pbs.twimg.com/profile_images/1114515035865399296/V6nLLbjK_normal.jpg,https://twitter.com/securestep9/status/1675529651232337920,tweet_id:1675529651232337920
Sam Stepanyan,@securestep9,2023-07-01T08:30:34.000Z,False,"#Wordpress: 200,000+ WordPress websites are at risk of ongoing takeover attacks exploiting a critical unpatched security #vulnerability in the Ultimate Member plugin. CVE-2023-3460 (CVSS score: 9.8!):",0,7,30,"3,264","['#Wordpress', '#vulnerability']",[],[],https://pbs.twimg.com/profile_images/1114515035865399296/V6nLLbjK_normal.jpg,https://twitter.com/securestep9/status/1675059305115000833,tweet_id:1675059305115000833
pfiatde,@pfiatde,2023-06-30T14:48:39.000Z,False,"MS Teams still has some surprises.
If you can controll the username (and for phishing you mostly do), you can do some fancy stuff, like unicode characters, hiding external indicators, ...
And some more, like HTML messages, or punycode urls :)
Details here:https://badoption.eu/blog/2023/06/30/teams3.html…",0,63,156,2.4万,[],[],[],https://pbs.twimg.com/profile_images/1649014872439504896/BnpG5VJJ_normal.jpg,https://twitter.com/pfiatde/status/1674792066809999367,tweet_id:1674792066809999367
Sam Stepanyan,@securestep9,2023-06-30T12:26:17.000Z,False,"Everyone (hopefully) knows about OWASP Top 10, but did you know that there is also a #MITRE Top 25 List of Most Dangerous Software Weaknesses? The 2023 version is out:#Top25https://cwe.mitre.org/top25/archive/2023/2023_top25_list.html…",0,4,15,"1,073","['#MITRE', '#Top25']",[],['\\U0001f447'],https://pbs.twimg.com/profile_images/1114515035865399296/V6nLLbjK_normal.jpg,https://twitter.com/securestep9/status/1674756237026549761,tweet_id:1674756237026549761
Sam Stepanyan,@securestep9,2023-06-30T01:44:35.000Z,False,"#MOVEit Google Dork:
(almost 3000 sites appear to be exposed on the Internet)

Patch: https://community.progress.com/s/article/MOVEit-Transfer-Critical-Vulnerability-31May2023…#BugBountyTips",0,19,75,"8,314","['#MOVEit', '#BugBountyTips']",[],[],https://pbs.twimg.com/profile_images/1114515035865399296/V6nLLbjK_normal.jpg,https://twitter.com/securestep9/status/1674594751952109570,tweet_id:1674594751952109570
Sam Stepanyan,@securestep9,2023-06-29T21:53:52.000Z,False,"OWASP #CycloneDX version 1.5 brings new features of: 
Machine Learning transparency (ML-BOM), Formulation (MBOM), and enhanced support for Software Bill of Materials (#SBOM) quality indicators:",0,4,12,660,"['#CycloneDX', '#SBOM']",[],[],https://pbs.twimg.com/profile_images/1114515035865399296/V6nLLbjK_normal.jpg,https://twitter.com/securestep9/status/1674536687580463104,tweet_id:1674536687580463104
Sam Stepanyan,@securestep9,2023-06-29T08:17:37.000Z,False,"#Apple joins the opposition to #encryption-bypassing ""spying clause"" in the new draft UK internet law. Signal and WhatsApp have also voiced opposition to the Online Safety Bill previously and threatened to leave the UK if this Bill becomes law:",0,0,4,276,"['#Apple', '#encryption']",[],[],https://pbs.twimg.com/profile_images/1114515035865399296/V6nLLbjK_normal.jpg,https://twitter.com/securestep9/status/1674331271026057223,tweet_id:1674331271026057223
Sam Stepanyan,@securestep9,2023-06-28T10:36:06.000Z,False,#NPM registry is vulnerable to 'manifest confusion' attacks:#JavaScript#npmjs#SupplyChainSecurity#ManifestConfusion#AppSec,0,7,11,955,"['#NPM', '#JavaScript', '#npmjs', '#SupplyChainSecurity', '#ManifestConfusion', '#AppSec']",[],[],https://pbs.twimg.com/profile_images/1114515035865399296/V6nLLbjK_normal.jpg,https://twitter.com/securestep9/status/1674003736169947137,tweet_id:1674003736169947137
Sam Stepanyan,@securestep9,2023-06-27T12:57:34.000Z,False,"OWASP WrongSecrets new release 1.66 adds new challenge to this CTF game! This is the best way to educate your developers to stop storing secrets in code, let them play the game and find the secrets! Can they solve all 34 challenges?",0,1,3,480,[],[],[],https://pbs.twimg.com/profile_images/1114515035865399296/V6nLLbjK_normal.jpg,https://twitter.com/securestep9/status/1673676950148136966,tweet_id:1673676950148136966
Sam Stepanyan,@securestep9,2023-06-24T13:43:06.000Z,False,"The one and only - the awesome  is on stage at  2023 Conference!
""Don't be concerned with the number of attacks you stopped, be concerned with the attacks you didn't stop"":#BsidesAth",4,5,9,"1,118",['#BsidesAth'],"['@gattaca', '@BSidesAth']",[],https://pbs.twimg.com/profile_images/1114515035865399296/V6nLLbjK_normal.jpg,https://twitter.com/securestep9/status/1672601241283690496,tweet_id:1672601241283690496
Sam Stepanyan,@securestep9,2023-06-24T12:29:31.000Z,False,Many thanks to everyone who attended my talk at  2023 Conference!,0,1,7,446,[],['@BSidesAth'],[],https://pbs.twimg.com/profile_images/1114515035865399296/V6nLLbjK_normal.jpg,https://twitter.com/securestep9/status/1672582725314723840,tweet_id:1672582725314723840
Security BSides Athens,@BSidesAth,2023-06-24T11:44:59.000Z,False,"Sam Stepanyan,  Automated Security Testing With OWASP Nettacker, on screen  and  presenting the tool at  in 2019 for the first time! #OWASP https://owasp.org/www-project-nettacker/…",0,6,12,922,['#OWASP'],"['@securestep9', '@securestep9', '@drgfragkos', '@BlackHatEvents']",[],https://pbs.twimg.com/profile_images/1062120728458346497/xswKG1Rr_normal.jpg,https://twitter.com/BSidesAth/status/1672571518256070658,tweet_id:1672571518256070658
Sam Stepanyan,@securestep9,2023-06-24T11:28:45.000Z,False,We have  at Track 2 of BSides Athens () 2023 Conference talking about Generative #AI and OWASP OpenCRE Chatbot project!#BsidesAth,0,6,11,746,"['#AI', '#BsidesAth']","['@Kerberosmansour', '@BSidesAth']",[],https://pbs.twimg.com/profile_images/1114515035865399296/V6nLLbjK_normal.jpg,https://twitter.com/securestep9/status/1672567433100402688,tweet_id:1672567433100402688
Sam Stepanyan,@securestep9,2023-06-24T09:28:42.000Z,False,We have  on stage now at  #BsidesAth talking about Lapsus$ /Oktapus -style smishing attack or how to out an Actor!,0,3,14,929,['#BsidesAth'],"['@FVT', '@BSidesAth']",[],https://pbs.twimg.com/profile_images/1114515035865399296/V6nLLbjK_normal.jpg,https://twitter.com/securestep9/status/1672537222497615872,tweet_id:1672537222497615872
Sam Stepanyan,@securestep9,2023-06-24T07:20:14.000Z,False,#BSides #Athens () 2023 Conference kicks off with an intro video and a welcome talk from  :#BsidesAth,0,4,14,"1,025","['#BSides', '#Athens', '#BsidesAth']","['@BSidesAth', '@drgfragkos']",[],https://pbs.twimg.com/profile_images/1114515035865399296/V6nLLbjK_normal.jpg,https://twitter.com/securestep9/status/1672504892915691520,tweet_id:1672504892915691520
Sam Stepanyan,@securestep9,2023-06-24T06:51:34.000Z,False,"Today is the day! BSides Athens 2023 Conference kicks off in a few minutes with hundreds of attendees and 22 talks split into two tracks. 
My talk is at 2:15pm - Track 1:#BsIdesAth",0,0,1,383,['#BsIdesAth'],[],[],https://pbs.twimg.com/profile_images/1114515035865399296/V6nLLbjK_normal.jpg,https://twitter.com/securestep9/status/1672497678259830784,tweet_id:1672497678259830784
Sam Stepanyan,@securestep9,2023-06-22T07:30:20.000Z,False,Using #MSTeams? #IDOR #Vulnerability  in Microsoft Teams Allows for External Tenants to Introduce Malware Payload into any organisation using MS Teams due to a lack of server-side input validation. Write-up & discovery by  & :#AppSec,0,0,5,659,"['#MSTeams', '#IDOR', '#Vulnerability', '#AppSec']","['@CorbridgeMax', '@tde_sec']",[],https://pbs.twimg.com/profile_images/1114515035865399296/V6nLLbjK_normal.jpg,https://twitter.com/securestep9/status/1671782658970468352,tweet_id:1671782658970468352
Sam Stepanyan,@securestep9,2023-06-21T23:16:20.000Z,False,"#VMware #RCE #vulnerability CVE-2023-20887 is now actively exploited in the wild. 

If you haven't patched your vRealize yet (patches were released last week on June 15th) consider yourself hacked. Unauthenticated attackers can execute any code as root:",0,2,4,541,"['#VMware', '#RCE', '#vulnerability']",[],[],https://pbs.twimg.com/profile_images/1114515035865399296/V6nLLbjK_normal.jpg,https://twitter.com/securestep9/status/1671658337715273728,tweet_id:1671658337715273728
Takaharu Ogasa,@TakaharuOgasa,2023-06-21T22:35:22.000Z,False,With   @Meditation_Duck after the DevSecOps meetup in London. Great to see and chat more infosec friends in London. I can't thank Sam enough for bringing me to nice meet-up. Great time!,0,2,7,343,[],"['@slipdexic', '@securestep9']",[],https://pbs.twimg.com/profile_images/1053441061828194305/-IM-BNWe_normal.jpg,https://twitter.com/TakaharuOgasa/status/1671648030989209605,tweet_id:1671648030989209605
Sam Stepanyan,@securestep9,2023-06-21T22:04:46.000Z,False,"Using #Azure? Did you know that Azure AD had a vulnerability dubbed ""#nOAuth"" allowing attackers to perform a complete account takeover by simply replacing the email address in the token??? This vulnerability was discovered only in April 2023:#AppSec",0,8,25,"4,706","['#Azure', '#nOAuth', '#AppSec']",[],[],https://pbs.twimg.com/profile_images/1114515035865399296/V6nLLbjK_normal.jpg,https://twitter.com/securestep9/status/1671640326589513728,tweet_id:1671640326589513728
Sam Stepanyan,@securestep9,2023-06-20T16:34:44.000Z,False,I will be speaking at  BSides Athens   on June 24th - Track 1:,0,1,13,664,[],['@BSidesAth'],[],https://pbs.twimg.com/profile_images/1114515035865399296/V6nLLbjK_normal.jpg,https://twitter.com/securestep9/status/1671194884789739520,tweet_id:1671194884789739520
Sam Stepanyan,@securestep9,2023-06-15T08:10:02.000Z,False,"#WordPress #WooCommerce #Stripe Plugin #IDOR #vulnerability CVE-2023-34000 impacts 900,000+ websites, allowing unauthenticated attackers to view any WooCommerce order’s PII data including customer emails, names, and full addresses.  Patch now!",1,38,100,1.6万,"['#WordPress', '#WooCommerce', '#Stripe', '#IDOR', '#vulnerability']",[],[],https://pbs.twimg.com/profile_images/1114515035865399296/V6nLLbjK_normal.jpg,https://twitter.com/securestep9/status/1669255934244159492,tweet_id:1669255934244159492
Sam Stepanyan,@securestep9,2023-06-15T06:38:27.000Z,False,"""Learn 10 ways to use #ChatGPT for Threat Hunting"" - an interesting blog post by  
Some #AI use cases described:

- Deobfuscating Malicious Code (e.g. #PowerShell)
- Crafting threat hunting queries in KQL/Splunk
- Documentation#ThreatHunting",0,3,5,573,"['#ChatGPT', '#AI', '#PowerShell', '#ThreatHunting']",['@gossy_84'],[],https://pbs.twimg.com/profile_images/1114515035865399296/V6nLLbjK_normal.jpg,https://twitter.com/securestep9/status/1669232885289590789,tweet_id:1669232885289590789
Sam Stepanyan,@securestep9,2023-06-13T20:23:04.000Z,False,Use the Cloud they said... #AWSDownhttps://datacenterdynamics.com/en/news/aws-us-east-1-lamda-outage-causes-issues-globally/…,0,0,3,678,['#AWSDown'],[],[],https://pbs.twimg.com/profile_images/1114515035865399296/V6nLLbjK_normal.jpg,https://twitter.com/securestep9/status/1668715633335304192,tweet_id:1668715633335304192
Sam Stepanyan,@securestep9,2023-06-09T13:33:57.000Z,False,"Parlay CLI tool will take a CycloneDX #SBOM document and enrich it with information taken from external services, such as  Snyk and http://ecosyste.ms#SupplyChainSecurity",0,0,2,454,"['#SBOM', '#SupplyChainSecurity']",[],[],https://pbs.twimg.com/profile_images/1114515035865399296/V6nLLbjK_normal.jpg,https://twitter.com/securestep9/status/1667163122191286276,tweet_id:1667163122191286276
Sam Stepanyan,@securestep9,2023-05-31T22:24:21.000Z,False,"#Toyota Japan confirms decade-long security breach leaking more than 2mln T-connect customer details. 

""First and foremost organisations need to educate staff about the importance of #CloudSecurity and the potential consequences of misconfiguration"":",0,1,9,"1,031","['#Toyota', '#CloudSecurity']",[],['\\U0001f926\\u200d\\u2642\\ufe0f'],https://pbs.twimg.com/profile_images/1114515035865399296/V6nLLbjK_normal.jpg,https://twitter.com/securestep9/status/1664035110125961219,tweet_id:1664035110125961219
Sam Stepanyan,@securestep9,2023-05-31T10:32:37.000Z,False,#WordPress force installs critical #Jetpack patch on 5 million websites due to a discovered an API #vulnerability  which was present in the system since 2012!#AppSec,0,2,3,510,"['#WordPress', '#Jetpack', '#vulnerability', '#AppSec']",[],[],https://pbs.twimg.com/profile_images/1114515035865399296/V6nLLbjK_normal.jpg,https://twitter.com/securestep9/status/1663855998312775685,tweet_id:1663855998312775685
Nipun Gupta,@nipungupta,2023-05-30T18:49:51.000Z,False,"Hard fought entry tonight to the ever secure and popular , hosted by the very kind folks at  - thanks for kicking it off   #appsec #devsecops",0,5,17,774,"['#appsec', '#devsecops']","['@OWASPLondon', '@amazon', '@securestep9']",[],https://pbs.twimg.com/profile_images/1644002731894398977/UyD5ne4H_normal.jpg,https://twitter.com/nipungupta/status/1663618742360612864,tweet_id:1663618742360612864
Sam Stepanyan,@securestep9,2023-05-29T20:33:29.000Z,False,"#Jenkins #SAML #SSO Plugin v2.0.2 and earlier: Two #vulnerabilities discovered: XML external entity (#XXE) and Server-Side Request Forgery (#SSRF):  CVE-2023-32991, CVE-2023-32992. Patched version now available:#AppSec",0,7,23,"3,269","['#Jenkins', '#SAML', '#SSO', '#vulnerabilities', '#XXE', '#SSRF', '#AppSec']",[],[],https://pbs.twimg.com/profile_images/1114515035865399296/V6nLLbjK_normal.jpg,https://twitter.com/securestep9/status/1663282434677391362,tweet_id:1663282434677391362
OWASP London,@OWASPLondon,2023-05-29T11:00:42.000Z,False,"Last few hours left to grab a ticket to May 30th OWASP London Chapter meetup with two amazing speakers!

Learn about: Security Chaos Engineering from  and Cybersecurity Risks and Benefits of Generative AI from  

Register to attend (in-person) here",0,2,5,"1,540",[],"['@urlichsanais', '@Kerberosmansour']",['\\U0001f447'],https://pbs.twimg.com/profile_images/1363989200803143685/nVOV5gSx_normal.png,https://twitter.com/OWASPLondon/status/1663138290155831297,tweet_id:1663138290155831297
Sam Stepanyan,@securestep9,2023-05-26T12:29:59.000Z,False,Infecting #SSH Public Keys with backdoors that execute whenever the user logs in:#backdoor#AppSec#CyberSecurity,0,0,4,429,"['#SSH', '#backdoor', '#AppSec', '#CyberSecurity']",[],[],https://pbs.twimg.com/profile_images/1114515035865399296/V6nLLbjK_normal.jpg,https://twitter.com/securestep9/status/1662073595160416256,tweet_id:1662073595160416256
Sam Stepanyan,@securestep9,2023-05-26T08:58:09.000Z,False,Reminder that we have an #OWASPLondon meetup on Tuesday 30th May at Amazon London offices with two awesome speakers ! Register to attend here:,0,1,5,381,['#OWASPLondon'],[],['\\U0001f447'],https://pbs.twimg.com/profile_images/1114515035865399296/V6nLLbjK_normal.jpg,https://twitter.com/securestep9/status/1662020286881968128,tweet_id:1662020286881968128
Sam Stepanyan,@securestep9,2023-05-25T05:25:31.000Z,False,"Using #GitLab? GitLab has released an emergency security update for CE and EE editions, version 16.0.1, to address a maximum severity (CVSS v3.1 score: 10.0) path traversal #vulnerability tracked as CVE-2023-2825. Patch now:",0,4,10,"1,266","['#GitLab', '#vulnerability']",[],[],https://pbs.twimg.com/profile_images/1114515035865399296/V6nLLbjK_normal.jpg,https://twitter.com/securestep9/status/1661604388526276609,tweet_id:1661604388526276609
Sam Stepanyan,@securestep9,2023-05-25T05:20:49.000Z,False,"#NCC Code #Credential #Scanner is a new #opensource tool designed to detect hardcoded credentials and #secrets present in configuration files within a code repository.
This Python-based tool can be used in a CI/CD pipeline:#AppSec#DevSecOps",0,5,11,977,"['#NCC', '#Credential', '#Scanner', '#opensource', '#secrets', '#AppSec', '#DevSecOps']",[],[],https://pbs.twimg.com/profile_images/1114515035865399296/V6nLLbjK_normal.jpg,https://twitter.com/securestep9/status/1661603203845087235,tweet_id:1661603203845087235
Sam Stepanyan,@securestep9,2023-05-23T17:08:02.000Z,False,#OWASP #ZAP () has significantly improved the process of running authenticated scans by adding a new authentication tester dialog! Just press the Test button to test if ZAP can login to the application you are scanning!#AppSechttps://zaproxy.org/blog/2023-05-23-authentication-tester/…,1,7,33,"2,964","['#OWASP', '#ZAP', '#AppSec']",['@zaproxy'],[],https://pbs.twimg.com/profile_images/1114515035865399296/V6nLLbjK_normal.jpg,https://twitter.com/securestep9/status/1661056403992199203,tweet_id:1661056403992199203
Sam Stepanyan,@securestep9,2023-05-22T09:30:14.000Z,False,#Android phones are vulnerable to #fingerprint brute-force attacks:,0,0,2,355,"['#Android', '#fingerprint']",[],[],https://pbs.twimg.com/profile_images/1114515035865399296/V6nLLbjK_normal.jpg,https://twitter.com/securestep9/status/1660578809832255492,tweet_id:1660578809832255492
Sam Stepanyan,@securestep9,2023-05-21T09:41:58.000Z,False,"#Python #PyPI Repository Suspended: User Sign-Ups and Package Uploads Temporarily Halted due to large number of malicious users and packages:
 https://thehackernews.com/2023/05/pypi-repository-under-attack-user-sign.html… via",0,4,14,658,"['#Python', '#PyPI']",[],[],https://pbs.twimg.com/profile_images/1114515035865399296/V6nLLbjK_normal.jpg,https://twitter.com/securestep9/status/1660219373208973315,tweet_id:1660219373208973315
Sam Stepanyan,@securestep9,2023-05-20T14:02:02.000Z,False,#NPM packages hide #TurkoRAT credentials-stealing #malware in what looks like a #NodeJS EXE:,0,4,9,942,"['#NPM', '#TurkoRAT', '#malware', '#NodeJS']",[],[],https://pbs.twimg.com/profile_images/1114515035865399296/V6nLLbjK_normal.jpg,https://twitter.com/securestep9/status/1659922433443348480,tweet_id:1659922433443348480
Sam Stepanyan,@securestep9,2023-05-18T12:30:08.000Z,False,"Thanks everyone who attended my talk about OWASP #Nettacker automation at  #AppSecIL Conference! Many thanks to the organisers & the volunteers: the conference was a great success providing a great opportunity to learn, network & connect with fellow #AppSec professionals",0,1,10,463,"['#Nettacker', '#AppSecIL', '#AppSec']",['@OWASP_IL'],[],https://pbs.twimg.com/profile_images/1114515035865399296/V6nLLbjK_normal.jpg,https://twitter.com/securestep9/status/1659174530013691909,tweet_id:1659174530013691909
Sam Stepanyan,@securestep9,2023-05-17T09:08:33.000Z,False,Great talk from  at  #AppSecIL Conference on iOS app security and using the OWASP #iGoat app for learning about the latest iOas attacks and threats:,0,2,2,636,"['#AppSecIL', '#iGoat']","['@swaroopsy', '@OWASP_IL']",[],https://pbs.twimg.com/profile_images/1114515035865399296/V6nLLbjK_normal.jpg,https://twitter.com/securestep9/status/1658761412754243585,tweet_id:1658761412754243585
Sam Stepanyan,@securestep9,2023-05-14T08:14:11.000Z,False,"I am thrilled to announce that I will be speaking at the upcoming   AppSec Israel 2023 conference in Tel-Aviv! 
I'm excited to share my knowledge and experience with fellow security enthusiasts.  
My talk is about the OWASP Nettacker Project: https://sched.co/1LLFl",1,7,26,"1,906",[],['@OWASP_IL'],['\\U0001f449'],https://pbs.twimg.com/profile_images/1114515035865399296/V6nLLbjK_normal.jpg,https://twitter.com/securestep9/status/1657660565274099712,tweet_id:1657660565274099712
LaurieWired,@lauriewired,2023-05-12T17:30:29.000Z,False,"As of today, google is allowing .zip domains to be registered.  I'm sure no one will start using this for malicious purposes...right?  RIGHT??",60,371,"3,126",35万,[],[],[],https://pbs.twimg.com/profile_images/1610377341745917953/gTryUtL4_normal.jpg,https://twitter.com/lauriewired/status/1657075787856744449,tweet_id:1657075787856744449
Sam Stepanyan,@securestep9,2023-05-12T06:51:31.000Z,False,Pleased to announce the next  meetup on May 30th at Amazon London offices. Don't miss fantastic talks from  on Security Chaos Engineering and from  on the Risks and Benefits of Generative AI for CyberSecurity. Register to attend here:,0,8,16,"1,746",[],"['@OWASPLondon', '@urlichsanais', '@Kerberosmansour']",['\\U0001f447'],https://pbs.twimg.com/profile_images/1114515035865399296/V6nLLbjK_normal.jpg,https://twitter.com/securestep9/status/1656914985690300416,tweet_id:1656914985690300416
Sam Stepanyan,@securestep9,2023-05-10T09:06:25.000Z,False,#GitHub now auto-blocks #secrets and API key leaks for all repos:#AppSec,0,2,5,540,"['#GitHub', '#secrets', '#AppSec']",[],[],https://pbs.twimg.com/profile_images/1114515035865399296/V6nLLbjK_normal.jpg,https://twitter.com/securestep9/status/1656224160471760901,tweet_id:1656224160471760901
Sam Stepanyan,@securestep9,2023-05-09T20:31:27.000Z,False,"I think I am going to look into the Instagram app.
I factory-reset one of my phones and to my surprise when I installed and opened the Instagram app on a pristine clean factory-reset phone it showed my Instagram photo and account name. Instagram stores data based on Device ID!",2,4,15,"1,430",[],[],[],https://pbs.twimg.com/profile_images/1114515035865399296/V6nLLbjK_normal.jpg,https://twitter.com/securestep9/status/1656034164099956761,tweet_id:1656034164099956761
Sam Stepanyan,@securestep9,2023-05-05T15:08:41.000Z,False,#WordPress custom field plugin #XSS #vulnerability  exposes 2mln+ websites to attacks:#CVE-2023-30777#AppSec#ACF,0,1,3,389,"['#WordPress', '#XSS', '#vulnerability', '#CVE', '#AppSec', '#ACF']",[],[],https://pbs.twimg.com/profile_images/1114515035865399296/V6nLLbjK_normal.jpg,https://twitter.com/securestep9/status/1654503389131055104,tweet_id:1654503389131055104
Sam Stepanyan,@securestep9,2023-05-04T22:22:48.000Z,True,Using #TikTok for #OSINT:,0,0,1,354,"['#TikTok', '#OSINT']",[],[],https://pbs.twimg.com/profile_images/1114515035865399296/V6nLLbjK_normal.jpg,https://twitter.com/securestep9/status/1654250248095649793,tweet_id:1654250248095649793
Sam Stepanyan,@securestep9,2023-05-04T21:03:36.000Z,False,"""Complete #BugBounty Recon Fundamentals"" is a great blog post by  listing tons of super-useful techniques, tools and resources - check it out!#BugBountyTips",2,60,152,1万,"['#BugBounty', '#BugBountyTips']",['@imshewale'],['\\U0001f447'],https://pbs.twimg.com/profile_images/1114515035865399296/V6nLLbjK_normal.jpg,https://twitter.com/securestep9/status/1654230316058308611,tweet_id:1654230316058308611
Sam Stepanyan,@securestep9,2023-05-04T19:50:03.000Z,False,Listening to a great talk by  on static analysis for PHP at  meetup:,1,3,8,752,[],"['@DaveLiddament', '@PHPLondon']",[],https://pbs.twimg.com/profile_images/1114515035865399296/V6nLLbjK_normal.jpg,https://twitter.com/securestep9/status/1654211809660882944,tweet_id:1654211809660882944
Sam Stepanyan,@securestep9,2023-05-04T17:29:06.000Z,False,The beginning of the end of the #password as #Google introduces #PassKeys for Google accounts:,0,2,10,721,"['#password', '#Google', '#PassKeys']",[],[],https://pbs.twimg.com/profile_images/1114515035865399296/V6nLLbjK_normal.jpg,https://twitter.com/securestep9/status/1654176337039351808,tweet_id:1654176337039351808
Clint Gibler,@clintgibler,2023-05-01T23:00:02.000Z,True," Google brings generative AI to cybersecurity

Via Sec-PaLM: a security-focused AI model

Used in
* Mandiant’s Threat Intel AI
* VirusTotal: explain malicious scripts
* Chronicle: conversational search
* Security Command Center: explain attack exposure",0,8,25,"3,389",[],[],['\\U0001f916'],https://pbs.twimg.com/profile_images/860562378441740288/MgPA8UqM_normal.jpg,https://twitter.com/clintgibler/status/1653172453525581824,tweet_id:1653172453525581824
Sam Stepanyan,@securestep9,2023-04-30T09:53:56.000Z,False,"If a website allows you to upload ZIP files it might be vulnerable to a #ZipSlip #vulnerability leading to #RCE.
Watch this explanation video from  on how he got $5.5k #BugBounty from GitHub & built a #CodeQL query to detect this bug:#AppSec",3,36,137,1.2万,"['#ZipSlip', '#vulnerability', '#RCE', '#BugBounty', '#CodeQL', '#AppSec']",['@gregxsunday'],[],https://pbs.twimg.com/profile_images/1114515035865399296/V6nLLbjK_normal.jpg,https://twitter.com/securestep9/status/1652612238627201027,tweet_id:1652612238627201027
Sam Stepanyan,@securestep9,2023-04-28T13:28:15.000Z,False,#cPanel is a web #hosting control panel software that is deployed on millions of websites. It has a reflected cross-site scripting (#XSS) #vulnerability that could be exploited without any authentication - CVE-2023-29489. Patches available:#AppSec,0,17,26,"3,386","['#cPanel', '#hosting', '#XSS', '#vulnerability', '#AppSec']",[],[],https://pbs.twimg.com/profile_images/1114515035865399296/V6nLLbjK_normal.jpg,https://twitter.com/securestep9/status/1651941399170801669,tweet_id:1651941399170801669
Sam Stepanyan,@securestep9,2023-04-26T21:46:12.000Z,False,"Calculating #CVSS Scores with #ChatGPT:
By Johannes B. Ullrich, Ph.D. , Dean of Research, SANS: https://isc.sans.edu/diary/x/29774",1,2,12,"6,604","['#CVSS', '#ChatGPT']",[],['\\U0001f447'],https://pbs.twimg.com/profile_images/1114515035865399296/V6nLLbjK_normal.jpg,https://twitter.com/securestep9/status/1651341935787794434,tweet_id:1651341935787794434
Sam Stepanyan,@securestep9,2023-04-26T20:57:04.000Z,False,A great thread from  on how he managed to take over the company's entire #AWS Cloud infrastructure within 10 minutes:#BugBountyTips,1,0,2,675,"['#AWS', '#BugBountyTips']",['@silentgh00st'],['\\U0001f447'],https://pbs.twimg.com/profile_images/1114515035865399296/V6nLLbjK_normal.jpg,https://twitter.com/securestep9/status/1651329571407405057,tweet_id:1651329571407405057
Sam Stepanyan,@securestep9,2023-04-26T16:50:49.000Z,False,"The amazing #OWASP Team is at the RSA Conference - go find their booth 4128 and say 'Hi' if you are there!
We have , ,  and  #RSAC",1,1,12,"1,217","['#OWASP', '#RSAC']","['@OWASPDirPrjTech', '@rewtd', '@matt_tesauro', '@InfosecVandana']",[],https://pbs.twimg.com/profile_images/1114515035865399296/V6nLLbjK_normal.jpg,https://twitter.com/securestep9/status/1651267601635606530,tweet_id:1651267601635606530
Sam Stepanyan,@securestep9,2023-04-26T15:49:46.000Z,False,"Today I asked #ChatGPT to write a rap song about the #OWASP Top10 project, how's your day going?

""It's time to get serious, don't let hackers win!
Secure your data, don't let the bad guys in!""

Find the AI-generated lyrics in my GitHub repo here:https://github.com/securestep9/ai-creations/blob/main/owasptop10-rap-song-1…",0,1,3,770,"['#ChatGPT', '#OWASP']",[],[],https://pbs.twimg.com/profile_images/1114515035865399296/V6nLLbjK_normal.jpg,https://twitter.com/securestep9/status/1651252234477248519,tweet_id:1651252234477248519
Mysk,@mysk_co,2023-04-26T00:31:35.000Z,True,"Google has just updated its 2FA Authenticator app and added a much-needed feature: the ability to sync secrets across devices.

TL;DR: Don't turn it on.

The new update allows users to sign in with their Google Account and sync 2FA secrets across their iOS and Android devices.…",111,"1,397","2,730",93万,[],[],[],https://pbs.twimg.com/profile_images/1230605032824954881/KZxcG3_c_normal.jpg,https://twitter.com/mysk_co/status/1651021165727477763,tweet_id:1651021165727477763
Sam Stepanyan,@securestep9,2023-04-20T22:57:52.000Z,False,Using #Snyk? CVE-2023-1767 - Stored #XSS on Snyk Advisor service allowed full fabrication of npm packages health score (with some help from ChatGPT) - a great find and write-up by :#AppSec#BugBountyTips#MarkdownXSShttps://weizman.github.io/2023/04/10/snyk-xss/…,2,13,34,"5,247","['#Snyk', '#XSS', '#AppSec', '#BugBountyTips', '#MarkdownXSS']",['@WeizmanGal'],[],https://pbs.twimg.com/profile_images/1114515035865399296/V6nLLbjK_normal.jpg,https://twitter.com/securestep9/status/1649185643128320003,tweet_id:1649185643128320003
Sam Stepanyan,@securestep9,2023-04-20T15:47:01.000Z,False,"Had a great discussion about ChatGPT impact on #AppSec as a panelist at the  session with  ,  ,  and Timo Pagel! Recommended and showcased the GirHub repo with InfoSec OpenAI Examples by ",1,2,5,967,['#AppSec'],"['@opensecsummit', '@DinisCruz', '@scott44017', '@karmichand', '@Kerberosmansour']",[],https://pbs.twimg.com/profile_images/1114515035865399296/V6nLLbjK_normal.jpg,https://twitter.com/securestep9/status/1649077215680659458,tweet_id:1649077215680659458
Sam Stepanyan,@securestep9,2023-04-17T19:14:43.000Z,True,"#CFP is open for #OWASP Global #AppSec Singapore 2023 Conference!
Submit your talk proposal here:",0,3,6,"2,213","['#CFP', '#OWASP', '#AppSec']",[],['\\U0001f447'],https://pbs.twimg.com/profile_images/1114515035865399296/V6nLLbjK_normal.jpg,https://twitter.com/securestep9/status/1648042323916255254,tweet_id:1648042323916255254
Sam Stepanyan,@securestep9,2023-04-16T12:27:32.000Z,False,Check out this great presentation from  where he describes how to use a Bill Of Materials (BOM) for Threat Modeling:#SBOM#SoftwareSupplyChainSecurity#AppSec#DevSecOps#ThreatModeling#CycloneDX,0,6,8,"5,887","['#SBOM', '#SoftwareSupplyChainSecurity', '#AppSec', '#DevSecOps', '#ThreatModeling', '#CycloneDX']",['@tonylturner'],[],https://pbs.twimg.com/profile_images/1114515035865399296/V6nLLbjK_normal.jpg,https://twitter.com/securestep9/status/1647577462757376002,tweet_id:1647577462757376002
Sam Stepanyan,@securestep9,2023-04-13T01:33:40.000Z,False,"Great initiative just launched by Google: deps[.]dev API, which provides free public API access to the dataset of security metadata, including dependencies, licenses, advisories for more than 50 million open source package versions:#SupplyChainSecurity",0,15,37,"5,899",['#SupplyChainSecurity'],[],[],https://pbs.twimg.com/profile_images/1114515035865399296/V6nLLbjK_normal.jpg,https://twitter.com/securestep9/status/1646325747391295489,tweet_id:1646325747391295489
Sam Stepanyan,@securestep9,2023-04-13T01:28:49.000Z,False,"I mentioned a couple of great OWASP projects today at the DevSecOps London meetup, which can help you to address the challenge of hardcoded secrets/credentials:",0,1,7,667,[],[],[],https://pbs.twimg.com/profile_images/1114515035865399296/V6nLLbjK_normal.jpg,https://twitter.com/securestep9/status/1646324530250383361,tweet_id:1646324530250383361
Sam Stepanyan,@securestep9,2023-04-12T12:53:26.000Z,False,"#iPhones hacked via invisible iCloud calendar invites to drop #QuaDream spyware using a zero-click #exploit named #ENDOFDAYS reports #CitizenLab.

Calendar invitations with backdated timestamps are automatically added to the calendar without notification:",0,7,5,713,"['#iPhones', '#QuaDream', '#exploit', '#ENDOFDAYS', '#CitizenLab']",[],[],https://pbs.twimg.com/profile_images/1114515035865399296/V6nLLbjK_normal.jpg,https://twitter.com/securestep9/status/1646134431348867072,tweet_id:1646134431348867072
Sherif Mansour @kerberosmansour@infosec.exchange,Sherif Mansour @kerberosmansour@infosec.exchange,2023-04-07T06:46:20.000Z,False,Imagine writing the draft of a major technical  best practices (and SAST rules) including vulnerable code in multiple languages... in under an hour. This is where  can help.,1,2,5,734,[],"['@owasp', '@OpenAI']",[],https://pbs.twimg.com/profile_images/1371116510777905154/RB54u9o1_normal.jpg,https://twitter.com/Kerberosmansour/status/1644230105244286976,tweet_id:1644230105244286976
Sam Stepanyan,@securestep9,2023-04-05T09:45:24.000Z,False,I am always amazed how many companies connect their HP #printers directly to the Internet (thousands of them can be found on Shodan). Perhaps this #vulnerability will convince people to secure their printers ,1,2,6,727,"['#printers', '#vulnerability']",[],['\\U0001f5a8\\ufe0f'],https://pbs.twimg.com/profile_images/1114515035865399296/V6nLLbjK_normal.jpg,https://twitter.com/securestep9/status/1643550395325718530,tweet_id:1643550395325718530
Sam Stepanyan,@securestep9,2023-04-04T13:37:49.000Z,False,"""Who Broke #NPM?
- Malicious Packages Flood Leading to Denial of Service"" - a great blog post by  :#SupplyChainSecurity",0,4,6,930,"['#NPM', '#SupplyChainSecurity']",['@jossefharush'],[],https://pbs.twimg.com/profile_images/1114515035865399296/V6nLLbjK_normal.jpg,https://twitter.com/securestep9/status/1643246495083241473,tweet_id:1643246495083241473
Sam Stepanyan,@securestep9,2023-04-03T20:51:47.000Z,False,"After a long break I visited a leading #CyberSecurity magazine website today, only to discover that  #SCMagazine /  security certificate #expired 369 days ago and nobody bothered to renew it:#notsecure https://scmagazineuk.com",0,1,4,731,"['#CyberSecurity', '#SCMagazine', '#expired', '#notsecure']",['@SCmagazineUK'],[],https://pbs.twimg.com/profile_images/1114515035865399296/V6nLLbjK_normal.jpg,https://twitter.com/securestep9/status/1642993321374261248,tweet_id:1642993321374261248
Sam Stepanyan,@securestep9,2023-04-03T13:06:31.000Z,False,Severe #Azure #Vulnerability Led to Unauthenticated Remote Code Execution (#RCE):#CloudSecurity,0,5,6,"1,391","['#Azure', '#Vulnerability', '#RCE', '#CloudSecurity']",[],[],https://pbs.twimg.com/profile_images/1114515035865399296/V6nLLbjK_normal.jpg,https://twitter.com/securestep9/status/1642876232407580674,tweet_id:1642876232407580674
Sam Stepanyan,@securestep9,2023-03-30T18:38:46.000Z,False,"I had a great time last night running the #OWASPLondon #CTF ! We had amazing sponsors and fantastic CTF players! All Top 10 CTF scorers got prizes, hoodies and an invite to a private #BugBounty program:",0,3,14,"1,483","['#OWASPLondon', '#CTF', '#BugBounty']",[],"['\\U0001f3c6', '\\U0001f3c6', '\\U0001f3c6']",https://pbs.twimg.com/profile_images/1114515035865399296/V6nLLbjK_normal.jpg,https://twitter.com/securestep9/status/1641510294500302855,tweet_id:1641510294500302855
Sam Stepanyan,@securestep9,2023-03-29T09:18:42.000Z,False,"Forget ""Scrum Master"". You need to become an ""AI Whisperer"".  shows us how to do it in this blog post:",0,1,1,360,[],['@DanielMiessler'],[],https://pbs.twimg.com/profile_images/1114515035865399296/V6nLLbjK_normal.jpg,https://twitter.com/securestep9/status/1641006960827944962,tweet_id:1641006960827944962
PortSwigger Research,@PortSwiggerRes,2023-03-28T13:18:29.000Z,False,curl has a little-known quirk that exposed both Google Chrome and our own . We've published the full details here:,5,59,156,3.4万,[],['@Burp_Suite'],[],https://pbs.twimg.com/profile_images/1271377767091843073/ZIBb6Ur6_normal.png,https://twitter.com/PortSwiggerRes/status/1640704916627832832,tweet_id:1640704916627832832
Sam Stepanyan,@securestep9,2023-03-25T09:09:30.000Z,False,#ChatGPT critical #vulnerabilities fixed last week - user data exposure caused by a bug in #redis-py opensource library & account takeover vulnerability via Cloudflare CF-Cache-Status header allowing attacker to harvest the target's JSON Web Token #JWT:,0,4,8,601,"['#ChatGPT', '#vulnerabilities', '#redis', '#JWT']",[],[],https://pbs.twimg.com/profile_images/1114515035865399296/V6nLLbjK_normal.jpg,https://twitter.com/securestep9/status/1639555095879614464,tweet_id:1639555095879614464
Sam Stepanyan,@securestep9,2023-03-23T16:41:56.000Z,True,Gamified Secure Coding  Training from #GitHub ? And it's free?#SecureCoding#AppSec,1,0,12,794,"['#GitHub', '#SecureCoding', '#AppSec']",[],['\\U0001f914'],https://pbs.twimg.com/profile_images/1114515035865399296/V6nLLbjK_normal.jpg,https://twitter.com/securestep9/status/1638944175067394048,tweet_id:1638944175067394048
Sam Stepanyan,@securestep9,2023-03-22T08:31:44.000Z,False,Starting in #CyberSecurity and #BugBounty ? I came across this detailed blog post from  which might be useful:#newbiehttps://danielkelley.me/cybersecurity-roadmap/…,0,2,10,"1,749","['#CyberSecurity', '#BugBounty', '#newbie']",['@danielmakelley'],[],https://pbs.twimg.com/profile_images/1114515035865399296/V6nLLbjK_normal.jpg,https://twitter.com/securestep9/status/1638458425955721216,tweet_id:1638458425955721216
Sam Stepanyan,@securestep9,2023-03-18T21:27:16.000Z,False,Interesting to see more and more researchers are using  #ChatGPT for #BugBounty:,0,30,92,1万,"['#ChatGPT', '#BugBounty']",[],[],https://pbs.twimg.com/profile_images/1114515035865399296/V6nLLbjK_normal.jpg,https://twitter.com/securestep9/status/1637204042710413313,tweet_id:1637204042710413313
Sam Stepanyan,@securestep9,2023-03-15T22:46:32.000Z,False,"Forget the ""Nigerian Prince"" scams and poorly spelled #phishing emails with bad grammar.
 #ChatGPT  is going to change this forever. Here is the perfect phishing email message from your company's CEO, but actually created by ChatGPT that is almost guaranteed 100% click rate:",1,3,4,754,"['#phishing', '#ChatGPT']",[],['\\U0001f631'],https://pbs.twimg.com/profile_images/1114515035865399296/V6nLLbjK_normal.jpg,https://twitter.com/securestep9/status/1636136827013804033,tweet_id:1636136827013804033
Sam Stepanyan,@securestep9,2023-03-15T22:00:06.000Z,False,"The implications of #ChatGPT on #AppSec are huge: AI gets better every day!
Today I asked ChatGPT to find #vulnerabilities in code code, explain the vulnerabilities and re-write the code to be vulnerability-free and then () I asked it to write a #Semgrep rule & a #CodeQL query!",2,2,4,978,"['#ChatGPT', '#AppSec', '#vulnerabilities', '#Semgrep', '#CodeQL']",[],['\\U0001f941'],https://pbs.twimg.com/profile_images/1114515035865399296/V6nLLbjK_normal.jpg,https://twitter.com/securestep9/status/1636125144945946626,tweet_id:1636125144945946626
Sam Stepanyan,@securestep9,2023-03-15T22:09:50.000Z,False,...and then I asked #ChatGPT to perform #ThreatModeling and describe the potential threats in the same piece of code ( you using ChatGPT yet?):,2,0,1,319,"['#ChatGPT', '#ThreatModeling']",['@sec_tigger'],[],https://pbs.twimg.com/profile_images/1114515035865399296/V6nLLbjK_normal.jpg,https://twitter.com/securestep9/status/1636127592376827905,tweet_id:1636127592376827905
Sam Stepanyan,@securestep9,2023-03-15T16:50:13.000Z,False,U.S. federal agency's Microsoft Internet Information Services (#IIS) web server was hacked by exploiting a critical .NET #deserialization vulnerability in the Progress #Telerik UI AJAX component: (CVE-2019-18935)#AppSec,0,2,5,960,"['#IIS', '#deserialization', '#Telerik', '#AppSec']",[],[],https://pbs.twimg.com/profile_images/1114515035865399296/V6nLLbjK_normal.jpg,https://twitter.com/securestep9/status/1636047159433871360,tweet_id:1636047159433871360
Sam Stepanyan,@securestep9,2023-03-15T10:21:31.000Z,False,Today I asked #ChatGPT which countries/#governments use the  standard:#OWASP#ASVS,1,3,9,998,"['#ChatGPT', '#governments', '#OWASP', '#ASVS']",['@OWASP_ASVS'],[],https://pbs.twimg.com/profile_images/1114515035865399296/V6nLLbjK_normal.jpg,https://twitter.com/securestep9/status/1635949340366610432,tweet_id:1635949340366610432
Sam Stepanyan,@securestep9,2023-03-15T11:25:12.000Z,False,go Canada!   - you might want to show this to CRS:,1,1,5,368,[],['@shehackspurple'],[],https://pbs.twimg.com/profile_images/1114515035865399296/V6nLLbjK_normal.jpg,https://twitter.com/securestep9/status/1635965364885508098,tweet_id:1635965364885508098
Dominic Chell,@domchell,2023-03-14T23:57:06.000Z,True,Here's some further details on how to exploit CVE-2023-23397 in Outlook; its a pretty interesting one and incredibly easy to exploit...,6,145,370,8.6万,[],[],[],https://pbs.twimg.com/profile_images/1550126657997922311/_lg-iIjo_normal.jpg,https://twitter.com/domchell/status/1635792200960278530,tweet_id:1635792200960278530
Christian Folini / @folini@infosec.exchange,Christian Folini / @folini@infosec.exchange,2023-03-09T15:05:23.000Z,False,Apache users following my reverse proxy tutorial on netnea are affected by the Apache vulnerability CVE-2023-25690 that exploits a usage pattern that I recommend. Please update your Apache servers to version 2.4.56.https://nvd.nist.gov/vuln/detail/CVE-2023-25690…,0,4,14,"2,022",[],[],[],https://pbs.twimg.com/profile_images/923483156958928896/32OUuwq__normal.jpg,https://twitter.com/ChrFolini/status/1633846448998731784,tweet_id:1633846448998731784
Sam Stepanyan,@securestep9,2023-03-09T08:17:14.000Z,False,Use #Jenkins? Time to patch! Two High severity #vulnerabilities CVE-2023-27898 & #CVE-2023-27905 impact the Jenkins server and Update Center. Patched versions available:#XSS#AppSec,1,6,16,"2,085","['#Jenkins', '#vulnerabilities', '#CVE', '#XSS', '#AppSec']",[],[],https://pbs.twimg.com/profile_images/1114515035865399296/V6nLLbjK_normal.jpg,https://twitter.com/securestep9/status/1633743736478789634,tweet_id:1633743736478789634
OWASP London,@OWASPLondon,2023-03-08T12:16:12.000Z,False,"The next OWASP London #CTF Tournament [IN-PERSON] will take place on Wed, Mar 29 2023 at 5:30pm.

Solve hacking challenges, capture flags, win real prizes!

This CTF Tournament is kindly hosted & sponsored by Bring own laptop!

Tickets ",1,4,8,608,['#CTF'],['@InvictiSecurity'],['\\U0001f447'],https://pbs.twimg.com/profile_images/1363989200803143685/nVOV5gSx_normal.png,https://twitter.com/OWASPLondon/status/1633441483532451840,tweet_id:1633441483532451840
Sam Stepanyan,@securestep9,2023-03-06T08:23:55.000Z,False,"The “Skeleton Squad”: on February 23rd, 2023 a threat actor started to flood the  #Pypi ecosystem with thousands of #malicious packages through a user account named “#𝐞𝐬𝐪𝐮𝐞𝐥𝐞𝐬𝐪𝐮𝐚𝐝”:#SoftwareSupplyChainSecurity#SoftwareSupplyChainAttackhttps://medium.com/checkmarx-security/the-skeleton-squad-tracing-the-origins-and-scope-of-5000-malicious-packages-on-pypi-7516c16e4da9…",0,3,5,478,"['#Pypi', '#malicious', '#𝐞𝐬𝐪𝐮𝐞𝐥𝐞𝐬𝐪𝐮𝐚𝐝', '#SoftwareSupplyChainSecurity', '#SoftwareSupplyChainAttack']",[],[],https://pbs.twimg.com/profile_images/1114515035865399296/V6nLLbjK_normal.jpg,https://twitter.com/securestep9/status/1632658254957256707,tweet_id:1632658254957256707
Sam Stepanyan,@securestep9,2023-03-04T20:38:24.000Z,False,"Just looked at #Poetry installation instructions and feel the need to have a rant:
Can we please as an industry STOP DOING THIS MADNESS!  (curl -s url | shell)

It is like picking up and plugging into your computer a USB stick found in the parking lot:#SoftwareSupplyChainAttack",0,4,8,615,"['#Poetry', '#SoftwareSupplyChainAttack']",[],[],https://pbs.twimg.com/profile_images/1114515035865399296/V6nLLbjK_normal.jpg,https://twitter.com/securestep9/status/1632118316322963457,tweet_id:1632118316322963457
Sam Stepanyan,@securestep9,2023-03-04T19:43:45.000Z,True,"Loving this challenge created by  !
I lam going to use this during security engineers' interview. 

Candidates should be able to fully to decipher this URL without any tools or using pen & paper - all you need just look at the picture of this tweet:",3,1,7,"6,663",[],['@theXSSrat'],[],https://pbs.twimg.com/profile_images/1114515035865399296/V6nLLbjK_normal.jpg,https://twitter.com/securestep9/status/1632104561832804355,tweet_id:1632104561832804355
Sam Stepanyan,@securestep9,2023-03-04T11:07:30.000Z,False,"""$10,000 #BugBounty for exposed .git to RCE"" - great write-up! Good to see our OWASP #Amass tool used for recon. What could possibly go wrong if you accidentally deploy your application along with the "".git"" folder? Let's find out:
 #BugBountyTips",3,29,104,"9,778","['#BugBounty', '#Amass', '#BugBountyTips']",[],[],https://pbs.twimg.com/profile_images/1114515035865399296/V6nLLbjK_normal.jpg,https://twitter.com/securestep9/status/1631974643576741888,tweet_id:1631974643576741888
Sam Stepanyan,@securestep9,2023-03-04T10:49:53.000Z,True,Not a good day for PwC:,1,1,5,"1,349",[],[],[],https://pbs.twimg.com/profile_images/1114515035865399296/V6nLLbjK_normal.jpg,https://twitter.com/securestep9/status/1631970209669042177,tweet_id:1631970209669042177
Sam Stepanyan,@securestep9,2023-03-03T13:22:49.000Z,False,#OWASP Foundation Announces #CycloneDX Project Momentum with Contribution from #IBM to Advance Software Supply Chain Security of two open source projects: #SBOM Utility and License Scanner:,0,4,5,342,"['#OWASP', '#CycloneDX', '#IBM', '#SBOM']",[],[],https://pbs.twimg.com/profile_images/1114515035865399296/V6nLLbjK_normal.jpg,https://twitter.com/securestep9/status/1631646311874285569,tweet_id:1631646311874285569
Sam Stepanyan,@securestep9,2023-03-03T09:20:38.000Z,False,"Nettitude published an opensource tool called Aladdin 
which allows red teamers to bypass misconfigured Windows Defender Application Control (#WDAC) and AppLocker by exploiting a #deserialisation #vulnerability in .NET: #redteam https://labs.nettitude.com/blog/introducing-aladdin/…",1,3,10,"1,219","['#WDAC', '#deserialisation', '#vulnerability', '#redteam']",[],[],https://pbs.twimg.com/profile_images/1114515035865399296/V6nLLbjK_normal.jpg,https://twitter.com/securestep9/status/1631585364610633728,tweet_id:1631585364610633728
Sam Stepanyan,@securestep9,2023-03-02T22:46:28.000Z,False,#Booking dot com's #OAuth Implementation Allows Full Account Takeover - Attackers could gain full visibility into users' personal & payment-card data:#AppSec,0,0,5,606,"['#Booking', '#OAuth', '#AppSec']",[],[],https://pbs.twimg.com/profile_images/1114515035865399296/V6nLLbjK_normal.jpg,https://twitter.com/securestep9/status/1631425768067661825,tweet_id:1631425768067661825
OWASP London,@OWASPLondon,2023-03-01T18:33:42.000Z,False,"Many thanks to our Mike Andrews () for presenting his talk: ""The Need for Data Security"" at the  meetup last night!

The video recording of the talk is now online on our YouTube channel:",0,2,4,458,[],"['@ma', '@OWASPLondon']",['\\U0001f4fa'],https://pbs.twimg.com/profile_images/1363989200803143685/nVOV5gSx_normal.png,https://twitter.com/OWASPLondon/status/1630999770578780187,tweet_id:1630999770578780187
Sam Stepanyan,@securestep9,2023-03-01T17:09:06.000Z,False,New #OWASP project - Low-Code/No-code Top 10:,0,4,9,"1,122",['#OWASP'],[],[],https://pbs.twimg.com/profile_images/1114515035865399296/V6nLLbjK_normal.jpg,https://twitter.com/securestep9/status/1630978480090251300,tweet_id:1630978480090251300
Francesco CipolloneAppsec and Cloudsec,@FrankSEC42,2023-02-28T18:40:45.000Z,False, Kicking off things at Owasp London #owasplondon ,0,4,14,431,['#owasplondon'],"['@securestep9', '@OWASPLondon']",[],https://pbs.twimg.com/profile_images/1603773421527130112/9mDxyxvO_normal.jpg,https://twitter.com/FrankSEC42/status/1630639157683863563,tweet_id:1630639157683863563
Francesco CipolloneAppsec and Cloudsec,@FrankSEC42,2023-02-28T19:13:50.000Z,False, kicking off at Owasp,0,3,17,504,[],['@danjconn'],[],https://pbs.twimg.com/profile_images/1603773421527130112/9mDxyxvO_normal.jpg,https://twitter.com/FrankSEC42/status/1630647483196907528,tweet_id:1630647483196907528
OWASP London,@OWASPLondon,2023-02-28T19:21:25.000Z,False,"We have  on stage now talking about Threat Modeling with Open Source!
Watch his talk live on our YouTube channel:https://youtube.com/live/xtGHg3vegOE?feature=share…",0,6,18,882,[],['@danjconn'],[],https://pbs.twimg.com/profile_images/1363989200803143685/nVOV5gSx_normal.png,https://twitter.com/OWASPLondon/status/1630649389701013505,tweet_id:1630649389701013505
Sam Stepanyan,@securestep9,2023-02-26T12:06:19.000Z,False,"Google pays $3,133.70 #BugBounty for #XSS #vulnerability in #golang's net/html library. Great find and a great 6-minute bug explanation video by Greg () here:#bugbountytips #AppSec#CodeReview",0,14,98,"7,258","['#BugBounty', '#XSS', '#vulnerability', '#golang', '#bugbountytips', '#AppSec', '#CodeReview']",['@gregxsunday'],[],https://pbs.twimg.com/profile_images/1114515035865399296/V6nLLbjK_normal.jpg,https://twitter.com/securestep9/status/1629815118056812547,tweet_id:1629815118056812547
Sam Stepanyan,@securestep9,2023-02-24T08:40:33.000Z,False,"#Signal messaging app (and potentially #WhatsApp as well) would 'walk away' from UK if Online Safety Bill is introduced. The bill, introduced by Boris Johnson, is currently going through Parliament requiring all messages are scanned for 'harmful content':https://bbc.co.uk/news/technology-64584001…",1,2,4,"1,028","['#Signal', '#WhatsApp']",[],[],https://pbs.twimg.com/profile_images/1114515035865399296/V6nLLbjK_normal.jpg,https://twitter.com/securestep9/status/1629038559234609159,tweet_id:1629038559234609159
Sam Stepanyan,@securestep9,2023-02-23T18:06:14.000Z,False,#TikTok app *banned* by European Commission on staff devices due to #cybersecurity concerns that China-owned TikTok app harvests users' data and hands it to the Chinese government:,1,1,3,542,"['#TikTok', '#cybersecurity']",[],[],https://pbs.twimg.com/profile_images/1114515035865399296/V6nLLbjK_normal.jpg,https://twitter.com/securestep9/status/1628818530538778628,tweet_id:1628818530538778628
Sam Stepanyan,@securestep9,2023-02-21T13:56:21.000Z,False,"QR code generator My QR Code leaks users’ login data and addresses for 67,000+ customers:#dataleak#myqrcode",0,0,0,253,"['#dataleak', '#myqrcode']",[],[],https://pbs.twimg.com/profile_images/1114515035865399296/V6nLLbjK_normal.jpg,https://twitter.com/securestep9/status/1628030869742014468,tweet_id:1628030869742014468
Sam Stepanyan,@securestep9,2023-02-18T20:07:15.000Z,False,The next OWASP London meetup is on February 28th. Learn about Threat Modeling using open source tools and  mobile app API vulnerabilities which allow cybercriminals to succeed in opening bank accounts using deepfakes:,1,6,15,"1,805",[],[],[],https://pbs.twimg.com/profile_images/1114515035865399296/V6nLLbjK_normal.jpg,https://twitter.com/securestep9/status/1627037047390183426,tweet_id:1627037047390183426
Sam Stepanyan,@securestep9,2023-02-18T12:30:03.000Z,False,"""A 10-step guide for a successful #hackathon"": A blueprint for planning, hosting, and managing a successful hackathon - by   :",0,0,0,266,['#hackathon'],['@viewfromabook'],[],https://pbs.twimg.com/profile_images/1114515035865399296/V6nLLbjK_normal.jpg,https://twitter.com/securestep9/status/1626921987804172290,tweet_id:1626921987804172290
Sam Stepanyan,@securestep9,2023-02-18T11:43:28.000Z,False,"Last Thursday at #OWASP #GlobalAppSec 2023 Conference in Dublin the OWASP Board made the announcement that from now on the letter ""W"" in OWASP will mean ""Worldwide"" as OWASP is about helping everyone secure not just Web app, but all applications (Mobile/API/Cloud/IoT): #Worldwide",2,14,51,"4,172","['#OWASP', '#GlobalAppSec', '#Worldwide']",[],[],https://pbs.twimg.com/profile_images/1114515035865399296/V6nLLbjK_normal.jpg,https://twitter.com/securestep9/status/1626910263478820864,tweet_id:1626910263478820864
Sam Stepanyan,@securestep9,2023-02-18T11:44:08.000Z,False,^Cc: ,0,0,1,313,[],['@crashappsec'],[],https://pbs.twimg.com/profile_images/1114515035865399296/V6nLLbjK_normal.jpg,https://twitter.com/securestep9/status/1626910432081465346,tweet_id:1626910432081465346
Sam Stepanyan,@securestep9,2023-02-18T11:16:19.000Z,False,"Hundreds of millions of #Twitter users using SMS for 2FA will have their accounts suspended if they don't upgrade to paid Twitter by 19th March 2023.

I wonder how long until  starts charging Tesla drivers $8/hour for wearing seatbelts while driving ",1,3,19,"2,964",['#Twitter'],['@elonmusk'],['\\U0001f914'],https://pbs.twimg.com/profile_images/1114515035865399296/V6nLLbjK_normal.jpg,https://twitter.com/securestep9/status/1626903434447183873,tweet_id:1626903434447183873
Sam Stepanyan,@securestep9,2023-02-16T19:22:11.000Z,False,When at #OWASP #GlobalAppSec conference don't forget to catch-up with #AppSec legends:   (#JuiceShop project leader) and  (OWASP Board member and OWASP Project #Spotlight Series leader):,1,0,19,"1,222","['#OWASP', '#GlobalAppSec', '#AppSec', '#JuiceShop', '#Spotlight']","['@bkimminich', '@InfosecVandana']",[],https://pbs.twimg.com/profile_images/1114515035865399296/V6nLLbjK_normal.jpg,https://twitter.com/securestep9/status/1626300929623355395,tweet_id:1626300929623355395
Eshan Parihar,@eshan_parihar,2023-02-16T16:26:33.000Z,False,A very intriguing talk by  on using #OWASP Nettacker . I would highly recommend everyone to give this amazing tool a try(specially students).,1,4,6,615,['#OWASP'],['@securestep9'],['\\U0001f525'],https://pbs.twimg.com/profile_images/1570456132665356293/Rp9e0CGU_normal.jpg,https://twitter.com/eshan_parihar/status/1626256728550506499,tweet_id:1626256728550506499
Eshan Parihar,@eshan_parihar,2023-02-16T15:39:05.000Z,False, showing us the working of #OWASP Nettacker!,0,1,2,174,['#OWASP'],['@securestep9'],['\\U0001f525'],https://pbs.twimg.com/profile_images/1570456132665356293/Rp9e0CGU_normal.jpg,https://twitter.com/eshan_parihar/status/1626244784644931584,tweet_id:1626244784644931584
Sam Stepanyan,@securestep9,2023-02-16T09:51:04.000Z,False,"One of  's slides at #GlobalAppSec covered the importance of having an inventory of your apps and services.
 If you want to learn about an OWASP tool (#Nettacker) which can help you create an inventory come to my talk at 3:30pm @ Liffey Meeting Room 2",2,8,17,"2,569","['#GlobalAppSec', '#Nettacker']",['@shehackspurple'],[],https://pbs.twimg.com/profile_images/1114515035865399296/V6nLLbjK_normal.jpg,https://twitter.com/securestep9/status/1626157203294912513,tweet_id:1626157203294912513
Sam Stepanyan,@securestep9,2023-02-16T09:25:40.000Z,False,Watching Tanya Janca's () great keynote at #GlobalAppSec on why we should shift security everywhere:,1,3,12,"1,812",['#GlobalAppSec'],['@shehackspurple'],[],https://pbs.twimg.com/profile_images/1114515035865399296/V6nLLbjK_normal.jpg,https://twitter.com/securestep9/status/1626150811809054721,tweet_id:1626150811809054721
Sam Stepanyan,@securestep9,2023-02-15T16:11:03.000Z,False,"Watching  's talk at #GlobalAppSec and learning about the new free and #opensource Application Security Toolchain Framework with integrations for several scanners 

 #Dracon",0,5,9,849,"['#GlobalAppSec', '#opensource', '#Dracon']",['@0xfde'],[],https://pbs.twimg.com/profile_images/1114515035865399296/V6nLLbjK_normal.jpg,https://twitter.com/securestep9/status/1625890440271613952,tweet_id:1625890440271613952
Sam Stepanyan,@securestep9,2023-02-15T15:54:43.000Z,False,It was great to finally meet  in person! @ #GlobalAppSec ! https://t.co/LORU3sphCE,0,0,6,666,['#GlobalAppSec'],['@danjconn'],[],https://pbs.twimg.com/profile_images/1114515035865399296/V6nLLbjK_normal.jpg,https://twitter.com/securestep9/status/1625886329421631490,tweet_id:1625886329421631490
Sam Stepanyan,@securestep9,2023-02-15T10:57:24.000Z,False,"""#GitHub Actions #Vulnerabilities, Attacks, and Counter-measures"" - watching 's talk at #GlobalAppSec",1,6,12,"1,372","['#GitHub', '#Vulnerabilities', '#GlobalAppSec']",['@magnologan'],[],https://pbs.twimg.com/profile_images/1114515035865399296/V6nLLbjK_normal.jpg,https://twitter.com/securestep9/status/1625811508692242433,tweet_id:1625811508692242433
Sam Stepanyan,@securestep9,2023-02-15T09:34:41.000Z,False,"Watching an amazing keynote by   talking about  #Privacy  #ThreatModeling at #OWASP #GlobalAppSec conference in Dublin.
Fun example of threat modeling when buying ice cream for children. What can possibly go wrong?",0,3,12,"1,186","['#Privacy', '#ThreatModeling', '#OWASP', '#GlobalAppSec']",['@Wuytski'],[],https://pbs.twimg.com/profile_images/1114515035865399296/V6nLLbjK_normal.jpg,https://twitter.com/securestep9/status/1625790692290183233,tweet_id:1625790692290183233
Sam Stepanyan,@securestep9,2023-02-15T09:21:29.000Z,False,Excited to attend and present at the awesome #OWASP #GlobalAppSec conference in Dublin!#AppSec#Conference,1,1,32,"1,337","['#OWASP', '#GlobalAppSec', '#AppSec', '#Conference']",[],[],https://pbs.twimg.com/profile_images/1114515035865399296/V6nLLbjK_normal.jpg,https://twitter.com/securestep9/status/1625787372397789184,tweet_id:1625787372397789184
Sam Stepanyan,@securestep9,2023-02-14T12:17:23.000Z,False,"If you own #Apple's devices like  #iPhone, #iPad, #macOS laptops you need to install Apple security updates today!
 A #zeroday #vulnerability CVE-2023-23529 (arbitrary code execution in WebKit engine) is under active exploitation ""in the wild"":
 https://thehackernews.com/2023/02/patch-now-apples-ios-ipados-macos-and.html…",0,2,3,365,"['#Apple', '#iPhone', '#iPad', '#macOS', '#zeroday', '#vulnerability']",[],[],https://pbs.twimg.com/profile_images/1114515035865399296/V6nLLbjK_normal.jpg,https://twitter.com/securestep9/status/1625469247718584320,tweet_id:1625469247718584320
Sam Stepanyan,@securestep9,2023-02-09T07:49:08.000Z,False,"#AzureDown in #Singapore/SouthEast Asia. Yesterday a power surge in a regional #Microsoft Azure #Cloud datacentre prevented people in Singapore from making payments, using public transport, buying concert tickets, accessing emails and University websites:https://businesstimes.com.sg/singapore/cpf-ez-link-services-multiple-websites-down-after-power-outage-microsoft-azure…",0,2,1,542,"['#AzureDown', '#Singapore', '#Microsoft', '#Cloud']",[],[],https://pbs.twimg.com/profile_images/1114515035865399296/V6nLLbjK_normal.jpg,https://twitter.com/securestep9/status/1623589804075102209,tweet_id:1623589804075102209
Sam Stepanyan,@securestep9,2023-02-07T15:48:44.000Z,False,Distinction between #Vulnerability Disclosure Report (#VDR) and Vulnerability Exploitability eXchange (#VEX):https://github.com/CycloneDX/bom-examples/tree/master/VDR…,0,0,1,308,"['#Vulnerability', '#VDR', '#VEX']",[],[],https://pbs.twimg.com/profile_images/1114515035865399296/V6nLLbjK_normal.jpg,https://twitter.com/securestep9/status/1622985720678830082,tweet_id:1622985720678830082
Sam Stepanyan,@securestep9,2023-02-07T15:47:11.000Z,False,"Brand New #OWASP Project ""OWASP #AI Security & Privacy Guide"" has been launched!#AIsecurity",0,3,5,607,"['#OWASP', '#AI', '#AIsecurity']",[],['\\U0001f447'],https://pbs.twimg.com/profile_images/1114515035865399296/V6nLLbjK_normal.jpg,https://twitter.com/securestep9/status/1622985331933868032,tweet_id:1622985331933868032
Sam Stepanyan,@securestep9,2023-02-04T09:15:59.000Z,False,"Looks like #Google has completely failed at stopping #malware from being advertised in #GoogleAds.

""Until further notice, think twice before using Google to download software"":
- by https://arstechnica.com/information-technology/2023/02/until-further-notice-think-twice-before-using-google-to-download-software/…",1,2,5,"1,048","['#Google', '#malware', '#GoogleAds']",['@dangoodin001'],[],https://pbs.twimg.com/profile_images/1114515035865399296/V6nLLbjK_normal.jpg,https://twitter.com/securestep9/status/1621799718685646848,tweet_id:1621799718685646848
Sam Stepanyan,@securestep9,2023-02-03T10:52:35.000Z,False,#Jira Critical #Vulnerability CVE-2023-22501 (CVSS score: 9.4) affects #Atlassian Jira Service Management Server and Data Center that could be abused by an attacker to pass off as another user & gain unauthorized access. Patches released:,0,4,3,952,"['#Jira', '#Vulnerability', '#Atlassian']",[],[],https://pbs.twimg.com/profile_images/1114515035865399296/V6nLLbjK_normal.jpg,https://twitter.com/securestep9/status/1621461640821571586,tweet_id:1621461640821571586
Sam Stepanyan,@securestep9,2023-02-03T08:19:30.000Z,False,"#F5 BIG-IP and #CISCO IOS patch #vulnerabilities that could lead to denial-of-service (DoS) or arbitrary code execution. If you have these devices don't forget to patch today!#CVE-2023-22374 (F5)
CVE-2023-20076 (Cisco)",0,2,0,452,"['#F5', '#CISCO', '#vulnerabilities', '#CVE']",[],[],https://pbs.twimg.com/profile_images/1114515035865399296/V6nLLbjK_normal.jpg,https://twitter.com/securestep9/status/1621423116718116865,tweet_id:1621423116718116865
Sam Stepanyan,@securestep9,2023-02-02T19:18:46.000Z,False,Truffle Security () relaunches #XSS Hunter open source tool with new features after the tool's original creator declared that he will be deprecating it in February:#XSSHunter  #BugBountyTips#BugBountyTooldhttps://portswigger.net/daily-swig/truffle-security-relaunches-xss-hunter-tool-with-new-features…,1,20,97,1万,"['#XSS', '#XSSHunter', '#BugBountyTips', '#BugBountyToold']",['@trufflesec'],[],https://pbs.twimg.com/profile_images/1114515035865399296/V6nLLbjK_normal.jpg,https://twitter.com/securestep9/status/1621226641480368135,tweet_id:1621226641480368135
Intigriti,@intigriti,2023-02-02T12:46:03.000Z,True,Can you spot the vulnerability? Show us how you'd get RCE in the comments The best explanation gets a 25€ SWAG voucher! ,33,81,473,10万,[],[],"['\\U0001f50e', '\\U0001f447', '\\U0001f3ab']",https://pbs.twimg.com/profile_images/1740712382903488512/rHiQfQ4Z_normal.jpg,https://twitter.com/intigriti/status/1621127808893308931,tweet_id:1621127808893308931
Sam Stepanyan,@securestep9,2023-02-02T09:10:32.000Z,False,#vBulletin <= 5.6.9: Pre-authentication Remote Code Execution (#RCE) - an interesting write-up on the steps and the difficulty to achieve exploitable deserialisation:#PHPhttps://ambionics.io/blog/vbulletin-unserializable-but-unreachable…,1,38,121,1万,"['#vBulletin', '#RCE', '#PHP']",[],[],https://pbs.twimg.com/profile_images/1114515035865399296/V6nLLbjK_normal.jpg,https://twitter.com/securestep9/status/1621073574735011843,tweet_id:1621073574735011843
Petko D. Petkov,@pdp,2023-01-29T10:41:53.000Z,True,People leaking their OpenAI keys everywhere. Insane.,0,2,4,954,[],[],[],https://pbs.twimg.com/profile_images/1618188430805983233/TGqmU6w1_normal.jpg,https://twitter.com/pdp/status/1619647011938275331,tweet_id:1619647011938275331
Sam Stepanyan,@securestep9,2023-01-25T08:31:54.000Z,True,"Microsoft Office 365 cloud services go down for thousands of users worldwide affecting MS Teams, Outlook, SharePoint, OneDrive for Business and Xbox Live:#OfficeDown",0,1,5,"3,127",['#OfficeDown'],[],[],https://pbs.twimg.com/profile_images/1114515035865399296/V6nLLbjK_normal.jpg,https://twitter.com/securestep9/status/1618164747748413447,tweet_id:1618164747748413447
Sam Stepanyan,@securestep9,2023-01-22T12:45:05.000Z,False,"Website fully created by #ChatGPT - ""my super duper website .com"":",0,0,3,491,['#ChatGPT'],[],['\\U0001f447'],https://pbs.twimg.com/profile_images/1114515035865399296/V6nLLbjK_normal.jpg,https://twitter.com/securestep9/status/1617141299596988416,tweet_id:1617141299596988416
Sam Stepanyan,@securestep9,2023-01-22T12:40:46.000Z,False,#MSTeams #RCE vulnerability found by  & . The deeplink handler for /l/task/:appId in Teams can load an arbitrary URL in webview/#iframe. Attackers can abuse this  combined with Teams RPC to get code execution outside the sandbox:https://blog.pksecurity.io/2023/01/16/2022-microsoft-teams-rce.html…,1,24,62,"9,642","['#MSTeams', '#RCE', '#iframe']","['@adm1nkyj1', '@jinmo123']",[],https://pbs.twimg.com/profile_images/1114515035865399296/V6nLLbjK_normal.jpg,https://twitter.com/securestep9/status/1617140215209926656,tweet_id:1617140215209926656
Sam Stepanyan,@securestep9,2023-01-21T18:52:58.000Z,False,"Attackers now use #OneNote (.one) attachments to spread #malware by hiding the malicious .vbs scripts behind the 'Double Click to View File' button in the note: 
  https://bleepingcomputer.com/news/security/beware-hackers-now-use-onenote-attachments-to-spread-malware/…",0,1,9,568,"['#OneNote', '#malware']",[],[],https://pbs.twimg.com/profile_images/1114515035865399296/V6nLLbjK_normal.jpg,https://twitter.com/securestep9/status/1616871491072557056,tweet_id:1616871491072557056
Sam Stepanyan,@securestep9,2023-01-20T22:02:32.000Z,False,Consider All #Microservices #Vulnerable - And Monitor Their Behaviour  - Kubernetes Blog post:https://kubernetes.io/blog/2023/01/20/security-behavior-analysis/…,0,1,1,204,"['#Microservices', '#Vulnerable']",[],[],https://pbs.twimg.com/profile_images/1114515035865399296/V6nLLbjK_normal.jpg,https://twitter.com/securestep9/status/1616556810902687751,tweet_id:1616556810902687751
Sam Stepanyan,@securestep9,2023-01-18T15:28:11.000Z,False,#Git: Critical #vulnerabilities have been identified in the Git source code version control system that could enable Remote Code Execution (#RCE) Attacks. Patched versions now available:,0,0,5,406,"['#Git', '#vulnerabilities', '#RCE']",[],[],https://pbs.twimg.com/profile_images/1114515035865399296/V6nLLbjK_normal.jpg,https://twitter.com/securestep9/status/1615732793920876544,tweet_id:1615732793920876544
Sam Stepanyan,@securestep9,2023-01-17T20:53:34.000Z,False,#AWS CloudTrail #vulnerability: Undocumented API allows CloudTrail bypass:#CloudSecurity#CloudSechttps://securitylabs.datadoghq.com/articles/iamadmin-cloudtrail-bypass/…,0,6,9,880,"['#AWS', '#vulnerability', '#CloudSecurity', '#CloudSec']",[],[],https://pbs.twimg.com/profile_images/1114515035865399296/V6nLLbjK_normal.jpg,https://twitter.com/securestep9/status/1615452292349583397,tweet_id:1615452292349583397
Clint Gibler,@clintgibler,2023-01-11T20:00:16.000Z,True," I scanned every package on PyPi and found 57 live AWS keys

How Tom Forbes scanned PyPi, found credentials from a number of orgs (including Amazon itself), and released a tool to replicate the process aws-creds-scanner: https://github.com/orf/aws-creds-scanner…",0,9,19,"1,963",[],[],"['\\U0001f50e', '\\U0001f6e0\\ufe0f']",https://pbs.twimg.com/profile_images/860562378441740288/MgPA8UqM_normal.jpg,https://twitter.com/clintgibler/status/1613264550723481602,tweet_id:1613264550723481602
Gene Kim,@RealGeneKim,2023-01-10T20:07:21.000Z,True,"10 years ago, The Phoenix Project was published —

To celebrate, this book is free today!

What an incredible journey it has been — with over 700K copies sold, I'm always blown away by the stories people tell me about how it's changed their orgs (and careers)! ",14,192,480,10万,[],[],"['\\U0001f64f', '\\U0001f64f']",https://pbs.twimg.com/profile_images/1208492572420665344/ou-2Ojes_normal.jpg,https://twitter.com/RealGeneKim/status/1612903945911033857,tweet_id:1612903945911033857
Sam Stepanyan,@securestep9,2023-01-10T09:18:59.000Z,False,"#jsonwebtoken High Severity Security #Vulnerability Found in ""jsonwebtoken"" #NPM Library (CVE-2022-23529). Attackers could achieve remote code execution (RCE) on a server verifying a maliciously crafted #JWT request. Update jsonwebtoken package to v9.0.0: https://thehackernews.com/2023/01/critical-security-flaw-found-in.html…",2,6,4,"1,555","['#jsonwebtoken', '#Vulnerability', '#NPM', '#JWT']",[],[],https://pbs.twimg.com/profile_images/1114515035865399296/V6nLLbjK_normal.jpg,https://twitter.com/securestep9/status/1612740777259552768,tweet_id:1612740777259552768
Sam Stepanyan,@securestep9,2023-01-09T23:36:43.000Z,False,Google Publishes a Tutorial on How To Deploy #OWASP #DependencyTrack Platform to Google Cloud:#SupplyChainSecurity#OpenSource #SBOMhttps://cloud.google.com/community/tutorials/deploy-dependency-track…,1,8,14,998,"['#OWASP', '#DependencyTrack', '#SupplyChainSecurity', '#OpenSource', '#SBOM']",[],[],https://pbs.twimg.com/profile_images/1114515035865399296/V6nLLbjK_normal.jpg,https://twitter.com/securestep9/status/1612594245730189312,tweet_id:1612594245730189312
Sam Stepanyan,@securestep9,2023-01-07T15:48:28.000Z,False,#ChatGPT AI is now writing #malware! ,1,3,12,"1,312","['#ChatGPT', '#malware']",[],['\\U0001f628'],https://pbs.twimg.com/profile_images/1114515035865399296/V6nLLbjK_normal.jpg,https://twitter.com/securestep9/status/1611751633137844224,tweet_id:1611751633137844224
Sam Stepanyan,@securestep9,2023-01-07T12:43:30.000Z,False,"#WordPress: Stored #XSS #Vulnerability in WordPress #Popup Maker Plugin Affects 700,000+ Websites (CVE-2022-4381):",0,0,1,419,"['#WordPress', '#XSS', '#Vulnerability', '#Popup']",[],[],https://pbs.twimg.com/profile_images/1114515035865399296/V6nLLbjK_normal.jpg,https://twitter.com/securestep9/status/1611705082256543744,tweet_id:1611705082256543744
Sam Stepanyan,@securestep9,2023-01-06T22:47:12.000Z,False,"#AirFrance and #KLM notify customers of their accounts being #breached and asking to change passwords on Flying Blue loyalty program website. Flying Blue member airlines include Air France, KLM, Transavia, Aircalin, Kenya Airways, and TAROM:#databreach",0,1,2,441,"['#AirFrance', '#KLM', '#breached', '#databreach']",[],[],https://pbs.twimg.com/profile_images/1114515035865399296/V6nLLbjK_normal.jpg,https://twitter.com/securestep9/status/1611494622215168000,tweet_id:1611494622215168000
Corben Leo,@hacker_,2023-01-02T18:20:27.000Z,True,"I hacked a large company (70k+ employees) through social engineering. Legally of course.

• I set up the infrastructure
• Scraped names & emails with LinkedIn
• Sent 200 phishing emails.

I had access to their AWS console within 2 minutes.

And much more:",77,658,"3,964",51万,[],[],[],https://pbs.twimg.com/profile_images/1656078411633229827/XV0i6MlJ_normal.jpg,https://twitter.com/hacker_/status/1609977940917522432,tweet_id:1609977940917522432
Sam Stepanyan,@securestep9,2023-01-02T15:26:18.000Z,False,#PyTorch Machine Learning Framework Compromised with Malicious Dependency:#SupplyChainSecurity,0,2,0,272,"['#PyTorch', '#SupplyChainSecurity']",[],[],https://pbs.twimg.com/profile_images/1114515035865399296/V6nLLbjK_normal.jpg,https://twitter.com/securestep9/status/1609934115796832256,tweet_id:1609934115796832256
Sam Stepanyan,@securestep9,2022-12-27T18:25:10.000Z,False,"#Linktree fixes account takeover vulnerability. #JWT validation could be bypassed by attackers by simply setting the expiration date to a date in the past!
Linktree awarded $2,500 #BugBounty to a researcher ""twelvesix"".#BugBountyTips",0,1,4,746,"['#Linktree', '#JWT', '#BugBounty', '#BugBountyTips']",[],[],https://pbs.twimg.com/profile_images/1114515035865399296/V6nLLbjK_normal.jpg,https://twitter.com/securestep9/status/1607804800909078533,tweet_id:1607804800909078533
