Name,Handle,Timestamp,Verified,Content,Comments,Retweets,Likes,Analytics,Tags,Mentions,Emojis,Profile Image,Tweet Link,Tweet ID
Apiiro,@ApiiroSecurity,2024-03-26T12:42:09.000Z,True,"As a payments infrastructure provider,  can’t just float along when it comes to application security.  

They turned to Apiiro to streamline collaboration with developers and propel their #AppSec program forward, enabling them to... Maintain visibility of Paddle’s…",0,1,4,151,['#AppSec'],['@PaddleHQ'],"['\\U0001f6a3', '\\U0001f680']",https://pbs.twimg.com/profile_images/1664669717473157121/il52hYkr_normal.png,https://twitter.com/ApiiroSecurity/status/1772604955406344324,tweet_id:1772604955406344324
Apiiro,@ApiiroSecurity,2024-03-12T14:39:47.000Z,True,"We sat down with Adam Jordan (), Distinguished Engineer & Head of Secure, Sustainable Software at Shell, to talk about how Shell… Enables autonomy to deliver secure software Defines strong security controls and automation Measures and articulates #AppSec success…",0,2,2,178,['#AppSec'],['@XYLAMIC'],"['\\U0001f916', '\\U0001f4aa', '\\U0001f4c8']",https://pbs.twimg.com/profile_images/1664669717473157121/il52hYkr_normal.png,https://twitter.com/ApiiroSecurity/status/1767561128521961779,tweet_id:1767561128521961779
Dr. Eli David,@DrEliDavid,2023-10-29T20:36:30.000Z,True," Breaking:  called head of Israel Security Agency (Shin Bet) and assured him that:

1. He fully supports Israel in its war against terrorism
2. No Starlink will be given to Gaza without Israel security approval

Thank you  for standing with Israel ","2,304",1万,5.3万,273万,[],"['@elonmusk', '@elonmusk']","['\\U0001f6a8', '\\U0001f1ee\\U0001f1f1']",https://pbs.twimg.com/profile_images/1469311196616704005/8ebbwzTe_normal.jpg,https://twitter.com/DrEliDavid/status/1718728538113683536,tweet_id:1718728538113683536
Idan Plotnik,@idanplotnik,2023-10-27T12:34:55.000Z,True,Unbelievable. Nazism v2. 2023.,0,2,0,173,[],[],[],https://pbs.twimg.com/profile_images/1315935720650018818/kSN1DEtL_normal.jpg,https://twitter.com/idanplotnik/status/1717882569398571400,tweet_id:1717882569398571400
Idan Plotnik,@idanplotnik,2023-10-27T11:55:41.000Z,False," Checklist for evaluating, implementing & operationalizing an Application Security Posture Management (#ASPM).

Spoiler  Not all ASPMs are created equal. https://apiiro.com/resource/application-security-posture-management-aspm-checklist/…#appsec #devsecops #RiskManagement #supplychain",0,0,1,74,"['#ASPM', '#appsec', '#devsecops', '#RiskManagement', '#supplychain']",[],"['\\u2705', '\\U0001f6d1', '\\u2696\\ufe0f']",https://pbs.twimg.com/profile_images/1315935720650018818/kSN1DEtL_normal.jpg,https://twitter.com/idanplotnik/status/1717872693230420028,tweet_id:1717872693230420028
Apiiro,@ApiiroSecurity,2024-03-26T12:42:09.000Z,True,"As a payments infrastructure provider,  can’t just float along when it comes to application security.  

They turned to Apiiro to streamline collaboration with developers and propel their #AppSec program forward, enabling them to... Maintain visibility of Paddle’s…",0,1,4,151,['#AppSec'],['@PaddleHQ'],"['\\U0001f6a3', '\\U0001f680']",https://pbs.twimg.com/profile_images/1664669717473157121/il52hYkr_normal.png,https://twitter.com/ApiiroSecurity/status/1772604955406344324,tweet_id:1772604955406344324
Apiiro,@ApiiroSecurity,2024-03-12T14:39:47.000Z,True,"We sat down with Adam Jordan (), Distinguished Engineer & Head of Secure, Sustainable Software at Shell, to talk about how Shell… Enables autonomy to deliver secure software Defines strong security controls and automation Measures and articulates #AppSec success…",0,2,2,178,['#AppSec'],['@XYLAMIC'],"['\\U0001f916', '\\U0001f4aa', '\\U0001f4c8']",https://pbs.twimg.com/profile_images/1664669717473157121/il52hYkr_normal.png,https://twitter.com/ApiiroSecurity/status/1767561128521961779,tweet_id:1767561128521961779
Dr. Eli David,@DrEliDavid,2023-10-29T20:36:30.000Z,True," Breaking:  called head of Israel Security Agency (Shin Bet) and assured him that:

1. He fully supports Israel in its war against terrorism
2. No Starlink will be given to Gaza without Israel security approval

Thank you  for standing with Israel ","2,304",1万,5.3万,273万,[],"['@elonmusk', '@elonmusk']","['\\U0001f6a8', '\\U0001f1ee\\U0001f1f1']",https://pbs.twimg.com/profile_images/1469311196616704005/8ebbwzTe_normal.jpg,https://twitter.com/DrEliDavid/status/1718728538113683536,tweet_id:1718728538113683536
Israel Defense Forces,@IDF,2023-10-24T17:49:01.000Z,True,"“Look how many I killed with my own hands! Your son killed Jews!”

Listen to a phone call of a Hamas terrorist calling home, bragging about how many people he massacred.

The whole world needs to hear this.","7,147",1万,1.9万,246万,[],[],[],https://pbs.twimg.com/profile_images/1460244034706935808/lBBT0_jC_normal.jpg,https://twitter.com/IDF/status/1716874448694096095,tweet_id:1716874448694096095
PnL,@PnL63962200,2023-10-25T19:27:24.000Z,False,"Hi  - I was shocked to discover that one of your Cyber Security Trainer and Review Board Members is also an antisemitic, a terror supporter who publicly denies Hamas Terror acts. Please remove  from his role immediately!",155,286,"1,063",35万,[],"['@BlackHatEvents', '@Voulnet']",[],https://pbs.twimg.com/profile_images/1056859514551578624/6STiou8c_normal.jpg,https://twitter.com/PnL63962200/status/1717261598077698222,tweet_id:1717261598077698222
Arsen Ostrovsky,@Ostrov_A,2023-10-24T16:39:57.000Z,True,Hi UN Secretary General . Did this place also not happen in a vacuum? Asking for 6 million friends …,"1,493","3,621",1.1万,62万,[],['@antonioguterres'],[],https://pbs.twimg.com/profile_images/1761462047005425667/6ZR25fST_normal.jpg,https://twitter.com/Ostrov_A/status/1716857066638192652,tweet_id:1716857066638192652
יוסף חדאד - Yoseph Haddad,@YosephHaddad,2023-10-20T10:01:01.000Z,True,"לא יודע מי הפיק את הסרטון הזה אבל הוא בהחלט חזק!
וכמו המסר שהעברתי כבר שנים, זה הפתרון: צה""ל חייב לדבר ערבית!",348,"1,809","7,031",22万,[],[],[],https://pbs.twimg.com/profile_images/1349335380399697925/i8b_hNBd_normal.jpg,https://twitter.com/YosephHaddad/status/1715307120667611398,tweet_id:1715307120667611398
George Deek,@GeorgeDeek,2023-10-08T13:01:31.000Z,True,"Over 600 Israelis murdered in the darkest day of modern Israel’s history. 
Stand with Israel, stand with justice ","1,042","3,632","7,946",59万,[],[],['\\U0001f1ee\\U0001f1f1'],https://pbs.twimg.com/profile_images/1657527999632142341/GjeZ3WCs_normal.jpg,https://twitter.com/GeorgeDeek/status/1711003891523883361,tweet_id:1711003891523883361
Idan Plotnik,@idanplotnik,2023-10-07T13:27:15.000Z,False,We will not forget nor forgive. Israel ,2,0,0,258,[],[],['\\U0001f1ee\\U0001f1f1'],https://pbs.twimg.com/profile_images/1315935720650018818/kSN1DEtL_normal.jpg,https://twitter.com/idanplotnik/status/1710647980552864204,tweet_id:1710647980552864204
Idan Plotnik,@idanplotnik,2023-09-06T09:34:23.000Z,True,"AppSec revolutionized 
1. Automate compliance
2. Prioritize & remediate your alert backlog 
3. Trigger contextual threat models 
4. Tigger contextual pen-testing
5. Prevent with contextual developers guardrails
6. Dynamically assess your application risk

ONE #ASPM platform ",0,0,1,165,['#ASPM'],[],['\\U0001f447'],https://pbs.twimg.com/profile_images/1315935720650018818/kSN1DEtL_normal.jpg,https://twitter.com/idanplotnik/status/1699355353849225465,tweet_id:1699355353849225465
Forbes Technology Council,@ForbesTechCncl,2023-06-15T13:33:59.000Z,False,ASPM: Accelerating Development And Business Velocity While Reducing Risks  https://hubs.li/Q01TzRbR0 Written by  of ,0,6,4,204,[],"['@idanplotnik', '@ApiiroSecurity']",[],https://pbs.twimg.com/profile_images/1555337429917237248/VUzEXoz2_normal.png,https://twitter.com/ForbesTechCncl/status/1669337460369764352,tweet_id:1669337460369764352
Idan Plotnik,@idanplotnik,2023-06-04T15:11:19.000Z,False,Finally!  in 1 min   We secure your development and delivery to the cloud! We are the #AppSec heroes #devsecops #riskassessment #softwaresupplychainsecurity #cloudsecurity #developertools #context #development #cloud #softwaretesting,0,0,3,145,"['#AppSec', '#devsecops', '#riskassessment', '#softwaresupplychainsecurity', '#cloudsecurity', '#developertools', '#context', '#development', '#cloud', '#softwaretesting']",['@ApiiroSecurity'],"['\\U0001f60d', '\\U0001f4aa', '\\U0001f4a5', '\\U0001f680']",https://pbs.twimg.com/profile_images/1315935720650018818/kSN1DEtL_normal.jpg,https://twitter.com/idanplotnik/status/1665375687316852739,tweet_id:1665375687316852739
Idan Plotnik,@idanplotnik,2023-06-02T20:42:32.000Z,True,Apiiro in 1min ,1,0,2,163,[],[],"['\\u2764\\ufe0f', '\\U0001f680', '\\U0001f4aa']",https://pbs.twimg.com/profile_images/1315935720650018818/kSN1DEtL_normal.jpg,https://twitter.com/idanplotnik/status/1664734266180206592,tweet_id:1664734266180206592
Idan Plotnik,@idanplotnik,2023-05-13T05:56:17.000Z,False,"Application Security Posture Management (#ASPM) is redefining how organizations effectively reduce application risk at scale    = ASPM + AST + SBOM + Software Supply Chain Security

Download the new  report for free https://apiiro.com/blog/gartner-innovation-insight-aspm-2023/?utm_content=248290848&utm_medium=social&utm_source=linkedin&hss_channel=lcp-13057840…",0,0,0,109,['#ASPM'],"['@ApiiroSecurity', '@Gartner_inc']",['\\U0001f680'],https://pbs.twimg.com/profile_images/1315935720650018818/kSN1DEtL_normal.jpg,https://twitter.com/idanplotnik/status/1657263472973889538,tweet_id:1657263472973889538
Apiiro,@ApiiroSecurity,2023-04-26T13:00:05.000Z,True,"Join Apiiro, , and  tonight for a  martini,  Manhattan, or your beverage of choice at one of San Francisco's oldest cocktail bars. Cheers!

Register here: https://apii.ro/3MHf9p2",1,3,5,"1,154",[],"['@Bugcrowd', '@SecCodeWarrior']","['\\U0001f378', '\\U0001f943']",https://pbs.twimg.com/profile_images/1664669717473157121/il52hYkr_normal.png,https://twitter.com/ApiiroSecurity/status/1651209532398288896,tweet_id:1651209532398288896
Idan Plotnik,@idanplotnik,2023-04-25T16:35:09.000Z,True,"This is going to change the #AppSec industry U can understand your app architecture & attack surface by asking any Q across code components, pipelines, security signals 3rd-party/native tools, changes over time, dev knowledge, business impact, risks & their connections ",2,0,3,"1,284",['#AppSec'],[],"['\\U0001f4a5', '\\U0001f62e']",https://pbs.twimg.com/profile_images/1315935720650018818/kSN1DEtL_normal.jpg,https://twitter.com/idanplotnik/status/1650901268532195328,tweet_id:1650901268532195328
Apiiro,@ApiiroSecurity,2022-12-07T16:52:20.000Z,True,"The plot thickens - another typosquatting attack revealed. The package - https-rot, still present on PyPI. Same MO, code and author is related to pywz by realizing GitHub clique.https://apiiro.com/blog/apiiros-ai-engine-detected-a-software-supply-chain-attack-in-pypi/…",0,4,4,0,[],[],[],https://pbs.twimg.com/profile_images/1664669717473157121/il52hYkr_normal.png,https://twitter.com/ApiiroSecurity/status/1600533678635073539,tweet_id:1600533678635073539
Idan Plotnik,@idanplotnik,2022-12-07T11:13:23.000Z,True,"AppSec Heroes, great job!  's AI Detection Engine discovered yesterday a Software Supply Chain attack. A malicious package in   package manager was uploaded on Dec 2nd. Tech details #AppSec #DevSecOps #softwaresupplychain #opensource #riskmanagement",2,0,4,0,"['#AppSec', '#DevSecOps', '#softwaresupplychain', '#opensource', '#riskmanagement']","['@ApiiroSecurity', '@pypi']","['\\U0001f680', '\\U0001f4aa', '\\U0001f447']",https://pbs.twimg.com/profile_images/1315935720650018818/kSN1DEtL_normal.jpg,https://twitter.com/idanplotnik/status/1600448379770720256,tweet_id:1600448379770720256
Idan Plotnik,@idanplotnik,2022-12-03T02:10:19.000Z,True,Transparency is the key,0,0,0,0,[],[],[],https://pbs.twimg.com/profile_images/1315935720650018818/kSN1DEtL_normal.jpg,https://twitter.com/idanplotnik/status/1598862161001951232,tweet_id:1598862161001951232
Idan Plotnik,@idanplotnik,2022-11-21T22:49:08.000Z,False,We are the AppSec Heroes  Being an AppSec Hero means helping customers develop & deliver secure applications to the cloud. This is our mission. amazing milestone for  Thanks  for supporting us in our journey to transform the cloud #AppSec market. LFG,2,1,4,0,['#AppSec'],"['@ApiiroSecurity', '@Nasdaq']","['\\U0001f9b8\\u200d\\u2640\\ufe0f', '\\U0001f680', '\\U0001f4aa']",https://pbs.twimg.com/profile_images/1315935720650018818/kSN1DEtL_normal.jpg,https://twitter.com/idanplotnik/status/1594825266756558872,tweet_id:1594825266756558872
Idan Plotnik,@idanplotnik,2022-11-21T02:45:46.000Z,False,"Stop wasting time on irrelevant changes when running security code reviews, pen-testing or threat models.  Diff vs.  Material Changes. Listen to this top notch developer https://apiiro.com/blog/stop-wasting-your-time-on-irrelevant-changes-while-developing-software/… #developerlife #appsec #DevSecOps #Pentesting",0,0,1,0,"['#developerlife', '#appsec', '#DevSecOps', '#Pentesting']","['@GitHub', '@ApiiroSecurity']",['\\U0001f447'],https://pbs.twimg.com/profile_images/1315935720650018818/kSN1DEtL_normal.jpg,https://twitter.com/idanplotnik/status/1594522427190644736,tweet_id:1594522427190644736
Idan Plotnik,@idanplotnik,2022-11-18T17:42:52.000Z,True,Top notch team  AppSec Heroes ,0,0,2,0,[],[],"['\\u2764\\ufe0f', '\\U0001f680', '\\U0001f4a5', '\\U0001f64c']",https://pbs.twimg.com/profile_images/1315935720650018818/kSN1DEtL_normal.jpg,https://twitter.com/idanplotnik/status/1593661028008591365,tweet_id:1593661028008591365
Idan Plotnik,@idanplotnik,2022-11-14T20:38:33.000Z,True,Come visit the AppSec Heroes   ,0,0,1,0,[],"['@owasp', '@ApiiroSecurity']","['\\U0001f9b8\\u200d\\u2640\\ufe0f', '\\U0001f680']",https://pbs.twimg.com/profile_images/1315935720650018818/kSN1DEtL_normal.jpg,https://twitter.com/idanplotnik/status/1592255690277801984,tweet_id:1592255690277801984
Idan Plotnik,@idanplotnik,2022-11-09T21:35:23.000Z,False,  for acknowledging the  $100M round B on the trading floor. We empower sec & dev teams with complete visibility & actionable context - to proactively fix risks. We are the #AppHeroes! LFG   #AppSec #DevSecOps,9,4,9,0,"['#AppHeroes', '#AppSec', '#DevSecOps']","['@NYSE', '@ApiiroSecurity', '@GreylockVC', '@kleinerperkins', '@generalcatalyst']","['\\U0001f64f', '\\U0001f680']",https://pbs.twimg.com/profile_images/1315935720650018818/kSN1DEtL_normal.jpg,https://twitter.com/idanplotnik/status/1590458051982954496,tweet_id:1590458051982954496
Apiiro,@ApiiroSecurity,2022-11-08T21:46:32.000Z,True,"Join us, ,  and  for a party during the Global AppSec in San Francisco organized by . Register for free! #globalappsec #party #cybersecurity #appsecheroes 

 https://hubs.ly/Q01rRnpB0",0,1,3,0,"['#globalappsec', '#party', '#cybersecurity', '#appsecheroes']","['@BrightAppSec', '@coalfire', '@cybeatstech', '@owasp']","['\\U0001f37b', '\\U0001f355', '\\U0001f44b']",https://pbs.twimg.com/profile_images/1664669717473157121/il52hYkr_normal.png,https://twitter.com/ApiiroSecurity/status/1590098469062119427,tweet_id:1590098469062119427
Idan Plotnik,@idanplotnik,2022-11-05T17:46:07.000Z,True,So proud of the team  LFG ,0,0,3,0,[],[],"['\\u2764\\ufe0f', '\\U0001f680']",https://pbs.twimg.com/profile_images/1315935720650018818/kSN1DEtL_normal.jpg,https://twitter.com/idanplotnik/status/1588950803829514242,tweet_id:1588950803829514242
Idan Plotnik,@idanplotnik,2022-11-04T19:27:33.000Z,False,. join us to change the world of software security using #AI && developer behavioral analysis //backed by      https://techcrunch.com/2022/11/03/applications-security-startup-apiiro-pulls-in-100m-series-b-from-a-list-investors/… #SoftwareSupplyChain #AppSec #DevSecOps #riskmanagement #OpenSource,9,1,7,0,"['#AI', '#SoftwareSupplyChain', '#AppSec', '#DevSecOps', '#riskmanagement', '#OpenSource']","['@elonmusk', '@GreylockVC', '@kleinerperkins', '@generalcatalyst', '@chandna', '@reidhoffman']",[],https://pbs.twimg.com/profile_images/1315935720650018818/kSN1DEtL_normal.jpg,https://twitter.com/idanplotnik/status/1588613943664070656,tweet_id:1588613943664070656
Idan Plotnik,@idanplotnik,2022-11-04T20:06:33.000Z,False,We are άπειρο ,0,0,1,0,[],['@elonmusk'],[],https://pbs.twimg.com/profile_images/1315935720650018818/kSN1DEtL_normal.jpg,https://twitter.com/idanplotnik/status/1588623756188356608,tweet_id:1588623756188356608
Idan Plotnik,@idanplotnik,2022-11-03T16:55:43.000Z,True,LFG ,0,1,7,0,[],[],"['\\U0001f680', '\\U0001f3a4']",https://pbs.twimg.com/profile_images/1315935720650018818/kSN1DEtL_normal.jpg,https://twitter.com/idanplotnik/status/1588213344875552769,tweet_id:1588213344875552769
We Hack Purple Community!,@wehackpurple,2022-10-26T19:00:23.000Z,True,"Ready for a FREE webinar on scaling a small #AppSec team? Join  and  alongside Rotem Reiss of  and  of  on Thursday, November 10th at 9:00 am PT to dive into this topic! RSVP for free: https://bit.ly/3sq98l6",0,3,2,0,['#AppSec'],"['@bashvitz', '@shehackspurple', '@Playtika_Ltd', '@idanplotnik', '@ApiiroSecurity']","['\\U0001f914', '\\U0001f60e']",https://pbs.twimg.com/profile_images/1289281394733064194/Ob2nY0rW_normal.jpg,https://twitter.com/wehackpurple/status/1585345616007266324,tweet_id:1585345616007266324
Idan Plotnik,@idanplotnik,2022-10-24T19:34:31.000Z,False,"When I read the news today I was confused. How is it that a great company like  can lay off 200 ppl in 1 day? no one is immune to a market downturn. To all our friends, we understand your situation and we want to help. We have 100 open positions in ",1,0,3,0,[],"['@snyksec', '@ApiiroSecurity']",[],https://pbs.twimg.com/profile_images/1315935720650018818/kSN1DEtL_normal.jpg,https://twitter.com/idanplotnik/status/1584629427165544450,tweet_id:1584629427165544450
Idan Plotnik,@idanplotnik,2022-10-24T19:34:48.000Z,False,"Across the board in Israel, US, and London. Please reach out directly to me or send an email to people@apiiro.com #peoplefirst #friendship #culturefirst #jobs #layoffs #appsec #devsecops #opensource #softwaresupplychain",0,0,0,0,"['#peoplefirst', '#friendship', '#culturefirst', '#jobs', '#layoffs', '#appsec', '#devsecops', '#opensource', '#softwaresupplychain']",[],['\\u2764\\ufe0f'],https://pbs.twimg.com/profile_images/1315935720650018818/kSN1DEtL_normal.jpg,https://twitter.com/idanplotnik/status/1584629498850394112,tweet_id:1584629498850394112
Idan Plotnik,@idanplotnik,2022-10-01T08:51:00.000Z,True,Apiiro #SBOM  - stay tuned for some innovation around SBOM,0,0,0,0,['#SBOM'],['@Gartner_inc'],[],https://pbs.twimg.com/profile_images/1315935720650018818/kSN1DEtL_normal.jpg,https://twitter.com/idanplotnik/status/1576132559976554497,tweet_id:1576132559976554497
Apiiro,@ApiiroSecurity,2022-09-21T19:48:47.000Z,True,We are excited to be going to 2022 #FinCyberToday event organized by ! Come meet us at the event at booth 17 to talk about Cloud-Native Application Security #event #appsec #cybersecurity #fsiac #softwaresecurityhttps://hubs.ly/Q01mW2NV0,6,2,1,0,"['#FinCyberToday', '#event', '#appsec', '#cybersecurity', '#fsiac', '#softwaresecurity']",['@FSISAC'],"['\\U0001f680', '\\U0001f447']",https://pbs.twimg.com/profile_images/1664669717473157121/il52hYkr_normal.png,https://twitter.com/ApiiroSecurity/status/1572674219175182336,tweet_id:1572674219175182336
Apiiro,@ApiiroSecurity,2022-09-13T13:56:35.000Z,True,We are excited to be a Platinum sponsors at this year's  conference! Meet us between October 27th and 28th and join the presentation by  scheduled for Friday at 1pm.#lascon #appsec #applicationsecurity #cybersecurity #devsecops,2,3,5,0,"['#lascon', '#appsec', '#applicationsecurity', '#cybersecurity', '#devsecops']","['@LASCONATX', '@dalmoz_']",[],https://pbs.twimg.com/profile_images/1664669717473157121/il52hYkr_normal.png,https://twitter.com/ApiiroSecurity/status/1569686480775413760,tweet_id:1569686480775413760
Idan Plotnik,@idanplotnik,2022-09-08T11:58:45.000Z,True,Boom ,0,0,1,0,[],[],"['\\U0001f4a5', '\\U0001f447']",https://pbs.twimg.com/profile_images/1315935720650018818/kSN1DEtL_normal.jpg,https://twitter.com/idanplotnik/status/1567844889848692737,tweet_id:1567844889848692737
Idan Plotnik,@idanplotnik,2022-08-25T04:54:10.000Z,False,"Yesterday I met a CISO of an org with +2500 devs. 
CISO: ""how many apps/APIs/dependencies/CI/CD pipelines do we have?""

VP AppSec: ""around 50 apps, I don't know exactly how many APIs, dependencies, or pipelines we have"" 1/3",2,0,2,0,[],[],[],https://pbs.twimg.com/profile_images/1315935720650018818/kSN1DEtL_normal.jpg,https://twitter.com/idanplotnik/status/1562664610947182593,tweet_id:1562664610947182593
Idan Plotnik,@idanplotnik,2022-08-25T04:54:12.000Z,False,"VP Security Architecture: ""no no, we have around 100 apps, around 2000 APIs, and more than 10K dependencies""
VP Software Engineering: ""we have around 20 crown joules applications, the applications I own have more than 3000 APIs and 5000 dependencies"" 2/3",1,0,1,0,[],[],[],https://pbs.twimg.com/profile_images/1315935720650018818/kSN1DEtL_normal.jpg,https://twitter.com/idanplotnik/status/1562664615955218432,tweet_id:1562664615955218432
Idan Plotnik,@idanplotnik,2022-08-25T04:54:12.000Z,False,"DevOps: ""we have around 40 CI/CD pipelines, I own only the pipelines for the cloud not for the on-prem""  start with visibility! https://apiiro.com/product/apiiro-risk-assessment-aspm/… 3/3",0,0,0,0,[],[],"['\\U0001f926\\u200d\\u2642\\ufe0f', '\\U0001f62e', '\\U0001f440', '\\U0001f910']",https://pbs.twimg.com/profile_images/1315935720650018818/kSN1DEtL_normal.jpg,https://twitter.com/idanplotnik/status/1562664620120506369,tweet_id:1562664620120506369
Idan Plotnik,@idanplotnik,2022-08-15T17:16:44.000Z,True,#SBOM. Insightful. ,1,0,1,0,['#SBOM'],[],['\\U0001f914'],https://pbs.twimg.com/profile_images/1315935720650018818/kSN1DEtL_normal.jpg,https://twitter.com/idanplotnik/status/1559227604766494725,tweet_id:1559227604766494725
Idan Plotnik,@idanplotnik,2022-07-07T19:00:20.000Z,False,"I love my job, our team, our customers, our investors, and the problem we are solving at  #team #job #love #passiton #purposeoflife #appsec #devsecops #cloudse#riskassessment #softwaresupplychain #cicd #proudatwork",0,0,4,0,"['#team', '#job', '#love', '#passiton', '#purposeoflife', '#appsec', '#devsecops', '#cloudse', '#riskassessment', '#softwaresupplychain', '#cicd', '#proudatwork']",['@ApiiroSecurity'],"['\\U0001f64f', '\\u2764\\ufe0f', '\\U0001f3a4']",https://pbs.twimg.com/profile_images/1315935720650018818/kSN1DEtL_normal.jpg,https://twitter.com/idanplotnik/status/1545120548996399105,tweet_id:1545120548996399105
Idan Plotnik,@idanplotnik,2022-07-05T18:39:54.000Z,False,It's our honor to work with top-notch AppSec experts like David Coursey & Frank M. Catucci from  #DevSecOps #AppSec #cloudsecurity #cicd #softwaresupplychain,0,0,0,0,"['#DevSecOps', '#AppSec', '#cloudsecurity', '#cicd', '#softwaresupplychain']",['@DataRobot'],"['\\U0001f447', '\\U0001f64f', '\\U0001f3a4']",https://pbs.twimg.com/profile_images/1315935720650018818/kSN1DEtL_normal.jpg,https://twitter.com/idanplotnik/status/1544390631329497090,tweet_id:1544390631329497090
Apiiro,@ApiiroSecurity,2022-06-30T13:53:57.000Z,True,We are excited to announce the extension of Apiiro capabilities from code to runtime!  Read the blog from  to learn more. #appsec #cloudsecurity #cloudnative #devsecops #sdlc,15,2,5,0,"['#appsec', '#cloudsecurity', '#cloudnative', '#devsecops', '#sdlc']",['@idanplotnik'],"['\\U0001f4e3', '\\U0001f4aa', '\\U0001f680']",https://pbs.twimg.com/profile_images/1664669717473157121/il52hYkr_normal.png,https://twitter.com/ApiiroSecurity/status/1542506730050834432,tweet_id:1542506730050834432
Apiiro,@ApiiroSecurity,2022-06-17T20:44:22.000Z,True,Did you know 0.57% of developers account for 56.61% of code secrets?! Find out more crucial findings from our Secrets Insights report based on research of over 25k private repositories. #codesecrets #appsec #devsecops #cybersecurityhttps://hubs.ly/Q01dXW2D0,0,3,4,0,"['#codesecrets', '#appsec', '#devsecops', '#cybersecurity']",[],['\\U0001f50e'],https://pbs.twimg.com/profile_images/1664669717473157121/il52hYkr_normal.png,https://twitter.com/ApiiroSecurity/status/1537898973695856641,tweet_id:1537898973695856641
Apiiro,@ApiiroSecurity,2022-06-15T20:30:40.000Z,True,"It was an awesome evening during   Happy Hour we hosted with ! Watch the highlights featuring , , Daniel Krasnokucki, Olivia Shapiro and John Leon #rsac2022 #tanyajanca #happyhour #appsec #cybersecurity",3,2,4,0,"['#rsac2022', '#tanyajanca', '#happyhour', '#appsec', '#cybersecurity']","['@RSAConference', '@NetSPI', '@shehackspurple', '@idanplotnik']",['\\U0001f3a5'],https://pbs.twimg.com/profile_images/1664669717473157121/il52hYkr_normal.png,https://twitter.com/ApiiroSecurity/status/1537170748380532736,tweet_id:1537170748380532736
Google Cloud Israel,@GoogleCloud_IL,2022-06-15T10:32:38.000Z,True,See how  is breaking down barriers between security and developers to reduce risks in cloud-native app → https://goo.gle/3HtDnP0,0,1,3,0,[],['@ApiiroSecurity'],[],https://pbs.twimg.com/profile_images/1276084934193668097/6P18YrEC_normal.jpg,https://twitter.com/GoogleCloud_IL/status/1537020248641179649,tweet_id:1537020248641179649
Apiiro,@ApiiroSecurity,2022-06-08T18:59:26.000Z,True,"Our  Happy Hour is this evening! Meet the Apiiro team, , and hundreds of fellow cyber security professionals. It all starts at 6pm at Dirty Habit on 12 Fourth Street. #rsa #rsac2022 #rsaconference #happyhour",2,2,2,0,"['#rsa', '#rsac2022', '#rsaconference', '#happyhour']","['@RSAConference', '@shehackspurple']","['\\U0001f379', '\\U0001f355', '\\U0001f37b']",https://pbs.twimg.com/profile_images/1664669717473157121/il52hYkr_normal.png,https://twitter.com/ApiiroSecurity/status/1534611073394941952,tweet_id:1534611073394941952
Idan Plotnik,@idanplotnik,2022-06-02T18:19:55.000Z,True,"Checkout the first contextual research on secrets in private repositories. 50.67% of all secrets in private repositories are exposed secrets that are immediately accessible by an attacker. Out of all secrets, 38.15% are in repositories with PII. Download without registration ",1,0,2,0,[],[],['\\U0001f447'],https://pbs.twimg.com/profile_images/1315935720650018818/kSN1DEtL_normal.jpg,https://twitter.com/idanplotnik/status/1532426803402375168,tweet_id:1532426803402375168
Idan Plotnik,@idanplotnik,2022-06-02T18:25:23.000Z,False,This report shows the power of the Apiiro Risk Graph ,0,0,0,0,[],['@ApiiroSecurity'],[],https://pbs.twimg.com/profile_images/1315935720650018818/kSN1DEtL_normal.jpg,https://twitter.com/idanplotnik/status/1532428176596553729,tweet_id:1532428176596553729
Apiiro,@ApiiroSecurity,2022-06-01T21:30:55.000Z,True,"One year after winning  Innovation Sandbox! Our team is ready to go, are you? Plan a meeting with us to discuss cloud-native application security risks and their remediation. #rsa2022 #rsaconference #appsec #event #innovationsandboxhttps://hubs.ly/Q01cDTZX0",0,1,4,0,"['#rsa2022', '#rsaconference', '#appsec', '#event', '#innovationsandbox']",['@RSAConference'],"['\\U0001f447', '\\U0001f44b']",https://pbs.twimg.com/profile_images/1664669717473157121/il52hYkr_normal.png,https://twitter.com/ApiiroSecurity/status/1532112479547019265,tweet_id:1532112479547019265
Idan Plotnik,@idanplotnik,2022-05-26T20:58:53.000Z,True,Learn how to proactively fix API risks before releasing to the cloud (commit or PR) using the Apiiro Risk Graph ,0,0,1,0,[],[],['\\U0001f447'],https://pbs.twimg.com/profile_images/1315935720650018818/kSN1DEtL_normal.jpg,https://twitter.com/idanplotnik/status/1529930091417026573,tweet_id:1529930091417026573
Idan Plotnik,@idanplotnik,2022-05-24T06:16:59.000Z,False,We must stop the confusion around software supply chain… it’s coming ,1,0,2,0,[],[],['\\U0001f913'],https://pbs.twimg.com/profile_images/1315935720650018818/kSN1DEtL_normal.jpg,https://twitter.com/idanplotnik/status/1528983379370295298,tweet_id:1528983379370295298
Idan Plotnik,@idanplotnik,2022-05-22T17:24:58.000Z,True,It’s a pleasure to have you   at  a true AppSec hero  ,0,1,7,0,[],"['@shehackspurple', '@ApiiroSecurity', '@RSAConference']","['\\U0001f680', '\\U0001f64c', '\\U0001f9b8\\u200d\\u2640\\ufe0f']",https://pbs.twimg.com/profile_images/1315935720650018818/kSN1DEtL_normal.jpg,https://twitter.com/idanplotnik/status/1528426705945231361,tweet_id:1528426705945231361
Idan Plotnik,@idanplotnik,2022-05-16T21:06:18.000Z,False,To invent a new way of static analysis of code & text using AI & enrich it with data from cloud infrastructure to generate context that wasn’t exist before - it's hard! I’m so proud of our accomplishments as a team  we help developers to fix risks faster ,0,0,2,0,[],['@ApiiroSecurity'],"['\\U0001f4aa', '\\U0001f44d', '\\U0001f680']",https://pbs.twimg.com/profile_images/1315935720650018818/kSN1DEtL_normal.jpg,https://twitter.com/idanplotnik/status/1526308079272337411,tweet_id:1526308079272337411
Idan Plotnik,@idanplotnik,2022-05-16T10:18:16.000Z,True,Providing context from cloud infrastructure to code and generating Software Bill Of Materials (SBOM) are instrumental for the remediation of cloud-native applications risks across the software supply chain #sbom #appsec #DevSecOps #cloudsecurity,0,0,0,0,"['#sbom', '#appsec', '#DevSecOps', '#cloudsecurity']",[],[],https://pbs.twimg.com/profile_images/1315935720650018818/kSN1DEtL_normal.jpg,https://twitter.com/idanplotnik/status/1526144996864311299,tweet_id:1526144996864311299
Apiiro,@ApiiroSecurity,2022-05-09T16:44:43.000Z,True,Meet our team during the  in San Francisco! We will be at booth number 6280 and in meeting room MRN-008. #rsaconference #securityconference #rsa #rsac2022,0,1,2,0,"['#rsaconference', '#securityconference', '#rsa', '#rsac2022']",['@RSAConference'],['\\U0001f44b'],https://pbs.twimg.com/profile_images/1664669717473157121/il52hYkr_normal.png,https://twitter.com/ApiiroSecurity/status/1523705535949848578,tweet_id:1523705535949848578
Apiiro,@ApiiroSecurity,2022-05-10T14:28:41.000Z,True,Be sure to check what your peers consider the best practices to securely enable cloud-native applications. Download  report on enabling cloud-native DevSecOps  https://hubs.ly/Q019XRSs0#devsecops #appsec #cybersecurity #cloudsecurity,0,1,2,0,"['#devsecops', '#appsec', '#cybersecurity', '#cloudsecurity']",['@Gartner_inc'],['\\U0001f447'],https://pbs.twimg.com/profile_images/1664669717473157121/il52hYkr_normal.png,https://twitter.com/ApiiroSecurity/status/1524033691680481280,tweet_id:1524033691680481280
Apiiro,@ApiiroSecurity,2022-05-03T16:23:36.000Z,True,"Meet the Apiiro team at KubeCon + CloudNativeCon conference organized by  and hosted in Valencia, Spain between May 16th and 20th!#kubecon #cloudnativecon #cloudsecurity #securityconference",0,1,3,0,"['#kubecon', '#cloudnativecon', '#cloudsecurity', '#securityconference']",['@CloudNativeFdn'],[],https://pbs.twimg.com/profile_images/1664669717473157121/il52hYkr_normal.png,https://twitter.com/ApiiroSecurity/status/1521525892492763138,tweet_id:1521525892492763138
Apiiro,@ApiiroSecurity,2022-04-15T17:53:04.000Z,True,"What are the top practices to mitigate supply chain security risks in software
development and delivery? Be sure to check out what Gartner says!#cybersecurity #supplychainsecurity #devsecops #softwarenegineering https://hubs.ly/Q0189WJh0",0,2,1,0,"['#cybersecurity', '#supplychainsecurity', '#devsecops', '#softwarenegineering']",[],['\\U0001f4a1'],https://pbs.twimg.com/profile_images/1664669717473157121/il52hYkr_normal.png,https://twitter.com/ApiiroSecurity/status/1515025428020436993,tweet_id:1515025428020436993
Apiiro,@ApiiroSecurity,2022-03-24T14:47:23.000Z,True,"Remediating #API security risks in production is too late! It’s time to uncover, prioritize, and #remediate #APIsecurity weaknesses before they reach production by adopting a #ShiftLeft approach! https://apiiro.com/blog/?utm_medium=social&utm_source=twitter&utm_content=blog&utm_term=tofu…#devsecops #cybersecurity #apisecurity",1,3,6,0,"['#API', '#remediate', '#APIsecurity', '#ShiftLeft', '#devsecops', '#cybersecurity', '#apisecurity']",[],['\\U0001f447'],https://pbs.twimg.com/profile_images/1664669717473157121/il52hYkr_normal.png,https://twitter.com/ApiiroSecurity/status/1507006168069115912,tweet_id:1507006168069115912
Apiiro,@ApiiroSecurity,2022-02-28T22:24:11.000Z,True,"Your application security is at risk if attackers can find exposed secrets in code. Discover, remediate and prevent secrets before attackers find and use them against your organization!  #appsec #codesecrets #cybersecurity #sdlc https://hubs.ly/Q0153hZ10",0,2,3,0,"['#appsec', '#codesecrets', '#cybersecurity', '#sdlc']",[],['\\U0001f4e3'],https://pbs.twimg.com/profile_images/1664669717473157121/il52hYkr_normal.png,https://twitter.com/ApiiroSecurity/status/1498423813792489472,tweet_id:1498423813792489472
Idan Plotnik,@idanplotnik,2022-02-03T21:31:27.000Z,False," Our heroes in the security research team at  have found a software supply chain 0-day in #ArgoCD, a popular Continuous Delivery (CD) platform that allows attackers to steal passwords, secrets, and API keys. Read more https://apiiro.com/blog/malicious-kubernetes-helm-charts-can-be-used-to-steal-sensitive-information-from-argo-cd-deployments/…",1,5,9,0,['#ArgoCD'],['@ApiiroSecurity'],"['\\U0001f514', '\\U0001f447']",https://pbs.twimg.com/profile_images/1315935720650018818/kSN1DEtL_normal.jpg,https://twitter.com/idanplotnik/status/1489350848471834626,tweet_id:1489350848471834626
Idan Plotnik,@idanplotnik,2022-02-03T06:53:59.000Z,False,Thanks  for having me! Let’s add context to #appsec together  #DevSecOps #cloudsecurity #PenTest #OSS #Log4j,0,0,1,0,"['#appsec', '#DevSecOps', '#cloudsecurity', '#PenTest', '#OSS', '#Log4j']",['@nabilhannan'],"['\\U0001f680', '\\U0001f4aa']",https://pbs.twimg.com/profile_images/1315935720650018818/kSN1DEtL_normal.jpg,https://twitter.com/idanplotnik/status/1489130027769896964,tweet_id:1489130027769896964
Apiiro,@ApiiroSecurity,2022-01-18T15:25:19.000Z,True,Apiiro is now available in  marketplace! Google Cloud customers can now access a simple new method to purchase and connect Apiiro to secure their SDLC and remediate critical risks in cloud-native applications. #googlecloud #cloudsecurityhttps://bit.ly/3GAMf3U,0,2,2,0,"['#googlecloud', '#cloudsecurity']",['@googlecloud'],"['\\U0001f525', '\\U0001f447']",https://pbs.twimg.com/profile_images/1664669717473157121/il52hYkr_normal.png,https://twitter.com/ApiiroSecurity/status/1483460502034526215,tweet_id:1483460502034526215
Apiiro,@ApiiroSecurity,2022-01-10T15:28:29.000Z,True,We have exciting news:  Eldan Ben-Haim is joining Apiiro as Chief Architect Officer! Read more in the press release https://bit.ly/3GdvHyR#eldanbenhaim #chiefachitectofficer #applicationsecurity #cloudsecurity,0,2,6,0,"['#eldanbenhaim', '#chiefachitectofficer', '#applicationsecurity', '#cloudsecurity']",[],['\\U0001f447'],https://pbs.twimg.com/profile_images/1664669717473157121/il52hYkr_normal.png,https://twitter.com/ApiiroSecurity/status/1480562195360587780,tweet_id:1480562195360587780
Apiiro,@ApiiroSecurity,2022-01-07T21:23:00.000Z,True,We are excited to receive such positive feedback from the Lead of Application Security at . It is an honor to help such amazing companies remediate cloud-native application risks! https://hubs.ly/Q011Kdgh0#devsecops #cloudsecurity #sast #apprisk #sdlc #cybersecurity,0,2,4,0,"['#devsecops', '#cloudsecurity', '#sast', '#apprisk', '#sdlc', '#cybersecurity']",['@Chegg'],['\\U0001f4aa'],https://pbs.twimg.com/profile_images/1664669717473157121/il52hYkr_normal.png,https://twitter.com/ApiiroSecurity/status/1479564247625609225,tweet_id:1479564247625609225
Apiiro,@ApiiroSecurity,2021-12-20T20:17:19.000Z,True,"With Apiiro, you can find out instantly where #log4j has been used and who are the developers who were responsible for the code! Try 14 day trial https://apiiro.com/sign-up/#devops #devsecops #apprisk #infosec #cybersecurity #sdlc #riskmanagement #staticanalysis #cnapp #log4j",0,1,5,0,"['#log4j', '#devops', '#devsecops', '#apprisk', '#infosec', '#cybersecurity', '#sdlc', '#riskmanagement', '#staticanalysis', '#cnapp', '#log4j']",[],['\\U0001f447'],https://pbs.twimg.com/profile_images/1664669717473157121/il52hYkr_normal.png,https://twitter.com/ApiiroSecurity/status/1473024736347271172,tweet_id:1473024736347271172
SD Times,@sdtimes,2021-12-20T18:51:01.000Z,False,Solving the challenges of shifting security left.,0,2,4,0,[],[],[],https://pbs.twimg.com/profile_images/519216023585579008/bnGl7Am3_normal.jpeg,https://twitter.com/sdtimes/status/1473003019700781071,tweet_id:1473003019700781071
Apiiro,@ApiiroSecurity,2021-12-10T20:37:35.000Z,True,The Apiiro Heroes have got you covered against #Log4Shell Customers: log in to https://app.apiiro.com & see if you are at risk. If you are not a customer: sign up for a free code risk assessment to remediate critical risks before production https://apiiro.com/sign-up CVE-2021-44228,0,1,5,0,['#Log4Shell'],[],[],https://pbs.twimg.com/profile_images/1664669717473157121/il52hYkr_normal.png,https://twitter.com/ApiiroSecurity/status/1469405960804474883,tweet_id:1469405960804474883
Apiiro,@ApiiroSecurity,2021-11-23T19:29:51.000Z,True,"On December 8th, Alex Mor, Director of AppSec from  will join Apiiro's VP of Engineering, Igal Kreichman  to discuss best practices for contextually managing secrets in code. Register now! https://hubs.ly/H0_Knjs0#codesecrets #appsec #apprisk #infosecurity",0,2,5,0,"['#codesecrets', '#appsec', '#apprisk', '#infosecurity']","['@abinbev', '@ikreich']","['\\U0001f4e3', '\\u2611\\ufe0f']",https://pbs.twimg.com/profile_images/1664669717473157121/il52hYkr_normal.png,https://twitter.com/ApiiroSecurity/status/1463228320594681867,tweet_id:1463228320594681867
Idan Plotnik,@idanplotnik,2021-11-16T20:12:08.000Z,True,Thanks  for sharing my view - siloed IaC tools are missing the context of the applications risks  #devsecops #appsec #riskassessment,1,0,3,0,"['#devsecops', '#appsec', '#riskassessment']",['@thenewstack'],['\\U0001f447'],https://pbs.twimg.com/profile_images/1315935720650018818/kSN1DEtL_normal.jpg,https://twitter.com/idanplotnik/status/1460702245536813061,tweet_id:1460702245536813061
Apiiro,@ApiiroSecurity,2021-11-11T14:48:48.000Z,True,"Watch the stream by our VP of Security Research, Moshe Zioni  live from this year's Global AppSec US 2021 Conference by  starting at 1pm EST!  https://hubs.ly/H0_0PQS0#appsec #owasp #appseconference #devsecops #cybersecurity #moshezioni #infosecurity",0,2,2,0,"['#appsec', '#owasp', '#appseconference', '#devsecops', '#cybersecurity', '#moshezioni', '#infosecurity']","['@dalmoz_', '@owasp']","['\\U0001f4e3', '\\U0001f447']",https://pbs.twimg.com/profile_images/1664669717473157121/il52hYkr_normal.png,https://twitter.com/ApiiroSecurity/status/1458808935582949389,tweet_id:1458808935582949389
DeepFriedCyber,@DeepFriedCyber,2021-11-10T06:08:04.000Z,False,Dependency Combobulator: Open source toolkit to combat dependency confusion attacks http://dlvr.it/SCDP6C #news #cybersecurity #infosec,0,2,5,0,"['#news', '#cybersecurity', '#infosec']",[],[],https://pbs.twimg.com/profile_images/930737582497042432/5AWhU4fF_normal.jpg,https://twitter.com/DeepFriedCyber/status/1458315501319294978,tweet_id:1458315501319294978
The Daily Swig,@DailySwig,2021-11-11T14:12:08.000Z,False,An open source toolkit that detects and thwarts dependency confusion attacks has been unveiled at #BHEU 2021 by ,0,5,12,0,['#BHEU'],['@dalmoz_'],[],https://pbs.twimg.com/profile_images/931552541074128896/DEimVzqz_normal.jpg,https://twitter.com/DailySwig/status/1458799709963833351,tweet_id:1458799709963833351
Apiiro,@ApiiroSecurity,2021-11-10T14:59:32.000Z,True,"Join Apiiro's VP of Engineering, Igal Kreichman  on December 8th at 12pm EST / 6pm CET as he discusses contextual secrets in code detection and management https://hubs.ly/H0-Yp9J0#appsec #devsecops #codesecrets #secretsincode #codeanalysis #apprisk",0,2,3,0,"['#appsec', '#devsecops', '#codesecrets', '#secretsincode', '#codeanalysis', '#apprisk']",['@ikreich'],['\\U0001f4e3'],https://pbs.twimg.com/profile_images/1664669717473157121/il52hYkr_normal.png,https://twitter.com/ApiiroSecurity/status/1458449250539298825,tweet_id:1458449250539298825
Idan Plotnik,@idanplotnik,2021-11-10T10:19:01.000Z,False,Come see  at  Europe.  presents our OSS toolkit Dependency Combobulator https://combobulator.io #SupplyChain #DevSecOps #AppSec #CloudNative,1,0,3,0,"['#SupplyChain', '#DevSecOps', '#AppSec', '#CloudNative']","['@ApiiroSecurity', '@BlackHatEvents', '@dalmoz_']",[],https://pbs.twimg.com/profile_images/1315935720650018818/kSN1DEtL_normal.jpg,https://twitter.com/idanplotnik/status/1458378654325608448,tweet_id:1458378654325608448
Idan Plotnik,@idanplotnik,2021-11-10T10:19:50.000Z,False,,0,0,2,0,[],[],"['\\U0001f680', '\\U0001f4aa']",https://pbs.twimg.com/profile_images/1315935720650018818/kSN1DEtL_normal.jpg,https://twitter.com/idanplotnik/status/1458378859590651906,tweet_id:1458378859590651906
Apiiro,@ApiiroSecurity,2021-10-30T17:49:07.000Z,True,"Secrets in code - missing context! Read 1. Why secrets are so commonly found in code
2. Types of secrets
3. How attackers can find secrets in your code
4. What attackers can do with the secrets they find
5. 5 steps to identify and manage secretshttps://campaign.apiiro.com/the-key-to-managing-secrets-in-code?utm_campaign=The%20Key%20to%20Managing%20Secrets%20in%20Code&utm_content=184915849&utm_medium=social&utm_source=linkedin&hss_channel=lcp-13057840…",0,3,4,0,[],[],['\\U0001f447'],https://pbs.twimg.com/profile_images/1664669717473157121/il52hYkr_normal.png,https://twitter.com/ApiiroSecurity/status/1454505662352957448,tweet_id:1454505662352957448
Idan Plotnik,@idanplotnik,2021-10-26T19:54:26.000Z,False,Automatic Secure-by-Design  thanks ,1,3,5,0,[],['@Forbes'],['\\U0001f914'],https://pbs.twimg.com/profile_images/1315935720650018818/kSN1DEtL_normal.jpg,https://twitter.com/idanplotnik/status/1453087645773479938,tweet_id:1453087645773479938
Idan Plotnik,@idanplotnik,2021-10-26T21:54:08.000Z,False,I grew up on it https://amazon.com/Writing-Secure-Second-Developer-Practices/dp/0735617228… Credit:  & David LeBlanc,1,0,1,0,[],['@michael_howard'],[],https://pbs.twimg.com/profile_images/1315935720650018818/kSN1DEtL_normal.jpg,https://twitter.com/idanplotnik/status/1453117768283443202,tweet_id:1453117768283443202
Apiiro,@ApiiroSecurity,2021-10-19T20:05:34.000Z,True,Download our latest eBook focused on the 6 steps every AppSec leader needs to consider when building and optimizing their organization's Application Security program. #appsec #apprisk #devsecops #infosecurity #cybersecurity #productsecurity #devopshttps://tinyurl.com/4uxahp38,0,11,10,0,"['#appsec', '#apprisk', '#devsecops', '#infosecurity', '#cybersecurity', '#productsecurity', '#devops']",[],"['\\U0001f447', '\\u2611\\ufe0f']",https://pbs.twimg.com/profile_images/1664669717473157121/il52hYkr_normal.png,https://twitter.com/ApiiroSecurity/status/1450553733633515521,tweet_id:1450553733633515521
Idan Plotnik,@idanplotnik,2021-10-08T21:00:18.000Z,False,what we learned from the  leak. Analysis by  & the entire  rockstars  please  get visibility into your App & Infra code assets! the fundamentals for building a successful AppSec program https://apiiro.com/what-we-learned-from-the-twitch-code-leak-about-application-security-programs/… #DevSecOps #AppSec #SupplyChain,0,7,21,0,"['#DevSecOps', '#AppSec', '#SupplyChain']","['@Twitch', '@dalmoz_', '@ApiiroSecurity']","['\\U0001f4aa', '\\U0001f680', '\\U0001f64f']",https://pbs.twimg.com/profile_images/1315935720650018818/kSN1DEtL_normal.jpg,https://twitter.com/idanplotnik/status/1446581241965383686,tweet_id:1446581241965383686
Idan Plotnik,@idanplotnik,2021-10-03T07:11:52.000Z,False,"""Context helps application risk management"" Thanks   & Poornima Apte for covering 's unique approach to AppSec  How it works in 5 steps:https://apiiro.com/code-risk-platform/…https://venturebeat.com/2021/09/27/apiiro-aids-software-development-with-application-risk-management/…#DevSecOps #AppSec #Cloudsecurity #riskassessment",0,0,2,0,"['#DevSecOps', '#AppSec', '#Cloudsecurity', '#riskassessment']","['@VentureBeat', '@ApiiroSecurity']","['\\U0001f64f', '\\U0001f449']",https://pbs.twimg.com/profile_images/1315935720650018818/kSN1DEtL_normal.jpg,https://twitter.com/idanplotnik/status/1444560819358928896,tweet_id:1444560819358928896
Greylock,@GreylockVC,2021-09-21T19:10:52.000Z,True,1/ We at  are excited to announce we’ve raised $500M dedicated to seed investing. This is the industry’s largest pool of venture capital dedicated to backing founders at day one.,108,229,"1,000",0,[],['@GreylockVC'],[],https://pbs.twimg.com/profile_images/1709073044898213888/VzW-7NTj_normal.png,https://twitter.com/GreylockVC/status/1440393108475158533,tweet_id:1440393108475158533
NetSPI,@NetSPI,2021-09-21T12:05:08.000Z,False,Looking for a contextual and risk-based approach to application security testing? We're making it happen with ! Learn more:  http://ow.ly/6MMx50Ga6i1 #appsec #pentesting,0,9,12,0,"['#appsec', '#pentesting']",['@ApiiroSecurity'],[],https://pbs.twimg.com/profile_images/887164882310889474/Um-ejRIc_normal.jpg,https://twitter.com/NetSPI/status/1440285968955629583,tweet_id:1440285968955629583
Apiiro,@ApiiroSecurity,2021-09-09T02:43:42.000Z,True,"Its happening tomorrow at 11am EDT! We are excited for   from , ,  from  and Alex Mor from  to be joining in for a webinar on the role of Security team in building secure products. Register:",0,1,5,0,[],"['@sandycarielli', '@forrester', '@idanplotnik', '@TomerGershoni', '@Imperva', '@abinbev']",[],https://pbs.twimg.com/profile_images/1664669717473157121/il52hYkr_normal.png,https://twitter.com/ApiiroSecurity/status/1435796023708983302,tweet_id:1435796023708983302
Idan Plotnik,@idanplotnik,2021-08-23T11:59:43.000Z,False,"Check out the 2021 Developer Survey  - Disappointing! As a father to an amazing daughter & a partner to amazing women at , I do & will do everything I can to change our industryhttps://insights.stackoverflow.com/survey/2021#developer-profile-demographics…#inclusion #womenempowement #genderdiversity",0,0,1,0,"['#inclusion', '#womenempowement', '#genderdiversity']","['@StackOverflow', '@ApiiroSecurity']",[],https://pbs.twimg.com/profile_images/1315935720650018818/kSN1DEtL_normal.jpg,https://twitter.com/idanplotnik/status/1429775356655984645,tweet_id:1429775356655984645
Idan Plotnik,@idanplotnik,2021-08-22T06:16:22.000Z,False,"Our submission has been accepted for  Europe 2021. Join  (stay tuned for more details) on November 10-11, 2021 (Hybrid Event).#devsecops #supplychainsecurity #appsec #cloudsecurity #opensourcesecurity #blackhat2021",1,0,3,0,"['#devsecops', '#supplychainsecurity', '#appsec', '#cloudsecurity', '#opensourcesecurity', '#blackhat2021']","['@BlackHatEvents', '@ApiiroSecurity']",[],https://pbs.twimg.com/profile_images/1315935720650018818/kSN1DEtL_normal.jpg,https://twitter.com/idanplotnik/status/1429326562625822721,tweet_id:1429326562625822721
Idan Plotnik,@idanplotnik,2021-08-19T21:02:10.000Z,False,"A prospect told me today “With the  platform I identified secrets & remediated only those that introduce risk to the business while other tools did not even identify them, not even truffleHog”  #devsecops #appsec #cybersecurity #cloudsecurity #riskmanagement",0,2,7,0,"['#devsecops', '#appsec', '#cybersecurity', '#cloudsecurity', '#riskmanagement']",['@ApiiroSecurity'],"['\\U0001f64c', '\\U0001f4aa']",https://pbs.twimg.com/profile_images/1315935720650018818/kSN1DEtL_normal.jpg,https://twitter.com/idanplotnik/status/1428462317616959505,tweet_id:1428462317616959505
RSA Conference,@RSAConference,2021-07-29T18:00:18.000Z,False,"Hear the winning pitch from the #RSAC 2021 Innovation Sandbox Contest from Idan Plotnik, CEO, . This year's 10 finalists were a great group of competitive startups! https://spr.ly/6018y5tUC",0,2,4,0,['#RSAC'],['@ApiiroSecurity'],[],https://pbs.twimg.com/profile_images/1702319701312102400/Nhh6ykQJ_normal.jpg,https://twitter.com/RSAConference/status/1420806402138939393,tweet_id:1420806402138939393
Idan Plotnik,@idanplotnik,2021-07-29T17:51:28.000Z,True,Thanks ! read below  true 'shift left and extend right' security requires empowered developers!#devsecops #cloudsecurity #riskmanagement #appsec,0,1,4,0,"['#devsecops', '#cloudsecurity', '#riskmanagement', '#appsec']",['@TechCrunch'],['\\U0001f447'],https://pbs.twimg.com/profile_images/1315935720650018818/kSN1DEtL_normal.jpg,https://twitter.com/idanplotnik/status/1420804178268598273,tweet_id:1420804178268598273
Idan Plotnik,@idanplotnik,2021-07-28T19:19:46.000Z,True,The best sales team ever!,0,0,3,0,[],[],[],https://pbs.twimg.com/profile_images/1315935720650018818/kSN1DEtL_normal.jpg,https://twitter.com/idanplotnik/status/1420464011804618762,tweet_id:1420464011804618762
Idan Plotnik,@idanplotnik,2021-07-27T17:06:07.000Z,True,Modern AppSec is Failing - Video ,0,0,2,0,[],[],['\\U0001f447'],https://pbs.twimg.com/profile_images/1315935720650018818/kSN1DEtL_normal.jpg,https://twitter.com/idanplotnik/status/1420067991153168392,tweet_id:1420067991153168392
Apiiro,@ApiiroSecurity,2021-07-22T18:32:11.000Z,True,Check out the four vendors whose innovative technologies introduce security to  new development styles and enable efficient DevSecOps:https://hubs.ly/H0SVPQr0#devsecops #devops #cybersecurity #appsec #apprisk #infosec #gartner #coolvendor #innovation,0,3,5,0,"['#devsecops', '#devops', '#cybersecurity', '#appsec', '#apprisk', '#infosec', '#gartner', '#coolvendor', '#innovation']",[],[],https://pbs.twimg.com/profile_images/1664669717473157121/il52hYkr_normal.png,https://twitter.com/ApiiroSecurity/status/1418277713488584707,tweet_id:1418277713488584707
Idan Plotnik,@idanplotnik,2021-07-21T13:30:14.000Z,False,Check out the  Hype Cycle for Application Security 2021 & see why   Application Risk Management won the RSA Conference Innovation Sandbox 2021 & was named Gartner Cool Vendor for DevSecOps just 8 months after launch!https://gartner.com/interactive/hc/4003469?ref=solrAll&refval=294833440…,0,0,0,0,[],"['@Gartner_inc', '@ApiiroSecurity']","['\\U0001f64c', '\\U0001f947']",https://pbs.twimg.com/profile_images/1315935720650018818/kSN1DEtL_normal.jpg,https://twitter.com/idanplotnik/status/1417839337316790272,tweet_id:1417839337316790272
Apiiro,@ApiiroSecurity,2021-07-21T12:37:32.000Z,True,"We're excited to be named as a representative vendor for CI/CI Security and Code Integrity in a great new  report: ""How Software Engineering Leaders Can Mitigate Software Supply Chain Security Risks"". https://blog.apiiro.com/gartner-continues-the-push-for-software-supply-chain-security?utm_medium=social&utm_source=twitter&utm_content=blog&utm_term=tofu…#supplychainattack #devsecops",0,2,3,0,"['#supplychainattack', '#devsecops']",['@Gartner_inc'],['\\U0001f3c6'],https://pbs.twimg.com/profile_images/1664669717473157121/il52hYkr_normal.png,https://twitter.com/ApiiroSecurity/status/1417826074382278661,tweet_id:1417826074382278661
Idan Plotnik,@idanplotnik,2021-07-20T14:22:32.000Z,True,1 min video by top-notch #AppSec engineer Roy Avrahamy from  “Apiiro provides me with the visibility and context to build a mature and measurable AppSec program״ #DevSecOps #cloudsecurity #riskmanagement,0,0,1,0,"['#AppSec', '#DevSecOps', '#cloudsecurity', '#riskmanagement']",['@Kaltura'],"['\\U0001f64c', '\\U0001f4aa']",https://pbs.twimg.com/profile_images/1315935720650018818/kSN1DEtL_normal.jpg,https://twitter.com/idanplotnik/status/1417490110984204295,tweet_id:1417490110984204295
Apiiro,@ApiiroSecurity,2021-07-13T16:28:40.000Z,True,Check out the new eBook from  by ! “Modern Application Security is Failing: A Multidimensional Approach to Application Risk with Apiiro”!https://campaign.apiiro.com/esg-white-paper?utm_medium=social&utm_source=twitter&utm_content=whitepaper&utm_term=tofu…#devsecops #appsec @SearchSecurity ,0,4,7,0,"['#devsecops', '#appsec']","['@esg_global', '@DaveGruberESG', '@TechTarget']",[],https://pbs.twimg.com/profile_images/1664669717473157121/il52hYkr_normal.png,https://twitter.com/ApiiroSecurity/status/1414985137314488322,tweet_id:1414985137314488322
Idan Plotnik,@idanplotnik,2021-07-12T16:52:27.000Z,True,Check out this whitepaper  “Modern Application Security is Failing: A Multidimensional Approach to Application Risk”,0,1,3,0,[],[],['\\U0001f64c'],https://pbs.twimg.com/profile_images/1315935720650018818/kSN1DEtL_normal.jpg,https://twitter.com/idanplotnik/status/1414628735916052480,tweet_id:1414628735916052480
Apiiro,@ApiiroSecurity,2021-07-08T17:40:21.000Z,True,12 cybersecurity startups to watch https://csoonline.com/article/3617471/12-cybersecurity-startups-to-watch.html… via ,0,3,7,0,[],['@csoonline'],[],https://pbs.twimg.com/profile_images/1664669717473157121/il52hYkr_normal.png,https://twitter.com/ApiiroSecurity/status/1413191235607597066,tweet_id:1413191235607597066
Larry Maccherone,@LMaccherone,2021-05-29T17:25:31.000Z,False,Many thanks to Apiiro for posting this great 1-minute summary of how I think about #DevSecOps and #AppSec and #CyberSecurity in general! https://lnkd.in/d9PH4vt,0,4,9,0,"['#DevSecOps', '#AppSec', '#CyberSecurity']",[],[],https://pbs.twimg.com/profile_images/1420780116431425538/rEYHvAfM_normal.jpg,https://twitter.com/LMaccherone/status/1398691988912943109,tweet_id:1398691988912943109
Apiiro,@ApiiroSecurity,2021-05-27T19:39:18.000Z,True,"Great new article by Rob Wright! ""Apiiro wins RSA Conference Innovation Sandbox Contest"" https://bit.ly/2SsYP0Z via @SearchSecurity at ",0,4,6,0,[],['@TechTarget'],[],https://pbs.twimg.com/profile_images/1664669717473157121/il52hYkr_normal.png,https://twitter.com/ApiiroSecurity/status/1398000879865892866,tweet_id:1398000879865892866
Apiiro,@ApiiroSecurity,2021-05-27T12:48:02.000Z,True,Great writeup from ! RSA Conference Startup Competition Showcases Next Gen Cybersecurity https://eweek.com/security/rsa-conference-startup-competition-showcases-next-gen-cybersecurity/…,0,3,4,0,[],['@eWEEK'],[],https://pbs.twimg.com/profile_images/1664669717473157121/il52hYkr_normal.png,https://twitter.com/ApiiroSecurity/status/1397897384722587654,tweet_id:1397897384722587654
Apiiro,@ApiiroSecurity,2021-05-27T16:49:32.000Z,True," on AppSec:

""I think, in general, the approach that security has taken up until very recently with the DevOps movement enabling a different approach, has been a bolt-on approach.https://youtube.com/watch?v=9s6n_gZ-Cxs?utm_medium=social&utm_source=twitter&utm_content=video&utm_term=tofu…#cybersecurity #devsecops #devops #appsec",0,3,1,0,"['#cybersecurity', '#devsecops', '#devops', '#appsec']",['@LMaccherone'],[],https://pbs.twimg.com/profile_images/1664669717473157121/il52hYkr_normal.png,https://twitter.com/ApiiroSecurity/status/1397958160212758528,tweet_id:1397958160212758528
Apiiro,@ApiiroSecurity,2021-05-27T15:33:33.000Z,True,"David Fairman and : On Software Quality & Security.

""My definition of DevSecOps is the same as my definition of DevOps. It's about empowered Engineering teams taking ownership of their product.""https://youtube.com/watch?v=TYZRqa7MjeE?utm_medium=social&utm_source=twitter&utm_content=video&utm_term=tofu…#cybersecurity #devsecops #devops #appsec",0,2,3,0,"['#cybersecurity', '#devsecops', '#devops', '#appsec']",['@LMaccherone'],[],https://pbs.twimg.com/profile_images/1664669717473157121/il52hYkr_normal.png,https://twitter.com/ApiiroSecurity/status/1397939037835567108,tweet_id:1397939037835567108
Apiiro,@ApiiroSecurity,2021-05-25T13:07:53.000Z,True,Get your free copy of the   Cool Vendors in DevSecOps report! https://apiiro.com/coolvendor?utm_medium=social&utm_source=twitter&utm_content=gartner&utm_term=tofu…#devsecops #devops #cybersecurity #appsec #apprisk #infosec #gartner #coolvendor #innovation,0,5,3,0,"['#devsecops', '#devops', '#cybersecurity', '#appsec', '#apprisk', '#infosec', '#gartner', '#coolvendor', '#innovation']",['@Gartner_inc'],['\\U0001f3c6'],https://pbs.twimg.com/profile_images/1664669717473157121/il52hYkr_normal.png,https://twitter.com/ApiiroSecurity/status/1397177602293604353,tweet_id:1397177602293604353
RSA Conference,@RSAConference,2021-05-20T22:05:22.000Z,False,"Following the Top 10 finalists' three-minute pitches, our judges discuss the deliberation that took place and ultimately announce the winner of the #RSAC 2021 Innovation Sandbox Contest, .",0,4,9,0,['#RSAC'],['@ApiiroSecurity'],[],https://pbs.twimg.com/profile_images/1702319701312102400/Nhh6ykQJ_normal.jpg,https://twitter.com/RSAConference/status/1395500923888283650,tweet_id:1395500923888283650
CTech,@Calcalistech,2021-05-20T14:00:02.000Z,False,"“There was no situation of a startup failing after being a finalist or winner in the  Innovation Sandbox,” said Idan Plotnik, co-founder of . “It’s a big thing.”",1,2,7,0,[],"['@RSAConference', '@ApiiroSecurity']",[],https://pbs.twimg.com/profile_images/912314260969201664/BKtEBDEp_normal.jpg,https://twitter.com/Calcalistech/status/1395378786787479554,tweet_id:1395378786787479554
Saam Motamedi,@saammotamedi,2021-05-20T18:50:33.000Z,True,"Apiiro is reinventing the secure development lifecycle with its code risk platform. Enterprises accelerate development speed and strengthen security with .

2 big recognitions this week: Gartner Cool Vendor in DevSecOps  #RSAC Most Innovative Startup Winner",0,3,8,0,['#RSAC'],['@ApiiroSecurity'],"['\\u2705', '\\u2705']",https://pbs.twimg.com/profile_images/1705391869503610881/I4PF8-MW_normal.jpg,https://twitter.com/saammotamedi/status/1395451899080445954,tweet_id:1395451899080445954
Greylock,@GreylockVC,2021-05-19T20:24:57.000Z,True,Congrats to  on winning the #RSAC Most Innovative Startup of 2021!,0,6,11,0,['#RSAC'],['@ApiiroSecurity'],[],https://pbs.twimg.com/profile_images/1709073044898213888/VzW-7NTj_normal.png,https://twitter.com/GreylockVC/status/1395113267538894855,tweet_id:1395113267538894855
Idan Plotnik,@idanplotnik,2021-05-19T21:40:56.000Z,False,I was super excited ;) thanks  and  for this amazing experience.  is super cool and innovative!,0,3,16,0,[],"['@CMarinier', '@RSAConference', '@ApiiroSecurity']",[],https://pbs.twimg.com/profile_images/1315935720650018818/kSN1DEtL_normal.jpg,https://twitter.com/idanplotnik/status/1395132388829712387,tweet_id:1395132388829712387
RSA Conference,@RSAConference,2021-05-19T19:49:32.000Z,False,"We are pleased to announce  is the #RSAC Innovation Sandbox Contest winner. Named the “Most Innovative Startup,” Apiiro was selected by a panel of esteemed judges for its Code Risk Platform™. https://spr.ly/6019yDh7P",0,2,10,0,['#RSAC'],['@ApiiroSecurity'],[],https://pbs.twimg.com/profile_images/1702319701312102400/Nhh6ykQJ_normal.jpg,https://twitter.com/RSAConference/status/1395104354496036865,tweet_id:1395104354496036865
Idan Plotnik,@idanplotnik,2021-05-19T19:28:26.000Z,False,I will think about the words latter on... but in one week  DevSecOps Cool Vendor &  Innovation Sandbox Most Innovative Startup. Drop the mic ,0,2,8,0,[],"['@Gartner', '@RSA']",['\\U0001f3a4'],https://pbs.twimg.com/profile_images/1315935720650018818/kSN1DEtL_normal.jpg,https://twitter.com/idanplotnik/status/1395099043169243141,tweet_id:1395099043169243141
Idan Plotnik,@idanplotnik,2021-05-18T17:20:27.000Z,True,I'm so excited! This is one of the best moments you get as a CEO of a booming (and cool!) startup. Less than 7 months since we launched Apiiro - Top 10 finalist  Innovation Sandbox & DevSecOps leader by  2021 Cool Vendor report#DevSecOps #AppSec,0,5,9,0,"['#DevSecOps', '#AppSec']","['@RSAConference', '@Gartner_inc']",[],https://pbs.twimg.com/profile_images/1315935720650018818/kSN1DEtL_normal.jpg,https://twitter.com/idanplotnik/status/1394704446504980485,tweet_id:1394704446504980485
Apiiro,@ApiiroSecurity,2021-05-17T17:05:17.000Z,True,"We are excited to be named the ""Cutting Edge in DevSecOps"" winner in the prestigious #GLOBALINFOSECAWARDS for 2021 in its ninth year during #RSAC the #RSAConference for 2021 only from  at https://cyberdefenseawards.com #infosec #appsec #apprisk #devsecops #devops",0,6,13,0,"['#GLOBALINFOSECAWARDS', '#RSAC', '#RSAConference', '#infosec', '#appsec', '#apprisk', '#devsecops', '#devops']",['@CyberDefenseMag'],[],https://pbs.twimg.com/profile_images/1664669717473157121/il52hYkr_normal.png,https://twitter.com/ApiiroSecurity/status/1394338244473589761,tweet_id:1394338244473589761
RSA Conference,@RSAConference,2021-05-04T13:46:00.000Z,False,Congratulations to the finalists of the 16th annual #RSAC Innovation Sandbox Contest at #RSAC 2021. Learn more: https://spr.ly/6016HCjny          ,0,5,14,0,"['#RSAC', '#RSAC']","['@abnormalsec', '@apiirosecurity', '@AxisSecurityHQ', '@capeprivacy', '@DeduceSecurity', '@openraven', '@SatoriCyber', '@StrataIdentity', '@wiz_io', '@HiWabbi']",[],https://pbs.twimg.com/profile_images/1702319701312102400/Nhh6ykQJ_normal.jpg,https://twitter.com/RSAConference/status/1389577051598991362,tweet_id:1389577051598991362
Idan Plotnik,@idanplotnik,2021-05-05T22:10:21.000Z,True,6 months from launch ,0,0,2,0,[],[],['\\U0001f4aa'],https://pbs.twimg.com/profile_images/1315935720650018818/kSN1DEtL_normal.jpg,https://twitter.com/idanplotnik/status/1390066362882662410,tweet_id:1390066362882662410
Apiiro,@ApiiroSecurity,2021-05-03T12:40:28.000Z,True,"Thanks  and  by  for interviewing our CEO  and talking about our revolution in the #AppSec, #DevSecOps, and #Risk Management markets",0,1,5,0,"['#AppSec', '#DevSecOps', '#Risk']","['@JamesSpiro', '@Calcalistech', '@calcalist', '@idanplotnik']",[],https://pbs.twimg.com/profile_images/1664669717473157121/il52hYkr_normal.png,https://twitter.com/ApiiroSecurity/status/1389198172212301828,tweet_id:1389198172212301828
CTech,@Calcalistech,2021-05-03T08:00:01.000Z,False,Idan Plotnik left  to reinvent secure development lifecycles by founding . His gamble just might pay off.,0,4,5,0,[],"['@Microsoft', '@ApiiroSecurity']",[],https://pbs.twimg.com/profile_images/912314260969201664/BKtEBDEp_normal.jpg,https://twitter.com/Calcalistech/status/1389127590762450944,tweet_id:1389127590762450944
Idan Plotnik,@idanplotnik,2021-04-29T19:48:31.000Z,True,I'm happy to announce to the  Code Risk Platform is SOC2 Type 1 compliant. Our customers' data is our top priority! Thanks to my amazing partner  and his team for building security controls and trust around our multi-cloud environments. for more details ,0,2,9,0,[],"['@ApiiroSecurity', '@seldary']",['\\U0001f447'],https://pbs.twimg.com/profile_images/1315935720650018818/kSN1DEtL_normal.jpg,https://twitter.com/idanplotnik/status/1387856342338183169,tweet_id:1387856342338183169
RSA Conference,@RSAConference,2021-04-22T13:42:39.000Z,False,"Consistent with the past year, the 2021 #RSAC Innovation Sandbox Contest was full of ‘unprecedented’ firsts. Learn more.          ",1,6,17,0,['#RSAC'],"['@abnormalsec', '@apiirosecurity', '@AxisSecurityHQ', '@capeprivacy', '@DeduceSecurity', '@openraven', '@SatoriCyber', '@StrataIdentity', '@wiz_io', '@HiWabbi']",[],https://pbs.twimg.com/profile_images/1702319701312102400/Nhh6ykQJ_normal.jpg,https://twitter.com/RSAConference/status/1385227554169180160,tweet_id:1385227554169180160
Bucky Moore,@buckymoore,2021-04-15T20:30:25.000Z,True,Awesome to see  backed  and  as  Innovation Sandbox finalists this year.,0,6,13,0,[],"['@kleinerperkins', '@openraven', '@ApiiroSecurity', '@RSAConference']",[],https://pbs.twimg.com/profile_images/1309170834762735616/dodxy3KA_normal.jpg,https://twitter.com/buckymoore/status/1382793455370440710,tweet_id:1382793455370440710
Apiiro,@ApiiroSecurity,2021-04-15T16:32:17.000Z,True,"Extremely excited to have been selected as a Top 10 Finalist in the RSA Conference Innovation Sandbox Contest!

We are changing the industry from Application Security to Multidimensional Application Risk https://blog.apiiro.com/apiiro-selected-as-finalist-for-rsa-conference-2021-innovation-sandbox-contest?utm_medium=social&utm_source=twitter&utm_content=pr…  #devsecops #infosec",1,1,10,0,"['#devsecops', '#infosec']",['@RSAConference'],['\\U0001f4aa'],https://pbs.twimg.com/profile_images/1664669717473157121/il52hYkr_normal.png,https://twitter.com/ApiiroSecurity/status/1382733525485506564,tweet_id:1382733525485506564
Apiiro,@ApiiroSecurity,2021-04-15T13:06:57.000Z,True,We're excited to be chosen as one of the 10 finalists for the RSA Innovation Sandbox Context for 2021! This is an amazing list of strong and innovative companies and we're honored to be among them!,0,3,9,0,[],[],[],https://pbs.twimg.com/profile_images/1664669717473157121/il52hYkr_normal.png,https://twitter.com/ApiiroSecurity/status/1382681853241475073,tweet_id:1382681853241475073
RSA Conference,@RSAConference,2021-04-15T12:34:52.000Z,False,#RSAC today announced the 10 finalists for its 16th annual RSA Conference Innovation Sandbox Contest 2021. Learn more: https://spr.ly/6011HFm5V          ,2,23,33,0,['#RSAC'],"['@abnormalsec', '@apiirosecurity', '@AxisSecurityHQ', '@capeprivacy', '@DeduceSecurity', '@openraven', '@SatoriCyber', '@StrataIdentity', '@wiz_io', '@HiWabbi']",[],https://pbs.twimg.com/profile_images/1702319701312102400/Nhh6ykQJ_normal.jpg,https://twitter.com/RSAConference/status/1382673777683746818,tweet_id:1382673777683746818
Apiiro,@ApiiroSecurity,2021-04-12T15:06:29.000Z,True,We are happy to welcome  as a force multiplier CRO to scale  worldwide! Let's rock!https://blog.apiiro.com/apiiro-expands-leadership-team-with-veteran-chief-revenue-officer-to-accelerate-next-phase-of-growth?utm_medium=social&utm_source=twitter&utm_content=blog&utm_term=tofu…#DevSecOps #appsec #riskmanagement #CRO,1,5,15,0,"['#DevSecOps', '#appsec', '#riskmanagement', '#CRO']","['@frenchdc', '@apiiroSecurity']",['\\U0001f4aa'],https://pbs.twimg.com/profile_images/1664669717473157121/il52hYkr_normal.png,https://twitter.com/ApiiroSecurity/status/1381624769401999363,tweet_id:1381624769401999363
Eido Minkovsky,@eidomink,2021-04-12T08:29:19.000Z,False,"המינוי החדש של Apiiro ו  הלוא הוא  . הכתבה המלאה ב אייס ICE.

(״מינקובסקי.״ - 12.4.21)

Minkovsky Media מינקובסקי תקשורת MFU - Media Force Unit Yael Rosner Niv   Hofit Shalev https://lnkd.in/eKfSptu",0,1,2,0,[],"['@IdanPlotnik', '@frenchdc', '@vickys2108']",[],https://pbs.twimg.com/profile_images/1559880061116899330/-cj2jDAY_normal.jpg,https://twitter.com/eidomink/status/1381524821993996289,tweet_id:1381524821993996289
Apiiro,@ApiiroSecurity,2021-04-09T18:14:43.000Z,True,Treating each application the same is damaging the security of your business! Join us on our mission to change the industry from AppSec to AppRisk!https://blog.apiiro.com/stop-treating-all-applications-the-same?utm_medium=social&utm_source=twitter&utm_content=blog&utm_term=tofu…#cybersecurity #appsec #apprisk #riskmanagement #devsecops #devops #infosec,0,4,5,0,"['#cybersecurity', '#appsec', '#apprisk', '#riskmanagement', '#devsecops', '#devops', '#infosec']",[],['\\U0001f4aa'],https://pbs.twimg.com/profile_images/1664669717473157121/il52hYkr_normal.png,https://twitter.com/ApiiroSecurity/status/1380584979051208709,tweet_id:1380584979051208709
Decipher,@DecipherSec,2021-04-08T14:12:01.000Z,False,"""We're trying to put context into the code changes that you are doing.""  Q&A: Idan Plotnik https://decipher.sc/q-and-a-idan-plotnik… #decipher #deciphersec",0,5,9,0,"['#decipher', '#deciphersec']","['@idanplotnik', '@apiirosecurity']",[],https://pbs.twimg.com/profile_images/971030233871601664/im9-I1Ff_normal.jpg,https://twitter.com/DecipherSec/status/1380161512581570567,tweet_id:1380161512581570567
Idan Plotnik,@idanplotnik,2021-04-08T18:46:16.000Z,False,Leaders - transform your #AppSec into an #AppRisk Program. Code (=Products/Apps + OSS + Infra) risk is no longer about traditional code scanning practices. It's multidimensional. Trying to remediate vuln or misconfigurations throughout the SDLC has proven ineffective! Disagree?,0,1,2,0,"['#AppSec', '#AppRisk']",[],[],https://pbs.twimg.com/profile_images/1315935720650018818/kSN1DEtL_normal.jpg,https://twitter.com/idanplotnik/status/1380230530151628801,tweet_id:1380230530151628801
Apiiro,@ApiiroSecurity,2021-04-05T12:45:30.000Z,True,BREAKING NEWS!  It's existing  our Code Risk Platform detected the origin malicious commit (out of 4406) to the PHP code repository using UEBA & Anomaly Detection technologies. Technical Info  https://blog.apiiro.com/detection-and-prevention-of-malicious-commits-to-the-php-code-repository…https://news-web.php.net/php.internals/113838…#DevSecOps #AppSec #php #Git,0,3,10,0,"['#DevSecOps', '#AppSec', '#php', '#Git']",[],"['\\U0001f514', '\\U0001f4aa', '\\U0001f447']",https://pbs.twimg.com/profile_images/1664669717473157121/il52hYkr_normal.png,https://twitter.com/ApiiroSecurity/status/1379052575727759363,tweet_id:1379052575727759363
Idan Plotnik,@idanplotnik,2021-04-04T04:47:41.000Z,False,Something is coming ... hint: git UEBA,0,2,9,0,[],[],[],https://pbs.twimg.com/profile_images/1315935720650018818/kSN1DEtL_normal.jpg,https://twitter.com/idanplotnik/status/1378569941448851457,tweet_id:1378569941448851457
Apiiro,@ApiiroSecurity,2021-03-31T12:40:11.000Z,True,Learn how code risk is multidimensional!  discusses the multiple dimensions to consider when evaluating risk.https://blog.apiiro.com/code-risk-is-multi-dimensional…#cybersecurity #infosec #cloudsecurity #coderisk #appsec #appsecurity,0,4,6,0,"['#cybersecurity', '#infosec', '#cloudsecurity', '#coderisk', '#appsec', '#appsecurity']",['@AvramErni'],[],https://pbs.twimg.com/profile_images/1664669717473157121/il52hYkr_normal.png,https://twitter.com/ApiiroSecurity/status/1377239299591135237,tweet_id:1377239299591135237
Apiiro,@ApiiroSecurity,2021-03-31T13:38:06.000Z,True,"SolarWinds isn't the only victim of a supply chain attack! Extremely interesting discussion here: https://news-web.php.net/php.internals/113838….

""Everything points towards a compromise of thehttp://git.php.net server."" More soon!#solarwinds #appsec #devsecops #infosec #devops",0,6,6,0,"['#solarwinds', '#appsec', '#devsecops', '#infosec', '#devops']",[],[],https://pbs.twimg.com/profile_images/1664669717473157121/il52hYkr_normal.png,https://twitter.com/ApiiroSecurity/status/1377253875460243456,tweet_id:1377253875460243456
Idan Plotnik,@idanplotnik,2021-03-25T20:14:17.000Z,False,"#CISOs #AppSec #ProductSecurity if u want to reduce the risk of your apps in an efficient way & use your practitioner's time wisely, u need to shift your App Sec Program to App Risk Management Program because Code Risk is Multi-Dimensional ",1,0,1,0,"['#CISOs', '#AppSec', '#ProductSecurity']",[],['\\U0001f447'],https://pbs.twimg.com/profile_images/1315935720650018818/kSN1DEtL_normal.jpg,https://twitter.com/idanplotnik/status/1375179249833938946,tweet_id:1375179249833938946
Idan Plotnik,@idanplotnik,2021-03-25T20:17:22.000Z,False,"Read what  from Gartner said: ""Futile attempts to remove all possible vulnerabilities from applications slow developers down, causing them to waste time chasing issues that are unreal (false positives).""#AppSec #DevSecOps #riskmanagement #applicationsecurity",0,0,1,0,"['#AppSec', '#DevSecOps', '#riskmanagement', '#applicationsecurity']",['@nmacdona'],[],https://pbs.twimg.com/profile_images/1315935720650018818/kSN1DEtL_normal.jpg,https://twitter.com/idanplotnik/status/1375180027315249157,tweet_id:1375180027315249157
Apiiro,@ApiiroSecurity,2021-03-11T16:19:48.000Z,True,Thanks  and TechRepublic for covering the Apiiro Code Risk Platform! From automating risk assessments (across all SDLC tools and processes) to preventing build-time attacks (like the SolarWinds breach). #DevOps #DevSecOps #appsecurity #CloudSecurity #solarwindsbreach,1,7,7,0,"['#DevOps', '#DevSecOps', '#appsecurity', '#CloudSecurity', '#solarwindsbreach']",['@vmcombs'],[],https://pbs.twimg.com/profile_images/1664669717473157121/il52hYkr_normal.png,https://twitter.com/ApiiroSecurity/status/1370046810073468937,tweet_id:1370046810073468937
Idan Plotnik,@idanplotnik,2021-03-11T16:27:57.000Z,True,"Thanks  and  for interviewing me. It was great talking about our  Code Risk Platform, from automating risk assessment (across all SDLC tools and processes) to preventing build-time attacks (like  attack)",0,1,4,0,[],"['@vmcombs', '@TechRepublic', '@apiiroSecurity', '@solarwinds']",[],https://pbs.twimg.com/profile_images/1315935720650018818/kSN1DEtL_normal.jpg,https://twitter.com/idanplotnik/status/1370048861188816901,tweet_id:1370048861188816901
Idan Plotnik,@idanplotnik,2021-03-10T12:40:48.000Z,False,"Product Security (a.k.a Security Architect, AppSec/DevSecOps Engineer, etc.) is the most coveted job today! So hard to hire talent! so much demand!  ""Ratio of 1 InfoSec person per 100 developers"" https://cloud.google.com/solutions/devops/devops-tech-shifting-left-on-security…#CISO #AppSec #DevSecOps #cloudsecurity",1,0,3,0,"['#CISO', '#AppSec', '#DevSecOps', '#cloudsecurity']",['@googlecloud'],[],https://pbs.twimg.com/profile_images/1315935720650018818/kSN1DEtL_normal.jpg,https://twitter.com/idanplotnik/status/1369629307308564480,tweet_id:1369629307308564480
Apiiro,@ApiiroSecurity,2021-03-03T18:44:25.000Z,True,A great poll from   one of the challenges we are solving for our customers . We automatically scope and allow them to conduct incremental #pentest only on risky material changes before deploying to production#devsecops #Pentesting #AppSec,0,1,4,0,"['#pentest', '#devsecops', '#Pentesting', '#AppSec']","['@pentesttoolscom', '@apiiroSecurity']",['\\U0001f4aa'],https://pbs.twimg.com/profile_images/1664669717473157121/il52hYkr_normal.png,https://twitter.com/ApiiroSecurity/status/1367184101032271872,tweet_id:1367184101032271872
Idan Plotnik,@idanplotnik,2021-03-02T20:31:33.000Z,True,Security Architects & AppSec Engineers  now you can answer these hard questions w/ Ping me for more info: idan@apiiro.com,0,0,2,0,[],['@apiiroSecurity'],"['\\U0001f64c', '\\U0001f447', '\\U0001f447', '\\U0001f447']",https://pbs.twimg.com/profile_images/1315935720650018818/kSN1DEtL_normal.jpg,https://twitter.com/idanplotnik/status/1366848672517017601,tweet_id:1366848672517017601
Apiiro,@ApiiroSecurity,2021-03-01T10:22:25.000Z,True,"See what #DevSecOps industry leader , VP Product & Data Security at  said about our innovative approach to prevent build-time attacks (like #SolarWinds). Technical detailshttps://blog.apiiro.com/detect-and-prevent-the-solarwinds-build-time-code-injection-attack…#devsecops #appsec #riskmangement #cloudsecurity",0,3,5,0,"['#DevSecOps', '#SolarWinds', '#devsecops', '#appsec', '#riskmangement', '#cloudsecurity']","['@ValtmaNir', '@FinastraFS']",['\\U0001f447'],https://pbs.twimg.com/profile_images/1664669717473157121/il52hYkr_normal.png,https://twitter.com/ApiiroSecurity/status/1366332991715368966,tweet_id:1366332991715368966
Apiiro,@ApiiroSecurity,2021-02-24T19:50:06.000Z,True,"Charles Blauner, multi-company Board member and former CISO : ""Apiiro is the opportunity to go talk to your CIOs and say: ‘I have a way to make your life better'""",0,4,5,0,[],['@Citi'],[],https://pbs.twimg.com/profile_images/1664669717473157121/il52hYkr_normal.png,https://twitter.com/ApiiroSecurity/status/1364663915888717827,tweet_id:1364663915888717827
Idan Plotnik,@idanplotnik,2021-02-18T12:05:29.000Z,True,Read how  can prevent the #SolarWinds build-time code injection attack ,1,2,4,0,['#SolarWinds'],['@apiiroSecurity'],['\\U0001f447'],https://pbs.twimg.com/profile_images/1315935720650018818/kSN1DEtL_normal.jpg,https://twitter.com/idanplotnik/status/1362372665772814336,tweet_id:1362372665772814336
Idan Plotnik,@idanplotnik,2021-02-02T13:39:38.000Z,True,Having a thought leader like  as an advisor in our unique journey  is invaluable. Together we will help organizations understand & remediate their risk from design to code to cloud. Read more ,0,4,5,0,[],"['@LMaccherone', '@apiiroSecurity']",['\\U0001f447'],https://pbs.twimg.com/profile_images/1315935720650018818/kSN1DEtL_normal.jpg,https://twitter.com/idanplotnik/status/1356598152292429824,tweet_id:1356598152292429824
Idan Plotnik,@idanplotnik,2020-12-23T06:43:09.000Z,False,I'm proud to see  alongside 15 world-class companies like  @FireEye         that will boom and change the industry! Thanks   & Ted Schlein ,0,2,9,0,[],"['@apiiroSecurity', '@zscaler', '@SentinelOne', '@exabeam', '@TenableSecurity', '@CrowdStrike', '@PaloAltoNtwks', '@qualys', '@okta', '@JeffElder', '@businessinsider', '@kleinerperkins']",[],https://pbs.twimg.com/profile_images/1315935720650018818/kSN1DEtL_normal.jpg,https://twitter.com/idanplotnik/status/1341635440118521857,tweet_id:1341635440118521857
Idan Plotnik,@idanplotnik,2020-12-21T16:43:33.000Z,True,Top 5 tips from  on how to prevent the #SolarWinds #Solorigate supply chain attack,0,0,5,0,"['#SolarWinds', '#Solorigate']",['@apiiroSecurity'],[],https://pbs.twimg.com/profile_images/1315935720650018818/kSN1DEtL_normal.jpg,https://twitter.com/idanplotnik/status/1341061756630798338,tweet_id:1341061756630798338
Idan Plotnik,@idanplotnik,2020-12-15T19:39:51.000Z,True,Having fun ,0,0,6,0,[],[],['\\U0001f929'],https://pbs.twimg.com/profile_images/1315935720650018818/kSN1DEtL_normal.jpg,https://twitter.com/idanplotnik/status/1338931799418941440,tweet_id:1338931799418941440
Idan Plotnik,@idanplotnik,2020-12-03T21:19:46.000Z,False,"Risky Material Changes - remember where you heard this term for the first time before the entire #DevSecOps industry will start using it.

Use  to identify and remediate risky material changes before they turn into vulnerabilities.#AppSec #securebydesign",0,0,3,0,"['#DevSecOps', '#AppSec', '#securebydesign']",['@apiiroSecurity'],[],https://pbs.twimg.com/profile_images/1315935720650018818/kSN1DEtL_normal.jpg,https://twitter.com/idanplotnik/status/1334608286952337408,tweet_id:1334608286952337408
Idan Plotnik,@idanplotnik,2020-12-01T08:27:15.000Z,False,"In 2011, top-tier VC Marc Andreessen proclaimed that “Software is eating the world.” . In 2020, I argue that ""code is changing the world""! Today, in the #cloud-first era, enterprises cannot distinguish between software and infrastructure. It is all code.",0,0,3,0,['#cloud'],['@WSJ'],[],https://pbs.twimg.com/profile_images/1315935720650018818/kSN1DEtL_normal.jpg,https://twitter.com/idanplotnik/status/1333689102710038528,tweet_id:1333689102710038528
Idan Plotnik,@idanplotnik,2020-11-26T18:34:37.000Z,False,Communication Gap in #SDLC ... instead of a business analyst I would write #badproductmanager,0,0,0,0,"['#SDLC', '#badproductmanager']",[],[],https://pbs.twimg.com/profile_images/1315935720650018818/kSN1DEtL_normal.jpg,https://twitter.com/idanplotnik/status/1332030010241282049,tweet_id:1332030010241282049
Idan Plotnik,@idanplotnik,2020-11-20T19:37:12.000Z,False,"My personal view ""Taking security challenges from a board-level discussion to a #DevSecOps solution""

""Two things I learned while talking with executives like Satya Nadella and other board members""https://blog.apiiro.com/from-a-board-level-discussion-to-a-devsecops-challenge…#devsecops #riskassessment #pentest",0,0,4,0,"['#DevSecOps', '#devsecops', '#riskassessment', '#pentest']",[],[],https://pbs.twimg.com/profile_images/1315935720650018818/kSN1DEtL_normal.jpg,https://twitter.com/idanplotnik/status/1329871433309294592,tweet_id:1329871433309294592
Idan Plotnik,@idanplotnik,2020-11-20T18:25:39.000Z,False,"So true!  “Gartner defines #Agile as a development approach that delivers
software in increments by following the principles of the Agile Manifesto.”",0,0,0,0,['#Agile'],['@Gartner_inc'],[],https://pbs.twimg.com/profile_images/1315935720650018818/kSN1DEtL_normal.jpg,https://twitter.com/idanplotnik/status/1329853430186319878,tweet_id:1329853430186319878
Idan Plotnik,@idanplotnik,2020-11-19T17:32:42.000Z,True,Thanks  it's an honor to have you and the entire  team with us on this journey.,0,0,3,0,[],"['@RamaswmySridhar', '@GreylockVC']",[],https://pbs.twimg.com/profile_images/1315935720650018818/kSN1DEtL_normal.jpg,https://twitter.com/idanplotnik/status/1329477716933042177,tweet_id:1329477716933042177
Idan Plotnik,@idanplotnik,2020-11-18T19:25:04.000Z,True," Reinventing Secure Development Lifecycle across applications and infrastructure, on-prem & #cloud",0,1,4,0,['#cloud'],[],['\\U0001f447'],https://pbs.twimg.com/profile_images/1315935720650018818/kSN1DEtL_normal.jpg,https://twitter.com/idanplotnik/status/1329143605215326209,tweet_id:1329143605215326209
Idan Plotnik,@idanplotnik,2020-11-17T20:34:20.000Z,True,It was a privilege to talk with  at  and Samir Sherif the CISO at  on how to innovate faster in the #CloudFirst era without compromising on controls and risk management as part of the Secure Development Lifecycle.#DevSecOps #riskmanagement,0,1,4,0,"['#CloudFirst', '#DevSecOps', '#riskmanagement']","['@saammotamedi', '@GreylockVC', '@Imperva']",[],https://pbs.twimg.com/profile_images/1315935720650018818/kSN1DEtL_normal.jpg,https://twitter.com/idanplotnik/status/1328798650944905217,tweet_id:1328798650944905217
Idan Plotnik,@idanplotnik,2020-10-29T14:03:45.000Z,False,"Spot on , great read! this is exactly why we built  https://philvenables.com/post/cybersecurity-macro-themes-for-the-2020-s-updated… #riskmanagement #CyberSecurity #devsecops",1,0,0,0,"['#riskmanagement', '#CyberSecurity', '#devsecops']","['@philvenables', '@apiiroSecurity']",[],https://pbs.twimg.com/profile_images/1315935720650018818/kSN1DEtL_normal.jpg,https://twitter.com/idanplotnik/status/1321814984297504768,tweet_id:1321814984297504768
Idan Plotnik,@idanplotnik,2020-10-29T14:03:45.000Z,False,"1) Inventory that provides real-time visibility of all products, projects, code components, controls, and data

2) Risk-Based Adaptive Code Governance engine that enables the implementing of Low-Code Controls + Continuous Assurance + Triggers Remediation Workflows",1,0,0,0,[],[],[],https://pbs.twimg.com/profile_images/1315935720650018818/kSN1DEtL_normal.jpg,https://twitter.com/idanplotnik/status/1321814985736134657,tweet_id:1321814985736134657
Idan Plotnik,@idanplotnik,2020-10-29T14:03:45.000Z,False,"3) Automatically identify risky material code changes and enrich them with developer behavior, business impact, and data from #applicationsecurity tools

4) Shifting left controls and risk management from developer-last to developer-first approach",0,0,0,0,['#applicationsecurity'],[],[],https://pbs.twimg.com/profile_images/1315935720650018818/kSN1DEtL_normal.jpg,https://twitter.com/idanplotnik/status/1321814987216736257,tweet_id:1321814987216736257
Insider Tech Business,@insidertechbiz,2020-10-14T11:19:45.000Z,True,"Legendary Kleiner VC Ted Schlein says Israeli startup Apiiro is a cure for computer security, not a 'band aid.' See the pitch deck that landed it a $35 million Series A round.",0,6,13,0,[],[],[],https://pbs.twimg.com/profile_images/1605209247683416066/9aFMubiV_normal.jpg,https://twitter.com/insidertechbiz/status/1316337897415626752,tweet_id:1316337897415626752
Idan Plotnik,@idanplotnik,2020-10-16T11:39:13.000Z,True,See what some of our amazing customers are saying about ! ,0,0,2,0,[],['@apiiroSecurity'],['\\U0001f929'],https://pbs.twimg.com/profile_images/1315935720650018818/kSN1DEtL_normal.jpg,https://twitter.com/idanplotnik/status/1317067572781735940,tweet_id:1317067572781735940
Greylock,@GreylockVC,2020-10-13T15:36:45.000Z,True,. enables enterprises to accelerate application and infrastructure delivery by automatically remediating risk with every change. Congrats to  &  on their launch & $35M fundraise! More from  GP : https://greylock.com/reinventing-secure-development-lifecycle/…,0,3,4,0,[],"['@apiiroSecurity', '@idanplotnik', '@seldary', '@GreylockVC', '@saammotamedi']",[],https://pbs.twimg.com/profile_images/1709073044898213888/VzW-7NTj_normal.png,https://twitter.com/GreylockVC/status/1316040183616212999,tweet_id:1316040183616212999
Greylock,@GreylockVC,2020-10-13T15:53:21.000Z,True,"“What we hear from customers over the last few years is two trends: the acceleration of digital transformation and the move from waterfall to agile development,”  said. Firms like  will help accelerate both trends.",0,3,5,0,[],"['@saammotamedi', '@apiiroSecurity']",[],https://pbs.twimg.com/profile_images/1709073044898213888/VzW-7NTj_normal.png,https://twitter.com/GreylockVC/status/1316044359997874176,tweet_id:1316044359997874176
Idan Plotnik,@idanplotnik,2020-10-13T16:01:14.000Z,True,We are honored to have you on-board  !,0,0,1,0,[],['@saammotamedi'],[],https://pbs.twimg.com/profile_images/1315935720650018818/kSN1DEtL_normal.jpg,https://twitter.com/idanplotnik/status/1316046345338261506,tweet_id:1316046345338261506
Paul Roberts,@paulfroberts,2020-10-13T14:55:02.000Z,False,I chatted with  and  to get the skinny on  $35m A-round from  and . A big bet on the future #DevSecOps. Read about it over ,1,3,11,0,['#DevSecOps'],"['@idanplotnik', '@saammotamedi', '@apiiroSecurity', '@kleinerperkins', '@GreylockVC', '@Forbes']",[],https://pbs.twimg.com/profile_images/3491167952/4f211b4a2418c14258e18d20627e8cc4_normal.jpeg,https://twitter.com/paulfroberts/status/1316029684505772032,tweet_id:1316029684505772032
Kleiner Perkins,@kleinerperkins,2020-10-13T13:13:19.000Z,True,"Security is ultimately an engineering problem, not an operations problem.  helps engineering teams ensure that what they build is secure, and we’re thrilled to partner with  &  and co-lead their Series A with ",0,6,15,0,[],"['@apiiroSecurity', '@idanplotnik', '@seldary', '@GreylockVC']",[],https://pbs.twimg.com/profile_images/1037387468692119552/Q6-x8XTZ_normal.jpg,https://twitter.com/kleinerperkins/status/1316004087779868673,tweet_id:1316004087779868673
Idan Plotnik,@idanplotnik,2020-10-13T12:19:36.000Z,False,"This is a unique and exciting time for me and for the entire  team!

Today we are coming out of stealth with $35M to disrupt the #DevSecOps market backed by the top-tier VCs  and .",0,1,10,0,['#DevSecOps'],"['@apiiroSecurity', '@GreylockVC', '@kleinerperkins']",[],https://pbs.twimg.com/profile_images/1315935720650018818/kSN1DEtL_normal.jpg,https://twitter.com/idanplotnik/status/1315990571497009152,tweet_id:1315990571497009152
Idan Plotnik,@idanplotnik,2019-10-12T19:31:50.000Z,True,Amazing. Breaking the limits. Respect!,0,0,2,0,[],[],[],https://pbs.twimg.com/profile_images/1315935720650018818/kSN1DEtL_normal.jpg,https://twitter.com/idanplotnik/status/1183102998798651393,tweet_id:1183102998798651393
Idan Plotnik,@idanplotnik,2019-10-01T10:35:39.000Z,False,Thinking out of the box,0,0,3,0,[],[],[],https://pbs.twimg.com/profile_images/1315935720650018818/kSN1DEtL_normal.jpg,https://twitter.com/idanplotnik/status/1178981797331374081,tweet_id:1178981797331374081
Idan Plotnik,@idanplotnik,2019-09-28T11:30:46.000Z,False,"1/2 “Each one of us has to start out with developing his or her own definition of success. And when we have these specific expectations of ourselves, we more likely to live up with them.""",1,0,0,0,[],[],[],https://pbs.twimg.com/profile_images/1315935720650018818/kSN1DEtL_normal.jpg,https://twitter.com/idanplotnik/status/1177908502255357958,tweet_id:1177908502255357958
Idan Plotnik,@idanplotnik,2019-09-28T11:30:59.000Z,False,"2/2 Ultimately, it’s not what you get or even what you give. It’s what you become”. Credit: Mary Maxwell Gates ",0,0,0,0,[],['@BillGates'],[],https://pbs.twimg.com/profile_images/1315935720650018818/kSN1DEtL_normal.jpg,https://twitter.com/idanplotnik/status/1177908556475092992,tweet_id:1177908556475092992
Idan Plotnik,@idanplotnik,2019-09-21T01:26:20.000Z,True,My philosophy.,0,0,0,0,[],[],[],https://pbs.twimg.com/profile_images/1315935720650018818/kSN1DEtL_normal.jpg,https://twitter.com/idanplotnik/status/1175219676546248704,tweet_id:1175219676546248704
Idan Plotnik,@idanplotnik,2019-09-20T21:28:23.000Z,False,"Learning to say no and how to say no are two diffent virtues, but they are still virtues! #reallifeexcperience",0,0,0,0,['#reallifeexcperience'],[],[],https://pbs.twimg.com/profile_images/1315935720650018818/kSN1DEtL_normal.jpg,https://twitter.com/idanplotnik/status/1175159795948675073,tweet_id:1175159795948675073
Idan Plotnik,@idanplotnik,2019-08-05T12:46:12.000Z,False,Do one thing and do it well (Unix philosophy),0,0,1,0,[],[],[],https://pbs.twimg.com/profile_images/1315935720650018818/kSN1DEtL_normal.jpg,https://twitter.com/idanplotnik/status/1158358543948496897,tweet_id:1158358543948496897
Idan Plotnik,@idanplotnik,2019-07-10T19:53:50.000Z,False,What is the hardest task when starting a #cybersecurity startup?,1,0,2,0,['#cybersecurity'],[],[],https://pbs.twimg.com/profile_images/1315935720650018818/kSN1DEtL_normal.jpg,https://twitter.com/idanplotnik/status/1149044076261662721,tweet_id:1149044076261662721
Idan Plotnik,@idanplotnik,2019-05-07T09:12:24.000Z,False,It makes me so happy when customers respect and appreciate your work! #customers #happy,0,0,2,0,"['#customers', '#happy']",[],[],https://pbs.twimg.com/profile_images/1315935720650018818/kSN1DEtL_normal.jpg,https://twitter.com/idanplotnik/status/1125689830732705792,tweet_id:1125689830732705792
Idan Plotnik,@idanplotnik,2018-05-13T13:32:31.000Z,False,בוקר #ToyWhat an amazing #Vibe @NettaBarzilai ! accepting others #DiversityShare -> #Cyberbullying == #Disability,0,0,0,0,"['#Toy', '#Vibe', '#Diversity', '#Cyberbullying', '#Disability']",[],['\\U0001f493'],https://pbs.twimg.com/profile_images/1315935720650018818/kSN1DEtL_normal.jpg,https://twitter.com/idanplotnik/status/995658047723843585,tweet_id:995658047723843585
Idan Plotnik,@idanplotnik,2018-03-24T21:20:18.000Z,False,"Just finished watching #12strong, respect true warriors",0,0,7,0,['#12strong'],[],[],https://pbs.twimg.com/profile_images/1315935720650018818/kSN1DEtL_normal.jpg,https://twitter.com/idanplotnik/status/977656374594363394,tweet_id:977656374594363394
Idan Plotnik,@idanplotnik,2018-03-24T00:54:46.000Z,False,". reading your book “it’s complicated, the social lives of networked teen”, great book!",0,0,0,0,[],['@danahboyd'],[],https://pbs.twimg.com/profile_images/1315935720650018818/kSN1DEtL_normal.jpg,https://twitter.com/idanplotnik/status/977347957832986625,tweet_id:977347957832986625
Idan Plotnik,@idanplotnik,2018-03-23T21:06:25.000Z,False,"Thinking about #DeleteFacebook on Friday night, it doesn't make sense  https://theverge.com/2018/3/23/17156402/elon-musk-deleted-tesla-and-spacex-facebook-pages-twitter-challenge…  has total sum of ~27M followers, it's is a *huge* amount of power, how he thinks he can impact so many people without social net like   ?",1,0,0,0,['#DeleteFacebook'],"['@TheVerge', '@elonmusk', '@facebook', '@instagram', '@twitter']",[],https://pbs.twimg.com/profile_images/1315935720650018818/kSN1DEtL_normal.jpg,https://twitter.com/idanplotnik/status/977290495444574213,tweet_id:977290495444574213
Idan Plotnik,@idanplotnik,2018-03-19T14:02:49.000Z,False,"""Unlearn to learn, learn to unlearn and the all circle of that"" #MastersOfScale #15 credit: ",0,0,2,0,['#MastersOfScale'],['@reidhoffman'],[],https://pbs.twimg.com/profile_images/1315935720650018818/kSN1DEtL_normal.jpg,https://twitter.com/idanplotnik/status/975734338636664832,tweet_id:975734338636664832
Idan Plotnik,@idanplotnik,2018-03-07T16:32:02.000Z,False,The Struggle. For all the lonely #CEOs out there. https://linkedin.com/pulse/struggle-all-lonely-ceos-out-idan-plotnik/… Credit: ,0,0,4,0,['#CEOs'],['@bhorowitz'],[],https://pbs.twimg.com/profile_images/1315935720650018818/kSN1DEtL_normal.jpg,https://twitter.com/idanplotnik/status/971423235643494400,tweet_id:971423235643494400
Idan Plotnik,@idanplotnik,2018-02-14T18:06:12.000Z,False,"My daughter <4 just told me ""daddy I love this robot, can we build one?"" A defined moment, I have an engineer at home ;)",0,0,3,0,[],[],[],https://pbs.twimg.com/profile_images/1315935720650018818/kSN1DEtL_normal.jpg,https://twitter.com/idanplotnik/status/963836790665830400,tweet_id:963836790665830400
Idan Plotnik,@idanplotnik,2018-02-13T10:40:47.000Z,False,It's coming ;) https://twitter.com/aljwhite/status/963150562534412299…,1,2,2,0,[],[],[],https://pbs.twimg.com/profile_images/1315935720650018818/kSN1DEtL_normal.jpg,https://twitter.com/idanplotnik/status/963362307110776832,tweet_id:963362307110776832
Idan Plotnik,@idanplotnik,2018-02-11T09:49:42.000Z,False,"Reading about #vibe and learned that it is also a superhero appearing in American comic books, #vibe is the alter ego of Francisco ""Cisco"" Paco Ramon",1,0,2,0,"['#vibe', '#vibe']",[],[],https://pbs.twimg.com/profile_images/1315935720650018818/kSN1DEtL_normal.jpg,https://twitter.com/idanplotnik/status/962624679067508737,tweet_id:962624679067508737
Idan Plotnik,@idanplotnik,2018-02-05T07:11:37.000Z,False,How do you think a vibe @Coneuron_ looks like?,0,0,2,0,[],[],[],https://pbs.twimg.com/profile_images/1315935720650018818/kSN1DEtL_normal.jpg,https://twitter.com/idanplotnik/status/960410566018904065,tweet_id:960410566018904065
Idan Plotnik,@idanplotnik,2018-01-30T07:15:31.000Z,False,We prefer losing good people (A players) than hiring mediocre people (B players) @Coneuron_ We have 5 new positions for #SoftwareEngineer,0,1,4,0,['#SoftwareEngineer'],[],[],https://pbs.twimg.com/profile_images/1315935720650018818/kSN1DEtL_normal.jpg,https://twitter.com/idanplotnik/status/958237220212756480,tweet_id:958237220212756480
Bill Gross,@Bill_Gross,2018-01-28T18:12:18.000Z,True,"A view into the challenging emotional journey of creating anything great. It's often very hard to cross the chasm of the ""dark swamp of despair!"" via Chris Maddern #Davos",17,535,"1,152",0,['#Davos'],[],[],https://pbs.twimg.com/profile_images/264971169/Bill_Gross_Thumbnail_normal.jpg,https://twitter.com/Bill_Gross/status/957677729897263104,tweet_id:957677729897263104
Idan Plotnik,@idanplotnik,2018-01-16T17:42:02.000Z,False,The hard part of being an enterprenuer is to make others believe in what you have in mind and appreciate the opportunity. #WTC7 here I come!,1,0,5,0,['#WTC7'],[],[],https://pbs.twimg.com/profile_images/1315935720650018818/kSN1DEtL_normal.jpg,https://twitter.com/idanplotnik/status/953321461376307202,tweet_id:953321461376307202
Idan Plotnik,@idanplotnik,2017-12-29T08:34:51.000Z,True,Today at my place #bingewatching,1,0,1,0,['#bingewatching'],[],[],https://pbs.twimg.com/profile_images/1315935720650018818/kSN1DEtL_normal.jpg,https://twitter.com/idanplotnik/status/946660775833296896,tweet_id:946660775833296896
Idan Plotnik,@idanplotnik,2017-12-28T13:18:05.000Z,False,#flow is when you lose the sense of time == #meaning,0,0,0,0,"['#flow', '#meaning']",[],[],https://pbs.twimg.com/profile_images/1315935720650018818/kSN1DEtL_normal.jpg,https://twitter.com/idanplotnik/status/946369664552140800,tweet_id:946369664552140800
Idan Plotnik,@idanplotnik,2017-12-27T22:40:29.000Z,False,Amazing work  #gamification #framework,0,1,2,0,"['#gamification', '#framework']",['@yukaichou'],[],https://pbs.twimg.com/profile_images/1315935720650018818/kSN1DEtL_normal.jpg,https://twitter.com/idanplotnik/status/946148809146552321,tweet_id:946148809146552321
Idan Plotnik,@idanplotnik,2017-12-23T12:24:31.000Z,False,"So excited! Playing  for the first time on 130"" screen with 9.1 speaker setup, Who wants to join the party?",3,0,8,0,[],['@PlayOverwatch'],[],https://pbs.twimg.com/profile_images/1315935720650018818/kSN1DEtL_normal.jpg,https://twitter.com/idanplotnik/status/944544246245314560,tweet_id:944544246245314560
Idan Plotnik,@idanplotnik,2017-12-08T10:37:43.000Z,False,Have you thought about what you are willing to sacrifice for the goal?,2,0,2,0,[],[],[],https://pbs.twimg.com/profile_images/1315935720650018818/kSN1DEtL_normal.jpg,https://twitter.com/idanplotnik/status/939081550771171330,tweet_id:939081550771171330
Idan Plotnik,@idanplotnik,2017-12-02T20:48:25.000Z,False,"Planning a trip to  #CES2018 in Las Vegas, Jan 9-12? Drop me a note",1,0,0,0,['#CES2018'],['@CES'],[],https://pbs.twimg.com/profile_images/1315935720650018818/kSN1DEtL_normal.jpg,https://twitter.com/idanplotnik/status/937060909306011651,tweet_id:937060909306011651
Idan Plotnik,@idanplotnik,2017-12-02T19:56:18.000Z,False,True! https://twitter.com/thereaibanksy/status/936773431571259392…,0,2,2,0,[],[],[],https://pbs.twimg.com/profile_images/1315935720650018818/kSN1DEtL_normal.jpg,https://twitter.com/idanplotnik/status/937047795080581120,tweet_id:937047795080581120
STARTinfoUP,@moueller1961,2017-11-21T08:46:38.000Z,False,"#ISRAEL #STARTUP #ArtificialIntelligence:MEET #Herzliya-based Coneuron operates in #stealth-mode/focuses on improving way humans behave in virtual space.
**FOUNDER/CEO IDAN PLOTNIK(Aorato's co-founder and CEO..$200M).. ..$4M..MORE in hb https://geektime.co.il/coneuron-raises-4-mm/…",1,8,4,0,"['#ISRAEL', '#STARTUP', '#ArtificialIntelligence', '#Herzliya', '#stealth']",[],[],https://pbs.twimg.com/profile_images/1202572262156713985/_52Q3Trv_normal.jpg,https://twitter.com/moueller1961/status/932893000505724928,tweet_id:932893000505724928
Idan Plotnik,@idanplotnik,2017-11-23T09:38:51.000Z,False,According to GitHub: #Python #2http://businessinsider.com/the-9-most-popular-programming-languages-according-to-the-facebook-for-programmers-2017-10/#for-bonus-points-heres-the-chart-showing-these-languages-relative-popularity-16…,0,0,4,0,['#Python'],[],[],https://pbs.twimg.com/profile_images/1315935720650018818/kSN1DEtL_normal.jpg,https://twitter.com/idanplotnik/status/933630917108752384,tweet_id:933630917108752384
Idan Plotnik,@idanplotnik,2017-11-17T10:46:25.000Z,False,"""we change neural networks that shape how we think feel and see the world as well as what we believe to be possible"" https://goo.gl/xGnZKB",0,0,1,0,[],[],[],https://pbs.twimg.com/profile_images/1315935720650018818/kSN1DEtL_normal.jpg,https://twitter.com/idanplotnik/status/931473592470130688,tweet_id:931473592470130688
Idan Plotnik,@idanplotnik,2017-11-09T12:49:36.000Z,False,"Exciting moment! In 1990 I installed my Windows 3.0 now it's time for a change. My new #MacBook Pro 13"" i7 16gb with the cool touch bar. We are building a cool startup and I LOVE IT!",2,0,7,0,['#MacBook'],[],[],https://pbs.twimg.com/profile_images/1315935720650018818/kSN1DEtL_normal.jpg,https://twitter.com/idanplotnik/status/928605492708069376,tweet_id:928605492708069376
Idan Plotnik,@idanplotnik,2017-10-18T04:49:24.000Z,False,Great partnership  and  intelligence around network traffic and logs from different sources #IR #Hunting #UEBA,0,0,1,0,"['#IR', '#Hunting', '#UEBA']","['@WireXSystems', '@exabeam']",[],https://pbs.twimg.com/profile_images/1315935720650018818/kSN1DEtL_normal.jpg,https://twitter.com/idanplotnik/status/920512113847820289,tweet_id:920512113847820289
Idan Plotnik,@idanplotnik,2017-10-09T11:32:55.000Z,False,When u start a new gig u meet a lot of people and u need to deal with Qs that can help others reach their potential http://goo.gl/462C1P,2,0,4,0,[],[],[],https://pbs.twimg.com/profile_images/1315935720650018818/kSN1DEtL_normal.jpg,https://twitter.com/idanplotnik/status/917352170198065152,tweet_id:917352170198065152
Idan Plotnik,@idanplotnik,2017-09-26T07:22:49.000Z,False,Azure Advanced Threat Protection == Microsoft ATA in the cloud,1,6,16,0,[],[],[],https://pbs.twimg.com/profile_images/1315935720650018818/kSN1DEtL_normal.jpg,https://twitter.com/idanplotnik/status/912578188076822528,tweet_id:912578188076822528
B.Oz הבית שלך לחוויות האקסטרים,@B_Oz_Extreme,2017-09-13T10:36:28.000Z,False,"איזו תחושה מדהימה שהמרכז הבינתחומי בהרצליה גילה כמוני שיש חפיפה בין מנהלים מובילים לבין ספורט אתגרי, לכן יצאנו לדרך משותפת 
0506300850 מידע",0,1,1,0,[],[],[],https://pbs.twimg.com/profile_images/1551532505500729345/XUzWr1z-_normal.jpg,https://twitter.com/B_Oz_Extreme/status/907915878884364288,tweet_id:907915878884364288
Idan Plotnik,@idanplotnik,2017-08-27T21:50:16.000Z,False,I hate HPKP -> response header Public-Key-Pins || Public-Key-Pins-Report-Only https://en.m.wikipedia.org/wiki/HTTP_Public_Key_Pinning…,0,0,1,0,[],[],[],https://pbs.twimg.com/profile_images/1315935720650018818/kSN1DEtL_normal.jpg,https://twitter.com/idanplotnik/status/901924853439242240,tweet_id:901924853439242240
Idan Plotnik,@idanplotnik,2017-07-31T21:59:50.000Z,True,"A good one - this is how u explain ""simulation"", not old video games vs. new ones with >m simultaneous players and photorealistic graphics",0,2,0,0,[],[],[],https://pbs.twimg.com/profile_images/1315935720650018818/kSN1DEtL_normal.jpg,https://twitter.com/idanplotnik/status/892142787088576516,tweet_id:892142787088576516
Idan Plotnik,@idanplotnik,2017-07-30T21:24:49.000Z,False,I cannot explain the feeling. It's so fun to brainstorm on architecture and design at 12:24AM,1,0,5,0,[],[],[],https://pbs.twimg.com/profile_images/1315935720650018818/kSN1DEtL_normal.jpg,https://twitter.com/idanplotnik/status/891771587178921985,tweet_id:891771587178921985
Neuroskeptic,@Neuro_Skeptic,2017-07-28T11:45:54.000Z,True,"""Women's brains are more globally symmetric than men's (p < 0.001)"" https://ncbi.nlm.nih.gov/pubmed/28748497?dopt=Abstract…",2,26,49,0,[],[],[],https://pbs.twimg.com/profile_images/1487504896077275136/4fq0JLxQ_normal.jpg,https://twitter.com/Neuro_Skeptic/status/890901120939429889,tweet_id:890901120939429889
Idan Plotnik,@idanplotnik,2017-07-24T07:24:10.000Z,False,Exciting && expectable? https://twitter.com/westworldhbo/status/888915499853074432…,0,0,0,0,[],[],[],https://pbs.twimg.com/profile_images/1315935720650018818/kSN1DEtL_normal.jpg,https://twitter.com/idanplotnik/status/889385703838277632,tweet_id:889385703838277632
Idan Plotnik,@idanplotnik,2017-07-20T09:20:27.000Z,False,צוות בלתי מנוצח שעושה טוב לאנשים!,0,0,3,0,[],[],[],https://pbs.twimg.com/profile_images/1315935720650018818/kSN1DEtL_normal.jpg,https://twitter.com/idanplotnik/status/887965416580157440,tweet_id:887965416580157440
Idan Plotnik,@idanplotnik,2017-07-05T15:58:42.000Z,False,Great work     and the team! I'm so proud to see the execution of these features & detections!,0,0,9,0,[],"['@SivanKrigsman', '@MichaelDolinsky', '@MichaelDubinsky']",[],https://pbs.twimg.com/profile_images/1315935720650018818/kSN1DEtL_normal.jpg,https://twitter.com/idanplotnik/status/882629819174981632,tweet_id:882629819174981632
Idan Plotnik,@idanplotnik,2017-07-05T15:55:20.000Z,False,#MicrosoftATA 1.8 is out!,1,20,23,0,['#MicrosoftATA'],[],[],https://pbs.twimg.com/profile_images/1315935720650018818/kSN1DEtL_normal.jpg,https://twitter.com/idanplotnik/status/882628974022733825,tweet_id:882628974022733825
Idan Plotnik,@idanplotnik,2017-06-13T16:48:23.000Z,False,"""Integrity is the ability to remain faithful to the idea. And the prerequisite is the ability to think.""",0,0,2,0,[],[],[],https://pbs.twimg.com/profile_images/1315935720650018818/kSN1DEtL_normal.jpg,https://twitter.com/idanplotnik/status/874669790580928514,tweet_id:874669790580928514
Neuroskeptic,@Neuro_Skeptic,2017-06-12T17:39:54.000Z,True,"""In my book I explain brain-based exercises that stimulate the default mode network (DMN)"" https://dumblittleman.com/can-you-multitask/… Isn't that an oxymoron?",2,8,28,0,[],[],[],https://pbs.twimg.com/profile_images/1487504896077275136/4fq0JLxQ_normal.jpg,https://twitter.com/Neuro_Skeptic/status/874320370119184384,tweet_id:874320370119184384
Idan Plotnik,@idanplotnik,2017-06-11T06:46:02.000Z,True,We do need a super hero in our generation. think about it...,0,0,1,0,[],[],[],https://pbs.twimg.com/profile_images/1315935720650018818/kSN1DEtL_normal.jpg,https://twitter.com/idanplotnik/status/873793429054115841,tweet_id:873793429054115841
Idan Plotnik,@idanplotnik,2017-06-07T15:16:31.000Z,False,"In the consumer world, the key to improve conversion rate is understanding people. It cannot be achieved by #analytics tools!",0,1,1,0,['#analytics'],[],[],https://pbs.twimg.com/profile_images/1315935720650018818/kSN1DEtL_normal.jpg,https://twitter.com/idanplotnik/status/872472344790433792,tweet_id:872472344790433792
Idan Plotnik,@idanplotnik,2017-06-04T08:02:54.000Z,False,A Banking #Trojan Called #QakBot Attack Thousands of  Active Directory,0,0,4,0,"['#Trojan', '#QakBot']",['@Microsoft'],[],https://pbs.twimg.com/profile_images/1315935720650018818/kSN1DEtL_normal.jpg,https://twitter.com/idanplotnik/status/871276060138143744,tweet_id:871276060138143744
Tal Be'ery @bhasia24,Tal Be'ery @bhasia24,2017-06-02T14:24:48.000Z,True,And  from the #MicrosoftATA research team.  will present it in the arsenal too!,0,5,10,0,['#MicrosoftATA'],"['@talthemaor', '@talthemaor']",[],https://pbs.twimg.com/profile_images/996423856461053953/p_oxcfbW_normal.jpg,https://twitter.com/TalBeerySec/status/870647389346041856,tweet_id:870647389346041856
Business Insider,@BusinessInsider,2017-05-31T03:37:05.000Z,True,"What humans will look like in 1,000 years",13,662,827,0,[],[],[],https://pbs.twimg.com/profile_images/1724403357094141952/g5KVAmVz_normal.jpg,https://twitter.com/BusinessInsider/status/869759611452116992,tweet_id:869759611452116992
Idan Plotnik,@idanplotnik,2017-05-23T18:22:52.000Z,False,"The 19th century -> Structuralism
The 20th century -> Behaviorism
World War II -> Cognitive Psychology",0,0,1,0,[],[],[],https://pbs.twimg.com/profile_images/1315935720650018818/kSN1DEtL_normal.jpg,https://twitter.com/idanplotnik/status/867083422673580032,tweet_id:867083422673580032
Idan Plotnik,@idanplotnik,2017-04-27T19:36:12.000Z,True,"""Measuring neuron activity has revealed that psychedelic drugs really do alter the state of the brain"" Good or bad?",1,0,3,0,[],[],[],https://pbs.twimg.com/profile_images/1315935720650018818/kSN1DEtL_normal.jpg,https://twitter.com/idanplotnik/status/857679795391533056,tweet_id:857679795391533056
Neuroskeptic,@Neuro_Skeptic,2017-04-27T14:25:20.000Z,True,"""Lifetime psychedelic use (but not lifetime cocaine use) positively predicted liberal political views"" https://ncbi.nlm.nih.gov/pubmed/28443703?dopt=Abstract… psilocybernie",4,33,39,0,[],[],[],https://pbs.twimg.com/profile_images/1487504896077275136/4fq0JLxQ_normal.jpg,https://twitter.com/Neuro_Skeptic/status/857601563618967553,tweet_id:857601563618967553
The Verge,@verge,2017-04-26T05:11:04.000Z,True,This artificial womb successfully grew baby sheep — and humans could be next,174,"4,023","3,517",0,[],[],[],https://pbs.twimg.com/profile_images/1569656103528448000/d0BzVIPL_normal.jpg,https://twitter.com/verge/status/857099689795043328,tweet_id:857099689795043328
B.Oz הבית שלך לחוויות האקסטרים,@B_Oz_Extreme,2017-04-20T17:12:40.000Z,False,"קחו קצת פסק זמן מהחיים ובואו לצלול, צלילה זוגית במחירים מדהימים, להזמנות - 073-7077388",0,1,2,0,[],[],[],https://pbs.twimg.com/profile_images/1551532505500729345/XUzWr1z-_normal.jpg,https://twitter.com/B_Oz_Extreme/status/855106955752374272,tweet_id:855106955752374272
Idan Plotnik,@idanplotnik,2017-04-17T12:24:30.000Z,False,"Again, ""the devil is in the packets"" no SIEMs will help u this time, only network capture, store, DPI, indexing for query == ",2,1,5,0,[],['@WireXSystems'],[],https://pbs.twimg.com/profile_images/1315935720650018818/kSN1DEtL_normal.jpg,https://twitter.com/idanplotnik/status/853947273302200323,tweet_id:853947273302200323
Idan Plotnik,@idanplotnik,2017-03-26T13:42:17.000Z,False,Network is the only place where u can find the truth. For #IR and network forensics (not detection) also look at ,0,1,7,0,['#IR'],['@WireXSystems'],[],https://pbs.twimg.com/profile_images/1315935720650018818/kSN1DEtL_normal.jpg,https://twitter.com/idanplotnik/status/845994317646872576,tweet_id:845994317646872576
Neuroskeptic,@Neuro_Skeptic,2017-03-20T14:03:24.000Z,True,250 mg of caffeine decreases cerebal blood flow by up to 30% http://sciencedirect.com/science/article/pii/S1053811917302367… hmmm...,10,58,59,0,[],[],[],https://pbs.twimg.com/profile_images/1487504896077275136/4fq0JLxQ_normal.jpg,https://twitter.com/Neuro_Skeptic/status/843825303206199300,tweet_id:843825303206199300
Idan Plotnik,@idanplotnik,2017-03-20T09:20:24.000Z,False,"This is so cool ->  ""Conan the Superhero"" https://youtube.com/watch?v=ED13RcFOir0… … I want to have a personal superhero",0,0,2,0,[],['@ConanOBrien'],[],https://pbs.twimg.com/profile_images/1315935720650018818/kSN1DEtL_normal.jpg,https://twitter.com/idanplotnik/status/843754085560074240,tweet_id:843754085560074240
Idan Plotnik,@idanplotnik,2017-03-18T20:02:52.000Z,True,"Writing a human genome -> Creation of cell lines with engineered immunity to multiple viruses, resistance to cancer, etc.",0,1,2,0,[],[],[],https://pbs.twimg.com/profile_images/1315935720650018818/kSN1DEtL_normal.jpg,https://twitter.com/idanplotnik/status/843190990244593664,tweet_id:843190990244593664
Idan Plotnik,@idanplotnik,2017-03-18T17:39:57.000Z,True,So true! I felt it in my first startup and I feel it now,0,0,2,0,[],[],[],https://pbs.twimg.com/profile_images/1315935720650018818/kSN1DEtL_normal.jpg,https://twitter.com/idanplotnik/status/843155025899802625,tweet_id:843155025899802625
Idan Plotnik,@idanplotnik,2017-03-14T16:02:09.000Z,False,זה מתחיל -> השפעת הרגשות והתהליכים במוח על הצרכנים במדיה החברתית,0,0,1,0,[],[],[],https://pbs.twimg.com/profile_images/1315935720650018818/kSN1DEtL_normal.jpg,https://twitter.com/idanplotnik/status/841680860810227712,tweet_id:841680860810227712
Idan Plotnik,@idanplotnik,2017-03-12T19:27:10.000Z,False,?,2,1,2,0,[],[],[],https://pbs.twimg.com/profile_images/1315935720650018818/kSN1DEtL_normal.jpg,https://twitter.com/idanplotnik/status/841007679065710593,tweet_id:841007679065710593
Idan Plotnik,@idanplotnik,2017-03-12T15:10:16.000Z,False,"An important moment in my life, my pulse rises! After ~1m of brainstorming I found THE name of my new company. it's not easy as it sounds.",5,0,18,0,[],[],[],https://pbs.twimg.com/profile_images/1315935720650018818/kSN1DEtL_normal.jpg,https://twitter.com/idanplotnik/status/840943029049520128,tweet_id:840943029049520128
Black Mirror,@blackmirror,2016-10-21T22:49:06.000Z,True,This is the future we are in right now.,206,"7,646",1.1万,0,[],[],[],https://pbs.twimg.com/profile_images/1651239739863842827/vWMEeZDi_normal.jpg,https://twitter.com/blackmirror/status/789599418395746304,tweet_id:789599418395746304
Idan Plotnik,@idanplotnik,2017-02-17T12:59:47.000Z,True,This is great! Cc: ,1,0,4,0,[],['@i3arnon'],[],https://pbs.twimg.com/profile_images/1315935720650018818/kSN1DEtL_normal.jpg,https://twitter.com/idanplotnik/status/832575271459028993,tweet_id:832575271459028993
WireX,@WireXSystems,2017-02-16T21:39:01.000Z,False,When it comes to forensics investigations we offer a fast track from breach to response. How? Check booth 4905 #RSAC http://bit.ly/2lh2htC,0,2,2,0,['#RSAC'],[],[],https://pbs.twimg.com/profile_images/758077622177771520/BIgdOyCQ_normal.jpg,https://twitter.com/WireXSystems/status/832343553128939520,tweet_id:832343553128939520
WireX,@WireXSystems,2017-02-15T19:49:02.000Z,False,Listen up #RSAC attendees! We have a brand new raffle today. Stop by booth 4905 and get a chance to win a prize http://bit.ly/2lh2htC,0,1,1,0,['#RSAC'],[],[],https://pbs.twimg.com/profile_images/758077622177771520/BIgdOyCQ_normal.jpg,https://twitter.com/WireXSystems/status/831953487210610688,tweet_id:831953487210610688
Idan Plotnik,@idanplotnik,2017-02-16T06:13:51.000Z,True,Command in DNS TXT record is great! Cc: ,0,0,2,0,[],['@MichaelDubinsky'],[],https://pbs.twimg.com/profile_images/1315935720650018818/kSN1DEtL_normal.jpg,https://twitter.com/idanplotnik/status/832110724851843072,tweet_id:832110724851843072
WireX,@WireXSystems,2017-02-15T21:02:40.000Z,False,Wonder what's inside the briefcase? Stop by booth 4905 at the #RSAC and we'll give you a glimpse :) http://bit.ly/2lh2htC,0,1,1,0,['#RSAC'],[],[],https://pbs.twimg.com/profile_images/758077622177771520/BIgdOyCQ_normal.jpg,https://twitter.com/WireXSystems/status/831972015909265410,tweet_id:831972015909265410
WireX,@WireXSystems,2017-02-15T22:24:19.000Z,False,Visit us at booth 4905 and get the complete guideline for performing a successful security investigation #RSAC http://bit.ly/2lh2htC,0,1,1,0,['#RSAC'],[],[],https://pbs.twimg.com/profile_images/758077622177771520/BIgdOyCQ_normal.jpg,https://twitter.com/WireXSystems/status/831992562869219332,tweet_id:831992562869219332
WireX,@WireXSystems,2017-02-14T21:52:12.000Z,False,"Tomer, our CEO, is taking a moment off solving the #RSAC biggest mystery to share some chocolates. (Booth 4905)  http://bit.ly/2lh2htC",0,1,1,0,['#RSAC'],[],[],https://pbs.twimg.com/profile_images/758077622177771520/BIgdOyCQ_normal.jpg,https://twitter.com/WireXSystems/status/831622094974758912,tweet_id:831622094974758912
WireX,@WireXSystems,2017-02-14T21:19:03.000Z,False,Phil and Jim explain the complete guideline for performing a successful security investigation #RSAC  http://bit.ly/2lh2htC (booth 4905),0,1,1,0,['#RSAC'],[],[],https://pbs.twimg.com/profile_images/758077622177771520/BIgdOyCQ_normal.jpg,https://twitter.com/WireXSystems/status/831613752185352198,tweet_id:831613752185352198
WireX,@WireXSystems,2017-02-14T20:47:02.000Z,False,"Want to win these bikes? Visit us at booth N4905, help us solve a mystery and get a chance to win! #RSAC2017 #RSA http://bit.ly/2lh2htC",0,1,2,0,"['#RSAC2017', '#RSA']",[],[],https://pbs.twimg.com/profile_images/758077622177771520/BIgdOyCQ_normal.jpg,https://twitter.com/WireXSystems/status/831605693165817857,tweet_id:831605693165817857
WireX,@WireXSystems,2017-02-14T20:05:55.000Z,False,Happy Valentine's Day Stop by booth 4905 and enjoy a romantic piece of chocolate #RSAC #RSAC2017 http://bit.ly/2lh2htC,1,1,4,0,"['#RSAC', '#RSAC2017']",[],['\\u2764'],https://pbs.twimg.com/profile_images/758077622177771520/BIgdOyCQ_normal.jpg,https://twitter.com/WireXSystems/status/831595346967003142,tweet_id:831595346967003142
Michael Dubinsky,@MichaelDubinsky,2017-02-14T15:45:19.000Z,True,#MicrosoftATA playbook is out! Give it a go (and send us what you want to see in http://v.next),1,6,7,0,['#MicrosoftATA'],[],[],https://pbs.twimg.com/profile_images/1729494380438761472/0Y1iecmZ_normal.jpg,https://twitter.com/MichaelDubinsky/status/831529763735011329,tweet_id:831529763735011329
Idan Plotnik,@idanplotnik,2017-02-14T05:40:07.000Z,False,Go there to see what u r missing in every #IR #DFIR #Hunting process. The truth is in the packets,0,0,1,0,"['#IR', '#DFIR', '#Hunting']",[],[],https://pbs.twimg.com/profile_images/1315935720650018818/kSN1DEtL_normal.jpg,https://twitter.com/idanplotnik/status/831377459299962880,tweet_id:831377459299962880
Business Insider,@BusinessInsider,2017-02-13T19:38:54.000Z,True,Colonizing Mars could spark a new branch of human evolution — and isolate colonists from Earth forever,1,53,54,0,[],[],[],https://pbs.twimg.com/profile_images/1724403357094141952/g5KVAmVz_normal.jpg,https://twitter.com/BusinessInsider/status/831226161279692800,tweet_id:831226161279692800
WIRED,@WIRED,2017-02-13T09:05:29.000Z,True,"This is a mouse brain, grown on a biochip http://bit.ly/2kzW9sA",0,70,81,0,[],[],[],https://pbs.twimg.com/profile_images/1228050699348561920/YvWAQD2L_normal.jpg,https://twitter.com/WIRED/status/831066755451715584,tweet_id:831066755451715584
Idan Plotnik,@idanplotnik,2017-02-11T18:47:48.000Z,False,. after selling my company to  I have some money to buy @TeslaMotors model S but ... you are NOT selling in  WHY?,1,0,11,0,[],"['@elonmusk', '@Microsoft', '@Israel']",[],https://pbs.twimg.com/profile_images/1315935720650018818/kSN1DEtL_normal.jpg,https://twitter.com/idanplotnik/status/830488521936891904,tweet_id:830488521936891904
Arbel Zinger,@Arbel2025,2017-02-10T11:03:01.000Z,True,"Pass-the-ticket, Inside threats, orphaned user accounts - All things that #MicrosoftATA can detect!",0,6,6,0,['#MicrosoftATA'],[],[],https://pbs.twimg.com/profile_images/1510999940557856773/R2krzIeL_normal.jpg,https://twitter.com/Arbel2025/status/830009168098631681,tweet_id:830009168098631681
Neuroskeptic,@Neuro_Skeptic,2017-02-09T14:42:29.000Z,True,"""Brain scanners allow scientists to ‘read minds’ - could they now enable a ‘Big Brother’ future?"" http://theconversation.com/brain-scanners-allow-scientists-to-read-minds-could-they-now-enable-a-big-brother-future-72435… Room 101 Tesla",3,12,18,0,[],[],[],https://pbs.twimg.com/profile_images/1487504896077275136/4fq0JLxQ_normal.jpg,https://twitter.com/Neuro_Skeptic/status/829702013697015810,tweet_id:829702013697015810
WireX,@WireXSystems,2017-01-31T18:03:31.000Z,False,see how easy it is!,0,1,1,0,[],[],[],https://pbs.twimg.com/profile_images/758077622177771520/BIgdOyCQ_normal.jpg,https://twitter.com/WireXSystems/status/826491111740960769,tweet_id:826491111740960769
WireX,@WireXSystems,2017-01-31T17:59:53.000Z,False,"Logs= partial ""interpretations"" of raw network traffic. It's easy to correlate massive network traffic with  to logical actions",2,1,2,0,[],['@WireXSystems'],[],https://pbs.twimg.com/profile_images/758077622177771520/BIgdOyCQ_normal.jpg,https://twitter.com/WireXSystems/status/826490197957345280,tweet_id:826490197957345280
WireX,@WireXSystems,2017-01-31T19:06:09.000Z,False,Interpretations can make #Hunting #IR process so hard and time consuming,0,1,1,0,"['#Hunting', '#IR']",[],[],https://pbs.twimg.com/profile_images/758077622177771520/BIgdOyCQ_normal.jpg,https://twitter.com/WireXSystems/status/826506877236342786,tweet_id:826506877236342786
Idan Plotnik,@idanplotnik,2017-02-07T21:14:50.000Z,False,See  #RSAC The NG Network #IR #DFIR platform Understand what u r missing in #IR #Hunting process! the evidence->in the packets!,0,0,3,0,"['#RSAC', '#IR', '#DFIR', '#IR', '#Hunting']",['@WireXSystems'],[],https://pbs.twimg.com/profile_images/1315935720650018818/kSN1DEtL_normal.jpg,https://twitter.com/idanplotnik/status/829075976483115009,tweet_id:829075976483115009
Idan Plotnik,@idanplotnik,2017-02-06T21:17:59.000Z,False,To my A-team Aorato  #MicrosoftATA! Thank you for the amazing farewell video!,0,2,4,0,['#MicrosoftATA'],['@Microsoft'],[],https://pbs.twimg.com/profile_images/1315935720650018818/kSN1DEtL_normal.jpg,https://twitter.com/idanplotnik/status/828714379608743936,tweet_id:828714379608743936
Idan Plotnik,@idanplotnik,2017-02-04T16:19:29.000Z,False,Insane!? Robot skin senses warm bodies like a snake locating nearby prey https://newscientist.com/article/2118517-robot-skin-senses-warm-bodies-like-a-snake-locating-nearby-prey/…,0,0,1,0,[],[],[],https://pbs.twimg.com/profile_images/1315935720650018818/kSN1DEtL_normal.jpg,https://twitter.com/idanplotnik/status/827914484467499008,tweet_id:827914484467499008
Idan Plotnik,@idanplotnik,2017-02-02T06:53:22.000Z,True,It's time to act!,1,0,1,0,[],[],[],https://pbs.twimg.com/profile_images/1315935720650018818/kSN1DEtL_normal.jpg,https://twitter.com/idanplotnik/status/827047241965830144,tweet_id:827047241965830144
Idan Plotnik,@idanplotnik,2017-01-31T17:48:06.000Z,False,From hands-on experience -> this is the way to see the missing parts in every #Hunting #DIFR incident,0,0,3,0,"['#Hunting', '#DIFR']",[],[],https://pbs.twimg.com/profile_images/1315935720650018818/kSN1DEtL_normal.jpg,https://twitter.com/idanplotnik/status/826487234815725568,tweet_id:826487234815725568
Benjamin Delpy,@gentilkiwi,2017-01-30T22:16:43.000Z,False,3rd head is missing ;),1,2,3,0,[],[],[],https://pbs.twimg.com/profile_images/1643733784196440064/2YlqbAR6_normal.jpg,https://twitter.com/gentilkiwi/status/826192443104112642,tweet_id:826192443104112642
Benjamin Delpy,@gentilkiwi,2017-01-30T22:02:11.000Z,False,"Sincere thanks/toda to  &  for the work done in security. Good luck for the next!
I know Kerberos is well guarded ;)",1,2,12,0,[],"['@TalBeerySec', '@IdanPlotnik']",[],https://pbs.twimg.com/profile_images/1643733784196440064/2YlqbAR6_normal.jpg,https://twitter.com/gentilkiwi/status/826188788539887618,tweet_id:826188788539887618
Idan Plotnik,@idanplotnik,2017-01-30T22:05:30.000Z,False,5/5 Thank you    for the amazing opportunity to impact the #CyberSecurity industry!,1,0,13,0,['#CyberSecurity'],"['@satyanadella', '@scottgu', '@Alex_A_Simons']",[],https://pbs.twimg.com/profile_images/1315935720650018818/kSN1DEtL_normal.jpg,https://twitter.com/idanplotnik/status/826189623734870016,tweet_id:826189623734870016
Idan Plotnik,@idanplotnik,2017-01-30T22:05:08.000Z,False,4/5 Last tip -> sometime you have to be deaf to everyone and trust only yourself https://youtube.com/watch?v=9jHyhTajMzc…,0,0,10,0,[],[],[],https://pbs.twimg.com/profile_images/1315935720650018818/kSN1DEtL_normal.jpg,https://twitter.com/idanplotnik/status/826189528268369921,tweet_id:826189528268369921
Idan Plotnik,@idanplotnik,2017-01-30T22:03:54.000Z,False,"3/5 I'm proud of you, it was an honor to fight with you!      ",2,0,16,0,[],"['@MichaelDolinsky', '@SivanKrigsman', '@MichaelDubinsky', '@lakunishok', '@i3arnon', '@TalBeerySec']",[],https://pbs.twimg.com/profile_images/1315935720650018818/kSN1DEtL_normal.jpg,https://twitter.com/idanplotnik/status/826189218296664064,tweet_id:826189218296664064
Idan Plotnik,@idanplotnik,2017-01-30T21:56:24.000Z,False,2/5 I want to thank my amazing #MicrosoftATA team who worked so hard to make it happen!!!,0,0,10,0,['#MicrosoftATA'],[],[],https://pbs.twimg.com/profile_images/1315935720650018818/kSN1DEtL_normal.jpg,https://twitter.com/idanplotnik/status/826187333330427904,tweet_id:826187333330427904
Idan Plotnik,@idanplotnik,2017-01-30T21:55:13.000Z,False,1/5 It started back in 2009 and now it's time to say goodbye! I'm leaving Aorato #MicrosoftATA  to my next challenge!,3,1,13,0,['#MicrosoftATA'],['@Microsoft'],[],https://pbs.twimg.com/profile_images/1315935720650018818/kSN1DEtL_normal.jpg,https://twitter.com/idanplotnik/status/826187035035602944,tweet_id:826187035035602944
Weld Pond | Chris Wysopal,@WeldPond,2017-01-28T14:46:15.000Z,True,IoT Ransomware coming to businesses faster than predicted.  http://thelocal.at/20170128/hotel-ransomed-by-hackers-as-guests-locked-in-rooms…,6,217,101,0,[],[],[],https://pbs.twimg.com/profile_images/1732479699748519937/5NQhmNOG_normal.jpg,https://twitter.com/WeldPond/status/825354306421456897,tweet_id:825354306421456897
Daniel Bohannon,@danielhbohannon,2017-01-25T23:04:05.000Z,False,#BlueHatIL was a fantastic conference! Thanks so much to the organizers. One of my highlights was meeting & hanging out with  :),0,5,25,0,['#BlueHatIL'],['@gentilkiwi'],[],https://pbs.twimg.com/profile_images/837660927348482050/DJuiwvCq_normal.jpg,https://twitter.com/danielhbohannon/status/824392427087732736,tweet_id:824392427087732736
Idan Plotnik,@idanplotnik,2017-01-26T05:39:36.000Z,False,It was a great night with some drinks ;) https://twitter.com/mattifestation/status/824414619343134720…,0,0,1,0,[],[],[],https://pbs.twimg.com/profile_images/1315935720650018818/kSN1DEtL_normal.jpg,https://twitter.com/idanplotnik/status/824491961960767488,tweet_id:824491961960767488
Idan Plotnik,@idanplotnik,2017-01-25T22:02:04.000Z,False,Honor to host the dream team at my place #MicrosoftATA #Bloodhound #mimikatz     ,4,3,19,0,"['#MicrosoftATA', '#Bloodhound', '#mimikatz']","['@gentilkiwi', '@JohnLaTwC', '@TalBeerySec', '@MichaelDubinsky', '@harmj0y']",[],https://pbs.twimg.com/profile_images/1315935720650018818/kSN1DEtL_normal.jpg,https://twitter.com/idanplotnik/status/824376817595334659,tweet_id:824376817595334659
Itai Grady,@ItaiGrady,2017-01-25T11:04:43.000Z,False,#bluehatil #MicrosoftATA team pride. Excited to see  & Marina Simakov conquer the stage.,2,6,11,0,"['#bluehatil', '#MicrosoftATA']",['@TalBeerySec'],[],https://pbs.twimg.com/profile_images/745883779848409088/-70T3zIe_normal.jpg,https://twitter.com/ItaiGrady/status/824211391959678977,tweet_id:824211391959678977
Idan Plotnik,@idanplotnik,2017-01-25T18:22:24.000Z,True,Dream #MicrosoftATA team!,0,1,4,0,['#MicrosoftATA'],[],[],https://pbs.twimg.com/profile_images/1315935720650018818/kSN1DEtL_normal.jpg,https://twitter.com/idanplotnik/status/824321538438660116,tweet_id:824321538438660116
Oddvar Moe,@Oddvarmoe,2017-01-25T11:21:50.000Z,True,Love the Local hero tool! Looks promising.,1,3,3,0,[],[],[],https://pbs.twimg.com/profile_images/1527055952498892802/BnAwb0nu_normal.jpg,https://twitter.com/Oddvarmoe/status/824215700302663680,tweet_id:824215700302663680
Tal Be'ery @bhasia24,Tal Be'ery @bhasia24,2017-01-25T11:39:26.000Z,True,"It was! 
At least for me",1,1,5,0,[],[],['\\u263a'],https://pbs.twimg.com/profile_images/996423856461053953/p_oxcfbW_normal.jpg,https://twitter.com/TalBeerySec/status/824220130045546496,tweet_id:824220130045546496
Costin Raiu,@craiu,2017-01-25T09:55:31.000Z,True," at #BlueHatIL ""I'm like batman, I code at night"". ""Sorry if you've been pwned by mimikatz""4",0,3,9,0,['#BlueHatIL'],['@gentilkiwi'],[],https://pbs.twimg.com/profile_images/1450831674015637509/aYtZjZ_K_normal.jpg,https://twitter.com/craiu/status/824193975926083584,tweet_id:824193975926083584
Will Schroeder,@harmj0y,2017-01-25T09:58:17.000Z,False,The GentilKiwi himself on stage at #BlueHatIL ! ,1,6,30,0,['#BlueHatIL'],['@gentilkiwi'],[],https://pbs.twimg.com/profile_images/1503550702051741696/ePhrWnTW_normal.jpg,https://twitter.com/harmj0y/status/824194672994217985,tweet_id:824194672994217985
BlueHat IL,@BlueHatIL,2017-01-25T10:57:00.000Z,True,Our very own  and Marina Simakov take #BlueHatIL stage: The Enemy Within: Stopping Advanced Attacks Against Local Users,0,4,5,0,['#BlueHatIL'],['@TalBeerySec'],[],https://pbs.twimg.com/profile_images/1763217349186834432/uN7ltaLC_normal.jpg,https://twitter.com/BlueHatIL/status/824209447551664128,tweet_id:824209447551664128
Yoram Yaacovi,@YoramYaacovi,2017-01-25T08:56:48.000Z,False,#BlueHatIL ATA team's contribution to block EnumSession highlighted.  Go ATA!,1,5,12,0,['#BlueHatIL'],[],[],https://pbs.twimg.com/profile_images/557183697469050881/bzbicGZY_normal.jpeg,https://twitter.com/YoramYaacovi/status/824179200840110081,tweet_id:824179200840110081
Idan Plotnik,@idanplotnik,2017-01-25T11:54:27.000Z,True,Amazing talk by #MicrosoftATA research team about the local users attack path,0,0,2,0,['#MicrosoftATA'],[],[],https://pbs.twimg.com/profile_images/1315935720650018818/kSN1DEtL_normal.jpg,https://twitter.com/idanplotnik/status/824223907393794049,tweet_id:824223907393794049
Idan Plotnik,@idanplotnik,2017-01-25T09:13:28.000Z,True,Best team ever! Come meet us ,0,1,2,0,[],['@BlueHatIL'],[],https://pbs.twimg.com/profile_images/1315935720650018818/kSN1DEtL_normal.jpg,https://twitter.com/idanplotnik/status/824183395626389504,tweet_id:824183395626389504
Idan Plotnik,@idanplotnik,2017-01-25T08:59:22.000Z,False,Talking about the amazing #MicrosoftATA team!!! #GoFatch and #NetCease   https://twitter.com/mattifestation/status/824176455609356288…,1,2,4,0,"['#MicrosoftATA', '#GoFatch', '#NetCease']","['@ItaiGrady', '@TalBeerySec']",[],https://pbs.twimg.com/profile_images/1315935720650018818/kSN1DEtL_normal.jpg,https://twitter.com/idanplotnik/status/824179848079962112,tweet_id:824179848079962112
Idan Plotnik,@idanplotnik,2017-01-18T13:45:45.000Z,True,So true. But CEO of a *startup* == Responsibility for existence.,0,0,3,0,[],[],[],https://pbs.twimg.com/profile_images/1315935720650018818/kSN1DEtL_normal.jpg,https://twitter.com/idanplotnik/status/821715201632464897,tweet_id:821715201632464897
Bill Gross,@Bill_Gross,2017-01-15T15:15:14.000Z,True,"Here is why a fix in software is sometimes called a ""patch."" It was once a piece of tape covering some punched holes. #DLD17",67,"5,280","5,755",0,['#DLD17'],[],[],https://pbs.twimg.com/profile_images/264971169/Bill_Gross_Thumbnail_normal.jpg,https://twitter.com/Bill_Gross/status/820650555626389509,tweet_id:820650555626389509
Idan Plotnik,@idanplotnik,2017-01-11T08:07:54.000Z,True,We must protect humanity!,0,0,1,0,[],[],[],https://pbs.twimg.com/profile_images/1315935720650018818/kSN1DEtL_normal.jpg,https://twitter.com/idanplotnik/status/819093463350263808,tweet_id:819093463350263808
Mark Russinovich,@markrussinovich,2017-01-02T21:38:17.000Z,True,"Send Sysinternals troubleshooting successes, with screenshots and logs, to enter signed Sysinternals book giveaway: markruss@microsoft.com",3,88,92,0,[],[],[],https://pbs.twimg.com/profile_images/1600323888260358144/AIpkSMMZ_normal.jpg,https://twitter.com/markrussinovich/status/816035911678849025,tweet_id:816035911678849025
BlueHat IL,@BlueHatIL,2016-12-27T13:24:28.000Z,True,Last chance to register to #BlueHatIL! Registration closes Dec. 28th at 10.00AM (GMT+2). Register now at http://bluehatil.com,0,10,10,0,['#BlueHatIL'],[],[],https://pbs.twimg.com/profile_images/1763217349186834432/uN7ltaLC_normal.jpg,https://twitter.com/BlueHatIL/status/813737312723017729,tweet_id:813737312723017729
MSCloudSummit,@MSCloudSummit,2016-12-17T12:23:03.000Z,False,Le seul et l'unique  présentera comment Sécuriser son Infrastructure avec #MicrosoftATA - Advanced Threat Analytics #MSCloudSummit,0,10,7,0,"['#MicrosoftATA', '#MSCloudSummit']",['@Tseyf34'],[],https://pbs.twimg.com/profile_images/782909026841624576/3xetJrBk_normal.jpg,https://twitter.com/MSCloudSummit/status/810097976039370752,tweet_id:810097976039370752
Michael Dubinsky,@MichaelDubinsky,2016-12-16T10:50:44.000Z,True,"Yup, having a gateway monitoring RODC traffic is as important (if not more) #MicrosoftATA",0,2,3,0,['#MicrosoftATA'],[],[],https://pbs.twimg.com/profile_images/1729494380438761472/0Y1iecmZ_normal.jpg,https://twitter.com/MichaelDubinsky/status/809712356683030528,tweet_id:809712356683030528
Tal Be'ery @bhasia24,Tal Be'ery @bhasia24,2016-12-15T09:12:32.000Z,False,1/ Most alarming aspect of #yahoohack: attackers were able to FORGE keys (cookies).https://yahoo.tumblr.com/post/154479236569/important-security-information-for-yahoo-users…,1,15,16,0,['#yahoohack'],[],[],https://pbs.twimg.com/profile_images/996423856461053953/p_oxcfbW_normal.jpg,https://twitter.com/TalBeerySec/status/809325258482257921,tweet_id:809325258482257921
BlueHat IL,@BlueHatIL,2016-12-15T11:26:25.000Z,True,"From Mimikatz to Kekeo, Passing by New Microsoft Security Technologies. 's talk at #BlueHatIL. Register- http://bluehatil.com",0,24,30,0,['#BlueHatIL'],['@gentilkiwi'],[],https://pbs.twimg.com/profile_images/1763217349186834432/uN7ltaLC_normal.jpg,https://twitter.com/BlueHatIL/status/809358951972212736,tweet_id:809358951972212736
Mark Russinovich,@markrussinovich,2016-12-14T19:30:08.000Z,True,BlueHat Israel cybersecurity conference registration is now open (I'm keynoting btw) #bluehatil http://bluehatil.com,1,23,36,0,['#bluehatil'],[],[],https://pbs.twimg.com/profile_images/1600323888260358144/AIpkSMMZ_normal.jpg,https://twitter.com/markrussinovich/status/809118292119928832,tweet_id:809118292119928832
BlueHat IL,@BlueHatIL,2016-12-14T13:31:23.000Z,True,The wait is over! Registration to BlueHat IL is now open. Places are limited so register today!http://bluehatil.com #bluehatIL,0,10,13,0,['#bluehatIL'],[],[],https://pbs.twimg.com/profile_images/1763217349186834432/uN7ltaLC_normal.jpg,https://twitter.com/BlueHatIL/status/809028011769077760,tweet_id:809028011769077760
Daniel Bohannon,@danielhbohannon,2016-12-14T13:42:51.000Z,False,I can't wait to present on more PowerShell Obfuscation at #bluehatil in Tel Aviv!! There will be some awesome talks: http://microsoftrnd.co.il/bluehat/Pages/Schedule.aspx…,2,5,11,0,['#bluehatil'],[],[],https://pbs.twimg.com/profile_images/837660927348482050/DJuiwvCq_normal.jpg,https://twitter.com/danielhbohannon/status/809030896087142402,tweet_id:809030896087142402
Mark Russinovich,@markrussinovich,2016-12-13T22:02:18.000Z,True,"Use Advanced Threat Analytics (ATA) to detect lateral movement across any OS (Linux, MacOS, Windows): https://blogs.technet.microsoft.com/enterprisemobility/2016/12/12/will-advanced-threat-analytics-help-me-with-non-windows-oss/…",1,137,137,0,[],[],[],https://pbs.twimg.com/profile_images/1600323888260358144/AIpkSMMZ_normal.jpg,https://twitter.com/markrussinovich/status/808794198329544704,tweet_id:808794198329544704
Gerson Levitz,@gman4626,2016-12-13T07:31:51.000Z,False,Does #MicrosoftATA detect suspicious activities from Linux devices? https://blogs.technet.microsoft.com/enterprisemobility/2016/12/12/will-advanced-threat-analytics-help-me-with-non-windows-oss/…#security ,0,1,1,0,"['#MicrosoftATA', '#security']",['@hhainsworth'],[],https://pbs.twimg.com/profile_images/1438035398576549889/X37jW4Y2_normal.jpg,https://twitter.com/gman4626/status/808575144469954560,tweet_id:808575144469954560
Tal Be'ery @bhasia24,Tal Be'ery @bhasia24,2016-12-11T09:22:19.000Z,False,#MicrosoftATA researcher  is a one-man hardening empire :),2,6,6,0,['#MicrosoftATA'],['@ItaiGrady'],[],https://pbs.twimg.com/profile_images/996423856461053953/p_oxcfbW_normal.jpg,https://twitter.com/TalBeerySec/status/807878168338198528,tweet_id:807878168338198528
John Lambert,@JohnLaTwC,2016-12-10T23:41:00.000Z,True,"You can't fix what you can't see. If you use AD, you should really be looking at #MicrosoftATA https://twitter.com/hhainsworth/status/807643087627399168…",0,14,24,0,['#MicrosoftATA'],[],[],https://pbs.twimg.com/profile_images/1296215413680820224/ey97DmIO_normal.jpg,https://twitter.com/JohnLaTwC/status/807731873468121088,tweet_id:807731873468121088
Tal Be'ery @bhasia24,Tal Be'ery @bhasia24,2016-12-06T23:51:21.000Z,False,#MicrosoftATA researcher 's #SAMRi10 tool just passed the 1K DLs mark!https://gallery.technet.microsoft.com/SAMRi10-Hardening-Remote-48d94b5b#content…,0,9,15,0,"['#MicrosoftATA', '#SAMRi10']",['@ItaiGrady'],[],https://pbs.twimg.com/profile_images/996423856461053953/p_oxcfbW_normal.jpg,https://twitter.com/TalBeerySec/status/806284926324768768,tweet_id:806284926324768768
WireX,@WireXSystems,2016-12-05T15:04:10.000Z,False,New Ponemon study confirms organizations are not prepared to deal with security incidents. Full report here -> http://info.resilientsystems.com/ponemon-institute-study-the-2016-cyber-resilient-organization…,0,1,1,0,[],[],[],https://pbs.twimg.com/profile_images/758077622177771520/BIgdOyCQ_normal.jpg,https://twitter.com/WireXSystems/status/805789868697812993,tweet_id:805789868697812993
John Lambert,@JohnLaTwC,2016-12-01T16:03:20.000Z,True,On Red or Blue and curious how these attacks show up? This blog links to a free 90 day trial https://blogs.technet.microsoft.com/enterprisemobility/2016/11/07/uncover-insider-threats-blind-spots-in-your-network-with-advanced-threat-analytics/…,0,37,55,0,[],[],[],https://pbs.twimg.com/profile_images/1296215413680820224/ey97DmIO_normal.jpg,https://twitter.com/JohnLaTwC/status/804355207836495872,tweet_id:804355207836495872
Idan Plotnik,@idanplotnik,2016-12-04T12:44:00.000Z,False,Thanks for the positive feedback on #MicrosoftATA #UEBA,1,1,3,0,"['#MicrosoftATA', '#UEBA']",[],[],https://pbs.twimg.com/profile_images/1315935720650018818/kSN1DEtL_normal.jpg,https://twitter.com/idanplotnik/status/805392206098001920,tweet_id:805392206098001920
Alex Simons,@Alex_A_Simons,2016-11-29T19:00:46.000Z,True,At #GartnerIAM this week? Hope you'll come to my #AzureAD session today :45 in Augustus III. Will demo some of our latest enhancements!,0,14,10,0,"['#GartnerIAM', '#AzureAD']",['@2'],[],https://pbs.twimg.com/profile_images/1545557530071277568/DMzPv18S_normal.jpg,https://twitter.com/Alex_A_Simons/status/803675087085764608,tweet_id:803675087085764608
Tal Be'ery @bhasia24,Tal Be'ery @bhasia24,2016-11-26T16:57:47.000Z,False,"In #MicrosoftATA we aim to catch the essence of the attack, not for some specific artifacts",0,1,5,0,['#MicrosoftATA'],[],[],https://pbs.twimg.com/profile_images/996423856461053953/p_oxcfbW_normal.jpg,https://twitter.com/TalBeerySec/status/802556973661229057,tweet_id:802556973661229057
John Lambert,@JohnLaTwC,2016-11-25T15:55:48.000Z,True,Sysmon can spot credential dumping with the right config. Process rights reference @ https://msdn.microsoft.com/en-us/library/windows/desktop/ms684880(v=vs.85).aspx… #DFIR,2,168,218,0,['#DFIR'],[],[],https://pbs.twimg.com/profile_images/1296215413680820224/ey97DmIO_normal.jpg,https://twitter.com/JohnLaTwC/status/802178985106911232,tweet_id:802178985106911232
John Lambert,@JohnLaTwC,2016-11-25T18:32:47.000Z,True,This one weird trick blocks remote use of PSEXEC and similar tools by denying all rights to the SCM for NETWORK SID,15,478,841,0,[],[],[],https://pbs.twimg.com/profile_images/1296215413680820224/ey97DmIO_normal.jpg,https://twitter.com/JohnLaTwC/status/802218490404798464,tweet_id:802218490404798464
Tal Be'ery @bhasia24,Tal Be'ery @bhasia24,2016-11-22T23:03:59.000Z,False,"The Remote Malicious Butler Did It!
Our ( + I)  #bhusa16 talk video is live https://youtu.be/xujWesUS1ZQ via ",2,8,11,0,['#bhusa16'],"['@chaimh90', '@BlackHatEvents', '@YouTube']",[],https://pbs.twimg.com/profile_images/996423856461053953/p_oxcfbW_normal.jpg,https://twitter.com/TalBeerySec/status/801199579064434693,tweet_id:801199579064434693
Dennis Rietveld,@R33Dfield,2016-11-21T18:46:16.000Z,False,"Want to see #MicrosoftATA in action? Join me at 7:45 am, zaal 3. #ExpertsLive #EarlyBirds http://expertslive.nl/sessions/to-serve-and-protect-microsoft-ata/…",3,5,6,0,"['#MicrosoftATA', '#ExpertsLive', '#EarlyBirds']",[],[],https://pbs.twimg.com/profile_images/809490057249849344/NFx5322Y_normal.jpg,https://twitter.com/R33Dfield/status/800772331891200000,tweet_id:800772331891200000
Benjamin Delpy,@gentilkiwi,2016-11-22T00:07:41.000Z,False,"Happy to see #msata back to 'windows-c' in its 1.7.5757.57477 version.
No more start issue, and  compatible (w00t)",0,11,16,0,['#msata'],['@googlechrome'],[],https://pbs.twimg.com/profile_images/1643733784196440064/2YlqbAR6_normal.jpg,https://twitter.com/gentilkiwi/status/800853220998475777,tweet_id:800853220998475777
Mark Russinovich,@markrussinovich,2016-11-18T21:01:44.000Z,True,"Just posted Sysinternals updates: Major Sysmon enhancements w/Registry and file events, Procexp, Procdump, LiveKd:",12,486,476,0,[],[],[],https://pbs.twimg.com/profile_images/1600323888260358144/AIpkSMMZ_normal.jpg,https://twitter.com/markrussinovich/status/799719260775845888,tweet_id:799719260775845888
John Lambert,@JohnLaTwC,2016-11-19T01:51:57.000Z,True,Sysmon v5 has file and registry events. Use them to log the hash of rogue attachments. https://technet.microsoft.com/en-us/sysinternals/sysmon… #DFIR,3,138,189,0,['#DFIR'],[],[],https://pbs.twimg.com/profile_images/1296215413680820224/ey97DmIO_normal.jpg,https://twitter.com/JohnLaTwC/status/799792296883388416,tweet_id:799792296883388416
John Lambert,@JohnLaTwC,2016-11-13T14:40:12.000Z,True,"Python script to [recursively] decode common encoded #PowerShell scripts (gzip, deflate, B64)https://gist.github.com/anonymous/f0b9a85e25ea097f810b4d79e9e005a5…",4,239,352,0,['#PowerShell'],[],[],https://pbs.twimg.com/profile_images/1296215413680820224/ey97DmIO_normal.jpg,https://twitter.com/JohnLaTwC/status/797811305486745600,tweet_id:797811305486745600
Michael Dubinsky,@MichaelDubinsky,2016-11-08T08:28:00.000Z,True,A good read on what #MicrosoftATA is (by our customer success team lead - ) @ https://blogs.technet.microsoft.com/enterprisemobility/2016/11/07/uncover-insider-threats-blind-spots-in-your-network-with-advanced-threat-analytics/…,0,8,8,0,['#MicrosoftATA'],['@hhainsworth'],[],https://pbs.twimg.com/profile_images/1729494380438761472/0Y1iecmZ_normal.jpg,https://twitter.com/MichaelDubinsky/status/795905698697773056,tweet_id:795905698697773056
BlueHat IL,@BlueHatIL,2016-11-02T11:23:39.000Z,True,"Proud to announce our top notch #BlueHatIL keynote: ! #CFP closes in a few days, Submit now! http://bit.ly/BlueHatIL",0,11,33,0,"['#BlueHatIL', '#CFP']",['@markrussinovich'],[],https://pbs.twimg.com/profile_images/1763217349186834432/uN7ltaLC_normal.jpg,https://twitter.com/BlueHatIL/status/793775575659909120,tweet_id:793775575659909120
Tal Be'ery @bhasia24,Tal Be'ery @bhasia24,2016-11-03T16:26:43.000Z,False,Full house for our #bheu  talk!,0,1,11,0,['#bheu'],['@BlackHatEvents'],[],https://pbs.twimg.com/profile_images/996423856461053953/p_oxcfbW_normal.jpg,https://twitter.com/TalBeerySec/status/794214234150342656,tweet_id:794214234150342656
Idan Plotnik,@idanplotnik,2016-11-03T09:36:26.000Z,False,Go   @MicrosoftATA team!,0,0,0,0,[],"['@TalBeerySec', '@ItaiGrady']",[],https://pbs.twimg.com/profile_images/1315935720650018818/kSN1DEtL_normal.jpg,https://twitter.com/idanplotnik/status/794110981035163648,tweet_id:794110981035163648
Idan Plotnik,@idanplotnik,2016-11-03T08:35:28.000Z,True,Welcome  to  !,0,1,5,0,[],"['@markrussinovich', '@BlueHatIL']",[],https://pbs.twimg.com/profile_images/1315935720650018818/kSN1DEtL_normal.jpg,https://twitter.com/idanplotnik/status/794095637918846976,tweet_id:794095637918846976
BlueHat IL,@BlueHatIL,2016-09-26T10:52:34.000Z,True,"#CFP for #BlueHatIL is open. Submit today for your chance to take the main stage.
Submit yours here- http://bit.ly/BlueHatIL#CyberSecurity",3,24,56,0,"['#CFP', '#BlueHatIL', '#CyberSecurity']",[],[],https://pbs.twimg.com/profile_images/1763217349186834432/uN7ltaLC_normal.jpg,https://twitter.com/BlueHatIL/status/780359400263475201,tweet_id:780359400263475201
Tal Be'ery @bhasia24,Tal Be'ery @bhasia24,2016-10-30T08:12:28.000Z,False,"NetCease tool has reached 1K DL!
Come here about it + much more this Thursday  #BHEUhttps://blackhat.com/eu-16/briefings.html#cyber-judo-offensive-cyber-defense…",0,9,27,0,['#BHEU'],['@BlackHatEvents'],[],https://pbs.twimg.com/profile_images/996423856461053953/p_oxcfbW_normal.jpg,https://twitter.com/TalBeerySec/status/792640298073591808,tweet_id:792640298073591808
BlueHat IL,@BlueHatIL,2016-10-10T10:19:45.000Z,True,. &  will take the stage ! Submit your paper NOW for your chance to join them http://bit.ly/BlueHatIL #BlueHatIL,0,10,25,0,['#BlueHatIL'],"['@craiu', '@gentilkiwi', '@BlueHatIL']",[],https://pbs.twimg.com/profile_images/1763217349186834432/uN7ltaLC_normal.jpg,https://twitter.com/BlueHatIL/status/785424571642019840,tweet_id:785424571642019840
WireX,@WireXSystems,2016-10-03T22:25:12.000Z,False,"“CDM is pleased to announce that WireX Systems is a CyberSecurity Leader of 2016 for excellence-in-class in Network Forensics"" Thank u CDM!",0,3,3,0,[],[],[],https://pbs.twimg.com/profile_images/758077622177771520/BIgdOyCQ_normal.jpg,https://twitter.com/WireXSystems/status/783070424342986752,tweet_id:783070424342986752
John Lambert,@JohnLaTwC,2016-10-27T20:11:52.000Z,True,ETW has a gold mine of security data for defenders. O365 just open sourced a C#/C++ library to simplify using it.,0,22,33,0,[],[],[],https://pbs.twimg.com/profile_images/1296215413680820224/ey97DmIO_normal.jpg,https://twitter.com/JohnLaTwC/status/791734177280380928,tweet_id:791734177280380928
Alex Simons,@Alex_A_Simons,2016-10-27T15:40:31.000Z,True,ICYM - you can now domain join RedHat Linux VM's to Azure AD Domain Services. Is that super cool or what?!?! https://azure.microsoft.com/en-us/documentation/articles/active-directory-ds-admin-guide-join-rhel-linux-vm/…,0,65,47,0,[],[],[],https://pbs.twimg.com/profile_images/1545557530071277568/DMzPv18S_normal.jpg,https://twitter.com/Alex_A_Simons/status/791665891574288384,tweet_id:791665891574288384
John Lambert,@JohnLaTwC,2016-10-17T12:51:54.000Z,True,One weird trick by  of the #MicrosoftATA team to break a common enumeration method https://gallery.technet.microsoft.com/Net-Cease-Blocking-Net-1e8dcb5b…,3,47,57,0,['#MicrosoftATA'],['@ItaiGrady'],[],https://pbs.twimg.com/profile_images/1296215413680820224/ey97DmIO_normal.jpg,https://twitter.com/JohnLaTwC/status/787999580075855873,tweet_id:787999580075855873
Idan Plotnik,@idanplotnik,2016-10-17T10:11:39.000Z,False,Great work #MicrosoftATA team!,0,1,2,0,['#MicrosoftATA'],[],[],https://pbs.twimg.com/profile_images/1315935720650018818/kSN1DEtL_normal.jpg,https://twitter.com/idanplotnik/status/787959249695637504,tweet_id:787959249695637504
Idan Plotnik,@idanplotnik,2016-10-10T11:51:15.000Z,True,Great to have you on board  &&  !,1,0,4,0,[],"['@gentilkiwi', '@craiu']",[],https://pbs.twimg.com/profile_images/1315935720650018818/kSN1DEtL_normal.jpg,https://twitter.com/idanplotnik/status/785447599084044292,tweet_id:785447599084044292
Michael Dubinsky,@MichaelDubinsky,2016-09-30T22:06:09.000Z,True,"Awesome session on the goodness in EMS, including #MicrosoftATA. (And a sneak peek...).",0,4,6,0,['#MicrosoftATA'],[],[],https://pbs.twimg.com/profile_images/1729494380438761472/0Y1iecmZ_normal.jpg,https://twitter.com/MichaelDubinsky/status/781978468334665728,tweet_id:781978468334665728
Michael Dubinsky,@MichaelDubinsky,2016-09-27T23:22:21.000Z,True,Had great time delivering a #MicrosoftATA session at #MSIgnite today. The demo jah was good to me ,1,2,14,0,"['#MicrosoftATA', '#MSIgnite']",[],['\\U0001f44d'],https://pbs.twimg.com/profile_images/1729494380438761472/0Y1iecmZ_normal.jpg,https://twitter.com/MichaelDubinsky/status/780910478096756736,tweet_id:780910478096756736
Michael Dubinsky,@MichaelDubinsky,2016-09-27T02:24:23.000Z,True,The room for my #MicrosoftATA session tomorrow . Looking forward to seeing u all tomorrow @ 4pm. https://techcommunity.microsoft.com/t5/Microsoft-Ignite-Content/BRK3090-Learn-how-Microsoft-Advanced-Threat-Analytics-combats/m-p/10543…,1,2,9,0,['#MicrosoftATA'],['@MSIgnite'],[],https://pbs.twimg.com/profile_images/1729494380438761472/0Y1iecmZ_normal.jpg,https://twitter.com/MichaelDubinsky/status/780593901992304640,tweet_id:780593901992304640
Michael Dubinsky,@MichaelDubinsky,2016-09-26T14:42:04.000Z,True,.   #MicrosoftATA is there to detect :-),1,2,5,0,['#MicrosoftATA'],"['@gentilkiwi', '@MSIgnite']",[],https://pbs.twimg.com/profile_images/1729494380438761472/0Y1iecmZ_normal.jpg,https://twitter.com/MichaelDubinsky/status/780417156903276544,tweet_id:780417156903276544
Alex Simons,@Alex_A_Simons,2016-09-26T12:39:23.000Z,True,Come on down to C1 -  talking about IaaS with   - up next  and then stay for the keynote! #MSIgnite,0,7,9,0,['#MSIgnite'],"['@CoreySandersWA', '@PatchAndSwitch', '@jsnover']",[],https://pbs.twimg.com/profile_images/1545557530071277568/DMzPv18S_normal.jpg,https://twitter.com/Alex_A_Simons/status/780386282086158336,tweet_id:780386282086158336
Idan Plotnik,@idanplotnik,2016-09-26T10:53:01.000Z,False,#BlueHatIL (#BlueHat #Israel) is now open! #CFP #CyberSecurity http://aka.ms/bhil2,0,3,4,0,"['#BlueHatIL', '#BlueHat', '#Israel', '#CFP', '#CyberSecurity']",[],[],https://pbs.twimg.com/profile_images/1315935720650018818/kSN1DEtL_normal.jpg,https://twitter.com/idanplotnik/status/780359514671513601,tweet_id:780359514671513601
Michael Dubinsky,@MichaelDubinsky,2016-09-19T06:37:05.000Z,True,We (#MicrosoftATA PG) will be running focus groups . If you're using ATA and like to participate PM me/email ataeval@microsoft.com,0,8,5,0,['#MicrosoftATA'],['@MS_Ignite'],[],https://pbs.twimg.com/profile_images/1729494380438761472/0Y1iecmZ_normal.jpg,https://twitter.com/MichaelDubinsky/status/777758394178502656,tweet_id:777758394178502656
Tal Be'ery @bhasia24,Tal Be'ery @bhasia24,2016-08-31T20:19:00.000Z,False,"2/ SAM-R recon (""net user /domain"", ""net group /domain"")",5,9,8,0,[],[],[],https://pbs.twimg.com/profile_images/996423856461053953/p_oxcfbW_normal.jpg,https://twitter.com/TalBeerySec/status/771079865365921792,tweet_id:771079865365921792
John Lambert,@JohnLaTwC,2016-08-31T20:37:35.000Z,True,"If you hunt for compromised accounts or intrusions, check out 's tweets on the #MicrosoftATA release.",0,7,16,0,['#MicrosoftATA'],['@TalBeerySec'],[],https://pbs.twimg.com/profile_images/1296215413680820224/ey97DmIO_normal.jpg,https://twitter.com/JohnLaTwC/status/771084540483817472,tweet_id:771084540483817472
Idan Plotnik,@idanplotnik,2016-08-31T18:18:58.000Z,False,I'm proud to announce the GA of #MicrosoftATA 1.7. Read more: https://blogs.technet.microsoft.com/enterprisemobility/2016/08/31/introducing-advanced-threat-analytics-v1-7/…,0,49,34,0,['#MicrosoftATA'],[],[],https://pbs.twimg.com/profile_images/1315935720650018818/kSN1DEtL_normal.jpg,https://twitter.com/idanplotnik/status/771049656654716928,tweet_id:771049656654716928
Sergio Caltagirone,@cnoanalysis,2016-08-31T18:12:36.000Z,False,Now detecting recon using directory services enumeration and even more!  #infosec #cybersecurity  https://twitter.com/IdanPlotnik/status/771045767993778176…,1,1,2,0,"['#infosec', '#cybersecurity']",[],[],https://pbs.twimg.com/profile_images/1207006981539520512/ebTA9xty_normal.jpg,https://twitter.com/cnoanalysis/status/771048054891819008,tweet_id:771048054891819008
Idan Plotnik,@idanplotnik,2016-08-31T18:13:52.000Z,False,Please use Microsoft Update (KB3185481) to automatically upgrade #MicrosoftATA. We worked so hard on this for you!,0,3,9,0,['#MicrosoftATA'],[],[],https://pbs.twimg.com/profile_images/1315935720650018818/kSN1DEtL_normal.jpg,https://twitter.com/idanplotnik/status/771048372451024896,tweet_id:771048372451024896
John Lambert,@JohnLaTwC,2016-08-20T22:57:16.000Z,True,How is ransomware getting past your sandbox analysis? It's checking where it's executing first.,2,35,43,0,[],[],[],https://pbs.twimg.com/profile_images/1296215413680820224/ey97DmIO_normal.jpg,https://twitter.com/JohnLaTwC/status/767133427862691840,tweet_id:767133427862691840
John Lambert,@JohnLaTwC,2016-08-20T18:01:49.000Z,True,"To an internal audience of engineers, I encouraged them to study these aspects of the security mindset in their daily work:",5,34,60,0,[],[],[],https://pbs.twimg.com/profile_images/1296215413680820224/ey97DmIO_normal.jpg,https://twitter.com/JohnLaTwC/status/767059077104926720,tweet_id:767059077104926720
Tal Be'ery @bhasia24,Tal Be'ery @bhasia24,2016-08-18T12:12:45.000Z,False,#APT  #VPNIf you need more reasons to be nervous about #ShadowBrokers #ExtraBacon:,2,5,4,0,"['#APT', '#VPN', '#ShadowBrokers', '#ExtraBacon']",[],['\\u2764\\ufe0f'],https://pbs.twimg.com/profile_images/996423856461053953/p_oxcfbW_normal.jpg,https://twitter.com/TalBeerySec/status/766246455841525760,tweet_id:766246455841525760
Scott Guthrie,@scottgu,2016-08-18T16:03:33.000Z,True,#PowerShell is now open sourced and on Linux + macOS! Use the same tools to control & automate Windows & Linux https://aka.ms/hosoyc,5,457,361,0,['#PowerShell'],[],[],https://pbs.twimg.com/profile_images/565139568/redshirt_normal.jpg,https://twitter.com/scottgu/status/766304537615282176,tweet_id:766304537615282176
Florian Roth,@cyb3rops,2016-08-17T15:11:42.000Z,True,"Aorato Skeleton Key Malware Remote DC Scanner
by  ICYMIhttps://gallery.technet.microsoft.com/Aorato-Skeleton-Key-24e46b73…",1,17,17,0,[],['@TalBeerySec'],[],https://pbs.twimg.com/profile_images/1682874149847412741/zGo36Aqh_normal.jpg,https://twitter.com/cyb3rops/status/765929102570381312,tweet_id:765929102570381312
Tal Be'ery @bhasia24,Tal Be'ery @bhasia24,2016-08-15T08:58:21.000Z,False,"3/ learning the User's/Entity's Behavior and applying this hardening, is what User Entity Behavior Analytics (#UEBA) market is all about.",1,1,1,0,['#UEBA'],[],[],https://pbs.twimg.com/profile_images/996423856461053953/p_oxcfbW_normal.jpg,https://twitter.com/TalBeerySec/status/765110368066736128,tweet_id:765110368066736128
Tal Be'ery @bhasia24,Tal Be'ery @bhasia24,2016-08-12T09:28:13.000Z,True,"A nice piece  about the newly patched Evil Maid/Remote Butler vuln
CC: @NabeelAhmedBE  ",0,2,3,0,[],"['@SecurityWeek', '@chaimh90']",[],https://pbs.twimg.com/profile_images/996423856461053953/p_oxcfbW_normal.jpg,https://twitter.com/TalBeerySec/status/764030720356421632,tweet_id:764030720356421632
Tal Be'ery @bhasia24,Tal Be'ery @bhasia24,2016-08-11T18:52:22.000Z,False,. verified that the Remote Butler attack is relevant to #MS16101 / #CVE20163237So please apply patches :),0,10,9,0,"['#MS16101', '#CVE20163237']",['@chaimh90'],[],https://pbs.twimg.com/profile_images/996423856461053953/p_oxcfbW_normal.jpg,https://twitter.com/TalBeerySec/status/763810303985549312,tweet_id:763810303985549312
Alex Simons,@Alex_A_Simons,2016-08-05T05:15:26.000Z,True,"Pretty cool! Microsoft: a Gartner cloud computing leader across IaaS, PaaS, and SaaS https://azure.microsoft.com/blog/microsoft-a-gartner-cloud-computing-leader-across-iaas-paas-saas/…",1,28,36,0,[],[],[],https://pbs.twimg.com/profile_images/1545557530071277568/DMzPv18S_normal.jpg,https://twitter.com/Alex_A_Simons/status/761430392637231104,tweet_id:761430392637231104
Idan Plotnik,@idanplotnik,2016-08-05T09:55:14.000Z,False,Great work #MicrosoftATA team   !,0,0,4,0,['#MicrosoftATA'],"['@TalBeerySec', '@chaimh90']",[],https://pbs.twimg.com/profile_images/1315935720650018818/kSN1DEtL_normal.jpg,https://twitter.com/idanplotnik/status/761500806680051713,tweet_id:761500806680051713
Michael Dubinsky,@MichaelDubinsky,2016-08-05T07:11:26.000Z,True,Great work by #MicrosoftATA sec research  and  coming up with this new vector.,0,2,5,0,['#MicrosoftATA'],"['@TalBeerySec', '@chaimh90']",[],https://pbs.twimg.com/profile_images/1729494380438761472/0Y1iecmZ_normal.jpg,https://twitter.com/MichaelDubinsky/status/761459585135828992,tweet_id:761459585135828992
Chaim Hoch,@chaimh90,2016-08-04T18:03:36.000Z,False,Check our demo! ,0,1,3,0,[],"['@TalBeerySec', '@IdanPlotnik']",[],https://pbs.twimg.com/profile_images/894920108530958336/kjUzdlhr_normal.jpg,https://twitter.com/chaimh90/status/761261316292030464,tweet_id:761261316292030464
Tal Be'ery @bhasia24,Tal Be'ery @bhasia24,2016-08-04T18:00:06.000Z,False,The video of our Remote Butler attack demo by  is now availablehttps://youtube.com/watch?v=CSdJ_-PhauI…,1,9,10,0,[],['@chaimh90'],[],https://pbs.twimg.com/profile_images/996423856461053953/p_oxcfbW_normal.jpg,https://twitter.com/TalBeerySec/status/761260439472746496,tweet_id:761260439472746496
Tal Be'ery @bhasia24,Tal Be'ery @bhasia24,2016-07-30T22:51:19.000Z,False,2/ Top 5 list. Note #2 on routing manipulations. We use such techniques in our #BHUSA talk https://blackhat.com/us-16/briefings/schedule/index.html#the-remote-malicious-butler-did-it-2781…,0,18,25,0,['#BHUSA'],[],[],https://pbs.twimg.com/profile_images/996423856461053953/p_oxcfbW_normal.jpg,https://twitter.com/TalBeerySec/status/759521784479805441,tweet_id:759521784479805441
Tal Be'ery @bhasia24,Tal Be'ery @bhasia24,2016-07-30T22:33:30.000Z,False,"1/ ""The top four attack vectors are based on utilizing stolen #credentials."" https://twitter.com/Jabra/status/759215175346089984…",1,6,7,0,['#credentials'],[],[],https://pbs.twimg.com/profile_images/996423856461053953/p_oxcfbW_normal.jpg,https://twitter.com/TalBeerySec/status/759517303469969408,tweet_id:759517303469969408
Idan Plotnik,@idanplotnik,2016-07-30T22:11:15.000Z,False,"4. ""Transdermal optical imaging"" == #MicrosoftATA",0,0,0,0,['#MicrosoftATA'],[],[],https://pbs.twimg.com/profile_images/1315935720650018818/kSN1DEtL_normal.jpg,https://twitter.com/idanplotnik/status/759511701339406337,tweet_id:759511701339406337
Idan Plotnik,@idanplotnik,2016-07-30T22:10:53.000Z,False,"3. ""Factional blood changes"" == packet changes across multiple fields and protocols (Patent US20110258208)",1,1,0,0,[],[],[],https://pbs.twimg.com/profile_images/1315935720650018818/kSN1DEtL_normal.jpg,https://twitter.com/idanplotnik/status/759511608339140608,tweet_id:759511608339140608
Idan Plotnik,@idanplotnik,2016-07-30T22:09:07.000Z,False,". 1. amazing talk https://ted.com/talks/kang_lee_can_you_really_tell_if_a_kid_is_lying… 2. ""Network blood vessels"" like in #UEBA the truth is in the network! not in the logs",1,0,0,0,['#UEBA'],['@TEDTalks'],[],https://pbs.twimg.com/profile_images/1315935720650018818/kSN1DEtL_normal.jpg,https://twitter.com/idanplotnik/status/759511166821556224,tweet_id:759511166821556224
Idan Plotnik,@idanplotnik,2016-07-30T19:15:49.000Z,True,Innovation: eavesdropping device,0,0,0,0,[],[],[],https://pbs.twimg.com/profile_images/1315935720650018818/kSN1DEtL_normal.jpg,https://twitter.com/idanplotnik/status/759467552577814528,tweet_id:759467552577814528
Sean Metcalf,@PyroTek3,2016-07-29T13:57:31.000Z,False,"Excited to speak on #ActiveDirectory security  (Blue Team, Wed 10a) &  (Red Team, Thurs 12p)!https://adsecurity.org/?tag=VegasWeek2016…",1,16,22,0,['#ActiveDirectory'],"['@BlackHatEvents', '@defcon']",[],https://pbs.twimg.com/profile_images/1223855645323137024/5hEgvFdT_normal.jpg,https://twitter.com/PyroTek3/status/759025063584796672,tweet_id:759025063584796672
Tal Be'ery @bhasia24,Tal Be'ery @bhasia24,2016-07-29T10:49:05.000Z,False,"Evil Maid vs. Remote Evil Butler
See you on our  talk next week https://blackhat.com/us-16/briefings/schedule/index.html#the-remote-malicious-butler-did-it-2781… #BHUSA",1,9,13,0,['#BHUSA'],['@BlackHatEvents'],[],https://pbs.twimg.com/profile_images/996423856461053953/p_oxcfbW_normal.jpg,https://twitter.com/TalBeerySec/status/758977641143611392,tweet_id:758977641143611392
Idan Plotnik,@idanplotnik,2016-07-27T21:05:53.000Z,True,Thanks  for a great talk! I'm on the second group ;),0,0,1,0,[],['@BenjaminZander'],[],https://pbs.twimg.com/profile_images/1315935720650018818/kSN1DEtL_normal.jpg,https://twitter.com/idanplotnik/status/758408088215023616,tweet_id:758408088215023616
Tal Be'ery @bhasia24,Tal Be'ery @bhasia24,2016-07-12T15:44:35.000Z,False,"I  #MicrosoftATA UI!
Analyst can click on the alert's UI to  call the person that triggered the alert",2,6,15,0,['#MicrosoftATA'],['@SkypeBusiness'],['\\u2665'],https://pbs.twimg.com/profile_images/996423856461053953/p_oxcfbW_normal.jpg,https://twitter.com/TalBeerySec/status/752891413482835968,tweet_id:752891413482835968
Tal Be'ery @bhasia24,Tal Be'ery @bhasia24,2016-07-18T08:31:48.000Z,False,"An Important quote from the original memo: ""sys admins are not my end target. My end target are the network's users""",0,7,9,0,[],[],[],https://pbs.twimg.com/profile_images/996423856461053953/p_oxcfbW_normal.jpg,https://twitter.com/TalBeerySec/status/754956825338994688,tweet_id:754956825338994688
Michael Dubinsky,@MichaelDubinsky,2016-07-25T13:59:54.000Z,True,A great post explaining how to use the #MicrosoftATA sizing tool. Thanks for creating this !,0,4,3,0,['#MicrosoftATA'],['@richlilly'],[],https://pbs.twimg.com/profile_images/1729494380438761472/0Y1iecmZ_normal.jpg,https://twitter.com/MichaelDubinsky/status/757576109902880768,tweet_id:757576109902880768
Rich Lilly,@richlilly,2016-07-16T16:20:10.000Z,False,Using the Advanced Threat Analytics (ATA) Sizing tool https://shar.es/1lQSW9 via  #MicrosoftATA,0,4,7,0,['#MicrosoftATA'],['@richlilly'],[],https://pbs.twimg.com/profile_images/1230354325962182656/zF9sGiP0_normal.jpg,https://twitter.com/richlilly/status/754349919310376960,tweet_id:754349919310376960
Tal Be'ery @bhasia24,Tal Be'ery @bhasia24,2016-07-19T07:39:32.000Z,False,.   Please also add network based solutions to the competition (e.g. #MicrosoftATA),0,1,1,0,['#MicrosoftATA'],"['@attrc', '@gentilkiwi', '@harmj0y']",[],https://pbs.twimg.com/profile_images/996423856461053953/p_oxcfbW_normal.jpg,https://twitter.com/TalBeerySec/status/755306061058412544,tweet_id:755306061058412544
Simon May,@simonster,2016-07-20T03:14:06.000Z,False,Join our Ignite pre-day to get up and running with Enterprise mobility + Security http://go.smay.co/2arhBvC,0,9,8,0,[],[],[],https://pbs.twimg.com/profile_images/3371137740/8b1001b5dba397c36c8537e3f43de672_normal.jpeg,https://twitter.com/simonster/status/755601650782441473,tweet_id:755601650782441473
Alex Simons,@Alex_A_Simons,2016-07-18T15:18:34.000Z,True,#AzureAD Certificate Based Authentication for iOS and Android is now in preview! https://aka.ms/lkohb6,2,61,44,0,['#AzureAD'],[],[],https://pbs.twimg.com/profile_images/1545557530071277568/DMzPv18S_normal.jpg,https://twitter.com/Alex_A_Simons/status/755059193372037122,tweet_id:755059193372037122
Paula Januszkiewicz,@PaulaCqure,2016-07-14T08:14:38.000Z,True,Thx for the quick reaction guys! Great job!     #MicrosoftATA,0,1,4,0,['#MicrosoftATA'],"['@IdanPlotnik', '@MichaelDubinsky', '@AppInsights', '@CQUREAcademy']",[],https://pbs.twimg.com/profile_images/1174992376877768704/H4os0Cio_normal.jpg,https://twitter.com/PaulaCqure/status/753502953999372288,tweet_id:753502953999372288
Benjamin Delpy,@gentilkiwi,2016-07-11T22:40:13.000Z,False,#mimikatz Go - catch all credentials!,5,84,139,0,['#mimikatz'],[],[],https://pbs.twimg.com/profile_images/1643733784196440064/2YlqbAR6_normal.jpg,https://twitter.com/gentilkiwi/status/752633622218309632,tweet_id:752633622218309632
Benjamin Delpy,@gentilkiwi,2016-07-09T17:20:09.000Z,False,Because some persons prefer cookies to passwords with  : https://github.com/gentilkiwi/mimikatz/releases…,2,91,107,0,[],['@googlechrome'],[],https://pbs.twimg.com/profile_images/1643733784196440064/2YlqbAR6_normal.jpg,https://twitter.com/gentilkiwi/status/751828299433803777,tweet_id:751828299433803777
Tal Be'ery @bhasia24,Tal Be'ery @bhasia24,2016-07-07T11:31:34.000Z,False,That's why we (#MicrosoftATA research team) invest so much in understanding attackers & practicing their tools #APT,0,3,6,0,"['#MicrosoftATA', '#APT']",[],[],https://pbs.twimg.com/profile_images/996423856461053953/p_oxcfbW_normal.jpg,https://twitter.com/TalBeerySec/status/751015801516335104,tweet_id:751015801516335104
passingthehash,@passingthehash,2016-07-06T17:27:50.000Z,False,. The best way to get into some orgs network is to ask somebody for their password.  Still works quite well ;-),0,3,3,0,[],['@hacks4pancakes'],[],https://pbs.twimg.com/profile_images/2420869565/557ery6soi5ghy5m159e_normal.png,https://twitter.com/passingthehash/status/750743069155266560,tweet_id:750743069155266560
Gerson Levitz,@gman4626,2016-07-06T05:50:09.000Z,False,New blog ATA blog post. ATA Behavior Analysis Monitoring. https://blogs.technet.microsoft.com/enterprisemobility/2016/06/30/ata-behavior-analysis-monitoring/…#MicrosoftATA #UEBA #security,0,3,6,0,"['#MicrosoftATA', '#UEBA', '#security']",[],[],https://pbs.twimg.com/profile_images/1438035398576549889/X37jW4Y2_normal.jpg,https://twitter.com/gman4626/status/750567489424195585,tweet_id:750567489424195585
Idan Plotnik,@idanplotnik,2016-07-05T19:22:51.000Z,False,Blog Post: #MicrosoftATA Behavior Analysis Monitoring Validationhttps://blogs.technet.microsoft.com/enterprisemobility/2016/06/30/ata-behavior-analysis-monitoring/…,1,9,7,0,['#MicrosoftATA'],[],[],https://pbs.twimg.com/profile_images/1315935720650018818/kSN1DEtL_normal.jpg,https://twitter.com/idanplotnik/status/750409627322486784,tweet_id:750409627322486784
Gerson Levitz,@gman4626,2016-06-30T07:54:46.000Z,False,Config #MicrosoftATA Gateways to update automatically. General Settings applies to all or enable on each Gateway.,1,10,9,0,['#MicrosoftATA'],[],[],https://pbs.twimg.com/profile_images/1438035398576549889/X37jW4Y2_normal.jpg,https://twitter.com/gman4626/status/748424525591777281,tweet_id:748424525591777281
Michael Dubinsky,@MichaelDubinsky,2016-06-29T07:49:58.000Z,True,#MicrosoftATA coolness! 1.6 Update1 shipped via Microsoft Update Cloud service. Get it today via your closest CDN :),0,2,9,0,['#MicrosoftATA'],[],[],https://pbs.twimg.com/profile_images/1729494380438761472/0Y1iecmZ_normal.jpg,https://twitter.com/MichaelDubinsky/status/748060929603043328,tweet_id:748060929603043328
Tal Be'ery @bhasia24,Tal Be'ery @bhasia24,2016-06-29T11:24:23.000Z,False,"@jpcert_en/Shingo:
1/#MicrosoftATA is already deployed in >100K clients environments.
Please note that no installation on clients is needed",2,3,1,0,['#MicrosoftATA'],[],[],https://pbs.twimg.com/profile_images/996423856461053953/p_oxcfbW_normal.jpg,https://twitter.com/TalBeerySec/status/748114890909442049,tweet_id:748114890909442049
Michael Dubinsky,@MichaelDubinsky,2016-06-29T17:59:36.000Z,True,Thanks for sharing !!,0,1,3,0,[],['@richlilly'],[],https://pbs.twimg.com/profile_images/1729494380438761472/0Y1iecmZ_normal.jpg,https://twitter.com/MichaelDubinsky/status/748214347931992064,tweet_id:748214347931992064
Flemming Riis (Grünbaum),@FlemmingRiis,2016-06-28T19:28:18.000Z,False, my pleasure :) very cool product,0,2,3,0,[],['@IdanPlotnik'],[],https://pbs.twimg.com/profile_images/560732523517726720/dH9qokbc_normal.jpeg,https://twitter.com/FlemmingRiis/status/747874282684940288,tweet_id:747874282684940288
Idan Plotnik,@idanplotnik,2016-06-28T19:19:41.000Z,False,"WOW! That was a fast #MicrosoftATA  upgrade to 1.6 Update 1, thanks for the blog post",0,4,5,0,['#MicrosoftATA'],[],[],https://pbs.twimg.com/profile_images/1315935720650018818/kSN1DEtL_normal.jpg,https://twitter.com/idanplotnik/status/747872113734844416,tweet_id:747872113734844416
Idan Plotnik,@idanplotnik,2016-06-28T18:00:15.000Z,False,#MicrosoftATA Update 1 available via Microsoft Update! the first #UEBA platform with automatic updates and upgrades!,2,67,58,0,"['#MicrosoftATA', '#UEBA']",[],[],https://pbs.twimg.com/profile_images/1315935720650018818/kSN1DEtL_normal.jpg,https://twitter.com/idanplotnik/status/747852124961275904,tweet_id:747852124961275904
Itai Grady,@ItaiGrady,2016-06-28T08:08:52.000Z,False,My #BsidesTLV talk is now available @ https://youtube.com/watch?v=KeQVrYQ5Bzg&index=5&list=PLNiWLB_wsOg4YPY6v76waeuTyWVAgo0Bx…For all talks: https://youtube.com/playlist?list=PLNiWLB_wsOg4YPY6v76waeuTyWVAgo0Bx… ,0,11,18,0,['#BsidesTLV'],['@ashishrocks'],[],https://pbs.twimg.com/profile_images/745883779848409088/-70T3zIe_normal.jpg,https://twitter.com/ItaiGrady/status/747703296618561536,tweet_id:747703296618561536
Tal Be'ery @bhasia24,Tal Be'ery @bhasia24,2016-06-27T23:02:27.000Z,False,"3/ Analysis of CVE-2014-6324 (#MS14068) w/ event logs.
A better option: use #MicrosoftATA to analyze Network traffic",1,6,8,0,"['#MS14068', '#MicrosoftATA']",[],[],https://pbs.twimg.com/profile_images/996423856461053953/p_oxcfbW_normal.jpg,https://twitter.com/TalBeerySec/status/747565789243379713,tweet_id:747565789243379713
Tal Be'ery @bhasia24,Tal Be'ery @bhasia24,2016-06-27T22:55:58.000Z,False,"2/ ""Cause for unauthorized use:
Unknown: 4 [cases]
Password obtained: 5 
AD vulnerability + Password obtained: 6""",1,1,4,0,[],[],[],https://pbs.twimg.com/profile_images/996423856461053953/p_oxcfbW_normal.jpg,https://twitter.com/TalBeerySec/status/747564155197087744,tweet_id:747564155197087744
Tal Be'ery @bhasia24,Tal Be'ery @bhasia24,2016-06-27T22:50:21.000Z,False,"1/ ""After intrusion, almost all cases (15 / 16) resulted in unauthorized use of#domain #administrator account""",1,1,6,0,"['#domain', '#administrator']",[],[],https://pbs.twimg.com/profile_images/996423856461053953/p_oxcfbW_normal.jpg,https://twitter.com/TalBeerySec/status/747562741829935105,tweet_id:747562741829935105
Tal Be'ery @bhasia24,Tal Be'ery @bhasia24,2016-06-23T07:24:46.000Z,False,Allergy advice: may contain traces of #mimikatz and #MicrosoftATA :),0,8,9,0,"['#mimikatz', '#MicrosoftATA']",[],[],https://pbs.twimg.com/profile_images/996423856461053953/p_oxcfbW_normal.jpg,https://twitter.com/TalBeerySec/status/745880259233464321,tweet_id:745880259233464321
Tal Be'ery @bhasia24,Tal Be'ery @bhasia24,2016-06-23T09:27:18.000Z,False,"5/
Domain admin creds: get domain admin hash w/ #Mimikatz 
Domain dominance: RDP to DC w/ admin, add user to domain admin (done for pentest)",1,1,2,0,['#Mimikatz'],[],[],https://pbs.twimg.com/profile_images/996423856461053953/p_oxcfbW_normal.jpg,https://twitter.com/TalBeerySec/status/745911095521591296,tweet_id:745911095521591296
Idan Plotnik,@idanplotnik,2016-06-23T18:40:02.000Z,False,You mean #UEBA #killchain which #MicrosoftATA focus on?,0,2,3,0,"['#UEBA', '#killchain', '#MicrosoftATA']",[],[],https://pbs.twimg.com/profile_images/1315935720650018818/kSN1DEtL_normal.jpg,https://twitter.com/idanplotnik/status/746050196904251392,tweet_id:746050196904251392
Tal Be'ery @bhasia24,Tal Be'ery @bhasia24,2016-06-23T09:07:15.000Z,False,"1/ Classic! ( a bit crude since it's #pentest and not real #APT)
Tweetstorm of attack #cyber #killchain follows",1,4,2,0,"['#pentest', '#APT', '#cyber', '#killchain']",[],[],https://pbs.twimg.com/profile_images/996423856461053953/p_oxcfbW_normal.jpg,https://twitter.com/TalBeerySec/status/745906051317440512,tweet_id:745906051317440512
Alex Simons,@Alex_A_Simons,2016-06-23T15:42:16.000Z,True,#AzureAD Conditional Access for #Office365 Exchange & SharePoint now in preview! More here: https://aka.ms/tmuakc,7,87,61,0,"['#AzureAD', '#Office365']",[],[],https://pbs.twimg.com/profile_images/1545557530071277568/DMzPv18S_normal.jpg,https://twitter.com/Alex_A_Simons/status/746005458746368000,tweet_id:746005458746368000
Benjamin Delpy,@gentilkiwi,2016-06-19T20:01:23.000Z,False,"SQLite in msvcrt.dll context is not so cool, and x2 #mimikatz size ;)
I made it just for fun today",0,2,5,0,['#mimikatz'],[],[],https://pbs.twimg.com/profile_images/1643733784196440064/2YlqbAR6_normal.jpg,https://twitter.com/gentilkiwi/status/744621119047622656,tweet_id:744621119047622656
Benjamin Delpy,@gentilkiwi,2016-06-23T00:23:50.000Z,False,Windows  passwords and #mimikatz DPAPI module: https://github.com/gentilkiwi/mimikatz/releases…(use /unprotect for online),0,172,172,0,['#mimikatz'],['@googlechrome'],[],https://pbs.twimg.com/profile_images/1643733784196440064/2YlqbAR6_normal.jpg,https://twitter.com/gentilkiwi/status/745774327669358594,tweet_id:745774327669358594
Tal Be'ery @bhasia24,Tal Be'ery @bhasia24,2016-06-22T13:50:27.000Z,False,"""Protecting browsers' passwords in a domain environment"" talk by #MicrosoftATA's  ",2,4,12,0,['#MicrosoftATA'],"['@ItaiGrady', '@BsidesTLV']",[],https://pbs.twimg.com/profile_images/996423856461053953/p_oxcfbW_normal.jpg,https://twitter.com/TalBeerySec/status/745614932012580864,tweet_id:745614932012580864
Tal Be'ery @bhasia24,Tal Be'ery @bhasia24,2016-06-19T06:47:13.000Z,False,"2/ ..and how to protect against it. ""Protecting #Browsers' Secrets in a Domain Environment""  (http://bsidestlv.com/#!agenda/znf1i), this week",0,4,5,0,['#Browsers'],['@BsidesTLV'],[],https://pbs.twimg.com/profile_images/996423856461053953/p_oxcfbW_normal.jpg,https://twitter.com/TalBeerySec/status/744421258872381440,tweet_id:744421258872381440
Idan Plotnik,@idanplotnik,2016-06-19T09:14:36.000Z,False,Come join,0,0,3,0,[],[],[],https://pbs.twimg.com/profile_images/1315935720650018818/kSN1DEtL_normal.jpg,https://twitter.com/idanplotnik/status/744458347999531008,tweet_id:744458347999531008
Idan Plotnik,@idanplotnik,2016-06-17T07:29:22.000Z,False,Same as the #HackingTeam step-by-step story http://pastebin.com/raw/0SNSvyjJ,0,0,1,0,['#HackingTeam'],[],[],https://pbs.twimg.com/profile_images/1315935720650018818/kSN1DEtL_normal.jpg,https://twitter.com/idanplotnik/status/743707091404107776,tweet_id:743707091404107776
Tal Be'ery @bhasia24,Tal Be'ery @bhasia24,2016-06-15T08:21:44.000Z,False,"If the foundations are shaky (#firmware #vulnerability), even a well built building (#VSM) will collapse.",0,6,5,0,"['#firmware', '#vulnerability', '#VSM']",[],[],https://pbs.twimg.com/profile_images/996423856461053953/p_oxcfbW_normal.jpg,https://twitter.com/TalBeerySec/status/742995492464889857,tweet_id:742995492464889857
Idan Plotnik,@idanplotnik,2016-06-16T12:17:02.000Z,True,Great work #MicrosoftATA group!,0,0,4,0,['#MicrosoftATA'],[],[],https://pbs.twimg.com/profile_images/1315935720650018818/kSN1DEtL_normal.jpg,https://twitter.com/idanplotnik/status/743417096458084353,tweet_id:743417096458084353
Idan Plotnik,@idanplotnik,2016-06-11T06:32:12.000Z,False,Best practices for securing #MicrosoftATAhttps://blogs.technet.microsoft.com/enterprisemobility/2016/06/10/best-practices-for-securing-advanced-threat-analytics/…,0,16,19,0,['#MicrosoftATA'],[],[],https://pbs.twimg.com/profile_images/1315935720650018818/kSN1DEtL_normal.jpg,https://twitter.com/idanplotnik/status/741518376804229122,tweet_id:741518376804229122
Idan Plotnik,@idanplotnik,2016-06-11T06:13:39.000Z,False,"#APT the devil is in the details: Internal recon, Comp creds, Domain dominance, Lateral movement == #MicrosoftATA https://aka.ms/hackingteambreach…",0,5,11,0,"['#APT', '#MicrosoftATA']",[],[],https://pbs.twimg.com/profile_images/1315935720650018818/kSN1DEtL_normal.jpg,https://twitter.com/idanplotnik/status/741513707063234560,tweet_id:741513707063234560
Sean Metcalf,@PyroTek3,2016-06-09T22:08:19.000Z,False,"Speaking  again this year! This time it's all about Red Teaming #ActiveDirectory - efficient recon, priv esc., & sneaky persistence.",8,14,41,0,['#ActiveDirectory'],['@defcon'],[],https://pbs.twimg.com/profile_images/1223855645323137024/5hEgvFdT_normal.jpg,https://twitter.com/PyroTek3/status/741029181635584004,tweet_id:741029181635584004
Tal Be'ery @bhasia24,Tal Be'ery @bhasia24,2016-06-10T15:05:13.000Z,False,"Something old,
something new,
something borrowed,
something blue,
and #MicrosoftATA too :)!",0,1,4,0,['#MicrosoftATA'],[],[],https://pbs.twimg.com/profile_images/996423856461053953/p_oxcfbW_normal.jpg,https://twitter.com/TalBeerySec/status/741285092182626304,tweet_id:741285092182626304
Tal Be'ery @bhasia24,Tal Be'ery @bhasia24,2016-06-09T07:58:33.000Z,False,#MicrosoftATA: Because you cannot diable traffic (and still attack) https://twitter.com/mattifestation/status/740599558187556864…,1,2,6,0,['#MicrosoftATA'],[],[],https://pbs.twimg.com/profile_images/996423856461053953/p_oxcfbW_normal.jpg,https://twitter.com/TalBeerySec/status/740815332395372544,tweet_id:740815332395372544
Idan Plotnik,@idanplotnik,2016-06-09T05:46:49.000Z,False,Good luck @MattT_Cyber ! https://twitter.com/MattT_Cyber/status/740641375729766400…,0,0,1,0,[],[],[],https://pbs.twimg.com/profile_images/1315935720650018818/kSN1DEtL_normal.jpg,https://twitter.com/idanplotnik/status/740782178787856390,tweet_id:740782178787856390
John Lambert,@JohnLaTwC,2016-06-09T04:05:46.000Z,True,2) If you read ’s post on Trustworthy Computing & wonder who were the architects of it? Salute @MattT_Cyber,1,22,32,0,[],['@hillbrad'],[],https://pbs.twimg.com/profile_images/1296215413680820224/ey97DmIO_normal.jpg,https://twitter.com/JohnLaTwC/status/740756751977324545,tweet_id:740756751977324545
John Lambert,@JohnLaTwC,2016-06-09T04:04:09.000Z,True,"1) @MattT_Cyber is leaving MS. His team has been a factory of security professionals and they have gone on to touch many, many companies.",0,4,6,0,[],[],[],https://pbs.twimg.com/profile_images/1296215413680820224/ey97DmIO_normal.jpg,https://twitter.com/JohnLaTwC/status/740756343414358018,tweet_id:740756343414358018
Alex Simons,@Alex_A_Simons,2016-06-07T15:13:58.000Z,True,#AzureAD a leader in the 2016 Gartner IDaaS MQ! Link to complimentary copies in our blog -> https://aka.ms/nbyaj4,2,82,45,0,['#AzureAD'],[],[],https://pbs.twimg.com/profile_images/1545557530071277568/DMzPv18S_normal.jpg,https://twitter.com/Alex_A_Simons/status/740200134164647936,tweet_id:740200134164647936
Idan Plotnik,@idanplotnik,2016-06-06T19:18:06.000Z,True,Amazing!  great work!,0,0,3,0,[],['@Alex_A_Simons'],[],https://pbs.twimg.com/profile_images/1315935720650018818/kSN1DEtL_normal.jpg,https://twitter.com/idanplotnik/status/739899183809888256,tweet_id:739899183809888256
Idan Plotnik,@idanplotnik,2016-06-06T10:15:09.000Z,False,"+ #MicrosoftATA Abnormal resource access, authentication activity and working hours and much more ...",0,1,4,0,['#MicrosoftATA'],[],[],https://pbs.twimg.com/profile_images/1315935720650018818/kSN1DEtL_normal.jpg,https://twitter.com/idanplotnik/status/739762545997811712,tweet_id:739762545997811712
Idan Plotnik,@idanplotnik,2016-06-06T06:21:32.000Z,False,:)  this is a good one!,0,0,1,0,[],['@gentilkiwi'],[],https://pbs.twimg.com/profile_images/1315935720650018818/kSN1DEtL_normal.jpg,https://twitter.com/idanplotnik/status/739703752320516096,tweet_id:739703752320516096
Tal Be'ery @bhasia24,Tal Be'ery @bhasia24,2016-06-05T09:31:38.000Z,False,"1/ ""In 2014, an #Israeli #startup, #Aorato, created a defense against these pass-the-hash attacks...""#pth #passthehash",1,4,4,0,"['#Israeli', '#startup', '#Aorato', '#pth', '#passthehash']",[],[],https://pbs.twimg.com/profile_images/996423856461053953/p_oxcfbW_normal.jpg,https://twitter.com/TalBeerySec/status/739389205235806208,tweet_id:739389205235806208
Tal Be'ery @bhasia24,Tal Be'ery @bhasia24,2016-06-02T04:56:51.000Z,False,Red & Blue teams should definitely take #Impacket into account,0,1,2,0,['#Impacket'],[],[],https://pbs.twimg.com/profile_images/996423856461053953/p_oxcfbW_normal.jpg,https://twitter.com/TalBeerySec/status/738232891755376640,tweet_id:738232891755376640
Tal Be'ery @bhasia24,Tal Be'ery @bhasia24,2016-06-01T22:43:55.000Z,False,"""#HackingTeam #Breach: A #Cyber Jurassic Park""
My blog shamelessly steals 's paleontologist metaphor :) https://blogs.microsoft.com/cybertrust/2016/06/01/hacking-team-breach-a-cyber-jurassic-park/…",1,21,21,0,"['#HackingTeam', '#Breach', '#Cyber']",['@craiu'],[],https://pbs.twimg.com/profile_images/996423856461053953/p_oxcfbW_normal.jpg,https://twitter.com/TalBeerySec/status/738139039820193793,tweet_id:738139039820193793
Benjamin Delpy,@gentilkiwi,2016-06-01T22:04:11.000Z,False,An update to mimikatz lsadump::dcsync code to support AD with Recycle Bin enabled.Thanks to @marcus_1302 for report!,0,28,26,0,[],[],[],https://pbs.twimg.com/profile_images/1643733784196440064/2YlqbAR6_normal.jpg,https://twitter.com/gentilkiwi/status/738129039903318016,tweet_id:738129039903318016
Idan Plotnik,@idanplotnik,2016-06-01T12:47:42.000Z,False,"I was sitting with  on #MicrosoftATA unique Name Resolution technology, real problem for #SecOps, this what makes me happy!",0,0,3,0,"['#MicrosoftATA', '#SecOps']",['@SivanKrigsman'],[],https://pbs.twimg.com/profile_images/1315935720650018818/kSN1DEtL_normal.jpg,https://twitter.com/idanplotnik/status/737988994261241856,tweet_id:737988994261241856
Tal Be'ery @bhasia24,Tal Be'ery @bhasia24,2016-05-17T20:05:29.000Z,False,Offensive Active Directory (With #PowerShell!) by  http://slideshare.net/harmj0y/psconfeu-offensive-active-directory-with-powershell…For Defensive Active Directory use #MicrosoftATA,0,36,64,0,"['#PowerShell', '#MicrosoftATA']",['@harmj0y'],[],https://pbs.twimg.com/profile_images/996423856461053953/p_oxcfbW_normal.jpg,https://twitter.com/TalBeerySec/status/732663351575236609,tweet_id:732663351575236609
Idan Plotnik,@idanplotnik,2016-05-31T04:00:08.000Z,True,Looks great!!! Next time...,0,0,1,0,[],[],[],https://pbs.twimg.com/profile_images/1315935720650018818/kSN1DEtL_normal.jpg,https://twitter.com/idanplotnik/status/737493840450355201,tweet_id:737493840450355201
Tal Be'ery @bhasia24,Tal Be'ery @bhasia24,2016-05-31T01:55:01.000Z,False,Don't let #APT pick your pocket. Monitor your internal network traffic.,0,1,1,0,['#APT'],[],[],https://pbs.twimg.com/profile_images/996423856461053953/p_oxcfbW_normal.jpg,https://twitter.com/TalBeerySec/status/737462353336389632,tweet_id:737462353336389632
Idan Plotnik,@idanplotnik,2016-05-29T19:05:13.000Z,False,"When u love what u do and do what u love, u build an amazing team like Aorato that builds an amazing technology like #MicrosoftATA #UEBA",1,0,12,0,"['#MicrosoftATA', '#UEBA']",[],[],https://pbs.twimg.com/profile_images/1315935720650018818/kSN1DEtL_normal.jpg,https://twitter.com/idanplotnik/status/736996837920477184,tweet_id:736996837920477184
SwiftOnSecurity,@SwiftOnSecurity,2016-05-29T02:32:32.000Z,False,"People I trust on updating Windows systems, in order:
1.) Microsoft
2.) Jesus
3.) Myself
67.) Your IT department",20,141,304,0,[],[],[],https://pbs.twimg.com/profile_images/1710842853134315521/LImt45Gv_normal.jpg,https://twitter.com/SwiftOnSecurity/status/736747019029479426,tweet_id:736747019029479426
Tal Be'ery @bhasia24,Tal Be'ery @bhasia24,2016-05-29T09:45:29.000Z,False,#MicrosoftATA is part of  #Microsoft EMS (Enterprise Mobility Suite) https://microsoft.com/en-us/server-cloud/enterprise-mobility/products.aspx…,2,6,8,0,"['#MicrosoftATA', '#Microsoft']",[],[],https://pbs.twimg.com/profile_images/996423856461053953/p_oxcfbW_normal.jpg,https://twitter.com/TalBeerySec/status/736855975987150848,tweet_id:736855975987150848
Tal Be'ery @bhasia24,Tal Be'ery @bhasia24,2016-05-26T13:34:22.000Z,False,"2/ 
""Yes! #MicrosoftATA will be able to detect it!""
""No! This guy is taking my job. Network Traffic analysis is my thing!"" :)",0,3,5,0,['#MicrosoftATA'],[],[],https://pbs.twimg.com/profile_images/996423856461053953/p_oxcfbW_normal.jpg,https://twitter.com/TalBeerySec/status/735826411693481984,tweet_id:735826411693481984
Benjamin Delpy,@gentilkiwi,2016-05-25T23:10:37.000Z,False,"Using NT 3.5x protocol against 2016 TP5 Domain Controller/Functionnal Level
So much legacy love, but now I feel old",1,19,27,0,[],[],[],https://pbs.twimg.com/profile_images/1643733784196440064/2YlqbAR6_normal.jpg,https://twitter.com/gentilkiwi/status/735609042102591488,tweet_id:735609042102591488
Michael Dubinsky,@MichaelDubinsky,2016-05-25T21:25:36.000Z,True,Thanks  ! If you have any comments plz let us know.,0,1,2,0,[],['@Oddvarmoe'],[],https://pbs.twimg.com/profile_images/1729494380438761472/0Y1iecmZ_normal.jpg,https://twitter.com/MichaelDubinsky/status/735582616074752000,tweet_id:735582616074752000
Tal Be'ery @bhasia24,Tal Be'ery @bhasia24,2016-05-23T20:55:03.000Z,False,"3/ Their recommendations: ""Active directory (AD) is one of the main targets of the attackers and absolutely crucial for any organization..""",2,5,5,0,[],[],[],https://pbs.twimg.com/profile_images/996423856461053953/p_oxcfbW_normal.jpg,https://twitter.com/TalBeerySec/status/734850150686986240,tweet_id:734850150686986240
Tal Be'ery @bhasia24,Tal Be'ery @bhasia24,2016-05-23T20:52:44.000Z,False,"2/ ""attackers rely heavily on the
use of #Mimikatz"": Pass-the-Hash, Pass-the-Ticket, #Goldenticket",1,7,9,0,"['#Mimikatz', '#Goldenticket']",[],[],https://pbs.twimg.com/profile_images/996423856461053953/p_oxcfbW_normal.jpg,https://twitter.com/TalBeerySec/status/734849567569629184,tweet_id:734849567569629184
Tal Be'ery @bhasia24,Tal Be'ery @bhasia24,2016-05-23T20:14:55.000Z,False,#MicrosoftATA is honored to intrigue the top minds of the security community :),1,5,5,0,['#MicrosoftATA'],[],[],https://pbs.twimg.com/profile_images/996423856461053953/p_oxcfbW_normal.jpg,https://twitter.com/TalBeerySec/status/734840051960545280,tweet_id:734840051960545280
John Rodriguez,@johnroMSFT,2016-05-23T13:04:52.000Z,False,Love working with this team - incredibly responsive and dedicated to catching baddies. Got what it takes? Join them!,0,1,4,0,[],[],[],https://pbs.twimg.com/profile_images/627140657795043328/FdGMeAak_normal.jpg,https://twitter.com/johnroMSFT/status/734731826103758848,tweet_id:734731826103758848
Sivan Krigsman,@SivanKrigsman,2016-05-23T09:16:58.000Z,False,We're hiring!,4,1,4,0,[],[],[],https://pbs.twimg.com/profile_images/554305676814450689/-39IP5sE_normal.png,https://twitter.com/SivanKrigsman/status/734674472444297216,tweet_id:734674472444297216
Idan Plotnik,@idanplotnik,2016-05-23T07:45:45.000Z,False,"We are hiring top notch engineers, security researchers and product managers! come join #MicrosoftATA the #UEBA leader!",0,15,21,0,"['#MicrosoftATA', '#UEBA']",[],[],https://pbs.twimg.com/profile_images/1315935720650018818/kSN1DEtL_normal.jpg,https://twitter.com/idanplotnik/status/734651518587146240,tweet_id:734651518587146240
Benjamin Delpy,@gentilkiwi,2016-05-22T17:08:11.000Z,False,It will not be difficult at all :D haha :),0,1,2,0,[],[],[],https://pbs.twimg.com/profile_images/1643733784196440064/2YlqbAR6_normal.jpg,https://twitter.com/gentilkiwi/status/734430672262156289,tweet_id:734430672262156289
John Lambert,@JohnLaTwC,2016-05-22T16:31:22.000Z,True,"Maybe call your process LSASS.EXE, Add Everyone:Full Control ACE. See if you can find a vuln in #mimikatz memory processing code =)",1,2,9,0,['#mimikatz'],[],[],https://pbs.twimg.com/profile_images/1296215413680820224/ey97DmIO_normal.jpg,https://twitter.com/JohnLaTwC/status/734421404876189697,tweet_id:734421404876189697
Tal Be'ery @bhasia24,Tal Be'ery @bhasia24,2016-05-22T13:32:34.000Z,False,"""Protecting Your Browsers' Secrets in a Domain Environment"" #MicrosoftATA's  talk  on 22.6.16http://bsidestlv.com/#!agenda/znf1i",0,4,6,0,['#MicrosoftATA'],"['@ItaiGrady', '@BsidesTLV']",[],https://pbs.twimg.com/profile_images/996423856461053953/p_oxcfbW_normal.jpg,https://twitter.com/TalBeerySec/status/734376407808233473,tweet_id:734376407808233473
Benjamin Delpy,@gentilkiwi,2016-05-22T13:08:08.000Z,False,"Just a quick reminder on ""easy ways"" to have cleartext passwords in memory with Windows 10.https://github.com/gentilkiwi/mimikatz/issues/40#issuecomment-220830921…",4,303,334,0,[],[],[],https://pbs.twimg.com/profile_images/1643733784196440064/2YlqbAR6_normal.jpg,https://twitter.com/gentilkiwi/status/734370257792557056,tweet_id:734370257792557056
Sergio Caltagirone,@cnoanalysis,2016-05-20T17:52:01.000Z,False,#ThreatIntel is like a diamond. Start with the best and apply increasingly refined phases of improvement to achieve world-class quality.,0,3,5,0,['#ThreatIntel'],[],[],https://pbs.twimg.com/profile_images/1207006981539520512/ebTA9xty_normal.jpg,https://twitter.com/cnoanalysis/status/733716923871977472,tweet_id:733716923871977472
John Lambert,@JohnLaTwC,2016-05-19T14:27:06.000Z,True,This is what counts as security humor inside of Microsoft:,11,176,242,0,[],[],[],https://pbs.twimg.com/profile_images/1296215413680820224/ey97DmIO_normal.jpg,https://twitter.com/JohnLaTwC/status/733302969010032640,tweet_id:733302969010032640
Idan Plotnik,@idanplotnik,2016-05-18T21:32:50.000Z,False,The #MicrosoftATA team rocks!,0,2,7,0,['#MicrosoftATA'],[],[],https://pbs.twimg.com/profile_images/1315935720650018818/kSN1DEtL_normal.jpg,https://twitter.com/idanplotnik/status/733047719762137088,tweet_id:733047719762137088
Benjamin Delpy,@gentilkiwi,2016-05-16T22:38:02.000Z,False,for mirroring test I've ESXi with dedicated port (no vSphere needed) or on my switch ;),1,1,1,0,[],[],[],https://pbs.twimg.com/profile_images/1643733784196440064/2YlqbAR6_normal.jpg,https://twitter.com/gentilkiwi/status/732339354035716097,tweet_id:732339354035716097
Benjamin Delpy,@gentilkiwi,2016-05-16T22:20:50.000Z,False,"I am below the official specifications, but it's really enough for technical tests :)",1,1,2,0,[],[],[],https://pbs.twimg.com/profile_images/1643733784196440064/2YlqbAR6_normal.jpg,https://twitter.com/gentilkiwi/status/732335022942896132,tweet_id:732335022942896132
Benjamin Delpy,@gentilkiwi,2016-05-17T02:01:08.000Z,False,Not so bad : Everybody win this night ;),0,5,15,0,[],[],[],https://pbs.twimg.com/profile_images/1643733784196440064/2YlqbAR6_normal.jpg,https://twitter.com/gentilkiwi/status/732390462510780416,tweet_id:732390462510780416
Michael Dubinsky,@MichaelDubinsky,2016-05-16T20:48:12.000Z,True,why don't you test it yourself? ;-) maybe try,0,2,4,0,[],[],[],https://pbs.twimg.com/profile_images/1729494380438761472/0Y1iecmZ_normal.jpg,https://twitter.com/MichaelDubinsky/status/732311712322473988,tweet_id:732311712322473988
Tal Be'ery @bhasia24,Tal Be'ery @bhasia24,2016-05-16T20:21:18.000Z,False,"#cybersecurity Celebrity Deathmatch: w/ #MicrosoftATA Vs.  w/ #mimikatzAnyway,security wins!",1,2,6,0,"['#cybersecurity', '#MicrosoftATA', '#mimikatz']","['@gentilkiwi', '@gentilkiwi']",[],https://pbs.twimg.com/profile_images/996423856461053953/p_oxcfbW_normal.jpg,https://twitter.com/TalBeerySec/status/732304943483359234,tweet_id:732304943483359234
Idan Plotnik,@idanplotnik,2016-05-16T20:44:36.000Z,False,:) :),0,0,1,0,[],[],[],https://pbs.twimg.com/profile_images/1315935720650018818/kSN1DEtL_normal.jpg,https://twitter.com/idanplotnik/status/732310805635579905,tweet_id:732310805635579905
Benjamin Delpy,@gentilkiwi,2016-05-16T19:40:34.000Z,False,"Ready to test #MicrosoftATA 1.6 on my little lab :)
Lightweight gateways let mount a lab in minutes",5,13,37,0,['#MicrosoftATA'],[],[],https://pbs.twimg.com/profile_images/1643733784196440064/2YlqbAR6_normal.jpg,https://twitter.com/gentilkiwi/status/732294691190910976,tweet_id:732294691190910976
Idan Plotnik,@idanplotnik,2016-05-16T01:26:53.000Z,False,;),0,0,1,0,[],[],[],https://pbs.twimg.com/profile_images/1315935720650018818/kSN1DEtL_normal.jpg,https://twitter.com/idanplotnik/status/732019459217608704,tweet_id:732019459217608704
TED Talks,@TEDTalks,2016-05-13T15:13:38.000Z,True,8 TED Talks for jazz lovers: http://t.ted.com/oVmqunb,4,115,212,0,[],[],[],https://pbs.twimg.com/profile_images/877631054525472768/Xp5FAPD5_normal.jpg,https://twitter.com/TEDTalks/status/731140353487732736,tweet_id:731140353487732736
Michael Dubinsky,@MichaelDubinsky,2016-05-13T05:26:00.000Z,True,Using #MicrosoftATA and #AzureAD MFA to boost detection and prevention. Well done! https://twitter.com/azuread/status/730844249051127809…,0,5,3,0,"['#MicrosoftATA', '#AzureAD']",[],[],https://pbs.twimg.com/profile_images/1729494380438761472/0Y1iecmZ_normal.jpg,https://twitter.com/MichaelDubinsky/status/730992469655969794,tweet_id:730992469655969794
Tal Be'ery @bhasia24,Tal Be'ery @bhasia24,2016-05-08T10:34:01.000Z,False,"  So detecting ""low hanging fruits"" might prove useful against such ""not-so-technical"" attackers.",0,1,2,0,[],"['@harmj0y', '@gentilkiwi']",[],https://pbs.twimg.com/profile_images/996423856461053953/p_oxcfbW_normal.jpg,https://twitter.com/TalBeerySec/status/729258043033128960,tweet_id:729258043033128960
Tal Be'ery @bhasia24,Tal Be'ery @bhasia24,2016-05-08T10:32:04.000Z,False,"  Having said that, not all attackers are APT. Some just blindly use tools (e.g. #Mimikatz, #metasploit or even Empire).",2,3,2,0,"['#Mimikatz', '#metasploit']","['@harmj0y', '@gentilkiwi']",[],https://pbs.twimg.com/profile_images/996423856461053953/p_oxcfbW_normal.jpg,https://twitter.com/TalBeerySec/status/729257555197894656,tweet_id:729257555197894656
Elon Musk,@elonmusk,2016-05-12T02:57:27.000Z,True,Full credit to the team that's doing this. All happening without any help from me.,113,"2,091","5,204",0,[],[],[],https://pbs.twimg.com/profile_images/1780044485541699584/p78MCn3B_normal.jpg,https://twitter.com/elonmusk/status/730592699011604481,tweet_id:730592699011604481
Prime Minister of Israel,@IsraeliPM,2016-05-12T12:36:12.000Z,True,01111001 01100101 01110011,72,"1,083",958,0,[],[],[],https://pbs.twimg.com/profile_images/1404143298512625671/TUgDNGC5_normal.jpg,https://twitter.com/IsraeliPM/status/730738345295413248,tweet_id:730738345295413248
Tal Be'ery @bhasia24,Tal Be'ery @bhasia24,2016-05-10T07:17:00.000Z,False,. the Domain Admin Slayer!,0,2,1,0,[],['@SwiftOnSecurity'],[],https://pbs.twimg.com/profile_images/996423856461053953/p_oxcfbW_normal.jpg,https://twitter.com/TalBeerySec/status/729933241478750208,tweet_id:729933241478750208
John Lambert,@JohnLaTwC,2016-05-10T17:23:05.000Z,True,Credential leaks abound.  talks about how MS Account and Azure AD use them to protect accounts.,0,5,9,0,[],['@alex_t_weinert'],[],https://pbs.twimg.com/profile_images/1296215413680820224/ey97DmIO_normal.jpg,https://twitter.com/JohnLaTwC/status/730085766102028288,tweet_id:730085766102028288
Tal Be'ery @bhasia24,Tal Be'ery @bhasia24,2016-05-10T16:31:36.000Z,False,One line to wipe them all https://twitter.com/mattifestation/status/730044664129015809…,0,1,2,0,[],[],[],https://pbs.twimg.com/profile_images/996423856461053953/p_oxcfbW_normal.jpg,https://twitter.com/TalBeerySec/status/730072810069069829,tweet_id:730072810069069829
John Rodriguez,@johnroMSFT,2016-05-09T12:17:52.000Z,False,"Updated my ATA lab to ATA 1.6 this morning, took less than five minutes.  Kudos to  and the ATA team for a smooth upgrade!",0,1,3,0,[],['@IdanPlotnik'],[],https://pbs.twimg.com/profile_images/627140657795043328/FdGMeAak_normal.jpg,https://twitter.com/johnroMSFT/status/729646567620284416,tweet_id:729646567620284416
Michael Grafnetter,@MGrafnetter,2016-05-09T19:44:14.000Z,False,    Love this new release. Bet that Hacking Team wish they had #MicrosoftATA in place ;-),0,2,5,0,['#MicrosoftATA'],"['@gentilkiwi', '@IdanPlotnik', '@TalBeerySec', '@MichaelDubinsky']",[],https://pbs.twimg.com/profile_images/1052899042391445505/-CZjIfCj_normal.jpg,https://twitter.com/MGrafnetter/status/729758898429800449,tweet_id:729758898429800449
Idan Plotnik,@idanplotnik,2016-05-09T19:39:22.000Z,False,You want to know why #MicrosoftATA is the pioneer and leader in the  #UEBA market? pen-test and compare against competitors,1,1,5,0,"['#MicrosoftATA', '#UEBA']",['@Gartner_inc'],[],https://pbs.twimg.com/profile_images/1315935720650018818/kSN1DEtL_normal.jpg,https://twitter.com/idanplotnik/status/729757674804543488,tweet_id:729757674804543488
Idan Plotnik,@idanplotnik,2016-05-09T19:36:59.000Z,False,5/ By combining network traffic and events #MicrosoftATA can detect Insider Threats and APTs that no other competitor can,0,1,2,0,['#MicrosoftATA'],[],[],https://pbs.twimg.com/profile_images/1315935720650018818/kSN1DEtL_normal.jpg,https://twitter.com/idanplotnik/status/729757075505614848,tweet_id:729757075505614848
Idan Plotnik,@idanplotnik,2016-05-09T19:36:24.000Z,False,4/ The real evidence is on the wire! #MicrosoftATA,0,0,3,0,['#MicrosoftATA'],[],[],https://pbs.twimg.com/profile_images/1315935720650018818/kSN1DEtL_normal.jpg,https://twitter.com/idanplotnik/status/729756926754627587,tweet_id:729756926754627587
Idan Plotnik,@idanplotnik,2016-05-09T19:35:45.000Z,False,"3/ #MicrosoftATA Forged/Silver PAC, Golden ticket, Pass-the-Ticket, Pass-the-Hash, Overpass-the-Hash",0,0,1,0,['#MicrosoftATA'],[],[],https://pbs.twimg.com/profile_images/1315935720650018818/kSN1DEtL_normal.jpg,https://twitter.com/idanplotnik/status/729756763512295424,tweet_id:729756763512295424
Idan Plotnik,@idanplotnik,2016-05-09T19:35:15.000Z,False,"3/ There are attacks that don’t generate events #MicrosoftATA Account, Net Session and DNS enum, Unusual protocol impl. Malicious DPAPI ...",0,0,1,0,['#MicrosoftATA'],[],[],https://pbs.twimg.com/profile_images/1315935720650018818/kSN1DEtL_normal.jpg,https://twitter.com/idanplotnik/status/729756638131986433,tweet_id:729756638131986433
Idan Plotnik,@idanplotnik,2016-05-09T19:34:48.000Z,False,2/ Events can be tampered  https://twitter.com/TalBeerySec/status/718868976059752452…  https://twitter.com/subTee/status/719644213101666304…,0,0,2,0,[],"['@TalBeerySec', '@subTee']",[],https://pbs.twimg.com/profile_images/1315935720650018818/kSN1DEtL_normal.jpg,https://twitter.com/idanplotnik/status/729756524755701760,tweet_id:729756524755701760
Idan Plotnik,@idanplotnik,2016-05-09T19:26:24.000Z,False,1/ Network packets contains much more data than events,0,1,5,0,[],[],[],https://pbs.twimg.com/profile_images/1315935720650018818/kSN1DEtL_normal.jpg,https://twitter.com/idanplotnik/status/729754409631100928,tweet_id:729754409631100928
John Lambert,@JohnLaTwC,2016-05-06T00:38:21.000Z,True,I recently had a chance to sit down with  and the ATA team and see the great work in their 1.6 release: https://blogs.technet.microsoft.com/ata/2016/05/05/advanced-threat-analytics-new-version-1-6-is-now-available…,2,13,27,0,[],['@IdanPlotnik'],[],https://pbs.twimg.com/profile_images/1296215413680820224/ey97DmIO_normal.jpg,https://twitter.com/JohnLaTwC/status/728383364353286146,tweet_id:728383364353286146
Justin,@sixdub,2016-05-06T14:59:26.000Z,True,Glad to see this from #MicrosoftATA. I hope to start seeing it deployed AND monitored to increase detection!,0,3,6,0,['#MicrosoftATA'],[],[],https://pbs.twimg.com/profile_images/1640379994630156295/ef0-p_TE_normal.jpg,https://twitter.com/sixdub/status/728600063199592448,tweet_id:728600063199592448
Stefan Schörling,@stefanschorling,2016-05-07T14:14:44.000Z,False,"Sun is shining, and ATA 1.6 is deployed in the Lab, Autoupdate ON, ATA Lightweight GW Installed great work   #EMS #ATA #Security",0,4,8,0,"['#EMS', '#ATA', '#Security']",['@IdanPlotnik'],[],https://pbs.twimg.com/profile_images/1215430049077182466/5el0luuW_normal.jpg,https://twitter.com/stefanschorling/status/728951201220464640,tweet_id:728951201220464640
Tal Be'ery @bhasia24,Tal Be'ery @bhasia24,2016-05-09T15:04:54.000Z,True,"Corollary: #Docker needs a CSP.
(More precisely, #Container hosts need a CSP.)",1,1,1,0,"['#Docker', '#Container']",[],[],https://pbs.twimg.com/profile_images/996423856461053953/p_oxcfbW_normal.jpg,https://twitter.com/TalBeerySec/status/729688602804953091,tweet_id:729688602804953091
Tal Be'ery @bhasia24,Tal Be'ery @bhasia24,2016-05-08T08:52:03.000Z,False,"""#MicrosoftATA is awesome and a huge step forward"", says   :)",0,1,4,0,['#MicrosoftATA'],['@harmj0y'],[],https://pbs.twimg.com/profile_images/996423856461053953/p_oxcfbW_normal.jpg,https://twitter.com/TalBeerySec/status/729232383095001088,tweet_id:729232383095001088
Idan Plotnik,@idanplotnik,2016-05-07T21:53:11.000Z,False,Thanks! Try #MicrosoftATA and keep sharing feedback!,0,1,4,0,['#MicrosoftATA'],[],[],https://pbs.twimg.com/profile_images/1315935720650018818/kSN1DEtL_normal.jpg,https://twitter.com/idanplotnik/status/729066573227560960,tweet_id:729066573227560960
John Lambert,@JohnLaTwC,2016-05-06T13:23:40.000Z,True,New detection in ATA 1.6.,0,8,10,0,[],[],[],https://pbs.twimg.com/profile_images/1296215413680820224/ey97DmIO_normal.jpg,https://twitter.com/JohnLaTwC/status/728575963831795713,tweet_id:728575963831795713
Alex Simons,@Alex_A_Simons,2016-05-06T16:08:13.000Z,True,We added 22 new apps to #AzureAD in April! See what we added here > http://aka.ms/J2nfqp,0,28,12,0,['#AzureAD'],[],[],https://pbs.twimg.com/profile_images/1545557530071277568/DMzPv18S_normal.jpg,https://twitter.com/Alex_A_Simons/status/728617373788332032,tweet_id:728617373788332032
Yuri Diogenes,@yuridiogenes,2016-05-06T18:46:19.000Z,True,  here a good feedback from a #MVP :),0,1,2,0,['#MVP'],"['@IdanPlotnik', '@MichaelDubinsky']",[],https://pbs.twimg.com/profile_images/896054972395044864/WVigqfE1_normal.jpg,https://twitter.com/yuridiogenes/status/728657161534857216,tweet_id:728657161534857216
Mauro Rita,@jmrita,2016-05-05T17:31:08.000Z,False,Blue teams getting stronger. Kudos to  and  https://twitter.com/msftmobility/status/728268043307130885…,0,1,3,0,[],"['@idanplotnik', '@talbeerysec']",[],https://pbs.twimg.com/profile_images/1591876307184500738/GUlxVyof_normal.jpg,https://twitter.com/jmrita/status/728275851033325568,tweet_id:728275851033325568
Idan Plotnik,@idanplotnik,2016-05-06T08:47:52.000Z,True,Thanks  for your help improving #MicrosoftATA detection and investigation features!,1,1,1,0,['#MicrosoftATA'],['@JohnLaTwC'],[],https://pbs.twimg.com/profile_images/1315935720650018818/kSN1DEtL_normal.jpg,https://twitter.com/idanplotnik/status/728506557009416192,tweet_id:728506557009416192
Idan Plotnik,@idanplotnik,2016-05-05T17:24:02.000Z,False,"Thanks :) give it a try and send us your feedback, we need your help! https://twitter.com/Davewarrington/status/728271940352409600…",0,0,1,0,[],[],[],https://pbs.twimg.com/profile_images/1315935720650018818/kSN1DEtL_normal.jpg,https://twitter.com/idanplotnik/status/728274067170729988,tweet_id:728274067170729988
Idan Plotnik,@idanplotnik,2016-05-05T17:17:39.000Z,True,Cannot wait for the feedback from our amazing #MicrosoftATA community!,1,0,2,0,['#MicrosoftATA'],[],[],https://pbs.twimg.com/profile_images/1315935720650018818/kSN1DEtL_normal.jpg,https://twitter.com/idanplotnik/status/728272459321978880,tweet_id:728272459321978880
Idan Plotnik,@idanplotnik,2016-05-05T17:15:06.000Z,False,Boom!,0,0,2,0,[],[],[],https://pbs.twimg.com/profile_images/1315935720650018818/kSN1DEtL_normal.jpg,https://twitter.com/idanplotnik/status/728271818470100992,tweet_id:728271818470100992
Idan Plotnik,@idanplotnik,2016-05-05T17:13:03.000Z,False,Exciting times! #MicrosoftATA 1.6 contains new detection capabilities and much more! https://twitter.com/MSFTMobility/status/728268043307130885…,0,2,2,0,['#MicrosoftATA'],[],[],https://pbs.twimg.com/profile_images/1315935720650018818/kSN1DEtL_normal.jpg,https://twitter.com/idanplotnik/status/728271302730100736,tweet_id:728271302730100736
Idan Plotnik,@idanplotnik,2016-05-05T16:52:56.000Z,False,#MicrosoftATA 1.6 is now available ! https://blogs.technet.microsoft.com/ata/2016/05/05/advanced-threat-analytics-new-version-1-6-is-now-available/…,2,8,14,0,['#MicrosoftATA'],[],[],https://pbs.twimg.com/profile_images/1315935720650018818/kSN1DEtL_normal.jpg,https://twitter.com/idanplotnik/status/728266240670760961,tweet_id:728266240670760961
Benjamin Delpy,@gentilkiwi,2016-04-30T23:54:33.000Z,False,#mimikatz DCSync now works with renamed domains! https://github.com/gentilkiwi/mimikatz/releases…Like #DSInternals and soon #Impacket ( :P ),1,89,94,0,"['#mimikatz', '#DSInternals', '#Impacket']",[],[],https://pbs.twimg.com/profile_images/1643733784196440064/2YlqbAR6_normal.jpg,https://twitter.com/gentilkiwi/status/726560404202246144,tweet_id:726560404202246144
Alex Simons,@Alex_A_Simons,2016-04-27T23:30:15.000Z,True,Good news for our AUS customers!,1,4,3,0,[],[],[],https://pbs.twimg.com/profile_images/1545557530071277568/DMzPv18S_normal.jpg,https://twitter.com/Alex_A_Simons/status/725467122713776128,tweet_id:725467122713776128
Paolo Passeri (@ppasseri@infosec.exchange),Paolo Passeri (@ppasseri@infosec.exchange),2016-04-28T11:42:01.000Z,False,"According to the Verizon Report 63% of breaches are due to weak passwords, default passwords, or stolen passwords.",0,21,7,0,[],[],[],https://pbs.twimg.com/profile_images/1378582851042557954/utSWVdnt_normal.jpg,https://twitter.com/paulsparrows/status/725651277032607744,tweet_id:725651277032607744
Tal Be'ery @bhasia24,Tal Be'ery @bhasia24,2016-04-25T14:46:24.000Z,False,  Honey token w/ a strong password is a No Brainer. Weak passwords has trade-offs. so YMMV,1,1,1,0,[],"['@MichaelDubinsky', '@TomAafloen']",[],https://pbs.twimg.com/profile_images/996423856461053953/p_oxcfbW_normal.jpg,https://twitter.com/TalBeerySec/status/724610517210402816,tweet_id:724610517210402816
Idan Plotnik,@idanplotnik,2016-04-24T21:13:20.000Z,False,It's coming !!!,1,0,2,0,[],[],[],https://pbs.twimg.com/profile_images/1315935720650018818/kSN1DEtL_normal.jpg,https://twitter.com/idanplotnik/status/724345504272883712,tweet_id:724345504272883712
Michael Dubinsky,@MichaelDubinsky,2016-04-20T20:53:49.000Z,True,"Some #MicrosoftATA goodness. ""...and make sure they automatically install Windows updates"". Yes plz! ;-)",1,3,2,0,['#MicrosoftATA'],[],[],https://pbs.twimg.com/profile_images/1729494380438761472/0Y1iecmZ_normal.jpg,https://twitter.com/MichaelDubinsky/status/722891042668695552,tweet_id:722891042668695552
Tal Be'ery @bhasia24,Tal Be'ery @bhasia24,2016-04-21T18:08:58.000Z,False,"The only surprise in @FireEye #FIN6 story, is that attackers used #WCE and not #mimikatz. It's 2016!",0,5,5,0,"['#FIN6', '#WCE', '#mimikatz']",[],[],https://pbs.twimg.com/profile_images/996423856461053953/p_oxcfbW_normal.jpg,https://twitter.com/TalBeerySec/status/723211941196386306,tweet_id:723211941196386306
Tal Be'ery @bhasia24,Tal Be'ery @bhasia24,2016-04-14T12:24:17.000Z,False,"Funny. #badlock rightfully earned the ""over-hype"" criticism.
However, #DCERPC session hijacking is a real problem.",0,1,1,0,"['#badlock', '#DCERPC']",[],[],https://pbs.twimg.com/profile_images/996423856461053953/p_oxcfbW_normal.jpg,https://twitter.com/TalBeerySec/status/720588486651285504,tweet_id:720588486651285504
Idan Plotnik,@idanplotnik,2016-04-13T23:31:27.000Z,False,Using #MicrosoftATA you can detect behaviors and TTPs of attackers that uses these tools,0,2,4,0,['#MicrosoftATA'],[],[],https://pbs.twimg.com/profile_images/1315935720650018818/kSN1DEtL_normal.jpg,https://twitter.com/idanplotnik/status/720393994497298432,tweet_id:720393994497298432
Tal Be'ery @bhasia24,Tal Be'ery @bhasia24,2016-04-09T18:31:34.000Z,False,"Good luck for log-based #SIEM with detecting advanced attackers.
Logs are lying, network traffic is the truth.#DFIR https://twitter.com/subTee/status/717828544831688704…",9,39,25,0,"['#SIEM', '#DFIR']",[],[],https://pbs.twimg.com/profile_images/996423856461053953/p_oxcfbW_normal.jpg,https://twitter.com/TalBeerySec/status/718868976059752452,tweet_id:718868976059752452
Tal Be'ery @bhasia24,Tal Be'ery @bhasia24,2016-04-02T18:11:29.000Z,False,"Attackers used #APT TTPs to gain access to domain controllers, then launch a GPO to push out the #Ransomware http://carnal0wnage.attackresearch.com/2016/03/apt-ransomware.html…",1,20,22,0,"['#APT', '#Ransomware']",[],[],https://pbs.twimg.com/profile_images/996423856461053953/p_oxcfbW_normal.jpg,https://twitter.com/TalBeerySec/status/716327207992496128,tweet_id:716327207992496128
Mark Russinovich,@markrussinovich,2016-03-31T17:41:38.000Z,True,"We just announced the GA of  Service Fabric, the feature-rich microservices platform on which we build Azure! http://mnc.ms/BuildOMB",0,134,100,0,[],['@Azure'],[],https://pbs.twimg.com/profile_images/1600323888260358144/AIpkSMMZ_normal.jpg,https://twitter.com/markrussinovich/status/715594917280493568,tweet_id:715594917280493568
Benjamin Delpy,@gentilkiwi,2016-03-27T17:40:15.000Z,False,#mimikatz : Welcome to Windows 10 LTSB & currenthttps://github.com/gentilkiwi/mimikatz/releases/…Driver & LSA Credentials (encrypted or not),3,163,138,0,['#mimikatz'],[],[],https://pbs.twimg.com/profile_images/1643733784196440064/2YlqbAR6_normal.jpg,https://twitter.com/gentilkiwi/status/714145019762982912,tweet_id:714145019762982912
Satya Nadella,@satyanadella,2016-03-23T00:01:44.000Z,True,My heart and thoughts go out to everyone in Brussels and around the world today who feel the deep impact of these horrific events,18,404,983,0,[],[],[],https://pbs.twimg.com/profile_images/1221837516816306177/_Ld4un5A_normal.jpg,https://twitter.com/satyanadella/status/712429085209731073,tweet_id:712429085209731073
Beau Bullock,@dafthack,2016-03-10T14:47:34.000Z,True,"Here's an interesting path I took to getting ""Domain Admin"" at an org this week. #InfoSec #Hacking",11,264,303,0,"['#InfoSec', '#Hacking']",[],[],https://pbs.twimg.com/profile_images/1601225513556754432/om9eqq8V_normal.jpg,https://twitter.com/dafthack/status/707940969686163456,tweet_id:707940969686163456
Sean Metcalf,@PyroTek3,2016-03-15T00:30:03.000Z,False,Sneaky #ActiveDirectory Persistence Methods: Leveraging Group Policy to Retain Domain Admin https://adsecurity.org/?p=2716,0,182,255,0,['#ActiveDirectory'],[],[],https://pbs.twimg.com/profile_images/1223855645323137024/5hEgvFdT_normal.jpg,https://twitter.com/PyroTek3/status/709537106411057152,tweet_id:709537106411057152
Richard Stiennon,@stiennon,2016-03-17T13:35:13.000Z,False,"Threat Intelligence Market Growing at 84% CAGR, To Hit $1.5 Billion in 2018. http://digitaljournal.com/pr/2872479",0,11,6,0,[],[],[],https://pbs.twimg.com/profile_images/3367458809/585f7035cd873579764f21484a168121_normal.jpeg,https://twitter.com/stiennon/status/710459477661769728,tweet_id:710459477661769728
Mark Russinovich,@markrussinovich,2016-03-17T18:07:25.000Z,True,Just published a blog post and  interview giving an overview of microservices  https://azure.microsoft.com/en-us/blog/microservices-an-application-revolution-powered-by-the-cloud/…https://channel9.msdn.com/Blogs/Seth-Juarez/An-Introduction-to-Microservices-with-Mark-Russinovich…,1,86,95,0,[],['@ch9'],[],https://pbs.twimg.com/profile_images/1600323888260358144/AIpkSMMZ_normal.jpg,https://twitter.com/markrussinovich/status/710527976912211968,tweet_id:710527976912211968
Tal Be'ery @bhasia24,Tal Be'ery @bhasia24,2016-03-14T12:21:29.000Z,False,"How much security can you turn over to AI? Asks , A notable mention for #MicrosoftATA http://cio.com/article/3039926/security/how-much-security-can-you-turn-over-to-ai.html…",0,3,3,0,['#MicrosoftATA'],"['@marypcbuk', '@CIOonline']",[],https://pbs.twimg.com/profile_images/996423856461053953/p_oxcfbW_normal.jpg,https://twitter.com/TalBeerySec/status/709353755737718784,tweet_id:709353755737718784
Idan Plotnik,@idanplotnik,2016-03-13T10:44:46.000Z,False,Looking for super motivated Machine Learning and Data Science experts to help us create disruptive innovation for #MicrosoftATA,0,1,9,0,['#MicrosoftATA'],[],[],https://pbs.twimg.com/profile_images/1315935720650018818/kSN1DEtL_normal.jpg,https://twitter.com/idanplotnik/status/708967029471109120,tweet_id:708967029471109120
Mark Russinovich,@markrussinovich,2016-03-09T21:16:38.000Z,True,"At #OCPSummit today I announced SONiC, open source networking for Linux switches",3,67,64,0,['#OCPSummit'],[],[],https://pbs.twimg.com/profile_images/1600323888260358144/AIpkSMMZ_normal.jpg,https://twitter.com/markrussinovich/status/707676492205953024,tweet_id:707676492205953024
Idan Plotnik,@idanplotnik,2016-03-06T18:37:12.000Z,False,. https://www2.fireeye.com/rs/848-DID-242/images/Mtrends2016.pdf…,0,1,2,0,[],['@Mandiant'],[],https://pbs.twimg.com/profile_images/1315935720650018818/kSN1DEtL_normal.jpg,https://twitter.com/idanplotnik/status/706549205502988288,tweet_id:706549205502988288
Idan Plotnik,@idanplotnik,2016-03-06T18:35:42.000Z,False,". M-TRENDS 2016 ""obtain access to domain administrator credentials within three days of gaining initial access to an environment""",1,0,4,0,[],['@Mandiant'],[],https://pbs.twimg.com/profile_images/1315935720650018818/kSN1DEtL_normal.jpg,https://twitter.com/idanplotnik/status/706548830603448320,tweet_id:706548830603448320
Idan Plotnik,@idanplotnik,2016-03-06T13:41:58.000Z,True,"Exciting read! ""...and getting access to the Windows Domain Controllers""",1,4,4,0,[],[],[],https://pbs.twimg.com/profile_images/1315935720650018818/kSN1DEtL_normal.jpg,https://twitter.com/idanplotnik/status/706474908008759296,tweet_id:706474908008759296
Tal Be'ery @bhasia24,Tal Be'ery @bhasia24,2016-02-28T10:59:42.000Z,False,"""Hangman, a new campaign targeting Domain Controllers ""., : More details, please?#malware #APT",1,1,2,0,"['#malware', '#APT']","['@craiu', '@kaspersky']",[],https://pbs.twimg.com/profile_images/996423856461053953/p_oxcfbW_normal.jpg,https://twitter.com/TalBeerySec/status/703897357725908992,tweet_id:703897357725908992
Idan Plotnik,@idanplotnik,2016-02-27T13:39:34.000Z,False,"If you want to learn more about #MicrosoftATA the #UEBA leader, come meet us  Booth G7 ",1,4,6,0,"['#MicrosoftATA', '#UEBA']","['@Microsoft', '@RSAConference']",[],https://pbs.twimg.com/profile_images/1315935720650018818/kSN1DEtL_normal.jpg,https://twitter.com/idanplotnik/status/703575201749991424,tweet_id:703575201749991424
Bar Arnon,@i3arnon,2016-02-25T13:51:04.000Z,False,We came to hear our Dear Leader  at TN16,0,1,1,0,[],['@satyanadella'],[],https://pbs.twimg.com/profile_images/1252727220466057217/PzThq_lc_normal.jpg,https://twitter.com/i3arnon/status/702853319878942721,tweet_id:702853319878942721
Tal Be'ery @bhasia24,Tal Be'ery @bhasia24,2016-02-20T16:53:46.000Z,False,"#MicrosoftATA, because targeted attacks, require targeted detection :)#cybersecurity #APT #mimikatz",1,3,7,0,"['#MicrosoftATA', '#cybersecurity', '#APT', '#mimikatz']",[],[],https://pbs.twimg.com/profile_images/996423856461053953/p_oxcfbW_normal.jpg,https://twitter.com/TalBeerySec/status/701087356431048704,tweet_id:701087356431048704
John Lambert,@JohnLaTwC,2016-02-20T16:10:08.000Z,True,My blog post on how infosec controls create attack surface: http://blogs.technet.com/b/johnla/archive/2016/02/20/how-infosec-security-controls-create-vulnerability.aspx…,0,48,73,0,[],[],[],https://pbs.twimg.com/profile_images/1296215413680820224/ey97DmIO_normal.jpg,https://twitter.com/JohnLaTwC/status/701076378762870784,tweet_id:701076378762870784
Mark Russinovich,@markrussinovich,2016-02-16T13:20:29.000Z,True,Get a deep dive on Sysinternals at the 20th anniversary celebration conference!,3,42,50,0,[],[],[],https://pbs.twimg.com/profile_images/1600323888260358144/AIpkSMMZ_normal.jpg,https://twitter.com/markrussinovich/status/699584130841903109,tweet_id:699584130841903109
John Lambert,@JohnLaTwC,2016-02-15T18:49:41.000Z,True,Modern defenders know security controls create attack surface. Beware the attack graph you make practicing InfoSec:,15,624,745,0,[],[],[],https://pbs.twimg.com/profile_images/1296215413680820224/ey97DmIO_normal.jpg,https://twitter.com/JohnLaTwC/status/699304590500634625,tweet_id:699304590500634625
John Lambert,@JohnLaTwC,2016-02-11T14:37:50.000Z,True,"My Kaspersky SAS keynote: Modern defenders are visualizing, sharing, and defending better: https://onedrive.live.com/redir?resid=F29DB6166A2D81B4!108&authkey=!AJaS6VKY2AeMdDU&ithint=file%2cpdf…",6,80,110,0,[],[],[],https://pbs.twimg.com/profile_images/1296215413680820224/ey97DmIO_normal.jpg,https://twitter.com/JohnLaTwC/status/697791657811517440,tweet_id:697791657811517440
Tal Be'ery @bhasia24,Tal Be'ery @bhasia24,2016-02-01T09:35:32.000Z,False,"#EMET was recently recommended by the 's ""Chief hacker"" @ #enigma2016https://youtube.com/watch?v=bDJb8WOJYdA…",0,12,7,0,"['#EMET', '#enigma2016']",['@NSA'],[],https://pbs.twimg.com/profile_images/996423856461053953/p_oxcfbW_normal.jpg,https://twitter.com/TalBeerySec/status/694091702248869888,tweet_id:694091702248869888
Michael Dubinsky,@MichaelDubinsky,2016-02-01T09:43:24.000Z,True, @scalockteam good luck and wish you make the world a little bit safer everyday ,1,1,1,0,[],['@chernymi'],['\\U0001f609'],https://pbs.twimg.com/profile_images/1729494380438761472/0Y1iecmZ_normal.jpg,https://twitter.com/MichaelDubinsky/status/694093684149723136,tweet_id:694093684149723136
Tal Be'ery @bhasia24,Tal Be'ery @bhasia24,2016-01-29T12:20:43.000Z,False,"#NSA's nightmare:""An “out-of-band network tap”—a device that monitors network activity and produces logs that can record anomalous activity""",0,2,5,0,['#NSA'],[],[],https://pbs.twimg.com/profile_images/996423856461053953/p_oxcfbW_normal.jpg,https://twitter.com/TalBeerySec/status/693046110051524609,tweet_id:693046110051524609
Tal Be'ery @bhasia24,Tal Be'ery @bhasia24,2016-01-29T12:26:34.000Z,False,#MicrosoftATA is the #NSA's (and all other #APT) nightmare.,1,8,5,0,"['#MicrosoftATA', '#NSA', '#APT']",[],[],https://pbs.twimg.com/profile_images/996423856461053953/p_oxcfbW_normal.jpg,https://twitter.com/TalBeerySec/status/693047583741235200,tweet_id:693047583741235200
David B. Cross,@MrDBCross,2014-07-22T16:31:54.000Z,True,Scary thoughts come to mind when you have a brain cat scan and you see the WinXP machine with a Java warning out of the corner of your eye,27,150,163,0,[],[],[],https://pbs.twimg.com/profile_images/769643924864442369/HtugIjMN_normal.jpg,https://twitter.com/MrDBCross/status/491621667408334848,tweet_id:491621667408334848
Tal Be'ery @bhasia24,Tal Be'ery @bhasia24,2016-01-17T12:02:17.000Z,False,"[2/4] Attackers used compromised credentials (Surprisingly, files seems to be associated w/ #PwDump & not #Mimikatz)",2,1,0,0,"['#PwDump', '#Mimikatz']",[],[],https://pbs.twimg.com/profile_images/996423856461053953/p_oxcfbW_normal.jpg,https://twitter.com/TalBeerySec/status/688692817745543168,tweet_id:688692817745543168
Mark Russinovich,@markrussinovich,2016-01-20T19:32:40.000Z,True,"""Serving 6.8 million requests per second at 9 Gbps from a single Azure VM"" http://ageofascent.com/azure-cloud-high-speed-networking/…",1,83,87,0,[],[],[],https://pbs.twimg.com/profile_images/1600323888260358144/AIpkSMMZ_normal.jpg,https://twitter.com/markrussinovich/status/689893322354098176,tweet_id:689893322354098176
Yuri Diogenes,@yuridiogenes,2016-01-13T23:31:59.000Z,True,"New #ATA #MVA is now in production, thanks for the nice ATA t-shirt  and tks  for ATA",0,1,3,0,"['#ATA', '#MVA']","['@gman4626', '@IdanPlotnik']",[],https://pbs.twimg.com/profile_images/896054972395044864/WVigqfE1_normal.jpg,https://twitter.com/yuridiogenes/status/687416834891628546,tweet_id:687416834891628546
Idan Plotnik,@idanplotnik,2015-12-20T09:11:35.000Z,False,First blog on #MicrosoftATA Update 1.5 http://acloudabove.com/2015/12/18/upgrading-advanced-threat-analytics-1-4-1-5/…,0,5,6,0,['#MicrosoftATA'],[],[],https://pbs.twimg.com/profile_images/1315935720650018818/kSN1DEtL_normal.jpg,https://twitter.com/idanplotnik/status/678502996838359041,tweet_id:678502996838359041
Idan Plotnik,@idanplotnik,2015-12-18T13:54:15.000Z,False,#MicrosoftATA Update 1.5 is available for download! http://blogs.technet.com/b/ata/archive/2015/12/17/advanced-threat-analytics-update-1-5-is-here.aspx…,0,20,13,0,['#MicrosoftATA'],[],[],https://pbs.twimg.com/profile_images/1315935720650018818/kSN1DEtL_normal.jpg,https://twitter.com/idanplotnik/status/677849357216047104,tweet_id:677849357216047104
Alex Simons,@Alex_A_Simons,2015-12-10T16:33:48.000Z,True,Great news today - Azure RBAC Custom Roles powered by #AzureAD is now GA! Learn more here: http://aka.ms/k4xzuw,0,26,10,0,['#AzureAD'],[],[],https://pbs.twimg.com/profile_images/1545557530071277568/DMzPv18S_normal.jpg,https://twitter.com/Alex_A_Simons/status/674990409228021761,tweet_id:674990409228021761
Tal Be'ery @bhasia24,Tal Be'ery @bhasia24,2015-11-25T13:56:55.000Z,False,#MicrosoftATA is mentioned https://twitter.com/dfirblog/status/669232590830727168…,0,2,1,0,['#MicrosoftATA'],[],[],https://pbs.twimg.com/profile_images/996423856461053953/p_oxcfbW_normal.jpg,https://twitter.com/TalBeerySec/status/669515107957932032,tweet_id:669515107957932032
Idan Plotnik,@idanplotnik,2015-11-24T08:08:59.000Z,False,"Thanks for the feedbac, great work  and the #MicrosoftATA team!",1,0,1,0,['#MicrosoftATA'],['@TalBeerySec'],[],https://pbs.twimg.com/profile_images/1315935720650018818/kSN1DEtL_normal.jpg,https://twitter.com/idanplotnik/status/669065159034478596,tweet_id:669065159034478596
Idan Plotnik,@idanplotnik,2015-11-24T08:07:20.000Z,False,This is why it's important for the #UEBA market   to combine between DPI (not NetFlow!) and logs,0,0,0,0,['#UEBA'],"['@Gartner_inc', '@avivahl']",[],https://pbs.twimg.com/profile_images/1315935720650018818/kSN1DEtL_normal.jpg,https://twitter.com/idanplotnik/status/669064743295012866,tweet_id:669064743295012866
David B. Cross,@MrDBCross,2015-11-19T22:55:36.000Z,True,Cool seeing how fast #Azure #cloud #Security community is jumping on board with the Azure Disk Encryption preview! https://twitter.com/DeployAzure/status/666933919372222465…,0,3,7,0,"['#Azure', '#cloud', '#Security']",[],[],https://pbs.twimg.com/profile_images/769643924864442369/HtugIjMN_normal.jpg,https://twitter.com/MrDBCross/status/667476347430785026,tweet_id:667476347430785026
Alex Simons,@Alex_A_Simons,2015-11-19T17:34:06.000Z,True,Introducing the Microsoft Graph -> the #AzureAD GraphAPI on steroids! Learn more here: http://aka.ms/x1npv9,3,11,6,0,['#AzureAD'],[],[],https://pbs.twimg.com/profile_images/1545557530071277568/DMzPv18S_normal.jpg,https://twitter.com/Alex_A_Simons/status/667395437578489856,tweet_id:667395437578489856
Idan Plotnik,@idanplotnik,2015-11-19T14:45:38.000Z,False,It was an honor to see the #MicrosoftATA demo at  keynote! http://news.microsoft.com/security2015/,0,1,9,0,['#MicrosoftATA'],['@satyanadella'],[],https://pbs.twimg.com/profile_images/1315935720650018818/kSN1DEtL_normal.jpg,https://twitter.com/idanplotnik/status/667353043260846080,tweet_id:667353043260846080
Idan Plotnik,@idanplotnik,2015-11-15T13:13:41.000Z,False,Great work #MicrosoftATA team !!!,0,1,2,0,['#MicrosoftATA'],[],[],https://pbs.twimg.com/profile_images/1315935720650018818/kSN1DEtL_normal.jpg,https://twitter.com/idanplotnik/status/665880350283988992,tweet_id:665880350283988992
David B. Cross,@MrDBCross,2015-11-12T04:27:30.000Z,True,At  -  the  operates as a unified team with  leading the way on #VeteransDay2015,0,3,5,0,['#VeteransDay2015'],"['@Microsoft', '@MSFT_Military', '@fxshaw']",[],https://pbs.twimg.com/profile_images/769643924864442369/HtugIjMN_normal.jpg,https://twitter.com/MrDBCross/status/664660767828934656,tweet_id:664660767828934656
John Lambert,@JohnLaTwC,2015-11-12T04:40:14.000Z,True,"I once launched a DoS against MSRC by a contest to write ""pop calc"" shellcode in the fewest # of unique bytes. Winner: 3 unique bytes.",2,2,8,0,[],[],[],https://pbs.twimg.com/profile_images/1296215413680820224/ey97DmIO_normal.jpg,https://twitter.com/JohnLaTwC/status/664663970578501633,tweet_id:664663970578501633
Alex Simons,@Alex_A_Simons,2015-11-12T02:27:43.000Z,True,Looking forward to tomorrows Azure AD news! Make sure to check the AD team blog bright and early.,1,28,22,0,[],[],[],https://pbs.twimg.com/profile_images/1545557530071277568/DMzPv18S_normal.jpg,https://twitter.com/Alex_A_Simons/status/664630622267174913,tweet_id:664630622267174913
Michael Cherny,@chernymi,2015-11-09T12:39:10.000Z,False,"""Diamond PAC"": Novel variant of the Golden Ticket attack and detection solution for it at (+ )#BHEU talk",1,3,3,0,['#BHEU'],['@TalBeerySec'],[],https://pbs.twimg.com/profile_images/2262855200/image_normal.jpg,https://twitter.com/chernymi/status/663697336149889025,tweet_id:663697336149889025
Idan Plotnik,@idanplotnik,2015-11-09T12:16:43.000Z,False,Our talk #MicrosoftATA ,0,0,0,0,['#MicrosoftATA'],['@BlackHatEvents'],[],https://pbs.twimg.com/profile_images/1315935720650018818/kSN1DEtL_normal.jpg,https://twitter.com/idanplotnik/status/663691688217608194,tweet_id:663691688217608194
Idan Plotnik,@idanplotnik,2015-11-09T12:16:10.000Z,False,Come visit us #MicrosoftATA  !,0,0,0,0,['#MicrosoftATA'],['@BlackHatEvents'],[],https://pbs.twimg.com/profile_images/1315935720650018818/kSN1DEtL_normal.jpg,https://twitter.com/idanplotnik/status/663691549457457152,tweet_id:663691549457457152
Idan Plotnik,@idanplotnik,2015-11-09T12:09:46.000Z,False,"So true! http://scmagazineuk.com/rsa-cyber-security-industry-is-fundamentally-broken-says-amit-yoran/article/451599/… Thanks , we are saying the same thing from 2009.",0,0,0,0,[],['@ayoran'],[],https://pbs.twimg.com/profile_images/1315935720650018818/kSN1DEtL_normal.jpg,https://twitter.com/idanplotnik/status/663689937993224192,tweet_id:663689937993224192
Alex Simons,@Alex_A_Simons,2015-11-05T22:42:23.000Z,True,Best practices for using #AzureMFA to enhance your organizational security. https://twitter.com/azuread/status/662337600707932160…,0,12,7,0,['#AzureMFA'],[],[],https://pbs.twimg.com/profile_images/1545557530071277568/DMzPv18S_normal.jpg,https://twitter.com/Alex_A_Simons/status/662399589522108416,tweet_id:662399589522108416
Scott Guthrie,@scottgu,2015-11-04T13:10:07.000Z,True,Microsoft Azure loves Linux and we love customer choice. Announcing our new Azure partnership with Red Hat: http://blogs.microsoft.com/?p=54883,18,422,264,0,[],[],[],https://pbs.twimg.com/profile_images/565139568/redshirt_normal.jpg,https://twitter.com/scottgu/status/661893185866760193,tweet_id:661893185866760193
Alex Simons,@Alex_A_Simons,2015-11-02T19:31:29.000Z,True,The inside scoop on #AzureAD B2C's Identity Experience Engine straight from  : http://aka.ms/i3fv0w,1,17,8,0,['#AzureAD'],['@Kim_Cameron'],[],https://pbs.twimg.com/profile_images/1545557530071277568/DMzPv18S_normal.jpg,https://twitter.com/Alex_A_Simons/status/661264382526001153,tweet_id:661264382526001153
Alex Simons,@Alex_A_Simons,2015-10-28T17:07:02.000Z,True,We've just expanded the preview of #AzureAD Domain Services to our EU regions! http://aka.ms/omqjvu,1,48,13,0,['#AzureAD'],[],[],https://pbs.twimg.com/profile_images/1545557530071277568/DMzPv18S_normal.jpg,https://twitter.com/Alex_A_Simons/status/659416090896809984,tweet_id:659416090896809984
David B. Cross,@MrDBCross,2015-10-26T22:07:06.000Z,True,#Cybersecurity brainstorming & strategic planning afternoon w/ members of the #cloud and #enterprise #security leadership team ,1,3,4,0,"['#Cybersecurity', '#cloud', '#enterprise', '#security']",['@IdanPlotnik'],[],https://pbs.twimg.com/profile_images/769643924864442369/HtugIjMN_normal.jpg,https://twitter.com/MrDBCross/status/658766830564085760,tweet_id:658766830564085760
Mark Russinovich,@markrussinovich,2015-10-17T03:14:25.000Z,True,Russian hackers infiltrate Dow Jones aiming to get stock insider information http://bloomberg.com/news/articles/2015-10-16/russian-hackers-of-dow-jones-said-to-have-sought-trading-tips…,3,29,12,0,[],[],[],https://pbs.twimg.com/profile_images/1600323888260358144/AIpkSMMZ_normal.jpg,https://twitter.com/markrussinovich/status/655220290926936064,tweet_id:655220290926936064
Alex Simons,@Alex_A_Simons,2015-10-14T08:25:43.000Z,True,"Update from  on Adallom & our multi-application, cross-platform commitment! http://aka.ms/cg0jyi",1,8,2,0,[],['@David_A_Howell'],[],https://pbs.twimg.com/profile_images/1545557530071277568/DMzPv18S_normal.jpg,https://twitter.com/Alex_A_Simons/status/654211469614149632,tweet_id:654211469614149632
Michael Dubinsky,@MichaelDubinsky,2015-10-15T11:48:18.000Z,True,Great stuff  !! I believe all admins should go through at least a basic sec training. #security101,0,1,2,0,['#security101'],['@PyroTek3'],[],https://pbs.twimg.com/profile_images/1729494380438761472/0Y1iecmZ_normal.jpg,https://twitter.com/MichaelDubinsky/status/654624837420380161,tweet_id:654624837420380161
Alex Simons,@Alex_A_Simons,2015-10-14T16:49:30.000Z,True,#AzureAD Domain Services - now in public preview! #AzureAD as your cloud domain controller! http://aka.ms/p0vxs3,4,118,54,0,"['#AzureAD', '#AzureAD']",[],[],https://pbs.twimg.com/profile_images/1545557530071277568/DMzPv18S_normal.jpg,https://twitter.com/Alex_A_Simons/status/654338248681127936,tweet_id:654338248681127936
David B. Cross,@MrDBCross,2015-10-16T21:52:37.000Z,True,Have to love early morning expresso when discussing #innovation in the #UEBA space with  to disrupt the #cybersecurity market,1,1,2,0,"['#innovation', '#UEBA', '#cybersecurity']",['@IdanPlotnik'],[],https://pbs.twimg.com/profile_images/769643924864442369/HtugIjMN_normal.jpg,https://twitter.com/MrDBCross/status/655139307674402816,tweet_id:655139307674402816
David Howell,@David_A_Howell,2015-10-13T14:33:54.000Z,False,Adallom (part of Microsoft) keeps you secure across all your major cloud apps. This is a x-cloud play! New features! http://aka.ms/aks,0,8,3,0,[],[],[],https://pbs.twimg.com/profile_images/573299504251711488/fSBWQmX9_normal.jpeg,https://twitter.com/David_A_Howell/status/653941738646581248,tweet_id:653941738646581248
Alex Simons,@Alex_A_Simons,2015-10-12T09:48:09.000Z,True,"#Azure RBAC powered by #AzureAD is GA! Empower your project teams, maintain compliance/security! Learn more here: http://aka.ms/tra6lg",0,30,8,0,"['#Azure', '#AzureAD']",[],[],https://pbs.twimg.com/profile_images/1545557530071277568/DMzPv18S_normal.jpg,https://twitter.com/Alex_A_Simons/status/653507439883587584,tweet_id:653507439883587584
Alex Simons,@Alex_A_Simons,2015-10-07T16:46:27.000Z,True,Cool news! We've added TouchID support to Azure Authenticator for iOS. No more pin - just touch and auth! http://aka.ms/iz8fm1,8,56,36,0,[],[],[],https://pbs.twimg.com/profile_images/1545557530071277568/DMzPv18S_normal.jpg,https://twitter.com/Alex_A_Simons/status/651800768996052992,tweet_id:651800768996052992
Tal Be'ery @bhasia24,Tal Be'ery @bhasia24,2015-10-02T07:21:07.000Z,False,"OK. It's not yet 2016 & we have another 10M records breach ().
No more bets!",1,2,0,0,[],['@Experian'],[],https://pbs.twimg.com/profile_images/996423856461053953/p_oxcfbW_normal.jpg,https://twitter.com/TalBeerySec/status/649846559467704320,tweet_id:649846559467704320
Tal Be'ery @bhasia24,Tal Be'ery @bhasia24,2015-10-02T07:25:43.000Z,False,"Maybe researchers assumed all of our data will already get exposed this year, so nothing left for 2016.
Makes more sense.",0,1,0,0,[],[],[],https://pbs.twimg.com/profile_images/996423856461053953/p_oxcfbW_normal.jpg,https://twitter.com/TalBeerySec/status/649847713329115136,tweet_id:649847713329115136
Idan Plotnik,@idanplotnik,2015-10-01T08:48:14.000Z,False,"@MicrosoftATA team is looking for talented software engineers, security researcher, product managers and data scientists, ping me in private",0,6,2,0,[],[],[],https://pbs.twimg.com/profile_images/1315935720650018818/kSN1DEtL_normal.jpg,https://twitter.com/idanplotnik/status/649506091060064257,tweet_id:649506091060064257
Tal Be'ery @bhasia24,Tal Be'ery @bhasia24,2015-09-20T15:16:12.000Z,False,A positive remark on #MicrosoftATA by ,0,3,3,0,['#MicrosoftATA'],['@gentilkiwi'],[],https://pbs.twimg.com/profile_images/996423856461053953/p_oxcfbW_normal.jpg,https://twitter.com/TalBeerySec/status/645617461233065984,tweet_id:645617461233065984
Alex Simons,@Alex_A_Simons,2015-09-19T22:32:37.000Z,True,Glad you like it Michele. More improvements to come!,0,3,1,0,[],[],[],https://pbs.twimg.com/profile_images/1545557530071277568/DMzPv18S_normal.jpg,https://twitter.com/Alex_A_Simons/status/645364901142118400,tweet_id:645364901142118400
Sean Metcalf,@PyroTek3,2015-09-19T15:04:32.000Z,False,Content from my #DEFCON talk on Sneaky Active Directory Persistence: User to Domain Admin w/ SIDHistory #mimikatz,0,31,32,0,"['#DEFCON', '#mimikatz']",[],[],https://pbs.twimg.com/profile_images/1223855645323137024/5hEgvFdT_normal.jpg,https://twitter.com/PyroTek3/status/645252138185035778,tweet_id:645252138185035778
Benjamin Delpy,@gentilkiwi,2015-09-18T23:07:16.000Z,False,"Being required to install Hyper-V to easily use port mirroring...
1 point for Microsoft.",2,3,3,0,[],[],[],https://pbs.twimg.com/profile_images/1643733784196440064/2YlqbAR6_normal.jpg,https://twitter.com/gentilkiwi/status/645011233364660224,tweet_id:645011233364660224
Benjamin Delpy,@gentilkiwi,2015-09-19T20:29:25.000Z,False,"I would see in the next 21 days for testing, but it seems that Microsoft ATA solution collects an interesting mass of data for alerting.",1,5,6,0,[],[],[],https://pbs.twimg.com/profile_images/1643733784196440064/2YlqbAR6_normal.jpg,https://twitter.com/gentilkiwi/status/645333895236423680,tweet_id:645333895236423680
Satya Nadella,@satyanadella,2015-09-17T16:09:01.000Z,True,"Each of us can make a difference in the lives of others. Together, we can unlock new opportunities for youth in tech http://blogs.microsoft.com/blog/2015/09/17/increasing-access-to-computer-science-for-all-youth/…",29,282,285,0,[],[],[],https://pbs.twimg.com/profile_images/1221837516816306177/_Ld4un5A_normal.jpg,https://twitter.com/satyanadella/status/644543588479594497,tweet_id:644543588479594497
Scronkfinkle,@Scronkfinkle,2015-09-17T14:19:20.000Z,False,Microsoft Advanced Threat Analytics - The next phase of security https://lensofthecloud.azurewebsites.net/lens-of-the-cloud/microsoft-advanced-threat-analytics-the-next-phase-of-security… Excellent work from  !,0,1,1,0,[],['@IdanPlotnik'],[],https://pbs.twimg.com/profile_images/630813388973568000/Fp17wZdo_normal.png,https://twitter.com/Scronkfinkle/status/644515985198817280,tweet_id:644515985198817280
Alex Simons,@Alex_A_Simons,2015-09-15T14:59:07.000Z,True,The  Premium Dashboard is now in preview. Small enhancement based on big demand! Learn more here: http://aka.ms/td44al,0,15,6,0,[],['@AzureAD'],[],https://pbs.twimg.com/profile_images/1545557530071277568/DMzPv18S_normal.jpg,https://twitter.com/Alex_A_Simons/status/643801221208211456,tweet_id:643801221208211456
Peter Selch Dahl,@PeterSelchDahl,2015-09-11T10:19:07.000Z,False, we love The results of your Work  ,1,1,0,0,[],"['@IdanPlotnik', '@azuread']","['\\U0001f44d', '\\U0001f601']",https://pbs.twimg.com/profile_images/1115637299155472384/o6zdbt8t_normal.jpg,https://twitter.com/PeterSelchDahl/status/642281206491561984,tweet_id:642281206491561984
Idan Plotnik,@idanplotnik,2015-09-11T09:55:46.000Z,False,"I'm excited and proud of the  #MicrosoftATA group, we are working on some SUPER cool capabilities for the next ATA version",2,3,6,0,['#MicrosoftATA'],['@Aorato'],[],https://pbs.twimg.com/profile_images/1315935720650018818/kSN1DEtL_normal.jpg,https://twitter.com/idanplotnik/status/642275331190067200,tweet_id:642275331190067200
Idan Plotnik,@idanplotnik,2015-09-11T09:51:51.000Z,True,Welcome my friends ! Great work Assaf Rappaport and the team! We are building the future!,0,0,2,0,[],['@Adallom'],[],https://pbs.twimg.com/profile_images/1315935720650018818/kSN1DEtL_normal.jpg,https://twitter.com/idanplotnik/status/642274346132570112,tweet_id:642274346132570112
Tal Be'ery @bhasia24,Tal Be'ery @bhasia24,2015-09-07T13:20:39.000Z,False,"Skeleton Key #Malware talk with . Attacking with #Mimikatz, defending with #MicrosoftATA.http://slideshare.net/TalBeery1/one-key-to-rule-them-all-detecting-the-skeleton-key-malware… via ",0,10,9,0,"['#Malware', '#Mimikatz', '#MicrosoftATA']","['@ItaiGrady', '@SlideShare']",[],https://pbs.twimg.com/profile_images/996423856461053953/p_oxcfbW_normal.jpg,https://twitter.com/TalBeerySec/status/640877341250424832,tweet_id:640877341250424832
Mary Jo Foley,@maryjofoley,2015-08-27T17:51:39.000Z,True,MS Advanced Threat Analytics (Aorato) is now generally available: http://blogs.technet.com/b/ad/archive/2015/08/27/microsoft-advanced-threat-analytics-in-now-ga.aspx… More info:,2,65,49,0,[],[],[],https://pbs.twimg.com/profile_images/1202974617255608320/lbCoG4Xp_normal.jpg,https://twitter.com/maryjofoley/status/636959273457745920,tweet_id:636959273457745920
Sean Metcalf,@PyroTek3,2015-08-28T00:21:56.000Z,False,"#Microsoft Advanced Threat Analytics is GA, research how #ATA can detect modern #ActiveDirectory threats in your AD.",0,26,19,0,"['#Microsoft', '#ATA', '#ActiveDirectory']",[],[],https://pbs.twimg.com/profile_images/1223855645323137024/5hEgvFdT_normal.jpg,https://twitter.com/PyroTek3/status/637057490673381376,tweet_id:637057490673381376
Alex Simons,@Alex_A_Simons,2015-09-03T21:59:15.000Z,True,Nice demo of #Windows10 joining to #AzureAD - doesn't get any easier than that!,0,16,8,0,"['#Windows10', '#AzureAD']",[],[],https://pbs.twimg.com/profile_images/1545557530071277568/DMzPv18S_normal.jpg,https://twitter.com/Alex_A_Simons/status/639558297167638528,tweet_id:639558297167638528
Tal Be'ery @bhasia24,Tal Be'ery @bhasia24,2015-08-29T17:22:56.000Z,True,"WooHoo! A recommendation from Windows Internals guru  
Maybe #MicrosoftATA guys DO get it :)",0,4,5,0,['#MicrosoftATA'],['@markrussinovich'],[],https://pbs.twimg.com/profile_images/996423856461053953/p_oxcfbW_normal.jpg,https://twitter.com/TalBeerySec/status/637676823866830848,tweet_id:637676823866830848
Idan Plotnik,@idanplotnik,2015-08-28T05:44:19.000Z,False,Thanks ! watch this video to see how simple it is to deploy #MicrosoftATA https://youtu.be/V57I-EAvdL4 and provide us feedback,1,16,22,0,['#MicrosoftATA'],['@markrussinovich'],[],https://pbs.twimg.com/profile_images/1315935720650018818/kSN1DEtL_normal.jpg,https://twitter.com/idanplotnik/status/637138619732332545,tweet_id:637138619732332545
Idan Plotnik,@idanplotnik,2015-08-28T05:38:58.000Z,False,HUGE thanks for the amazing #MicrosoftATA group who worked so hard on this GA! the best team EVER! http://blogs.technet.com/b/ad/archive/2015/08/27/microsoft-advanced-threat-analytics-in-now-ga.aspx…,0,2,12,0,['#MicrosoftATA'],[],[],https://pbs.twimg.com/profile_images/1315935720650018818/kSN1DEtL_normal.jpg,https://twitter.com/idanplotnik/status/637137273142706177,tweet_id:637137273142706177
Michael Dubinsky,@MichaelDubinsky,2015-08-28T05:30:52.000Z,True,Happy to say that #MicrosoftATA has now GAed http://blogs.technet.com/b/ad/archive/2015/08/27/microsoft-advanced-threat-analytics-in-now-ga.aspx…. Any feedback is welcome! Cc ,1,2,1,0,['#MicrosoftATA'],['@IdanPlotnik'],[],https://pbs.twimg.com/profile_images/1729494380438761472/0Y1iecmZ_normal.jpg,https://twitter.com/MichaelDubinsky/status/637135236174778368,tweet_id:637135236174778368
Alex Simons,@Alex_A_Simons,2015-08-27T16:58:23.000Z,True,"Microsoft Advanced Threat Analytics is GA! World class, ML based monitoring and detection for today's attacks! http://aka.ms/shw69c",2,40,31,0,[],[],[],https://pbs.twimg.com/profile_images/1545557530071277568/DMzPv18S_normal.jpg,https://twitter.com/Alex_A_Simons/status/636945869665730560,tweet_id:636945869665730560
Alex Simons,@Alex_A_Simons,2015-08-12T16:32:32.000Z,True,"We're unifying the programming model for MSFT Account & #AzureAD. Millions of active users, one simple dev model! http://aka.ms/cl6z52",0,32,20,0,['#AzureAD'],[],[],https://pbs.twimg.com/profile_images/1545557530071277568/DMzPv18S_normal.jpg,https://twitter.com/Alex_A_Simons/status/631503543761895424,tweet_id:631503543761895424
Tal Be'ery @bhasia24,Tal Be'ery @bhasia24,2015-08-09T08:12:03.000Z,False,#MicrosoftATA 2nd appearance in Vegas - after #BlackHat2015 comes #defcon. Content is similar. Thanks !https://adsecurity.org/wp-content/uploads/2015/08/DEFCON23-2015-Metcalf-RedvsBlue-ADAttackAndDefense-Final.pdf…,0,1,1,0,"['#MicrosoftATA', '#BlackHat2015', '#defcon']",['@PyroTek3'],[],https://pbs.twimg.com/profile_images/996423856461053953/p_oxcfbW_normal.jpg,https://twitter.com/TalBeerySec/status/630290429318180864,tweet_id:630290429318180864
Idan Plotnik,@idanplotnik,2015-08-05T22:03:46.000Z,False,Great work team!  ,0,0,2,0,[],"['@MichaelDubinsky', '@TalBeerySec']",[],https://pbs.twimg.com/profile_images/1315935720650018818/kSN1DEtL_normal.jpg,https://twitter.com/idanplotnik/status/629050185524596740,tweet_id:629050185524596740
Idan Plotnik,@idanplotnik,2015-08-05T22:02:32.000Z,False,Many thanks  to mention #MicrosoftATA ,1,2,5,0,['#MicrosoftATA'],"['@PyroTek3', '@BlackHatEvents']",[],https://pbs.twimg.com/profile_images/1315935720650018818/kSN1DEtL_normal.jpg,https://twitter.com/idanplotnik/status/629049878367354880,tweet_id:629049878367354880
Idan Plotnik,@idanplotnik,2015-08-04T14:24:12.000Z,False,Thanks  for the cool  sticker !,0,0,2,0,[],"['@i3arnon', '@StackOverflow']",[],https://pbs.twimg.com/profile_images/1315935720650018818/kSN1DEtL_normal.jpg,https://twitter.com/idanplotnik/status/628572144792768512,tweet_id:628572144792768512
Idan Plotnik,@idanplotnik,2015-08-03T17:18:46.000Z,False,How to buy #MicrosoftATA http://microsoft.com/en-us/server-cloud/products/advanced-threat-analytics/Purchasing.aspx…,0,2,0,0,['#MicrosoftATA'],[],[],https://pbs.twimg.com/profile_images/1315935720650018818/kSN1DEtL_normal.jpg,https://twitter.com/idanplotnik/status/628253686901440512,tweet_id:628253686901440512
Michael Dubinsky,@MichaelDubinsky,2015-07-31T05:30:33.000Z,True,If you want to hear a bit more also on #MicrosoftATA,0,2,0,0,['#MicrosoftATA'],[],[],https://pbs.twimg.com/profile_images/1729494380438761472/0Y1iecmZ_normal.jpg,https://twitter.com/MichaelDubinsky/status/626988295335993344,tweet_id:626988295335993344
Alex Simons,@Alex_A_Simons,2015-07-29T16:20:16.000Z,True,We've turned on a preview of #AzureAD Security Reviews. Read the guest blog by  here: http://aka.ms/t0l9ww,1,18,7,0,['#AzureAD'],['@markwahl'],[],https://pbs.twimg.com/profile_images/1545557530071277568/DMzPv18S_normal.jpg,https://twitter.com/Alex_A_Simons/status/626427026971332608,tweet_id:626427026971332608
Idan Plotnik,@idanplotnik,2015-07-28T22:27:47.000Z,False,"Totally agree  :) Customers can use #MicrosoftATA to detect the unknown today! it's so simple to deploy, no rules/policies",0,0,2,0,['#MicrosoftATA'],['@Alex_A_Simons'],[],https://pbs.twimg.com/profile_images/1315935720650018818/kSN1DEtL_normal.jpg,https://twitter.com/idanplotnik/status/626157126361198592,tweet_id:626157126361198592
Tal Be'ery @bhasia24,Tal Be'ery @bhasia24,2015-07-28T20:55:20.000Z,False,"JPMorgan’s answer to insider breaches: Monitor users behavior,find what's normal, flag anomalies #UEBAhttp://csoonline.com/article/2951814/cyber-attacks-espionage/what-can-we-learn-from-jpmorgans-insider-breaches.html… via ",0,4,0,0,['#UEBA'],['@csoonline'],[],https://pbs.twimg.com/profile_images/996423856461053953/p_oxcfbW_normal.jpg,https://twitter.com/TalBeerySec/status/626133863438286848,tweet_id:626133863438286848
Idan Plotnik,@idanplotnik,2015-07-28T17:31:47.000Z,False,"Thanks , please stay tuned for the #MicrosoftATA pricing, soon to be released",0,0,1,0,['#MicrosoftATA'],['@DefensiveDepth'],[],https://pbs.twimg.com/profile_images/1315935720650018818/kSN1DEtL_normal.jpg,https://twitter.com/idanplotnik/status/626082635446530048,tweet_id:626082635446530048
Idan Plotnik,@idanplotnik,2015-07-27T22:12:26.000Z,False,Cool!,0,1,0,0,[],[],[],https://pbs.twimg.com/profile_images/1315935720650018818/kSN1DEtL_normal.jpg,https://twitter.com/idanplotnik/status/625790878934827008,tweet_id:625790878934827008
Sean Metcalf,@PyroTek3,2015-07-27T02:43:53.000Z,False,I'm speaking at #BlackHat next week on #ActiveDirectory Attack & Defense. Talk detail:http://adsecurity.org/?p=1612  #InfoSec ,1,12,16,0,"['#BlackHat', '#ActiveDirectory', '#InfoSec']",['@BlackHatEvents'],[],https://pbs.twimg.com/profile_images/1223855645323137024/5hEgvFdT_normal.jpg,https://twitter.com/PyroTek3/status/625496801672593408,tweet_id:625496801672593408
Idan Plotnik,@idanplotnik,2015-07-27T21:05:07.000Z,False,"A big thanks to ! at  "" one of the first UEBA vendors now #MicrosoftATA"" http://blogs.gartner.com/avivah-litan/2015/07/20/splunk-and-microsoft-acquisitions-bode-well-for-user-and-entity-behavior-analytics-ueba/…",0,2,2,0,['#MicrosoftATA'],"['@avivahl', '@Gartner_inc', '@Aorato']",[],https://pbs.twimg.com/profile_images/1315935720650018818/kSN1DEtL_normal.jpg,https://twitter.com/idanplotnik/status/625773935016169472,tweet_id:625773935016169472
Idan Plotnik,@idanplotnik,2015-07-22T12:22:05.000Z,False,"#MicrosoftATA Microsoft Advanced Threat Analytics coming next month, read more: http://aka.ms/ata-ga-next-month…",0,9,6,0,['#MicrosoftATA'],[],[],https://pbs.twimg.com/profile_images/1315935720650018818/kSN1DEtL_normal.jpg,https://twitter.com/idanplotnik/status/623830370413322240,tweet_id:623830370413322240
briankrebs,@briankrebs,2015-06-16T04:30:15.000Z,False,Password managing service LastPass warns of breach. Users are urged to change their master password,8,150,40,0,[],[],[],https://pbs.twimg.com/profile_images/1518740904311508998/zq2bxuIw_normal.jpg,https://twitter.com/briankrebs/status/610665669487632384,tweet_id:610665669487632384
Satya Nadella,@satyanadella,2015-06-16T00:24:26.000Z,True,Great to spend time with our Xbox fans today. Love the energy & enthusiasm for gaming! #XboxE3,59,317,646,0,['#XboxE3'],[],[],https://pbs.twimg.com/profile_images/1221837516816306177/_Ld4un5A_normal.jpg,https://twitter.com/satyanadella/status/610603807400030208,tweet_id:610603807400030208
Idan Plotnik,@idanplotnik,2015-06-11T20:21:49.000Z,False,"#MicrosoftATA contact me if u want to join our Private Preview program, we r sharing bugs/features requests, u can help shape the future!",2,0,0,0,['#MicrosoftATA'],[],[],https://pbs.twimg.com/profile_images/1315935720650018818/kSN1DEtL_normal.jpg,https://twitter.com/idanplotnik/status/609093199773061120,tweet_id:609093199773061120
Tal Be'ery @bhasia24,Tal Be'ery @bhasia24,2015-06-10T14:35:42.000Z,False,The  #Breach: #Duqu2 malware used MS14-068/CVE-2014-6324 for Lateral Movement.#MicrosoftATA can detect it.,0,12,6,0,"['#Breach', '#Duqu2', '#MicrosoftATA']",['@kaspersky'],[],https://pbs.twimg.com/profile_images/996423856461053953/p_oxcfbW_normal.jpg,https://twitter.com/TalBeerySec/status/608643707030634496,tweet_id:608643707030634496
Mattias Borg,@MattiasBorg82,2015-05-08T16:41:10.000Z,False,How to Protect Your Corporate Resources from Advanced Attacks (Channel 9) http://channel9.msdn.com/Events/Ignite/2015/BRK3870… via  #MicrosoftATA,0,3,3,0,['#MicrosoftATA'],['@ch9'],[],https://pbs.twimg.com/profile_images/1774208066734489600/km_EnhMG_normal.jpg,https://twitter.com/MattiasBorg82/status/596716482412838912,tweet_id:596716482412838912
Idan Plotnik,@idanplotnik,2015-06-07T20:29:46.000Z,False,"#MicrosoftATA “user and entity behaviour analytics (UEBA) to spot security breaches” says Avivah Litan, ",0,4,4,0,['#MicrosoftATA'],['@Gartner_Inc'],[],https://pbs.twimg.com/profile_images/1315935720650018818/kSN1DEtL_normal.jpg,https://twitter.com/idanplotnik/status/607645648347750400,tweet_id:607645648347750400
Idan Plotnik,@idanplotnik,2015-06-02T17:47:42.000Z,False,Have a Q about #microsoftATA just post in our forum http://aka.ms/ata-forum - we are here for you!,0,2,1,0,['#microsoftATA'],[],[],https://pbs.twimg.com/profile_images/1315935720650018818/kSN1DEtL_normal.jpg,https://twitter.com/idanplotnik/status/605792923507040258,tweet_id:605792923507040258
Tal Be'ery @bhasia24,Tal Be'ery @bhasia24,2015-05-26T16:01:32.000Z,False,"""#MicrosoftATA appliance has a real shot at being a serious contender in the IT security space"" says  http://informationweek.com/software/operating-systems/microsoft-ata-worthy-successor-to-patch-tuesday/a/d-id/1320538…",0,1,0,0,['#MicrosoftATA'],['@IW_Digital'],[],https://pbs.twimg.com/profile_images/996423856461053953/p_oxcfbW_normal.jpg,https://twitter.com/TalBeerySec/status/603229491343695872,tweet_id:603229491343695872
Microsoft Intune,@MSIntune,2015-05-28T16:00:01.000Z,True,#TrainITThursday Protect your company from advanced attacks w/ #MicrosoftATA: http://cic.ms/9uIOYn,0,2,3,0,"['#TrainITThursday', '#MicrosoftATA']",[],[],https://pbs.twimg.com/profile_images/1582026756935991296/ZS_woHYR_normal.jpg,https://twitter.com/MSIntune/status/603953885309497344,tweet_id:603953885309497344
Alex Simons,@Alex_A_Simons,2015-05-21T16:07:29.000Z,True,"In Windows 10 you can use your Microsoft Account and Azure AD account, at the same time! Pretty cool eh? More here: http://aka.ms/fggpf3",3,39,15,0,[],[],[],https://pbs.twimg.com/profile_images/1545557530071277568/DMzPv18S_normal.jpg,https://twitter.com/Alex_A_Simons/status/601419046748192768,tweet_id:601419046748192768
David B. Cross,@MrDBCross,2015-05-19T23:24:33.000Z,True,#Windows Server 2012 now has FIPS 140-2 cryptographic validation which is used in #Azure #cloud platform as well http://csrc.nist.gov/groups/STM/cmvp/documents/140-1/140val-all.htm…,0,6,4,0,"['#Windows', '#Azure', '#cloud']",[],[],https://pbs.twimg.com/profile_images/769643924864442369/HtugIjMN_normal.jpg,https://twitter.com/MrDBCross/status/600804264185765888,tweet_id:600804264185765888
Idan Plotnik,@idanplotnik,2015-05-20T12:13:36.000Z,False,The good old days  http://aka.ms/technet-yuridiogenes…,1,1,2,0,[],['@yuridiogenes'],[],https://pbs.twimg.com/profile_images/1315935720650018818/kSN1DEtL_normal.jpg,https://twitter.com/idanplotnik/status/600997800399208448,tweet_id:600997800399208448
John Lambert,@JohnLaTwC,2015-05-15T15:49:12.000Z,True,Attackers create disadvantage by their own activity. Competition with defenders works against them when we cooperate: http://zdnet.com/article/fireeye-microsoft-wipe-technet-clean-of-malware-hidden-by-hackers/…,1,4,3,0,[],[],[],https://pbs.twimg.com/profile_images/1296215413680820224/ey97DmIO_normal.jpg,https://twitter.com/JohnLaTwC/status/599240120756232193,tweet_id:599240120756232193
David B. Cross,@MrDBCross,2015-05-15T22:28:48.000Z,True,Latest #Security Intelligence Report just published. The Life and Times of an Exploit. http://microsoft.com/security/sir/default.aspx… #Cybersecurity,1,5,7,0,"['#Security', '#Cybersecurity']",[],[],https://pbs.twimg.com/profile_images/769643924864442369/HtugIjMN_normal.jpg,https://twitter.com/MrDBCross/status/599340683967627265,tweet_id:599340683967627265
Jamie Brummell,@jamiebrummell,2015-05-11T16:00:25.000Z,False,From the acquisition of :  Advanced Threat Analytics public preview is now available http://buff.ly/1F1RFA7 #cybersecurity,0,1,0,0,['#cybersecurity'],"['@Aorato', '@Microsoft']",[],https://pbs.twimg.com/profile_images/1600954866859384846/n5MiREHj_normal.jpg,https://twitter.com/jamiebrummell/status/597793391213203456,tweet_id:597793391213203456
Ben Ten (0xA),@Ben0xA,2015-05-06T19:45:06.000Z,True,#MSIgnite Great Demo of Advanced Threat Analytics from Microsoft. Lots of potential. #MicrosoftATA,0,1,2,0,"['#MSIgnite', '#MicrosoftATA']",[],[],https://pbs.twimg.com/profile_images/1599861043362205739/G2lO25st_normal.jpg,https://twitter.com/Ben0xA/status/596037993271586816,tweet_id:596037993271586816
Benjamin Delpy,@gentilkiwi,2015-05-06T23:38:44.000Z,False,"Want to try new LSA Isolation with #mimikatz ?
> https://github.com/gentilkiwi/mimikatz/releases…No more NTLM hash, Kerberos keys in memory!",3,90,71,0,['#mimikatz'],[],[],https://pbs.twimg.com/profile_images/1643733784196440064/2YlqbAR6_normal.jpg,https://twitter.com/gentilkiwi/status/596096791185063936,tweet_id:596096791185063936
Tal Be'ery @bhasia24,Tal Be'ery @bhasia24,2015-05-07T08:33:08.000Z,False,"A tech Poem:#Windows10, IUM:
no more creds, left in mem.https://twitter.com/gentilkiwi/status/596096791185063936…Kudos , Nathan Ide and team!
CC: ",1,2,0,0,['#Windows10'],"['@msftsecurity', '@gentilkiwi']",[],https://pbs.twimg.com/profile_images/996423856461053953/p_oxcfbW_normal.jpg,https://twitter.com/TalBeerySec/status/596231277822484480,tweet_id:596231277822484480
Gerson Levitz,@gman4626,2015-05-07T16:53:43.000Z,False,#ignite2015 keynote demo recap of Advanced Threat Analytics #MicrosoftATA #ATA #UBA #cybersecurity http://blogs.technet.com/b/in_the_cloud/archive/2015/05/04/ignite-keynote-demo-recap-microsoft-advanced-threat-analytics.aspx…@InTheCloudMSFT,0,1,0,0,"['#ignite2015', '#MicrosoftATA', '#ATA', '#UBA', '#cybersecurity']",[],[],https://pbs.twimg.com/profile_images/1438035398576549889/X37jW4Y2_normal.jpg,https://twitter.com/gman4626/status/596357254431035392,tweet_id:596357254431035392
Michael Dubinsky,@MichaelDubinsky,2015-05-07T17:52:04.000Z,True,Just reviewed a customer production deployment of #MicrosoftATA while  with several issues already discovered. Wow!,0,1,1,0,['#MicrosoftATA'],['@MS_Ignite'],[],https://pbs.twimg.com/profile_images/1729494380438761472/0Y1iecmZ_normal.jpg,https://twitter.com/MichaelDubinsky/status/596371935820423168,tweet_id:596371935820423168
Michael Dubinsky,@MichaelDubinsky,2015-05-06T20:17:42.000Z,True,Thanks Ben! Looking forward to hear more feedback.,0,1,2,0,[],[],[],https://pbs.twimg.com/profile_images/1729494380438761472/0Y1iecmZ_normal.jpg,https://twitter.com/MichaelDubinsky/status/596046198177304576,tweet_id:596046198177304576
Gerson Levitz,@gman4626,2015-05-06T20:34:48.000Z,False,"Missed the session on Advanced Threat Analytics #Ignite2015. 
Here is the recording with demos #microsoftata #UBA http://channel9.msdn.com/events/Ignite/2015/BRK3870…",0,1,3,0,"['#Ignite2015', '#microsoftata', '#UBA']",[],[],https://pbs.twimg.com/profile_images/1438035398576549889/X37jW4Y2_normal.jpg,https://twitter.com/gman4626/status/596050500446867456,tweet_id:596050500446867456
Tim Sattler,@sattlert,2015-05-06T16:08:23.000Z,False,#Microsoft bangs the #cybersecurity drum with Advanced Threat Analytics ars.to/1KIq5tw #MSIgnite #MicrosoftATA,0,9,7,0,"['#Microsoft', '#cybersecurity', '#MSIgnite', '#MicrosoftATA']",[],[],https://pbs.twimg.com/profile_images/1670644628679163905/QB6G5_nA_normal.jpg,https://twitter.com/sattlert/status/595983457022541824,tweet_id:595983457022541824
Bar Arnon,@i3arnon,2015-05-05T11:22:40.000Z,False,All hands in  with  talking about #MicrosoftATA,0,2,3,0,['#MicrosoftATA'],"['@MSRNDIL', '@scottgu']",[],https://pbs.twimg.com/profile_images/1252727220466057217/PzThq_lc_normal.jpg,https://twitter.com/i3arnon/status/595549166266286080,tweet_id:595549166266286080
Mattias Borg,@MattiasBorg82,2015-05-06T11:23:01.000Z,False,Microsoft Advanced Threat Analytics - Quick getting started guide using Hyper-V #MicrosoftATA #ATA http://wp.me/p38XxQ-L via ,1,2,3,0,"['#MicrosoftATA', '#ATA']",['@MattiasBorg82'],[],https://pbs.twimg.com/profile_images/1774208066734489600/km_EnhMG_normal.jpg,https://twitter.com/MattiasBorg82/status/595911641641922560,tweet_id:595911641641922560
Microsoft Cloud,@MSCloud,2015-05-04T18:41:33.000Z,True,More info on the new Microsoft Advanced Threat Analytics announced this morning: http://cic.ms/XSPGsu #MicrosoftATA #MSIgnite,0,29,17,0,"['#MicrosoftATA', '#MSIgnite']",[],[],https://pbs.twimg.com/profile_images/1640484669371355136/IE6k-Gsc_normal.png,https://twitter.com/MSCloud/status/595297226466930688,tweet_id:595297226466930688
Alex Simons,@Alex_A_Simons,2015-05-04T20:49:21.000Z,True,Worried about insider threats and phished credentials? #MicrosoftATA can help. Learn about the preview release here: http://tinyurl.com/mfv8kqk,0,5,6,0,['#MicrosoftATA'],[],[],https://pbs.twimg.com/profile_images/1545557530071277568/DMzPv18S_normal.jpg,https://twitter.com/Alex_A_Simons/status/595329387119022080,tweet_id:595329387119022080
Idan Plotnik,@idanplotnik,2015-05-06T13:26:59.000Z,False,“@IdanFreiberg:    wow great work Idan :) I must try it ...” Thanks! Share your feedback,0,0,1,0,[],"['@IdanPlotnik', '@MS_Ignite']",[],https://pbs.twimg.com/profile_images/1315935720650018818/kSN1DEtL_normal.jpg,https://twitter.com/idanplotnik/status/595942840397508608,tweet_id:595942840397508608
Mattias Borg,@MattiasBorg82,2015-05-05T22:24:01.000Z,False," I couldn't really wait... data is beeing populated #MicrosoftATA #ATA, very easy setup and initial config",1,3,3,0,"['#MicrosoftATA', '#ATA']",['@MichaelDubinsky'],[],https://pbs.twimg.com/profile_images/1774208066734489600/km_EnhMG_normal.jpg,https://twitter.com/MattiasBorg82/status/595715599164153857,tweet_id:595715599164153857
Tal Be'ery @bhasia24,Tal Be'ery @bhasia24,2015-05-05T18:16:03.000Z,False,#MicrosoftATA (previously 's DAF)  http://theregister.co.uk/2015/05/04/microsoft_windows_10_updates/…  #Ignite2015,0,4,2,0,"['#MicrosoftATA', '#Ignite2015']","['@Aorato', '@theregister']",[],https://pbs.twimg.com/profile_images/996423856461053953/p_oxcfbW_normal.jpg,https://twitter.com/TalBeerySec/status/595653195025784832,tweet_id:595653195025784832
Idan Plotnik,@idanplotnik,2015-05-05T19:28:35.000Z,False,Come join us for a cool hacking session BRK2482 at  room S101 showcasing #MicrosoftATA,0,1,2,0,['#MicrosoftATA'],['@MS_Ignite'],[],https://pbs.twimg.com/profile_images/1315935720650018818/kSN1DEtL_normal.jpg,https://twitter.com/idanplotnik/status/595671451375673344,tweet_id:595671451375673344
Michael Dubinsky,@MichaelDubinsky,2015-05-05T14:37:19.000Z,True,Thank you  . Looking forward to hearing your feedback on the product.,1,1,0,0,[],['@MattiasBorg82'],[],https://pbs.twimg.com/profile_images/1729494380438761472/0Y1iecmZ_normal.jpg,https://twitter.com/MichaelDubinsky/status/595598148824739840,tweet_id:595598148824739840
Michael Dubinsky,@MichaelDubinsky,2015-05-05T16:41:12.000Z,True,Yes!!! Might just use that as the new tagline for #MicrosoftATA ! :-),1,3,1,0,['#MicrosoftATA'],[],[],https://pbs.twimg.com/profile_images/1729494380438761472/0Y1iecmZ_normal.jpg,https://twitter.com/MichaelDubinsky/status/595629325476569089,tweet_id:595629325476569089
Idan Plotnik,@idanplotnik,2015-05-05T15:34:33.000Z,False,ATA deep dive session  room 228N is starting !,2,2,3,0,[],['@MS_Ignite'],[],https://pbs.twimg.com/profile_images/1315935720650018818/kSN1DEtL_normal.jpg,https://twitter.com/idanplotnik/status/595612554312966144,tweet_id:595612554312966144
Idan Plotnik,@idanplotnik,2015-05-04T18:08:01.000Z,False,Microsoft Advanced Threat Analytics video: taking User Behavior Analytics to the next level #MicrosoftATA https://youtube.com/watch?v=-MGg_07MkgY…,0,5,7,0,['#MicrosoftATA'],[],[],https://pbs.twimg.com/profile_images/1315935720650018818/kSN1DEtL_normal.jpg,https://twitter.com/idanplotnik/status/595288786696675328,tweet_id:595288786696675328
Idan Plotnik,@idanplotnik,2015-05-04T15:25:05.000Z,False,Amazing moment for an amazing team!  Microsoft Advanced Threat Analytics is in Public Preview http://aka.ms/xa1492,1,26,33,0,[],[],[],https://pbs.twimg.com/profile_images/1315935720650018818/kSN1DEtL_normal.jpg,https://twitter.com/idanplotnik/status/595247785437483008,tweet_id:595247785437483008
John Lambert,@JohnLaTwC,2015-04-26T15:31:21.000Z,True,Look for List v. Graph thinking in network defense: http://blogs.technet.com/b/johnla/archive/2015/04/26/defenders-think-in-lists-attackers-think-in-graphs-as-long-as-this-is-true-attackers-win.aspx…,7,118,105,0,[],[],[],https://pbs.twimg.com/profile_images/1296215413680820224/ey97DmIO_normal.jpg,https://twitter.com/JohnLaTwC/status/592350259751161856,tweet_id:592350259751161856
Mark Russinovich,@markrussinovich,2015-03-30T00:54:48.000Z,True,Working on Autoruns w/fake 'hello' content rundll32.exe and someone did same thing and uploaded to VT 5 years ago! https://virustotal.com/en/file/f873eef4f852e335da367d76ce7f1973c15b8ffebf532b064df4bc691cd51a87/analysis/…,2,12,13,0,[],[],[],https://pbs.twimg.com/profile_images/1600323888260358144/AIpkSMMZ_normal.jpg,https://twitter.com/markrussinovich/status/582345193409654784,tweet_id:582345193409654784
Idan Plotnik,@idanplotnik,2015-03-29T09:09:37.000Z,False,We are looking for great people to join the team! ping us! Software Engineer http://bit.ly/1G4uypv Data Scientist http://bit.ly/1EjZ145,1,12,6,0,[],[],[],https://pbs.twimg.com/profile_images/1315935720650018818/kSN1DEtL_normal.jpg,https://twitter.com/idanplotnik/status/582107333431574528,tweet_id:582107333431574528
Idan Plotnik,@idanplotnik,2015-03-13T21:34:26.000Z,False,": Meeting with  was a great experience! He is the new  == ""go with your vision""",0,0,4,0,[],"['@IdanPlotnik', '@satyanadella', '@Microsoft']",[],https://pbs.twimg.com/profile_images/1315935720650018818/kSN1DEtL_normal.jpg,https://twitter.com/idanplotnik/status/576496565147213824,tweet_id:576496565147213824
Tal Be'ery @bhasia24,Tal Be'ery @bhasia24,2014-12-21T12:42:53.000Z,False,"#SonyHack MO was admin passwords theft,says  http://cnn.com/2014/12/18/politics/u-s-will-respond-to-north-korea-hack/index.html…was it ""P@ssw0rd123""?https://malwr.com/analysis/OWI2Mjk3MmJhYTBkNDEyMzgzNjUwOTRiMmFhNzQ2MWY/…",2,25,11,0,['#SonyHack'],['@CNN'],[],https://pbs.twimg.com/profile_images/996423856461053953/p_oxcfbW_normal.jpg,https://twitter.com/TalBeerySec/status/546646989984002048,tweet_id:546646989984002048
Tal Be'ery @bhasia24,Tal Be'ery @bhasia24,2014-12-23T11:16:32.000Z,False,"Excellent analysis of the #Anunak #APT campaign. All the usual suspects: domain passwords, Mimikatz, active directoryhttp://group-ib.com/files/Anunak_APT_against_financial_institutions.pdf…",0,1,1,0,"['#Anunak', '#APT']",[],[],https://pbs.twimg.com/profile_images/996423856461053953/p_oxcfbW_normal.jpg,https://twitter.com/TalBeerySec/status/547350035604979712,tweet_id:547350035604979712
Tal Be'ery @bhasia24,Tal Be'ery @bhasia24,2014-12-23T15:10:54.000Z,False,"Back in 2007, Sony CISO said “I will not invest $10 million to avoid a possible $1 million loss [in a breach]"" http://cio.com/article/2439324/risk-management/your-guide-to-good-enough-compliance.html…",0,4,5,0,[],[],[],https://pbs.twimg.com/profile_images/996423856461053953/p_oxcfbW_normal.jpg,https://twitter.com/TalBeerySec/status/547409015307657216,tweet_id:547409015307657216
Idan Plotnik,@idanplotnik,2014-11-18T16:15:46.000Z,False,Creating the future of Cyber Security  ++ group of real friends that will fight all battles together && achieve the unattainable!,0,0,0,0,[],['@Microsoft'],[],https://pbs.twimg.com/profile_images/1315935720650018818/kSN1DEtL_normal.jpg,https://twitter.com/idanplotnik/status/534741763685376002,tweet_id:534741763685376002
Scott Guthrie,@scottgu,2014-11-13T17:08:00.000Z,True,I'm very excited to have Aorato officially join my team today.  Great to have them at Microsoft: http://blogs.microsoft.com/blog/2014/11/13/microsoft-acquires-aorato-give-enterprise-customers-better-defense-digital-intruders-hybrid-cloud-world/…,1,22,12,0,[],[],[],https://pbs.twimg.com/profile_images/565139568/redshirt_normal.jpg,https://twitter.com/scottgu/status/532942969129562112,tweet_id:532942969129562112
