Name,Handle,Timestamp,Verified,Content,Comments,Retweets,Likes,Analytics,Tags,Mentions,Emojis,Profile Image,Tweet Link,Tweet ID
The Hacker News,@TheHackersNews,2024-04-10T04:58:13.000Z,True," Urgent Patch Alert!#Microsoft releases a massive patch for April 2024, fixing a record 149 flaws. Two vulnerabilities are ALREADY under attack.https://thehackernews.com/2024/04/microsoft-fixes-149-flaws-in-huge-april.html…Update your systems NOW.#cybersecurity #hacking",8,269,416,4.9万,"['#Microsoft', '#cybersecurity', '#hacking']",[],['\\U0001f525'],https://pbs.twimg.com/profile_images/1597647879811657728/FLgHrLHy_normal.jpg,https://twitter.com/TheHackersNews/status/1777924021205471249,tweet_id:1777924021205471249
Mark Russinovich,@markrussinovich,2024-04-07T00:03:54.000Z,True,Google's teams coding in Rust are more than twice as productive as teams that code in C/C++:,31,101,497,7.8万,[],[],[],https://pbs.twimg.com/profile_images/1600323888260358144/AIpkSMMZ_normal.jpg,https://twitter.com/markrussinovich/status/1776762791258378271,tweet_id:1776762791258378271
David Fowler,@davidfowl,2024-03-29T03:22:30.000Z,True,The changes to redis licensing might make https://github.com/microsoft/garnet… an interesting alternative.,45,157,787,8.9万,[],[],[],https://pbs.twimg.com/profile_images/1599643600190836736/mWj6ARAN_normal.jpg,https://twitter.com/davidfowl/status/1773551280138391706,tweet_id:1773551280138391706
Jan Zieschang,@splushi,2024-03-05T09:39:46.000Z,False,"Gerade mit 50cm Abstand vom Autofahrer überholt worden. Auf den wirklich freundlichen Hinweis, kam dann nur: ""Ich weiß schon, wie ich Auto fahren muß."" Da war ich baff.",0,0,1,2,[],[],['\\U0001f92f'],https://pbs.twimg.com/profile_images/980346126288216064/9uvqYjCP_normal.jpg,https://twitter.com/splushi/status/1764948910244581838,tweet_id:1764948910244581838
"Andrew Lock ""Sock""",@andrewlocknet,2024-02-20T18:30:58.000Z,False,"Blogged: Using named pipes with ASP .NET Core and HttpClient https://buff.ly/4bNrwdl 

In this post I show how to create an aspnetcore server that listens using Windows Named Pipes, and how to call the server using an HttpClient… #aspnetcore #dotnet",3,27,111,1万,"['#aspnetcore', '#dotnet']",[],[],https://pbs.twimg.com/profile_images/1031294903425396736/NykEnHa8_normal.jpg,https://twitter.com/andrewlocknet/status/1760009161947894106,tweet_id:1760009161947894106
The Hacker News,@TheHackersNews,2024-04-10T04:58:13.000Z,True," Urgent Patch Alert!#Microsoft releases a massive patch for April 2024, fixing a record 149 flaws. Two vulnerabilities are ALREADY under attack.https://thehackernews.com/2024/04/microsoft-fixes-149-flaws-in-huge-april.html…Update your systems NOW.#cybersecurity #hacking",8,269,416,4.9万,"['#Microsoft', '#cybersecurity', '#hacking']",[],['\\U0001f525'],https://pbs.twimg.com/profile_images/1597647879811657728/FLgHrLHy_normal.jpg,https://twitter.com/TheHackersNews/status/1777924021205471249,tweet_id:1777924021205471249
Mark Russinovich,@markrussinovich,2024-04-07T00:03:54.000Z,True,Google's teams coding in Rust are more than twice as productive as teams that code in C/C++:,31,101,497,7.8万,[],[],[],https://pbs.twimg.com/profile_images/1600323888260358144/AIpkSMMZ_normal.jpg,https://twitter.com/markrussinovich/status/1776762791258378271,tweet_id:1776762791258378271
.NET,@dotnet,2024-02-04T09:00:02.000Z,True,"Learn about .NET 8, Blazor, Cloud Native, #dotNETMAUI, and more at .NET Conf 2023 Rosenheim on February 06 in Rosenheim, BY, Germany! https://msft.it/6019icA8BDiscover #dotNETConf local events happening around the world at https://msft.it/6010icA88 #community",0,7,52,1.1万,"['#dotNETMAUI', '#dotNETConf', '#community']",[],[],https://pbs.twimg.com/profile_images/1677092698791235584/Y1wFtWvG_normal.jpg,https://twitter.com/dotnet/status/1754067275919839596,tweet_id:1754067275919839596
"Andrew Lock ""Sock""",@andrewlocknet,2023-12-12T17:38:00.000Z,False,"Blogged: Redacting sensitive data in logs with Microsoft.Extensions.Compliance.Redactionhttps://buff.ly/47Kj9N7 

In this post I show how you can add redaction to your [LogProperties] and [TagProvider] objects using the Microsoft.Extensions.Compliance.Redaction package#dotnet",3,51,192,1.2万,['#dotnet'],[],[],https://pbs.twimg.com/profile_images/1031294903425396736/NykEnHa8_normal.jpg,https://twitter.com/andrewlocknet/status/1734628683800019174,tweet_id:1734628683800019174
David Fowler,@davidfowl,2023-12-01T15:42:07.000Z,True,"""Building resilient cloud services with .NET 8""https://devblogs.microsoft.com/dotnet/building-resilient-cloud-services-with-dotnet-8/…#dotnet #cloudnative",3,45,253,2万,"['#dotnet', '#cloudnative']",[],[],https://pbs.twimg.com/profile_images/1599643600190836736/mWj6ARAN_normal.jpg,https://twitter.com/davidfowl/status/1730613252458250684,tweet_id:1730613252458250684
.NET,@dotnet,2023-11-30T20:26:01.000Z,True," Announcing .NET Chiseled Containers  

Our long-term partnership and design collaboration with Canonical means that they are also now ready for you to use in your production environment and to take advantage of the value they offer.

Learn more. https://msft.it/6015iy4jW",1,26,77,1.2万,[],[],"['\\U0001f449', '\\U0001f448']",https://pbs.twimg.com/profile_images/1677092698791235584/Y1wFtWvG_normal.jpg,https://twitter.com/dotnet/status/1730322312212222034,tweet_id:1730322312212222034
"Andrew Lock ""Sock""",@andrewlocknet,2023-11-28T17:38:00.000Z,False,"Blogged: Behind [LogProperties] and the new telemetry logging source generatorhttps://buff.ly/3R0K6ot 

In this post I look at the new Microsoft.Extensions.Telemetry.Abstractions logging source generator, the generated code, and the [LogProperties] attribute#dotnet #aspnetcore",0,28,90,1万,"['#dotnet', '#aspnetcore']",[],[],https://pbs.twimg.com/profile_images/1031294903425396736/NykEnHa8_normal.jpg,https://twitter.com/andrewlocknet/status/1729555252452499944,tweet_id:1729555252452499944
Tim,@timheuer,2023-11-21T17:47:45.000Z,False,Good read on .NET containers and size/chiseled/etchttps://devblogs.microsoft.com/dotnet/announcing-dotnet-chiseled-containers/… #dotnet,3,19,63,"8,633",['#dotnet'],[],[],https://pbs.twimg.com/profile_images/657791745107738624/pNLjrERE_normal.jpg,https://twitter.com/timheuer/status/1727020993464729739,tweet_id:1727020993464729739
Clemens Vasters,@clemensv,2023-11-15T16:13:51.000Z,False,"Fully managed #MQTT broker, flexible consumption patterns and more new features in #Azure #EventGrid",0,10,19,"1,413","['#MQTT', '#Azure', '#EventGrid']",[],[],https://pbs.twimg.com/profile_images/1651898453549539330/jY5tEnoQ_normal.jpg,https://twitter.com/clemensv/status/1724823033917874287,tweet_id:1724823033917874287
The Hacker News,@TheHackersNews,2023-11-03T06:04:24.000Z,True," Alert: 48 malicious npm packages discovered. They can secretly compromise your system with a reverse shell.

Read details: https://thehackernews.com/2023/11/48-malicious-npm-packages-found.html…#cybersecurity #informationsecurity",1,90,118,3.6万,"['#cybersecurity', '#informationsecurity']",[],['\\u26a1'],https://pbs.twimg.com/profile_images/1597647879811657728/FLgHrLHy_normal.jpg,https://twitter.com/TheHackersNews/status/1720321007905309078,tweet_id:1720321007905309078
Hooded Horse,@HoodedHorseInc,2023-10-25T17:25:34.000Z,True,"You have been chosen to govern a land of great peril and promise. Will you prove yourself worthy, or will you perish?

Take charge of your people in Manor Lords on Steam, GOG, and PC Game Pass on April 26, 2024, with a console release date to be revealed at a later time.",92,668,"2,955",50万,[],[],[],https://pbs.twimg.com/profile_images/1754099796787544064/Cm7vilL6_normal.jpg,https://twitter.com/HoodedHorseInc/status/1717230935899623797,tweet_id:1717230935899623797
"Andrew Lock ""Sock""",@andrewlocknet,2023-10-17T16:38:00.000Z,False,"Blogged: Updates to Docker images in .NET 8 - Exploring the .NET 8 previews, part 10https://buff.ly/46B143E 

In this post I describe the changes to .NET 8 dockerfiles in .NET 8 including changes to images, new image types & changes to image tagging#aspnetcore #dotnet #docker",0,26,95,1万,"['#aspnetcore', '#dotnet', '#docker']",[],[],https://pbs.twimg.com/profile_images/1031294903425396736/NykEnHa8_normal.jpg,https://twitter.com/andrewlocknet/status/1714319862770659740,tweet_id:1714319862770659740
David Fowler,@davidfowl,2023-10-16T17:11:25.000Z,True,Performance improvements in http://ASP.NET Core https://devblogs.microsoft.com/dotnet/performance-improvements-in-aspnet-core-8/…,6,68,308,5.9万,[],[],[],https://pbs.twimg.com/profile_images/1599643600190836736/mWj6ARAN_normal.jpg,https://twitter.com/davidfowl/status/1713965886481285353,tweet_id:1713965886481285353
CreeK,@CreeK_,2023-10-02T11:25:52.000Z,False,Extra angereist um in Hamburg auf dem Fahrradweg zu parken?,0,1,0,31,[],[],[],https://pbs.twimg.com/profile_images/355797363/logo_kreis_weiss_unten_rechts_normal.png,https://twitter.com/CreeK_/status/1708805495149011210,tweet_id:1708805495149011210
James Newton-King ♔,@JamesNK,2023-09-26T23:01:35.000Z,False,Blog post: Debugging enhancements in .NET 8https://devblogs.microsoft.com/dotnet/debugging-enhancements-in-dotnet-8/…Read about the debugging improvements coming to popular .NET libraries and APIs: HttpContext and friends WebApplication and hosting MVC and Razor Pages,6,93,328,3.7万,[],[],"['\\U0001f30f', '\\u26a1\\ufe0f', '\\U0001f3a8', '\\U0001f680', '\\u2699\\ufe0f', '\\U0001f3f7\\ufe0f']",https://pbs.twimg.com/profile_images/1112499001935290368/OV-IHWvz_normal.jpg,https://twitter.com/JamesNK/status/1706806249705373914,tweet_id:1706806249705373914
David Fowler,@davidfowl,2023-09-25T15:31:12.000Z,True,Unit test allocation profiling! #dotnet #visualstudio,5,34,190,2.9万,"['#dotnet', '#visualstudio']",[],[],https://pbs.twimg.com/profile_images/1599643600190836736/mWj6ARAN_normal.jpg,https://twitter.com/davidfowl/status/1706330517497647238,tweet_id:1706330517497647238
S Mueller-Kraenner,@sascha_m_k,2023-09-23T08:46:46.000Z,False,"Berlins Verkehrssenatorin Manja Schreiner schafft fertige Radwege wieder ab, kürzt den Etat für Spielstraßen und kommt zum autofreien Tag mit Dienstwagen. Das ist nicht nur selten gedankenlos, sondern verkennt die Mobilitätsbedürfnisse unserer Stadt.",27,73,298,"5,642",[],[],[],https://pbs.twimg.com/profile_images/1554390239187279874/T76x6LCA_normal.jpg,https://twitter.com/sascha_m_k/status/1705503963624186343,tweet_id:1705503963624186343
Jörg Spengler,@joerg_spengler,2023-09-23T05:23:46.000Z,False,"Ein #Tempolimit auf Autobahnen ist sinnvoller und dringend notwendiger Umwelt-, Menschen- und #Klimaschutz. Danke Bjarne Mädel! ",26,423,"2,246",3.2万,"['#Tempolimit', '#Klimaschutz']",[],"['\\U0001f64f', '\\U0001f49a']",https://pbs.twimg.com/profile_images/1762832696592445440/aQp0j0xv_normal.jpg,https://twitter.com/joerg_spengler/status/1705452879299899542,tweet_id:1705452879299899542
Ingwar Perowanowitsch,@Perowinger94,2023-09-21T11:03:59.000Z,True,"Neuster Irrsinn der Autojustiz:

Fürs Klima 3x eine Straße blockieren:

- 8 Monate Haft ohne Bewährung

Als VW-Manager mit einer Fake-Software Mio. Menschen betrügen, ihre Gesundheit massiv schaden und Klima & Umwelt zerstören:

- 21 Monate auf Bewährung

Was stimmt mit ",587,"1,570","7,705",24万,[],[],['\\U0001f1e9\\U0001f1ea'],https://pbs.twimg.com/profile_images/1728758732048216064/MPq_ojQi_normal.jpg,https://twitter.com/Perowinger94/status/1704813720629555682,tweet_id:1704813720629555682
ErikEJ,@ErikEJ,2023-09-19T15:19:24.000Z,True,dotNET blog: What’s new in System.Text.Json in .NET 8,2,26,133,1.1万,[],[],[],https://pbs.twimg.com/profile_images/970614231795089410/o8yV305O_normal.jpg,https://twitter.com/ErikEJ/status/1704153220602339503,tweet_id:1704153220602339503
S Mueller-Kraenner,@sascha_m_k,2023-09-18T17:10:54.000Z,False,"Warum wird jemand, der Steine auf Politiker wirft, am selben Tag freigelassen, während Klimaaktivisten in Bayern in tagelanger Sicherheitsverwahrung landen?",425,821,"4,105",15万,[],[],[],https://pbs.twimg.com/profile_images/1554390239187279874/T76x6LCA_normal.jpg,https://twitter.com/sascha_m_k/status/1703818893125472399,tweet_id:1703818893125472399
Ingwar Perowanowitsch,@Perowinger94,2023-09-18T11:04:04.000Z,True,"Ein Mann sprüht Klimaaktivisten Pfefferspray ins Gesicht. Es zeigt: Aus normalen Menschen können Gewalttäter werden, wenn Politiker & Medien Begriffe wie Terroristen, Taliban oder Abschaum verwenden. Sie tragen Mitverantwortung für das was hier geschieht!",663,577,"2,875",16万,[],[],[],https://pbs.twimg.com/profile_images/1728758732048216064/MPq_ojQi_normal.jpg,https://twitter.com/Perowinger94/status/1703726577157120145,tweet_id:1703726577157120145
Bas Lijten,@BasLijten,2023-09-17T10:13:29.000Z,False,"I tried to run #Yarp as ingress-controller for #Kubernetes in #Docker Desktop. I was able to rebuild the #nginx based ingress-example. I had a few issues in order to get in to run, so I wrote a small blogpost about it https://blog.baslijten.com/how-to-deploy-yarp-ingress-controller-on-kubernetes-in-docker-desktop-kind/… #k8s #dotnet #kind cc: ",1,15,52,"9,987","['#Yarp', '#Kubernetes', '#Docker', '#nginx', '#k8s', '#dotnet', '#kind']",['@davidfowl'],[],https://pbs.twimg.com/profile_images/674667128767782912/IACU6hOm_normal.jpg,https://twitter.com/BasLijten/status/1703351461789274607,tweet_id:1703351461789274607
.NET,@dotnet,2023-09-15T16:14:01.000Z,True,".NET 8 Release Candidate 1 (RC1) is now available and includes many great new improvements to #ASPNETCore!

Here's what you need to know to take advantage of this latest release.  https://msft.it/60189dIxg #dotnet",1,37,149,5万,"['#ASPNETCore', '#dotnet']",[],['\\U0001f4d6'],https://pbs.twimg.com/profile_images/1677092698791235584/Y1wFtWvG_normal.jpg,https://twitter.com/dotnet/status/1702717413635031353,tweet_id:1702717413635031353
Egor Bogatov,@EgorBo,2023-09-13T12:58:45.000Z,False,Traditions! .NET 8.0 Performance improvements ,4,64,170,2.9万,[],[],['\\U0001f680'],https://pbs.twimg.com/profile_images/775451825894023169/PBkN6NKz_normal.jpg,https://twitter.com/EgorBo/status/1701943499833156022,tweet_id:1701943499833156022
.NET,@dotnet,2023-09-12T22:00:02.000Z,True,"Announcing .NET 8 RC1 

This release includes a new AOT mode for both Android and WASM, System.Text.Json improvements, and Azure Managed Identity support for containers.

Here's everything you need to know about this latest update. https://msft.it/60199dUhN",2,105,292,4.7万,[],[],['\\u203c\\ufe0f'],https://pbs.twimg.com/profile_images/1677092698791235584/Y1wFtWvG_normal.jpg,https://twitter.com/dotnet/status/1701717328415666216,tweet_id:1701717328415666216
Lebenswerte City Hamburg,@lebenswerteCity,2023-09-03T16:10:24.000Z,False,"5 Minuten der Fahrradstaffel der  hinterher gefahren:  parkt auf Geh / Radweg:  LKW mit Folie statt Scheibe:  Baustellenabsperrung grösser als nötig:  Elektroroller auf Nebenstraße: Anzeige, Fotos",17,21,186,1.4万,"['', '']","['@PolizeiHamburg', '@dhl']","['1\\ufe0f\\u20e3', '\\U0001f197', '\\u2705', '2\\ufe0f\\u20e3', '\\U0001f197', '\\u2705', '3\\ufe0f\\u20e3', '\\U0001f197', '\\u2705', '4\\ufe0f\\u20e3', '\\U0001f6d1']",https://pbs.twimg.com/profile_images/1267135355985301505/W92BK1Na_normal.jpg,https://twitter.com/lebenswerteCity/status/1698367849264210378,tweet_id:1698367849264210378
ADFC Bundesverband,@FahrradClub,2023-08-21T06:00:20.000Z,False,"Verkehrsberuhigenden Maßnahmen verdrängen Pkw-Verkehr bloß und verlagern den Verkehrskollaps oder erzeugt ihn sogar erst?  Von wegen! Analysen zeigen, dass sich der Pkw-Verkehr meist verringert, da mehr zu Fuß gegangen und mit dem Fahrrad gefahren wird.",4,90,348,1.1万,[],[],['\\U0001f449'],https://pbs.twimg.com/profile_images/1394668886273007617/n4wIMJ0r_normal.jpg,https://twitter.com/FahrradClub/status/1693503281689973073,tweet_id:1693503281689973073
Der Postillon,@Der_Postillon,2023-08-15T15:01:32.000Z,False,"""Haben in Bayern jetzt auch bald eine Chipfabrik"": Aiwanger schließt Deal mit Pringles ab#TSMC",72,677,"6,194",24万,['#TSMC'],[],[],https://pbs.twimg.com/profile_images/1274516114/Twitterpferd_normal.jpg,https://twitter.com/Der_Postillon/status/1691465149306269696,tweet_id:1691465149306269696
Merill Fernando,@merill,2023-08-08T13:02:06.000Z,False,"It's 2023 and your IT team is still forcing the entire company to change their passwords every few months PS. I work at Microsoft, and we stopped doing this nearly four years ago.

Send the link below to your IT team ",176,690,"3,377",43万,[],[],"['\\U0001f926', '\\U0001f447']",https://pbs.twimg.com/profile_images/1639241401098731522/71JyDQQ2_normal.png,https://twitter.com/merill/status/1688898379290652672,tweet_id:1688898379290652672
Hassan Habib,@HassanRezkHabib,2023-08-09T22:00:02.000Z,True,"Just released: CleanMoq
This is a forked repo and release from the original Moq .NET library
This release will contain ALL the changes from the last merge from Moq .NET without the spyware that was added recently.#dotnet #moq #mock",18,28,187,2.1万,"['#dotnet', '#moq', '#mock']",[],[],https://pbs.twimg.com/profile_images/1682972970850095104/OZU0VrBa_normal.jpg,https://twitter.com/HassanRezkHabib/status/1689396143833362434,tweet_id:1689396143833362434
Microsoft Visual Studio,@VisualStudio,2023-08-07T16:00:01.000Z,True,".NET Conf 2023 is coming, November 14–16 ... and we'll be celebrating the release of .NET 8!   

Learn more and save the date: https://msft.it/60139H9KW #DotNETConf",0,34,81,2.4万,['#DotNETConf'],[],"['\\U0001f389', '\\U0001f64c']",https://pbs.twimg.com/profile_images/1278356990125719552/jNciLHjC_normal.jpg,https://twitter.com/VisualStudio/status/1688580767096467456,tweet_id:1688580767096467456
Mads Kristensen,@mkristensen,2023-08-08T18:26:57.000Z,True,The latest update to Visual Studio 2022 was just released.,6,47,162,1.5万,[],[],[],https://pbs.twimg.com/profile_images/1333454566122110977/w_vGHS87_normal.jpg,https://twitter.com/mkristensen/status/1688980129056530432,tweet_id:1688980129056530432
Monika Herrmann,@MonikaHerrmann1,2023-08-01T08:12:26.000Z,False,"Frankreich hat verstanden und die Regierung macht ihren Job. Deutschland hofft immer noch, der Kelch geht vorüber und die  blockiert, was das Zeug hält.",33,118,526,1.2万,[],['@fdp'],[],https://pbs.twimg.com/profile_images/1677456821018140672/0Wnzkaut_normal.jpg,https://twitter.com/MonikaHerrmann1/status/1686288768989302784,tweet_id:1686288768989302784
Jörg Spengler,@joerg_spengler,2023-08-01T16:33:32.000Z,False,Da sollte jemand dringend seine Prioritäten überarbeiten.  #MehrGeldFürsRad #Verkehrswende,16,145,609,1万,"['#MehrGeldFürsRad', '#Verkehrswende']",['@Wissing'],[],https://pbs.twimg.com/profile_images/1762832696592445440/aQp0j0xv_normal.jpg,https://twitter.com/joerg_spengler/status/1686414873398333445,tweet_id:1686414873398333445
Özden Terli,@TerliWetter,2023-08-01T14:35:15.000Z,False,"Bundesnetzagentur: AKW-Aus hat keine Auswirkung auf Strompreis | http://tagesschau.deDie Nukis bekommen jetzt Schnappatmung. Waren das etwa alles Desinformationen? 

Na sowas!#AKWHype",98,798,"2,727",9.3万,['#AKWHype'],[],[],https://pbs.twimg.com/profile_images/1720809591229870080/ZY0K1QBO_normal.jpg,https://twitter.com/TerliWetter/status/1686385104489467904,tweet_id:1686385104489467904
Prof. Stefan Rahmstorf,@rahmstorf,2023-07-31T16:30:22.000Z,True,"You like taking a hot bath? 
That would typically have a temperature of around 38 °C.
The ocean in the Florida Keys has reached a shocking 38.4 °C.",238,"1,332","2,559",27万,[],[],[],https://pbs.twimg.com/profile_images/1703328177072791552/xxWfJvxJ_normal.jpg,https://twitter.com/rahmstorf/status/1686051686899470336,tweet_id:1686051686899470336
The Hacker News,@TheHackersNews,2023-07-26T17:14:57.000Z,True,"The energy sector faces a diverse range of cyber threats, from nation-state actors to cybercriminals. Let's equip our workforce with the knowledge and tools to defend against cyberattacks.

Learn more: https://cybersecurity.att.com/blogs/security-essentials/protecting-energy-infrastructure-from-cyberattacks…via ",1,13,29,1.5万,[],['@attcyber'],[],https://pbs.twimg.com/profile_images/1597647879811657728/FLgHrLHy_normal.jpg,https://twitter.com/TheHackersNews/status/1684250968399937537,tweet_id:1684250968399937537
David Fowler,@davidfowl,2023-07-19T02:41:01.000Z,True,"In .NET 8, logging with < 4 parameter values will no longer box value types nor allocate an array https://github.com/dotnet/runtime/pull/88560… (small perf wins that add up!). #dotnet",3,31,224,2.5万,['#dotnet'],[],[],https://pbs.twimg.com/profile_images/1599643600190836736/mWj6ARAN_normal.jpg,https://twitter.com/davidfowl/status/1681494322418532352,tweet_id:1681494322418532352
James Newton-King ♔,@JamesNK,2023-07-16T07:26:56.000Z,True,"First-class metrics support is coming across .NET 8:Inbound HTTP requests (http://ASP.NET Core)Outbound HTTP requests (HttpClient)KestrelRoutingRate limitingException handlingSignalRgRPC (not started, but they'll be there when .NET 8 ships )",6,111,593,10万,[],[],"['\\u27a1\\ufe0f', '\\u2b05\\ufe0f', '\\U0001f30f', '\\u2692\\ufe0f', '\\U0001f46e', '\\u26a0\\ufe0f', '\\U0001f4e1', '\\U0001f680', '\\U0001f605']",https://pbs.twimg.com/profile_images/1112499001935290368/OV-IHWvz_normal.jpg,https://twitter.com/JamesNK/status/1680479110886490112,tweet_id:1680479110886490112
Jan Zieschang,@splushi,2023-07-17T15:32:51.000Z,False,"Och neee, https://warnung.bund.de/meldungen/mow.DE-HH-HH-SE033-20230717-33-000/225_kgBombe_gefunden_Hamburg_Sternschanze… Mal schauen, ob ich zu Hause bleiben kann.",0,1,1,9,[],[],[],https://pbs.twimg.com/profile_images/980346126288216064/9uvqYjCP_normal.jpg,https://twitter.com/splushi/status/1680963783517192195,tweet_id:1680963783517192195
David Fowler,@davidfowl,2023-07-14T13:38:46.000Z,True,Moved my Todo app to NuGet Central Package Management (https://learn.microsoft.com/en-us/nuget/consume-packages/Central-Package-Management…) #dotnet,14,14,118,3.3万,['#dotnet'],[],[],https://pbs.twimg.com/profile_images/1599643600190836736/mWj6ARAN_normal.jpg,https://twitter.com/davidfowl/status/1679847909070708737,tweet_id:1679847909070708737
David Fowler,@davidfowl,2023-07-15T17:39:39.000Z,True,.NET 8 is going to be a bombshell of a release . There are a TON of improvements but one of the things I'm most excited about is better out of the box metrics for our http and networking stack. We're also looing to ship grafana default dashboards #dotnet,95,706,"3,726",60万,['#dotnet'],[],['\\U0001f525'],https://pbs.twimg.com/profile_images/1599643600190836736/mWj6ARAN_normal.jpg,https://twitter.com/davidfowl/status/1680270919560732677,tweet_id:1680270919560732677
Claudia Kemfert,@CKemfert,2023-07-13T11:36:12.000Z,True,"Reiche tragen durch Lebensstil zum #Klimawandel bei, wie zahlreiche Studien zeigen. Die Ausreden der Reichen, wie auch in dieser Doku gezeigt werden, sind keine Ausnahme, auch das zeigen Studien. Warum, erkläre ich im neuen #KemfertsKlimaPodcast. #PLURV",111,192,538,2.1万,"['#Klimawandel', '#KemfertsKlimaPodcast', '#PLURV']",[],[],https://pbs.twimg.com/profile_images/1255930986287845376/YzTNRjua_normal.jpg,https://twitter.com/CKemfert/status/1679454675572015104,tweet_id:1679454675572015104
.NET,@dotnet,2023-07-13T14:14:02.000Z,True,"We've improved the caching abstraction in #dotNET to make it more intuitive and reliable.

Check out a sample project with reusable extension methods for Distributed Caching to simplify repetitive code on object serialization when setting cached values.  https://msft.it/6017gx2k5",1,25,99,1.8万,['#dotNET'],[],['\\U0001f4d6'],https://pbs.twimg.com/profile_images/1677092698791235584/Y1wFtWvG_normal.jpg,https://twitter.com/dotnet/status/1679494396696297474,tweet_id:1679494396696297474
"Andrew Lock ""Sock""",@andrewlocknet,2023-07-11T16:58:56.000Z,False,"Blogged: Exploring the .NET 8 preview - Part 3 - Comparing WebApplication.CreateBuilder() to the new CreateSlimBuilder() methodhttps://buff.ly/3DaQsLu 

A look at why the new CreateSlimBuilder method was added and how it differs from CreateBuilder#aspnetcore #dotnet",1,14,38,"8,259","['#aspnetcore', '#dotnet']",[],[],https://pbs.twimg.com/profile_images/1031294903425396736/NykEnHa8_normal.jpg,https://twitter.com/andrewlocknet/status/1678811120339910662,tweet_id:1678811120339910662
The Hacker News,@TheHackersNews,2023-07-07T12:57:36.000Z,True,"#Mastodon, the decentralized social network, releases critical security update. Update your instance ASAP to prevent potential DoS and remote code execution attacks.

Read details: https://thehackernews.com/2023/07/mastodon-social-network-patches.html…#cybersecurity #informationsecurity #technews",0,64,83,2.3万,"['#Mastodon', '#cybersecurity', '#informationsecurity', '#technews']",[],[],https://pbs.twimg.com/profile_images/1597647879811657728/FLgHrLHy_normal.jpg,https://twitter.com/TheHackersNews/status/1677300834139357185,tweet_id:1677300834139357185
C. Storch,@Storch_i,2023-07-06T11:17:19.000Z,False,"Übrigens: Hätten wir #Scheuer in den 3,5 Jahren Amtszeit jeden Tag (!) 95.107 € gegeben, damit er da in Passau im Gras sitzt, hätten wir damit im Vgl zum Schadensersatz für seinen Maut-Murks immer noch 121,5 Mio. € gespart! Denn sein Maut-Desaster kostet uns jetzt das Doppelte.",68,636,"3,006",7.9万,['#Scheuer'],[],[],https://pbs.twimg.com/profile_images/1688617826498547712/AstLcvov_normal.jpg,https://twitter.com/Storch_i/status/1676913211155595265,tweet_id:1676913211155595265
CG@cgddue.bsky.social,@cgddue.bsky.social,2023-07-04T10:09:08.000Z,False,"ui ui, bei der läuft aber einiges verkehrt! #Dresden, den Führerschein nehmt ihr ja wohl ab, oder?
Sie zeigt ja, dass sie nicht geeignet ist, am Straßenverkehr teilzunehmen!

Schade, dass der Herr auf dem Fahrrad nicht durch weitere Menschen unterstützt wurde.",4,15,86,"4,457",['#Dresden'],['@PolizeiSachsen'],[],https://pbs.twimg.com/profile_images/1752712032380420096/IEjCoZMJ_normal.jpg,https://twitter.com/cgDDUE/status/1676171276115755008,tweet_id:1676171276115755008
klimareporter°,@klimareport,2023-07-03T14:36:25.000Z,False,"Die Windkraft-Blockade in Süddeutschland macht den Strom teuer. Die  Zeche zahlen andere. Darum sollten wir Deutschland in zwei Strompreiszonen aufteilen: Billigen Strom für den Norden, teuren für den  Süden. Vielleicht klappt's dann auch die Energiewende",199,127,468,2.4万,[],[],[],https://pbs.twimg.com/profile_images/993286072175087618/0QJVXfAP_normal.jpg,https://twitter.com/klimareport/status/1675876151267344388,tweet_id:1675876151267344388
Burkhard Stork,@BurkhardStork,2023-07-04T13:30:48.000Z,False,"Scheint vergessen: Planung für #Radverkehr und #Fußverkehr muss dem ""Stand der Technik"" entsprechen und nicht irgendwelchen politischen Vorlieben. Aktueller Stand der Technik ist u.a. die E-Klima der . Und die ist eindeutig:",4,91,230,"9,144","['#Radverkehr', '#Fußverkehr']",['@FGSV_eV'],[],https://pbs.twimg.com/profile_images/1665389869739196416/Jrlt0mHv_normal.jpg,https://twitter.com/BurkhardStork/status/1676222026640510976,tweet_id:1676222026640510976
Luisa Neubauer,@Luisamneubauer,2023-07-02T13:57:46.000Z,False,"Menschen sind im Straßenverkehr nicht frei, solange die Form ihrer Mobilität darüber entscheidet, wie sicher sie sind. 2022 sind über 7000 Fahrradfahrer:innen in Berlin verunglückt, 7 davon sind gestorben. Städte, die Autos bevorteilen, bevormunden. #NichtMitUns",802,270,"1,713",14万,['#NichtMitUns'],[],[],https://pbs.twimg.com/profile_images/1499456507297112067/pokrnVzJ_normal.jpg,https://twitter.com/Luisamneubauer/status/1675504038597591040,tweet_id:1675504038597591040
Prof. Stefan Rahmstorf,@rahmstorf,2023-07-02T21:44:54.000Z,True,"Das postet  an einem Tag, wo der Strompreis dank erneuerbarer Energien *negativ* ist…
Ohne Energiewende wäre der Strom jedenfalls jetzt teurer und wir wären nicht so gut durch den Winter gekommen. 2022 war Strom in  dank EE durchgehend billiger als in Frankreich.",428,611,"2,477",44万,[],['@MPKretschmer'],['\\U0001f1e9\\U0001f1ea'],https://pbs.twimg.com/profile_images/1703328177072791552/xxWfJvxJ_normal.jpg,https://twitter.com/rahmstorf/status/1675621595488845826,tweet_id:1675621595488845826
Cycling the World,@Nicoleopter,2023-07-01T09:27:28.000Z,False,Die  hat ihre ideologische Verbotspolitik auf der #Friedrichstraße durchgesetzt. Ab heute ist dort u.a. Spielen verboten Flanieren verboten Kaffee trinken verboten Tanzen verboten Musizieren verboten Kreidemalerei verboten Sitzen verboten …,12,75,451,1.1万,['#Friedrichstraße'],['@cduberlin'],"['\\u26d4', '\\u26d4', '\\u26d4', '\\u26d4', '\\u26d4', '\\u26d4', '\\u26d4', '\\u26d4']",https://pbs.twimg.com/profile_images/896977608386252801/yXnhpmc5_normal.jpg,https://twitter.com/Nicoleopter/status/1675073625768992768,tweet_id:1675073625768992768
Changing Cities e.V.,@CCitiesOrg,2023-07-02T12:21:16.000Z,False,Gleich geht’s los - tausende Berliner*innen protestieren gegen den Radwegestopp. #NichtMitUns,47,181,989,4.3万,['#NichtMitUns'],[],[],https://pbs.twimg.com/profile_images/1754442331699245056/y0RGT6Uh_normal.jpg,https://twitter.com/CCitiesOrg/status/1675479751794802689,tweet_id:1675479751794802689
ADFC Bundesverband,@FahrradClub,2023-06-29T06:16:25.000Z,False,"Auto first in Berlin? #NichtMitUns! Hauptstädte in vielen Ländern wandeln sich zu fahrrad- und fußgängerfreundlichen Städten, doch Berlin schaltet gerade einen Gang zurück. Kommt zur Fahrraddemo am 02. Juli in Berlin und fordert mit uns die #Radvolution in der Hauptstadt! ",16,74,299,2.5万,"['#NichtMitUns', '#Radvolution']",[],"['\\u270a', '\\U0001f6b4\\u200d\\u2640\\ufe0f']",https://pbs.twimg.com/profile_images/1394668886273007617/n4wIMJ0r_normal.jpg,https://twitter.com/FahrradClub/status/1674300772173873153,tweet_id:1674300772173873153
Frank Masurat,@bikeberlin13,2023-06-28T09:21:40.000Z,False,Der regierende Bürgermeister   versteht die ganze Aufregung um die rückwärtsgewandte Verkehrspolitik der  nicht Na da können wir alle ihm helfen:#NichtMitUns,15,63,263,"5,619",['#NichtMitUns'],"['@kaiwegner', '@cduberlin']",['\\U0001f921'],https://pbs.twimg.com/profile_images/1650083860217049089/3glnbTtf_normal.jpg,https://twitter.com/bikeberlin13/status/1673985004861288450,tweet_id:1673985004861288450
CISA Cyber,@CISACyber,2023-06-28T17:09:38.000Z,True,"  &  released new guidelines to bolster the security of your CI/CD environments. Navigate the threat landscape, understand recommended mitigations, & embrace a proactive approach for a stronger defense.https://cisa.gov/news-events/alerts/2023/06/28/cisa-and-nsa-release-joint-guidance-defending-continuous-integrationcontinuous-delivery-cicd… #Cybersecurity #DevSecOps",4,32,55,"9,399","['#Cybersecurity', '#DevSecOps']","['@CISAgov', '@NSACyber']","['\\U0001f680', '\\U0001f9ed', '\\U0001f517']",https://pbs.twimg.com/profile_images/1257388503358373888/Zo7Knnrq_normal.jpg,https://twitter.com/CISACyber/status/1674102772617052167,tweet_id:1674102772617052167
Changing Cities e.V.,@CCitiesOrg,2023-06-29T08:04:32.000Z,False,"“Sollte der Senat die Verkehrswende jetzt bremsen,  drohe ein „lange wirkender Kahlschlag“, weil die von den Bezirken seit  2018 mühsam angeworbenen Radverkehrsplaner*innen sich absehbar andere  Arbeitsorte suchen würden [...].“#NichtMitUns",8,47,153,"4,544",['#NichtMitUns'],[],[],https://pbs.twimg.com/profile_images/1754442331699245056/y0RGT6Uh_normal.jpg,https://twitter.com/CCitiesOrg/status/1674327977511845889,tweet_id:1674327977511845889
Stefan Holzheu,@HolzheuStefan,2023-06-30T06:25:59.000Z,False,"Morgen ist der 1. Juli. Dann werden wieder die üblichen Verdächtigen mit größter Entrüstung feststellen, dass wir im Juni 2023 französischen Atomstrom importiert haben.

Darum vorab schon mal diese Grafik. ",112,299,"1,386",23万,[],[],['\\U0001f60e'],https://pbs.twimg.com/profile_images/1444349275324960769/crlMOxaP_normal.jpg,https://twitter.com/HolzheuStefan/status/1674665568627032067,tweet_id:1674665568627032067
The Hacker News,@TheHackersNews,2023-06-27T14:33:35.000Z,True,"New npm attack discovered! #Cybersecurity researchers find an ongoing campaign with a unique execution chain.

Discover details here: https://thehackernews.com/2023/06/new-ongoing-campaign-targets-npm.html…#informationsecurity",3,28,42,1.8万,"['#Cybersecurity', '#informationsecurity']",[],[],https://pbs.twimg.com/profile_images/1597647879811657728/FLgHrLHy_normal.jpg,https://twitter.com/TheHackersNews/status/1673701112900198402,tweet_id:1673701112900198402
Christoph Beisler,@ChristophBeisl1,2023-06-27T18:22:08.000Z,False,"Heute wurde mit 8371 Gigawattstunden ein neuer Allzeit-Monats-Photovoltaikrekord aufgestellt:

Noch nie wurde in einem Monat so viel Photovoltaikstrom produziert!
Und es kommen noch 3 Tage bis 30.6.23 dazu (pro Tag circa 300 GWh), sodass der Juni über 9.000 GWh PV erreichen wird.",27,103,527,2.1万,[],[],[],https://pbs.twimg.com/profile_images/1502738053022064650/BznwomJq_normal.jpg,https://twitter.com/ChristophBeisl1/status/1673758629558886400,tweet_id:1673758629558886400
Stephanie Krone,@FrauKrone,2023-06-26T12:55:28.000Z,False,"Berliner CDU stoppt Radwegeplanung, „um Autos nicht unnötig auszubremsen“.  Für die Bürger:innen richtig schlecht. Denn: 1/3 nutzt das Fahrrad für den Weg zur Arbeit, Schule, Uni - mehr als in jedem anderen BL. Gleichzeitig niedrigster Autobestand. Was soll das, ?",14,101,516,1.6万,[],['@cduberlin'],['\\U0001f648'],https://pbs.twimg.com/profile_images/1698337718596517888/rE4o4Dh__normal.jpg,https://twitter.com/FrauKrone/status/1673314031627563008,tweet_id:1673314031627563008
Dave Callan | dotnet,@Dave_DotNet,2023-06-26T18:11:09.000Z,True,".NET IS FAST   ...

GRPC benchmarks from grpc_bench for .NET 7 v other frameworks / platforms   ...#dotnet #csharp",1,28,129,1.2万,"['#dotnet', '#csharp']",[],"['\\U0001f680', '\\U0001f447\\U0001f3fb']",https://pbs.twimg.com/profile_images/1538166477743919105/duZ2oBrg_normal.jpg,https://twitter.com/Dave_DotNet/status/1673393475507867649,tweet_id:1673393475507867649
Dave Callan | dotnet,@Dave_DotNet,2023-06-21T16:11:23.000Z,True,Look at the CPU drop  when Microsoft Forms switched their backend from #dotnet Framework 4.7.2 to .NET 6   ...,3,20,122,1.3万,['#dotnet'],[],"['\\U0001f4c9', '\\u2764']",https://pbs.twimg.com/profile_images/1538166477743919105/duZ2oBrg_normal.jpg,https://twitter.com/Dave_DotNet/status/1671551395835650050,tweet_id:1671551395835650050
Dave Callan | dotnet,@Dave_DotNet,2023-06-19T13:27:50.000Z,True,"Each version of .NET has significant performance improvements    so always re-benchmark your custom #csharp code workarounds ... 

The example below is from #dotnet Conf 2022 ->
 https://youtube.com/watch?v=yNPEdaxkTZw&t=970s…",2,21,97,1.1万,"['#csharp', '#dotnet']",[],['\\U0001f680'],https://pbs.twimg.com/profile_images/1538166477743919105/duZ2oBrg_normal.jpg,https://twitter.com/Dave_DotNet/status/1670785460560437248,tweet_id:1670785460560437248
Danijel Višević,@visevic,2023-06-17T18:59:29.000Z,True,"Diese Visualisierung der  hat es in sich: Sie zeigt das CO2, das 2021 in die Erdatmosphäre ausgestoßen wurde + macht erkennbar, wer Verursacher der Klimakrise ist. Wir, der globale Norden.",835,"2,368","5,590",141万,[],['@NASA'],[],https://pbs.twimg.com/profile_images/1616604714853961729/FhpNW8Ac_normal.jpg,https://twitter.com/visevic/status/1670144148542726145,tweet_id:1670144148542726145
Jan Zieschang,@splushi,2023-06-18T08:20:41.000Z,False,#sternfahrt23 geht nun am Altonaer Balkon los.,0,0,3,99,['#sternfahrt23'],[],[],https://pbs.twimg.com/profile_images/980346126288216064/9uvqYjCP_normal.jpg,https://twitter.com/splushi/status/1670345777594368000,tweet_id:1670345777594368000
Jan Zieschang,@splushi,2023-06-18T07:25:30.000Z,False,"Vom : „Wenn Jesus heute unterwegs wäre, würde er das Rad nehmen!“ https://fahrradsternfahrt.hamburg/neuigkeiten-zur-fahrradsternfahrt-hamburg/… #sternfahrt23",0,0,0,77,['#sternfahrt23'],['@ADFC_Hamburg'],[],https://pbs.twimg.com/profile_images/980346126288216064/9uvqYjCP_normal.jpg,https://twitter.com/splushi/status/1670331891080130561,tweet_id:1670331891080130561
Jan Zieschang,@splushi,2023-06-18T06:57:18.000Z,False,Muß mich erstmal mit Sonnencreme bearbeiten. Aber werde auch gleich die Wasserflasschen in den Kühlschrank packen. https://x.com/ADFC_Hamburg/s/ADFC_Hamburg/status/1670052268467527684…,0,0,0,49,[],[],[],https://pbs.twimg.com/profile_images/980346126288216064/9uvqYjCP_normal.jpg,https://twitter.com/splushi/status/1670324791667048449,tweet_id:1670324791667048449
.NET,@dotnet,2023-06-14T20:15:01.000Z,True,"Announcing .NET 8 Preview 5, now with... Enhancements to Metrics APIs Source Link as part of the .NET SDK New #dotNET Libraries analyzers
... and more. Read about all the new updates. https://msft.it/6010gmRns",1,61,169,2.7万,['#dotNET'],[],"['\\u27a1\\ufe0f', '\\u27a1\\ufe0f', '\\u27a1\\ufe0f', '\\U0001f4d6']",https://pbs.twimg.com/profile_images/1677092698791235584/Y1wFtWvG_normal.jpg,https://twitter.com/dotnet/status/1669075993846218753,tweet_id:1669075993846218753
The ASP.NET Team,@aspnet,2023-06-13T19:19:38.000Z,False,#AspNetCore updates in .NET 8 Preview 5Improved debugging experienceNew Blazor Web App project templateSignalR seamless reconnectAuthentication updates in SPA templatesSupport for generic attributes in API authoring,2,44,122,3.3万,['#AspNetCore'],[],"['\\U0001f44b', '\\U0001fab3', '\\U0001f381', '\\U0001f50c', '\\U0001f510', '\\U0001f3f7\\ufe0f']",https://pbs.twimg.com/profile_images/1390448160934305793/ohii8Hxq_normal.png,https://twitter.com/aspnet/status/1668699668048670723,tweet_id:1668699668048670723
Milan Jovanović,@mjovanovictech,2023-06-10T06:04:13.000Z,True,"Here are 4 things I set up on every new .NET project:

- Coding conventions (.editorconfig)
- SonarAnalyzer
- Logging (Serilog)
- Docker-compose (local development)

But how do you implement all of these?

I made an in-depth video you can watch here ",3,40,213,1.9万,[],[],['\\U0001f447'],https://pbs.twimg.com/profile_images/1627966190491430912/mBfznjgr_normal.jpg,https://twitter.com/mjovanovictech/status/1667412332421545986,tweet_id:1667412332421545986
Clemens Vasters,@clemensv,2023-06-06T13:21:29.000Z,False,Steve Gennard from the London Stock Exchange just explained how his team replaced their on-premises Apache Kafka clusters with Azure Event Hubs for one of their core trading products and now enjoy lower latency and better predictability than on-premises. #integrate2023,1,10,36,"2,811",['#integrate2023'],[],[],https://pbs.twimg.com/profile_images/1651898453549539330/jY5tEnoQ_normal.jpg,https://twitter.com/clemensv/status/1666072823398293505,tweet_id:1666072823398293505
ADFC Bundesverband,@FahrradClub,2023-06-04T06:21:17.000Z,False,Zehntausende Radfahrer:innen erwarten wir heute in Berlin zur großen ADFC-Sternfahrt. Gemeinsam bringen wir die #Radvolution auf die Straße und fordern #MehrRechtFürsRad! ,0,7,66,"4,181","['#Radvolution', '#MehrRechtFürsRad']",[],"['\\u270a', '\\U0001f6b4']",https://pbs.twimg.com/profile_images/1394668886273007617/n4wIMJ0r_normal.jpg,https://twitter.com/FahrradClub/status/1665242301231165442,tweet_id:1665242301231165442
Dave Callan | dotnet,@Dave_DotNet,2023-05-30T19:38:14.000Z,True,Really great article by  and others detailing all the new features and changes coming in .NET 8 (as of Preview 4) in one place https://learn.microsoft.com/en-us/dotnet/core/whats-new/dotnet-8…#dotnet #csharp,1,18,38,"4,655","['#dotnet', '#csharp']",['@davidpine7'],['\\U0001f44d\\U0001f3fb'],https://pbs.twimg.com/profile_images/1538166477743919105/duZ2oBrg_normal.jpg,https://twitter.com/Dave_DotNet/status/1663630917397630980,tweet_id:1663630917397630980
Claudia Kemfert,@CKemfert,2023-05-29T18:25:28.000Z,True,"Uns wurden Lügen aufgetischt: Die  derzeitige Gasheizungs-Debatte ist schockierend.  Fehler der Vergangenheit haben uns in die heutige Krise geführt. Es ist unfassbar, dass die Verantwortlichen für die Versorgungskrise einfach so davon kommen und nun Fehler  wiederholt werden ",2,720,"3,626",12万,[],[],['\\U0001f447'],https://pbs.twimg.com/profile_images/1255930986287845376/YzTNRjua_normal.jpg,https://twitter.com/CKemfert/status/1663250216835743749,tweet_id:1663250216835743749
ASP.NET Core News,@aspnetcore_news,2023-05-25T03:21:02.000Z,False,Blazor and CSP by  https://damienbod.com/2023/05/22/blazor-and-csp/… #aspnetcore #blazor,0,4,10,"3,094","['#aspnetcore', '#blazor']",['@damien_bod'],[],https://pbs.twimg.com/profile_images/1098975865155866626/Hk0kFeUc_normal.jpg,https://twitter.com/aspnetcore_news/status/1661573057859801088,tweet_id:1661573057859801088
Prof. Stefan Rahmstorf,@rahmstorf,2023-05-24T18:59:11.000Z,True,"Mich besorgt die unverhältnismäßige Kriminalisierung von jungen Menschen, die zurecht um ihre Zukunft bangen und gewaltfrei demonstrieren. Was ist schlimmer und folgenreicher: vorübergehend den Verkehr aufzuhalten, oder Klimaziele nicht einzuhalten mit Folgen für Jahrtausende?",334,"1,699","5,629",20万,[],[],[],https://pbs.twimg.com/profile_images/1703328177072791552/xxWfJvxJ_normal.jpg,https://twitter.com/rahmstorf/status/1661446764459638784,tweet_id:1661446764459638784
Shay Rojansky,@shayrojansky,2023-05-22T08:45:32.000Z,False,"Version 8.0.0-preview.4 of Npgsql and the #efcore #postgresql providers are out, including full support for the exciting new primitive collections feature. See some PostgreSQL-specific array magic in this new blog post:",1,19,33,"5,331","['#efcore', '#postgresql']",[],[],https://pbs.twimg.com/profile_images/1238983713310085120/fGa-yU1F_normal.jpg,https://twitter.com/shayrojansky/status/1660567557957361667,tweet_id:1660567557957361667
Christoph Beisler,@ChristophBeisl1,2023-05-21T11:05:36.000Z,False,"Neuer Rekord!

Noch nie lag der Anteil erneuerbarer Energien innerhalb eines Tages (24 Stunden, von 0:00 Uhr bis 24:00 Uhr) höher als gestern: 82,6 Prozent.

Auch die 80%-Marke wurde bisher noch nie geknackt.

Windräder und PV machen es möglich.https://energy-charts.info/charts/renewable_share/chart.htm?l=de&c=DE&interval=day…",112,369,"1,684",11万,[],[],[],https://pbs.twimg.com/profile_images/1502738053022064650/BznwomJq_normal.jpg,https://twitter.com/ChristophBeisl1/status/1660240417894400002,tweet_id:1660240417894400002
Daniel Roth,@danroth27,2023-05-19T00:41:26.000Z,False,The new Blazor Web App template for .NET 8 is starting to take shape:,2,17,80,"9,139",[],[],[],https://pbs.twimg.com/profile_images/1633325984652075008/uLjapNdb_normal.jpg,https://twitter.com/danroth27/status/1659358568100036609,tweet_id:1659358568100036609
Marian Luparu,@mluparu,2023-05-16T17:51:26.000Z,False," Hey ya!  version 17.6 just dropped! Upgrade now to get a boost from all the performance improvements, plus there are a ton of new editor, git and debugger work that will make your day-to-day more productive. 

Happy coding!",7,61,182,2.4万,[],['@VisualStudio'],['\\U0001f381'],https://pbs.twimg.com/profile_images/1194064472412811264/WdxekdJv_normal.jpg,https://twitter.com/mluparu/status/1658530612003868672,tweet_id:1658530612003868672
David Fowler,@davidfowl,2023-05-17T01:46:46.000Z,True,http://ASP.NET Core updates in .NET 8 Preview 4 https://devblogs.microsoft.com/dotnet/asp-net-core-updates-in-dotnet-8-preview-4/…!!! #dotnet #aspnetcore,1,38,129,2.3万,"['#dotnet', '#aspnetcore']",[],[],https://pbs.twimg.com/profile_images/1599643600190836736/mWj6ARAN_normal.jpg,https://twitter.com/davidfowl/status/1658650232861892608,tweet_id:1658650232861892608
Jimmy Engström #Blazor,@EngstromJimmy,2023-05-16T06:00:00.000Z,True,"Blazor friends!
I have created a Visual Studio Extension that helps with some everyday tasks when developing for Blazor.

I would love to hear what you think!#Blazor #VisualStudio #ExtensionCheck it out: https://marketplace.visualstudio.com/items?itemName=EngstromJimmy.BlazmExtension…You can read more here:",9,63,159,2.3万,"['#Blazor', '#VisualStudio', '#Extension']",[],[],https://pbs.twimg.com/profile_images/977193866918088705/j4ppXCo8_normal.jpg,https://twitter.com/EngstromJimmy/status/1658351573389524992,tweet_id:1658351573389524992
Claudia Kemfert,@CKemfert,2023-05-15T07:18:28.000Z,True,"Nach Abschalten der restlichen 3 Atomkraftwerke ist genau das passiert, was ich vorhergesagt hatte:  Versorgungssicherheit gewährleistet, Anteil EE steigt, Emissionen sinken und so gut wie keine Auswirkungen auf Strompreis (leicht sinkend)  #viellärmumnichts…","1,708","1,040","4,240",35万,['#viellärmumnichts'],[],['\\U0001f937\\u200d\\u2640\\ufe0f'],https://pbs.twimg.com/profile_images/1255930986287845376/YzTNRjua_normal.jpg,https://twitter.com/CKemfert/status/1658008932969771008,tweet_id:1658008932969771008
The Hacker News,@TheHackersNews,2023-05-12T13:26:55.000Z,True,"BPFDoor, an undetected #malware variant, has resurfaced with enhanced evasiveness.

Find out how this #Linux backdoor has remained hidden for years, posing a serious threat to compromised environments.

Read details: https://thehackernews.com/2023/05/new-variant-of-linux-backdoor-bpfdoor.html…#cybersecurity",1,34,52,2.2万,"['#malware', '#Linux', '#cybersecurity']",[],[],https://pbs.twimg.com/profile_images/1597647879811657728/FLgHrLHy_normal.jpg,https://twitter.com/TheHackersNews/status/1657014493455450114,tweet_id:1657014493455450114
The Hacker News,@TheHackersNews,2023-05-09T19:04:00.000Z,True,"MSI data breach just got even more concerning.

Hackers have leaked private code signing keys, including Intel Boot Guard, on the #DarkWeb, which could lead to further attacks.

Learn more: https://thehackernews.com/2023/05/msi-data-breach-private-code-signing.html…#cybersecurity #informationsecurity",3,60,83,2.6万,"['#DarkWeb', '#cybersecurity', '#informationsecurity']",[],[],https://pbs.twimg.com/profile_images/1597647879811657728/FLgHrLHy_normal.jpg,https://twitter.com/TheHackersNews/status/1656012157786669056,tweet_id:1656012157786669056
The Hacker News,@TheHackersNews,2023-05-04T13:21:17.000Z,True," Three new security flaws discovered in #Microsoft Azure API Management service that could expose sensitive information and compromise backend services.

Learn more about these vulnerabilities: https://thehackernews.com/2023/05/researchers-discover-3-vulnerabilities.html…#cybersecurity #infosec #technews #hacking",1,53,73,2.6万,"['#Microsoft', '#cybersecurity', '#infosec', '#technews', '#hacking']",[],['\\U0001f6a8'],https://pbs.twimg.com/profile_images/1597647879811657728/FLgHrLHy_normal.jpg,https://twitter.com/TheHackersNews/status/1654113971975102465,tweet_id:1654113971975102465
@ChrisStoecker,@ChrisStoecker,2023-05-04T13:39:30.000Z,False,"Schon zermürbend, diese ganzen Blackouts über den Winter wegen Habecks Gas-Irrsinn und jetzt die ganzen Blackouts im Frühjahr wegen der Abschaltung der letzten 3 Atomkraftwerke.
Oder?
Fast so schlimm wie das Massensterben durch Covid-Impfungen, die Millionen Impftoten (Gates!!!)",89,559,"4,840",22万,[],[],[],https://pbs.twimg.com/profile_images/1209954996428689413/fFdYm2VT_normal.jpg,https://twitter.com/ChrisStoecker/status/1654118554571280384,tweet_id:1654118554571280384
Immo Landwerth,@terrajobst,2023-05-03T16:07:58.000Z,False,Forget standups. The future is plankups.,7,50,236,1.6万,[],[],[],https://pbs.twimg.com/profile_images/1648031277990445056/zLkJsvkl_normal.jpg,https://twitter.com/terrajobst/status/1653793530874335232,tweet_id:1653793530874335232
The Hacker News,@TheHackersNews,2023-05-02T05:45:34.000Z,True,"Heads up, everyone!

CISA has issued an advisory warning of active exploitation of three known vulnerabilities, including CVE-2023-1389 (TP-Link Archer AX-21), CVE-2021-45046 (Apache Log4j2) and CVE-2023-21839 (Oracle WebLogic).

Details: https://thehackernews.com/2023/05/active-exploitation-of-tp-link-apache.html…#cybersecurity",3,76,124,3.7万,['#cybersecurity'],[],[],https://pbs.twimg.com/profile_images/1597647879811657728/FLgHrLHy_normal.jpg,https://twitter.com/TheHackersNews/status/1653274513298079744,tweet_id:1653274513298079744
Josh Duffney,@joshduffney,2023-04-26T15:13:53.000Z,True,"Turns out I'll be speaking at  Build next month!

I'll be presenting a session titled Securing container deployments on Azure Kubernetes Service with open-source tools.https://aka.ms/MSBuildPresenter… #MSBuild! ",10,23,142,2.2万,['#MSBuild'],[],['\\u2728'],https://pbs.twimg.com/profile_images/1687532058682261515/N940CCnW_normal.jpg,https://twitter.com/joshduffney/status/1651243207538143232,tweet_id:1651243207538143232
LaneSystems Ltd,@LaneSystems,2023-04-25T15:04:19.000Z,True,That #3CX #supplychainattack keeps getting worse: More victims foundhttps://theregister.com/2023/04/24/in_brief_security/…#Symantec says 2 critical infrastructure orgs in energy sector + 2 #fintech orgs amongst #X_Trader victims.#CyberSecurity #InfoSec #XTrader #Trojan #Malware #CyberCrime,0,4,3,64,"['#3CX', '#supplychainattack', '#Symantec', '#fintech', '#X_Trader', '#CyberSecurity', '#InfoSec', '#XTrader', '#Trojan', '#Malware', '#CyberCrime']",[],[],https://pbs.twimg.com/profile_images/1496426484038316037/WC5DxQ2V_normal.jpg,https://twitter.com/LaneSystems/status/1650878411169046533,tweet_id:1650878411169046533
.NET,@dotnet,2023-04-20T13:30:01.000Z,True,"We’ve got three new features for C# 12:  Primary constructors for non-record classes and structs  Using aliases for any type  Default values for lambda expression parameters
Check 'em out. https://msft.it/6010gJzOY",3,34,119,1.6万,[],[],"['1\\ufe0f\\u20e3', '2\\ufe0f\\u20e3', '3\\ufe0f\\u20e3']",https://pbs.twimg.com/profile_images/1677092698791235584/Y1wFtWvG_normal.jpg,https://twitter.com/dotnet/status/1649042738153652224,tweet_id:1649042738153652224
brendandburns,@brendandburns,2023-04-19T16:23:29.000Z,False,With Istio coming to the CNCF last year we're pleased to be able to add it as a supported part of the Azure Kubernetes Service!,0,8,10,916,[],[],[],https://pbs.twimg.com/profile_images/479471261949509632/YnmlTcNl_normal.jpeg,https://twitter.com/brendandburns/status/1648724005199966209,tweet_id:1648724005199966209
.NET,@dotnet,2023-04-13T18:21:01.000Z,True,".NET 8 Preview 3 is now available and includes great new improvements to #ASPNETCore. support for native AOT Server-side rendering with Blazor Sections support in Blazor Monitor Blazor Server circuit activity Short circuit routes
Learn more. https://msft.it/6010gymn6",0,41,133,4.4万,['#ASPNETCore'],[],"['\\U0001f449', '\\U0001f449', '\\U0001f449', '\\U0001f449', '\\U0001f449']",https://pbs.twimg.com/profile_images/1677092698791235584/Y1wFtWvG_normal.jpg,https://twitter.com/dotnet/status/1646579255323643904,tweet_id:1646579255323643904
James Newton-King ♔,@JamesNK,2023-04-03T23:23:17.000Z,False,"Blog post: http://ASP.NET Core route tooling in .NET 8 https://devblogs.microsoft.com/dotnet/aspnet-core-route-tooling-dotnet-8/… Route syntax highlighting Autocomplete of parameter and route names Autocomplete of route constraints Route analyzers and fixers Supports Minimal APIs, Web APIs, and Blazor",3,54,177,3.6万,[],[],"['\\U0001f3a8', '\\U0001f3f7\\ufe0f', '\\U0001f517', '\\u26a1\\ufe0f', '\\U0001f680']",https://pbs.twimg.com/profile_images/1112499001935290368/OV-IHWvz_normal.jpg,https://twitter.com/JamesNK/status/1643031447966724096,tweet_id:1643031447966724096
Fridays for Future Germany,@FridayForFuture,2023-03-28T18:47:23.000Z,False,"EIL: Christian Lindner kündigt als Ergebnis vom #Koalitionsausschuss an, dass die #Ampel Sektorziele & jährliche Schritte im Klimaschutzgesetz streicht. Die Reaktion auf einen Verkehrsminister, der seine Klimaziele verfehlt, ist also, die Ziele abzuschaffen?

Was zur Hölle? ",332,943,"5,867",27万,"['#Koalitionsausschuss', '#Ampel']",[],['\\U0001f92f'],https://pbs.twimg.com/profile_images/1667134564634882048/HnV8p_zy_normal.jpg,https://twitter.com/FridayForFuture/status/1640787687438163986,tweet_id:1640787687438163986
"Andrew Lock ""Sock""",@andrewlocknet,2023-03-28T16:38:01.000Z,False,"Blogged: Understanding the .NET ecosystem: The introduction of .NET Standard https://buff.ly/3TPZmpf 

In a follow on to my previous post, I discuss the role of .NET Standard, why it was created, and when to use it #dotnet #dotnetcore #aspnetcore",0,28,129,1.9万,"['#dotnet', '#dotnetcore', '#aspnetcore']",[],[],https://pbs.twimg.com/profile_images/1031294903425396736/NykEnHa8_normal.jpg,https://twitter.com/andrewlocknet/status/1640755128977301505,tweet_id:1640755128977301505
David Fowler,@davidfowl,2023-03-23T19:57:13.000Z,True,Update on our auth plans in http://ASP.NET Core https://github.com/dotnet/aspnetcore/issues/42158#issuecomment-1481742187… #dotnet #aspnetcore,11,51,234,5.5万,"['#dotnet', '#aspnetcore']",[],[],https://pbs.twimg.com/profile_images/1599643600190836736/mWj6ARAN_normal.jpg,https://twitter.com/davidfowl/status/1638993321036242945,tweet_id:1638993321036242945
Hassan Habib,@HassanRezkHabib,2023-03-22T06:23:20.000Z,True,"Just released: http://OpenAI.NET v 0.1
This brand new library offers a simple and easy way to integrate your .NET solutions with #OpenAI and #ChatGPT.

This library is special because it was fully built over livestreams with The Standard Community https://nuget.org/packages/Standard.AI.OpenAI……",3,32,110,"9,729","['#OpenAI', '#ChatGPT']",[],[],https://pbs.twimg.com/profile_images/1682972970850095104/OZU0VrBa_normal.jpg,https://twitter.com/HassanRezkHabib/status/1638426111985209344,tweet_id:1638426111985209344
.NET,@dotnet,2023-03-20T19:17:01.000Z,True,"The newly release #dotNET 8 Preview 2 has tons of great stuff for #ASPNETCore, including:Blazor QuickGrid componentNew analyzer to detect multiple FromBody attributesNew APIs in ProblemDetailsNew IResettable interface in ObjectPool
...and more. https://msft.it/601052bKG",0,29,106,1.5万,"['#dotNET', '#ASPNETCore']",[],"['\\U0001f525', '\\u2795', '\\u2714\\ufe0f', '\\u27a1\\ufe0f']",https://pbs.twimg.com/profile_images/1677092698791235584/Y1wFtWvG_normal.jpg,https://twitter.com/dotnet/status/1637896040316633088,tweet_id:1637896040316633088
Egor Bogatov,@EgorBo,2023-03-17T19:55:29.000Z,False,stackalloc is now faster in .NET 8 https://github.com/dotnet/runtime/pull/83255…,6,29,150,1.6万,[],[],['\\U0001f609'],https://pbs.twimg.com/profile_images/775451825894023169/PBkN6NKz_normal.jpg,https://twitter.com/EgorBo/status/1636818556657516563,tweet_id:1636818556657516563
Daniel Roth,@danroth27,2023-03-16T04:01:30.000Z,False,You might be hitting a known issue with a recent Chrome release. The issue is being tracked on the Blazor & .NET side by https://github.com/dotnet/runtime/issues/83452…. Chrome is rolling out a fix and we have a fix on our end as well that we're pushing out.,1,4,4,817,[],[],[],https://pbs.twimg.com/profile_images/1633325984652075008/uLjapNdb_normal.jpg,https://twitter.com/danroth27/status/1636216092682256384,tweet_id:1636216092682256384
"Andrew Lock ""Sock""",@andrewlocknet,2023-03-16T13:40:12.000Z,False,"It's a bit old (there's better hooks for it now, Ihostedservice etc) but",0,3,5,913,[],[],[],https://pbs.twimg.com/profile_images/1031294903425396736/NykEnHa8_normal.jpg,https://twitter.com/andrewlocknet/status/1636361725816758272,tweet_id:1636361725816758272
David Pine (@davidpine@dotnet.social),David Pine (@davidpine@dotnet.social),2023-03-16T15:26:58.000Z,False," Hey C# developers, do you think you understand ""async and await""? I highly recommend this new article from : How async/await really works in C#.  #csharp",11,146,581,4.4万,['#csharp'],"['@stephentoub', '@dotnet']",['\\U0001f913'],https://pbs.twimg.com/profile_images/1676760599252828163/1bOQmbmI_normal.jpg,https://twitter.com/davidpine7/status/1636388597766176774,tweet_id:1636388597766176774
ErikEJ,@ErikEJ,2023-03-14T17:52:49.000Z,True,dotNET blog: http://ASP.NET Core updates in .NET 8 Preview 2,1,14,44,"4,188",[],[],[],https://pbs.twimg.com/profile_images/970614231795089410/o8yV305O_normal.jpg,https://twitter.com/ErikEJ/status/1635700525927628818,tweet_id:1635700525927628818
I.E.N.,@BreakingIEN,2023-03-09T21:37:59.000Z,False,#BREAKING: German authorities issue emergency alert following mass shooting inside church in Alsterdorf area of Hamburg; residents and members of public urged to stay inside,1,6,9,"6,851",['#BREAKING'],[],[],https://pbs.twimg.com/profile_images/1718734839195557889/Za6j3Erw_normal.jpg,https://twitter.com/BreakingIEN/status/1633945249507680257,tweet_id:1633945249507680257
Dave Callan | dotnet,@Dave_DotNet,2023-02-27T20:45:00.000Z,True,".NET 8 FrozenDictionary benchmarks   ...

Time to create READ OPTIMIZED FrozenDictionarys is huge compared to alternatives BUT the trade off is faster reads. 

They are intended for long-lived state used repeatedly in the life of a service.  

A great addition to #dotnet  ...",7,32,148,2万,['#dotnet'],[],"['\\U0001f447\\U0001f3fb', '\\u2764']",https://pbs.twimg.com/profile_images/1538166477743919105/duZ2oBrg_normal.jpg,https://twitter.com/Dave_DotNet/status/1630308036567810048,tweet_id:1630308036567810048
Anja Reschke,@AnjaReschke1,2023-02-22T06:40:02.000Z,False,Der Account von  wurde von Twitter gesperrt. Nachdem das Magazin über #putin und verschleppte Kinder aus der Ukraine berichtet hat.,"1,654","3,417",1.2万,148万,['#putin'],['@ZDFfrontal'],[],https://pbs.twimg.com/profile_images/855360089347239937/34KsSdab_normal.jpg,https://twitter.com/AnjaReschke1/status/1628283454725976064,tweet_id:1628283454725976064
Tim,@timheuer,2023-02-21T19:32:18.000Z,False, Tools release day for  and   .NET 8 Preview 1 - https://devblogs.microsoft.com/dotnet/announcing-dotnet-8-preview-1/… http://ASP.NET 8 Preview 1 - https://devblogs.microsoft.com/dotnet/asp-net-core-updates-in-dotnet-8-preview-1/… Visual Studio - https://devblogs.microsoft.com/visualstudio/visual-studio-2022-17-5-released/…EF - https://devblogs.microsoft.com/dotnet/announcing-ef8-preview-1/…,2,50,137,1.7万,[],"['@dotnet', '@VisualStudio']","['\\U0001f6a8', '\\U0001f916', '\\U0001f30d', '\\U0001f9f0', '\\U0001f984']",https://pbs.twimg.com/profile_images/657791745107738624/pNLjrERE_normal.jpg,https://twitter.com/timheuer/status/1628115416085303297,tweet_id:1628115416085303297
.NET,@dotnet,2023-02-21T22:00:01.000Z,True," Announcing .NET 8 Preview 1  

... including big improvements to products, libraries, runtime, and tooling. , we plan on making broad investments in #ASPNET Core, Blazor, #EFCore, WinForms, WPF, and other platforms. You can learn more here: https://msft.it/60155wmaN",11,201,510,8.5万,"['#ASPNET', '#EFCore']",[],"['\\u203c\\ufe0f', '\\u203c\\ufe0f', '\\u2795']",https://pbs.twimg.com/profile_images/1677092698791235584/Y1wFtWvG_normal.jpg,https://twitter.com/dotnet/status/1628152590234951680,tweet_id:1628152590234951680
Miha Zupan,@_MihaZupan,2023-02-05T15:38:00.000Z,False,And this is why you should stay on the latest version of #dotnet,1,13,98,3.2万,['#dotnet'],[],[],https://pbs.twimg.com/profile_images/1132320584564641793/fEWHc2lV_normal.png,https://twitter.com/_MihaZupan/status/1622258243471826946,tweet_id:1622258243471826946
Scott Hanselman,@shanselman,2023-02-04T01:08:26.000Z,True,We're living in an open source security landscape where my light bulbs could have a log4j vulnerability.,27,53,584,7.4万,[],[],[],https://pbs.twimg.com/profile_images/1599225756009508865/IWOcD4Yq_normal.jpg,https://twitter.com/shanselman/status/1621677024325804032,tweet_id:1621677024325804032
Kevin Gosse,@KooKiz,2020-05-12T15:29:45.000Z,False,"I recently compiled a list of best practices in C# for Criteo, so I thought it would be interesting to share it publicly: https://medium.com/@kevingosse/performance-best-practices-in-c-b85a47bdd93a… 
This list is backed by experience: *all* of those items have been spotted at some point in our code and have caused production issues",13,151,441,0,[],['https://medium.com/@kevingosse/performance-best-practices-in-c-b85a47bdd93a…'],[],https://pbs.twimg.com/profile_images/1741837507984068609/z6jUj9yJ_normal.jpg,https://twitter.com/KooKiz/status/1260230691222106113,tweet_id:1260230691222106113
Jan Zieschang,@splushi,2022-12-22T07:02:13.000Z,False,Im #ICE unterwegs nach Berlin und kurz nach HH technisches Problem. Zuverlässigkeit ist anders. Aber Förderung des Individualverkehrs ist wichtiger. #eauto #Autobahn ...,0,0,1,22,"['#ICE', '#eauto', '#Autobahn']",[],[],https://pbs.twimg.com/profile_images/980346126288216064/9uvqYjCP_normal.jpg,https://twitter.com/splushi/status/1605820989740400640,tweet_id:1605820989740400640
.NET,@dotnet,2022-12-17T17:00:02.000Z,True,"gRPC is a high-performance RPC framework used by developers around the world to build fast apps.

In this #dotNETConf session replay, we learn about what’s new in gRPC for .NET 7, including in performance, JSON transcoding, and Azure App Services.  https://msft.it/6018e3U3Y",0,24,68,1.2万,['#dotNETConf'],[],['\\U0001f3a5'],https://pbs.twimg.com/profile_images/1677092698791235584/Y1wFtWvG_normal.jpg,https://twitter.com/dotnet/status/1604159495638228994,tweet_id:1604159495638228994
Yahoo News,@YahooNews,2022-12-16T01:59:46.000Z,True,"Twitter suspended a number of prominent journalists on the platform without warning or explanation. The situation followed the company's decision to suspend the Twitter account belonging to Mastodon, an open source social media alternative.",20,38,52,1.8万,[],[],[],https://pbs.twimg.com/profile_images/1176155649547350017/PgDayX_-_normal.jpg,https://twitter.com/YahooNews/status/1603570548361101314,tweet_id:1603570548361101314
The Verge,@verge,2022-12-16T01:17:17.000Z,True,Breaking: Elon Musk has started banning critical journalists from Twitter https://theverge.com/2022/12/15/23512004/elon-musk-starts-banning-critical-journalists-from-twitter?utm_campaign=theverge&utm_content=chorus&utm_medium=social&utm_source=twitter…,294,950,"2,582",66万,[],[],[],https://pbs.twimg.com/profile_images/1569656103528448000/d0BzVIPL_normal.jpg,https://twitter.com/verge/status/1603559857180889089,tweet_id:1603559857180889089
The Hacker News,@TheHackersNews,2022-12-15T09:03:56.000Z,True,"Open source repositories under attack: hackers flood NuGet, NPM, and PyPi with over 144,000 malicious packages

Details: https://thehackernews.com/2022/12/hackers-bombard-open-source.html…#cybersecurity #hacking #malware #programming #developer #codinglife",0,54,64,0,"['#cybersecurity', '#hacking', '#malware', '#programming', '#developer', '#codinglife']",[],[],https://pbs.twimg.com/profile_images/1597647879811657728/FLgHrLHy_normal.jpg,https://twitter.com/TheHackersNews/status/1603314907927019520,tweet_id:1603314907927019520
The Hacker News,@TheHackersNews,2022-12-10T06:30:35.000Z,True,"Researchers describe a new attack method that can bypass web application firewalls (WAFs) and infiltrate systems.

Read: https://thehackernews.com/2022/12/researchers-detail-new-attack-method-to.html…The method worked successfully against WAFs from vendors such as AWS, Cloudflare, F5, Imperva, and Palo Alto Networks.",3,68,106,0,[],[],[],https://pbs.twimg.com/profile_images/1597647879811657728/FLgHrLHy_normal.jpg,https://twitter.com/TheHackersNews/status/1601464375730065408,tweet_id:1601464375730065408
Visual Studio Code,@code,2022-12-07T19:52:13.000Z,True," Welcome to  November update. Highlights from last release for 2022: Remote Tunnels to develop anywhere Undo/redo in merge editor Debug “Just My Code” in Jupyter Handle unsafe Git repos

Release notes: https://code.visualstudio.com/updates/v1_74Download:",25,118,390,0,[],['@code'],"['\\U0001f4ef', '\\U0001f310', '\\U0001f501', '\\u23ef\\ufe0f', '\\U0001f6a8']",https://pbs.twimg.com/profile_images/1545098208556097536/rKXaODLl_normal.jpg,https://twitter.com/code/status/1600578950798790656,tweet_id:1600578950798790656
"Andrew Lock ""Sock""",@andrewlocknet,2022-12-06T17:38:00.000Z,False,Blogged: 5 new MVC features in .NET 7 https://buff.ly/3FuIUFl  #aspnetcore #dotnetcore #dotnet Though I couldn't get one of them to work ,1,20,81,0,"['#aspnetcore', '#dotnetcore', '#dotnet']",[],['\\U0001f926\\u200d\\u2642\\ufe0f'],https://pbs.twimg.com/profile_images/1031294903425396736/NykEnHa8_normal.jpg,https://twitter.com/andrewlocknet/status/1600182786144587785,tweet_id:1600182786144587785
Thomas Czypionka,@CzypionkaThomas,2022-11-26T07:26:56.000Z,True,"In Bezug auf Masken in öffentlichen Verkehrsmitteln hat es in letzter Zeit viele unrichtige Informationen gegeben. Ich versuche hier, dies ein wenig in die richtigen Bahnen zu lenken. Thread zu #Masken und #Maskenpflicht in #Öffis",227,591,"1,266",0,"['#Masken', '#Maskenpflicht', '#Öffis']",[],[],https://pbs.twimg.com/profile_images/1232425815951974400/Jf-17CQr_normal.jpg,https://twitter.com/CzypionkaThomas/status/1596405126130184193,tweet_id:1596405126130184193
ZDF heute-show,@heuteshow,2022-11-22T11:26:00.000Z,True,"#Rewe beendet wegen der „#OneLove”-Binde vorzeitig die Kooperation mit dem DFB.
Das muss dieses Payback-System sein.",125,355,"7,261",0,"['#Rewe', '#OneLove']",[],[],https://pbs.twimg.com/profile_images/1355266824439525381/faJDhkDx_normal.jpg,https://twitter.com/heuteshow/status/1595015736505802755,tweet_id:1595015736505802755
ZDF heute-show,@heuteshow,2022-11-22T10:37:51.000Z,True,"Der DFB behauptet, nicht genau gewusst zu haben, welche Sanktionen bei Tragen der „#OneLove”-Binde gedroht hätten. 
Die Sanktionen beim Nicht-Tragen stehen dafür schon fest: Spott und Häme.",86,133,"2,364",0,['#OneLove'],[],[],https://pbs.twimg.com/profile_images/1355266824439525381/faJDhkDx_normal.jpg,https://twitter.com/heuteshow/status/1595003621426487296,tweet_id:1595003621426487296
Jan Zieschang,@splushi,2022-11-16T08:10:52.000Z,False,"Ganz großartig, sogar mitten auf der Straße angestellt. #lime #hh interessiert auch keinen, so lange Radler behindert werden.",0,0,0,0,"['#lime', '#hh']",[],[],https://pbs.twimg.com/profile_images/980346126288216064/9uvqYjCP_normal.jpg,https://twitter.com/splushi/status/1592792305039478784,tweet_id:1592792305039478784
.NET Foundation,@dotnetfdn,2022-11-15T17:28:46.000Z,False,Did you miss .NET Conf 2022? Not a problem - all 3 days are available on demand. That's hours and hours of amazing #dotnet content to view!https://hubs.li/Q01slfK20 #dotNETConf,0,5,13,0,"['#dotnet', '#dotNETConf']",[],['\\U0001f4fd\\ufe0f'],https://pbs.twimg.com/profile_images/1278345286876663809/5sU4SW5c_normal.jpg,https://twitter.com/dotnetfdn/status/1592570314520657921,tweet_id:1592570314520657921
.NET,@dotnet,2022-11-10T00:25:02.000Z,True,"Live-streaming now: High-performance services with gRPC: What's new in .NET 7

In this #dotNETConf session,  discusses what’s new in gRPC for .NET 7, including with: Performance  RESTful services  gRPC apps on Azure App Services

Join: https://msft.it/6014die8u",1,13,36,0,['#dotNETConf'],['@JamesNK'],"['\\u2796', '\\u2796', '\\u2796']",https://pbs.twimg.com/profile_images/1677092698791235584/Y1wFtWvG_normal.jpg,https://twitter.com/dotnet/status/1590500743877955584,tweet_id:1590500743877955584
The Hacker News,@TheHackersNews,2022-11-09T12:45:00.000Z,True,"#Microsoft has released the November #PatchTuesday security update to fix 68 newly identified vulnerabilities, including 6 actively exploited zero-days.

Read: https://thehackernews.com/2022/11/install-latest-windows-update-asap.html…#infosec #technews #cybersecurity #hacking #technology",0,28,47,0,"['#Microsoft', '#PatchTuesday', '#infosec', '#technews', '#cybersecurity', '#hacking', '#technology']",[],[],https://pbs.twimg.com/profile_images/1597647879811657728/FLgHrLHy_normal.jpg,https://twitter.com/TheHackersNews/status/1590324575425814528,tweet_id:1590324575425814528
Tim,@timheuer,2022-11-08T16:24:05.000Z,False,Release Day! .NET 7 https://devblogs.microsoft.com/dotnet/announcing-dotnet-7/… http://ASP.NET  https://devblogs.microsoft.com/dotnet/announcing-asp-net-core-in-dotnet-7/… MAUI https://devblogs.microsoft.com/dotnet/dotnet-maui-dotnet-7/… EF7 https://devblogs.microsoft.com/dotnet/announcing-ef7/…C# https://devblogs.microsoft.com/dotnet/welcome-to-csharp-11/…F# https://devblogs.microsoft.com/dotnet/announcing-fsharp-7/…,10,79,221,0,[],[],"['\\U0001f6a8', '\\U0001f6a8', '\\U0001f916', '\\U0001f310', '\\U0001f3dd\\ufe0f', '\\U0001f4c8']",https://pbs.twimg.com/profile_images/657791745107738624/pNLjrERE_normal.jpg,https://twitter.com/timheuer/status/1590017320801693696,tweet_id:1590017320801693696
Jan Zieschang,@splushi,2022-11-09T05:23:27.000Z,False,Warum dürfen #Roller überall stehen und wo helfen sie wirklich bei der Mobilitätswende? #Tier #hh,1,0,1,0,"['#Roller', '#Tier', '#hh']",[],[],https://pbs.twimg.com/profile_images/980346126288216064/9uvqYjCP_normal.jpg,https://twitter.com/splushi/status/1590213456179105792,tweet_id:1590213456179105792
David Fowler,@davidfowl,2022-11-01T20:35:40.000Z,True,Performance improvements in http://ASP.NET Core 7https://devblogs.microsoft.com/dotnet/performance-improvements-in-aspnet-core-7/… #dotnet #aspnetcore,8,91,337,0,"['#dotnet', '#aspnetcore']",[],[],https://pbs.twimg.com/profile_images/1599643600190836736/mWj6ARAN_normal.jpg,https://twitter.com/davidfowl/status/1587543919109472256,tweet_id:1587543919109472256
The Hacker News,@TheHackersNews,2022-10-28T10:41:16.000Z,True," #Google is rolling out an emergency update for the #Chrome browser to patch an actively exploited zero-day #vulnerability (CVE-2022-3723).

Read: https://thehackernews.com/2022/10/google-issues-urgent-chrome-update-to.html…#cybersecurity #technology #infosec #hacking",4,142,180,0,"['#Google', '#Chrome', '#vulnerability', '#cybersecurity', '#technology', '#infosec', '#hacking']",[],['\\u26a1'],https://pbs.twimg.com/profile_images/1597647879811657728/FLgHrLHy_normal.jpg,https://twitter.com/TheHackersNews/status/1585944782651592704,tweet_id:1585944782651592704
.NET,@dotnet,2022-10-25T12:10:01.000Z,True,"#dotNETConf session highlight: New features for building modern high-performance services.  discusses new middleware features like output caching, rate limiting, and exciting new protocols as support in #ASPNET Core 7.

Save the date: https://msft.it/6012dp6As",0,2,18,0,"['#dotNETConf', '#ASPNET']",['@SebastienRos'],[],https://pbs.twimg.com/profile_images/1677092698791235584/Y1wFtWvG_normal.jpg,https://twitter.com/dotnet/status/1584879955531399168,tweet_id:1584879955531399168
Jürgen Döschner,@jdoeschner,2022-10-17T18:34:08.000Z,False,Wo war eigentlich die #Richtlinienkompetenz des Kanzlers beim #Tempolimit...? Da hätte es wenigsten rationale Gründe für gegeben.#AKW #Scholz,1,86,500,0,"['#Richtlinienkompetenz', '#Tempolimit', '#AKW', '#Scholz']",[],[],https://pbs.twimg.com/profile_images/1741035501287559168/OQTwznjv_normal.jpg,https://twitter.com/jdoeschner/status/1582077518676258817,tweet_id:1582077518676258817
Stefan Holzheu,@HolzheuStefan,2022-10-17T19:22:11.000Z,False,"Funfact: Selbst wenn man annimmt, dass das #AKW #Emsland 100% Braunkohlestrom verdrängt (was nicht stimmt), liegt die CO2-Einsparung nur bei knapp 2 Mio t. Das entspricht ziemlich genau der Einsparung durch ein #Tempolimit auf 130km/h. ",134,117,523,0,"['#AKW', '#Emsland', '#Tempolimit']",[],['\\U0001f607'],https://pbs.twimg.com/profile_images/1444349275324960769/crlMOxaP_normal.jpg,https://twitter.com/HolzheuStefan/status/1582089612096176128,tweet_id:1582089612096176128
.NET,@dotnet,2022-10-10T13:10:01.000Z,True,"Announcing experimental support for the WebTransport over HTTP/3 protocol as part of #dotNET7 RC1.

...now offering new possibilities for real-time app devs to stream multiple kinds of data back and forth with the client.

Learn what that means for you:",2,38,100,0,['#dotNET7'],[],[],https://pbs.twimg.com/profile_images/1677092698791235584/Y1wFtWvG_normal.jpg,https://twitter.com/dotnet/status/1579459234592264192,tweet_id:1579459234592264192
Sarah Bosetti,@sarahbosetti,2022-10-07T13:19:24.000Z,False,"These zur Klimakrise:

Wir werden es nicht schaffen. Wir werden sehenden Auges in die Katastrophe hineinschlittern. Der Mensch ist zu bequem, zu leicht abzulenken, zu egoistisch, zu manipulierbar, zu hedonistisch, zu gut in Verdrängung, zu dumm.",731,870,"4,744",0,[],[],[],https://pbs.twimg.com/profile_images/1038419774936674304/KMNZBuCX_normal.jpg,https://twitter.com/sarahbosetti/status/1578374432321867776,tweet_id:1578374432321867776
David Fowler,@davidfowl,2022-09-28T17:52:23.000Z,True,"""Microsoft Teams’ Infrastructure and Azure Communication Services’ Journey to .NET 6""https://devblogs.microsoft.com/dotnet/microsoft-teams-infrastructure-and-azure-communication-services-journey-to-dotnet-6/…#msteams  #dotnet",11,48,207,0,"['#msteams', '#dotnet']",[],['\\u2764\\ufe0f'],https://pbs.twimg.com/profile_images/1599643600190836736/mWj6ARAN_normal.jpg,https://twitter.com/davidfowl/status/1575181640258973696,tweet_id:1575181640258973696
The Hacker News,@TheHackersNews,2022-09-14T04:44:34.000Z,True,"< September 2022, Patch Tuesday >#Microsoft issues security patches to fix 64 newly identified vulnerabilities across its #software lineup, including a 0-day #vulnerability that has been actively exploited in the real world.https://thehackernews.com/2022/09/microsofts-latest-security-update-fixes.html…#infosec #cybersecurity",4,122,174,0,"['#Microsoft', '#software', '#vulnerability', '#infosec', '#cybersecurity']",[],[],https://pbs.twimg.com/profile_images/1597647879811657728/FLgHrLHy_normal.jpg,https://twitter.com/TheHackersNews/status/1569909952558559234,tweet_id:1569909952558559234
Rita Zhang,@ritazzhang,2022-09-09T17:41:26.000Z,False,Keep your cluster secure by cleaning up stale and vulnerable images from your nodes! It started as a personal project of  Now it’s available for everyone! https://github.com/Azure/eraser We are really excited to have this feature in preview on AKS. Go check it out!,0,28,40,0,[],['@brendandburns'],['\\U0001f389'],https://pbs.twimg.com/profile_images/865704860469121028/L8_jYnLk_normal.jpg,https://twitter.com/ritazzhang/status/1568293517860159488,tweet_id:1568293517860159488
The Hacker News,@TheHackersNews,2022-08-25T04:48:10.000Z,True,"The PyPI repository has sounded the alarm about an ongoing #phishing campaign aimed at stealing developers' credentials and injecting malicious updates into legitimate #Python packages.

Read details: https://thehackernews.com/2022/08/pypi-repository-warns-python-project.html…#infosec #cybersecurity #hacking #devops #coding #tech",0,69,95,0,"['#phishing', '#Python', '#infosec', '#cybersecurity', '#hacking', '#devops', '#coding', '#tech']",[],[],https://pbs.twimg.com/profile_images/1597647879811657728/FLgHrLHy_normal.jpg,https://twitter.com/TheHackersNews/status/1562663098817085440,tweet_id:1562663098817085440
David Fowler,@davidfowl,2022-08-22T02:28:20.000Z,True,These were the performance improvements we saw on the techempower benchmarks on Windows https://github.com/dotnet/runtime/pull/64834#issuecomment-1030418098…,6,6,80,0,[],[],[],https://pbs.twimg.com/profile_images/1599643600190836736/mWj6ARAN_normal.jpg,https://twitter.com/davidfowl/status/1561540745248460802,tweet_id:1561540745248460802
.NET Foundation,@dotnetfdn,2022-08-17T13:37:59.000Z,False,ICYMI - Announcing .NET 7 Preview 7 https://hubs.li/Q01jJnjF0 by  #dotnet,0,13,29,0,['#dotnet'],['@JeremyLikness'],[],https://pbs.twimg.com/profile_images/1278345286876663809/5sU4SW5c_normal.jpg,https://twitter.com/dotnetfdn/status/1559897330861604865,tweet_id:1559897330861604865
James Newton-King ♔,@JamesNK,2022-08-17T23:13:48.000Z,True,gRPC support on Azure App Service is complete Check out the blog post on moving Azure App Service to YARP + Kestrel. It describes the huge scale and challenges involved.https://azure.github.io/AppService/2022/08/16/A-Heavy-Lift.html…,3,14,96,0,[],[],"['\\U0001f973', '\\U0001f382', '\\U0001f389']",https://pbs.twimg.com/profile_images/1112499001935290368/OV-IHWvz_normal.jpg,https://twitter.com/JamesNK/status/1560042238167552000,tweet_id:1560042238167552000
David Fowler,@davidfowl,2022-08-16T19:26:23.000Z,True,.NET 6 is now in Ubuntu 22.04 https://devblogs.microsoft.com/dotnet/dotnet-6-is-now-in-ubuntu-2204/…,1,2,26,0,[],[],[],https://pbs.twimg.com/profile_images/1599643600190836736/mWj6ARAN_normal.jpg,https://twitter.com/davidfowl/status/1559622618180751361,tweet_id:1559622618180751361
Azure Support,@AzureSupport,2022-08-10T21:53:52.000Z,True,What are the Top 10 best security practices recommended by #Azure? Read on to find out! https://docs.microsoft.com/en-us/azure/cloud-adoption-framework/secure/security-top-10…#AzSuppSecurity,1,15,23,0,"['#Azure', '#AzSuppSecurity']",[],[],https://pbs.twimg.com/profile_images/1092544910681489408/d73EPGla_normal.jpg,https://twitter.com/AzureSupport/status/1557485407922577409,tweet_id:1557485407922577409
Jan Zieschang,@splushi,2022-08-11T06:14:16.000Z,True, waiting for the update ,0,0,0,0,[],[],"['\\U0001f923', '\\U0001f634', '\\U0001f634', '\\U0001f634']",https://pbs.twimg.com/profile_images/980346126288216064/9uvqYjCP_normal.jpg,https://twitter.com/splushi/status/1557611338536468481,tweet_id:1557611338536468481
Michal Strehovský,@MStrehovsky,2022-08-10T03:26:29.000Z,True,"The best part of this? `PublishTrimmed` now actually means ""publish the whole app trimmed"". Here's size numbers for a sample app that uses ImageSharp to save a PNG file before and after Preview 7. The NativeAOT numbers are especially nice.",6,34,133,0,[],[],[],https://pbs.twimg.com/profile_images/1110148276412649472/EiiuyC-U_normal.png,https://twitter.com/MStrehovsky/status/1557206724700143617,tweet_id:1557206724700143617
Stephen Lacy,@stephenlacy,2022-08-03T05:14:02.000Z,False,"I am uncovering what seems to be a massive widespread malware attack on .

- Currently over 35k repositories are infected
- So far found in projects including: crypto, golang, python, js, bash, docker, k8s
- It is added to npm scripts, docker images and install docs",509,"9,115",1.9万,0,[],['@github'],[],https://pbs.twimg.com/profile_images/654446792717697024/dWFXD-tL_normal.jpg,https://twitter.com/stephenlacy/status/1554697077430505473,tweet_id:1554697077430505473
Visual Studio Debugger,@VS_Debugger,2022-07-14T20:40:19.000Z,False,"The IEnumerable Visualizer now has  Filtering  Theming with VS's Dark, Blue, and Light themes  CSV Support 
and of course, it is much more stable and reliable#vstip #vsdebuggertip#VS2022 17.3 Preview 3",1,31,127,0,"['#vstip', '#vsdebuggertip', '#VS2022']",[],"['\\u2666', '\\u2666', '\\u2666']",https://pbs.twimg.com/profile_images/1391817651962269699/NTJWKS98_normal.jpg,https://twitter.com/VS_Debugger/status/1547682424502362118,tweet_id:1547682424502362118
NuGet,@nuget,2022-07-12T15:26:16.000Z,False,"Imagine you're using the .NET CLI and want to know why a package is included in the dependency graph. What command would you gravitate towards?

Help our intern by answering below and contributing to our design! https://github.com/NuGet/Home/pull/11875…Something else? Comment below or on GitHub!",1,2,3,0,[],[],[],https://pbs.twimg.com/profile_images/888442960601202688/6I3oEOP4_normal.jpg,https://twitter.com/nuget/status/1546878617199804418,tweet_id:1546878617199804418
David Fowler,@davidfowl,2022-07-13T00:01:33.000Z,True,.NET 7 preview 6 is packed with new features! #dotnet #aspnetcore,7,45,119,0,"['#dotnet', '#aspnetcore']",[],[],https://pbs.twimg.com/profile_images/1599643600190836736/mWj6ARAN_normal.jpg,https://twitter.com/davidfowl/status/1547008294002102272,tweet_id:1547008294002102272
Jan Zieschang,@splushi,2022-07-10T10:59:36.000Z,False,Nutzung der Fahrradstellplätze bei der #Bahn #nahverkehr,0,0,0,0,"['#Bahn', '#nahverkehr']",[],[],https://pbs.twimg.com/profile_images/980346126288216064/9uvqYjCP_normal.jpg,https://twitter.com/splushi/status/1546086731786633218,tweet_id:1546086731786633218
.NET,@dotnet,2022-06-09T17:10:02.000Z,True,"WebAssembly is becoming a foundational element of modern cloud-native architecture.

In this #MSBuild session replay, we learn about the future of #dotNETCore and WASI and see how your existing .NET code could be built into WASI-compliant modules. https://msft.it/6018bZhU0",5,28,79,0,"['#MSBuild', '#dotNETCore']",[],['\\U0001f4fa'],https://pbs.twimg.com/profile_images/1677092698791235584/Y1wFtWvG_normal.jpg,https://twitter.com/dotnet/status/1534945929098321920,tweet_id:1534945929098321920
.NET,@dotnet,2022-06-08T17:15:51.000Z,True,Exchange Online Journey to .NET Core,1,19,53,0,[],[],[],https://pbs.twimg.com/profile_images/1677092698791235584/Y1wFtWvG_normal.jpg,https://twitter.com/dotnet/status/1534585005183184897,tweet_id:1534585005183184897
brendandburns,@brendandburns,2022-06-02T21:30:18.000Z,False,Microsoft Artifact Registry adds discoverability and support for search from mcr.microsoft.com and  hub! Awesome stuff!https://azure.microsoft.com/en-us/updates/general-availability-new-portal-experience-for-microsoft-artifact-registry/…,0,12,30,0,[],['@Docker'],[],https://pbs.twimg.com/profile_images/479471261949509632/YnmlTcNl_normal.jpeg,https://twitter.com/brendandburns/status/1532474716174241792,tweet_id:1532474716174241792
David Fowler,@davidfowl,2022-05-28T00:24:01.000Z,True,One of our interns is also adding WebTransport support to Kestrel. https://github.com/dotnet/aspnetcore/pull/41877… https://web.dev/webtransport/Hoping to be one of the first frameworks to support this!#dotnet #aspnetcore,7,19,118,0,"['#dotnet', '#aspnetcore']",[],[],https://pbs.twimg.com/profile_images/1599643600190836736/mWj6ARAN_normal.jpg,https://twitter.com/davidfowl/status/1530344105091354624,tweet_id:1530344105091354624
Brian Tyler Cohen,@briantylercohen,2022-05-25T23:28:10.000Z,True,"NEW: Ted Cruz, speaking on the Uvalde shooting, talks about ""what we need to do to harden schools, including not having unlocked back doors, including not having unlocked doors to classrooms.”

Yup, the issue here is doors. Not guns. Doors.","3,161","9,779",6.5万,0,[],[],[],https://pbs.twimg.com/profile_images/1240727809552572416/nRk4bHp0_normal.jpg,https://twitter.com/briantylercohen/status/1529605271932133376,tweet_id:1529605271932133376
David Fowler,@davidfowl,2022-05-23T16:36:07.000Z,True,"""We are pleased to announce that gRPC is now available and supported on Azure App Service for Linux workloads. This was made possible by recent platform upgrades to the HTTP reverse proxy layer to leverage YARP and Kestrel."" #dotnet #aspnetcore",6,50,275,0,"['#dotnet', '#aspnetcore']",[],[],https://pbs.twimg.com/profile_images/1599643600190836736/mWj6ARAN_normal.jpg,https://twitter.com/davidfowl/status/1528776801924698112,tweet_id:1528776801924698112
Microsoft Visual Studio,@VisualStudio,2022-05-11T23:00:02.000Z,True,"In case you missed the news, #VisualStudio2022 17.2 is available. It includes improvements to .NET and C#, plus: New Git performance and experiences New Azure tools for local development and deployment And more!

Read the news: https://msft.it/6018bJNS6 #VS2022",15,77,399,0,"['#VisualStudio2022', '#VS2022']",[],"['\\u2705', '\\u2705', '\\u2705']",https://pbs.twimg.com/profile_images/1278356990125719552/jNciLHjC_normal.jpg,https://twitter.com/VisualStudio/status/1524524761124155392,tweet_id:1524524761124155392
James Newton-King ♔,@JamesNK,2022-05-11T23:06:39.000Z,False,"Announcing gRPC JSON transcoding for .NET gRPC is fast REST is everywhere
JSON transcoding in  lets you rapidly build an API that supports gRPC and REST. Read on for more details...",13,117,432,0,[],['@aspnet'],"['\\U0001f680', '\\U0001f30f']",https://pbs.twimg.com/profile_images/1112499001935290368/OV-IHWvz_normal.jpg,https://twitter.com/JamesNK/status/1524526427466477568,tweet_id:1524526427466477568
.NET,@dotnet,2022-05-10T23:10:02.000Z,True,"#dotNET7 Preview 4 also has tons of great new improvements to #ASPNET Core.

There's so much that's new, you'll want to check it out today: https://msft.it/6016bJ1wM",2,64,191,0,"['#dotNET7', '#ASPNET']",[],[],https://pbs.twimg.com/profile_images/1677092698791235584/Y1wFtWvG_normal.jpg,https://twitter.com/dotnet/status/1524164891778727942,tweet_id:1524164891778727942
Visual Studio Debugger,@VS_Debugger,2022-05-02T16:50:03.000Z,False,Fresh blog on profiling: https://devblogs.microsoft.com/visualstudio/case-study-double-performance-in-under-30-minutes/… read how  used the  profiler to improve the performance of the profiler.,0,3,19,0,[],"['@Karpinsn', '@VisualStudio']",['\\U0001f4f0'],https://pbs.twimg.com/profile_images/1391817651962269699/NTJWKS98_normal.jpg,https://twitter.com/VS_Debugger/status/1521170162061246465,tweet_id:1521170162061246465
.NET,@dotnet,2022-04-29T20:40:01.000Z,True,"#gRPC is a high-performance remote procedure call framework for building and consuming remote services similar to calling local APIs.

Learn to build a gRPC and an OData services using gRPC auto-generated classes and to consume them from the client.  https://msft.it/6011wA7id",1,32,133,0,['#gRPC'],[],['\\U0001f4d6'],https://pbs.twimg.com/profile_images/1677092698791235584/Y1wFtWvG_normal.jpg,https://twitter.com/dotnet/status/1520140873559949314,tweet_id:1520140873559949314
.NET,@dotnet,2022-04-22T23:12:00.000Z,True,"With the first preview of #dotNET7, we outlined plans for WebAssembly functionality. 

This  article take us behind the curtain on the new features coming online for WebAssembly, Mixed-Mode AOT, Multi-Threading, Web Crypto, and more. Check it out:",1,19,46,0,['#dotNET7'],['@VSMDev'],[],https://pbs.twimg.com/profile_images/1677092698791235584/Y1wFtWvG_normal.jpg,https://twitter.com/dotnet/status/1517642405444472843,tweet_id:1517642405444472843
.NET,@dotnet,2022-04-13T20:33:01.000Z,True,".NET 7 Preview 3 is now available; and has enhancements to observability, codegen, and more. 

Grab it now so you can start experimenting with new features like:  Native AOT Default GC regions Faster #ASPNET Core startup times More: #dotNET7 https://msft.it/6015w0wFt",3,66,135,0,"['#ASPNET', '#dotNET7']",[],"['\\u27a1\\ufe0f', '\\u27a1\\ufe0f', '\\u27a1\\ufe0f', '\\U0001f4d6']",https://pbs.twimg.com/profile_images/1677092698791235584/Y1wFtWvG_normal.jpg,https://twitter.com/dotnet/status/1514340906899546113,tweet_id:1514340906899546113
James Newton-King ♔,@JamesNK,2022-04-12T01:12:00.000Z,False,"IMO a blog post based on docs is ok if the content is brand new.

A couple of times I've written posts for the .NET blog to discuss something that's new, and then later reused the content in documentation.

e.g.
Blog post: https://devblogs.microsoft.com/dotnet/grpc-vs-http-apis/…Docs: https://docs.microsoft.com/aspnet/core/grpc/comparison…",2,1,10,0,[],[],[],https://pbs.twimg.com/profile_images/1112499001935290368/OV-IHWvz_normal.jpg,https://twitter.com/JamesNK/status/1513686336896593923,tweet_id:1513686336896593923
.NET,@dotnet,2022-04-04T14:28:03.000Z,True,"How to we get data into and out of our Blazor applications?  

In this session,  shows us how to integrate WebAPI, OpenAPI, SignalR, and gRPC services with Blazor applications so we can work with our favorite databases.

Join in: https://msft.it/6019wU1uP",0,14,53,0,[],['@CSharpFritz'],[],https://pbs.twimg.com/profile_images/1677092698791235584/Y1wFtWvG_normal.jpg,https://twitter.com/dotnet/status/1510987568422207489,tweet_id:1510987568422207489
Cycling Professor ,@fietsprofessor,2022-04-02T12:37:11.000Z,False,"Our cities don't need driverless cars.
They desperately need more carless drivers!

( by )",2,203,822,0,[],['@amsterdamized'],['\\U0001f4f8'],https://pbs.twimg.com/profile_images/1185174183971557376/_9DHelpD_normal.jpg,https://twitter.com/fietsprofessor/status/1510234891790733313,tweet_id:1510234891790733313
Stephanie Krone,@FrauKrone,2022-03-27T18:02:17.000Z,False,Wir können autofreie Sonntage auch Freedom Days nennen. Wenn’s der  hilft.,41,409,"3,689",0,[],['@fdp'],[],https://pbs.twimg.com/profile_images/1698337718596517888/rE4o4Dh__normal.jpg,https://twitter.com/FrauKrone/status/1508142376228954122,tweet_id:1508142376228954122
GermanForeignOffice,@GermanyDiplo,2022-03-02T17:08:04.000Z,True,"Loud and clear: The world demands immediate ceasefire from Russia. Overwhelming approval in UN General Assembly 141 states vote for, 5 against #UnitingforPeace - Speech by FM   http://auswaertiges-amt.de/2514752",28,133,307,0,['#UnitingforPeace'],['@Baerbock'],[],https://pbs.twimg.com/profile_images/1648952631950229504/aQXQ4hjz_normal.jpg,https://twitter.com/GermanyDiplo/status/1499069036503646213,tweet_id:1499069036503646213
Laurent Bugnion @,Laurent Bugnion @,2022-02-27T15:14:40.000Z,False,"So ashamed to be Swiss right now. Our politicians are eunuchs. They sucked during covid, they suck now with Ukraine. They're just useless. The Swiss people is not that slimey but our government is. Disgusting.",4,4,12,0,[],[],[],https://pbs.twimg.com/profile_images/1595415606605467648/OlDSlcFk_normal.jpg,https://twitter.com/LBugnion/status/1497953336670121985,tweet_id:1497953336670121985
Bundeskanzler Olaf Scholz,@Bundeskanzler,2022-02-24T05:36:21.000Z,True,Der russische Angriff auf die Ukraine ist ein eklatanter Bruch des Völkerrechts. Er ist durch nichts zu rechtfertigen ist. Deutschland verurteilt diesen rücksichtslosen Akt von Präsident Putin aufs Schärfste. Unsere Solidarität gilt der Ukraine und ihren Menschen. (1/2),"2,013","2,952",2.4万,0,[],[],[],https://pbs.twimg.com/profile_images/1734113981088866304/fBVsT3Ap_normal.jpg,https://twitter.com/Bundeskanzler/status/1496720632993796096,tweet_id:1496720632993796096
The ASP.NET Team,@aspnet,2022-02-17T19:26:22.000Z,False,"#AspNetCore updates in .NET 7 Preview 1

Read what we've got planned for .NET 7 including:PerformanceHTTP/3Minimal APIsgRPC and SignalRRazorBlazorMVC",4,67,119,0,['#AspNetCore'],[],"['\\U0001f449', '\\U0001f680', '3\\ufe0f\\u20e3', '\\U0001f90f', '\\u2699\\ufe0f', '\\U0001fa92', '\\U0001f525', '\\U0001f578\\ufe0f', '\\u269c\\ufe0f']",https://pbs.twimg.com/profile_images/1390448160934305793/ohii8Hxq_normal.png,https://twitter.com/aspnet/status/1494392800598577152,tweet_id:1494392800598577152
Jeremy Likness,@jeremylikness,2022-02-17T18:36:46.000Z,False,"Happy 20th .NET! And now...

Announcing .NET 7 Preview 1.https://devblogs.microsoft.com/dotnet/announcing-net-7-preview-1/…#dotnet #dotnetlovesme",2,16,44,0,"['#dotnet', '#dotnetlovesme']",[],['\\U0001f382'],https://pbs.twimg.com/profile_images/1354930678408695811/ZHNdzIUM_normal.jpg,https://twitter.com/jeremylikness/status/1494380316428947469,tweet_id:1494380316428947469
.NET,@dotnet,2022-02-15T21:33:00.000Z,True,"Last week we released the #dotNET February 2022 Updates; including reliability and security improvements. See this blog post for all the info, links, and resources you need:",0,11,29,0,['#dotNET'],[],[],https://pbs.twimg.com/profile_images/1677092698791235584/Y1wFtWvG_normal.jpg,https://twitter.com/dotnet/status/1493699893457793037,tweet_id:1493699893457793037
Visual Studio Debugger,@VS_Debugger,2022-02-07T23:27:07.000Z,False,"You can now directly Decompile the External Sources to symbol files from Solution Explorer while your application is running.

Right-click desired module from the “Modules without sources” folder and select “Decompile Source to Symbol file.”#vsdebuggertip #vstip",2,35,107,0,"['#vsdebuggertip', '#vstip']",[],[],https://pbs.twimg.com/profile_images/1391817651962269699/NTJWKS98_normal.jpg,https://twitter.com/VS_Debugger/status/1490829507724406786,tweet_id:1490829507724406786
Jan Zieschang,@splushi,2022-02-09T08:38:53.000Z,False,Hey  our server eu-172 is not working anymore for hours. When are you going to  fix this? Already created tickets but no feedback. People not even able to shield.,0,0,0,0,[],['@StarTrekFleet'],[],https://pbs.twimg.com/profile_images/980346126288216064/9uvqYjCP_normal.jpg,https://twitter.com/splushi/status/1491330753506193411,tweet_id:1491330753506193411
.NET,@dotnet,2022-02-03T00:10:00.000Z,True,"Thanks to your feedback, we’re happy to announce the first preview of the #dotNET Community Toolkit 8 release is now live ...now with lots of new features and improvements; most notably: MVVM Toolkit source generators .NET 6 support
Check it out:",1,22,55,0,['#dotNET'],[],"['\\U0001f916', '\\U0001f680']",https://pbs.twimg.com/profile_images/1677092698791235584/Y1wFtWvG_normal.jpg,https://twitter.com/dotnet/status/1489028360818806784,tweet_id:1489028360818806784
.NET,@dotnet,2022-01-19T15:10:01.000Z,True,"When unexpected errors occur, capturing and analyzing memory dumps may be your last, best option.
In this #VisualStudio Tips and Tricks, we learn to: Capture a memory dump Debug unhandled exceptions and memory leaks Debug a deadlock https://msft.it/6014ZqoA2",0,9,43,0,['#VisualStudio'],[],"['1\\ufe0f\\u20e3', '2\\ufe0f\\u20e3', '3\\ufe0f\\u20e3', '\\U0001f440']",https://pbs.twimg.com/profile_images/1677092698791235584/Y1wFtWvG_normal.jpg,https://twitter.com/dotnet/status/1483819038224654336,tweet_id:1483819038224654336
Jan Zieschang,@splushi,2021-12-23T17:21:51.000Z,False,Erschreckend! In der Bahn in Berlin-Brandenburg unterwegs und die Leute habe es mit Masken noch nicht verstanden. Da wundert nichts mehr. Zur Kontrolle schnell die Maske rübergeworfen. #Bahn #Corona,0,0,0,0,"['#Bahn', '#Corona']",[],[],https://pbs.twimg.com/profile_images/980346126288216064/9uvqYjCP_normal.jpg,https://twitter.com/splushi/status/1474067743649714177,tweet_id:1474067743649714177
Jon Sequeira,@jonsequitur,2021-12-17T22:04:28.000Z,False,Building command line apps in #dotnet? Take a look at the latest improvements to System.CommandLine and let us know what you think.,4,35,141,0,['#dotnet'],[],[],https://pbs.twimg.com/profile_images/1503818610115956736/5iMAukf0_normal.png,https://twitter.com/jonsequitur/status/1471964537951719427,tweet_id:1471964537951719427
polizei_nrw_me,@polizei_nrw_me,2021-12-15T09:47:42.000Z,True,"Wir bedanken uns bei diesem Fahrradfahrer für die anschauliche Darstellung der Mindestabstände beim Überholen von Fahrradfahrerenden:

Innerorts: 1,50 Meter.
Außerorts: 2 Meter.

Für alle, die sich das nicht merken können: Bitte eine Tannenbaumlänge Abstand halten!#PolizeiME",79,"1,151","4,572",0,['#PolizeiME'],[],['\\U0001f46e'],https://pbs.twimg.com/profile_images/1494336860729999371/Awp2wsNv_normal.jpg,https://twitter.com/polizei_nrw_me/status/1471054348482490370,tweet_id:1471054348482490370
"Felix Zimmermann – Account ruht, bis Elon weg ist",@felixzimmermann,2021-12-08T13:43:18.000Z,False,Schön die Ernennungsurkunde auf den Gepäckträger geklemmt. #Özdemir einfach ein pragmatischer Typ,310,"1,534",2.5万,0,['#Özdemir'],[],[],https://pbs.twimg.com/profile_images/1424139403287580676/lBePsPv6_normal.jpg,https://twitter.com/felixzimmermann/status/1468576923336990722,tweet_id:1468576923336990722
Véronique Gantenberg,@verogantenberg,2021-12-08T21:20:57.000Z,False,"Andreas #Scheuer ist nicht mehr Bundesverkehrsminister und sein Nachfolger #Wissing sagt, dass er das Ministerium „nicht auf den Kopf stellen will, da hier bislang viel Gutes geleistet wurde“ - Das muss dieser Wind der Veränderung sein.",53,192,"2,219",0,"['#Scheuer', '#Wissing']",[],[],https://pbs.twimg.com/profile_images/1745911664560476160/mGrDWSKY_normal.jpg,https://twitter.com/verogantenberg/status/1468692095384834049,tweet_id:1468692095384834049
C. Storch,@Storch_i,2021-12-13T17:34:16.000Z,False,"""Fahrer eines Elektroautos können ab 2022 ihre nicht realisierten Treibhausgas-Emissionen verkaufen.""

Ich würde gerne meine nicht-realisierten CO2-Emissionen aus dem Betrieb meines Fahrrads verkaufen. https://app.handelsblatt.com/mobilitaet/elektromobilitaet/emissionshandel-so-koennen-elektroautofahrer-mit-ihrem-auto-geld-verdienen/27674940.html?ticket=ST-189995-ocADpUFwCnmEc2IU4tFa-cas01.example.org…",101,331,"2,769",0,[],[],[],https://pbs.twimg.com/profile_images/1688617826498547712/AstLcvov_normal.jpg,https://twitter.com/Storch_i/status/1470446991364792329,tweet_id:1470446991364792329
Sarah Bosetti,@sarahbosetti,2021-11-10T08:43:38.000Z,False,"Wenn du derart mächtig bist
Die Kränkung dir nichts Böses kann
Dann, ob nun Pimmel oder nicht
Kommt's halt auf die Größe an

Ich habe im WDR über #Pimmelgate und Hass im Netz gesprochen.https://youtube.com/watch?v=lVSi1yzmXgY…",22,62,479,0,['#Pimmelgate'],[],[],https://pbs.twimg.com/profile_images/1038419774936674304/KMNZBuCX_normal.jpg,https://twitter.com/sarahbosetti/status/1458354651322011649,tweet_id:1458354651322011649
Microsoft Threat Intelligence,@MsftSecIntel,2021-12-12T05:38:05.000Z,True,"Microsoft is tracking threats taking advantage of the CVE-2021-44228 remote code execution (RCE) vulnerability in Apache Log4j 2 (""Log4Shell""). Get technical info and guidance for preventing, detecting, and hunting for related attacks:",9,482,817,0,[],[],[],https://pbs.twimg.com/profile_images/1268200269277351936/a2naHzbe_normal.png,https://twitter.com/MsftSecIntel/status/1469904367281229824,tweet_id:1469904367281229824
Clemens Vasters,@clemensv,2021-12-13T07:41:05.000Z,False,Liste von Produkten mit aktuellen Warnungen bezüglich der Lücke: https://gist.github.com/SwitHak/b66db3a06c2955a9cb71a8718970c592…,1,3,6,0,[],[],[],https://pbs.twimg.com/profile_images/1651898453549539330/jY5tEnoQ_normal.jpg,https://twitter.com/clemensv/status/1470297709072506882,tweet_id:1470297709072506882
Sarah Bosetti,@sarahbosetti,2021-12-06T09:42:35.000Z,False,"Wenn ihr euch über etwas aufregen wollt, fragt euch zumindest kurz, ob ihr das schafft, ohne die Ursprungsaussage zu verfälschen.

Alles, was ich zum Thema #Blinddarm zu sagen habe:",522,654,"2,543",0,['#Blinddarm'],[],[],https://pbs.twimg.com/profile_images/1038419774936674304/KMNZBuCX_normal.jpg,https://twitter.com/sarahbosetti/status/1467791569587687430,tweet_id:1467791569587687430
Sarah Bosetti,@sarahbosetti,2021-12-03T17:57:49.000Z,False,"Wäre die Spaltung der Gesellschaft wirklich etwas so Schlimmes? Sie würde ja nicht in der Mitte auseinanderbrechen, sondern ziemlich weit rechts unten. Und so ein Blinddarm ist ja nicht im strengeren Sinne essentiell für das Überleben des Gesamtkomplexes.","3,310","2,191","9,629",0,[],[],[],https://pbs.twimg.com/profile_images/1038419774936674304/KMNZBuCX_normal.jpg,https://twitter.com/sarahbosetti/status/1466829037645582341,tweet_id:1466829037645582341
wenig Worte,@wenig_worte,2021-11-26T21:20:50.000Z,False,"Nur damit man es nicht vergisst in dem ganze Irrsinn:

Unser künftiger Justizminister vor grade mal 4 Wochen mittem im Verfassen vom neuen #Infektionsschutzgesetz.

""Es droht unserer festen Überzeugung nach keine systemische Überlastung des öffentlichen Gesundheitssystems mehr.""",13,79,202,0,['#Infektionsschutzgesetz'],[],[],https://pbs.twimg.com/profile_images/444956827336183808/igNT-cHH_normal.jpeg,https://twitter.com/wenig_worte/status/1464343412820348939,tweet_id:1464343412820348939
.NET,@dotnet,2021-11-23T00:21:01.000Z,True,"Azure Active Directory’s gateway was upgraded to run on #dotNET6. ...which included a migration from IIS to HTTP.sys server enabling dynamic PGO
See what that means for those of you working with Azure AD services:",1,30,97,0,['#dotNET6'],[],"['\\u2796', '\\u2796']",https://pbs.twimg.com/profile_images/1677092698791235584/Y1wFtWvG_normal.jpg,https://twitter.com/dotnet/status/1462939204560773126,tweet_id:1462939204560773126
Sarah Bosetti,@sarahbosetti,2021-11-19T17:54:27.000Z,False,"Wenn ihr unter jedem Video, das eine sachliche Diskussion anstoßen will, ein rassistisches, sexistisches oder verschwörungsmythologisches Fake-News-Bullshit-Bingo-Paradies erschafft, dann habt und seid ihr das Problem.

Über  und die Impfpflicht:",138,517,"3,252",0,[],['@maithi_nk'],[],https://pbs.twimg.com/profile_images/1038419774936674304/KMNZBuCX_normal.jpg,https://twitter.com/sarahbosetti/status/1461754757928914947,tweet_id:1461754757928914947
ZDF heute-show,@heuteshow,2021-11-19T22:03:51.000Z,True,"Allein in Bayern steigt die Zahl der Intensivpatienten jede Woche um 30 Prozent. 
Die #heuteshow ist online: https://kurz.zdf.de/hs2129tw/",32,147,"1,439",0,['#heuteshow'],[],[],https://pbs.twimg.com/profile_images/1355266824439525381/faJDhkDx_normal.jpg,https://twitter.com/heuteshow/status/1461817523029127181,tweet_id:1461817523029127181
Nico Semsrott,@nicosemsrott,2021-11-14T09:49:00.000Z,False,"Die UN-Klimakonferenz #COP26 konnte sich auf Ziele einigen, z.B.: Die Malediven sollen untergehen!

Als “Endverbraucher” habe ich Fragen an den Markt:

Was heißt das jetzt für die Flugpreise auf die Malediven? Werden sie parallel zum Meeresspiegel steigen?",47,194,"2,303",0,['#COP26'],[],[],https://pbs.twimg.com/profile_images/1770529553032622080/CbVGm-wt_normal.jpg,https://twitter.com/nicosemsrott/status/1459820651498332165,tweet_id:1459820651498332165
David Fowler,@davidfowl,2021-11-12T15:21:32.000Z,True,"Diagnostics is a huge part of our production/microservice/cloud native story and dotnet monitor is now GA.

Introducing .NET monitor https://devblogs.microsoft.com/dotnet/announcing-dotnet-monitor-in-net-6/… by  #dotnet #Microservices",10,111,487,0,"['#dotnet', '#Microservices']",['@sshirhatti'],[],https://pbs.twimg.com/profile_images/1599643600190836736/mWj6ARAN_normal.jpg,https://twitter.com/davidfowl/status/1459179561136971783,tweet_id:1459179561136971783
Microsoft Azure,@Azure,2021-11-12T19:00:05.000Z,True,Discover best practices for modernizing your apps and data with Azure in this free virtual event featuring  and . View on demand: https://msft.it/6014kkEeO #Azure,0,8,29,0,['#Azure'],"['@AshmiChokshi', '@jeffhollan']",[],https://pbs.twimg.com/profile_images/1268207800313774080/KF9pXfXU_normal.jpg,https://twitter.com/Azure/status/1459234564023500818,tweet_id:1459234564023500818
ZDF heute-show,@heuteshow,2021-11-11T11:39:55.000Z,True,WOLLE MER SE REINWERFE?! #Karneval,109,"1,666",1.3万,0,['#Karneval'],[],[],https://pbs.twimg.com/profile_images/1355266824439525381/faJDhkDx_normal.jpg,https://twitter.com/heuteshow/status/1458761400722022404,tweet_id:1458761400722022404
.NET,@dotnet,2021-11-10T22:25:01.000Z,True,"Happening now @ #dotNETConf: Diagnostics and Observability of .NET Applications with .

Streaming live  https://msft.it/6013kuJ1H",0,3,14,0,['#dotNETConf'],['@sshirhatti'],['\\u27a1\\ufe0f'],https://pbs.twimg.com/profile_images/1677092698791235584/Y1wFtWvG_normal.jpg,https://twitter.com/dotnet/status/1458561360858603527,tweet_id:1458561360858603527
.NET,@dotnet,2021-11-10T22:55:01.000Z,True,"Happening now @ #dotNETConf: High-performance services with gRPC: What's new in .NET 6 with .

Streaming live  https://msft.it/6011kuJGS",3,9,33,0,['#dotNETConf'],['@JamesNK'],['\\u27a1\\ufe0f'],https://pbs.twimg.com/profile_images/1677092698791235584/Y1wFtWvG_normal.jpg,https://twitter.com/dotnet/status/1458568909955780608,tweet_id:1458568909955780608
The ASP.NET Team,@aspnet,2021-11-08T16:54:18.000Z,False,Announcing #AspNetCore in .NET 6!Hot reloadMinimal APIsAsync streamingBootstrap 5.1Lots of Blazor updatesWASM AOT build toolsAngular & React updatesLots more!,9,155,405,0,['#AspNetCore'],[],"['\\U0001f680', '\\U0001f501', '\\U0001f90f', '\\u23ec', '5\\ufe0f\\u20e3', '\\U0001f525', '\\u2692\\ufe0f', '\\U0001f4e6', '\\u2795']",https://pbs.twimg.com/profile_images/1390448160934305793/ohii8Hxq_normal.png,https://twitter.com/aspnet/status/1457753355674025985,tweet_id:1457753355674025985
James Montemagno,@JamesMontemagno,2021-11-08T16:28:35.000Z,False,.NET 6 is here! The Fastest .NET Yet! https://devblogs.microsoft.com/dotnet/announcing-net-6/…,6,92,468,0,[],[],[],https://pbs.twimg.com/profile_images/1622390901153693696/VwJrc4QB_normal.jpg,https://twitter.com/JamesMontemagno/status/1457746885108813829,tweet_id:1457746885108813829
Amanda Silver,@amandaksilver,2021-11-08T04:37:32.000Z,False,"Join us bright and early for the launch of Visual Studio 2022! We'll have a great kick-off highlighting the best new features followed by tons of deep dive sessions so you can become a power user in no time!

8:30am PST",4,124,302,0,[],[],[],https://pbs.twimg.com/profile_images/774373348763578368/Vwm0U-ef_normal.jpg,https://twitter.com/amandaksilver/status/1457567942724317186,tweet_id:1457567942724317186
Christian Drosten,@c_drosten,2021-11-05T07:10:57.000Z,False,„Eine Impfpflicht haben sie ebenso ausgeschlossen wie erneute Einschränkungen für Geimpfte. Nun bleibt die Wahl zwischen weiter steigenden Todeszahlen und Wortbruch.“,"1,216","3,599",1.6万,0,[],[],[],https://pbs.twimg.com/profile_images/1241293557526335488/JOHQAUt2_normal.jpg,https://twitter.com/c_drosten/status/1456519388316700677,tweet_id:1456519388316700677
Fahrradstadt Hamburg ?!?,@Earther87,2021-11-04T23:41:37.000Z,False,Ich bin fassungslos. 4 Fahrstreifen und die  stellt das Fahrzeug quer über Geh- und Radweg.  Hier ist übrigens T60.,43,85,485,0,[],"['@PolizeiHamburg', '@Poliauwei']",[],https://pbs.twimg.com/profile_images/1772680809113157632/4T6fEYr6_normal.jpg,https://twitter.com/Earther87/status/1456406309985730561,tweet_id:1456406309985730561
Clemens Vasters,@clemensv,2021-11-02T15:30:07.000Z,False,"Azure Service Bus Premium: Large Message Support Generally Available

Up to 100MByte message size for any message with any Service Bus feature.

>50MB/sec queue throughput, >110 MB/sec cumulative pubsub throughput on a topic with 8+ MU

 #azure #servicebus https://techcommunity.microsoft.com/t5/messaging-on-azure/azure-service-bus-premium-large-message-support-generally/ba-p/2900186…",2,12,22,0,"['#azure', '#servicebus']",[],[],https://pbs.twimg.com/profile_images/1651898453549539330/jY5tEnoQ_normal.jpg,https://twitter.com/clemensv/status/1455557843269177348,tweet_id:1455557843269177348
Kasun Indrasiri,@kasunindrasiri,2021-11-02T15:38:27.000Z,False,We are also announcing the general availability of the Azure Schema Registry in Azure Event Hubs -  a central repository for schema documents for event-driven and messaging-centric applications. https://techcommunity.microsoft.com/t5/messaging-on-azure/announcing-azure-schema-registry-in-azure-event-hubs-ga/ba-p/2911895… #amqp #kafka #avro #schemaregistry,0,17,36,0,"['#amqp', '#kafka', '#avro', '#schemaregistry']",[],[],https://pbs.twimg.com/profile_images/752378845487960064/ces0mXEF_normal.jpg,https://twitter.com/kasunindrasiri/status/1455559940496519178,tweet_id:1455559940496519178
Meet Shah,@MeetCoding,2021-11-01T03:56:08.000Z,False,"Same counter in React.js vs Blazor.

Someone on twitter recommended me to take a look at Blazor. I made a simple counter project in Blazor and it actually feels way easier than in React.",44,120,595,0,[],[],[],https://pbs.twimg.com/profile_images/1638035136389468161/F1NYB0sz_normal.jpg,https://twitter.com/MeetCoding/status/1455020808116396032,tweet_id:1455020808116396032
Güven Purtul,@GPurtul,2021-10-28T12:10:15.000Z,False,"Das Schild ließe sich auf der Hoheluftchaussee besser lesen, wenn es sachgerecht auf dem Parkplatz stünde. ",10,32,193,0,[],['@BA_Eims'],[],https://pbs.twimg.com/profile_images/1348330925101375490/1UrUnCDU_normal.jpg,https://twitter.com/GPurtul/status/1453695606979977224,tweet_id:1453695606979977224
ndepend,@ndepend,2021-10-26T06:21:31.000Z,False,5x Lessons Learned from Migrating a Large Legacy to .NET 5/6 https://blog.ndepend.com/5x-lessons-learned-from-migrating-a-large-legacy-to-net-5-6/… #netcore #net50 #net60 #dotnet #netstandard #migration,1,5,9,0,"['#netcore', '#net50', '#net60', '#dotnet', '#netstandard', '#migration']",[],[],https://pbs.twimg.com/profile_images/378800000025604954/2e7001e2bcb52e1d640f5b2f201019ba_normal.png,https://twitter.com/ndepend/status/1452883068335890434,tweet_id:1452883068335890434
.NET,@dotnet,2021-10-21T23:04:01.000Z,True,"Distributed tracing helps collect and correlate diagnostics for complex, multi-service apps.

Introducing experimental OpenTelemetry support in the Azure SDK for #dotNET. Learn more here : https://msft.it/6016XshhM",0,4,35,0,['#dotNET'],[],['\\u27a1\\ufe0f'],https://pbs.twimg.com/profile_images/1677092698791235584/Y1wFtWvG_normal.jpg,https://twitter.com/dotnet/status/1451323416712257544,tweet_id:1451323416712257544
.NET,@dotnet,2021-10-20T19:44:01.000Z,True,"#VS2022 releases November 8 - but you don't need to wait until then... Preview 5 is available now so you can explore its newest capabilities in time for the live, VS Launch / #dotNETConf event.

Get some good info here, https://msft.it/6010XvZ5G, and don't forget to save the date.",1,11,50,0,"['#VS2022', '#dotNETConf']",[],[],https://pbs.twimg.com/profile_images/1677092698791235584/Y1wFtWvG_normal.jpg,https://twitter.com/dotnet/status/1450910698347847682,tweet_id:1450910698347847682
.NET,@dotnet,2021-10-20T22:38:02.000Z,True,".NET Multi-platform App UI (#dotNETMAUI) Preview 9 is available today with .NET 6 RC2 and in #VisualStudio 2022 Preview 5. We've updated: New Controls Borders, Corners, and Shadows Quick Android Startup Ecosystem Controls
See what's new: https://msft.it/6012XvwxA",2,42,141,0,"['#dotNETMAUI', '#VisualStudio']",[],"['\\U0001f44d', '\\U0001f44f', '\\U0001f449', '\\U0001f4aa']",https://pbs.twimg.com/profile_images/1677092698791235584/Y1wFtWvG_normal.jpg,https://twitter.com/dotnet/status/1450954488572006407,tweet_id:1450954488572006407
.NET,@dotnet,2021-10-19T19:57:00.000Z,True,In this episode of #OnDotNET  shows us how to use the dotnet cli tools to diagnose High CPU Usage with .NET Counters https://youtube.com/watch?v=7llxR-rH-gM…#dotnet #diagnostics,0,7,12,0,"['#OnDotNET', '#dotnet', '#diagnostics']",['@MJRousos'],['\\U0001f4bb'],https://pbs.twimg.com/profile_images/1677092698791235584/Y1wFtWvG_normal.jpg,https://twitter.com/dotnet/status/1450551575731126274,tweet_id:1450551575731126274
.NET,@dotnet,2021-10-20T13:40:02.000Z,True,"New features, Validated end-to-end workflows, Tightened the leaky pipes, #dotNET 6 Release Candidate 2 is out and it's ready for you to start using. See what's new and improved and get all the info and resources you need to get started: https://msft.it/6011Xvkk1",0,18,49,0,['#dotNET'],[],"['\\u2705', '\\u2705', '\\u2705']",https://pbs.twimg.com/profile_images/1677092698791235584/Y1wFtWvG_normal.jpg,https://twitter.com/dotnet/status/1450819096354988035,tweet_id:1450819096354988035
Peter Pan,@Sauerteig58,2021-10-16T19:26:41.000Z,False,Lieber Robert Habeck! Ich habe Tempolimit gewählt und will es haben! Was habe ich falsch gemacht? Wie wählt man Tempolimit? Die Mehrheit will es und sogar der ADAC!,195,300,"2,364",0,[],[],[],https://pbs.twimg.com/profile_images/1618286783132798986/5tRpKBnz_normal.jpg,https://twitter.com/Sauerteig58/status/1449456782460522500,tweet_id:1449456782460522500
.NET,@dotnet,2021-10-15T16:44:01.000Z,True,Take a tour of a new C# feature...#MSMVP  discusses using file-scoped namespaces in your #CSharp code to make it more compact and more readable: https://msft.it/6011XqkHd #dotNET,0,19,60,0,"['#MSMVP', '#CSharp', '#dotNET']",['@thomasclaudiush'],[],https://pbs.twimg.com/profile_images/1677092698791235584/Y1wFtWvG_normal.jpg,https://twitter.com/dotnet/status/1449053459177672707,tweet_id:1449053459177672707
David Fowler,@davidfowl,2021-10-14T05:28:59.000Z,True,".  made templates for ""classic"" console applications. https://github.com/jpobst/classic-dotnet-templates…#dotnet",2,10,33,0,['#dotnet'],['@jpobst'],[],https://pbs.twimg.com/profile_images/1599643600190836736/mWj6ARAN_normal.jpg,https://twitter.com/davidfowl/status/1448521192730599429,tweet_id:1448521192730599429
David Fowler,@davidfowl,2021-10-13T02:49:15.000Z,True,"Yes! #dotnet"".Net has almost the same performance as Golang and Rust, but only after 1k iterations(after JIT).""",6,35,170,0,['#dotnet'],[],[],https://pbs.twimg.com/profile_images/1599643600190836736/mWj6ARAN_normal.jpg,https://twitter.com/davidfowl/status/1448118607100194824,tweet_id:1448118607100194824
.NET,@dotnet,2021-10-07T16:50:01.000Z,True,"Happening now:  joins us to share the latest news about .NET Hot Reload for #dotNETMAUI, while  and  round up the hottest news for Xamarin and .NET MAUI developers. Join us live: https://youtube.com/watch?v=cEoSkHZlKa4…#dotnet #dotnetmaui #xamarin",1,16,57,0,"['#dotNETMAUI', '#dotnet', '#dotnetmaui', '#xamarin']","['@LyalinDotCom', '@davidortinau', '@SweekritiS']",[],https://pbs.twimg.com/profile_images/1677092698791235584/Y1wFtWvG_normal.jpg,https://twitter.com/dotnet/status/1446155868253396993,tweet_id:1446155868253396993
Dennis Gassen,@trikkser,2021-10-06T11:55:45.000Z,False,When people inform you via email that they will reach out via Teams - and only send „hi“.,1,1,2,0,[],[],[],https://pbs.twimg.com/profile_images/1068052752436260864/eURUjH01_normal.jpg,https://twitter.com/trikkser/status/1445719424292593664,tweet_id:1445719424292593664
David Fowler,@davidfowl,2021-10-05T00:52:03.000Z,True,"Is .NET 6 ready for production? Yes, it is. #dotnet #aspnetcore",6,14,141,0,"['#dotnet', '#aspnetcore']",[],[],https://pbs.twimg.com/profile_images/1599643600190836736/mWj6ARAN_normal.jpg,https://twitter.com/davidfowl/status/1445190010265767940,tweet_id:1445190010265767940
.NET,@dotnet,2021-10-01T23:11:01.000Z,True,"We found a pretty quick summary of some of the great new goodies coming our way in #dotNET6Profile-guided optimization (PGO)Dynamic PGOCrossgen2Control-flow Enforcement Technology (CET)HTTP/3
Give it a look: https://msft.it/6016XbfHq",1,57,128,0,['#dotNET6'],[],"['\\u26a1', '\\U0001f4a5', '\\U0001f525', '\\u2728', '\\U0001f3c5']",https://pbs.twimg.com/profile_images/1677092698791235584/Y1wFtWvG_normal.jpg,https://twitter.com/dotnet/status/1444077422589136899,tweet_id:1444077422589136899
David Fowler,@davidfowl,2021-10-02T01:56:37.000Z,True,I’ve been learning react building an app with my mentoring ring and I know I’m biased but blazor feels cleaner to use. #dotnet #webdev #react #blazor,35,19,273,0,"['#dotnet', '#webdev', '#react', '#blazor']",[],[],https://pbs.twimg.com/profile_images/1599643600190836736/mWj6ARAN_normal.jpg,https://twitter.com/davidfowl/status/1444119096035930112,tweet_id:1444119096035930112
ZDF heute-show,@heuteshow,2021-10-02T07:34:22.000Z,True,"Anlass zur Sorge: Immer mehr Erstwähler stimmen für die FDP! 
Die ganze #heuteshow in der Mediathek: https://kurz.zdf.de/hs2122tw/",37,116,854,0,['#heuteshow'],[],[],https://pbs.twimg.com/profile_images/1355266824439525381/faJDhkDx_normal.jpg,https://twitter.com/heuteshow/status/1444204092390318086,tweet_id:1444204092390318086
DeeDee Walsh,@ddskier,2021-01-28T20:40:59.000Z,True,Azure Active Directory's gateway is on .NET Core 3.1! | .NET Blog https://hubs.ly/H0DShZV0 by Avanindra Paruchuri #AD #dotnet #dotnetcore #Azure,0,7,4,0,"['#AD', '#dotnet', '#dotnetcore', '#Azure']",[],[],https://pbs.twimg.com/profile_images/1737848902932680704/hmv8YCO8_normal.jpg,https://twitter.com/ddskier/status/1354892248954056705,tweet_id:1354892248954056705
J. Michael Straczynski,@straczynski,2021-09-27T22:44:21.000Z,False,"To answer all the questions, yes, it’s true, Babylon 5 is in active development as a series for the CW.  We have some serious fans over at the network, and they’re eager to see this show happen.  I’m hip deep into writing the pilot now, and will be running the series upon pickup.",951,"4,918",1.2万,0,[],[],[],https://pbs.twimg.com/profile_images/1639436455289430016/Rd1-LOAP_normal.jpg,https://twitter.com/straczynski/status/1442621159221043202,tweet_id:1442621159221043202
.NET,@dotnet,2021-09-28T23:04:01.000Z,True,"It's easier to work with relational data. 

We made the .NET 5 C# Language Extension for SQL Server open source and available on #GitHub; giving you freedom to use existing #SQLServer tables and pass them to a C# application as a DataFrame.

Learn more: https://msft.it/6010XkQbi",1,31,117,0,"['#GitHub', '#SQLServer']",[],[],https://pbs.twimg.com/profile_images/1677092698791235584/Y1wFtWvG_normal.jpg,https://twitter.com/dotnet/status/1442988496373772290,tweet_id:1442988496373772290
Hacker News Bot,@newsycombinator,2021-09-24T15:04:15.000Z,True,Asynchronous Programming in C# https://github.com/davidfowl/AspNetCoreDiagnosticScenarios/blob/master/AsyncGuidance.md…,1,58,205,0,[],[],[],https://pbs.twimg.com/profile_images/1534251337122295809/NGX0RlOw_normal.jpg,https://twitter.com/newsycombinator/status/1441418208729202700,tweet_id:1441418208729202700
David Fowler,@davidfowl,2021-09-22T17:52:55.000Z,True,We shipped the Package Validation tool (https://devblogs.microsoft.com/dotnet/package-validation/…) a tool for .NET library authors to ensure your customers have a great experience (breaking change detection etc)! #dotnet,8,89,284,0,['#dotnet'],[],[],https://pbs.twimg.com/profile_images/1599643600190836736/mWj6ARAN_normal.jpg,https://twitter.com/davidfowl/status/1440735876066152456,tweet_id:1440735876066152456
.NET,@dotnet,2021-09-22T21:40:01.000Z,True,"We've made great new improvements to #ASPNETCore in the new #dotNET6 Release Candidate 1 (RC1); including: Major updates to Blazor support .NET to JavaScript streaming JavaScript initializers Template improvements
...but so much more.  https://msft.it/6016XrfhQ",2,50,159,0,"['#ASPNETCore', '#dotNET6']",[],"['\\u27a1\\ufe0f', '\\u27a1\\ufe0f', '\\u27a1\\ufe0f', '\\u27a1\\ufe0f', '\\U0001f4d6']",https://pbs.twimg.com/profile_images/1677092698791235584/Y1wFtWvG_normal.jpg,https://twitter.com/dotnet/status/1440793030747852810,tweet_id:1440793030747852810
Satya Vel,@satya_vel,2021-09-20T21:34:23.000Z,False,In addition to what Donovan said here are some of the other benefits of using the platform native capabilities: https://docs.microsoft.com/en-us/azure/azure-resource-manager/bicep/overview#benefits-of-bicep-versus-other-tools…,0,2,8,0,[],[],[],https://pbs.twimg.com/profile_images/803363898619469824/sB2vEUYt_normal.jpg,https://twitter.com/satya_vel/status/1440066834867179525,tweet_id:1440066834867179525
Scott Hanselman,@shanselman,2021-09-13T21:22:43.000Z,True,An upgrade from .NET 4.6.2 to .NET 5 at Stack Overflow: 37M hits per day - Check out the Memory Usage drop and the response time drops. Consider upgrading your sites! ,9,90,423,0,[],['@dotnet'],[],https://pbs.twimg.com/profile_images/1599225756009508865/IWOcD4Yq_normal.jpg,https://twitter.com/shanselman/status/1437527186605416448,tweet_id:1437527186605416448
.NET,@dotnet,2021-09-10T20:00:02.000Z,True,"Next up in this terrific beginner series on working with #Blazor , Jeff gives us a glimpse at the Application State model for Blazor and how you can use it to store the state of an order while navigating between pages of the application.  https://msft.it/6017XyRnP",0,17,50,0,['#Blazor'],[],"['\\U0001f525', '\\U0001f4fd\\ufe0f']",https://pbs.twimg.com/profile_images/1677092698791235584/Y1wFtWvG_normal.jpg,https://twitter.com/dotnet/status/1436419214542360579,tweet_id:1436419214542360579
.NET,@dotnet,2021-09-10T14:00:01.000Z,True,"In this episode of the #OnDotNET Show,  returns to chat with  about migrating your authentication code to the newer MSAL and Identity.Web libraries. Drop in and learn a thing or two: https://msft.it/6015XyRrV",0,13,32,0,['#OnDotNET'],"['@AzureAndChill', '@ChristosMatskas']",[],https://pbs.twimg.com/profile_images/1677092698791235584/Y1wFtWvG_normal.jpg,https://twitter.com/dotnet/status/1436328613847216133,tweet_id:1436328613847216133
Adam Sitnik,@SitnikAdam,2021-09-01T16:38:00.000Z,False,"""File IO improvements in .NET 6"" is finally out! https://devblogs.microsoft.com/dotnet/file-io-improvements-in-dotnet-6/…",19,188,634,0,[],[],[],https://pbs.twimg.com/profile_images/543463383970770944/9Q5y--QN_normal.jpeg,https://twitter.com/SitnikAdam/status/1433106880478564352,tweet_id:1433106880478564352
James Newton-King ♔,@JamesNK,2021-08-31T22:06:00.000Z,False,HTTP/3 is coming to Kestrel and HttpClient! It will ship in .NET 6 as a preview feature. #dotnetgRPC is one of our main testbeds for HTTP/3. We're the first language to investigate end-to-end gRPC+HTTP/3. #grpcgRPC over HTTP/3 proposal:,5,47,222,0,"['#dotnet', '#grpc']",[],[],https://pbs.twimg.com/profile_images/1112499001935290368/OV-IHWvz_normal.jpg,https://twitter.com/JamesNK/status/1432827037010391040,tweet_id:1432827037010391040
Scott Hanselman,@shanselman,2021-09-01T04:36:34.000Z,True,My Ultimate PowerShell prompt with Oh My Posh and the Windows Terminal,23,75,389,0,[],[],[],https://pbs.twimg.com/profile_images/1599225756009508865/IWOcD4Yq_normal.jpg,https://twitter.com/shanselman/status/1432925322530328584,tweet_id:1432925322530328584
Daniel,@SecretCoAuthor,2021-08-27T10:09:26.000Z,False,"Ihr bezahlt KFZ-Steuer und alles ist gut? Nicht ansatzweise.  zeigt, dass die Gesellschaft 200 Milliarden Euro pro Jahr für das autozentrierte Verkehrssystem aufwenden muss.",33,491,"1,107",0,[],['@quarkswdr'],[],https://pbs.twimg.com/profile_images/1497961735680057356/FUEUqBuX_normal.jpg,https://twitter.com/SecretCoAuthor/status/1431197155084091396,tweet_id:1431197155084091396
Rayk Anders,@RaykAnders,2021-08-29T19:25:03.000Z,False,"""Herr Laschet, was ist Ihr Plan für Deutschland?""
""Die Grünen wollen VERBOTE""
""Was sind Ihre Ideen für die Zukunft?""
""Die SPD will MEHR STEUERN""
""Was soll sich ändern?""
""Brumm Brumm Auto düt düt""#Triell",52,"1,399",1.3万,0,['#Triell'],[],[],https://pbs.twimg.com/profile_images/1241477424950493184/RBmzRBP4_normal.jpg,https://twitter.com/RaykAnders/status/1432061755333750787,tweet_id:1432061755333750787
Microsoft Channel 9,@ch9,2021-08-26T17:08:03.000Z,False,Diagnosing memory leaks in .NET apps | On .NET,0,6,14,0,[],[],[],https://pbs.twimg.com/profile_images/1145792011607277568/WCfnhkal_normal.png,https://twitter.com/ch9/status/1430940116004995073,tweet_id:1430940116004995073
Clemens Vasters,@clemensv,2021-08-25T04:48:47.000Z,False,"Ich hab nichts gegen einen Generationswechsel in der Mobilfunktechnik und es gibt viele echte, neue Vorzüge bei 5G (Latenz, Verbindungsdichte), aber kaum eine öffentlich diskutiertes Szenario macht was draus. Das Produktionsszenario ist albern; das passiert heute ohne Mobilfunk.",1,1,4,0,[],[],[],https://pbs.twimg.com/profile_images/1651898453549539330/jY5tEnoQ_normal.jpg,https://twitter.com/clemensv/status/1430391683770982400,tweet_id:1430391683770982400
.NET,@dotnet,2021-08-25T16:50:02.000Z,True,"Wait, is #dapper an #Orm that competes with #EFCore, or something else entirely? Are the two mutually exclusive? What is it all about? Your questions will be answered by  and  on the next #EntityFramework community standup. Details: https://msft.it/6010n4ESp",7,34,135,0,"['#dapper', '#Orm', '#EFCore', '#EntityFramework']","['@nick_craver', '@marcgravell']",[],https://pbs.twimg.com/profile_images/1677092698791235584/Y1wFtWvG_normal.jpg,https://twitter.com/dotnet/status/1430573190607147012,tweet_id:1430573190607147012
.NET Foundation,@dotnetfdn,2021-08-25T13:45:59.000Z,False,New .NET 6 APIs driven by the developer community https://hubs.li/H0VPr_J0 by  #dotnet #dotnet6 #api,0,4,15,0,"['#dotnet', '#dotnet6', '#api']",['@davidfowl'],[],https://pbs.twimg.com/profile_images/1278345286876663809/5sU4SW5c_normal.jpg,https://twitter.com/dotnetfdn/status/1430526875802247168,tweet_id:1430526875802247168
.NET,@dotnet,2021-08-24T23:02:01.000Z,True,"If you ever wanted to take a deep dive into the intricacies of string interpolation in #CSharp 10 and #dotNET 6, this  blog post is for you... https://msft.it/6017n22AX",0,27,93,0,"['#CSharp', '#dotNET']",['@stephentoub'],[],https://pbs.twimg.com/profile_images/1677092698791235584/Y1wFtWvG_normal.jpg,https://twitter.com/dotnet/status/1430304418419851266,tweet_id:1430304418419851266
Radzen,@radzenhq,2021-08-18T07:11:50.000Z,False,Grouping was just added to our FREE  #Blazor DataGrid component! https://blazor.radzen.com/datagrid-grouping-api…,2,8,34,0,['#Blazor'],['@aspnet'],[],https://pbs.twimg.com/profile_images/1437667976208162818/mi_tst4w_normal.png,https://twitter.com/radzenhq/status/1427890970322997256,tweet_id:1427890970322997256
ErikEJ,@ErikEJ,2021-08-19T15:02:30.000Z,True,dotNET blog: Understanding the cost of C# delegates https://ift.tt/3z68VFG,0,6,19,0,[],[],[],https://pbs.twimg.com/profile_images/970614231795089410/o8yV305O_normal.jpg,https://twitter.com/ErikEJ/status/1428371802137538564,tweet_id:1428371802137538564
Stefan Kluge,@StefanKluge4,2021-08-18T17:40:50.000Z,False,Alle Intensivpatienten am UKE haben derzeit keinen kompletten Impfschutz! Jetzt kommt der nächste Patient zur ECMO-Therapie. Raten Sie mal ob er geimpft ist?,169,736,"2,700",0,[],[],[],https://pbs.twimg.com/profile_images/1496949972964724737/PZdms0-c_normal.jpg,https://twitter.com/StefanKluge4/status/1428049261778845697,tweet_id:1428049261778845697
.NET,@dotnet,2021-08-17T16:14:00.000Z,True,Performance Improvements in .NET 6,7,295,653,0,[],[],[],https://pbs.twimg.com/profile_images/1677092698791235584/Y1wFtWvG_normal.jpg,https://twitter.com/dotnet/status/1427665021295677441,tweet_id:1427665021295677441
Jason Taylor,@jasontaylordev,2021-08-17T03:01:36.000Z,False,"The new Angular 12 project template in .NET 6 is excellent. It's still built and published as a single unit. It starts Angular CLI in the background, but then keeps it running. The .NET 6 hot reload experience works seemlessly. Awesome work! #aspnetcore #angular",3,17,112,0,"['#aspnetcore', '#angular']",[],[],https://pbs.twimg.com/profile_images/1673299300489789440/gddeS9n5_normal.jpg,https://twitter.com/jasontaylordev/status/1427465608157745153,tweet_id:1427465608157745153
James Newton-King ♔,@JamesNK,2021-08-18T01:51:48.000Z,False,Bonus: gRPC supports HTTP/3 in .NET 6? (Maybe! There are still issues to fix. And gRPC on .NET would be the first to support HTTP/3. We'll need to submit a proposal to the greater gRPC team about how HTTP/3 should work),3,10,68,0,[],[],['\\U0001f336\\ufe0f'],https://pbs.twimg.com/profile_images/1112499001935290368/OV-IHWvz_normal.jpg,https://twitter.com/JamesNK/status/1427810429963669506,tweet_id:1427810429963669506
.NET,@dotnet,2021-08-16T21:45:48.000Z,True,.NET Core 2.1 container images will be deleted from Docker Hub,4,80,150,0,[],[],[],https://pbs.twimg.com/profile_images/1677092698791235584/Y1wFtWvG_normal.jpg,https://twitter.com/dotnet/status/1427386135446097949,tweet_id:1427386135446097949
DeeDee Walsh,@ddskier,2021-08-15T18:06:14.000Z,True,A preview of all of the new runtime features added in .NET 6.  https://hubs.li/H0TKZJN0 by ,0,2,8,0,[],['@davidfowl'],[],https://pbs.twimg.com/profile_images/1737848902932680704/hmv8YCO8_normal.jpg,https://twitter.com/ddskier/status/1426968491886841857,tweet_id:1426968491886841857
.NET,@dotnet,2021-08-10T23:10:49.000Z,True,http://ASP.NET Core updates in .NET 6 Preview 7,1,39,72,0,[],[],[],https://pbs.twimg.com/profile_images/1677092698791235584/Y1wFtWvG_normal.jpg,https://twitter.com/dotnet/status/1425233203397234691,tweet_id:1425233203397234691
.NET,@dotnet,2021-08-10T23:11:22.000Z,True,Preview Features in .NET 6 – Generic Math,1,31,62,0,[],[],[],https://pbs.twimg.com/profile_images/1677092698791235584/Y1wFtWvG_normal.jpg,https://twitter.com/dotnet/status/1425233342182477824,tweet_id:1425233342182477824
.NET,@dotnet,2021-08-10T23:12:44.000Z,True,String Interpolation in C# 10 and .NET 6,4,58,146,0,[],[],[],https://pbs.twimg.com/profile_images/1677092698791235584/Y1wFtWvG_normal.jpg,https://twitter.com/dotnet/status/1425233684878135305,tweet_id:1425233684878135305
@ADFC_Hamburg@norden.social,@ADFC_Hamburg@norden.social,2021-08-07T19:40:13.000Z,False,"Wie rückwärtsgewandt kann    Partei sein? #CDU #Wandsbek gibt sich voll Mühe und beantragt, die neuen -Bügel vor der Ladenzeile im  #Heegbarg wieder in -Parkplätze umzuwandeln. Dabei bräuchte es etwas weiter in der Straße auch noch Bügel.https://sitzungsdienst-wandsbek.hamburg.de/bi/vo020.asp?VOLFDNR=1014727#searchword…",13,13,124,0,"['#CDU', '#Wandsbek', '#Heegbarg']",[],"['1\\u20e3', '\\U0001f6b2', '\\U0001f697', '\\U0001f926']",https://pbs.twimg.com/profile_images/1217186456906629121/gFhkeH5G_normal.jpg,https://twitter.com/ADFC_Hamburg/status/1424093037270126592,tweet_id:1424093037270126592
Jörg Schieb,@schiebde,2021-08-06T14:07:12.000Z,True,"Digitalisierung in der Politik: Weniger anzeigen, mehr schulen - das würde weiterhelfen. Der Fall  zeigt: Es braucht dringend einen Umbruch. ",1,8,49,0,[],"['@LilithWittmann', '@WDRaktuell']",[],https://pbs.twimg.com/profile_images/1643943393008009217/rWWtUQ24_normal.jpg,https://twitter.com/schiebde/status/1423646843188166658,tweet_id:1423646843188166658
NuGet,@nuget,2021-07-21T16:13:47.000Z,False,http://NuGet.org will be migrating towards a new multi-CDN infrastructure. Some changes for older TLS cipher suites can result in connectivity issues for a small number of users. Check here for more details and resources:,0,6,13,0,[],[],[],https://pbs.twimg.com/profile_images/888442960601202688/6I3oEOP4_normal.jpg,https://twitter.com/nuget/status/1417880494994198529,tweet_id:1417880494994198529
brendandburns,@brendandburns,2021-07-07T21:25:13.000Z,False,"Really nice article on WebAssembly (WASM) and why you might care.

Especially cool to see all of the awesome work that  and  are driving in the community!",1,46,150,0,[],"['@Azure', '@dotnet']",[],https://pbs.twimg.com/profile_images/479471261949509632/YnmlTcNl_normal.jpeg,https://twitter.com/brendandburns/status/1412885440512753664,tweet_id:1412885440512753664
.NET,@dotnet,2021-07-05T11:29:00.000Z,True,"In this C# Language Highlight,  and  teach us about Rangeshttps://channel9.msdn.com/Shows/On-NET/C-Language-Highlights-Ranges?WT.mc_id=dotnet-00000-cephilli… #dotnet #csharp",0,11,32,0,"['#dotnet', '#csharp']","['@paladique', '@lyrichardson01']",[],https://pbs.twimg.com/profile_images/1677092698791235584/Y1wFtWvG_normal.jpg,https://twitter.com/dotnet/status/1412010619490820100,tweet_id:1412010619490820100
Jonas Lohse,@jonaslohse,2021-06-13T17:08:39.000Z,False,"Eine Einzelfahrt ins 20km entfernte Frankfurt kostet mit  8,70€ – und am 1.7. steigt der Preis wieder um 1,5%.
Aber #Laschet findet, dass ein Flug ins 1620km entfernte Palma de Mallorca nicht teurer als 70€ sein darf. Das sind doch klare Prioritäten.",18,77,380,0,['#Laschet'],['@DB_Bahn'],[],https://pbs.twimg.com/profile_images/472516720/avatar2_normal.jpg,https://twitter.com/jonaslohse/status/1404123565050535941,tweet_id:1404123565050535941
Mattias Engman,@matengo,2021-06-10T19:32:47.000Z,False,Mini Grpc Messagepack Microservice #aspnetcore #dotnet #grpc #messagepack #magiconion  Thank you  and  team! This,4,21,99,0,"['#aspnetcore', '#dotnet', '#grpc', '#messagepack', '#magiconion']","['@davidfowl', '@aspnet']","['\\u2764\\ufe0f', '\\u2764\\ufe0f', '\\U0001f60d']",https://pbs.twimg.com/profile_images/229313780/Matte3_normal.jpg,https://twitter.com/matengo/status/1403072672473489410,tweet_id:1403072672473489410
.NET,@dotnet,2021-06-10T20:50:01.000Z,True,"In this session of #OnDotNET Live,  joins to talk about building components for Blazor. https://msft.it/6018n6Wvm",0,7,23,0,['#OnDotNET'],['@EdCharbeneau'],[],https://pbs.twimg.com/profile_images/1677092698791235584/Y1wFtWvG_normal.jpg,https://twitter.com/dotnet/status/1403092108949561345,tweet_id:1403092108949561345
.NET,@dotnet,2021-06-11T18:32:01.000Z,True,"We've made improvements to how we handle dates, times, and time zones in #dotNET6. See what's new in: DateOnly and TimeOnly types Time Zone Conversion APIs Time Zone Display Names on Linux and macOS
...and more. Check it out: https://msft.it/6016nBwTw",4,47,171,0,['#dotNET6'],[],"['\\U0001f449', '\\U0001f449', '\\U0001f449']",https://pbs.twimg.com/profile_images/1677092698791235584/Y1wFtWvG_normal.jpg,https://twitter.com/dotnet/status/1403419767260815361,tweet_id:1403419767260815361
Visual Studio Code,@code,2021-06-03T18:26:43.000Z,True,"#MSBuild ended last week, but you can now find all content available on-demand  We hand-picked a selection of sessions for VS Code users with what's new, plus ideas and resources for builders and learners.
Check them out  https://code.visualstudio.com/blogs/2021/06/02/build-2021?WT.mc_id=devcloud-00000-cxa…",0,23,60,0,['#MSBuild'],[],"['\\U0001f4fd', '\\U0001f449']",https://pbs.twimg.com/profile_images/1545098208556097536/rKXaODLl_normal.jpg,https://twitter.com/code/status/1400519332220731398,tweet_id:1400519332220731398
DevOps on Azure,@AzureDevOps,2021-05-05T20:30:01.000Z,False,"This week on #AzureFunBytes, Kubernetes co-founder and Microsoft Corporate Vice President,  shows off the power of using containers and discusses some new tricks he found in Azure Kubernetes Service.   https://msft.it/6013VlGmD",0,9,14,0,['#AzureFunBytes'],['@BrendanDBurns'],"['\\U0001f440', '\\u27a1\\ufe0f']",https://pbs.twimg.com/profile_images/1145617831905681408/XNKktHjN_normal.png,https://twitter.com/AzureDevOps/status/1390041112576937985,tweet_id:1390041112576937985
James Newton-King ♔,@JamesNK,2021-05-04T21:37:12.000Z,False,The future of gRPC in C# belongs to grpc-dotnet: https://grpc.io/blog/grpc-csharp-future/…tldr; Grpc.Core is entering maintenance mode. Plan to gradually phase Grpc.Core out and replace it with gRPC on .NET (aka GrpcNetClient and GrpcAspNetCore packages) #grpc #dotnet,4,40,142,0,"['#grpc', '#dotnet']",['@grpcio'],[],https://pbs.twimg.com/profile_images/1112499001935290368/OV-IHWvz_normal.jpg,https://twitter.com/JamesNK/status/1389695630759514112,tweet_id:1389695630759514112
brendandburns,@brendandburns,2021-04-30T00:55:10.000Z,False,AKS Cost Monitoring and Governance With Kubecost http://blog.kubecost.com/blog/aks-cost/,3,26,66,0,[],[],[],https://pbs.twimg.com/profile_images/479471261949509632/YnmlTcNl_normal.jpeg,https://twitter.com/brendandburns/status/1387933511433154564,tweet_id:1387933511433154564
.NET Foundation,@dotnetfdn,2021-04-30T13:42:59.000Z,False,"Have you checked out the new stuff in the April 2021 #dotNET Update? Lots of goodness including reliability and other non-security improvements. 

Here are all the resources you need to learn more and download:",0,6,12,0,['#dotNET'],[],[],https://pbs.twimg.com/profile_images/1278345286876663809/5sU4SW5c_normal.jpg,https://twitter.com/dotnetfdn/status/1388126738954268675,tweet_id:1388126738954268675
Microsoft Azure,@Azure,2021-04-15T23:00:14.000Z,True,Need to make your network more secure without investing an entire year to rearchitect it? Find out how on the #AzureEnablementShow: https://msft.it/6012Vjz6p,1,8,21,0,['#AzureEnablementShow'],[],[],https://pbs.twimg.com/profile_images/1268207800313774080/KF9pXfXU_normal.jpg,https://twitter.com/Azure/status/1382831159214813185,tweet_id:1382831159214813185
ILSpy Team,@ilspy,2021-04-08T17:46:09.000Z,False,"RC1 of #ILSpy 7 got a little more than just fixes - dark mode is here! Grab it at https://github.com/icsharpcode/ILSpy/releases/tag/v7.0-rc1… and test, test, test!",0,19,39,0,['#ILSpy'],[],[],https://pbs.twimg.com/profile_images/922418530288656384/sQ5zfJaV_normal.jpg,https://twitter.com/ilspy/status/1380215402488283139,tweet_id:1380215402488283139
ZDF heute-show,@heuteshow,2021-04-07T07:37:16.000Z,True,Nicht schon wieder,28,167,"3,751",0,[],[],[],https://pbs.twimg.com/profile_images/1355266824439525381/faJDhkDx_normal.jpg,https://twitter.com/heuteshow/status/1379699783623962624,tweet_id:1379699783623962624
The ASP.NET Team,@aspnet,2021-04-07T17:22:30.000Z,False,Your Top .NET Microservices Questions Answered:How do we scale databases with services?Should microservices share databases?Can monolithic Web APIs talk with microservices?How do microservices communicate?Do I need to use containers?,0,34,89,0,[],[],"['\\U0001f914', '\\U0001f914', '\\U0001f914', '\\U0001f914', '\\U0001f914']",https://pbs.twimg.com/profile_images/1390448160934305793/ohii8Hxq_normal.png,https://twitter.com/aspnet/status/1379847063249199109,tweet_id:1379847063249199109
Microsoft Azure,@Azure,2021-04-07T20:00:22.000Z,True,"Reminder—tomorrow is the free #AzureMigration digital event! Learn how to migrate and modernize your apps, data, and infrastructure in the cloud. There's still time to register:https://msft.it/6017VXTGU",0,17,25,0,['#AzureMigration'],[],[],https://pbs.twimg.com/profile_images/1268207800313774080/KF9pXfXU_normal.jpg,https://twitter.com/Azure/status/1379886788249071616,tweet_id:1379886788249071616
David Fowler,@davidfowl,2021-04-03T17:42:23.000Z,True,"Then there are issues around ownership. The general rule is, if you create it, you dispose it, but those rules fall apart when you need to transfer ownership to other objects. StreamReader does this with a constructor that has the ""leaveOpen"" bool.",3,2,31,0,[],[],[],https://pbs.twimg.com/profile_images/1599643600190836736/mWj6ARAN_normal.jpg,https://twitter.com/davidfowl/status/1378402514836410368,tweet_id:1378402514836410368
David Fowler,@davidfowl,2021-04-03T17:42:22.000Z,True,I got nerd sniped me on Friday into debugging a port exhaustion issue in a high scale service (running on .NET Framework). The root cause turns out to be not disposing http client instances. #dotnet,18,34,267,0,['#dotnet'],[],[],https://pbs.twimg.com/profile_images/1599643600190836736/mWj6ARAN_normal.jpg,https://twitter.com/davidfowl/status/1378402510210170883,tweet_id:1378402510210170883
.NET,@dotnet,2021-04-02T20:29:01.000Z,True,"#ASPNET Core gives us a developer friendly programming model for inspecting HTTP requests and generating responses. 

In this episode of the Beginner's Series on Web APIs, we learn to process requests using controllers and action methods.  https://msft.it/6017VRoPH",1,18,79,0,['#ASPNET'],[],['\\U0001f4fd\\ufe0f'],https://pbs.twimg.com/profile_images/1677092698791235584/Y1wFtWvG_normal.jpg,https://twitter.com/dotnet/status/1378082062117310465,tweet_id:1378082062117310465
Clemens Vasters,@clemensv,2021-04-03T07:43:30.000Z,False,"Das ist allerdings gar nicht nötig, weil zB deutsche Firmen wie  das Thema schon professionell gelöst haben. Dass die Behörden und KVs in einer nationalen Krise weiter rumstümpern, ist inzwischen nicht mehr nur verantwortungslos, sondern schadet dem Land sehenden Auges.",2,5,28,0,[],['@eventimDE'],[],https://pbs.twimg.com/profile_images/1651898453549539330/jY5tEnoQ_normal.jpg,https://twitter.com/clemensv/status/1378251798880870401,tweet_id:1378251798880870401
.NET,@dotnet,2021-03-29T17:38:01.000Z,True,"We're excited to announce new versions of #MLdotNET and Model Builder... Learn more about: Model Builder ML .NET v1.5.5 Virtual https://msft.it/6014VuToY Community Conference...and how to get started.
Check out the news: https://msft.it/6016VuTom",0,16,49,0,['#MLdotNET'],[],"['\\U0001f4e3', '\\U0001f44f', '\\U0001f44d', '\\u2b50']",https://pbs.twimg.com/profile_images/1677092698791235584/Y1wFtWvG_normal.jpg,https://twitter.com/dotnet/status/1376589475325808645,tweet_id:1376589475325808645
CreeK,@CreeK_,2021-03-29T10:15:18.000Z,False,"Neuer ""all time high"" Rekord für einen Montag. Herzlichen Glückwunsch.. vielen Dank! Damit schaffen wir die 200 ja noch vor Ostern!",0,1,0,0,[],[],[],https://pbs.twimg.com/profile_images/355797363/logo_kreis_weiss_unten_rechts_normal.png,https://twitter.com/CreeK_/status/1376478064075542531,tweet_id:1376478064075542531
Microsoft Azure,@Azure,2021-03-26T23:00:00.000Z,True,"On this #AzureFriday,  and  discuss ACI, GitHub Actions, and best practices for containers:",1,11,37,0,['#AzureFriday'],"['@SHanselman', '@JLDeen']",[],https://pbs.twimg.com/profile_images/1268207800313774080/KF9pXfXU_normal.jpg,https://twitter.com/Azure/status/1375583341458694146,tweet_id:1375583341458694146
Microsoft Azure,@Azure,2021-03-26T15:00:02.000Z,True,Stay on top of the #AzureTipsAndTricks as they come out by subscribing to our playlist:,0,18,33,0,['#AzureTipsAndTricks'],[],[],https://pbs.twimg.com/profile_images/1268207800313774080/KF9pXfXU_normal.jpg,https://twitter.com/Azure/status/1375462555683069954,tweet_id:1375462555683069954
@HonkHase.bsky.social & @HonkHase@chaos.social,@HonkHase.bsky.social & @HonkHase@chaos.social,2021-03-25T19:56:46.000Z,False,"Hab grad Lust, alles Brandroden zu wollen.

BND Gesetz wurde soeben verabschiedet und die dürfen jetzt legal Mobilfunk Anbieter hacken. 

Also kritische Infrastrukturen! #KRITIS",17,101,176,0,['#KRITIS'],[],['\\U0001f620'],https://pbs.twimg.com/profile_images/1123681044736159745/Ma4pCkrv_normal.png,https://twitter.com/HonkHase/status/1375174842660630533,tweet_id:1375174842660630533
Cycling Professor ,@fietsprofessor,2021-03-23T10:17:42.000Z,False,"Unbelievable how much energy, time and resources are wasted on suboptimal solutions...

(by Andy Singer: https://andysinger.com)",11,321,867,0,[],[],[],https://pbs.twimg.com/profile_images/1185174183971557376/_9DHelpD_normal.jpg,https://twitter.com/fietsprofessor/status/1374304339825721346,tweet_id:1374304339825721346
Dirk Paessler,@dpaessler,2021-03-23T12:40:43.000Z,True,"Im Blog leite ich meine Annahmen für den weiteren Verlauf des R-Werts her, das Ergebnis ist am Schluss: Wir haben tatsächlich nur in der Woche nach der Osterwoche ein kurzes spürbares Sinken der Zahlen, ansonsten geht es einfach weiter rauf. 
8/x",21,20,97,0,[],[],[],https://pbs.twimg.com/profile_images/1453692586430971908/-zBTeoEt_normal.jpg,https://twitter.com/dpaessler/status/1374340329596403712,tweet_id:1374340329596403712
Volksverpetzer ,@Volksverpetzer,2021-03-23T08:51:54.000Z,False,"Wegen #Osterlockdown: Wieder wird fast NUR Privatleben eingeschränkt. Bloß nicht Schulen oder va Wirtschaft einschränken. Seit Monaten nichts dazu gelernt. So werden wir Zahlen nie senken. Die Leute haben es satt und es bringt nicht mal was. Kurzer, harter Lockdown ist utopisch.",42,219,"1,862",0,['#Osterlockdown'],[],[],https://pbs.twimg.com/profile_images/1559940423023562753/hyg1TZ_h_normal.jpg,https://twitter.com/Volksverpetzer/status/1374282745417990144,tweet_id:1374282745417990144
Sabine Mueller,@smillassense,2021-03-22T16:40:28.000Z,False,"Heiner Bremer, der Chefvirilo... äh, -kommentator von n-tv, redet sich gerade um Kopf und Kragen. #Ausgangssperre #lockdown",0,1,2,0,"['#Ausgangssperre', '#lockdown']",[],['\\U0001f644'],https://pbs.twimg.com/profile_images/1526618055228399620/Hcf4FUvb_normal.jpg,https://twitter.com/smillassense/status/1374038278278627334,tweet_id:1374038278278627334
Microsoft Azure,@Azure,2021-03-22T20:30:00.000Z,True,Not using your Azure Kubernetes Service cluster? Turn it off for cost savings. Learn how in this #AzureTipsAndTricks:,1,32,59,0,['#AzureTipsAndTricks'],[],[],https://pbs.twimg.com/profile_images/1268207800313774080/KF9pXfXU_normal.jpg,https://twitter.com/Azure/status/1374096042837348356,tweet_id:1374096042837348356
Morgan Mitchell,@livelovegeek,2021-02-04T06:37:08.000Z,True,This makes me laugh and smile everytime I see it. ,5,12,108,0,[],[],"['\\u2601\\ufe0f', '\\U0001f499']",https://pbs.twimg.com/profile_images/1636603116262154240/hokqD0QP_normal.jpg,https://twitter.com/livelovegeek/status/1357216601683099650,tweet_id:1357216601683099650
Thinktecture,@thinktecture,2020-08-31T07:08:26.000Z,True,"Auf zwei Seiten hat  kompakt zusammengefasst, was Sie bei der Arbeit mit #Docker wissen sollten. Laden Sie sich hier kostenlos das #CheatSheet 'Docker für .NET-Entwickler' herunter.  https://thinktecture.com/de/cheatsheet/docker-fuer-dotnet-entwickler/?utm_source=twitter&utm_medium=campaign&utm_campaign=Docker%20Cheat%20Sheet…#dotnet",15,82,498,0,"['#Docker', '#CheatSheet', '#dotnet']",['@ThorstenHans'],"['\\U0001f4c3', '\\u2b07\\ufe0f']",https://pbs.twimg.com/profile_images/1635728205427474446/at9cyN0I_normal.jpg,https://twitter.com/thinktecture/status/1300329582332174336,tweet_id:1300329582332174336
Cecil L. Phillip,@cecilphillip,2021-03-18T15:21:17.000Z,False,You can't have Microservice March without a discussion about messaging.  is going to join us live today to talk about some messaging patterns you can use in your applications right now! https://youtube.com/watch?v=ef1DK76rseM…,0,35,99,0,[],['@clemensv'],['\\U0001f468\\U0001f3fd\\u200d\\U0001f4bb'],https://pbs.twimg.com/profile_images/520218889976680448/u9dzVLAP_normal.png,https://twitter.com/cecilphillip/status/1372568798109261829,tweet_id:1372568798109261829
Immo Landwerth,@terrajobst,2021-03-18T22:07:06.000Z,False,Great post  about .NET and OpenTelemetry.,3,32,123,0,[],['@sshirhatti'],[],https://pbs.twimg.com/profile_images/1648031277990445056/zLkJsvkl_normal.jpg,https://twitter.com/terrajobst/status/1372670925779267584,tweet_id:1372670925779267584
.NET,@dotnet,2021-03-16T16:33:01.000Z,True,"#ASPNET Core applications can host background services.

In this episode of Learn C# with , Jeff talks about how to configure them and important considerations in your code. Join him for this week's episode on demand: https://msft.it/6019VHF8D",1,14,88,0,['#ASPNET'],['@CSharpFritz'],[],https://pbs.twimg.com/profile_images/1677092698791235584/Y1wFtWvG_normal.jpg,https://twitter.com/dotnet/status/1371862076914827264,tweet_id:1371862076914827264
Scott Hanselman,@shanselman,2021-03-16T20:35:01.000Z,True,"You can make lots more than just ""apps"" with . You can do Data Science with MLNET, build distributed systems with k8s, Orleans, Akka, dapr, and more. You can build incredibly fast things and build amazing frameworks. Check out our FREE eBooks:",15,115,415,0,[],['@dotnet'],[],https://pbs.twimg.com/profile_images/1599225756009508865/IWOcD4Yq_normal.jpg,https://twitter.com/shanselman/status/1371922975230816257,tweet_id:1371922975230816257
Bri Achtman,@briacht,2021-03-16T18:13:10.000Z,False,Check out the newest #mlnet Model Builder updates and let us know what you think! #dotnet #machinelearning,3,24,32,0,"['#mlnet', '#dotnet', '#machinelearning']",[],['\\U0001f642'],https://pbs.twimg.com/profile_images/1240698794620026880/mPWF8LVr_normal.jpg,https://twitter.com/briacht/status/1371887279485054979,tweet_id:1371887279485054979
Damian Edwards,@DamianEdwards,2021-03-15T23:15:03.000Z,False,"here's where I landed... https://gist.github.com/DamianEdwards/2a493536fed539bc0c1c15713cb0a3bd…If you drop this file in the project root it will be compiled in to the app, discovered at startup automatically & when the app has booted will send a request to itself before shutting itself down.
Docs: https://docs.microsoft.com/en-us/aspnet/core/fundamentals/host/platform-specific-configuration?view=aspnetcore-5.0…",0,1,9,0,[],[],[],https://pbs.twimg.com/profile_images/1419143125486903296/YvRLK68O_normal.jpg,https://twitter.com/DamianEdwards/status/1371600861206507520,tweet_id:1371600861206507520
Microsoft Azure,@Azure,2021-03-14T22:00:02.000Z,True,"Base your cloud solutions on strategy and architecture that meet the needs of your organization. 

Get guidance on everything from understanding #Azure core services to delivering advanced solutions in this free copy of Azure for Architects: https://msft.it/6011VJlWx",0,60,130,0,['#Azure'],[],[],https://pbs.twimg.com/profile_images/1268207800313774080/KF9pXfXU_normal.jpg,https://twitter.com/Azure/status/1371219597949538305,tweet_id:1371219597949538305
Microsoft Azure,@Azure,2021-03-06T20:30:00.000Z,True,"From monitoring to troubleshooting, learn how to best optimize the performance of your Azure App Service #ASPNET web applications and #AzureSQL managed databases:",0,13,26,0,"['#ASPNET', '#AzureSQL']",[],[],https://pbs.twimg.com/profile_images/1268207800313774080/KF9pXfXU_normal.jpg,https://twitter.com/Azure/status/1368297835217715201,tweet_id:1368297835217715201
David Kean,@davkean,2021-03-04T07:41:15.000Z,False,"If you are doing any sort of .NET perf work, stop what you are doing and read our GC architect 's .NET Memory Performance Analysis. 

It flows beautifully and is an easy read.https://github.com/Maoni0/mem-doc/blob/master/doc/.NETMemoryPerformanceAnalysis.md#Concurrent-GCBackground-GC…",0,29,124,0,[],['@maoni0'],[],https://pbs.twimg.com/profile_images/1206417855517843457/sz6G8DZR_normal.jpg,https://twitter.com/davkean/status/1367379596757397504,tweet_id:1367379596757397504
James Newton-King ♔,@JamesNK,2021-03-05T02:45:40.000Z,False,"Good news: Upcoming release of gRPC for .NET allows gRPC apps to run on .NET Framework, Xamarin, UWP, Unity (all of .NET Standard 2.0)

Bad news: It is hard to simply explain the choices available. I've spent a day getting the docs just right ",5,28,106,0,[],[],['\\U0001f62c'],https://pbs.twimg.com/profile_images/1112499001935290368/OV-IHWvz_normal.jpg,https://twitter.com/JamesNK/status/1367667598301614080,tweet_id:1367667598301614080
brendandburns,@brendandburns,2021-02-17T19:40:29.000Z,False,"Many, many congratulations to the  team on hitting their 1.0 releasehttps://blog.dapr.io/posts/2021/02/17/announcing-dapr-v1.0/…If you haven't tried it yet, Dapr is a standard library for building distributed applications on Kubernetes.

And if you're already using it, it's ready for production!",1,34,154,0,[],['@daprdev'],[],https://pbs.twimg.com/profile_images/479471261949509632/YnmlTcNl_normal.jpeg,https://twitter.com/brendandburns/status/1362124782632771584,tweet_id:1362124782632771584
Scott Hunter,@coolcsh,2021-02-25T19:57:01.000Z,False,Please try out the .NET Upgrade Assistant Preview that we announced today. This is a tool that helps with some of mechanical parts of porting projects from .NET Framework to .NET 5. It can't magically port your applications but it does help :,7,88,254,0,[],[],[],https://pbs.twimg.com/profile_images/57396899/ScottHead_normal.jpg,https://twitter.com/coolcsh/status/1365028046005178370,tweet_id:1365028046005178370
.NET,@dotnet,2021-02-19T03:12:57.000Z,True,CoreWCF 0.1.0 GA Release,7,83,196,0,[],[],[],https://pbs.twimg.com/profile_images/1677092698791235584/Y1wFtWvG_normal.jpg,https://twitter.com/dotnet/status/1362601036498669569,tweet_id:1362601036498669569
brendandburns,@brendandburns,2020-06-04T21:28:09.000Z,False,Really proud to see the  Kubernetes Service team recognized for leading the way as the first enabling Kubernetes 1.18 in our managed service as well as awesome partnerships like native  integration for Kubernetes policy,2,61,152,0,[],"['@Azure', '@OpenPolicyAgent']",[],https://pbs.twimg.com/profile_images/479471261949509632/YnmlTcNl_normal.jpeg,https://twitter.com/brendandburns/status/1268655806657921024,tweet_id:1268655806657921024
.NET,@dotnet,2020-05-29T15:21:01.000Z,True,"In this #MSBuild session on demand, we learn about the latest features and support for building enterprise-grade solutions with C#, .NET Core, and Azure #K8s Service. See how we make #dotNET the most productive platform for building microservices: https://msft.it/6010TiS4q",0,30,64,0,"['#MSBuild', '#K8s', '#dotNET']",[],[],https://pbs.twimg.com/profile_images/1677092698791235584/Y1wFtWvG_normal.jpg,https://twitter.com/dotnet/status/1266389088028033024,tweet_id:1266389088028033024
OpenTelemetry,@opentelemetry,2020-05-14T19:30:00.000Z,False,Great to see so much progress with OTel! A big thank you to all the #developers working so hard to move the project forward.   https://bit.ly/361qngH,0,16,33,0,['#developers'],"['@CloudNativeFdn', '@github']",[],https://pbs.twimg.com/profile_images/1544695759907561473/QJkK3JTw_normal.jpg,https://twitter.com/opentelemetry/status/1261015928386367488,tweet_id:1261015928386367488
Sven Giegold,@sven_giegold,2020-05-11T09:36:22.000Z,False,"Das ist bitter! #Altmaier will #Corona-Staatshilfen nicht zum Hebel gegen #Steuerdumping machen. Dabei könnte man eine einfache & wirksame Bedingung für Unternehmen aufstellen: Steuertransparenz! Wer Steuergelder erhalten will, darf die Steuergerechtigkeit nicht mit Füßen treten!",31,124,395,0,"['#Altmaier', '#Corona', '#Steuerdumping']",[],[],https://pbs.twimg.com/profile_images/1604429416/sg_ism001_kl_normal.jpg,https://twitter.com/sven_giegold/status/1259779370798940160,tweet_id:1259779370798940160
Ricarda Lang,@Ricarda_Lang,2020-05-10T21:19:52.000Z,False,"„Wenn jemand Angst hat, soll er zu Hause bleiben.“ - sagt Wolfgang #Kubicki bei . 

Was machen dann Ärztinnen, Pflegende, Verkäufer im Supermarkt? Die können nicht zu Hause bleiben, sonst bricht alles zusammen. Sie sind auf unser aller Solidarität angewiesen. #AnneWill",63,120,"1,244",0,"['#Kubicki', '#AnneWill']",['@annewill'],[],https://pbs.twimg.com/profile_images/1687131436342493185/KTS9oZx3_normal.jpg,https://twitter.com/Ricarda_Lang/status/1259594026103209990,tweet_id:1259594026103209990
Clemens Vasters,@clemensv,2020-05-06T11:54:44.000Z,False,"Repost, because too many people still think that Kafka (or Event Hubs) is a message queue. It's not.

""Events, Data Points, and Messages - Choosing the right Azure messaging service for your data""

(Advice also applies to Kafka vs. ActiveMQ, RabbitMQ, etc)",3,47,81,0,[],[],[],https://pbs.twimg.com/profile_images/1651898453549539330/jY5tEnoQ_normal.jpg,https://twitter.com/clemensv/status/1258002252809285634,tweet_id:1258002252809285634
Claudia Kemfert,@CKemfert,2020-05-04T05:14:43.000Z,True,"Kaufprämie ist ökologisch und ökonomisch unsinnig, zudem sozial ungerecht. Autobranche mit Investitionsallianzen helfen. Besser wäre Mobiliätsprämie für alle, welche für Kauf von Bahncard, ÖPNV Jahreskarte oder Fahrrad genutzt werden kann )",18,179,673,0,[],['@AZ_Augsburg'],[],https://pbs.twimg.com/profile_images/1255930986287845376/YzTNRjua_normal.jpg,https://twitter.com/CKemfert/status/1257176808925155329,tweet_id:1257176808925155329
DevOps on Azure,@AzureDevOps,2020-05-04T17:15:01.000Z,False,"We’re excited to announce the general availability of the Azure Pipelines YAML CD features... Now with a unified YAML experience to configure each of your pipelines to do CI, CD, or CI and CD together. Nice. Check out the news: https://msft.it/6016TgUXj",6,112,195,0,[],[],[],https://pbs.twimg.com/profile_images/1145617831905681408/XNKktHjN_normal.png,https://twitter.com/AzureDevOps/status/1257358079064182784,tweet_id:1257358079064182784
Stephanie Krone,@FrauKrone,2020-04-29T05:43:02.000Z,False,"Sprachlos. VDA-Chefin Müller im  (sinngemäß): Wir brauchen eine Autokaufprämie, auch für Verbrenner, damit die Bürger das VERTRAUEN wieder gewinnen.  Es ist unfassbar, mit welcher Chuzpe die Automobilindustrie Staatshilfen für ein überholtes Geschäftsmodell einfordert! ",68,393,"2,014",0,[],['@DLF'],"['\\U0001f624', '\\U0001f624']",https://pbs.twimg.com/profile_images/1698337718596517888/rE4o4Dh__normal.jpg,https://twitter.com/FrauKrone/status/1255371996478742529,tweet_id:1255371996478742529
Microsoft Azure,@Azure,2020-04-24T23:00:00.000Z,True,Working with Apache Kafka and want to simplify management of your infrastructure? Here's how to use #Azure Event Hubs behind the scenes so you can focus on your code: https://msft.it/6018TgzxA,0,18,27,0,['#Azure'],[],[],https://pbs.twimg.com/profile_images/1268207800313774080/KF9pXfXU_normal.jpg,https://twitter.com/Azure/status/1253821018403201024,tweet_id:1253821018403201024
Nico Semsrott,@nicosemsrott,2020-04-22T17:30:37.000Z,False,"Die Zerstörung von ""Kanzlerkandidat Laschet"".",45,488,"4,729",0,[],[],[],https://pbs.twimg.com/profile_images/1770529553032622080/CbVGm-wt_normal.jpg,https://twitter.com/nicosemsrott/status/1253013350797230080,tweet_id:1253013350797230080
Ben {chmark} Adams,@ben_a_adams,2020-04-20T15:47:32.000Z,False,"ASP.NET Core 3.1 is on  #dotnet #aspnetcore 

(and .NET 5.0 is going to be even better!) https://techempower.com/benchmarks/#section=test&runid=8dca2265-62dc-4532-854b-9959afe18652&hw=ph&test=plaintext…",22,324,839,0,"['#dotnet', '#aspnetcore']",[],['\\U0001f525'],https://pbs.twimg.com/profile_images/1282411238602006529/l4lHaQHE_normal.jpg,https://twitter.com/ben_a_adams/status/1252262632121393153,tweet_id:1252262632121393153
Arne Semsrott,@arnesemsrott,2020-04-19T13:01:46.000Z,False,"In Dänemark sind Unternehmen, die Dividenden auszahlen, eigene Anteile zurückkaufen oder in Steueroasen registriert sind, von Corona-Staatshilfen ausgenommen. https://x.com/quantifiedsoc//quantifiedsoc/status/1251826637458624512…",39,"1,782","6,419",0,[],[],[],https://pbs.twimg.com/profile_images/886555771076579329/frepgC17_normal.jpg,https://twitter.com/arnesemsrott/status/1251858528719056896,tweet_id:1251858528719056896
Thinktecture,@thinktecture,2020-03-21T13:40:40.000Z,True,Single-Page-Applications für's Web mit C# und .NET?Zwei Welten kommen zusammen: es gibt einiges zu beachten.  Laden Sie sich kostenlos das #Whitepaper von  zu Microsoft http://ASP.NET Core #Blazor #WebAssembly herunter.https://thinktecture.com/de/whitepapers/blazor-webassembly?utm_source=twitter&utm_medium=campaign&utm_campaign=Blazor%20Whitepaper…,18,65,388,0,"['#Whitepaper', '#Blazor', '#WebAssembly']",['@christianweyer'],"['\\u2753', '\\u2139\\ufe0f', '\\U0001f4c4']",https://pbs.twimg.com/profile_images/1635728205427474446/at9cyN0I_normal.jpg,https://twitter.com/thinktecture/status/1241359072282189826,tweet_id:1241359072282189826
Sand im Getriebe,@Sand_imGetriebe,2020-04-14T07:54:49.000Z,True,"Wir  brauchen  insgesamt  weniger  Autos!

Die Autoindustrie ist fraglos in der Krise: Dieselskandal, Entlassungen, verstopfte Städte, Klimakrise, Verkehrstote. Doch statt diese Probleme grundlegend anzugehen ruft die Autolobby nach Subventionen für den Status Quo ",5,52,260,0,[],[],"['\\U0001f44f', '\\U0001f44f', '\\U0001f44f', '\\U0001f44f', '\\U0001f926']",https://pbs.twimg.com/profile_images/1143476968752631809/qoQTbPiu_normal.png,https://twitter.com/Sand_imGetriebe/status/1249969344496500737,tweet_id:1249969344496500737
Nico Semsrott,@nicosemsrott,2020-04-15T18:40:25.000Z,False,"Stell dir vor, du hast krebskranke Eltern oder gehörst selbst zur Risikogruppe & sollst in ein paar Wochen dein Abi schreiben? Dann gibt es keine Masken & die Hygienebedingungen sind so, wie sie in Schulen sind?

Hat er sich es überlegt? Will er doch nicht Kanzlerkandidat werden?",75,423,"4,405",0,[],[],[],https://pbs.twimg.com/profile_images/1770529553032622080/CbVGm-wt_normal.jpg,https://twitter.com/nicosemsrott/status/1250494203374841861,tweet_id:1250494203374841861
Sourabh Shirhatti,@sshirhatti,2020-04-10T17:44:24.000Z,False,The  team is working in collaboration with  to achieve our shared goal of making all applications observable. Follow along with our plans and participate and give feedback here,3,51,144,0,[],"['@dotnet', '@opentelemetry']",[],https://pbs.twimg.com/profile_images/1638773428089155585/tHFbR7cp_normal.jpg,https://twitter.com/sshirhatti/status/1248668164210253826,tweet_id:1248668164210253826
brendandburns,@brendandburns,2020-04-07T16:40:35.000Z,False,"Super proud of my  Upstream OSS team leading a great community effort on the intersection of  and web assembly container runtimes.

Introducing the Krustlet: A kubelet for web assemblyhttps://deislabs.io/posts/introducing-krustlet/…Really looking forward to seeing where this goes!",1,44,99,0,[],"['@Azure', '@kubernetesio']",[],https://pbs.twimg.com/profile_images/479471261949509632/YnmlTcNl_normal.jpeg,https://twitter.com/brendandburns/status/1247564943110492162,tweet_id:1247564943110492162
Albrecht Selge,@AlbrechtSelge,2020-04-03T13:52:26.000Z,False,"Warum gehört sogar jetzt immer noch der Großteil des Straßenraums den privaten Autos, obwohl Fußgängern & Radfahrern vielerorts der nötige Platz zum #AbstandHalten fehlt? Warum werden in #Covid_19-Zeiten alle, wirklich alle Lebensbereiche eingeschränkt, nur nicht der Autoverkehr?",16,74,204,0,"['#AbstandHalten', '#Covid_19']",[],[],https://pbs.twimg.com/profile_images/1647306745943842823/juCrEBvN_normal.jpg,https://twitter.com/AlbrechtSelge/status/1246073072832004100,tweet_id:1246073072832004100
Microsoft Visual Studio,@VisualStudio,2020-04-06T22:15:06.000Z,True,"Speed improvements.
CommonJS auto-imports.
Editor improvements.
And so much more.

Get the details on the beta release of TypeScript 3.9: https://msft.it/6017TegBN",0,9,30,0,[],[],[],https://pbs.twimg.com/profile_images/1278356990125719552/jNciLHjC_normal.jpg,https://twitter.com/VisualStudio/status/1247286737279336449,tweet_id:1247286737279336449
Lena Hall,@lenadroid,2020-04-03T20:10:01.000Z,False,"It was really fun to record it with !

If you're interested in the topic of simplifying management of underlying backend of your Apache Kafka solutions, the video is for you! It has a neat example.I also wrote an article on : https://dev.to/azure/apache-kafka-applications-can-work-without-apache-kafka-cluster-3en5…",3,25,74,0,[],"['@shanselman', '@ThePracticalDev']",['\\U0001f4dd'],https://pbs.twimg.com/profile_images/1581460196576350208/2zIMLoyl_normal.jpg,https://twitter.com/lenadroid/status/1246168096907264000,tweet_id:1246168096907264000
Jan Zieschang,@splushi,2020-04-03T19:45:06.000Z,False,Hoffentlich verstehen es mehr und mehr Menschen. https://youtube.com/watch?v=QpZfalJpHMI… #COVID19,0,0,0,0,['#COVID19'],[],[],https://pbs.twimg.com/profile_images/980346126288216064/9uvqYjCP_normal.jpg,https://twitter.com/splushi/status/1246161826431238144,tweet_id:1246161826431238144
.NET,@dotnet,2020-04-03T14:29:25.000Z,True,Regex Performance Improvements in .NET 5,0,77,180,0,[],[],[],https://pbs.twimg.com/profile_images/1677092698791235584/Y1wFtWvG_normal.jpg,https://twitter.com/dotnet/status/1246082380449722368,tweet_id:1246082380449722368
Scott Hanselman,@shanselman,2020-04-01T06:03:06.000Z,True,Zoom isn’t actually end-to-end encrypted - The Verge,22,150,310,0,[],[],[],https://pbs.twimg.com/profile_images/1599225756009508865/IWOcD4Yq_normal.jpg,https://twitter.com/shanselman/status/1245230186225733632,tweet_id:1245230186225733632
James Newton-King ♔,@JamesNK,2020-03-31T19:45:45.000Z,False,Blogged: Introducing gRPC HTTP API. Experimental support using #aspnetcore for RESTful APIs from gRPC services.http://james.newtonking.com/archive/2020/03/31/introducing-grpc-http-api…gRPC or REST? Why not both,10,88,212,0,['#aspnetcore'],[],[],https://pbs.twimg.com/profile_images/1112499001935290368/OV-IHWvz_normal.jpg,https://twitter.com/JamesNK/status/1245074826609348608,tweet_id:1245074826609348608
.NET,@dotnet,2020-03-30T20:50:01.000Z,True,We just released an updated .NET Core for March 2020. Here are the links for everything we updated: https://msft.it/6013TdsdZ,0,34,59,0,[],[],[],https://pbs.twimg.com/profile_images/1677092698791235584/Y1wFtWvG_normal.jpg,https://twitter.com/dotnet/status/1244728612236013572,tweet_id:1244728612236013572
Kate Bennett,@KateBennett_DC,2020-03-27T22:33:33.000Z,False,This chyron on  right now is very important for people to see and understand.,795,"5,314",1.7万,0,[],['@CNN'],[],https://pbs.twimg.com/profile_images/1666219336988540929/gukZMtF9_normal.jpg,https://twitter.com/KateBennett_DC/status/1243667503949250561,tweet_id:1243667503949250561
Microsoft Orleans,@msftorleans,2020-03-27T01:54:03.000Z,False,v3.1.4 is out with a number of improvements and fixes.,0,15,37,0,[],[],[],https://pbs.twimg.com/profile_images/787522221405118464/_30RoZBf_normal.jpg,https://twitter.com/msftorleans/status/1243355573573173249,tweet_id:1243355573573173249
The ASP.NET Team,@aspnet,2020-03-26T18:12:51.000Z,False,Blazor WebAssembly 3.2.0 Preview 3 release now availableDebugging in Visual Studio and Visual Studio CodeAuto-rebuild in Visual StudioConfigurationNew HttpClient extension methods for JSON handling,5,107,192,0,[],[],"['\\U0001f525', '\\U0001f525', '\\U0001f525', '\\U0001f525']",https://pbs.twimg.com/profile_images/1390448160934305793/ohii8Hxq_normal.png,https://twitter.com/aspnet/status/1243239505353560065,tweet_id:1243239505353560065
Jan Zieschang,@splushi,2020-03-25T18:31:03.000Z,True,finally editing custom roles!,0,0,0,0,[],[],[],https://pbs.twimg.com/profile_images/980346126288216064/9uvqYjCP_normal.jpg,https://twitter.com/splushi/status/1242881699391905792,tweet_id:1242881699391905792
Scott Hanselman,@shanselman,2020-03-24T00:39:42.000Z,True,Easily adding Security Headers to your  Core web app and getting an A grade,3,31,105,0,[],['@ASPNET'],[],https://pbs.twimg.com/profile_images/1599225756009508865/IWOcD4Yq_normal.jpg,https://twitter.com/shanselman/status/1242249699391766528,tweet_id:1242249699391766528
Hamburger Senat,@Senat_Hamburg,2020-03-23T16:44:57.000Z,True,"Wir danken allen, die jeden Tag für uns im Einsatz sind: die Beschäftigten in Krankenhäusern oder Praxen, Einzelhandel, Energiewerken, Müllabfuhr, bei Polizei und Feuerwehr und und und - all jenen, die unsere Stadt am Laufen halten. Wir stehen gemeinsam gegen #CoronaHH.",31,185,681,0,['#CoronaHH'],[],[],https://pbs.twimg.com/profile_images/1640254572378587136/d33PbNAB_normal.jpg,https://twitter.com/Senat_Hamburg/status/1242130222394355712,tweet_id:1242130222394355712
Jan Zieschang,@splushi,2020-03-22T07:44:01.000Z,True,oh man,0,0,0,0,[],[],[],https://pbs.twimg.com/profile_images/980346126288216064/9uvqYjCP_normal.jpg,https://twitter.com/splushi/status/1241631703266922497,tweet_id:1241631703266922497
Jan Zieschang,@splushi,2020-03-22T07:40:57.000Z,True,will  be a lot of work on monday :(,0,0,0,0,[],[],[],https://pbs.twimg.com/profile_images/980346126288216064/9uvqYjCP_normal.jpg,https://twitter.com/splushi/status/1241630934140674048,tweet_id:1241630934140674048
Scott Hanselman,@shanselman,2020-03-21T23:11:33.000Z,True,"New .NET restrictions due to COVID-19:
- manually call Gc.Collect() at the end of all methods
- stop using dependency injection, manually “new” all vars
- practice social distances with any unknown NuGet packages 
- you can use JS but only if it’s delivered and left on your porch",68,300,"1,323",0,[],[],[],https://pbs.twimg.com/profile_images/1599225756009508865/IWOcD4Yq_normal.jpg,https://twitter.com/shanselman/status/1241502736425742336,tweet_id:1241502736425742336
VenueHomes,@VenueHomes_vn,2020-03-19T18:54:05.000Z,False,"Netflix To Reduce EU Bandwidth by 25%: https://ift.tt/2U7cr0t Netflix is cutting back on the bandwidth it takes to stream videos to members in the European Union after a European Commission member voiced concerns over network strain. From a report: ""Following the discussions b…",0,1,0,0,[],[],[],https://pbs.twimg.com/profile_images/1125774578632912896/A6FahnIO_normal.jpg,https://twitter.com/VenueHomes_vn/status/1240713169015889923,tweet_id:1240713169015889923
Sven Christian Seele,@svenseele,2020-03-18T06:40:30.000Z,False,"Ein Supermarkt in Dänemark hat Hamsterkäufe mit Handdesinfektionsmittel auf seine eigene Art gestoppt.

1 Flasche kostet rund 5,50 €
2 Flaschen kosten rund 134,00 €

Und das Horten hörte auf!",75,"1,465","5,394",0,[],[],[],https://pbs.twimg.com/profile_images/1442263988746735619/vw6sBeZb_normal.jpg,https://twitter.com/svenseele/status/1240166168725463040,tweet_id:1240166168725463040
Microsoft Visual Studio,@VisualStudio,2020-03-18T14:20:01.000Z,True,"Your #VisualStudio work account, your personal account, and your school account. All in one place, all migrating with you from machine to machine.

Learn how: https://msft.it/6016TdECu #VS101",0,17,27,0,"['#VisualStudio', '#VS101']",[],[],https://pbs.twimg.com/profile_images/1278356990125719552/jNciLHjC_normal.jpg,https://twitter.com/VisualStudio/status/1240281809692372992,tweet_id:1240281809692372992
Jan Zieschang,@splushi,2020-03-18T17:56:42.000Z,True,"Not sure, why the US voted for a comedian.",0,0,0,0,[],[],[],https://pbs.twimg.com/profile_images/980346126288216064/9uvqYjCP_normal.jpg,https://twitter.com/splushi/status/1240336338618060802,tweet_id:1240336338618060802
Jan Zieschang,@splushi,2020-03-18T17:54:12.000Z,False,Trump media at its best. :),1,0,0,0,[],[],[],https://pbs.twimg.com/profile_images/980346126288216064/9uvqYjCP_normal.jpg,https://twitter.com/splushi/status/1240335712723120131,tweet_id:1240335712723120131
Jan Zieschang,@splushi,2020-03-17T16:50:13.000Z,False,"Vielleicht doch einen Hund anschaffen? (Letzten Sekunden) - Hamsterkäufe trotz stabiler Versorgungslage -https://ndr.de/fernsehen/sendungen/hamburg_journal/Hamsterkaeufe-trotz-stabiler-Versorgungslage,hamj92982.html…",0,0,0,0,[],[],[],https://pbs.twimg.com/profile_images/980346126288216064/9uvqYjCP_normal.jpg,https://twitter.com/splushi/status/1239957220634374145,tweet_id:1239957220634374145
Christina Compy,@ccompy,2020-03-16T18:05:24.000Z,False,#AzureAppService We are happy to announce the public preview of Private Link on Azure App Service.  This gives you the ability to have a private IP in your VNet rather than the public IP.  Give it a try. Remember this only works with inbound traffic.,6,78,150,0,['#AzureAppService'],[],[],https://pbs.twimg.com/profile_images/781231733744152576/FGsei6Vp_normal.jpg,https://twitter.com/ccompy/status/1239613752871251968,tweet_id:1239613752871251968
.NET,@dotnet,2020-03-16T20:37:55.000Z,True,Announcing .NET 5.0 Preview 1,17,591,888,0,[],[],[],https://pbs.twimg.com/profile_images/1677092698791235584/Y1wFtWvG_normal.jpg,https://twitter.com/dotnet/status/1239652135756640259,tweet_id:1239652135756640259
Rich Lander,@runfaster2000,2020-03-14T18:15:24.000Z,False,"We are releasing a Windows ARM64 .NET Core 3.1.x build shortly. We will release one that includes WPF at about the midpoint of the year, if all plays out. We're solely down to execution at this point.",3,9,20,0,[],[],[],https://pbs.twimg.com/profile_images/536228770407931904/i4VA1_CN_normal.jpeg,https://twitter.com/runfaster2000/status/1238891496444551168,tweet_id:1238891496444551168
Jan Zieschang,@splushi,2020-03-15T10:27:57.000Z,False,"Ohh, this is suprising. Numbers get much harder to compare. How to have an overview.",0,0,0,0,[],[],[],https://pbs.twimg.com/profile_images/980346126288216064/9uvqYjCP_normal.jpg,https://twitter.com/splushi/status/1239136246540222464,tweet_id:1239136246540222464
Jan Zieschang,@splushi,2020-03-15T10:19:03.000Z,False,"Lag aber nur daran, dass alle die Stores gestürmt haben. Nächste Woche wird es dann noch leerer. Alle müssen Reste essen. :)",0,0,0,0,[],[],[],https://pbs.twimg.com/profile_images/980346126288216064/9uvqYjCP_normal.jpg,https://twitter.com/splushi/status/1239134005565501440,tweet_id:1239134005565501440
David Fowler,@davidfowl,2020-03-14T22:15:06.000Z,True,Recommended reading for .NET library authors especially. With the move to become more linker friendly your usual coding patterns may have to change. This affects major parts of the framework as well #dotnetcore #aspnetcore,2,59,182,0,"['#dotnetcore', '#aspnetcore']",[],[],https://pbs.twimg.com/profile_images/1599643600190836736/mWj6ARAN_normal.jpg,https://twitter.com/davidfowl/status/1238951815430852609,tweet_id:1238951815430852609
Scott Hanselman,@shanselman,2020-03-12T16:45:32.000Z,True,"Learning Blazor, Microservices, Azure, Cloud-Native apps, and/or .NET Core? We've got *FREE* eBooks you can download now at https://dotnet.microsoft.com/learn/dotnet/architecture-guides… managed by !",3,141,304,0,[],['@nishanil'],[],https://pbs.twimg.com/profile_images/1599225756009508865/IWOcD4Yq_normal.jpg,https://twitter.com/shanselman/status/1238144102895509504,tweet_id:1238144102895509504
Nico Semsrott,@nicosemsrott,2020-03-10T16:03:14.000Z,False,"Durch das Ausmaß der Absagen merkt man wieder:

Es ist eine bewusste politische Entscheidung, nichts gegen Klimakrise, Rechtsextremismus oder Ausbeutung zu unternehmen.

Alles ist möglich, wenn wir nur wollen!

Hm. Das war optimistisch. Hab ich schon Fieber?",87,"2,011",1.3万,0,[],[],[],https://pbs.twimg.com/profile_images/1770529553032622080/CbVGm-wt_normal.jpg,https://twitter.com/nicosemsrott/status/1237408684071956482,tweet_id:1237408684071956482
Jan Zieschang,@splushi,2020-03-11T08:02:31.000Z,False,":'-( Muss wohl alles gut sein mit der Fahrradinfrastruktur. Komisch, auf dem Weg zur Arbeit sehe ich immer Probleme. Nutzen Politiker Fahrräder?",0,0,0,0,[],[],[],https://pbs.twimg.com/profile_images/980346126288216064/9uvqYjCP_normal.jpg,https://twitter.com/splushi/status/1237650096059232256,tweet_id:1237650096059232256
brendandburns,@brendandburns,2020-02-25T16:34:00.000Z,False,"Congrats to the  and the  team on launching their managed Service Mesh for #Kubernetes or VM-based workloads!

The  Consul Service (HCS) on Azure private beta is enrolling new users.

Sign ups here: https://docs.google.com/forms/d/1zaWR4SuLDki1kKMc9mpNSJuXDlko968s1BxS0gi3Gyo/edit… #Consul #ServiceMesh",0,54,141,0,"['#Kubernetes', '#Consul', '#ServiceMesh']","['@mitchellh', '@HashiCorp', '@HashiCorp']",[],https://pbs.twimg.com/profile_images/479471261949509632/YnmlTcNl_normal.jpeg,https://twitter.com/brendandburns/status/1232342993933389825,tweet_id:1232342993933389825
Donovan Brown #BlackLivesMatter,@DonovanBrown,2020-02-25T23:03:30.000Z,False,What a huge release of VSTeam!  Version 6.4.4 is now out. Big thank you to     and Cadacious for all the great contributions.https://powershellgallery.com/packages/VSTeam/6.4.4…,2,8,15,0,[],"['@RazorSPoint', '@MichelZ82', '@markwragg', '@daveneeley']",[],https://pbs.twimg.com/profile_images/1651921880343891968/gsLhMHU2_normal.jpg,https://twitter.com/DonovanBrown/status/1232441014490558464,tweet_id:1232441014490558464
Microsoft Orleans,@msftorleans,2020-02-24T16:24:46.000Z,False,v3.1.0 is out with a number of improvements and fixes.,0,27,61,0,[],[],[],https://pbs.twimg.com/profile_images/787522221405118464/_30RoZBf_normal.jpg,https://twitter.com/msftorleans/status/1231978284872650753,tweet_id:1231978284872650753
Stephanie Krone,@FrauKrone,2020-02-23T07:39:31.000Z,False,"„Die Velorouten-Planung holt das Beste raus u.d.V., dass Kfz-Fahrstreifen + Bäume unangetastet bleiben“, sagt eine Sprecherin von #Hamburg. So wird das nichts, Leute. Im #Klimapaket steht ganz klar: Fahrstreifen zu geschützten Radfahrstreifen umbauen! ",0,14,47,0,"['#Hamburg', '#Klimapaket']",[],['\\U0001f624'],https://pbs.twimg.com/profile_images/1698337718596517888/rE4o4Dh__normal.jpg,https://twitter.com/FrauKrone/status/1231483711767613441,tweet_id:1231483711767613441
Nico Semsrott,@nicosemsrott,2020-02-21T18:51:54.000Z,False,"Petition 1156/2019 ist auf einem sehr guten Weg. Danke an alle über 3500 Unterstützer*innen, die schon in den ersten Stunden mitgemacht haben!",25,135,741,0,[],[],[],https://pbs.twimg.com/profile_images/1770529553032622080/CbVGm-wt_normal.jpg,https://twitter.com/nicosemsrott/status/1230928148344254464,tweet_id:1230928148344254464
Microsoft Visual Studio,@VisualStudio,2020-02-21T20:00:01.000Z,True,"Don't let your app's CPU perf get away from you (or worse, your users). Learn how to use the #VisualStudio Diagnostics Tools: https://msft.it/6010Tb1WO #VS101",0,22,31,0,"['#VisualStudio', '#VS101']",[],[],https://pbs.twimg.com/profile_images/1278356990125719552/jNciLHjC_normal.jpg,https://twitter.com/VisualStudio/status/1230945289181257731,tweet_id:1230945289181257731
Jan Zieschang,@splushi,2020-02-21T16:27:32.000Z,False,"I like it! Saving CO2, money, space! Sure, I sign https://petiport.secure.europarl.europa.eu/petitions/en/petition/content/1156%252F2019/html/Petition-No-1156%252F2019-by-Nico-Semsrott-%2528German%2529-on-renaming-the-European-Parliament-Plenary-Room-in-Brussels-and-establishing-the-European-Parliament%25E2%2580%2599s-single-seat-in-Brussels…",0,0,0,0,[],[],[],https://pbs.twimg.com/profile_images/980346126288216064/9uvqYjCP_normal.jpg,https://twitter.com/splushi/status/1230891818121940997,tweet_id:1230891818121940997
Nico Semsrott,@nicosemsrott,2020-02-21T13:38:11.000Z,False,"BREAKING NEWS. My project of naming the plenary hall in Brussels as ""Strasbourg"" has reached the next stage. It's an urgency now! 

Here is my presentation to the petitions committee.",34,242,"1,295",0,[],[],[],https://pbs.twimg.com/profile_images/1770529553032622080/CbVGm-wt_normal.jpg,https://twitter.com/nicosemsrott/status/1230849196833591298,tweet_id:1230849196833591298
David Fowler,@davidfowl,2020-02-20T23:54:07.000Z,True,http://System.Net.Connections proposal https://github.com/dotnet/runtime/issues/1793… #dotnetcore #bedrock,2,20,46,0,"['#dotnetcore', '#bedrock']",[],[],https://pbs.twimg.com/profile_images/1599643600190836736/mWj6ARAN_normal.jpg,https://twitter.com/davidfowl/status/1230641815088320513,tweet_id:1230641815088320513
.NET,@dotnet,2020-02-19T16:11:01.000Z,True,"In his latest post,  gathered together tons of great resource links to hundreds of practical  Core samples to help. That ought to get your rollin' on the fundamentals... https://msft.it/6017TwWTD",1,62,138,0,[],"['@SHanselman', '@ASPNET']",[],https://pbs.twimg.com/profile_images/1677092698791235584/Y1wFtWvG_normal.jpg,https://twitter.com/dotnet/status/1230162884409294848,tweet_id:1230162884409294848
Stephanie Krone,@FrauKrone,2020-02-20T05:55:50.000Z,False,#Hamburg legt weiteres Förderprogramm für #Lastenräder auf. Lastenräder seien „ein wichtiger Baustein der Verkehrswende - gerade in einer Millionenstadt“. Mit einem Lastenrad im Haushalt könne der Verzicht auf ein eigenes Auto deutlich leichter fallen. https://focus.de/regional/hamburg/verkehr-weitere-700-000-euro-fuer-lastenraeder-foerderung-in-hamburg_id_11671835.html…,6,28,113,0,"['#Hamburg', '#Lastenräder']",[],['\\U0001f44d'],https://pbs.twimg.com/profile_images/1698337718596517888/rE4o4Dh__normal.jpg,https://twitter.com/FrauKrone/status/1230370457242755072,tweet_id:1230370457242755072
.NET,@dotnet,2020-02-12T16:31:00.000Z,True,"ICYMI, we announced experimental support for gRPC-Web with .NET. gRPC-Web that allows gRPC to be called from browser-based apps like JavaScript SPAs or Blazor WebAssembly apps. Learn more:",0,46,109,0,[],[],[],https://pbs.twimg.com/profile_images/1677092698791235584/Y1wFtWvG_normal.jpg,https://twitter.com/dotnet/status/1227631197334974465,tweet_id:1227631197334974465
The ASP.NET Team,@aspnet,2020-02-10T18:47:53.000Z,False,Announcing Experimental Mobile Blazor Bindings February updatehttps://devblogs.microsoft.com/aspnet/mobile-blazor-bindings-feb-2020-update/…,1,44,85,0,[],[],[],https://pbs.twimg.com/profile_images/1390448160934305793/ohii8Hxq_normal.png,https://twitter.com/aspnet/status/1226940870676500480,tweet_id:1226940870676500480
Scott Addie,@Scott_Addie,2020-02-04T18:40:30.000Z,False,What's new in #AspNetCore docs for January 2020:https://docs.microsoft.com/aspnet/core/whats-new/2020-01…Shout out to the community contributors who helped make the docs awesome last month.,0,13,20,0,['#AspNetCore'],[],[],https://pbs.twimg.com/profile_images/1154048723145711617/9_0mheqR_normal.jpg,https://twitter.com/Scott_Addie/status/1224764684554784769,tweet_id:1224764684554784769
Microsoft Visual Studio,@VisualStudio,2020-02-04T22:02:01.000Z,True,We recently released a new preview update for #Blazor WebAssembly with a bunch of great new features and improvements. Get the details: https://msft.it/6013TZaVR,1,24,52,0,['#Blazor'],[],[],https://pbs.twimg.com/profile_images/1278356990125719552/jNciLHjC_normal.jpg,https://twitter.com/VisualStudio/status/1224815397880434690,tweet_id:1224815397880434690
carlfranklin,@carlfranklin,2020-02-02T14:44:18.000Z,False,Reuse client-side #Blazor (wasm) UI and code in a server-side Blazor app http://appvnext.com/blog/2020/2/2/reuse-blazor-wasm-ui-in-blazor-server… using a technique  showed at NDC London 2020. Very cool!!,1,30,77,0,['#Blazor'],['@stevensanderson'],[],https://pbs.twimg.com/profile_images/784501894307807232/lNzLqIpz_normal.jpg,https://twitter.com/carlfranklin/status/1223980468036608000,tweet_id:1223980468036608000
Dapr,@daprdev,2020-02-03T20:33:43.000Z,False,"Join us tomorrow, 4th Feb 10am PST for the  community call https://github.com/dapr/dapr#community…This will be an update on all the great features landing in the v0.4 runtime release and Java SDK. Plenty of time for Q&A to hear your feedback. Agenda is here https://hackmd.io/xSrdvqY0TSyllYPEmOSEZQ?view#Dapr-Community-meeting-4th-February-2020…",0,25,42,0,[],['@daprdev'],[],https://pbs.twimg.com/profile_images/1184552949390831616/ayqz6MwA_normal.jpg,https://twitter.com/daprdev/status/1224430787660926980,tweet_id:1224430787660926980
Ed Charbeneau,@EdCharbeneau,2020-01-29T15:40:11.000Z,False,"Blazor WebAssembly 3.2.0 Preview 1 release now available

Version updated to 3.2
Simplified startup
Download size improvements
Support for .NET SignalR clienthttps://devblogs.microsoft.com/aspnet/blazor-webassembly-3-2-0-preview-1-release-now-available/…",0,16,32,0,[],[],[],https://pbs.twimg.com/profile_images/1773084972133261312/6qaBt_ma_normal.jpg,https://twitter.com/EdCharbeneau/status/1222544981182820353,tweet_id:1222544981182820353
Microsoft Azure,@Azure,2020-01-28T22:00:00.000Z,True,Deploying  a containerized application doesn’t have to be difficult. Watch  and  build a containerized React application and deploy it to production in minutes with #AKS:,1,39,70,0,['#AKS'],"['@jaydestro', '@DonovanBrown']",['\\U0001f6a2'],https://pbs.twimg.com/profile_images/1268207800313774080/KF9pXfXU_normal.jpg,https://twitter.com/Azure/status/1222278175457251328,tweet_id:1222278175457251328
The ASP.NET Team,@aspnet,2020-01-28T22:57:37.000Z,False,Blazor WebAssembly 3.2.0 Preview 1 release now available,5,140,232,0,[],[],[],https://pbs.twimg.com/profile_images/1390448160934305793/ohii8Hxq_normal.png,https://twitter.com/aspnet/status/1222292674415190016,tweet_id:1222292674415190016
James Newton-King ♔,@JamesNK,2020-01-27T15:02:24.000Z,False,Announcing experimental gRPC-Web support for .NET Core,7,176,403,0,[],[],[],https://pbs.twimg.com/profile_images/1112499001935290368/OV-IHWvz_normal.jpg,https://twitter.com/JamesNK/status/1221810695118786560,tweet_id:1221810695118786560
Carter,@CarterLibs,2020-01-27T21:48:36.000Z,False,"New release of Carter built against ASPNET Core 3.1 now available!

NuGet : https://nuget.org/packages/Carter/5.1.0…dotnet Template : https://nuget.org/packages/CarterTemplate/5.1.0…Release Notes :",0,11,20,0,[],[],[],https://pbs.twimg.com/profile_images/997184171821875200/A8eaxFi4_normal.png,https://twitter.com/CarterLibs/status/1221912917442027527,tweet_id:1221912917442027527
Microsoft Channel 9,@ch9,2020-01-23T20:56:32.000Z,False,Azure Event Hubs supported Protocols | On .NET http://dlvr.it/RNd9nD,0,7,8,0,[],[],[],https://pbs.twimg.com/profile_images/1145792011607277568/WCfnhkal_normal.png,https://twitter.com/ch9/status/1220450262269288455,tweet_id:1220450262269288455
.NET,@dotnet,2020-01-21T21:35:01.000Z,True,"#dotNETConf Focus on  Blazor replays on-demand are here 

Check out the full playlist on our new YouTube channel: http://msft.it/6011Tktj5",1,36,76,0,['#dotNETConf'],[],"['\\U0001f525', '\\U0001f525', '\\u203c\\ufe0f']",https://pbs.twimg.com/profile_images/1677092698791235584/Y1wFtWvG_normal.jpg,https://twitter.com/dotnet/status/1219735175019581441,tweet_id:1219735175019581441
NDC Conferences,@NDC_Conferences,2020-01-16T12:10:11.000Z,True,"Sign up for  &  2-day workshop ""Application Building with http://ASP.NET Core 3.1"" in which you'll learn the latest improvements in http://ASP.NET 3.1 at #NDCLondon#NDC #London #ASPdotNET http://ow.ly/7odP30q90G3",0,8,23,0,"['#NDCLondon', '#NDC', '#London', '#ASPdotNET']","['@davidfowl', '@DamianEdwards']",[],https://pbs.twimg.com/profile_images/715523296079585280/izjbgfa1_normal.jpg,https://twitter.com/NDC_Conferences/status/1217781087365189632,tweet_id:1217781087365189632
Sergey Kanzhelev,@SergeyKanzhelev,2020-01-16T20:43:22.000Z,False,Published yesterday based on the talk from KubeCon: : beyond getting started,1,17,31,0,[],['@OpenTelemetry'],[],https://pbs.twimg.com/profile_images/551241035657904128/Xk3Tmjju_normal.jpeg,https://twitter.com/SergeyKanzhelev/status/1217910235492311040,tweet_id:1217910235492311040
Steve Sanderson,@stevensanderson,2020-01-15T15:08:23.000Z,False,Blogged: Using gRPC services with Blazor WebAssembly applications. Coming very soon in preview packages!https://blog.stevensanderson.com/2020/01/15/2020-01-15-grpc-web-in-blazor-webassembly/…,9,91,210,0,[],[],[],https://pbs.twimg.com/profile_images/1637003753327828993/0ghE6HOW_normal.jpg,https://twitter.com/stevensanderson/status/1217463548458295296,tweet_id:1217463548458295296
Microsoft Channel 9,@ch9,2020-01-16T02:34:30.000Z,False,Did you miss the #dotNETConf Focus on #Blazor event? Watch the sessions on demand  https://youtube.com/playlist?list=PLdo4fOcmZ0oWlP1Qpzg7Dwzxr298ewdUQ…,2,35,43,0,"['#dotNETConf', '#Blazor']",[],"['\\U0001f622', '\\U0001f449', '\\U0001f600', '\\U0001f37f', '\\U0001f680']",https://pbs.twimg.com/profile_images/1145792011607277568/WCfnhkal_normal.png,https://twitter.com/ch9/status/1217636214028693504,tweet_id:1217636214028693504
The ASP.NET Team,@aspnet,2020-01-13T18:16:27.000Z,False,New documentation published: How to migrate from Newtonsoft.Json (http://Json.NET) to System.Text.Json: https://docs.microsoft.com/dotnet/standard/serialization/system-text-json-migrate-from-newtonsoft-how-to…,6,71,134,0,[],[],[],https://pbs.twimg.com/profile_images/1390448160934305793/ohii8Hxq_normal.png,https://twitter.com/aspnet/status/1216786099000864768,tweet_id:1216786099000864768
Microsoft Visual Studio,@VisualStudio,2020-01-13T20:00:01.000Z,True,Take a deep dive into #Blazor during the #dotNETConf happening January 14 at 8:00 AM PT: http://msft.it/6019TkDO1,2,26,52,0,"['#Blazor', '#dotNETConf']",[],[],https://pbs.twimg.com/profile_images/1278356990125719552/jNciLHjC_normal.jpg,https://twitter.com/VisualStudio/status/1216812162133430280,tweet_id:1216812162133430280
Stephanie Krone,@FrauKrone,2020-01-13T20:52:23.000Z,False,"Farbe ist keine Infrastruktur. Und „Schutzstreifen“ schützen nicht.  Wir brauchen eigene, hochqualitative Radwegenetze - Schluß mit Alibi-Infrastruktur! #MehrPlatzFürsRad https://t.co/KLTa1I7ba9",8,96,409,0,['#MehrPlatzFürsRad'],[],[],https://pbs.twimg.com/profile_images/1698337718596517888/rE4o4Dh__normal.jpg,https://twitter.com/FrauKrone/status/1216825340204666880,tweet_id:1216825340204666880
mastodon.social/@tmds,mastodon.social/@tmds,2020-01-06T08:48:54.000Z,False,Wrote a blog post about the various ways you can trace .NET Core applications https://developers.redhat.com/blog/2019/12/23/tracing-net-core-applications/…     ,0,28,69,0,[],"['@ziki_cz', '@jongalloway', '@runfaster2000', '@shayrojansky', '@davidfowl']",[],https://pbs.twimg.com/profile_images/1353609470056796160/P3K8aG-n_normal.jpg,https://twitter.com/tomdeseyn/status/1214106553852276736,tweet_id:1214106553852276736
.NET,@dotnet,2020-01-06T14:00:00.000Z,True,"There are many options you could use for messaging in   

In this episode of  #OnDotNet  talks to us about Azure Service Bus and how it differs from the other Azure offerings https://channel9.msdn.com/Shows/On-NET/Azure-Service-Bus-from-the-ground-up?WT.mc_id=ondotnet-twitter-cephilli… #dotnet #messaging #amqp",0,23,49,0,"['#OnDotNet', '#dotnet', '#messaging', '#amqp']","['@Azure', '@ashishc1']","['\\U0001f937\\U0001f3fe\\u200d\\u2642\\ufe0f', '\\U0001f680']",https://pbs.twimg.com/profile_images/1677092698791235584/Y1wFtWvG_normal.jpg,https://twitter.com/dotnet/status/1214184845267677184,tweet_id:1214184845267677184
Microsoft Visual Studio,@VisualStudio,2020-01-06T19:01:02.000Z,True,Announcing the preview of a DataFrame type for #dotNET to make data exploration easy. Get an overview of this new type and how you can use it from Jupyter notebooks: http://msft.it/6017TX5kT,1,14,24,0,['#dotNET'],[],[],https://pbs.twimg.com/profile_images/1278356990125719552/jNciLHjC_normal.jpg,https://twitter.com/VisualStudio/status/1214260602333515777,tweet_id:1214260602333515777
Microsoft Visual Studio,@VisualStudio,2020-01-06T21:14:01.000Z,True,Explore the new Worker Service template in .NET Core 3 which offers a consistent startup environment between #ASPdotNET Core and Console applications: http://msft.it/6019TX5kV,0,22,65,0,['#ASPdotNET'],[],[],https://pbs.twimg.com/profile_images/1278356990125719552/jNciLHjC_normal.jpg,https://twitter.com/VisualStudio/status/1214294069498851329,tweet_id:1214294069498851329
Microsoft Channel 9,@ch9,2020-01-02T16:12:33.000Z,False,Azure Service Bus from the ground up | On .NET http://dlvr.it/RMJxJy,0,12,26,0,[],[],[],https://pbs.twimg.com/profile_images/1145792011607277568/WCfnhkal_normal.png,https://twitter.com/ch9/status/1212768650316271617,tweet_id:1212768650316271617
The Weekly,@TheWeekly,2019-12-27T12:00:00.000Z,False,"A new documentary from #TheWeeklyNYT now on : Videos reveal new details about the case of Edward Gallagher, a Navy SEAL accused by his own men of war crimes and whose defenders include President Trump. Also watch this Sunday on . https://hulu.tv/31ZTui4",15,201,255,0,['#TheWeeklyNYT'],"['@Hulu', '@FXNetworks']",[],https://pbs.twimg.com/profile_images/1128050383467831297/gm5yiD6u_normal.png,https://twitter.com/TheWeekly/status/1210530767518027777,tweet_id:1210530767518027777
Thomas Levesque,@thomaslevesque,2019-12-20T11:35:10.000Z,False,"Just blogged: #AspNetCore: when environments are not enough, use sub-environments!",0,27,47,0,['#AspNetCore'],[],[],https://pbs.twimg.com/profile_images/1240620589989101568/OeyIrs7g_normal.jpg,https://twitter.com/thomaslevesque/status/1207987803407171585,tweet_id:1207987803407171585
.NET,@dotnet,2019-12-21T13:28:00.000Z,True,"Are you familiar with Expression Bodied Members in C#? 

If you have a few minutes,  and  would love to show you how this feature works  https://channel9.msdn.com/Shows/On-NET/CSharp-Language-Highlights-Expression-Bodied-Members?WT.mc_id=ondotnet-twitter-cephilli… #csharp #dotnet",0,29,95,0,"['#csharp', '#dotnet']","['@gotheap', '@mairacw']",['\\U0001f60e'],https://pbs.twimg.com/profile_images/1677092698791235584/Y1wFtWvG_normal.jpg,https://twitter.com/dotnet/status/1208378586459070464,tweet_id:1208378586459070464
Microsoft Azure,@Azure,2019-12-21T00:12:01.000Z,True,"Get simplified guidance for common design patterns, principles, and best practices for working in #Azure. Download the e-book: http://msft.it/6012Tnofo",3,147,276,0,['#Azure'],[],[],https://pbs.twimg.com/profile_images/1268207800313774080/KF9pXfXU_normal.jpg,https://twitter.com/Azure/status/1208178270648311813,tweet_id:1208178270648311813
Azure Support,@AzureSupport,2019-12-18T20:01:13.000Z,True,"Want to understand more about block blobs, append blobs and page blobs? Get started here! #AzureBlob",0,2,9,0,['#AzureBlob'],[],[],https://pbs.twimg.com/profile_images/1092544910681489408/d73EPGla_normal.jpg,https://twitter.com/AzureSupport/status/1207390379512868864,tweet_id:1207390379512868864
Microsoft Developer,@msdev,2019-12-17T22:12:01.000Z,True,"Learn how to use tools and APIs to automate scalable distributed systems for online services, #ML applications, or even a cluster of Raspberry Pi computers. Get the  O’Reilly e-book:https://azure.microsoft.com/en-us/resources/kubernetes-up-and-running/…",0,49,68,0,['#ML'],[],[],https://pbs.twimg.com/profile_images/1768324979303874560/3IRejxE9_normal.jpg,https://twitter.com/msdev/status/1207060908859629574,tweet_id:1207060908859629574
Microsoft Visual Studio,@VisualStudio,2019-12-17T23:07:01.000Z,True,Get a quick look at the async main language available in #CSharp: http://msft.it/6010Tnk5i,1,16,46,0,['#CSharp'],[],[],https://pbs.twimg.com/profile_images/1278356990125719552/jNciLHjC_normal.jpg,https://twitter.com/VisualStudio/status/1207074752063516672,tweet_id:1207074752063516672
.NET,@dotnet,2019-12-16T17:02:00.000Z,True,"Welcome DataFrame, an API that makes it easier to explore and process data.",1,88,171,0,[],[],[],https://pbs.twimg.com/profile_images/1677092698791235584/Y1wFtWvG_normal.jpg,https://twitter.com/dotnet/status/1206620502384693248,tweet_id:1206620502384693248
Immo Landwerth,@terrajobst,2019-12-13T01:40:59.000Z,False,"Are you building libraries using async/await? Have you heard about ConfigureAwait? If either is true, this blog post from Stephen is for you.",6,103,288,0,[],[],[],https://pbs.twimg.com/profile_images/1648031277990445056/zLkJsvkl_normal.jpg,https://twitter.com/terrajobst/status/1205301557878591489,tweet_id:1205301557878591489
Kristian Hellang,@khellang,2019-12-13T10:53:38.000Z,True,An Introduction to System.Threading.Channels by  is finally here!  https://devblogs.microsoft.com/dotnet/an-introduction-to-system-threading-channels/…,2,30,58,0,[],['@stephentoub'],['\\U0001f389'],https://pbs.twimg.com/profile_images/1605628032361938945/ytNWYZbF_normal.jpg,https://twitter.com/khellang/status/1205440635114868736,tweet_id:1205440635114868736
brendandburns,@brendandburns,2019-12-11T18:54:40.000Z,False,"Fully private clusters are now public preview on  Kubernetes Service!https://azure.microsoft.com/en-us/updates/azure-private-link-support-in-aks-now-in-preview/…Managed Kubernetes from Azure with an IP address only available from your private network.

Many thanks and congrats to Azure Kubernetes and Networking teams! Awesome work!",9,254,427,0,[],['@Azure'],[],https://pbs.twimg.com/profile_images/479471261949509632/YnmlTcNl_normal.jpeg,https://twitter.com/brendandburns/status/1204836917818220544,tweet_id:1204836917818220544
Microsoft Visual Studio,@VisualStudio,2019-12-11T22:12:01.000Z,True,"ReactiveUI and Reactive Extensions give us tooling to work in the chaotic, event-based world of mobile apps. Learn how to use them to build elegant and easy to understand apps:http://msft.it/6012TVNYe #Xamarin",1,18,45,0,['#Xamarin'],[],[],https://pbs.twimg.com/profile_images/1278356990125719552/jNciLHjC_normal.jpg,https://twitter.com/VisualStudio/status/1204886582035206144,tweet_id:1204886582035206144
"Andrew Lock ""Sock""",@andrewlocknet,2019-12-10T13:18:00.000Z,False,"Blogged, my contribution to C# Advent: .NET Core, Docker, and Cultures - Solving a culture issue porting a .NET Core app from Windows to Linux https://buff.ly/2Pvjo7R #aspnetcore #dotnetcore #CSAdvent",0,19,26,0,"['#aspnetcore', '#dotnetcore', '#CSAdvent']",[],[],https://pbs.twimg.com/profile_images/1031294903425396736/NykEnHa8_normal.jpg,https://twitter.com/andrewlocknet/status/1204389804525404162,tweet_id:1204389804525404162
Kubernetes,@kubernetesio,2019-12-10T14:41:05.000Z,True,"Excited to announce the delivery of #Kubernetes 1.17, our fourth and final release of 2019! ",3,286,596,0,['#Kubernetes'],[],"['\\U0001f31f', '\\U0001f389', '\\U0001f973']",https://pbs.twimg.com/profile_images/511909265720614913/21_d3cvM_normal.png,https://twitter.com/kubernetesio/status/1204410714380742656,tweet_id:1204410714380742656
.NET,@dotnet,2019-12-10T21:12:06.000Z,True,"...so you know, last week we  that Entity Framework Core 3.1  Entity Framework 6.4 are now generally available. Did you make sure to see what's  and  it? If not, here you go: https://devblogs.microsoft.com/dotnet/announcing-entity-framework-core-3-1-and-entity-framework-6-4/…",0,24,47,0,[],[],"['\\U0001f4e3', '\\u2795', '\\U0001f195', '\\u2935\\ufe0f']",https://pbs.twimg.com/profile_images/1677092698791235584/Y1wFtWvG_normal.jpg,https://twitter.com/dotnet/status/1204509115202129925,tweet_id:1204509115202129925
.NET,@dotnet,2019-12-09T22:55:29.000Z,True,We made Windows Server Core container images >40% smaller,3,112,197,0,[],[],[],https://pbs.twimg.com/profile_images/1677092698791235584/Y1wFtWvG_normal.jpg,https://twitter.com/dotnet/status/1204172743760965633,tweet_id:1204172743760965633
Christian Kreil,@KreilChristian,2019-12-07T09:40:22.000Z,False,"Der Staat schreibt vor, dass wir beim Autofahren maximal 0,5 Promille Alkohol im Blut haben dürfen. 

Zwang ist nie gut. Individueller Alkoholentscheid wäre die Lösung. 

Jeder weiß am besten, wie viel er verträgt, wenn er fährt. 

Sie lasen einen Beitrag zur Impfpflicht.",102,987,"5,964",0,[],[],[],https://pbs.twimg.com/profile_images/1780505930699771904/CWT74VjN_normal.jpg,https://twitter.com/KreilChristian/status/1203247872675852288,tweet_id:1203247872675852288
Sung Yoon Whang,@sywhang95,2019-12-07T07:20:29.000Z,False,"Microsoft.Diagnostics.NETCore.Client has been officially released to NuGet!! https://nuget.org/packages/Microsoft.Diagnostics.NETCore.Client/0.1.0-preview.19606.2… 

This library lets you communicate with CoreCLR for various diagnostics purposes (start EventPipe session, write a core dump, attach an ICorProfiler).",3,74,242,0,[],[],[],https://pbs.twimg.com/profile_images/1118670764733898753/f7va-GyW_normal.png,https://twitter.com/sywhang95/status/1203212668028342273,tweet_id:1203212668028342273
.NET,@dotnet,2019-12-06T07:36:34.000Z,True,".NET Core 2.2 will reach End of Life on December 23, 2019",4,116,120,0,[],[],[],https://pbs.twimg.com/profile_images/1677092698791235584/Y1wFtWvG_normal.jpg,https://twitter.com/dotnet/status/1202854328781770752,tweet_id:1202854328781770752
Microsoft Azure,@Azure,2019-12-04T20:12:07.000Z,True,The Application Gateway Ingress Controller for Azure #Kubernetes Service is now available. Explore the features: http://msft.it/6019TVKH1,0,12,23,0,['#Kubernetes'],[],[],https://pbs.twimg.com/profile_images/1268207800313774080/KF9pXfXU_normal.jpg,https://twitter.com/Azure/status/1202319691361992705,tweet_id:1202319691361992705
Jon Galloway,@jongalloway,2019-12-04T00:08:18.000Z,False,#ASPNET Community Links for this week: https://theurlist.com/aspnet-standup-2019-12-03…,1,6,14,0,['#ASPNET'],[],[],https://pbs.twimg.com/profile_images/909106094559027201/FXPtVIJe_normal.jpg,https://twitter.com/jongalloway/status/1202016743104712705,tweet_id:1202016743104712705
.NET,@dotnet,2019-12-03T18:57:12.000Z,True,Announcing .NET Core 3.1 LTS release:,14,415,566,0,[],[],[],https://pbs.twimg.com/profile_images/1677092698791235584/Y1wFtWvG_normal.jpg,https://twitter.com/dotnet/status/1201938451261620225,tweet_id:1201938451261620225
.NET,@dotnet,2019-12-03T19:23:10.000Z,True,http://ASP.NET Core updates in .NET Core 3.1 https://devblogs.microsoft.com/aspnet/asp-net-core-updates-in-net-core-3-1/…,3,78,117,0,[],[],[],https://pbs.twimg.com/profile_images/1677092698791235584/Y1wFtWvG_normal.jpg,https://twitter.com/dotnet/status/1201944985664311296,tweet_id:1201944985664311296
DevOps on Azure,@AzureDevOps,2019-12-03T20:12:01.000Z,False,"Want to better understand variable syntax, how to set variables in a pipeline, or how to set variables in scripts/expressions? 

This #AzureDevOps101 will help: http://msft.social/8IPLbP",0,20,28,0,['#AzureDevOps101'],[],[],https://pbs.twimg.com/profile_images/1145617831905681408/XNKktHjN_normal.png,https://twitter.com/AzureDevOps/status/1201957280075460608,tweet_id:1201957280075460608
Filip W (@filipw@mathstodon.xyz),Filip W (@filipw@mathstodon.xyz),2019-12-02T08:09:32.000Z,False,"simply updated from  on .NET Core 2.1 to Identity Server on .NET Core 3.0, no other changes. 50% improvement in token issuing performancerespect   ",5,69,231,0,[],"['@IdentityServer', '@davidfowl', '@leastprivilege']","['\\U0001f44f', '\\U0001f44f']",https://pbs.twimg.com/profile_images/1884742088/IMG273_small_normal.jpg,https://twitter.com/filip_woj/status/1201413073401196544,tweet_id:1201413073401196544
Fridays for Future Hamburg,@fff_hamburg,2019-11-29T11:44:01.000Z,False,"Hamburg, das sieht doch schon ganz vielversprechend aus! Wir machen deutlich: Es braucht einen #NeustartKlima!  #GlobalClimateStrike #Klimastreik",4,41,205,0,"['#NeustartKlima', '#GlobalClimateStrike', '#Klimastreik']",[],['\\U0001f30d'],https://pbs.twimg.com/profile_images/1438419079392636929/fvm-cFsK_normal.jpg,https://twitter.com/fff_hamburg/status/1200379884910055424,tweet_id:1200379884910055424
OpenTelemetry,@opentelemetry,2019-11-27T17:41:36.000Z,False,"If you missed any OpenTelemetry talks at #KubeCon, we’ve got you covered with this playlist: https://bit.ly/34rsb0U",0,21,62,0,['#KubeCon'],[],[],https://pbs.twimg.com/profile_images/1544695759907561473/QJkK3JTw_normal.jpg,https://twitter.com/opentelemetry/status/1199745097337729024,tweet_id:1199745097337729024
extra3,@extra3,2019-11-18T15:41:23.000Z,True,"1,1 Milliarden Euro für den #Netzausbau. Dann kann es sofort losgehen! Den Vertrag mit Huawei wird Andreas #Scheuer ja bestimmt schon im Sommer unterschrieben haben. #Maut",6,68,750,0,"['#Netzausbau', '#Scheuer', '#Maut']",[],[],https://pbs.twimg.com/profile_images/1526509426609356803/cMtQFcji_normal.jpg,https://twitter.com/extra3/status/1196453356509810691,tweet_id:1196453356509810691
Al Bundy,@Real_AlBundy,2019-11-18T17:06:02.000Z,False,"Ich weiß nicht mehr was heute nötig ist, um korrupte oder unfähige Politiker ihres Amtes erheben.
Soviel ist klar. Eine Milliarde ins Klo spülen, lügen, betrügen und über 80 Millionen unnötig für Berater zu zahlen, scheint inzwischen als tragbar zu gelten!#Scheuer #CDU #CSU",4,38,97,0,"['#Scheuer', '#CDU', '#CSU']",[],[],https://pbs.twimg.com/profile_images/1604555149594206208/92wWcMs0_normal.jpg,https://twitter.com/Real_AlBundy/status/1196474656670277632,tweet_id:1196474656670277632
DevOps on Azure,@AzureDevOps,2019-11-15T19:51:01.000Z,False,"The #Git Commit Graph feature has grown and evolved - and the new updates are rolling out soon. Read what you should know about the feature, and what you can expect when you upgrade: http://msft.social/rCoitB",0,25,36,0,['#Git'],[],[],https://pbs.twimg.com/profile_images/1145617831905681408/XNKktHjN_normal.png,https://twitter.com/AzureDevOps/status/1195429014795632640,tweet_id:1195429014795632640
Luis Bósquez,@_lbosq,2019-11-13T07:15:19.000Z,False,"HEY, guess what? We now have #MongoDB v3.6 wire protocol support on #CosmosDB. Read more here:",0,31,37,0,"['#MongoDB', '#CosmosDB']",[],[],https://pbs.twimg.com/profile_images/882750894466408451/ZhFF9Qq9_normal.jpg,https://twitter.com/_lbosq/status/1194514058772434944,tweet_id:1194514058772434944
Nico Semsrott,@nicosemsrott,2019-11-13T19:00:10.000Z,False,,34,147,766,0,[],[],[],https://pbs.twimg.com/profile_images/1770529553032622080/CbVGm-wt_normal.jpg,https://twitter.com/nicosemsrott/status/1194691441492201472,tweet_id:1194691441492201472
Sergey Kanzhelev,@SergeyKanzhelev,2019-11-13T19:25:29.000Z,False,Improvements in http://ASP.NET 3.0 to be distributed tracing aware:,0,2,4,0,[],[],[],https://pbs.twimg.com/profile_images/551241035657904128/Xk3Tmjju_normal.jpeg,https://twitter.com/SergeyKanzhelev/status/1194697811264016390,tweet_id:1194697811264016390
Nico Semsrott,@nicosemsrott,2019-11-13T17:27:55.000Z,False,"Nachdem das Parlament mir meinen Auftritt verboten hat, lügt es jetzt auch noch (siehe Ende des Artikels). Mir wurden keine Alternativen für einen Auftritt angeboten.

LOL.https://derwesten.de/politik/eklat-im-europaparlament-abgeordneter-nico-semsrott-die-stimmung-war-sehr-aggressiv-id227639941.html…",63,621,"3,550",0,[],[],[],https://pbs.twimg.com/profile_images/1770529553032622080/CbVGm-wt_normal.jpg,https://twitter.com/nicosemsrott/status/1194668225725968384,tweet_id:1194668225725968384
Francesca Lazzeri,@frlazzeri,2019-11-12T16:08:33.000Z,False,"Here is the release of Rock, Paper, Scissors, Lizard, Spock sample application running on  presented at #MSIgnite 2019 by  and friends -- While playing, you can learn how to deploy your own environment or even build your own bot ",1,18,44,0,['#MSIgnite'],"['@Azure', '@shanselman']",['\\U0001f499'],https://pbs.twimg.com/profile_images/1600157181940273152/UsrQIiHU_normal.jpg,https://twitter.com/frlazzeri/status/1194285864102309890,tweet_id:1194285864102309890
.NET,@dotnet,2019-11-11T16:02:00.000Z,True,"Check out this post from our friend  at . With Pulumi, it's possible to declare all of your Azure infrastructure as code using your favorite .NET Core language.",3,99,165,0,[],"['@funcOfJoe', '@PulumiCorp']",[],https://pbs.twimg.com/profile_images/1677092698791235584/Y1wFtWvG_normal.jpg,https://twitter.com/dotnet/status/1193921827724300300,tweet_id:1193921827724300300
brendandburns,@brendandburns,2019-11-12T00:16:26.000Z,False,"Native  Ingress for Kubernetes hits GA (general availability)!https://github.com/Azure/application-gateway-kubernetes-ingress/releases/tag/1.0.0…Many congrats to the team, awesome work!",8,194,392,0,[],['@Azure'],[],https://pbs.twimg.com/profile_images/479471261949509632/YnmlTcNl_normal.jpeg,https://twitter.com/brendandburns/status/1194046255292243969,tweet_id:1194046255292243969
João Antunes,@joaofbantunes,2019-11-08T12:10:59.000Z,False,"Quick http://ASP.NET Core tip:
If you have a controller with a bunch of actions, and have a dependency used by only one, instead of injecting it in the constructor you can put it in the the action method, decorated with the FromServices attribute.#dotnet #aspnetcore",7,37,139,0,"['#dotnet', '#aspnetcore']",[],[],https://pbs.twimg.com/profile_images/1559119809048084486/bJHOWR9Q_normal.jpg,https://twitter.com/joaofbantunes/status/1192776528645500929,tweet_id:1192776528645500929
Justin Kotalik,@JustinKotalik,2019-11-08T05:32:21.000Z,False,First HTTP/3 PR to AspNetCore. Still mostly prototype code so it's rough around the edges. But glad it's public!,3,48,153,0,[],[],[],https://pbs.twimg.com/profile_images/1496253423305383939/k6PQ-k1e_normal.jpg,https://twitter.com/JustinKotalik/status/1192676209957601280,tweet_id:1192676209957601280
Dominick Baier,@leastprivilege,2019-11-07T08:28:14.000Z,False,“Securing Web Applications and APIs with http://ASP.NET Core 3”https://vimeo.com/showcase/6535647/video/369311388…My last talk for 2019. promised.,3,40,143,0,[],['@jongalloway'],[],https://pbs.twimg.com/profile_images/1678571740/20110506-IMG_0640-Edit_normal.jpg,https://twitter.com/leastprivilege/status/1192358084062142464,tweet_id:1192358084062142464
Rick ASP.NET Core MSFT,@RickAndMSFT,2019-11-05T22:42:49.000Z,False,Memory management and GC in #aspnetcore with cool graphical tool,2,51,142,0,['#aspnetcore'],[],[],https://pbs.twimg.com/profile_images/1483917298377265153/vs5hs6Sr_normal.jpg,https://twitter.com/RickAndMSFT/status/1191848371411046400,tweet_id:1191848371411046400
I'm a Developer,@im_a_developer,2019-11-06T13:25:36.000Z,False,How to Creating Reusable Angular Components https://morioh.com/p/ffbec2e2f067?f=5c22e47440738156a7078a19… via #angular #angularjs #javascript,0,1,1,0,"['#angular', '#angularjs', '#javascript']",['@im_a_developer'],[],https://pbs.twimg.com/profile_images/518809184800755714/nqzuGebB_normal.png,https://twitter.com/im_a_developer/status/1192070527994621952,tweet_id:1192070527994621952
Stephanie Krone,@FrauKrone,2019-11-04T22:23:04.000Z,False,"Das unheilvolle Wesen des Autoverkehrs: Er füllt den zur Verfügung stehenden Raum. Wenn wir Verkehrsprobleme lösen wollen, brauchen wir effiziente Alternativen zum Auto. #MehrPlatzFürsRad",7,64,179,0,['#MehrPlatzFürsRad'],[],[],https://pbs.twimg.com/profile_images/1698337718596517888/rE4o4Dh__normal.jpg,https://twitter.com/FrauKrone/status/1191481012779462656,tweet_id:1191481012779462656
Michael Shpilt,@MichaelShpilt,2019-11-04T11:26:10.000Z,False,Performance analysis of .NET Core 3 apps on Linux in my new blog post https://michaelscodingspot.com/dotnet-trace/ #dotnet #perfview #dotnetcore #csharp,1,33,72,0,"['#dotnet', '#perfview', '#dotnetcore', '#csharp']",[],[],https://pbs.twimg.com/profile_images/1561245741137510400/t3RF0neI_normal.jpg,https://twitter.com/MichaelShpilt/status/1191315698422886400,tweet_id:1191315698422886400
@ADFC_Hamburg@norden.social,@ADFC_Hamburg@norden.social,2019-11-05T11:41:46.000Z,False,"Jeder -km kostet der Allgemeinheit 10,80 Cent, 7,4 Mrd. € an umweltschädlichen Bundessubventionen gehen allein für die niedrigere Besteuerung des Diesel-Kraftstoffs drauf. #Verkehrswende #Mobilitätsatlas  . https://boell.de/de/mobilitaetsatlas… https://spiegel.de/auto/aktuell/mobilitaetsatlas-2019-wie-sich-deutschland-bewegt-und-was-es-kostet-a-1294503.html…",0,16,25,0,"['#Verkehrswende', '#Mobilitätsatlas']","['@VCDeV', '@boell_stiftung']",['\\U0001f698'],https://pbs.twimg.com/profile_images/1217186456906629121/gFhkeH5G_normal.jpg,https://twitter.com/ADFC_Hamburg/status/1191682009380401155,tweet_id:1191682009380401155
Olia Gavrysh @oliagavrysh@hachyderm.io,Olia Gavrysh @oliagavrysh@hachyderm.io,2019-11-05T14:52:22.000Z,False,What are differences between desktop apps on .NET Framework and on .NET Core? What will I get from moving to  Core? How do I get started? Answers to those and many other questions in my blog post .NET Core 3 for Windows Desktop,6,90,211,0,[],[],[],https://pbs.twimg.com/profile_images/1073470993962659840/udA3f60x_normal.jpg,https://twitter.com/oliagavrysh/status/1191729978741870593,tweet_id:1191729978741870593
"Andrew Lock ""Sock""",@andrewlocknet,2019-11-05T13:18:01.000Z,False,Blogged: Converting a .NET Standard 2.0 library to .NET Core 3.0: Upgrading to ASP.NET Core 3.0 - Part 1 https://buff.ly/33jAg7i #aspnetcore #dotnetcore,1,51,95,0,"['#aspnetcore', '#dotnetcore']",[],[],https://pbs.twimg.com/profile_images/1031294903425396736/NykEnHa8_normal.jpg,https://twitter.com/andrewlocknet/status/1191706231779577856,tweet_id:1191706231779577856
.NET,@dotnet,2019-11-04T14:08:51.000Z,True,Announcing .NET Core 3.1 Preview 2,1,58,103,0,[],[],[],https://pbs.twimg.com/profile_images/1677092698791235584/Y1wFtWvG_normal.jpg,https://twitter.com/dotnet/status/1191356637019291648,tweet_id:1191356637019291648
Jan Zieschang,@splushi,2019-11-03T11:06:06.000Z,False,"Es gilt halt auf der Straße: der Stärkste überlebt"". Die Strafen sind doch viel zu niedrig für solche Aktionen. Hoffentlich wieder vom Schreck etwas erhohlt. https://x.com/ChaWiBiker/sta/ChaWiBiker/status/1190352192697438209…",0,0,0,0,[],[],[],https://pbs.twimg.com/profile_images/980346126288216064/9uvqYjCP_normal.jpg,https://twitter.com/splushi/status/1190948260694941702,tweet_id:1190948260694941702
Mai Thi Nguyen-Kim,@maithi_nk,2019-11-03T10:34:35.000Z,False,Sucht eure Impfpässe!,34,149,597,0,[],[],[],https://pbs.twimg.com/profile_images/874422190610972672/Uxg6R7zj_normal.jpg,https://twitter.com/maithi_nk/status/1190940326174822401,tweet_id:1190940326174822401
Jan Zieschang,@splushi,2019-11-01T15:19:16.000Z,False,Guter Punkt! Aber leider ist auch aktuell der ÖPNV nicht in der Lage einen Großteil des Autoverkehrs aufzunehmen. Da muss noch viel mehr getan werden.,0,0,0,0,[],[],[],https://pbs.twimg.com/profile_images/980346126288216064/9uvqYjCP_normal.jpg,https://twitter.com/splushi/status/1190287194646286341,tweet_id:1190287194646286341
Microsoft Channel 9,@ch9,2019-11-01T02:45:03.000Z,False,How Service Meshes Work in Kubernetes | The Cloud Native Show,0,8,11,0,[],[],[],https://pbs.twimg.com/profile_images/1145792011607277568/WCfnhkal_normal.png,https://twitter.com/ch9/status/1190097391841529856,tweet_id:1190097391841529856
Azure Support,@AzureSupport,2019-11-01T11:00:29.000Z,True, [TIP] You can manage an #Azure Cache for Redis using #PowerShell. Check out the list of cmdlets in the Azure docs: https://docs.microsoft.com/en-us/azure/azure-cache-for-redis/cache-how-to-manage-redis-cache-powershell…,0,1,6,0,"['#Azure', '#PowerShell']",[],['\\U0001f4a1'],https://pbs.twimg.com/profile_images/1092544910681489408/d73EPGla_normal.jpg,https://twitter.com/AzureSupport/status/1190222069591613440,tweet_id:1190222069591613440
.NET,@dotnet,2019-10-30T19:42:29.000Z,True,"Find out what it takes to build with #dotNET for #ApacheSpark in just a few short video #tutorials! 

Check 'em out: http://msft.social/mXml2V",0,11,20,0,"['#dotNET', '#ApacheSpark', '#tutorials']",[],[],https://pbs.twimg.com/profile_images/1677092698791235584/Y1wFtWvG_normal.jpg,https://twitter.com/dotnet/status/1189628658782265344,tweet_id:1189628658782265344
.NET,@dotnet,2019-10-30T20:22:56.000Z,True,Introducing Orleans 3.0,1,95,206,0,[],[],[],https://pbs.twimg.com/profile_images/1677092698791235584/Y1wFtWvG_normal.jpg,https://twitter.com/dotnet/status/1189638838492123137,tweet_id:1189638838492123137
Microsoft Channel 9,@ch9,2019-10-24T23:21:33.000Z,False,Mark Russinovich on future of Azure and databases | Data Exposed | Data Exposed http://dlvr.it/RGvb7R,0,8,15,0,[],[],[],https://pbs.twimg.com/profile_images/1145792011607277568/WCfnhkal_normal.png,https://twitter.com/ch9/status/1187509462929567744,tweet_id:1187509462929567744
Microsoft Azure,@Azure,2019-10-25T17:12:00.000Z,True,"With this guide, you’ll understand the basics of #Kubernetes and get hands-on experience with its various components. Explore the Learning Path:  http://msft.it/6010TrbAo",0,46,135,0,['#Kubernetes'],[],[],https://pbs.twimg.com/profile_images/1268207800313774080/KF9pXfXU_normal.jpg,https://twitter.com/Azure/status/1187778850060718081,tweet_id:1187778850060718081
.NET,@dotnet,2019-10-25T17:21:33.000Z,True,Discover what you can do with #Docker and #dotNET in just a few short video #tutorials! http://msft.social/em5fNG,0,30,54,0,"['#Docker', '#dotNET', '#tutorials']",[],[],https://pbs.twimg.com/profile_images/1677092698791235584/Y1wFtWvG_normal.jpg,https://twitter.com/dotnet/status/1187781254680403968,tweet_id:1187781254680403968
Microsoft Channel 9,@ch9,2019-10-25T17:23:33.000Z,False,"Learn all about Distributed Application Runtime (Dapr), Part 1 | Azure Friday",0,6,6,0,[],[],[],https://pbs.twimg.com/profile_images/1145792011607277568/WCfnhkal_normal.png,https://twitter.com/ch9/status/1187781755354267648,tweet_id:1187781755354267648
Microsoft Visual Studio,@VisualStudio,2019-10-16T17:36:01.000Z,True,"What is #Docker?
Why should I use it with my #dotNET Core applications?
Get the answers with  in part one of the Docker and .NET Core 101 series:http://msft.it/6011TRLhR",0,52,89,0,"['#Docker', '#dotNET']",['@spboyer'],[],https://pbs.twimg.com/profile_images/1278356990125719552/jNciLHjC_normal.jpg,https://twitter.com/VisualStudio/status/1184523401718915072,tweet_id:1184523401718915072
Steve Gordon,@stevejgordon,2019-10-15T11:52:25.000Z,False,"Just blogged: Health Checks with gRPC and #AspNetCore 3.0. https://stevejgordon.co.uk/health-checks-with-grpc-and-asp-net-core-3…. In this post, we'll discuss two options for adding health checks to a gRPC server.",2,24,94,0,['#AspNetCore'],[],[],https://pbs.twimg.com/profile_images/1103586251364618241/mmCfy8Dc_normal.png,https://twitter.com/stevejgordon/status/1184074545864630272,tweet_id:1184074545864630272
Rick ASP.NET Core MSFT,@RickAndMSFT,2019-10-09T21:36:58.000Z,False,#aspnetcore perf & reliability by ,8,122,307,0,['#aspnetcore'],['@davidfowl'],[],https://pbs.twimg.com/profile_images/1483917298377265153/vs5hs6Sr_normal.jpg,https://twitter.com/RickAndMSFT/status/1182047323934707712,tweet_id:1182047323934707712
The Energy Transition Blog,@EnergiewendeGER,2019-10-11T08:41:00.000Z,False,"Nearly half (49%) of Germans (largest group) say in latest poll that German climate policy ""does not go far enough"" -- so much for ""but we need to go slow and make sure people accept change""",0,19,11,0,[],[],[],https://pbs.twimg.com/profile_images/1775557814657687552/yi8cDTrq_normal.png,https://twitter.com/EnergiewendeGER/status/1182576823705788417,tweet_id:1182576823705788417
The Energy Transition Blog,@EnergiewendeGER,2019-10-10T15:39:51.000Z,False,"So there's a new study out in Germany about how renewables *saved* more money than they cost -- nearly €9 bn annually from 2011-2018. Stealing from , here's the main findings now in English",1,8,12,0,[],['@RenewsTweet'],[],https://pbs.twimg.com/profile_images/1775557814657687552/yi8cDTrq_normal.png,https://twitter.com/EnergiewendeGER/status/1182319844068384769,tweet_id:1182319844068384769
Microsoft Azure,@Azure,2019-10-10T16:12:00.000Z,True,Download Effective DevOps from O’Reilly to find out how to build a strong and sustainable #AzureDevOps culture within your organization: http://msft.it/6019TR5UZ,0,46,86,0,['#AzureDevOps'],[],[],https://pbs.twimg.com/profile_images/1268207800313774080/KF9pXfXU_normal.jpg,https://twitter.com/Azure/status/1182327932326416384,tweet_id:1182327932326416384
Jan Zieschang,@splushi,2019-10-08T05:56:29.000Z,False,Would be nice also to know about imports and exports to other countries. But lot to do before fossil free.,0,0,2,0,[],[],[],https://pbs.twimg.com/profile_images/980346126288216064/9uvqYjCP_normal.jpg,https://twitter.com/splushi/status/1181448259560247301,tweet_id:1181448259560247301
Kelly Sommers,@kellabyte,2019-10-07T19:52:50.000Z,False,"I’ve been saying for years the architecture of Redis has been poorly designed in it’s single threaded nature among several other issues.

KeyDB is a multi-threaded fork that attempts to fix some of these issues and achieves 5x the perf.",8,101,439,0,[],[],[],https://pbs.twimg.com/profile_images/2808005971/b81b99287e78b1cd6cbd0e5cbfb3295c_normal.png,https://twitter.com/kellabyte/status/1181296345744838658,tweet_id:1181296345744838658
Fridays for Future Germany,@FridayForFuture,2019-10-07T07:15:04.000Z,False,"Reaktionen auf’s Klimapaket: 
- 1,4 Millionen protestieren
- “Dokument der Mutlosigkeit”
- wütende Wissenschaftler*innen
- “drastische Überarbeitung nötig”

Reaktion der BReg: 
- das schon schwache #Klimaschutzgesetz weiter abschwächen  https://sz.de/1.4629999",64,459,"1,770",0,['#Klimaschutzgesetz'],[],[],https://pbs.twimg.com/profile_images/1667134564634882048/HnV8p_zy_normal.jpg,https://twitter.com/FridayForFuture/status/1181105646579671040,tweet_id:1181105646579671040
Bruno Burger,@energy_charts,2019-10-01T11:47:09.000Z,False,"Seven months in a row more renewable than fossil electricity in Germany!
Since March 2019, the renewable energies hydropower, biomass, wind and solar have been generating more electricity than the fossil energies lignite, hard coal, oil and gas.",6,71,112,0,[],[],[],https://pbs.twimg.com/profile_images/1379882489901105152/O4apUdNR_normal.jpg,https://twitter.com/energy_charts/status/1178999789859622912,tweet_id:1178999789859622912
Michael Flammer #KlimaVor8,@Jumpsteady,2019-09-28T22:33:17.000Z,False,"Wie geschmacklos ist das denn bitte, Herr ? Es tut mir fast körperlich weh, dass ich mit meinen Gebühren Ihre Show mitfinanzieren muss. So viel Stimmung, wie Sie gegen #FridaysForFuture machen, ist aus meiner Sicht keine Satire mehr. Das ist reine Meinung.
[THREAD 1/2]","2,047","1,404","4,638",0,['#FridaysForFuture'],['@dieternuhr'],[],https://pbs.twimg.com/profile_images/1613127346554281986/rawn4Fgj_normal.jpg,https://twitter.com/Jumpsteady/status/1178075233015750660,tweet_id:1178075233015750660
.NET,@dotnet,2019-09-29T16:11:01.000Z,True,"#dotNETConf is now available on demand! 83 speakers 77 sessions 40+ hours 200+ local events around the globe
Find everything you need to step into the future of .NET dev: http://msft.social/6klEKW",4,168,282,0,['#dotNETConf'],[],"['\\U0001f44d', '\\U0001f44d', '\\U0001f44d', '\\U0001f44d']",https://pbs.twimg.com/profile_images/1677092698791235584/Y1wFtWvG_normal.jpg,https://twitter.com/dotnet/status/1178341418064138245,tweet_id:1178341418064138245
.NET,@dotnet,2019-09-27T15:04:51.000Z,True,"The #dotNETConf live event may be over, but that just means that all the sessions are now available to watch whenever you want. 

Catch up on all the news, new goodies/features, and demos galore! Check out our playlist on YouTube: http://msft.social/k8NDCQ",74,955,1.3万,0,['#dotNETConf'],[],[],https://pbs.twimg.com/profile_images/1677092698791235584/Y1wFtWvG_normal.jpg,https://twitter.com/dotnet/status/1177599991445106695,tweet_id:1177599991445106695
Microsoft Channel 9,@ch9,2019-09-23T21:42:52.000Z,False,"Pssst...if you missed a live session of #dotNETConf, we'll be uploading the sessions here: https://youtube.com/playlist?list=PLReL099Y5nRd04p81Q7p5TtyjCrj9tz1t…",6,83,144,0,['#dotNETConf'],[],[],https://pbs.twimg.com/profile_images/1145792011607277568/WCfnhkal_normal.png,https://twitter.com/ch9/status/1176250603325911040,tweet_id:1176250603325911040
Hasnain Kazim,@HasnainKazim,2019-09-24T06:44:13.000Z,True,"Ich will nicht arbeiten, ich will auch nicht, dass andere arbeiten. Ich will, dass Geld und Gold auf Bäumen wächst und köstlichstes Essen von ganz alleine in meinen Mund fliegt. schafft es, das Wort Rücksichtslosigkeit in einem Tweet zu definieren.",32,229,"1,613",0,[],['@c_lindner'],[],https://pbs.twimg.com/profile_images/1775141455809417217/LQijtq3j_normal.jpg,https://twitter.com/HasnainKazim/status/1176386838350749696,tweet_id:1176386838350749696
John Montgomery,@Johnmont,2019-09-24T08:19:09.000Z,False,"""The .NET team at Microsoft has been working in close collaboration with the gRPC team since November 2018 on a new fully managed implementation of gRPC for .NET Core.

We’re pleased to announce that grpc-dotnet is now available with .NET Core 3.0 today!""",3,165,462,0,[],[],[],https://pbs.twimg.com/profile_images/1461288119/2011-07-25_22-05-36.391_normal.jpg,https://twitter.com/Johnmont/status/1176410731656269825,tweet_id:1176410731656269825
tagesschau,@tagesschau,2019-09-23T16:29:33.000Z,True,„Wie könnt ihr es wagen?“ - Mit Tränen in den Augen hat Greta #Thunberg in einer wütenden Rede Politikern aus aller Welt eklatantes Versagen beim #Klimaschutz vorgeworfen. #ClimateActionSummit,"1,208","3,973",1.4万,0,"['#Thunberg', '#Klimaschutz', '#ClimateActionSummit']",[],[],https://pbs.twimg.com/profile_images/1752715841857085440/M0t8egIZ_normal.jpg,https://twitter.com/tagesschau/status/1176171755473375243,tweet_id:1176171755473375243
.NET,@dotnet,2019-09-23T16:04:12.000Z,True,http://ASP.NET Core and Blazor updates in .NET Core 3.0,1,62,74,0,[],[],[],https://pbs.twimg.com/profile_images/1677092698791235584/Y1wFtWvG_normal.jpg,https://twitter.com/dotnet/status/1176165376381485058,tweet_id:1176165376381485058
.NET,@dotnet,2019-09-23T16:04:35.000Z,True,Announcing .NET Core 3.0,19,723,"1,017",0,[],[],[],https://pbs.twimg.com/profile_images/1677092698791235584/Y1wFtWvG_normal.jpg,https://twitter.com/dotnet/status/1176165472129011712,tweet_id:1176165472129011712
Cem Özdemir,@cem_oezdemir,2019-09-22T11:23:44.000Z,True,"Jedes  eine Bahnstrecke weniger.

Auf dem Land nur mit Auto mobil? Keine Wahl? Das ist kein Naturgesetz. Das ist Folge falscher Politik. 

Für alle, die in der  ihre „Heimatpolitik“ mit Leben füllen wollen, fangt im Verkehrsministerium an!#Verkehrswende #Klimaschutz",100,460,"1,801",0,"['#Verkehrswende', '#Klimaschutz']",['@CSU'],['\\u274c'],https://pbs.twimg.com/profile_images/1379767689414053888/3L5VZOWp_normal.jpg,https://twitter.com/cem_oezdemir/status/1175732405279383552,tweet_id:1175732405279383552
Jan Zieschang,@splushi,2019-09-22T18:19:25.000Z,False,Das passt aber auch gut nach #hh . Die Polizei zwingt Raddler auch noch auf solche Wege wegen des Schildes. #MehrPlatzfuersRad,0,0,0,0,"['#hh', '#MehrPlatzfuersRad']",[],[],https://pbs.twimg.com/profile_images/980346126288216064/9uvqYjCP_normal.jpg,https://twitter.com/splushi/status/1175837016510083073,tweet_id:1175837016510083073
Radlclown,@radlclown,2019-09-21T20:05:09.000Z,False,"""Hast Du grade ein Foto von mir gemacht, oder?""

""Nein, vom Radweg. Ich fotografiere Radwege einfach gern, sie sind wunderschön. Besonders mit Auto drauf.""#runtervomradweg",8,50,299,0,['#runtervomradweg'],[],[],https://pbs.twimg.com/profile_images/977998704136376322/7KvpH4IA_normal.jpg,https://twitter.com/radlclown/status/1175501239469125635,tweet_id:1175501239469125635
@Brilorodion@climatejustice.social,@Brilorodion@climatejustice.social,2019-09-20T14:42:10.000Z,False,"#Autojustiz #Rostock: Dosendepp drängt mich und Kumpel ab, ich kann mich nur knapp vor Sturz retten. An der Ampel angesprochen, steigt er aus und greift uns beide an. Mehrere Zeugen.

Staatsanwaltschaft: Kein öffentliches Interesse

WANN DANN? Beim Messer im Bauch? #Fahrradalltag",8,66,152,0,"['#Autojustiz', '#Rostock', '#Fahrradalltag']",[],[],https://pbs.twimg.com/profile_images/1610580351570644992/ecpg2UX4_normal.png,https://twitter.com/brilorodion/status/1175057568839950336,tweet_id:1175057568839950336
brendandburns,@brendandburns,2019-09-20T20:54:11.000Z,False,"Periscope, from AKS

Pretty cool new OSS project from the AKS team to help detect/debug kubernetes cluster problems.

It's  specific for now, but could easily be adapted for other environments...",1,103,208,0,[],['@Azure'],[],https://pbs.twimg.com/profile_images/479471261949509632/YnmlTcNl_normal.jpeg,https://twitter.com/brendandburns/status/1175151189966508032,tweet_id:1175151189966508032
maybrit illner,@maybritillner,2019-09-18T11:25:05.000Z,False,"Thema morgen bei #illner 
 ""Zahltag für den Klimaschutz – viel Geld, wenig Wirkung?""
 Infos zum Thema und allen 6 Gästen https://kurz.zdf.de/jku/@stephanweil      #Klima #Klimastreik #CO2 #CO2Steuer #F4F #Pendler #GroKo",35,11,39,0,"['#illner', '#Klima', '#Klimastreik', '#CO2', '#CO2Steuer', '#F4F', '#Pendler', '#GroKo']","['@SWagenknecht', '@SabineNallinger', '@maithi_nk', '@RWI_Leibniz', '@CDU']",['\\u27a1\\ufe0f'],https://pbs.twimg.com/profile_images/1626192236294594560/zWA7LrGD_normal.png,https://twitter.com/maybritillner/status/1174283193043869697,tweet_id:1174283193043869697
Stephanie Krone,@FrauKrone,2019-09-20T13:14:30.000Z,False,"Erhöhung der Pendlerpauschale, „weil nicht jeder auf dem Land die Möglichkeit hat, den ÖPNV zu nutzen“ (Malu Dreyer).  Damit zementiert diese Regierung die Abhängigkeit vom Auto und verweigert sich einer echten #Verkehrswende. Schlimm.",12,67,242,0,['#Verkehrswende'],[],['\\U0001f624'],https://pbs.twimg.com/profile_images/1698337718596517888/rE4o4Dh__normal.jpg,https://twitter.com/FrauKrone/status/1175035508327682050,tweet_id:1175035508327682050
Jan Zieschang,@splushi,2019-09-21T13:43:50.000Z,False,"Tolles Paket angeblich hätte man auf Wissenschaftler gehört, aber bei dem CO2 Preis, ehmmm. Viel Autofahren wird weiterhin belohnt. Warum nicht die Klimadividende, vor allem für niedrige Einkommen? #NieMehrCDU #NieMehrSPD",0,0,0,0,"['#NieMehrCDU', '#NieMehrSPD']",[],[],https://pbs.twimg.com/profile_images/980346126288216064/9uvqYjCP_normal.jpg,https://twitter.com/splushi/status/1175405276817711104,tweet_id:1175405276817711104
max koss,@DrMaxKoss,2019-09-21T12:17:27.000Z,True,"German gvt CO2 pricing model (in red) as proposed yesterday, against what science thinks is necessary to actually be effective (blue). #Epic #Fail #NieMehrSPD #NieMehrCDU #NotMyKlimapaket #ClimateStrike #FFF #FridaysForFuture",1,3,6,0,"['#Epic', '#Fail', '#NieMehrSPD', '#NieMehrCDU', '#NotMyKlimapaket', '#ClimateStrike', '#FFF', '#FridaysForFuture']",[],[],https://pbs.twimg.com/profile_images/3459016634/6eadd2bbf46d24818870c0cdf1b1d27d_normal.jpeg,https://twitter.com/DrMaxKoss/status/1175383536540495873,tweet_id:1175383536540495873
Jan Zieschang,@splushi,2019-09-21T13:33:50.000Z,False,"Lieber , heute gleich mal die neue Verkehrswende getestet und von der Polizei eine Ordnungswidrigkeitenanzeige bekommen, nicht Benutzung eines 2 Richtung komb Fuß-+Radweg. So traurig, ich dachte die Politik will ohne Verbote arbeiten.  #MehrPlatzFürsRad",0,0,0,0,['#MehrPlatzFürsRad'],['@ADFC_Hamburg'],[],https://pbs.twimg.com/profile_images/980346126288216064/9uvqYjCP_normal.jpg,https://twitter.com/splushi/status/1175402759018962944,tweet_id:1175402759018962944
Jan Zieschang,@splushi,2019-09-04T17:05:17.000Z,False,"Hey #vodafone, wenn ihr schon eine DNS Störung habt, dann lasst sich wenigstens in der Fritzbox die Option für den DNS offen. 3h um Ende Server zu fixen, ehrlich?",1,0,1,0,['#vodafone'],[],[],https://pbs.twimg.com/profile_images/980346126288216064/9uvqYjCP_normal.jpg,https://twitter.com/splushi/status/1169295378258309120,tweet_id:1169295378258309120
Jan Zieschang,@splushi,2019-09-01T21:10:07.000Z,False,Ganze Wochenende die #VSTS Docker Agents gebaut und aktualisiert. Nun läufts! Ob die Agents auch funktionieren? https://hub.docker.com/r/janzi/vsts-build-agents…,0,0,0,0,['#VSTS'],[],[],https://pbs.twimg.com/profile_images/980346126288216064/9uvqYjCP_normal.jpg,https://twitter.com/splushi/status/1168269828102209537,tweet_id:1168269828102209537
Özden Terli,@TerliWetter,2019-08-31T18:40:22.000Z,False,"Eine Partei betreibt Greta Bashing anstatt sich mit der #Klimakrise zu beschäftigen und #Klimaschutz zu betreiben - es wird immer grotesker.

Ablenkungsmanöver sonst nichts.#Klimakatastrophe„NEU! #CSYOU - Episode 1 - YouTube“ https://youtube.com/watch?v=jY9hBIiKL6M…",21,80,514,0,"['#Klimakrise', '#Klimaschutz', '#Klimakatastrophe', '#CSYOU']",[],[],https://pbs.twimg.com/profile_images/1720809591229870080/ZY0K1QBO_normal.jpg,https://twitter.com/TerliWetter/status/1167869754742206464,tweet_id:1167869754742206464
Jan Zieschang,@splushi,2019-09-01T13:19:01.000Z,False,Ach du ... Sehr tragischer Ausgang!,0,0,0,0,[],[],[],https://pbs.twimg.com/profile_images/980346126288216064/9uvqYjCP_normal.jpg,https://twitter.com/splushi/status/1168151272995926016,tweet_id:1168151272995926016
@ADFC_Hamburg@norden.social,@ADFC_Hamburg@norden.social,2019-06-16T13:16:56.000Z,False,Tausende demonstrieren heute für die #Verkehrswende und #MehrPlatzFürsRad in #Hamburg. #WirSindviele #UndWirWerdenImmerMehr,3,25,96,0,"['#Verkehrswende', '#MehrPlatzFürsRad', '#Hamburg', '#WirSindviele', '#UndWirWerdenImmerMehr']",[],[],https://pbs.twimg.com/profile_images/1217186456906629121/gFhkeH5G_normal.jpg,https://twitter.com/ADFC_Hamburg/status/1140246882108825600,tweet_id:1140246882108825600
Jan Zieschang,@splushi,2019-06-02T17:24:30.000Z,False,"Liebe , wie kann ich den kurzfristig eine Fahrradkarte bekommen. Mein EC172 fällt aus und ich muss nach HH. Oder einfach einsteigen einsteigen?",1,0,0,0,[],['@DB_Bahn'],[],https://pbs.twimg.com/profile_images/980346126288216064/9uvqYjCP_normal.jpg,https://twitter.com/splushi/status/1135235756950204416,tweet_id:1135235756950204416
ADFC Bundesverband,@FahrradClub,2019-06-02T14:45:56.000Z,False,"Bei Deutschlands  größter Fahrrad-Demo des  forderten heute 90.000 Radfahrerïnnen #MehrPlatzFürsRad! Breite Radwege, sichere Kreuzungen und reichlich Rad-Parkplätze! Danke an alle, die dabei waren! ",1,31,116,0,['#MehrPlatzFürsRad'],['@ADFC_Berlin'],"['\\U0001f1e9\\U0001f1ea', '\\U0001f929']",https://pbs.twimg.com/profile_images/1394668886273007617/n4wIMJ0r_normal.jpg,https://twitter.com/FahrradClub/status/1135195851855450112,tweet_id:1135195851855450112
ADFC Berlin e.V.,@ADFC_Berlin,2019-05-27T15:09:33.000Z,False,"Plan für Sonntag:
  Berlin autofrei erlebenMit zehntausend Anderen #MehrPlatzFürsRad fordernAutobahnen zu Fahrradstraßen machenSich über schmale/kaputte/fehlende Radwege ärgern",4,39,99,0,['#MehrPlatzFürsRad'],[],"['\\u2705', '\\u2705', '\\u2705', '\\u274c']",https://pbs.twimg.com/profile_images/1176061053937041408/sTm2N-KQ_normal.png,https://twitter.com/ADFC_Berlin/status/1133027467114033152,tweet_id:1133027467114033152
Google Cloud Tech,@GoogleCloudTech,2019-03-13T22:30:01.000Z,True,"Check out our new #opensource, cloud-native app with 10 microservices. It's a great demo app if you’re looking to learn how to build an app that: Uses #Kubernetes, Istio, gRPC, OpenCensus Is open source on GitHub Can run on your laptop or on GKEhttps://github.com/GoogleCloudPlatform/microservices-demo…",2,80,192,0,"['#opensource', '#Kubernetes']",[],"['\\u2693', '\\U0001f48e', '\\U0001f332']",https://pbs.twimg.com/profile_images/1219725421962571779/_qstUQx__normal.jpg,https://twitter.com/GoogleCloudTech/status/1105959222582366208,tweet_id:1105959222582366208
Microsoft Azure,@Azure,2019-03-19T20:00:00.000Z,True,Learn how the #Kubernetes scheduler works and how it uses predicates and priorities in scheduler decision-making. Watch now:,0,12,21,0,['#Kubernetes'],[],[],https://pbs.twimg.com/profile_images/1268207800313774080/KF9pXfXU_normal.jpg,https://twitter.com/Azure/status/1108095798129184772,tweet_id:1108095798129184772
Jorg Klein,@jorg__klein,2018-11-29T14:11:50.000Z,False,AWS is 5 times more expensive than #Azure for #Windows Server and #SQL Server workloads. Pay even less using my updated scheduled autoscaling solution for Azure SQL Database and Azure Analysis Services.   #AzureAnalysisServices https://jorgklein.com/2018/11/29/pay-less-using-scheduled-autoscaling-for-azure-sql-database-azure-analysis-services/…,1,19,34,0,"['#Azure', '#Windows', '#SQL', '#AzureAnalysisServices']","['@AzureSQL', '@SQLServer']",[],https://pbs.twimg.com/profile_images/1435232683379068931/XtgPjp-W_normal.jpg,https://twitter.com/jorg__klein/status/1068145513311191040,tweet_id:1068145513311191040
Arne Jungjohann ,@Arne_JJ,2018-10-06T07:39:44.000Z,False,Ein Auto steht seit 5 Tagen auf einem Kölner Radweg. Für zwei Stunden drehen ein paar Bürger den Spieß um. Was passiert wohl?https://express.de/koeln/aerger-im-verkehr-auto-seit-tagen-auf-koelner-radweg--aktivisten-blockieren-fahrspur-31398150… Gelungene Aktion! Dank nach Köln zu !,4,76,213,0,[],['@AufbruchFahrrad'],[],https://pbs.twimg.com/profile_images/1711340871822487552/Og0YUpzl_normal.jpg,https://twitter.com/Arne_JJ/status/1048477894517956608,tweet_id:1048477894517956608
Jan Zieschang,@splushi,2018-10-06T19:36:24.000Z,False,Wird nichts bei diesem Verkehrsminister. Vielleicht bei der nächsten Regierung.,0,0,0,0,[],[],[],https://pbs.twimg.com/profile_images/980346126288216064/9uvqYjCP_normal.jpg,https://twitter.com/splushi/status/1048658250915307521,tweet_id:1048658250915307521
Stephanie Krone,@FrauKrone,2018-10-05T16:01:26.000Z,False,"So sieht es aus, wenn das Rad das mit Abstand stärkste Verkehrsmittel ist (über 50% Modal Share). Rad-Weltmeister wird  nicht mehr, aber 30% in Städten müssen wir anstreben, sonst Verkehrskollaps. #godutch #radwegefueralle",11,70,183,0,"['#godutch', '#radwegefueralle']",[],['\\U0001f1e9\\U0001f1ea'],https://pbs.twimg.com/profile_images/1698337718596517888/rE4o4Dh__normal.jpg,https://twitter.com/FrauKrone/status/1048241765415903232,tweet_id:1048241765415903232
Microsoft Developer,@msdev,2018-10-05T22:10:00.000Z,True,"Come see what an end-to-end #Kubernetes development experience on Azure looks like, as we showcase an integrated development environment for building apps:http://msft.social/xJFhXi",0,9,19,0,['#Kubernetes'],[],[],https://pbs.twimg.com/profile_images/1768324979303874560/3IRejxE9_normal.jpg,https://twitter.com/msdev/status/1048334515230461954,tweet_id:1048334515230461954
Jan Zieschang,@splushi,2018-10-06T19:04:35.000Z,False,"Nicht das ich es bräuchte, aber vielleicht gibt es Java Entwickler RT : We launched first-class support for #ApacheTomcat and #JavaSE platform applications on #AzureAppService. Read more: http://msft.social/HwAX4q",0,0,0,0,"['#ApacheTomcat', '#JavaSE', '#AzureAppService']",['@Azure'],[],https://pbs.twimg.com/profile_images/980346126288216064/9uvqYjCP_normal.jpg,https://twitter.com/splushi/status/1048650241061347328,tweet_id:1048650241061347328
Microsoft Azure,@Azure,2018-10-06T18:00:00.000Z,True,#ICYMI - #Helm repository support has been added to #ACR. Read the latest updates: http://msft.social/RM0vR2,0,6,10,0,"['#ICYMI', '#Helm', '#ACR']",[],[],https://pbs.twimg.com/profile_images/1268207800313774080/KF9pXfXU_normal.jpg,https://twitter.com/Azure/status/1048633989500690432,tweet_id:1048633989500690432
Mat Intermarum,@matkplest,2018-09-05T19:39:19.000Z,False,Immer öfter begegne ich #geisterradlern auf #radfahrstreifenDAS IST SCHEISSE GEFÄHRLICH!?#hamburg #fahrradalltag #gefahr,15,19,80,0,"['#geisterradlern', '#radfahrstreifen', '#hamburg', '#fahrradalltag', '#gefahr']",[],[],https://pbs.twimg.com/profile_images/1721064653306855424/mDH0cpLZ_normal.jpg,https://twitter.com/matkplest/status/1037424958681632768,tweet_id:1037424958681632768
@ADFC_Hamburg@norden.social,@ADFC_Hamburg@norden.social,2018-09-01T11:29:42.000Z,False,"Parkplätze werden nicht „vernichtet“, sondern öffentliche Flächen besser, gerechter verteilt. Wenn Radfahrer*innen wirklich solche Riesenvorteile haben, wie Sie glauben, dann fahren Sie doch zum Beispiel E-Bike, lieber -Fotoredakteur Florian Quandt. https://mopo.de/hamburg/hamburgs-absurde-verkehrspolitik-hoert-auf--uns-die-parkplaetze-zu-klauen--31156550…",11,14,58,0,[],['@mopo'],[],https://pbs.twimg.com/profile_images/1217186456906629121/gFhkeH5G_normal.jpg,https://twitter.com/ADFC_Hamburg/status/1035852190362030080,tweet_id:1035852190362030080
ADFC Bundesverband,@FahrradClub,2018-09-01T19:05:17.000Z,False,Wie fahrradfreundlich ist #Sachsen? Heute startet der bundesweite ADFC-Fahrradklima-Test. Bis 30. November können alle Radlerinnen + Radler online ihre Meinung abgeben. Bitte hier entlang!  http://fahrradklima-test.de #fkt18 #radklima    ,0,11,10,0,"['#Sachsen', '#fkt18', '#radklima']","['@SachsenDe', '@ZDFsachsen', '@szonline', '@MDR_SN']",['\\u27a1\\ufe0f'],https://pbs.twimg.com/profile_images/1394668886273007617/n4wIMJ0r_normal.jpg,https://twitter.com/FahrradClub/status/1035966843863932930,tweet_id:1035966843863932930
Stephanie Krone,@FrauKrone,2018-09-02T17:28:47.000Z,False,"Verdammt, #Brandenburg - ich will meine Steuern zurück! 

So dämlich darf Regionalmarketing nicht sein!",6,14,69,0,['#Brandenburg'],[],[],https://pbs.twimg.com/profile_images/1698337718596517888/rE4o4Dh__normal.jpg,https://twitter.com/FrauKrone/status/1036304945987964930,tweet_id:1036304945987964930
NDR Reporter,@NDRreporter,2018-07-25T09:16:42.000Z,False,"Wasserwerfereinsatz ´mal nicht in der Hamburger Schanze: die #Polizei bewässert mit ihren Vehikeln den Stadtpark, damit die Bäume nicht verdursten.",13,79,229,0,['#Polizei'],[],[],https://pbs.twimg.com/profile_images/466908605317279744/I5a712BQ_normal.jpeg,https://twitter.com/NDRreporter/status/1022047982244560896,tweet_id:1022047982244560896
Halil İbrahim Kalkan,@hibrahimkalkan,2018-07-12T08:15:10.000Z,True,I just shared some best practices of dependency injection on #aspnetcore based on my experiences.https://medium.com/volosoft/asp-net-core-dependency-injection-best-practices-tips-tricks-c6e9c67f9d96…,1,65,145,0,['#aspnetcore'],[],[],https://pbs.twimg.com/profile_images/1718628169404608512/bnlkgG09_normal.jpg,https://twitter.com/hibrahimkalkan/status/1017321456894709760,tweet_id:1017321456894709760
Jan Zieschang,@splushi,2018-07-08T09:20:40.000Z,False,RT : #Organspender. Bitte vorsichtig überfahren.#CMBerlin #CMJun,0,0,0,0,"['#Organspender', '#CMBerlin', '#CMJun']",['@BerlinCyclist'],[],https://pbs.twimg.com/profile_images/980346126288216064/9uvqYjCP_normal.jpg,https://twitter.com/splushi/status/1015888386853359616,tweet_id:1015888386853359616
Arnold,@Schwarzenegger,2018-06-28T23:03:19.000Z,True,"I know the 80s were great for both of us, . But when it comes to energy, our country needs to look forward, not backward. Let's focus on saving the miners, not the coal industry.",639,"8,797",1.9万,0,[],['@realDonaldTrump'],[],https://pbs.twimg.com/profile_images/1630293026567491584/RU9ugnh7_normal.jpg,https://twitter.com/Schwarzenegger/status/1012471534743506944,tweet_id:1012471534743506944
Jan Zieschang,@splushi,2018-06-29T04:52:30.000Z,False,"Wow, searched for jetty, that's way faster. RT : Upgraded to #aspnetcore 2.1 to 2.1.1 yet? It might have only come out 3 weeks after, but its even faster! https://techempower.com/benchmarks/#section=test&runid=3da523ee-fff1-45d8-9044-7feb532bf9ee&hw=ph&test=plaintext…",0,0,0,0,['#aspnetcore'],['@ben_a_adams'],[],https://pbs.twimg.com/profile_images/980346126288216064/9uvqYjCP_normal.jpg,https://twitter.com/splushi/status/1012559408277217280,tweet_id:1012559408277217280
Microsoft Azure,@Azure,2018-06-25T19:30:00.000Z,True,"Which purchasing model is right for your #AzureSQLDB, vCore-based or DTU-based?  takes a look: http://msft.social/19evGm",0,17,23,0,['#AzureSQLDB'],['@docsmsft'],[],https://pbs.twimg.com/profile_images/1268207800313774080/KF9pXfXU_normal.jpg,https://twitter.com/Azure/status/1011330688652595200,tweet_id:1011330688652595200
João Moreno,@joaomoreno,2018-06-25T09:50:23.000Z,False,"You asked for it, you got it!  can now be installed without Administrator privileges on Windows  ! This comes with the added benefit of smoother background updates: no more getting annoyed by that update notification.  Try it now on Insiders: https://vscode-update.azurewebsites.net/latest/win32-x64-user/insider…",14,140,424,0,[],['@code'],"['\\U0001f5a5\\ufe0f', '\\U0001f64c']",https://pbs.twimg.com/profile_images/1454794028361428996/2IrL8PFT_normal.jpg,https://twitter.com/joaomoreno/status/1011184822570582017,tweet_id:1011184822570582017
Frank Crowley,@frankgcrowley,2018-06-24T20:53:35.000Z,False,"Seville built an integrated cycle network in 4 years.

It cost €32m. It takes 70,000 trips everyday.

They have a metro that cost €800m. It takes 44,000 trips everyday.

I'm not a cyclist, but a city not investing in a full cycle network= silly city management. 

Come on #cork!",53,"1,618","2,825",0,['#cork'],[],[],https://pbs.twimg.com/profile_images/1448048082675982340/kRHfeVPS_normal.jpg,https://twitter.com/frankgcrowley/status/1010989333845823489,tweet_id:1010989333845823489
Microsoft Azure,@Azure,2018-06-25T00:20:01.000Z,True,Discover how to build resilient microservices with #dotNET Core and Azure Container Services (#AKS): http://msft.social/iTKOu6,1,45,79,0,"['#dotNET', '#AKS']",[],[],https://pbs.twimg.com/profile_images/1268207800313774080/KF9pXfXU_normal.jpg,https://twitter.com/Azure/status/1011041284423868416,tweet_id:1011041284423868416
Microsoft Developer,@msdev,2018-06-24T22:00:01.000Z,True,.'s excellent (and free)  book on #Microservices has been updated to cover #DotNetCore 2.1 tech: http://msft.social/1iMfs4 [PDF],0,90,169,0,"['#Microservices', '#DotNetCore']","['@CesarDeLaTorre', '@MicrosoftPress']",[],https://pbs.twimg.com/profile_images/1768324979303874560/3IRejxE9_normal.jpg,https://twitter.com/msdev/status/1011006053000073216,tweet_id:1011006053000073216
Microsoft Visual Studio,@VisualStudio,2018-06-19T21:19:01.000Z,True,How do you share deployment groups across team projects in #VSTS? Here you go: http://msft.social/sQyLZq,0,13,16,0,['#VSTS'],[],[],https://pbs.twimg.com/profile_images/1278356990125719552/jNciLHjC_normal.jpg,https://twitter.com/VisualStudio/status/1009183797366214656,tweet_id:1009183797366214656
Dmitry Lyalin,@LyalinDotCom,2018-06-19T18:24:18.000Z,False,I am beyond excited to finally announce that  is getting a major navigation revamp and public preview is rolling out! Details in our blog and account preview feature is lighting up for customers over the next 2-3 weeks as deployment rolls to all rings https://blogs.msdn.microsoft.com/devops/2018/06/19/new-navigation/…,18,129,255,0,[],['@VSTS'],[],https://pbs.twimg.com/profile_images/1677131127578931200/5nSUEIWA_normal.jpg,https://twitter.com/LyalinDotCom/status/1009139826954682368,tweet_id:1009139826954682368
Microsoft Azure,@Azure,2018-06-19T18:00:37.000Z,True,Learn about containers and container orchestration systems in the free eBook from #Kubernetes co-founder . Download now: http://msft.social/j2CKN5,0,48,65,0,['#Kubernetes'],['@brendandburns'],[],https://pbs.twimg.com/profile_images/1268207800313774080/KF9pXfXU_normal.jpg,https://twitter.com/Azure/status/1009133867775688705,tweet_id:1009133867775688705
Microsoft Visual Studio,@VisualStudio,2018-06-19T16:58:11.000Z,True,Containers or App Services? This walkthrough for deploying #Linux Containers in #AzureAppServices will help: http://msft.social/dGZohR,1,20,42,0,"['#Linux', '#AzureAppServices']",[],[],https://pbs.twimg.com/profile_images/1278356990125719552/jNciLHjC_normal.jpg,https://twitter.com/VisualStudio/status/1009118156151980033,tweet_id:1009118156151980033
cesardelatorre,@cesardelatorre,2018-06-18T23:48:14.000Z,False,".NET Microservices eBook is being updated to .NET Core 2.1 ""wave"" of technologies! - New sections on API Gateways with Ocelot, HttpClientFactory+Polly, etc. - Free .PDF download available here: https://github.com/dotnet-architecture/News/issues/17…#Microservices #dotnetcore #Docker #containers",3,221,372,0,"['#Microservices', '#dotnetcore', '#Docker', '#containers']",[],[],https://pbs.twimg.com/profile_images/1661039999800971265/P2wTzOAw_normal.jpg,https://twitter.com/cesardelatorre/status/1008858959921311744,tweet_id:1008858959921311744
Uri Shaked,@UriShaked,2018-06-17T06:48:12.000Z,False,"Useful VSCode extension for  - quickly navigate modules, outline view, invoke Schematics. Well done    ! https://twitter.com/xiao_hanyu/status/1008146797573750784…",5,96,255,0,[],"['@Angular', '@xiao_hanyu', '@angulardocio']",['\\U0001f64f'],https://pbs.twimg.com/profile_images/668125552474062848/pTCvcmC3_normal.jpg,https://twitter.com/UriShaked/status/1008239870781919233,tweet_id:1008239870781919233
Microsoft Azure,@Azure,2018-06-17T14:00:00.000Z,True,"Which networking option is right for you in #AKS, Basic or Advanced?  breaks down the differences:",1,51,92,0,['#AKS'],['@docsmsft'],[],https://pbs.twimg.com/profile_images/1268207800313774080/KF9pXfXU_normal.jpg,https://twitter.com/Azure/status/1008348538135371779,tweet_id:1008348538135371779
ADFC Bundesverband,@FahrradClub,2018-06-17T10:21:26.000Z,False,"90% der Autofahrten dienen nicht dem Lastentransport, 50% der Stadt-Fahrten sind kürzer als 5 km. Was für ein irrsinniges Ding, das wir Normalität nennen!",2,102,183,0,[],[],[],https://pbs.twimg.com/profile_images/1394668886273007617/n4wIMJ0r_normal.jpg,https://twitter.com/FahrradClub/status/1008293536033333249,tweet_id:1008293536033333249
Red Hat Developer,@rhdevelopers,2018-06-14T16:29:58.000Z,True,Announcing .NET Core 2.1 for Red Hat Platforms - https://wp.me/p8e0as-25Kj,3,144,226,0,[],[],[],https://pbs.twimg.com/profile_images/1660993785457680385/xjG-tKeG_normal.jpg,https://twitter.com/rhdevelopers/status/1007299113442947073,tweet_id:1007299113442947073
Adam Best,@adamcbest,2018-06-10T01:20:12.000Z,False,"Trudeau is the villain but Putin should be our friend? Nobody believes that except Russians and Trump supporters, which are sort of the same thing nowadays. This decision not to endorse the G7 statement is a slap in the face of our allies and a gift to our biggest enemy.",171,"3,438",1.1万,0,[],[],[],https://pbs.twimg.com/profile_images/1718454388019101696/1RLyKJzb_normal.jpg,https://twitter.com/adamcbest/status/1005620615326371840,tweet_id:1005620615326371840
ASP.NET Boilerplate,@aspboilerplate,2018-06-06T12:14:24.000Z,False,"Just released #AspNetBoilerplate v3.7 with #ASPNETCORE v2.1, EF Core v2.1 and SignalR v1.0 support.",0,28,55,0,"['#AspNetBoilerplate', '#ASPNETCORE']",[],[],https://pbs.twimg.com/profile_images/874854473583263744/Ctj0smnK_normal.jpg,https://twitter.com/aspboilerplate/status/1004335697954820096,tweet_id:1004335697954820096
@ADFC_Hamburg@norden.social,@ADFC_Hamburg@norden.social,2018-06-04T07:08:24.000Z,False,Why forcing cyclists to wear helmets will not save lives – video explainer https://theguardian.com/lifeandstyle/video/2018/may/31/why-forcing-cyclists-to-wear-helmets-will-not-save-lives-video-explainer?CMP=share_btn_tw…,1,3,2,0,[],[],[],https://pbs.twimg.com/profile_images/1217186456906629121/gFhkeH5G_normal.jpg,https://twitter.com/ADFC_Hamburg/status/1003533913401290752,tweet_id:1003533913401290752
Martin Fowler,@martinfowler,2018-06-04T11:24:29.000Z,True,"+1 to Sam here, Microsoft has changed a lot in the last decade or so. If github is to be sold to one of the big companies, Microsoft is one of the better options.",44,595,"1,322",0,[],[],[],https://pbs.twimg.com/profile_images/79787739/mf-tg-sq_normal.jpg,https://twitter.com/martinfowler/status/1003598359687520256,tweet_id:1003598359687520256
rbb|24,@rbb24,2018-06-03T14:53:30.000Z,False,"Aus allen Himmelsrichtungen strömten heute wieder zehntausende Radler ins Zentrum #Berlin|s, um für sicheren Stadtverkehr zu demonstrieren. #Sternfahrt18  http://rbburl.de/sternfahrt18",4,31,81,0,"['#Berlin', '#Sternfahrt18']",['@adfc_berlin'],[],https://pbs.twimg.com/profile_images/1039001203022209024/NSzqKa2F_normal.jpg,https://twitter.com/rbb24/status/1003288570839425026,tweet_id:1003288570839425026
Malte,@maltehuebner,2018-06-03T11:36:15.000Z,False,Stau auf der AVUS! #Sternfahrt18,3,6,24,0,['#Sternfahrt18'],[],[],https://pbs.twimg.com/profile_images/1265738130889547778/jvf95Kz0_normal.jpg,https://twitter.com/maltehuebner/status/1003238932589445121,tweet_id:1003238932589445121
DevOps on Azure,@AzureDevOps,2018-06-01T17:03:57.000Z,False,Visual Studio 2017 users: please install the latest updates to ensure that you are patched against the recent Git security vulnerability.  https://blogs.msdn.microsoft.com/devops/2018/05/29/announcing-the-may-2018-git-security-vulnerability/…,0,99,59,0,[],[],[],https://pbs.twimg.com/profile_images/1145617831905681408/XNKktHjN_normal.png,https://twitter.com/AzureDevOps/status/1002596627197112320,tweet_id:1002596627197112320
Nate McMaster,@natemcmaster,2018-05-31T15:41:48.000Z,False,http://ASP.NET Core 2.1 is now available in Azure App Services. Thanks to  and his team for getting this out so quickly after the 2.1.0 release!,0,21,32,0,[],['@davidebbo'],[],https://pbs.twimg.com/profile_images/1604680866844008449/2yn7nScQ_normal.jpg,https://twitter.com/natemcmaster/status/1002213564499685376,tweet_id:1002213564499685376
Jan Zieschang,@splushi,2018-05-31T05:44:18.000Z,False,"  uuhh I received an exception using get fetch:remote:         Circuit Breaker ""Redis"" short-circuited. In the last 60000 milliseconds, there were: 2 failure, 0 timeou
t, 949 short circuited, 0 concurrency rejected, and 0 limit rejected. RedisException",1,0,0,0,[],['@VSTS'],[],https://pbs.twimg.com/profile_images/980346126288216064/9uvqYjCP_normal.jpg,https://twitter.com/splushi/status/1002063197023686657,tweet_id:1002063197023686657
Jan Zieschang,@splushi,2018-05-31T05:44:18.000Z,False,"next time it fails with remote: Details:
remote:         Public key authentication failed. Any issues there?",1,0,0,0,[],[],[],https://pbs.twimg.com/profile_images/980346126288216064/9uvqYjCP_normal.jpg,https://twitter.com/splushi/status/1002063198412066817,tweet_id:1002063198412066817
Jan Zieschang,@splushi,2018-05-31T05:46:31.000Z,False,Now it's working again. Seems to be a hiccup in the system.,0,0,0,0,[],[],[],https://pbs.twimg.com/profile_images/980346126288216064/9uvqYjCP_normal.jpg,https://twitter.com/splushi/status/1002063755197403136,tweet_id:1002063755197403136
ADFC Bundesverband,@FahrradClub,2018-05-23T16:39:27.000Z,False,Am 3. Juni ist erster UN-Weltfahrradtag! Wir feiern das intelligenteste Verkehrsmittel aller Zeiten - mit der größten Fahrradparade der Welt! Mehr als 100.000  zur ADFC-Sternfahrt in #Berlin erwartet! Hammer!   #June3WorldBicycleDay https://adfc-berlin.de/aktiv-werden/bei-demonstrationen/sternfahrt.html…,1,51,91,0,"['#Berlin', '#June3WorldBicycleDay']","['@UNDP', '@UN']","['\\U0001f6b4\\u200d\\u2640\\ufe0f', '\\U0001f6b4\\u200d\\u2642\\ufe0f']",https://pbs.twimg.com/profile_images/1394668886273007617/n4wIMJ0r_normal.jpg,https://twitter.com/FahrradClub/status/999328969165037568,tweet_id:999328969165037568
Microsoft Visual Studio,@VisualStudio,2018-05-17T20:06:03.000Z,True,"Want some help running Java microservices in Kubernetes? Today's Azure Friday shows us how & gives us info on...
- Java Extension Pack
- Spring Boot Extension Pack
- Kubernetes Extensionhttp://msft.social/egoZm1",0,18,38,0,[],[],[],https://pbs.twimg.com/profile_images/1278356990125719552/jNciLHjC_normal.jpg,https://twitter.com/VisualStudio/status/997206634622529536,tweet_id:997206634622529536
Critical Mass Hamburg,@cm_hh,2018-05-16T06:58:21.000Z,False,"Heute: Ride of Silence - Treffpunkt ist um 19:00 Uhr hier: S-Sternschanze / Sternschanzenpark.

Der angemeldete Streckenverlauf: https://gpsies.com/map.do?fileId=kxpgmkekegwbhrsl…#RideOfSilence #cmhh #cm_hh #hamburg",3,28,34,0,"['#RideOfSilence', '#cmhh', '#cm_hh', '#hamburg']",[],[],https://pbs.twimg.com/profile_images/712689179130511360/9AjS6yq7_normal.jpg,https://twitter.com/cm_hh/status/996646013724250112,tweet_id:996646013724250112
Clemens Vasters,@clemensv,2018-05-09T14:38:37.000Z,False,Open protocols matter. Open protocols aren't truly open without having different implementations that compete but interoperate.,0,13,23,0,[],[],[],https://pbs.twimg.com/profile_images/1651898453549539330/jY5tEnoQ_normal.jpg,https://twitter.com/clemensv/status/994225131747655683,tweet_id:994225131747655683
Charlie Falconer,@LordCFalconer,2018-05-05T17:01:54.000Z,True,"US murder rate over 5 times higher than the UK’s. There isn’t a person in the whole world (with the possible exception of the President of the US, and he’s probably lying) who believes the way to reduce our murder rate is to make it easier to get guns.",81,420,810,0,[],[],[],https://pbs.twimg.com/profile_images/833674688568184832/5pk6PcN4_normal.jpg,https://twitter.com/LordCFalconer/status/992811635961204736,tweet_id:992811635961204736
Jan Zieschang,@splushi,2018-05-02T16:12:24.000Z,False,"Das war schon seltsam in dem Beitrag. Vielleicht denkt nun mal jemand nach. RT : Außerdem lernen wir, dass die #Fahrradstaffel #Hamburg erst durch RTL auf die Idee kommt, auch mal Autofahrer zu ahnden. Kassiert wird freilich nur bei Radfahrern.
cc ",0,0,1,0,"['#Fahrradstaffel', '#Hamburg']","['@ADFC_Berlin', '@ADFC_Hamburg']",[],https://pbs.twimg.com/profile_images/980346126288216064/9uvqYjCP_normal.jpg,https://twitter.com/splushi/status/991712017894404096,tweet_id:991712017894404096
Sourabh Shirhatti,@sshirhatti,2018-04-27T02:04:09.000Z,False,Brotli and Zlib compression schemes for IIS coming soon. Follow https://github.com/Microsoft/IIS.Compression… for more updates,3,38,59,0,[],[],[],https://pbs.twimg.com/profile_images/1638773428089155585/tHFbR7cp_normal.jpg,https://twitter.com/sshirhatti/status/989686609590206465,tweet_id:989686609590206465
Jens Blume,@jens_blume,2018-04-23T19:35:53.000Z,False,Wegen lebensgefährlichen #Automacho- #Falschparkern @ #Hardenbergstr habe ich im April über 30 x #Notruf110 gewählt. Doch  u. Ordnungsamt schauten weg. Waren #NichtDaFürRadfahrende. Jetzt Radlerin genau dort schwerverletzt.https://berlin.de/polizei/polizeimeldungen/pressemitteilung.695588.php…Bin erschüttert,3,54,82,0,"['#Automacho', '#Falschparkern', '#Hardenbergstr', '#Notruf110', '#NichtDaFürRadfahrende']",['@polizeiberlin'],[],https://pbs.twimg.com/profile_images/1221901476508901379/kN-alyCA_normal.jpg,https://twitter.com/jens_blume/status/988501734216617994,tweet_id:988501734216617994
Jan Zieschang,@splushi,2018-04-21T15:36:20.000Z,False,Leider sieht das einige Meter weiter bei der Christuskirche katastrophal aus :'( RT : Endlich gibts ne richtige Protected Bikelane in Hamburg: in der Fruchtallee hat man dafür sogar das Undenkbare gemacht: dem Kfz einen Fahrstreifen weggenommen.,0,0,0,0,[],['@phileng21'],[],https://pbs.twimg.com/profile_images/980346126288216064/9uvqYjCP_normal.jpg,https://twitter.com/splushi/status/987716675356196865,tweet_id:987716675356196865
Jan Zieschang,@splushi,2018-04-19T20:52:35.000Z,False,"Super, your öfter solche Aktionen gegen. +1 RT : An alle, die heute in der #Schlüterstr. auf dem Radweg parkten und nun ihr Auto vermissen: 

""Ja, wir waren es!""

Unser Abschnitt 25 ist #DAfürDICH und in #Charlottenburg^tsm",0,0,0,0,"['#Schlüterstr', '#DAfürDICH', '#Charlottenburg']",['@polizeiberlin'],"['\\U0001f6b4\\u200d\\u2640\\ufe0f', '\\U0001f6b4\\u200d\\u2642\\ufe0f']",https://pbs.twimg.com/profile_images/980346126288216064/9uvqYjCP_normal.jpg,https://twitter.com/splushi/status/987071483557146626,tweet_id:987071483557146626
Jan Zieschang,@splushi,2018-04-19T20:49:43.000Z,False,Immersive numbers. Then let's plan the update. RT : Amazing & detailed blog post about the performance improvements we made in .NET Core 2.1. https://blogs.msdn.microsoft.com/dotnet/2018/04/18/performance-improvements-in-net-core-2-1/…,0,0,0,0,[],['@terrajobst'],[],https://pbs.twimg.com/profile_images/980346126288216064/9uvqYjCP_normal.jpg,https://twitter.com/splushi/status/987070763407732741,tweet_id:987070763407732741
Malte,@maltehuebner,2018-04-18T10:56:45.000Z,False,"Jetzt ist wieder die Zeit, in der mit dem SUV auf dem Gehweg vor der Eisdiele geparkt wird, um bei laufendem Motor mit Klimaanlage Eis zu essen.",8,13,47,0,[],[],[],https://pbs.twimg.com/profile_images/1265738130889547778/jvf95Kz0_normal.jpg,https://twitter.com/maltehuebner/status/986559149755588610,tweet_id:986559149755588610
Microsoft Developer,@msdev,2018-04-17T20:13:07.000Z,True,"The big secret #VSTS is hiding? Unlimited, free GIT repositories. http://msft.social/8pJYBm",0,40,67,0,['#VSTS'],[],[],https://pbs.twimg.com/profile_images/1768324979303874560/3IRejxE9_normal.jpg,https://twitter.com/msdev/status/986336776804618241,tweet_id:986336776804618241
SC TT,@ScottCate,2018-04-13T22:35:26.000Z,True,"OK Friends -> This is a big deal!

The  App Service team announced today the global deployment of support for the HTTP/2 protocol for all apps. HTTP/2 has been the top customer request we have received, and we are excited to light up support!https://blogs.msdn.microsoft.com/appserviceteam/2018/04/13/announcing-http2-support-in-azure-app-service/?WT.mc_id=docs-twitter-scottca…",3,186,221,0,[],['@Azure'],[],https://pbs.twimg.com/profile_images/1403064756848795657/ivw5Ipfg_normal.jpg,https://twitter.com/ScottCate/status/984923038817882113,tweet_id:984923038817882113
Microsoft Channel 9,@ch9,2018-04-13T02:58:03.000Z,False,Common design patterns with Azure Cosmos DB | Azure Friday http://dlvr.it/QPMZmk,0,9,18,0,[],[],[],https://pbs.twimg.com/profile_images/1145792011607277568/WCfnhkal_normal.png,https://twitter.com/ch9/status/984626742965878784,tweet_id:984626742965878784
Jeff Atwood,@codinghorror,2018-04-11T21:07:37.000Z,True,I've seen way too much Zuck in my feed lately but this one is (makes Italian chef kiss gesture) https://reddit.com/r/pics/comments/8bep69/lt_commander_zuck_in_court_after_his_plan_to/…,10,479,"1,206",0,[],[],[],https://pbs.twimg.com/profile_images/1517287320235298816/Qx-O6UCY_normal.jpg,https://twitter.com/codinghorror/status/984176166591328256,tweet_id:984176166591328256
Star Wars,@starwars,2018-04-09T00:45:26.000Z,True,Watch the new trailer for Solo: A Star Wars Story and see it in theaters on May 25. #HanSolo,"1,962",4.4万,7.2万,0,['#HanSolo'],[],[],https://pbs.twimg.com/profile_images/1167221863103074305/Ziap6jxO_normal.png,https://twitter.com/starwars/status/983143817829269504,tweet_id:983143817829269504
Jan Zieschang,@splushi,2018-04-01T11:15:11.000Z,False,Auch das  Erklärvideo dazu ist gut.  http://tagesschau.de/multimedia/kurzerklaert/feinstaub-117~_origin-8448fcc8-7750-4db0-90bd-bbabc55dde65.html…  Aber tut man was in Norddeutschland?,0,0,0,0,[],[],[],https://pbs.twimg.com/profile_images/980346126288216064/9uvqYjCP_normal.jpg,https://twitter.com/splushi/status/980403197268373504,tweet_id:980403197268373504
Microsoft Azure,@Azure,2018-03-30T15:16:21.000Z,True,#Azure Availability Zones are now generally available in select regions! Head to the blog to learn more: http://msft.social/dpaFZk,1,34,42,0,['#Azure'],[],[],https://pbs.twimg.com/profile_images/1268207800313774080/KF9pXfXU_normal.jpg,https://twitter.com/Azure/status/979739111471935488,tweet_id:979739111471935488
Mat Intermarum,@matkplest,2018-03-26T16:55:33.000Z,False,2 #Berufsfahrer und ihr Verständnis der #StVO. Der #Taxi|fahrer:Es herrscht eine´´#RADWEGBENUTZUNGSPFLICHT´´.Wieso dürfen solche #fahrer #Menschen und insbesondere #Kinder transportieren?!#hamburg #fahrradalltag #hansataxi  #bonifatiuswerk #machDirDieSTVO #gefahr,7,19,37,0,"['#Berufsfahrer', '#StVO', '#Taxi', '#RADWEGBENUTZUNGSPFLICHT', '#fahrer', '#Menschen', '#Kinder', '#hamburg', '#fahrradalltag', '#hansataxi', '#bonifatiuswerk', '#machDirDieSTVO', '#gefahr']",['@bonifatiuswerk'],[],https://pbs.twimg.com/profile_images/1721064653306855424/mDH0cpLZ_normal.jpg,https://twitter.com/matkplest/status/978314522921402368,tweet_id:978314522921402368
@ADFC_Hamburg@norden.social,@ADFC_Hamburg@norden.social,2018-03-22T12:01:49.000Z,False,"""Orte, an denen Atmen krank macht"" –  ermittelt in #Hamburg höhere NO2-Grenzwertüberschreitungen als die , höchste Werte in der Moorstraße/Harburg und in der Stresemannstraße/Altona. #Verkehrswende jetzt! https://hamburg.adfc.de/laeufthttps://duh.de/abgasalarm",2,6,6,0,"['#Hamburg', '#Verkehrswende']","['@Umwelthilfe', '@fhh_umwelt']",[],https://pbs.twimg.com/profile_images/1217186456906629121/gFhkeH5G_normal.jpg,https://twitter.com/ADFC_Hamburg/status/976791054656655360,tweet_id:976791054656655360
Critical Mass Hamburg,@cm_hh,2018-03-22T10:23:56.000Z,False,http://GEO.de: Grünen-Chef Habeck regt Verzicht auf Autoreifen an: Das steckt dahinter -  https://geo.de/natur/nachhaltigkeit/18528-rtkl-hart-aber-fair-zu-mikroplastik-gruenen-chef-habeck-regt-verzicht-auf?utm_campaign=&utm_source=twitter&utm_medium=mweb_sharing…,0,2,1,0,[],[],[],https://pbs.twimg.com/profile_images/712689179130511360/9AjS6yq7_normal.jpg,https://twitter.com/cm_hh/status/976766417998630912,tweet_id:976766417998630912
Microsoft Azure,@Azure,2018-03-21T17:14:01.000Z,True,"Download the #Azure Strategy and Implementation Guide and learn how to integrate, plan, and manage #cloud resources: http://msft.social/RgZcPG",0,39,64,0,"['#Azure', '#cloud']",[],[],https://pbs.twimg.com/profile_images/1268207800313774080/KF9pXfXU_normal.jpg,https://twitter.com/Azure/status/976507230890659840,tweet_id:976507230890659840
Scott Hanselman,@shanselman,2018-03-20T00:30:55.000Z,True,"Very clever site breaking down all the  VM sizes, what you get, how fast, CPUs, disk, bandwidth, IOPS, everything.",6,158,287,0,[],['@azure'],[],https://pbs.twimg.com/profile_images/1599225756009508865/IWOcD4Yq_normal.jpg,https://twitter.com/shanselman/status/975892406410166272,tweet_id:975892406410166272
Ben {chmark} Adams,@ben_a_adams,2018-03-14T22:45:37.000Z,False,Service Fabric is going #OSS under the MIT license on GitHub #containers #microservices,1,87,120,0,"['#OSS', '#containers', '#microservices']",[],[],https://pbs.twimg.com/profile_images/1282411238602006529/l4lHaQHE_normal.jpg,https://twitter.com/ben_a_adams/status/974053967217995781,tweet_id:974053967217995781
Satya Nadella,@satyanadella,2018-03-14T04:51:58.000Z,True,We lost a great one today. Stephen Hawking will be remembered for his incredible contributions to science – making complex theories and concepts more accessible to the masses. He’ll also be remembered for his spirit and unbounded pursuit to gain a complet…https://lnkd.in/gKNqEDF,102,"2,108","7,754",0,[],[],[],https://pbs.twimg.com/profile_images/1221837516816306177/_Ld4un5A_normal.jpg,https://twitter.com/satyanadella/status/973783773505564675,tweet_id:973783773505564675
Microsoft Azure,@Azure,2018-03-13T17:30:00.000Z,True,#ICYMI: #AzureSQLDB now offers zone redundant Premium databases and elastic pools. Find out more: http://msft.social/gu54ph,0,9,14,0,"['#ICYMI', '#AzureSQLDB']",[],[],https://pbs.twimg.com/profile_images/1268207800313774080/KF9pXfXU_normal.jpg,https://twitter.com/Azure/status/973612151016435712,tweet_id:973612151016435712
Microsoft Visual Studio,@VisualStudio,2018-03-12T15:52:00.000Z,True,"Span<T>, Memory<T> & more. We've got a new set of types for using arrays now available in #dotNET Core 2.1 Preview 1. See what else is new:  http://msft.social/lWWfWB",1,75,148,0,['#dotNET'],[],[],https://pbs.twimg.com/profile_images/1278356990125719552/jNciLHjC_normal.jpg,https://twitter.com/VisualStudio/status/973225102132334592,tweet_id:973225102132334592
Muhammad Rehan Saeed,@RehanSaeedUK,2018-03-10T07:18:12.000Z,False,"http://ASP.NET Core API Boilerplate updated with  3, , .NET Core 2.0.  https://github.com/ASP-NET-Core-Boilerplate/Templates/blob/master/MVC%206%20API.md…",2,35,85,0,[],"['@SwaggerApi', '@Serilog', '@jongalloway']",[],https://pbs.twimg.com/profile_images/1517090234344816643/V63mfrYP_normal.jpg,https://twitter.com/RehanSaeedUK/status/972371025391423488,tweet_id:972371025391423488
Scott Guthrie,@scottgu,2018-03-09T06:54:53.000Z,True,"The Azure VM Update/Patch management, inventory and change tracking capabilities are now generally available: https://azure.microsoft.com/en-us/blog/update-management-inventory-and-change-tracking-in-azure-automation-now-generally-available/…",0,56,58,0,[],[],[],https://pbs.twimg.com/profile_images/565139568/redshirt_normal.jpg,https://twitter.com/scottgu/status/972002767911862272,tweet_id:972002767911862272
Jan Zieschang,@splushi,2018-03-08T21:40:02.000Z,False,Nice stuff. RT : What’s brewing in Visual Studio Team Services this month? Here's what: http://msft.social/olCfNv #vsts,0,0,0,0,['#vsts'],['@VisualStudio'],[],https://pbs.twimg.com/profile_images/980346126288216064/9uvqYjCP_normal.jpg,https://twitter.com/splushi/status/971863136444780544,tweet_id:971863136444780544
Microsoft Azure,@Azure,2018-03-07T18:45:29.000Z,True,#AzureSQLDB now offers zone redundant Premium #databases & elastic pools. Read more on the blog: http://msft.social/ruLkgl,1,15,30,0,"['#AzureSQLDB', '#databases']",[],[],https://pbs.twimg.com/profile_images/1268207800313774080/KF9pXfXU_normal.jpg,https://twitter.com/Azure/status/971456822120013824,tweet_id:971456822120013824
ABC News,@ABC,2018-03-05T03:48:28.000Z,True,"'The Silent Child' screenwriter and star Rachel Shenton signs her #Oscars acceptance speech for Best Live Action Short Film. ""Millions of children all over the world live in silence."" http://abcn.ws/2FQgzZH",43,"1,453","4,068",0,['#Oscars'],[],[],https://pbs.twimg.com/profile_images/1605211963096801282/3flU1i5o_normal.jpg,https://twitter.com/ABC/status/970506302098149376,tweet_id:970506302098149376
Microsoft Azure,@Azure,2018-03-01T18:30:01.000Z,True,Choose the right #cloud application architecture style for your #app or solution. Download our eBook to find out how: http://msft.social/6Ekcme,2,136,195,0,"['#cloud', '#app']",[],[],https://pbs.twimg.com/profile_images/1268207800313774080/KF9pXfXU_normal.jpg,https://twitter.com/Azure/status/969278600338903043,tweet_id:969278600338903043
Microsoft Azure,@Azure,2018-03-01T00:00:01.000Z,True,Protect yourself from potential threats by learning how to build a strong #security foundation. Download our guide to find out how: http://msft.social/d0u8Pq,0,44,65,0,['#security'],[],[],https://pbs.twimg.com/profile_images/1268207800313774080/KF9pXfXU_normal.jpg,https://twitter.com/Azure/status/968999261097611266,tweet_id:968999261097611266
Jan Zieschang,@splushi,2018-02-28T21:22:32.000Z,False,"Wird auch bei Fahrverbot geräumt? RT : Prioritäten in #Hamburg. Sechs einwandfreie und trockene Fahrstreifen für den Kraftverkehr, daneben halsbrecherische Eisbahnen für Fußgänger, darunter Nutzer des öffentlichen Nahverkehrs, und Radfahrer.",0,0,0,0,['#Hamburg'],['@maltehuebner'],[],https://pbs.twimg.com/profile_images/980346126288216064/9uvqYjCP_normal.jpg,https://twitter.com/splushi/status/968959628649422849,tweet_id:968959628649422849
Microsoft Channel 9,@ch9,2018-02-28T17:15:00.000Z,False,Hear about the five coolest features in #TypeScript straight from  himself! This week on #FiveThings with  https://aka.ms/5things-s1-ep07  ,1,36,60,0,"['#TypeScript', '#FiveThings']","['@ahejlsberg', '@john_papa', '@typescriptlang', '@OpenAtMicrosoft']",[],https://pbs.twimg.com/profile_images/1145792011607277568/WCfnhkal_normal.png,https://twitter.com/ch9/status/968897335915720704,tweet_id:968897335915720704
Jan Zieschang,@splushi,2018-02-28T16:21:07.000Z,False,"Yeah, Frei! Gleich den Urlaub buchen.  du auch? RT : Beschlossene Sache: In #Hamburg ist der 31. Oktober in Zukunft frei. https://ndr.de/nachrichten/hamburg/Hamburg-hat-einen-neuen-Feiertag,feiertag232.html… #Feiertag ",0,0,0,0,"['#Hamburg', '#Feiertag']","['@CreeK_', '@ndr', '@buergerschaftHH']",[],https://pbs.twimg.com/profile_images/980346126288216064/9uvqYjCP_normal.jpg,https://twitter.com/splushi/status/968883775278067717,tweet_id:968883775278067717
ADFC Bundesverband,@FahrradClub,2018-02-27T12:41:36.000Z,False,"Lösung auf zwei Rädern! : Verpestete Luft und #Fahrverbote hätten vermieden werden können, wenn Verkehrspolitik und Städtebau rechtzeitig auf Alternativen zum Auto gesetzt hätten! http://m.maz-online.de/Nachrichten/Politik/Loesung-auf-zwei-Raedern… via ",1,19,28,0,['#Fahrverbote'],"['@BurkhardStork', '@maz_online']",[],https://pbs.twimg.com/profile_images/1394668886273007617/n4wIMJ0r_normal.jpg,https://twitter.com/FahrradClub/status/968466144687423489,tweet_id:968466144687423489
NDR Info,@NDRinfo,2018-02-27T11:12:52.000Z,False,Das Bundesverwaltungsgericht macht den Weg für Diesel-Fahrverbote frei.,1,7,11,0,[],[],[],https://pbs.twimg.com/profile_images/1191272424316293120/fl-tjGti_normal.jpg,https://twitter.com/NDRinfo/status/968443812883333120,tweet_id:968443812883333120
Microsoft Visual Studio,@VisualStudio,2018-02-26T18:43:00.000Z,True,"...more quick lessons in . Next up: Numeric Separators, http://msft.social/UHDEIf",0,26,54,0,[],['@TypeScriptLang'],[],https://pbs.twimg.com/profile_images/1278356990125719552/jNciLHjC_normal.jpg,https://twitter.com/VisualStudio/status/968194704318914566,tweet_id:968194704318914566
The Energy Transition Blog,@EnergiewendeGER,2018-02-26T15:05:48.000Z,False,Did you know? The total cost of car traffic is three times more expensive than public transport. https://energytransition.org/2018/02/free-public-transportation-in-germany/…,0,10,7,0,[],[],[],https://pbs.twimg.com/profile_images/1775557814657687552/yi8cDTrq_normal.png,https://twitter.com/EnergiewendeGER/status/968140045004701696,tweet_id:968140045004701696
Microsoft Azure,@Azure,2018-02-22T17:05:01.000Z,True,"Design scalable, resilient, and highly available #cloud #apps. Download the Cloud Application Architecture Guide to learn how: http://msft.social/F6EHUD",2,105,136,0,"['#cloud', '#apps']",[],[],https://pbs.twimg.com/profile_images/1268207800313774080/KF9pXfXU_normal.jpg,https://twitter.com/Azure/status/966720495059132416,tweet_id:966720495059132416
Microsoft Azure,@Azure,2018-02-22T21:25:01.000Z,True,"Learn how to rapidly develop reliable, distributed systems with the free eBook from #kubernetes cofounder . Download now: http://msft.social/WxSbCm",0,26,63,0,['#kubernetes'],['@brendandburns'],[],https://pbs.twimg.com/profile_images/1268207800313774080/KF9pXfXU_normal.jpg,https://twitter.com/Azure/status/966785925471752192,tweet_id:966785925471752192
Dörte Determann,@DoerteD,2018-02-21T09:22:41.000Z,False, hat heute #Sichere_Schulradwege für Hamburgs Kinder gefordert. #Bogenstraße,1,14,29,0,"['#Sichere_Schulradwege', '#Bogenstraße']",['@raHHdentscheid'],[],https://pbs.twimg.com/profile_images/872160025317445632/KQ4CUa6D_normal.jpg,https://twitter.com/DoerteD/status/966241758446317568,tweet_id:966241758446317568
Aly Sheehy Ⓥ,@Aly_Sheehy,2018-02-18T14:52:17.000Z,True,"17 of my classmates are gone. That’s 17 futures, 17 children, and 17 friends stolen. But you’re right, it always has to be about you. How silly of me to forget. #neveragain","2,105",5万,13万,0,['#neveragain'],[],[],https://pbs.twimg.com/profile_images/1700970879973203968/qyzVbcz3_normal.jpg,https://twitter.com/Aly_Sheehy/status/965237538607726594,tweet_id:965237538607726594
Burkhard Stork,@BurkhardStork,2018-02-19T09:05:01.000Z,False,"Wenn es in diesem Fall kein ""öffentliches Interesse"" an Verfolgung gibt, dann können wir §1 STVO ""gegenseitige Rücksichtnahme"" direkt streichen. Wegen Mangel an öffentlichem Interesse.",18,152,239,0,[],[],[],https://pbs.twimg.com/profile_images/1665389869739196416/Jrlt0mHv_normal.jpg,https://twitter.com/BurkhardStork/status/965512537344274432,tweet_id:965512537344274432
Jan Zieschang,@splushi,2018-02-19T16:53:08.000Z,False,"Netter Artikel, was für eine schöne Welt könnte es sein. RT : Holen wir uns die Welt von den Autos zurück! http://spon.de/afaKS via ",0,0,0,0,[],"['@FahrradClub', '@SPIEGELONLINE']",[],https://pbs.twimg.com/profile_images/980346126288216064/9uvqYjCP_normal.jpg,https://twitter.com/splushi/status/965630341577936896,tweet_id:965630341577936896
Taylor Yon,@tayloryon_,2018-02-16T14:03:33.000Z,True,"I’m sorry Tomi, but were you in the building when this happened? Was this your school, your community, your friends? Were you croutched on the floor in a corner as shots rang out right outside your door, praying that he wouldn’t come into your room? Did you hear the screams?",265,"8,150",3.4万,0,[],[],[],https://pbs.twimg.com/profile_images/1019259841389449216/ylm9Nksg_normal.jpg,https://twitter.com/tayloryon_/status/964500501655105536,tweet_id:964500501655105536
@felixander@nerdculture.de,@felixander@nerdculture.de,2018-02-14T08:41:03.000Z,False,Kein Platz für weitere Radwege? Is klar. Schlafplätze für Autos an jedem Straßenrand haben natürlich Prio.,2,9,34,0,[],[],[],https://pbs.twimg.com/profile_images/874578056689659904/jRvll132_normal.jpg,https://twitter.com/Felix_Kreller/status/963694563692023808,tweet_id:963694563692023808
@ADFC_Hamburg@norden.social,@ADFC_Hamburg@norden.social,2018-02-10T09:53:45.000Z,False,"Seit Tagen liegt die Feinstaubbelastung in Hamburg auf extrem hohem Niveau, in der Habichtstraße (Barmbek) aktuell 83 Mikrogramm – mehr als doppelt so hoch wie der EU-Grenzwert. Bitte lassen Sie Ihr Auto stehen und benutzen Sie Rad, Bus oder Bahn.  #feinstaubalarm",5,27,33,0,['#feinstaubalarm'],[],[],https://pbs.twimg.com/profile_images/1217186456906629121/gFhkeH5G_normal.jpg,https://twitter.com/ADFC_Hamburg/status/962263307045523457,tweet_id:962263307045523457
Microsoft Visual Studio,@VisualStudio,2018-02-08T15:14:01.000Z,True,Undercover some of our coolest features. Here are 3 hidden gems that'll beef up your #VSTS boards - http://msft.social/ISfaov,1,26,50,0,['#VSTS'],[],[],https://pbs.twimg.com/profile_images/1278356990125719552/jNciLHjC_normal.jpg,https://twitter.com/VisualStudio/status/961619131152859137,tweet_id:961619131152859137
Microsoft Channel 9,@ch9,2018-02-07T18:27:04.000Z,False,Episode 4: Five Things About RxJS with Angular | Five Things http://dlvr.it/QFQml7,0,8,9,0,[],[],[],https://pbs.twimg.com/profile_images/1145792011607277568/WCfnhkal_normal.png,https://twitter.com/ch9/status/961305327814590464,tweet_id:961305327814590464
Abel Wang,@AbelSquidHead,2018-02-04T22:33:03.000Z,False,"#VSTS is fully extensible where you can make it do just about anything, from  custom build and release tasks to dashboard widgets to your own hubs. And you do it all using standard technologies. Check  out how! https://buff.ly/2DZKxJ5",1,19,20,0,['#VSTS'],[],[],https://pbs.twimg.com/profile_images/1415590025899560966/xbzG3Jl3_normal.jpg,https://twitter.com/AbelSquidHead/status/960280063873777665,tweet_id:960280063873777665
ADFC Bundesverband,@FahrradClub,2018-02-06T08:26:15.000Z,False,Ein Land mit 11 Prozent Radverkehrsanteil braucht sich über schlechte Luft nicht zu wundern. #radlandjetzt ! Dieselgipfel – ein halbes Jahr danach: Heiße statt saubere Luft. https://welt.de/motor/news/article173215561/Heisse-statt-sauberer-Luft-Dieselgipfel-ein-halbes-Jahr-danach.html…,0,21,45,0,['#radlandjetzt'],[],[],https://pbs.twimg.com/profile_images/1394668886273007617/n4wIMJ0r_normal.jpg,https://twitter.com/FahrradClub/status/960791736716021760,tweet_id:960791736716021760
The Energy Transition Blog,@EnergiewendeGER,2018-02-05T13:31:49.000Z,False,Renewables made up more electricity than coal in 2017. http://reneweconomy.com.au/graph-day-renewables-overtake-coal-european-electricity-supply-33695/…,0,10,6,0,[],[],[],https://pbs.twimg.com/profile_images/1775557814657687552/yi8cDTrq_normal.png,https://twitter.com/EnergiewendeGER/status/960506246678876161,tweet_id:960506246678876161
Lebenswerte City Hamburg,@lebenswerteCity,2018-02-04T00:58:01.000Z,False,"#StVO-SKANDAL: Die Gefährdung von Kindern, Fußgängern oder Radfahrern wird nur als leichter Verstoß angesehen, während die Gefährdung Kfz-Führender als schwerer Verstoß gewertet wird. Da sehen wir wieder, dass Menschenleben wenig wert sind, in der #AutoNation D.† #AutoLand @BMVI https://twitter.com/RadwegH/status/959905354120384514…",2,9,16,0,"['#StVO', '#AutoNation', '#AutoLand']",[],[],https://pbs.twimg.com/profile_images/1267135355985301505/W92BK1Na_normal.jpg,https://twitter.com/lebenswerteCity/status/959954161730191361,tweet_id:959954161730191361
Jan Zieschang,@splushi,2017-10-07T15:58:48.000Z,False,Ob es jetzt gefährlicher wird? https://twitter.com/ChristianeSeege/status/916411696088080384…,0,0,0,0,[],[],[],https://pbs.twimg.com/profile_images/980346126288216064/9uvqYjCP_normal.jpg,https://twitter.com/splushi/status/916694307033280512,tweet_id:916694307033280512
Techloop,@techloop_io,2017-10-06T15:50:15.000Z,False,Get all the info shared on the .NET Conf 2017 for free - videos are now available (via ) http://ow.ly/vyoU30fEK0r,0,10,16,0,[],['@shanselman'],[],https://pbs.twimg.com/profile_images/1592859545424076800/MN2Rv_p-_normal.jpg,https://twitter.com/techloop_io/status/916329766688575490,tweet_id:916329766688575490
Jan Zieschang,@splushi,2017-10-06T14:17:47.000Z,False,"Wow, so schlimm habe ich den Sturm nicht mitbekommen. Die Wochenendpläne sind leider hin.",0,0,0,0,[],[],[],https://pbs.twimg.com/profile_images/980346126288216064/9uvqYjCP_normal.jpg,https://twitter.com/splushi/status/916306495507222530,tweet_id:916306495507222530
@ADFC_Hamburg@norden.social,@ADFC_Hamburg@norden.social,2017-08-21T16:59:34.000Z,False,Antrag auf #Tempo30 für Lärmschutz und weniger Abgase. Was tut Hamburg? Die  weigerte sich bislang die Anträge zu bescheiden! https://twitter.com/RARieck/status/899636690301714432…,3,5,7,0,['#Tempo30'],['@PolizeiHamburg'],[],https://pbs.twimg.com/profile_images/1217186456906629121/gFhkeH5G_normal.jpg,https://twitter.com/ADFC_Hamburg/status/899677367131680768,tweet_id:899677367131680768
Jan Zieschang,@splushi,2017-08-02T19:45:59.000Z,False,Liebe  wie wäre es mit mehr Fahrradkapazitäten am Wochenende? Spontane Fahrradmitnahme ist kaum möglich. :(,0,0,0,0,[],['@DB_Info'],[],https://pbs.twimg.com/profile_images/980346126288216064/9uvqYjCP_normal.jpg,https://twitter.com/splushi/status/892833878926389248,tweet_id:892833878926389248
Dennis Gassen,@trikkser,2017-07-27T14:21:09.000Z,False,.NET Application Architecture Guidance http://buff.ly/2uzFWLj,0,3,0,0,[],[],[],https://pbs.twimg.com/profile_images/1068052752436260864/eURUjH01_normal.jpg,https://twitter.com/trikkser/status/890577806576558084,tweet_id:890577806576558084
Malte Lantin,@MalteLantin,2017-07-27T15:04:57.000Z,False,There is also a short 5 min tutorial to run you first container on MS #Azure with Container Instances here: http://j.mp/2u1UWy7,0,1,1,0,['#Azure'],[],[],https://pbs.twimg.com/profile_images/1492441859884474368/tiIiuuYp_normal.jpg,https://twitter.com/MalteLantin/status/890588825826865152,tweet_id:890588825826865152
@ADFC_Hamburg@norden.social,@ADFC_Hamburg@norden.social,2017-07-28T07:44:49.000Z,False,Soziologe Stefan Kühl über Risikowahrnehmung: Abgase gefährlicher als Attentäter – 30 Tote pro Tag durch Stickoxidehttp://deutschlandfunkkultur.de/risikowahrnehmung-wenn-abgase-gefaehrlicher-als-attentaeter.1005.de.html?dram:article_id=391849…,0,11,9,0,[],[],[],https://pbs.twimg.com/profile_images/1217186456906629121/gFhkeH5G_normal.jpg,https://twitter.com/ADFC_Hamburg/status/890840452181655552,tweet_id:890840452181655552
Build & Release,@vsreleasemgmt,2017-07-28T10:58:13.000Z,False,New on the  blog: Deploying #Apps to #AzureContainerService. Read more: http://msft.social/eYP35G #Kubernetes,0,7,4,0,"['#Apps', '#AzureContainerService', '#Kubernetes']",['@VisualStudio'],[],https://pbs.twimg.com/profile_images/689331583254319104/-6mfxvGk_normal.png,https://twitter.com/vsreleasemgmt/status/890889121228406784,tweet_id:890889121228406784
Jan Zieschang,@splushi,2017-07-13T21:07:06.000Z,False,Schöner Kommentar zu den Ereignissen vor dem #G20 ohne das Ergebnis zu kennen. https://piratenpartei.de/2017/07/06/die-demokratie-wird-ausgesetzt-der-rechtsstaat-versagt/… #G20HAM #PiratenparteiHamburg,0,0,0,0,"['#G20', '#G20HAM', '#PiratenparteiHamburg']",[],[],https://pbs.twimg.com/profile_images/980346126288216064/9uvqYjCP_normal.jpg,https://twitter.com/splushi/status/885606536923447297,tweet_id:885606536923447297
miriam steimer,@miriamsteimer,2017-07-09T14:53:24.000Z,True,"Für mich der schönste Moment des #G20-Gipfels: die gelöste Stimmung heute, als die Hamburger ihre Stadt zurückerobern. #G20HAM",1,3,9,0,"['#G20', '#G20HAM']",[],[],https://pbs.twimg.com/profile_images/1746362346195611648/3QE95xiS_normal.jpg,https://twitter.com/miriamsteimer/status/884062940214812672,tweet_id:884062940214812672
Jan Zieschang,@splushi,2017-07-08T12:51:36.000Z,False,Noch immer riecht die ganze Schanze verbrannt. :( Die Straße ist schwarz und kaputt mit Löchern. #G20 #G20HAM #G20HH2017,0,0,0,0,"['#G20', '#G20HAM', '#G20HH2017']",[],[],https://pbs.twimg.com/profile_images/980346126288216064/9uvqYjCP_normal.jpg,https://twitter.com/splushi/status/883669898903343104,tweet_id:883669898903343104
Stadtreinigung HH,@SRHnews,2017-07-08T07:52:48.000Z,False,"Der ""Orangene Block"" bedankt sich für die moralische Unterstützung beim Aufräumen nach #G20HH2017 #Danke",280,"3,926",1.4万,0,"['#G20HH2017', '#Danke']",[],[],https://pbs.twimg.com/profile_images/1408345088397348865/o28StZi4_normal.jpg,https://twitter.com/SRHnews/status/883594705598124032,tweet_id:883594705598124032
PiratenNiedersachsen,@PiratenNDS,2017-07-07T20:41:10.000Z,False,"Protest ist wichtig+nötig,aber nur friedlich und gewaltfrei!Ansonsten schadet ihr der Sache mehr als das es nutzt #nog20 #G20Ham17 #G20Ham",1,4,9,0,"['#nog20', '#G20Ham17', '#G20Ham']",[],[],https://pbs.twimg.com/profile_images/1564277734095863809/KGcpRQSd_normal.jpg,https://twitter.com/PiratenNDS/status/883425682604384256,tweet_id:883425682604384256
Jan Zieschang,@splushi,2017-07-07T12:57:05.000Z,False,"aha, diese Zufälle",0,0,0,0,[],[],[],https://pbs.twimg.com/profile_images/980346126288216064/9uvqYjCP_normal.jpg,https://twitter.com/splushi/status/883308890322030592,tweet_id:883308890322030592
˙ ͜ʟ˙Jay-Pee,@JePaHi,2017-07-07T11:47:58.000Z,False,+++EILMELDUNG+++ #Hamburg #G20 #g20hh2017,0,3,1,0,"['#Hamburg', '#G20', '#g20hh2017']",[],[],https://pbs.twimg.com/profile_images/993239887439630336/fT8GbZ98_normal.jpg,https://twitter.com/JePaHi/status/883291495909994497,tweet_id:883291495909994497
DirkHertrampf,@HerrHertrampf,2017-07-07T08:32:31.000Z,False,Frenetischer Jubel. Eine weitere Kollegin hat es ins Büro geschafft! #innenstadtbüro #G20HAM #immernochhubschrauberlärm,0,1,1,0,"['#innenstadtbüro', '#G20HAM', '#immernochhubschrauberlärm']",[],[],https://pbs.twimg.com/profile_images/1273590068188532736/vtRVLLB3_normal.jpg,https://twitter.com/HerrHertrampf/status/883242309214769152,tweet_id:883242309214769152
Jan Zieschang,@splushi,2017-07-06T20:50:53.000Z,False,Das die Demo nicht ohne Vermummung abläuft war doch klar! Nun wird es wohl nicht mehr ruhig in HH.,0,0,0,0,[],[],[],https://pbs.twimg.com/profile_images/980346126288216064/9uvqYjCP_normal.jpg,https://twitter.com/splushi/status/883065740290646019,tweet_id:883065740290646019
Jan Zieschang,@splushi,2017-07-06T20:41:25.000Z,False,"Jetzt noch raus, ich glaube sie kommen her ...",0,0,0,0,[],[],[],https://pbs.twimg.com/profile_images/980346126288216064/9uvqYjCP_normal.jpg,https://twitter.com/splushi/status/883063355950411781,tweet_id:883063355950411781
/\/\_a_r_c_u_s,@m_aus_h,2017-07-06T20:14:35.000Z,True,"RT : Die Demokratie wird ausgesetzt, der Rechtsstaat versagt - https://piratenpartei.de/2017/07/06/die-demokratie-wird-ausgesetzt-der-rechtsstaat-versagt… via  #G20HAM #G20",0,1,0,0,"['#G20HAM', '#G20']","['@PiratenVorstand', '@Piratenpartei']",[],https://pbs.twimg.com/profile_images/1217442656/IMG_0103_normal.png,https://twitter.com/m_aus_h/status/883056605042008064,tweet_id:883056605042008064
JeanLucStewart =/\= =_o,@Data2364,2017-07-06T20:18:53.000Z,False,"#Hooligans finde ich zum Kotzen - egal ob Fußball-,Nazi- oder Linke Hooligans - ihr seid Schei..e  #G20HAM",0,1,0,0,"['#Hooligans', '#G20HAM']",[],[],https://pbs.twimg.com/profile_images/1237347662/avatar_normal.gif,https://twitter.com/Data2364/status/883057685406633984,tweet_id:883057685406633984
Jan Zieschang,@splushi,2017-07-06T15:39:04.000Z,False,Offensichtlich ist alles vorbereitet für heute. Die Innenstadt war heute sehr leer. Kann doch auch nicht sein!. #G20HAM,0,0,0,0,['#G20HAM'],[],[],https://pbs.twimg.com/profile_images/980346126288216064/9uvqYjCP_normal.jpg,https://twitter.com/splushi/status/882987267131936769,tweet_id:882987267131936769
Microsoft Azure,@Azure,2017-07-05T18:40:57.000Z,True,The #AzureCAT patterns & practices team has published 9 new design patterns on the #Azure Architecture Center. Read: http://msft.social/RVGweE,1,197,238,0,"['#AzureCAT', '#Azure']",[],[],https://pbs.twimg.com/profile_images/1268207800313774080/KF9pXfXU_normal.jpg,https://twitter.com/Azure/status/882670651429052416,tweet_id:882670651429052416
Jan Zieschang,@splushi,2017-07-05T19:11:45.000Z,False,"Jetzt kommt endlich auch der friedliche Protest. Hoffen wir, dass es so weiter geht und auch die nächsten Tage bleibt. #G20HAM",0,0,0,0,['#G20HAM'],[],[],https://pbs.twimg.com/profile_images/980346126288216064/9uvqYjCP_normal.jpg,https://twitter.com/splushi/status/882678404151222274,tweet_id:882678404151222274
Jan Zieschang,@splushi,2017-07-05T18:56:44.000Z,False,Die Schanze wird jetzt blau. Mehr kommt auch noch. #G20HAM,0,1,1,0,['#G20HAM'],[],[],https://pbs.twimg.com/profile_images/980346126288216064/9uvqYjCP_normal.jpg,https://twitter.com/splushi/status/882674626740064257,tweet_id:882674626740064257
Lebenswerte City Hamburg,@lebenswerteCity,2017-07-03T01:43:45.000Z,False,"Parke nicht aus unseren Wegen
Auf der Fahrbahn ist Platz genug #Falschparker",5,64,98,0,['#Falschparker'],['@PolizeiHamburg'],[],https://pbs.twimg.com/profile_images/1267135355985301505/W92BK1Na_normal.jpg,https://twitter.com/lebenswerteCity/status/881689891352055808,tweet_id:881689891352055808
Jan Zieschang,@splushi,2017-07-03T09:14:25.000Z,False,"Nach dem die ersten Protestcamps geräumt wurden gibt es bei #Globetrotter ""Happy Hooligan"" im Angebot. Danke! #G20HAM17  #G20Protestwelle",0,2,0,0,"['#Globetrotter', '#G20HAM17', '#G20Protestwelle']",[],[],https://pbs.twimg.com/profile_images/980346126288216064/9uvqYjCP_normal.jpg,https://twitter.com/splushi/status/881803303927123969,tweet_id:881803303927123969
upperbike bikeshare,@upperbike,2017-06-29T07:28:00.000Z,False,Mit dem Angebot der Berliner Fahrradinitiativen kann der #Fahrrad-Sommer kommen!#Berlinhttp://upperbike.com/magazin/fahrradfahren-in-berlin/…,1,2,0,0,"['#Fahrrad', '#Berlin']",[],[],https://pbs.twimg.com/profile_images/504570592532500481/8QTZ_6YA_normal.png,https://twitter.com/upperbike/status/880326973804949504,tweet_id:880326973804949504
Satya Nadella,@satyanadella,2017-06-01T20:45:36.000Z,True,We believe climate change is an urgent issue that demands global action. We remain committed to doing our part.,114,"2,298","4,964",0,[],[],[],https://pbs.twimg.com/profile_images/1221837516816306177/_Ld4un5A_normal.jpg,https://twitter.com/satyanadella/status/870380835144204290,tweet_id:870380835144204290
Mr. Tscha,@MrTscha,2017-06-01T19:46:49.000Z,False,"Die Rede von #Trump zum #ParisAgreement hat doch der  geschrieben: saubere Kohle, etc...",0,1,6,0,"['#Trump', '#ParisAgreement']",['@Der_Postillon'],[],https://pbs.twimg.com/profile_images/907589009047740416/2ReouQRW_normal.jpg,https://twitter.com/MrTscha/status/870366040722681859,tweet_id:870366040722681859
Kristian Schmidt,@EUAmbSchmidt,2017-06-01T19:43:48.000Z,False,The World's 2nd largest CO2 emitter has  left the building. So sad. #ParisAgreement ,6,20,11,0,['#ParisAgreement'],['@EUClimateAction'],[],https://pbs.twimg.com/profile_images/1771893486599524352/yHWjF8vk_normal.jpg,https://twitter.com/EUAmbSchmidt/status/870365281335603201,tweet_id:870365281335603201
Christina Wilkie,@christinawilkie,2017-06-01T19:43:49.000Z,True,Trump complaining about how India and China are getting special treatment under the #ParisAgreement. This is very Bannon-ish zero sum logic.,9,69,95,0,['#ParisAgreement'],[],[],https://pbs.twimg.com/profile_images/1575309292084797443/q2Or78VE_normal.jpg,https://twitter.com/christinawilkie/status/870365285970325504,tweet_id:870365285970325504
Jan Zieschang,@splushi,2017-06-01T19:43:37.000Z,False,"Sorry America, but that's the wrong direction :( To sad for the planet! #ParisAgreement Y this president????",0,0,0,0,['#ParisAgreement'],[],[],https://pbs.twimg.com/profile_images/980346126288216064/9uvqYjCP_normal.jpg,https://twitter.com/splushi/status/870365237698064386,tweet_id:870365237698064386
Mark Warner,@MarkWarner,2017-06-01T19:35:49.000Z,True,A historic mistake. The United States should take the lead and #ActOnClimate not retreat from the #ParisAgreement.,90,400,926,0,"['#ActOnClimate', '#ParisAgreement']",[],[],https://pbs.twimg.com/profile_images/1396933851453218819/Cdea8Hw5_normal.jpg,https://twitter.com/MarkWarner/status/870363272163340288,tweet_id:870363272163340288
Microsoft Visual Studio,@VisualStudio,2017-05-17T22:00:00.000Z,True,"Get practical advice, best practices, & sample applications using the #dotNET Architecture Guidance. Find out more: http://spr.ly/601289f4G",0,27,47,0,['#dotNET'],[],[],https://pbs.twimg.com/profile_images/1278356990125719552/jNciLHjC_normal.jpg,https://twitter.com/VisualStudio/status/864963740621524992,tweet_id:864963740621524992
Microsoft Visual Studio,@VisualStudio,2017-05-17T15:35:01.000Z,True,"<3, <3, <3 this collection of links to useful shortcuts, tips, and feature highlights for #VisualStudio and #VSCode, http://spr.ly/601989hrS",2,41,57,0,"['#VisualStudio', '#VSCode']",[],[],https://pbs.twimg.com/profile_images/1278356990125719552/jNciLHjC_normal.jpg,https://twitter.com/VisualStudio/status/864866855965659136,tweet_id:864866855965659136
Nicoleta Mihali,@nikk_mihali,2017-05-18T10:18:41.000Z,False,Today in #Hamburg for the #MissionMars workshop with   https://t.co/8lqKISZXNy #azurefunctions #azureiothub #CognitiveServices,0,3,6,0,"['#Hamburg', '#MissionMars', '#azurefunctions', '#azureiothub', '#CognitiveServices']",['@danieldotnet'],['\\U0001f680'],https://pbs.twimg.com/profile_images/844457967873351680/KjTNZY8l_normal.jpg,https://twitter.com/nikk_mihali/status/865149633848389632,tweet_id:865149633848389632
Rick Strahl,@RickStrahl,2017-05-17T07:39:58.000Z,True,Blogged: Upgrading to .NET Core 2.0 Preview https://weblog.west-wind.com/posts/2017/May/15/Upgrading-to-NET-Core-20-Preview…#dotnetcore #aspnetcore,0,13,23,0,"['#dotnetcore', '#aspnetcore']",[],[],https://pbs.twimg.com/profile_images/1656033831244410881/93yZBkgx_normal.jpg,https://twitter.com/RickStrahl/status/864747305102004224,tweet_id:864747305102004224
Jan Zieschang,@splushi,2017-05-15T12:47:42.000Z,False,"WTF ...
Another reason to be happy to live in Germany! https://twitter.com/shanselman/status/863822328236449792…",0,0,0,0,[],[],[],https://pbs.twimg.com/profile_images/980346126288216064/9uvqYjCP_normal.jpg,https://twitter.com/splushi/status/864099973427851264,tweet_id:864099973427851264
Björn Jäger,@JaegerBjoern,2017-05-13T11:56:34.000Z,False,#NetDayFranken mit : Dokumentation ist alles... Wer kennt das nicht...,0,2,5,0,['#NetDayFranken'],['@GiessweinWeb'],[],https://pbs.twimg.com/profile_images/725031586731810816/3-AXdrpz_normal.jpg,https://twitter.com/JaegerBjoern/status/863362328817000448,tweet_id:863362328817000448
Dennis Gassen,@trikkser,2017-05-15T10:04:47.000Z,False,BUILD 2017 Conference Rollup for .NET Developers - via  #MSBuild #dotnet  https://hanselman.com/blog/BUILD2017ConferenceRollupForNETDevelopers.aspx…,0,2,3,0,"['#MSBuild', '#dotnet']",['@shanselman'],[],https://pbs.twimg.com/profile_images/1068052752436260864/eURUjH01_normal.jpg,https://twitter.com/trikkser/status/864058975431655424,tweet_id:864058975431655424
Ben {chmark} Adams,@ben_a_adams,2017-05-14T01:16:01.000Z,False,"Windows XP was released in 2001, every Linux kernel before 2013 is out of support, more CVEs reported for Linux in 2016, 2017 than Windows",30,617,649,0,[],[],[],https://pbs.twimg.com/profile_images/1282411238602006529/l4lHaQHE_normal.jpg,https://twitter.com/ben_a_adams/status/863563517898747904,tweet_id:863563517898747904
ADFC Bundesverband,@FahrradClub,2017-05-05T15:44:25.000Z,False,"Sehr treffender Kommentar von : Nehmt den Radverkehr endlich ernst! http://hessenschau.de/gesellschaft/kommentar-zum-aktionstag-nehmt-den-radverkehr-endlich-ernst,rad-zur-arbeit-kommentar-100.html… via ",2,21,34,0,[],"['@martin_pesch', '@hessenschauDE']",[],https://pbs.twimg.com/profile_images/1394668886273007617/n4wIMJ0r_normal.jpg,https://twitter.com/FahrradClub/status/860520568214487041,tweet_id:860520568214487041
.NET,@dotnet,2017-05-02T23:42:50.000Z,True,Announcing the .NET Framework 4.7 General Availability https://blogs.msdn.microsoft.com/dotnet/2017/05/02/announcing-the-net-framework-4-7-general-availability/…,7,439,370,0,[],[],[],https://pbs.twimg.com/profile_images/1677092698791235584/Y1wFtWvG_normal.jpg,https://twitter.com/dotnet/status/859553801660792833,tweet_id:859553801660792833
Operational Risk Mgt,@ORMOhio,2017-04-28T20:11:14.000Z,False, fix your servers #uplayfail #wildlands,0,1,1,0,"['#uplayfail', '#wildlands']",['@Ubisoft'],[],https://pbs.twimg.com/profile_images/830868579197321220/bCTY7RbG_normal.jpg,https://twitter.com/ORMOhio/status/858051000262959104,tweet_id:858051000262959104
Ed Blankenship,@edblankenship,2017-04-21T14:38:58.000Z,False,"New on VSTS: Big deployment for us! Delivery timeline markers, Git history viz, install custom on hosted build, ... https://visualstudio.com/en-us/articles/news/2017/apr-19-team-services…",1,53,54,0,[],[],[],https://pbs.twimg.com/profile_images/1747961265056579586/WCAP8ada_normal.jpg,https://twitter.com/edblankenship/status/855430664912384000,tweet_id:855430664912384000
Microsoft Visual Studio,@VisualStudio,2017-04-21T16:38:01.000Z,True,9 great new features in this new extension. Announcing the official release of #TFVC support for #VisualStudio  http://spr.ly/60198eE4J,0,30,38,0,"['#TFVC', '#VisualStudio']",['@Code'],[],https://pbs.twimg.com/profile_images/1278356990125719552/jNciLHjC_normal.jpg,https://twitter.com/VisualStudio/status/855460625086111744,tweet_id:855460625086111744
.NET,@dotnet,2017-04-21T21:08:11.000Z,True,RyuJIT to be the x86 JIT in .NET Core 2.0 – Replacing JIT32,1,102,96,0,[],[],[],https://pbs.twimg.com/profile_images/1677092698791235584/Y1wFtWvG_normal.jpg,https://twitter.com/dotnet/status/855528617295532032,tweet_id:855528617295532032
Jeffrey Snover,@jsnover,2017-03-25T13:50:46.000Z,False,We use Service Fabric extensively in our cloud services.,0,49,43,0,[],[],[],https://pbs.twimg.com/profile_images/1390707151614595073/fnKxlLaV_normal.jpg,https://twitter.com/jsnover/status/845634064174366722,tweet_id:845634064174366722
Microsoft Developer,@msdev,2017-03-22T13:06:01.000Z,True,Explore new #Git features in #VS2017 & do more of your end-to-end workflow without leaving the IDE: http://msft.social/0L40uX,4,41,60,0,"['#Git', '#VS2017']",[],[],https://pbs.twimg.com/profile_images/1768324979303874560/3IRejxE9_normal.jpg,https://twitter.com/msdev/status/844535637411844096,tweet_id:844535637411844096
Microsoft Visual Studio,@VisualStudio,2017-03-15T20:33:01.000Z,True,. gives us heads up on what's to come in #VSTeamServices & #TFS with a quick Roadmap - http://spr.ly/60188kLUa,0,28,27,0,"['#VSTeamServices', '#TFS']",['@BHarry'],[],https://pbs.twimg.com/profile_images/1278356990125719552/jNciLHjC_normal.jpg,https://twitter.com/VisualStudio/status/842111414068211713,tweet_id:842111414068211713
Microsoft Dev Docs,@docsmsft,2017-03-13T15:21:48.000Z,False,We've launched the  Architecture Center!https://docs.microsoft.com/en-us/azure/architecture/…,0,108,107,0,[],['@Azure'],[],https://pbs.twimg.com/profile_images/1575551732389937152/-mKN-WBj_normal.png,https://twitter.com/docsmsft/status/841308318253514752,tweet_id:841308318253514752
Microsoft Visual Studio,@VisualStudio,2017-03-13T14:26:08.000Z,True,"#VS2017 Launch Session On Demand: What's new for #dotNET Core and #VisualStudio 2017, http://spr.ly/60158klvT",3,80,113,0,"['#VS2017', '#dotNET', '#VisualStudio']",[],[],https://pbs.twimg.com/profile_images/1278356990125719552/jNciLHjC_normal.jpg,https://twitter.com/VisualStudio/status/841294309118889985,tweet_id:841294309118889985
Microsoft Visual Studio,@VisualStudio,2017-03-06T19:01:01.000Z,True,Want to reducing the volume (and cost) of data sent to Application Insights? Here's how: http://spr.ly/60198XuFF,2,31,41,0,[],[],[],https://pbs.twimg.com/profile_images/1278356990125719552/jNciLHjC_normal.jpg,https://twitter.com/VisualStudio/status/838826772040978432,tweet_id:838826772040978432
ADFC Bundesverband,@FahrradClub,2017-03-05T10:10:24.000Z,False,"Ja, Plastiktüten gehören abgeschafft, aber Auto verbieten ist Käse. Die Alternativen müssen max. attraktiv werden. http://zeit.de/2017/07/konsumverhalten-nachhaltigkeit-vernunft-verschwendung-bequemlichkeit?wt_zmc=sm.ext.zonaudev.twitter.ref.zeitde.share_small.link.x…",5,7,17,0,[],[],[],https://pbs.twimg.com/profile_images/1394668886273007617/n4wIMJ0r_normal.jpg,https://twitter.com/FahrradClub/status/838330848806068224,tweet_id:838330848806068224
ADFC Bundesverband,@FahrradClub,2017-03-05T13:08:58.000Z,False,Verkehrsstudie: Jedes Auto verursacht 2100 Euro ungedeckte Kosten https://welt.de/politik/deutschland/article113888320/Jedes-Auto-verursacht-2100-Euro-ungedeckte-Kosten.html&wtmc=socialmedia.twitter.shared.web… via ,5,31,23,0,[],['@welt'],[],https://pbs.twimg.com/profile_images/1394668886273007617/n4wIMJ0r_normal.jpg,https://twitter.com/FahrradClub/status/838375787199881216,tweet_id:838375787199881216
Charlotte Yarkoni,@CYarkoni,2017-02-24T02:43:31.000Z,False,Announcing Azure Network Watcher – Network Performance Monitoring and Diagnostics Service for Azure https://azure.microsoft.com/blog/announcing-azure-network-watcher-network-performance-monitoring-and-diagnostics-service-for-azure/…,0,19,14,0,[],[],[],https://pbs.twimg.com/profile_images/842413747138252800/EflX_e_0_normal.jpg,https://twitter.com/CYarkoni/status/834956897371377664,tweet_id:834956897371377664
Donovan Brown #BlackLivesMatter,@DonovanBrown,2017-02-28T17:26:16.000Z,False,I finally open sourced my #PowerShell module for . Thanks  for reminding me. https://github.com/DarqueWarrior/team…,0,75,95,0,['#PowerShell'],"['@VSTeam', '@aneillans']",[],https://pbs.twimg.com/profile_images/1651921880343891968/gsLhMHU2_normal.jpg,https://twitter.com/DonovanBrown/status/836628599813767168,tweet_id:836628599813767168
Justin Khoo,@advenix,2017-02-28T20:00:15.000Z,False,You know its bad when Amazon can't even update their status page. #AWS,1,16,21,0,['#AWS'],[],[],https://pbs.twimg.com/profile_images/1123216876/hs_khoo_justin_100x100_normal.jpg,https://twitter.com/advenix/status/836667350560587776,tweet_id:836667350560587776
Windows Developer,@windowsdev,2017-02-26T16:00:06.000Z,True,Learn more about building apps with Azure directories here on : http://wndw.ms/XZ3Tv2,8,189,457,0,[],['@Ch9'],[],https://pbs.twimg.com/profile_images/1408091182832422914/PYWmZWXH_normal.png,https://twitter.com/windowsdev/status/835882138033496065,tweet_id:835882138033496065
Dennis Gassen,@trikkser,2017-02-22T18:58:05.000Z,False,#Azure App Service Secrets and Web Site Hidden Gems http://buff.ly/2mkOUFc via ,0,1,2,0,['#Azure'],['@shanselman'],[],https://pbs.twimg.com/profile_images/1068052752436260864/eURUjH01_normal.jpg,https://twitter.com/trikkser/status/834477377182957570,tweet_id:834477377182957570
Microsoft Visual Studio,@VisualStudio,2017-02-21T20:40:02.000Z,True,"Bringing more social & personal experiences into #VSTeamServices, there's some swell goodies rolling out this week: http://spr.ly/60108VQNQ",1,43,48,0,['#VSTeamServices'],[],[],https://pbs.twimg.com/profile_images/1278356990125719552/jNciLHjC_normal.jpg,https://twitter.com/VisualStudio/status/834140645933645824,tweet_id:834140645933645824
Frederik Bombosch,@FBombosch,2017-02-21T11:53:26.000Z,False,"Höchste Zeit für diese Maßnahme, sage ich als Anwohner. Die 3. Spur ist auf dem betroffenen Stück eh oft zugeparkt.http://rbb-online.de/politik/beitrag/2017/02/frankfurter-allee-radstreifen-weniger-spuren-autos.html…",4,30,61,0,[],[],[],https://pbs.twimg.com/profile_images/1482751726939684874/ktiIrgOI_normal.jpg,https://twitter.com/FBombosch/status/834008122339557376,tweet_id:834008122339557376
Mollie Katzen,@MollieKatzen,2017-02-19T19:57:01.000Z,False,#standupforscience,10,"1,198","3,071",0,['#standupforscience'],[],[],https://pbs.twimg.com/profile_images/1199321498/mollie-blue_copy_normal.jpg,https://twitter.com/MollieKatzen/status/833405045781598210,tweet_id:833405045781598210
Stackify,@Stackify,2017-02-15T16:14:35.000Z,False,Ultimate NLog guide for #ASPNET logging!  https://cards.twitter.com/cards/7tdrcw/3cmda…,0,1,2,0,['#ASPNET'],[],[],https://pbs.twimg.com/profile_images/1676999243998064640/dPjQJwpW_normal.jpg,https://twitter.com/Stackify/status/831899517020672002,tweet_id:831899517020672002
Build & Release,@vsreleasemgmt,2017-02-14T09:19:55.000Z,False,"Back to basics, how to create a release in VSTS Release Management https://visualstudio.com/en-us/docs/release/managing-releases/create-release…",0,4,5,0,[],[],[],https://pbs.twimg.com/profile_images/689331583254319104/-6mfxvGk_normal.png,https://twitter.com/vsreleasemgmt/status/831432774053531650,tweet_id:831432774053531650
.NET,@dotnet,2017-02-13T18:07:05.000Z,True,Happy 15th Birthday .NET! Thank you all for building incredible software over the years! https://blogs.msdn.microsoft.com/dotnet/2017/02/13/happy-15th-birthday-net/… #MyVSStory #dotnet,26,738,781,0,"['#MyVSStory', '#dotnet']",[],[],https://pbs.twimg.com/profile_images/1677092698791235584/Y1wFtWvG_normal.jpg,https://twitter.com/dotnet/status/831203051646054402,tweet_id:831203051646054402
Microsoft Channel 9,@ch9,2017-02-11T09:19:35.000Z,False,#VS2017 is coming on March 7th and we are hosting!! Share your Visual Studio stories with #MyVSStory. Learn more: https://launch.visualstudio.com,0,85,79,0,"['#VS2017', '#MyVSStory']",[],[],https://pbs.twimg.com/profile_images/1145792011607277568/WCfnhkal_normal.png,https://twitter.com/ch9/status/830345526113554433,tweet_id:830345526113554433
Microsoft Visual Studio,@VisualStudio,2017-02-10T17:55:00.000Z,True,Thanks to  for info on the new Wiki for #VSTeamServices & #TFS - http://spr.ly/60158pD4J,1,6,13,0,"['#VSTeamServices', '#TFS']",['@BHarry'],[],https://pbs.twimg.com/profile_images/1278356990125719552/jNciLHjC_normal.jpg,https://twitter.com/VisualStudio/status/830112848479186944,tweet_id:830112848479186944
Microsoft Visual Studio,@VisualStudio,2017-02-09T17:51:03.000Z,True,WootWOOT!!! Happy 20th Birthday Visual Studio! Celebrate 20 years of great releases @ the #VS2017 Launch Event: http://spr.ly/60118pBbB,21,594,661,0,['#VS2017'],[],[],https://pbs.twimg.com/profile_images/1278356990125719552/jNciLHjC_normal.jpg,https://twitter.com/VisualStudio/status/829749467016548353,tweet_id:829749467016548353
Microsoft Visual Studio,@VisualStudio,2017-02-08T15:23:03.000Z,True,"Bringing #DevOps capabilities to the IDE, the Continuous Delivery Tools Extension for #VS2017 is now available - http://spr.ly/60178TtLh",0,61,70,0,"['#DevOps', '#VS2017']",[],[],https://pbs.twimg.com/profile_images/1278356990125719552/jNciLHjC_normal.jpg,https://twitter.com/VisualStudio/status/829349833853001733,tweet_id:829349833853001733
Jan Zieschang,@splushi,2017-02-08T20:46:27.000Z,False,"ahhh, already worried about the searching tasks.",0,0,0,0,[],[],[],https://pbs.twimg.com/profile_images/980346126288216064/9uvqYjCP_normal.jpg,https://twitter.com/splushi/status/829431221201620994,tweet_id:829431221201620994
Microsoft Visual Studio,@VisualStudio,2017-02-02T21:32:01.000Z,True,...big thanks to  for this terrific round-up of all things #VisualStudio Team Services from last mo. http://spr.ly/60138raJH #vsts,0,18,27,0,"['#VisualStudio', '#vsts']",['@TFSBuck'],[],https://pbs.twimg.com/profile_images/1278356990125719552/jNciLHjC_normal.jpg,https://twitter.com/VisualStudio/status/827268359938904066,tweet_id:827268359938904066
Jan Zieschang,@splushi,2017-02-03T21:46:35.000Z,False,Fehlen nicht mehr viele AzureSDKs :( https://twitter.com/writeline/status/827469726691520513…,0,0,0,0,[],[],[],https://pbs.twimg.com/profile_images/980346126288216064/9uvqYjCP_normal.jpg,https://twitter.com/splushi/status/827634413731246086,tweet_id:827634413731246086
Jan Zieschang,@splushi,2017-02-03T21:37:39.000Z,False,Nice insides on the transition and internal details.,0,0,0,0,[],[],[],https://pbs.twimg.com/profile_images/980346126288216064/9uvqYjCP_normal.jpg,https://twitter.com/splushi/status/827632165596839937,tweet_id:827632165596839937
Microsoft Developer,@msdev,2017-01-27T19:10:45.000Z,True,Interested in #dotNET Standard but don't have time to read? Watch these short videos from : http://po.st/5NyFlQ,0,111,176,0,['#dotNET'],['@terrajobst'],[],https://pbs.twimg.com/profile_images/1768324979303874560/3IRejxE9_normal.jpg,https://twitter.com/msdev/status/825058479488503808,tweet_id:825058479488503808
Microsoft Visual Studio,@VisualStudio,2017-01-26T15:11:01.000Z,True,"Package management. Here's how to programmatically promote your package quality w/ release views in #VSTeamServices, http://spr.ly/60128RSQp",0,29,33,0,['#VSTeamServices'],[],[],https://pbs.twimg.com/profile_images/1278356990125719552/jNciLHjC_normal.jpg,https://twitter.com/VisualStudio/status/824635763170181120,tweet_id:824635763170181120
Brandon Jones,@Tojiro,2017-01-22T21:47:39.000Z,False,Eliminate negativity in your code with this one weird trick.,83,"6,702","8,640",0,[],[],[],https://pbs.twimg.com/profile_images/1622694739853332480/5Xi2dD8C_normal.png,https://twitter.com/Tojiro/status/823286025535393792,tweet_id:823286025535393792
Microsoft Visual Studio,@VisualStudio,2017-01-24T16:52:02.000Z,True,Big news from  you may have missed... We've open sourced the #VisualStudio Test platform. Read more: http://spr.ly/60188RkMI,0,37,48,0,['#VisualStudio'],['@BHarry'],[],https://pbs.twimg.com/profile_images/1278356990125719552/jNciLHjC_normal.jpg,https://twitter.com/VisualStudio/status/823936407643324417,tweet_id:823936407643324417
Jan Zieschang,@splushi,2017-01-22T21:24:10.000Z,False,There is no climate change? EPA into new direction? Let's see.https://facebook.com/OccupyDemocrats/videos/1393588430734207/…,0,0,0,0,[],[],[],https://pbs.twimg.com/profile_images/980346126288216064/9uvqYjCP_normal.jpg,https://twitter.com/splushi/status/823280117514465281,tweet_id:823280117514465281
Nicoleta Mihali,@nikk_mihali,2017-01-19T12:04:25.000Z,False,"We're in the official #msts2016 video! #famous #notreally https://channel9.msdn.com/Events/microsoft-techncial-summit/Technical-Summit-2016/TechnicalSummit-2016-connecting-technologies… 
with ",0,1,5,0,"['#msts2016', '#famous', '#notreally']",['@liliankasem'],['\\U0001f913'],https://pbs.twimg.com/profile_images/844457967873351680/KjTNZY8l_normal.jpg,https://twitter.com/nikk_mihali/status/822052087278223360,tweet_id:822052087278223360
Rick Strahl,@RickStrahl,2017-01-18T07:28:42.000Z,True,Here are the few lines to hook it up including caching of templates: https://codepaste.net/svoxxd. Sweet.  https://github.com/RickStrahl/Westwind.RazorHosting/…,0,1,3,0,[],[],[],https://pbs.twimg.com/profile_images/1656033831244410881/93yZBkgx_normal.jpg,https://twitter.com/RickStrahl/status/821620312823439361,tweet_id:821620312823439361
Octopus Deploy,@OctopusDeploy,2017-01-18T11:17:54.000Z,True,Release 3.8 https://goo.gl/fb/813RyC,0,2,7,0,[],[],[],https://pbs.twimg.com/profile_images/1764875795728842752/QH5YACeP_normal.jpg,https://twitter.com/OctopusDeploy/status/821677996088168448,tweet_id:821677996088168448
Dennis Gassen,@trikkser,2017-01-18T07:39:00.000Z,False,Importing from #JIRA to #VSTS http://buff.ly/2jkUs2d,0,1,1,0,"['#JIRA', '#VSTS']",[],[],https://pbs.twimg.com/profile_images/1068052752436260864/eURUjH01_normal.jpg,https://twitter.com/trikkser/status/821622905582788612,tweet_id:821622905582788612
Dennis Gassen,@trikkser,2017-01-18T15:21:02.000Z,False,Microsoft’s Cyber Defense Operations Center shares best practices http://buff.ly/2jIWOI5,0,1,1,0,[],[],[],https://pbs.twimg.com/profile_images/1068052752436260864/eURUjH01_normal.jpg,https://twitter.com/trikkser/status/821739179776282635,tweet_id:821739179776282635
ADFC Bundesverband,@FahrradClub,2017-01-16T09:29:48.000Z,False,Why Helmets Aren't the Answer to Bike Safety -- In One Chart http://usa.streetsblog.org/2016/06/02/why-helmets-arent-the-answer-to-bike-safety-in-one-chart/… via ,1,35,21,0,[],['@StreetsblogUSA'],[],https://pbs.twimg.com/profile_images/1394668886273007617/n4wIMJ0r_normal.jpg,https://twitter.com/FahrradClub/status/820926012070498304,tweet_id:820926012070498304
Windows Developer,@windowsdev,2017-01-15T16:00:09.000Z,True,Windows Insider Preview Build 15002 has a ton of new updates for devs. Check out the new tile folders below: http://wndw.ms/C787hi,7,104,197,0,[],[],[],https://pbs.twimg.com/profile_images/1408091182832422914/PYWmZWXH_normal.png,https://twitter.com/windowsdev/status/820661859368005633,tweet_id:820661859368005633
Jan Zieschang,@splushi,2017-01-15T13:49:45.000Z,False,I need to learn arguing;) https://facebook.com/programmingjokes/posts/727024367467199:0…,0,0,0,0,[],[],[],https://pbs.twimg.com/profile_images/980346126288216064/9uvqYjCP_normal.jpg,https://twitter.com/splushi/status/820629045998129152,tweet_id:820629045998129152
Microsoft Visual Studio,@VisualStudio,2016-11-15T18:14:07.000Z,True,"SQL Server, now on Linux. Check the get started guide for developers.  https://cards.twitter.com/cards/a2ir0/2ldv3…",35,801,"1,708",0,[],[],[],https://pbs.twimg.com/profile_images/1278356990125719552/jNciLHjC_normal.jpg,https://twitter.com/VisualStudio/status/798589916280160256,tweet_id:798589916280160256
Angular News,@AngularJS_News,2017-01-14T11:37:12.000Z,True,Top #require Top 5 Technical Issues Large Sites Have with AngularJS https://angular.jsnews.io/top-5-technical-issues-large-sites-have-with-angularjs-2/… #javascript #service,0,12,11,0,"['#require', '#javascript', '#service']",[],[],https://pbs.twimg.com/profile_images/1149475813135282176/lakK5zvA_normal.jpg,https://twitter.com/AngularJS_News/status/820233300828704768,tweet_id:820233300828704768
Jan Zieschang,@splushi,2017-01-14T08:53:37.000Z,False,"Gleich noch einmal ""Blackout"" lesen, könnte ernst werden. http://tagesschau.de/ausland/energieversorgung-frankreich-101.html… (Das Buch https://amazon.de/Blackout-Marc-Elsberg-ebook/dp/B01FCQLSPC/ref=sr_1_6?ie=UTF8&qid=1484383960&sr=8-6&keywords=blackout…)",0,0,1,0,[],[],[],https://pbs.twimg.com/profile_images/980346126288216064/9uvqYjCP_normal.jpg,https://twitter.com/splushi/status/820192133198086144,tweet_id:820192133198086144
Microsoft Azure,@Azure,2017-01-11T18:59:52.000Z,True,We have doubled the write performance across all #AzureSQLDB offers & the read performance for Premium databases! http://po.st/X9AiqT,2,134,100,0,['#AzureSQLDB'],[],[],https://pbs.twimg.com/profile_images/1268207800313774080/KF9pXfXU_normal.jpg,https://twitter.com/Azure/status/819257535513366528,tweet_id:819257535513366528
Critical Mass Hamburg,@cm_hh,2017-01-12T11:59:53.000Z,False,An die Leute aus der Stadt Halle und Umgebung: http://mz-web.de/halle-saale/seriendieb-ermittelt-polizei-sucht-besitzer-gestohlener-fahrraeder-25519580… #stolenbikes,0,3,0,0,['#stolenbikes'],[],[],https://pbs.twimg.com/profile_images/712689179130511360/9AjS6yq7_normal.jpg,https://twitter.com/cm_hh/status/819514234417594368,tweet_id:819514234417594368
Jan Zieschang,@splushi,2017-01-07T08:15:21.000Z,False,"hmmm, let's try :)",0,0,0,0,[],[],[],https://pbs.twimg.com/profile_images/980346126288216064/9uvqYjCP_normal.jpg,https://twitter.com/splushi/status/817645787433893888,tweet_id:817645787433893888
Microsoft Visual Studio,@VisualStudio,2016-12-23T00:21:00.000Z,True,http://spr.ly/60108MABA - Here's how to unleash the power of  2016 and #Azure SQL database temporal tables,2,70,87,0,['#Azure'],['@SQLServer'],[],https://pbs.twimg.com/profile_images/1278356990125719552/jNciLHjC_normal.jpg,https://twitter.com/VisualStudio/status/812090595032387585,tweet_id:812090595032387585
CommitStrip,@CommitStrip,2016-12-22T18:26:43.000Z,False,"Terminal forever <3
 http://commitstrip.com/2016/12/22/terminal-forever/…",60,"4,145","4,523",0,[],[],[],https://pbs.twimg.com/profile_images/799176331623800832/ggd6_JbJ_normal.jpg,https://twitter.com/CommitStrip/status/812001436926087168,tweet_id:812001436926087168
Dennis Gassen,@trikkser,2016-12-23T15:21:00.000Z,False,Full CI/CD pipeline to deploy multi-containers application on #Azure Container Service with Docker Swarm using #VSTS http://buff.ly/2i1OOUJ,0,1,2,0,"['#Azure', '#VSTS']",[],[],https://pbs.twimg.com/profile_images/1068052752436260864/eURUjH01_normal.jpg,https://twitter.com/trikkser/status/812317086634639360,tweet_id:812317086634639360
Microsoft Devs,@msdev_fr,2016-12-23T11:56:01.000Z,True,[Free eBook] Get over 30 tips and tricks for #VisualStudio  with this handy guide: http://msft.it/60108M6gy  #Dev,5,228,363,0,"['#VisualStudio', '#Dev']",['@Code'],[],https://pbs.twimg.com/profile_images/1684190965437808642/9EGCSYq9_normal.png,https://twitter.com/msdev_fr/status/812265500935909376,tweet_id:812265500935909376
Jan Zieschang,@splushi,2016-12-24T09:16:16.000Z,False,"A bit late, https://azure.microsoft.com/blog/app-insights-app-map-and-profiler/… Looks nice the new app map. Looking forward to use it.",0,0,0,0,[],[],[],https://pbs.twimg.com/profile_images/980346126288216064/9uvqYjCP_normal.jpg,https://twitter.com/splushi/status/812587689467936768,tweet_id:812587689467936768
Dennis Gassen,@trikkser,2016-12-20T13:41:31.000Z,False,Alle Aufzeichnungen des Techncial Summit 2016 sind online http://bit.ly/2h60wMM #msts2016 ,0,8,7,0,['#msts2016'],[],"['\\U0001f4fa', '\\U0001f44a', '\\U0001f60e']",https://pbs.twimg.com/profile_images/1068052752436260864/eURUjH01_normal.jpg,https://twitter.com/trikkser/status/811204889107976198,tweet_id:811204889107976198
Hacker News Bot,@newsycombinator,2016-12-18T18:01:24.000Z,True,SQL Server on Linux: How? Introduction https://blogs.technet.microsoft.com/dataplatforminsider/2016/12/16/sql-server-on-linux-how-introduction/…,2,15,29,0,[],[],[],https://pbs.twimg.com/profile_images/1534251337122295809/NGX0RlOw_normal.jpg,https://twitter.com/newsycombinator/status/810545512835411968,tweet_id:810545512835411968
ADFC Bundesverband,@FahrradClub,2016-12-16T12:53:27.000Z,False,Radfahren lohnt sich auch volkswirtschaftlich http://www1.wdr.de/wissen/technik/radfahren-lohnt-sich-100.html… via ,0,18,11,0,[],['@wdr'],[],https://pbs.twimg.com/profile_images/1394668886273007617/n4wIMJ0r_normal.jpg,https://twitter.com/FahrradClub/status/809743240329068548,tweet_id:809743240329068548
Visual Studio Code,@code,2016-12-17T19:24:42.000Z,True,"Become a  expert with these cheat sheets!
Win: https://code.visualstudio.com/shortcuts/keyboard-shortcuts-windows.pdf… 
Mac: https://code.visualstudio.com/shortcuts/keyboard-shortcuts-macos.pdf… 
Linux: https://code.visualstudio.com/shortcuts/keyboard-shortcuts-linux.pdf…",5,437,708,0,[],['@code'],[],https://pbs.twimg.com/profile_images/1545098208556097536/rKXaODLl_normal.jpg,https://twitter.com/code/status/810204090751815680,tweet_id:810204090751815680
Microsoft Developer,@msdev_de,2016-12-15T11:12:01.000Z,True,Die ersten Videos des #msts2016 jetzt auf  mit Keynotes von    & . http://msft.it/60168M6O6,0,3,2,0,['#msts2016'],"['@ch9', '@scottgu', '@DonovanBrown', '@ajohnsocyber', '@ErichGamma']",[],https://pbs.twimg.com/profile_images/879615572568363008/4B03TzEr_normal.jpg,https://twitter.com/msdev_de/status/809355326168436736,tweet_id:809355326168436736
Azure Weekly,@AzureWeekly,2016-12-12T11:58:00.000Z,False,"Copying #Azure resource groups between different Azure subscriptions or environments, from Jeff Bowles https://blogs.msdn.microsoft.com/azuregov/2016/12/09/copying-azure-resource-groups-between-different-azure-subscriptions-or-environments/…",0,15,13,0,['#Azure'],[],[],https://pbs.twimg.com/profile_images/974323413375422465/9onHGpD9_normal.jpg,https://twitter.com/AzureWeekly/status/808279735654580224,tweet_id:808279735654580224
Donovan Brown #BlackLivesMatter,@DonovanBrown,2016-12-12T22:26:32.000Z,False,Today at #agileldn I was asked how to deploy databases. Here is 1 ex. https://channel9.msdn.com/Events/Ignite/Microsoft-Ignite-New-Zealand-2015/M348… #RubDevOpsOnIt #BlackShirt #DevOps #MSIgniteNZ,2,12,19,0,"['#agileldn', '#RubDevOpsOnIt', '#BlackShirt', '#DevOps', '#MSIgniteNZ']",[],[],https://pbs.twimg.com/profile_images/1651921880343891968/gsLhMHU2_normal.jpg,https://twitter.com/DonovanBrown/status/808437909930053633,tweet_id:808437909930053633
Immo Landwerth,@terrajobst,2016-12-12T09:01:17.000Z,False,Curious how .NET Standard works? Take a look under the hood.,5,112,147,0,[],[],[],https://pbs.twimg.com/profile_images/1648031277990445056/zLkJsvkl_normal.jpg,https://twitter.com/terrajobst/status/808235260752248832,tweet_id:808235260752248832
Dennis Gassen,@trikkser,2016-12-11T12:42:00.000Z,False,What's new in #TypeScript 2.1 · TypeScript http://buff.ly/2hgGzUi,0,1,0,0,['#TypeScript'],[],[],https://pbs.twimg.com/profile_images/1068052752436260864/eURUjH01_normal.jpg,https://twitter.com/trikkser/status/807928420818702337,tweet_id:807928420818702337
Microsoft Visual Studio,@VisualStudio,2016-12-09T18:02:00.000Z,True,TypeScript 2.1 is here! ...& w/ it comes more powerful type-checker & tools to write more expressive code. Read more http://spr.ly/60118KQ8L,0,55,50,0,[],[],[],https://pbs.twimg.com/profile_images/1278356990125719552/jNciLHjC_normal.jpg,https://twitter.com/VisualStudio/status/807284174860259329,tweet_id:807284174860259329
Donovan Brown #BlackLivesMatter,@DonovanBrown,2016-12-10T20:53:57.000Z,False,Private  build agents are a benefit. http://donovanbrown.com/post/Private-build-agents-are-a-benefit… #visualstudio #RubDevOpsOnIt #Blackshirt,0,7,3,0,"['#visualstudio', '#RubDevOpsOnIt', '#Blackshirt']",['@VSTeam'],[],https://pbs.twimg.com/profile_images/1651921880343891968/gsLhMHU2_normal.jpg,https://twitter.com/DonovanBrown/status/807689833607024645,tweet_id:807689833607024645
Jan Zieschang,@splushi,2016-12-09T16:41:06.000Z,False,Deutsche Gerichte arbeiten vermutlich noch mit Steintafeln. https://heise.de/newsticker/meldung/Warum-heise-online-derzeit-keine-Links-zum-LG-Hamburg-setzt-3567571.html… Ob es noch einmal gekippt wird?,0,0,0,0,[],[],[],https://pbs.twimg.com/profile_images/980346126288216064/9uvqYjCP_normal.jpg,https://twitter.com/splushi/status/807263817428324352,tweet_id:807263817428324352
Microsoft Visual Studio,@VisualStudio,2016-12-08T20:37:01.000Z,True,"#MSFTConnect Session On Demand: A quick overview of the new features in #Csharp 7.0 w/ , http://spr.ly/60198Kl5f",0,49,87,0,"['#MSFTConnect', '#Csharp']",['@MadsTorgersen'],[],https://pbs.twimg.com/profile_images/1278356990125719552/jNciLHjC_normal.jpg,https://twitter.com/VisualStudio/status/806960798660788225,tweet_id:806960798660788225
Jan Zieschang,@splushi,2016-12-08T18:31:58.000Z,False,Finde ich aber auch schön die Einladung. https://facebook.com/extra3/videos/10154333806893918/…,0,0,0,0,[],[],[],https://pbs.twimg.com/profile_images/980346126288216064/9uvqYjCP_normal.jpg,https://twitter.com/splushi/status/806929327560327168,tweet_id:806929327560327168
Jan Zieschang,@splushi,2016-12-08T09:38:15.000Z,False,When will the videos of the key notes from #msts2016 be published on  ? Need to recap some of these :),1,0,0,0,['#msts2016'],['@ch9'],[],https://pbs.twimg.com/profile_images/980346126288216064/9uvqYjCP_normal.jpg,https://twitter.com/splushi/status/806795014428770304,tweet_id:806795014428770304
Wintellect,@Wintellect,2016-12-06T21:17:31.000Z,False,Symlinks in Windows 10 just got easier http://devcenter.wintellect.com/paulballard/non-admin-users-can-now-create-symlinks-windows-10…,0,1,0,0,[],[],[],https://pbs.twimg.com/profile_images/473674935575924736/TBpQFBYa_normal.jpeg,https://twitter.com/Wintellect/status/806246212617703424,tweet_id:806246212617703424
Dennis Gassen,@trikkser,2016-12-07T10:30:39.000Z,False,Some impressions from the day 2 Keynotes by  and  #msts2016,0,4,11,0,['#msts2016'],"['@ErichGamma', '@DonovanBrown']",[],https://pbs.twimg.com/profile_images/1068052752436260864/eURUjH01_normal.jpg,https://twitter.com/trikkser/status/806445814470049792,tweet_id:806445814470049792
Anika Klauß,@an_kl,2016-12-06T08:33:24.000Z,False,Microsoft Azure Germany free trial available online now: https://azure.microsoft.com/de-de/overview/clouds/germany/… #msts2016 #MSCloudDE,0,30,22,0,"['#msts2016', '#MSCloudDE']",[],[],https://pbs.twimg.com/profile_images/1677814020215275520/dziN2Jr8_normal.jpg,https://twitter.com/an_kl/status/806053919130615808,tweet_id:806053919130615808
Polizei Hamburg,@PolizeiHamburg,2016-12-07T12:07:51.000Z,True,Der US-Außenminister Kerry ist vor wenigen Minuten am  eingetroffen und auf dem Weg in die Innenstadt.#OSZEHAM16,3,2,18,0,['#OSZEHAM16'],['@HamburgAirport'],[],https://pbs.twimg.com/profile_images/1688833049654366210/80VBGHDf_normal.jpg,https://twitter.com/PolizeiHamburg/status/806470274833149953,tweet_id:806470274833149953
Jan Zieschang,@splushi,2016-12-07T12:20:12.000Z,False,#techtel Ich fand den #dopemalz Vorschlag besser. :),0,0,2,0,"['#techtel', '#dopemalz']",[],[],https://pbs.twimg.com/profile_images/980346126288216064/9uvqYjCP_normal.jpg,https://twitter.com/splushi/status/806473380916555777,tweet_id:806473380916555777
Git for Windows,@GitForWindows,2016-09-03T13:20:58.000Z,False,Git for Windows v2.10.0 is out! With a much faster interactive rebase. Read more in 's blog post: https://blogs.msdn.microsoft.com/visualstudioalm/2016/09/03/whats-new-in-git-for-windows-2-10/…,1,87,72,0,[],['@JSchindelin'],[],https://pbs.twimg.com/profile_images/603998639879524353/hsgXEiRX_normal.png,https://twitter.com/GitForWindows/status/772061828012773378,tweet_id:772061828012773378
Polizei Hamburg,@PolizeiHamburg,2016-09-02T10:30:15.000Z,True,#Schulbeginn in #Hamburg - Wir bitten #Autofahrer um besondere Aufmerksamkeit!https://facebook.com/polizeihamburg/photos/a.1401912723402451.1073741828.1390767804516943/1671543083106079/?type=3&theater…,1,11,17,0,"['#Schulbeginn', '#Hamburg', '#Autofahrer']",[],[],https://pbs.twimg.com/profile_images/1688833049654366210/80VBGHDf_normal.jpg,https://twitter.com/PolizeiHamburg/status/771656475450015744,tweet_id:771656475450015744
Polizei Hamburg,@PolizeiHamburg,2016-08-19T08:29:48.000Z,True,#Cyclassics am Sonntag den 21.8. Straßensperrungen erforderlich. Umleitungsempfehlungen: http://presseportal.de/blaulicht/pm/6337/3407152…,1,24,16,0,['#Cyclassics'],[],[],https://pbs.twimg.com/profile_images/1688833049654366210/80VBGHDf_normal.jpg,https://twitter.com/PolizeiHamburg/status/766552735902633988,tweet_id:766552735902633988
European Cyclists' Federation,@EuCyclistsFed,2016-08-04T13:20:50.000Z,False,big success for #cycle highways in the National Transport Infrastructure Plan https://ecf.com/news-and-events/news/cycle-highways-be-included-first-time-german-transport-infrastructure-plan…,0,25,15,0,['#cycle'],['@FahrradClub'],['\\U0001f1e9\\U0001f1ea'],https://pbs.twimg.com/profile_images/1466083911172345868/M1XZYYXT_normal.jpg,https://twitter.com/EuCyclistsFed/status/761190156887924736,tweet_id:761190156887924736
Ed Blankenship,@edblankenship,2016-07-26T14:38:44.000Z,False,Other good news today: SSH Support now available in VSTS and TFS   https://blogs.msdn.microsoft.com/visualstudioalm/2016/07/26/ssh-support-for-git-repos-is-now-available/…,0,63,44,0,[],"['@VisualStudio', '@VSTeam']",[],https://pbs.twimg.com/profile_images/1747961265056579586/WCAP8ada_normal.jpg,https://twitter.com/edblankenship/status/757948271016841216,tweet_id:757948271016841216
ADFC Bundesverband,@FahrradClub,2016-07-29T13:59:13.000Z,False,.@PolizeiMuenster bitte zur Nachschulung. Fachberatung Zebrastreifen übernehmen wir gern. http://www1.wdr.de/mediathek/video/sendungen/lokalzeit-muensterland/video-reportage-fahrrad-kontrollen-in-muenster-100.html…,2,16,16,0,[],[],[],https://pbs.twimg.com/profile_images/1394668886273007617/n4wIMJ0r_normal.jpg,https://twitter.com/FahrradClub/status/759025488144830464,tweet_id:759025488144830464
taz berlin,@taz_berlin,2016-06-05T13:54:06.000Z,False,Auftrieb für den #Radentscheid: Zehntausende bei der #Sternfahrt.  http://taz.de/Sternfahrt-der-Radler-in-Berlin/!5307204/…,0,16,20,0,"['#Radentscheid', '#Sternfahrt']",[],[],https://pbs.twimg.com/profile_images/720190066899947520/O8SPcQ42_normal.jpg,https://twitter.com/taz_berlin/status/739455257563045888,tweet_id:739455257563045888
Jan Zieschang,@splushi,2016-05-20T19:52:29.000Z,False,Same https://twitter.com/AdamShumpisxXx/status/733746564947161088…,0,0,0,0,[],[],[],https://pbs.twimg.com/profile_images/980346126288216064/9uvqYjCP_normal.jpg,https://twitter.com/splushi/status/733747240657924096,tweet_id:733747240657924096
Marius Schulz,@mariusschulz,2016-05-04T07:37:50.000Z,False,"Angular 2, React, and Knockout apps on http://ASP.NET Core:http://blog.stevensanderson.com/2016/05/02/angular2-react-knockout-apps-on-aspnet-core/…",1,38,84,0,[],[],[],https://pbs.twimg.com/profile_images/1751325458010980352/fqKrXBny_normal.jpg,https://twitter.com/mariusschulz/status/727764157328723972,tweet_id:727764157328723972
danielweiss,@danieldiesdas,2016-05-01T19:54:26.000Z,False,"Denkt dran Kinder, heute Abend nicht so lange Krawall machen. Morgen ist wieder Schule! #1maihh",0,1,2,0,['#1maihh'],[],[],https://pbs.twimg.com/profile_images/575039654325415938/CNBI_ybL_normal.png,https://twitter.com/danieldiesdas/status/726862364176437250,tweet_id:726862364176437250
Jan Zieschang,@splushi,2016-05-01T19:21:12.000Z,False,"In Hamburg zeigt man gern, was man an Fahrzeugen hat. https://youtu.be/BCDkonuIkr4 #1maihh",0,0,0,0,['#1maihh'],[],[],https://pbs.twimg.com/profile_images/980346126288216064/9uvqYjCP_normal.jpg,https://twitter.com/splushi/status/726853999891255297,tweet_id:726853999891255297
Jan Zieschang,@splushi,2016-05-01T19:14:07.000Z,False,Warum auch alle wieder zurück müssen. #1maihh,0,0,0,0,['#1maihh'],[],[],https://pbs.twimg.com/profile_images/980346126288216064/9uvqYjCP_normal.jpg,https://twitter.com/splushi/status/726852217538502657,tweet_id:726852217538502657
Polizei Hamburg,@PolizeiHamburg,2016-05-01T18:25:30.000Z,True,#Demo steht auf der Fruchtallee / Emilienstraße. Massiver Bewurf auf die Einsatzkräfte. #1maihh,5,6,3,0,"['#Demo', '#1maihh']",[],[],https://pbs.twimg.com/profile_images/1688833049654366210/80VBGHDf_normal.jpg,https://twitter.com/PolizeiHamburg/status/726839984033026051,tweet_id:726839984033026051
Microsoft Visual Studio,@VisualStudio,2016-04-08T19:19:01.000Z,True,"#Build2016 Session Replay: http://ASP.NET Core Deep Dive into MVC, http://spr.ly/6013BccUN",0,47,75,0,['#Build2016'],[],[],https://pbs.twimg.com/profile_images/1278356990125719552/jNciLHjC_normal.jpg,https://twitter.com/VisualStudio/status/718518528291250176,tweet_id:718518528291250176
Jan Zieschang,@splushi,2016-04-17T17:00:47.000Z,False,"Ok, die Quelle ist ..., aber eine Erkenntnis, die viele Firmen noch nicht verstanden haben. Neues komplexes PW, y? http://heise.de/newsticker/meldung/Wider-den-Zwang-zur-Passwort-Aenderung-3176493.html…",0,0,0,0,[],[],[],https://pbs.twimg.com/profile_images/980346126288216064/9uvqYjCP_normal.jpg,https://twitter.com/splushi/status/721745233424334849,tweet_id:721745233424334849
Daniel Kreuzhofer,@danieldotnet,2016-03-31T22:43:59.000Z,False,#Build2016 .NET standard library. One library to rule them all!,0,3,5,0,['#Build2016'],[],[],https://pbs.twimg.com/profile_images/1681981958782369793/ogyaiFj__normal.jpg,https://twitter.com/danieldotnet/status/715671009936809984,tweet_id:715671009936809984
Visual Studio Code,@code,2016-04-01T19:59:27.000Z,True,The  Tips & Tricks session by   at //build is now live - go check it out... https://channel9.msdn.com/Events/Build/2016/B887…,0,67,135,0,[],"['@code', '@waderyan_']",[],https://pbs.twimg.com/profile_images/1545098208556097536/rKXaODLl_normal.jpg,https://twitter.com/code/status/715991991625129988,tweet_id:715991991625129988
Windows Developer,@windowsdev,2016-03-31T20:37:46.000Z,True,"Watch Kevin Gallo turn a Win32/.NET desktop app into a #UWP, which enables it to support Live Tiles. #Build2016",1,106,152,0,"['#UWP', '#Build2016']",[],[],https://pbs.twimg.com/profile_images/1408091182832422914/PYWmZWXH_normal.png,https://twitter.com/windowsdev/status/715639244157419520,tweet_id:715639244157419520
Microsoft Visual Studio,@VisualStudio,2016-03-31T15:50:34.000Z,True,#Xamarin runtime will be #opensource & is joining .NET Foundation () along w/the rest of  platform!,2,517,350,0,"['#Xamarin', '#opensource']","['@dotnetfdn', '@dotNET']",[],https://pbs.twimg.com/profile_images/1278356990125719552/jNciLHjC_normal.jpg,https://twitter.com/VisualStudio/status/715566969198612480,tweet_id:715566969198612480
Lena Hall,@lenadroid,2016-03-31T01:04:38.000Z,False,Key take-aways from 's talk at #Build2016!,0,57,55,0,['#Build2016'],['@markrussinovich'],[],https://pbs.twimg.com/profile_images/1581460196576350208/2zIMLoyl_normal.jpg,https://twitter.com/lenadroid/status/715344015521030146,tweet_id:715344015521030146
I'm a Developer,@im_a_developer,2016-03-28T11:25:07.000Z,False,"Angularjs 2 with TypeScript Tutorial for Beginners
☞ http://codek.tv/v/2pwr42#angularjs #tutorial #programming",0,4,5,0,"['#angularjs', '#tutorial', '#programming']",[],[],https://pbs.twimg.com/profile_images/518809184800755714/nqzuGebB_normal.png,https://twitter.com/im_a_developer/status/714413004083838976,tweet_id:714413004083838976
Microsoft Visual Studio,@VisualStudio,2016-03-25T16:43:00.000Z,True,Ready for the new Angular?  talks to  about Angular 2 - http://spr.ly/6013B9DQx,1,54,89,0,[],"['@DotNetRocksShow', '@John_Papa']",[],https://pbs.twimg.com/profile_images/1278356990125719552/jNciLHjC_normal.jpg,https://twitter.com/VisualStudio/status/713405836635324417,tweet_id:713405836635324417
Dominik,@mistertreee,2016-03-22T15:53:30.000Z,False,Islam = Terrorismus?! Bin schockiert über unsere unaufgeklärte Welt. Als wäre der Tag nicht schon schlimm genug. #brüssel #brussels,1,2,1,0,"['#brüssel', '#brussels']",[],[],https://pbs.twimg.com/profile_images/1454419586095398915/QZDvM7mb_normal.jpg,https://twitter.com/mistertreee/status/712306214978330624,tweet_id:712306214978330624
CSS-Tricks,@css,2016-03-12T14:47:01.000Z,True,Need to check if your site is serving HTTP/2 correctly? DevTools can show you the protocol: #WINK,1,91,166,0,['#WINK'],[],[],https://pbs.twimg.com/profile_images/1080202898372362240/akqRGyta_normal.jpg,https://twitter.com/css/status/708665606292123648,tweet_id:708665606292123648
I'm a Developer,@im_a_developer,2016-03-07T21:05:29.000Z,False,"Learn MongoDB : Leading NoSQL Database from scratch
☞ http://on.codek.tv/4kR2XEU3g#learnmongodb #nosql",0,5,5,0,"['#learnmongodb', '#nosql']",[],[],https://pbs.twimg.com/profile_images/518809184800755714/nqzuGebB_normal.png,https://twitter.com/im_a_developer/status/706948911529926656,tweet_id:706948911529926656
I'm a Developer,@im_a_developer,2016-02-28T12:30:44.000Z,False,"#AngularJS: Write It Like A Pro
☞ http://on.codek.tv/EJWLs-9il#tutorial #javascript #udemy #coupon",0,3,2,0,"['#AngularJS', '#tutorial', '#javascript', '#udemy', '#coupon']",[],[],https://pbs.twimg.com/profile_images/518809184800755714/nqzuGebB_normal.png,https://twitter.com/im_a_developer/status/703920268998213632,tweet_id:703920268998213632
I'm a Developer,@im_a_developer,2016-02-27T03:22:34.000Z,False,Reactive Extensions (v5) for #JavaScript☞ http://on.codek.tv/N1yz4W5og,0,2,1,0,['#JavaScript'],[],[],https://pbs.twimg.com/profile_images/518809184800755714/nqzuGebB_normal.png,https://twitter.com/im_a_developer/status/703419927957471232,tweet_id:703419927957471232
I'm a Developer,@im_a_developer,2016-02-27T12:55:17.000Z,False,"MongoDB Complete Training
☞ http://on.codek.tv/EJadmvDie#mongodb #nodejs #programming",0,6,5,0,"['#mongodb', '#nodejs', '#programming']",[],[],https://pbs.twimg.com/profile_images/518809184800755714/nqzuGebB_normal.png,https://twitter.com/im_a_developer/status/703564057903816705,tweet_id:703564057903816705
Christian Weyer (@christianweyer@mastodon.world),Christian Weyer (@christianweyer@mastodon.world),2016-02-25T06:50:16.000Z,True,“Thementag Cross-Plattform mit HTML5 & JavaScript”  @chris_liebel &  https://channel9.msdn.com/Series/Thementag-Cross-Plattform-Entwicklung-mit-HTML5--Javascript… ,0,8,5,0,[],"['@ThorstenHans', '@ManuelRauber', '@thinktecture']",[],https://pbs.twimg.com/profile_images/1705905800378552320/H9OYOple_normal.jpg,https://twitter.com/christianweyer/status/702747420803858432,tweet_id:702747420803858432
I'm a Developer,@im_a_developer,2016-02-25T21:45:45.000Z,False,"AngularJS For http://ASP.NET MVC Developers
☞ http://on.codek.tv/Vyid-fIig#angularjs #aspnet",0,5,5,0,"['#angularjs', '#aspnet']",[],[],https://pbs.twimg.com/profile_images/518809184800755714/nqzuGebB_normal.png,https://twitter.com/im_a_developer/status/702972777792409600,tweet_id:702972777792409600
I'm a Developer,@im_a_developer,2016-02-17T16:45:41.000Z,False,"MongoDB 3.2 Fundamentals For Developers-Learn By Exercises
☞ http://hii.to/4JceKAnqe#mongodb #nodejs #database",0,5,3,0,"['#mongodb', '#nodejs', '#database']",[],[],https://pbs.twimg.com/profile_images/518809184800755714/nqzuGebB_normal.png,https://twitter.com/im_a_developer/status/699998162719735808,tweet_id:699998162719735808
Microsoft Visual Studio,@VisualStudio,2016-02-12T16:03:00.000Z,True,Did you see this? #VisualStudio 2015 Update 2 CTP Now available. Read more about it: http://spr.ly/6018BwNQM #VS2015,1,68,46,0,"['#VisualStudio', '#VS2015']",[],[],https://pbs.twimg.com/profile_images/1278356990125719552/jNciLHjC_normal.jpg,https://twitter.com/VisualStudio/status/698175480701304833,tweet_id:698175480701304833
Frans Bouma,@FransBouma,2016-02-10T14:28:25.000Z,False,"Blogged: Introducing DocNet, a static documentation site generator https://weblogs.asp.net/fbouma/introducing-docnet-a-static-documentation-site-generator… Open source!",3,35,40,0,[],[],[],https://pbs.twimg.com/profile_images/897538750837817345/QCyegkTg_normal.jpg,https://twitter.com/FransBouma/status/697426903012110336,tweet_id:697426903012110336
Jan Zieschang,@splushi,2016-01-02T10:49:54.000Z,False,"Nice article for getting speed in the web, without much changes. Zopfli Optimization: Literally Free Bandwidth - http://blog.codinghorror.com/zopfli-optimization-literally-free-bandwidth/…",0,0,0,0,[],[],[],https://pbs.twimg.com/profile_images/980346126288216064/9uvqYjCP_normal.jpg,https://twitter.com/splushi/status/683238783752515585,tweet_id:683238783752515585
Damian Edwards,@DamianEdwards,2015-12-23T19:21:43.000Z,False,#aspnet5 Kestrel is now doing >1 million RPS for plaintext from the dev branch on Windows. Merry Christmas ,12,105,122,0,['#aspnet5'],[],['\\u263a'],https://pbs.twimg.com/profile_images/1419143125486903296/YvRLK68O_normal.jpg,https://twitter.com/DamianEdwards/status/679743708758061056,tweet_id:679743708758061056
Jan Zieschang,@splushi,2015-12-22T21:58:04.000Z,False,Ich sollte endlich C++ lernen - Installing the Unreal Engine in Visual Studio - blogs.msdn.com/b/visualstudio/archive/2015/12/15/installing-the-unreal-engine-in-visual-studio.aspx…,0,0,0,0,[],[],[],https://pbs.twimg.com/profile_images/980346126288216064/9uvqYjCP_normal.jpg,https://twitter.com/splushi/status/679420665229918208,tweet_id:679420665229918208
Windows Developer,@windowsdev,2015-12-21T15:00:03.000Z,True,"Yup, we'd say that's motivating. #MotivationMonday",3,123,153,0,['#MotivationMonday'],[],[],https://pbs.twimg.com/profile_images/1408091182832422914/PYWmZWXH_normal.png,https://twitter.com/windowsdev/status/678953079576899584,tweet_id:678953079576899584
Filip W (@filipw@mathstodon.xyz),Filip W (@filipw@mathstodon.xyz),2015-12-17T13:07:44.000Z,False,Running http://ASP.NET 5 website on IIS - http://strathweb.com/2015/12/running-asp-net-5-website-on-iis/…,2,12,22,0,[],[],[],https://pbs.twimg.com/profile_images/1884742088/IMG273_small_normal.jpg,https://twitter.com/filip_woj/status/677475265228972032,tweet_id:677475265228972032
NAHVERKEHR HAMBURG,@NahverkehrHH,2015-12-17T08:03:40.000Z,False,"#Radfahrer haben 250 Kritikpunkte in #Hamburg gesammelt: Hier lesen, was Experten und Behörden dazu sagen.  http://nahverkehrhamburg.de/fahrrad/item/1599-250-punkte-hier-haben-hamburgs-radfahrer-die-groessten-probleme…",0,7,6,0,"['#Radfahrer', '#Hamburg']",['@cm_hh'],[],https://pbs.twimg.com/profile_images/1407816236885544961/guIfoQuh_normal.jpg,https://twitter.com/NahverkehrHH/status/677398741255659521,tweet_id:677398741255659521
Kristina,@kris_rothe,2015-12-12T11:48:33.000Z,False,"Die Beleidigungen werden heutzutage immer krasser, eben in der  gehört: ""Du Fisch!"" #teenager",1,1,1,0,['#teenager'],['@BVG_Ubahn'],[],https://pbs.twimg.com/profile_images/1355276202798243840/SuGVUfcH_normal.jpg,https://twitter.com/kris_rothe/status/675643397634433025,tweet_id:675643397634433025
Microsoft Berlin,@MicrosoftBerlin,2015-12-10T08:54:32.000Z,True,Beim #CodeyourLife-Workshop lernen Fünftklässler programmieren bei der #HourOfCode http://msft.it/6019BTU5t,0,4,3,0,"['#CodeyourLife', '#HourOfCode']",[],[],https://pbs.twimg.com/profile_images/876741424468963328/I2ltr_Ub_normal.jpg,https://twitter.com/MicrosoftBerlin/status/674874829250633728,tweet_id:674874829250633728
Microsoft Developer,@msdev,2015-12-09T15:00:01.000Z,True,You spoke. We listened. The result: #XAML Behaviors are now #opensource & supported on #UWP: http://msft.it/6010BTkK4,2,66,58,0,"['#XAML', '#opensource', '#UWP']",[],[],https://pbs.twimg.com/profile_images/1768324979303874560/3IRejxE9_normal.jpg,https://twitter.com/msdev/status/674604416180355072,tweet_id:674604416180355072
.NET,@dotnet,2015-12-09T19:21:49.000Z,True,"Support Ending for the .NET Framework 4, 4.5 and 4.5.1 - http://blogs.msdn.com/b/dotnet/archive/2015/12/09/support-ending-for-the-net-framework-4-4-5-and-4-5-1.aspx…",3,233,87,0,[],[],[],https://pbs.twimg.com/profile_images/1677092698791235584/Y1wFtWvG_normal.jpg,https://twitter.com/dotnet/status/674670300584218624,tweet_id:674670300584218624
Windows Developer,@windowsdev,2015-12-08T18:48:33.000Z,True,"Better scale, better UI performance with new Windows.UI.Composition APIs. Start here: http://wndw.ms/ZMaG5s #UWP",1,31,65,0,['#UWP'],[],[],https://pbs.twimg.com/profile_images/1408091182832422914/PYWmZWXH_normal.png,https://twitter.com/windowsdev/status/674299542863536129,tweet_id:674299542863536129
Microsoft Visual Studio,@VisualStudio,2015-12-07T15:23:01.000Z,True,Dive deep into #AngularJS & build a sample #WebApp! Watch #MVAJumpStart http://spr.ly/6013BTrgx #MSmva #WebDev,6,120,207,0,"['#AngularJS', '#WebApp', '#MVAJumpStart', '#MSmva', '#WebDev']",[],[],https://pbs.twimg.com/profile_images/1278356990125719552/jNciLHjC_normal.jpg,https://twitter.com/VisualStudio/status/673885429834346496,tweet_id:673885429834346496
Dennis Gassen,@trikkser,2015-12-04T19:43:39.000Z,False,#build2016 announced. March 30th until April 1st in #SanFrancisco http://build.microsoft.com,0,1,0,0,"['#build2016', '#SanFrancisco']",[],[],https://pbs.twimg.com/profile_images/1068052752436260864/eURUjH01_normal.jpg,https://twitter.com/trikkser/status/672863858571280384,tweet_id:672863858571280384
Jan Zieschang,@splushi,2015-12-04T16:24:51.000Z,False,"Nice video https://youtube.com/watch?v=MEX2J_sAdGs…, changes are everywhere.  - Also sign the petition https://secure.avaaz.org/en/100_clean_yt/…",0,0,0,0,[],['@COP21'],[],https://pbs.twimg.com/profile_images/980346126288216064/9uvqYjCP_normal.jpg,https://twitter.com/splushi/status/672813829139644417,tweet_id:672813829139644417
MS Virtual Academy,@MSVirtAcademy,2015-12-04T03:30:00.000Z,False,Ready to explore #ASPNET? Join experts  &  for a great intro: http://spr.ly/6013BrxwN #MSMVA,4,48,100,0,"['#ASPNET', '#MSMVA']","['@Shanselman', '@coolcsh']",[],https://pbs.twimg.com/profile_images/781283350270976002/63OxJN1R_normal.jpg,https://twitter.com/MSVirtAcademy/status/672618832503156736,tweet_id:672618832503156736
.NET,@dotnet,2015-11-30T21:11:49.000Z,True,.NET Framework 4.6.1 is now available! - http://blogs.msdn.com/b/dotnet/archive/2015/11/30/net-framework-4-6-1-is-now-available.aspx…,2,145,51,0,[],[],[],https://pbs.twimg.com/profile_images/1677092698791235584/Y1wFtWvG_normal.jpg,https://twitter.com/dotnet/status/671436495102734336,tweet_id:671436495102734336
Microsoft Developer,@msdev_de,2015-11-27T13:28:34.000Z,True,Die Aufzeichnungen des Technical Summit #msts15 sind bei Channel 9 verfügbar. Wünschen Euch ein schönes WE! https://channel9.msdn.com/events/microsoft-techncial-summit/Technical-Summit-2015-The-Next-Level…,1,19,13,0,['#msts15'],[],[],https://pbs.twimg.com/profile_images/879615572568363008/4B03TzEr_normal.jpg,https://twitter.com/msdev_de/status/670232747722567680,tweet_id:670232747722567680
Microsoft Developer,@msdev,2015-11-25T15:36:01.000Z,True,#HowTo use Visual Studio  to create cross-platform mobile solutions with #ApacheCordova http://msft.it/6018BRfXq,1,49,66,0,"['#HowTo', '#ApacheCordova']",['@Code'],[],https://pbs.twimg.com/profile_images/1768324979303874560/3IRejxE9_normal.jpg,https://twitter.com/msdev/status/669540045892804608,tweet_id:669540045892804608
Jan Zieschang,@splushi,2015-11-22T10:30:05.000Z,False,"Oha, es fällt der 1. Schnee dieses Winter in HH. coool!",1,0,0,0,[],[],[],https://pbs.twimg.com/profile_images/980346126288216064/9uvqYjCP_normal.jpg,https://twitter.com/splushi/status/668375895367905280,tweet_id:668375895367905280
Dr. Althea Champagnie,@Champagnie,2015-11-20T19:20:03.000Z,False,Recordings of the sessions from the #Connect2015 developer conference are now all up on  at https://channel9.msdn.com/Events/Visual-Studio/Connect-event-2015…. Lots of great info.,0,15,18,0,['#Connect2015'],['@Ch9'],[],https://pbs.twimg.com/profile_images/378800000408226227/b6d6ad2fea7e113556071314575d64a3_normal.jpeg,https://twitter.com/Champagnie/status/667784489238552576,tweet_id:667784489238552576
Jan Zieschang,@splushi,2015-11-20T07:39:18.000Z,False,Gibt es eigentlich die Slides oder Recordings vom #msts15 bereits?,1,0,0,0,['#msts15'],[],[],https://pbs.twimg.com/profile_images/980346126288216064/9uvqYjCP_normal.jpg,https://twitter.com/splushi/status/667608137097154560,tweet_id:667608137097154560
Jan Zieschang,@splushi,2015-11-19T18:09:49.000Z,False,"Nicht weit vom letzten Post entfernt ""Grundsatz der Datensparsamkeit 'muss weg'"" http://golem.de/news/alexander-dobrindt-grundsatz-der-datensparsamkeit-muss-weg-1511-117536.html… #privacy",0,0,0,0,['#privacy'],[],[],https://pbs.twimg.com/profile_images/980346126288216064/9uvqYjCP_normal.jpg,https://twitter.com/splushi/status/667404424948633602,tweet_id:667404424948633602
Gordon Beeming,@GordonBeeming,2015-11-18T16:46:18.000Z,True,A new #Free #Msdn subscription is now available =D #Connect2015 #VsDevEssentials,1,66,43,0,"['#Free', '#Msdn', '#Connect2015', '#VsDevEssentials']",[],[],https://pbs.twimg.com/profile_images/1743640622245044224/fOF28lph_normal.jpg,https://twitter.com/GordonBeeming/status/667021019467620352,tweet_id:667021019467620352
.NET,@dotnet,2015-11-18T15:53:01.000Z,True,Announcing .NET Core and http://ASP.NET 5 RC - http://blogs.msdn.com/b/dotnet/archive/2015/11/18/announcing-net-core-and-asp-net-5-rc.aspx… #dotnet,0,108,44,0,['#dotnet'],[],[],https://pbs.twimg.com/profile_images/1677092698791235584/Y1wFtWvG_normal.jpg,https://twitter.com/dotnet/status/667007610500042752,tweet_id:667007610500042752
Microsoft Developer UK,@msdevUK,2015-11-18T17:13:00.000Z,True,"Today, we've announced .NET Core and #ASPdotNET 5 RC! Read about the news here: http://msft.it/6018BRGMr #Connect2015",2,25,8,0,"['#ASPdotNET', '#Connect2015']",[],[],https://pbs.twimg.com/profile_images/1064905586398109696/oGW_cGnP_normal.jpg,https://twitter.com/msdevUK/status/667027740831387653,tweet_id:667027740831387653
Max Horstmann,@Max_Horstmann,2015-11-18T17:12:19.000Z,False,".NET Core & http://ASP.NET 5 have reached RC, time to try it out and run it in #docker. http://blogs.msdn.com/b/dotnet/archive/2015/11/18/announcing-net-core-and-asp-net-5-rc.aspx… #Connect2015",0,1,1,0,"['#docker', '#Connect2015']",[],[],https://pbs.twimg.com/profile_images/1321586718114566144/vwjmMKIg_normal.jpg,https://twitter.com/Max_Horstmann/status/667027568521052161,tweet_id:667027568521052161
Kevin Pilch,@Pilchie,2015-11-18T16:10:33.000Z,False,.NET Command line repo (http://github.com/dotnet/cli) and AOT compilers (http://github.com/dotnet/corert) are now live! #connect2015,1,23,12,0,['#connect2015'],[],[],https://pbs.twimg.com/profile_images/1154108566178975744/18G3K-sb_normal.jpg,https://twitter.com/Pilchie/status/667012025025884160,tweet_id:667012025025884160
Jan Zieschang,@splushi,2015-11-18T16:10:19.000Z,False,War ein schöner #msts15. Die Abschluß Keynote lass ich mal liegen. Wenn es in #HH ist bin ich auf jeden Fall auch bei der dabei. ;),0,0,0,0,"['#msts15', '#HH']",[],[],https://pbs.twimg.com/profile_images/980346126288216064/9uvqYjCP_normal.jpg,https://twitter.com/splushi/status/667011964095328257,tweet_id:667011964095328257
Christian Weyer (@christianweyer@mastodon.world),Christian Weyer (@christianweyer@mastodon.world),2015-11-18T12:34:45.000Z,True,"Folien, Demo zur Session “Echtes Cross-Plattform mit HTML5: Windows 10 ist mitten drin”: https://speakerdeck.com/christianweyer/echtes-cross-plattform-mit-html5-windows-10-ist-mitten-drin… #msts15 #RealCrossPlatform",1,7,4,0,"['#msts15', '#RealCrossPlatform']",[],[],https://pbs.twimg.com/profile_images/1705905800378552320/H9OYOple_normal.jpg,https://twitter.com/christianweyer/status/666957714812182528,tweet_id:666957714812182528
Microsoft Visual Studio,@VisualStudio,2015-11-18T13:00:02.000Z,True,T-Minus 2 Hours. #Connect2015 streaming live to your desktop or mobile device: http://spr.ly/6012BRD0O,0,64,43,0,['#Connect2015'],[],[],https://pbs.twimg.com/profile_images/1278356990125719552/jNciLHjC_normal.jpg,https://twitter.com/VisualStudio/status/666964076615086080,tweet_id:666964076615086080
Jan Zieschang,@splushi,2015-11-18T08:33:45.000Z,False,"*würg* nach dem WC nicht Händewaschen. Gerade auf den #msts15 erlebt. Dachte, es wäre Standard. #Hygiene",0,0,0,0,"['#msts15', '#Hygiene']",[],[],https://pbs.twimg.com/profile_images/980346126288216064/9uvqYjCP_normal.jpg,https://twitter.com/splushi/status/666897067407769600,tweet_id:666897067407769600
Kristina,@kris_rothe,2015-11-18T08:26:20.000Z,False,That was a great example for an excellent non #game #unity3d app for music directing! #msts15 ,0,3,2,0,"['#game', '#unity3d', '#msts15']",['@gisardo'],[],https://pbs.twimg.com/profile_images/1355276202798243840/SuGVUfcH_normal.jpg,https://twitter.com/kris_rothe/status/666895198451011588,tweet_id:666895198451011588
Jan Zieschang,@splushi,2015-11-18T08:28:04.000Z,False,"Wer nach der Key note nicht wach ist, wird wohl nicht mehr wach. :) #msts15",0,0,0,0,['#msts15'],[],[],https://pbs.twimg.com/profile_images/980346126288216064/9uvqYjCP_normal.jpg,https://twitter.com/splushi/status/666895635065536512,tweet_id:666895635065536512
Damian Edwards,@DamianEdwards,2015-11-17T23:02:29.000Z,False,"I've updated the #aspnet5 benchmarks repo with details on how to run them yourself, if that's your thing",1,13,25,0,['#aspnet5'],[],[],https://pbs.twimg.com/profile_images/1419143125486903296/YvRLK68O_normal.jpg,https://twitter.com/DamianEdwards/status/666753300021276672,tweet_id:666753300021276672
Microsoft Developer,@msdev,2015-11-18T03:21:25.000Z,True,"Have you had a chance to play with ? 

Top 10  Code questions answered: http://msft.it/6011BRBCt",6,66,74,0,[],"['@code', '@VisualStudio']",[],https://pbs.twimg.com/profile_images/1768324979303874560/3IRejxE9_normal.jpg,https://twitter.com/msdev/status/666818463172792320,tweet_id:666818463172792320
Jan Zieschang,@splushi,2015-11-18T07:14:07.000Z,False,Und in Deutschland kein Whistleblower-Schutz :(,0,0,0,0,[],[],[],https://pbs.twimg.com/profile_images/980346126288216064/9uvqYjCP_normal.jpg,https://twitter.com/splushi/status/666877026398269440,tweet_id:666877026398269440
Malte Lantin,@MalteLantin,2015-11-17T20:33:46.000Z,False,#Unity Session um 21 Uhr mit  auf dem #msts15 und der Raum platzt aus allen Nähten! ,0,5,5,0,"['#Unity', '#msts15']","['@kris_rothe', '@msdev_de']",[],https://pbs.twimg.com/profile_images/1492441859884474368/tiIiuuYp_normal.jpg,https://twitter.com/MalteLantin/status/666715877157543940,tweet_id:666715877157543940
Microsoft Developer,@msdev,2015-11-16T21:12:00.000Z,True,"It's #Movember, let's grab the one razor we can! Razor Tag Helpers in #ASPNET5.

Watch: http://msft.it/6014BuU3C",0,37,71,0,"['#Movember', '#ASPNET5']",[],[],https://pbs.twimg.com/profile_images/1768324979303874560/3IRejxE9_normal.jpg,https://twitter.com/msdev/status/666363110832369664,tweet_id:666363110832369664
Jan Zieschang,@splushi,2015-11-17T10:28:45.000Z,False,#msts15 leider sind immer Köpfe vor den Folien oder dem Code. :( bei anderen Konferenzen war das schon besser gelöst.,0,0,0,0,['#msts15'],[],[],https://pbs.twimg.com/profile_images/980346126288216064/9uvqYjCP_normal.jpg,https://twitter.com/splushi/status/666563618222301184,tweet_id:666563618222301184
Jan Zieschang,@splushi,2015-11-15T06:44:48.000Z,False,#Windows10 Threshold 2 update fails all the time. Already tried 3 days and also cleaning all the windows update history. no luck :(,0,0,0,0,['#Windows10'],[],[],https://pbs.twimg.com/profile_images/980346126288216064/9uvqYjCP_normal.jpg,https://twitter.com/splushi/status/665782484337090560,tweet_id:665782484337090560
Microsoft Visual Studio,@VisualStudio,2015-11-13T16:59:05.000Z,True,http://spr.ly/6011Bug8N - Watch  discuss leveraging #Unity & Azure web services for the Walking Dead,0,8,8,0,['#Unity'],['@KalleHiitola'],[],https://pbs.twimg.com/profile_images/1278356990125719552/jNciLHjC_normal.jpg,https://twitter.com/VisualStudio/status/665212297539928064,tweet_id:665212297539928064
Microsoft Visual Studio,@VisualStudio,2015-11-12T23:49:00.000Z,True,Super interesting post for we devs who interact directly with customers. http://spr.ly/6017BuXxF - Here's 6 Ways to Connect with Them,0,8,18,0,[],[],[],https://pbs.twimg.com/profile_images/1278356990125719552/jNciLHjC_normal.jpg,https://twitter.com/VisualStudio/status/664953067700383744,tweet_id:664953067700383744
Microsoft Visual Studio,@VisualStudio,2015-11-12T16:31:00.000Z,True,New from : Cheating your way to #VS2015 Shortcuts :)http://spr.ly/6011BuXSd,0,70,103,0,['#VS2015'],['@Coding4Fun'],[],https://pbs.twimg.com/profile_images/1278356990125719552/jNciLHjC_normal.jpg,https://twitter.com/VisualStudio/status/664842843941412864,tweet_id:664842843941412864
Microsoft Germany,@MicrosoftDE,2015-11-11T05:38:05.000Z,True,Heute ist  in Berlin. Sei ab 9:30 Uhr im Livestream dabei: http://microsoft.de/nadellaberlin,0,16,13,0,[],['@satyanadella'],[],https://pbs.twimg.com/profile_images/879405321852157952/WirA_kN3_normal.jpg,https://twitter.com/MicrosoftDE/status/664316144271171584,tweet_id:664316144271171584
