Name,Handle,Timestamp,Verified,Content,Comments,Retweets,Likes,Analytics,Tags,Mentions,Emojis,Profile Image,Tweet Link,Tweet ID
Russell Hubby,@R_Hubby,2023-03-30T14:17:20.000Z,False,"Phylum has recently discovered that a package called mathjs-min, which was uploaded to npm, Inc. by user rizzman on March 26, contains a Discord token grabber. This package is actually a modified version of the widely used #javascr…https://lnkd.in/eukZQX68",0,1,1,58,['#javascr'],[],[],https://pbs.twimg.com/profile_images/1600852099469910017/IsZday39_normal.jpg,https://twitter.com/R_Hubby/status/1641444503918891009,tweet_id:1641444503918891009
Phylum,@Phylum_IO,2023-03-28T16:39:50.000Z,False,Great read! We can't wait to see you all at #OSSummit.  @cloud7news  #opensource https://x.com/itbrcom/status/itbrcom/status/1640693403514986503…,0,2,4,141,"['#OSSummit', '#opensource']","['@itspetemorgan', '@linuxfoundation']",[],https://pbs.twimg.com/profile_images/1407364495773618177/Keb561uX_normal.jpg,https://twitter.com/Phylum_IO/status/1640755589398556673,tweet_id:1640755589398556673
Russell Hubby,@R_Hubby,2023-03-28T15:58:24.000Z,False,"Today is the day!  Want to understand how to Defend Your Developers, make sure you attend this virtual workshop.#defendthedeveloper #softwaresupplychainsecurity  #opensourcesoftware #softwaredeveloper",0,0,0,22,"['#defendthedeveloper', '#softwaresupplychainsecurity', '#opensourcesoftware', '#softwaredeveloper']",[],[],https://pbs.twimg.com/profile_images/1600852099469910017/IsZday39_normal.jpg,https://twitter.com/R_Hubby/status/1640745159485685760,tweet_id:1640745159485685760
Russell Hubby,@R_Hubby,2023-03-28T14:46:05.000Z,False,"Great Q&A with .

""The widespread adoption of open source in the private sector happened very quickly. This dramatically improved software development speed, but security teams have been dealing with the consequences…https://lnkd.in/eNXKZeHU https://lnkd.in/eQdmPZv5",0,0,2,41,[],['@itspetemorgan'],[],https://pbs.twimg.com/profile_images/1600852099469910017/IsZday39_normal.jpg,https://twitter.com/R_Hubby/status/1640726960404934657,tweet_id:1640726960404934657
Phylum,@Phylum_IO,2023-03-22T12:50:26.000Z,False,Hiding in plain sight. #Gotcha #PyPI #Python #malware #appsec,0,11,11,404,"['#Gotcha', '#PyPI', '#Python', '#malware', '#appsec']",[],[],https://pbs.twimg.com/profile_images/1407364495773618177/Keb561uX_normal.jpg,https://twitter.com/Phylum_IO/status/1638523528923234306,tweet_id:1638523528923234306
Russell Hubby,@R_Hubby,2023-03-24T16:25:12.000Z,False,"#python developers, beware! Malicious Python package on PyPI uses Unicode to evade detection & deploy info-stealing malware!

Shoutout to Ravie Lakshmanan and The Hacker News for highlighting Phylum's recent findings.#ossmalware…https://lnkd.in/eA2zqRxT",0,2,1,172,"['#python', '#ossmalware']",[],[],https://pbs.twimg.com/profile_images/1600852099469910017/IsZday39_normal.jpg,https://twitter.com/R_Hubby/status/1639302351629729793,tweet_id:1639302351629729793
Russell Hubby,@R_Hubby,2023-03-24T01:36:07.000Z,False,https://lnkd.in/eM9yBW-q,0,0,0,5,[],[],[],https://pbs.twimg.com/profile_images/1600852099469910017/IsZday39_normal.jpg,https://twitter.com/R_Hubby/status/1639078606667419649,tweet_id:1639078606667419649
Russell Hubby,@R_Hubby,2023-03-23T16:51:11.000Z,False,"Bill Toulas and BleepingComputer, thank you for picking up the recent research and findings from Phylum.

The malicious package, named ""onyxproxy,"" uses a combination of different Unicode fonts in the source code to help it bypass…https://lnkd.in/e_XzUYRV",0,1,0,32,[],[],[],https://pbs.twimg.com/profile_images/1600852099469910017/IsZday39_normal.jpg,https://twitter.com/R_Hubby/status/1638946506245017600,tweet_id:1638946506245017600
Russell Hubby,@R_Hubby,2023-03-22T16:05:07.000Z,False,Phylum uncovers a threat actor taking advantage of how the #python  interpreter handles Unicode to obfuscate their malware.,0,1,0,11,['#python'],[],[],https://pbs.twimg.com/profile_images/1600852099469910017/IsZday39_normal.jpg,https://twitter.com/R_Hubby/status/1638572523171332098,tweet_id:1638572523171332098
Russell Hubby,@R_Hubby,2023-03-15T20:20:58.000Z,False,"Get your  ready!

Developers are the new high-value targets for attackers infecting the software supply chain. Join Phylum on March 28th for this collaborative session with Brad Crawford where we'll review attack types and explore ways to protect develo…https://lnkd.in/e4ib4ZZE",0,0,0,16,[],[],['\\U0001f37f'],https://pbs.twimg.com/profile_images/1600852099469910017/IsZday39_normal.jpg,https://twitter.com/R_Hubby/status/1636100196546273282,tweet_id:1636100196546273282
Phylum,@Phylum_IO,2023-03-08T19:54:22.000Z,False,"Happy #InternationalWomensDay. In support of their efforts to remove barriers for women in #cybersecurity, we are proudly sponsoring 's March 2023 event and providing a scholarship donation. We hope you'll consider joining us in Denver! https://wicys.org/events/wicys-2023/…",0,4,7,502,"['#InternationalWomensDay', '#cybersecurity']",['@WiCySorg'],[],https://pbs.twimg.com/profile_images/1407364495773618177/Keb561uX_normal.jpg,https://twitter.com/Phylum_IO/status/1633556784127389701,tweet_id:1633556784127389701
Phylum,@Phylum_IO,2023-03-12T22:25:03.000Z,False,Next stop: Denver. Can't wait for an inspiring few days with   #womenincybersecurity #cybersecurity #SeeHerAsEqual #womenintech,0,2,3,103,"['#womenincybersecurity', '#cybersecurity', '#SeeHerAsEqual', '#womenintech']",['@WiCySorg'],['\\U0001f64c'],https://pbs.twimg.com/profile_images/1407364495773618177/Keb561uX_normal.jpg,https://twitter.com/Phylum_IO/status/1635044257986924544,tweet_id:1635044257986924544
Russell Hubby,@R_Hubby,2023-03-13T15:15:56.000Z,False,"Security Leaders and Operators, do not miss this Phylum virtual workshop, targeted at Defending Developers from the malicious code in opensource packages and dependencies.  Your Developers, SDLC, and company are compromised at the…https://lnkd.in/e8ZBV7aD",0,0,3,21,[],[],[],https://pbs.twimg.com/profile_images/1600852099469910017/IsZday39_normal.jpg,https://twitter.com/R_Hubby/status/1635298655446900736,tweet_id:1635298655446900736
Russell Hubby,@R_Hubby,2023-03-11T15:12:38.000Z,False,Great opportunity to join a great team at Command Zero .#batsignal #opportunity https://lnkd.in/g7NZ2t_Y,0,0,0,9,"['#batsignal', '#opportunity']",[],[],https://pbs.twimg.com/profile_images/1600852099469910017/IsZday39_normal.jpg,https://twitter.com/R_Hubby/status/1634573050388832256,tweet_id:1634573050388832256
Matt Asay,@mjasay,2023-03-06T20:57:07.000Z,False,"Even for companies that think open source costs more due to security or other concerns, they still plan to use more open source. Why? Speed of development, as a new  report shows https://infoworld.com/article/3689882/companies-cant-stop-using-open-source.html… by  for ",1,5,13,"1,798",[],"['@linuxfoundation', '@mjasay', '@InfoWorld']",[],https://pbs.twimg.com/profile_images/1688562902754803712/UVCet1rs_normal.jpg,https://twitter.com/mjasay/status/1632847801754451968,tweet_id:1632847801754451968
Patrick Sheehan,@PMSheehan1,2023-03-08T21:29:54.000Z,False,So proud of the team at . We are not just posting about #IWD we are actively helping more women get involved in #cyber Excited to participate in 's upcoming event.,0,3,6,372,"['#IWD', '#cyber']","['@phylum', '@WiCySOrg']",[],https://pbs.twimg.com/profile_images/583346915661742080/0hiLsngX_normal.jpg,https://twitter.com/PMSheehan1/status/1633580829459857410,tweet_id:1633580829459857410
Phylum,@Phylum_IO,2023-03-09T13:19:53.000Z,False,"Development is happening more quickly than ever before, and #DepartmentofDefense stakeholders want more automation in software development and acquisitions.  broke it down for us: https://lnkd.in/g-tt7Ufi #opensource #softwaresupplychain #infosec #appsec",0,3,5,142,"['#DepartmentofDefense', '#opensource', '#softwaresupplychain', '#infosec', '#appsec']",['@AaronBray_'],[],https://pbs.twimg.com/profile_images/1407364495773618177/Keb561uX_normal.jpg,https://twitter.com/Phylum_IO/status/1633819897472925696,tweet_id:1633819897472925696
Russell Hubby,@R_Hubby,2023-03-09T13:32:07.000Z,False,Phylum was founded by U.S. Intelligence Community veterans to proactively defend against attacks from the emerging threat landscape and empower users to leverage open-source with confidence – enabling automated management of open-source components in miss…,0,0,1,16,[],[],[],https://pbs.twimg.com/profile_images/1600852099469910017/IsZday39_normal.jpg,https://twitter.com/R_Hubby/status/1633822976230531075,tweet_id:1633822976230531075
Russell Hubby,@R_Hubby,2023-03-08T18:49:58.000Z,False,"Excellent Blog by Aaron Bray - applicable to both the Federal Agencies & DoD, but also the commercial/enterprise sector.

""Recent strategic initiatives from the White House to the DoD Chief Information Officer are driving increased…https://lnkd.in/eR9X8nKT",0,1,2,18,[],[],[],https://pbs.twimg.com/profile_images/1600852099469910017/IsZday39_normal.jpg,https://twitter.com/R_Hubby/status/1633540579710865408,tweet_id:1633540579710865408
Russell Hubby,@R_Hubby,2023-03-07T17:55:04.000Z,False,"If you are in the Boston and Greater New England area and you are focused on #applicationsecurity, #productsecurity, and #softwaresupplychainsecurity , do not miss the OWASP Boston Application Security Conference on April 1st.#jointhephlock #opensource…https://lnkd.in/eNmPHydH",0,0,0,11,"['#applicationsecurity', '#productsecurity', '#softwaresupplychainsecurity', '#jointhephlock', '#opensource']",[],[],https://pbs.twimg.com/profile_images/1600852099469910017/IsZday39_normal.jpg,https://twitter.com/R_Hubby/status/1633164373589102592,tweet_id:1633164373589102592
Louis Lang,@LouiswLang,2023-03-07T03:51:20.000Z,False,totally agree. companies have to continue delivering value. It just means diligently managing your security posture in tandem.,0,2,3,73,[],[],[],https://pbs.twimg.com/profile_images/1589456660447338581/S2xwtr-G_normal.jpg,https://twitter.com/LouiswLang/status/1632952041789173761,tweet_id:1632952041789173761
Russell Hubby,@R_Hubby,2023-03-06T21:48:44.000Z,False,"Great concise summary from .  In this write-up, , literally calls out the fundamental reason why Phylum was created, ""Software supply chain security has been top of mind for the industry for the past several years a…https://lnkd.in/e8vMRH9G",0,0,0,35,[],"['@chanjbs', '@chanjbs']",[],https://pbs.twimg.com/profile_images/1600852099469910017/IsZday39_normal.jpg,https://twitter.com/R_Hubby/status/1632860790125363201,tweet_id:1632860790125363201
Russell Hubby,@R_Hubby,2023-03-06T18:26:29.000Z,False,"Tzachi Zornstain, thank you for the shoutout.

I could not agree with you more on this:

""You no longer have a malicious package problem, you have an adversary problem, and you must incorporate an intelligence-driven approach to your supply chain security…",0,0,0,16,[],[],[],https://pbs.twimg.com/profile_images/1600852099469910017/IsZday39_normal.jpg,https://twitter.com/R_Hubby/status/1632809895375273985,tweet_id:1632809895375273985
Russell Hubby,@R_Hubby,2023-03-06T16:58:50.000Z,False,"""The use of Cloudflare tunnels mirrors another campaign that was disclosed by Phylum last month which made use of six fraudulent packages to distribute a stealer-cum-RAT dubbed poweRAT."" https://lnkd.in/emSvEcK7",0,0,0,53,[],[],[],https://pbs.twimg.com/profile_images/1600852099469910017/IsZday39_normal.jpg,https://twitter.com/R_Hubby/status/1632787836649742336,tweet_id:1632787836649742336
daniel:// stenberg://,@bagder,2023-02-28T22:59:41.000Z,False,"I can only contact the ""owner"", which seems like they might be dead/gone since years back.

I've reported it, but  says they don't ""support"" individual packages. As if I asked for support.

137,00 downloads it says. Over 3,000 downloads the last six weeks.",1,20,566,6.2万,[],['@nuget'],[],https://pbs.twimg.com/profile_images/1407469211136450565/VOQGppj0_normal.jpg,https://twitter.com/bagder/status/1630704320881520642,tweet_id:1630704320881520642
daniel:// stenberg://,@bagder,2023-02-28T22:58:27.000Z,False,"This company called  runs this package manager called .

They host a curl package there, that was last updated in 2013 and now contains **68** documented vulnerabilities.

But there is apparently no way I can report this or make them act on this.",47,458,"3,688",58万,[],"['@Microsoft', '@nuget']",[],https://pbs.twimg.com/profile_images/1407469211136450565/VOQGppj0_normal.jpg,https://twitter.com/bagder/status/1630704007445372928,tweet_id:1630704007445372928
Russell Hubby,@R_Hubby,2023-03-02T20:57:55.000Z,False,"If you have the opportunity to join this, I would highly recommend it.  Sourabh Satish is what of the best minds in the security space I have had the opportunity to work with and for.  What Sourabh Satish, Oliver Friedrichs and the entire Pangea team are…https://lnkd.in/eRcPyFnk",0,0,2,27,[],[],[],https://pbs.twimg.com/profile_images/1600852099469910017/IsZday39_normal.jpg,https://twitter.com/R_Hubby/status/1631398450653790209,tweet_id:1631398450653790209
Russell Hubby,@R_Hubby,2023-02-28T13:57:55.000Z,False,"A PyPI #typosquatting campaign post-mortem:
Phylum performs a thorough breakdown of a typosquat campaign on PyPI that we identified earlier this month.

tl;dr - An unsophisticated actor efficiently published about a thousand #typosquatted packages of fort…https://lnkd.in/ew5tiFMv",0,0,1,21,"['#typosquatting', '#typosquatted']",[],[],https://pbs.twimg.com/profile_images/1600852099469910017/IsZday39_normal.jpg,https://twitter.com/R_Hubby/status/1630567980990865411,tweet_id:1630567980990865411
Russell Hubby,@R_Hubby,2023-02-27T20:36:16.000Z,False,"Do not miss the OWASP Boston March 2023 Hybrid Meetup on Wednesday, March 1st.

This month OWASP Boston will be welcoming , CSO & Co-founder of Phylum, as our presenter. Pete will be presenting to the group on defendi…https://lnkd.in/euHvk4ne https://lnkd.in/e8k3yZeu",0,0,1,37,[],['@itspetemorgan'],[],https://pbs.twimg.com/profile_images/1600852099469910017/IsZday39_normal.jpg,https://twitter.com/R_Hubby/status/1630305839855665155,tweet_id:1630305839855665155
Louis Lang,@LouiswLang,2023-02-24T01:14:15.000Z,False,520 #malware #python packages discovered by  in ongoing attack against #pypi!#infosec #tech #netsec #programming,0,9,16,851,"['#malware', '#python', '#pypi', '#infosec', '#tech', '#netsec', '#programming']",['@Phylum_IO'],[],https://pbs.twimg.com/profile_images/1589456660447338581/S2xwtr-G_normal.jpg,https://twitter.com/LouiswLang/status/1628926246301073410,tweet_id:1628926246301073410
Louis Lang,@LouiswLang,2023-02-24T18:18:21.000Z,False,"Campaign  reported on yesterday is now at over 1,000 published #malware packages published to #pypi.#python #infosec #netsec",1,3,4,362,"['#malware', '#pypi', '#python', '#infosec', '#netsec']",['@phylum_io'],[],https://pbs.twimg.com/profile_images/1589456660447338581/S2xwtr-G_normal.jpg,https://twitter.com/LouiswLang/status/1629183967915130883,tweet_id:1629183967915130883
Russell Hubby,@R_Hubby,2023-02-25T14:44:31.000Z,False,"Thank you for the shoutout, Tzachi Zornstain and the #softwaresupplychain team at Checkmarx. It takes a village.#softwaresupplychainsecurity #ossrisks #devsecops #secdevops",0,0,0,17,"['#softwaresupplychain', '#softwaresupplychainsecurity', '#ossrisks', '#devsecops', '#secdevops']",[],[],https://pbs.twimg.com/profile_images/1600852099469910017/IsZday39_normal.jpg,https://twitter.com/R_Hubby/status/1629492542457692162,tweet_id:1629492542457692162
Russell Hubby,@R_Hubby,2023-02-24T21:53:55.000Z,False,"Great opportunity to work with a great security team and security leader.  Bill Shields is squared away and knows how to enable, empower, and support his team(s).  If you are in the Chicago area and looking for a new opportunity, give this a look. https://lnkd.in/eZf4rfyM",0,2,2,100,[],[],[],https://pbs.twimg.com/profile_images/1600852099469910017/IsZday39_normal.jpg,https://twitter.com/R_Hubby/status/1629238218917916675,tweet_id:1629238218917916675
Russell Hubby,@R_Hubby,2023-02-24T21:46:25.000Z,False,"I am often asked, ""Why Phylum?""  Being audible ready (shoutout to John Kaplan), I have a number of different ways to answer this question and I often find myself breaking one of my Grandmother's rules - ""don't answer a question wit…https://lnkd.in/eBEpq7KG https://lnkd.in/e8GsAmrU",0,0,1,121,[],[],[],https://pbs.twimg.com/profile_images/1600852099469910017/IsZday39_normal.jpg,https://twitter.com/R_Hubby/status/1629236331443257348,tweet_id:1629236331443257348
Russell Hubby,@R_Hubby,2023-02-24T21:16:47.000Z,False,"Since the announcement of Executive Order 14028, curiosity and confusion around #SBOM (Software Bills of Materials) mandates has been widespread.  SBOMs are indeed a jumping off point when it comes to the task of building an operat…https://lnkd.in/euGb9fbs https://lnkd.in/ekZ__xnc",0,0,0,15,['#SBOM'],[],[],https://pbs.twimg.com/profile_images/1600852099469910017/IsZday39_normal.jpg,https://twitter.com/R_Hubby/status/1629228874457309184,tweet_id:1629228874457309184
Russell Hubby,@R_Hubby,2023-02-24T14:39:55.000Z,False,Phylum Discovers Aggressive Attack on PyPI Attempting to Deliver Rust Executable.  520 malicious packages published to #PyPI shipping #Rust executables in ongoing malware campaign. https://lnkd.in/e56xQg3c,0,0,1,31,"['#PyPI', '#Rust']",[],[],https://pbs.twimg.com/profile_images/1600852099469910017/IsZday39_normal.jpg,https://twitter.com/R_Hubby/status/1629128999287881728,tweet_id:1629128999287881728
Russell Hubby,@R_Hubby,2023-02-24T14:29:30.000Z,False,"Phylum discovers 520 malicious packages published to PyPI shipping #rust  executables in ongoing malware campaign, reinforcing the need to proactive vs. reactive when dealing with Open-Source Packages & Dependencies.#jointhephlock #softwaresupplychainse…",0,1,1,37,"['#rust', '#jointhephlock', '#softwaresupplychainse']",[],[],https://pbs.twimg.com/profile_images/1600852099469910017/IsZday39_normal.jpg,https://twitter.com/R_Hubby/status/1629126377277468674,tweet_id:1629126377277468674
Russell Hubby,@R_Hubby,2023-02-23T13:46:18.000Z,False,"Great Q&A between Ian Barker of Betanews, Inc. and  on ""Protecting Software Supply Chain.""

""As developers come under increasing pressure to deliver projects quickly, there's a rising level of conflict between develop…https://lnkd.in/eBg7hKfj",0,0,0,17,[],['@itspetemorgan'],[],https://pbs.twimg.com/profile_images/1600852099469910017/IsZday39_normal.jpg,https://twitter.com/R_Hubby/status/1628753115712299011,tweet_id:1628753115712299011
Russell Hubby,@R_Hubby,2023-02-22T19:09:44.000Z,False,"There are three main reasons bad actors target software supply chains:
1) Developers are the new high-value targets: Attackers know the targets of a supply chain compromise are software developers or privileged infrastructure. Compromise of either target…https://lnkd.in/e-hJ9pDX",0,0,3,42,[],[],[],https://pbs.twimg.com/profile_images/1600852099469910017/IsZday39_normal.jpg,https://twitter.com/R_Hubby/status/1628472125320306690,tweet_id:1628472125320306690
Pete Morgan,@itspetemorgan,2023-02-21T21:22:23.000Z,False,"Thanks for having me, I love it when the host has the technical depth to ask insightful questions!",0,1,4,139,[],['@VentureWithKyle'],[],https://pbs.twimg.com/profile_images/1546991448427401217/Qu96X_uN_normal.jpg,https://twitter.com/itspetemorgan/status/1628143116938252289,tweet_id:1628143116938252289
Phylum,@Phylum_IO,2023-02-21T21:03:57.000Z,False,"Tomorrow Phylum is hosting SBOMs - Challenges, Solutions, and Benefits with  and Ryan Smith. Don't forget to register before 4pm ET to join us. https://lnkd.in/edej8S2c",0,1,2,176,[],['@itspetemorgan'],"['\\u23f0', '\\u23f0']",https://pbs.twimg.com/profile_images/1407364495773618177/Keb561uX_normal.jpg,https://twitter.com/Phylum_IO/status/1628138480239841302,tweet_id:1628138480239841302
Phylum,@Phylum_IO,2023-02-21T21:20:28.000Z,False,Great listen  . #softwaresupplychain #appsec,0,2,4,203,"['#softwaresupplychain', '#appsec']","['@VentureWithKyle', '@itspetemorgan']",[],https://pbs.twimg.com/profile_images/1407364495773618177/Keb561uX_normal.jpg,https://twitter.com/Phylum_IO/status/1628142634190372864,tweet_id:1628142634190372864
Russell Hubby,@R_Hubby,2023-02-21T18:46:51.000Z,False,Still time to register for this informative webinar on a topic with a lot of opinions and questions. https://lnkd.in/eiM2vxws,0,0,0,1,[],[],[],https://pbs.twimg.com/profile_images/1600852099469910017/IsZday39_normal.jpg,https://twitter.com/R_Hubby/status/1628103978536796189,tweet_id:1628103978536796189
Russell Hubby,@R_Hubby,2023-02-17T21:24:50.000Z,False,"Lee Clark, thank you for sharing Phylum's recent Findings with the RH-ISAC Community.#jointhephlock #softwaresupplychain #typosquatting #pypi #python #softwaresupplychainattacks",0,0,0,9,"['#jointhephlock', '#softwaresupplychain', '#typosquatting', '#pypi', '#python', '#softwaresupplychainattacks']",[],[],https://pbs.twimg.com/profile_images/1600852099469910017/IsZday39_normal.jpg,https://twitter.com/R_Hubby/status/1626694182373937166,tweet_id:1626694182373937166
Pete Morgan,@itspetemorgan,2023-02-15T20:18:34.000Z,False,"Phylum is at it again, this time detecting a Golang-based RAT released as a series of packages on PyPIhttps://blog.phylum.io/phylum-discovers-go-based-rat-spark-being-distributed-on-pypi…",0,1,3,73,[],[],[],https://pbs.twimg.com/profile_images/1546991448427401217/Qu96X_uN_normal.jpg,https://twitter.com/itspetemorgan/status/1625952729368788994,tweet_id:1625952729368788994
Phylum,@Phylum_IO,2023-02-16T17:15:28.000Z,False,"Since #ExecutiveOrder14028, confusion around the looming #SBOM mandates has been rampant. On Feb. 22nd, we'll review the challenges this new regulation poses for #security teams and potential solutions to increase the effectiveness of the SBOM model. https://lnkd.in/edej8S2c",0,2,4,113,"['#ExecutiveOrder14028', '#SBOM', '#security']",[],[],https://pbs.twimg.com/profile_images/1407364495773618177/Keb561uX_normal.jpg,https://twitter.com/Phylum_IO/status/1626269039944208386,tweet_id:1626269039944208386
Crstn,@CryptoNews2000,2023-02-16T06:09:26.000Z,False,Phylum Discovers Revived Crypto Wallet Address Replacement Attack. Via https://blog.phylum.io/phylum-discovers-revived-crypto-wallet-address-replacement-attack…#Phylum #Python #PyPI #Software #Crypto #Blockchain,2,3,6,116,"['#Phylum', '#Python', '#PyPI', '#Software', '#Crypto', '#Blockchain']",['@Phylum_IO'],[],https://pbs.twimg.com/profile_images/1451496098636386304/cc40bhqc_normal.jpg,https://twitter.com/CryptoNews2000/status/1626101426219847682,tweet_id:1626101426219847682
Louis Lang,@LouiswLang,2023-02-15T19:31:58.000Z,False, automation reliably identifies new #malware campaigns. We reported on hundreds of #typosquat packages a few days ago. Today were reporting on #Golang RATs being distributed to #pypi.#infosec #softwaresupplychain #Python #tech,0,3,7,261,"['#malware', '#typosquat', '#Golang', '#pypi', '#infosec', '#softwaresupplychain', '#Python', '#tech']",['@Phylum_IO'],['\\U0001f6a8'],https://pbs.twimg.com/profile_images/1589456660447338581/S2xwtr-G_normal.jpg,https://twitter.com/LouiswLang/status/1625941004506234883,tweet_id:1625941004506234883
Russell Hubby,@R_Hubby,2023-02-16T20:19:59.000Z,False,"From The Louis Lang,  ""Thanks for sharing our work! We followed this up by publishing an entirely separate campaign that's dropping remote access tools to developer machines (https://lnkd.in/e8WayCns). We've seen ransomware being shipped to developer works…",0,0,1,15,[],[],[],https://pbs.twimg.com/profile_images/1600852099469910017/IsZday39_normal.jpg,https://twitter.com/R_Hubby/status/1626315474031214593,tweet_id:1626315474031214593
Russell Hubby,@R_Hubby,2023-02-16T19:55:25.000Z,False,"Paul Mote, these types of findings are blowing a lot of minds.  Like many other attack vectors, the compromise happens at ingest.  Which is why it is crucial to take a proactive approach to securing the software supply chain and protecting the developers.…https://lnkd.in/e7VxAnJM",0,0,0,6,[],[],[],https://pbs.twimg.com/profile_images/1600852099469910017/IsZday39_normal.jpg,https://twitter.com/R_Hubby/status/1626309291278757888,tweet_id:1626309291278757888
Russell Hubby,@R_Hubby,2023-02-16T18:47:20.000Z,False,Congratulations to  for joining the Forbes Technology Council. https://lnkd.in/ekRmgnTx,0,0,0,10,[],['@itspetemorgan'],[],https://pbs.twimg.com/profile_images/1600852099469910017/IsZday39_normal.jpg,https://twitter.com/R_Hubby/status/1626292158570397696,tweet_id:1626292158570397696
Russell Hubby,@R_Hubby,2023-02-15T19:31:16.000Z,False,Phylum researchers once again uncover #python  packages distributing #golang  rat malware!#jointhephlock #softwaresupplychainsecurity #devops #devsecops #softwaresupplychainattacks https://lnkd.in/e8WayCns,0,4,1,44,"['#python', '#golang', '#jointhephlock', '#softwaresupplychainsecurity', '#devops', '#devsecops', '#softwaresupplychainattacks']",[],[],https://pbs.twimg.com/profile_images/1600852099469910017/IsZday39_normal.jpg,https://twitter.com/R_Hubby/status/1625940825644404754,tweet_id:1625940825644404754
Russell Hubby,@R_Hubby,2023-02-15T18:50:31.000Z,False,"Shoutout to Dan Goodin of Ars Technica for picking up Phylum's recent findings.

""All 451 packages found recently by security firm Phylum contained almost identical malicious payloads and were uploaded in bursts that came in quick…https://lnkd.in/eWz55Y5W https://lnkd.in/ey_9g7Ej",0,0,0,9,[],[],[],https://pbs.twimg.com/profile_images/1600852099469910017/IsZday39_normal.jpg,https://twitter.com/R_Hubby/status/1625930571267309574,tweet_id:1625930571267309574
Russell Hubby,@R_Hubby,2023-02-14T17:29:10.000Z,False,Paul Lindsey is #hiring. Know anyone who might be interested? https://lnkd.in/e7CCWFtS,0,0,0,3,['#hiring'],[],[],https://pbs.twimg.com/profile_images/1600852099469910017/IsZday39_normal.jpg,https://twitter.com/R_Hubby/status/1625547712480395296,tweet_id:1625547712480395296
Russell Hubby,@R_Hubby,2023-02-14T15:19:35.000Z,False,"Thank you, Ravie Lakshmanan and The Hacker News for picking up and commenting on Phylum's recent findings - Clipper Malware Found in 450+ PyPI Packages!.#jointhephlock #softwaresupplychainsecurity #pypi #pyhton#devops #devsecops https://lnkd.in/erK_Zrzy",0,0,0,10,"['#jointhephlock', '#softwaresupplychainsecurity', '#pypi', '#pyhton', '#devops', '#devsecops']",[],[],https://pbs.twimg.com/profile_images/1600852099469910017/IsZday39_normal.jpg,https://twitter.com/R_Hubby/status/1625515100323946500,tweet_id:1625515100323946500
Russell Hubby,@R_Hubby,2023-02-13T22:10:54.000Z,False,Thank you Bill Toulas and BleepingComputer for picking up Phylum's recent research on PyPI packages installing Chrome extensions to steal crypto!!#jointhephlock #defenddevelopers #softwaresupplychainsecurity #softwaresupplychaina…https://lnkd.in/ePR-4cm9 https://lnkd.in/eS9f-U6U,0,0,0,7,"['#jointhephlock', '#defenddevelopers', '#softwaresupplychainsecurity', '#softwaresupplychaina']",[],[],https://pbs.twimg.com/profile_images/1600852099469910017/IsZday39_normal.jpg,https://twitter.com/R_Hubby/status/1625256223770550274,tweet_id:1625256223770550274
Phylum,@Phylum_IO,2023-02-10T20:26:42.000Z,False,Another busy day at Phylum. We discovered over 200 unique malicious packages targeting popular #PyPI packages like #Selenium. #typosquatting,0,5,7,184,"['#PyPI', '#Selenium', '#typosquatting']",[],[],https://pbs.twimg.com/profile_images/1407364495773618177/Keb561uX_normal.jpg,https://twitter.com/Phylum_IO/status/1624142837309706263,tweet_id:1624142837309706263
Pete Morgan,@itspetemorgan,2023-02-10T15:29:30.000Z,False,"Discord will be super helpful here, we can go live with the community on feature releases, howtos and latest the findings from Phylum's research team!",0,2,4,166,[],[],[],https://pbs.twimg.com/profile_images/1546991448427401217/Qu96X_uN_normal.jpg,https://twitter.com/itspetemorgan/status/1624068044762001410,tweet_id:1624068044762001410
Louis Lang,@LouiswLang,2023-02-10T18:43:57.000Z,False,  continues to crush #malware authors. Actor we reported on in Nov is active again. This time publishing 200 packages to #pypi targeting the likes of #selenium and #solana.https://blog.phylum.io/phylum-discovers-revived-crypto-wallet-address-replacement-attack…#infosec #python,0,2,7,218,"['#malware', '#pypi', '#selenium', '#solana', '#infosec', '#python']",['@Phylum_IO'],['\\U0001f480'],https://pbs.twimg.com/profile_images/1589456660447338581/S2xwtr-G_normal.jpg,https://twitter.com/LouiswLang/status/1624116980037844992,tweet_id:1624116980037844992
Russell Hubby,@R_Hubby,2023-02-10T21:29:29.000Z,False,"...and the hits just keep on coming.

In November of 2022, Phylum discovered and published an article about an attack on PyPI in which threat actors attempted to replace cryptocurrency address in developer clipboards with their own wallet addresses by usi…https://lnkd.in/eGrkSJxs",0,0,1,8,[],[],[],https://pbs.twimg.com/profile_images/1600852099469910017/IsZday39_normal.jpg,https://twitter.com/R_Hubby/status/1624158640440594433,tweet_id:1624158640440594433
Russell Hubby,@R_Hubby,2023-02-10T21:25:19.000Z,False,"What can we takeaway from all of this?

1) This attacker significantly increased their footprint in #pypi  through automation. Flooding the ecosystem with packages like this will continue.
2) The use of Chinese characters, or any other Unicode plane for t…https://lnkd.in/eTdTn7RT",0,0,1,8,['#pypi'],[],[],https://pbs.twimg.com/profile_images/1600852099469910017/IsZday39_normal.jpg,https://twitter.com/R_Hubby/status/1624157590899810307,tweet_id:1624157590899810307
Russell Hubby,@R_Hubby,2023-02-10T17:18:14.000Z,False,Get registered for this Phylum Webinar with  and  - it is going to be a great discussion. https://lnkd.in/eKyXZJMF,0,0,0,13,[],"['@itspetemorgan', '@hustlelabs']",[],https://pbs.twimg.com/profile_images/1600852099469910017/IsZday39_normal.jpg,https://twitter.com/R_Hubby/status/1624095407465803783,tweet_id:1624095407465803783
Russell Hubby,@R_Hubby,2023-02-10T14:49:23.000Z,False,Heads up to all existing and future Phylum Community members/users - Phylum is migrating the Community from #slack to Discord.#jointhephlock #softwaresupplychain #appsec #devops #devsecops https://lnkd.in/e62B7DCx,0,0,1,14,"['#slack', '#jointhephlock', '#softwaresupplychain', '#appsec', '#devops', '#devsecops']",[],[],https://pbs.twimg.com/profile_images/1600852099469910017/IsZday39_normal.jpg,https://twitter.com/R_Hubby/status/1624057951206907904,tweet_id:1624057951206907904
Patrick Sheehan,@PMSheehan1,2023-02-04T12:28:05.000Z,False,Here’s a free application that allows organizations to action many of the items in this great article by  #softwaresupplychain ,0,2,2,100,['#softwaresupplychain'],"['@cpomagazine', '@Phylum_IO']",[],https://pbs.twimg.com/profile_images/583346915661742080/0hiLsngX_normal.jpg,https://twitter.com/PMSheehan1/status/1621848062195802113,tweet_id:1621848062195802113
Louis Lang,@LouiswLang,2023-02-03T21:21:50.000Z,False,I've worked closely with a bunch of the individuals that maintain these #opensource package ecosystems. They all lament how difficult and time consuming keeping these ecosystems clean is. Not to mention this is in direct violation of the terms of service...,0,2,3,145,['#opensource'],[],[],https://pbs.twimg.com/profile_images/1589456660447338581/S2xwtr-G_normal.jpg,https://twitter.com/LouiswLang/status/1621619997314260993,tweet_id:1621619997314260993
Bill@Phylum,Bill@Phylum,2023-02-10T13:41:33.000Z,False,ICYMI:   community has just launched a #discordserver to better communicate with our users. More to come.... DM me if you want more info!,0,4,5,329,['#discordserver'],['@Phylum_IO'],[],https://pbs.twimg.com/profile_images/1578433447164624902/qZ8y_gPK_normal.jpg,https://twitter.com/Bill_Phylum/status/1624040880259706887,tweet_id:1624040880259706887
Russell Hubby,@R_Hubby,2023-02-09T14:50:46.000Z,False,"Phylum Announces CTF Sandbox Bug Bounty:
Phylum is keen on ensuring that our sandbox is blocking threats on developer workstations. As part of this effort, we have set up a simple CTF bug bounty that exercises the package installation sandbox.
There are a…https://lnkd.in/esERVZTQ",0,0,0,8,[],[],[],https://pbs.twimg.com/profile_images/1600852099469910017/IsZday39_normal.jpg,https://twitter.com/R_Hubby/status/1623695910826917890,tweet_id:1623695910826917890
Russell Hubby,@R_Hubby,2023-02-09T14:34:59.000Z,False,"Phylum Birdcage, allows developers to install open-source packages in an environment that restricts access to the network, filesystem, and environment variables. Any attempt to access a restricted resource (e.g., SSH keys) will result in the installation…https://lnkd.in/eEyHSVix",0,0,0,15,[],[],[],https://pbs.twimg.com/profile_images/1600852099469910017/IsZday39_normal.jpg,https://twitter.com/R_Hubby/status/1623691938896420868,tweet_id:1623691938896420868
Loren,@lorencrary,2023-01-26T23:17:56.000Z,True,Calling on security folks! Please share widely--we're looking for an awesome person for an awesome job ,0,5,11,"2,766",[],[],['\\U0001f40d'],https://pbs.twimg.com/profile_images/1523821635119333376/ioW5ebTa_normal.jpg,https://twitter.com/lorencrary/status/1618750113786265602,tweet_id:1618750113786265602
Phylum,@Phylum_IO,2023-02-08T21:21:10.000Z,False,Come see  (virtually or IRL) and talk all things #supplychainsecurity.  ,0,2,3,124,['#supplychainsecurity'],"['@itspetemorgan', '@OWASPBOSTON', '@owasp']",[],https://pbs.twimg.com/profile_images/1407364495773618177/Keb561uX_normal.jpg,https://twitter.com/Phylum_IO/status/1623431769503440896,tweet_id:1623431769503440896
Russell Hubby,@R_Hubby,2023-02-08T21:03:38.000Z,False,2-weeks from today  and  will dig into #SBOMs.  Get registered for this informative and entertaining webinar.#jointhephlock #softwaresupplychainsecurity,0,0,0,12,"['#SBOMs', '#jointhephlock', '#softwaresupplychainsecurity']","['@itspetemorgan', '@hustlelabs']",[],https://pbs.twimg.com/profile_images/1600852099469910017/IsZday39_normal.jpg,https://twitter.com/R_Hubby/status/1623427357406101504,tweet_id:1623427357406101504
Russell Hubby,@R_Hubby,2023-02-08T14:40:47.000Z,False,Join  on March 1st for OWASP Boston's monthly meetup.#softwaresupplychainsecurity https://lnkd.in/entPS6Cj,0,0,0,20,['#softwaresupplychainsecurity'],['@itspetemorgan'],[],https://pbs.twimg.com/profile_images/1600852099469910017/IsZday39_normal.jpg,https://twitter.com/R_Hubby/status/1623331010325749761,tweet_id:1623331010325749761
Russell Hubby,@R_Hubby,2023-02-03T22:23:20.000Z,False,"Fact: The Phylum Platform is a beast.
Fact: Automation is 100% necessary to identify, track, and prevent software supply chain risks and attacks.
Fact: Your organizations security team and development team need Phylum. https://lnkd.in/eDJEaWGu",0,0,1,14,[],[],[],https://pbs.twimg.com/profile_images/1600852099469910017/IsZday39_normal.jpg,https://twitter.com/R_Hubby/status/1621635477357871106,tweet_id:1621635477357871106
Pete Morgan,@itspetemorgan,2023-02-02T14:00:56.000Z,True,"So true in analyzing binary software!

Malicious OSS packages, wildly different however. They are painfully obvious the moment the code punches my eyeballs",0,1,2,116,[],[],[],https://pbs.twimg.com/profile_images/1546991448427401217/Qu96X_uN_normal.jpg,https://twitter.com/itspetemorgan/status/1621146654207533058,tweet_id:1621146654207533058
Pete Morgan,@itspetemorgan,2023-02-03T20:57:35.000Z,False,"While the serverles package does not do anything malicious, this is time NPM could have spent doing something meaningful.

For companies wanting to demonstrate typosquatting, the best path is to use a private registry so that others cannot be affected. 
(3/3)",1,2,4,193,[],[],[],https://pbs.twimg.com/profile_images/1546991448427401217/Qu96X_uN_normal.jpg,https://twitter.com/itspetemorgan/status/1621613896779071489,tweet_id:1621613896779071489
Pete Morgan,@itspetemorgan,2023-02-03T20:57:35.000Z,False,"OX is actively polluting the global software supply chain for what looks like a marketing ploy.

We reported this to NPM and it's getting removed. Tactics like this add unnecessary work to an already overburdened team at NPM who are working to keep NPM clean. 
(2/3)",2,2,4,214,[],[],[],https://pbs.twimg.com/profile_images/1546991448427401217/Qu96X_uN_normal.jpg,https://twitter.com/itspetemorgan/status/1621613895579504640,tweet_id:1621613895579504640
Pete Morgan,@itspetemorgan,2023-02-03T20:57:35.000Z,False,"Today,  caught a package that OX Security released on NPM. The package serverles (https://npmjs.com/package/serverles…) is typosquatting a popular package, serverless (https://npmjs.com/package/serverless…).

This is bad form, especially for a security company. 
(1/3)",3,6,6,497,[],['@Phylum_IO'],[],https://pbs.twimg.com/profile_images/1546991448427401217/Qu96X_uN_normal.jpg,https://twitter.com/itspetemorgan/status/1621613894103085057,tweet_id:1621613894103085057
Louis Lang,@LouiswLang,2023-02-03T18:32:07.000Z,False,"#pypi threat actors recently published a new ""multilayer encryption system"" for obfuscating #Python source. Happy to report a day after release,  has ripped it to shreds.#malware #infosec #netsec",0,4,7,317,"['#pypi', '#Python', '#malware', '#infosec', '#netsec']",['@Phylum_IO'],[],https://pbs.twimg.com/profile_images/1589456660447338581/S2xwtr-G_normal.jpg,https://twitter.com/LouiswLang/status/1621577287886901248,tweet_id:1621577287886901248
Russell Hubby,@R_Hubby,2023-02-02T21:42:07.000Z,False,"""The supply chain must be known and understood before it can be remediated.""

I completely agree with this quote from SecurityWeek, so let me take a shot at helping everyone understand the Software Supply Chain.  IMO there are 3 fundamental areas of the S…https://lnkd.in/ew27y2dj",0,0,2,19,[],[],[],https://pbs.twimg.com/profile_images/1600852099469910017/IsZday39_normal.jpg,https://twitter.com/R_Hubby/status/1621262715598553088,tweet_id:1621262715598553088
Russell Hubby,@R_Hubby,2023-02-02T21:24:54.000Z,False,"""The supply chain threat is directly linked to attack surface management (it potentially represents a hidden part of the attack surface) and zero trust (100% effective zero trust would eliminate the threat). But the supply chain mu…https://lnkd.in/eN7Rrmbm https://lnkd.in/ewUh4x4M",0,0,0,10,[],[],[],https://pbs.twimg.com/profile_images/1600852099469910017/IsZday39_normal.jpg,https://twitter.com/R_Hubby/status/1621258384019263488,tweet_id:1621258384019263488
Pete Morgan,@itspetemorgan,2023-02-01T17:27:01.000Z,False,"Nice find!
It blows my mind that in 2023 companies are shipping security products that parse WSDLs in C as root.",0,1,3,231,[],[],[],https://pbs.twimg.com/profile_images/1546991448427401217/Qu96X_uN_normal.jpg,https://twitter.com/itspetemorgan/status/1620836129623924736,tweet_id:1620836129623924736
Russell Hubby,@R_Hubby,2023-02-02T21:02:15.000Z,False,"Phylum has identified new #malware pkg masquerading as #angular recently published to #npm.

This packages executes a preinstall that encodes the hostname, current working directory and ip into a hex string. 

This string is then u…https://lnkd.in/eP9qNQiA https://lnkd.in/eJxaaDcz",0,1,0,15,"['#malware', '#angular', '#npm']",[],[],https://pbs.twimg.com/profile_images/1600852099469910017/IsZday39_normal.jpg,https://twitter.com/R_Hubby/status/1621252680327827459,tweet_id:1621252680327827459
Louis Lang,@LouiswLang,2023-02-01T22:12:47.000Z,False,"2/2 This string is then used as the subdomain to: 

<exfil-hex>.bind9-or-callback-server[.]com 

and an nslookup is preformed. The attacker is leveraging #DNS as a mechanism to flag on successful infection. A fairly novel mechanism in this scenario.",1,1,1,66,['#DNS'],[],[],https://pbs.twimg.com/profile_images/1589456660447338581/S2xwtr-G_normal.jpg,https://twitter.com/LouiswLang/status/1620908044757647371,tweet_id:1620908044757647371
Louis Lang,@LouiswLang,2023-02-01T22:14:12.000Z,False,This package was reported to  for removal.,0,1,1,50,[],['@npmjs'],[],https://pbs.twimg.com/profile_images/1589456660447338581/S2xwtr-G_normal.jpg,https://twitter.com/LouiswLang/status/1620908399407022087,tweet_id:1620908399407022087
Louis Lang,@LouiswLang,2023-02-01T22:11:48.000Z,False,"1/2  has identified new #malware pkg masquerading as #angular recently published to #npm.https://npmjs.com/package/angular-1.8…This packages executes a preinstall that encodes the hostname, current working directory and ip into a hex string. #infosec #security #tech #javascript",1,5,6,327,"['#malware', '#angular', '#npm', '#infosec', '#security', '#tech', '#javascript']",['@phylum_io'],[],https://pbs.twimg.com/profile_images/1589456660447338581/S2xwtr-G_normal.jpg,https://twitter.com/LouiswLang/status/1620907796958167042,tweet_id:1620907796958167042
Russell Hubby,@R_Hubby,2023-02-02T20:52:59.000Z,False,Happy #groundhogday  from Phylum.#jointhephlock #softwaresupplychainsecurity #devsecops #softwaredeveloper https://lnkd.in/eNddPhkg,0,0,0,8,"['#groundhogday', '#jointhephlock', '#softwaresupplychainsecurity', '#devsecops', '#softwaredeveloper']",[],[],https://pbs.twimg.com/profile_images/1600852099469910017/IsZday39_normal.jpg,https://twitter.com/R_Hubby/status/1621250349376888832,tweet_id:1621250349376888832
Phylum,@Phylum_IO,2023-02-02T18:02:39.000Z,False,Every day is #GroundhogDay for the Phylum system. Malicious package releases never seem to stop.,0,5,8,171,['#GroundhogDay'],[],[],https://pbs.twimg.com/profile_images/1407364495773618177/Keb561uX_normal.jpg,https://twitter.com/Phylum_IO/status/1621207482566676482,tweet_id:1621207482566676482
Russell Hubby,@R_Hubby,2023-02-01T22:55:07.000Z,False,"Great write-up by Ionut Arghire and SecurityWeek on Phylum's Research and Findings pertaining to Malicious NPM, PyPI Packages Stealing User Information.

I have a ton of respect for Check Point Software Technologies Ltd, but there…https://lnkd.in/evRRN6uP https://lnkd.in/e8tUE8Hj",0,1,2,14,[],[],[],https://pbs.twimg.com/profile_images/1600852099469910017/IsZday39_normal.jpg,https://twitter.com/R_Hubby/status/1620918697345916931,tweet_id:1620918697345916931
Pete Morgan,@itspetemorgan,2023-01-28T23:08:59.000Z,False,"We’re all for #dataprivacyweek here at , but one thing that we'll never keep private is the malicious packages we're finding every day!",0,1,1,82,['#dataprivacyweek'],['@Phylum_IO'],[],https://pbs.twimg.com/profile_images/1546991448427401217/Qu96X_uN_normal.jpg,https://twitter.com/itspetemorgan/status/1619472637985689602,tweet_id:1619472637985689602
Russell Hubby,@R_Hubby,2023-01-30T16:54:03.000Z,False,"Quick reminder on the fastest and easiest way to get started with Phylum, leverage the Phylum GitHub App on #github  Marketplace.#jointhephlock #zerotrustsecurity #softwaresupplychainsecurity #devsecops #secdevops",0,0,0,22,"['#github', '#jointhephlock', '#zerotrustsecurity', '#softwaresupplychainsecurity', '#devsecops', '#secdevops']",[],[],https://pbs.twimg.com/profile_images/1600852099469910017/IsZday39_normal.jpg,https://twitter.com/R_Hubby/status/1620103055030030346,tweet_id:1620103055030030346
Louis Lang,@LouiswLang,2023-01-29T21:58:48.000Z,False,"The  platform continues to identify malicious pkgs daily: 98 sus #npm pkgs purportedly part of an ongoing ""security test"". 

Even if this is a #bugbounty the possibility for collateral damage is high... #irresponsible#infosec #tech #javascript",1,3,4,181,"['#npm', '#bugbounty', '#irresponsible', '#infosec', '#tech', '#javascript']",['@Phylum_IO'],[],https://pbs.twimg.com/profile_images/1589456660447338581/S2xwtr-G_normal.jpg,https://twitter.com/LouiswLang/status/1619817363670732800,tweet_id:1619817363670732800
Russell Hubby,@R_Hubby,2023-01-30T13:31:20.000Z,False,The Phylum Platform never sleeps; this discovery highlights the importance of secure software supply chains and the need for organizations to be vigilant when using third-party packages in their applications.#jointhephlock #zerot…https://lnkd.in/esmjET2C,0,0,3,5,"['#jointhephlock', '#zerot']",[],[],https://pbs.twimg.com/profile_images/1600852099469910017/IsZday39_normal.jpg,https://twitter.com/R_Hubby/status/1620052042398957568,tweet_id:1620052042398957568
Russell Hubby,@R_Hubby,2023-01-27T22:56:41.000Z,False,Alway be on the lookout for #typosquatting https://lnkd.in/enRcc-f4,0,0,1,8,['#typosquatting'],[],[],https://pbs.twimg.com/profile_images/1600852099469910017/IsZday39_normal.jpg,https://twitter.com/R_Hubby/status/1619107152047529984,tweet_id:1619107152047529984
Russell Hubby,@R_Hubby,2023-01-27T22:53:48.000Z,False,More from Louis Lang https://lnkd.in/eSyVqUvc,0,0,0,5,[],[],[],https://pbs.twimg.com/profile_images/1600852099469910017/IsZday39_normal.jpg,https://twitter.com/R_Hubby/status/1619106427192090627,tweet_id:1619106427192090627
Russell Hubby,@R_Hubby,2023-01-27T22:50:57.000Z,False,Happy Friday from Phylum https://lnkd.in/e2TxVxQ5,0,0,0,4,[],[],[],https://pbs.twimg.com/profile_images/1600852099469910017/IsZday39_normal.jpg,https://twitter.com/R_Hubby/status/1619105709164994560,tweet_id:1619105709164994560
Pete Morgan,@itspetemorgan,2023-01-27T16:51:21.000Z,False,"A company with less mature processes that only evaluated how they use log4j would spend less time bouncing back and forth in confusion because the list of things they thought they had to fix would not be constantly changing out from under them.
That is the ideal case.
(16/20)",1,1,2,46,[],[],[],https://pbs.twimg.com/profile_images/1546991448427401217/Qu96X_uN_normal.jpg,https://twitter.com/itspetemorgan/status/1619015214569234433,tweet_id:1619015214569234433
Pete Morgan,@itspetemorgan,2023-01-27T16:51:21.000Z,False,"The (best) worst case version is: the world doesn't know that 0.5% of ""unexploitable bugs"" have private exploits that have been sold, traded and in use for months.
(17/20)",1,1,3,46,[],[],[],https://pbs.twimg.com/profile_images/1546991448427401217/Qu96X_uN_normal.jpg,https://twitter.com/itspetemorgan/status/1619015215932379136,tweet_id:1619015215932379136
Pete Morgan,@itspetemorgan,2023-01-27T16:51:22.000Z,False,"That is a laughably conservative percentage, which off of GitHub Security Advisories today would account for nearly a thousand publicly known vulnerabilities.
(18/20)",1,1,2,61,[],[],[],https://pbs.twimg.com/profile_images/1546991448427401217/Qu96X_uN_normal.jpg,https://twitter.com/itspetemorgan/status/1619015217333297157,tweet_id:1619015217333297157
Pete Morgan,@itspetemorgan,2023-01-27T16:51:22.000Z,False,"This is why I'm so bullish on vulnerability reachability, and why Phylum is releasing this shortly. Reachability is something that can asserted with much higher accuracy. 
(19/20)",1,1,3,76,[],[],[],https://pbs.twimg.com/profile_images/1546991448427401217/Qu96X_uN_normal.jpg,https://twitter.com/itspetemorgan/status/1619015218767724544,tweet_id:1619015218767724544
Pete Morgan,@itspetemorgan,2023-01-27T16:51:22.000Z,False,"No, it's not 100% perfect in all cases, but it is the best threshold to discuss the impact and prioritization of fixing a bug in a world where private exploit sales happen constantly. If a bug is reachable, assume its exploitable and treat it as such. The End
(20/20)",0,1,3,64,[],[],[],https://pbs.twimg.com/profile_images/1546991448427401217/Qu96X_uN_normal.jpg,https://twitter.com/itspetemorgan/status/1619015220109930497,tweet_id:1619015220109930497
Louis Lang,@LouiswLang,2023-01-27T16:01:45.000Z,False,"As a #developer, who would've thought that being bad at typing would end up being an #infosec threat we'd all have to contend with?  #typosquat",0,1,5,77,"['#developer', '#infosec', '#typosquat']",[],[],https://pbs.twimg.com/profile_images/1589456660447338581/S2xwtr-G_normal.jpg,https://twitter.com/LouiswLang/status/1619002730194034688,tweet_id:1619002730194034688
Louis Lang,@LouiswLang,2023-01-27T17:05:38.000Z,False,"More #bugbounty packages polluting #npm... 

Additional publications reported to #pypi: 

* httpsp#infosec #security #tech",0,2,5,151,"['#bugbounty', '#npm', '#pypi', '#infosec', '#security', '#tech']",[],[],https://pbs.twimg.com/profile_images/1589456660447338581/S2xwtr-G_normal.jpg,https://twitter.com/LouiswLang/status/1619018807598780416,tweet_id:1619018807598780416
Louis Lang,@LouiswLang,2023-01-27T15:53:47.000Z,False,"Looks like #malware authors are continuing to spam these ecosystems w/ typosquats and other benign looking pkgs. Here are a few #Python pkgs from this morning.

* cuolor
* tiktok5

Each of these fetches a remote bin and executes it. Reported to #pypi.#infosec #security #tech",0,2,8,197,"['#malware', '#Python', '#pypi', '#infosec', '#security', '#tech']",[],[],https://pbs.twimg.com/profile_images/1589456660447338581/S2xwtr-G_normal.jpg,https://twitter.com/LouiswLang/status/1619000725161508864,tweet_id:1619000725161508864
Louis Lang,@LouiswLang,2023-01-27T19:01:12.000Z,False,"Looks like the w4sp actors are back.

Original authors maintain a ""legitimate"" pkg `pystyle`. They continue to push typosquats of this package. The most recent #python #malware being `pyslyte`.

Reported by  to #pypi for a quick takedown!#infosec #tech #Security",1,2,5,127,"['#python', '#malware', '#pypi', '#infosec', '#tech', '#Security']",['@phylum_io'],[],https://pbs.twimg.com/profile_images/1589456660447338581/S2xwtr-G_normal.jpg,https://twitter.com/LouiswLang/status/1619047892282638336,tweet_id:1619047892282638336
Russell Hubby,@R_Hubby,2023-01-27T12:10:44.000Z,False,"Great write-up by  pertaining to SBOMs.  Well worth the read, especially as organizations start to update security programs to account for Software Supply Chain Risks and Attacks and producing quality SBOMs confidently.

Keep it up …https://lnkd.in/eM2BXx_s",0,1,1,17,[],"['@itspetemorgan', '@itspetem']",[],https://pbs.twimg.com/profile_images/1600852099469910017/IsZday39_normal.jpg,https://twitter.com/R_Hubby/status/1618944595735330817,tweet_id:1618944595735330817
Russell Hubby,@R_Hubby,2023-01-26T20:06:54.000Z,False,"Great interview by David Leichner of Phylum's Co-founder & CSO, IMO, once of the most meaningful take aways from the interview:

""Can you help articulate what the weaknesses are in our current supply chain systems?
The biggest unaddressed…https://lnkd.in/erdkvgX7",0,2,2,106,[],['@itspetemorgan'],[],https://pbs.twimg.com/profile_images/1600852099469910017/IsZday39_normal.jpg,https://twitter.com/R_Hubby/status/1618702037977292800,tweet_id:1618702037977292800
Phylum,@Phylum_IO,2023-01-26T18:13:26.000Z,False,"#Developers are the new high-value targets and we have seen developers fall victim to stolen credentials and secrets, compromised workstations, CI/CD attacks and malicious packages that end up in source code. https://lnkd.in/gzTVERgH #respectdata #DataPrivacyWeek ",0,1,3,78,"['#Developers', '#respectdata', '#DataPrivacyWeek']",['@cpomagazine'],[],https://pbs.twimg.com/profile_images/1407364495773618177/Keb561uX_normal.jpg,https://twitter.com/Phylum_IO/status/1618673483172691968,tweet_id:1618673483172691968
Pete Morgan,@itspetemorgan,2023-01-24T20:20:52.000Z,False,Excited to talk about 2023 predictions for the software supply chain in 40m!https://lnkd.in/eh7mS5Vu,1,3,3,137,[],[],[],https://pbs.twimg.com/profile_images/1546991448427401217/Qu96X_uN_normal.jpg,https://twitter.com/itspetemorgan/status/1617980775894511616,tweet_id:1617980775894511616
Russell Hubby,@R_Hubby,2023-01-24T20:00:07.000Z,False,Phylum is live and available on Amazon Web Services (AWS) Marketplace ().#jointhephlock #devsecops #softwaresupplychainsecurity #aws #amazon https://lnkd.in/eF9a8Yre,0,1,0,6,"['#jointhephlock', '#devsecops', '#softwaresupplychainsecurity', '#aws', '#amazon']",['@awsmarketplace'],[],https://pbs.twimg.com/profile_images/1600852099469910017/IsZday39_normal.jpg,https://twitter.com/R_Hubby/status/1617975555428679694,tweet_id:1617975555428679694
Phylum,@Phylum_IO,2023-01-24T19:38:56.000Z,False,Phylum is now available on . Visit us here: https://hubs.ly/Q01z6r_d0 ,0,7,7,325,[],"['@awsmarketplace', '@tackleio']",[],https://pbs.twimg.com/profile_images/1407364495773618177/Keb561uX_normal.jpg,https://twitter.com/Phylum_IO/status/1617970225512873985,tweet_id:1617970225512873985
Russell Hubby,@R_Hubby,2023-01-24T15:34:45.000Z,False,"Today is the day, if you are not registered yet, you still have some time.  Live today at 4pm in the East and 1pm in the West, join  to learn how to Action the 2023 Predictions on Software Supply Chain Security. https://lnkd.in/eRx_ZAQX",0,0,0,17,[],['@itspetemorgan'],[],https://pbs.twimg.com/profile_images/1600852099469910017/IsZday39_normal.jpg,https://twitter.com/R_Hubby/status/1617908772801843200,tweet_id:1617908772801843200
Russell Hubby,@R_Hubby,2023-01-23T21:20:19.000Z,False,"#iykyk, if you don't, now is chance to get in the know.#jointhephlock #softwaresupplychainsecurity #softwaresupplychainattacks #devsecops https://lnkd.in/gTQzzFxW",0,0,0,2,"['#iykyk', '#jointhephlock', '#softwaresupplychainsecurity', '#softwaresupplychainattacks', '#devsecops']",[],[],https://pbs.twimg.com/profile_images/1600852099469910017/IsZday39_normal.jpg,https://twitter.com/R_Hubby/status/1617633350482808832,tweet_id:1617633350482808832
Phylum,@Phylum_IO,2023-01-23T18:33:08.000Z,False,"Last chance to register for our #webinar, kicking off at 4pm ET tomorrow. Don't miss ""Actioning the 2023 Predictions on Software Supply Chain Security,"" hosted by Phylum Co-Founder & CSO . Secure your spot here: https://lnkd.in/eh7mS5Vu #softwaresupplychainsecurity",0,2,3,93,"['#webinar', '#softwaresupplychainsecurity']",['@itspetemorgan'],[],https://pbs.twimg.com/profile_images/1407364495773618177/Keb561uX_normal.jpg,https://twitter.com/Phylum_IO/status/1617591277050294273,tweet_id:1617591277050294273
Russell Hubby,@R_Hubby,2023-01-23T16:55:48.000Z,False,Great opportunity to get local application security professionals together. https://lnkd.in/erdbg9-D,0,0,0,11,[],[],[],https://pbs.twimg.com/profile_images/1600852099469910017/IsZday39_normal.jpg,https://twitter.com/R_Hubby/status/1617566782193016832,tweet_id:1617566782193016832
Louis Lang,@LouiswLang,2023-01-19T16:09:47.000Z,False," Dependency confusion in full swing today with several packages being published to #npm:

* offsec-depender
* tada-components
* @mydatamodels/tada-components

Additional w4sp #malware published to #pypi 

* coolstyle",1,1,7,277,"['#npm', '#malware', '#pypi', '', '', '']",[],['\\U0001f6a8'],https://pbs.twimg.com/profile_images/1589456660447338581/S2xwtr-G_normal.jpg,https://twitter.com/LouiswLang/status/1616105651691786244,tweet_id:1616105651691786244
Louis Lang,@LouiswLang,2023-01-19T20:23:37.000Z,False,"What's with #malware developers using terrible phrases in their code? As if you weren't already a huge jerk to begin with, you really seal the deal here.

see `http://webdriver.py` in `poolweb` we just reported on #PyPI...#infosec #tech #Python",1,1,4,176,"['#malware', '#PyPI', '#infosec', '#tech', '#Python']",[],[],https://pbs.twimg.com/profile_images/1589456660447338581/S2xwtr-G_normal.jpg,https://twitter.com/LouiswLang/status/1616169529121595393,tweet_id:1616169529121595393
Phylum,@Phylum_IO,2023-01-18T19:46:49.000Z,False,"Coming up next week! Don't miss our webinar, ""Actioning the 2023 Predictions on Software Supply Chain Security,"" hosted by Phylum Co-Founder and CSO . Register here: https://lnkd.in/eh7mS5Vu #softwaresupplychainsecurity #appsec #devsecops",1,2,5,117,"['#softwaresupplychainsecurity', '#appsec', '#devsecops']",['@itspetemorgan'],[],https://pbs.twimg.com/profile_images/1407364495773618177/Keb561uX_normal.jpg,https://twitter.com/Phylum_IO/status/1615797879020339201,tweet_id:1615797879020339201
Russell Hubby,@R_Hubby,2023-01-19T13:08:59.000Z,False,"If you are concerned about these types of attacks, DM me I can tell you how Phylum can block and prevent these attacks from entering your software supply chain, protect your developers, and mitigate risk for your customers and your organization.#jointhe…https://lnkd.in/ejemgDtp",0,0,1,9,['#jointhe'],[],[],https://pbs.twimg.com/profile_images/1600852099469910017/IsZday39_normal.jpg,https://twitter.com/R_Hubby/status/1616060150699237376,tweet_id:1616060150699237376
Louis Lang,@LouiswLang,2023-01-19T06:25:50.000Z,False,"Calword Grabber from moronic #malware authors. Recently published to #pypi (reported!)

Appears to be a typosquat of pathfind. Runs simple checks for Fiddler proxy before exfiltrating user credentials.#infosec #security #python #tech #opensource",0,1,3,181,"['#malware', '#pypi', '#infosec', '#security', '#python', '#tech', '#opensource']",[],[],https://pbs.twimg.com/profile_images/1589456660447338581/S2xwtr-G_normal.jpg,https://twitter.com/LouiswLang/status/1615958694755196929,tweet_id:1615958694755196929
Louis Lang,@LouiswLang,2023-01-19T03:31:23.000Z,False, #malware masquerading as a #python caching library. Reported to #pypi https://pypi.org/project/httpsing/…Appears to be #w4sp payload executing in http://setup.py. Malware authors were lazy and didn't put any legitimate code in the package - it's mostly empty.#infosec #netsec,0,1,1,94,"['#malware', '#python', '#pypi', '#w4sp', '#infosec', '#netsec']",[],['\\U0001f480'],https://pbs.twimg.com/profile_images/1589456660447338581/S2xwtr-G_normal.jpg,https://twitter.com/LouiswLang/status/1615914794745499649,tweet_id:1615914794745499649
Russell Hubby,@R_Hubby,2023-01-19T13:00:21.000Z,False,And this hits just keep on coming.https://lnkd.in/eCT3gAza https://lnkd.in/e8pQWmNA,0,0,0,1,[],[],[],https://pbs.twimg.com/profile_images/1600852099469910017/IsZday39_normal.jpg,https://twitter.com/R_Hubby/status/1616057978070736897,tweet_id:1616057978070736897
Russell Hubby,@R_Hubby,2023-01-19T12:57:59.000Z,False,"The amount of maliciousness happening in #python and #pypi is off the charts.  How do we expect Developers to operate at speed and scale, make the right decisions on which Open-Source Package to use, and minimize risk to the business, when they do not hav…https://lnkd.in/ebPY5aBq",0,0,0,6,"['#python', '#pypi']",[],[],https://pbs.twimg.com/profile_images/1600852099469910017/IsZday39_normal.jpg,https://twitter.com/R_Hubby/status/1616057383834292227,tweet_id:1616057383834292227
Louis Lang,@LouiswLang,2023-01-18T19:14:23.000Z,False,"#malware similarly named to #pandas being pushed right now.

Reported `panda-lib` package on #pypi. Appears to be more w4sp actors.#python #netsec #infosec #tech",0,2,6,162,"['#malware', '#pandas', '#pypi', '#python', '#netsec', '#infosec', '#tech']",[],[],https://pbs.twimg.com/profile_images/1589456660447338581/S2xwtr-G_normal.jpg,https://twitter.com/LouiswLang/status/1615789719060627465,tweet_id:1615789719060627465
Russell Hubby,@R_Hubby,2023-01-19T12:52:46.000Z,False,"The Phylum Platform is cranking...the power of automation, a great Research team who continues to train the Platform, and advisories who won't quit.#jointhephlock #softwaresupplychainsecurity #softwaresupplychainattacks #devsecops #pypi #pyhton",0,0,0,4,"['#jointhephlock', '#softwaresupplychainsecurity', '#softwaresupplychainattacks', '#devsecops', '#pypi', '#pyhton']",[],[],https://pbs.twimg.com/profile_images/1600852099469910017/IsZday39_normal.jpg,https://twitter.com/R_Hubby/status/1616056069091893248,tweet_id:1616056069091893248
Louis Lang,@LouiswLang,2023-01-18T18:06:27.000Z,False,`xoloqfmpaqnujg` was just published to #pypi. Appears to be w4sp #python #malware. No clue who they expect to install that package with a name like that...#infosec #programming #tech,0,2,4,98,"['#pypi', '#python', '#malware', '#infosec', '#programming', '#tech']",[],[],https://pbs.twimg.com/profile_images/1589456660447338581/S2xwtr-G_normal.jpg,https://twitter.com/LouiswLang/status/1615772621634682890,tweet_id:1615772621634682890
Louis Lang,@LouiswLang,2023-01-19T07:36:30.000Z,False,Why do we give #infosec threat actors cool names like Berserk Bear? We should use disparaging names like Idiot Weasel.,0,2,7,109,['#infosec'],[],[],https://pbs.twimg.com/profile_images/1589456660447338581/S2xwtr-G_normal.jpg,https://twitter.com/LouiswLang/status/1615976478394519552,tweet_id:1615976478394519552
Louis Lang,@LouiswLang,2023-01-17T23:12:29.000Z,False,There's so much #malware  in #opensource that appears to be #bugbounty attempts. For ex: https://npmjs.com/package/inter-mobile-bridge…These clearly violate the TOS for the ecosystems and afford the possibility for collateral damage. There's got to be a better way.#infosec #programming #npm #python,2,7,7,413,"['#malware', '#opensource', '#bugbounty', '#infosec', '#programming', '#npm', '#python']",[],[],https://pbs.twimg.com/profile_images/1589456660447338581/S2xwtr-G_normal.jpg,https://twitter.com/LouiswLang/status/1615487250552307713,tweet_id:1615487250552307713
Louis Lang,@LouiswLang,2023-01-18T16:17:17.000Z,False,"Some #npm #malware to start your day. Identified by .

Runs a Bash script during the preinstall.#javascript #npmjs #infosec #opensource",1,7,11,534,"['#npm', '#malware', '#javascript', '#npmjs', '#infosec', '#opensource']",['@phylum_io'],[],https://pbs.twimg.com/profile_images/1589456660447338581/S2xwtr-G_normal.jpg,https://twitter.com/LouiswLang/status/1615745150474412033,tweet_id:1615745150474412033
Russell Hubby,@R_Hubby,2023-01-18T16:36:25.000Z,False,"Good morning from The Louis Lang (), have some #npm #malware to start your day - identified by Phylum ().

Runs a Bash script during the preinstall. ",0,0,0,25,"['#npm', '#malware']","['@louiswlang', '@phylum_io']",['\\U0001f914'],https://pbs.twimg.com/profile_images/1600852099469910017/IsZday39_normal.jpg,https://twitter.com/R_Hubby/status/1615749963908288512,tweet_id:1615749963908288512
Russell Hubby,@R_Hubby,2023-01-18T16:27:22.000Z,False,"If you are not following The Louis Lang () on Twitter, you are missing out!

""Bug Bounty attempts are violating the TOS of Open-Source ecosystems and afford the possibility for collateral damage.""#npm #python #jointhep…https://lnkd.in/gi2ZxRgB",0,1,2,30,"['#npm', '#python', '#jointhep']",['@LouiswLang'],[],https://pbs.twimg.com/profile_images/1600852099469910017/IsZday39_normal.jpg,https://twitter.com/R_Hubby/status/1615747685549768705,tweet_id:1615747685549768705
Russell Hubby,@R_Hubby,2023-01-17T22:00:23.000Z,False,"Phylum observation: Interestingly actors change the location of the #malware across package versions. 

For `forenitq` #w4sp actors moved the malware from setup[.]py to ansi[.]py between pkg versions  

Any ideas why this actor might be doing this? https://lnkd.in/gfwzK_r2",0,0,0,5,"['#malware', '#w4sp']",[],['\\U0001f914'],https://pbs.twimg.com/profile_images/1600852099469910017/IsZday39_normal.jpg,https://twitter.com/R_Hubby/status/1615469106882547712,tweet_id:1615469106882547712
Louis Lang,@LouiswLang,2023-01-17T20:44:00.000Z,False,"Interestingly actors change the location of the #malware across package versions. 

For `forenitq` #w4sp actors moved the malware from setup[.]py to ansi[.]py between pkg versions Any ideas why this actor might be doing this?#pypi #python #infosec #tech",1,6,5,273,"['#malware', '#w4sp', '#pypi', '#python', '#infosec', '#tech']",[],['\\U0001f914'],https://pbs.twimg.com/profile_images/1589456660447338581/S2xwtr-G_normal.jpg,https://twitter.com/LouiswLang/status/1615449882986221568,tweet_id:1615449882986221568
Louis Lang,@LouiswLang,2023-01-15T22:55:06.000Z,False,Can catch me in Slack whenever. Happy to chat more about this space whenever you want!https://join.slack.com/t/phylumio/shared_invite/zt-1cbgl6qjp-C_mkSFibEA9DyDxjYHbttQ…,0,2,3,98,[],[],[],https://pbs.twimg.com/profile_images/1589456660447338581/S2xwtr-G_normal.jpg,https://twitter.com/LouiswLang/status/1614758102275866629,tweet_id:1614758102275866629
Louis Lang,@LouiswLang,2023-01-16T20:00:33.000Z,False,"More Hazard cred stealer #malware popping up on #pypi, first identified by . Reported for takedown.

* validatekey
* archiveact
* anticheatservice#infosec #python #tech",0,3,5,74,"['#malware', '#pypi', '#infosec', '#python', '#tech']",['@phylum_io'],[],https://pbs.twimg.com/profile_images/1589456660447338581/S2xwtr-G_normal.jpg,https://twitter.com/LouiswLang/status/1615076559102283776,tweet_id:1615076559102283776
Louis Lang,@LouiswLang,2023-01-16T07:32:47.000Z,False,"Pathetic #malware author staging additional packages for distribution on #pypi. Reported.

* pyvmdec
* pyflakesy
* pyrelmove#infosec #infosec #python #programming",0,8,9,291,"['#malware', '#pypi', '#infosec', '#infosec', '#python', '#programming']",[],[],https://pbs.twimg.com/profile_images/1589456660447338581/S2xwtr-G_normal.jpg,https://twitter.com/LouiswLang/status/1614888380608700416,tweet_id:1614888380608700416
Louis Lang,@LouiswLang,2023-01-16T02:56:09.000Z,False,"More #python #malware published a little bit ago:

* mousemovement
* pydetectmouse

Token grabber/stealer that goes by the name of ""Hazard"".#infosec #devsecops #pypi",0,3,7,161,"['#python', '#malware', '#infosec', '#devsecops', '#pypi']",[],[],https://pbs.twimg.com/profile_images/1589456660447338581/S2xwtr-G_normal.jpg,https://twitter.com/LouiswLang/status/1614818762020077570,tweet_id:1614818762020077570
Louis Lang,@LouiswLang,2023-01-15T07:43:41.000Z,False,"The  report claims that #malware on a dev box was the source of the compromise. ""malware was able to execute session cookie theft, enabling them to impersonate the targeted employee"".  is stopping this sort of malware daily. #infosec",2,4,4,426,"['#malware', '#infosec']","['@CircleCI', '@Phylum_IO']",[],https://pbs.twimg.com/profile_images/1589456660447338581/S2xwtr-G_normal.jpg,https://twitter.com/LouiswLang/status/1614528733225930753,tweet_id:1614528733225930753
Louis Lang,@LouiswLang,2023-01-15T05:06:50.000Z,False,"More #python #malware published (and reported) to #pypi by * console-logs
* colarama
* colorma
* httpssus
* forenitz
* gorilla2
* have
* httpxv2
* clowpy
* osss
* youtubebot",0,8,8,466,"['#python', '#malware', '#pypi', '', '', '']",['@phylum_io'],[],https://pbs.twimg.com/profile_images/1589456660447338581/S2xwtr-G_normal.jpg,https://twitter.com/LouiswLang/status/1614489261692313603,tweet_id:1614489261692313603
Phylum,@Phylum_IO,2023-01-13T19:38:01.000Z,False,"#CyberSec professionals, raise your hand if you cheated at video games against your friends growing up.",3,2,3,144,['#CyberSec'],[],[],https://pbs.twimg.com/profile_images/1407364495773618177/Keb561uX_normal.jpg,https://twitter.com/Phylum_IO/status/1613983726643580928,tweet_id:1613983726643580928
Louis Lang,@LouiswLang,2023-01-13T19:25:20.000Z,False,"""cheating at video games against my friends"" is the gateway to being a security professional ",0,2,6,99,[],[],['\\U0001f602'],https://pbs.twimg.com/profile_images/1589456660447338581/S2xwtr-G_normal.jpg,https://twitter.com/LouiswLang/status/1613980536556355585,tweet_id:1613980536556355585
UW Oshkosh Today,@UWOToday,2023-01-12T23:05:30.000Z,False," Peter Morgan studied computer science at the  and is president and co-founder of . 

On the new episode of ""UWO Now,"" he talks about cyber threats big and small and what you can do to protect your information:",1,4,7,445,[],"['@uwoshkosh', '@Phylum_IO']",['\\U0001f3a7'],https://pbs.twimg.com/profile_images/1189574677930401792/JKTmQkaJ_normal.jpg,https://twitter.com/UWOToday/status/1613673553273954305,tweet_id:1613673553273954305
Phylum,@Phylum_IO,2023-01-06T21:06:39.000Z,False,"Don't miss our first webinar of 2023, hosted by Peter Morgan! Register here: https://lnkd.in/eh7mS5Vu ",1,3,4,224,[],['@rockdon'],[],https://pbs.twimg.com/profile_images/1407364495773618177/Keb561uX_normal.jpg,https://twitter.com/Phylum_IO/status/1611469317610131472,tweet_id:1611469317610131472
Pete Morgan,@itspetemorgan,2023-01-13T18:05:04.000Z,False,"Thanks for having me !

It was great coming back and see how everything has evolved and improved in the years since I've been there.",0,2,2,142,[],['@uwotoday'],[],https://pbs.twimg.com/profile_images/1546991448427401217/Qu96X_uN_normal.jpg,https://twitter.com/itspetemorgan/status/1613960335886790656,tweet_id:1613960335886790656
Russell Hubby,@R_Hubby,2023-01-10T22:05:25.000Z,False,Have you registered yet? https://lnkd.in/gA8HrKKq,0,0,1,11,[],[],[],https://pbs.twimg.com/profile_images/1600852099469910017/IsZday39_normal.jpg,https://twitter.com/R_Hubby/status/1612933656087257088,tweet_id:1612933656087257088
Russell Hubby,@R_Hubby,2023-01-10T21:51:46.000Z,False,"Great write-up from Mark Curphey on, Why Supply Chain Security is so much more than open source code and CVE's.

Phylum has the Upstream (""Upstream we have code repos, dependency registries and people. Yes, people, you know humans,…https://lnkd.in/gZsVkiCN",0,1,1,77,[],[],[],https://pbs.twimg.com/profile_images/1600852099469910017/IsZday39_normal.jpg,https://twitter.com/R_Hubby/status/1612930221552070658,tweet_id:1612930221552070658
Louis Lang,@LouiswLang,2022-12-27T21:20:54.000Z,False,Someone publishing DDOS tooling against #roblox  So lame. Automatically identified by admcheck2 on #pypi. Reported to PyPI for removal.#malware #infosec #tech #gaming #python,0,6,8,137,"['#roblox', '#pypi', '#malware', '#infosec', '#tech', '#gaming', '#python']",['@phylum_io'],['\\U0001f602'],https://pbs.twimg.com/profile_images/1589456660447338581/S2xwtr-G_normal.jpg,https://twitter.com/LouiswLang/status/1607849026430328833,tweet_id:1607849026430328833
Louis Lang,@LouiswLang,2022-12-30T19:09:32.000Z,False,"Threat actors in #opensource are interesting. Sometimes its obviously malware, other times its less clear. Clearly we cant infer intent & must consider them threats until proven otherwise.#bugbounty/#infosec researcher? #Malware author? You decide. https://blog.phylum.io/phylum-detects-a-series-of-suspicious-publications-on-npm-again…#npm",2,3,3,311,"['#opensource', '#bugbounty', '#infosec', '#Malware', '#npm']",[],[],https://pbs.twimg.com/profile_images/1589456660447338581/S2xwtr-G_normal.jpg,https://twitter.com/LouiswLang/status/1608903129860575234,tweet_id:1608903129860575234
TopGame Management,@TopGameMGMT,2023-01-09T20:42:09.000Z,False," UFC debut on deck! New Hampshire’s own Nick Fiore makes his UFC debut on Saturday! Event will air LIVE on ESPN+ from the UFC Apex in Las Vegas at 4 PM ET! #NewEnglandCartel #NewEnglandMMA #UFCVegas67  

Art by  ",0,1,9,502,"['#NewEnglandCartel', '#NewEnglandMMA', '#UFCVegas67']",['@davefretz'],"['\\U0001f525', '\\U0001f525', '\\U0001f929', '\\U0001fac2', '\\U0001f5bc']",https://pbs.twimg.com/profile_images/832312703955775488/snE7GbJY_normal.jpg,https://twitter.com/TopGameMGMT/status/1612550314954989585,tweet_id:1612550314954989585
Louis Lang,@LouiswLang,2023-01-09T20:24:43.000Z,False,#Malware caught using  tunnels via #pypi malicious packages. First identified by  #infosec #python,1,5,10,444,"['#Malware', '#pypi', '#infosec', '#python']","['@cloudflare', '@Phylum_IO']",[],https://pbs.twimg.com/profile_images/1589456660447338581/S2xwtr-G_normal.jpg,https://twitter.com/LouiswLang/status/1612545926739927041,tweet_id:1612545926739927041
Russell Hubby,@R_Hubby,2023-01-09T19:09:14.000Z,False,Thank you to The Hacker News and Ravie Lakshmanan for picking up Phylum's research and findings.,0,0,0,9,[],[],[],https://pbs.twimg.com/profile_images/1600852099469910017/IsZday39_normal.jpg,https://twitter.com/R_Hubby/status/1612526932318380033,tweet_id:1612526932318380033
Russell Hubby,@R_Hubby,2023-01-06T21:44:02.000Z,False,Do not miss this webinar. https://lnkd.in/eYpYBAnu,0,0,0,4,[],[],[],https://pbs.twimg.com/profile_images/1600852099469910017/IsZday39_normal.jpg,https://twitter.com/R_Hubby/status/1611478725610164240,tweet_id:1611478725610164240
Russell Hubby,@R_Hubby,2023-01-06T16:08:12.000Z,False,"Software Supply Chain Security is gearing up to be ""The Hot"" topic and initiative for 2023.  Make sure you are registered for this informative webinar with .#jointhephlock #softwaresupplychainsecurity #softwaresupplychainattacks #devsecops https://lnkd.in/et42NJE5",0,0,0,11,"['#jointhephlock', '#softwaresupplychainsecurity', '#softwaresupplychainattacks', '#devsecops']",['@rockdon'],[],https://pbs.twimg.com/profile_images/1600852099469910017/IsZday39_normal.jpg,https://twitter.com/R_Hubby/status/1611394210489372672,tweet_id:1611394210489372672
Russell Hubby,@R_Hubby,2023-01-06T15:52:12.000Z,False,"At Phylum we have a team member who is a MASSIVE fan of Tom Cruise...you know who you are.  So this one is for you.

As Tom Cruise's character, Lt. Daniel Kaffee, said, ""And the hits just keep on coming.""

Take advantage of Phylum's no-cost Community Edit…",0,0,0,49,[],[],[],https://pbs.twimg.com/profile_images/1600852099469910017/IsZday39_normal.jpg,https://twitter.com/R_Hubby/status/1611390181570928641,tweet_id:1611390181570928641
Russell Hubby,@R_Hubby,2023-01-05T22:08:52.000Z,False,"Happy New Year from Phylum's Research Team!

Phylum uncovers new PyPI malware distributing remote access tools. https://lnkd.in/e59dKQy7",0,0,0,4,[],[],[],https://pbs.twimg.com/profile_images/1600852099469910017/IsZday39_normal.jpg,https://twitter.com/R_Hubby/status/1611122586229919745,tweet_id:1611122586229919745
Russell Hubby,@R_Hubby,2023-01-05T19:35:35.000Z,False,"A recent RedHat report stated that open-source software growth will continue to outpace proprietary software and that 80% of IT leaders expect to increase their use of open-source software for emerging technologies and innovation.

If this is the case, ar…",0,0,2,19,[],[],[],https://pbs.twimg.com/profile_images/1600852099469910017/IsZday39_normal.jpg,https://twitter.com/R_Hubby/status/1611084011446624272,tweet_id:1611084011446624272
Russell Hubby,@R_Hubby,2023-01-04T20:54:00.000Z,False,"Great write-up Tzachi Zornstain!  For a period of five days, the nightly version of PyTorch, a popular machine-learning framework, was compromised by a supply chain attack. The infected version contained a malicious dependency that…https://lnkd.in/exKeunxU",0,0,3,16,[],[],[],https://pbs.twimg.com/profile_images/1600852099469910017/IsZday39_normal.jpg,https://twitter.com/R_Hubby/status/1610741358976696346,tweet_id:1610741358976696346
Russell Hubby,@R_Hubby,2023-01-04T18:12:16.000Z,False,"Jeff Hudesman, I completely agree with you.  Phylum identifies and observes and endless number of software supply chain attacks on a daily basis - the common denominator is, all these attacks are coming from open-source software packages and dependencies.…https://lnkd.in/ewr-jH2y",0,0,1,11,[],[],[],https://pbs.twimg.com/profile_images/1600852099469910017/IsZday39_normal.jpg,https://twitter.com/R_Hubby/status/1610700658356764672,tweet_id:1610700658356764672
Phylum,@Phylum_IO,2023-01-04T16:17:39.000Z,False,"What can an attacker steal if they compromise a developer? Depending on the developer's position, nearly everything. https://hubs.ly/Q01w_jS80   #DevSecOps",0,3,3,102,['#DevSecOps'],"['@DarkReading', '@LouiswLang']",[],https://pbs.twimg.com/profile_images/1407364495773618177/Keb561uX_normal.jpg,https://twitter.com/Phylum_IO/status/1610671811057811459,tweet_id:1610671811057811459
Russell Hubby,@R_Hubby,2023-01-04T16:36:40.000Z,False,"Take 2-minutes to read and understand, What Kind of Data Gets Stolen When a Developer is Compromised, explained by The Louis Lang.

Pro Tip: If you are a Developer and want to protect yourself, take a look at Phylum Birdcage - a sandbox for Developer work…https://lnkd.in/eTPQ-Q6F",0,0,1,16,[],[],[],https://pbs.twimg.com/profile_images/1600852099469910017/IsZday39_normal.jpg,https://twitter.com/R_Hubby/status/1610676596196757504,tweet_id:1610676596196757504
Russell Hubby,@R_Hubby,2023-01-03T16:13:51.000Z,False,So happy to have Helen Lamphere McPherson as part of the Phylum Phlock. https://lnkd.in/eNyPZPVy,0,0,0,4,[],[],[],https://pbs.twimg.com/profile_images/1600852099469910017/IsZday39_normal.jpg,https://twitter.com/R_Hubby/status/1610308468925251592,tweet_id:1610308468925251592
Phylum,@Phylum_IO,2022-12-30T16:24:33.000Z,False, #softwaresupplychainsecurity #appsec #devsecops,0,1,2,46,"['#softwaresupplychainsecurity', '#appsec', '#devsecops']",['@rockdon'],['\\U0001f4aa'],https://pbs.twimg.com/profile_images/1407364495773618177/Keb561uX_normal.jpg,https://twitter.com/Phylum_IO/status/1608861607630864385,tweet_id:1608861607630864385
Phylum,@Phylum_IO,2022-12-29T21:01:06.000Z,False,#NewYear #JoinThePhlock ,0,1,1,38,"['#NewYear', '#JoinThePhlock']",['@LouiswLang'],[],https://pbs.twimg.com/profile_images/1407364495773618177/Keb561uX_normal.jpg,https://twitter.com/Phylum_IO/status/1608568816841396226,tweet_id:1608568816841396226
Russell Hubby,@R_Hubby,2022-12-30T13:42:24.000Z,False,The Louis Lang.#jointhephlock #softwaresupplychainsecurity #softwaresupplychainattacks #devsecops https://lnkd.in/eqFRDgfg,0,0,0,9,"['#jointhephlock', '#softwaresupplychainsecurity', '#softwaresupplychainattacks', '#devsecops']",[],[],https://pbs.twimg.com/profile_images/1600852099469910017/IsZday39_normal.jpg,https://twitter.com/R_Hubby/status/1608820804560601092,tweet_id:1608820804560601092
Phylum,@Phylum_IO,2022-12-26T19:39:58.000Z,True,"Thanks  for sharing our findings. Many more to come. ""While the malware goes by a variety of names like ANGEL Stealer, Celestial Stealer, Fade Stealer, PURE Stealer, and Satan Stealer, cybersecurity company Phylum found them all to be copies of W4SP Stealer.""",1,1,2,127,[],['@TheHackersNews'],[],https://pbs.twimg.com/profile_images/1407364495773618177/Keb561uX_normal.jpg,https://twitter.com/Phylum_IO/status/1607461234391281664,tweet_id:1607461234391281664
Russell Hubby,@R_Hubby,2022-12-27T15:01:40.000Z,False,"Another of Phylum's wicked smaht guys.  If you missed any of Phylum's virtual roundtables with Ross Bryant and the rest of Phylum's Research team, follow  on LinkedIn and/or  on Twitter to stay up-to-date on the latest research, findings,…",0,0,1,21,[],"['@phylum', '@phylum_io']",[],https://pbs.twimg.com/profile_images/1600852099469910017/IsZday39_normal.jpg,https://twitter.com/R_Hubby/status/1607753585953054720,tweet_id:1607753585953054720
Russell Hubby,@R_Hubby,2022-12-27T14:40:07.000Z,False,"By the way, my boy Chris Tokita, PhD is wicked smaht!  He is a key member of Phylum's Research Team along with, Ross Bryant, Cort Spellman, and Joe Spadola - they spend their days mining data from the Open-Source Package Managers to identify Attackers Tec…",0,0,0,18,[],[],[],https://pbs.twimg.com/profile_images/1600852099469910017/IsZday39_normal.jpg,https://twitter.com/R_Hubby/status/1607748162302648323,tweet_id:1607748162302648323
Russell Hubby,@R_Hubby,2022-12-24T17:21:50.000Z,False,"The Hacker News and Ravie Lakshmanan thank you for picking up and speaking to Phylum's findings and research.

""Threat actors have published yet another round of malicious packages to Python Package Index (PyPI) with the goal of de…https://lnkd.in/eBBNCajM https://lnkd.in/eZkvSd3R",0,0,0,12,[],[],[],https://pbs.twimg.com/profile_images/1600852099469910017/IsZday39_normal.jpg,https://twitter.com/R_Hubby/status/1606701696964509698,tweet_id:1606701696964509698
Phylum,@Phylum_IO,2022-12-23T00:01:22.000Z,False,"If you like us on Twitter, you'll love us on LinkedIn. Follow Phylum to get the latest news, keep up with our research, debate with our execs in the post comments...you name it. https://linkedin.com/company/phylum-io/… See you there. #appsec #devsecops #cybersecurity #softwaresupplychainsecurity",0,4,4,277,"['#appsec', '#devsecops', '#cybersecurity', '#softwaresupplychainsecurity']",[],[],https://pbs.twimg.com/profile_images/1407364495773618177/Keb561uX_normal.jpg,https://twitter.com/Phylum_IO/status/1606077470070829056,tweet_id:1606077470070829056
Joe Rogan Podcast,@joeroganhq,2022-12-22T03:52:59.000Z,True,,282,718,"4,371",21万,[],[],[],https://pbs.twimg.com/profile_images/1564559752339660801/Odiw9Cza_normal.jpg,https://twitter.com/joeroganhq/status/1605773370233982976,tweet_id:1605773370233982976
Russell Hubby,@R_Hubby,2022-12-20T15:26:41.000Z,False,Phylum Discovers New Stealer Variants in Burgeoning PyPI Supply Chain Attack!!#jointhephlock #softwaresupplychainsecurity #softwaresupplychainattacks #devsecops,0,0,0,7,"['#jointhephlock', '#softwaresupplychainsecurity', '#softwaresupplychainattacks', '#devsecops']",[],[],https://pbs.twimg.com/profile_images/1600852099469910017/IsZday39_normal.jpg,https://twitter.com/R_Hubby/status/1605223169966612484,tweet_id:1605223169966612484
Russell Hubby,@R_Hubby,2022-12-20T15:10:28.000Z,False,"""If that market for relieving customer pain is large enough to warrant starting a company, the next step is to develop a solution.
Phylum has done that by providing chief information security officers that metaphorical scalpel.""

I continue to be amazed,…https://lnkd.in/esAWgWwK",0,0,0,5,[],[],[],https://pbs.twimg.com/profile_images/1600852099469910017/IsZday39_normal.jpg,https://twitter.com/R_Hubby/status/1605219085192675328,tweet_id:1605219085192675328
Phylum,@Phylum_IO,2022-12-19T21:21:42.000Z,False,"""One #startup in the market - 35-employee Evergreen, Colo.-based Phylum - has raised $19.5 million in venture capital. Phylum is winning over customers because it offers them greater value than do rivals."" https://hubs.ly/Q01wcjqK0    #cybersecurity",0,4,4,217,"['#startup', '#cybersecurity']","['@petercohan', '@inc', '@rockdon']",[],https://pbs.twimg.com/profile_images/1407364495773618177/Keb561uX_normal.jpg,https://twitter.com/Phylum_IO/status/1604950122554613762,tweet_id:1604950122554613762
Louis Lang,@LouiswLang,2022-12-19T03:42:22.000Z,False,"  identified possible #typosquatting campaign gearing up on #pypi. 17 typosquatted #python packages published, but currently seem to be benign. Includes things like asyncoi, twien and pynalc

Something to keep an eye on.#infosec #tech #malware",0,6,10,483,"['#typosquatting', '#pypi', '#python', '#infosec', '#tech', '#malware']",['@phylum_io'],['\\u26a0\\ufe0f'],https://pbs.twimg.com/profile_images/1589456660447338581/S2xwtr-G_normal.jpg,https://twitter.com/LouiswLang/status/1604683532785295360,tweet_id:1604683532785295360
Phylum,@Phylum_IO,2022-12-15T16:17:29.000Z,False,"Hang out with us before you head out for the holidays! December 19th at 4:30 ET, Phylum is hosting a Q&A webinar covering #SoftwareSupplyChain trends & findings from 2022. Register here:  https://hubs.ly/Q01v0KrS0 #DevSecOps #AppSec #DevOps #InfoSec",0,3,2,0,"['#SoftwareSupplyChain', '#DevSecOps', '#AppSec', '#DevOps', '#InfoSec']",[],[],https://pbs.twimg.com/profile_images/1407364495773618177/Keb561uX_normal.jpg,https://twitter.com/Phylum_IO/status/1603424012561948678,tweet_id:1603424012561948678
BleepingComputer,@BleepinComputer,2022-12-10T00:03:44.000Z,True,"Thx continued: , , , , and .",0,4,4,0,[],"['@Fortinet', '@briankrebs', '@morphisec', '@smgoreli', '@Phylum_IO']",[],https://pbs.twimg.com/profile_images/1699832227062792192/hqaQ8bMZ_normal.jpg,https://twitter.com/BleepinComputer/status/1601367019613716480,tweet_id:1601367019613716480
BleepingComputer,@BleepinComputer,2022-12-10T00:03:03.000Z,True,The Week in Ransomware - December 9th 2022 - Wide Impact - ,1,20,26,0,[],['@LawrenceAbrams'],[],https://pbs.twimg.com/profile_images/1699832227062792192/hqaQ8bMZ_normal.jpg,https://twitter.com/BleepinComputer/status/1601366850658500608,tweet_id:1601366850658500608
Phylum,@Phylum_IO,2022-12-10T17:39:24.000Z,False,"Rust and Go users can now leverage the Phylum platform to secure their software supply chains: https://hubs.ly/Q01vyjqX0 In addition to Rust and Go, Phylum supports #TypeScript, #Python, #Ruby, C#, #Java, #JavaScript. #softwaresupplychainsecurity #infosec #appsec  ",0,1,3,0,"['#TypeScript', '#Python', '#Ruby', '#Java', '#JavaScript', '#softwaresupplychainsecurity', '#infosec', '#appsec']","['@rustlang', '@golang']",[],https://pbs.twimg.com/profile_images/1407364495773618177/Keb561uX_normal.jpg,https://twitter.com/Phylum_IO/status/1601632688955617290,tweet_id:1601632688955617290
Phylum,@Phylum_IO,2022-12-10T23:35:58.000Z,False,   ,0,2,3,0,[],"['@PMSheehan1', '@linuxfoundation', '@theopenssf']",['\\U0001f64c'],https://pbs.twimg.com/profile_images/1407364495773618177/Keb561uX_normal.jpg,https://twitter.com/Phylum_IO/status/1601722422423871489,tweet_id:1601722422423871489
Phylum,@Phylum_IO,2022-12-12T22:28:15.000Z,True,Thanks  ,0,1,3,0,[],['@IonutArghire'],['\\U0001f64c'],https://pbs.twimg.com/profile_images/1407364495773618177/Keb561uX_normal.jpg,https://twitter.com/Phylum_IO/status/1602430155036983297,tweet_id:1602430155036983297
Louis Lang,@LouiswLang,2022-12-13T18:11:24.000Z,False,.  is wildly effective at blocking supply chain threats. So much so that the threat actors have taken to discussing our success and voicing their annoyance at our ability to detect and disrupt their activities.#malware #infosec #python,0,3,5,0,"['#malware', '#infosec', '#python']",['@Phylum_IO'],[],https://pbs.twimg.com/profile_images/1589456660447338581/S2xwtr-G_normal.jpg,https://twitter.com/LouiswLang/status/1602727907096465410,tweet_id:1602727907096465410
Phylum,@Phylum_IO,2022-12-15T01:25:11.000Z,False,"Phylum has a fully automated package monitoring and analysis platform that works quickly and efficiently at scale. We literally get pinged every time you publish your #malware. You can keep spinning the hamster wheel, but you won’t get very far. https://hubs.ly/Q01vVRjk0 #AppSec",0,5,5,0,"['#malware', '#AppSec']",[],[],https://pbs.twimg.com/profile_images/1407364495773618177/Keb561uX_normal.jpg,https://twitter.com/Phylum_IO/status/1603199457868275712,tweet_id:1603199457868275712
Russell Hubby,@R_Hubby,2022-12-15T15:33:16.000Z,False,Do not miss this end-of-year Roundtable with  and Ross Bryant.#jointhephlock #softwaresupplychainsecurity #devsecops,0,1,2,0,"['#jointhephlock', '#softwaresupplychainsecurity', '#devsecops']",['@rockdon'],[],https://pbs.twimg.com/profile_images/1600852099469910017/IsZday39_normal.jpg,https://twitter.com/R_Hubby/status/1603412885132255234,tweet_id:1603412885132255234
Russell Hubby,@R_Hubby,2022-12-15T15:31:41.000Z,False,The sage with #w4sp continues...#jointhephlock #softwaresupplychainsecurity #softwaresupplychainattacks #devsecops https://lnkd.in/eSDp-Fym,0,0,0,0,"['#w4sp', '#jointhephlock', '#softwaresupplychainsecurity', '#softwaresupplychainattacks', '#devsecops']",[],[],https://pbs.twimg.com/profile_images/1600852099469910017/IsZday39_normal.jpg,https://twitter.com/R_Hubby/status/1603412486891479040,tweet_id:1603412486891479040
Russell Hubby,@R_Hubby,2022-12-13T17:58:06.000Z,False,"Another great Blog from Louis Lang; this story is about how Phylum Research lurked quietly in the attacker’s Discord channel, monitored their communications, grabbed screenshots of discussions, and organized the takedown of their a…https://lnkd.in/euHirzXv https://lnkd.in/eWQw4N8i",0,0,0,0,[],[],[],https://pbs.twimg.com/profile_images/1600852099469910017/IsZday39_normal.jpg,https://twitter.com/R_Hubby/status/1602724559354007555,tweet_id:1602724559354007555
Russell Hubby,@R_Hubby,2022-12-13T12:48:16.000Z,False,The Hacker News picking up Phylum's findings related to #ransomware being delivered through #python and #javascript.#jointhephlock #protectdevelopers #softwaresupplychainsecurity #softwaresupplychainattacks #devsecops https://lnkd.in/eXMnyVvQ,0,1,1,0,"['#ransomware', '#python', '#javascript', '#jointhephlock', '#protectdevelopers', '#softwaresupplychainsecurity', '#softwaresupplychainattacks', '#devsecops']",[],[],https://pbs.twimg.com/profile_images/1600852099469910017/IsZday39_normal.jpg,https://twitter.com/R_Hubby/status/1602646587397869568,tweet_id:1602646587397869568
Phylum,@Phylum_IO,2022-12-12T21:02:11.000Z,False,Did you know you can find Phylum on  Marketplace? #github,0,2,4,0,['#github'],['@github'],[],https://pbs.twimg.com/profile_images/1407364495773618177/Keb561uX_normal.jpg,https://twitter.com/Phylum_IO/status/1602408495411863552,tweet_id:1602408495411863552
Russell Hubby,@R_Hubby,2022-12-12T21:08:19.000Z,False,"Coach Prime's (Deion Sanders) theme as the new Football Coach for University of Colorado is, ""I'm comin'.""

I think it is time for Phylum to adopt a similar theme, ""We're comin'.""

Software Supply Chain is the largest threat vector since email and the Git…",0,0,3,0,[],[],[],https://pbs.twimg.com/profile_images/1600852099469910017/IsZday39_normal.jpg,https://twitter.com/R_Hubby/status/1602410040211783681,tweet_id:1602410040211783681
Russell Hubby,@R_Hubby,2022-12-12T20:24:08.000Z,False,The purpose of the attack is to infect victims with ransomware variants designed to update the desktop background with a message impersonating the CIA and instructing the victim to open a ‘readme’ file. The malware also attempts to…https://lnkd.in/eXQWct8U https://lnkd.in/eR-RDXry,0,0,3,0,[],[],[],https://pbs.twimg.com/profile_images/1600852099469910017/IsZday39_normal.jpg,https://twitter.com/R_Hubby/status/1602398919350259720,tweet_id:1602398919350259720
Russell Hubby,@R_Hubby,2022-12-12T14:22:58.000Z,False,"Support for #rust & #golang are now live on the Phylum Platform, both Community Edition and PRO Edition.#jointhephlock #supplychainsecurity #rust #golang https://lnkd.in/eF7MQj5c",0,0,1,0,"['#rust', '#golang', '#jointhephlock', '#supplychainsecurity', '#rust', '#golang']",[],[],https://pbs.twimg.com/profile_images/1600852099469910017/IsZday39_normal.jpg,https://twitter.com/R_Hubby/status/1602308028182691841,tweet_id:1602308028182691841
Louis Lang,@LouiswLang,2022-12-09T19:33:24.000Z,False,We've verified that these packages are #ransomware and have updated the blog post with a few more recently published packages.,0,1,2,0,['#ransomware'],[],[],https://pbs.twimg.com/profile_images/1589456660447338581/S2xwtr-G_normal.jpg,https://twitter.com/LouiswLang/status/1601298989575700481,tweet_id:1601298989575700481
Louis Lang,@LouiswLang,2022-12-09T17:11:17.000Z,False,"  detected ongoing #typosquatting campaign happening on #PyPI right now! 11 pkgs published so far targeting the requests pkg.

Downloads binaries for the correct arch and runs them on the victim machine.#malware #python #opensource #infosec",2,4,2,0,"['#typosquatting', '#PyPI', '#malware', '#python', '#opensource', '#infosec']",['@phylum_io'],['\\U0001f6a8'],https://pbs.twimg.com/profile_images/1589456660447338581/S2xwtr-G_normal.jpg,https://twitter.com/LouiswLang/status/1601263226817499136,tweet_id:1601263226817499136
Louis Lang,@LouiswLang,2022-12-09T17:16:59.000Z,False,IP address appears to be associated with  and has been reported. All PyPI packages have also been reported.,0,1,2,0,[],['@googlecloud'],[],https://pbs.twimg.com/profile_images/1589456660447338581/S2xwtr-G_normal.jpg,https://twitter.com/LouiswLang/status/1601264658974879745,tweet_id:1601264658974879745
Phylum,@Phylum_IO,2022-12-09T18:07:59.000Z,False,Unfolding as we speak...,0,3,5,0,[],[],[],https://pbs.twimg.com/profile_images/1407364495773618177/Keb561uX_normal.jpg,https://twitter.com/Phylum_IO/status/1601277493323104257,tweet_id:1601277493323104257
Russell Hubby,@R_Hubby,2022-12-09T17:29:06.000Z,False,"I cannot keep up with the Phylum Platform - the real power of automation.

Phylum detected an ongoing #typosquatting campaign happening on PyPI RIGHT NOW!  11 packages published so far targeting the #request package.  Downloads bin…https://lnkd.in/eBN539bG",0,1,2,0,"['#typosquatting', '#request']",[],[],https://pbs.twimg.com/profile_images/1600852099469910017/IsZday39_normal.jpg,https://twitter.com/R_Hubby/status/1601267706879254533,tweet_id:1601267706879254533
Russell Hubby,@R_Hubby,2022-12-09T17:16:50.000Z,False,"Phylum continues to identify several new malicious #python packages: modulesecurity, informmodule, and chazz - steals user credentials for popular sites, including PayPal, Coinbase, TikTok, Google Mail (GMail), and many others.

Ar…https://lnkd.in/eijXdzTd",0,0,0,0,['#python'],[],[],https://pbs.twimg.com/profile_images/1600852099469910017/IsZday39_normal.jpg,https://twitter.com/R_Hubby/status/1601264623189213186,tweet_id:1601264623189213186
Russell Hubby,@R_Hubby,2022-12-09T17:10:35.000Z,False,"This hits just keep on coming...

Phylum identified additional campaigns in PyPI.  Malicious Code searches for common keywords in user files (e.g., ""secret,"" ""bank,"" etc.)

Question for you: Why would an open-source programming lan…https://lnkd.in/ekbuEAKE https://lnkd.in/eZib8jUS",0,0,0,0,[],[],[],https://pbs.twimg.com/profile_images/1600852099469910017/IsZday39_normal.jpg,https://twitter.com/R_Hubby/status/1601263047275909120,tweet_id:1601263047275909120
Louis Lang,@LouiswLang,2022-12-08T20:29:56.000Z,False," identified additional campaigns in #pypi. #Malware searches for common keywords in user files (e.g., ""secret"", ""bank"", etc.)#opensource #infosec #python #technology",0,4,4,0,"['#pypi', '#Malware', '#opensource', '#infosec', '#python', '#technology']",['@Phylum_IO'],['\\U0001f480'],https://pbs.twimg.com/profile_images/1589456660447338581/S2xwtr-G_normal.jpg,https://twitter.com/LouiswLang/status/1600950826876411908,tweet_id:1600950826876411908
Russell Hubby,@R_Hubby,2022-12-09T16:28:17.000Z,False,Thank you to all that joined Riptide Technologies and Phylum last night for our security roundtable with  at Davio's Northern Italian Steakhouse in the Seaport.  Great conversations about the current and future state of Software Supply Chain Secur…,0,0,0,0,[],['@rockdon'],[],https://pbs.twimg.com/profile_images/1600852099469910017/IsZday39_normal.jpg,https://twitter.com/R_Hubby/status/1601252402220470272,tweet_id:1601252402220470272
Phylum,@Phylum_IO,2022-12-07T15:18:55.000Z,False,The Phylum team is on the ground at #BHEU! Come see Mikala and  in the Start-Up Zone. ,0,2,4,0,['#BHEU'],"['@PMSheehan1', '@BlackHatEvents']",[],https://pbs.twimg.com/profile_images/1407364495773618177/Keb561uX_normal.jpg,https://twitter.com/Phylum_IO/status/1600510172983615491,tweet_id:1600510172983615491
Phylum,@Phylum_IO,2022-12-07T20:01:43.000Z,False,Have you registered yet? Join us December 19th at 4:30 ET for a Q&A webinar covering the #SoftwareSupplyChain trends & findings from 2022: https://hubs.ly/Q01v0KrS0 #DevSecOps #AppSec #DevOps #InfoSec,0,2,3,0,"['#SoftwareSupplyChain', '#DevSecOps', '#AppSec', '#DevOps', '#InfoSec']",[],[],https://pbs.twimg.com/profile_images/1407364495773618177/Keb561uX_normal.jpg,https://twitter.com/Phylum_IO/status/1600581341795467285,tweet_id:1600581341795467285
Phylum,@Phylum_IO,2022-12-08T00:47:04.000Z,False,"In 2020, a team of developers assembled to tackle the biggest #cybersecurity challenge they'd ever encountered: securing the #softwaresupplychain. Phylum was born. FF to today: it’s been about a year since we launched our platform & we've learned a lot. https://hubs.ly/Q01vkq9y0",0,4,5,0,"['#cybersecurity', '#softwaresupplychain']",[],[],https://pbs.twimg.com/profile_images/1407364495773618177/Keb561uX_normal.jpg,https://twitter.com/Phylum_IO/status/1600653151329292288,tweet_id:1600653151329292288
Patrick Sheehan,@PMSheehan1,2022-12-08T08:12:27.000Z,False, -,2,2,4,0,[],['@Phylum_IO'],[],https://pbs.twimg.com/profile_images/583346915661742080/0hiLsngX_normal.jpg,https://twitter.com/PMSheehan1/status/1600765236885262337,tweet_id:1600765236885262337
Phylum,@Phylum_IO,2022-12-08T13:51:28.000Z,False,The Phylum party finch is making its way around #BlackHatEurope. Stop by our booth in the #StartUp Zone to grab yours and join the party! #BHEU ,0,3,5,0,"['#BlackHatEurope', '#StartUp', '#BHEU']",['@BlackHatEvents'],[],https://pbs.twimg.com/profile_images/1407364495773618177/Keb561uX_normal.jpg,https://twitter.com/Phylum_IO/status/1600850550303559680,tweet_id:1600850550303559680
Russell Hubby,@R_Hubby,2022-12-08T12:06:16.000Z,False,"Phylum’s 2022 Evolution of Software Supply Chain Security Report covers how software supply chains work, why you need to worry about the open-source ecosystem as an attack entry point, the truth behind attacker motivations, and what to expect in 2023. 

#…https://lnkd.in/e3jn9NnY",0,0,1,0,[],[],[],https://pbs.twimg.com/profile_images/1600852099469910017/IsZday39_normal.jpg,https://twitter.com/R_Hubby/status/1600824076150489092,tweet_id:1600824076150489092
Russell Hubby,@R_Hubby,2022-12-07T18:59:47.000Z,False,Great to be in such great company. https://lnkd.in/e455ekQB,0,0,1,0,[],[],[],https://pbs.twimg.com/profile_images/1600852099469910017/IsZday39_normal.jpg,https://twitter.com/R_Hubby/status/1600565753790480398,tweet_id:1600565753790480398
Russell Hubby,@R_Hubby,2022-12-07T18:58:43.000Z,False,"If you are knocking around Black Hat Europe this week, swing by Phylum's booth to connect with @mikalavidal and @FellswayGroup and learn how Phylum protects developers and companies from risks associated with using untrusted software, developed by untrust…https://lnkd.in/eBHBdYRt",0,0,1,0,[],[],[],https://pbs.twimg.com/profile_images/1600852099469910017/IsZday39_normal.jpg,https://twitter.com/R_Hubby/status/1600565485539573767,tweet_id:1600565485539573767
Russell Hubby,@R_Hubby,2022-12-06T17:18:58.000Z,False,"Python dependency management is a nightmare because there are so many ways to do it (ironically un-pythonic) and that can lead to dependency confusion, mis-managed dependencies, stale dependencies, etc. Phylum can read lockfiles fr…https://lnkd.in/etSaSNBB",0,2,1,0,[],[],[],https://pbs.twimg.com/profile_images/1600852099469910017/IsZday39_normal.jpg,https://twitter.com/R_Hubby/status/1600177993069912068,tweet_id:1600177993069912068
Russell Hubby,@R_Hubby,2022-12-05T17:58:02.000Z,False,Phylum is hosting a webinar on December 19th to wrap up the year and discuss how we are preparing for 2023.#jointhephlock #softwaresupplychainsecurity #softwaresupplychainattacks #devsecops,0,2,2,0,"['#jointhephlock', '#softwaresupplychainsecurity', '#softwaresupplychainattacks', '#devsecops']",[],[],https://pbs.twimg.com/profile_images/1600852099469910017/IsZday39_normal.jpg,https://twitter.com/R_Hubby/status/1599825436766355465,tweet_id:1599825436766355465
Louis Lang,@LouiswLang,2022-12-02T15:54:42.000Z,False," identified changes in #w4sp attacker TTPs. Publishing #python #malware using base32 instead of base64.

Second stage looking for creds to , , , etc. along with banking information.

Reported to #pypi.#python3 #infosec #technology #opensource",0,2,1,0,"['#w4sp', '#python', '#malware', '#pypi', '#python3', '#infosec', '#technology', '#opensource']","['@Phylum_IO', '@coinbase', '@gmail', '@paypal']",['\\U0001f480'],https://pbs.twimg.com/profile_images/1589456660447338581/S2xwtr-G_normal.jpg,https://twitter.com/LouiswLang/status/1598707237844709377,tweet_id:1598707237844709377
Fox News,@FoxNews,2022-12-01T17:35:08.000Z,True,FREE BIRD: Twitter users cheer as new CEO  makes declaration against American culture wars. https://fxn.ws/3B09lAk,"1,503","2,955",2.7万,0,[],['@elonmusk'],[],https://pbs.twimg.com/profile_images/1591278197844414464/O6Fp0hFB_normal.jpg,https://twitter.com/FoxNews/status/1598370123399761931,tweet_id:1598370123399761931
Daniel Ingevaldson,@DanIngevaldson,2022-11-30T15:48:45.000Z,False, crushing open-source hacker's dreams on the daily. #supplychain #pypi #Python,0,3,4,0,"['#supplychain', '#pypi', '#Python']",['@Phylum_IO'],[],https://pbs.twimg.com/profile_images/1479555616041574408/P8V8bfdY_normal.jpg,https://twitter.com/DanIngevaldson/status/1597980964365344768,tweet_id:1597980964365344768
Louis Lang,@LouiswLang,2022-11-25T15:14:46.000Z,False," #typosquatting packages published to #pypi this morning.

- ulrlib3
- btoocore
- typing-extnesions

These #malware #python packages send host information to remote machine.#python3 #infosec #opensource",0,3,3,0,"['#typosquatting', '#pypi', '#malware', '#python', '#python3', '#infosec', '#opensource']",[],['\\u26a0\\ufe0f'],https://pbs.twimg.com/profile_images/1589456660447338581/S2xwtr-G_normal.jpg,https://twitter.com/LouiswLang/status/1596160473401282560,tweet_id:1596160473401282560
Louis Lang,@LouiswLang,2022-11-29T21:15:07.000Z,False, #python #malware identified in  by . This package has been reported and should be removed shortly!#infosec #opensource #pypi #python3,0,5,6,0,"['#python', '#malware', '#infosec', '#opensource', '#pypi', '#python3']","['@pypi', '@Phylum_IO']","['\\u2620\\ufe0f', '\\u2620\\ufe0f']",https://pbs.twimg.com/profile_images/1589456660447338581/S2xwtr-G_normal.jpg,https://twitter.com/LouiswLang/status/1597700710745112576,tweet_id:1597700710745112576
Louis Lang,@LouiswLang,2022-11-30T17:05:32.000Z,False,Verified that these have been removed by PyPI ,0,2,2,0,[],[],['\\U0001f389'],https://pbs.twimg.com/profile_images/1589456660447338581/S2xwtr-G_normal.jpg,https://twitter.com/LouiswLang/status/1598000287385804800,tweet_id:1598000287385804800
Louis Lang,@LouiswLang,2022-11-30T04:53:00.000Z,False," @pyhlum_io has identified additional malicious #python packages published to #pypi leveraging the extra whitespace TTP. Reaching out to 20.224.2.213 for second stage #w4sp payload.

Reported to !#infosec #cybersecurity #malware #tech",1,1,1,0,"['#python', '#pypi', '#w4sp', '#infosec', '#cybersecurity', '#malware', '#tech']",['@pypi'],['\\U0001f480'],https://pbs.twimg.com/profile_images/1589456660447338581/S2xwtr-G_normal.jpg,https://twitter.com/LouiswLang/status/1597815938048724993,tweet_id:1597815938048724993
Louis Lang,@LouiswLang,2022-11-30T16:53:35.000Z,False," detected another #python #malware package. Fetching a second payload from anarchydev .com. 

Reported to ! #tech #opensource #infosec #cybersecurity",1,1,3,0,"['#python', '#malware', '#tech', '#opensource', '#infosec', '#cybersecurity']","['@Phylum_IO', '@pypi']",['\\U0001f480'],https://pbs.twimg.com/profile_images/1589456660447338581/S2xwtr-G_normal.jpg,https://twitter.com/LouiswLang/status/1597997279180652544,tweet_id:1597997279180652544
Louis Lang,@LouiswLang,2022-11-30T21:46:30.000Z,False," identified W4sp attackers changing tactics. Pulling 2nd stage #python #malware from anarchydev .com and looking for creds for , ,   and others.

Confirmed removed from #pypi. Expect more pkgs to be published.#infosec #opensource #tech",1,2,6,0,"['#python', '#malware', '#pypi', '#infosec', '#opensource', '#tech']","['@phylum_io', '@coinbase', '@discord', '@Steam', '@paypal']",['\\U0001f480'],https://pbs.twimg.com/profile_images/1589456660447338581/S2xwtr-G_normal.jpg,https://twitter.com/LouiswLang/status/1598070993691766784,tweet_id:1598070993691766784
Phylum,@Phylum_IO,2022-11-30T22:43:33.000Z,False,"""The use of OSS will only increase in the future, so now is the time to have these discussions, raise awareness of the security risks, and educate stakeholders about it."" -   https://medium.com/authority-magazine/peter-morgan-of-phylum-on-what-we-must-do-to-create-nationally-secure-and-resilient-supply-chains-af2917ae88d1… #infosec #devsecops #appsec",0,4,5,0,"['#infosec', '#devsecops', '#appsec']",['@rockdon'],[],https://pbs.twimg.com/profile_images/1407364495773618177/Keb561uX_normal.jpg,https://twitter.com/Phylum_IO/status/1598085351524159488,tweet_id:1598085351524159488
Louis Lang,@LouiswLang,2022-12-01T00:41:46.000Z,False,"  detected a #python package pretending to be a deep learning library on #pypi. The package is part of a larger campaign we've been following today.

Reported to #pypi.#infosec #tech #opensource #python3",0,1,3,0,"['#python', '#pypi', '#pypi', '#infosec', '#tech', '#opensource', '#python3']",['@phylum_io'],['\\U0001f480'],https://pbs.twimg.com/profile_images/1589456660447338581/S2xwtr-G_normal.jpg,https://twitter.com/LouiswLang/status/1598115100388626433,tweet_id:1598115100388626433
Louis Lang,@LouiswLang,2022-12-01T07:29:57.000Z,False,  detected an #NPM package with a suspicious preinstall hook. The actor removed the package shortly after publication. #javascript #nodejs #opensource,0,3,6,0,"['#NPM', '#javascript', '#nodejs', '#opensource']",['@phylum_io'],['\\U0001f480'],https://pbs.twimg.com/profile_images/1589456660447338581/S2xwtr-G_normal.jpg,https://twitter.com/LouiswLang/status/1598217823851278337,tweet_id:1598217823851278337
Phylum,@Phylum_IO,2022-12-01T15:38:22.000Z,False,We're excited to share the latest expansion in Phylum's #softwaresupplychainsecurity capabilities: https://hubs.ly/Q01tLRFH0 #appsec #devops #devsecops #infosec,1,3,3,0,"['#softwaresupplychainsecurity', '#appsec', '#devops', '#devsecops', '#infosec']",[],[],https://pbs.twimg.com/profile_images/1407364495773618177/Keb561uX_normal.jpg,https://twitter.com/Phylum_IO/status/1598340739586473987,tweet_id:1598340739586473987
Russell Hubby,@R_Hubby,2022-12-01T19:47:41.000Z,False,"I cannot agree with  more.  There has been a massive shift happening over the last 10+ years, organizations are dependent on Open-Source Software, arguably one of the top 3 attack vectors of any organization.#jointhephlock #softwaresupplychainse…https://lnkd.in/eE9WZT78",0,0,0,0,"['#jointhephlock', '#softwaresupplychainse']",['@rockdon'],[],https://pbs.twimg.com/profile_images/1600852099469910017/IsZday39_normal.jpg,https://twitter.com/R_Hubby/status/1598403483077693440,tweet_id:1598403483077693440
Russell Hubby,@R_Hubby,2022-12-01T16:01:18.000Z,False,"Automated Vulnerability Reachability enables the ability to focus only on fixing what matters, security pros can end the deluge of false positives and developers can innovate with greater speed and confidence. This new introduction, combined with Phylum's…https://lnkd.in/eAyKsMtW",0,0,0,0,[],[],[],https://pbs.twimg.com/profile_images/1600852099469910017/IsZday39_normal.jpg,https://twitter.com/R_Hubby/status/1598346510969847809,tweet_id:1598346510969847809
Russell Hubby,@R_Hubby,2022-11-30T16:12:30.000Z,False,"Another attempted W4SP Attack, thwarted by Phylum! https://lnkd.in/eGeRydJY",0,0,1,0,[],[],[],https://pbs.twimg.com/profile_images/1600852099469910017/IsZday39_normal.jpg,https://twitter.com/R_Hubby/status/1597986942355922950,tweet_id:1597986942355922950
Phylum,@Phylum_IO,2022-11-29T16:17:12.000Z,False,Wow. This is exactly why Phylum exists. Check out this blog we published in August: https://blog.phylum.io/the-unacknowledged-risk-of-authors… #softwaresupplychain,0,5,4,0,['#softwaresupplychain'],[],[],https://pbs.twimg.com/profile_images/1407364495773618177/Keb561uX_normal.jpg,https://twitter.com/Phylum_IO/status/1597625736600637446,tweet_id:1597625736600637446
Louis Lang,@LouiswLang,2022-11-30T03:00:42.000Z,False,"  identified #w4sp attackers once again using whitespace to hide #malware in otherwise legitimate #python pkgs. Hundreds of spaces push the malicious code off-screen. Enable wordwrap in your editors.

Reported to #pypi!#infosec #opensource #Python3",0,6,7,0,"['#w4sp', '#malware', '#python', '#pypi', '#infosec', '#opensource', '#Python3']",['@phylum_io'],['\\U0001f480'],https://pbs.twimg.com/profile_images/1589456660447338581/S2xwtr-G_normal.jpg,https://twitter.com/LouiswLang/status/1597787677541081088,tweet_id:1597787677541081088
Russell Hubby,@R_Hubby,2022-11-29T22:27:54.000Z,False,Attending #BHEU next week?  Stop by Phylum's booth to connect with @FellswayGroup and @mikalavidal. https://lnkd.in/e6Qrp3kU,0,0,0,0,['#BHEU'],[],[],https://pbs.twimg.com/profile_images/1600852099469910017/IsZday39_normal.jpg,https://twitter.com/R_Hubby/status/1597719023952748544,tweet_id:1597719023952748544
Louis Lang,@LouiswLang,2022-11-27T01:18:30.000Z,False,Cleaner.exe #python #malware continuing to be released.  reported this package to #pypi shortly after its publication.#python3 #infosec #opensource,0,6,8,0,"['#python', '#malware', '#pypi', '#python3', '#infosec', '#opensource']",['@Phylum_IO'],[],https://pbs.twimg.com/profile_images/1589456660447338581/S2xwtr-G_normal.jpg,https://twitter.com/LouiswLang/status/1596674793750908931,tweet_id:1596674793750908931
Louis Lang,@LouiswLang,2022-11-28T22:22:07.000Z,False, Additional #python #malware published today. @phlym_io worked with  to have these removed.#python3 #infosec #opensource,0,2,5,0,"['#python', '#malware', '#python3', '#infosec', '#opensource']",['@pypi'],"['\\u26a0\\ufe0f', '\\U0001f40d']",https://pbs.twimg.com/profile_images/1589456660447338581/S2xwtr-G_normal.jpg,https://twitter.com/LouiswLang/status/1597355183960653825,tweet_id:1597355183960653825
Louis Lang,@LouiswLang,2022-11-23T17:04:24.000Z,False,"Additional #malware packages tied to this campaign:

- please-work-good-fika
- fika-fika
- FAKE-GOOGLE
- SUFGANIYUOT-FROM-FIKA#opensource #infosec #python",0,1,2,0,"['#malware', '#opensource', '#infosec', '#python']",[],[],https://pbs.twimg.com/profile_images/1589456660447338581/S2xwtr-G_normal.jpg,https://twitter.com/LouiswLang/status/1595463284844597248,tweet_id:1595463284844597248
Russell Hubby,@R_Hubby,2022-11-23T17:04:42.000Z,False,"Busy day at Phylum.#Python #malware 
9.5k downloads. Base64 encoded str in http://constants.py file executed in http://application.py. Looking for `81637589c86b297088d076a57af43f91` in `x-token` to trigger what appears to b…https://lnkd.in/ecviQrc4 https://lnkd.in/ehaEDE-G",0,0,2,0,"['#Python', '#malware']",[],[],https://pbs.twimg.com/profile_images/1600852099469910017/IsZday39_normal.jpg,https://twitter.com/R_Hubby/status/1595463362380374017,tweet_id:1595463362380374017
Louis Lang,@LouiswLang,2022-11-23T16:54:46.000Z,False,"#Python #malware 
9.5k downloads. Base64 encoded str in http://constants.py file executed in http://application.py. Looking for `81637589c86b297088d076a57af43f91` in `x-token` to trigger what appears to be a db export.

- fastapi-toolkit#opensource #infosec #pypi #pip",1,3,6,0,"['#Python', '#malware', '#opensource', '#infosec', '#pypi', '#pip']",[],['\\u26a0\\ufe0f'],https://pbs.twimg.com/profile_images/1589456660447338581/S2xwtr-G_normal.jpg,https://twitter.com/LouiswLang/status/1595460864286531589,tweet_id:1595460864286531589
Phylum,@Phylum_IO,2022-11-23T00:22:56.000Z,False,Heading to #BHEU? We'll see you there. Let's chat: https://hubs.ly/Q01s_r1X0 ,0,1,1,0,['#BHEU'],['@BlackHatEvents'],[],https://pbs.twimg.com/profile_images/1407364495773618177/Keb561uX_normal.jpg,https://twitter.com/Phylum_IO/status/1595211257442861063,tweet_id:1595211257442861063
Russell Hubby,@R_Hubby,2022-11-23T16:06:07.000Z,False,More malicious packages detected by Phylum in PyPI.#jointhephlock #softwaresupplychainsecurity #supplychainattacks #devsecops #python #pypi https://lnkd.in/eM-gPvgp,0,1,1,0,"['#jointhephlock', '#softwaresupplychainsecurity', '#supplychainattacks', '#devsecops', '#python', '#pypi']",[],[],https://pbs.twimg.com/profile_images/1600852099469910017/IsZday39_normal.jpg,https://twitter.com/R_Hubby/status/1595448617476685825,tweet_id:1595448617476685825
Louis Lang,@LouiswLang,2022-11-22T22:02:45.000Z,False, #Python #Malware More malicious packages detected by  in #pypi.pyfadecolorpymaxtcolorivxoloqiyrnnqwll,1,3,3,0,"['#Python', '#Malware', '#pypi', '', '', '']",['@Phylum_IO'],"['\\u26a0\\ufe0f', '\\u2620\\ufe0f', '\\u2620\\ufe0f', '\\u2620\\ufe0f', '\\u2620\\ufe0f']",https://pbs.twimg.com/profile_images/1589456660447338581/S2xwtr-G_normal.jpg,https://twitter.com/LouiswLang/status/1595175980758405140,tweet_id:1595175980758405140
Russell Hubby,@R_Hubby,2022-11-23T16:02:59.000Z,False,"#Python #Malware 

Phylum started alerting to several oddly named pkgs. Ransomware and the ability to run arbitrary cmds on victim machines.

* snyk-evil-2-0-buy-us-its-good  Snyk
 
* very-evil-google-buy-us-please",0,0,1,0,"['#Python', '#Malware', '', '']",[],['\\U0001f448'],https://pbs.twimg.com/profile_images/1600852099469910017/IsZday39_normal.jpg,https://twitter.com/R_Hubby/status/1595447829111373825,tweet_id:1595447829111373825
Louis Lang,@LouiswLang,2022-11-23T15:43:27.000Z,False,"#Python #Malware  started alerting to several oddly named pkgs. Ransomware and the ability to run arbitrary cmds on victim machines.

* snyk-evil-2-0-buy-us-its-good  
* very-evil-google-buy-us-please#infosec #opensource #google",1,2,3,0,"['#Python', '#Malware', '#infosec', '#opensource', '#google']","['@Phylum_IO', '@snyksec']","['\\u26a0\\ufe0f', '\\U0001f448']",https://pbs.twimg.com/profile_images/1589456660447338581/S2xwtr-G_normal.jpg,https://twitter.com/LouiswLang/status/1595442916239069184,tweet_id:1595442916239069184
Russell Hubby,@R_Hubby,2022-11-23T15:59:09.000Z,False,Phylum never sleeps - finding more malicious Python packages.#jointhephlock #python #softwaresupplychainsecurity #supplychainattacks #devsecops https://lnkd.in/eGTKX2TT,0,1,4,0,"['#jointhephlock', '#python', '#softwaresupplychainsecurity', '#supplychainattacks', '#devsecops']",[],[],https://pbs.twimg.com/profile_images/1600852099469910017/IsZday39_normal.jpg,https://twitter.com/R_Hubby/status/1595446866702962690,tweet_id:1595446866702962690
Russell Hubby,@R_Hubby,2022-11-22T16:56:55.000Z,False,Very informative session with Phylum’s Research Team.#jointhephlock #softwaresupplychainsecurity #supplychainattacks #devsecops,0,1,3,0,"['#jointhephlock', '#softwaresupplychainsecurity', '#supplychainattacks', '#devsecops']",[],[],https://pbs.twimg.com/profile_images/1600852099469910017/IsZday39_normal.jpg,https://twitter.com/R_Hubby/status/1595099015284424704,tweet_id:1595099015284424704
Colion Noir,@MrColionNoir,2022-11-20T19:30:06.000Z,True,"Just so we’re clear, the Second Amendment was but a cliff note Version of the preamble to the Declaration of Independence. They literally told us exactly why they wrote the Second Amendment.",107,"1,006","3,735",0,[],[],[],https://pbs.twimg.com/profile_images/1262172958816178187/i1z99cwy_normal.jpg,https://twitter.com/MrColionNoir/status/1594412790722215937,tweet_id:1594412790722215937
Louis Lang,@LouiswLang,2022-11-19T17:11:40.000Z,False," #Python #Malware More malicious packages detected by  in #pypi. Drops credential stealers! requests-dm PyFilget urllib12 pipstile discordxyz

Reported but these packages are still currently active on ",0,6,8,0,"['#Python', '#Malware', '#pypi']",['@Phylum_IO'],"['\\u26a0\\ufe0f', '\\u2620\\ufe0f', '\\u2620\\ufe0f', '\\u2620\\ufe0f', '\\u2620\\ufe0f', '\\u2620\\ufe0f']",https://pbs.twimg.com/profile_images/1589456660447338581/S2xwtr-G_normal.jpg,https://twitter.com/LouiswLang/status/1594015563881160704,tweet_id:1594015563881160704
Phylum,@Phylum_IO,2022-11-20T01:02:16.000Z,True,Collabs > takeovers. We'd love to Talk Python with   ,0,2,3,0,[],"['@TalkPython', '@mkennedy', '@YouTube']",[],https://pbs.twimg.com/profile_images/1407364495773618177/Keb561uX_normal.jpg,https://twitter.com/Phylum_IO/status/1594133993577861121,tweet_id:1594133993577861121
Louis Lang,@LouiswLang,2022-11-18T07:35:18.000Z,False, has detected a new #typosquatting campaign that appears to be starting on #pypi. The package `ttensorflow` was recently published. Malware tucked away in an innocuous file named `version`. #python #pip #malware #opensource,1,3,4,0,"['#typosquatting', '#pypi', '#python', '#pip', '#malware', '#opensource']",['@Phylum_IO'],[],https://pbs.twimg.com/profile_images/1589456660447338581/S2xwtr-G_normal.jpg,https://twitter.com/LouiswLang/status/1593508127697256449,tweet_id:1593508127697256449
Phylum,@Phylum_IO,2022-11-18T15:21:55.000Z,False,"ESF Partners, NSA, and CISA Release Software Supply Chain Guidance for Customers: https://hubs.ly/Q01sGJkk0  #SCRM",0,3,2,0,['#SCRM'],['@nsagov'],[],https://pbs.twimg.com/profile_images/1407364495773618177/Keb561uX_normal.jpg,https://twitter.com/Phylum_IO/status/1593625555466862594,tweet_id:1593625555466862594
Russell Hubby,@R_Hubby,2022-11-18T15:53:04.000Z,False,"""Historically, threat actors targeted commonly known vulnerabilities that were left unpatched. While this tactic is still used to compromise unpatched customer systems, a new, less conspicuous method threatens software supply chains and undermines trust i…https://lnkd.in/e5f9H8tH",0,0,1,0,[],[],[],https://pbs.twimg.com/profile_images/1600852099469910017/IsZday39_normal.jpg,https://twitter.com/R_Hubby/status/1593633396600684549,tweet_id:1593633396600684549
Russell Hubby,@R_Hubby,2022-11-17T22:41:05.000Z,False,"Quick update on threat actor #w4sp, which Phylum has been tracking is now targeting Mozilla.#jointhephlock #softwaresupplychainsecurity #softwaresupplychainattack #devsecops https://lnkd.in/eFqn9-zw",0,0,0,0,"['#w4sp', '#jointhephlock', '#softwaresupplychainsecurity', '#softwaresupplychainattack', '#devsecops']",[],[],https://pbs.twimg.com/profile_images/1600852099469910017/IsZday39_normal.jpg,https://twitter.com/R_Hubby/status/1593373687717453824,tweet_id:1593373687717453824
Russell Hubby,@R_Hubby,2022-11-17T16:54:08.000Z,False,"#python #malware #w4sp threat actor reported by Phylum continues to release packages to PyPI.  This time targeting Mozilla with a package aptly names, ""mozilla.""

This (https://lnkd.in/e529CT3i) is NOIT a legitimate Mozilla project…https://lnkd.in/e3vF_Fb5 https://lnkd.in/e5VxKM2c",0,1,1,0,"['#python', '#malware', '#w4sp']",[],[],https://pbs.twimg.com/profile_images/1600852099469910017/IsZday39_normal.jpg,https://twitter.com/R_Hubby/status/1593286376400703488,tweet_id:1593286376400703488
Russell Hubby,@R_Hubby,2022-11-17T13:24:33.000Z,False,"""Phylum's research shows 99% of #opensourcemalware is designed to attack developer workstations. #DevWeekEnterprise""

Join Phylum's Research Team, Ross Bryant, Chris Tokita, PhD, Cort Spellman, and Joe Spadola, today at 12pm ET to:

1) Understanding the a…",0,0,1,0,"['#opensourcemalware', '#DevWeekEnterprise']",[],[],https://pbs.twimg.com/profile_images/1600852099469910017/IsZday39_normal.jpg,https://twitter.com/R_Hubby/status/1593233632788873216,tweet_id:1593233632788873216
Phylum,@Phylum_IO,2022-11-16T19:04:13.000Z,False,Phylum's research shows 99% of #opensourcemalware is designed to attack developer workstations. #DevWeekEnterprise #devsecops #softwaresupplychainsecurity #supplychainattacks,0,1,2,0,"['#opensourcemalware', '#DevWeekEnterprise', '#devsecops', '#softwaresupplychainsecurity', '#supplychainattacks']",[],[],https://pbs.twimg.com/profile_images/1407364495773618177/Keb561uX_normal.jpg,https://twitter.com/Phylum_IO/status/1592956724306378752,tweet_id:1592956724306378752
Phylum,@Phylum_IO,2022-11-16T22:46:19.000Z,False,Hey  We know a lot of great talents in the tech space are looking for their next move. Phylum would love to hear from you. Check out our open positions: https://phylum.io/careers or reach out directly to careers@phylum.io #hiring #SoftwareDeveloper #SoftwareEngineer,0,7,5,0,"['#hiring', '#SoftwareDeveloper', '#SoftwareEngineer']",[],['\\U0001f44b'],https://pbs.twimg.com/profile_images/1407364495773618177/Keb561uX_normal.jpg,https://twitter.com/Phylum_IO/status/1593012617789902848,tweet_id:1593012617789902848
Russell Hubby,@R_Hubby,2022-11-16T21:17:39.000Z,False,The things we do ,0,0,1,0,[],['@Phylum_IO'],[],https://pbs.twimg.com/profile_images/1600852099469910017/IsZday39_normal.jpg,https://twitter.com/R_Hubby/status/1592990304726306818,tweet_id:1592990304726306818
Phylum,@Phylum_IO,2022-11-16T17:13:44.000Z,False,Trolling malware authors who've spent all day uploading malicious #python packages to #pypihttps://github.com/gobiwound/ab32/issues/1…,0,2,1,0,[],[],[],https://pbs.twimg.com/profile_images/1407364495773618177/Keb561uX_normal.jpg,https://twitter.com/Phylum_IO/status/1592928919954460672,tweet_id:1592928919954460672
Russell Hubby,@R_Hubby,2022-11-16T17:00:05.000Z,False,Phylum's Aaron Bray is scheduled to speak at 2pm ET today.  Are you registered for DeveloperWeekEnterprise?#jointhephlock #devsecops #softwaresupplychainsecurity #supplychainattacks,0,8,3,0,"['#jointhephlock', '#devsecops', '#softwaresupplychainsecurity', '#supplychainattacks']",[],[],https://pbs.twimg.com/profile_images/1600852099469910017/IsZday39_normal.jpg,https://twitter.com/R_Hubby/status/1592925485524488193,tweet_id:1592925485524488193
Phylum,@Phylum_IO,2022-11-14T22:57:41.000Z,False,Free this Thursday at noon ET? Be sure to join the Phylum Research Team's roundtable for deep insights and lively discussion. Register here: https://hubs.ly/Q01rYFkh0 #infosec #softwaresupplychain #malware,0,3,3,0,"['#infosec', '#softwaresupplychain', '#malware']",[],[],https://pbs.twimg.com/profile_images/1407364495773618177/Keb561uX_normal.jpg,https://twitter.com/Phylum_IO/status/1592290703048073218,tweet_id:1592290703048073218
Russell Hubby,@R_Hubby,2022-11-15T14:01:30.000Z,False,Interested to learn how Phylum's Research team leverages both theoretical and practical knowledge to train the Phylum Platform to be an extension of them?  Make sure you register for the first Roundtable with the Phylum Research team.#jointhephlock #sof…https://lnkd.in/eyxga6Hc,0,2,2,0,"['#jointhephlock', '#sof']",[],[],https://pbs.twimg.com/profile_images/1600852099469910017/IsZday39_normal.jpg,https://twitter.com/R_Hubby/status/1592518153493368832,tweet_id:1592518153493368832
Russell Hubby,@R_Hubby,2022-11-14T17:33:35.000Z,False,Louis Lang posted some additional findings associated with a campaign Phylum previously reported on. https://lnkd.in/esPCMTZT,0,0,2,0,[],[],[],https://pbs.twimg.com/profile_images/1600852099469910017/IsZday39_normal.jpg,https://twitter.com/R_Hubby/status/1592209138884411397,tweet_id:1592209138884411397
Russell Hubby,@R_Hubby,2022-11-10T14:50:38.000Z,False,"Extremely proud of what we've been building. Follow Phylum to keep up with the latest. You'll be phirst to know when it comes to our latest research and innovations.

Here is one example of our research from earlier this week: #f…https://lnkd.in/e_RvqRnF https://lnkd.in/eG2vD-UH",0,0,3,0,['#f'],[],[],https://pbs.twimg.com/profile_images/1600852099469910017/IsZday39_normal.jpg,https://twitter.com/R_Hubby/status/1590718579678187521,tweet_id:1590718579678187521
Russell Hubby,@R_Hubby,2022-11-10T12:14:28.000Z,False,"Interested in hearing from Phylum's research team on how combination of people, data, & automation is able to identify software supply chain attacks?  Join Ross Bryant in this great virtual roundtable on Thursday, November 17th.#iykyk #jointhephlock #de…",0,1,2,0,"['#iykyk', '#jointhephlock', '#de']",[],[],https://pbs.twimg.com/profile_images/1600852099469910017/IsZday39_normal.jpg,https://twitter.com/R_Hubby/status/1590679279594979328,tweet_id:1590679279594979328
Russell Hubby,@R_Hubby,2022-11-09T20:24:52.000Z,False,"Make sure you register for DevWeekEnterprise kicking off next week.  Phylum's Co-founder & CEO, Aaron Bray will be speaking on trends and innovation. https://lnkd.in/eT3Q9C6M",0,0,1,0,[],[],[],https://pbs.twimg.com/profile_images/1600852099469910017/IsZday39_normal.jpg,https://twitter.com/R_Hubby/status/1590440304414691328,tweet_id:1590440304414691328
Russell Hubby,@R_Hubby,2022-11-07T15:04:06.000Z,False,"And the hits just keep on coming....Less than a week after Phylum identified dozens of typosquat packages targeting developers, Phylum's automated risk platform has identified several more packages involved in a separate burgeoning campaign targeting deve…",0,1,4,0,[],[],[],https://pbs.twimg.com/profile_images/1600852099469910017/IsZday39_normal.jpg,https://twitter.com/R_Hubby/status/1589634807058817026,tweet_id:1589634807058817026
Russell Hubby,@R_Hubby,2022-11-04T19:53:01.000Z,False,Dark Reading and Rob Lemos thank you for picking the great Phylum research.#jointhephlock #softwaresupplychainsecurity https://lnkd.in/ezzAaTRM,0,0,0,0,"['#jointhephlock', '#softwaresupplychainsecurity']",[],[],https://pbs.twimg.com/profile_images/1600852099469910017/IsZday39_normal.jpg,https://twitter.com/R_Hubby/status/1588620351055044608,tweet_id:1588620351055044608
Russell Hubby,@R_Hubby,2022-11-03T17:05:35.000Z,False,"Phylum's research top of mind for CISO Series Cyber Security Headlines!

DM me if you are interested to learn how the Phylum Platform is catching malware in OSS Packages and Dependencies.#jointhephlock #softwaresupplychainsecurity https://lnkd.in/eiQghdQJ",0,1,4,0,"['#jointhephlock', '#softwaresupplychainsecurity']",[],[],https://pbs.twimg.com/profile_images/1600852099469910017/IsZday39_normal.jpg,https://twitter.com/R_Hubby/status/1588215827399991296,tweet_id:1588215827399991296
Russell Hubby,@R_Hubby,2022-11-02T18:16:45.000Z,False,BleepingComputer and  thank you for picking up the great Phylum research on this evolving threat. https://lnkd.in/e_Ad4XCu,0,0,1,0,[],['@Ax_Sharma'],[],https://pbs.twimg.com/profile_images/1600852099469910017/IsZday39_normal.jpg,https://twitter.com/R_Hubby/status/1587871349283979268,tweet_id:1587871349283979268
Russell Hubby,@R_Hubby,2022-11-02T10:07:29.000Z,False,The blue checkmark we actually care about GitHub#jointhephlock #github #softwaresupplychain https://lnkd.in/e-waSVPs,0,0,0,0,"['#jointhephlock', '#github', '#softwaresupplychain']",[],[],https://pbs.twimg.com/profile_images/1600852099469910017/IsZday39_normal.jpg,https://twitter.com/R_Hubby/status/1587748222742708224,tweet_id:1587748222742708224
Russell Hubby,@R_Hubby,2022-11-01T21:04:31.000Z,False,"Last week, Phylum's automated risk detection platform alerted us to some suspicious activity in dozens of newly published PyPI packages. It appears that these packages are a more sophisticated attempt to deliver the W4SP Stealer onto Python developer’s ma…https://lnkd.in/ek4Pv2Cc",0,0,0,0,[],[],[],https://pbs.twimg.com/profile_images/1600852099469910017/IsZday39_normal.jpg,https://twitter.com/R_Hubby/status/1587551182272299010,tweet_id:1587551182272299010
Russell Hubby,@R_Hubby,2022-11-01T15:04:15.000Z,False,"Cyber Defense Magazine, thank you for the shout out.  If you are interested in learning more about Phylum, feel free to contact me directly, or feel free to access the Phylum Community Edition.#jointhephlock https://lnkd.in/eAPNj5aF",0,1,0,0,['#jointhephlock'],[],[],https://pbs.twimg.com/profile_images/1600852099469910017/IsZday39_normal.jpg,https://twitter.com/R_Hubby/status/1587460518725435396,tweet_id:1587460518725435396
Russell Hubby,@R_Hubby,2022-10-31T19:24:51.000Z,False,Happy Halloween!!,0,0,1,0,[],[],[],https://pbs.twimg.com/profile_images/1600852099469910017/IsZday39_normal.jpg,https://twitter.com/R_Hubby/status/1587163709524295683,tweet_id:1587163709524295683
Russell Hubby,@R_Hubby,2022-10-28T20:15:53.000Z,False,"Such a great time in San Antonio this week with the entire Phylum team - one of the best teams I have had the opportunity to work with.

WE ARE UP TO SOMETHING!#jointhephlock https://lnkd.in/eKzVkBZq",0,0,0,0,['#jointhephlock'],[],[],https://pbs.twimg.com/profile_images/1600852099469910017/IsZday39_normal.jpg,https://twitter.com/R_Hubby/status/1586089389419012096,tweet_id:1586089389419012096
Russell Hubby,@R_Hubby,2022-10-28T17:30:30.000Z,False,"“Has your Software Supply Chain already been compromised?”  That is a great question, Aaron Bray.#supplychainsecurity #jointheplock https://lnkd.in/eSMsV_X5",0,0,0,0,"['#supplychainsecurity', '#jointheplock']",[],[],https://pbs.twimg.com/profile_images/1600852099469910017/IsZday39_normal.jpg,https://twitter.com/R_Hubby/status/1586047769495625730,tweet_id:1586047769495625730
Russell Hubby,@R_Hubby,2022-10-27T22:20:21.000Z,False,Exciting news - honored and humbled to be part of a great team and organization.  #jointhephlock #softwaresupplychain https://lnkd.in/eYEN43Cm,0,0,0,0,"['#jointhephlock', '#softwaresupplychain']",[],[],https://pbs.twimg.com/profile_images/1600852099469910017/IsZday39_normal.jpg,https://twitter.com/R_Hubby/status/1585758324414418946,tweet_id:1585758324414418946
Russell Hubby,@R_Hubby,2022-10-21T16:09:21.000Z,False,"This is a great summary by . It's exactly why the need for tooling which enables automated software supply chain security that blocks new risks and prioritizes existing issues to secure innovation, protect developers, and reduce friction be…https://lnkd.in/eU9w-9nD",0,0,0,0,[],['@ResilientCyber'],[],https://pbs.twimg.com/profile_images/1600852099469910017/IsZday39_normal.jpg,https://twitter.com/R_Hubby/status/1583490632344928256,tweet_id:1583490632344928256
Russell Hubby,@R_Hubby,2022-10-20T18:29:29.000Z,False,"This is a great article by Phylum's  on his superficial thoughts pertaining to SBOMs - if you want to learn more and how Phylum plans to make SBOMs useful, do not hesitate to DM me.#jointhephlock #softwaresupplychainsecurity #devsecops #sbom https://lnkd.in/ehWQCYUq",0,0,0,0,"['#jointhephlock', '#softwaresupplychainsecurity', '#devsecops', '#sbom']",['@rockdon'],[],https://pbs.twimg.com/profile_images/1600852099469910017/IsZday39_normal.jpg,https://twitter.com/R_Hubby/status/1583163512590778368,tweet_id:1583163512590778368
Russell Hubby,@R_Hubby,2022-10-19T19:28:03.000Z,False,"""SBOMs miss the mark on provenance""#jointhephlock #softwaresupplychainsecurity #devsecops https://lnkd.in/eZuDRYWG",0,0,0,0,"['#jointhephlock', '#softwaresupplychainsecurity', '#devsecops']",[],[],https://pbs.twimg.com/profile_images/1600852099469910017/IsZday39_normal.jpg,https://twitter.com/R_Hubby/status/1582815860405993473,tweet_id:1582815860405993473
Russell Hubby,@R_Hubby,2022-10-18T19:54:31.000Z,False,REAL AVID / SIG SAUER Giveaway #giveaway #win https://kingsumo.com/g/0behej/real-avid-sig-sauer-giveaway/245dv05…,0,0,0,0,"['#giveaway', '#win']",[],[],https://pbs.twimg.com/profile_images/1600852099469910017/IsZday39_normal.jpg,https://twitter.com/R_Hubby/status/1582460134009098240,tweet_id:1582460134009098240
Russell Hubby,@R_Hubby,2022-10-14T15:30:30.000Z,False,"Phylum identifying Software Supply Chain Risk at the source - if it were easy, everyone would be doing it.#jointhephlock #opensourcesoftware #softwaresupplychain #devsecops #productsecurity https://lnkd.in/exKxwNfx",0,0,0,0,"['#jointhephlock', '#opensourcesoftware', '#softwaresupplychain', '#devsecops', '#productsecurity']",[],[],https://pbs.twimg.com/profile_images/1600852099469910017/IsZday39_normal.jpg,https://twitter.com/R_Hubby/status/1580944143404003329,tweet_id:1580944143404003329
Phylum,@Phylum_IO,2022-10-13T22:50:40.000Z,False,"Today Phylum uncovered and helped remove more #Malware, speedyquests, on #PyPI that shipped backdoored executables to developer machines.",0,5,6,0,"['#Malware', '#PyPI']",[],[],https://pbs.twimg.com/profile_images/1407364495773618177/Keb561uX_normal.jpg,https://twitter.com/Phylum_IO/status/1580692523873611777,tweet_id:1580692523873611777
Russell Hubby,@R_Hubby,2022-10-12T17:11:13.000Z,False,"Checkout  share why the Software Supply Chain starts with 1) Open-Source Software Packages & Dependencies, and 2) Developers.  Which is why organizations need to automate the software supply chain security to block new risks, prioritize existing i…https://lnkd.in/ePhenbUR",0,0,0,0,[],['@rockdon'],[],https://pbs.twimg.com/profile_images/1600852099469910017/IsZday39_normal.jpg,https://twitter.com/R_Hubby/status/1580244711927058432,tweet_id:1580244711927058432
Russell Hubby,@R_Hubby,2022-10-07T18:07:56.000Z,False,"Part of securing the Software Supply Chain is protecting the Developers and preventing high risk open-source software packages from being installed on their workstations and preventing the high risk packages from being used in the first place.  

The abso…https://lnkd.in/eYUTyzXu",0,0,0,0,[],[],[],https://pbs.twimg.com/profile_images/1600852099469910017/IsZday39_normal.jpg,https://twitter.com/R_Hubby/status/1578447046159306753,tweet_id:1578447046159306753
Russell Hubby,@R_Hubby,2022-10-04T17:31:47.000Z,False,"Part 2 in a blog series that will explore the software dependency network by Phylum's Chris Tokita, PhD - ""The Dependency Network Shows the Complexity of the Software Ecosystem""",0,0,0,0,[],[],[],https://pbs.twimg.com/profile_images/1600852099469910017/IsZday39_normal.jpg,https://twitter.com/R_Hubby/status/1577350785624641536,tweet_id:1577350785624641536
Russell Hubby,@R_Hubby,2022-10-03T17:44:23.000Z,False,"#hacktoberfest2022 is live, now is your chance to dig into Phylum!!

Get started here: https://lnkd.in/enk7uccn#devesecops #opensourcesoftware #openssf #jointhephlock https://lnkd.in/evCm6QEj",0,0,0,0,"['#hacktoberfest2022', '#devesecops', '#opensourcesoftware', '#openssf', '#jointhephlock']",[],[],https://pbs.twimg.com/profile_images/1600852099469910017/IsZday39_normal.jpg,https://twitter.com/R_Hubby/status/1576991566056538114,tweet_id:1576991566056538114
Russell Hubby,@R_Hubby,2022-10-03T11:34:42.000Z,False,"Early on Oct 2, 2022 Phylum's automated risk platform detected a large scale typosquatting campaign against NPM developers. The attackers targeted several high profile packages... https://lnkd.in/eSUEiH-r",0,0,0,0,[],[],[],https://pbs.twimg.com/profile_images/1600852099469910017/IsZday39_normal.jpg,https://twitter.com/R_Hubby/status/1576898532648390656,tweet_id:1576898532648390656
Russell Hubby,@R_Hubby,2022-09-26T17:39:24.000Z,False,"With the numerous publications around malware findings in open source, it is no secret that malware is pervasive. What may come as a surprise (but really shouldn’t) is that most of this reported malware is terrible. Not terrible in the same way you might…https://lnkd.in/eaJnrTjt",0,0,0,0,[],[],[],https://pbs.twimg.com/profile_images/1600852099469910017/IsZday39_normal.jpg,https://twitter.com/R_Hubby/status/1574453597504507907,tweet_id:1574453597504507907
Russell Hubby,@R_Hubby,2022-09-26T17:36:42.000Z,False,"24-hours until the Phylum webinar focused on enabling, empowering, and supporting the Community.

Get Registered, attend. https://lnkd.in/esK832sv",0,0,0,0,[],[],[],https://pbs.twimg.com/profile_images/1600852099469910017/IsZday39_normal.jpg,https://twitter.com/R_Hubby/status/1574452920883580934,tweet_id:1574452920883580934
Russell Hubby,@R_Hubby,2022-09-23T21:20:27.000Z,False,Phylum finding more malicious code in OSS Packages.#jointhephlock https://lnkd.in/eD-M_aNc,0,0,0,0,['#jointhephlock'],[],[],https://pbs.twimg.com/profile_images/1600852099469910017/IsZday39_normal.jpg,https://twitter.com/R_Hubby/status/1573422063062335488,tweet_id:1573422063062335488
Russell Hubby,@R_Hubby,2022-09-22T16:04:48.000Z,False,"One of Phylum’s key design goals was to help address this issue: Provide users with the tools they need in order to proactively reduce the number of false positives they face, by allowing better automation from start to finish. It’s with these tools we st…https://lnkd.in/epFE6yQP",0,0,0,0,[],[],[],https://pbs.twimg.com/profile_images/1600852099469910017/IsZday39_normal.jpg,https://twitter.com/R_Hubby/status/1572980239793549313,tweet_id:1572980239793549313
Russell Hubby,@R_Hubby,2022-09-20T19:28:14.000Z,False,"Great opportunity to #jointhephlock!  Step #1, create your no-cost Phylum Community Edition account here: http://app.phylum.io.  Step #2, register for and attend this webinar on September 27th (see below post).  Step#3, automate your software supply ch…https://lnkd.in/ez_MZMgM",0,0,0,0,['#jointhephlock'],[],[],https://pbs.twimg.com/profile_images/1600852099469910017/IsZday39_normal.jpg,https://twitter.com/R_Hubby/status/1572306658931671042,tweet_id:1572306658931671042
Russell Hubby,@R_Hubby,2022-09-15T20:24:36.000Z,False,"Great write-up by Louis Lang regarding a malicious software package first identified by Phylum's Platform and verified by the Phylum Research Team.  This finding is another proof-point for why scanning software for ""known vulnerabilities"" is no longer eno…https://lnkd.in/eTa9rU79",0,0,0,0,[],[],[],https://pbs.twimg.com/profile_images/1600852099469910017/IsZday39_normal.jpg,https://twitter.com/R_Hubby/status/1570508904785903619,tweet_id:1570508904785903619
Russell Hubby,@R_Hubby,2022-09-14T10:46:57.000Z,False,"Day 2 at Open Source Summit Europe is off to a great start.

 #opensource #jointhephlock https://lnkd.in/emxqYyRy",0,0,0,0,"['#opensource', '#jointhephlock']",[],[],https://pbs.twimg.com/profile_images/1600852099469910017/IsZday39_normal.jpg,https://twitter.com/R_Hubby/status/1570001148379107328,tweet_id:1570001148379107328
Russell Hubby,@R_Hubby,2022-09-14T09:37:24.000Z,False,Great news as Phylum becomes a member of the OpenSSF. https://lnkd.in/eHs2_-fi,0,0,0,0,[],[],[],https://pbs.twimg.com/profile_images/1600852099469910017/IsZday39_normal.jpg,https://twitter.com/R_Hubby/status/1569983645515145216,tweet_id:1569983645515145216
Russell Hubby,@R_Hubby,2022-09-07T19:16:54.000Z,False,"Who is attending the #ossummit in Dublin next week?  If you would like to schedule a dedicated time to connect and learn more about Phylum, DM me and I will get it coordinated.

Don't forget to #jointhephlock by creating an account for the Phylum Communit…https://lnkd.in/g_AzASBr",0,0,1,0,"['#ossummit', '#jointhephlock']",[],[],https://pbs.twimg.com/profile_images/1600852099469910017/IsZday39_normal.jpg,https://twitter.com/R_Hubby/status/1567592765562974208,tweet_id:1567592765562974208
Russell Hubby,@R_Hubby,2022-09-06T12:50:32.000Z,False,"Massimo Prencipe, thank you for being a part of the Phylum Phlock via the no-cost Community Edition.#jointhephlock #softwaresupplychain https://lnkd.in/ehhMH8sX",0,0,0,0,"['#jointhephlock', '#softwaresupplychain']",[],[],https://pbs.twimg.com/profile_images/1600852099469910017/IsZday39_normal.jpg,https://twitter.com/R_Hubby/status/1567133146453270530,tweet_id:1567133146453270530
Russell Hubby,@R_Hubby,2022-09-02T09:07:26.000Z,False,"“Until all DevOps are DevSecOps, the software development lifecycle will be at risk.""

Phylum enables, empowers, and supports Developers to make the best decisions.
Join the #phlock, http://app.phylum.io #jointhephlock #devsecops #softwaresupplychain https://lnkd.in/eVpYBquA",0,0,0,0,"['#phlock', '#jointhephlock', '#devsecops', '#softwaresupplychain']",[],[],https://pbs.twimg.com/profile_images/1600852099469910017/IsZday39_normal.jpg,https://twitter.com/R_Hubby/status/1565627448594661376,tweet_id:1565627448594661376
Russell Hubby,@R_Hubby,2022-08-31T20:22:42.000Z,False,Great opportunity to join a fun and exciting startup. https://lnkd.in/g4YCxDEU,0,0,0,0,[],[],[],https://pbs.twimg.com/profile_images/1600852099469910017/IsZday39_normal.jpg,https://twitter.com/R_Hubby/status/1565072611608244224,tweet_id:1565072611608244224
Russell Hubby,@R_Hubby,2022-08-25T21:15:40.000Z,False,"Great insights from Phylum's CEO & Co-founder, Aaron Bray, on the importance of identifying & understanding ""Authorship Risk & Reputation"" of Open-Source Software Package maintainers.

As I have stated before, identifying known Vulnerabilities is not enou…https://lnkd.in/eTyJEy7d",0,0,0,0,[],[],[],https://pbs.twimg.com/profile_images/1600852099469910017/IsZday39_normal.jpg,https://twitter.com/R_Hubby/status/1562911613648502785,tweet_id:1562911613648502785
Russell Hubby,@R_Hubby,2022-08-25T12:43:04.000Z,False,"""This is the first known phishing attack against PyPI,"" the maintainers of the official third-party software repository said in a series of tweets.

While this may (or may not) be the first known phishing attack against PyPI, it wi…https://lnkd.in/eWkUQ4Gw",0,0,0,0,[],[],[],https://pbs.twimg.com/profile_images/1600852099469910017/IsZday39_normal.jpg,https://twitter.com/R_Hubby/status/1562782612535787521,tweet_id:1562782612535787521
Russell Hubby,@R_Hubby,2022-08-24T18:04:52.000Z,False,"Great Blog Post by Aaron Bray!!  In my opinion, #automation #supplychain when addressing Software Supply Chain Risk & Security, there are a few critical elements to consider:

1) Automation is critical - don't worry, we're not talking Skynet here.
2) Redu…https://lnkd.in/eapvH3Fz",0,1,0,0,"['#automation', '#supplychain']",[],[],https://pbs.twimg.com/profile_images/1600852099469910017/IsZday39_normal.jpg,https://twitter.com/R_Hubby/status/1562501208614481920,tweet_id:1562501208614481920
Russell Hubby,@R_Hubby,2022-08-18T15:38:23.000Z,False,Another proof-point for why your security team and developers need to leverage Phylum. #jointhephlock #softwaresupplychainrisk #opensourcesoftware https://lnkd.in/encNM6CU,0,0,0,0,"['#jointhephlock', '#softwaresupplychainrisk', '#opensourcesoftware']",[],[],https://pbs.twimg.com/profile_images/1600852099469910017/IsZday39_normal.jpg,https://twitter.com/R_Hubby/status/1560290018358329348,tweet_id:1560290018358329348
Russell Hubby,@R_Hubby,2022-08-16T17:57:55.000Z,False,"During Black Hat 2022 the most common questions the Phylum team was asked was, ""So, why Phylum?  How is Phylum different than my existing code scanning tools?""  Many heard the Phylum team answer these types of questions with, ""Phyl…https://lnkd.in/eFUgSfp2 https://lnkd.in/eU2b2KiD",0,1,0,0,[],[],[],https://pbs.twimg.com/profile_images/1600852099469910017/IsZday39_normal.jpg,https://twitter.com/R_Hubby/status/1559600354332999680,tweet_id:1559600354332999680
Russell Hubby,@R_Hubby,2022-08-15T17:22:30.000Z,False,Very proud and excited to be part of another startup dedicated to making a real impact in the cyber security space.  Software Supply Chain Risk & Security must start at the foundational level of Open Source Software.  Join the Phyl…https://lnkd.in/eK5cmpqs https://lnkd.in/eQWnvXHJ,0,0,0,0,[],[],[],https://pbs.twimg.com/profile_images/1600852099469910017/IsZday39_normal.jpg,https://twitter.com/R_Hubby/status/1559229054557081602,tweet_id:1559229054557081602
Russell Hubby,@R_Hubby,2022-08-15T13:57:46.000Z,False,"It was great connecting with everyone at Black Hat 2022.  It was my first time back in Vegas since Black Hat 2019, there were a few hiccups along the way, but if you just keep moving forward and adapt and overcome, things work out - big shout out to BLACK…https://lnkd.in/essVPNxF",0,0,0,0,[],[],[],https://pbs.twimg.com/profile_images/1600852099469910017/IsZday39_normal.jpg,https://twitter.com/R_Hubby/status/1559177533530202115,tweet_id:1559177533530202115
Russell Hubby,@R_Hubby,2022-08-15T13:49:15.000Z,False,"Winnah Winnah, Chiecken Dinnah!  So proud and excited to be part of a great team, with a great vision and strategy.  This is just the beginning.  Get access to the Phylum Community Edition here: https://lnkd.in/e3XPJZgx#jointhephlock #softwaresupplychain https://lnkd.in/evCNsjHk",0,0,0,0,"['#jointhephlock', '#softwaresupplychain']",[],[],https://pbs.twimg.com/profile_images/1600852099469910017/IsZday39_normal.jpg,https://twitter.com/R_Hubby/status/1559175388797992962,tweet_id:1559175388797992962
Russell Hubby,@R_Hubby,2022-08-12T21:17:34.000Z,False,"Mike Gesnaldo and I are cut from the same cloth - if anyone in my network is looking to join a great startup, with great leadership, mission focused etc.  DM me and I will connect you with Mike Gesnaldo, or reach out to him directly. https://lnkd.in/eUY6mdNa",0,0,0,0,[],[],[],https://pbs.twimg.com/profile_images/1600852099469910017/IsZday39_normal.jpg,https://twitter.com/R_Hubby/status/1558201049453838337,tweet_id:1558201049453838337
Russell Hubby,@R_Hubby,2022-08-09T21:10:29.000Z,False,Be there. https://lnkd.in/eW3bPAgZ,0,0,0,0,[],[],[],https://pbs.twimg.com/profile_images/1600852099469910017/IsZday39_normal.jpg,https://twitter.com/R_Hubby/status/1557112101767897088,tweet_id:1557112101767897088
Russell Hubby,@R_Hubby,2022-08-09T21:01:54.000Z,False,Alfred Huger is #hiring. Know anyone who might be interested? https://lnkd.in/eKyJpcf8,0,0,0,0,['#hiring'],[],[],https://pbs.twimg.com/profile_images/1600852099469910017/IsZday39_normal.jpg,https://twitter.com/R_Hubby/status/1557109941013463040,tweet_id:1557109941013463040
Russell Hubby,@R_Hubby,2022-08-04T20:53:26.000Z,False,Join the Phylum Phlock. https://lnkd.in/e54EJ7gJ,0,0,0,0,[],[],[],https://pbs.twimg.com/profile_images/1600852099469910017/IsZday39_normal.jpg,https://twitter.com/R_Hubby/status/1555295873357201410,tweet_id:1555295873357201410
Russell Hubby,@R_Hubby,2022-08-04T18:48:21.000Z,False,"Extremely excited to be part of yet another great company, with a community first approach, addressing the largest attack surface (no, not email - though email is still one of the largest attack surfaces) - Open-Source Software.   OSS enables developers t…https://lnkd.in/ep2taENW",0,0,0,0,[],[],[],https://pbs.twimg.com/profile_images/1600852099469910017/IsZday39_normal.jpg,https://twitter.com/R_Hubby/status/1555264392509497345,tweet_id:1555264392509497345
Russell Hubby,@R_Hubby,2022-08-02T14:00:32.000Z,False,T-minus 3-hours until the next Phylum webinar.  Make sure you are registered so you can learn from Pinwheel CISO Jeff Hudesman.#phylumplock #supplychainrisk #phlockon https://lnkd.in/e4zGFhMP,0,0,0,0,"['#phylumplock', '#supplychainrisk', '#phlockon']",[],[],https://pbs.twimg.com/profile_images/1600852099469910017/IsZday39_normal.jpg,https://twitter.com/R_Hubby/status/1554467186504355841,tweet_id:1554467186504355841
Russell Hubby,@R_Hubby,2022-08-01T20:24:59.000Z,False,"Have you registered for tomorrow's Phylum webinar with Pinwheel CISO, Jeff Hudesman?  Don't miss is, Software Supply Chain Risk is that important.#phylomphlock #supplychainsecurity #blackhat2022 https://lnkd.in/eCzg5E7v",0,0,0,0,"['#phylomphlock', '#supplychainsecurity', '#blackhat2022']",[],[],https://pbs.twimg.com/profile_images/1600852099469910017/IsZday39_normal.jpg,https://twitter.com/R_Hubby/status/1554201548242227200,tweet_id:1554201548242227200
Russell Hubby,@R_Hubby,2022-07-28T16:19:00.000Z,False,"A couple key points from the Software Supply Chain Risk report Coalfire commissioned:

1) ""More than 50% of boards of directors with software-buying companies are raising concerns, which means that responsibility for software suppl…https://lnkd.in/edekfTmv https://lnkd.in/erkZs4W3",0,0,0,0,[],[],[],https://pbs.twimg.com/profile_images/1600852099469910017/IsZday39_normal.jpg,https://twitter.com/R_Hubby/status/1552690093609156609,tweet_id:1552690093609156609
Russell Hubby,@R_Hubby,2022-07-22T14:51:44.000Z,False,"If you are interested in learning why Phylum was chosen as a finalist for the 2022 Black Hat Innovation Spotlight Competition, there are many ways to connect with the Phylum during Black Hat:

1) Stop by the Phylum Booth (IC53) in Innovation City.

2) Sch…https://lnkd.in/eCyZahan",0,0,0,0,[],[],[],https://pbs.twimg.com/profile_images/1600852099469910017/IsZday39_normal.jpg,https://twitter.com/R_Hubby/status/1550493804930781185,tweet_id:1550493804930781185
Russell Hubby,@R_Hubby,2022-07-22T14:37:45.000Z,False,"Have you registered for Phylum's next webinar?  If not, what are you waiting for?  Join to learn how Pinwheel relies on Phylum to defend the complete attack surface of OSS Risk.#opensourcesoftware #softwaresupplychain #supplychainsecurity #cybersecurity https://lnkd.in/eEAFSsq6",0,0,0,0,"['#opensourcesoftware', '#softwaresupplychain', '#supplychainsecurity', '#cybersecurity']",[],[],https://pbs.twimg.com/profile_images/1600852099469910017/IsZday39_normal.jpg,https://twitter.com/R_Hubby/status/1550490285981011968,tweet_id:1550490285981011968
Russell Hubby,@R_Hubby,2022-07-20T17:00:32.000Z,False,"Interested to learn why Phylum was selected as a finalist for Black Hat's Innovation Spotlight Competition?  DM me to schedule a 30-minute meeting with a Phylum Founder at the Phylum Cabana on Tuesday, August 9th, or at the Phylum Suite in Mandalay Bay on…https://lnkd.in/ehrB74J9",0,0,0,0,[],[],[],https://pbs.twimg.com/profile_images/1600852099469910017/IsZday39_normal.jpg,https://twitter.com/R_Hubby/status/1549801442789277696,tweet_id:1549801442789277696
Russell Hubby,@R_Hubby,2022-06-21T15:20:53.000Z,False,"In the words of Bruce Buffer, “We are LIVE!” After 2+ years, back to the conference/trade show scene.  If you are at #OpenSourceSummit in Austin, TX, swing by Booth 817 to learn how Phylum is securing the Software Supply Chain by calculating risk of OSS P…https://lnkd.in/gpq42EB9",0,0,2,0,['#OpenSourceSummit'],[],[],https://pbs.twimg.com/profile_images/1600852099469910017/IsZday39_normal.jpg,https://twitter.com/R_Hubby/status/1539267115651170304,tweet_id:1539267115651170304
Russell Hubby,@R_Hubby,2022-06-18T10:43:35.000Z,False,See you in Austin! https://lnkd.in/geYtK98n,0,0,0,0,[],[],[],https://pbs.twimg.com/profile_images/1600852099469910017/IsZday39_normal.jpg,https://twitter.com/R_Hubby/status/1538110170043191296,tweet_id:1538110170043191296
Russell Hubby,@R_Hubby,2022-06-13T15:06:58.000Z,False,"Heading to #SupplyChainSecurityCon as part of #OSSSummit next week in Austin, TX? 

Let's find a time to connect.#softwaresupplychainsecurity #codeprovenance",0,0,0,0,"['#SupplyChainSecurityCon', '#OSSSummit', '#softwaresupplychainsecurity', '#codeprovenance']",[],[],https://pbs.twimg.com/profile_images/1600852099469910017/IsZday39_normal.jpg,https://twitter.com/R_Hubby/status/1536364510260305926,tweet_id:1536364510260305926
Russell Hubby,@R_Hubby,2022-06-09T20:54:29.000Z,False,"Francis Bacon coined the term, ""knowledge is power.""  There is a lot of different information in the industry pertaining to ""Software Supply Chain"" - my advice, assume nothing and take 45-minutes to learn Phylum's Code Provenance-Based Risk Framework Appr…https://lnkd.in/gWKQHUWi",0,0,0,0,[],[],[],https://pbs.twimg.com/profile_images/1600852099469910017/IsZday39_normal.jpg,https://twitter.com/R_Hubby/status/1535002413584633861,tweet_id:1535002413584633861
Russell Hubby,@R_Hubby,2022-06-09T13:24:36.000Z,False,Plenty of time to get registered for this Webinar.  Brad Crawford is wicked smaht.#softwaresupplychain #supplychainsecurity https://lnkd.in/guKv7d-u,0,0,0,0,"['#softwaresupplychain', '#supplychainsecurity']",[],[],https://pbs.twimg.com/profile_images/1600852099469910017/IsZday39_normal.jpg,https://twitter.com/R_Hubby/status/1534889198569725952,tweet_id:1534889198569725952
Russell Hubby,@R_Hubby,2022-05-25T13:15:45.000Z,False,"Malicious attacks via the Software Supply Chain are becoming more prevalent - there are many reason why this is the case.  The primary reason is, until Phylum, there has been no way to understand the Risk associated with OSS Packag…https://lnkd.in/g8aKYBPk https://lnkd.in/ggJjGVnz",0,0,0,0,[],[],[],https://pbs.twimg.com/profile_images/1600852099469910017/IsZday39_normal.jpg,https://twitter.com/R_Hubby/status/1529451153347313665,tweet_id:1529451153347313665
Russell Hubby,@R_Hubby,2021-12-18T01:44:46.000Z,False,Bat Signal to all my SOAR people and community. https://lnkd.in/g2dpMicP,0,0,0,0,[],[],[],https://pbs.twimg.com/profile_images/1600852099469910017/IsZday39_normal.jpg,https://twitter.com/R_Hubby/status/1472019978442272769,tweet_id:1472019978442272769
Accurics by Tenable,@AccuricsSec,2021-05-24T16:10:23.000Z,False,This year we are Platinum sponsors at #DockerCon! Come by and listen to  's talk about #securing #containerworkloads for #K8s in #containers. https://lnkd.in/gT_edfW,0,8,3,0,"['#DockerCon', '#securing', '#containerworkloads', '#K8s', '#containers']",['@omaitrika'],[],https://pbs.twimg.com/profile_images/1445484982227464206/wKdE610e_normal.jpg,https://twitter.com/AccuricsSec/status/1396861141054156800,tweet_id:1396861141054156800
Accurics by Tenable,@AccuricsSec,2021-05-24T15:35:00.000Z,False,Secure #Terraform templates as code changes are committed using #OpenSource #Terrascan #PolicyAsCode guardrails and pre-commit-terraform. #DevSecOps,0,8,3,0,"['#Terraform', '#OpenSource', '#Terrascan', '#PolicyAsCode', '#DevSecOps']",[],[],https://pbs.twimg.com/profile_images/1445484982227464206/wKdE610e_normal.jpg,https://twitter.com/AccuricsSec/status/1396852238069342211,tweet_id:1396852238069342211
Accurics by Tenable,@AccuricsSec,2021-05-20T20:10:09.000Z,False,"Our Chief Architect  speaks with  about the #Apple WebKit #security bugs, why they affect other apps such as mail and what users should do:",0,6,3,0,"['#Apple', '#security']","['@johnlkinsella', '@threatpost']",[],https://pbs.twimg.com/profile_images/1445484982227464206/wKdE610e_normal.jpg,https://twitter.com/AccuricsSec/status/1395471932536000516,tweet_id:1395471932536000516
Accurics by Tenable,@AccuricsSec,2021-05-19T19:26:23.000Z,False,"#Kubernetes #security is a big task, and breaking it into smaller chunks makes it much more manageable. #PolicyAsCode can establish guardrails to keep your projects on the happy path and establish proactive security controls. https://lnkd.in/eRqYuDW",0,6,0,0,"['#Kubernetes', '#security', '#PolicyAsCode']",[],[],https://pbs.twimg.com/profile_images/1445484982227464206/wKdE610e_normal.jpg,https://twitter.com/AccuricsSec/status/1395098527773175811,tweet_id:1395098527773175811
Accurics by Tenable,@AccuricsSec,2021-05-19T15:18:55.000Z,False,Read this blog to learn more about a new #Terrascan integration with #ArgoCD #opensource,0,7,2,0,"['#Terrascan', '#ArgoCD', '#opensource']",[],[],https://pbs.twimg.com/profile_images/1445484982227464206/wKdE610e_normal.jpg,https://twitter.com/AccuricsSec/status/1395036250034348048,tweet_id:1395036250034348048
Accurics by Tenable,@AccuricsSec,2021-05-18T14:15:41.000Z,False,#Accurics meets strict #SOC2 compliance requirements! https://businesswire.com/news/home/20210518005219/en/Accurics-Completes-SOC-2-Type-1-Certification… #cloudsecurity,0,7,1,0,"['#Accurics', '#SOC2', '#cloudsecurity']",[],[],https://pbs.twimg.com/profile_images/1445484982227464206/wKdE610e_normal.jpg,https://twitter.com/AccuricsSec/status/1394657950053109762,tweet_id:1394657950053109762
Accurics by Tenable,@AccuricsSec,2021-05-13T15:02:52.000Z,False,"Enforce #Terraform security throughout development, from coding through #automatedworkflows such as Atlantis, using #PolicyasCode tools such as open source #Terrascan",0,7,0,0,"['#Terraform', '#automatedworkflows', '#PolicyasCode', '#Terrascan']",[],[],https://pbs.twimg.com/profile_images/1445484982227464206/wKdE610e_normal.jpg,https://twitter.com/AccuricsSec/status/1392857883172384769,tweet_id:1392857883172384769
Accurics by Tenable,@AccuricsSec,2021-05-13T15:05:00.000Z,False,"#Kubernetes #security is a big task, and breaking it into smaller chunks makes it much more manageable. #PolicyAsCode can establish guardrails to keep your projects on the happy path and establish proactive security controls. https://accurics.com/blog/security-blog/kubernetes-security-in-four-straightforward-steps/…",0,7,1,0,"['#Kubernetes', '#security', '#PolicyAsCode']",[],[],https://pbs.twimg.com/profile_images/1445484982227464206/wKdE610e_normal.jpg,https://twitter.com/AccuricsSec/status/1392858423419604996,tweet_id:1392858423419604996
Accurics by Tenable,@AccuricsSec,2021-05-11T22:52:53.000Z,False,Tune into  speak at #DockerCon on May 27th on securing #container workloads for #K8s in #Containerd https://docker.com/dockercon-live/2021/content/Videos/jvHT6dRs6y2TQqXAX…,0,7,0,0,"['#DockerCon', '#container', '#K8s', '#Containerd']",['@omaitrika'],[],https://pbs.twimg.com/profile_images/1445484982227464206/wKdE610e_normal.jpg,https://twitter.com/AccuricsSec/status/1392251391272382466,tweet_id:1392251391272382466
Accurics by Tenable,@AccuricsSec,2021-05-11T23:11:38.000Z,False,#opensource project #terrascan now integrates with #ArgoCD. Learn more:,0,8,1,0,"['#opensource', '#terrascan', '#ArgoCD']",[],[],https://pbs.twimg.com/profile_images/1445484982227464206/wKdE610e_normal.jpg,https://twitter.com/AccuricsSec/status/1392256113043673089,tweet_id:1392256113043673089
Accurics by Tenable,@AccuricsSec,2021-05-10T23:39:29.000Z,False,Check out this blog explaining the integration of #opensourcetool #terrascan with #argocd,0,7,1,0,"['#opensourcetool', '#terrascan', '#argocd']",[],[],https://pbs.twimg.com/profile_images/1445484982227464206/wKdE610e_normal.jpg,https://twitter.com/AccuricsSec/status/1391900730299092993,tweet_id:1391900730299092993
Accurics by Tenable,@AccuricsSec,2021-05-07T20:54:00.000Z,False,New #Spectre attacks could be widespread--even encrypted information isn't safe.  speaks with our co-founder  https://threatpost.com/attacks-slaughter-spectre-defenses/165809/… #cybersecurity,0,8,0,0,"['#Spectre', '#cybersecurity']","['@Threatpost', '@omaitrika']",[],https://pbs.twimg.com/profile_images/1445484982227464206/wKdE610e_normal.jpg,https://twitter.com/AccuricsSec/status/1390771923122933761,tweet_id:1390771923122933761
Accurics by Tenable,@AccuricsSec,2021-05-07T20:50:22.000Z,False,"New integration with #ArgoProject brings our open source #Terrascan's ability to scan repositories for violations to the cluster, ensuring the pipeline from development to end-user machine is secure and fully aligned https://siliconangle.com/2021/05/05/accuris-terrascan-now-integrates-argo-project-enhance-cloud-security/… #KubeConEU",0,7,0,0,"['#ArgoProject', '#Terrascan', '#KubeConEU']",[],[],https://pbs.twimg.com/profile_images/1445484982227464206/wKdE610e_normal.jpg,https://twitter.com/AccuricsSec/status/1390771009066704899,tweet_id:1390771009066704899
Accurics by Tenable,@AccuricsSec,2021-05-07T20:46:50.000Z,False,"Our #opensource project, Terrascan now integrates with 's #ArgoProject to enhance #cloudsecurity as developers embrace #GitOps. Learn more in this  story https://helpnetsecurity.com/2021/05/06/accurics-terrascan-argo-project/… #KubeConEU",0,8,3,0,"['#opensource', '#ArgoProject', '#cloudsecurity', '#GitOps', '#KubeConEU']","['@github', '@helpnetsecurity']",[],https://pbs.twimg.com/profile_images/1445484982227464206/wKdE610e_normal.jpg,https://twitter.com/AccuricsSec/status/1390770121350598657,tweet_id:1390770121350598657
Accurics by Tenable,@AccuricsSec,2021-05-06T16:19:33.000Z,False,"Combined with new Admission Controller, the #opensource tool #Terrascan fills a gap in shifting #securityleft as developers embrace #GitOps. Read More:",0,10,3,0,"['#opensource', '#Terrascan', '#securityleft', '#GitOps']",[],[],https://pbs.twimg.com/profile_images/1445484982227464206/wKdE610e_normal.jpg,https://twitter.com/AccuricsSec/status/1390340467624005638,tweet_id:1390340467624005638
Accurics by Tenable,@AccuricsSec,2021-05-05T16:21:48.000Z,False,"In the age of #InfrastructureasCode and #cloudnative development, there is a new paradigm for cloud security that necessitates a #shiftleft approach. Watch this discussion with  and  to learn more",0,7,1,0,"['#InfrastructureasCode', '#cloudnative', '#shiftleft']","['@omaitrika', '@hashtag_cyber']",[],https://pbs.twimg.com/profile_images/1445484982227464206/wKdE610e_normal.jpg,https://twitter.com/AccuricsSec/status/1389978644387270656,tweet_id:1389978644387270656
Accurics by Tenable,@AccuricsSec,2021-05-05T01:34:25.000Z,False,Why is visibility throughout a next-level #DevOps process important to ensuring groupwide approach to quality and speed? Tune into this editorial webinar tomorrow at 10am PT. Register now: https://lnkd.in/e_ZYsNR #devsecops #cybersecurity #webinar,0,17,1,0,"['#DevOps', '#devsecops', '#cybersecurity', '#webinar']",[],[],https://pbs.twimg.com/profile_images/1445484982227464206/wKdE610e_normal.jpg,https://twitter.com/AccuricsSec/status/1389755329324326913,tweet_id:1389755329324326913
Accurics by Tenable,@AccuricsSec,2021-05-05T00:38:52.000Z,False,Check out the #opensource tool #terrascan that now has an admissions controller to extend scans through a single source for #IaC across #kubernetes clusters in runtime,0,8,1,0,"['#opensource', '#terrascan', '#IaC', '#kubernetes']",[],[],https://pbs.twimg.com/profile_images/1445484982227464206/wKdE610e_normal.jpg,https://twitter.com/AccuricsSec/status/1389741351164518403,tweet_id:1389741351164518403
Accurics by Tenable,@AccuricsSec,2021-05-03T23:17:48.000Z,False,Learn about how you can utilize the #opensourcetool #Terrascan in Atlantis workflows: https://lnkd.in/grcsaXf #cybersecurity #cloudtransformation,0,9,0,0,"['#opensourcetool', '#Terrascan', '#cybersecurity', '#cloudtransformation']",[],[],https://pbs.twimg.com/profile_images/1445484982227464206/wKdE610e_normal.jpg,https://twitter.com/AccuricsSec/status/1389358560698540033,tweet_id:1389358560698540033
Accurics by Tenable,@AccuricsSec,2021-05-03T15:24:19.000Z,False,"#Kubernetes clusters could become a new #ransomware attack vector. Without managing their #security and #configuration properly, the results could be catastrophic.  speaks with our co-founder   Read More: https://accurics.com/news/media-coverage/ransomware-a-deep-dive-into-2021-emerging-cyber-risks/…",0,8,0,0,"['#Kubernetes', '#ransomware', '#security', '#configuration']","['@Threatpost', '@omaitrika']",[],https://pbs.twimg.com/profile_images/1445484982227464206/wKdE610e_normal.jpg,https://twitter.com/AccuricsSec/status/1389239404728778754,tweet_id:1389239404728778754
Accurics by Tenable,@AccuricsSec,2021-04-30T15:53:42.000Z,False,"“Local government agencies typically don’t have strong security staff or large security budgets, which puts them at a disadvantage against sophisticated attackers“ Read More: https://accurics.com/news/media-coverage/ransomware-attack-hits-washington-d-c-police-department/… #cybersecuritythreats #datasecurity #breachresponse",0,9,1,0,"['#cybersecuritythreats', '#datasecurity', '#breachresponse']",[],[],https://pbs.twimg.com/profile_images/1445484982227464206/wKdE610e_normal.jpg,https://twitter.com/AccuricsSec/status/1388159633991237633,tweet_id:1388159633991237633
Accurics by Tenable,@AccuricsSec,2021-04-30T00:03:03.000Z,False,How should #channelpartners address #cloudsecurity? Start with developer-first #CSPM tools to implement fixes in the Infrastructure as Code and ensure deployments are always ready with the best configuration.  reports: https://accurics.com/news/media-coverage/struggling-with-cloud-security-4-vendors-offer-some-advice/…,0,8,1,0,"['#channelpartners', '#cloudsecurity', '#CSPM']",['@ChannelFutures'],[],https://pbs.twimg.com/profile_images/1445484982227464206/wKdE610e_normal.jpg,https://twitter.com/AccuricsSec/status/1387920397308338178,tweet_id:1387920397308338178
Accurics by Tenable,@AccuricsSec,2021-04-29T14:29:41.000Z,False,"Our Co-Founder, om moolchandani writes in Help Net Security about #CloudNative watering hole attacks and how they can cause critical damage to infrastructure: https://lnkd.in/gZyGM46 #waterholeattack #cybersecurity",0,9,0,0,"['#CloudNative', '#waterholeattack', '#cybersecurity']",[],[],https://pbs.twimg.com/profile_images/1445484982227464206/wKdE610e_normal.jpg,https://twitter.com/AccuricsSec/status/1387776103260073988,tweet_id:1387776103260073988
Accurics by Tenable,@AccuricsSec,2021-04-28T17:39:19.000Z,False,Why is visibility throughout a next-level #DevOps process important to ensuring groupwide approach to quality and speed? Attend this editorial webinar to learn more about this topic as well as others. Register now: https://lnkd.in/e_ZYsNR #devsecops #cybersecurity #webinar,0,11,0,0,"['#DevOps', '#devsecops', '#cybersecurity', '#webinar']",[],[],https://pbs.twimg.com/profile_images/1445484982227464206/wKdE610e_normal.jpg,https://twitter.com/AccuricsSec/status/1387461440936693760,tweet_id:1387461440936693760
Accurics by Tenable,@AccuricsSec,2021-04-27T18:33:12.000Z,False,#Kubernetes security must be managed throughout the entire lifecycle. #Policyascode with #opensource tool #Terrascan leverages a single policy definition that is enforced consistently from dev to prod. Read More: https://lnkd.in/gAZ8bSu #cybersecurity,0,13,0,0,"['#Kubernetes', '#Policyascode', '#opensource', '#Terrascan', '#cybersecurity']",[],[],https://pbs.twimg.com/profile_images/1445484982227464206/wKdE610e_normal.jpg,https://twitter.com/AccuricsSec/status/1387112610038894594,tweet_id:1387112610038894594
Accurics by Tenable,@AccuricsSec,2021-04-26T20:43:49.000Z,False,"New employee spotlight: Kevin Toal. ""Why did you join Accurics?""
Welcome to the team Kevin! We are delighted to have you! 
To learn more about Accurics visit: https://accurics.com #team #recruiting #hiring #careers #cybersecuritystartup",0,10,0,0,"['#team', '#recruiting', '#hiring', '#careers', '#cybersecuritystartup']",[],[],https://pbs.twimg.com/profile_images/1445484982227464206/wKdE610e_normal.jpg,https://twitter.com/AccuricsSec/status/1386783092812091395,tweet_id:1386783092812091395
Accurics by Tenable,@AccuricsSec,2021-04-26T17:13:48.000Z,False,"As more and more critical applications are managing their workloads in #Kubernetes, the security controls of the ecosystem must also evolve. Read more about #opensource tool #Terrascan‘s newest execution mode and how it can help bridge some of the issues. https://accurics.com/blog/terrascan-blog/kubernetes-security-terrascan-validating-admission-controller/…",0,11,1,0,"['#Kubernetes', '#opensource', '#Terrascan']",[],[],https://pbs.twimg.com/profile_images/1445484982227464206/wKdE610e_normal.jpg,https://twitter.com/AccuricsSec/status/1386730241511489538,tweet_id:1386730241511489538
Accurics by Tenable,@AccuricsSec,2021-04-23T17:53:48.000Z,False,How to leverage #policyascode and #securityascode to secure #kubernetes. Read More: https://lnkd.in/gibFd3n #infrastructureascode #cybersecurity,0,10,0,0,"['#policyascode', '#securityascode', '#kubernetes', '#infrastructureascode', '#cybersecurity']",[],[],https://pbs.twimg.com/profile_images/1445484982227464206/wKdE610e_normal.jpg,https://twitter.com/AccuricsSec/status/1385653145305436162,tweet_id:1385653145305436162
Accurics by Tenable,@AccuricsSec,2021-04-22T20:29:19.000Z,False,"#DevOps has come to signify the definitive foundation for cross-disciplinary collaboration. To practice DevOps is to unite multiple disciplines. Its impact has become massive, and its ramifications profound. Read More: https://accurics.com/news/media-coverage/iac-enabling-security-in-devops-workflows/… #enablingsecurity #cicdpipelines #iac",0,8,0,0,"['#DevOps', '#enablingsecurity', '#cicdpipelines', '#iac']",[],[],https://pbs.twimg.com/profile_images/1445484982227464206/wKdE610e_normal.jpg,https://twitter.com/AccuricsSec/status/1385329892712075264,tweet_id:1385329892712075264
Accurics by Tenable,@AccuricsSec,2021-04-22T16:04:02.000Z,False,Check out the #opensource tool #terrascan that now has an admissions controller to extend scans through a single source for #IaC across #kubernetes clusters in runtimehttps://lnkd.in/g3ZFW8N,0,12,2,0,"['#opensource', '#terrascan', '#IaC', '#kubernetes']",[],[],https://pbs.twimg.com/profile_images/1445484982227464206/wKdE610e_normal.jpg,https://twitter.com/AccuricsSec/status/1385263134756151296,tweet_id:1385263134756151296
Accurics by Tenable,@AccuricsSec,2021-04-21T17:03:29.000Z,False,"We are proud sponsors of the virtual pancake breakfast at #KubeCon EU this year! Expert panelists from     ,  and   will offer their explanation about how #GitOps practices have evolvedhttps://lnkd.in/ghR5vRD #cybersecuritythreats",0,10,3,0,"['#KubeCon', '#GitOps', '#cybersecuritythreats']","['@SANSInstitute', '@gitlab', '@CloudNativeFdn', '@AccuricsSec']",[],https://pbs.twimg.com/profile_images/1445484982227464206/wKdE610e_normal.jpg,https://twitter.com/AccuricsSec/status/1384915708065239045,tweet_id:1384915708065239045
Accurics by Tenable,@AccuricsSec,2021-04-21T16:19:01.000Z,False,Why is visibility throughout a next-level #DevOps process important to ensuring groupwide approach to quality and speed? Attend this editorial webinar to learn more about this topic as well as others. Register now: https://webinar.informationweek.com/996838?keycode=CAA1AC…  #devsecops #cybersecurity #webinar,0,13,1,0,"['#DevOps', '#devsecops', '#cybersecurity', '#webinar']",[],[],https://pbs.twimg.com/profile_images/1445484982227464206/wKdE610e_normal.jpg,https://twitter.com/AccuricsSec/status/1384904517867671553,tweet_id:1384904517867671553
Accurics by Tenable,@AccuricsSec,2021-04-21T12:45:02.000Z,False,Codifying infrastructure components is now a daily routine for #developers.  showcases how the Accurics platform lets you achieve #cloudcyberresilience with #developerfirst #security that programmatically detects and fixes risks,0,8,0,0,"['#developers', '#cloudcyberresilience', '#developerfirst', '#security']",['@helpnetsecurity'],[],https://pbs.twimg.com/profile_images/1445484982227464206/wKdE610e_normal.jpg,https://twitter.com/AccuricsSec/status/1384850666225643522,tweet_id:1384850666225643522
Accurics by Tenable,@AccuricsSec,2021-04-20T17:28:02.000Z,False,"Employee Spotlight: Shreyas Phansalkar

""Why did you join Accurics?""
Learn more: https://accurics.com #cybersecurity #infosec #cybersecurityjobs",0,8,0,0,"['#cybersecurity', '#infosec', '#cybersecurityjobs']",[],[],https://pbs.twimg.com/profile_images/1445484982227464206/wKdE610e_normal.jpg,https://twitter.com/AccuricsSec/status/1384559498195443712,tweet_id:1384559498195443712
Accurics by Tenable,@AccuricsSec,2021-04-19T21:58:23.000Z,False,Understand the role #containers play in #hybriddeployments as #serverless functions are on the rise: https://start.accurics.com/The-Maturation-of-Cloud-native-Security-ESG_LP-Reg.html…  #devops #security,0,10,1,0,"['#containers', '#hybriddeployments', '#serverless', '#devops', '#security']",[],[],https://pbs.twimg.com/profile_images/1445484982227464206/wKdE610e_normal.jpg,https://twitter.com/AccuricsSec/status/1384265144239235079,tweet_id:1384265144239235079
Accurics by Tenable,@AccuricsSec,2021-04-19T15:23:27.000Z,False,"#CloudNative watering hole attacks are on the rise. Are you at risk? Our Co-Founder,  writes in  about how they cause critical damage to infrastructure.",0,7,0,0,['#CloudNative'],"['@omaitrika', '@helpnetsecurity']",[],https://pbs.twimg.com/profile_images/1445484982227464206/wKdE610e_normal.jpg,https://twitter.com/AccuricsSec/status/1384165755738984455,tweet_id:1384165755738984455
Accurics by Tenable,@AccuricsSec,2021-04-16T16:45:45.000Z,False,"Most #securityviolations exist because organizations fail to restrict or update default #securityprofiles and configurations, thereby enabling threat actors to obtain excessive permissions to #cloudresources. Read More: https://lnkd.in/e4EtQKE #infosec",0,8,1,0,"['#securityviolations', '#securityprofiles', '#cloudresources', '#infosec']",[],[],https://pbs.twimg.com/profile_images/1445484982227464206/wKdE610e_normal.jpg,https://twitter.com/AccuricsSec/status/1383099302793289738,tweet_id:1383099302793289738
Accurics by Tenable,@AccuricsSec,2021-04-15T19:59:25.000Z,False,"To keep up with the pace of development, we need to detect and prevent platform #vulnerabilities early in the #developmentlifecycle before they can be introduced into the #runtime environment. Watch the talk to learn more!https://start.accurics.com/WB-2021-04-01-SANS-Detecting-and-Preventing-Vulnerabilities-in-Cloud-Native-Workloads_LP-Reg.html…",0,7,1,0,"['#vulnerabilities', '#developmentlifecycle', '#runtime']",[],[],https://pbs.twimg.com/profile_images/1445484982227464206/wKdE610e_normal.jpg,https://twitter.com/AccuricsSec/status/1382785655906856960,tweet_id:1382785655906856960
Accurics by Tenable,@AccuricsSec,2021-04-15T19:46:10.000Z,False,"As #cloudnative technologies, such as #serverless, #containers, and #servicemesh experience explosive growth, it is clear that organizations see #cloudnative as the future of software. Download your #CloudCyberResilienceReport to dive into these topics. https://start.accurics.com/CloudCyberResilienceReportEvolvingRisks_LP-Reg.html…",0,8,0,0,"['#cloudnative', '#serverless', '#containers', '#servicemesh', '#cloudnative', '#CloudCyberResilienceReport']",[],[],https://pbs.twimg.com/profile_images/1445484982227464206/wKdE610e_normal.jpg,https://twitter.com/AccuricsSec/status/1382782319010799623,tweet_id:1382782319010799623
Accurics by Tenable,@AccuricsSec,2021-04-14T18:17:42.000Z,False,Why choose #CSPM tools that increase drift from #IaC? Next-gen CSPM manages posture through IaC so you can deploy without hesitation. Read More: https://lnkd.in/g5_zs7g #shiftingleft #cybersecurity,0,10,0,0,"['#CSPM', '#IaC', '#shiftingleft', '#cybersecurity']",[],[],https://pbs.twimg.com/profile_images/1445484982227464206/wKdE610e_normal.jpg,https://twitter.com/AccuricsSec/status/1382397667553136642,tweet_id:1382397667553136642
Accurics by Tenable,@AccuricsSec,2021-04-13T16:51:55.000Z,False,"Many #DevOps projects now leverage #InfrastructureasCode for efficient, accurate and repeatable outcomes. But, IaC can also present risks. Read More: https://accurics.com/news/media-coverage/iac-enabling-security-in-devops-workflows/… #remediationascode #cybersecurity",0,10,0,0,"['#DevOps', '#InfrastructureasCode', '#remediationascode', '#cybersecurity']",[],[],https://pbs.twimg.com/profile_images/1445484982227464206/wKdE610e_normal.jpg,https://twitter.com/AccuricsSec/status/1382013691135205378,tweet_id:1382013691135205378
Accurics by Tenable,@AccuricsSec,2021-04-12T18:40:37.000Z,False,"OSCONF 2021 is a platform built to connect & bring all leading Meetup communities, #Cloudnative and #DevOps experts together under one roof. Watch the conference here: https://accurics.com/resources/event/osconf-2021/…  #opensource #cybersecurity",0,17,1,0,"['#Cloudnative', '#DevOps', '#opensource', '#cybersecurity']",[],[],https://pbs.twimg.com/profile_images/1445484982227464206/wKdE610e_normal.jpg,https://twitter.com/AccuricsSec/status/1381678659845689345,tweet_id:1381678659845689345
Accurics by Tenable,@AccuricsSec,2021-04-12T14:58:57.000Z,False,Missed the roundtable discussion on the merging threats with #cloudnativesecurity and shifting left? Watch the on demand version now! https://lnkd.in/g_AKQQr #infrastructureascode #autoremediation #securitypipelines https://start.accurics.com/WB-2021-03-31-ImagineX_LP-Reg.html…,0,9,0,0,"['#cloudnativesecurity', '#infrastructureascode', '#autoremediation', '#securitypipelines']",[],[],https://pbs.twimg.com/profile_images/1445484982227464206/wKdE610e_normal.jpg,https://twitter.com/AccuricsSec/status/1381622875006853125,tweet_id:1381622875006853125
Accurics by Tenable,@AccuricsSec,2021-04-09T16:41:58.000Z,False,Are your #DevOps engineers buried under a mountain of violations and alerts? Choose next-gen #CSPM tools that deliver fixes with alerts. Read More: https://accurics.com/blog/security-blog/cloud-security-posture-management-cspm-shift-to-next-generation/… #shiftleft,0,10,0,0,"['#DevOps', '#CSPM', '#shiftleft']",[],[],https://pbs.twimg.com/profile_images/1445484982227464206/wKdE610e_normal.jpg,https://twitter.com/AccuricsSec/status/1380561637397127168,tweet_id:1380561637397127168
Accurics by Tenable,@AccuricsSec,2021-04-08T15:43:25.000Z,False,High-velocity teams struggle to incorporate #Security into #DevOps because security tools and processes often impede velocity. Watch this video to learn more: https://accurics.com/resources/video/a-practical-approach-for-injecting-sec-into-devops-with-jon-jarboe/…,0,12,2,0,"['#Security', '#DevOps']",[],[],https://pbs.twimg.com/profile_images/1445484982227464206/wKdE610e_normal.jpg,https://twitter.com/AccuricsSec/status/1380184514316562433,tweet_id:1380184514316562433
Accurics by Tenable,@AccuricsSec,2021-04-07T23:10:02.000Z,False,"Next-gen #CSPM goes beyond #IaC scanning, managing security from code to cloud while ensuring IaC remains updated with the best configuration. https://accurics.com/blog/security-blog/cloud-security-posture-management-cspm-shift-to-next-generation/…",0,10,0,0,"['#CSPM', '#IaC']",[],[],https://pbs.twimg.com/profile_images/1445484982227464206/wKdE610e_normal.jpg,https://twitter.com/AccuricsSec/status/1379934522393829378,tweet_id:1379934522393829378
Accurics by Tenable,@AccuricsSec,2021-04-07T17:38:33.000Z,False,"Wondering what a breach path looks like?  The #Accurics blog includes a detailed demo, from recon to actions on the objective to compromise an AWS account.  See how #OpenSource #PolicyAsCode #Terrascan can help stop the breach.",0,12,0,0,"['#Accurics', '#OpenSource', '#PolicyAsCode', '#Terrascan']",[],[],https://pbs.twimg.com/profile_images/1445484982227464206/wKdE610e_normal.jpg,https://twitter.com/AccuricsSec/status/1379851100342296576,tweet_id:1379851100342296576
Accurics by Tenable,@AccuricsSec,2021-04-07T17:32:50.000Z,False,We're thrilled to partner with an industry leader like  to help organizations develop app and infrastructure code securely and confidently.,0,11,1,0,[],['@Veracode'],[],https://pbs.twimg.com/profile_images/1445484982227464206/wKdE610e_normal.jpg,https://twitter.com/AccuricsSec/status/1379849662375452672,tweet_id:1379849662375452672
Accurics by Tenable,@AccuricsSec,2021-04-05T15:40:35.000Z,False,More context = better findings. Scan #Terraform plan output with #OpenSource #Terrascan to improve analysis results. #PolicyAsCode #CloudSecurityRead more: https://lnkd.in/g26aXP7,0,13,3,0,"['#Terraform', '#OpenSource', '#Terrascan', '#PolicyAsCode', '#CloudSecurity']",[],[],https://pbs.twimg.com/profile_images/1445484982227464206/wKdE610e_normal.jpg,https://twitter.com/AccuricsSec/status/1379096638547968002,tweet_id:1379096638547968002
Accurics by Tenable,@AccuricsSec,2021-04-05T15:52:18.000Z,False,Tune into om moolchandani's talk on #TechStrongTV as he delves deeper into the findings from the Cloud #CyberResilience Report: https://lnkd.in/gST_Pvi #cloudapplications #cloudnativesecurity,0,11,2,0,"['#TechStrongTV', '#CyberResilience', '#cloudapplications', '#cloudnativesecurity']",[],[],https://pbs.twimg.com/profile_images/1445484982227464206/wKdE610e_normal.jpg,https://twitter.com/AccuricsSec/status/1379099588418797571,tweet_id:1379099588418797571
Accurics by Tenable,@AccuricsSec,2021-04-01T15:08:36.000Z,False,"This blog will teach you how to create a vulnerable #AWS environment to stimulate a kill chain, then subsequently break the kill chain using #policyascode https://lnkd.in/gagxNFu #opensource",0,14,2,0,"['#AWS', '#policyascode', '#opensource']",[],[],https://pbs.twimg.com/profile_images/1445484982227464206/wKdE610e_normal.jpg,https://twitter.com/AccuricsSec/status/1377639038329446406,tweet_id:1377639038329446406
Accurics by Tenable,@AccuricsSec,2021-04-01T14:56:37.000Z,False,Missed the roundtable discussion on the merging threats with #cloudnativesecurity and shifting left? Watch the on demand version now! https://start.accurics.com/WB-2021-03-31-ImagineX_LP-Reg.html… #infrastructureascode #autoremediation #securitypipelines,0,9,0,0,"['#cloudnativesecurity', '#infrastructureascode', '#autoremediation', '#securitypipelines']",[],[],https://pbs.twimg.com/profile_images/1445484982227464206/wKdE610e_normal.jpg,https://twitter.com/AccuricsSec/status/1377636022633267200,tweet_id:1377636022633267200
Accurics by Tenable,@AccuricsSec,2021-04-01T15:14:39.000Z,False,"Last chance to register for the webcast: ""Detecting and Preventing Vulnerabilities in #CloudNative Workloads"" There will also be a demonstration of #PolicyasCode to help you detect #securityvulnerabilities by embedding guardrails into infrastructure. https://lnkd.in/gajmqds",0,9,0,0,"['#CloudNative', '#PolicyasCode', '#securityvulnerabilities']",[],[],https://pbs.twimg.com/profile_images/1445484982227464206/wKdE610e_normal.jpg,https://twitter.com/AccuricsSec/status/1377640561457389570,tweet_id:1377640561457389570
Accurics by Tenable,@AccuricsSec,2021-03-31T23:41:49.000Z,False,Learn how security risk hides in #cloudtechnologies such as #containerizedworkloads and watch a demonstration on how #policyascode can help you detect #securityvulnerabilities. Register now: https://lnkd.in/gajmqds,0,9,0,0,"['#cloudtechnologies', '#containerizedworkloads', '#policyascode', '#securityvulnerabilities']",[],[],https://pbs.twimg.com/profile_images/1445484982227464206/wKdE610e_normal.jpg,https://twitter.com/AccuricsSec/status/1377405804395909124,tweet_id:1377405804395909124
Accurics by Tenable,@AccuricsSec,2021-03-31T15:32:40.000Z,False,Don't miss out on a roundtable discussion by #cloudsecurityexperts to better understand the challenges of #cloudnative teams! Today at 11am PT/ 2pm ET!https://start.accurics.com/WB-2021-03-31-ImagineX_LP-Reg.html…,0,9,1,0,"['#cloudsecurityexperts', '#cloudnative']",[],[],https://pbs.twimg.com/profile_images/1445484982227464206/wKdE610e_normal.jpg,https://twitter.com/AccuricsSec/status/1377282708158697475,tweet_id:1377282708158697475
Accurics by Tenable,@AccuricsSec,2021-03-31T15:30:52.000Z,False,"This video explains how #IaC can enable #DevSecOps practices and “#shiftleft,” transforming #security from a roadblock into a practice that accelerates #innovation https://accurics.com/resources/video/a-practical-approach-for-injecting-sec-into-devops-with-jon-jarboe/…",0,10,0,0,"['#IaC', '#DevSecOps', '#shiftleft', '#security', '#innovation']",[],[],https://pbs.twimg.com/profile_images/1445484982227464206/wKdE610e_normal.jpg,https://twitter.com/AccuricsSec/status/1377282254716698631,tweet_id:1377282254716698631
Accurics by Tenable,@AccuricsSec,2021-03-30T15:36:31.000Z,False,Don't miss out on the chance to hear from #cloudsecurityexperts and get tips to navigate common pitfalls and the challenges that are faced by modern #cloudnativeteams. See you there tomorrow at 11am PT! #partnerwebinar #cybersecuritystartup #opensourcehttps://start.accurics.com/WB-2021-03-31-ImagineX_LP-Reg.html…,0,12,1,0,"['#cloudsecurityexperts', '#cloudnativeteams', '#partnerwebinar', '#cybersecuritystartup', '#opensource']",[],[],https://pbs.twimg.com/profile_images/1445484982227464206/wKdE610e_normal.jpg,https://twitter.com/AccuricsSec/status/1376921285226299399,tweet_id:1376921285226299399
Accurics by Tenable,@AccuricsSec,2021-03-30T16:50:11.000Z,False,"Learn how #DevSecOps processes can predict breach paths programmatically using #threatmodels derived from #cyberthreatintelligence, #MITREs, ATT&CK framework, and #InfrastructureasCode. https://accurics.com/resources/webinar/neutralizing-breach-paths-with-cyber-threat-intelligence-with-om-moolchandani/…",0,8,1,0,"['#DevSecOps', '#threatmodels', '#cyberthreatintelligence', '#MITREs', '#InfrastructureasCode']",[],[],https://pbs.twimg.com/profile_images/1445484982227464206/wKdE610e_normal.jpg,https://twitter.com/AccuricsSec/status/1376939827380301827,tweet_id:1376939827380301827
Accurics by Tenable,@AccuricsSec,2021-03-30T16:03:17.000Z,False,Learn how security risk hides in #cloudtechnologies such as #containerizedworkloads and watch a demonstration on how #policyascode can help you detect #securityvulnerabilities. Register now: https://sans.org/webcasts/118685?source=accurics1…,0,9,0,0,"['#cloudtechnologies', '#containerizedworkloads', '#policyascode', '#securityvulnerabilities']",[],[],https://pbs.twimg.com/profile_images/1445484982227464206/wKdE610e_normal.jpg,https://twitter.com/AccuricsSec/status/1376928022159355905,tweet_id:1376928022159355905
Accurics by Tenable,@AccuricsSec,2021-03-26T21:48:24.000Z,False,"Organizations are racing to the #cloud and it is forcing a convergence of #development, #operations, and #security functions to minimize risk while accelerating delivery. Tune into this talk as experts discuss how to navigate through these challenges: https://start.accurics.com/WB-2021-03-31-ImagineX_LP-Reg.html…",0,10,2,0,"['#cloud', '#development', '#operations', '#security']",[],[],https://pbs.twimg.com/profile_images/1445484982227464206/wKdE610e_normal.jpg,https://twitter.com/AccuricsSec/status/1375565322405564417,tweet_id:1375565322405564417
Accurics by Tenable,@AccuricsSec,2021-03-26T20:10:49.000Z,False,Tune into 's talk on #TechStrongTV as he delves deeper into the findings from the Cloud #CyberResilience Report: https://youtube.com/watch?v=wtFbnVeRXjI… #cloudapplications #cloudnativesecurity,0,9,0,0,"['#TechStrongTV', '#CyberResilience', '#cloudapplications', '#cloudnativesecurity']",['@omaitrika'],[],https://pbs.twimg.com/profile_images/1445484982227464206/wKdE610e_normal.jpg,https://twitter.com/AccuricsSec/status/1375540764919410689,tweet_id:1375540764919410689
Accurics by Tenable,@AccuricsSec,2021-03-26T16:29:22.000Z,False,#PolicyasCode allows us to #codify #securityrequirements in order to programmatically evaluate our #infrastructure provisioning templates and environment.  Download this paper to learn more: https://start.accurics.com/lp-EnterpriseGuidetoPolicyasCode_LP-Reg.html…,0,10,0,0,"['#PolicyasCode', '#codify', '#securityrequirements', '#infrastructure']",[],[],https://pbs.twimg.com/profile_images/1445484982227464206/wKdE610e_normal.jpg,https://twitter.com/AccuricsSec/status/1375485034560249858,tweet_id:1375485034560249858
Accurics by Tenable,@AccuricsSec,2021-03-25T22:15:20.000Z,False,"To better understand the challenges faced by modern #cloudnativeteams, Accurics and ImagineX Consulting are hosting a roundtable discussion including experts in #cybersecurity, modern #developmentpractices, and business processes  Register now! https://start.accurics.com/WB-2021-03-31-ImagineX_LP-Reg.html…",0,9,0,0,"['#cloudnativeteams', '#cybersecurity', '#developmentpractices']",[],[],https://pbs.twimg.com/profile_images/1445484982227464206/wKdE610e_normal.jpg,https://twitter.com/AccuricsSec/status/1375209712543670277,tweet_id:1375209712543670277
Accurics by Tenable,@AccuricsSec,2021-03-25T16:56:17.000Z,False,"We're thrilled to partner with Consortium Networks, a consulting firm dedicated to connecting like-minded #techprofessionals to ease the frustration of choosing the right products and solutions! https://lnkd.in/gsExQ92 #channelpartners #innovation",0,9,0,0,"['#techprofessionals', '#channelpartners', '#innovation']",[],[],https://pbs.twimg.com/profile_images/1445484982227464206/wKdE610e_normal.jpg,https://twitter.com/AccuricsSec/status/1375129420684349440,tweet_id:1375129420684349440
Accurics by Tenable,@AccuricsSec,2021-03-25T17:20:37.000Z,False,"Wondering what a breach path looks like? The #Accurics blog includes a detailed demo, from recon to actions on objective to compromise an AWS account. See how #OpenSource #PolicyAsCode #Terrascan can help stop the breach.",0,12,0,0,"['#Accurics', '#OpenSource', '#PolicyAsCode', '#Terrascan']",[],[],https://pbs.twimg.com/profile_images/1445484982227464206/wKdE610e_normal.jpg,https://twitter.com/AccuricsSec/status/1375135547266457600,tweet_id:1375135547266457600
Accurics by Tenable,@AccuricsSec,2021-03-25T16:59:15.000Z,False,"A new #CloudNativeSecurity survey from Enterprise Strategy Group (ESG) shows that while #containeradoption has grown appreciably over the last two years, organizations are experiencing security program maturity gaps. Learn more: https://accurics.com/blog/security-blog/leading-cloud-native-security-challenges-according-to-new-esg-survey/… #cybersecurity",0,12,0,0,"['#CloudNativeSecurity', '#containeradoption', '#cybersecurity']",[],[],https://pbs.twimg.com/profile_images/1445484982227464206/wKdE610e_normal.jpg,https://twitter.com/AccuricsSec/status/1375130169627660289,tweet_id:1375130169627660289
Accurics by Tenable,@AccuricsSec,2021-03-25T16:40:26.000Z,False,"The adoption of #cloudnative technologies such as #containers, #microservices, and #immutableinfrastructure requires automated security controls. Learn how to minimize security risks by tuning into this talk. https://sans.org/webcasts/118685?source=accurics1…  #sans",0,9,0,0,"['#cloudnative', '#containers', '#microservices', '#immutableinfrastructure', '#sans']",[],[],https://pbs.twimg.com/profile_images/1445484982227464206/wKdE610e_normal.jpg,https://twitter.com/AccuricsSec/status/1375125431800590337,tweet_id:1375125431800590337
Accurics by Tenable,@AccuricsSec,2021-03-24T17:57:45.000Z,False,"#Terrascan helps developers build secure #cloudinfrastructures. 

Check out the meetup by  and and tune in on the session on 'Introducing Terrascan - #CloudNativeSecurity Tool' with  to learn more about it. https://youtube.com/watch?v=Ss3UdQhJF4c…",0,11,3,0,"['#Terrascan', '#cloudinfrastructures', '#CloudNativeSecurity']","['@gdgcblr', '@GoogleDevsIN', '@BiradarSangam']",[],https://pbs.twimg.com/profile_images/1445484982227464206/wKdE610e_normal.jpg,https://twitter.com/AccuricsSec/status/1374782503618158592,tweet_id:1374782503618158592
Accurics by Tenable,@AccuricsSec,2021-03-24T16:51:36.000Z,False,"The #channelpartnerprogram offers a competitive reseller discount and exclusive referral programs which include joint marketing, #thoughtleadership, #demandgeneration and #customersuccessrecipeshttps://accurics.com/news/media-coverage/accurics-launches-global-cloud-security-channel-program/…",0,9,0,0,"['#channelpartnerprogram', '#thoughtleadership', '#demandgeneration', '#customersuccessrecipes']",[],[],https://pbs.twimg.com/profile_images/1445484982227464206/wKdE610e_normal.jpg,https://twitter.com/AccuricsSec/status/1374765857478340608,tweet_id:1374765857478340608
Accurics by Tenable,@AccuricsSec,2021-03-24T17:53:47.000Z,False,More context = better findings. Scan #Terraform plan output with #OpenSource #Terrascan to improve analysis results. #PolicyAsCode #CloudSecurityRead more: https://lnkd.in/g26aXP7,0,10,0,0,"['#Terraform', '#OpenSource', '#Terrascan', '#PolicyAsCode', '#CloudSecurity']",[],[],https://pbs.twimg.com/profile_images/1445484982227464206/wKdE610e_normal.jpg,https://twitter.com/AccuricsSec/status/1374781506204233728,tweet_id:1374781506204233728
Accurics by Tenable,@AccuricsSec,2021-03-23T20:22:27.000Z,False,Our co-founder  joins  and #TSTV to discuss our research into challenges for #cloudnative development teams: #Misconfigurations in the most critical parts of the infrastructure take 149 days on average to remedy: https://digitalanarchist.com/videos/featured-guests/om-moolchandani-tstv…,0,10,0,0,"['#TSTV', '#cloudnative', '#Misconfigurations']","['@omaitrika', '@devopsdotcom']",[],https://pbs.twimg.com/profile_images/1445484982227464206/wKdE610e_normal.jpg,https://twitter.com/AccuricsSec/status/1374456529147981832,tweet_id:1374456529147981832
Accurics by Tenable,@AccuricsSec,2021-03-23T16:28:37.000Z,False,#Cloudsecurity issues are creating a major opportunity for managed service providers as organizations of all sizes continue to struggle with the shared responsibility model that #cloudservice providers require customers to embrace. Read More: https://accurics.com/news/media-coverage/msps-find-opportunity-in-cloud-security-gaps/… #msp,0,10,0,0,"['#Cloudsecurity', '#cloudservice', '#msp']",[],[],https://pbs.twimg.com/profile_images/1445484982227464206/wKdE610e_normal.jpg,https://twitter.com/AccuricsSec/status/1374397685424214016,tweet_id:1374397685424214016
Accurics by Tenable,@AccuricsSec,2021-03-23T16:34:54.000Z,False,Don't miss out on 's talk at the #SANS 2021 National Summit on Neutralizing #BreachPaths with #CyberThreatIntelligence. Learn about #threatmodeling for #devsecops and how #InfrastructureasCode security can help you. https://sans.org/webcasts/118345?source=sponsor…,0,13,3,0,"['#SANS', '#BreachPaths', '#CyberThreatIntelligence', '#threatmodeling', '#devsecops', '#InfrastructureasCode']",['@omaitrika'],[],https://pbs.twimg.com/profile_images/1445484982227464206/wKdE610e_normal.jpg,https://twitter.com/AccuricsSec/status/1374399266282606598,tweet_id:1374399266282606598
Accurics by Tenable,@AccuricsSec,2021-03-22T22:12:11.000Z,False,"Employee Spotlight of the Week:  ""Why did you Join Accurics?"" #infrastructureascode #cybersecurity #techemployee #selfhealing",0,10,0,0,"['#infrastructureascode', '#cybersecurity', '#techemployee', '#selfhealing']",['@SaraJoshi17'],[],https://pbs.twimg.com/profile_images/1445484982227464206/wKdE610e_normal.jpg,https://twitter.com/AccuricsSec/status/1374121757779447814,tweet_id:1374121757779447814
Accurics by Tenable,@AccuricsSec,2021-03-22T16:08:34.000Z,False,"As new #cloudnativetechnologies accelerate innovation, the #Accurics channel program empowers #partnerorganizations to help clients #codify security throughout the development lifecycle, facilitating #selfhealing #cloudnative infrastructure. Read More: https://accurics.com/news/media-coverage/accurics-announces-channel-program-with-developer-first-approach-to-cloud-security/…",0,10,0,0,"['#cloudnativetechnologies', '#Accurics', '#partnerorganizations', '#codify', '#selfhealing', '#cloudnative']",[],[],https://pbs.twimg.com/profile_images/1445484982227464206/wKdE610e_normal.jpg,https://twitter.com/AccuricsSec/status/1374030249038540804,tweet_id:1374030249038540804
Accurics by Tenable,@AccuricsSec,2021-03-19T19:16:50.000Z,False,"The adoption of #cloudnative #technologies such as #containers, #microservices, and #immutableinfrastructure requires declarative, automated security controls in the #developmentlifecycle. Register now to hear    speak about these topics.https://sans.org/webcasts/118685?source=accurics1…",0,10,2,0,"['#cloudnative', '#technologies', '#containers', '#microservices', '#immutableinfrastructure', '#developmentlifecycle']",['@cesarrodz'],[],https://pbs.twimg.com/profile_images/1445484982227464206/wKdE610e_normal.jpg,https://twitter.com/AccuricsSec/status/1372990467327991814,tweet_id:1372990467327991814
Accurics by Tenable,@AccuricsSec,2021-03-19T18:13:00.000Z,False,"By leveraging tools that understand #Terraform file, teams can implement #securitycontrols earlier in the #development process. They can leverage #PolicyasCode tools like #Terrascan which enforce #security #bestpractices in Terraform projects. Learn more: https://accurics.com/blog/terrascan-blog/terraform-security-improving-iac-scans-with-terraform-plan-output/…",0,10,0,0,"['#Terraform', '#securitycontrols', '#development', '#PolicyasCode', '#Terrascan', '#security', '#bestpractices']",[],[],https://pbs.twimg.com/profile_images/1445484982227464206/wKdE610e_normal.jpg,https://twitter.com/AccuricsSec/status/1372974401122041856,tweet_id:1372974401122041856
Accurics by Tenable,@AccuricsSec,2021-03-19T18:49:48.000Z,False,Understand the role #containers play in #hybriddeployments as #serverless functions are on the rise: https://start.accurics.com/The-Maturation-of-Cloud-native-Security-ESG_LP-Reg.html… #devops #cloudsecurity,0,14,1,0,"['#containers', '#hybriddeployments', '#serverless', '#devops', '#cloudsecurity']",[],[],https://pbs.twimg.com/profile_images/1445484982227464206/wKdE610e_normal.jpg,https://twitter.com/AccuricsSec/status/1372983663109959681,tweet_id:1372983663109959681
Accurics by Tenable,@AccuricsSec,2021-03-18T22:28:03.000Z,False,"Missed the talk on the Evolution of On-Premise Cloud? No worries, watch the recorded version here! https://youtube.com/watch?v=MU9KglqX6uE&t=1s… #publiccloud #hybridcloud #cloudsecurity",0,11,0,0,"['#publiccloud', '#hybridcloud', '#cloudsecurity']",[],[],https://pbs.twimg.com/profile_images/1445484982227464206/wKdE610e_normal.jpg,https://twitter.com/AccuricsSec/status/1372676198598209536,tweet_id:1372676198598209536
Accurics by Tenable,@AccuricsSec,2021-03-18T18:57:13.000Z,False,"Over the last year of the pandemic, organizations accelerated their move to the cloud. This move to the cloud is the bigger driver in the adoption of #opensource. Learn More: https://accurics.com/news/media-coverage/the-rise-of-open-source-pandemic-economy-efficiency-trust/…  #developerfirst #efficiency #communitybuilding",0,11,1,0,"['#opensource', '#developerfirst', '#efficiency', '#communitybuilding']",[],[],https://pbs.twimg.com/profile_images/1445484982227464206/wKdE610e_normal.jpg,https://twitter.com/AccuricsSec/status/1372623140212207618,tweet_id:1372623140212207618
Accurics by Tenable,@AccuricsSec,2021-03-18T18:46:02.000Z,False,"Poorly configured clouds by managed #serviceproviders account for nearly a quarter of cloud security violations, exposing sensitive development pipelines to the outside world over the internet. Read More: https://lnkd.in/e4EtQKE #misconfigurations #cybersecurity #development",0,10,0,0,"['#serviceproviders', '#misconfigurations', '#cybersecurity', '#development']",[],[],https://pbs.twimg.com/profile_images/1445484982227464206/wKdE610e_normal.jpg,https://twitter.com/AccuricsSec/status/1372620324856991745,tweet_id:1372620324856991745
Accurics by Tenable,@AccuricsSec,2021-03-17T18:41:22.000Z,False,The channel partner program is for partners who share a developer-first approach to cloud security in tune with #infrastructureascode as code. We plan to expand the program to more than 30 partners this year. Read More: https://accurics.com/news/media-coverage/channel-futures-accurics-unveils-first-partner-program-for-developer-first-cloud-security/… #cybersecurity #channelpartners,0,10,0,0,"['#infrastructureascode', '#cybersecurity', '#channelpartners']",[],[],https://pbs.twimg.com/profile_images/1445484982227464206/wKdE610e_normal.jpg,https://twitter.com/AccuricsSec/status/1372256762724712449,tweet_id:1372256762724712449
Accurics by Tenable,@AccuricsSec,2021-03-16T22:12:18.000Z,False,"Register for the Day of Shecurity to hear our very own   present on ""Re-architecting Security for the GitOps Era: https://dayofshecurity.com #gitops #cybersecurity #cybersecurityevent #cloud",0,10,2,0,"['#gitops', '#cybersecurity', '#cybersecurityevent', '#cloud']",['@upacampbell'],[],https://pbs.twimg.com/profile_images/1445484982227464206/wKdE610e_normal.jpg,https://twitter.com/AccuricsSec/status/1371947459044282371,tweet_id:1371947459044282371
Accurics by Tenable,@AccuricsSec,2021-03-16T15:25:01.000Z,False,"It's an honor to partner with @imaginexconsult, a team dedicated to guiding businesses through lean app dev, DevOps, lean/agile transformation, #infosec and business consulting. https://lnkd.in/gsExQ92 #partnership #technology #devops #innovation #team",0,11,2,0,"['#infosec', '#partnership', '#technology', '#devops', '#innovation', '#team']",[],[],https://pbs.twimg.com/profile_images/1445484982227464206/wKdE610e_normal.jpg,https://twitter.com/AccuricsSec/status/1371844964028719107,tweet_id:1371844964028719107
Accurics by Tenable,@AccuricsSec,2021-03-15T21:17:45.000Z,False,"Don't forget to register!! Learn all about the recent trends in hybrid, private, and on-premise cloud. https://lnkd.in/g7gEGP7 #cybertrends #onpremisecloud #cybersecurity #iot",0,10,1,0,"['#cybertrends', '#onpremisecloud', '#cybersecurity', '#iot']",[],[],https://pbs.twimg.com/profile_images/1445484982227464206/wKdE610e_normal.jpg,https://twitter.com/AccuricsSec/status/1371571344299618304,tweet_id:1371571344299618304
Accurics by Tenable,@AccuricsSec,2021-03-15T19:19:26.000Z,False,#Developers are increasingly responsible for both the apps they develop and programmatically defining infrastructure through #infrastructureascode. It stands to reason that they will need a #programmaticapproach to #security to support their efforts. https://lnkd.in/emaZBNd,0,9,0,0,"['#Developers', '#infrastructureascode', '#programmaticapproach', '#security']",[],[],https://pbs.twimg.com/profile_images/1445484982227464206/wKdE610e_normal.jpg,https://twitter.com/AccuricsSec/status/1371541569451356161,tweet_id:1371541569451356161
Accurics by Tenable,@AccuricsSec,2021-03-15T19:09:19.000Z,False,"""While the pandemic accelerated the move to the #cloud, it also exacerbated the issues that moving to the cloud at such a rapid pace opens up, which companies are trying to understand as they gravitate towards #InfrastructureasCode"" Read More: https://accurics.com/blog/security-blog/partnering-for-developer-first-security-from-accurics-alex-ausmanas/… #cyber",0,9,0,0,"['#cloud', '#InfrastructureasCode', '#cyber']",[],[],https://pbs.twimg.com/profile_images/1445484982227464206/wKdE610e_normal.jpg,https://twitter.com/AccuricsSec/status/1371539023081050112,tweet_id:1371539023081050112
Accurics by Tenable,@AccuricsSec,2021-03-15T16:40:13.000Z,False,"We are excited to announce the launch of our Channel Partner Program! Designed for partners who share a #developerfirst philosophy, we are thrilled to empower organizations and help them codify #security. Read More: https://accurics.com/news/press-release/accurics-launches-comprehensive-channel-program-with-unique-developer-first-approach-to-cloud-security/…  #cybersecurity #infosec",0,15,1,0,"['#developerfirst', '#security', '#cybersecurity', '#infosec']",[],[],https://pbs.twimg.com/profile_images/1445484982227464206/wKdE610e_normal.jpg,https://twitter.com/AccuricsSec/status/1371501499029745665,tweet_id:1371501499029745665
Accurics by Tenable,@AccuricsSec,2021-03-12T17:19:07.000Z,False,"While some organizations have been able to move to consuming purely #publiccloud services, most have used some mixture of running cloud services. Register for this talk to learn the unique aspects of #securing these platforms. https://lnkd.in/g7gEGP7 #cybersecurity",0,13,3,0,"['#publiccloud', '#securing', '#cybersecurity']",[],[],https://pbs.twimg.com/profile_images/1445484982227464206/wKdE610e_normal.jpg,https://twitter.com/AccuricsSec/status/1370424127761260545,tweet_id:1370424127761260545
Accurics by Tenable,@AccuricsSec,2021-03-12T16:53:59.000Z,False,"""Why did you join Accurics?"" Our new addition on our sales team shares his thoughts. Welcome to the team Anthony! We are excited to have you on board! 

Learn more: https://accurics.com #accurics #cybersecuritystartup #selfhealing #shiftingleft",0,10,2,0,"['#accurics', '#cybersecuritystartup', '#selfhealing', '#shiftingleft']",[],[],https://pbs.twimg.com/profile_images/1445484982227464206/wKdE610e_normal.jpg,https://twitter.com/AccuricsSec/status/1370417798996840451,tweet_id:1370417798996840451
Accurics by Tenable,@AccuricsSec,2021-03-11T21:53:59.000Z,False,Nearly 2 billion records were exfiltrated in recent #cloudbreaches. Can breach paths be detected even before clouds are built? Learn how #DevSecOps processes can predict #breachpaths. Register now: https://sans.org/webcasts/118345?source=sponsor… #cloudsecurity,0,11,2,0,"['#cloudbreaches', '#DevSecOps', '#breachpaths', '#cloudsecurity']",[],[],https://pbs.twimg.com/profile_images/1445484982227464206/wKdE610e_normal.jpg,https://twitter.com/AccuricsSec/status/1370130911400919046,tweet_id:1370130911400919046
Accurics by Tenable,@AccuricsSec,2021-03-11T22:00:09.000Z,False,"As adoption of managed infrastructure services increases, new cloud attack areas arrive with them. Read to find out more: https://cloudcomputing-news.net/news/2021/feb/25/cloud-security-fears-continue-managed-services-messaging-faas-at-perilous-stage/…  #cloudapplications #infrastructureservices #cloudsecurity #cloudcomputing #infrastructureascode",0,12,1,0,"['#cloudapplications', '#infrastructureservices', '#cloudsecurity', '#cloudcomputing', '#infrastructureascode']",[],[],https://pbs.twimg.com/profile_images/1445484982227464206/wKdE610e_normal.jpg,https://twitter.com/AccuricsSec/status/1370132461955379201,tweet_id:1370132461955379201
Russell Hubby,@R_Hubby,2021-03-11T22:16:36.000Z,False,https://lnkd.in/eDdxPD8,0,0,0,0,[],[],[],https://pbs.twimg.com/profile_images/1600852099469910017/IsZday39_normal.jpg,https://twitter.com/R_Hubby/status/1370136600022282242,tweet_id:1370136600022282242
Accurics by Tenable,@AccuricsSec,2021-03-11T17:15:11.000Z,False,"Secure-by-default settings make it easier (and safer) to onboard cloud-native technologies. Other environments however, are not as well guarded. Read More: https://accurics.com/news/media-coverage/insecure-defaults-remain-a-threat-for-kubernetes/…  #cloudnative #cloudapplications #istiomesh",0,10,0,0,"['#cloudnative', '#cloudapplications', '#istiomesh']",[],[],https://pbs.twimg.com/profile_images/1445484982227464206/wKdE610e_normal.jpg,https://twitter.com/AccuricsSec/status/1370060747888226311,tweet_id:1370060747888226311
Accurics by Tenable,@AccuricsSec,2021-03-10T18:00:49.000Z,False,Poorly configured and managed cloud services continue to threaten the security of cloud #development projects. Read more: https://accurics.com/news/media-coverage/cloud-misconfiguration-still-a-big-security-problem-report-finds/…  #securitymisconfigurations #cybersecurity,0,15,1,0,"['#development', '#securitymisconfigurations', '#cybersecurity']",[],[],https://pbs.twimg.com/profile_images/1445484982227464206/wKdE610e_normal.jpg,https://twitter.com/AccuricsSec/status/1369709843401994240,tweet_id:1369709843401994240
Accurics by Tenable,@AccuricsSec,2021-03-09T22:00:44.000Z,False,What Does A Programmatic Approach To Infrastructure As Code Security Entail? Read this riveting blog by  to learn more: https://accurics.com/blog/security-blog/programmatic-infrastructure-as-code-security/… #infrastructureascode #cyberrisk #runtime,0,10,0,0,"['#infrastructureascode', '#cyberrisk', '#runtime']",['@lauraleapaine'],[],https://pbs.twimg.com/profile_images/1445484982227464206/wKdE610e_normal.jpg,https://twitter.com/AccuricsSec/status/1369407833809248261,tweet_id:1369407833809248261
Accurics by Tenable,@AccuricsSec,2021-03-09T22:11:25.000Z,True,#kubernetes is all about the API and its ability to receive events and to have controllers that listen to those events. #containersecurity #api,0,9,0,0,"['#kubernetes', '#containersecurity', '#api']",[],[],https://pbs.twimg.com/profile_images/1445484982227464206/wKdE610e_normal.jpg,https://twitter.com/AccuricsSec/status/1369410521364041745,tweet_id:1369410521364041745
Accurics by Tenable,@AccuricsSec,2021-03-09T19:24:25.000Z,False,"If dev teams are not careful when they use #infrastructureascode, experts warn, they could be maliciously exploited to perpetrate #wateringhole and supply chain attacks like the one that impacted #SolarWinds. Read More: https://accurics.com/news/media-coverage/cloud-based-dev-teams-shift-security-left-to-avoid-being-the-next-solarwinds/… #cyberriskassessment",0,9,0,0,"['#infrastructureascode', '#wateringhole', '#SolarWinds', '#cyberriskassessment']",[],[],https://pbs.twimg.com/profile_images/1445484982227464206/wKdE610e_normal.jpg,https://twitter.com/AccuricsSec/status/1369368495193006089,tweet_id:1369368495193006089
Accurics by Tenable,@AccuricsSec,2021-03-09T17:18:55.000Z,False,"Explore common program maturity gaps that invite #misconfigurations, reduce consistency, and compromise visibility. Download the report now! https://start.accurics.com/The-Maturation-of-Cloud-native-Security-ESG_LP-Reg.html… #cloudsecurity #cybersecurity #helm #threatmodeling",0,13,1,0,"['#misconfigurations', '#cloudsecurity', '#cybersecurity', '#helm', '#threatmodeling']",[],[],https://pbs.twimg.com/profile_images/1445484982227464206/wKdE610e_normal.jpg,https://twitter.com/AccuricsSec/status/1369336911202983939,tweet_id:1369336911202983939
Accurics by Tenable,@AccuricsSec,2021-03-08T23:57:42.000Z,False,Register for the SANS National Summit and hear  speak about Neutralizing #BreachPaths with #CyberThreatIntelligenceRegister NOW!! https://sans.org/webcasts/118345?source=sponsor… #cybersecurity #netwars,0,12,2,0,"['#BreachPaths', '#CyberThreatIntelligence', '#cybersecurity', '#netwars']",['@omaitrika'],[],https://pbs.twimg.com/profile_images/1445484982227464206/wKdE610e_normal.jpg,https://twitter.com/AccuricsSec/status/1369074882479157252,tweet_id:1369074882479157252
Accurics by Tenable,@AccuricsSec,2021-03-08T19:47:01.000Z,False,"#Cloudnativeapps and services are more vital than ever before, and any #risk in the infrastructure has critical implications. Read More: https://globalsecuritymag.com/Evolving-Risks-Insecure-Defaults,20210227,108699.html… #cybersecurity #infrastructureascode #technology #computersecurity #informationtechnology #datasecurity",0,11,0,0,"['#Cloudnativeapps', '#risk', '#cybersecurity', '#infrastructureascode', '#technology', '#computersecurity', '#informationtechnology', '#datasecurity']",[],[],https://pbs.twimg.com/profile_images/1445484982227464206/wKdE610e_normal.jpg,https://twitter.com/AccuricsSec/status/1369011794598010882,tweet_id:1369011794598010882
