manager,package_name,snyk_link,security_score,affected_version,install_type,cve,cwe,fix_method,overview,update_date,package_type,ref_links,Attack Vector (AV),Attack Complexity (AC),Attack Requirements (AT),Privileges Required (PR),User Interaction (UI),Confidentiality (VC),Integrity (VI),Availability (VA),Confidentiality (SC),Integrity (SI),Availability (SA)
npm,@avaldigitallabs/adl-pfm-lib-web-components,https://security.snyk.io/vuln/SNYK-JS-AVALDIGITALLABSADLPFMLIBWEBCOMPONENTS-7654178,9.3,*,npm,CVE NOT AVAILABLE,CWE-506,Avoid using all malicious instances of the @avaldigitallabs/adl-pfm-lib-web-components package.,"@avaldigitallabs/adl-pfm-lib-web-components is a malicious package. This package contains malicious code, and its content was removed from the official package manager. While this package might be attempting to impersonate a valid organization, there is no connection between that organization and this package authorship.",INTRODUCED: 9 AUG 2024,MALICIOUS,NPM Security Placeholder: https://npmjs.com/package/@avaldigitallabs/adl-pfm-lib-web-components,Network,Low,None,None,None,High,High,High,None,None,None
npm,@adidas-data-mesh/consumer-journey,https://security.snyk.io/vuln/SNYK-JS-ADIDASDATAMESHCONSUMERJOURNEY-7654177,9.3,*,npm,CVE NOT AVAILABLE,CWE-506,Avoid using all malicious instances of the @adidas-data-mesh/consumer-journey package.,"@adidas-data-mesh/consumer-journey is a malicious package. This package contains malicious code, and its content was removed from the official package manager. While this package might be attempting to impersonate a valid organization, there is no connection between that organization and this package authorship.",INTRODUCED: 9 AUG 2024,MALICIOUS,NPM Security Placeholder: https://npmjs.com/package/@adidas-data-mesh/consumer-journey,Network,Low,None,None,None,High,High,High,None,None,None
npm,@adidas-data-mesh/common,https://security.snyk.io/vuln/SNYK-JS-ADIDASDATAMESHCOMMON-7654176,9.3,*,npm,CVE NOT AVAILABLE,CWE-506,Avoid using all malicious instances of the @adidas-data-mesh/common package.,"@adidas-data-mesh/common is a malicious package. This package contains malicious code, and its content was removed from the official package manager. While this package might be attempting to impersonate a valid organization, there is no connection between that organization and this package authorship.",INTRODUCED: 9 AUG 2024,MALICIOUS,NPM Security Placeholder: https://npmjs.com/package/@adidas-data-mesh/common,Network,Low,None,None,None,High,High,High,None,None,None
npm,module-utils,https://security.snyk.io/vuln/SNYK-JS-MODULEUTILS-7650138,9.3,*,npm,CVE NOT AVAILABLE,CWE-506,Avoid using all malicious instances of the module-utils package.,"module-utils is a malicious package. This package contains malicious code, and its content was removed from the official package manager. While this package might be attempting to impersonate a valid organization, there is no connection between that organization and this package authorship.",INTRODUCED: 8 AUG 2024,MALICIOUS,NPM Security Placeholder: https://npmjs.com/package/module-utils,Network,Low,None,None,None,Low,Low,Low,None,None,None
npm,uitk-react-date-selector,https://security.snyk.io/vuln/SNYK-JS-UITKREACTDATESELECTOR-7650137,9.3,*,npm,CVE NOT AVAILABLE,CWE-506,Avoid using all malicious instances of the uitk-react-date-selector package.,"uitk-react-date-selector is a malicious package. This package contains malicious code, and its content was removed from the official package manager. While this package might be attempting to impersonate a valid organization, there is no connection between that organization and this package authorship.",INTRODUCED: 8 AUG 2024,MALICIOUS,NPM Security Placeholder: https://npmjs.com/package/uitk-react-date-selector,Network,Low,None,None,None,Low,Low,Low,None,None,None
npm,mma-mfe,https://security.snyk.io/vuln/SNYK-JS-MMAMFE-7650136,9.3,*,npm,CVE NOT AVAILABLE,CWE-506,Avoid using all malicious instances of the mma-mfe package.,"mma-mfe is a malicious package. This package contains malicious code, and its content was removed from the official package manager. While this package might be attempting to impersonate a valid organization, there is no connection between that organization and this package authorship.",INTRODUCED: 8 AUG 2024,MALICIOUS,GitHub Advisory: https://github.com/advisories/GHSA-66vm-vhp5-gjcj; NPM Security Placeholder: https://npmjs.com/package/mma-mfe,Network,Low,None,None,None,Low,Low,Low,None,None,None
npm,uitk-react-experimental-button-tabs,https://security.snyk.io/vuln/SNYK-JS-UITKREACTEXPERIMENTALBUTTONTABS-7650135,9.3,*,npm,CVE NOT AVAILABLE,CWE-506,Avoid using all malicious instances of the uitk-react-experimental-button-tabs package.,"uitk-react-experimental-button-tabs is a malicious package. This package contains malicious code, and its content was removed from the official package manager. While this package might be attempting to impersonate a valid organization, there is no connection between that organization and this package authorship.",INTRODUCED: 8 AUG 2024,MALICIOUS,NPM Security Placeholder: https://npmjs.com/package/uitk-react-experimental-button-tabs,Network,Low,None,None,None,Low,Low,Low,None,None,None
npm,click-action-framework,https://security.snyk.io/vuln/SNYK-JS-CLICKACTIONFRAMEWORK-7650134,9.3,*,npm,CVE NOT AVAILABLE,CWE-506,Avoid using all malicious instances of the click-action-framework package.,"click-action-framework is a malicious package. This package contains malicious code, and its content was removed from the official package manager. While this package might be attempting to impersonate a valid organization, there is no connection between that organization and this package authorship.",INTRODUCED: 8 AUG 2024,MALICIOUS,NPM Security Placeholder: https://npmjs.com/package/click-action-framework,Network,Low,None,None,None,Low,Low,Low,None,None,None
npm,syf-js-utilities,https://security.snyk.io/vuln/SNYK-JS-SYFJSUTILITIES-7650133,9.3,*,npm,CVE NOT AVAILABLE,CWE-506,Avoid using all malicious instances of the syf-js-utilities package.,"syf-js-utilities is a malicious package. This package contains malicious code, and its content was removed from the official package manager. While this package might be attempting to impersonate a valid organization, there is no connection between that organization and this package authorship.",INTRODUCED: 8 AUG 2024,MALICIOUS,NPM Security Placeholder: https://npmjs.com/package/syf-js-utilities,Network,Low,None,None,None,Low,Low,Low,None,None,None
npm,iva-react-web-ui,https://security.snyk.io/vuln/SNYK-JS-IVAREACTWEBUI-7650132,9.3,*,npm,CVE NOT AVAILABLE,CWE-506,Avoid using all malicious instances of the iva-react-web-ui package.,"iva-react-web-ui is a malicious package. This package contains malicious code, and its content was removed from the official package manager. While this package might be attempting to impersonate a valid organization, there is no connection between that organization and this package authorship.",INTRODUCED: 8 AUG 2024,MALICIOUS,NPM Security Placeholder: https://npmjs.com/package/iva-react-web-ui,Network,Low,None,None,None,Low,Low,Low,None,None,None
npm,ember-unified-navbar-360,https://security.snyk.io/vuln/SNYK-JS-EMBERUNIFIEDNAVBAR360-7650131,9.3,*,npm,CVE NOT AVAILABLE,CWE-506,Avoid using all malicious instances of the ember-unified-navbar-360 package.,"ember-unified-navbar-360 is a malicious package. This package contains malicious code, and its content was removed from the official package manager. While this package might be attempting to impersonate a valid organization, there is no connection between that organization and this package authorship.",INTRODUCED: 8 AUG 2024,MALICIOUS,NPM Security Placeholder: https://npmjs.com/package/ember-unified-navbar-360,Network,Low,None,None,None,Low,Low,Low,None,None,None
npm,authorization-module,https://security.snyk.io/vuln/SNYK-JS-AUTHORIZATIONMODULE-7650130,9.3,*,npm,CVE NOT AVAILABLE,CWE-506,Avoid using all malicious instances of the authorization-module package.,"authorization-module is a malicious package. This package contains malicious code, and its content was removed from the official package manager. While this package might be attempting to impersonate a valid organization, there is no connection between that organization and this package authorship.",INTRODUCED: 8 AUG 2024,MALICIOUS,NPM Security Placeholder: https://npmjs.com/package/authorization-module,Network,Low,None,None,None,Low,Low,Low,None,None,None
npm,advertising-api-javascript-client,https://security.snyk.io/vuln/SNYK-JS-ADVERTISINGAPIJAVASCRIPTCLIENT-7650129,9.3,*,npm,CVE NOT AVAILABLE,CWE-506,Avoid using all malicious instances of the advertising-api-javascript-client package.,"advertising-api-javascript-client is a malicious package. This package contains malicious code, and its content was removed from the official package manager. While this package might be attempting to impersonate a valid organization, there is no connection between that organization and this package authorship.",INTRODUCED: 8 AUG 2024,MALICIOUS,NPM Security Placeholder: https://npmjs.com/package/advertising-api-javascript-client,Network,Low,None,None,None,Low,Low,Low,None,None,None
npm,resumecom-validations,https://security.snyk.io/vuln/SNYK-JS-RESUMECOMVALIDATIONS-7647425,9.3,*,npm,CVE NOT AVAILABLE,CWE-506,Avoid using all malicious instances of the resumecom-validations package.,"resumecom-validations is a malicious package. This package contains malicious code, and its content was removed from the official package manager. While this package might be attempting to impersonate a valid organization, there is no connection between that organization and this package authorship.",INTRODUCED: 8 AUG 2024,MALICIOUS,NPM Security Placeholder: https://npmjs.com/package/resumecom-validations,Network,Low,None,None,None,High,High,High,None,None,None
npm,statements-mfe,https://security.snyk.io/vuln/SNYK-JS-STATEMENTSMFE-7647424,9.3,*,npm,CVE NOT AVAILABLE,CWE-506,Avoid using all malicious instances of the statements-mfe package.,"statements-mfe is a malicious package. This package contains malicious code, and its content was removed from the official package manager. While this package might be attempting to impersonate a valid organization, there is no connection between that organization and this package authorship.",INTRODUCED: 8 AUG 2024,MALICIOUS,NPM Security Placeholder: https://npmjs.com/package/statements-mfe,Network,Low,None,None,None,High,High,High,None,None,None
npm,fieorusls,https://security.snyk.io/vuln/SNYK-JS-FIEORUSLS-7647423,9.3,*,npm,CVE NOT AVAILABLE,CWE-506,Avoid using all malicious instances of the fieorusls package.,"fieorusls is a malicious package. This package contains malicious code, and its content was removed from the official package manager. While this package might be attempting to impersonate a valid organization, there is no connection between that organization and this package authorship.",INTRODUCED: 8 AUG 2024,MALICIOUS,NPM Security Placeholder: https://npmjs.com/package/fieorusls,Network,Low,None,None,None,High,High,High,None,None,None
npm,woodiorers,https://security.snyk.io/vuln/SNYK-JS-WOODIORERS-7647422,9.3,*,npm,CVE NOT AVAILABLE,CWE-506,Avoid using all malicious instances of the woodiorers package.,"woodiorers is a malicious package. This package contains malicious code, and its content was removed from the official package manager. While this package might be attempting to impersonate a valid organization, there is no connection between that organization and this package authorship.",INTRODUCED: 8 AUG 2024,MALICIOUS,NPM Security Placeholder: https://npmjs.com/package/woodiorers,Network,Low,None,None,None,High,High,High,None,None,None
npm,hioesjri,https://security.snyk.io/vuln/SNYK-JS-HIOESJRI-7647421,9.3,*,npm,CVE NOT AVAILABLE,CWE-506,Avoid using all malicious instances of the hioesjri package.,"hioesjri is a malicious package. This package contains malicious code, and its content was removed from the official package manager. While this package might be attempting to impersonate a valid organization, there is no connection between that organization and this package authorship.",INTRODUCED: 8 AUG 2024,MALICIOUS,NPM Security Placeholder: https://npmjs.com/package/hioesjri,Network,Low,None,None,None,High,High,High,None,None,None
npm,kiwoeslw,https://security.snyk.io/vuln/SNYK-JS-KIWOESLW-7647420,9.3,*,npm,CVE NOT AVAILABLE,CWE-506,Avoid using all malicious instances of the kiwoeslw package.,"kiwoeslw is a malicious package. This package contains malicious code, and its content was removed from the official package manager. While this package might be attempting to impersonate a valid organization, there is no connection between that organization and this package authorship.",INTRODUCED: 8 AUG 2024,MALICIOUS,NPM Security Placeholder: https://npmjs.com/package/kiwoeslw,Network,Low,None,None,None,High,High,High,None,None,None
npm,gilbriatedir,https://security.snyk.io/vuln/SNYK-JS-GILBRIATEDIR-7647419,9.3,*,npm,CVE NOT AVAILABLE,CWE-506,Avoid using all malicious instances of the gilbriatedir package.,"gilbriatedir is a malicious package. This package contains malicious code, and its content was removed from the official package manager. While this package might be attempting to impersonate a valid organization, there is no connection between that organization and this package authorship.",INTRODUCED: 8 AUG 2024,MALICIOUS,NPM Security Placeholder: https://npmjs.com/package/gilbriatedir,Network,Low,None,None,None,High,High,High,None,None,None
npm,ooflienro,https://security.snyk.io/vuln/SNYK-JS-OOFLIENRO-7647418,9.3,*,npm,CVE NOT AVAILABLE,CWE-506,Avoid using all malicious instances of the ooflienro package.,"ooflienro is a malicious package. This package contains malicious code, and its content was removed from the official package manager. While this package might be attempting to impersonate a valid organization, there is no connection between that organization and this package authorship.",INTRODUCED: 8 AUG 2024,MALICIOUS,NPM Security Placeholder: https://npmjs.com/package/ooflienro,Network,Low,None,None,None,High,High,High,None,None,None
npm,towieur,https://security.snyk.io/vuln/SNYK-JS-TOWIEUR-7647417,9.3,*,npm,CVE NOT AVAILABLE,CWE-506,Avoid using all malicious instances of the towieur package.,"towieur is a malicious package. This package contains malicious code, and its content was removed from the official package manager. While this package might be attempting to impersonate a valid organization, there is no connection between that organization and this package authorship.",INTRODUCED: 8 AUG 2024,MALICIOUS,NPM Security Placeholder: https://npmjs.com/package/towieur,Network,Low,None,None,None,High,High,High,None,None,None
npm,uewopdn,https://security.snyk.io/vuln/SNYK-JS-UEWOPDN-7647416,9.3,*,npm,CVE NOT AVAILABLE,CWE-506,Avoid using all malicious instances of the uewopdn package.,"uewopdn is a malicious package. This package contains malicious code, and its content was removed from the official package manager. While this package might be attempting to impersonate a valid organization, there is no connection between that organization and this package authorship.",INTRODUCED: 8 AUG 2024,MALICIOUS,GitHub Advisory: https://github.com/advisories/GHSA-85f4-vq7m-9w7r; NPM Security Placeholder: https://npmjs.com/package/uewopdn,Network,Low,None,None,None,High,High,High,None,None,None
npm,teiwosjd,https://security.snyk.io/vuln/SNYK-JS-TEIWOSJD-7647415,9.3,*,npm,CVE NOT AVAILABLE,CWE-506,Avoid using all malicious instances of the teiwosjd package.,"teiwosjd is a malicious package. This package contains malicious code, and its content was removed from the official package manager. While this package might be attempting to impersonate a valid organization, there is no connection between that organization and this package authorship.",INTRODUCED: 8 AUG 2024,MALICIOUS,NPM Security Placeholder: https://npmjs.com/package/teiwosjd,Network,Low,None,None,None,High,High,High,None,None,None
npm,nioskdue,https://security.snyk.io/vuln/SNYK-JS-NIOSKDUE-7647414,9.3,*,npm,CVE NOT AVAILABLE,CWE-506,Avoid using all malicious instances of the nioskdue package.,"nioskdue is a malicious package. This package contains malicious code, and its content was removed from the official package manager. While this package might be attempting to impersonate a valid organization, there is no connection between that organization and this package authorship.",INTRODUCED: 8 AUG 2024,MALICIOUS,NPM Security Placeholder: https://npmjs.com/package/nioskdue,Network,Low,None,None,None,High,High,High,None,None,None
npm,yuriosid,https://security.snyk.io/vuln/SNYK-JS-YURIOSID-7647413,9.3,*,npm,CVE NOT AVAILABLE,CWE-506,Avoid using all malicious instances of the yuriosid package.,"yuriosid is a malicious package. This package contains malicious code, and its content was removed from the official package manager. While this package might be attempting to impersonate a valid organization, there is no connection between that organization and this package authorship.",INTRODUCED: 8 AUG 2024,MALICIOUS,NPM Security Placeholder: https://npmjs.com/package/yuriosid,Network,Low,None,None,None,High,High,High,None,None,None
npm,jiworis,https://security.snyk.io/vuln/SNYK-JS-JIWORIS-7647412,9.3,*,npm,CVE NOT AVAILABLE,CWE-506,Avoid using all malicious instances of the jiworis package.,"jiworis is a malicious package. This package contains malicious code, and its content was removed from the official package manager. While this package might be attempting to impersonate a valid organization, there is no connection between that organization and this package authorship.",INTRODUCED: 8 AUG 2024,MALICIOUS,NPM Security Placeholder: https://npmjs.com/package/jiworis,Network,Low,None,None,None,High,High,High,None,None,None
npm,egds-tools,https://security.snyk.io/vuln/SNYK-JS-EGDSTOOLS-7647411,9.3,*,npm,CVE NOT AVAILABLE,CWE-506,Avoid using all malicious instances of the egds-tools package.,"egds-tools is a malicious package. This package contains malicious code, and its content was removed from the official package manager. While this package might be attempting to impersonate a valid organization, there is no connection between that organization and this package authorship.",INTRODUCED: 8 AUG 2024,MALICIOUS,NPM Security Placeholder: https://npmjs.com/package/egds-tools,Network,Low,None,None,None,High,High,High,None,None,None
npm,syf-component-library,https://security.snyk.io/vuln/SNYK-JS-SYFCOMPONENTLIBRARY-7647410,9.3,*,npm,CVE NOT AVAILABLE,CWE-506,Avoid using all malicious instances of the syf-component-library package.,"syf-component-library is a malicious package. This package contains malicious code, and its content was removed from the official package manager. While this package might be attempting to impersonate a valid organization, there is no connection between that organization and this package authorship.",INTRODUCED: 8 AUG 2024,MALICIOUS,NPM Security Placeholder: https://npmjs.com/package/syf-component-library,Network,Low,None,None,None,High,High,High,None,None,None
pip,sol-instruct,https://security.snyk.io/vuln/SNYK-PYTHON-SOLINSTRUCT-7578266,9.3,"[0,]",pip,CVE NOT AVAILABLE,CWE-506,Avoid using all malicious instances of the sol-instruct package.,sol-instruct is a malicious package. This package contains malicious code that targets cryptocurrency users involved with Sloana and Raydium in order to drain victims' crypto wallets.,INTRODUCED: 5 AUG 2024,MALICIOUS,Checkmarx Blog: https://checkmarx.com/blog/stackexchange-abused-to-spread-malicious-python-package-that-drains-victims-crypto-wallets/,Network,Low,None,None,None,High,High,High,None,None,None
pip,raydium-sdk,https://security.snyk.io/vuln/SNYK-PYTHON-RAYDIUMSDK-7578265,9.3,"[0,]",pip,CVE NOT AVAILABLE,CWE-506,Avoid using all malicious instances of the raydium-sdk package.,raydium-sdk is a malicious package. This package contains malicious code that targets cryptocurrency users involved with Sloana and Raydium in order to drain victims' crypto wallets.,INTRODUCED: 5 AUG 2024,MALICIOUS,Checkmarx Blog: https://checkmarx.com/blog/stackexchange-abused-to-spread-malicious-python-package-that-drains-victims-crypto-wallets/,Network,Low,None,None,None,High,High,High,None,None,None
pip,sol-structs,https://security.snyk.io/vuln/SNYK-PYTHON-SOLSTRUCTS-7578264,9.3,"[0,]",pip,CVE NOT AVAILABLE,CWE-506,Avoid using all malicious instances of the sol-structs package.,sol-structs is a malicious package. This package contains malicious code that targets cryptocurrency users involved with Sloana and Raydium in order to drain victims' crypto wallets.,INTRODUCED: 5 AUG 2024,MALICIOUS,Checkmarx Blog: https://checkmarx.com/blog/stackexchange-abused-to-spread-malicious-python-package-that-drains-victims-crypto-wallets/,Network,Low,None,None,None,High,High,High,None,None,None
pip,raydium,https://security.snyk.io/vuln/SNYK-PYTHON-RAYDIUM-7578263,9.3,"[0,]",pip,CVE NOT AVAILABLE,CWE-506,Avoid using all malicious instances of the raydium package.,raydium is a malicious package. This package contains malicious code that targets cryptocurrency users involved with Sloana and Raydium in order to drain victims' crypto wallets.,INTRODUCED: 5 AUG 2024,MALICIOUS,Checkmarx Blog: https://checkmarx.com/blog/stackexchange-abused-to-spread-malicious-python-package-that-drains-victims-crypto-wallets/,Network,Low,None,None,None,High,High,High,None,None,None
pip,spl-types,https://security.snyk.io/vuln/SNYK-PYTHON-SPLTYPES-7578262,9.3,"[0,]",pip,CVE NOT AVAILABLE,CWE-506,Avoid using all malicious instances of the spl-types package.,spl-types is a malicious package. This package contains malicious code that targets cryptocurrency users involved with Sloana and Raydium in order to drain victims' crypto wallets.,INTRODUCED: 5 AUG 2024,MALICIOUS,Checkmarx Blog: https://checkmarx.com/blog/stackexchange-abused-to-spread-malicious-python-package-that-drains-victims-crypto-wallets/,Network,Low,None,None,None,High,High,High,None,None,None
npm,@polycard/claim,https://security.snyk.io/vuln/SNYK-JS-POLYCARDCLAIM-7647409,9.3,*,npm,CVE NOT AVAILABLE,CWE-506,Avoid using all malicious instances of the @polycard/claim package.,"@polycard/claim is a malicious package. This package contains malicious code, and its content was removed from the official package manager. While this package might be attempting to impersonate a valid organization, there is no connection between that organization and this package authorship.",INTRODUCED: 8 AUG 2024,MALICIOUS,NPM Security Placeholder: https://npmjs.com/package/@polycard/claim,Network,Low,None,None,None,High,High,High,None,None,None
npm,desttestdsfasdfsdsds,https://security.snyk.io/vuln/SNYK-JS-DESTTESTDSFASDFSDSDS-7647408,9.3,*,npm,CVE NOT AVAILABLE,CWE-506,Avoid using all malicious instances of the desttestdsfasdfsdsds package.,"desttestdsfasdfsdsds is a malicious package. This package contains malicious code, and its content was removed from the official package manager. While this package might be attempting to impersonate a valid organization, there is no connection between that organization and this package authorship.",INTRODUCED: 8 AUG 2024,MALICIOUS,NPM Security Placeholder: https://npmjs.com/package/desttestdsfasdfsdsds,Network,Low,None,None,None,High,High,High,None,None,None
npm,bankrate-iconographynope,https://security.snyk.io/vuln/SNYK-JS-BANKRATEICONOGRAPHYNOPE-7647407,9.3,*,npm,CVE NOT AVAILABLE,CWE-506,Avoid using all malicious instances of the bankrate-iconographynope package.,"bankrate-iconographynope is a malicious package. This package contains malicious code, and its content was removed from the official package manager. While this package might be attempting to impersonate a valid organization, there is no connection between that organization and this package authorship.",INTRODUCED: 8 AUG 2024,MALICIOUS,NPM Security Placeholder: https://npmjs.com/package/bankrate-iconographynope,Network,Low,None,None,None,High,High,High,None,None,None
npm,make-a-payment,https://security.snyk.io/vuln/SNYK-JS-MAKEAPAYMENT-7647406,9.3,*,npm,CVE NOT AVAILABLE,CWE-506,Avoid using all malicious instances of the make-a-payment package.,"make-a-payment is a malicious package. This package contains malicious code, and its content was removed from the official package manager. While this package might be attempting to impersonate a valid organization, there is no connection between that organization and this package authorship.",INTRODUCED: 8 AUG 2024,MALICIOUS,NPM Security Placeholder: https://npmjs.com/package/make-a-payment,Network,Low,None,None,None,High,High,High,None,None,None
npm,bernie-plugin-controllers,https://security.snyk.io/vuln/SNYK-JS-BERNIEPLUGINCONTROLLERS-7647405,9.3,*,npm,CVE NOT AVAILABLE,CWE-506,Avoid using all malicious instances of the bernie-plugin-controllers package.,"bernie-plugin-controllers is a malicious package. This package contains malicious code, and its content was removed from the official package manager. While this package might be attempting to impersonate a valid organization, there is no connection between that organization and this package authorship.",INTRODUCED: 8 AUG 2024,MALICIOUS,NPM Security Placeholder: https://npmjs.com/package/bernie-plugin-controllers,Network,Low,None,None,None,High,High,High,None,None,None
npm,weather-git-premium,https://security.snyk.io/vuln/SNYK-JS-WEATHERGITPREMIUM-7647404,9.3,*,npm,CVE NOT AVAILABLE,CWE-506,Avoid using all malicious instances of the weather-git-premium package.,"weather-git-premium is a malicious package. This package contains malicious code, and its content was removed from the official package manager. While this package might be attempting to impersonate a valid organization, there is no connection between that organization and this package authorship.",INTRODUCED: 8 AUG 2024,MALICIOUS,NPM Security Placeholder: https://npmjs.com/package/weather-git-premium,Network,Low,None,None,None,High,High,High,None,None,None
npm,react-hook-form-7,https://security.snyk.io/vuln/SNYK-JS-REACTHOOKFORM7-7647403,9.3,*,npm,CVE NOT AVAILABLE,CWE-506,Avoid using all malicious instances of the react-hook-form-7 package.,"react-hook-form-7 is a malicious package. This package contains malicious code, and its content was removed from the official package manager. While this package might be attempting to impersonate a valid organization, there is no connection between that organization and this package authorship.",INTRODUCED: 8 AUG 2024,MALICIOUS,NPM Security Placeholder: https://npmjs.com/package/react-hook-form-7,Network,Low,None,None,None,High,High,High,None,None,None
npm,bankrate-htr,https://security.snyk.io/vuln/SNYK-JS-BANKRATEHTR-7647402,9.3,*,npm,CVE NOT AVAILABLE,CWE-506,Avoid using all malicious instances of the bankrate-htr package.,"bankrate-htr is a malicious package. This package contains malicious code, and its content was removed from the official package manager. While this package might be attempting to impersonate a valid organization, there is no connection between that organization and this package authorship.",INTRODUCED: 8 AUG 2024,MALICIOUS,NPM Security Placeholder: https://npmjs.com/package/bankrate-htr,Network,Low,None,None,None,High,High,High,None,None,None
npm,uitk-react-scrollable,https://security.snyk.io/vuln/SNYK-JS-UITKREACTSCROLLABLE-7647401,9.3,*,npm,CVE NOT AVAILABLE,CWE-506,Avoid using all malicious instances of the uitk-react-scrollable package.,"uitk-react-scrollable is a malicious package. This package contains malicious code, and its content was removed from the official package manager. While this package might be attempting to impersonate a valid organization, there is no connection between that organization and this package authorship.",INTRODUCED: 8 AUG 2024,MALICIOUS,NPM Security Placeholder: https://npmjs.com/package/uitk-react-scrollable,Network,Low,None,None,None,High,High,High,None,None,None
npm,ampersend-mymove,https://security.snyk.io/vuln/SNYK-JS-AMPERSENDMYMOVE-7647400,9.3,*,npm,CVE NOT AVAILABLE,CWE-506,Avoid using all malicious instances of the ampersend-mymove package.,"ampersend-mymove is a malicious package. This package contains malicious code, and its content was removed from the official package manager. While this package might be attempting to impersonate a valid organization, there is no connection between that organization and this package authorship.",INTRODUCED: 8 AUG 2024,MALICIOUS,NPM Security Placeholder: https://npmjs.com/package/ampersend-mymove,Network,Low,None,None,None,High,High,High,None,None,None
npm,dx-virtual-assistent-sdk,https://security.snyk.io/vuln/SNYK-JS-DXVIRTUALASSISTENTSDK-7647399,9.3,*,npm,CVE NOT AVAILABLE,CWE-506,Avoid using all malicious instances of the dx-virtual-assistent-sdk package.,"dx-virtual-assistent-sdk is a malicious package. This package contains malicious code, and its content was removed from the official package manager. While this package might be attempting to impersonate a valid organization, there is no connection between that organization and this package authorship.",INTRODUCED: 8 AUG 2024,MALICIOUS,NPM Security Placeholder: https://npmjs.com/package/dx-virtual-assistent-sdk,Network,Low,None,None,None,High,High,High,None,None,None
npm,orion-all-6.0.2,https://security.snyk.io/vuln/SNYK-JS-ORIONALL602-7647398,9.3,*,npm,CVE NOT AVAILABLE,CWE-506,Avoid using all malicious instances of the orion-all-6.0.2 package.,"orion-all-6.0.2 is a malicious package. This package contains malicious code, and its content was removed from the official package manager. While this package might be attempting to impersonate a valid organization, there is no connection between that organization and this package authorship.",INTRODUCED: 8 AUG 2024,MALICIOUS,NPM Security Placeholder: https://npmjs.com/package/orion-all-6.0.2,Network,Low,None,None,None,High,High,High,None,None,None
npm,rewards-mfe,https://security.snyk.io/vuln/SNYK-JS-REWARDSMFE-7647397,9.3,*,npm,CVE NOT AVAILABLE,CWE-506,Avoid using all malicious instances of the rewards-mfe package.,"rewards-mfe is a malicious package. This package contains malicious code, and its content was removed from the official package manager. While this package might be attempting to impersonate a valid organization, there is no connection between that organization and this package authorship.",INTRODUCED: 8 AUG 2024,MALICIOUS,NPM Security Placeholder: https://npmjs.com/package/rewards-mfe,Network,Low,None,None,None,High,High,High,None,None,None
npm,kaleido-event-tracker,https://security.snyk.io/vuln/SNYK-JS-KALEIDOEVENTTRACKER-7647396,9.3,*,npm,CVE NOT AVAILABLE,CWE-506,Avoid using all malicious instances of the kaleido-event-tracker package.,"kaleido-event-tracker is a malicious package. This package contains malicious code, and its content was removed from the official package manager. While this package might be attempting to impersonate a valid organization, there is no connection between that organization and this package authorship.",INTRODUCED: 8 AUG 2024,MALICIOUS,NPM Security Placeholder: https://npmjs.com/package/kaleido-event-tracker,Network,Low,None,None,None,High,High,High,None,None,None
npm,taap-context,https://security.snyk.io/vuln/SNYK-JS-TAAPCONTEXT-7647395,9.3,*,npm,CVE NOT AVAILABLE,CWE-506,Avoid using all malicious instances of the taap-context package.,"taap-context is a malicious package. This package contains malicious code, and its content was removed from the official package manager. While this package might be attempting to impersonate a valid organization, there is no connection between that organization and this package authorship.",INTRODUCED: 8 AUG 2024,MALICIOUS,NPM Security Placeholder: https://npmjs.com/package/taap-context,Network,Low,None,None,None,High,High,High,None,None,None
npm,bankrate-iconographyasda,https://security.snyk.io/vuln/SNYK-JS-BANKRATEICONOGRAPHYASDA-7647394,9.3,*,npm,CVE NOT AVAILABLE,CWE-506,Avoid using all malicious instances of the bankrate-iconographyasda package.,"bankrate-iconographyasda is a malicious package. This package contains malicious code, and its content was removed from the official package manager. While this package might be attempting to impersonate a valid organization, there is no connection between that organization and this package authorship.",INTRODUCED: 8 AUG 2024,MALICIOUS,NPM Security Placeholder: https://npmjs.com/package/bankrate-iconographyasda,Network,Low,None,None,None,High,High,High,None,None,None
npm,dx-feedback-utils,https://security.snyk.io/vuln/SNYK-JS-DXFEEDBACKUTILS-7647393,9.3,*,npm,CVE NOT AVAILABLE,CWE-506,Avoid using all malicious instances of the dx-feedback-utils package.,"dx-feedback-utils is a malicious package. This package contains malicious code, and its content was removed from the official package manager. While this package might be attempting to impersonate a valid organization, there is no connection between that organization and this package authorship.",INTRODUCED: 8 AUG 2024,MALICIOUS,NPM Security Placeholder: https://npmjs.com/package/dx-feedback-utils,Network,Low,None,None,None,High,High,High,None,None,None
npm,babel-preset-sofi-scripts,https://security.snyk.io/vuln/SNYK-JS-BABELPRESETSOFISCRIPTS-7647392,9.3,*,npm,CVE NOT AVAILABLE,CWE-506,Avoid using all malicious instances of the babel-preset-sofi-scripts package.,"babel-preset-sofi-scripts is a malicious package. This package contains malicious code, and its content was removed from the official package manager. While this package might be attempting to impersonate a valid organization, there is no connection between that organization and this package authorship.",INTRODUCED: 8 AUG 2024,MALICIOUS,NPM Security Placeholder: https://npmjs.com/package/babel-preset-sofi-scripts,Network,Low,None,None,None,High,High,High,None,None,None
npm,alerts-mfe,https://security.snyk.io/vuln/SNYK-JS-ALERTSMFE-7647391,9.3,*,npm,CVE NOT AVAILABLE,CWE-506,Avoid using all malicious instances of the alerts-mfe package.,"alerts-mfe is a malicious package. This package contains malicious code, and its content was removed from the official package manager. While this package might be attempting to impersonate a valid organization, there is no connection between that organization and this package authorship.",INTRODUCED: 8 AUG 2024,MALICIOUS,NPM Security Placeholder: https://npmjs.com/package/alerts-mfe,Network,Low,None,None,None,High,High,High,None,None,None
npm,dk-verification,https://security.snyk.io/vuln/SNYK-JS-DKVERIFICATION-7647390,9.3,*,npm,CVE NOT AVAILABLE,CWE-506,Avoid using all malicious instances of the dk-verification package.,"dk-verification is a malicious package. This package contains malicious code, and its content was removed from the official package manager. While this package might be attempting to impersonate a valid organization, there is no connection between that organization and this package authorship.",INTRODUCED: 8 AUG 2024,MALICIOUS,NPM Security Placeholder: https://npmjs.com/package/dk-verification,Network,Low,None,None,None,High,High,High,None,None,None
npm,taap-bernie-plugin-pendo,https://security.snyk.io/vuln/SNYK-JS-TAAPBERNIEPLUGINPENDO-7647389,9.3,*,npm,CVE NOT AVAILABLE,CWE-506,Avoid using all malicious instances of the taap-bernie-plugin-pendo package.,"taap-bernie-plugin-pendo is a malicious package. This package contains malicious code, and its content was removed from the official package manager. While this package might be attempting to impersonate a valid organization, there is no connection between that organization and this package authorship.",INTRODUCED: 8 AUG 2024,MALICIOUS,NPM Security Placeholder: https://npmjs.com/package/taap-bernie-plugin-pendo,Network,Low,None,None,None,High,High,High,None,None,None
npm,customer-oauth2-token-management-utility,https://security.snyk.io/vuln/SNYK-JS-CUSTOMEROAUTH2TOKENMANAGEMENTUTILITY-7647388,9.3,*,npm,CVE NOT AVAILABLE,CWE-506,Avoid using all malicious instances of the customer-oauth2-token-management-utility package.,"customer-oauth2-token-management-utility is a malicious package. This package contains malicious code, and its content was removed from the official package manager. While this package might be attempting to impersonate a valid organization, there is no connection between that organization and this package authorship.",INTRODUCED: 8 AUG 2024,MALICIOUS,NPM Security Placeholder: https://npmjs.com/package/customer-oauth2-token-management-utility,Network,Low,None,None,None,High,High,High,None,None,None
npm,viewability-framework,https://security.snyk.io/vuln/SNYK-JS-VIEWABILITYFRAMEWORK-7647387,9.3,*,npm,CVE NOT AVAILABLE,CWE-506,Avoid using all malicious instances of the viewability-framework package.,"viewability-framework is a malicious package. This package contains malicious code, and its content was removed from the official package manager. While this package might be attempting to impersonate a valid organization, there is no connection between that organization and this package authorship.",INTRODUCED: 8 AUG 2024,MALICIOUS,NPM Security Placeholder: https://npmjs.com/package/viewability-framework,Network,Low,None,None,None,High,High,High,None,None,None
npm,dataminr-ui,https://security.snyk.io/vuln/SNYK-JS-DATAMINRUI-7647386,9.3,*,npm,CVE NOT AVAILABLE,CWE-506,Avoid using all malicious instances of the dataminr-ui package.,"dataminr-ui is a malicious package. This package contains malicious code, and its content was removed from the official package manager. While this package might be attempting to impersonate a valid organization, there is no connection between that organization and this package authorship.",INTRODUCED: 8 AUG 2024,MALICIOUS,NPM Security Placeholder: https://npmjs.com/package/dataminr-ui,Network,Low,None,None,None,High,High,High,None,None,None
npm,@cdc-internal/mkt-nav-footer,https://security.snyk.io/vuln/SNYK-JS-CDCINTERNALMKTNAVFOOTER-7647385,9.3,*,npm,CVE NOT AVAILABLE,CWE-506,Avoid using all malicious instances of the @cdc-internal/mkt-nav-footer package.,"@cdc-internal/mkt-nav-footer is a malicious package. This package contains malicious code, and its content was removed from the official package manager. While this package might be attempting to impersonate a valid organization, there is no connection between that organization and this package authorship.",INTRODUCED: 8 AUG 2024,MALICIOUS,NPM Security Placeholder: https://npmjs.com/package/@cdc-internal/mkt-nav-footer,Network,Low,None,None,None,High,High,High,None,None,None
npm,test12356666,https://security.snyk.io/vuln/SNYK-JS-TEST12356666-7647384,9.3,*,npm,CVE NOT AVAILABLE,CWE-506,Avoid using all malicious instances of the test12356666 package.,"test12356666 is a malicious package. This package contains malicious code, and its content was removed from the official package manager. While this package might be attempting to impersonate a valid organization, there is no connection between that organization and this package authorship.",INTRODUCED: 8 AUG 2024,MALICIOUS,NPM Security Placeholder: https://npmjs.com/package/test12356666,Network,Low,None,None,None,High,High,High,None,None,None
npm,desttestdsfasdf,https://security.snyk.io/vuln/SNYK-JS-DESTTESTDSFASDF-7647383,9.3,*,npm,CVE NOT AVAILABLE,CWE-506,Avoid using all malicious instances of the desttestdsfasdf package.,"desttestdsfasdf is a malicious package. This package contains malicious code, and its content was removed from the official package manager. While this package might be attempting to impersonate a valid organization, there is no connection between that organization and this package authorship.",INTRODUCED: 8 AUG 2024,MALICIOUS,NPM Security Placeholder: https://npmjs.com/package/desttestdsfasdf,Network,Low,None,None,None,High,High,High,None,None,None
npm,syf-multi-account-dashboard,https://security.snyk.io/vuln/SNYK-JS-SYFMULTIACCOUNTDASHBOARD-7647382,9.3,*,npm,CVE NOT AVAILABLE,CWE-506,Avoid using all malicious instances of the syf-multi-account-dashboard package.,"syf-multi-account-dashboard is a malicious package. This package contains malicious code, and its content was removed from the official package manager. While this package might be attempting to impersonate a valid organization, there is no connection between that organization and this package authorship.",INTRODUCED: 8 AUG 2024,MALICIOUS,NPM Security Placeholder: https://npmjs.com/package/syf-multi-account-dashboard,Network,Low,None,None,None,High,High,High,None,None,None
npm,@egds-tools/types,https://security.snyk.io/vuln/SNYK-JS-EGDSTOOLSTYPES-7647381,9.3,*,npm,CVE NOT AVAILABLE,CWE-506,Avoid using all malicious instances of the @egds-tools/types package.,"@egds-tools/types is a malicious package. This package contains malicious code, and its content was removed from the official package manager. While this package might be attempting to impersonate a valid organization, there is no connection between that organization and this package authorship.",INTRODUCED: 8 AUG 2024,MALICIOUS,NPM Security Placeholder: https://npmjs.com/package/@egds-tools/types,Network,Low,None,None,None,High,High,High,None,None,None
npm,legacy-swc-helpers,https://security.snyk.io/vuln/SNYK-JS-LEGACYSWCHELPERS-7647380,9.3,*,npm,CVE NOT AVAILABLE,CWE-506,Avoid using all malicious instances of the legacy-swc-helpers package.,"legacy-swc-helpers is a malicious package. This package contains malicious code, and its content was removed from the official package manager. While this package might be attempting to impersonate a valid organization, there is no connection between that organization and this package authorship.",INTRODUCED: 8 AUG 2024,MALICIOUS,NPM Security Placeholder: https://npmjs.com/package/legacy-swc-helpers,Network,Low,None,None,None,High,High,High,None,None,None
pip,lr-utils-lib,https://security.snyk.io/vuln/SNYK-PYTHON-LRUTILSLIB-7572543,9.3,"[0,]",pip,CVE NOT AVAILABLE,CWE-506,Avoid using all malicious instances of the lr-utils-lib package.,"lr-utils-lib is a malicious package. The malware targets macOS systems only and attempts to steal Google Cloud Platform credentials by using a list of predefined hashes, and sending them to a remote server.",INTRODUCED: 28 JUL 2024,MALICIOUS,Checkmarx Blog: https://checkmarx.com/blog/malicious-python-package-targets-macos-developers-to-access-their-gcp-accounts/,Network,Low,None,None,None,High,High,High,None,None,None
pip,cipherbcrypt,https://security.snyk.io/vuln/SNYK-PYTHON-CIPHERBCRYPT-7537001,9.3,"[0,]",pip,CVE NOT AVAILABLE,CWE-506,Avoid using all malicious instances of the cipherbcrypt package.,cipherbcrypt is a malicious package. It was found to be exfiltrating sensitive data to an attacker-controlled server.,INTRODUCED: 13 JUL 2024,MALICIOUS,Pysec Advisory: https://github.com/pypa/advisory-database/tree/main/vulns/cipherbcrypt/PYSEC-2024-55.yaml,Network,Low,None,None,None,High,High,High,None,None,None
npm,coralui-support-angular,https://security.snyk.io/vuln/SNYK-JS-CORALUISUPPORTANGULAR-7647379,9.3,*,npm,CVE NOT AVAILABLE,CWE-506,Avoid using all malicious instances of the coralui-support-angular package.,"coralui-support-angular is a malicious package. This package contains malicious code, and its content was removed from the official package manager. While this package might be attempting to impersonate a valid organization, there is no connection between that organization and this package authorship.",INTRODUCED: 8 AUG 2024,MALICIOUS,NPM Security Placeholder: https://npmjs.com/package/coralui-support-angular,Network,Low,None,None,None,High,High,High,None,None,None
npm,bankrate-iconography1,https://security.snyk.io/vuln/SNYK-JS-BANKRATEICONOGRAPHY1-7647378,9.3,*,npm,CVE NOT AVAILABLE,CWE-506,Avoid using all malicious instances of the bankrate-iconography1 package.,"bankrate-iconography1 is a malicious package. This package contains malicious code, and its content was removed from the official package manager. While this package might be attempting to impersonate a valid organization, there is no connection between that organization and this package authorship.",INTRODUCED: 8 AUG 2024,MALICIOUS,NPM Security Placeholder: https://npmjs.com/package/bankrate-iconography1,Network,Low,None,None,None,High,High,High,None,None,None
npm,gutenberg-ui,https://security.snyk.io/vuln/SNYK-JS-GUTENBERGUI-7647377,9.3,*,npm,CVE NOT AVAILABLE,CWE-506,Avoid using all malicious instances of the gutenberg-ui package.,"gutenberg-ui is a malicious package. This package contains malicious code, and its content was removed from the official package manager. While this package might be attempting to impersonate a valid organization, there is no connection between that organization and this package authorship.",INTRODUCED: 8 AUG 2024,MALICIOUS,NPM Security Placeholder: https://npmjs.com/package/gutenberg-ui,Network,Low,None,None,None,High,High,High,None,None,None
npm,waffles-tokens,https://security.snyk.io/vuln/SNYK-JS-WAFFLESTOKENS-7647376,9.3,*,npm,CVE NOT AVAILABLE,CWE-506,Avoid using all malicious instances of the waffles-tokens package.,"waffles-tokens is a malicious package. This package contains malicious code, and its content was removed from the official package manager. While this package might be attempting to impersonate a valid organization, there is no connection between that organization and this package authorship.",INTRODUCED: 8 AUG 2024,MALICIOUS,NPM Security Placeholder: https://npmjs.com/package/waffles-tokens,Network,Low,None,None,None,High,High,High,None,None,None
npm,asdfasdfasdfsdfasfsd,https://security.snyk.io/vuln/SNYK-JS-ASDFASDFASDFSDFASFSD-7647375,9.3,*,npm,CVE NOT AVAILABLE,CWE-506,Avoid using all malicious instances of the asdfasdfasdfsdfasfsd package.,"asdfasdfasdfsdfasfsd is a malicious package. This package contains malicious code, and its content was removed from the official package manager. While this package might be attempting to impersonate a valid organization, there is no connection between that organization and this package authorship.",INTRODUCED: 8 AUG 2024,MALICIOUS,NPM Security Placeholder: https://npmjs.com/package/asdfasdfasdfsdfasfsd,Network,Low,None,None,None,High,High,High,None,None,None
npm,taap-package-rates,https://security.snyk.io/vuln/SNYK-JS-TAAPPACKAGERATES-7647374,9.3,*,npm,CVE NOT AVAILABLE,CWE-506,Avoid using all malicious instances of the taap-package-rates package.,"taap-package-rates is a malicious package. This package contains malicious code, and its content was removed from the official package manager. While this package might be attempting to impersonate a valid organization, there is no connection between that organization and this package authorship.",INTRODUCED: 8 AUG 2024,MALICIOUS,NPM Security Placeholder: https://npmjs.com/package/taap-package-rates,Network,Low,None,None,None,High,High,High,None,None,None
npm,frontend-static-props-provider,https://security.snyk.io/vuln/SNYK-JS-FRONTENDSTATICPROPSPROVIDER-7647373,9.3,*,npm,CVE NOT AVAILABLE,CWE-506,Avoid using all malicious instances of the frontend-static-props-provider package.,"frontend-static-props-provider is a malicious package. This package contains malicious code, and its content was removed from the official package manager. While this package might be attempting to impersonate a valid organization, there is no connection between that organization and this package authorship.",INTRODUCED: 8 AUG 2024,MALICIOUS,NPM Security Placeholder: https://npmjs.com/package/frontend-static-props-provider,Network,Low,None,None,None,High,High,High,None,None,None
npm,adsfasdfadsfasdfasdfasdfsd,https://security.snyk.io/vuln/SNYK-JS-ADSFASDFADSFASDFASDFASDFSD-7647372,9.3,*,npm,CVE NOT AVAILABLE,CWE-506,Avoid using all malicious instances of the adsfasdfadsfasdfasdfasdfsd package.,"adsfasdfadsfasdfasdfasdfsd is a malicious package. This package contains malicious code, and its content was removed from the official package manager. While this package might be attempting to impersonate a valid organization, there is no connection between that organization and this package authorship.",INTRODUCED: 8 AUG 2024,MALICIOUS,NPM Security Placeholder: https://npmjs.com/package/adsfasdfadsfasdfasdfasdfsd,Network,Low,None,None,None,High,High,High,None,None,None
npm,localization-configuration,https://security.snyk.io/vuln/SNYK-JS-LOCALIZATIONCONFIGURATION-7647371,9.3,*,npm,CVE NOT AVAILABLE,CWE-506,Avoid using all malicious instances of the localization-configuration package.,"localization-configuration is a malicious package. This package contains malicious code, and its content was removed from the official package manager. While this package might be attempting to impersonate a valid organization, there is no connection between that organization and this package authorship.",INTRODUCED: 8 AUG 2024,MALICIOUS,NPM Security Placeholder: https://npmjs.com/package/localization-configuration,Network,Low,None,None,None,High,High,High,None,None,None
npm,incisive_testing_stuffasdasdasd,https://security.snyk.io/vuln/SNYK-JS-INCISIVETESTINGSTUFFASDASDASD-7647370,9.3,*,npm,CVE NOT AVAILABLE,CWE-506,Avoid using all malicious instances of the incisive_testing_stuffasdasdasd package.,"incisive_testing_stuffasdasdasd is a malicious package. This package contains malicious code, and its content was removed from the official package manager. While this package might be attempting to impersonate a valid organization, there is no connection between that organization and this package authorship.",INTRODUCED: 8 AUG 2024,MALICIOUS,NPM Security Placeholder: https://npmjs.com/package/incisive_testing_stuffasdasdasd,Network,Low,None,None,None,High,High,High,None,None,None
npm,trips-pwa-localization,https://security.snyk.io/vuln/SNYK-JS-TRIPSPWALOCALIZATION-7647369,9.3,*,npm,CVE NOT AVAILABLE,CWE-506,Avoid using all malicious instances of the trips-pwa-localization package.,"trips-pwa-localization is a malicious package. This package contains malicious code, and its content was removed from the official package manager. While this package might be attempting to impersonate a valid organization, there is no connection between that organization and this package authorship.",INTRODUCED: 8 AUG 2024,MALICIOUS,NPM Security Placeholder: https://npmjs.com/package/trips-pwa-localization,Network,Low,None,None,None,High,High,High,None,None,None
npm,affirm-requests,https://security.snyk.io/vuln/SNYK-JS-AFFIRMREQUESTS-7647368,9.3,*,npm,CVE NOT AVAILABLE,CWE-506,Avoid using all malicious instances of the affirm-requests package.,"affirm-requests is a malicious package. This package contains malicious code, and its content was removed from the official package manager. While this package might be attempting to impersonate a valid organization, there is no connection between that organization and this package authorship.",INTRODUCED: 8 AUG 2024,MALICIOUS,NPM Security Placeholder: https://npmjs.com/package/affirm-requests,Network,Low,None,None,None,High,High,High,None,None,None
npm,dx-event-tracker,https://security.snyk.io/vuln/SNYK-JS-DXEVENTTRACKER-7647367,9.3,*,npm,CVE NOT AVAILABLE,CWE-506,Avoid using all malicious instances of the dx-event-tracker package.,"dx-event-tracker is a malicious package. This package contains malicious code, and its content was removed from the official package manager. While this package might be attempting to impersonate a valid organization, there is no connection between that organization and this package authorship.",INTRODUCED: 8 AUG 2024,MALICIOUS,NPM Security Placeholder: https://npmjs.com/package/dx-event-tracker,Network,Low,None,None,None,High,High,High,None,None,None
npm,@bybit-fe/bitd,https://security.snyk.io/vuln/SNYK-JS-BYBITFEBITD-7647366,9.3,*,npm,CVE NOT AVAILABLE,CWE-506,Avoid using all malicious instances of the @bybit-fe/bitd package.,"@bybit-fe/bitd is a malicious package. This package contains malicious code, and its content was removed from the official package manager. While this package might be attempting to impersonate a valid organization, there is no connection between that organization and this package authorship.",INTRODUCED: 8 AUG 2024,MALICIOUS,NPM Security Placeholder: https://npmjs.com/package/@bybit-fe/bitd,Network,Low,None,None,None,High,High,High,None,None,None
npm,ampersend-client,https://security.snyk.io/vuln/SNYK-JS-AMPERSENDCLIENT-7647365,9.3,*,npm,CVE NOT AVAILABLE,CWE-506,Avoid using all malicious instances of the ampersend-client package.,"ampersend-client is a malicious package. This package contains malicious code, and its content was removed from the official package manager. While this package might be attempting to impersonate a valid organization, there is no connection between that organization and this package authorship.",INTRODUCED: 8 AUG 2024,MALICIOUS,NPM Security Placeholder: https://npmjs.com/package/ampersend-client,Network,Low,None,None,None,High,High,High,None,None,None
npm,@wiz-common/icons,https://security.snyk.io/vuln/SNYK-JS-WIZCOMMONICONS-7647364,9.3,*,npm,CVE NOT AVAILABLE,CWE-506,Avoid using all malicious instances of the @wiz-common/icons package.,"@wiz-common/icons is a malicious package. This package contains malicious code, and its content was removed from the official package manager. While this package might be attempting to impersonate a valid organization, there is no connection between that organization and this package authorship.",INTRODUCED: 8 AUG 2024,MALICIOUS,NPM Security Placeholder: https://npmjs.com/package/@wiz-common/icons,Network,Low,None,None,None,High,High,High,None,None,None
npm,uitk-react-calendar,https://security.snyk.io/vuln/SNYK-JS-UITKREACTCALENDAR-7647363,9.3,*,npm,CVE NOT AVAILABLE,CWE-506,Avoid using all malicious instances of the uitk-react-calendar package.,"uitk-react-calendar is a malicious package. This package contains malicious code, and its content was removed from the official package manager. While this package might be attempting to impersonate a valid organization, there is no connection between that organization and this package authorship.",INTRODUCED: 8 AUG 2024,MALICIOUS,NPM Security Placeholder: https://npmjs.com/package/uitk-react-calendar,Network,Low,None,None,None,High,High,High,None,None,None
npm,bernie-plugin-affiliate-context,https://security.snyk.io/vuln/SNYK-JS-BERNIEPLUGINAFFILIATECONTEXT-7647362,9.3,*,npm,CVE NOT AVAILABLE,CWE-506,Avoid using all malicious instances of the bernie-plugin-affiliate-context package.,"bernie-plugin-affiliate-context is a malicious package. This package contains malicious code, and its content was removed from the official package manager. While this package might be attempting to impersonate a valid organization, there is no connection between that organization and this package authorship.",INTRODUCED: 8 AUG 2024,MALICIOUS,NPM Security Placeholder: https://npmjs.com/package/bernie-plugin-affiliate-context,Network,Low,None,None,None,High,High,High,None,None,None
npm,new-relic-browser,https://security.snyk.io/vuln/SNYK-JS-NEWRELICBROWSER-7647361,9.3,*,npm,CVE NOT AVAILABLE,CWE-506,Avoid using all malicious instances of the new-relic-browser package.,"new-relic-browser is a malicious package. This package contains malicious code, and its content was removed from the official package manager. While this package might be attempting to impersonate a valid organization, there is no connection between that organization and this package authorship.",INTRODUCED: 8 AUG 2024,MALICIOUS,NPM Security Placeholder: https://npmjs.com/package/new-relic-browser,Network,Low,None,None,None,High,High,High,None,None,None
npm,wistia_namespace.js,https://security.snyk.io/vuln/SNYK-JS-WISTIANAMESPACEJS-7647360,9.3,*,npm,CVE NOT AVAILABLE,CWE-506,Avoid using all malicious instances of the wistia_namespace.js package.,"wistia_namespace.js is a malicious package. This package contains malicious code, and its content was removed from the official package manager. While this package might be attempting to impersonate a valid organization, there is no connection between that organization and this package authorship.",INTRODUCED: 8 AUG 2024,MALICIOUS,NPM Security Placeholder: https://npmjs.com/package/wistia_namespace.js,Network,Low,None,None,None,High,High,High,None,None,None
npm,@opera-gaming/gaming-web-common,https://security.snyk.io/vuln/SNYK-JS-OPERAGAMINGGAMINGWEBCOMMON-7647359,9.3,*,npm,CVE NOT AVAILABLE,CWE-506,Avoid using all malicious instances of the @opera-gaming/gaming-web-common package.,"@opera-gaming/gaming-web-common is a malicious package. This package contains malicious code, and its content was removed from the official package manager. While this package might be attempting to impersonate a valid organization, there is no connection between that organization and this package authorship.",INTRODUCED: 8 AUG 2024,MALICIOUS,NPM Security Placeholder: https://npmjs.com/package/@opera-gaming/gaming-web-common,Network,Low,None,None,None,High,High,High,None,None,None
npm,@transcarent/foundation,https://security.snyk.io/vuln/SNYK-JS-TRANSCARENTFOUNDATION-7647358,9.3,*,npm,CVE NOT AVAILABLE,CWE-506,Avoid using all malicious instances of the @transcarent/foundation package.,"@transcarent/foundation is a malicious package. This package contains malicious code, and its content was removed from the official package manager. While this package might be attempting to impersonate a valid organization, there is no connection between that organization and this package authorship.",INTRODUCED: 8 AUG 2024,MALICIOUS,NPM Security Placeholder: https://npmjs.com/package/@transcarent/foundation,Network,Low,None,None,None,High,High,High,None,None,None
npm,@ampol/design-system,https://security.snyk.io/vuln/SNYK-JS-AMPOLDESIGNSYSTEM-7647357,9.3,*,npm,CVE NOT AVAILABLE,CWE-506,Avoid using all malicious instances of the @ampol/design-system package.,"@ampol/design-system is a malicious package. This package contains malicious code, and its content was removed from the official package manager. While this package might be attempting to impersonate a valid organization, there is no connection between that organization and this package authorship.",INTRODUCED: 8 AUG 2024,MALICIOUS,NPM Security Placeholder: https://npmjs.com/package/@ampol/design-system,Network,Low,None,None,None,High,High,High,None,None,None
npm,free-bets-list,https://security.snyk.io/vuln/SNYK-JS-FREEBETSLIST-7647356,9.3,*,npm,CVE NOT AVAILABLE,CWE-506,Avoid using all malicious instances of the free-bets-list package.,"free-bets-list is a malicious package. This package contains malicious code, and its content was removed from the official package manager. While this package might be attempting to impersonate a valid organization, there is no connection between that organization and this package authorship.",INTRODUCED: 8 AUG 2024,MALICIOUS,NPM Security Placeholder: https://npmjs.com/package/free-bets-list,Network,Low,None,None,None,High,High,High,None,None,None
npm,interpolation.js,https://security.snyk.io/vuln/SNYK-JS-INTERPOLATIONJS-7647355,9.3,*,npm,CVE NOT AVAILABLE,CWE-506,Avoid using all malicious instances of the interpolation.js package.,"interpolation.js is a malicious package. This package contains malicious code, and its content was removed from the official package manager. While this package might be attempting to impersonate a valid organization, there is no connection between that organization and this package authorship.",INTRODUCED: 8 AUG 2024,MALICIOUS,NPM Security Placeholder: https://npmjs.com/package/interpolation.js,Network,Low,None,None,None,High,High,High,None,None,None
npm,@ads-placements-frontend/claim,https://security.snyk.io/vuln/SNYK-JS-ADSPLACEMENTSFRONTENDCLAIM-7647354,9.3,*,npm,CVE NOT AVAILABLE,CWE-506,Avoid using all malicious instances of the @ads-placements-frontend/claim package.,"@ads-placements-frontend/claim is a malicious package. This package contains malicious code, and its content was removed from the official package manager. While this package might be attempting to impersonate a valid organization, there is no connection between that organization and this package authorship.",INTRODUCED: 8 AUG 2024,MALICIOUS,NPM Security Placeholder: https://npmjs.com/package/@ads-placements-frontend/claim,Network,Low,None,None,None,High,High,High,None,None,None
npm,@nc-tools/namp-cms-content-provider,https://security.snyk.io/vuln/SNYK-JS-NCTOOLSNAMPCMSCONTENTPROVIDER-7647353,9.3,*,npm,CVE NOT AVAILABLE,CWE-506,Avoid using all malicious instances of the @nc-tools/namp-cms-content-provider package.,"@nc-tools/namp-cms-content-provider is a malicious package. This package contains malicious code, and its content was removed from the official package manager. While this package might be attempting to impersonate a valid organization, there is no connection between that organization and this package authorship.",INTRODUCED: 8 AUG 2024,MALICIOUS,NPM Security Placeholder: https://npmjs.com/package/@nc-tools/namp-cms-content-provider,Network,Low,None,None,None,High,High,High,None,None,None
npm,react-bs4,https://security.snyk.io/vuln/SNYK-JS-REACTBS4-7647352,9.3,*,npm,CVE NOT AVAILABLE,CWE-506,Avoid using all malicious instances of the react-bs4 package.,"react-bs4 is a malicious package. This package contains malicious code, and its content was removed from the official package manager. While this package might be attempting to impersonate a valid organization, there is no connection between that organization and this package authorship.",INTRODUCED: 8 AUG 2024,MALICIOUS,NPM Security Placeholder: https://npmjs.com/package/react-bs4,Network,Low,None,None,None,High,High,High,None,None,None
npm,onboarding-components,https://security.snyk.io/vuln/SNYK-JS-ONBOARDINGCOMPONENTS-7647351,9.3,*,npm,CVE NOT AVAILABLE,CWE-506,Avoid using all malicious instances of the onboarding-components package.,"onboarding-components is a malicious package. This package contains malicious code, and its content was removed from the official package manager. While this package might be attempting to impersonate a valid organization, there is no connection between that organization and this package authorship.",INTRODUCED: 8 AUG 2024,MALICIOUS,NPM Security Placeholder: https://npmjs.com/package/onboarding-components,Network,Low,None,None,None,High,High,High,None,None,None
npm,@fs-mco/error-translator,https://security.snyk.io/vuln/SNYK-JS-FSMCOERRORTRANSLATOR-7647350,9.3,*,npm,CVE NOT AVAILABLE,CWE-506,Avoid using all malicious instances of the @fs-mco/error-translator package.,"@fs-mco/error-translator is a malicious package. This package contains malicious code, and its content was removed from the official package manager. While this package might be attempting to impersonate a valid organization, there is no connection between that organization and this package authorship.",INTRODUCED: 8 AUG 2024,MALICIOUS,NPM Security Placeholder: https://npmjs.com/package/@fs-mco/error-translator,Network,Low,None,None,None,High,High,High,None,None,None
pip,requestn,https://security.snyk.io/vuln/SNYK-PYTHON-REQUESTN-7413662,9.3,"[0,]",pip,CVE NOT AVAILABLE,CWE-506,Avoid using all malicious instances of the requestn package.,"requestn is a malicious package. This package contains malicious code, and its content was removed from the official package manager. While this package might be attempting to impersonate a valid organization, there is no connection between that organization and this package's authorship.",INTRODUCED: 1 JUL 2024,MALICIOUS,,Network,Low,None,None,None,High,High,High,None,None,None
npm,@awesome-astra/integrations,https://security.snyk.io/vuln/SNYK-JS-AWESOMEASTRAINTEGRATIONS-7647349,9.3,*,npm,CVE NOT AVAILABLE,CWE-506,Avoid using all malicious instances of the @awesome-astra/integrations package.,"@awesome-astra/integrations is a malicious package. This package contains malicious code, and its content was removed from the official package manager. While this package might be attempting to impersonate a valid organization, there is no connection between that organization and this package authorship.",INTRODUCED: 8 AUG 2024,MALICIOUS,NPM Security Placeholder: https://npmjs.com/package/@awesome-astra/integrations,Network,Low,None,None,None,High,High,High,None,None,None
npm,harthat-api,https://security.snyk.io/vuln/SNYK-JS-HARTHATAPI-7644386,9.3,*,npm,CVE NOT AVAILABLE,CWE-506,Avoid using all malicious instances of the harthat-api package.,harthat-api is a malicious package. This package contains malicious code that installs another malicious software from a C&C (C2) server.,INTRODUCED: 7 AUG 2024,MALICIOUS,Security Advisory: https://securitylabs.datadoghq.com/articles/stressed-pungsan-dprk-aligned-threat-actor-leverages-npm-for-initial-access/,Network,Low,None,None,None,High,High,High,None,None,None
npm,harthat-hash,https://security.snyk.io/vuln/SNYK-JS-HARTHATHASH-7644385,9.3,*,npm,CVE NOT AVAILABLE,CWE-506,Avoid using all malicious instances of the harthat-hash package.,harthat-hash is a malicious package. This package contains malicious code that installs another malicious software from a C&C (C2) server.,INTRODUCED: 7 AUG 2024,MALICIOUS,Security Advisory: https://securitylabs.datadoghq.com/articles/stressed-pungsan-dprk-aligned-threat-actor-leverages-npm-for-initial-access/,Network,Low,None,None,None,High,High,High,None,None,None
npm,bs58node,https://security.snyk.io/vuln/SNYK-JS-BS58NODE-7642824,9.3,*,npm,CVE NOT AVAILABLE,CWE-506,Avoid using all malicious instances of the bs58node package.,"bs58node is a malicious package. This package contains malicious code, and its content was removed from the official package manager. While this package might be attempting to impersonate a valid organization, there is no connection between that organization and this package authorship.",INTRODUCED: 7 AUG 2024,MALICIOUS,GitHub Advisory: https://github.com/advisories/GHSA-g3hx-64wf-fm77; NPM Security Placeholder: https://npmjs.com/package/bs58node,Network,Low,None,None,None,High,High,High,None,None,None
npm,mapbox-maps-android,https://security.snyk.io/vuln/SNYK-JS-MAPBOXMAPSANDROID-7642823,9.3,*,npm,CVE NOT AVAILABLE,CWE-506,Avoid using all malicious instances of the mapbox-maps-android package.,"mapbox-maps-android is a malicious package. This package contains malicious code, and its content was removed from the official package manager. While this package might be attempting to impersonate a valid organization, there is no connection between that organization and this package authorship.",INTRODUCED: 7 AUG 2024,MALICIOUS,GitHub Advisory: https://github.com/advisories/GHSA-9vh5-wq82-gprm; NPM Security Placeholder: https://npmjs.com/package/mapbox-maps-android,Network,Low,None,None,None,High,High,High,None,None,None
npm,fabricexample,https://security.snyk.io/vuln/SNYK-JS-FABRICEXAMPLE-7642822,9.3,*,npm,CVE NOT AVAILABLE,CWE-506,Avoid using all malicious instances of the fabricexample package.,"fabricexample is a malicious package. This package contains malicious code, and its content was removed from the official package manager. While this package might be attempting to impersonate a valid organization, there is no connection between that organization and this package authorship.",INTRODUCED: 7 AUG 2024,MALICIOUS,GitHub Advisory: https://github.com/advisories/GHSA-wqf4-cmjv-j4cq; NPM Security Placeholder: https://npmjs.com/package/fabricexample,Network,Low,None,None,None,High,High,High,None,None,None
npm,theme-bahrain-nb-hdddc,https://security.snyk.io/vuln/SNYK-JS-THEMEBAHRAINNBHDDDC-7642821,9.3,*,npm,CVE NOT AVAILABLE,CWE-506,Avoid using all malicious instances of the theme-bahrain-nb-hdddc package.,"theme-bahrain-nb-hdddc is a malicious package. This package contains malicious code, and its content was removed from the official package manager. While this package might be attempting to impersonate a valid organization, there is no connection between that organization and this package authorship.",INTRODUCED: 7 AUG 2024,MALICIOUS,GitHub Advisory: https://github.com/advisories/GHSA-76xq-phm9-jqw2; NPM Security Placeholder: https://npmjs.com/package/theme-bahrain-nb-hdddc,Network,Low,None,None,None,High,High,High,None,None,None
npm,theme-bahrain-nb-hdddc3,https://security.snyk.io/vuln/SNYK-JS-THEMEBAHRAINNBHDDDC3-7642820,9.3,*,npm,CVE NOT AVAILABLE,CWE-506,Avoid using all malicious instances of the theme-bahrain-nb-hdddc3 package.,"theme-bahrain-nb-hdddc3 is a malicious package. This package contains malicious code, and its content was removed from the official package manager. While this package might be attempting to impersonate a valid organization, there is no connection between that organization and this package authorship.",INTRODUCED: 7 AUG 2024,MALICIOUS,GitHub Advisory: https://github.com/advisories/GHSA-crxw-h5pg-53j3; NPM Security Placeholder: https://npmjs.com/package/theme-bahrain-nb-hdddc3,Network,Low,None,None,None,High,High,High,None,None,None
npm,theme-bahrain-nb-hddd2c,https://security.snyk.io/vuln/SNYK-JS-THEMEBAHRAINNBHDDD2C-7642819,9.3,*,npm,CVE NOT AVAILABLE,CWE-506,Avoid using all malicious instances of the theme-bahrain-nb-hddd2c package.,"theme-bahrain-nb-hddd2c is a malicious package. This package contains malicious code, and its content was removed from the official package manager. While this package might be attempting to impersonate a valid organization, there is no connection between that organization and this package authorship.",INTRODUCED: 7 AUG 2024,MALICIOUS,GitHub Advisory: https://github.com/advisories/GHSA-9q8q-7rv4-gqv2; NPM Security Placeholder: https://npmjs.com/package/theme-bahrain-nb-hddd2c,Network,Low,None,None,None,High,High,High,None,None,None
npm,litebs64,https://security.snyk.io/vuln/SNYK-JS-LITEBS64-7642818,9.3,*,npm,CVE NOT AVAILABLE,CWE-506,Avoid using all malicious instances of the litebs64 package.,"litebs64 is a malicious package. This package contains malicious code, and its content was removed from the official package manager. While this package might be attempting to impersonate a valid organization, there is no connection between that organization and this package authorship.",INTRODUCED: 7 AUG 2024,MALICIOUS,GitHub Advisory: https://github.com/advisories/GHSA-77q5-43v9-m29r; NPM Security Placeholder: https://npmjs.com/package/litebs64,Network,Low,None,None,None,High,High,High,None,None,None
npm,bs58lite,https://security.snyk.io/vuln/SNYK-JS-BS58LITE-7642817,9.3,*,npm,CVE NOT AVAILABLE,CWE-506,Avoid using all malicious instances of the bs58lite package.,"bs58lite is a malicious package. This package contains malicious code, and its content was removed from the official package manager. While this package might be attempting to impersonate a valid organization, there is no connection between that organization and this package authorship.",INTRODUCED: 7 AUG 2024,MALICIOUS,GitHub Advisory: https://github.com/advisories/GHSA-73hq-qrq4-476j; NPM Security Placeholder: https://npmjs.com/package/bs58lite,Network,Low,None,None,None,High,High,High,None,None,None
npm,nodebs58,https://security.snyk.io/vuln/SNYK-JS-NODEBS58-7642816,9.3,*,npm,CVE NOT AVAILABLE,CWE-506,Avoid using all malicious instances of the nodebs58 package.,"nodebs58 is a malicious package. This package contains malicious code, and its content was removed from the official package manager. While this package might be attempting to impersonate a valid organization, there is no connection between that organization and this package authorship.",INTRODUCED: 7 AUG 2024,MALICIOUS,GitHub Advisory: https://github.com/advisories/GHSA-469v-p6rm-x76p; NPM Security Placeholder: https://npmjs.com/package/nodebs58,Network,Low,None,None,None,High,High,High,None,None,None
npm,bignit.js,https://security.snyk.io/vuln/SNYK-JS-BIGNITJS-7642815,9.3,*,npm,CVE NOT AVAILABLE,CWE-506,Avoid using all malicious instances of the bignit.js package.,"bignit.js is a malicious package. This package contains malicious code, and its content was removed from the official package manager. While this package might be attempting to impersonate a valid organization, there is no connection between that organization and this package authorship.",INTRODUCED: 7 AUG 2024,MALICIOUS,GitHub Advisory: https://github.com/advisories/GHSA-2r6p-269p-5r5j; NPM Security Placeholder: https://npmjs.com/package/bignit.js,Network,Low,None,None,None,High,High,High,None,None,None
npm,@bingads-webui-react/with-site-map,https://security.snyk.io/vuln/SNYK-JS-BINGADSWEBUIREACTWITHSITEMAP-7640978,9.3,*,npm,CVE NOT AVAILABLE,CWE-506,Avoid using all malicious instances of the @bingads-webui-react/with-site-map package.,"@bingads-webui-react/with-site-map is a malicious package. This package contains malicious code, and its content was removed from the official package manager. While this package might be attempting to impersonate a valid organization, there is no connection between that organization and this package authorship.",INTRODUCED: 6 AUG 2024,MALICIOUS,GitHub Advisory: https://github.com/advisories/GHSA-p25m-w74f-627w; NPM Security Placeholder: https://npmjs.com/package/@bingads-webui-react/with-site-map,Network,Low,None,None,None,High,High,High,None,None,None
npm,@bingads-webui-react/primitive-utilities,https://security.snyk.io/vuln/SNYK-JS-BINGADSWEBUIREACTPRIMITIVEUTILITIES-7640973,9.3,*,npm,CVE NOT AVAILABLE,CWE-506,Avoid using all malicious instances of the @bingads-webui-react/primitive-utilities package.,"@bingads-webui-react/primitive-utilities is a malicious package. This package contains malicious code, and its content was removed from the official package manager. While this package might be attempting to impersonate a valid organization, there is no connection between that organization and this package authorship.",INTRODUCED: 6 AUG 2024,MALICIOUS,GitHub Advisory: https://github.com/advisories/GHSA-2vwf-9qqh-xhf6; NPM Security Placeholder: https://npmjs.com/package/@bingads-webui-react/primitive-utilities,Network,Low,None,None,None,High,High,High,None,None,None
npm,permenmd-wifi,https://security.snyk.io/vuln/SNYK-JS-PERMENMDWIFI-7578261,9.3,*,npm,CVE NOT AVAILABLE,CWE-506,Avoid using all malicious instances of the permenmd-wifi package.,"permenmd-wifi is a malicious package. This package contains malicious code, and its content was removed from the official package manager. While this package might be attempting to impersonate a valid organization, there is no connection between that organization and this package authorship.",INTRODUCED: 5 AUG 2024,MALICIOUS,GitHub Advisory: https://github.com/advisories/GHSA-943h-h9c6-4prp; NPM Security Placeholder: https://npmjs.com/package/permenmd-wifi,Network,Low,None,None,None,High,High,High,None,None,None
npm,prmnmd-tuls,https://security.snyk.io/vuln/SNYK-JS-PRMNMDTULS-7578260,9.3,*,npm,CVE NOT AVAILABLE,CWE-506,Avoid using all malicious instances of the prmnmd-tuls package.,"prmnmd-tuls is a malicious package. This package contains malicious code, and its content was removed from the official package manager. While this package might be attempting to impersonate a valid organization, there is no connection between that organization and this package authorship.",INTRODUCED: 5 AUG 2024,MALICIOUS,GitHub Advisory: https://github.com/advisories/GHSA-h2rh-rhm7-mjvp; NPM Security Placeholder: https://npmjs.com/package/prmnmd-tuls,Network,Low,None,None,None,High,High,High,None,None,None
npm,permenmd-vps,https://security.snyk.io/vuln/SNYK-JS-PERMENMDVPS-7578259,9.3,*,npm,CVE NOT AVAILABLE,CWE-506,Avoid using all malicious instances of the permenmd-vps package.,"permenmd-vps is a malicious package. This package contains malicious code, and its content was removed from the official package manager. While this package might be attempting to impersonate a valid organization, there is no connection between that organization and this package authorship.",INTRODUCED: 5 AUG 2024,MALICIOUS,GitHub Advisory: https://github.com/advisories/GHSA-6jx2-3277-gv7g; NPM Security Placeholder: https://npmjs.com/package/permenmd-vps,Network,Low,None,None,None,High,High,High,None,None,None
npm,permenmd-flood,https://security.snyk.io/vuln/SNYK-JS-PERMENMDFLOOD-7578258,9.3,*,npm,CVE NOT AVAILABLE,CWE-506,Avoid using all malicious instances of the permenmd-flood package.,"permenmd-flood is a malicious package. This package contains malicious code, and its content was removed from the official package manager. While this package might be attempting to impersonate a valid organization, there is no connection between that organization and this package authorship.",INTRODUCED: 5 AUG 2024,MALICIOUS,GitHub Advisory: https://github.com/advisories/GHSA-563g-2p77-q2h7; NPM Security Placeholder: https://npmjs.com/package/permenmd-flood,Network,Low,None,None,None,High,High,High,None,None,None
npm,permenmd-track,https://security.snyk.io/vuln/SNYK-JS-PERMENMDTRACK-7578257,9.3,*,npm,CVE NOT AVAILABLE,CWE-506,Avoid using all malicious instances of the permenmd-track package.,"permenmd-track is a malicious package. This package contains malicious code, and its content was removed from the official package manager. While this package might be attempting to impersonate a valid organization, there is no connection between that organization and this package authorship.",INTRODUCED: 5 AUG 2024,MALICIOUS,GitHub Advisory: https://github.com/advisories/GHSA-vgm9-rx35-fr72; NPM Security Placeholder: https://npmjs.com/package/permenmd-track,Network,Low,None,None,None,High,High,High,None,None,None
npm,dea-hallow,https://security.snyk.io/vuln/SNYK-JS-DEAHALLOW-7578256,9.3,*,npm,CVE NOT AVAILABLE,CWE-506,Avoid using all malicious instances of the dea-hallow package.,"dea-hallow is a malicious package. This package contains malicious code, and its content was removed from the official package manager. While this package might be attempting to impersonate a valid organization, there is no connection between that organization and this package authorship.",INTRODUCED: 5 AUG 2024,MALICIOUS,GitHub Advisory: https://github.com/advisories/GHSA-g45p-vxp7-q66m; NPM Security Placeholder: https://npmjs.com/package/dea-hallow,Network,Low,None,None,None,High,High,High,None,None,None
npm,diosaziose,https://security.snyk.io/vuln/SNYK-JS-DIOSAZIOSE-7577206,9.3,*,npm,CVE NOT AVAILABLE,CWE-506,Avoid using all malicious instances of the diosaziose package.,"diosaziose is a malicious package. This package contains malicious code, and its content was removed from the official package manager. While this package might be attempting to impersonate a valid organization, there is no connection between that organization and this package authorship.",INTRODUCED: 1 AUG 2024,MALICIOUS,GitHub Advisory: https://github.com/advisories/GHSA-57rx-28pv-r4ww; NPM Security Placeholder: https://npmjs.com/package/diosaziose,Network,Low,None,None,None,High,High,High,None,None,None
npm,trigiated,https://security.snyk.io/vuln/SNYK-JS-TRIGIATED-7577205,9.3,*,npm,CVE NOT AVAILABLE,CWE-506,Avoid using all malicious instances of the trigiated package.,"trigiated is a malicious package. This package contains malicious code, and its content was removed from the official package manager. While this package might be attempting to impersonate a valid organization, there is no connection between that organization and this package authorship.",INTRODUCED: 1 AUG 2024,MALICIOUS,GitHub Advisory: https://github.com/advisories/GHSA-vfcf-x68q-vm47; NPM Security Placeholder: https://npmjs.com/package/trigiated,Network,Low,None,None,None,High,High,High,None,None,None
npm,taiwinders,https://security.snyk.io/vuln/SNYK-JS-TAIWINDERS-7577204,9.3,*,npm,CVE NOT AVAILABLE,CWE-506,Avoid using all malicious instances of the taiwinders package.,"taiwinders is a malicious package. This package contains malicious code, and its content was removed from the official package manager. While this package might be attempting to impersonate a valid organization, there is no connection between that organization and this package authorship.",INTRODUCED: 1 AUG 2024,MALICIOUS,GitHub Advisory: https://github.com/advisories/GHSA-vrjh-j7c2-67rm; NPM Security Placeholder: https://npmjs.com/package/taiwinders,Network,Low,None,None,None,High,High,High,None,None,None
npm,strictructor,https://security.snyk.io/vuln/SNYK-JS-STRICTRUCTOR-7577203,9.3,*,npm,CVE NOT AVAILABLE,CWE-506,Avoid using all malicious instances of the strictructor package.,"strictructor is a malicious package. This package contains malicious code, and its content was removed from the official package manager. While this package might be attempting to impersonate a valid organization, there is no connection between that organization and this package authorship.",INTRODUCED: 1 AUG 2024,MALICIOUS,GitHub Advisory: https://github.com/advisories/GHSA-gvwc-w74f-cfj5; NPM Security Placeholder: https://npmjs.com/package/strictructor,Network,Low,None,None,None,High,High,High,None,None,None
npm,basementio,https://security.snyk.io/vuln/SNYK-JS-BASEMENTIO-7577202,9.3,*,npm,CVE NOT AVAILABLE,CWE-506,Avoid using all malicious instances of the basementio package.,"basementio is a malicious package. This package contains malicious code, and its content was removed from the official package manager. While this package might be attempting to impersonate a valid organization, there is no connection between that organization and this package authorship.",INTRODUCED: 1 AUG 2024,MALICIOUS,GitHub Advisory: https://github.com/advisories/GHSA-7m9w-98gh-92hr; NPM Security Placeholder: https://npmjs.com/package/basementio,Network,Low,None,None,None,High,High,High,None,None,None
npm,boostrapsio,https://security.snyk.io/vuln/SNYK-JS-BOOSTRAPSIO-7577200,9.3,*,npm,CVE NOT AVAILABLE,CWE-506,Avoid using all malicious instances of the boostrapsio package.,"boostrapsio is a malicious package. This package contains malicious code, and its content was removed from the official package manager. While this package might be attempting to impersonate a valid organization, there is no connection between that organization and this package authorship.",INTRODUCED: 1 AUG 2024,MALICIOUS,GitHub Advisory: https://github.com/advisories/GHSA-wpcg-352v-wh9j; NPM Security Placeholder: https://npmjs.com/package/boostrapsio,Network,Low,None,None,None,High,High,High,None,None,None
npm,cdntodister,https://security.snyk.io/vuln/SNYK-JS-CDNTODISTER-7577199,9.3,*,npm,CVE NOT AVAILABLE,CWE-506,Avoid using all malicious instances of the cdntodister package.,"cdntodister is a malicious package. This package contains malicious code, and its content was removed from the official package manager. While this package might be attempting to impersonate a valid organization, there is no connection between that organization and this package authorship.",INTRODUCED: 1 AUG 2024,MALICIOUS,GitHub Advisory: https://github.com/advisories/GHSA-5479-g6fc-5f5p; NPM Security Placeholder: https://npmjs.com/package/cdntodister,Network,Low,None,None,None,High,High,High,None,None,None
npm,modernliner,https://security.snyk.io/vuln/SNYK-JS-MODERNLINER-7577108,9.3,*,npm,CVE NOT AVAILABLE,CWE-506,Avoid using all malicious instances of the modernliner package.,"modernliner is a malicious package. This package contains malicious code, and its content was removed from the official package manager. While this package might be attempting to impersonate a valid organization, there is no connection between that organization and this package authorship.",INTRODUCED: 1 AUG 2024,MALICIOUS,GitHub Advisory: https://github.com/advisories/GHSA-qjf2-hf3r-p8mj; NPM Security Placeholder: https://npmjs.com/package/modernliner,Network,Low,None,None,None,High,High,High,None,None,None
npm,@illimity/components,https://security.snyk.io/vuln/SNYK-JS-ILLIMITYCOMPONENTS-7574737,9.3,*,npm,CVE NOT AVAILABLE,CWE-506,Avoid using all malicious instances of the @illimity/components package.,"@illimity/components is a malicious package. This package contains malicious code, and its content was removed from the official package manager. While this package might be attempting to impersonate a valid organization, there is no connection between that organization and this package authorship.",INTRODUCED: 31 JUL 2024,MALICIOUS,GitHub Advisory: https://github.com/advisories/GHSA-pmx8-8j5r-wwx2; NPM Security Placeholder: https://npmjs.com/package/@illimity/components,Network,Low,None,None,None,High,High,High,None,None,None
npm,@illimity/core-banking-state,https://security.snyk.io/vuln/SNYK-JS-ILLIMITYCOREBANKINGSTATE-7574736,9.3,*,npm,CVE NOT AVAILABLE,CWE-506,Avoid using all malicious instances of the @illimity/core-banking-state package.,"@illimity/core-banking-state is a malicious package. This package contains malicious code, and its content was removed from the official package manager. While this package might be attempting to impersonate a valid organization, there is no connection between that organization and this package authorship.",INTRODUCED: 31 JUL 2024,MALICIOUS,GitHub Advisory: https://github.com/advisories/GHSA-pxmp-4mh3-4999; NPM Security Placeholder: https://npmjs.com/package/@illimity/core-banking-state,Network,Low,None,None,None,High,High,High,None,None,None
npm,some-dependency-3,https://security.snyk.io/vuln/SNYK-JS-SOMEDEPENDENCY3-7574724,9.3,*,npm,CVE NOT AVAILABLE,CWE-506,Avoid using all malicious instances of the some-dependency-3 package.,"some-dependency-3 is a malicious package. This package contains malicious code, and its content was removed from the official package manager. While this package might be attempting to impersonate a valid organization, there is no connection between that organization and this package authorship.",INTRODUCED: 31 JUL 2024,MALICIOUS,GitHub Advisory: https://github.com/advisories/GHSA-q5f2-m9qj-cj43; NPM Security Placeholder: https://npmjs.com/package/some-dependency-3,Network,Low,None,None,None,High,High,High,None,None,None
npm,wix-smarts-nextjs,https://security.snyk.io/vuln/SNYK-JS-WIXSMARTSNEXTJS-7574723,9.3,*,npm,CVE NOT AVAILABLE,CWE-506,Avoid using all malicious instances of the wix-smarts-nextjs package.,"wix-smarts-nextjs is a malicious package. This package contains malicious code, and its content was removed from the official package manager. While this package might be attempting to impersonate a valid organization, there is no connection between that organization and this package authorship.",INTRODUCED: 31 JUL 2024,MALICIOUS,GitHub Advisory: https://github.com/advisories/GHSA-2446-59wx-689q; NPM Security Placeholder: https://npmjs.com/package/wix-smarts-nextjs,Network,Low,None,None,None,High,High,High,None,None,None
npm,@illimity/core-events,https://security.snyk.io/vuln/SNYK-JS-ILLIMITYCOREEVENTS-7574722,9.3,*,npm,CVE NOT AVAILABLE,CWE-506,Avoid using all malicious instances of the @illimity/core-events package.,"@illimity/core-events is a malicious package. This package contains malicious code, and its content was removed from the official package manager. While this package might be attempting to impersonate a valid organization, there is no connection between that organization and this package authorship.",INTRODUCED: 31 JUL 2024,MALICIOUS,GitHub Advisory: https://github.com/advisories/GHSA-6vxf-cvpj-p678; NPM Security Placeholder: https://npmjs.com/package/@illimity/core-events,Network,Low,None,None,None,High,High,High,None,None,None
npm,@illimity/rtl-faqs-state,https://security.snyk.io/vuln/SNYK-JS-ILLIMITYRTLFAQSSTATE-7574721,9.3,*,npm,CVE NOT AVAILABLE,CWE-506,Avoid using all malicious instances of the @illimity/rtl-faqs-state package.,"@illimity/rtl-faqs-state is a malicious package. This package contains malicious code, and its content was removed from the official package manager. While this package might be attempting to impersonate a valid organization, there is no connection between that organization and this package authorship.",INTRODUCED: 31 JUL 2024,MALICIOUS,GitHub Advisory: https://github.com/advisories/GHSA-w92c-pf2h-7v39; NPM Security Placeholder: https://npmjs.com/package/@illimity/rtl-faqs-state,Network,Low,None,None,None,High,High,High,None,None,None
npm,depe-tool,https://security.snyk.io/vuln/SNYK-JS-DEPETOOL-7574720,9.3,*,npm,CVE NOT AVAILABLE,CWE-506,Avoid using all malicious instances of the depe-tool package.,"depe-tool is a malicious package. This package contains malicious code, and its content was removed from the official package manager. While this package might be attempting to impersonate a valid organization, there is no connection between that organization and this package authorship.",INTRODUCED: 31 JUL 2024,MALICIOUS,GitHub Advisory: https://github.com/advisories/GHSA-2g9q-f9cv-xcvx; NPM Security Placeholder: https://npmjs.com/package/depe-tool,Network,Low,None,None,None,High,High,High,None,None,None
npm,@illimity/hello-world-cryptonetlabs,https://security.snyk.io/vuln/SNYK-JS-ILLIMITYHELLOWORLDCRYPTONETLABS-7574719,9.3,*,npm,CVE NOT AVAILABLE,CWE-506,Avoid using all malicious instances of the @illimity/hello-world-cryptonetlabs package.,"@illimity/hello-world-cryptonetlabs is a malicious package. This package contains malicious code, and its content was removed from the official package manager. While this package might be attempting to impersonate a valid organization, there is no connection between that organization and this package authorship.",INTRODUCED: 31 JUL 2024,MALICIOUS,GitHub Advisory: https://github.com/advisories/GHSA-rmm9-9r65-5qv7; NPM Security Placeholder: https://npmjs.com/package/@illimity/hello-world-cryptonetlabs,Network,Low,None,None,None,High,High,High,None,None,None
npm,wix-smarts,https://security.snyk.io/vuln/SNYK-JS-WIXSMARTS-7574718,9.3,*,npm,CVE NOT AVAILABLE,CWE-506,Avoid using all malicious instances of the wix-smarts package.,"wix-smarts is a malicious package. This package contains malicious code, and its content was removed from the official package manager. While this package might be attempting to impersonate a valid organization, there is no connection between that organization and this package authorship.",INTRODUCED: 31 JUL 2024,MALICIOUS,GitHub Advisory: https://github.com/advisories/GHSA-rccq-633j-8m78; NPM Security Placeholder: https://npmjs.com/package/wix-smarts,Network,Low,None,None,None,High,High,High,None,None,None
npm,toolbox-v2,https://security.snyk.io/vuln/SNYK-JS-TOOLBOXV2-7574717,9.3,*,npm,CVE NOT AVAILABLE,CWE-506,Avoid using all malicious instances of the toolbox-v2 package.,"toolbox-v2 is a malicious package. This package contains malicious code, and its content was removed from the official package manager. While this package might be attempting to impersonate a valid organization, there is no connection between that organization and this package authorship.",INTRODUCED: 31 JUL 2024,MALICIOUS,GitHub Advisory: https://github.com/advisories/GHSA-v9ww-5q87-w7x7; NPM Security Placeholder: https://npmjs.com/package/toolbox-v2,Network,Low,None,None,None,High,High,High,None,None,None
npm,@illimity/commons,https://security.snyk.io/vuln/SNYK-JS-ILLIMITYCOMMONS-7574716,9.3,*,npm,CVE NOT AVAILABLE,CWE-506,Avoid using all malicious instances of the @illimity/commons package.,"@illimity/commons is a malicious package. This package contains malicious code, and its content was removed from the official package manager. While this package might be attempting to impersonate a valid organization, there is no connection between that organization and this package authorship.",INTRODUCED: 31 JUL 2024,MALICIOUS,GitHub Advisory: https://github.com/advisories/GHSA-ppqr-c4f7-rj36; NPM Security Placeholder: https://npmjs.com/package/@illimity/commons,Network,Low,None,None,None,High,High,High,None,None,None
npm,some-dependency-2,https://security.snyk.io/vuln/SNYK-JS-SOMEDEPENDENCY2-7574715,9.3,*,npm,CVE NOT AVAILABLE,CWE-506,Avoid using all malicious instances of the some-dependency-2 package.,"some-dependency-2 is a malicious package. This package contains malicious code, and its content was removed from the official package manager. While this package might be attempting to impersonate a valid organization, there is no connection between that organization and this package authorship.",INTRODUCED: 31 JUL 2024,MALICIOUS,GitHub Advisory: https://github.com/advisories/GHSA-v98g-vq2r-7v76; NPM Security Placeholder: https://npmjs.com/package/some-dependency-2,Network,Low,None,None,None,High,High,High,None,None,None
pip,crytic-compilers,https://security.snyk.io/vuln/SNYK-PYTHON-CRYTICCOMPILERS-7231128,9.3,"[0,]",pip,CVE NOT AVAILABLE,CWE-506,Avoid using all malicious instances of the crytic-compilers package.,"crytic-compilers is a malicious package. This package uses ""typosquatting"" to bait unaware users to install it. It contains an information stealer called Lumma (aka LummaC2) and targets mainly Windows machines.",INTRODUCED: 10 JUN 2024,MALICIOUS,Socket Blog: https://socket.dev/blog/trojan-embedded-in-crytic-compilers-python-package; TheHackerNews: https://thehackernews.com/2024/06/hackers-target-python-developers-with.html,Network,Low,,None,None,,,,,,
npm,ent-widget-citizenship,https://security.snyk.io/vuln/SNYK-JS-ENTWIDGETCITIZENSHIP-7572604,9.3,*,npm,CVE NOT AVAILABLE,CWE-506,Avoid using all malicious instances of the ent-widget-citizenship package.,"ent-widget-citizenship is a malicious package. This package contains malicious code, and its content was removed from the official package manager. While this package might be attempting to impersonate a valid organization, there is no connection between that organization and this package authorship.",INTRODUCED: 29 JUL 2024,MALICIOUS,NPM Security Placeholder: https://npmjs.com/package/ent-widget-citizenship,Network,Low,None,None,None,High,High,High,None,None,None
npm,postman-zendesk-support-theme,https://security.snyk.io/vuln/SNYK-JS-POSTMANZENDESKSUPPORTTHEME-7572603,9.3,*,npm,CVE NOT AVAILABLE,CWE-506,Avoid using all malicious instances of the postman-zendesk-support-theme package.,"postman-zendesk-support-theme is a malicious package. This package contains malicious code, and its content was removed from the official package manager. While this package might be attempting to impersonate a valid organization, there is no connection between that organization and this package authorship.",INTRODUCED: 29 JUL 2024,MALICIOUS,NPM Security Placeholder: https://npmjs.com/package/postman-zendesk-support-theme,Network,Low,None,None,None,High,High,High,None,None,None
npm,ent-widget-dob,https://security.snyk.io/vuln/SNYK-JS-ENTWIDGETDOB-7572602,9.3,*,npm,CVE NOT AVAILABLE,CWE-506,Avoid using all malicious instances of the ent-widget-dob package.,"ent-widget-dob is a malicious package. This package contains malicious code, and its content was removed from the official package manager. While this package might be attempting to impersonate a valid organization, there is no connection between that organization and this package authorship.",INTRODUCED: 29 JUL 2024,MALICIOUS,NPM Security Placeholder: https://npmjs.com/package/ent-widget-dob,Network,Low,None,None,None,High,High,High,None,None,None
npm,ent-widget-addcap,https://security.snyk.io/vuln/SNYK-JS-ENTWIDGETADDCAP-7572601,9.3,*,npm,CVE NOT AVAILABLE,CWE-506,Avoid using all malicious instances of the ent-widget-addcap package.,"ent-widget-addcap is a malicious package. This package contains malicious code, and its content was removed from the official package manager. While this package might be attempting to impersonate a valid organization, there is no connection between that organization and this package authorship.",INTRODUCED: 29 JUL 2024,MALICIOUS,NPM Security Placeholder: https://npmjs.com/package/ent-widget-addcap,Network,Low,None,None,None,High,High,High,None,None,None
npm,ent-widget-military,https://security.snyk.io/vuln/SNYK-JS-ENTWIDGETMILITARY-7572600,9.3,*,npm,CVE NOT AVAILABLE,CWE-506,Avoid using all malicious instances of the ent-widget-military package.,"ent-widget-military is a malicious package. This package contains malicious code, and its content was removed from the official package manager. While this package might be attempting to impersonate a valid organization, there is no connection between that organization and this package authorship.",INTRODUCED: 29 JUL 2024,MALICIOUS,NPM Security Placeholder: https://npmjs.com/package/ent-widget-military,Network,Low,None,None,None,High,High,High,None,None,None
npm,ent-cas-proxy,https://security.snyk.io/vuln/SNYK-JS-ENTCASPROXY-7572599,9.3,*,npm,CVE NOT AVAILABLE,CWE-506,Avoid using all malicious instances of the ent-cas-proxy package.,"ent-cas-proxy is a malicious package. This package contains malicious code, and its content was removed from the official package manager. While this package might be attempting to impersonate a valid organization, there is no connection between that organization and this package authorship.",INTRODUCED: 29 JUL 2024,MALICIOUS,NPM Security Placeholder: https://npmjs.com/package/ent-cas-proxy,Network,Low,None,None,None,High,High,High,None,None,None
npm,noc-chatbot,https://security.snyk.io/vuln/SNYK-JS-NOCCHATBOT-7572598,9.3,*,npm,CVE NOT AVAILABLE,CWE-506,Avoid using all malicious instances of the noc-chatbot package.,"noc-chatbot is a malicious package. This package contains malicious code, and its content was removed from the official package manager. While this package might be attempting to impersonate a valid organization, there is no connection between that organization and this package authorship.",INTRODUCED: 29 JUL 2024,MALICIOUS,NPM Security Placeholder: https://npmjs.com/package/noc-chatbot,Network,Low,None,None,None,High,High,High,None,None,None
npm,ent-widget-phone,https://security.snyk.io/vuln/SNYK-JS-ENTWIDGETPHONE-7572597,9.3,*,npm,CVE NOT AVAILABLE,CWE-506,Avoid using all malicious instances of the ent-widget-phone package.,"ent-widget-phone is a malicious package. This package contains malicious code, and its content was removed from the official package manager. While this package might be attempting to impersonate a valid organization, there is no connection between that organization and this package authorship.",INTRODUCED: 29 JUL 2024,MALICIOUS,NPM Security Placeholder: https://npmjs.com/package/ent-widget-phone,Network,Low,None,None,None,High,High,High,None,None,None
npm,sendapp,https://security.snyk.io/vuln/SNYK-JS-SENDAPP-7572596,9.3,*,npm,CVE NOT AVAILABLE,CWE-506,Avoid using all malicious instances of the sendapp package.,"sendapp is a malicious package. This package contains malicious code, and its content was removed from the official package manager. While this package might be attempting to impersonate a valid organization, there is no connection between that organization and this package authorship.",INTRODUCED: 29 JUL 2024,MALICIOUS,NPM Security Placeholder: https://npmjs.com/package/sendapp,Network,Low,None,None,None,High,High,High,None,None,None
npm,mmp-test-utils,https://security.snyk.io/vuln/SNYK-JS-MMPTESTUTILS-7572595,9.3,*,npm,CVE NOT AVAILABLE,CWE-506,Avoid using all malicious instances of the mmp-test-utils package.,"mmp-test-utils is a malicious package. This package contains malicious code, and its content was removed from the official package manager. While this package might be attempting to impersonate a valid organization, there is no connection between that organization and this package authorship.",INTRODUCED: 29 JUL 2024,MALICIOUS,NPM Security Placeholder: https://npmjs.com/package/mmp-test-utils,Network,Low,None,None,None,High,High,High,None,None,None
npm,ent-widget-ssn,https://security.snyk.io/vuln/SNYK-JS-ENTWIDGETSSN-7572594,9.3,*,npm,CVE NOT AVAILABLE,CWE-506,Avoid using all malicious instances of the ent-widget-ssn package.,"ent-widget-ssn is a malicious package. This package contains malicious code, and its content was removed from the official package manager. While this package might be attempting to impersonate a valid organization, there is no connection between that organization and this package authorship.",INTRODUCED: 29 JUL 2024,MALICIOUS,NPM Security Placeholder: https://npmjs.com/package/ent-widget-ssn,Network,Low,None,None,None,High,High,High,None,None,None
npm,usaa-message-card,https://security.snyk.io/vuln/SNYK-JS-USAAMESSAGECARD-7572593,9.3,*,npm,CVE NOT AVAILABLE,CWE-506,Avoid using all malicious instances of the usaa-message-card package.,"usaa-message-card is a malicious package. This package contains malicious code, and its content was removed from the official package manager. While this package might be attempting to impersonate a valid organization, there is no connection between that organization and this package authorship.",INTRODUCED: 29 JUL 2024,MALICIOUS,NPM Security Placeholder: https://npmjs.com/package/usaa-message-card,Network,Low,None,None,None,High,High,High,None,None,None
npm,ent-widget-itin,https://security.snyk.io/vuln/SNYK-JS-ENTWIDGETITIN-7572592,9.3,*,npm,CVE NOT AVAILABLE,CWE-506,Avoid using all malicious instances of the ent-widget-itin package.,"ent-widget-itin is a malicious package. This package contains malicious code, and its content was removed from the official package manager. While this package might be attempting to impersonate a valid organization, there is no connection between that organization and this package authorship.",INTRODUCED: 29 JUL 2024,MALICIOUS,NPM Security Placeholder: https://npmjs.com/package/ent-widget-itin,Network,Low,None,None,None,High,High,High,None,None,None
npm,usaa-a11y-test,https://security.snyk.io/vuln/SNYK-JS-USAAA11YTEST-7572591,9.3,*,npm,CVE NOT AVAILABLE,CWE-506,Avoid using all malicious instances of the usaa-a11y-test package.,"usaa-a11y-test is a malicious package. This package contains malicious code, and its content was removed from the official package manager. While this package might be attempting to impersonate a valid organization, there is no connection between that organization and this package authorship.",INTRODUCED: 29 JUL 2024,MALICIOUS,NPM Security Placeholder: https://npmjs.com/package/usaa-a11y-test,Network,Low,None,None,None,High,High,High,None,None,None
npm,usaa-modal,https://security.snyk.io/vuln/SNYK-JS-USAAMODAL-7572590,9.3,*,npm,CVE NOT AVAILABLE,CWE-506,Avoid using all malicious instances of the usaa-modal package.,"usaa-modal is a malicious package. This package contains malicious code, and its content was removed from the official package manager. While this package might be attempting to impersonate a valid organization, there is no connection between that organization and this package authorship.",INTRODUCED: 29 JUL 2024,MALICIOUS,NPM Security Placeholder: https://npmjs.com/package/usaa-modal,Network,Low,None,None,None,High,High,High,None,None,None
npm,personal-profile-common,https://security.snyk.io/vuln/SNYK-JS-PERSONALPROFILECOMMON-7572589,9.3,*,npm,CVE NOT AVAILABLE,CWE-506,Avoid using all malicious instances of the personal-profile-common package.,"personal-profile-common is a malicious package. This package contains malicious code, and its content was removed from the official package manager. While this package might be attempting to impersonate a valid organization, there is no connection between that organization and this package authorship.",INTRODUCED: 29 JUL 2024,MALICIOUS,NPM Security Placeholder: https://npmjs.com/package/personal-profile-common,Network,Low,None,None,None,High,High,High,None,None,None
npm,ent-widget-marital-status,https://security.snyk.io/vuln/SNYK-JS-ENTWIDGETMARITALSTATUS-7572588,9.3,*,npm,CVE NOT AVAILABLE,CWE-506,Avoid using all malicious instances of the ent-widget-marital-status package.,"ent-widget-marital-status is a malicious package. This package contains malicious code, and its content was removed from the official package manager. While this package might be attempting to impersonate a valid organization, there is no connection between that organization and this package authorship.",INTRODUCED: 29 JUL 2024,MALICIOUS,NPM Security Placeholder: https://npmjs.com/package/ent-widget-marital-status,Network,Low,None,None,None,High,High,High,None,None,None
npm,ent-disclosure-mocks,https://security.snyk.io/vuln/SNYK-JS-ENTDISCLOSUREMOCKS-7572587,9.3,*,npm,CVE NOT AVAILABLE,CWE-506,Avoid using all malicious instances of the ent-disclosure-mocks package.,"ent-disclosure-mocks is a malicious package. This package contains malicious code, and its content was removed from the official package manager. While this package might be attempting to impersonate a valid organization, there is no connection between that organization and this package authorship.",INTRODUCED: 29 JUL 2024,MALICIOUS,NPM Security Placeholder: https://npmjs.com/package/ent-disclosure-mocks,Network,Low,None,None,None,High,High,High,None,None,None
npm,ent-widget-gender,https://security.snyk.io/vuln/SNYK-JS-ENTWIDGETGENDER-7572586,9.3,*,npm,CVE NOT AVAILABLE,CWE-506,Avoid using all malicious instances of the ent-widget-gender package.,"ent-widget-gender is a malicious package. This package contains malicious code, and its content was removed from the official package manager. While this package might be attempting to impersonate a valid organization, there is no connection between that organization and this package authorship.",INTRODUCED: 29 JUL 2024,MALICIOUS,NPM Security Placeholder: https://npmjs.com/package/ent-widget-gender,Network,Low,None,None,None,High,High,High,None,None,None
npm,ent-file-upload-widget,https://security.snyk.io/vuln/SNYK-JS-ENTFILEUPLOADWIDGET-7572585,9.3,*,npm,CVE NOT AVAILABLE,CWE-506,Avoid using all malicious instances of the ent-file-upload-widget package.,"ent-file-upload-widget is a malicious package. This package contains malicious code, and its content was removed from the official package manager. While this package might be attempting to impersonate a valid organization, there is no connection between that organization and this package authorship.",INTRODUCED: 29 JUL 2024,MALICIOUS,NPM Security Placeholder: https://npmjs.com/package/ent-file-upload-widget,Network,Low,None,None,None,High,High,High,None,None,None
npm,ent-widget-address,https://security.snyk.io/vuln/SNYK-JS-ENTWIDGETADDRESS-7572584,9.3,*,npm,CVE NOT AVAILABLE,CWE-506,Avoid using all malicious instances of the ent-widget-address package.,"ent-widget-address is a malicious package. This package contains malicious code, and its content was removed from the official package manager. While this package might be attempting to impersonate a valid organization, there is no connection between that organization and this package authorship.",INTRODUCED: 29 JUL 2024,MALICIOUS,NPM Security Placeholder: https://npmjs.com/package/ent-widget-address,Network,Low,None,None,None,High,High,High,None,None,None
npm,testalonimaurice,https://security.snyk.io/vuln/SNYK-JS-TESTALONIMAURICE-7572583,9.3,*,npm,CVE NOT AVAILABLE,CWE-506,Avoid using all malicious instances of the testalonimaurice package.,"testalonimaurice is a malicious package. This package contains malicious code, and its content was removed from the official package manager. While this package might be attempting to impersonate a valid organization, there is no connection between that organization and this package authorship.",INTRODUCED: 29 JUL 2024,MALICIOUS,NPM Security Placeholder: https://npmjs.com/package/testalonimaurice,Network,Low,None,None,None,High,High,High,None,None,None
npm,ent-widget-unauth-msr-stop,https://security.snyk.io/vuln/SNYK-JS-ENTWIDGETUNAUTHMSRSTOP-7572582,9.3,*,npm,CVE NOT AVAILABLE,CWE-506,Avoid using all malicious instances of the ent-widget-unauth-msr-stop package.,"ent-widget-unauth-msr-stop is a malicious package. This package contains malicious code, and its content was removed from the official package manager. While this package might be attempting to impersonate a valid organization, there is no connection between that organization and this package authorship.",INTRODUCED: 29 JUL 2024,MALICIOUS,NPM Security Placeholder: https://npmjs.com/package/ent-widget-unauth-msr-stop,Network,Low,None,None,None,High,High,High,None,None,None
npm,ent-widget-occupation,https://security.snyk.io/vuln/SNYK-JS-ENTWIDGETOCCUPATION-7572581,9.3,*,npm,CVE NOT AVAILABLE,CWE-506,Avoid using all malicious instances of the ent-widget-occupation package.,"ent-widget-occupation is a malicious package. This package contains malicious code, and its content was removed from the official package manager. While this package might be attempting to impersonate a valid organization, there is no connection between that organization and this package authorship.",INTRODUCED: 29 JUL 2024,MALICIOUS,NPM Security Placeholder: https://npmjs.com/package/ent-widget-occupation,Network,Low,None,None,None,High,High,High,None,None,None
npm,income_access_npm_config,https://security.snyk.io/vuln/SNYK-JS-INCOMEACCESSNPMCONFIG-7572580,9.3,*,npm,CVE NOT AVAILABLE,CWE-506,Avoid using all malicious instances of the income_access_npm_config package.,"income_access_npm_config is a malicious package. This package contains malicious code, and its content was removed from the official package manager. While this package might be attempting to impersonate a valid organization, there is no connection between that organization and this package authorship.",INTRODUCED: 29 JUL 2024,MALICIOUS,NPM Security Placeholder: https://npmjs.com/package/income_access_npm_config,Network,Low,None,None,None,High,High,High,None,None,None
npm,testaloni-jarneese,https://security.snyk.io/vuln/SNYK-JS-TESTALONIJARNEESE-7572579,9.3,*,npm,CVE NOT AVAILABLE,CWE-506,Avoid using all malicious instances of the testaloni-jarneese package.,"testaloni-jarneese is a malicious package. This package contains malicious code, and its content was removed from the official package manager. While this package might be attempting to impersonate a valid organization, there is no connection between that organization and this package authorship.",INTRODUCED: 29 JUL 2024,MALICIOUS,NPM Security Placeholder: https://npmjs.com/package/testaloni-jarneese,Network,Low,None,None,None,High,High,High,None,None,None
npm,dagster-docs,https://security.snyk.io/vuln/SNYK-JS-DAGSTERDOCS-7572578,9.3,*,npm,CVE NOT AVAILABLE,CWE-506,Avoid using all malicious instances of the dagster-docs package.,"dagster-docs is a malicious package. This package contains malicious code, and its content was removed from the official package manager. While this package might be attempting to impersonate a valid organization, there is no connection between that organization and this package authorship.",INTRODUCED: 29 JUL 2024,MALICIOUS,NPM Security Placeholder: https://npmjs.com/package/dagster-docs,Network,Low,None,None,None,High,High,High,None,None,None
npm,jayanta_test,https://security.snyk.io/vuln/SNYK-JS-JAYANTATEST-7572577,9.3,*,npm,CVE NOT AVAILABLE,CWE-506,Avoid using all malicious instances of the jayanta_test package.,"jayanta_test is a malicious package. This package contains malicious code, and its content was removed from the official package manager. While this package might be attempting to impersonate a valid organization, there is no connection between that organization and this package authorship.",INTRODUCED: 29 JUL 2024,MALICIOUS,NPM Security Placeholder: https://npmjs.com/package/jayanta_test,Network,Low,None,None,None,High,High,High,None,None,None
npm,dagit,https://security.snyk.io/vuln/SNYK-JS-DAGIT-7572576,9.3,*,npm,CVE NOT AVAILABLE,CWE-506,Avoid using all malicious instances of the dagit package.,"dagit is a malicious package. This package contains malicious code, and its content was removed from the official package manager. While this package might be attempting to impersonate a valid organization, there is no connection between that organization and this package authorship.",INTRODUCED: 29 JUL 2024,MALICIOUS,NPM Security Placeholder: https://npmjs.com/package/dagit,Network,Low,None,None,None,High,High,High,None,None,None
npm,cordova-plugin-acuant,https://security.snyk.io/vuln/SNYK-JS-CORDOVAPLUGINACUANT-7572575,9.3,*,npm,CVE NOT AVAILABLE,CWE-506,Avoid using all malicious instances of the cordova-plugin-acuant package.,"cordova-plugin-acuant is a malicious package. This package contains malicious code, and its content was removed from the official package manager. While this package might be attempting to impersonate a valid organization, there is no connection between that organization and this package authorship.",INTRODUCED: 29 JUL 2024,MALICIOUS,NPM Security Placeholder: https://npmjs.com/package/cordova-plugin-acuant,Network,Low,None,None,None,High,High,High,None,None,None
npm,y78b,https://security.snyk.io/vuln/SNYK-JS-Y78B-7572542,9.3,>=0.0.0,npm,CVE NOT AVAILABLE,CWE-506,Avoid using all malicious instances of the y78b package.,"y78b is a malicious package. The package contains metadata, description, and code copied from the legitimate ""cli-width"" package but instead deploys malicious macOS binary, disguised as ""Safari updates.""",INTRODUCED: 26 JUL 2024,MALICIOUS,Sonatype Blog: https://www.sonatype.com/blog/npm-packages-use-travis.yml-files-to-conceal-macos-malware-disguised-as-safari-updates,Network,Low,None,None,Partial,High,High,High,None,None,None
npm,x91yz,https://security.snyk.io/vuln/SNYK-JS-X91YZ-7572541,9.3,>=0.0.0,npm,CVE NOT AVAILABLE,CWE-506,Avoid using all malicious instances of the x91yz package.,"x91yz is a malicious package. The package contains metadata, description, and code copied from the legitimate ""cli-width"" package but instead deploys malicious macOS binary, disguised as ""Safari updates.""",INTRODUCED: 26 JUL 2024,MALICIOUS,Sonatype Blog: https://www.sonatype.com/blog/npm-packages-use-travis.yml-files-to-conceal-macos-malware-disguised-as-safari-updates,Network,Low,None,None,Partial,High,High,High,None,None,None
npm,tyibyc,https://security.snyk.io/vuln/SNYK-JS-TYIBYC-7572540,9.3,>=0.0.0,npm,CVE NOT AVAILABLE,CWE-506,Avoid using all malicious instances of the tyibyc package.,"tyibyc is a malicious package. The package contains metadata, description, and code copied from the legitimate ""cli-width"" package but instead deploys malicious macOS binary, disguised as ""Safari updates.""",INTRODUCED: 26 JUL 2024,MALICIOUS,Sonatype Blog: https://www.sonatype.com/blog/npm-packages-use-travis.yml-files-to-conceal-macos-malware-disguised-as-safari-updates,Network,Low,None,None,Partial,High,High,High,None,None,None
npm,floodtcpudp,https://security.snyk.io/vuln/SNYK-JS-FLOODTCPUDP-7558565,9.3,*,npm,CVE NOT AVAILABLE,CWE-506,Avoid using all malicious instances of the floodtcpudp package.,"floodtcpudp is a malicious package. This package contains malicious code, and its content was removed from the official package manager. While this package might be attempting to impersonate a valid organization, there is no connection between that organization and this package authorship.",INTRODUCED: 25 JUL 2024,MALICIOUS,GitHub Advisory: https://github.com/advisories/GHSA-ppq2-pqx2-h6f8; NPM Security Placeholder: https://npmjs.com/package/floodtcpudp,Network,Low,None,None,None,High,High,High,None,None,None
npm,webvisitor,https://security.snyk.io/vuln/SNYK-JS-WEBVISITOR-7558564,9.3,*,npm,CVE NOT AVAILABLE,CWE-506,Avoid using all malicious instances of the webvisitor package.,"webvisitor is a malicious package. This package contains malicious code, and its content was removed from the official package manager. While this package might be attempting to impersonate a valid organization, there is no connection between that organization and this package authorship.",INTRODUCED: 25 JUL 2024,MALICIOUS,GitHub Advisory: https://github.com/advisories/GHSA-w72w-787m-3456; NPM Security Placeholder: https://npmjs.com/package/webvisitor,Network,Low,None,None,None,High,High,High,None,None,None
npm,httpsflood,https://security.snyk.io/vuln/SNYK-JS-HTTPSFLOOD-7558563,9.3,*,npm,CVE NOT AVAILABLE,CWE-506,Avoid using all malicious instances of the httpsflood package.,"httpsflood is a malicious package. This package contains malicious code, and its content was removed from the official package manager. While this package might be attempting to impersonate a valid organization, there is no connection between that organization and this package authorship.",INTRODUCED: 25 JUL 2024,MALICIOUS,GitHub Advisory: https://github.com/advisories/GHSA-xgh4-7wh4-532r; NPM Security Placeholder: https://npmjs.com/package/httpsflood,Network,Low,None,None,None,High,High,High,None,None,None
npm,webjsflood,https://security.snyk.io/vuln/SNYK-JS-WEBJSFLOOD-7558562,9.3,*,npm,CVE NOT AVAILABLE,CWE-506,Avoid using all malicious instances of the webjsflood package.,"webjsflood is a malicious package. This package contains malicious code, and its content was removed from the official package manager. While this package might be attempting to impersonate a valid organization, there is no connection between that organization and this package authorship.",INTRODUCED: 25 JUL 2024,MALICIOUS,GitHub Advisory: https://github.com/advisories/GHSA-f2vm-4pcw-3mqp; NPM Security Placeholder: https://npmjs.com/package/webjsflood,Network,Low,None,None,None,High,High,High,None,None,None
npm,overflood,https://security.snyk.io/vuln/SNYK-JS-OVERFLOOD-7558561,9.3,*,npm,CVE NOT AVAILABLE,CWE-506,Avoid using all malicious instances of the overflood package.,"overflood is a malicious package. This package contains malicious code, and its content was removed from the official package manager. While this package might be attempting to impersonate a valid organization, there is no connection between that organization and this package authorship.",INTRODUCED: 25 JUL 2024,MALICIOUS,GitHub Advisory: https://github.com/advisories/GHSA-frvq-7p22-m2m3; NPM Security Placeholder: https://npmjs.com/package/overflood,Network,Low,None,None,None,High,High,High,None,None,None
npm,lol1234,https://security.snyk.io/vuln/SNYK-JS-LOL1234-7554691,9.3,*,npm,CVE NOT AVAILABLE,CWE-506,Avoid using all malicious instances of the lol1234 package.,"lol1234 is a malicious package. This package contains malicious code, and its content was removed from the official package manager. While this package might be attempting to impersonate a valid organization, there is no connection between that organization and this package authorship.",INTRODUCED: 24 JUL 2024,MALICIOUS,GitHub Advisory: https://github.com/advisories/GHSA-2wx8-5g5j-p6g9; NPM Security Placeholder: https://npmjs.com/package/lol1234,Network,Low,None,None,None,High,High,High,None,None,None
npm,smart-input-checkbox,https://security.snyk.io/vuln/SNYK-JS-SMARTINPUTCHECKBOX-7554690,9.3,*,npm,CVE NOT AVAILABLE,CWE-506,Avoid using all malicious instances of the smart-input-checkbox package.,"smart-input-checkbox is a malicious package. This package contains malicious code, and its content was removed from the official package manager. While this package might be attempting to impersonate a valid organization, there is no connection between that organization and this package authorship.",INTRODUCED: 24 JUL 2024,MALICIOUS,GitHub Advisory: https://github.com/advisories/GHSA-wm5j-52mx-hr26; NPM Security Placeholder: https://npmjs.com/package/smart-input-checkbox,Network,Low,None,None,None,High,High,High,None,None,None
npm,smart-input-textarea,https://security.snyk.io/vuln/SNYK-JS-SMARTINPUTTEXTAREA-7554689,9.3,*,npm,CVE NOT AVAILABLE,CWE-506,Avoid using all malicious instances of the smart-input-textarea package.,"smart-input-textarea is a malicious package. This package contains malicious code, and its content was removed from the official package manager. While this package might be attempting to impersonate a valid organization, there is no connection between that organization and this package authorship.",INTRODUCED: 24 JUL 2024,MALICIOUS,GitHub Advisory: https://github.com/advisories/GHSA-5rrw-f989-qcfq; NPM Security Placeholder: https://npmjs.com/package/smart-input-textarea,Network,Low,None,None,None,High,High,High,None,None,None
npm,roblox-ts-core,https://security.snyk.io/vuln/SNYK-JS-ROBLOXTSCORE-7548213,9.3,*,npm,CVE NOT AVAILABLE,CWE-506,Avoid using all malicious instances of the roblox-ts-core package.,"roblox-ts-core is a malicious package. This package contains malicious code, and its content was removed from the official package manager. While this package might be attempting to impersonate a valid organization, there is no connection between that organization and this package authorship.",INTRODUCED: 23 JUL 2024,MALICIOUS,NPM Security Placeholder: https://npmjs.com/package/roblox-ts-core,Network,Low,None,None,None,High,High,High,None,None,None
npm,sap-accesslevel,https://security.snyk.io/vuln/SNYK-JS-SAPACCESSLEVEL-7547202,9.3,*,npm,CVE NOT AVAILABLE,CWE-506,Avoid using all malicious instances of the sap-accesslevel package.,"sap-accesslevel is a malicious package. This package contains malicious code, and its content was removed from the official package manager. While this package might be attempting to impersonate a valid organization, there is no connection between that organization and this package authorship.",INTRODUCED: 22 JUL 2024,MALICIOUS,NPM Security Placeholder: https://npmjs.com/package/sap-accesslevel,Network,Low,None,None,None,High,High,High,None,None,None
npm,sap-ac,https://security.snyk.io/vuln/SNYK-JS-SAPAC-7547201,9.3,*,npm,CVE NOT AVAILABLE,CWE-506,Avoid using all malicious instances of the sap-ac package.,"sap-ac is a malicious package. This package contains malicious code, and its content was removed from the official package manager. While this package might be attempting to impersonate a valid organization, there is no connection between that organization and this package authorship.",INTRODUCED: 22 JUL 2024,MALICIOUS,NPM Security Placeholder: https://npmjs.com/package/sap-ac,Network,Low,None,None,None,High,High,High,None,None,None
npm,sap-about,https://security.snyk.io/vuln/SNYK-JS-SAPABOUT-7547200,9.3,*,npm,CVE NOT AVAILABLE,CWE-506,Avoid using all malicious instances of the sap-about package.,"sap-about is a malicious package. This package contains malicious code, and its content was removed from the official package manager. While this package might be attempting to impersonate a valid organization, there is no connection between that organization and this package authorship.",INTRODUCED: 22 JUL 2024,MALICIOUS,NPM Security Placeholder: https://npmjs.com/package/sap-about,Network,Low,None,None,None,High,High,High,None,None,None
npm,sap-abstract,https://security.snyk.io/vuln/SNYK-JS-SAPABSTRACT-7547199,9.3,*,npm,CVE NOT AVAILABLE,CWE-506,Avoid using all malicious instances of the sap-abstract package.,"sap-abstract is a malicious package. This package contains malicious code, and its content was removed from the official package manager. While this package might be attempting to impersonate a valid organization, there is no connection between that organization and this package authorship.",INTRODUCED: 22 JUL 2024,MALICIOUS,NPM Security Placeholder: https://npmjs.com/package/sap-abstract,Network,Low,None,None,None,High,High,High,None,None,None
npm,toolbox-controller,https://security.snyk.io/vuln/SNYK-JS-TOOLBOXCONTROLLER-7547198,9.3,*,npm,CVE NOT AVAILABLE,CWE-506,Avoid using all malicious instances of the toolbox-controller package.,"toolbox-controller is a malicious package. This package contains malicious code, and its content was removed from the official package manager. While this package might be attempting to impersonate a valid organization, there is no connection between that organization and this package authorship.",INTRODUCED: 22 JUL 2024,MALICIOUS,NPM Security Placeholder: https://npmjs.com/package/toolbox-controller,Network,Low,None,None,None,High,High,High,None,None,None
npm,sap-accept,https://security.snyk.io/vuln/SNYK-JS-SAPACCEPT-7547197,9.3,*,npm,CVE NOT AVAILABLE,CWE-506,Avoid using all malicious instances of the sap-accept package.,"sap-accept is a malicious package. This package contains malicious code, and its content was removed from the official package manager. While this package might be attempting to impersonate a valid organization, there is no connection between that organization and this package authorship.",INTRODUCED: 22 JUL 2024,MALICIOUS,NPM Security Placeholder: https://npmjs.com/package/sap-accept,Network,Low,None,None,None,High,High,High,None,None,None
npm,sap-access,https://security.snyk.io/vuln/SNYK-JS-SAPACCESS-7547196,9.3,*,npm,CVE NOT AVAILABLE,CWE-506,Avoid using all malicious instances of the sap-access package.,"sap-access is a malicious package. This package contains malicious code, and its content was removed from the official package manager. While this package might be attempting to impersonate a valid organization, there is no connection between that organization and this package authorship.",INTRODUCED: 22 JUL 2024,MALICIOUS,NPM Security Placeholder: https://npmjs.com/package/sap-access,Network,Low,None,None,None,High,High,High,None,None,None
npm,sap-abort,https://security.snyk.io/vuln/SNYK-JS-SAPABORT-7547195,9.3,*,npm,CVE NOT AVAILABLE,CWE-506,Avoid using all malicious instances of the sap-abort package.,"sap-abort is a malicious package. This package contains malicious code, and its content was removed from the official package manager. While this package might be attempting to impersonate a valid organization, there is no connection between that organization and this package authorship.",INTRODUCED: 22 JUL 2024,MALICIOUS,NPM Security Placeholder: https://npmjs.com/package/sap-abort,Network,Low,None,None,None,High,High,High,None,None,None
npm,zonduutest,https://security.snyk.io/vuln/SNYK-JS-ZONDUUTEST-7547194,9.3,*,npm,CVE NOT AVAILABLE,CWE-506,Avoid using all malicious instances of the zonduutest package.,"zonduutest is a malicious package. This package contains malicious code, and its content was removed from the official package manager. While this package might be attempting to impersonate a valid organization, there is no connection between that organization and this package authorship.",INTRODUCED: 22 JUL 2024,MALICIOUS,NPM Security Placeholder: https://npmjs.com/package/zonduutest,Network,Low,None,None,None,High,High,High,None,None,None
npm,llllllllllllllllllllllllllllllllllllllllllllllllllllllllllllllllllllllllllllllllllllllllllllllllllll,https://security.snyk.io/vuln/SNYK-JS-LLLLLLLLLLLLLLLLLLLLLLLLLLLLLLLLLLLLLLLLLLLLLLLLLLLLLLLLLLLLLLLLLLLLLLLLLLLLLLLLLLLLLLLLLLLLLLLLLLLL-7541821,9.3,*,npm,CVE NOT AVAILABLE,CWE-506,Avoid using all malicious instances of the llllllllllllllllllllllllllllllllllllllllllllllllllllllllllllllllllllllllllllllllllllllllllllllllllll package.,"llllllllllllllllllllllllllllllllllllllllllllllllllllllllllllllllllllllllllllllllllllllllllllllllllll is a malicious package. This package contains malicious code, and its content was removed from the official package manager. While this package might be attempting to impersonate a valid organization, there is no connection between that organization and this package authorship.",INTRODUCED: 8 JUL 2024,MALICIOUS,NPM Security Placeholder: https://npmjs.com/package/lllllllllllllllllllllllllllllllllllllllllllllllllllllllllllllllllllllllllllllllllllllllllllllllllllllllllllllllllllllllllllllllllllllllllllllllllllllllllllllllllllllllllllllllllllllllllllllllllllllllllllllllllllll,Network,Low,None,None,None,High,High,High,None,None,None
npm,firefly-sdk-ts,https://security.snyk.io/vuln/SNYK-JS-FIREFLYSDKTS-7541820,9.3,*,npm,CVE NOT AVAILABLE,CWE-506,Avoid using all malicious instances of the firefly-sdk-ts package.,"firefly-sdk-ts is a malicious package. This package contains malicious code, and its content was removed from the official package manager. While this package might be attempting to impersonate a valid organization, there is no connection between that organization and this package authorship.",INTRODUCED: 19 JUL 2024,MALICIOUS,NPM Security Placeholder: https://npmjs.com/package/firefly-sdk-ts,Network,Low,None,None,None,High,High,High,None,None,None
npm,geico_design_kit,https://security.snyk.io/vuln/SNYK-JS-GEICODESIGNKIT-7541819,9.3,*,npm,CVE NOT AVAILABLE,CWE-506,Avoid using all malicious instances of the geico_design_kit package.,"geico_design_kit is a malicious package. This package contains malicious code, and its content was removed from the official package manager. While this package might be attempting to impersonate a valid organization, there is no connection between that organization and this package authorship.",INTRODUCED: 19 JUL 2024,MALICIOUS,NPM Security Placeholder: https://npmjs.com/package/geico_design_kit,Network,Low,None,None,None,High,High,High,None,None,None
pip,pytoileur,https://security.snyk.io/vuln/SNYK-PYTHON-PYTOILEUR-7172733,9.3,"[0,]",pip,CVE NOT AVAILABLE,CWE-506,Avoid using all malicious instances of the pytoileur package.,"pytoileur is a malicious package. This is targeting Windows users by downloading trojanized binaries capable of surveillance, persistence, and crypto-theft. This package, part of a broader campaign, uses obfuscation techniques to hide its malicious code. It also attempts to mislead developers on platforms like StackOverflow to install it. The malware retrieves a binary that steals data from browsers and cryptocurrency wallets.",INTRODUCED: 31 MAY 2024,MALICIOUS,Sonatype Blog: https://www.sonatype.com/blog/pypi-crypto-stealer-targets-windows-users-revives-malware-campaign; TheHackerNews: https://thehackernews.com/2024/05/cybercriminals-abuse-stackoverflow-to.html,Network,Low,,None,None,,,,,,
npm,legacyaws-s3-object-multipart-copy,https://security.snyk.io/vuln/SNYK-JS-LEGACYAWSS3OBJECTMULTIPARTCOPY-7462728,9.3,*,npm,CVE NOT AVAILABLE,CWE-506,Avoid using all malicious instances of the legacyaws-s3-object-multipart-copy package.,"legacyaws-s3-object-multipart-copy is a malicious package. This package contains malicious code, and its content was removed from the official package manager. While this package might be attempting to impersonate a valid organization, there is no connection between that organization and this package authorship.",INTRODUCED: 15 JUL 2024,MALICIOUS,The Hacker News Report: https://thehackernews.com/2024/07/malicious-npm-packages-found-using.html,Network,Low,None,None,None,High,High,High,None,None,None
npm,mock_simple_module_relative,https://security.snyk.io/vuln/SNYK-JS-MOCKSIMPLEMODULERELATIVE-7462094,9.3,*,npm,CVE NOT AVAILABLE,CWE-506,Avoid using all malicious instances of the mock_simple_module_relative package.,"mock_simple_module_relative is a malicious package. This package contains malicious code, and its content was removed from the official package manager. While this package might be attempting to impersonate a valid organization, there is no connection between that organization and this package authorship.",INTRODUCED: 17 JUL 2024,MALICIOUS,GitHub Advisory: https://github.com/advisories/GHSA-cpj2-wjv8-289v; NPM Security Placeholder: https://npmjs.com/package/mock_simple_module_relative,Network,Low,None,None,None,High,High,High,None,None,None
npm,mock_simple_module,https://security.snyk.io/vuln/SNYK-JS-MOCKSIMPLEMODULE-7462093,9.3,*,npm,CVE NOT AVAILABLE,CWE-506,Avoid using all malicious instances of the mock_simple_module package.,"mock_simple_module is a malicious package. This package contains malicious code, and its content was removed from the official package manager. While this package might be attempting to impersonate a valid organization, there is no connection between that organization and this package authorship.",INTRODUCED: 17 JUL 2024,MALICIOUS,GitHub Advisory: https://github.com/advisories/GHSA-wgxv-xjc5-gw6x; NPM Security Placeholder: https://npmjs.com/package/mock_simple_module,Network,Low,None,None,None,High,High,High,None,None,None
npm,mizuki7777,https://security.snyk.io/vuln/SNYK-JS-MIZUKI7777-7456790,9.3,*,npm,CVE NOT AVAILABLE,CWE-506,Avoid using all malicious instances of the mizuki7777 package.,"mizuki7777 is a malicious package. This package contains malicious code, and its content was removed from the official package manager. While this package might be attempting to impersonate a valid organization, there is no connection between that organization and this package authorship.",INTRODUCED: 16 JUL 2024,MALICIOUS,NPM Security Placeholder: https://npmjs.com/package/mizuki7777,Network,Low,None,None,None,High,High,High,None,None,None
npm,evil-hitcon-2024,https://security.snyk.io/vuln/SNYK-JS-EVILHITCON2024-7456789,9.3,*,npm,CVE NOT AVAILABLE,CWE-506,Avoid using all malicious instances of the evil-hitcon-2024 package.,"evil-hitcon-2024 is a malicious package. This package contains malicious code, and its content was removed from the official package manager. While this package might be attempting to impersonate a valid organization, there is no connection between that organization and this package authorship.",INTRODUCED: 16 JUL 2024,MALICIOUS,NPM Security Placeholder: https://npmjs.com/package/evil-hitcon-2024,Network,Low,None,None,None,High,High,High,None,None,None
npm,selfbot.js-v14,https://security.snyk.io/vuln/SNYK-JS-SELFBOTJSV14-7456788,9.3,*,npm,CVE NOT AVAILABLE,CWE-506,Avoid using all malicious instances of the selfbot.js-v14 package.,"selfbot.js-v14 is a malicious package. This package contains malicious code, and its content was removed from the official package manager. While this package might be attempting to impersonate a valid organization, there is no connection between that organization and this package authorship.",INTRODUCED: 16 JUL 2024,MALICIOUS,NPM Security Placeholder: https://npmjs.com/package/selfbot.js-v14,Network,Low,None,None,None,High,High,High,None,None,None
npm,img-aws-s3-object-multipart-copy,https://security.snyk.io/vuln/SNYK-JS-IMGAWSS3OBJECTMULTIPARTCOPY-7448483,9.3,*,npm,CVE NOT AVAILABLE,CWE-506,Avoid using all malicious instances of the img-aws-s3-object-multipart-copy package.,"img-aws-s3-object-multipart-copy is a malicious package. This package contains malicious code, and its content was removed from the official package manager. While this package might be attempting to impersonate a valid organization, there is no connection between that organization and this package authorship.",INTRODUCED: 15 JUL 2024,MALICIOUS,The Hacker News Report: https://thehackernews.com/2024/07/malicious-npm-packages-found-using.html,Network,Low,None,None,None,High,High,High,None,None,None
npm,noblox-cores-ts,https://security.snyk.io/vuln/SNYK-JS-NOBLOXCORESTS-7448481,9.3,*,npm,CVE NOT AVAILABLE,CWE-506,Avoid using all malicious instances of the noblox-cores-ts package.,"noblox-cores-ts is a malicious package. This package contains malicious code, and its content was removed from the official package manager. While this package might be attempting to impersonate a valid organization, there is no connection between that organization and this package authorship.",INTRODUCED: 15 JUL 2024,MALICIOUS,GitHub Advisory: https://github.com/advisories/GHSA-wm7q-g3c7-56qv; NPM Security Placeholder: https://npmjs.com/package/noblox-cores-ts,Network,Low,None,None,None,High,High,High,None,None,None
npm,jfrog-ci-templates,https://security.snyk.io/vuln/SNYK-JS-JFROGCITEMPLATES-7448480,9.3,*,npm,CVE NOT AVAILABLE,CWE-506,Avoid using all malicious instances of the jfrog-ci-templates package.,"jfrog-ci-templates is a malicious package. This package contains malicious code, and its content was removed from the official package manager. While this package might be attempting to impersonate a valid organization, there is no connection between that organization and this package authorship.",INTRODUCED: 15 JUL 2024,MALICIOUS,GitHub Advisory: https://github.com/advisories/GHSA-3555-9r33-hq94; NPM Security Placeholder: https://npmjs.com/package/jfrog-ci-templates,Network,Low,None,None,None,High,High,High,None,None,None
npm,moti-another-test2,https://security.snyk.io/vuln/SNYK-JS-MOTIANOTHERTEST2-7448479,9.3,*,npm,CVE NOT AVAILABLE,CWE-506,Avoid using all malicious instances of the moti-another-test2 package.,"moti-another-test2 is a malicious package. This package contains malicious code, and its content was removed from the official package manager. While this package might be attempting to impersonate a valid organization, there is no connection between that organization and this package authorship.",INTRODUCED: 15 JUL 2024,MALICIOUS,GitHub Advisory: https://github.com/advisories/GHSA-895f-px4p-g8mm; NPM Security Placeholder: https://npmjs.com/package/moti-another-test2,Network,Low,None,None,None,High,High,High,None,None,None
npm,moti-another-test1,https://security.snyk.io/vuln/SNYK-JS-MOTIANOTHERTEST1-7448478,9.3,*,npm,CVE NOT AVAILABLE,CWE-506,Avoid using all malicious instances of the moti-another-test1 package.,"moti-another-test1 is a malicious package. This package contains malicious code, and its content was removed from the official package manager. While this package might be attempting to impersonate a valid organization, there is no connection between that organization and this package authorship.",INTRODUCED: 15 JUL 2024,MALICIOUS,GitHub Advisory: https://github.com/advisories/GHSA-4g8x-9wpm-wxgc; NPM Security Placeholder: https://npmjs.com/package/moti-another-test1,Network,Low,None,None,None,High,High,High,None,None,None
npm,moto-test-int,https://security.snyk.io/vuln/SNYK-JS-MOTOTESTINT-7448477,9.3,*,npm,CVE NOT AVAILABLE,CWE-506,Avoid using all malicious instances of the moto-test-int package.,"moto-test-int is a malicious package. This package contains malicious code, and its content was removed from the official package manager. While this package might be attempting to impersonate a valid organization, there is no connection between that organization and this package authorship.",INTRODUCED: 15 JUL 2024,MALICIOUS,GitHub Advisory: https://github.com/advisories/GHSA-6rwr-vqw9-r24x; NPM Security Placeholder: https://npmjs.com/package/moto-test-int,Network,Low,None,None,None,High,High,High,None,None,None
npm,jfrog-jfconfig-grpc,https://security.snyk.io/vuln/SNYK-JS-JFROGJFCONFIGGRPC-7448476,9.3,*,npm,CVE NOT AVAILABLE,CWE-506,Avoid using all malicious instances of the jfrog-jfconfig-grpc package.,"jfrog-jfconfig-grpc is a malicious package. This package contains malicious code, and its content was removed from the official package manager. While this package might be attempting to impersonate a valid organization, there is no connection between that organization and this package authorship.",INTRODUCED: 15 JUL 2024,MALICIOUS,GitHub Advisory: https://github.com/advisories/GHSA-cc6f-cp6g-p6vv; NPM Security Placeholder: https://npmjs.com/package/jfrog-jfconfig-grpc,Network,Low,None,None,None,High,High,High,None,None,None
npm,moti-dep-con-test,https://security.snyk.io/vuln/SNYK-JS-MOTIDEPCONTEST-7448475,9.3,*,npm,CVE NOT AVAILABLE,CWE-506,Avoid using all malicious instances of the moti-dep-con-test package.,"moti-dep-con-test is a malicious package. This package contains malicious code, and its content was removed from the official package manager. While this package might be attempting to impersonate a valid organization, there is no connection between that organization and this package authorship.",INTRODUCED: 15 JUL 2024,MALICIOUS,GitHub Advisory: https://github.com/advisories/GHSA-c97c-qwwg-4w2m; NPM Security Placeholder: https://npmjs.com/package/moti-dep-con-test,Network,Low,None,None,None,High,High,High,None,None,None
npm,transitive-vulnerability-demo,https://security.snyk.io/vuln/SNYK-JS-TRANSITIVEVULNERABILITYDEMO-7448474,9.3,*,npm,CVE NOT AVAILABLE,CWE-506,Avoid using all malicious instances of the transitive-vulnerability-demo package.,"transitive-vulnerability-demo is a malicious package. This package contains malicious code, and its content was removed from the official package manager. While this package might be attempting to impersonate a valid organization, there is no connection between that organization and this package authorship.",INTRODUCED: 15 JUL 2024,MALICIOUS,GitHub Advisory: https://github.com/advisories/GHSA-gqpg-f29v-9mvx; NPM Security Placeholder: https://npmjs.com/package/transitive-vulnerability-demo,Network,Low,None,None,None,High,High,High,None,None,None
npm,discord-api-ts,https://security.snyk.io/vuln/SNYK-JS-DISCORDAPITS-7448473,9.3,*,npm,CVE NOT AVAILABLE,CWE-506,Avoid using all malicious instances of the discord-api-ts package.,"discord-api-ts is a malicious package. This package contains malicious code, and its content was removed from the official package manager. While this package might be attempting to impersonate a valid organization, there is no connection between that organization and this package authorship.",INTRODUCED: 15 JUL 2024,MALICIOUS,GitHub Advisory: https://github.com/advisories/GHSA-m537-j596-495x; NPM Security Placeholder: https://npmjs.com/package/discord-api-ts,Network,Low,None,None,None,High,High,High,None,None,None
npm,crypto-ops,https://security.snyk.io/vuln/SNYK-JS-CRYPTOOPS-7444598,9.3,*,npm,CVE NOT AVAILABLE,CWE-506,Avoid using all malicious instances of the crypto-ops package.,"crypto-ops is a malicious package. This package contains malicious code, and its content was removed from the official package manager. While this package might be attempting to impersonate a valid organization, there is no connection between that organization and this package authorship.",INTRODUCED: 12 JUL 2024,MALICIOUS,GitHub Advisory: https://github.com/advisories/GHSA-xj6j-5c6p-2f5h; NPM Security Placeholder: https://npmjs.com/package/crypto-ops,Network,Low,None,None,None,High,High,High,None,None,None
npm,pepeksyep,https://security.snyk.io/vuln/SNYK-JS-PEPEKSYEP-7443609,9.3,*,npm,CVE NOT AVAILABLE,CWE-506,Avoid using all malicious instances of the pepeksyep package.,"pepeksyep is a malicious package. This package contains malicious code, and its content was removed from the official package manager. While this package might be attempting to impersonate a valid organization, there is no connection between that organization and this package authorship.",INTRODUCED: 11 JUL 2024,MALICIOUS,GitHub Advisory: https://github.com/advisories/GHSA-9568-pg74-fvx5; NPM Security Placeholder: https://npmjs.com/package/pepeksyep,Network,Low,None,None,None,High,High,High,None,None,None
npm,style-logo,https://security.snyk.io/vuln/SNYK-JS-STYLELOGO-7443608,9.3,*,npm,CVE NOT AVAILABLE,CWE-506,Avoid using all malicious instances of the style-logo package.,"style-logo is a malicious package. This package contains malicious code, and its content was removed from the official package manager. While this package might be attempting to impersonate a valid organization, there is no connection between that organization and this package authorship.",INTRODUCED: 11 JUL 2024,MALICIOUS,GitHub Advisory: https://github.com/advisories/GHSA-v88j-rqwc-xpxj; NPM Security Placeholder: https://npmjs.com/package/style-logo,Network,Low,None,None,None,High,High,High,None,None,None
npm,hdhdh,https://security.snyk.io/vuln/SNYK-JS-HDHDH-7443607,9.3,*,npm,CVE NOT AVAILABLE,CWE-506,Avoid using all malicious instances of the hdhdh package.,"hdhdh is a malicious package. This package contains malicious code, and its content was removed from the official package manager. While this package might be attempting to impersonate a valid organization, there is no connection between that organization and this package authorship.",INTRODUCED: 11 JUL 2024,MALICIOUS,GitHub Advisory: https://github.com/advisories/GHSA-7vmr-jrr4-9jcj; NPM Security Placeholder: https://npmjs.com/package/hdhdh,Network,Low,None,None,None,High,High,High,None,None,None
npm,idtrack,https://security.snyk.io/vuln/SNYK-JS-IDTRACK-7443605,9.3,*,npm,CVE NOT AVAILABLE,CWE-506,Avoid using all malicious instances of the idtrack package.,"idtrack is a malicious package. This package contains malicious code, and its content was removed from the official package manager. While this package might be attempting to impersonate a valid organization, there is no connection between that organization and this package authorship.",INTRODUCED: 11 JUL 2024,MALICIOUS,GitHub Advisory: https://github.com/advisories/GHSA-f86w-q466-975h; NPM Security Placeholder: https://npmjs.com/package/idtrack,Network,Low,None,None,None,High,High,High,None,None,None
npm,pepek,https://security.snyk.io/vuln/SNYK-JS-PEPEK-7443604,9.3,*,npm,CVE NOT AVAILABLE,CWE-506,Avoid using all malicious instances of the pepek package.,"pepek is a malicious package. This package contains malicious code, and its content was removed from the official package manager. While this package might be attempting to impersonate a valid organization, there is no connection between that organization and this package authorship.",INTRODUCED: 11 JUL 2024,MALICIOUS,GitHub Advisory: https://github.com/advisories/GHSA-vq7h-jgx9-wrc2; NPM Security Placeholder: https://npmjs.com/package/pepek,Network,Low,None,None,None,High,High,High,None,None,None
pip,requests-darwin-lite,https://security.snyk.io/vuln/SNYK-PYTHON-REQUESTSDARWINLITE-6836782,9.3,"[0,]",pip,CVE NOT AVAILABLE,CWE-506,Avoid using all malicious instances of the requests-darwin-lite package.,"requests-darwin-lite is a malicious package. This package contains a malicious code in it's setup.py through the PyInstall function, which contains a malicious Go binary.",INTRODUCED: 12 MAY 2024,MALICIOUS,Phylum Blog: https://blog.phylum.io/malicious-go-binary-delivered-via-steganography-in-pypi/,Network,Low,,None,None,,,,,,
npm,pempers,https://security.snyk.io/vuln/SNYK-JS-PEMPERS-7443603,9.3,*,npm,CVE NOT AVAILABLE,CWE-506,Avoid using all malicious instances of the pempers package.,"pempers is a malicious package. This package contains malicious code, and its content was removed from the official package manager. While this package might be attempting to impersonate a valid organization, there is no connection between that organization and this package authorship.",INTRODUCED: 11 JUL 2024,MALICIOUS,GitHub Advisory: https://github.com/advisories/GHSA-mpqm-6jjj-mvwv; NPM Security Placeholder: https://npmjs.com/package/pempers,Network,Low,None,None,None,High,High,High,None,None,None
npm,newsda,https://security.snyk.io/vuln/SNYK-JS-NEWSDA-7443602,9.3,*,npm,CVE NOT AVAILABLE,CWE-506,Avoid using all malicious instances of the newsda package.,"newsda is a malicious package. This package contains malicious code, and its content was removed from the official package manager. While this package might be attempting to impersonate a valid organization, there is no connection between that organization and this package authorship.",INTRODUCED: 11 JUL 2024,MALICIOUS,GitHub Advisory: https://github.com/advisories/GHSA-v6p9-mxpr-ccph; NPM Security Placeholder: https://npmjs.com/package/newsda,Network,Low,None,None,None,High,High,High,None,None,None
npm,stylesnox,https://security.snyk.io/vuln/SNYK-JS-STYLESNOX-7443601,9.3,*,npm,CVE NOT AVAILABLE,CWE-506,Avoid using all malicious instances of the stylesnox package.,"stylesnox is a malicious package. This package contains malicious code, and its content was removed from the official package manager. While this package might be attempting to impersonate a valid organization, there is no connection between that organization and this package authorship.",INTRODUCED: 11 JUL 2024,MALICIOUS,GitHub Advisory: https://github.com/advisories/GHSA-gx2f-874c-26j4; NPM Security Placeholder: https://npmjs.com/package/stylesnox,Network,Low,None,None,None,High,High,High,None,None,None
npm,stylesfoxx,https://security.snyk.io/vuln/SNYK-JS-STYLESFOXX-7443600,9.3,*,npm,CVE NOT AVAILABLE,CWE-506,Avoid using all malicious instances of the stylesfoxx package.,"stylesfoxx is a malicious package. This package contains malicious code, and its content was removed from the official package manager. While this package might be attempting to impersonate a valid organization, there is no connection between that organization and this package authorship.",INTRODUCED: 11 JUL 2024,MALICIOUS,GitHub Advisory: https://github.com/advisories/GHSA-g6h6-22p8-8qqp; NPM Security Placeholder: https://npmjs.com/package/stylesfoxx,Network,Low,None,None,None,High,High,High,None,None,None
npm,dimaspedia,https://security.snyk.io/vuln/SNYK-JS-DIMASPEDIA-7443599,9.3,*,npm,CVE NOT AVAILABLE,CWE-506,Avoid using all malicious instances of the dimaspedia package.,"dimaspedia is a malicious package. This package contains malicious code, and its content was removed from the official package manager. While this package might be attempting to impersonate a valid organization, there is no connection between that organization and this package authorship.",INTRODUCED: 11 JUL 2024,MALICIOUS,GitHub Advisory: https://github.com/advisories/GHSA-rwvx-3p9p-v6jw; NPM Security Placeholder: https://npmjs.com/package/dimaspedia,Network,Low,None,None,None,High,High,High,None,None,None
npm,tilda-date-picker,https://security.snyk.io/vuln/SNYK-JS-TILDADATEPICKER-7443598,9.3,*,npm,CVE NOT AVAILABLE,CWE-506,Avoid using all malicious instances of the tilda-date-picker package.,"tilda-date-picker is a malicious package. This package contains malicious code, and its content was removed from the official package manager. While this package might be attempting to impersonate a valid organization, there is no connection between that organization and this package authorship.",INTRODUCED: 11 JUL 2024,MALICIOUS,GitHub Advisory: https://github.com/advisories/GHSA-3mxp-c839-gp6v; NPM Security Placeholder: https://npmjs.com/package/tilda-date-picker,Network,Low,None,None,None,High,High,High,None,None,None
npm,stylecshert,https://security.snyk.io/vuln/SNYK-JS-STYLECSHERT-7443597,9.3,*,npm,CVE NOT AVAILABLE,CWE-506,Avoid using all malicious instances of the stylecshert package.,"stylecshert is a malicious package. This package contains malicious code, and its content was removed from the official package manager. While this package might be attempting to impersonate a valid organization, there is no connection between that organization and this package authorship.",INTRODUCED: 11 JUL 2024,MALICIOUS,GitHub Advisory: https://github.com/advisories/GHSA-mgrp-3cjr-v96m; NPM Security Placeholder: https://npmjs.com/package/stylecshert,Network,Low,None,None,None,High,High,High,None,None,None
npm,stylesshert,https://security.snyk.io/vuln/SNYK-JS-STYLESSHERT-7443596,9.3,*,npm,CVE NOT AVAILABLE,CWE-506,Avoid using all malicious instances of the stylesshert package.,"stylesshert is a malicious package. This package contains malicious code, and its content was removed from the official package manager. While this package might be attempting to impersonate a valid organization, there is no connection between that organization and this package authorship.",INTRODUCED: 11 JUL 2024,MALICIOUS,GitHub Advisory: https://github.com/advisories/GHSA-7wg7-732v-xr27; NPM Security Placeholder: https://npmjs.com/package/stylesshert,Network,Low,None,None,None,High,High,High,None,None,None
npm,tjh,https://security.snyk.io/vuln/SNYK-JS-TJH-7443595,9.3,*,npm,CVE NOT AVAILABLE,CWE-506,Avoid using all malicious instances of the tjh package.,"tjh is a malicious package. This package contains malicious code, and its content was removed from the official package manager. While this package might be attempting to impersonate a valid organization, there is no connection between that organization and this package authorship.",INTRODUCED: 11 JUL 2024,MALICIOUS,GitHub Advisory: https://github.com/advisories/GHSA-j7h8-26j7-5834; NPM Security Placeholder: https://npmjs.com/package/tjh,Network,Low,None,None,None,High,High,High,None,None,None
npm,noblox-ts,https://security.snyk.io/vuln/SNYK-JS-NOBLOXTS-7443594,9.3,*,npm,CVE NOT AVAILABLE,CWE-506,Avoid using all malicious instances of the noblox-ts package.,"noblox-ts is a malicious package. This package contains malicious code, and its content was removed from the official package manager. While this package might be attempting to impersonate a valid organization, there is no connection between that organization and this package authorship.",INTRODUCED: 11 JUL 2024,MALICIOUS,GitHub Advisory: https://github.com/advisories/GHSA-h7h6-v94g-x22g; NPM Security Placeholder: https://npmjs.com/package/noblox-ts,Network,Low,None,None,None,High,High,High,None,None,None
npm,ali-in-wlnd-test-1,https://security.snyk.io/vuln/SNYK-JS-ALIINWLNDTEST1-7443593,9.3,*,npm,CVE NOT AVAILABLE,CWE-506,Avoid using all malicious instances of the ali-in-wlnd-test-1 package.,"ali-in-wlnd-test-1 is a malicious package. This package contains malicious code, and its content was removed from the official package manager. While this package might be attempting to impersonate a valid organization, there is no connection between that organization and this package authorship.",INTRODUCED: 11 JUL 2024,MALICIOUS,GitHub Advisory: https://github.com/advisories/GHSA-6vv7-p9qm-5495; NPM Security Placeholder: https://npmjs.com/package/ali-in-wlnd-test-1,Network,Low,None,None,None,High,High,High,None,None,None
npm,jqueryxxx,https://security.snyk.io/vuln/SNYK-JS-JQUERYXXX-7435807,9.3,*,npm,CVE NOT AVAILABLE,CWE-506,Avoid using all malicious instances of the jqueryxxx package.,"jqueryxxx is a malicious package. This package contains a trojanized version of jQuery. The malicious version extracts website form data and sends it to one of many URLs.For the malware to be triggered, a user must install one of the malicious packages, use the included trojanized jQuery file, and then invoke either the end function or the fadeTo function.",INTRODUCED: 9 JUL 2024,MALICIOUS,Phylum Blog: https://blog.phylum.io/persistent-npm-campaign-shipping-trojanized-jquery,Network,Low,None,None,None,High,High,High,None,None,None
npm,bootstar,https://security.snyk.io/vuln/SNYK-JS-BOOTSTAR-7435805,9.3,*,npm,CVE NOT AVAILABLE,CWE-506,Avoid using all malicious instances of the bootstar package.,"bootstar is a malicious package. This package contains a trojanized version of jQuery. The malicious version extracts website form data and sends it to one of many URLs.For the malware to be triggered, a user must install one of the malicious packages, use the included trojanized jQuery file, and then invoke either the end function or the fadeTo function.",INTRODUCED: 9 JUL 2024,MALICIOUS,Phylum Blog: https://blog.phylum.io/persistent-npm-campaign-shipping-trojanized-jquery,Network,Low,None,None,None,High,High,High,None,None,None
npm,xxxtesting,https://security.snyk.io/vuln/SNYK-JS-XXXTESTING-7435803,9.3,*,npm,CVE NOT AVAILABLE,CWE-506,Avoid using all malicious instances of the xxxtesting package.,"xxxtesting is a malicious package. This package contains a trojanized version of jQuery. The malicious version extracts website form data and sends it to one of many URLs.For the malware to be triggered, a user must install one of the malicious packages, use the included trojanized jQuery file, and then invoke either the end function or the fadeTo function.",INTRODUCED: 9 JUL 2024,MALICIOUS,Phylum Blog: https://blog.phylum.io/persistent-npm-campaign-shipping-trojanized-jquery,Network,Low,None,None,None,High,High,High,None,None,None
npm,bootrun,https://security.snyk.io/vuln/SNYK-JS-BOOTRUN-7435801,9.3,*,npm,CVE NOT AVAILABLE,CWE-506,Avoid using all malicious instances of the bootrun package.,"bootrun is a malicious package. This package contains a trojanized version of jQuery. The malicious version extracts website form data and sends it to one of many URLs.For the malware to be triggered, a user must install one of the malicious packages, use the included trojanized jQuery file, and then invoke either the end function or the fadeTo function.",INTRODUCED: 9 JUL 2024,MALICIOUS,Phylum Blog: https://blog.phylum.io/persistent-npm-campaign-shipping-trojanized-jquery,Network,Low,None,None,None,High,High,High,None,None,None
npm,cloudhost,https://security.snyk.io/vuln/SNYK-JS-CLOUDHOST-7435798,9.3,*,npm,CVE NOT AVAILABLE,CWE-506,Avoid using all malicious instances of the cloudhost package.,"cloudhost is a malicious package. This package contains a trojanized version of jQuery. The malicious version extracts website form data and sends it to one of many URLs.For the malware to be triggered, a user must install one of the malicious packages, use the included trojanized jQuery file, and then invoke either the end function or the fadeTo function.",INTRODUCED: 9 JUL 2024,MALICIOUS,Phylum Blog: https://blog.phylum.io/persistent-npm-campaign-shipping-trojanized-jquery,Network,Low,None,None,None,High,High,High,None,None,None
npm,cloudhosting,https://security.snyk.io/vuln/SNYK-JS-CLOUDHOSTING-7435797,9.3,*,npm,CVE NOT AVAILABLE,CWE-506,Avoid using all malicious instances of the cloudhosting package.,"cloudhosting is a malicious package. This package contains a trojanized version of jQuery. The malicious version extracts website form data and sends it to one of many URLs.For the malware to be triggered, a user must install one of the malicious packages, use the included trojanized jQuery file, and then invoke either the end function or the fadeTo function.",INTRODUCED: 9 JUL 2024,MALICIOUS,Phylum Blog: https://blog.phylum.io/persistent-npm-campaign-shipping-trojanized-jquery,Network,Low,None,None,None,High,High,High,None,None,None
npm,komcax,https://security.snyk.io/vuln/SNYK-JS-KOMCAX-7435796,9.3,*,npm,CVE NOT AVAILABLE,CWE-506,Avoid using all malicious instances of the komcax package.,"komcax is a malicious package. This package contains a trojanized version of jQuery. The malicious version extracts website form data and sends it to one of many URLs.For the malware to be triggered, a user must install one of the malicious packages, use the included trojanized jQuery file, and then invoke either the end function or the fadeTo function.",INTRODUCED: 9 JUL 2024,MALICIOUS,Phylum Blog: https://blog.phylum.io/persistent-npm-campaign-shipping-trojanized-jquery,Network,Low,None,None,None,High,High,High,None,None,None
npm,komcaxx,https://security.snyk.io/vuln/SNYK-JS-KOMCAXX-7435793,9.3,*,npm,CVE NOT AVAILABLE,CWE-506,Avoid using all malicious instances of the komcaxx package.,"komcaxx is a malicious package. This package contains a trojanized version of jQuery. The malicious version extracts website form data and sends it to one of many URLs.For the malware to be triggered, a user must install one of the malicious packages, use the included trojanized jQuery file, and then invoke either the end function or the fadeTo function.",INTRODUCED: 9 JUL 2024,MALICIOUS,Phylum Blog: https://blog.phylum.io/persistent-npm-campaign-shipping-trojanized-jquery,Network,Low,None,None,None,High,High,High,None,None,None
npm,ajex,https://security.snyk.io/vuln/SNYK-JS-AJEX-7435791,9.3,*,npm,CVE NOT AVAILABLE,CWE-506,Avoid using all malicious instances of the ajex package.,"ajex is a malicious package. This package contains a trojanized version of jQuery. The malicious version extracts website form data and sends it to one of many URLs.For the malware to be triggered, a user must install one of the malicious packages, use the included trojanized jQuery file, and then invoke either the end function or the fadeTo function.",INTRODUCED: 9 JUL 2024,MALICIOUS,Phylum Blog: https://blog.phylum.io/persistent-npm-campaign-shipping-trojanized-jquery,Network,Low,None,None,None,High,High,High,None,None,None
npm,komcay,https://security.snyk.io/vuln/SNYK-JS-KOMCAY-7435788,9.3,*,npm,CVE NOT AVAILABLE,CWE-506,Avoid using all malicious instances of the komcay package.,"komcay is a malicious package. This package contains a trojanized version of jQuery. The malicious version extracts website form data and sends it to one of many URLs.For the malware to be triggered, a user must install one of the malicious packages, use the included trojanized jQuery file, and then invoke either the end function or the fadeTo function.",INTRODUCED: 9 JUL 2024,MALICIOUS,Phylum Blog: https://blog.phylum.io/persistent-npm-campaign-shipping-trojanized-jquery,Network,Low,None,None,None,High,High,High,None,None,None
npm,flammerxdjson,https://security.snyk.io/vuln/SNYK-JS-FLAMMERXDJSON-7435786,9.3,*,npm,CVE NOT AVAILABLE,CWE-506,Avoid using all malicious instances of the flammerxdjson package.,"flammerxdjson is a malicious package. This package contains a trojanized version of jQuery. The malicious version extracts website form data and sends it to one of many URLs.For the malware to be triggered, a user must install one of the malicious packages, use the included trojanized jQuery file, and then invoke either the end function or the fadeTo function.",INTRODUCED: 9 JUL 2024,MALICIOUS,Phylum Blog: https://blog.phylum.io/persistent-npm-campaign-shipping-trojanized-jquery,Network,Low,None,None,None,High,High,High,None,None,None
npm,bootstrapcloud,https://security.snyk.io/vuln/SNYK-JS-BOOTSTRAPCLOUD-7435784,9.3,*,npm,CVE NOT AVAILABLE,CWE-506,Avoid using all malicious instances of the bootstrapcloud package.,"bootstrapcloud is a malicious package. This package contains a trojanized version of jQuery. The malicious version extracts website form data and sends it to one of many URLs.For the malware to be triggered, a user must install one of the malicious packages, use the included trojanized jQuery file, and then invoke either the end function or the fadeTo function.",INTRODUCED: 9 JUL 2024,MALICIOUS,Phylum Blog: https://blog.phylum.io/persistent-npm-campaign-shipping-trojanized-jquery,Network,Low,None,None,None,High,High,High,None,None,None
npm,footricon,https://security.snyk.io/vuln/SNYK-JS-FOOTRICON-7435782,9.3,*,npm,CVE NOT AVAILABLE,CWE-506,Avoid using all malicious instances of the footricon package.,"footricon is a malicious package. This package contains a trojanized version of jQuery. The malicious version extracts website form data and sends it to one of many URLs.For the malware to be triggered, a user must install one of the malicious packages, use the included trojanized jQuery file, and then invoke either the end function or the fadeTo function.",INTRODUCED: 9 JUL 2024,MALICIOUS,Phylum Blog: https://blog.phylum.io/persistent-npm-campaign-shipping-trojanized-jquery,Network,Low,None,None,None,High,High,High,None,None,None
npm,fontwesome,https://security.snyk.io/vuln/SNYK-JS-FONTWESOME-7435781,9.3,*,npm,CVE NOT AVAILABLE,CWE-506,Avoid using all malicious instances of the fontwesome package.,"fontwesome is a malicious package. This package contains a trojanized version of jQuery. The malicious version extracts website form data and sends it to one of many URLs.For the malware to be triggered, a user must install one of the malicious packages, use the included trojanized jQuery file, and then invoke either the end function or the fadeTo function.",INTRODUCED: 9 JUL 2024,MALICIOUS,Phylum Blog: https://blog.phylum.io/persistent-npm-campaign-shipping-trojanized-jquery,Network,Low,None,None,None,High,High,High,None,None,None
