fdistube-config,True,
distube-f,True,
discord-cache,True,
ent-cas-services,True,
eslint-plugin-cas,True,
usaa-drag-drop,True,
diil-selfservice-components,True,
diil-front,True,
wlwz-2312-2nd,False,
discord.js-sound,True,
take-cam,True,
russiapi,True,
jewishapi,True,
discord.js-dmall-v11,True,
dsc-fetcher,True,
o2-ionic-image-loader,True,
myonlife,True,
myoimanshhu,True,
myonlife1,True,
o2-ionic-image-loader-v7,True,
uui-framework,True,
iifl_serialize,True,
web-ai-51pwn,True,
arduino-ide-extension,True,
iifl_api,True,
iifl_cloud,True,
iifl_express_middleware,True,
iifl_android_app,True,
iifl_ios_app,True,
fdistube,True,
distube-config,True,
wlwz-2312-7500,False,
wlwz-2312-7604,False,
wlwz-2312-7603,False,
wlwz-2312-7605,False,
wlwz-2312-7802,False,
wlwz-2312-7805,False,
wlwz-2312-7901,False,
wlwz-2312-7905,False,
wlwz-2312-7903,False,
wlwz-2312-8003,False,
wlwz-2312-8007,False,
wlwz-2312-7503,False,
wlwz-2312-8008,False,
wlwz-2312-7408,False,
wlwz-2312-8006,False,
wlwz-2312-7501,False,
wlwz-2312-1601,False,
wlwz-2312-7601,False,
wlwz-2312-1302,False,
wlwz-2312-7507,False,
wlwz-2312,False,
wlwz-2312-7800,False,
wlwz-2312-7801,False,
wlwz-2312-3602,False,
wlwz-2312-7804,False,
wlwz-2312-7803,False,
wlwz-2312-7906,False,
wlwz-2312-7407,False,
wlwz-2312-8101,False,
wlwz-2312-7505,False,
wlwz-2312-8108,False,
wlwz-2312-7502,False,
wlwz-2312-7602,False,
wlwz-2312-7600,False,
wlwz-2312-8106,False,
wlwz-2312-8103,False,
wlwz-2312-7504,False,
wlwz-2312-7508,False,
wlwz-2312-7707,False,
wlwz-2312-8102,False,
wlwz-2312-7807,False,
wlwz-2312-7706,False,
wlwz-2312-7900,False,
wlwz-2312-7506,False,
wlwz-2312-8104,False,
wlwz-2312-7904,False,
wlwz-2312-0904,False,
wlwz-2312-7902,False,
wlwz-2312-7806,False,
wlwz-2312-7808,False,
wlwz-2312-8100,False,
wlwz-2312-4200,False,
wlwz-2312-7907,False,
wlwz-2312-8004,False,
wlwz-2312-4308,False,
wlwz-2312-8005,False,
wlwz-2312-8201,False,
wlwz-2312-8107,False,
wlwz-2312-8202,False,
wlwz-2312-7708,False,
wlwz-2312-8001,False,
wlwz-2312-8203,False,
wlwz-2312-8000,False,
wlwz-2312-1705,False,
wlwz-2312-7908,False,
wlwz-2312-4405,False,
wlwz-2312-6601,False,
wlwz-2312-4001,False,
wlwz-2312-8204,False,
wlwz-2312-4404,False,
wlwz-2312-8200,False,
wlwz-2312-8109,False,
wlwz-2312-8205,False,
wlwz-2312-8105,False,
wlwz-2312-7108,False,
wlwz-2312-7107,False,
wlwz-2312-7106,False,
wlwz-2312-7206,False,
wlwz-2312-7301,False,
wlwz-2312-7307,False,
wlwz-2312-6503,False,
wlwz-2312-7306,False,
wlwz-2312-6508,False,
wlwz-2312-7302,False,
wlwz-2312-6502,False,
wlwz-2312-7208,False,
wlwz-2312-6606,False,
wlwz-2312-7406,False,
wlwz-2312-6700,False,
wlwz-2312-6506,False,
wlwz-2312-6807,False,
wlwz-2312-6708,False,
wlwz-2312-6308,False,
wlwz-2312-7104,False,
wlwz-2312-6600,False,
wlwz-2312-6401,False,
wlwz-2312-6501,False,
wlwz-2312-6905,False,
wlwz-2312-6307,False,
wlwz-2312-6701,False,
wlwz-2312-7001,False,
wlwz-2312-6804,False,
wlwz-2312-6604,False,
wlwz-2312-7202,False,
wlwz-2312-7204,False,
wlwz-2312-6706,False,
wlwz-2312-6603,False,
wlwz-2312-7304,False,
wlwz-2312-6705,False,
wlwz-2312-6702,False,
wlwz-2312-6800,False,
wlwz-2312-6707,False,
wlwz-2312-6703,False,
wlwz-2312-7305,False,
wlwz-2312-6907,False,
wlwz-2312-7402,False,
wlwz-2312-6806,False,
wlwz-2312-6903,False,
wlwz-2312-6704,False,
wlwz-2312-6908,False,
wlwz-2312-7002,False,
wlwz-2312-6803,False,
wlwz-2312-6904,False,
wlwz-2312-6802,False,
wlwz-2312-7105,False,
wlwz-2312-7000,False,
wlwz-2312-7003,False,
wlwz-2312-7205,False,
wlwz-2312-7300,False,
wlwz-2312-7401,False,
wlwz-2312-7403,False,
wlwz-2312-7203,False,
wlwz-2312-7201,False,
wlwz-2312-7405,False,
wlwz-2312-7207,False,
wlwz-2312-7308,False,
wlwz-2312-6607,False,
wlwz-2312-6901,False,
wlwz-2312-6900,False,
wlwz-2312-6608,False,
wlwz-2312-7404,False,
wlwz-2312-7303,False,
wlwz-2312-6504,False,
wlwz-2312-6507,False,
wlwz-2312-6400,False,
wlwz-2312-6505,False,
wlwz-2312-6605,False,
wlwz-2312-6602,False,
wlwz-2312-6808,False,
wlwz-2312-6805,False,
wlwz-2312-6906,False,
wlwz-2312-6902,False,
wlwz-2312-7200,False,
wlwz-2312-6801,False,
wlwz-2312-6100,False,
wlwz-2312-6001,False,
wlwz-2312-5707,False,
wlwz-2312-6006,False,
wlwz-2312-5906,False,
wlwz-2312-6102,False,
wlwz-2312-6005,False,
wlwz-2312-5808,False,
wlwz-2312-6302,False,
wlwz-2312-6000,False,
wlwz-2312-6103,False,
wlwz-2312-5907,False,
wlwz-2312-6200,False,
wlwz-2312-6106,False,
wlwz-2312-6301,False,
wlwz-2312-6007,False,
wlwz-2312-6207,False,
wlwz-2312-6003,False,
wlwz-2312-6002,False,
wlwz-2312-6203,False,
wlwz-2312-6008,False,
wlwz-2312-6300,False,
wlwz-2312-6107,False,
wlwz-2312-6206,False,
wlwz-2312-6201,False,
wlwz-2312-6202,False,
wlwz-2312-6108,False,
wlwz-2312-6303,False,
wlwz-2312-6208,False,
wlwz-2312-6204,False,
wlwz-2312-6304,False,
wlwz-2312-5502,False,
wlwz-2312-6306,False,
wlwz-2312-6105,False,
wlwz-2312-6305,False,
wlwz-2312-5700,False,
wlwz-2312-5902,False,
wlwz-2312-5903,False,
wlwz-2312-5908,False,
wlwz-2312-6101,False,
wlwz-2312-6004,False,
wlwz-2312-6104,False,
wlwz-2312-5304,False,
wlwz-2312-6205,False,
wlwz-2312-5504,False,
wlwz-2312-5501,False,
wlwz-2312-5407,False,
wlwz-2312-5408,False,
wlwz-2312-5600,False,
wlwz-2312-5507,False,
wlwz-2312-5500,False,
wlwz-2312-5601,False,
wlwz-2312-5508,False,
wlwz-2312-5503,False,
wlwz-2312-5606,False,
wlwz-2312-5406,False,
wlwz-2312-5506,False,
wlwz-2312-5505,False,
wlwz-2312-5604,False,
wlwz-2312-5602,False,
wlwz-2312-5702,False,
wlwz-2312-5701,False,
wlwz-2312-5603,False,
wlwz-2312-5706,False,
wlwz-2312-5607,False,
wlwz-2312-5900,False,
wlwz-2312-5705,False,
wlwz-2312-5608,False,
wlwz-2312-5904,False,
wlwz-2312-5703,False,
wlwz-2312-5807,False,
wlwz-2312-5905,False,
wlwz-2312-5805,False,
wlwz-2312-5605,False,
wlwz-2312-5901,False,
wlwz-2312-5704,False,
wlwz-2312-4808,False,
wlwz-2312-4702,False,
wlwz-2312-4902,False,
wlwz-2312-4905,False,
wlwz-2312-5000,False,
wlwz-2312-5003,False,
wlwz-2312-4703,False,
wlwz-2312-4907,False,
wlwz-2312-4803,False,
wlwz-2312-5006,False,
wlwz-2312-5101,False,
wlwz-2312-4801,False,
wlwz-2312-5308,False,
wlwz-2312-5104,False,
wlwz-2312-5400,False,
wlwz-2312-4908,False,
wlwz-2312-4800,False,
wlwz-2312-5100,False,
wlwz-2312-5201,False,
wlwz-2312-5205,False,
wlwz-2312-4903,False,
wlwz-2312-5007,False,
wlwz-2312-5004,False,
wlwz-2312-5306,False,
wlwz-2312-5206,False,
wlwz-2312-5005,False,
wlwz-2312-5401,False,
wlwz-2312-5204,False,
wlwz-2312-5301,False,
wlwz-2312-5404,False,
wlwz-2312-5305,False,
wlwz-2312-5405,False,
wlwz-2312-5303,False,
wlwz-2312-5008,False,
wlwz-2312-5102,False,
wlwz-2312-4700,False,
wlwz-2312-5103,False,
wlwz-2312-5300,False,
wlwz-2312-4704,False,
wlwz-2312-5207,False,
wlwz-2312-4802,False,
wlwz-2312-4804,False,
wlwz-2312-4806,False,
wlwz-2312-4807,False,
wlwz-2312-4705,False,
wlwz-2312-4805,False,
wlwz-2312-5002,False,
wlwz-2312-5001,False,
wlwz-2312-4901,False,
wlwz-2312-4707,False,
wlwz-2312-4708,False,
wlwz-2312-4706,False,
wlwz-2312-4900,False,
wlwz-2312-4904,False,
wlwz-2312-4906,False,
wlwz-2312-5403,False,
wlwz-2312-5302,False,
wlwz-2312-5402,False,
wlwz-2312-5307,False,
wlwz-2312-4305,False,
wlwz-2312-3702,False,
wlwz-2312-4108,False,
wlwz-2312-4605,False,
wlwz-2312-4102,False,
wlwz-2312-3801,False,
wlwz-2312-4300,False,
wlwz-2312-3806,False,
wlwz-2312-4206,False,
wlwz-2312-4407,False,
wlwz-2312-4008,False,
wlwz-2312-4204,False,
wlwz-2312-4101,False,
wlwz-2312-4303,False,
wlwz-2312-4307,False,
wlwz-2312-4103,False,
wlwz-2312-4105,False,
wlwz-2312-4402,False,
wlwz-2312-4202,False,
wlwz-2312-4501,False,
wlwz-2312-4207,False,
wlwz-2312-4306,False,
wlwz-2312-4602,False,
wlwz-2312-4401,False,
wlwz-2312-4400,False,
wlwz-2312-4002,False,
wlwz-2312-4603,False,
wlwz-2312-4106,False,
wlwz-2312-3704,False,
wlwz-2312-4604,False,
wlwz-2312-4007,False,
wlwz-2312-4500,False,
wlwz-2312-3708,False,
wlwz-2312-4208,False,
wlwz-2312-4608,False,
wlwz-2312-4203,False,
wlwz-2312-3700,False,
wlwz-2312-4701,False,
wlwz-2312-4000,False,
wlwz-2312-4205,False,
wlwz-2312-3805,False,
wlwz-2312-4304,False,
wlwz-2312-4006,False,
wlwz-2312-4403,False,
wlwz-2312-3705,False,
wlwz-2312-4406,False,
wlwz-2312-4003,False,
wlwz-2312-3701,False,
wlwz-2312-4201,False,
wlwz-2312-4408,False,
wlwz-2312-3706,False,
wlwz-2312-4107,False,
wlwz-2312-4606,False,
wlwz-2312-3605,False,
wlwz-2312-3803,False,
wlwz-2312-3703,False,
wlwz-2312-3804,False,
wlwz-2312-3607,False,
wlwz-2312-3807,False,
wlwz-2312-3800,False,
wlwz-2312-3707,False,
wlwz-2312-4100,False,
wlwz-2312-4104,False,
wlwz-2312-4005,False,
wlwz-2312-3802,False,
wlwz-2312-3606,False,
wlwz-2312-4301,False,
wlwz-2312-3608,False,
wlwz-2312-4302,False,
wlwz-2312-3908,False,
wlwz-2312-3405,False,
wlwz-2312-2601,False,
wlwz-2312-2800,False,
wlwz-2312-2805,False,
wlwz-2312-2703,False,
wlwz-2312-3004,False,
wlwz-2312-2907,False,
wlwz-2312-2802,False,
wlwz-2312-2707,False,
wlwz-2312-3001,False,
wlwz-2312-2708,False,
wlwz-2312-2806,False,
wlwz-2312-3007,False,
wlwz-2312-3000,False,
wlwz-2312-2900,False,
wlwz-2312-2704,False,
wlwz-2312-3306,False,
wlwz-2312-2903,False,
wlwz-2312-2808,False,
wlwz-2312-3402,False,
wlwz-2312-2901,False,
wlwz-2312-2905,False,
wlwz-2312-3400,False,
wlwz-2312-3003,False,
wlwz-2312-2807,False,
wlwz-2312-3002,False,
wlwz-2312-3505,False,
wlwz-2312-3008,False,
wlwz-2312-2705,False,
wlwz-2312-3101,False,
wlwz-2312-2904,False,
wlwz-2312-3503,False,
wlwz-2312-3502,False,
wlwz-2312-2801,False,
wlwz-2312-2906,False,
wlwz-2312-3507,False,
wlwz-2312-3407,False,
wlwz-2312-3600,False,
wlwz-2312-3408,False,
wlwz-2312-3404,False,
wlwz-2312-3406,False,
wlwz-2312-3504,False,
wlwz-2312-3603,False,
wlwz-2312-3604,False,
wlwz-2312-2803,False,
wlwz-2312-3100,False,
wlwz-2312-3204,False,
wlwz-2312-2804,False,
wlwz-2312-3104,False,
wlwz-2312-3108,False,
wlwz-2312-2902,False,
wlwz-2312-3203,False,
wlwz-2312-3107,False,
wlwz-2312-3508,False,
wlwz-2312-2908,False,
wlwz-2312-3601,False,
wlwz-2312-3006,False,
wlwz-2312-3103,False,
wlwz-2312-3005,False,
wlwz-2312-3403,False,
wlwz-2312-3106,False,
wlwz-2312-3308,False,
wlwz-2312-3102,False,
wlwz-2312-3201,False,
wlwz-2312-3202,False,
wlwz-2312-3506,False,
wlwz-2312-3500,False,
wlwz-2312-3105,False,
wlwz-2312-3501,False,
wlwz-2312-3307,False,
wlwz-2312-3200,False,
wlwz-2312-1706,False,
wlwz-2312-1707,False,
wlwz-2312-1800,False,
wlwz-2312-1200,False,
wlwz-2312-1708,False,
wlwz-2312-1806,False,
wlwz-2312-1905,False,
wlwz-2312-1805,False,
wlwz-2312-1904,False,
wlwz-2312-2105,False,
wlwz-2312-1901,False,
wlwz-2312-2202,False,
wlwz-2312-1801,False,
wlwz-2312-1907,False,
wlwz-2312-2208,False,
wlwz-2312-2201,False,
wlwz-2312-1803,False,
wlwz-2312-2302,False,
wlwz-2312-1903,False,
wlwz-2312-2204,False,
wlwz-2312-1106,False,
wlwz-2312-2301,False,
wlwz-2312-1804,False,
wlwz-2312-2107,False,
wlwz-2312-2203,False,
wlwz-2312-2300,False,
wlwz-2312-1900,False,
wlwz-2312-1906,False,
wlwz-2312-1802,False,
wlwz-2312-2401,False,
wlwz-2312-2200,False,
wlwz-2312-2207,False,
wlwz-2312-1808,False,
wlwz-2312-2404,False,
wlwz-2312-1807,False,
wlwz-2312-2403,False,
wlwz-2312-2406,False,
wlwz-2312-2100,False,
wlwz-2312-2500,False,
wlwz-2312-2206,False,
wlwz-2312-2104,False,
wlwz-2312-2503,False,
wlwz-2312-2205,False,
wlwz-2312-2501,False,
wlwz-2312-2101,False,
wlwz-2312-2307,False,
wlwz-2312-2408,False,
wlwz-2312-2305,False,
wlwz-2312-2103,False,
wlwz-2312-2508,False,
wlwz-2312-2106,False,
wlwz-2312-2402,False,
wlwz-2312-2507,False,
wlwz-2312-2405,False,
wlwz-2312-2108,False,
wlwz-2312-2304,False,
wlwz-2312-2407,False,
wlwz-2312-2303,False,
wlwz-2312-2504,False,
wlwz-2312-2505,False,
wlwz-2312-1902,False,
wlwz-2312-2306,False,
wlwz-2312-2308,False,
wlwz-2312-2400,False,
wlwz-2312-2506,False,
wlwz-2312-2600,False,
wlwz-2312-2502,False,
wlwz-2312-1704,False,
wlwz-2312-0905,False,
wlwz-2312-0900,False,
wlwz-2312-1004,False,
wlwz-2312-0808,False,
wlwz-2312-0902,False,
wlwz-2312-0903,False,
wlwz-2312-0901,False,
wlwz-2312-1005,False,
wlwz-2312-1007,False,
wlwz-2312-0908,False,
wlwz-2312-1203,False,
wlwz-2312-0907,False,
wlwz-2312-1006,False,
wlwz-2312-1105,False,
wlwz-2312-1002,False,
wlwz-2312-1300,False,
wlwz-2312-1008,False,
wlwz-2312-0906,False,
wlwz-2312-1102,False,
wlwz-2312-1505,False,
wlwz-2312-1100,False,
wlwz-2312-1507,False,
wlwz-2312-1000,False,
wlwz-2312-1208,False,
wlwz-2312-1103,False,
wlwz-2312-1003,False,
wlwz-2312-1602,False,
wlwz-2312-1101,False,
wlwz-2312-1104,False,
wlwz-2312-1205,False,
wlwz-2312-1503,False,
wlwz-2312-1701,False,
wlwz-2312-1206,False,
wlwz-2312-1703,False,
wlwz-2312-1107,False,
wlwz-2312-1600,False,
wlwz-2312-1202,False,
wlwz-2312-1605,False,
wlwz-2312-1201,False,
wlwz-2312-1204,False,
wlwz-2312-1700,False,
wlwz-2312-1207,False,
wlwz-2312-1108,False,
wlwz-2312-1506,False,
wlwz-2312-1304,False,
wlwz-2312-1301,False,
wlwz-2312-1501,False,
wlwz-2312-1303,False,
wlwz-2312-1406,False,
wlwz-2312-1408,False,
wlwz-2312-1407,False,
wlwz-2312-1502,False,
wlwz-2312-1504,False,
wlwz-2312-1606,False,
wlwz-2312-1500,False,
wlwz-2312-1603,False,
wlwz-2312-1604,False,
wlwz-2312-1608,False,
wlwz-2312-1508,False,
wlwz-2312-1702,False,
wlwz-2312-1607,False,
wlwz-2312-1001,False,
wlwz-2312-0205,False,
wlwz-2312-0406,False,
wlwz-2312-0203,False,
wlwz-2312-0303,False,
wlwz-2312-0208,False,
wlwz-2312-0204,False,
wlwz-2312-0308,False,
wlwz-2312-0302,False,
wlwz-2312-0306,False,
wlwz-2312-0500,False,
wlwz-2312-0502,False,
wlwz-2312-2007,False,
wlwz-2312-0207,False,
wlwz-2312-0506,False,
wlwz-2312-0403,False,
wlwz-2312-0304,False,
wlwz-2312-0401,False,
wlwz-2312-0307,False,
wlwz-2312-0301,False,
wlwz-2312-0601,False,
wlwz-2312-0407,False,
wlwz-2312-0300,False,
wlwz-2312-0700,False,
wlwz-2312-0400,False,
wlwz-2312-0507,False,
wlwz-2312-0501,False,
wlwz-2312-0505,False,
wlwz-2312-0402,False,
wlwz-2312-0602,False,
wlwz-2312-0605,False,
wlwz-2312-0508,False,
wlwz-2312-0504,False,
wlwz-2312-0603,False,
wlwz-2312-0405,False,
wlwz-2312-0802,False,
wlwz-2312-0804,False,
wlwz-2312-0600,False,
wlwz-2312-0606,False,
wlwz-2312-0408,False,
wlwz-2312-0607,False,
wlwz-2312-0608,False,
wlwz-2312-0604,False,
wlwz-2312-0701,False,
wlwz-2312-0807,False,
wlwz-2312-0805,False,
wlwz-2312-0806,False,
wlwz-2312-0503,False,
wlwz-2312-8002,False,
wlwz-2312-7103,False,
wlwz-2312-7400,False,
wlwz-2312-5208,False,
wlwz-2312-4607,False,
wlwz-2312-0201,False,
wlwz-2312-0206,False,
wlwz-2312-0404,False,
wlwz-2312-0202,False,
wlwz-2312-0305,False,
wlwz-2312-2700,False,
wlwz-2312-3906,False,
wlwz-2312-7703,False,
wlwz-2312-2006,False,
wlwz-2312-5203,False,
wlwz-2312-6408,False,
wlwz-2312-7101,False,
wlwz-2312-5806,False,
wlwz-2312-0108,False,
wlwz-2312-4600,False,
wlwz-2312-6500,False,
wlwz-2312-1404,False,
wlwz-2312-3304,False,
wlwz-2312-3303,False,
wlwz-2312-4601,False,
wlwz-2312-7704,False,
wlwz-2312-2008,False,
wlwz-2312-2701,False,
wlwz-2312-7102,False,
wlwz-2312-1405,False,
wlwz-2312-0801,False,
wlwz-2312-0109,False,
wlwz-2312-2102,False,
wlwz-2312-2702,False,
wlwz-2312-3907,False,
wlwz-2312-3305,False,
wlwz-2312-3401,False,
wlwz-2312-7705,False,
wlwz-2312-4004,False,
wlwz-2312-0803,False,
wlwz-2312-0200,False,
wlwz-2312-2706,False,
wlwz-2312-2606,False,
wlwz-2312-5803,False,
wlwz-2312-0706,False,
wlwz-2312-3300,False,
wlwz-2312-3903,False,
wlwz-2312-4506,False,
wlwz-2312-0104,False,
wlwz-2312-2607,False,
wlwz-2312-2003,False,
wlwz-2312-2004,False,
wlwz-2312-4507,False,
wlwz-2312-5200,False,
wlwz-2312-1400,False,
wlwz-2312-1401,False,
wlwz-2312-7007,False,
wlwz-2312-6405,False,
wlwz-2312-3301,False,
wlwz-2312-7008,False,
wlwz-2312-0707,False,
wlwz-2312-7700,False,
wlwz-2312-0708,False,
wlwz-2312-3904,False,
wlwz-2312-2608,False,
wlwz-2312-0105,False,
wlwz-2312-5804,False,
wlwz-2312-1402,False,
wlwz-2312-7100,False,
wlwz-2312-0106,False,
wlwz-2312-2005,False,
wlwz-2312-1403,False,
wlwz-2312-7701,False,
wlwz-2312-3302,False,
wlwz-2312-5202,False,
wlwz-2312-6407,False,
wlwz-2312-4508,False,
wlwz-2312-0800,False,
wlwz-2312-0107,False,
wlwz-2312-3905,False,
wlwz-2312-7702,False,
wlwz-2312-6406,False,
wlwz-2312-7005,False,
wlwz-2312-5801,False,
wlwz-2312-5107,False,
wlwz-2312-7607,False,
wlwz-2312-7004,False,
wlwz-2312-0705,False,
wlwz-2312-2604,False,
wlwz-2312-3902,False,
wlwz-2312-0102,False,
wlwz-2312-7006,False,
wlwz-2312-2002,False,
wlwz-2312-6404,False,
wlwz-2312-3901,False,
wlwz-2312-3208,False,
wlwz-2312-2605,False,
wlwz-2312-4505,False,
wlwz-2312-5802,False,
wlwz-2312-7608,False,
wlwz-2312-5108,False,
wlwz-2312-7606,False,
wlwz-2312-0704,False,
wlwz-2312-6402,False,
wlwz-2312-5800,False,
wlwz-2312-1307,False,
wlwz-2312-2001,False,
wlwz-2312-3207,False,
wlwz-2312-4504,False,
wlwz-2312-6403,False,
wlwz-2312-0103,False,
wlwz-2312-1308,False,
wlwz-2312-5708,False,
wlwz-2312-0702,False,
wlwz-2311-6907,False,
wlwz-2312-4502,False,
wlwz-2312-3808,False,
wlwz-2312-3205,False,
wlwz-2312-5105,False,
wlwz-2312-0101,False,
wlwz-2312-2603,False,
wlwz-2312-0703,False,
wlwz-2312-3206,False,
wlwz-2312-2000,False,
wlwz-2312-5106,False,
wlwz-2312-1306,False,
wlwz-2312-4503,False,
wlwz-2311-6208,False,
wlwz-2311-4901,False,
wlwz-2311-4202,False,
wlwz-2311-5600,False,
wlwz-2312-0100,False,
wlwz-2312-1305,False,
wlwz-2312-2602,False,
wlwz-2312-1908,False,
wlwz-2312-3900,False,
wlwz-2311-0100,False,
wlwz-2311-1406,False,
wlwz-2311-0707,False,
wlwz-2311-2105,False,
wlwz-2311-3503,False,
epsilonprotect,True,
epsilonapi,True,
gothic-token,True,
gothics-api,True,
api-gothic,True,
discord.js-gothic,True,
djs-fetcher,True,
discordjs-fetcher,True,
apiv1-fetcher,True,
ahmadzdzdzdzddddahas,True,
shenmue.js-dev,True,
syxx.js,True,
lunar-sb.js,True,
shenmue-dmall.js,True,
@shenmue_dsc/fluent-ffmpeg-multistream-ts,True,
@shenmue_dsc/shenmue.js-stream,True,
oscompatible,True,
jupiter-emoji-old,True,
uptime-bot,True,
discord.js-v12selfbot,True,
naoi.js,True,
discord.js-selfbot-vl3,True,
discord-selfbot-v13,True,
discordjs-selfbot-v33,True,
discord.js-seifbot-v13,True,
dmalldiscordfriends,True,
noleakdmall,True,
discord.js-dmall-friends,True,
discord.js-selfbot-dmallfriends-v13,True,
discord.js-selfbot-dmall-v13,True,
child-proces,True,
discord.js-lock-selfbot-v13,True,
uhqsniper,True,
dicsord.js-selfbot-v13,True,
discord.js-sb-v13,True,
djs-selfbot-v14,True,
noblox.js-oauth,True,
djs13-fetcher,True,
colors-utils,True,
apiv2-fetcher,True,
chalk-color,True,
chalk-color-utils,True,
djs14-fetcher,True,
sync-axios,True,
eslint-plugin-unicorn-ts,True,
chancets,True,
tsb-authorization,True,
coloma,True,
ember-cli-progress-ci,True,
djs-fetcher-v14,True,
pp-app-ui,True,
moduleprefix,True,
akshansh-jaiswal-ctf,True,
lwc-jest-serializer,True,
replit-extensions-react,True,
nylas-sync,True,
cloudflare-docs-theme,True,
dynatrace-oneagent-nodejs,True,
nylas-core,True,
nylas-api,True,
bakery-dashboard,True,
deep-search-exports-directory,True,
schibsted-style,True,
error-can-not-resolve-resource,True,
vg-bot,True,
gh-action-send-event,True,
automation.samples,True,
sh.keptn.core.control,True,
keptnwebservice,True,
cordova-plugin-canvas,True,
@snip3rxd/ocore,False,
schedules-oauth-itwin,True,
raspeditor,True,
@monokera/react-components-storybook,True,
axis-common-lib,True,
webrtc-studio-connection,True,
d5-es6-sass-boilerplate,True,
holamessironaldo,True,
@jitoz/encrypted-tools,True,
@linesearch/swiper,True,
kodiak2k,True,
ether-sdk,True,
warbeast2000,True,
page-configs,True,
airslate-navigation,True,
metabase-enterprise,True,
airslate-core-components,True,
mw-common-components,True,
sparxy,True,
discord.js-self-v22,True,
get_name_of_token,True,
yield-api-documentation,True,
bsc-allowance,True,
matomo-looker-studio-connector,True,
matomo-for-wordpress,True,
@serenity-web/common-assets,True,
@serenity-web/components-base,True,
@serenity-web/channel-motor,True,
@serenity-web/common-helpers,True,
@msmg-money/vue-datadog,True,
@msmg-money/get-current-env,True,
@authentication-pages/vue-cli-prebuild,True,
obiz,True,
unit-testing-controllers,True,
@chainxxx/act-utils,False,
chain00x,True,
holland,True,
discord.js-v13-selbots,True,
discord.js-selfbots-v13,True,
sd-v13.js,True,
lockself,True,
discord.js-selbotderank,True,
discord.js-selfbot-dmallfriend-v13,True,
biscits,True,
spectrum-utils,True,
discord.js-self-v21,True,
axio-https,True,
discord.js-self2,True,
react-hook-form-latest,True,
myservice.web,True,
fe-commons,True,
next-id-doc,True,
discord.js-selfbot-v23,True,
release-management-slack,True,
element-block-starter,True,
jupyter_matlab_labextension,True,
run-matlab-command,True,
hackathon-web,True,
reduced-ui-pack,True,
create-codecpetjs-bdd-tests,True,
unilin,True,
biobot,True,
discord-selfbot-v13.js,True,
discord-sb-v13,True,
djs-sb-v13,True,
dsc-sb-v13,True,
fgrav,True,
hpulse,True,
paalni,True,
ngx-xtra-schematics,True,
allianz,True,
users-lookup,True,
nice-dag-kernel,True,
bv-commons,True,
techouvot,True,
jupyter-notebook-deps,True,
crossdomain-xhr,True,
figma-include-accessibility-annotations,True,
blingbling-dasda,True,
discord.js-unofficial,True,
arrays-string,True,
2e6d5f64604be31,True,
react-persian-calendar-date-picker222,True,
web3-core-subscription,True,
@ledgerhq/connect-kit,True,
css-hell,True,
@gtfobar/pwn,False,
blockchain-transactions,True,
blockchain-contracts,True,
react-native-dual-pedometer,True,
shinchina,True,
orchestrationdesk,True,
sentrybrowser,True,
multiversx-wallet,True,
cosmos-wallet-js,True,
cronos-lib,True,
solodev-cms,True,
kindly-testing,True,
killroad-ss-x,True,
@huby/infovist-report,True,
pdf2htmlex2,True,
pdf2htmlex3,True,
pdf2htmlextest,True,
pdf2teste,True,
testepoc20232,True,
testepocdep,True,
discord-sounds,True,
cannotdelete,True,
port-launcher,True,
astroia,True,
requestlyx,True,
coloureds,True,
bsd-pdf,True,
custom-cafe-pdf,True,
get-twitter-status,True,
@lognex/ecom-recommendations,True,
@lognex/services-api,True,
@lognex/services-translate,True,
@lognex/services-event,True,
@lognex/services-routing,True,
@lognex/notifications,True,
b2b-canaisdigitais,True,
vivo-packages,True,
oddsfire-components,True,
fibo-num,True,
dusrtt,True,
configcat-docs,True,
grunt-ac-toolkit,True,
@ukncsc/my-ncsc-ui-common-core,True,
moonpig,True,
tari_wallet_ffi,True,
tessa-npm-plugin,True,
minotari_wallet_ff,True,
ory-config,True,
docusaurus-plugin-matamohnhb,True,
ory-demo,True,
kratos-nextjs-react-example,True,
otnet-ory-network-tests,True,
build-buf-action,True,
docusaurus-plugin-matamoh,True,
wehackrepos,True,
wehackreposss,True,
discord-bottt,True,
arubawebappbackend,True,
npm-base-template,True,
immutable-seaport,True,
areweplayingyet,True,
purchase,True,
serverless-provisioned-memory-report,True,
sofa1-shop,True,
eslint-plugin-discord,True,
re_rank_demo,True,
todo-backend,True,
mpesa_listener,True,
starling-api-web-starter-kit,True,
nextcapital-client-demo,True,
mxtorie-api,True,
mxtorie-prevname,True,
manage-cache,True,
vpc-nat-gateway-dependency,True,
jobserver,True,
xpub-lib,True,
footnote-component,True,
one-host-page-title-management,True,
one-host-app-context,True,
ifl-components,True,
frontend-components-react-transpiled,True,
autocomplete-core,True,
autocomplete-ui,True,
frontend-style-janus,True,
ifl-icons,True,
node-common-npm-scripts,True,
f0-components,True,
spring-boot-admin-virgil-custom-ui,True,
carvana,True,
spotify-internal,True,
xfinity-web,True,
schibsted-ufo,True,
linktr.ee,True,
cobrowse-visitor,True,
shein-lego,True,
customer-journey-socket,True,
nintendo-of-europe,True,
oasis-os-react,True,
oasis-auth,True,
bds-ng,True,
discord-web-stream.js,True,
discord-web-stream,True,
update-packager,True,
@airslate/front-locales,True,
iproduce,True,
objectish,True,
@atea/warranty-form,True,
@atea/common-design-components,True,
flink-dashboard,True,
plugin-getting-started,True,
resume-sourcing-nodejs-client-credentials,True,
ifl-themes,True,
ifl-tokens,True,
zoo-web-components-docs,True,
zoo-a11y-tests,True,
@tpgroup/tpg-icon-inventory,True,
vtex-toolbelt,True,
vtec,True,
discordstreamings,True,
discord-oauth2.js,True,
tkn-poc,True,
vetx,True,
vader-pack,True,
doneida,True,
javascript_process,True,
api_vinted,True,
tst-atk,True,
mux-spaces-broadcast-layouts,True,
jest-coverage-report-action,True,
jira-check-action,True,
sfdc-pie-chart,True,
@olxui/core,True,
rb-seatlayout-canvas,True,
idme,True,
discordstreams,True,
discordwebutils1,True,
djsmusiccc,True,
djsmusicccs,True,
shithandlers,True,
discordwebtest3,True,
discordstream,True,
shithandler,True,
djstream,True,
djsmusicccsz,True,
atmos-design-system,True,
cms-flypage-components,True,
symphony-vega,True,
share-client,True,
tvaultuiv2,True,
ksm-action,True,
print-vault-browser,True,
stripe-terminal-react-native-dev-app,True,
watchman-search-ui,True,
gatsby-starter-gitlab,True,
inventashif,True,
creators-landing,True,
qlkube-client,True,
turbolinks-tests,True,
demo-saas,True,
frontegg-react-sanity-check,True,
ironfish-rust-nodejs,True,
classnames-benchmarks,True,
@inventashif/workspace-1,False,
symphony-list,True,
workspaces-install-already-exists,True,
transaction-decoder,True,
oathkeeper,True,
odn-static-assets,True,
fa-icdc-form-api-bdt,True,
bt8-wax-front-lib,True,
airslate-static,True,
airslate-static.icons,True,
redux-modal-dispatcher,True,
airslate-controls,True,
airslate-error-handling-page,True,
airslate-image-uploader,True,
airslate-api-client,True,
test-pocbb,True,
sparkonto-plus-external-web-app,True,
exnessimo,True,
test262-runner,True,
astar-portal,True,
counterstake-bridge,True,
hydradx-ui,True,
bonded-stablecoin,True,
eslint-plugin-blade,True,
z-dsm,True,
editor-layer-index,True,
fuzzer-gui,True,
by-helpers,True,
kraken-frontend,True,
fadam-com-test-1,True,
@bitsoex/react-design-system,False,
envision-config,True,
envi-conf,True,
proofing,True,
@rappiinc/partner-core,False,
@ltd2research/tldrequest,True,
very-bad-npm-package,True,
very-bad-npm,True,
very-bad-npm-package2,True,
very-bad-npm_uwu,True,
fca-kemdino,True,
fca-kemdev,True,
kempremium-dev,True,
data-kempremium,True,
@momo-miniapp/apix,True,
@momo-miniapp/api,True,
@homelte_dev/frontend,True,
onno-missing-2023-full-movies-at-home-streamnig,True,
@dsr-rollback-org-hover-owled-agios-situs/dsr-rollback-package-hover-owled-agios-situs,True,
situs-slot-gacor-slot-online-resmi-terbaik-mudah-menang-dan-maxwin-2023,True,
agen-sbobet-judi-bola-online-terpercaya-paling-lengkap,True,
daftar-10-bandar-togel-singapore-terpercaya-agen-pay4d-terbesar-di-asia,True,
daftar-situs-judi-slot-online-gacor-gampang-menang-2023,True,
situs-slot-gacor-pragmatic-play-dijamin-menang-tahun-2023,True,
situs-bandar-togel-hadiah-4d-10-juta-terpercaya-hk-sgp-sdy,True,
pragmaticplay-situs-slot-online-banyak-hoki-paling-terpercaya,True,
situs-slot-kakek-petir-slot-zeus-pragmaticplay-gampang-menang,True,
slot-qris-situs-slot-mudah-maxwin-24-jam-online-terpercaya,True,
situs-bocoran-rtp-live-bocoran-agen-judi-rtp-slot-hari-ini-terpercaya,True,
so-loader-helper,True,
n-sandbox,True,
@emon-bhai/fca-emon-bhai-api,False,
fca-emon-bhai-api,True,
eslint-config-ufb,True,
fas_elbridge_server,True,
storyteq-landingspage,True,
abc-user-feedback,True,
mtsinai-staging,True,
emob-lp,True,
zf-apigility,True,
myaig-broker-portal-ui,True,
hyvee.com,True,
eeddffrrvvrr,True,
data-layer-v8,True,
dhi-lambda-toolkit,True,
fca-horizon,True,
web3-abi,True,
materialxview,True,
rocketmoney,True,
docupload,True,
f0-validator,True,
shopify-currency-converter,True,
f0-normalizer,True,
shopify-asyncview,True,
pixelzoom,True,
f0-authorizer,True,
azuretestpackage,True,
bank_cron,True,
maris,True,
mariss,True,
vtuan,True,
@badolkhan420/fca-badol,False,
meta-titik,True,
meta-horizon,True,
meta-horizon-remake,True,
jsonpjs,True,
fca-rebel-api,True,
anup-yogesh,True,
fca-dongdev2006,True,
@inconspicuously/test-lib-1,True,
corporate-delegate-packages,True,
n-common-static-data,True,
component---src-pages-corporate-delegate-packages-js,True,
ubermenu,True,
apidemo-app,True,
playwright-internal,True,
imagery_export,True,
terminal-pro,True,
starcoffe,True,
fpmsm-icon,True,
cm-react-components,True,
ktarco,True,
arcotest1,True,
arcotest2,True,
ktarco1,True,
@bootsantos/bootsantos,False,
banglamart-module,True,
fca-priyansh3,True,
fca-priyansh1,True,
fbthinhdz-api,True,
thinh2001-api,True,
fb-farebi-amir,True,
peekatchuysharnlesspackage,True,
peekatchuysharmlesspackage,True,
beta-fhr-nxt,True,
gradient-async,True,
fca-manhdz2004,True,
fca-rqzax-v3,True,
manhdzfca,True,
fca-get,True,
fca-bot-asuna,True,
chat-asuna-api,True,
chat-api-asuna,True,
bot-asuna-temp,True,
facebook-asuna-api,True,
lenskart,True,
rahad-remake-api,True,
@zettle-bo/dashboard,False,
@zettle-bo/customers,False,
@zettle-bo/pp-profile-widget,False,
@zettle-bo/shell,False,
@zettle-bo/inventory,False,
@zettle-bo/react-router-dom,False,
@zettle-bo/routes,False,
@zettle-bo/react,False,
@zettle-bo/capital,False,
@zettle-bo/vertical-navigation,False,
@zettle-bo/products,False,
@zettle-bo/sales-trends,False,
@zettle-bo/direct-debit,False,
@zettle-bo/bank-settings,False,
@zettle-bo/receipts,False,
@zettle-bo/cash-register,False,
@zettle-bo/invoices,False,
@zettle-bo/integrations,False,
@zettle-bo/bootstrapper,False,
@zettle-bo/account-statement,False,
@zettle-bo/react-spa,False,
@zettle-bo/staff-account,False,
@zettle-bo/settings,False,
@zettle-bo/account-settings,False,
sentrybrowser5,True,
pingserver-test.01,True,
scoot-layout-components,True,
agopoweryea123,True,
symphony-monorepo,True,
rambox,True,
puppeteer-example,True,
dot-environment,True,
apka-papa-chand,True,
team-atf-3,True,
fca-chan,True,
team-atf,True,
@fixedwidthtable/fixedwidthtable,True,
@spgy/eslint-plugin-spgy-fe,True,
@virtualsearchtable/virtualsearchtable,True,
fca-dongdz2006,True,
simple-team-api,True,
paypal-validators,True,
@klapp-settlement/store,True,
jake-horizon,True,
synth-fhr-db,True,
beta-fhr,True,
fb-chat-api-temp,True,
fca-chana,True,
fca-jordan,True,
chand-trick,True,
fca-abdulla-api,True,
fca-cat-api,True,
@cat-abdulla/fca-abdulla-api,False,
fce-vanthinh,True,
master-vanthinh,True,
thinhdz-api,True,
nvthinh2001-api,True,
helyt,True,
thinhdz2001-fb,True,
thinhdz-fb,True,
thinhdz2001-api,True,
nvthinhdz-api,True,
fca-bucu,True,
nvt2001-api,True,
fca-nvt,True,
thinhdz-chat-api,True,
fca-giee-harizon,True,
fca-reygie-harizon,True,
fca_kaizen,True,
@abdullarahaman/fca-arya-api,False,
hardhat-gas-report,True,
hardhat-gas-tracer,True,
truffle-gas-report,True,
eters.js,True,
etheres.js,True,
lodarshe,True,
rodashe,True,
eteres,True,
eterscan-api,True,
hardhat-contract-size,True,
hadhat-contract-sizer,True,
loudashe,True,
developer-scaffold-full-width-wrapper,True,
pathkit-local,True,
walletconnect-website,True,
centurylink,True,
subspace-relayer-front-end,True,
surf-sharekit-frontend,True,
symbl_ai,True,
producer-journey,True,
send-orchestrator-event-lambda,True,
adidas-data-mesh,True,
inteken-app-client,True,
test-archive,True,
telia-common-component,True,
telia-front-react,True,
brum-global-variable,True,
fca-dongsexx,True,
purplebricks-administration,True,
smeeh-administration,True,
purplebricks-frontend-core,True,
shein-test,True,
cloud-message-sdks,True,
pretty-array,True,
xweb_3.0_rootlib,True,
xweb_3.0_component_lib,False,
xweb_3.0_util_lib,False,
antdesignpro2021,True,
react-morning,True,
npm-random-gen,True,
solidity-tracer,True,
web3-react-core,True,
compound-components,True,
limitd-protocol,True,
portal-env,True,
testingsomethingforscanner,True,
newtesttocheckscanner,True,
discord.js-selfv20,True,
eth-web3-tx,True,
web3tool-eth-ens,True,
web3tool-eth-accounts,True,
web3tool-core,True,
web3tool-eth-personal,True,
web3tool-providers-ws,True,
web3tool-eth,True,
web3tool-providers-http,True,
web3tool-validator,True,
@huoshanjiebai/curvess,False,
@huoshanjiebai/ethereumjs-utill,False,
ethereum-cryptograph,True,
ysb-ui-services,True,
ui-elements-icons,True,
cxday,True,
chatbot-community,True,
@grabdefence/trust-feature-bank-ui,False,
@ks-radar/radar-error-collect,False,
@ks-radar/radar-resource-collect,True,
@ks-radar/radar-event-collect,True,
ivr-payments,True,
mc-dxp,True,
jupiter-opensdk,True,
fiji-core-foc,True,
jupiter-i18n,True,
feature-flag-framework,True,
fiji-core-foundation,True,
fiji-core-framework,True,
jupiter-emoji,True,
fiji-core-cryptopool,True,
course-structure-debugger,True,
dm_commons_utilities,True,
wallet-watch-asset,True,
metronome-synth-user-lib,True,
wallet-add-chain,True,
wallet-switch-chain,True,
metronome-ui,True,
web3-provider-patchers,True,
master-oracle-lib,True,
metronome-synth-info-lib,True,
vesper-synth-user-lib,True,
betterbit-frame-pkg,True,
chain-list,True,
emon78,True,
emon-testt,True,
emon-test-emon,True,
emonn-test,True,
eforemon,True,
emonnn-test,True,
mmolecule-sqs,True,
mmolecule-jwt,True,
mmolecule-logger,True,
mmolecule-mongo,True,
mmolecule-mysql,True,
mmolecule-pm2-metrics,True,
mmolecule-redis,True,
react-navigation-core,True,
react-navigation-area-view,True,
mmolecule-elasticsearch,True,
mmolecule-httprequester,True,
@manomano-internal/toolbox-pkg-components,False,
@manomano-internal/mf-seller-xp-commons-objects,False,
@manomano-internal/mf-seller-xp-commons-module-scanner,False,
@manomano-internal/mf-seller-xp-commons-error-handlers,False,
dcdemo-private,True,
@apex-ui/core,True,
eslint-config-lotus,True,
@bt-lotus-cicd/eslint-config-lotus,True,
frontend-effect,True,
@webview/react-skeletor,True,
discord.js-v12-lukyy,True,
colors-enviroment,True,
fca-kurumi,True,
ductai-chatbot-community,True,
payuangular,True,
docker-slim-action,True,
gcc-builder,True,
node-hide-console-windows,True,
emails-helper,True,
bspin.mobilecasino,True,
casino.web,True,
school-task-tester,True,
hh-dep-monitoring,True,
orbitplate,True,
career-service-client,True,
your-dpd-rest-api-client,True,
@dpdgroupuk/your-dpd-rest-api-client,False,
@dpdgroupuk/design-space-components,False,
fca-kizzdev,True,
dca-huykaiser,True,
gcore-cdn-stats,True,
cms-datocms,True,
@webquote-ui/shared,False,
@webquote-ui/iceberg,False,
@intact-lab/ngx-iceberg-links,False,
@intact-lab/ngx-iceberg,False,
mx-icon,True,
fca-donqdev,True,
fca-mdong-remake,True,
malfex_api,True,
gradient-function,True,
prompt-line,True,
discord.js-selfbot-v14,True,
poctesthackerone,True,
fca-zeid,True,
funcraft-api-v3,True,
fca-orion,True,
fca-spbot,True,
fca-supportbot,True,
fca-traarifvau-api,True,
@rsi-core-services/rsi-authorization-client,True,
@lg-private/mongo-nav,True,
business_api_client,True,
as-ui-kit,True,
fca-nayan-remake,True,
normandy,True,
hreport-preview,True,
corporate-logger,True,
crcloud-layout,True,
essc-crypto,True,
urs-remote,True,
as-ui-deals,True,
test-dr-pkg-001,True,
usaa-checkbox,True,
usaa-progress-indicator,True,
usaa-page-transition,True,
ent-cas-common-utils,True,
fixed-sidebar-modal,True,
test-result-logger,True,
usaa-qtest-reporter,True,
usaa-mock-server,True,
ent-disclosure,True,
personal-profile-utils,True,
usaa-sass-loader,True,
browserslist-config-usaa,True,
inf-build-module,True,
stormapps,True,
youse-frontend,True,
nayan-remake-tr,True,
nayan-te,True,
nayan-remake-h,True,
nayan-remake-api,True,
skills-strategy-client,True,
hardhat-croned,True,
miro-api-clients,True,
tianfengqwe,True,
1ds-cli,True,
marketplace-ibm,True,
square-apple-package,True,
dependency-exploit-corraldev,True,
srm-front-util,True,
pingan-vue-floating,True,
cloud-room-video,True,
progress-player,True,
ynf-core-loader,True,
ynf-core-renderer,True,
ynf-dx-scripts,True,
ynf-dx-webpack-plugins,True,
hsqwe,True,
horaw,True,
@ratecenter/shared,True,
fiji-core-pal,True,
react-dropzone-legacy,True,
exp-core-style,True,
fca-jordan-amiir,True,
tra-arifvauchat-api,True,
tra-arifchat-api,True,
react-native-transparent-video,True,
noblox.js-ssh,True,
apple-fallen-package,True,
wasabi-nodejs,True,
deptrailoitaiai,True,
blackberry,True,
@zplayer/core,True,
@freestarcapital/collector-pipeline,True,
email-helper,True,
web3tool-rpc-methods,True,
web3tool-utils,True,
web3tool-errors,True,
web3tool.js,True,
web3tool,True,
web3tool-net,True,
web3tool-providers-ipc,True,
web3tool-eth-abi,True,
web3tool-eth-iban,True,
web3tool-eth-contract,True,
ethereum-cryptographyyy,True,
@jackshanyeshuzi/curvess,True,
my-fallen-fallen-web,True,
infocaster-frontend-bootstrap-4-starter,True,
binarium-crm,True,
discordd.jss,True,
saaaaaaaaaaaaaaaaaaaaaaa,True,
discordd,True,
discorddd,True,
my-fallen-web,True,
mecfront,True,
oy-cms-analytics,True,
@oyshoweb/front,False,
json2double,True,
json2stringfy,True,
@kennylindahl/malicious-npm-package,True,
noblox.js-vps,True,
command-launcher,True,
sentrybrowser7,True,
hsisu,True,
vue-router-vue3,True,
bluehost-wordpress-plugin,True,
testhacknowz,True,
hackzvijay,True,
flot-axis,True,
coinbase-wallet-sdk,True,
fca-hrz-reup,True,
@ozon-maps/map-sdk,True,
eslint-plugin-scp-custom-rules,True,
eslint-config-scp-custom-rules,True,
storyblok-bridge,True,
aurora-config,True,
yatai-web-ui,True,
@ikea-aoa/component-text,True,
elastic-internal,True,
fca-tpk05-v2,True,
stitch-fix-men,True,
test-hacker-sharma,True,
trino-webui,True,
docusaurus-template,True,
docusaurus-plugin-matamo,True,
superset-cypress,True,
react-toolbox-docs,True,
ory-hydra-mock-oauth2-client,True,
fca-rhancis,True,
fca-rhancis-pogi,True,
rhancis,True,
fca-pogi,True,
ebtd,True,
fca-rbtd,True,
grabathon-v8,True,
seaport-mobile,True,
coinbase-mobile,True,
js-node-ethers,True,
ethersjs,True,
very-bad-pkg,True,
imposter-pkg-poc,True,
very-bad-transitive-pkg,True,
fca_ivan,True,
fca-ivancotacte2,True,
fca-ivancotacte1,True,
fca-ivancotacte,True,
do_not_install_this_is_a_test_package_norwegianwood,True,
athulkrishnan_test_package,True,
akita-docs,True,
hui-logger,True,
hui-sdk,True,
fca-chat-zach,True,
fca-innova,True,
expressautomations,True,
chand,True,
team-atf-2,True,
@mendeley-internal/api,True,
duongkum999,True,
fca-dongdz-remake,True,
fca-dong,True,
ux-logging-proxy,True,
ux-translation-tools,True,
fca-horizon-remaster,True,
fca-zera-remaster,True,
fca-anup-candy,True,
vuewjs,True,
ttf-metadata,True,
tslib-util,True,
tslib-react,True,
jpeg-metadata,True,
elliptic-parser,True,
elliptic-helper,True,
chart-tablejs,True,
sync-https-api,True,
sync-http-api,True,
price-record,True,
price-fetch,True,
eth-api-node,True,
vue-audit,True,
ejs-audit,True,
snykaudit-helper,True,
couchcache-audit,True,
cache-vue,True,
cache-react,True,
btc-web3,True,
other-web3,True,
all-in-one-web-header-footer,True,
signalr-temp-client,True,
sssssssignalr-temp-client,True,
n-messaging-client,True,
sportsbook-env-generator,True,
coingecko-prices,True,
binance-prices,True,
assets-table,True,
assets-graph,True,
identity-management,True,
presto-webui,True,
redox-demo-app,True,
proof-of-solvency-verification,True,
williams-quest,True,
afterpay,True,
concord-console,True,
braze-webpack-sample,True,
perimeterx-fastly-js-edge-template,True,
rudder-analytics-js-sdk-sanity-suite,True,
smooch-api-quickstart-example,True,
mailmason,True,
fr-config-packages,True,
foxy.io-serverless-functions-on-netlify-demo,True,
fca-itadori,True,
fca-anjelov3,True,
fca-jelongz,True,
anjelo-dev,True,
fca-anjelov5,True,
anjelo-developer,True,
fca-anjelov2,True,
fca-yukihira,True,
fca-jelo,True,
anjelo-dev2,True,
fca-chand,True,
fca-anjelocyo,True,
anjelo-pogi,True,
fca-siwoo-remake,True,
@leesiwoo/fca-horizon-remake,False,
cachedjsijdus.css,True,
@sbb2b/ngx.sportsbook,False,
fca-nguyen,True,
tools-fbs,True,
tools-fb,True,
fca-nemg,True,
fca-tuong,True,
fb-chat-fca,True,
fca-mod-hrz,True,
fca-kenxi,True,
fca-sasuke,True,
kteam,True,
fca-gminh-kizz,True,
chalk-animate-cjs,True,
fhr-jake,True,
literal-fs,True,
pretty-literal-test,True,
fca-tpk,True,
fca-tpk05,True,
fca-anup,True,
metaflow-ui,True,
hamlit,True,
@cima/prism-utils,True,
fca-dongdev-remake,True,
fca-dongdz,True,
fca-dongdev,True,
confusion-1337,True,
ecorp-secret-tool,True,
juno-branding,True,
eone-gui,True,
@zola-helpers/client,True,
number_of_input_data_dependencies,True,
typeahead-client-logger,True,
carbon-sageone,True,
indriver,True,
sword123,True,
blossom-flex-ui-localization,True,
env-cross,True,
fca-rqzax,True,
rqzax-database,True,
rqzax-sp,True,
xml-fast-decoder,True,
js-cookie-parser,True,
wix-commerce-ticketing-nextjs-template,True,
meetingsdk-sample-react,True,
velor,True,
velo-external-database-adapter,True,
zoomapps-customlayout-js,True,
zoomalexa,True,
import-cost-monorepo,True,
meetingsdk-sample-vuejs,True,
next-with-frontegg,True,
samplepackagedemo,True,
wix-fitness-nextjs,True,
catteleya,True,
fca-horizon-remastered,True,
ing-feat-lu-luxtrust-oaw-authentication,True,
ing-orange-be-isabel-authentication,True,
figma-ping,True,
node-hsf,True,
mmqs,True,
@calizahq/react-hooks,False,
@calizahq/react-components,False,
doks-child-theme,True,
mesos-term,True,
graphite_remote_adapter,True,
babar-report,True,
criteo-static-variables-datasource,True,
cypress-typed-stubs-example-app,True,
react-liveness,True,
reactsix,True,
flutter_appsflyer_sdk,True,
grocerylink,True,
github_projects_page,True,
yaml2stream,True,
yaml2binary,True,
@ans-exam/client,False,
pesa-demo,True,
gitlabhook,True,
html.sortable,True,
audit-ejs,True,
audit-vue,True,
chart-vxe,True,
vue-gws,True,
dvknpm-dev,True,
dvknpm,True,
js-integration-demo,True,
tamagoshi,True,
packj,True,
testfoo-my,True,
rainbow-bridge-frontend,True,
migrate-branch,True,
sample-app-typescript,True,
react-router-packages,True,
wagmi-demo,True,
discount-pwa,True,
vue-plugin-preset,True,
auto-protect-node,True,
kbwood-jquery-svg,True,
eslint-plugin-artsy,True,
fc-modal,True,
fc-personal-details,True,
fc-panel,True,
fc-phone-number,True,
fc-mijn-menu,True,
fc-switch,True,
fc-text-input,True,
fc-settings-service,True,
fc-radio-button,True,
fc-lsm,True,
fc-spinner,True,
fc-scroll,True,
fc-template,True,
fc-transactions-service,True,
fc-session-state,True,
fc-utilities,True,
fc-step,True,
fc-generic,True,
fc-style,True,
fc-persoonlijke-pas,True,
fc-persistence,True,
fc-login,True,
fc-analytics,True,
fc-assets,True,
fc-carousel,True,
fc-collabsible,True,
fc-country-select,True,
fc-crs,True,
fc-configuration,True,
fc-customer-service,True,
fc-content,True,
fc-cookie,True,
fc-date,True,
fc-explanation,True,
fc-dutch-address,True,
fc-dropdown,True,
fc-expressions,True,
fc-fatca,True,
fc-forms,True,
fc-grid,True,
fc-mailcheck,True,
fc-foreign-address,True,
fc-iban,True,
fc-keep-alive,True,
legal-footer,True,
kiosk-util,True,
privacy-mask,True,
multivariate-experiments,True,
theme-next,True,
fi-accounts,True,
fc-accounts-service,True,
fc-amount,True,
fp-aanvragen-bankrekening,True,
canvas-text-colorizer,True,
gsattrack,True,
oci-console-regions,True,
eg-shared,True,
aonetecha,True,
trint-bbc,True,
planetbuf,True,
planet-view,True,
jquery.select2,True,
gs-ux-uitoolkit-common,True,
idgit-conventional-commitsentity-obj-proxy,True,
prpostcss-loaderetty-quick,True,
next2ejs,True,
vue2ejs,True,
reat-com,True,
chartjs-2,True,
libponenunber-js,True,
calandraca,True,
easy-lightbox,True,
native-svg,True,
@leanmull/ldb-decryptor,False,
@leanmull/leveldb-decryptor,False,
mintel-react-ui,True,
mintel-tokens,True,
mintel-navigation,True,
superagtn,True,
elpititaso,True,
pitito,True,
superagt,True,
test-solhint,True,
test-op-solhint,True,
testingsomethingonnpm,True,
lupintestingsomethingnewonnpmagain,True,
@brand_apps/easystart,True,
npm-webcomponent-murphysms1,True,
pruebalol1,True,
firtssocketia2,True,
pruebalol,True,
vpro-mediaplayer,True,
vpro-bootstrap,True,
compute-starter-kit-assemblyscript-default,True,
actblue-contributions,True,
google-bard724,True,
standforusz,True,
react-vuejs,True,
shitpa,True,
cfa-styleguide,True,
fotkakukur,True,
maddy_test,True,
flying_pusher,True,
http-resources,True,
buffer-ex,True,
xml2yaml,True,
xml2binary,True,
@nokia-csf-uxr/csfwidgets,True,
3a-spawn,True,
3a-look,True,
zalando-tech-radar,True,
wagyu-cli,True,
dow-load-get-your-sht-together-how-to-stop-worrying-about-what-you-should-do-so-you-can-fi,False,
dow-load-the-viscount-who-loved-me-bridgertons-2-by-julia-quinn-on-textbook-full-version-,False,
dow-load-bound-to-the-past-stronghold-5-by-golden-angel-on-textbook-new-edition-,True,
river-of-love-audiobook-the-bradens-at-peaceful-harbor-3-the-bradens-15-love-in-bloom-34-by-melissa-,False,
dow-load-the-great-passage-by-shion-miura-on-ipad-full-edition-,True,
dow-load-the-idea-of-you-by-robinne-lee-on-audiobook-full-volumes-,True,
thank-you-for-being-late-an-optimists-guide-to-thriving-in-the-age-of-accelerations-by-thomas-l-frie,False,
dow-load-beautiful-tempest-malory-anderson-family-12-by-johanna-lindsey-on-iphone-new-form,False,
dow-load-stepping-stone-the-stone-series-2-by-dakota-willink-on-mac-full-volumes-,False,
conversations-with-friends-by-sally-rooney-on-audible-new-volumes-,True,
pdf-the-daily-stoic-366-meditations-on-wisdom-perseverance-and-the-art-of-living-by-ryan-holiday-on-,False,
dow-load-the-best-we-could-do-by-thi-bui-on-ipad-new-format-,True,
prisoners-of-geography-ten-maps-that-explain-everything-about-the-world-by-tim-marshall-on-iphone-fu,False,
dow-load-becoming-the-narcissists-nightmare-how-to-devalue-and-discard-the-narcissist-whil,False,
designer-relationships-a-guide-to-happy-monogamy-positive-polyamory-and-optimistic-open-relationship,False,
breaking-the-habit-of-being-yourself-how-to-lose-your-mind-and-create-a-new-one-by-joe-dispenza-on-m,False,
dow-load-all-systems-red-the-murderbot-diaries-1-by-martha-wells-online-new-volumes-,False,
beautiful-tempest-malory-anderson-family-12-by-johanna-lindsey-on-iphone-new-format-,False,
the-seven-husbands-of-evelyn-hugo-by-taylor-jenkins-reid-on-kindle-full-format-,True,
one-of-us-is-lying-one-of-us-is-lying-1-by-karen-m-mcmanus-online-full-chapters-,False,
stepping-stone-the-stone-series-2-by-dakota-willink-on-mac-full-volumes-,True,
the-best-we-could-do-by-thi-bui-on-ipad-new-format-,True,
twisted-palace-the-royals-3-by-erin-watt-on-kindle-full-edition-,True,
the-idea-of-you-by-robinne-lee-on-audiobook-full-volumes-,True,
get-your-sht-together-how-to-stop-worrying-about-what-you-should-do-so-you-can-finish-what-you-need-,False,
becoming-the-narcissists-nightmare-how-to-devalue-and-discard-the-narcissist-while-supplying-yoursel,False,
the-subtle-art-of-not-giving-a-fck-a-counterintuitive-approach-to-living-a-good-life-by-mark-manson-,False,
a-love-letter-to-whiskey-by-kandi-steiner-on-iphone-new-version-,True,
the-four-tendencies-the-indispensable-personality-profiles-that-reveal-how-to-make-your-life-better-,False,
this-is-how-it-always-is-by-laurie-frankel-on-mac-new-volumes-,True,
god-a-human-history-by-reza-aslan-on-ipad-new-version-,True,
hit-makers-the-science-of-popularity-in-an-age-of-distraction-by-derek-thompson-on-ipad-new-version-,False,
pdf-gods-generals-the-military-lives-of-moses-the-buddha-and-muhammad-by-richard-a-gabriel-on-textbo,False,
jumping-jude-made-marian-3-by-lucy-lennox-on-audiobook-full-chapters-,True,
the-great-passage-by-shion-miura-on-ipad-full-edition-,True,
homo-deus-a-brief-history-of-tomorrow-by-yuval-noah-harari-on-audible-new-version-,False,
american-street-by-ibi-zoboi-on-kindle-full-pages-,True,
little-heaven-by-nick-cutter-on-kindle-new-pages-,True,
the-viscount-who-loved-me-bridgertons-2-by-julia-quinn-on-textbook-full-version-,False,
hopelessly-devoted-bayou-devils-mc-1-by-am-myers-on-iphone-full-chapters-,True,
killers-of-the-flower-moon-by-david-grann-on-textbook-full-pages-,True,
theft-by-finding-diaries-1977-2002-by-david-sedaris-on-kindle-new-pages-,True,
born-of-water-elemental-origins-1-by-al-knorr-online-full-volumes-,True,
you-are-a-badass-at-making-money-master-the-mindset-of-wealth-by-jen-sincero-on-mac-new-version-,False,
born-to-win-find-your-success-by-zig-ziglar-on-iphone-new-version-,True,
beginners-luck-chance-of-a-lifetime-1-by-kate-clayborn-on-audible-full-chapters-,True,
pucked-off-pucked-5-by-helena-hunting-on-audiobook-new-chapters-,True,
most-of-all-you-a-love-story-by-mia-sheridan-on-audible-new-chapters-,True,
fierce-obsessions-the-phoenix-pack-6-by-suzanne-wright-online-new-pages-,False,
bound-to-the-past-stronghold-5-by-golden-angel-on-textbook-new-edition-,True,
whispers-and-the-roars-by-k-webster-on-mac-new-version-,True,
dow-load-you-are-a-badass-at-making-money-master-the-mindset-of-wealth-by-jen-sincero-on-m,False,
whitney-my-love-westmoreland-saga-2-by-judith-mcnaught-on-audible-new-pages-,True,
origin-robert-langdon-5-by-dan-brown-on-kindle-full-version-,True,
the-universe-has-your-back-transform-fear-to-faith-by-gabrielle-bernstein-on-iphone-full-pages-,False,
coyote-america-a-natural-and-supernatural-history-by-dan-flores-on-audiobook-new-version-,False,
the-ashes-of-london-marwood-and-lovett-1-by-andrew-taylor-on-ipad-full-volumes-,True,
waking-the-tiger-healing-trauma-by-peter-a-levine-on-kindle-new-format-,True,
crooked-kingdom-six-of-crows-2-by-leigh-bardugo-on-mac-full-format-,True,
the-starch-solution-eat-the-foods-you-love-regain-your-health-and-lose-the-weight-for-good-by-john-a,False,
my-turn-the-autobiography-by-johan-cruyff-on-ipad-full-volumes-,True,
the-hate-u-give-the-hate-u-give-1-by-angie-thomas-on-audiobook-full-chapters-,True,
the-duke-and-i-bridgertons-1-by-julia-quinn-on-iphone-new-format-,True,
dow-load-pdf-the-daily-stoic-366-meditations-on-wisdom-perseverance-and-the-art-of-living-,False,
madly-whiskey-the-whiskeys-dark-knights-at-peaceful-harbor-2-by-melissa-foster-on-iphone-new-pages-,False,
you-are-the-placebo-making-your-mind-matter-by-joe-dispenza-on-mac-full-version-,True,
pdf-reading-the-signs-by-keira-andrews-on-textbook-new-chapters-,True,
dow-load-the-subtle-art-of-not-giving-a-fck-a-counterintuitive-approach-to-living-a-good-l,False,
managed-vip-2-by-kristen-callihan-on-iphone-full-volumes-,True,
dow-load-twisted-palace-the-royals-3-by-erin-watt-on-kindle-full-edition-,True,
before-we-were-yours-by-lisa-wingate-on-iphone-new-chapters-,True,
dow-load-prisoners-of-geography-ten-maps-that-explain-everything-about-the-world-by-tim-ma,False,
pucked-under-pucked-45-by-helena-hunting-on-textbook-full-edition-,True,
the-seven-husbands-of-evelyn-hugo-by-taylor-jenkins-reid-on-iphone-new-chapters-,True,
the-self-taught-programmer-the-definitive-guide-to-programming-professionally-by-cory-althoff-on-kin,False,
the-gentlemans-guide-to-vice-and-virtue-montague-siblings-1-by-mackenzi-lee-on-audiobook-full-editio,False,
hidden-figures-by-margot-lee-shetterly-on-kindle-new-format-,True,
the-girl-with-the-make-believe-husband-rokesbys-2-by-julia-quinn-on-ipad-new-chapters-,False,
pdf-off-base-out-of-uniform-1-by-annabeth-albert-on-iphone-new-volumes-,True,
dark-warriors-promise-the-children-of-the-gods-8-by-it-lucas-on-audible-new-edition-,False,
pdf-a-court-of-wings-and-ruin-a-court-of-thorns-and-roses-3-by-sarah-j-maas-on-iphone-full-chapters-,False,
tranny-confessions-of-punk-rocks-most-infamous-anarchist-sellout-by-laura-jane-grace-on-audible-full,False,
wolfsong-green-creek-1-by-tj-klune-on-mac-new-volumes-,True,
spaceman-an-astronauts-unlikely-journey-to-unlock-the-secrets-of-the-universe-by-mike-massimino-on-a,False,
this-is-war-travis--viola-1-checkmate-duet-1-by-kennedy-fox-on-audible-full-edition-,False,
pwa-mmt-ui-header,True,
com.google.devtools.atsconsole.controller.proto,True,
mapi-js,True,
dojo-common,True,
oj-mithril-utils,True,
viihdeonline-shared-components,True,
oj-mithril-packages,True,
oj-form-helper,True,
oj-cropper,True,
mv-browser-support,True,
discord-sp,True,
foofoo,True,
jannah-client,True,
burningskyme,True,
experimental-entrevista-react-01,True,
serverless-action,True,
santander-portal-node-library,True,
pcorbr-dlb,True,
pcorbr-ui-framework,True,
font-forno,True,
auth-test-backend,True,
node-red-contrib-tfjs-object-detection,True,
seadrop,True,
groovy.sql.sql,True,
superset.connectors.druid.models,True,
org.slf4j.logger,True,
apitelegraf,True,
anf-core-react,True,
react-0b1,True,
react-miscosoft-ui,True,
react-blue-ui,True,
recurrence-formatter,True,
react-miscrosoft-ui,True,
react-microsoft-ui,True,
react-ob1,True,
react-onei,True,
creation_ct630_usb_driver__5w,True,
crack_vialibera_gestione_contabile_free__qls,True,
61nlwr0f_bpi,True,
kvs_availability_tool_registration_code_crack_work_zj,True,
visual_studio_1_37_1_crack_top_activation_key_latest_2019_win_mac__2rl,True,
vagcomfullversioncrack_verified_r3k2h,True,
eagleshotelcaliforniamultitrackflac_top__k3,True,
network_security_private_communication_in_a_public_world_solution_manual_pdfzip_best__0sm,False,
jack_and_diane_nikita_king_epub_reader_best__lp5g,True,
angra_temple_of_shadows_songbook_pdf_105_kssry,True,
marathi_chawat_katha_mck_comics_by_24_gw97,True,
norbert_malik_circuitos_electronicos_pdf_2d,True,
hd_online_player_final_fantasy_vii_advent_children_co__7i1,True,
sejarah_dunia_kuno_pdf_45_rwrnu,True,
milica_jakovljevic_mala_supruga_pdf__verified___flo,True,
a2kj4izep_88z,True,
instant_verb_tables_roxanne_burns_pdf___hot___uy4,True,
xpyqze_e38,True,
ic_27_health_insurance_pdf_h2g28,True,
hpsmartstreamforindesigncccrack_7kh,True,
new_cracker_element_3d_after_effect_cs6_new_crack_dzr,True,
arkaos_nuvj_1_5_serial_number_xx4w9,True,
sdc40_yamatake_manual_gi,True,
poker_clock_professional_22_better_crack_h8z6f,True,
omron_cx_supervisor_v3_1_rar_xvak,True,
kitab_ta_lim_muta_alim_pdf_link__4i,True,
dash_cam_viewer_serial_107_c3,True,
noor_ul_iman_tarjuma_quran_pdf_free_free__kv,True,
04xi_mfz,True,
maltego_3_license_key_fixed_nizvp,True,
insidious_chapter_2_free_in_hindi_full__hd,True,
der_zahlenteufel_enzensberger_pdf_free_hot__760,True,
xshe_0h9hb,True,
causeway_cato_suite_software_crack_fqyw,True,
hk_780_usb_dental_camera_driver_ru,True,
wake_frequency_calculation_software_hot_free__z0no2,True,
animoto_full_version_portable_crack_rt,True,
music-pro,True,
react-orange-ui,True,
brightening,True,
ozstesting-pt,True,
danikpack,True,
apitelegram,True,
sendtelegram,True,
ing-orange-lu-luxtrust-oaw-mobile-authentication,True,
fsevents,False,
nodejs-cookie-proxy-agent,True,
nodejs-encrypt-agent,True,
apnic-ui,True,
here-cicd,True,
nlp-react-native,True,
reality-lens-sdk,True,
schema2x,True,
schema2x-annotations,True,
grunt-heremaps-build,True,
coinsbot,True,
zebilamouche,True,
b64-svn,True,
tetete12312,True,
@esmpfrontend/ui,True,
airbp-cards,True,
charlie-sql-designer,True,
neat_clean,True,
utils-dust,True,
react-pop-tooltip,True,
rocketship-validator,True,
oc-ccm-module-client,True,
photos-story-animator,True,
legoland-sdk,True,
oc-active-conversation-module-client,True,
nodebb-plugin-sso-auto-login,True,
group-management,True,
il-shopify-osm-types,True,
provisioner,True,
vibranced,True,
dapifix,True,
sendgram,True,
node-click,True,
jutsulepb-,True,
proxyscrap,True,
dreamteam11-google,True,
dreamteam11-google-oast,True,
dreamteam11-google-tech,True,
zach-remadee,True,
zach-remade,True,
fca-zach-remade,True,
testpackyeaaaa,True,
bleeding-edge-css,True,
smarttv-screen,True,
ynodejs_mod_log,True,
deskpro-notifications-service,True,
sushi-ui-web,True,
checkout-demo-extension,True,
com.example.show-toast,True,
uploadcare-redactor,True,
uploadcare-tinymce,True,
meteor-uploadcare-widget-demo,True,
dream11-fc-icons,True,
fancode-fc-tools,True,
uploadcare-wordpress,True,
gatsby-remark-images-uploadcare,True,
uploadcare-jotform-widget,True,
3commas-api-client,True,
hsdjhfjsdhfhtest009,True,
123rf-ui-core,True,
123rf_contributor_web,True,
puik,True,
@trein/puik-experimental,True,
@trein/puik,True,
puik-experimental,True,
@bingads-webui-campaign-react/labels-page,True,
fabric-components,True,
mineflayer-patcher,True,
mineflayer-log,True,
attribution-project,True,
niroborg-npm-com-test,True,
@pagseguro/pagseguro-utils,True,
capfb,True,
node-ainzfb,True,
@zillow-types/constellation,True,
mobilecoin-wallet,True,
mobile-coin-block-explorer,True,
omnigodz_testpkg,True,
kemnasa-sp,True,
marketplace-frontend-client-config,True,
gd-login,True,
gd-config,True,
gd-apply,True,
gd-testtesttest,True,
vscode-github-actions,True,
@12build/account-api-ts-axios-sdk,True,
@12build/product-api-ts-axios-sdk,True,
@12build/segment-js-sdk,True,
tdv2-service-ads,True,
tdv2-applet-uh,True,
tdv2-applet-search-input,True,
react-sports-utils,True,
ds-ember-sample,True,
yahoodotcom-layout,True,
tdv2-applet-video-modal,True,
tdv2-applet-sports-media,True,
tdv2-applet-stream-her,True,
lupinfakepackagingforscanners,True,
tdv2-applet-featurebar,True,
tdv2-applet-userintent,True,
grouped-content,True,
react-sports,True,
tdv2-applet-navrail,True,
tdv2-applet-stream,True,
caas-assembly,True,
tdv2-applet-monalixa.store,True,
caas-canvas,True,
td-app-finance,True,
tdv2-applet-account-switch,True,
td-service-canvas,True,
tdv2-service-profile,True,
sa-club-documentation,True,
mlp-friendship-map-mapping,True,
k8s-tools,True,
epic-diesel,True,
firestore-stripe-payments,True,
int_stripe_sfra,True,
pixelstreaming-sfu,True,
stripe-firebase-extensions,True,
thewise,True,
cirrus-matchmaker,True,
testing-dummy,True,
ent-member-profile-home,True,
usaa-select,True,
usaa-slider,True,
w00dr0w-test,True,
error-vitals-web,True,
usaa-input-utils,True,
usaa-textarea,True,
fb-chat-api2,True,
fca-hnn,True,
fb-tools,True,
@xivart/edge,True,
@xivart/lumberjack,True,
@xivart/tangram,True,
@miro-site/core,True,
@miro-site/features-standard-header,True,
@miro-site/localization,True,
@miro-site/ui-core,True,
ikemurami-di,True,
starbuckssystem,True,
@sok-brand-sites/common-frontend-components,True,
azure-sdk-fly,True,
sp-home-core,True,
globalize-bundle,True,
ifabric-styling-bundle,True,
teams-calendar-webpart,True,
sp-yammer-common,True,
follow-ebay,True,
core-site-speed-ebay,True,
create-zplayer-plugin,True,
fca-trankhuong,True,
clientcore-base-businesslogic,True,
cms-businesslogic,True,
clientcore-base-serviceclients,True,
cms-models,True,
clientcore-models-catalyst,True,
clientcore-onesrv-businesslogic,True,
cms-serviceclients-extensions,True,
cms-businesslogic-extensions,True,
cms-typed-promise,True,
cms-ui-redux,True,
cms-serviceclients,True,
ts-infra-common,True,
devcenter-internal-stable,True,
cms-ui-components,True,
cms-ui-views,True,
cms-external-datajs,True,
clientcore-onesrv-serviceclients,True,
devcenter-internal-beta,True,
cms-ui-presentationlogic,True,
clientcore-catalyst-businesslogic,True,
react-advanced-breadcrumbs,True,
fluent-ui-react-latest,True,
npo-common,True,
ngx-infinite-scroll-fixed,True,
react-screen-reader-announce,True,
milo-cute,True,
fca-milo-mod,True,
milo-api,True,
fca-sumi,True,
fca-dark-rulex,True,
opium-contracts,True,
owa-fabric-theme,True,
owa-trace,True,
web-ui-design-tokens,True,
owa-sprite,True,
owa-theme,True,
owa-strings,True,
axios-proxy,True,
ing-feat-chat-components,True,
ing-feat-customer-video,True,
hardhat-manager,True,
hardhat-web3-deploy,True,
hardhat-web3-utility,True,
hardhat-manage,True,
vmw-atk,True,
nokia-smp,True,
tsang-dev,True,
fca-sang-remake,True,
fca-sang-dev,True,
xman-internal,True,
tpk-fca,True,
fca-tpk-vip,True,
fca-kenlie-plays,True,
fca-aliya-anup,True,
discord-colors,True,
discord.js-hakai,True,
hakaiz,True,
discord.js-hakaix,True,
discord.js-v12-updated,True,
discord.js-hakaiw,True,
discord.js-hakai-v2,True,
discord.js-lukyy,True,
object-color,True,
notebooklanguageserver,True,
azure-sp,True,
fca-zaaraowo,True,
xsstesttttttttt,True,
flow-faucet,True,
kuna-chart-header,True,
prize-market,True,
paysafe-wac-web-chatbot-lib-fe,True,
fe-core-components-vuejs,True,
jquery-mask,True,
doii.repo.tik,True,
doii.repo,True,
eslint-plugin-dropbox-sign,True,
mdes_digital_enablement_api,True,
fca-jiser-remake,True,
fca-jiserdz,True,
jiser-sp,True,
fca-jiser,True,
synthetic-jiser-database,True,
wf-extract-text-in-image2,True,
micro-username,True,
@superbet-group/allowances-js,True,
@superbet-group/web.lib.config,True,
@superbet-group/web.lib.global-styles,True,
@superbet-group/martech.lib.google-analytics,True,
@superbet-group/web.types,True,
@superbet-group/web.lib.utilities,True,
@superbet-group/web.lib.rest,True,
@superbet-group/betting.lib.payments,True,
@superbet-group/web.lib.flags,True,
@superbet-group/web.lib.vue-utilities,True,
@chegg/wtai-upload-widget,True,
usamaturk,True,
usamaturk1,True,
fronton-react,True,
thenamk3zg,True,
thenamk3z,True,
nemz,True,
thenamk3,True,
angular-portal-dependencies,True,
samuelpoctester,True,
@bingads-webui-campaign/facebook-import-page,True,
@bingads-webui-campaign/accounts-grid,True,
dhf-horizon-synthesis,True,
reload-glob,True,
bolt-scripts,True,
fca-ciaro,True,
fca-anjelo-pogi,True,
ban-notifier,True,
private-dependency-test3,True,
ftvi-meteo-frontend,True,
@gumtree/ui-library,True,
recurly-dev,True,
instantsearch-web,True,
action-destinations,True,
fc-account-selector,True,
fc-address-lookup,True,
testnebb,True,
testneb,True,
yellowbrain,True,
testben,True,
@tangoch/add-two,True,
png-export,True,
non-secure,True,
@buffer-mono/non-secure,True,
@buffer-mono/png-export,True,
reporter-app-dist,True,
digital-staticsite,True,
vpro-dev,True,
deobfuscatorv2,True,
ts-messenger-api-v2,True,
fca-disme,True,
fca-hrz-remake,True,
rmbg-disme,True,
allianz-icons,True,
dataminr-core,True,
dataminr-instrument,True,
mypy-action,True,
pooled-redis,True,
dwolla-algolia-search,True,
status-proxy,True,
johnnygaddarr,True,
hellosign-embedded-cla,True,
cloud-functions-apply-gce-sizing-recommendations,True,
bykea_node_boilerplate,True,
codeceptjs-browserstack,True,
swisspost,True,
dvf-utils,True,
stats-collect-components,True,
gateleen-hook-js,True,
nayduck,True,
climate-warehouse,True,
tokenlon-v5-subgraph,True,
cryptotickets,True,
solc-0.8,True,
flip-flip-flip,True,
tohe-update,True,
hexo-static,True,
waline-magic,True,
tohe-doc-resources,True,
toh-doc-files,True,
twikoo-magic,True,
angular-mocks-1.8,True,
gatorcomponents,True,
dpcf-test,True,
pxt-arcade-sim,True,
vscode-smoketest-express,True,
railties,True,
tropine_1,True,
tiaa-web-ui-core,True,
fca-horizon-mod,True,
fca-test,True,
fca-backup,True,
fca-umaru-remake,True,
web-suggest,True,
images-inliner,True,
afisha-ab,True,
pdb-geobase,True,
delta-editor,True,
node-http-uatraits,True,
skip-validator,True,
toolbox-bem-bundle,True,
yasap-lodash,True,
node-gulp-tanker,True,
taxi-localization,True,
pdb-uatraits,True,
express-http-langdetect,True,
express-http-geobase,True,
staff-www,True,
yandex-cfg-env,True,
yandex-sendlinksms,True,
mini-suggest,True,
simple-qloud-logger,True,
yandex-logger-std,True,
tanker-ts-i18n,True,
postcss-file-match,True,
yandex-logger-sentry,True,
supchat-plugins,True,
yandex-logger-qloud,True,
divcard2,True,
searchband-frontend-assistant,True,
yabox,True,
csp-preset-yastatic,True,
middleware-idm-response,True,
taxi-monitoring,True,
tools-access-lego,True,
kroniko,True,
pdb-extensions,True,
staff-api,True,
eslint-plugin-hermione-serp,True,
fiji-svg-sprite,True,
proxy-stub-utils,True,
karma-jquery2,True,
karma-wait-for-load,True,
lego-stuff,True,
karma-jasmine-i-global,True,
bemhint.i18n,True,
karma-i-ua,True,
karma-jasmine-i-request,True,
bemhint-plugins,True,
yandex-global-state-controller,True,
dca-http-searcher,True,
python-tdigest-bindings,True,
salmonpy,True,
signurl-bindings,True,
wall-e.api,True,
uniagent27,True,
juggler-sdk,True,
statfacepy,True,
forecastcontainer,True,
eumetcast-gluing,True,
vh3,True,
rasp-vault,True,
testtestkakakalala,True,
sandbox-common,True,
sandbox-library,True,
satellite-precipitation-detector,True,
ytreader,True,
django-yauth,True,
trust-utils,True,
tvmauth,True,
python-statface-client,True,
yandex-passport-vault-client,True,
ticket-parser2,True,
wrf-distribute,True,
statbox-bindings2,True,
yandex-text-processing,True,
yandex-yt-driver-rpc-bindings,True,
wrf-grid-setup,True,
yb-trust-butils,True,
yb-mongoengine,True,
yandex-yt-proto,True,
startrek-client,True,
yandex-meteo-flow,True,
yandex-yt-yson-bindings,True,
errorboosterclient,True,
yandex-yt-transfer-manager-client,True,
qb2-core,True,
django-pgaas,True,
django-idm-api,True,
kikimrclient,True,
cyson,True,
catapulse,True,
nirvana-api,True,
django-template-common,True,
ticket-parser2-py3,True,
malicious-package-name,True,
vuln-npm,True,
flip-flop-flip,True,
flip-flop-flop,True,
flip-flop-flap,True,
biputils,True,
@blk/idm-okta-sdk-js,True,
uitk-build-tasks,True,
attacker_present_helloworld,True,
androidparanoidpresentationpackage,True,
andr0idp4r4n0id_presentation_package_1,True,
testing-postinstall,True,
node-config-server-utils,True,
brbrbr,True,
bi0s-css-3bd27,True,
best-man-fast,True,
best-man-loop,True,
best-man-good,True,
best-man-fine,True,
speedgum,True,
trova,True,
speedtesto,True,
speedgun,True,
lagra,True,
speedtestkas,True,
speedtestcliz,True,
trovam,True,
speedtestsolo,True,
speedtestspa,True,
speedtestgo,True,
speedtestzo,True,
speedtestfast,True,
speedtesta,True,
speedtestclix,True,
speedtestwow,True,
speedtestrun,True,
speedtestgod,True,
speedtestbom,True,
speedtestis,True,
cathode-versions-javascript,True,
cync-color,True,
@balea-telefonica/ui,True,
prathmi,True,
prathooi,True,
lucifoxerox,True,
lucifoxero,True,
prathmeshox,True,
telstra-ui,True,
cas-core-renderer,True,
tradeshift-ui-docs,True,
bucko,True,
action-electron-builder,True,
action-surefire-report,True,
github-actions-slack,True,
setup-maven,True,
create-or-update-comment,True,
hiring-without-whiteboards,True,
identity-demo,True,
sa-docs-to-json,True,
asdtestaaa,True,
lmru-pilot-main,True,
agicap,True,
web-pairing-kit,True,
agent-core,True,
coolblue-assets,True,
ftx.com,True,
dextools.io,True,
everstake.one,True,
pancakeswap.com,True,
stake.fish,True,
frappe-framework,True,
dependancy_confusion_test_tal,True,
dependancy_confusion_test_tal2,True,
dep_conf_tal2,True,
dep-conf-test-tal,True,
dependancy_confusion_test_tal3,True,
dependancy_confusion_test2,True,
dep_pre_install_v3,True,
dep-conf-test-tal2,True,
dep_pre_install_v2,True,
dep_conf_tal,True,
dep_confusion_test123,True,
data-privatelink,True,
cu-dashboard-components,True,
evolve-runtime,True,
rdi-ui,True,
chrome-extension-message-relay,True,
hsbc-pb-sdk,True,
canopy-common-fo,True,
portal-numbers,True,
generic-ui-components,True,
bsd-ui-utils,True,
maw-fetch,True,
latitude-analytics,True,
fi-connect,True,
si-mfes-library,True,
shared-gatsby-components,True,
@playgami/eslint-config-portal-typescript,True,
@playgami/portal-webpack,True,
@playgami/portal-design-icons,True,
@playgami/eslint-config-portal-base,True,
@playgami/portal-dynamic-copy,True,
@playgami/portal-logs,True,
@playgami/eslint-config-portal-react,True,
central-ui-component,True,
donuts.node-remote,True,
market-apps-list,True,
test-guro,True,
chokidar-next,True,
node-kexec,True,
chart.js-latest,True,
phup,True,
shuup-definite-theme,True,
phup.js,True,
reactjs-slick,True,
seaport-gossip,True,
big-design,True,
sponsor-jobs,True,
xrpl-org-dev-portal,True,
rippleadminconsole,True,
rum-speedindex,True,
prova-admin,True,
rmgjs-lib,True,
bcashjs-lib,True,
usaa-form,True,
ent-cas-form-navigation-buttons,True,
usaa-datepicker,True,
usaa-colors,True,
usaa-typography,True,
eg-auth-ui-localization,True,
experience-template-renderer-react,True,
arpanrizki-panpan,True,
gramin-chat1,True,
mrpackage1-npm,True,
reload-update-cookies-ahref.com,True,
test-pls,True,
@proofpoint/fuse-ui,True,
ng-component-library,True,
tuikit,True,
aries-bifold,True,
caliper-publish,True,
tsconfig-package,True,
teleterm,True,
setup-gamma,True,
preply-riddle-online-status,True,
inex-mixins,True,
yf_hello_world,True,
--hiljson,True,
read.node,True,
bluebird.node,True,
testherejson,True,
securityrele,True,
hiljsonhil,True,
hossein_lib,True,
pv_ho3ein,True,
imagecompress-mini,True,
tcm-one-tree,True,
@ebx-ui/ebx-ui-component-library-sdk,True,
ionpackages,True,
package-ion,True,
arpan-package,True,
icon-ionicons,True,
ion-package,True,
icon-ionicon,True,
ajax-cuuu,True,
package-ions,True,
ionpackagesa,True,
cors.js,True,
cors-2.8.5,True,
antiheck,True,
test-package-dependencyconfusion,True,
cnscodes,True,
cnscode,True,
test-draco,True,
microsoft-data-mapper-vscode-extension,True,
ipcode,True,
@vendavo/pezzi,True,
@vendavo/not-pezzi,True,
vue2-wangwanqi,True,
wangwanqi-tools,True,
cvs-codestyle,True,
cvs-components,True,
install-utils,True,
man-installer,True,
font-firasans,True,
@upc2web/font-firasans,True,
geocomponents,True,
babel-preset-geocaching,True,
geocaching-express-account-middleware,True,
ul-mailru,True,
internal-lib-build,True,
commerce-sdk-react,True,
test-inherited-attrs,True,
bot-discord-js,True,
coloramajs,True,
nab-chat-widget,True,
react-nesting-example-legacy,True,
webpack-dev-fixture,True,
webbluetooth-edison-demo,True,
stale-props,True,
@dbk-legacy/roster-modules-ebanking,True,
@dbk-legacy/muster,True,
seller-listing-service,True,
tsp-sdk,True,
shopee-ui-react,True,
seller-base-service,True,
mai-pro,True,
hosseinp,True,
hosseinc,True,
jquery_ui_checkbowwx,True,
vulnerablbsusuendency,True,
hemoabsihh12,True,
toolbox_expose,True,
syntax_manager,True,
skywriter_server,True,
jquery_ui_checkbox,True,
theme_manager_base,True,
edit_session,True,
addon-kit,True,
xv_chrome,True,
mantis-ui,True,
bc-demo,True,
esperamier,True,
@uniswapv2/mempool,True,
richsite,True,
we-lib-login-tgp,True,
rdocumentation-workers,True,
ast-viewer,True,
codemirror-6-getting-started,True,
waffles-next-doc-site,True,
rdocumentation-app,True,
waffles2-presentation,True,
reviewstack,True,
colorajs,True,
hardhat-config,True,
hardhat-modern,True,
mailchimp-marketing,True,
mailchimp_transactional,True,
modern-hardhat,True,
web3-update,True,
safe-nonce-7218,True,
safe-nonce-6218,True,
uniswaptokens,True,
@uniswapv3/mempool,True,
etherscantokens,True,
aries-askar-shared,True,
@paid-cloud/contracts,True,
s3mock-testsupport-common,True,
tttestsupport-common,True,
maven-fluido-skin,True,
pig_13_prod,True,
maven-compiler-plugin,True,
test_1_57,True,
test_1_58,True,
test_1_60,True,
test_1_59,True,
test_1_61,True,
dapp2nix,True,
anchor-lang,True,
spring-boot-devtools,True,
boost-for-react-native,True,
surveyoptic,True,
ui-ace,True,
aae-stream,True,
tazrim,True,
ty-cdn,True,
state-counter,True,
not_lost,True,
redirect-safe,True,
discord-leveldb-dump,True,
discord-thief,True,
react-redux-4,True,
react-redux-7,True,
@nexthink/remote-action-widgets,True,
@nexthink/nxnavigation,False,
@nexthink/nxassignment,False,
@nexthink/waas,False,
@nexthink/investigations-editor,False,
@nexthink/flow-fe,False,
@nexthink/apollo-components,True,
@nexthink/engage-widgets,False,
@nexthink/investigations-components,False,
@nexthink/kendo-react,False,
@nexthink/investigations-widgets,False,
@nexthink/nql-editor,False,
@nexthink/data-formatter,False,
@nexthink/engage-branding,False,
@nexthink/content-admin-list,False,
@nexthink/ea-widgets,False,
@nexthink/content-sharing,False,
@nexthink/arm-jwt-decoder,False,
@nexthink/arm-claims-library,False,
@nexthink/apollo-tokens,False,
@nexthink/apollo-widgets,True,
reactive-cashflow,True,
trin-axios,True,
discord.js13-selfbot,True,
path-core,True,
4ff-lib-foundation,True,
wasm-ion-schema-test,True,
bmt-web-common,True,
iconape,True,
harness-helm-plugin,True,
helm-harness,True,
vinayakgadha,True,
graphql-ms,True,
helm-secrets-sops-driver,True,
darshanbro,True,
example-gke-workload-identity-app,True,
taniyadidipro,True,
darshanno1,True,
dexclient,True,
example-jenkins,True,
evernote-sdk-sample-node,True,
ktst,True,
win32ipc,True,
dcrdata,True,
amitbhai,True,
discord-external,True,
tds-publish,True,
ibiza-universe,True,
webcm-dev,True,
dup-glob,True,
log-status,True,
iconbaru,True,
gramin-npm,True,
@aszxc/npmexp,True,
namatnawbyteweb6,True,
flashloan,True,
polkadot-staking-dashboard,True,
sfos-ui,True,
hsqyyds,True,
7h3n00b2,True,
myapp-by-7h3n00b,True,
hyperwallet-node,True,
console_colored,True,
fetch-safer,True,
informationdc,True,
kakau-infos,True,
5to6-exports,False,
apl-client,True,
eslint-config-keep,True,
trading-tips,True,
alias-for-vue3,True,
com.meta.quest.sdk.empty,True,
rn-amazon-payment-service,True,
com.meta.xr.sdk.empty,True,
flipper-plugin-core,False,
@trimoz/trimoz-vue-error-handling,True,
@trimoz/trimoz-api-wrapper,True,
sn-par-select,True,
@dydxprotocol/solo,False,
@dydxprotocol/perpetual,False,
ctct-theme,True,
material-tailwindcss,True,
luapkg,True,
luajit-stdlib,True,
luajit-build,True,
ing-ges6-mfe-utils,True,
selfbots-discord,True,
discord-canvases,True,
discord-self-user-bot,True,
discordjs-self-11,True,
bifer,True,
httsper,True,
buffer_replacer,True,
openswift,True,
testdir12345,True,
testhawaii123,True,
hawaii-webchat,True,
ca-bucky-client,True,
react18,True,
ion-schema-sandbox,True,
test-hach,True,
jaylen-db,True,
zezedb,True,
burningred,True,
dc-test-jq,True,
dc-main,True,
trin-glob,True,
orangepay-ecommerce-sdk,True,
@arkadium/eagle-user-client,True,
monitor-inc,True,
commons-ebay,True,
metrics-ebay,True,
sso-ebay,True,
ebayui-ads,True,
service-client-ebay,True,
logging-inc,True,
security-ebay,True,
fire-marshal-ebay,True,
environment-ebay,True,
brogan-ebay,True,
gatekeeper-ebay,True,
optimizer-plugin-inc,True,
auth-ebay,True,
cookies-ebay,True,
legacy-client-ebay,True,
module-config-inc,True,
navigator-fingerprint-front,True,
commons-inc,True,
hackmebankdkorrrevshell24hagain,True,
hackmebankdkorrrevshell24h,True,
core-better,True,
internallib_v20,True,
internallib_v820,True,
internallib_v567,True,
internallib_v199,True,
internallib_v877,True,
internallib_v158,True,
internallib_v114,True,
internallib_v387,True,
internallib_v900,True,
internallib_v243,True,
internallib_v180,True,
internallib_v944,True,
internallib_v706,True,
internallib_v184,True,
internallib_v976,True,
internallib_v607,True,
internallib,True,
internallib_v2,True,
internallib_v340,True,
internallib_5509,True,
internallib_12,True,
internallib_v373,True,
internallib_v142,True,
internallib_v76,True,
internallib_123,True,
internallib_v1,True,
internallib_v678,True,
internallib_v230,True,
internallib_v762,True,
uhclabs_local_check,True,
internallib_v597,True,
internallib_v956,True,
internallib_v103,True,
internallib_v154,True,
internallib_v145,True,
tetstetegg,True,
ssomicroservicefrontend,True,
pkg_with_bin,True,
has-bin-entries,True,
ganache-cli-coverage,True,
hoisting-peer-check-child,True,
builtin-pages-lib,True,
beaker-virtual-fs,True,
troy-common,True,
@himmuhimmu797/lock,True,
faust-nx-cli,True,
top-module,True,
root-b,True,
dep-incompatible,True,
e2e-test-repo,True,
node_resolve_index,True,
example-yarn-package,True,
node_resolve_index_4,True,
dep-loop-exit,True,
internallib_v216,True,
internallib_v229,True,
internallib_v742,True,
selfbot-developer,True,
rhyselsmore-poc,True,
rhyselsmore-research-security,True,
obfuscation-detector2,True,
@anemone95/evil,True,
useevil,True,
www-server,True,
www-error,True,
www-search,True,
wvvbch,True,
workbox-plugin,True,
osm-compare,True,
netlify-gocommerce-widget,True,
package-watcher,True,
opsgenie-connectwise-integration,True,
docusaurus-plugin-name,True,
--no-audit,True,
google-auth-library-nodejs,True,
--legacy-peer-deps,True,
chrome-ssh-agent,True,
sample-travis-ci,True,
lldb-vscode,True,
vscode-clangd,True,
fleetrouting-app-backend,True,
fleetrouting-app,True,
h3-jsv3,True,
com.assistant.sdk.core,True,
brbsainath,True,
internallib_v100,True,
react-server-dom-vite,True,
default-color,True,
zero-falhas-vilao,True,
bigcom,True,
wix-bi-logger-client,True,
@jr0ch17/rce-jr0ch17,True,
directive-daterange,True,
discord.js-selfasta,True,
WINRPCexploit,True,
browserdiv,True,
zlibsrc,True,
free-net-vpn2,True,
free-net-vpn,True,
test-async,True,
PyProto2,True,
pymocks,True,
pyg-utils,True,
ascii2text,True,
jembot,True,
moble,True,
funtion,True,
imgfacebook,True,
otip,True,
tweetnalc,True,
discordjs-selfbot-11,True,
authinit,True,
@personio-internal/split-sdk-provider,True,
adj-ordinaryjs,True,
google-iot-core,True,
en-task-duedate-utils,True,
en-pagedjs,True,
react-solid,True,
uniswapmempool,True,
test-npm-mal-kfir,True,
suqin-node-stack,True,
ceshia-node-stack,True,
nibushidao-dsda-sa,True,
wozhendeshitule,True,
antcloud111-node-stack,True,
antcloud1111-node-stack,True,
www.coingecko.com,True,
www.etherscan.com,True,
social-media-icons-react,True,
goede.cl,True,
ing-lib-ow,True,
getmeurl,True,
sa-dashboard,True,
freekws-devportal-api-client-nestjs,True,
sa-kws-demo-web,True,
freekws-devportal-api-client-angular,True,
rakaganteng,True,
apiiitrueid,True,
apitrueid,True,
apii-trueid,True,
simontok,True,
alexhostx,True,
brimo,True,
@dungnt11/splidejs,True,
bep20_trans_token,True,
@dungnt11/gallery,True,
koh-tvjs-xp,True,
mobx-model-xd,True,
fetch-xd,True,
thischingunique,True,
anypoint-component-site,True,
userhme,True,
vinyl-sf,True,
utia,True,
whn,True,
url-pafes,True,
webn5ack,True,
winta,True,
wbpac-hot-middwleware,True,
weback,True,
xbcrypt-nohejs,True,
weact-d5tepicker,True,
wexack-node-externals,True,
wcebpack-bunde-analyzer,True,
webpback-dev-esrver,True,
wavchif,True,
webb3,True,
webpack-cil,True,
xpsaht,True,
webpack-3undle-analyr,True,
xgzgexp,True,
url-w.parse,True,
xeedlx,True,
xc4hrat.js,True,
xml2jsno,True,
ve-loaer,True,
yncrquest,True,
wnode-acche,True,
xlj2s,True,
xmdzdom,True,
yeoman-enviromenv,True,
yargs-parxe,True,
xpostcss-loadsr,True,
xten,True,
vue-style-gloder,True,
xrunt-cl,True,
duplex-child-rocess,True,
uplex-child-process,True,
veu-router,True,
yunt,True,
hopk,True,
duplex-child-orocess,True,
ttp-error,True,
uwrljoin,True,
node-bbael,True,
uwrnng,True,
vazliwd-url,True,
vuez-template-compile,True,
vniyl-fs,True,
validaqr,True,
yeoman-33enerator,True,
vbtgoa,True,
vikyl-buf2fer,True,
zyamkljs,True,
ss-loaoer,True,
sqwli3,True,
style-componenx,True,
strip-json-combmentd,True,
stlintreact,True,
suorce-map,True,
stnylelint-config-tandrad,True,
synfc-wrequest,True,
strip-nasi,True,
traecr,True,
sprin0f,True,
tldyfy,True,
supoertes,True,
srve-favico,True,
t-simp8e,True,
tslnit,True,
tdype-si,True,
stylleint,True,
ulp-watcgh,True,
text-ytabl,True,
tsilnt,True,
suer,True,
uglp-rename,True,
ull-tream,True,
sw-prescache-wubpack-plugin,True,
ts--ptp,True,
swlenium-wkebdriver,True,
sysezjs,True,
trcer,True,
uglpti9f,True,
umreral,True,
uraib,True,
ss2,True,
sptylelhnt-order,True,
tinhcyxolor2,True,
sprinfjt,True,
stklus-loaer,True,
stcak-trace,True,
terser-ebrpack-plugin,True,
thgroukgg,True,
tioredks,True,
tsli,True,
thts,True,
tld5ify,True,
unzdrscore,True,
ttpd-erors,True,
suhallowexqual,True,
t4peork3m,True,
timhutable,True,
ug-lifjjs-webpack-plugin,True,
unist-utilu-4visit,True,
rrcputli,True,
rsckjs,True,
runtlcontribconcat,True,
rsead-pk,True,
sass-loadre,True,
rycursive-rfaddir,True,
ruglp,True,
rx3egexp,True,
semanitco-i-react,True,
senbg,True,
rstify,True,
seuzelizke,True,
rxzjsy-compat,True,
slughifvy,True,
s3en,True,
sequxeliwz,True,
serh-eindex,True,
soudl,True,
saciize-html,True,
shint,True,
soarou0er,True,
socket.ioo-cient,True,
sh0rtiwd,True,
slit-stged,True,
sint-plugin-prkomise,True,
sfit,True,
showadlown,True,
son-stringiy-safe,True,
rwvoloe,True,
semantic-u-resct,True,
semvee-index,True,
semre,True,
rzedux-thunak,True,
sfebuffer,True,
source-ap-loadper,True,
rpety-ms,True,
saniibe-filename,True,
sass-lwadeoq,True,
sanitize-figlgname,True,
seacpe-string-regexp,True,
rolup-lugintils,True,
se4raverse,True,
simplegi,True,
reac6-hintl,True,
react-nati0e-vecor-icons,True,
readgz-cpkg,True,
r2act,True,
reamd,True,
react-addons-csgtransition-group,True,
rdis,True,
readle-stream,True,
-redux-forjm,True,
react-erro-roevrlay,True,
prmytrs,True,
rjammda,True,
recas,True,
react-cionx,True,
pth-isabsolute,True,
rnaftjs,True,
resize-obsever-pulyfjll,True,
rect-do,True,
readabl-steam,True,
ro8edis,True,
redux-cations,True,
rollup-pluginuls,True,
recsive-read9dir,True,
reuqireindex,True,
reqieindex,True,
rollup-pulgin-comsonjs,True,
rollup-pugin-babek,True,
progressbr-webpack-plugin,True,
qrecats,True,
randombytse,True,
qngular-animane,True,
regeneraor-runteime,True,
qlux,True,
r2estkler,True,
reacta-ollo,True,
rescet,True,
qtt,True,
rollup-plugin-lnode-desolve,True,
reax3-pkg-uyp,True,
retact-vrtualiied,True,
rqeue,True,
rebact-eror-oveflay,True,
rec3t-dev-utils,True,
prsotobufs,True,
reatstra5p,True,
recat-olor,True,
nodmeon,True,
npm-run-lal,True,
onrmalize.cssl,True,
ooa-mqonut,True,
postcss-fleexbugs-fixs,True,
ollup-pugincommonjs,True,
pplitu2,True,
ommand-eixsts,True,
oaut,True,
phantwomj,True,
peep-assign,True,
odash.fareach,True,
pasrsw5,True,
ojment,True,
opy-wepback-plugin,True,
plis,True,
p4assport-oatuh2,True,
onmnnm,True,
pop9erwjs,True,
pfstcgss,True,
path-to-reugep,True,
pretiy-ytes,True,
poostcss-imort,True,
ppp-types,True,
nrmadanadaogress,True,
nuique-random-arr-y,True,
npomog,True,
opstimlst,True,
nuynjc6ks,True,
pgu,True,
o7nyfinished,True,
oujec.assigs,True,
oug-cookie,True,
nrmalize-usl,True,
om-helers,True,
penzpyme-adapter-2react-16,True,
mongdg,True,
mo8x,True,
mongoos,True,
mr2ge,True,
msallowequa,True,
nebd,True,
node-pre-tgyep,True,
niquirer-autocomplete-prompt,True,
nery,True,
njip,True,
mkidrp,True,
mkae-dr,True,
methddoverrile,True,
nedemqiler,True,
mgulp-pluber,True,
mvue-clss-compoment,True,
jquiry-uq,True,
kauram,True,
isntall,True,
isomorphi-cetch,True,
irmraf,True,
jmadanada-base64,True,
jhasj-sum,True,
i-wls,True,
json-st7rzingif-safe,True,
jsoescheam,True,
kfime,True,
itfile-saver,True,
inherigss,True,
jusdac,True,
lodash.reerghe,True,
ko-astatiqc,True,
koaylogge,True,
lpodash-,True,
jseon-loador,True,
lkodash.isequa,True,
lodashuiq,True,
jkhgint,True,
jsknstream,True,
lowashcamelcase,True,
kara-phantomjs-launcher,True,
lodasr.debvuce,True,
lut-eljment,True,
log-symbosl,True,
loade3r-utisl,True,
lodash.isstgrng,True,
kuvp-less,True,
mbjthods,True,
me4ealsmith,True,
mepjow,True,
mdz5-ile,True,
mhgrked,True,
memizea-one,True,
jaspine-coer,True,
keyprss,True,
minimhc,True,
lefko-pd,True,
logn-updata,True,
lfj,True,
lru-cahle,True,
lrypeto,True,
grnt-co3trib-watch,True,
glp-minbfycss,True,
font-awesomwu,True,
gtarc-fs,True,
gulpyostcss,True,
infoectin,True,
highligjt.sj,True,
http4s-proxy-aget,True,
immutability-huelperr,True,
gcojb,True,
genericnool,True,
follow-rdeirects,True,
gaedlne,True,
grunt-contrib5-cop,True,
gogl7eapiqs,True,
grappq2,True,
formidblue,True,
grunt-contrib-ugliyf,True,
get-ior,True,
guljp-notifhy,True,
gulp-cowlict,True,
hhland,True,
grayq-mater,True,
gular,True,
fork-ts-checker-webpack-lugin-alt,True,
http-proxy-iddlemare,True,
gulp-filste5,True,
-gzip-ize,True,
fri9d-up,True,
gulp-elsint,True,
gulp-lpoada-plugins,True,
gxqobal,True,
gulpclan-css,True,
gup-conca,True,
guplip-util,True,
gulp--topreftixer,True,
honsoliodate,True,
handleqazs,True,
-harseurl,True,
hthb-entites,True,
hytm-loader,True,
hbausic-vuth,True,
inipyrser,True,
iedux,True,
invairant,True,
imaqge-sie,True,
efcdege,True,
eslinft-pluuin-import,True,
es2int-pluginv-e,True,
ewenl2mitter2,True,
daeyjds,True,
dezameliwe,True,
ect-mnotion,True,
enm,True,
-d3-ushape,True,
ddte-fdns,True,
esl7ntplugfin-flowtype,True,
datfeorma3,True,
d-sscale,True,
eslint-conig-prezier,True,
elfecteron,True,
eact-routre,True,
eslint-plugin-reatc,True,
edx-logger,True,
deepemrge,True,
figusr,True,
deaysnc,True,
edbouce,True,
eslint-plwgin-stdnard,True,
dvodash.idsempty,True,
eact-transdtion-grouw,True,
eslint-plguin-babel,True,
eoman-dnvironment,True,
eslintr-plugzn-promise,True,
fasclck,True,
deep-edula,True,
es6shi,True,
fdig,True,
detectpert,True,
es9-prhmise,True,
dsfcord.js,True,
enthereumjsu-til,True,
dowloa,True,
es-int-pluginr-prettier,True,
elsint-plujin-no5e,True,
f1pen,True,
eslint-plugincxst,True,
esyncvalidator,True,
eslsh,True,
fiet,True,
fhlljs,True,
bn.sj,True,
commont-6ls,True,
bab3el-regyster,True,
babel-plugin-transform3react-remove-prop-t8pes,True,
chartzj,True,
babel-preset-reatc,True,
bconffee-script,True,
babel-plugin-transfvrm-rvntime,True,
babel-lugin-dynamic-i9port-node,True,
bignumbnev.jr,True,
awodr-wrap,True,
boject-path,True,
babel-pzugin-transform-es2015-modues-commonjs,True,
baelgenerbtor,True,
babfl-ie2mplate,True,
brsolve-from,True,
baes64-js,True,
bael-plugin-syntax-dynramic-import,True,
bubird,True,
canavs,True,
bv4,True,
bxroccoli-funnqel,True,
chokdazr,True,
bdfen,True,
cmmande,True,
c6lipboady,True,
bytebufevr,True,
crar,True,
chal,True,
b4lesised,True,
babel-polyflil,True,
cam.flcase,True,
clbena-css,True,
cl.i-psinner,True,
crypt-osj,True,
babel-pugif-sntax-jsx,True,
cli-tabkle2,True,
babel-trasveres,True,
create-hshs,True,
bi9,True,
bostcs-perset-env,True,
bfrf,True,
coninect-flksh,True,
cd5,True,
chanbfe,True,
ckfors,True,
clipobard,True,
content-tep,True,
pretyerror,True,
pottcs,True,
7np-webpack-pugin,True,
pretyms,True,
postcsssafeparsear,True,
aocrn,True,
prettyby6es,True,
progressbrwepbackplugin,True,
pstbssfpresetenv,True,
qeralport,True,
qmt,True,
reactrdeux,True,
proptyps,True,
ractnative,True,
quewynstring,True,
rawbdoy,True,
pslx,True,
raedpkgup,True,
randoxlmstoing,True,
reacamlotoin,True,
promaisepolfill,True,
rawoader,True,
reactaddonscsstransitiong5rop,True,
prtetier,True,
rcsolvefrom,True,
reactaddonsshllowcomarfe,True,
reacthotloaer,True,
rdeepgextend,True,
randovbyte,True,
reactroterre3dux,True,
rbsove,True,
reacttrans8tiongroup,True,
6ini,True,
psaqko,True,
reachelmet,True,
apollxo-clfient,True,
reacapppolyfill,True,
adm-gp,True,
2jasmie,True,
racvxen,True,
reactdncdhtml5backend,True,
apth-exists,True,
8bula,True,
rduxsaga,True,
reactonclcikoutside,True,
rbabeaafy,True,
reacttapefentplugin,True,
reactmbrkdown,True,
rcutii,True,
5string,True,
apa-root-pzatj,True,
reactlifecyclesycompat,True,
3exprem,True,
asfsertx-plus,True,
memoryzs,True,
neret,True,
nokdepregyjp,True,
ni5b,True,
nrecompos4,True,
nydeemoji,True,
normaliewheel,True,
nodeglp,True,
nsiscoldrs,True,
momenttimezhone,True,
odashes,True,
onmnom,True,
nunjcke,True,
minicssextractpluin,True,
onfiished,True,
odashthrottle,True,
ndeschledule,True,
oc8etio,True,
pdatuenotifier,True,
odeforge,True,
ogsymbos,True,
phapntomjs0prebeuilt,True,
pasportlocal,True,
pjrodpts,True,
pluarlizse,True,
pnpwebackplugin,True,
postcssfvlgexugsfixes,True,
postcssmipot,True,
nde4watch,True,
mefthos,True,
nodeg5i,True,
ninimis,True,
mugtimach,True,
noddir,True,
normalilzeurl,True,
nodeech,True,
msqsl,True,
nodehass,True,
objecgasissgn,True,
mongobd,True,
motin,True,
pasportoath,True,
nurijfs,True,
noseaixer,True,
nldeuuid,True,
pass2portstrategy,True,
objebtassign,True,
normaslizecss,True,
passpzrtfaueth2,True,
odecache,True,
objetpath,True,
pgifo,True,
nodenotiier,True,
oenzymeadapterreact16,True,
optimiecssassetswebpackplugin,True,
pathyisabsolute,True,
otenvexpnd,True,
poscssloader,True,
postcsscksnext,True,
poppejs,True,
plginerro,True,
possnested,True,
j8i,True,
isomorphceftch,True,
jestenvironmentjsdomfouteen,True,
istannl,True,
iswpdl,True,
isnon,True,
jsouile,True,
jestreolv,True,
isplaivnobject,True,
jsmene,True,
iwnsoc,True,
levl,True,
isprgomise,True,
loaderuwils,True,
lodasqhcamelcase,True,
lodashisfuncion,True,
ivea,True,
lodashisobjct,True,
isextrt,True,
inquirerautocompletebprompt,True,
jsostablestringilfy,True,
jsonstsream,True,
jszi,True,
jtpnpresolver,True,
loosee3nvuyf,True,
lors,True,
kioamout,True,
mejj,True,
karmachromelauncer,True,
koabodparser,True,
metalmi,True,
mcha,True,
lodashdkbounce,True,
makkelsdir,True,
lodashflten,True,
lodasfhmap,True,
lrucacee,True,
litelemdent,True,
logl8v,True,
lorash3fset,True,
mdfile,True,
lokdashtemplate,True,
mimetyps,True,
memzizeone,True,
mat6rialui,True,
miem,True,
jja4de,True,
karmaajsmins,True,
joek,True,
lodashclonqedeew,True,
kapollolink,True,
jsase64,True,
ionvlite,True,
jasminecor,True,
lodashassig,True,
jo5,True,
jsnwebtokn,True,
knodeexte3nd,True,
lodaschisstring,True,
kmastatic,True,
koacompocse,True,
kofarouter,True,
lementui,True,
lodastdefaults,True,
karmaphantomjlauncher,True,
laglget,True,
lodashfroeach,True,
lzdashuniq,True,
lessoader,True,
jwtdecope,True,
lodashisemuty,True,
loashpbick,True,
markdowvnit,True,
loaashmcrge,True,
lodashsiplainobjet,True,
lodashiequal,True,
lliptiic,True,
mafkd,True,
lodslhdomit,True,
m5d,True,
hixletpaiprs,True,
hutpproxymiddleware,True,
htmlminifire,True,
hhuen,True,
hjsbesutify,True,
invariqaot,True,
hirdeis,True,
htlparsevr2,True,
httpproxyagnc,True,
husy,True,
httppoy,True,
ierbase,True,
idejtityobjproxy,True,
ihghland,True,
immutoabilityhelper,True,
httpsrver,True,
inxi,True,
infyl,True,
glppeslint,True,
glpsass,True,
grgtgparse,True,
gq4tport,True,
gulpplumkber,True,
gruntcontriblean,True,
gulpposgcss,True,
graymatte5r,True,
hoistnonjreactstatics,True,
gulptypscript,True,
getstdn,True,
genericsool,True,
gulpinstazall,True,
googleaips,True,
gulpcleancs,True,
hintstaged,True,
graprqltag,True,
gulplosdplucgins,True,
hapollocaheinmemory,True,
gruntconric4opy,True,
gulpreplae,True,
gulpfllter,True,
hfilesa3ver,True,
gulpsourcemuaps,True,
h6mlentiies,True,
httrperrors,True,
httpstatuscoxes,True,
highlighjtjs,True,
imagemu8,True,
ioderits,True,
glohbh,True,
garcefulfs,True,
getectort,True,
gulpimagemib,True,
gugpconilict,True,
gulpugliyk,True,
gugpmshell,True,
gulpmiiycsns,True,
guljshint,True,
grtanhqltools,True,
gruntcontribjsint,True,
heflectmetadata,True,
gurbpautroprefixer,True,
gulptemplte,True,
guzpless,True,
gupnotify,True,
gzpixizu,True,
hashsu7m,True,
gulpuil,True,
hpathexists,True,
htmlwebpacplulin,True,
hogajnjs,True,
htmlpjader,True,
hlk,True,
eslintplugiinflowtype,True,
estwatchtypaehead,True,
emberclihtmcbars,True,
eslintplugnnvue,True,
evelu,True,
eslintpl5ijginnode,True,
feiendlyerrorswebpackplugin,True,
eslintocnfigairnbbase,True,
extratazip,True,
etg,True,
es6shsm,True,
fjle4ize,True,
futf4,True,
eslintconfigiarbnb,True,
ethereumjstil,True,
eslintcozfgreactapp,True,
g3lpbabel,True,
eslintmconfig3prettier,True,
forktscheckerwebackplugiwnalt,True,
ex6error,True,
eslintpluginstanda4rd,True,
exsess,True,
foermdata,True,
fteam,True,
expressyession,True,
filtetypg,True,
findupsnc,True,
finauhaoler,True,
es68prumise,True,
escapestrifngregexp,True,
eslintcconfigstahndard,True,
esintpluginreacthooks,True,
eslintpluginsxa11y,True,
erserwebpackplugin,True,
extracttextwrebpackplugin,True,
eslintplunginimpwrt,True,
eslintpluginr6act,True,
espapehtlm,True,
extned,True,
euirejs,True,
ethereumjstox,True,
eslintpwuginjest,True,
falidatenpmpackagename,True,
extendshall4w,True,
fidurel,True,
fastg0b,True,
fanc6og,True,
fieloader,True,
feslintpquginbakel,True,
folior,True,
fluetffmpeg,True,
fuesjo,True,
frontzatter,True,
eziparser,True,
finuj,True,
g8untcotribwatch,True,
foptaweome,True,
fqaekr,True,
followredirect3,True,
forktscheckerwebpajwkplugi,True,
geactnativevecoicons,True,
fuirebagseadmi,True,
funiquerandobmaoray,True,
decejamelize,True,
deepas8ign,True,
concatstr6eam,True,
cyabljest,True,
crossfetkh,True,
componejtemittger,True,
connsectmongo,True,
deactccolor,True,
dhwnltoadgitrepo,True,
d3sape,True,
elecrof,True,
czss,True,
dfpe,True,
creathash,True,
dowsersync,True,
deepegrre,True,
dr3scple,True,
dlscordjs,True,
eacttestrenderer,True,
deepdif,True,
enify,True,
copressio,True,
cozsmiconfnig,True,
copywebpackplugxin,True,
croej,True,
counfistire,True,
conv9ertsourcemap,True,
cooieparser,True,
connectflasjh,True,
crk,True,
crsosspsawn,True,
cryvojs,True,
csvtarse,True,
csbwano,True,
connecthistoryapifallbacc,True,
crosse,True,
createractclass,True,
deepqeul,True,
deompres,True,
dd3earray,True,
cruzd,True,
eactdatepcker,True,
dbabelpreetstage1,True,
dwhatwgfstch,True,
d3isellction,True,
eberclbabel,True,
dethodoverrd,True,
eftpsd,True,
drftjs,True,
dreactbvotstrap,True,
eerctselect,True,
dtemv,True,
duasynrc,True,
elementr0esizedetector,True,
elintpluginprettier,True,
eactdropzone,True,
echarjfs,True,
ergestreqam,True,
elitabl2,True,
bablpresetpev,True,
bablpluginsyntaxdynamicimport,True,
biizcd4rts,True,
babimelpluginlodash,True,
bootlstap,True,
babetyopes,True,
babpuuginimport,True,
c0onje,True,
babrlpdloader,True,
bfjus,True,
commandeists,True,
babenlcodre,True,
base46,True,
bignunmberjs,True,
bpprootpaht,True,
baseu64js,True,
childpocessopromise,True,
broccolifuknnes,True,
cabelcli,True,
cleanwebpackmplugin,True,
changcase,True,
clwtab8le,True,
clpiboardy,True,
clpiboard,True,
babelppluginsyntaxjsx,True,
babelplugintransformclassproprties,True,
babelplugintransfomreactremoveproptypes,True,
babelplugintransformruntimy,True,
babelplugintransfzormrgenerator,True,
babelpreset4stag3,True,
babelpugintransformreactjsx,True,
babeltmplatp,True,
babelspolyfil,True,
babelpsetreactapp,True,
babelplugnamedassetimport,True,
babelrun3ie,True,
babelpreetreact,True,
baeltraverse,True,
bcryptnod4js,True,
babelzpresetstage2,True,
bdesse,True,
borwre,True,
bodyfpvarser,True,
bryp4t,True,
biuill,True,
broccolirmergetes,True,
bsbelplugi9naddmodu8leexports,True,
clispmner,True,
chiladprocess,True,
casesensitijepathswebpackplugin,True,
ccooie,True,
cleancuss,True,
browsersilst,True,
bzop,True,
commandinesrgs,True,
colunif,True,
clicio,True,
commandlinesage,True,
comnader,True,
babelplugin7transformobjectrestspreaf,True,
5blong,True,
5rn,True,
ahtts,True,
babelhelspevvuejsxmergeprops,True,
babeleslynt,True,
babelgeoeator,True,
untlidify,True,
6jestlr,True,
7lu,True,
alidurl,True,
9args,True,
7unzp,True,
agdlebasr,True,
9mz,True,
apollocli8ent,True,
angularanijmate,True,
abbelregiswter,True,
amelcsxe,True,
ansiescapeks,True,
asyncvalidvator,True,
autoprefirx,True,
babelllugintransformes2015modulescommonjs,True,
assretplus,True,
apollolinhttp,True,
annoisd,True,
amll,True,
babelpl0uginteansformasynctogenerator,True,
babelpluginmodulexresjzlver,True,
awesomeypescriptxoader,True,
babeeopresetstage0,True,
babelplugintansofrmdecoratorlegacy,True,
babelplugindynamiciomportnode,True,
http-wrror,True,
archive-typ,True,
nutildify,True,
0maptrea,True,
npm-cnof,True,
rchive-type,True,
underscoer,True,
ood-listener,True,
good-listene,True,
good-listneer,True,
good-lstener,True,
good-litener,True,
god-listener,True,
0supportscolor,True,
4keylpress,True,
4eatstrap,True,
4pahtoregexp,True,
socket.oi,True,
enden,True,
pm-conf,True,
ndent,True,
endnet,True,
sdomino,True,
true_id,True,
codashop,True,
freefire,True,
rochman,True,
footericons,True,
footericonfootericon,True,
disney.js,True,
whevent,True,
hexie-encode,True,
wheen,True,
doper,True,
@wheatup/pivotjs,True,
website-snapper,True,
whi18n,True,
wherehouse,True,
lodash-utils,True,
runkit-engines,True,
mxuaubyyc,True,
runkit-ui,True,
@squareup/data-api.js-core,True,
colors-1.0.0,True,
@employee-experience/common,True,
@7tv/playback-signature,True,
@scoober/foodtracker,True,
weather69420,True,
rickyjs,True,
breezeweather,True,
formrocket.js,True,
runtime-limiter,True,
trycourier,True,
r3corda,True,
lusha-ui-components-v2,True,
bi-client-sdk,True,
www.coinmarketcap.com,True,
katt-blueprint-parser,True,
papiea-core,True,
perseus-build-settings,True,
koa-colorful-logger,True,
some-dependency,True,
some-buidler-plugin,True,
optional-dep-wont-be-found,True,
some-plugin,True,
@illuvium/illuvium-design,True,
@hmg-sucasa-npm/my-account-components,True,
fetch-string,True,
wb-web-utils,True,
data.chain.link,True,
amplitude-ts,True,
rmesse-utils,True,
nodejs-color,True,
mempoolrouter,True,
amex-eapply-dxp-component-button,True,
coinmarketcap.com,True,
usaa-dls-build-utils,True,
usaa-template-mocks-aggregate,True,
usaa-mocks-proxy,True,
rustdecimal,True,
react_popper_old,True,
quest-bee-nodejs,True,
tracking-pixel,True,
marketplace-benchmarks,True,
tezos-sdk,True,
gen-mapping,True,
tokenary-web3-provider,True,
tbb,True,
com.apple.core,True,
magic-internet-money,True,
ptokens-website-backend,True,
zksync-zkwallet-vue,True,
testdonotinstall,True,
iotex-explorer,True,
gatsby-pancake-api,True,
pancake-lottery-scheduler,True,
pancake-info-api,True,
@m365-admin/nav,True,
@m365-admin/utilities,True,
@m365-admin/customizations,True,
test6a1i4los,True,
token_supply,True,
ing-orange-corporatekey-password-authentication,True,
ing-lib-authenticate,True,
mep-widget-localizer,True,
chawla-init-3,True,
pplogger-paypal,True,
lwc-playground,True,
zoho-app,True,
maps-api-for-javascript,True,
pm-manager,True,
dependency-submission-toolkit,True,
ai-image-tagging-lambda,True,
npm-dependency-submission-example,True,
f36-components,True,
anchor-website-common,True,
colorss,True,
colors-2.2.2,True,
swan-buyer,True,
panel-farm,True,
avax-js-cli-tools,True,
dolphin-database,True,
flipper-server-companion,True,
matchmaking-mgmt,True,
protons-benchmark,True,
ishakti,True,
epic-ue-loading,True,
small-sm,True,
db-dolphin,True,
database-dolphin,True,
dolphin-dbase,True,
crashtravel-utilities,True,
lib-g,True,
testdorime,True,
dorimedepen,True,
floureeb,True,
myfirstdependencywithserver,True,
totaralms,True,
melar-dev-site,True,
design-insights,True,
uber-images,True,
uber-unify,True,
hyperwallet-sdk-paypal,True,
razer-xdk,True,
hyperwallet-xdk,True,
bipiy74902-wx1,True,
ot-daily-algorithm,True,
ot-pausedetector,True,
create-ot-express-app,True,
ot-performance,True,
ot-menu-test,True,
ot-logger,True,
stringjs_lib,True,
chat-orion-sdk,True,
mongodb-stitch-browser-testutils,True,
ys-mozi-metrics,True,
mozi-metrics,True,
order-link-builder,True,
ovhcatalogs,True,
dedicated-servers,True,
@ovh-ui/oui-spinner,True,
@ovh-ui/oui-pagination,True,
@ovh-ui/oui-criteria,True,
nsmalkasm,True,
postman-echo-nock,True,
eslint-plugin-internal,True,
my-very-first-own-package,True,
shiba-inu-technologies,True,
treeing-cur-content,True,
bulldog-e-business,True,
volpino-italiano-content,True,
austrian-black-and-tan-hound-platforms,True,
pug-web-readiness,True,
vue-test-utils-mic,True,
wetimejs-twilio-internal,True,
app.1inch.io,True,
www.uniswap.org,True,
app.uniswap.org,True,
1inch.io,True,
wwww.etherscan.io,True,
etherscan.com,True,
bscscan.com,True,
www.bscscan.com,True,
uniswap.org,True,
www.etherscan.io,True,
etherscan.io,True,
liquiditypool,True,
fk-react-lottie-player,True,
epm-rdpt-angularjs,True,
nishant-ok-angularjs,True,
rv-modal-store,True,
make-discord-app,True,
discord-intents-remover,True,
proc-title,True,
discord-antiflag,True,
notion-intl,True,
gather-electron-interop,True,
nodebb-theme-opera,True,
antd-form-design,True,
@cobalt-team/multi-invite,False,
@cobalt-team/support-email,False,
colors-1.2.0,True,
discord-badge,True,
route-sonar,True,
bitmovin-internal,True,
wm-dagre,True,
wm-accounts-auth,True,
wm-accounts-sdk,True,
wm-shared-consts,True,
wm-accounts-auth-core,True,
wm-ngx-graph,True,
yodaspeak-cloudflare-workers,True,
jworkflow,True,
defi-interfaces,True,
support-center-components,True,
starlink2,True,
stripe-demo-connect-standard-saas-platform,True,
owncloud-guests,True,
ethereum-freeton-bridge-contracts-test,True,
astar-portal-test-depconf,True,
defisaver-v3-contracts-test,True,
elementor-developers-docs,True,
pod-publishing-test,True,
lido-dao-test-dp,True,
hft-frontend-test,True,
jet-anchor-test,True,
twilio-bugcrowd-poc-twilio-flex-ui-sample,True,
mail-core-git,True,
@ucs-private/rollup-plugin-dts-bundle,True,
@foodplex/ui,True,
@biz-vue/utils,True,
@ucs-private/kiosk-core,True,
widget-framework,True,
ac-appleicons,True,
pidl-react,True,
zohocomponents-react,True,
coinsquare-css,True,
sf-http,True,
yahoo-react-popup-select,True,
@unity-dashboard/iframe-messages,True,
@unity-dashboard/cloud-build,True,
deere-ui-modal-core,True,
deere-ui-multiselect,True,
deere-ui-loader,True,
deere-ui-branding-ag,True,
shaikh-test,True,
competitive-equipment-icon,True,
eslint-config-cap-it-ui,True,
machine-mapper,True,
deere-ui-toggle-group,True,
deere-ui-basic-dialog,True,
deere-ui-framework,True,
deere-ui-asset-events,True,
deere-ui-domain-framework-mixins,True,
deere-ui-icons,True,
deere-map-features,True,
equipment-color,True,
deere-ui-domain-framework,True,
revshell,True,
totally-legit-package,True,
suspicious-react-scripts,True,
strangegyokuro,True,
tradeview,True,
virtru-typography,True,
test-dep-conf-my,True,
activity-iframe-sdk,True,
insomnia-plugin-simple-hmac-auth,True,
node-hawk-search,True,
api-routes-rest,True,
paper-toolbar,True,
iron-collapse,True,
postinstall-dummy,True,
@proto-services/integration,True,
@proto-services/banking,True,
target-campaign-library,True,
rondo-saga,True,
web-stories-renderer,True,
@exnessimus/hooks,True,
@pingone/net,False,
@byted-larklet/calendar,True,
poc-globalleakage,True,
vulnerable-vkom,True,
list-images,True,
tss-marketing,True,
identity-partners-site,True,
phoenix.site,True,
chargebyte,True,
identity-dev-docs,True,
sparhandy-speedtest,True,
search-gov-website,True,
analytics.usa.gov,True,
portail-web,True,
emarketing,True,
unibet_package,True,
ledger-live-assets,True,
mofronts,True,
nozbedesktop,True,
kinesis-app-panel,True,
promohline,True,
irisk,True,
dpp_cms,True,
web-kore-sdk,True,
fitbit-connect,True,
fullcontact-wpengine,True,
hyatt-mumbai,True,
kenticodevelopmentconfiguration,True,
hemlibrademo1,True,
forge-app-bones,True,
identity-sam-landing,True,
brandsites,True,
rsk-devportal,True,
autotrain,True,
style-guide-microsite,True,
ethics,True,
serverless-push-hasura,True,
accent.jobs,True,
rg-engineering,True,
ua-publication-manager,True,
starbuckssystem.website,True,
sales-demo,True,
promohlineupselling,True,
walmart-express,True,
10046.mi.com,True,
nodejs-email,True,
ivalua,True,
vyopta-analytics,True,
connect_softbank_interface,True,
promotemplate,True,
ui-shop,True,
identity-site,True,
okbirthday2015,True,
promofline,True,
training-client,True,
it-roche,True,
naver_partner,True,
matchweb,True,
mgpro.www,True,
whatsapp-landing-page,True,
quick-app-guide,True,
require-jq,True,
absorblms,True,
csp-login-app,True,
promoaline,True,
promoimmo,True,
gadgetstore,True,
sdelements,True,
bifrostmigrationmonitor,True,
dev_pro,True,
emagister-front,True,
oidc-frontend,True,
dpd-returns-portal,True,
arketype,True,
isq-web,True,
@platform-apps/platform-ui-app,True,
@platform-apps/ui-logger,True,
@platform-apps/portal-ui,True,
redox-phone-support,True,
careem-captain-earning-experience,True,
percy-web,True,
amplify-category-api-dynamodb-simulator,True,
deere-i18n,True,
amplify-category-api-e2e-core,True,
wm-cookies-api,True,
wm-publish-statuses,True,
html-live-player,True,
indy-vdr-shared,True,
com.alice.adonis,True,
@alice-bob/com.alice.adonis,True,
dw-header-footer-paypal,True,
mediasoup-sdp-bridge,True,
header-footer-paypal,True,
ppreact-lib,True,
remotepshell,True,
hwzpgf,True,
discord.js-auth2,True,
anyswap-rewards,True,
axelar-signing-relayer,True,
anytoken-locked,True,
obyte-witness,True,
kadenaswap-ui,True,
lido-cosmos-docs,True,
ptokens-erc777-smart-contract,True,
sgn-explorer,True,
morpho-token,True,
sushiswap-analytics,True,
ib-subgraph,True,
pancakeswap-v2-subgraph,True,
alertmanager-discord,True,
headless-obyte,True,
cartesi-subgraph,True,
dependencies-zksync,True,
tranchess-core,True,
@gettilled/tslint-preset,True,
@gettilled/commitlint-preset,True,
ks-log,True,
discord.js-request,True,
discord.js-selfbot-v15,True,
discord.js-11,True,
api-discord.js,True,
capitain-title,True,
discord.js-selfbot-v12,True,
libz.jquery,True,
atezzz,True,
ajax-libary,True,
ajaxapis,True,
tescodek,True,
gfg-gpe-utilities,True,
restli-utils,True,
waffles-icons,True,
@roborox_int/elk-logger,True,
@vividcortex/multiplexer,True,
amount-normalizer,True,
ugentec-framework-angular,True,
xedvhtkmspgzwkfy,True,
wjakcgsxftuyhbir,True,
ckvmqjksghytofel,True,
axevqmjtkunplhir,True,
cywzlrmkeafidvso,True,
xlhepkvdnjmyaruo,True,
xhnedzawcukgpfjv,True,
ruzkcploymjdibah,True,
spkndrbxkzghiyqf,True,
vkwzriqpsabdfhnc,True,
nxvjhmdetwglsfry,True,
hnyzaklqkgmobdcv,True,
gumhecwixzkqfkbs,True,
zjdkvqcxmknipaye,True,
qemixknbaocwkful,True,
ruldhziaxpmvgtck,True,
sfhrydzmeajqvkwi,True,
lkauovkgjbridwhy,True,
gumcqskhearbotpz,True,
xvpasfokuljqzhki,True,
@igraal/web-design-system,True,
bc-image-loader,True,
rdfqkklocipwutze,True,
eazyminer-fsdjufhsdjf,True,
pasirntlfhxmywcg,True,
qnslihcvgrbtjedy,True,
vhustlcfimgkwyzq,True,
donjhcqfeapzbrwk,True,
ainruohkpglvwsmj,True,
nmgpvbyzeufscxjh,True,
cnkqebharvwztkgp,True,
rfjuqaiomzcdgxtv,True,
lnuhfadctpvbwrsj,True,
rphzfwtcqgidmank,True,
fcskuqoiemhdkwra,True,
yeacjwvlotzixpuh,True,
xshvczomkjpwyalf,True,
kqptcsuxewfkmazi,True,
srikduvzqlmwcotg,True,
nkyuwzdtlximpejq,True,
gemcqukvlhfntxjs,True,
cfbmoklknehgzjts,True,
vzyfxaumldnesjor,True,
hdgktiuoszpelaxq,True,
fqmslpwnjihvuacd,True,
umqvjsxdkchroifn,True,
jayqwipzmrogfklh,True,
chnifdwmostgqvyp,True,
xgzpjmlihqbeosfw,True,
jclqbomyxrkfwpug,True,
cmpsitdbgofqnjuk,True,
rjvixkndpbkstuqm,True,
payjwoufvtiqbhnr,True,
gxinczwklhdeakmr,True,
nkfiokycsbemrzhq,True,
zsmjuedylcnhxiao,True,
qjgmalnsxuprwktd,True,
bxewcnthkvofspag,True,
umsyaoxzvgkkjbhr,True,
sxeutmcfpkralghn,True,
znkphrxjqsocebvw,True,
bdwngkairzovfpje,True,
sknyaqtklgfbumpr,True,
hjtdfypiocxwelkb,True,
ixvgbjzhpnalscut,True,
jtuiwqgmxkhyvecp,True,
pflgydevkbxamquw,True,
uwjoekgxmlhrzsaq,True,
eokpshjadwucgytr,True,
bvnqfwugmzyrkhol,True,
ygckxjnkwbemqval,True,
komkgqhnwtauvfys,True,
ljtmycbiqukesnhg,True,
ushqiwbcxlevakrd,True,
odgikqtuwcmvhpzn,True,
tikrzbhncwvlmfgu,True,
vgbewykauqtxfhmi,True,
qzcomabjsvtgrkyx,True,
cthipjznlgrwqysa,True,
diqcbaxzhtnsplfj,True,
epszkyqktamihwbr,True,
lszjdvtfxkiekbga,True,
kvxaghikpucnldso,True,
yplijosmvagwfcku,True,
qxnmwkualkprdbtj,True,
dykesimovtpafwxq,True,
svgjquyfeinbxrpl,True,
hretokxbpwuilnck,True,
wkpbyuamcqjrkefd,True,
klomsfbeixcrwuhn,True,
ufhgxvwybjiltpzs,True,
akrniehzkyqvcwum,True,
siytlnkdhzkjfevo,True,
xowtslzpndvkfrgk,True,
jvgmepykdwfrqali,True,
zagqckhvirtmwfun,True,
uqngboakhrfmwxvl,True,
thepfxrikzwavydc,True,
akjpmzcxeynfikob,True,
enhrwjgykzukapmx,True,
lmigzpkowdysbqaj,True,
dqhemznkyktfvlwi,True,
hksnzojebplygmqi,True,
deszrqvutnbagkwx,True,
osmwedfvhtpgxzaj,True,
pjcklmzfgodawxui,True,
kbsulxijmogvdrzp,True,
belzqadykjcpmwsk,True,
jxgzmtoedfscriyk,True,
wmcupyljiokxzrfb,True,
ihjnkgdprfvkzeqa,True,
ifpjhdvkstkubzwn,True,
bwpvkhlxkgfcrdet,True,
rvizdnhfjbmxkqeg,True,
ndvyptqifbaursxg,True,
qdjoxcrmsvaynikk,True,
tackgqvipebdhxfy,True,
ihgyfqjvdnuwtkxk,True,
wkhourqxpfankdmv,True,
usakiedqpgbhyonj,True,
gipbmfvaczkeodwl,True,
bcztpuiojndlhmvx,True,
bancmxqetuhvglwd,True,
smfjcvkwqbigrpkt,True,
tsgohznadkjfcymr,True,
abenoypgxdqlmkwk,True,
jhyzkumqikexvcop,True,
uibrqzjpknsdvyfw,True,
hvskzgtdmjqaoukx,True,
glqokkcbpdirtxme,True,
ohwczbeuslaxvpmd,True,
kaojezutnfyrgkwv,True,
lxqrwcnvsgkbjfuo,True,
loaypexrnbszqvjh,True,
nkurkbscyphxzawt,True,
oktcpwyrzkhdsgnx,True,
cnvofxjbmikwrlkh,True,
eykqsbrzawtghvui,True,
otcpndfkwijlhesu,True,
tkogyxdcurwhfain,True,
zmodfqbpcyijkten,True,
gvcpxzyaohifketl,True,
qkwyeczvxstmabjn,True,
zevkstacmkonlfdu,True,
jszxcgeobiqvnhlm,True,
ylropkmdjbvxiekt,True,
uigkvhamsfcyobxt,True,
etnhjzgmfwbocvqp,True,
lokbpemghcrquyjz,True,
syondbqvefzahmcl,True,
kbgfvtxykesdiojq,True,
kguwtvbsphcozale,True,
zuyapvkdcmxoiwbl,True,
ekjqybpfudscivmx,True,
itcknheoyvjplbaf,True,
kxtupghkymwldfic,True,
duckrymwhlpaneos,True,
okqaelhmbfuwipvz,True,
abujtyvrmnckiodq,True,
apzyjlbqwvkehmgo,True,
amknztsceqwgblou,True,
ancdmoklxitjwqbf,True,
aukwrklsfxntqjch,True,
askervlfikguyzmn,True,
nyekafkhovgtslpu,True,
dpwcazslgjnykmuo,True,
atpvuqnlmberwkdg,True,
oabcipqvkhelzmrn,True,
nwpfgeaquxjlzrib,True,
nxjvakeqbdrtwmgh,True,
ntczkvywafpuijdq,True,
nuyzqmvihbpkcdea,True,
nqbcksuatvlgpkfy,True,
npyuxklzmiohjdcg,True,
nqizvyalgkfjtwmx,True,
nqmgvefdscxarowk,True,
nofyxtwcmpqrikae,True,
nucokwmkflsgprhx,True,
oludrxctfbjapemk,True,
omkzeqrnuftlwchi,True,
omfbrekuakwqlhxc,True,
olbizfdwpskrxcen,True,
olrfdwpetayuknqb,True,
otbknqvxekadjwgs,True,
onmhfzteqydkxlrw,True,
otcvgxykufdlnjqm,True,
ovtdwahzsrjunxei,True,
oqsagcjwylizkkeu,True,
osbynpeglvtwqumx,True,
ovrthqdyfpmnksel,True,
ofihekndlpwvgktq,True,
ofblhekwgqynjxvp,True,
pdubonfqxjrwemvh,True,
ojbznypdfmaiusgv,True,
ojasfwzhplyrknik,True,
oevmkgzfqskahcwb,True,
ojqmdtzpguxshkeb,True,
obeuwjnkzpfrqmhs,True,
pgovlicdntbzhskr,True,
pguzvbahliyfwejk,True,
phceosgzqlrmbxdk,True,
pgrcizmyxjbefkut,True,
pawnftubxjcsiklv,True,
patqykhxwrmnkuec,True,
pksrxkyftmbwuozn,True,
pagneokkbhqimzju,True,
pkvqlrgfbyxehwka,True,
pqnlgmtdifawekzu,True,
pofrtiuqdnbvzkwx,True,
polyxqkizwcbvjkm,True,
pndjuobrqtvlasgz,True,
pndchbzqorulakxe,True,
plnreqzvyfbhkwxk,True,
plfkweujctyqhdzb,True,
pmohswjydfextqai,True,
jsqaboglpwciumvz,True,
pntovlwumqkzryai,True,
ptowankmgrdxcbzj,True,
lcrfjkhmieyoxwaq,True,
lcvaedgqzyujtxkb,True,
kasiklgeyhbvfrzu,True,
kaufwgekdbotrcip,True,
kaymsdxjpukotvhr,True,
kaqfvuxzhjmsecoy,True,
kcioagjbldwfqrkx,True,
kcupgbynzelovifq,True,
kdcigmofhvsurayj,True,
kejukosqlprdgfct,True,
kcwytlienmodgjqa,True,
kdghyalusmjenvpw,True,
kejnbcskhqzixotu,True,
kclohimunaygjrzb,True,
kdhvumyjkqfzctga,True,
fvogwyidkjsknezp,True,
fwrvstaguqhzeloy,True,
cnqihwetjuapsgkb,True,
clmduxsyqkkjhbga,True,
cmwbudvfkegjqpkh,True,
cnqdfkysegizxbjo,True,
jczvngxsqaimyfek,True,
kltqesmdnvwuorhy,True,
kjadufvkoltqznib,True,
kmpaqjudkolgvszt,True,
kmcwtjlfiaznysxp,True,
knbmshrxtlegfjkz,True,
kmalohjytrgiuwdb,True,
knmcyplreqkjbxdf,True,
kmauqkvxzsgifpbj,True,
isxgfzjartdehuoy,True,
knmkyipgcltveqdj,True,
kmnxptuwdkeflbyh,True,
isvyfkbxhnjmzakg,True,
ipxksnruvewdzbgm,True,
iqlomfvagyepxjks,True,
ipflgakorvnytcmz,True,
izhvuecdkrowmyat,True,
imqpkrguwxctshbz,True,
mcqnyxijgtedrbfz,True,
mbtjopkefcugxhrk,True,
kscoxealkrnbywjd,True,
kpsbwogicxvtfqur,True,
kpabiqmynvxezwcr,True,
kswazcvhukygtfjd,True,
kpqrynfjhmukowct,True,
kwoucxdemjhifklg,True,
krmlpgntjfvesahi,True,
kspmycbjraevliwn,True,
ksfkyvnlzejibumq,True,
krgwhdbniscqjptu,True,
kslwiaxnkdfyqvpm,True,
hgvrmwikcsnptaxq,True,
htqsoapimkbjnvlk,True,
bsoldncqaiwkxftk,True,
buoghkesdwknqayt,True,
cgdunrhmoljqytib,True,
cdlgvwzbxomurati,True,
cakwgoydmhvlnits,True,
ansfmowzdhuyqpic,True,
cfltupdwygjikoam,True,
cplsbjvkgfokedat,True,
ankseilqrxkymfdt,True,
bsyjkctivnzglmxd,True,
byrujmzenxpvfkgs,True,
bwpokydqiuagvjze,True,
bwfkiveomxlycszp,True,
byxctlvkeqhduiza,True,
gkvlwtoaufqdhknb,True,
gqoknfrlmbtukycj,True,
gqbijrfodwhstecm,True,
gqbznvkoealrwfjm,True,
gqrlpfdznoyxetbv,True,
gpfuhcrdwbnsztvy,True,
gfsthiajxvwbrqlo,True,
jrwmsfqaodngibty,True,
keoshtwyzpqdifkj,True,
keblgxqycvozrhsn,True,
kbxozjiervwstgyp,True,
kbxwekjsztqgiycl,True,
crgxpuhqnbijwvez,True,
crkhzsxyvimwtjbe,True,
crkfjbkvwehmoitu,True,
cqbwogthvkuenakr,True,
koczbjsvdleayurn,True,
jmesacrxunzwbyhl,True,
koxfugjbrecnltsi,True,
lzqxodjrkbwhyuvf,True,
mafxwtkkojsyznei,True,
nlzvbcyqseakmxoi,True,
mrvpdiuacjoweflq,True,
msickkxpbuvalqrz,True,
qczwaksngjpbehxt,True,
nmbjqeshkdxzvoup,True,
rdtkfuhjacoezmwn,True,
rfqdgvcjnaeuwzxs,True,
rvbxthpadlowmfji,True,
rlhjypbkxqmzwtak,True,
rkyinqawlpfdgbvc,True,
ryxdemsinpwqzujo,True,
rzltkhpoanubgimk,True,
rzwdkpokcixvuyet,True,
sainzpgwflumkdbc,True,
sbtydhovriufmpqx,True,
skviluygdeokwnrb,True,
szgkwdcqehtuiyjk,True,
shpygtobzrxjwldf,True,
ucdpnsikykeohvmb,True,
tkruafxisbjmogek,True,
umqefknbplixcozy,True,
vtpzfdicergkhjsm,True,
winhfkqtrbudljey,True,
wqhkjmnfyegalzdp,True,
xdwnqyeizcamokrt,True,
xfywbpvedhucqkao,True,
acbjoiruyezfkqmd,True,
ablofmyskjtnzdxk,True,
axgponrjtfdlkwbz,True,
aygpimbotnhfxulv,True,
azuvnsermibkylhx,True,
baprdycjifhuqvks,True,
bfvcjmwgayetoizd,True,
bhfiokptayjgwnrs,True,
bianckjgtoexpqzv,True,
bkmcjhroagplxsne,True,
bkprziqdnsywjgum,True,
bkqwmjhtpyrfvskx,True,
blpajgscxhiodqyn,True,
ctijdpgxrhqaknso,True,
bojtfvrusimydkzw,True,
cwnuazejgyhiotvq,True,
cwhlbuagoydrspnk,True,
euvpiokkxdhmzwaq,True,
ewixaqlkksouyvhd,True,
evycfpkhwsoqljrg,True,
ezdklvixgmnfjphu,True,
favoygjtrhxednsb,True,
fbkxusdacnlzgyir,True,
fbpivxmrgctnkluy,True,
fdltbkpahimjsyvc,True,
fgmkvwqxdyhbekor,True,
fgjltycbvumazrdp,True,
fiapgcxeqyotukhz,True,
fikwnsgtoumjleqx,True,
flyqtkrewmbiuhov,True,
fplgycikouxtwzvk,True,
fqapvwmguoyiktxd,True,
fqxsbvwkgdykaetc,True,
fqtukaxmoibscnjd,True,
fzsknvyeqakgmuip,True,
fxukeowjtcvakhdi,True,
fxowgnrmtuzeikbl,True,
gvckofeyuxstdjhb,True,
hgkuxjmndplekiwb,True,
gvskwiczjxplfkqd,True,
hbwxaspkdljouvgz,True,
hcgdjsfkxltvyzmi,True,
hgxfbutkqovdzwpa,True,
heluzmpisoqrjbkd,True,
hkwyvlmxbjkzdarf,True,
hldqgyckmuwxjefs,True,
hnkwfdvesrqbapzu,True,
hpkeaxgjnldbuism,True,
hrdebjywvtkmcpga,True,
hqbgkkmrztyijnou,True,
hucodaimxvtrkeyl,True,
ifapbuxwnmzrqyov,True,
ixtskfghuraoebwy,True,
iztysrkjocvafqpb,True,
jdvtfcumpwzaxgyr,True,
jckfwvyzmkdibnlo,True,
kdswmlvbytpczrgn,True,
kgfocqmbyvdsnhlw,True,
kflztgcydoprquhm,True,
lmpcrfdnkyzehtja,True,
ligtpbhqmvnkofkz,True,
lpjywdvkabfnczui,True,
luhrfzvejsgcakmb,True,
lozyrnvqwesducxi,True,
lsdomtzngxpbjkea,True,
lqwdgtrfmkzeaohi,True,
lvcahgmwzkduejrt,True,
ltpmhgzfxqbkdive,True,
lzjeoqbcmfigadny,True,
mflxtioqpeahbkzk,True,
msdqlkkuajnbihez,True,
msbaqkhuzxgjprfn,True,
nxyumfgktakjqzlw,True,
mxfbjcytisrkuzva,True,
qdzkykcwfrmasjbi,True,
rconufmwksaqdgze,True,
qdobjtihkplyzuwf,True,
rexivynfjbdlpakm,True,
rdjwbzasfgvktock,True,
rflktvuezgnypchw,True,
ronbhdcvpqkxwgei,True,
rskovkpznxiydjmu,True,
rqndoxabkthupgik,True,
rtmcdijhqgnakfpx,True,
rydlmepkticszjqo,True,
ryjqvlxozpdcubta,True,
rysewnplkutazmfc,True,
rysoupkizflktagx,True,
sfwkgonjlmtkzhqr,True,
seligjvmcxbytpuk,True,
rzytvgwicqnkkjsd,True,
sbihamxfcvljoktr,True,
sfexajcomdqnlykw,True,
szdmqjvwltoxeyic,True,
srkfyzmjqvakndol,True,
teqarbfmpuvcnkkg,True,
tfaqvoszwxlupjde,True,
tgfvhxqmrdapikjb,True,
tfcrxbasjdoinzvg,True,
tkumerzqghjfpnbo,True,
tjfubskeyoiwraxc,True,
tkwhxmgnciqosbuy,True,
toxpbqrshydnclkm,True,
umbqstxngoajrkpi,True,
vikcbhnystduflja,True,
umyqzkbhnjrgxscp,True,
vkchtoewspkjrfld,True,
vjlruxeiqtanmkoy,True,
vutnobryefzkjahl,True,
vxjhrydsqgpuobkf,True,
wtbgzojhaiyermqk,True,
wrtpnhsguambxvkl,True,
wuoxgfrsikzvpdjm,True,
xascmlwhokkitdpz,True,
xbsrnfhgmvzuowpa,True,
xenhtdmqjyzkrlbi,True,
xfjokryqncigbezs,True,
vue3-babel-js,True,
@puresec/addressparser-malicious,True,
compromised-npm-package,True,
@tickertape/protos-pbjs,True,
chart.js-legacy,True,
axiom-base,True,
npm_jithin_package,True,
arc-canonical,True,
nexus-snyk-security-plugin,True,
install-matlab,True,
pratikyadavh1,True,
tjhnl,True,
tmeme,True,
ben1,True,
wallet-recovery-wizard,True,
specproject-template,True,
test-aaa-yyyy-zzz,True,
pegleg_heart,True,
@inaciot/internallib_v243,True,
internallib_v847,True,
skyscanner.github.io,True,
sketch-pexels,True,
legendggwp,True,
teamcity-cloud-agent-updater,True,
sync-process,True,
node-child,True,
emojis-discord,True,
small-ms,True,
package-ionicons,True,
package-ionicon,True,
base64-javascript,True,
ionicons-json,True,
ionicons-js,True,
pack-icons,True,
icons-packages,True,
ionicon-package,True,
icons-pack,True,
ionicons-pack,True,
script-package,True,
roar-01,True,
roar-02,True,
swiper-bundle,True,
ajax-libz,True,
wkwk100,True,
swiper-bundie,False,
atez,True,
ajax-googleapis,True,
tezdoank,True,
footericon,True,
ionicio,True,
ionic-icon,True,
icon-package,True,
ajax-libs,True,
ajax-library,True,
umbrellaks,True,
@cuda-networks/bds-core,True,
eslint-plugin-translation-vars,True,
@ovh-ui/oui-checkbox,True,
io-components,True,
cd-system,True,
@trp-gims-usi-cip/web-portal-lib,True,
green-color,True,
zen-website,True,
pipeline-npm-artifactory,True,
react-bank-api,True,
fecustomui,True,
frogsui,True,
hhsoig-design-system-core,True,
usersnap-frontend,True,
indrasecuritylib,True,
v12-discord.js,True,
node-colors-gen,True,
node-title,True,
thisisourgoal,True,
thisisourgoal1,True,
material-ui-plugin-styles-provider-cache,True,
material-ui-plugin-theme-provider-cache,True,
@pagetour/sdk,True,
@3p-future-solutions/ember-cui,True,
slack-trustpilot,True,
sichain-api,True,
separatecalculatingbinary,True,
cleansheet,True,
purple_team_midway_teste_cenario_2,True,
purple_team_midway_cenario_2,True,
purple_team_midway_cenario_1,True,
purple_team_midway_teste_cenario_1,True,
syndis-test,True,
web3-integration,True,
@it-eng/is-dinosaur,True,
swaty-color,True,
npmbb-deneuve81,True,
shda,True,
personal-colors-kash,True,
vazgarules,True,
@radancy/dropr-client,True,
vipps-stitches,True,
rhynocallbackpackage,True,
horizon_dev,True,
discordjs-selfbot-v17,True,
discorddependency,True,
discordselfbotv16,True,
discordselfbotv15,True,
bumblogger,True,
@amplify-components/amplify-table,True,
euscp,True,
elementor.developers,True,
slg-shared-utils,True,
slg-vue-components,True,
solid-completions,True,
osmosis-frontend,True,
front-channel-template,True,
katt-player,True,
dash-generator-test-component-standard,True,
smoooth-merchant,True,
shoppedemo,True,
jobcoin,True,
1uphealth-demo-web-app,True,
wad-workshop-starter,True,
bakabaka0010,True,
ethmoji-js-demo,True,
consideration-deploy-bot,True,
omm-frontend,True,
@react-native-tscodegen/tslint-shared,True,
@atlas-angular/logger,True,
mephisto-worker-experience,True,
vngage-scheduler,True,
cvent-web-components,True,
@sfcc-core/core,True,
globo-ab-client,True,
@robinhoodcoop/contracts,True,
kiku-web,True,
muzli-extension,True,
stitch-fix-women,True,
taxjar-blog,True,
default-static-site,True,
usaa-nw-build-tools,True,
development-guide,True,
www.malwarebytes.com,True,
cdw-portal-ui,True,
public-portal-ui,True,
wm-plugins-core,True,
ent-screenshare,True,
usaa-changelog,True,
refocus-sample-generator-template-utils,True,
ember-malibu-icon,True,
acorn-visualforce,True,
one-world-radio,True,
my-carbon-app,True,
gorgias-api-docs,True,
ok2,True,
toolbox-react-components,True,
serverbeat,True,
x3-stock-graphql-demo,True,
f-amnotacat,True,
sageone_api_ruby_sample,True,
turing-ui,True,
merlin-ui,True,
loblawsdigitalflyer,True,
sdm.vendor.lds,True,
fckez.fckez,True,
nextjs-accelerator,True,
auth0-react-03-calling-an-api,True,
nf-data-explorer-2,True,
ffdc-api-security,True,
nestjs-proxy,True,
ffdc-corporate-banking-sample,True,
donate-backend,True,
nodejs-docs-samples-iot-mqtt-example,True,
loblaws-product-listing,True,
finastra.design,True,
finastra,True,
fds-test,True,
gulp-csslint-lesss-reporter,True,
backbone-typescripts-accessor-generator,True,
finastra-nodejs-libs,True,
finastra-design-system,True,
gme-loblawsinc,True,
loblaw_common,True,
ifit-actions,True,
fed-challenge-starter,True,
wm-prelib-builder,True,
config-monorepo,True,
loblaws-mkt,True,
loblaws-mkt-bundle,True,
wm-babel-runtime,True,
wm-grunt-module-validate,True,
wm-es3-function-overrider,True,
wm-jquery,True,
wm-package-json-validate,True,
wm-logzio-sender,True,
wm-prelib-plugin-entry-manager,True,
wm-salesforce-lightning-version,True,
wm-xpath-utils,True,
my-toolchain,True,
cyclic-dep-2,True,
cyclic-dep-1,True,
wm-jquery-shadow-dom,True,
ember-handlebars,True,
ember-views,True,
tslint-shared,True,
minimum-flow-parser,True,
google-cloud-node-todos,True,
npm-test-failer,True,
lwc-modules-foo,True,
perf-benchmarks-components,True,
airbnb-cookie,True,
barisan,True,
grunt-modify-json,True,
ubuntu-drivers-common,True,
isomsorphic-react-dom,True,
checkpackagejson,True,
eslint-plugin-orbit-internal,True,
eslint-plugin-orbit-kotko,True,
wp-scripts,True,
npp-analytics,True,
swisscom,True,
depconftesttest,True,
kottestpackage,True,
wak-app,True,
pako-admin,True,
administracja_reklamowa,True,
wakacje-frontend-salki-neon,True,
opbox-build-tools,True,
kintro,True,
wpjslib,True,
peraichi,True,
bc-modal,True,
com.unity.textmeshpro,True,
zalopay-payment-sdk,True,
web-portal,True,
cart-client-js,True,
is-meta,True,
ad-params,True,
shakademoassetinfo,True,
jekyll-tasks,True,
shared-sku-app,True,
jugnnnnnuuuuu,True,
load-date,True,
token-registry-contracts,True,
mock-jsx-module,True,
rapidjson,True,
tokenizeutil,True,
@pancakeswap-lib/sdk,True,
ember-qunit-notifications,True,
vue3-infinite-scroll,True,
smartcontractkit,True,
dustjs-linkedin-helpers,True,
codefest-internal-dependency,True,
tinkoff-web-tracking,True,
codefest-internal-package,True,
appsec-internal-package,True,
fin-common-snapshot,True,
caindemonode,True,
kleros-escrow,True,
wof-prompter,True,
xss-finder-0xsapra,True,
taf-three-dimensional-view,True,
asset-detect-filter,True,
fe-cookie-consent,True,
noblox.js-proxy,True,
asset-detect-layout,True,
ucs-tooltip,True,
here_base_theme_v2,True,
here_cta_marketo_v2,True,
here_base,True,
here_lead_generation_v2,True,
danafonts,True,
tilled-api-client,True,
uitk-react-icons,True,
uitk-react-cards,True,
sport-components,True,
federalist-uswds-jekyll,True,
dana-desktop,True,
danalibs,True,
danaicons,True,
nih-ncats-translator,True,
standup-bot,True,
vrt-mediaplayer,True,
upaya,True,
sbirez,True,
18f-dashboard,True,
beckley,True,
fbopen-api,True,
hub-http,True,
hs-lodash,True,
vue-cumulio-dashboard,True,
k-paste,True,
adsinterceptor,True,
commonweb-utils,True,
slack_beacon,True,
eurid_cloudflare,True,
cwpattern-lib-paypal,True,
consumerweb-analytics,True,
commonweb-dynamic-routing,True,
commonweb-config,True,
aysa-slugs,True,
gtm-tracking-sdk,True,
aysa-web-core,True,
react-address-entry-field,True,
@medicare-tools/core,True,
yahoo-react-input,True,
yahoo-react-formsy-input,True,
epic-ue-ui,True,
constant-unifi,True,
@riptano/helios,True,
medicare-common-js,True,
@termly/react-components,True,
@sberid/qrcode,False,
@my-samokat/icons,True,
@my-samokat/ui,True,
abbsjshshs,True,
@zeos-libs/auth-client,True,
@sbtweb/chat-ui,True,
@timsuchanek/eb-test,True,
angular-directive-seed,True,
ykeykey-setup,True,
luc1f3rhk1-test2,True,
abu-news-api,True,
abunews-components,True,
noblox.js-proxies,True,
luc1f3rhk1-test,True,
ykeykey-getkey,True,
acookie,True,
dinesh-dev-nagajikkktest11223qa,True,
mcs-landings-blocks,True,
mcs-landings-api,True,
lolo0093,True,
mitek-science-mweb-sdk,True,
superset-websocket,True,
sifchain,True,
nethouse-ui,True,
nat-sdk-web,True,
origami-registry-ui,True,
how-to-mess-up,True,
@porting-assistant/csharp,False,
@porting-assistant/electron,False,
@porting-assistant/react,False,
test1_l3yx,True,
yelp-beans,True,
test4948,True,
curiouscat,True,
@porting-assistant/integration-test,False,
paypay-ecommerce-miniapp,True,
paypay-sample-ecommerce-server,True,
facebook-nodejs-business-sdk-tests,True,
accenture-react-scripts,True,
azuredatastudio-postgresql,True,
simple_cups-handler,True,
techtalkui,True,
testy4948,True,
handbook-epub,True,
param_projectnametolower,True,
accessibility-insights-web,True,
@qcsfe/venus-token,True,
@md-fe/antd-upload,True,
@ling-web/psdviewer,True,
@blockpro/render,True,
@qwui/core,True,
@qwui/wallet,True,
@qcsfe/common-lmap,True,
@qcsfe/common-progressbar,True,
@qcsfe/qnode,True,
com.google.play,True,
com.google.play.comon,True,
@thrift-api/drivertrade-web,True,
@thrift-api/request,True,
meupkgdeteste,True,
elm-combine,True,
hl7.fhir,True,
com.google,True,
validate-order,True,
restaurant-approval,True,
samples-bootstrap-theme,True,
realm-postgres-adapters,True,
mapbox-gl-shaders,True,
createtile,True,
actions-toolbox,True,
agent-assignment,True,
newspack-blocks,True,
wordpress-element,True,
reflect_decorators,True,
nubank-core,True,
edu-front-util,True,
test-old-npm-sub-dependency,True,
scrypt-shim,True,
duo_web_sdk,True,
@jmfe/jm-jdshare,True,
bisheng-plugin-uw,True,
uw-demo-jest,True,
uw-tools,True,
res-base,True,
internal-hr-form-shared,True,
netless-ppt,True,
md-performance,True,
@jmfe/rollup-plugin-jss-upload,True,
bob-app-core,True,
theme_dbtraining,True,
@cwdb/dnsinfo,True,
testingtesttencencent,True,
hb-analytics-js-sdk,True,
hb-portal-xss,True,
hb-websocket-client,True,
huobi-trading-view,True,
fed-cnr-pagelet,True,
huobi-bs-fe-scaffold,True,
huobi-bigmac-component,True,
huobi-trading-view-swap,True,
login.mail.ru,True,
lenta_pulse_mail_ru,True,
lenta_pulse_mail_ru_internal,True,
@is24at/react-tracking,True,
pwn_module,True,
topmailru,True,
fbjs-build,True,
pulse-lenta,True,
wpt-retriever,True,
mailrupush,True,
admanhtml,True,
rbadman-html5,True,
virtual-authenticators-tab,True,
fraud-filter,True,
test-audit,True,
jsll,True,
ms.jsll,True,
cms-component-layout-nyse-footer,True,
frn-api-client,True,
cms-component-nyse-login,True,
audi-feature-services,True,
core-guest-spa,True,
vidyard-player-sdk,True,
paycom-cross-platform,True,
dpz.seo,True,
base-css-styles,True,
apex-web-tools,True,
yamm,True,
airtable-client,True,
corewebclient,True,
common-tasks,True,
cm.icons,True,
cloudfour.com-patterns,True,
flotchart,True,
eslint-config-rol,True,
eslint-config-products,True,
enviso-web-components-common,True,
@moczadlo/package_one,True,
wordpress-core-css,True,
studiolabs-cli,True,
grunt-via-filesystem,True,
ford-cpo-v3-packaging,True,
github-brand,True,
energy-phoenix-core-auth,True,
publicrepoui,True,
ayalon-demo-website-frontend,True,
click-out-report-website,True,
microsites-ui-hudsons-bay-french,True,
customer-stories-feed,True,
health-bot-onboarding-client,True,
training-kit,True,
trip-tracker-web,True,
oro-gulp,True,
giphy-web-app,True,
@koop-components/common,False,
fetchr-simple-example,True,
badge-up-api,True,
fluxible-repo,True,
grab-locale,True,
grab-login,True,
evil-test-1,True,
evil-testing,True,
elide-doc,True,
@nerv-hq/control-system,False,
grab-ui,True,
grab-storage,True,
block-utxos,True,
rippled-exporter,True,
parity-exporter,True,
nim-status-client,True,
dynamic-virtualized-list,True,
eslint-plugin-mattermost,True,
mattermost-webapp,True,
paytm-blink-checkout-react-example,True,
paytm-mini-programs-nodejs-sdk,True,
github-issue-mirror,True,
matomo-analytics-cloudflare-app,True,
translationscripts,True,
cadence-docs,True,
payments-reference-app,True,
blockswithscreens,True,
twitter-new,True,
fbt-top-level-repo,True,
webhint-configuration-braintree-sdk,True,
checkout-docs,True,
h3-website,True,
@boosted-bounty/worker-helpers,False,
@boosted-bounty/backend-interfaces,False,
@boosted-bounty/firebase-helpers,False,
@boosted-bounty/firebase-helpers-js,False,
yelp_js_alert,True,
yelp_styleguide,True,
@boosted-bounty/firebase-queue,False,
@boosted-bounty/cassandra-helpers,False,
kaartprikmodule,True,
koop-componentenbibliotheek,True,
yelp_map_engine,True,
yelp_js_component,True,
mynewpkgtest,True,
hs-inflamable-too,True,
this-is-a-special-123,True,
proton-super-package,True,
mynewpkgtest1,True,
mynewpkgtest3,True,
mynewpkgtest2,True,
mynewpkgtest4,True,
hope-center,True,
hope-base,True,
eslint-plugin-jsdom-internal,True,
mynewpkgtest6,True,
mynewpkgtest5,True,
hope-hub,True,
hope-http-broker,True,
hope-entity-store,True,
hope-entity,True,
hope-store,True,
hope-workflow,True,
hope-session-manager,True,
hope-message,True,
hope-hub-center-shared,True,
01template1,True,
nowaypkg,True,
wtfpkgtst,True,
jose-cookbook,True,
hubs-configtool,True,
fxa-dev-launcher,True,
devtools-wasm-dwarf,True,
api-unauthed,True,
wdcustom-breakpoint,True,
base-app-unauth,True,
webext-experiment-utils,True,
rnpm-plugin-test,True,
smithy-typescript,True,
wf-translate-text,True,
gs-ux-uitoolkit,True,
amazon-s3-find-and-forget,True,
aws-solutions-constructs,True,
aws-data-api-ux,True,
amazon-kinesis-video-streams-webrtc-sdk-js,True,
service-workbench-on-aws,True,
aws-amplify-unicorntrivia-workshop,True,
unicornflix,True,
aws-delivlib-sample,True,
aws-track-and-trace,True,
anti-hotlinking,True,
amazon-s3-data-replication-hub-plugin,True,
output-scrubber-nodejs,True,
aws-centralized-waf-and-vpc-security-group-management,True,
open-data-registry-browser,True,
amplify-video,True,
mplify-video,True,
aws-data-replication-hub,True,
amazon-ecr-data-replication-hub-plugin,True,
aws-centralized-logging,True,
aws-video-transcriber,True,
aws-perspective,True,
amazon-timestream-tools,True,
aws-simple-cicd,True,
aws-instance-scheduler,True,
package-lock.json-dependency,True,
aws-greengrass-provisioner,True,
simplebeerservice,True,
aws-iot-greengrass-accelerators,True,
aws-ms-deploy-assistant,True,
cdk-fargate-fastautlscaler,True,
virtru-base64,True,
eth-brownie,True,
my-amplify-plugin,True,
test-rule-package,True,
architect-http-static,True,
es-sink,True,
amplify-e2e-core,True,
amplify-graphiql-explorer,True,
all-of-them,True,
nestjs-ldap-auth,True,
singhaditi12,True,
discord.js-selfbot-updated,True,
nt-shared,True,
grunt-bowerspawn,True,
ember-tracked-local-storag,True,
aditi1123,True,
aditi112,True,
daemon121,True,
singhadi1222,True,
build-python12,True,
build-python,True,
singhaditi83683,True,
singhaditi2707,True,
ad1231,True,
adbuil,True,
buildaditi,True,
ad1213,True,
token-unit-es5,True,
testad123,True,
testnpmad,True,
ng-browser-info,True,
testnpmad12,True,
eslint-config-vmware-react,True,
socless_integration_packager,True,
bluejeans-api-rest-meetings,True,
unified-instantsearch-ecommerce,True,
node-upwork-oauth2,True,
eks-auto-create-idp,True,
prod-package,True,
persona-verifier-lib,True,
shopify-tutorial,True,
shopify-utils,True,
shopify-proxy,True,
shopify-demo,True,
@gco-angular/communication-facade,True,
meta-left-pad,True,
@gco-angular/rxjs-utils,True,
shopify-ewrjknfd,True,
@gs-ux-uitoolkit-react/shared,True,
@gs-ux-uitoolkit-react/theme,True,
@gco-angular/apollo,True,
epc-web-utils,True,
@umpirsky/country-list,True,
@gs-ux-uitoolkit-react/core,True,
@gs-ux-uitoolkit-react/select,True,
golf-to-eid,True,
fe-grid,True,
dn-dev-env,True,
bls12377js,True,
sb-resp-ui,True,
sb-legacy-integration,True,
sb-helpers,True,
runkit-embed,True,
react-fe-bootstrap,True,
tsmodulechecker,True,
syndication-templates,True,
sb-resp-utils,True,
vstui,True,
prism-reactjs,True,
editor-kit,True,
inter-frontend-lib-header,True,
window-channel,True,
vue2-jest,True,
dexy,True,
occl_core,True,
polaris-rails,True,
service-module-api,True,
service-module-utils,True,
vue-loader-v15,True,
textlint-checker-for-vuejs-jp-docs,True,
johncenatesting,True,
@snapp/framework,True,
@snapp/ui-kit,True,
@nothingfu/test,True,
evil-package-sample,True,
fk-ua-parser,True,
asana-actions,True,
jensectesting,True,
wp-calypso,True,
isolated-block-editor,True,
jetpack-eslint,True,
zd-svg-icons,True,
ng-json-explorer,True,
chat-component-bindings,True,
calling-stateful-client,True,
adaptivecards-extras-designer,True,
@highspot/closure-loader,True,
angular-codemirror,True,
com.unity.scriptablebuildpipeline,True,
acs-ui-common,True,
xrprovider,True,
amplify_default,True,
preinstallv5,True,
brandtheme,True,
@ws-amplify/core,True,
lexruntime,True,
mqttoverwsprovider,True,
oauthstorage,True,
urlopener,True,
storagefileshare,True,
keyvault-resource-manager,True,
uv-dlopen,True,
p4clients,True,
amplify-codegen-e2e-core,True,
xml-service,True,
generator-electron-dotnet,True,
headerprefix,True,
body-complex-rest,True,
additional-properties,True,
network-resource-manager,True,
odata-discriminator,True,
subscriptionid-apiversion,True,
url-multi,True,
useragent-corev2,True,
xms-error-responses,True,
regex-constraint,True,
zzzreport,True,
required-optional,True,
storageblob,True,
non-string-num,True,
no-mappers,True,
operationgroupclash,True,
optionalnull,True,
paging-service,True,
paging-no-iterators,True,
media-types-service-tracing,True,
model-flattening,True,
nolicense-header,True,
mapperrequired,True,
media-types-service,True,
media-types-v3-client,True,
media-types-v3-lro-client,True,
extensible-enums,True,
license-header,True,
lro,True,
lro-parameterized-endpoints,True,
spotify-debouncer,True,
tc-auth-lib,True,
@yoyo-games/webcomponent-cookies,True,
@skyscanner-internal/relevant-deals,True,
l10n-tr,True,
bb3-rome,True,
spotify-liburi,True,
spotify-abba-client,True,
spotify-harmony,True,
spotify-linkedlist,True,
spotify-backoff,True,
datacoral_tracker,True,
atomic-config,True,
spotify-eventemitter,True,
spotify-event-definitions,True,
spotify-inheritance,True,
spotify-promise-plus,True,
spotify-event-sender,True,
spotify-debug-tools,True,
spotify-transport,True,
spotify-deferred,True,
usaa-fake-package-test,True,
wallet-nodejs-binding,True,
webpack-old,True,
spotify-crypto,True,
usaa-scroll,True,
usaa-storage,True,
usaa-templates,True,
usaa-wcm-utils,True,
usaa-icons,True,
usaa-logger,True,
usaa-performance,True,
usaa-modals,True,
usaa-buttons,True,
usaa-css-grids,True,
usaa-element-resize-event,True,
usaa-expand-collapse,True,
usaa-drilldown,True,
c42-auth,True,
c42-ui,True,
c42-helpers,True,
usaa-build-app,True,
usaa-authentication,True,
usaa-axios-factory,True,
usaa-banner,True,
yras,True,
gopro-web-javascript-components,True,
trello-canonical-components,True,
gopro-web-react-components,True,
videostreamingtaskqueueprovider,True,
viewportpriorityadjuster,True,
yhps,True,
videostreamingmanager,True,
videoplayerresourcetimer,True,
videoplayershakaglobalconfig,True,
videoplayershakaperformancelogger,True,
videoprioritycalculator,True,
videodashprefetchcache,True,
videoclientedgecooperation,True,
videoplayerbitrateestimator,True,
videoplayerlocalbandwidthestimator,True,
serverjsdefine,True,
setimmediateacrosstransitions,True,
init-epic-link-multiselect,True,
tcfm,True,
unitconstants,True,
deppppp,True,
networkstatusdetector,True,
segmentrequestmanager,True,
mergeseekrangegaps,True,
mosutils,True,
multiplesegmentsprovider,True,
relayfbnetworkloggercontroller,True,
localbitratehelper,True,
getseekrangegapsfromshakareferences,True,
loglongakamairequest,True,
maybeconverthiveerrortoshakaneterror,True,
cleartimeout,True,
concatarraybuffer,True,
extractcea608,True,
firstloadedvideopriorityadjuster,True,
bufferreplacementhelper,True,
buffervelocity,True,
canusefetchstream,True,
clearimmediate,True,
clearinterval,True,
blockfi,True,
snapchat-api,True,
com.google.external-dependency-manager,True,
vertx,True,
newrelic-caf,True,
docs.hackerone.com,True,
line-liff-v2-starter,True,
com.outsystems.plugins.fileviewer,True,
github-owners-bot,True,
cro-staking,True,
facebook-instant-articles-builder,True,
curve-api,True,
hero-admin,True,
internal_package_goludev,True,
libfuzzer-sys,True,
playwright.dev,True,
splitio-redux,True,
splitsoftware,True,
tempdownloadtempfile,True,
nodejs_net_server,True,
moneytree,True,
virtuoso.dev,True,
arkane-connect,True,
ungap,True,
wafer-core,True,
blockchain-com,True,
zendeskgarden,True,
grnhse,True,
mt-web-icons,True,
twilio-paste,True,
researchgate,True,
ledgerhq,True,
rafaelgg44,True,
phensley,True,
avito,True,
admin-tribe,True,
mt-react-theme-manager,True,
npm-test-bravol33,True,
arkane-network,True,
fortawesome,True,
ramp-network,True,
esprimere,True,
infectplugin,True,
paypal-sdk-e2e-tests,True,
lint-config-qiwi,True,
idnnnms-widget-auth-service,True,
xo-hermes-checkout,True,
app-shims,True,
xo-shim-promise,True,
yelp_template,True,
corp_template,True,
clusterman-metrics,True,
react-paypal-js,True,
idmsa,True,
pypl,True,
here-paypal,True,
pingheretoo,True,
testfromauro,True,
community-paypal,True,
status-paypal,True,
corp-paypal,True,
prepaid-paypal,True,
com.google.firebase.app,True,
com.unity.postprocessing,True,
@tekion/fxt,True,
@tekion/test,True,
@tekion/kxt,True,
@tekion/alpha,True,
@tekion/beta,True,
@tekion/gamma,True,
hacked-shakti,True,
shakt-pkg-ss,True,
trinity-pkg-ss,True,
puppetlabs-stdlib,True,
13-pkg-13,True,
13-pkg-1313,True,
13-pkg-14,True,
internal_pk_for_ss,True,
package_avvo_dep,True,
internal_pkg_for_755,True,
sai_package_755,True,
shakti_saan_sai755,True,
hakunamatata,True,
knsjdnksjdfn,True,
@amp-metrics/mt-metricskit-deligates-html,True,
@amp-metrics/mt-metricskit,True,
package_test_avvo,True,
cutoffurmind-ui-kit2,True,
hooolalulos,True,
majortest,True,
walmart-component-library,True,
s-telekom,True,
telekom-index,True,
cutoffurmind-ui-kit,True,
breakpoint-action,True,
microservice-common,True,
wmreact-spinner,True,
iss-azure-style,True,
wf-kyt-starter-universal,True,
kyt-dev,True,
fantasy-android-react-native,True,
fantasy-react-native,True,
mns-core-dev,True,
mns-core-ui-dev,True,
attmonetization.config,True,
wf-kyt-starter,True,
dwux-init,True,
dwac,True,
eslint-config-mns-core1,True,
mns-core-dockerr,True,
dtv-rich-text,True,
grab-id,True,
dwanalytics,True,
dw.ux,True,
initappd,True,
main.prod,True,
sdm.vendor.zen-observable,True,
ssbdnew,True,
ale_frugal,True,
app_intelligence,True,
darkc0d3-test-xss,True,
wdesk-sdk-builders,True,
wdesk_login,True,
wdesk_sdk,True,
workspaces_api,True,
admin_frugal,True,
azure-function-core-tools,True,
intern_scocco_rce,True,
lucas_scocco_hacker,True,
wdesk_browser_environment,True,
@cornershop/core,True,
beefy-vote,True,
bunny-v2,True,
union-finance-contracts,True,
shub-service,True,
media-hid,True,
@tinyspeck/calls-desktop-interop,False,
@dedatre/xptopkg,True,
cm-integration,True,
slimcore,True,
telem,True,
teams-outlook-meeting-addin,True,
redox-sample-nodejs,True,
exodus-update-server,True,
cryptolib-js,True,
ov-api,True,
zapper-safe-app,True,
audit-pricing,True,
rnwasmtest,True,
grpc-web-ruby,True,
zapper-api-stack,True,
monday-integration-quickstart-app,True,
sovryn-node-integration-tests,True,
sushiswap-shiny-frontend,True,
enzyme-kovan,True,
@aia-digital/request-module,True,
fei-protocol-core,True,
2key-metrics,True,
apswap-api,True,
@corporate/core,True,
@worki/lib-web-common,True,
js_packages_security_test,True,
@aia-digital/ui-library,True,
@worki/lib-candidate-common,True,
@sbbol/common,True,
@sbbol/business,True,
@media-ui/core,True,
alicloud-ui3,True,
alicloud-components,True,
@sbbol/web-library,True,
@sbbol/icons,True,
mcs-utils,True,
target-ui,True,
ae-global,True,
mailru-auth-gate,True,
driverportal,True,
frontend-src,True,
shodanio,True,
omh,True,
atlas-ui-framework,True,
blockstack-stats,True,
com.thomsonreuters.brandedtemplates-int,True,
com.thomsonreuters.project,True,
dklive-event-gateway,True,
portal-web,True,
dklive-admin-api,True,
ux-gulp-theming,True,
mindtap-static-lib,True,
debuug,True,
doffy-publish-to-npm,True,
tv_home,True,
zmp-cli-dev,True,
slack-github-action,True,
isntal,True,
tchalk,True,
request-progres,True,
ems-file-service,True,
e2e-synthetics,True,
steamdb-browser-extension,True,
app-incident-bot,True,
link-kibana,True,
elastic-charts-mono,True,
opbeans-node,True,
eui-cljs,True,
wickrio-proxy-bot,True,
wickrcrypto,True,
broadcast-bot-web,True,
instacart-javascript,True,
armeria-site,True,
lfb-docs,True,
3x3s,True,
base-figma-docs,True,
daglava2,True,
express-4.x-passport-snapchat-example,True,
sqrl-website,True,
sqrl-monorepo,True,
ui-extensions,True,
web-configs,True,
checkout-ui-extensions-template,True,
cmc-api-workshop,True,
storykit,True,
brightspot-express,True,
e2open-design-system,True,
ff-webstore-e2e,True,
vimeo_maxmsp,True,
calling-component-bindings,True,
everest-contracts,True,
looker-action-hub,True,
nuget.moq,True,
tulip-backend,True,
dependency-with-range,True,
cornershop-chat,True,
stripe-samples,True,
yhint,True,
bunny-v3,True,
txwrapper-acala,True,
arbos-contracts,True,
grunt-scratchy,True,
gaia-dialog,True,
carpenter-api-client,True,
gaia-component,True,
editor-with-wrapper-no-modal,True,
rcv-with-plugins,True,
rce-with-plugins,True,
mynpmpackage-njs,True,
obloq,True,
wix-form-builder,True,
wixapps,True,
viewer-with-wrapper,True,
editor-with-wrapper,True,
sm-js-sdk,True,
ricos-docs,True,
ricos-editor-no-modal,True,
ricos-viewer-no-modal,True,
klokl-nirob,True,
fucking-n-pack,True,
wix-users,True,
js-wixcode-sdk,True,
kbn-analytics,True,
kbn-ui-shared-deps,True,
noblox.js-promise,True,
intena_pkg_for_hs,True,
axis-components,True,
oppo_web_app,True,
gd-sentry,True,
kbn-i18n,True,
react-table-next,True,
react-table-7,True,
xfi-client-core,True,
safari-prevent-zoom,True,
typescript-dom-lib-generator,True,
vscode-npm-script,True,
firebase-extensions,True,
dailymotion-sdk-js,True,
datanode-explorer,True,
octoprint-slackbot,True,
id-docs.telenordigital.com,True,
code-oss-dev,True,
eslint-config-hwit,True,
internal_crypto_express_package,True,
testing_confusion_pkg,True,
slack-reacjilator,True,
oauth_tutorial,True,
supcom-web,True,
wegmae_act,True,
collab-ui,True,
collab-ui-angular,True,
lnbapi,True,
osefo.ux,True,
private-eye,True,
stanford-arcade,True,
itsn,True,
job_ee_ce,True,
life.qq.com,True,
liveshare,True,
digitalexam,True,
flocktory,True,
gwac,True,
infrastructure_skypefeedback_tools,True,
itop,True,
caspets,True,
aiweb,True,
cmshow.qq.com,True,
com.huawei.app.module.pkg1,True,
josquin-ribbon,True,
nixpsweb,True,
simplesamlphp,True,
weixao,True,
cisco-bem-network-test,True,
dashticz,True,
gap-r,True,
hippocrates,True,
cf-scraper,True,
mytestnpmaskedrisec,True,
shipping-notice-ui-proxy,True,
runeaudio-runeui,True,
amorphic-framework,True,
haven-design-system-static,True,
intersting_package_bhavik,True,
security-poc,True,
boss-alien-media-player,True,
kentik-viz,True,
fabric-design,True,
fabric-vue,True,
deneuve-package-parent,True,
nw-api-sdk,True,
note-taking,True,
deneuve-package-ok,True,
deneuve-package-private,True,
editor-sdk-react,True,
react-popper-latest,True,
deneuve-package-test,True,
@sfcc-core/logger,True,
@sfcc-bff/productapi,True,
@sfcc-core/core-graphql,True,
vue-dexpot-dk,True,
pratikyadavsm,True,
pratikyadavsm1,True,
@adnovum-eslint/eslint-plugin,True,
@a4u/a4u-collection-react-spectrum-open-source-color-icons-release,True,
@sfcc-core/apiconfig,True,
sp-test-core,True,
@wso-utils/localization,True,
@wso-utils/json-mapper,True,
@wso-utils/form-utils,True,
rcmp-ui,True,
sp-messaging-core,True,
express-metrics-zmarta,True,
zmarta-experiments,True,
frontend-page,True,
frontend-restclient,True,
frontend-script,True,
frontend-style,True,
frontend-hydrate,True,
frontend-i18n,True,
frontend-image,True,
frontend-melidata,True,
wso-core,True,
aw-ks,True,
frontend-analytics,True,
frontend-hotjar,True,
documentalist-monorepo,True,
bender-webpack,True,
thesis-form,True,
gnarclientweb,True,
grammarly-editor,True,
tslint-playground,True,
admin-palantir,True,
documentalist-monorepo2,True,
phishcatch,True,
test-react15,True,
blueprintjs-monorepo,True,
conjure-receipe-example-app,True,
conjure-typescript-runtime,True,
react-full-stack-starter-client,True,
invlid-tools,True,
sdm.checkout,True,
grunt-tslint-eslint-config-palantir,True,
stylelint-config-monorepo-palantir,True,
table-dev-app,True,
policy-bot,True,
meteor-spyfall,True,
digital-pharmacy,True,
target-global-mbox,True,
gitlab-linter-cli,True,
aoe_playstyle,True,
walmart-cfs,True,
covid19app,True,
my-store.min.js,True,
my-store.min,True,
samsmx-inventory,True,
wmreact-analytics,True,
global-order-tracker,True,
aura-transportation-driver-messaging,True,
training-platform-web,True,
wfs-admin-test,True,
wfs-lite-app,True,
asdaoptimaadmin,True,
watchlist-widget,True,
vue-smooth,True,
elm-lang,True,
settings-ee,True,
libidn2,True,
render_delegates,True,
marcom,True,
searchcursor,True,
time_estimates,True,
pixivsketch,True,
usabilla_live,True,
soydata,True,
discord-rude-tool,True,
@naugtur/callhome,True,
f5-logger,True,
bing11testpak,True,
open-xchange-dynamic-theme,True,
open-xchange-appsuite,True,
web3_socket,True,
pc-web_socket,True,
open-xchange-guidedtours,True,
update-themes,True,
appsuite-mailvelope,True,
oxapi-documentations-build-script,True,
eslint-config-mattermost,True,
mattermost-qa-automation,True,
mattermost-mobile,True,
open-xchange-appsuite-spamexperts,True,
mattermost-push-proxy,True,
focalboard,True,
mattermost-chrome-extension,True,
mattermost-metrics-server,True,
mattermost-mobile-e2e,True,
mattermost-plugin-docs,True,
mattermost-api-reference,True,
mstmeetings,True,
mattermost-webapp-profiling,True,
nextcloud-register,True,
firstrunwizard,True,
nextcloud-mail,True,
skype4business,True,
nextcloud-news,True,
nextcloud-cookbook,True,
suspicious_login,True,
nextcloud-activity,True,
officeonline,True,
nextcloudappstore,True,
nextcloud-js-tests,True,
ojsxc,True,
lyft-node-sdk-example,True,
firestore-messagebird-send-msg,True,
lightweight-android,True,
richdocuments,True,
monday-integration-github,True,
monday-integration-slack,True,
monday-integration-quickstart-app-typescript,True,
monday-example-app-word-cloud,True,
skale-ima-owasp-helper-library,True,
monday-integration-quickstart,True,
monday-jira-integration,True,
monday-code-action-template-node,True,
skale-ima-proxy,True,
skale-ima-agent-app,True,
docs.skale.network,True,
skale-box,True,
skale-ima-js,True,
pc-nrfconnect-shared,True,
github-helpscout-collector,True,
skale-ima,True,
skale-ima-core,True,
github-hyperjump,True,
react-pixi-racing-game,True,
lob-openapi,True,
sifchain-changes-server,True,
chainlink-api-client,True,
node-token,True,
scentbird-test-boilerplateand,True,
osb0rn3,True,
typescsdariptt,True,
nflx-spectator-jsconf,True,
nf-falcor-device-perf,True,
localforage-memorystoragedriver,True,
nucleus-integration-js-dessert,True,
b2b-event-viewer,True,
jugnuuu123,True,
typescsdaript,True,
nucleus-integration-banana,True,
s1variables,True,
s1assets,True,
talon-template-starter,True,
o-ads-embed,True,
briks-platform-components,True,
analytics.js-integration,True,
spotify-b2b,True,
ot-app,True,
mitui-comp-tag-picker,True,
o-header,True,
o-cookie-message,True,
o-footer,True,
mitui-util-constants,True,
mitui-comp-content,True,
mitui-comp-group-collab,True,
mitui-comp-follow-button,True,
util-bus,True,
mitui-view-place-header,True,
mitui-util-intl,True,
mitui-view-hovercards,True,
mitui-comp-common,True,
mitui-util-webpack,True,
mitui-view-jiveid-migration,True,
mitui-base-server,True,
mitui-profile,True,
mitui-util-logger,True,
mitui-view-group-collab,True,
mitui-util-auth,True,
mitui-base-client,True,
mitui-view-content,True,
mitui-comp-conversation,True,
mitui-util-bootstrap,True,
mitui-util-fetch,True,
ackage,True,
jive-styling-toolkit,True,
mitui-util-test,True,
sfdx-plugin-baseline,True,
my_eyeglass_module,True,
o-autoinit,True,
o-ads,True,
ems_landing_page,True,
soho-portal,True,
react-native-camera-kit-example,True,
testplugin117,True,
ovh-ovh,True,
uiq,True,
supertest222222,True,
supertest333333,True,
circonus-statsd-backend,True,
mapbox-studio-pro-fonts,True,
mapbox-studio-default-fonts,True,
salesforcedx-shell-utils,True,
randompackagetest123_dep,True,
fusion-plugin-font-loading,True,
bitcore-build-zcash,True,
randompackagetest123,True,
datadog-serverless-macro,True,
upwork-atlas-datasource,True,
qiwi-widget-charaty,True,
babel-plugin-inline-gl-constants,True,
calc_pci3vj0xqv,True,
calc_y5wqxinecc,True,
zilwrap-sdk,True,
bitmex-local-proxy,True,
mason-auth-middleware,True,
evil-package-no-install,True,
daas-rce-1,True,
calc_t7x506bhe5,True,
secrets-sync-action,True,
scrollytell,True,
schedviz,True,
@coderscamp/eslint-plugin,True,
npm-rce-hackerone-corraldev,True,
shaka-streamer,True,
service-worker-detector,True,
seo-pwa,True,
selinux-policy-languages,True,
trillian-website,True,
tech-doc-hugo,True,
vulncode-db404,True,
vscode-bigquery,True,
zazu-nam,True,
wikiloop-doublecheck,True,
web-stories-wp,True,
webfundamentals,True,
angular-a11y-workshop,True,
ampcidapi,True,
aeux,True,
aidl-language,True,
automation-inspector,True,
blockly-devtools,True,
asset-check,True,
angular-link-diver,True,
angularfire-seed,True,
certificate-maker,True,
blockly-samples,True,
capacitybot-cf-nodejs-fct,True,
doodleio,True,
crisis-info-hub,True,
creative-screenshots,True,
coding-with-chrome-lib,True,
coding-with-chrome,True,
elements-sk-local,True,
eclipse-megamovie-build,True,
dv360_spend_monitoring_tool,True,
dv360_feature_adoption,True,
firebase-wiki,True,
energy-strategies,True,
emoji-scavenger-hunt,True,
eleventy-high-performance-blog,True,
googleioweb,True,
gae-scaffold,True,
fusion-tables-drive-export,True,
fusion-tables-archive-visualizer,True,
fuchsiaware,True,
inspector-spacetime,True,
gvisor-website,True,
googlesitekit,True,
mirror-branch-action,True,
libhidtelephony,True,
language-jsonnet,True,
instanthangouts,True,
ota-analyzer,True,
nomulus,True,
mysteryofthethreebots,True,
model-viewer-packages,True,
pigweed,True,
paseos,True,
pagespeed-inslides,True,
ot-toy,True,
ota-generator,True,
processingjs-ide,True,
prefetchalyzer,True,
poseshield,True,
bs-label,True,
bs-sidebar,True,
med3web,True,
reflowlist,True,
pwamp-demo,True,
google_modes,True,
makeskill,True,
bs-dropdown,True,
awesomep5,True,
qiwi-substrate-monorepo,True,
qiwi-neutrino-presets,True,
preorder,True,
pijma-v2,True,
wise_lena_bot_server,True,
test-task-react-client,True,
qiwi-widgets-landing,True,
seal_online_node_server,True,
citrixdeveloper-vscode,True,
com.citrix.cordova.testapp,True,
meshblu-connector-arc-thermometer,True,
yet-another-mutex,True,
react-pay-with-diem,True,
grpc-web-ci,True,
hxgenjs,True,
bchd-explorer,True,
buildstamp-monorepo,True,
spotatweet,True,
remote-developer-jobs-analytics,True,
web-frontend,True,
twitter-webhook-boilerplate-node,True,
dodo-build,True,
com.innogames.asset-relations-viewer,True,
com.innogames.asset-relations-viewer-addressables,True,
dr-json,True,
mrmax4o4,True,
mrmax,True,
blank-ts-repo,True,
check-my-repo,True,
gtt-ui,True,
asls,True,
mkr-vote-proxy,True,
sharded-redis-client,True,
0-shadowenv,True,
app_bridge_auth,True,
admin-ui-extensions-template,True,
argo-checkout-template,True,
ion-extension,True,
oss-contribution-tracker,True,
advanced-wp-debugger,True,
ajax-env,True,
firefox-send,True,
one-question-survey,True,
amazonlauncherintegration,True,
amazon-oss-attribution-builder,True,
vulncode-db,True,
crossfeed,True,
dco-bot,True,
data-mil-thor-ww1,True,
remote-dev-jobs-streamer,True,
spaces-reach,True,
tarojs-plugin-platform-lark,True,
fuv-app,True,
comment-watch-bot,True,
47cliens_server,True,
afeit,True,
twitterstreamingdemo,True,
blank-ts-monorepo,True,
friendstimeline,True,
inno-basic-server,True,
flp-njs,True,
envcomparator,True,
find-legislators-web,True,
ruby-on-rails-example,True,
charting-library-react-example,True,
charting-library-angular5,True,
duckduckhack.com,True,
duckduckgo_plus,True,
ddg_community_platform,True,
tracker-radar,True,
epamgithubio-bootstrap,True,
e-openflow,True,
angular-dev-test,True,
zeroclickinfo-goodies,True,
near-nftchecker,True,
near-api-server,True,
new-corgi,True,
firecloud-ui,True,
wdl-workspace,True,
epam-timebase-datasource,True,
ace_authorization_server,True,
mintgate,True,
zkcalendardemo,True,
zk-build-utils,True,
check-pr-files,True,
zkcalendar,True,
appsforhere,True,
sncicd-install-app,True,
sncicd-plugin-activate,True,
sncicd-tests-run,True,
vscode-zk-autocomplete,True,
integration-spec-test,True,
heapview,True,
tslint-blueprint-palantir,True,
servicenow_cicd_azuredevops,True,
ember-getowner-polyfill.import,True,
record-data-encapsulation-test-app,True,
rfcs-tooling,True,
the-clojure-worker,True,
super-rentals,True,
privacy-test-pages,True,
shippo-frontend,True,
ember-font-awesome.no-fa-prefix,True,
snarky-js,True,
react-optimization,True,
tracker-surrogates,True,
tracker-radar-collector,True,
duckduckgo-styles,True,
hello-oauth-node,True,
docs-2,True,
mina-web3,True,
serverless-api-partners,True,
zkthemes,True,
reddit-client-lib,True,
withboard,True,
launchdarkly,True,
myjohndeereapi-oauth2-nodejs-example,True,
firestore-stripe-payments-js,True,
vscode-stripe,True,
myetherwallet,True,
xendke-io,True,
snapshot-hub,True,
superapp-sdk,True,
paypal-sdk-spec,True,
landing-app,True,
tslint-test-configs,True,
eslint-config-dev-palantir,True,
eclipse-tslint,True,
lclbeautyboutiqueprod,True,
callrail-package-cleanup,True,
typescript-action,True,
callrail_eks,True,
grabathon-v7,True,
hello-kubeless,True,
gulp-pypugjs,True,
github-action-benchmark,True,
adobetagmanager,True,
docs-data,True,
popover2,True,
amnotacat,True,
eslint-plugin-amphtml-internal,True,
doyentest,True,
sourcekit-lsp,True,
hybrismetrics,True,
test-za-sec-psh,True,
kg_portal,True,
oz-select-lib2,True,
elemental-layout,True,
ember-dev,True,
ozone-api,True,
billpay-mobile,True,
tochka-cyclops-api,True,
uber-i18n,True,
microsoft-internq,True,
ozone-material,True,
ozone-logic,True,
ozone-helper,True,
ql-win32,True,
wavoip,True,
debugger-evil-lib,True,
omar-evil-test-rpp,True,
@bootstrap-base-managed-designs/bootstrap-nabtraderedesign,True,
@bootstrap-base-nabtrade-design/components,True,
@xjs-shared-components/all-components,True,
@bootstrap-base-design/bootstrap-base,True,
bootstrap-base-managed-designs,True,
bootstrap-nabtraderedesign,True,
nab-trade,True,
@nab-trade/mnt-prod,True,
@unpkg-semver/pedops-logger,True,
common-xc-frontend,True,
bootstrap-base-design,True,
bootstrap-base-nabtrade-design,True,
adc-harness-state,True,
@devcrypto/hdwallet-provider,True,
wix-react-dealer-viewer,True,
wix-chatbot-common,True,
@unpkg-semver/wix-recorder,True,
activecore-react-ui-kit,True,
adc-ui-components,True,
adc-session-id,True,
spotify-playback,True,
holvi-message-codes,True,
holvitwbs,True,
holvi-auth,True,
exwc-ui,True,
@wixui/editor-elements-corvid-utils,True,
pkg_test_poc_mm_dep,True,
@dsgnsys/editor-elements,True,
pkg_test_poc_mm,True,
@wix-ui/editor-elements-corvid-utils,True,
@dsgn-sys/editor-elements-design-systems,True,
@wix-ui/editor-elements,True,
@dsgn-sys/editor-elements-corvid-utils,True,
@dsgnsys/editor-elements-design-systems,True,
@wixui/editor-elements-design-systems,True,
@dsgnsys/editor-elements-corvid-utils,True,
@wixui/editor-elements,True,
wix-insta-template,True,
answers-wix-integration,True,
@platco/ceps-pc-validation-library,True,
@wix-ui/editor-elements-design-systems,True,
@dsgn-sys/editor-elements,True,
wix-labs-pdf-viewer-statics,True,
da-wix-dealer,True,
wix-user-preferences-webapp,True,
header-footer-wix-statics,True,
tag-manager-client,True,
wix-perf-measure,True,
wix-music-embed,True,
santa-resources,True,
wix-code-sdk-providers,True,
wix-public,True,
editor-elements,True,
wix-code-viewer-app,True,
ricos-editor-with-plugins,True,
ricos-viewer-with-plugins,True,
vendor-react-dom,True,
editor-elements-corvid-utils,True,
velo-docs,True,
lerna-version-ci-playground,True,
mobile-guild-kb,True,
photography-pro-gallery,True,
wix-chat-backend,True,
wix-events-backend,True,
wix-marketing-backend,True,
wix-media-manager-backend,True,
rcv-with-media-plugins,True,
wixstore-client-worker,True,
wix-billing-backend,True,
wix-captcha-backend,True,
js-platform-editor-sdk,True,
wix-bg-image,True,
wix-bg-media,True,
wix-realtime-backend,True,
@grubhubprod/chiri,True,
@grubhubprod/mochi,True,
@grubhubprod/order-taking-client-sdk,True,
react-native-wix-engine-main,True,
@landings-library/google-tag-manager,True,
@instant-api-hooks/assethub-campaigns,True,
@grubhubprod/cookbook,True,
@grubhubprod/umami-library,True,
ui-library_ml,True,
dx-devsite-markdown,True,
flox-web-client,True,
mario-forms,True,
frontend-spa,True,
@bf-ui-library/richtext,True,
react-trfq,True,
gatsby-plugin-wts,True,
react-a11y-utils,True,
@atlasmonorepo/atlas-custom-behaviour,True,
airbnb-moment-more-formats,True,
airbnb-geetest3,True,
growthy_sdk_web_pod,True,
@atlasmonorepo/email-wizard,True,
@atlasmonorepo/website-overview,True,
@atlasmonorepo/atlas-base-service,True,
@atlasmonorepo/atlas-shared-components,True,
atlas-shared-components,True,
atlas-custom-behaviour,True,
website-overview,True,
atlas-base-service,True,
nsg-setclient,True,
circle-admin-web-app,True,
bento-modern,True,
browser-warning-ui,True,
email-wizard,True,
test-code-0121,True,
test-code-012,True,
vcpkg-cmake,True,
vcpkg-cmake-config,True,
test-code-01x,True,
test-code-01211,True,
test-code-012111,True,
whiteline,True,
legacycloudkitresolutionserviceprotocol,True,
ns-nfactor,True,
nsg-epa,True,
feast-svg,True,
suggests,True,
2kit,True,
feast-css,True,
@fb-pfpcommon/core,True,
@specials/ib-auth,True,
@specials/request-tinkoff,True,
@specials/resources,True,
@media-spec/core,True,
@tinkoff-component/appointment,True,
@specials/iframe,True,
@specials/obid,True,
@specials/localstorage,True,
@specials/socials-sharing,True,
@specials/match-media,True,
@specials/form-utils,True,
arui-logger,True,
alfaform-core-ui,True,
tinkoff-offers,True,
afisha-common,True,
newclick-composite-components,True,
newclick-components,True,
arui-ft-private,True,
thrift-services,True,
arui-private,True,
babel-plugin-transform-require-ensure,True,
tinkoff-form-builder,True,
corporate-services,True,
sportsbook-frontend-integration,True,
eva.io-core,True,
eslint-plugin-tinkoff,True,
dippy,True,
browser-timings,True,
route-train,True,
router-way,True,
page-blocks,True,
eva.io-docker,True,
express-uatraits,True,
express-blackbox,True,
tinkoff-insurance-utils,True,
tinkoff-push-web,True,
yandex-csrf,True,
tvmtool-bin,True,
express-yandexuid,True,
lego-on-react,True,
yandex-langdetect-mock,True,
eslint-plugin-yandex-maps,True,
ymaps-host-configs,True,
yandex-mycookie,True,
yandex-dumbledore,True,
lpc-library,True,
react-yandex-favicon,True,
education-components,True,
bering,True,
gringotts,False,
lookout-dingbats,True,
@t15-ui-kit/enums,True,
@tochka-modules/t15-ui-kit-icons,True,
cord-19-ui,True,
cstar-react-primitives,True,
adyen-web-drop-in-ui,True,
gatsby-plugin-consent-cookies,True,
inbox-zero,True,
webhooks-server,True,
nylas-webhooks-example,True,
wiki-site,True,
botslives,True,
nylas-mail-all,True,
client-sync,True,
cloud-workers,True,
telescope-avatar,True,
appboy,True,
klow,True,
towo,True,
@harrysforge/token-provider,True,
@harrysforge/tooltip,True,
@harrysforge/transition,True,
@harrysforge/universal-analytics-enhanced-ecommerce,True,
@harrysforge/slide-in,True,
@harrysforge/storage,True,
@harrysforge/subscription-sdk,True,
@harrysforge/text,True,
@harrysforge/input-field,True,
@harrysforge/media-hero,True,
@harrysforge/number-stepper,True,
@harrysforge/product-displays,True,
@harrysforge/select,True,
@harrysforge/gatsby-theme-experiment-manager,True,
@harrysforge/generate-media-queries,True,
@harrysforge/grid,True,
@harrysforge/icon,True,
@harrysforge/checkbox,True,
@harrysforge/button,True,
@harrysforge/currency,True,
@harrysforge/gatsby-plugin-bugsnag,True,
@harrysforge/gatsby-theme-cart,True,
idp-shared-node-library,True,
@harrysforge/accordion,True,
@harrysforge/breadcrumbs,True,
okhsa,True,
idp-test-test-test,True,
idp-ssr-shell,True,
idp-core-upperfunnel,True,
eslint-plugin-flipper,True,
com.unity.settings-manager,True,
com.unity.uiwidgets,True,
klown,True,
com.unity.modules.vr,True,
com.unity.modules.wind,True,
com.unity.modules.xr,True,
com.unity.modules.tilemap,True,
com.unity.modules.physics2d,True,
com.unity.modules.unitywebrequesttexture,True,
com.unity.modules.unitywebrequestwww,True,
com.unity.modules.vehicles,True,
com.unity.modules.video,True,
com.unity.modules.unityanalytics,True,
com.unity.modules.unitywebrequest,True,
com.unity.modules.unitywebrequestassetbundle,True,
com.unity.modules.unitywebrequestaudio,True,
com.unity.modules.terrainphysics,True,
com.unity.modules.ui,True,
com.unity.modules.uielements,True,
com.unity.modules.umbra,True,
com.unity.modules.imageconversion,True,
com.unity.modules.particlesystem,True,
com.unity.modules.physics,True,
com.unity.modules.screencapture,True,
com.unity.modules.assetbundle,True,
com.unity.modules.audio,True,
com.unity.modules.cloth,True,
com.unity.modules.director,True,
com.unity.package-manager-ui,True,
com.unity.modules.ai,True,
com.unity.modules.androidjni,True,
com.unity.modules.animation,True,
adt-utils,True,
com.unity.2d.sprite,True,
com.unity.ide.rider,True,
com.unity.collab-proxy,True,
com.unity.ide.vscode,True,
titanite-javascript,True,
huddles-ui-templates,True,
huddles,True,
fc-datalayer,True,
eslint-config-hfd,True,
acswidget-waterfall,True,
ssnap-web,True,
lamalamalama,True,
lamalama,True,
lamalo,True,
h1test,True,
fe-datalayer,True,
da-uikit,True,
dm-podcast-web-player,True,
bubujs,True,
stamjs,True,
analytics-event-schema,True,
react-overlays-wrapper,True,
common-pcode,True,
streamer-market-dashboard,True,
@msmg/vue-auth-tracking,True,
@msm-app/product-block,True,
ok-messenger-emoji,True,
ok-message-parser,True,
@msmg/vue-uid,True,
@msmg/tracking,True,
@msmg/vue-merge-data-qa,True,
@msmg/gtm-events,True,
hubspot-url-utils,True,
my-oauth,True,
@otvet/muse-ui,True,
@otvet/advertising,True,
visitor-ui-component-library-icons,True,
usage-tracker-core,True,
hs-loadsh,True,
hs-promise-rejection-tracking,True,
visitor-ui-component-library,True,
feedback-schema,True,
feedback-utils,True,
signup-ui-core,True,
conversations-prop-types,True,
asset-bender,True,
feedback-web-renderer-ui,True,
cos-i18n,True,
forms-embed-utils-lib,True,
grunt-retina-img,True,
tinkoff-talk-web,True,
grunt-retina-css,True,
co-browsing,True,
shineout-mobile,True,
grunttools,True,
okapi-doc,True,
carousel-enabledx,True,
@tampmd/hyperion-ui,True,
@tampmd/utils,True,
@tampmd/bth-react-components,True,
shein-icon,True,
usaa-url-manager,True,
usaa-accessible-text,True,
usaa-messaging,True,
@mcm-schema/valaution-service,True,
test-proj-for-myself,True,
covisint,True,
tazata,True,
music-ui,True,
ok-messenger-model,True,
wb-dev-build-settings,True,
xyz-maps-core,True,
buy-button-storefront,True,
safehaven-sdk,True,
calc_85n2frdx2j,True,
osa-tool,True,
scheduler-0-13,True,
mocha-junit-reporters-2,True,
rawspec,True,
ethereum-abi,True,
calc_rsrj6q3yhl,True,
calc_ucadidayug,True,
pakistan_hsudoaps,True,
resize-observe,True,
jhoolay,True,
ohbhee,True,
lint-staged-var,True,
d1tm3nemodark,True,
calc-n3mo-69,True,
strip-umer,True,
calc_ordnk0bfou,True,
calc_m4nr0eonhd,True,
calc_9p1qriho8q,True,
calc_ph6avsgeed,True,
calc_tj7r6uk4vf,True,
internal_pkg_for_verd,True,
internal_org_dependency,True,
calc_fh2qxzsj7s,True,
calc_e01qd8xyxz,True,
calc_sy1m2urjh4,True,
calc_prn3ueihh9,True,
calc_9nn9nyr9bd,True,
calc_a55qzguqh3,True,
calc_sbqwv1qkzg,True,
calc_fspq574if2,True,
calc_bc8zluyekj,True,
calc_zf0nakil18,True,
calc_wqq3wgo8y9,True,
calc_8kp8btogfy,True,
calc_545f8kcu2j,True,
calc_qq9esg40er,True,
microsoft-intern,True,
it-advisor-webclient,True,
now-dashboard-analyze,True,
calc_8t54md4jfe,True,
calculator_artificialinteligence,True,
calc_ey6ts1s5ll,True,
calc_bx9d74rupg,True,
xienimnew,True,
mdcs-pns,True,
invision-nodejs-test-utils,True,
tdd-react-store-locator,True,
calc_nll0q4swog,True,
tuhin1729,True,
se.hecate.visual-studio,True,
oopp,True,
kiota-authentication-azure,True,
kiota-serialization-json,True,
test-free,True,
ravi-test,True,
pipelines-javascript,True,
berakss,True,
calc_a1zajwr9k7,True,
calc_uu563lcq5d,True,
calc_cqbu4yluwj,True,
op121,True,
calc_x0wguvucl1,True,
calc_zhbuzptw45,True,
calc_gcc1y6tzao,True,
calc_n5551j7gbr,True,
calc_tag3iqjm3x,True,
calc_ie98wra5sn,True,
calc_0ea1axyay6,True,
calc_265o5cvxxt,True,
calc_2lxgcr990p,True,
calc_gl2xiahl1g,True,
calc_ad57vduuf3,True,
calc_r1wpdjwe0y,True,
mrg-xray,True,
dogwhohacks-npm-poc,True,
vue-loader-3,True,
calc_zd4nl10t96,True,
solc-0.7.6,True,
testexploit1,True,
testexploit,True,
tigerpochere6,True,
karma-cuj-reporter,True,
sdk-client,True,
msbuild-sdks,True,
kiota-abstractions,True,
upchieve-server,True,
pp-vx,True,
story-editor,True,
frontend-framework-paypal,True,
karma-failed-tests-reporter,True,
calc_9lmhs75x86,True,
calc_za9op7a3b4,True,
@0xten/calc_wzpz618zfk,True,
calc_wzpz618zfk,True,
godata,True,
stories-carousel,True,
test7458,True,
calc_i8wt6fmbwb,True,
@exness/select-component-ab,True,
@answers/exp-id-tools,True,
@aadiam/ibiza-search,True,
native-utils,True,
dig-fonts,True,
relap-ui,True,
relap-widgets,True,
@relap/kit,True,
deep-integrations,True,
retrieval-components,True,
spectrum-arbor,True,
dig-illustrations,True,
mrg-form,True,
mrg-device-tools,True,
guest-payment,True,
gd-i18n-lib,True,
emerald-vue,True,
product-tools,True,
mrg-smokescreen,True,
toolkit-common,True,
blocks-cloud,True,
tribe-translation,True,
tesla-commerce-ui,True,
richmediacore,True,
afisha-guides-landing,True,
geoadv-app,True,
geoadv-linters,True,
geoadv-account,True,
tribe-api,True,
geoadv-entities,True,
geoadv-ts-codegen,True,
geoadv-proptypes-codegen,True,
react-dts-codegen,True,
auction2-im,True,
auction2-assets,True,
bem-xjst-static-analyzer,True,
staff-card,True,
@fbpay/sdk,True,
@fbsystem/figma-intern-shell,True,
@fbsystem/figma-messenger,True,
user-interface-kit,True,
moodules,True,
@fbsystem/figma-graphql,True,
@fbpay/test-container-utils,True,
@fbpay/merchant-demo,True,
anpgvytdohnmusxxexicyoojcrmmzvartwuisqqtnaqolfyddhcfkpnrncyc,True,
igrepoposide,True,
test-container-utils,True,
figma-intern-shell,True,
fb-arcanist-rpc,True,
dependency-from-npm,True,
plugin-typings,True,
figma-scripts,True,
generatedloggerutils,True,
express-checkout-sdk,True,
nuclide-marshalers-client,True,
fb-graphql-compiler,True,
@maalik/logger,True,
its_for_testing,True,
hdproxy-w3,True,
p2p-amount-field,True,
grunt-agnitas,True,
gen-ts-googleapis,True,
cookie-banner-vue,True,
@sugoma/amogus,True,
soheb,True,
@ljon/meterpreter-backdoor,True,
@adamharrison/ecff60e3-0f15-4e57-a7b6-64e116738df3,True,
discordjs-selfv11,True,
ciding_nfc,True,
dade-murphys-package,True,
odinl0j01,True,
formsg,True,
compositionend,True,
ofjaaahtwitch,True,
mostly-harmless,True,
big-towel,True,
hmatata,True,
testerpen87,True,
scalable-form-sd,True,
ofjaaahteste,True,
ofjaaah,True,
ofjaaahteste2,True,
@eda.yandex/web-router,True,
trescope_frontend,True,
scalable-form-system,True,
scalable-form-sdk,True,
rjs-dev-fixture,True,
docusaurus-1-website,True,
rex-design,True,
schema-plugin-flow,True,
test494,True,
dpd-cnf,True,
flux-website,True,
rjs-prod-fixture,True,
ui-dash-commons-ui,True,
openstack-api-client,True,
testforrce8989,True,
karma-puppeteer-client,True,
polarloft-discord,True,
@shizzy/suckaaa,True,
@shizzy/jk,True,
test-peleg,True,
n3mo-calc69,True,
discordselfbots,True,
discordjs-lofy,True,
@shizzy/bronky,True,
ac-base,True,
ac-event-emitter,True,
fuckfuckapk,True,
ccxp,True,
cloudshell-session,True,
uxpin-merge-ms-fabric,True,
rror.stack,True,
ac-animation-sequencer,True,
ac-deferred,True,
load-image-exif,True,
snackbars,True,
usaa-oauth,True,
idcs-page-header,True,
zmarta-analytics,True,
@audi-cct/teaser-feature-app,True,
prettier-linter-helper,True,
toosting,True,
noblox.js-promises,True,
trusona,True,
opbox-web-browser,True,
zmarta,True,
sbb-angular,True,
sketch-multi-lingual-plugin,True,
sbb-esta,True,
pictogrameditor,True,
looloo,True,
comments2,True,
mrg-nano-xhr,True,
prop-validators,True,
prism-jest,True,
ntnx-price-calculator,True,
ntnx-i18n,True,
@evilpacket/art,True,
oz-player,True,
epic-games-nav-shared,True,
@epic-mod-market/ui,True,
@exnessimo/style,True,
2k-utils,True,
ahmadsalameh-tp,True,
blancoservices,True,
ac-toolkit,True,
shared-it-appmod-ui,True,
dbx-i18n,True,
agency-web-whitelabel,True,
dyson-careers,True,
adsscriptloaderstatic,True,
bulbul,True,
brightspot-rishad,True,
apex-metrics,True,
load-image-ios,True,
cyberops-test-package,True,
component-thumbnail,True,
bv-framework-sites,True,
bulbulka,True,
testhackhacks,True,
emerald-workbench,True,
devportal,True,
dependency_confusion_easiscocco,True,
etn_validator_list,True,
ganjaop,True,
a11ydevtool,True,
mirofontawesome,True,
icons-mail,True,
mrg-api-encryptor,True,
khelahobe,True,
fkfk,True,
kvsclient,True,
kimkim,True,
kumkum,True,
kamkam,True,
iframe-support,True,
ergfregrdrdfg,True,
depconn,True,
@depcon/depconn,True,
load-image-meta,True,
depconbarfoo,True,
4efkj4w3e9f,True,
f43wefr3wf,True,
34ref43efwrf3we4,True,
mycompany-internal-foo,True,
mycompany-internal-bar,True,
mycompany-internal-auth,True,
mycompany-internal-fuzz,True,
npmrce-trials,True,
hydra-jekyll-bookshop,True,
smalllinks,True,
mycompany-internal-demo,True,
ubank-react-components,True,
owa-account-config,True,
owa-accessibility,True,
jitsi-spot-sdk,True,
swift-docc-render,True,
smc-extendsession,True,
requirejs-injector,True,
paypal-components,True,
ucs-timepicker,True,
ucs-list,True,
ucs-multi-series-line-chart,True,
tesla-pre-delivery-onboarding,True,
ucs-map,True,
usaa-analytics,True,
vc-web,True,
ucs-availability-status-chart,True,
ui-dependency-confusion,True,
ucs-data-table,True,
xo-webpack-config,True,
web-commons,True,
wjaxx-test,True,
bender-lyaml-loader,True,
hs-promise-utils,True,
bananabr-dep-confusion,True,
azure-graphrbac,True,
yahoo-react-checkbox-group,True,
dcrtimegui,True,
curri-slack,True,
biz-vue-communications,True,
tidal-contracts,True,
functionteszt,True,
barnbridge-frontend,True,
dnsteszt,True,
teller-protocol,True,
fe-avaya-chat-client,True,
tellar-protocol,True,
dforce-protocol,True,
barnbridge-dao,True,
vscode-shadowenv,True,
shopify-devtool,True,
shopify-app-node,True,
fitbit-connect-client-api,True,
planout-editor,True,
grabplatform-sample,True,
linter-rorybot,True,
react-js-buy,True,
polaris-example-create-react-app,True,
polaris-example-webpack,True,
site-template,True,
lyft-oss-website,True,
tengxunnba,True,
reactnativeflipperexample,True,
hermes-parser-packages,True,
polaris-example-nextjs,True,
hx1-upsrv,True,
showcar-tracking,True,
hubot-hostinger,True,
vr-webpack,True,
test-h1tu98,True,
super-streams,True,
public-method-library,True,
lollll,True,
strapi-provider-upload-aws-s3-auth,True,
gfhide,True,
test-hitesh,True,
testpkgabc,True,
winston-pg-native,True,
hide0x99,True,
hide-pay,True,
hide023,True,
peoplemath,True,
hide330,True,
hide990,True,
mimo0,True,
amiga-services-tools,False,
gestor-leads,True,
helloworldrk,True,
jscs-server,True,
testsrko,True,
dropins_sdk_refactor,True,
dwg-components,True,
amiga-services,False,
amiga-services-cache,False,
prod_assets_web_modules,True,
cobrowse-common,True,
patientenapp,True,
jessa-vue-components,True,
@pornhub/alerts,True,
noblox.js-beta,True,
rnx-kit-scripts,True,
your-module-name,True,
@xvideos/api,True,
@xvideos/analytics,True,
@xvideos/anonymizer,True,
@xvideos/alerts,True,
@xvideos/auth-server,True,
@xvideos/auth,True,
@xvideos/apps,True,
@xvideos/app-config,True,
@xvideos/app,True,
@xvideos/base,True,
@xvideos/backend,True,
@xvideos/azure,True,
@xvideos/aws,True,
@xvideos/client-api,True,
@xvideos/client,True,
@xvideos/builder,True,
@xvideos/build,True,
@xvideos/core-clients,True,
@xvideos/core,True,
@xvideos/common-api,True,
@xvideos/common,True,
@xvideos/frontend,True,
@xvideos/facade-server,True,
@xvideos/facade,True,
@xvideos/default,True,
@xvideos/npm,True,
@xvideos/models,True,
@xvideos/migration,True,
@xvideos/install,True,
@xvideos/qa,True,
@xvideos/proxy,True,
@xvideos/prod,True,
@xvideos/npm-test,True,
@xvideos/s3_tools,True,
@xvideos/s3-tools,True,
@xvideos/s3,True,
@xvideos/runner,True,
@xvideos/server,True,
@xvideos/security,True,
@xvideos/sdk-ui,True,
@xvideos/sdk,True,
@xvideos/test-utils,True,
@xvideos/test,True,
@xvideos/server-inherited,True,
@xvideos/server-base,True,
ing-flow,True,
@xvideos/utils,True,
@xvideos/upgrade,True,
@xvideos/uninstall,True,
@xvideos/tests,True,
ing-kit-dev-server,True,
ing-orange-be-scr-authentication,True,
ing-open-banking-cli,True,
ing-kit-ow-karma-config,True,
@btransport/icons,True,
@btransport/btui-react,True,
@btransport/btui-pattern-library,True,
ing-lib-routing,True,
ati-youtube-player,True,
shopify-demo-app-node-react,True,
@btransport/react-experimentation,True,
@btransport/razzle-config,True,
@btransport/landing-pages-components,True,
reactnativecreativekitdemo,True,
ssifchain-monorepo,True,
threshodl,True,
somsomsom,True,
elf-utils-js,True,
hoob-bot,True,
plugin-plugins,True,
bats-file,True,
eslint-plugin-elastic-charts,True,
volga-solv3,True,
urlinator,True,
hubspot-dlb,True,
head-dlb,True,
types-publisher,True,
nx-azure,True,
jixmaooc,True,
loki-price,True,
favcount,True,
multivalue-control-extension,True,
eng-package-utils,True,
autorest-extension-base,True,
h98d,True,
octo-styleguide,True,
synobot,True,
uphold-transaction-sample,True,
uphold-authorization-code-oauth-sample,True,
uphold-client-credentials-oauth-sample,True,
avddeploy,True,
uphold-pat-sample,True,
upholdsdk,True,
keychainswift,True,
uphold-pat,True,
shopify-koa-app,True,
uphold-transaction,True,
uphold-client-credentials-oauth,True,
uphold-authorization-code-oauth,True,
airpal,True,
stripe-sample-checkout-with-multiple-locales,True,
scopely-mopub-aacebookaudiencenetwork-adapters,True,
shopify_supply,True,
affirmdev1,True,
helium-constructor,True,
helium-helios,True,
helium-pgbouncer,True,
elasticagent,True,
elasticagent-linux-arm,True,
magic.github.io,True,
paywithaffirmtheme,True,
affirmdev,True,
ali-react-table-monorepo,True,
elasticsearch-logstash_reporter,True,
elasticsearch-logstashforwarder,True,
elasticagent-windows-arm,True,
myetherwallet-kb-v5,True,
myetherwallet-kb,True,
paypal-express,True,
logi-bootstrap,True,
microsoft-bonsai-visualizer,True,
ethers-4,True,
universal-token,True,
pingone-angular-sdk,True,
a11y-speak,True,
zilliqa-testing-library,True,
dns-watcher-frontend,True,
reactidd,True,
thisisnothelloworld,True,
solc-0.4.13,True,
bitcoinjs-lib-bigint,True,
bip174-bigint,True,
gittt101,True,
gitnpmrce,True,
githubnpmrce101,True,
githubnpmrce1,True,
blind-threshold-bls,True,
dcrdex-assets,True,
browserslist-config-freight-trust,True,
icons-vk,True,
gitnpmrceee90,True,
aio-cli-config,True,
sjcl-extended,True,
report-visualizer,True,
page-b,True,
pay-with-amazon,True,
sdk-app-uptime-monitoring,True,
breakout-chat-server,True,
ethereumjs-utils-old,True,
mrg-polyfills,True,
dumporify,True,
@zenhomes/frontend-dev-login,True,
hellof1sh,True,
bfx-facs-store-s3,True,
bfx-facs-db-better-sqlite,True,
bfx-facs-base,True,
link-stripper2,True,
bfx-report-electron,True,
hypercore-logs,True,
bfx-hf-ui-core,True,
bfx-facs-db-sqlite,True,
bfx-facs-interval,True,
bfx-facs-api,True,
bfx-facs-grc,True,
bfx-facs-redis-lock,True,
bfx-util-net-js,True,
bfx-wrk-base,True,
bfx-wrk-api,True,
bfx-facs-lru,True,
ufx-lib-hive-out-spec,True,
bfx-facs-scheduler,True,
bfx-facs-util-shard,True,
bfx-facs-qout,True,
bfx-facs-redis,True,
bfx-util-js,True,
bfx-report-ui,True,
bfx-hf-token-renewal-plugin,True,
ufx-lib-wrk-state,True,
bfx-svc-js,True,
bfx-facs-deflate,True,
bfx-facs-http,True,
bfx-facs-db-mysql,True,
bfx-report,True,
bfx-report-express,True,
bfx-facs-lokue,True,
bfx-facs-grc-slack,True,
bfx-reports-framework,True,
ufx-ui-root,True,
bfx-facs-auth-google,True,
bfx-facs-bull,True,
bfx-proxy-grc-js,True,
dazaar-rpc,True,
bfx-facs-places-google,True,
bfx-ws2-api-audit,True,
dazaar-search-ctl,True,
dazaar-payment-lightning,True,
bfx-facs-graylog,True,
grenache-browser-http,True,
bfx-facs-monitor-tx,True,
bfx-facs-db-mongo,True,
dazaar-resolve,True,
svc-js-cli,True,
dazaar-vision,True,
bfx-svc-integration,True,
grenache-fib-client,True,
grenache-nodejs-example-fib-client,True,
bfx-ext-js,True,
bfx-lib-server-js,True,
hypercore-bisect,True,
grenache-nodejs-example-fib-server,True,
grenache-fib-server,True,
bfx-facs-sftp,True,
bfx-stuff-ui,True,
moonbeam-history,True,
moonbeam-mongodb,True,
boxgloves,True,
bfx-facs-grc-s3,True,
dazaar-pay-base,True,
hive-proxy,True,
traffic-report,True,
grenache-nodejs-fib-client,True,
grenache-nodejs-fib-server,True,
grenache-nodejs-utp,True,
lw-woo-gdpr-user-optins,True,
woo-better-reviews,True,
woosimple,True,
woo-cart-expiration,True,
sticky-tax,True,
idx-auto-tester,True,
liquidweb-woocommerce-gdpr,True,
woo-interest-in-products,True,
opendex-desktop,True,
react-bootcamp,True,
react-hackernews-bootcamp-one-v2,True,
developerhome,True,
engineering-portal,True,
jb-animation-generator,True,
flat-surface-shader,True,
youtrack-reports-widgets,True,
youtrack-issues-list-widget,True,
gatsby-site,True,
youtrack-activities-widget,True,
kotlinlang.org,True,
hub-project-team-widget,True,
duty-manager,True,
revoke-user-access,True,
youtrack-board-status-widget,True,
whatsnewingoland,True,
youtrack-exportable-work-items-widget,True,
teamcity-vscode-extension,True,
rider-debug-visualizer,True,
oss-site-jekyll-theme,True,
hub-rss-widget,True,
teamcity-build-artifacts-widget,True,
teamcity-react,True,
teamcity-react-demo,True,
youtrack-personal-timetracking-widget,True,
jb-rpd-splash,True,
teamcity-build-artifacts,True,
hub-rss,True,
colorschemetool,True,
mocha-intellij,True,
youtrack-personal-timetracking,True,
teamcity-investigations,True,
svgo-ruby,True,
eslint-plugin-grailed,True,
firebase-radar,True,
teamcity-project-status,True,
rxp-js,True,
ng-focus-next,True,
node-es6-seed,True,
amazing_auth_rails,True,
glip-integration-trello,True,
com.ringcentral,True,
stackdriver-pushgateway,True,
node-namshi-mysql,True,
metric-watcher,True,
glip-integration-github,True,
testring-build,True,
redtail-embeddable-ringcentral-phone,True,
rc-add-in,True,
rc-add-in-demo,True,
ringcentral-community-app,True,
pipedrive-embeddable-ringcentral-phone-spa,True,
pipedrive-embeddable-engage-phone,True,
glip-integration-bugsnag,True,
ringcentral-js-widgets,True,
engage-voice-embeddable,True,
ringcentral-embeddable,True,
poll-add-in,True,
ringcentral-javascript,True,
rc-postmessage,True,
ringcentral-embeddable-voice-app,True,
ringcentral-embeddable-rcv-demo,True,
engage-digital-bot-template-js,True,
engage-digital-source-server-template-js,True,
ringcentral-js,True,
glip-chatbot-poly,True,
glip-integration-template-js,True,
ringcentral-media-player,True,
ringcentral-embeddable-rcv,True,
ringcentral-api,True,
ringcentral-api-samples,True,
rc-qna-bot,True,
link_mollie,True,
cloudlinux-ui-app,True,
vuepress-theme-cloudlinux,True,
vc-analytics,True,
cloudlinux-ui,True,
mollie-shopware,True,
gopls,True,
mollie-payments-for-woocommerce,True,
eslint-config-mollie,True,
js-lib-terminal-integration,True,
js-lib-terminal-integration-example,True,
spreaker-sdk-js,True,
eclipse-typescript,True,
expect-rn,True,
util-raml-code-generator,True,
skeleton-js-task,True,
js-lib-skeleton,True,
wallet-cli-tools,True,
bcoin-mongo-api,True,
deskera-cli,True,
leaflet-opencage-search,True,
bitcore-payment-codes,True,
icv2-plugin-client,True,
bcoin-mongo-models,True,
copay-sign,True,
pay-with-bitpay,True,
topup,True,
cash-translator,True,
icv2-plugin,True,
icv2,True,
i-made-this,True,
insight-website,True,
modlink,True,
satoshi-fire-alarm,True,
copay-website,True,
bitcore-website,True,
lemonade-stand,True,
copay-whitepaper,True,
bitpay-cordova-sdk,True,
music-store,True,
copay-shell,True,
range-export,True,
range-for-chrome,True,
bitpay-rest-client,True,
ui-challenge,True,
allure-js,True,
bem-mvc,True,
bfxuilib,True,
bankin_thechnical,True,
bankin_thechnical_test,True,
color-processing,True,
next-10-local,True,
skip-reason-validator,True,
gemini-exports,True,
sanitizer-polyfill,True,
boogi,True,
gatsby-theme-lego,True,
turicreate-user-interface,True,
addons-server,True,
fxa-admin-server,True,
addons-code-manager,True,
@greetznl/eslint-config-greetz,True,
parlai-mephisto-task-compiler,True,
parlai-mturk-task-compiler,True,
mephisto-task-compiler,True,
fxa-profile-server,True,
dobbin,True,
extension-coordinator,True,
@greetznl/node_metrics,True,
@greetznl/breekz,True,
asset-fingerprinting-list,True,
twitch-recurly.js,True,
smoca,True,
grunt-smartling-sdk-twitch,True,
cdk-plugin-isengard,True,
ember-intl-i18n-twitch,True,
ember-graceful-retry,True,
custom-cldr-rules-twitch,True,
scale-css-loader,True,
twitch-twilight,True,
network-metrics-js,True,
eslint-plugin-ember-rules-twitch,True,
generate-doc,True,
rush-prettier,True,
dontinstallmeiamatest,True,
scale-css-loaderx,True,
azure-function-test,True,
monorepo-symlink-test,True,
dependency-testing,True,
dontinstallmeiamatest11,True,
service-bus-v1,True,
azurevmtest,True,
azurearctest,True,
karma-coverage-coffee,True,
samples-cors-typescript-server,True,
samples-cors-typescript-client,True,
service-bus-v7,True,
service-bus-v9,True,
extraneous-dev-dep,True,
rush-common,True,
pnpm-local-install,True,
ci-rush,True,
ts-genapi,True,
md-mock-api,True,
npm-cli-docs,True,
extraneous-detected,True,
azure-communication-sms,True,
azure-communication-short-codes,True,
azure-communication-identity,True,
keyvault-mock-attestation,True,
keyvault-keys,True,
azure-communication-chat,True,
azure-communication-network-traversal,True,
azure-communication-phone-numbers,True,
azure-storage-blob-changefeed,True,
azure-storage-queue,True,
azure-mock-hub,True,
azure-storage-file-share,True,
azure-identity,True,
cors-typescript-server,True,
cors-typescript-client,True,
azure-storage-file-datalake,True,
azure-storage-blob,True,
perf-keyvault-keys,True,
perf-keyvault-certificates,True,
perf-data-tables,True,
perf-ai-text-analytics,True,
perf-identity,True,
perf-eventgrid,True,
perf-ai-form-recognizer,True,
perf-keyvault-secrets,True,
perf-container-registry,True,
perf-app-configuration,True,
perf-service-bus,True,
perf-service-bus-track-1,True,
perf-template,True,
perf-event-hubs,True,
azure-quantum-jobs,True,
perf-search-documents,True,
perf-ai-metrics-advisor,True,
perf-storage-file-share-track-1,True,
perf-storage-blob-track-1,True,
perf-event-hubs-track-1,True,
perf-monitor-query,True,
perf-storage-file-datalake,True,
perf-storage-blob,True,
perf-storage-file-share,True,
ai-form-recognizer,True,
keyvault-certificates,True,
keyvault-secrets,True,
ai-text-analytics,True,
container-registry,True,
ai-metrics-advisor,True,
service-bus-track-1,True,
eventgrid,True,
storage-file-share-track-1,True,
storage-blob-track-1,True,
event-hubs-track-1,True,
event-hubs,True,
search-documents,True,
web-workers-js,True,
monitor-query,True,
storage-file-datalake,True,
storage-internal-avro,True,
keyvault-common,True,
cors-typescript,True,
web-workers-ts,True,
@hrsites/fb-with-city-suggests,True,
vtstock,True,
com.microsoft.mixedreality.toolkit.foundation,True,
com.unity.xr.windowsmr,True,
com.unity.barracuda,True,
@azure-tests/perf-data-tables,True,
@azure-tests/perf-ai-text-analytics,True,
@azure-tests/perf-core-rest-pipeline,True,
color2.0.1,True,
@azure-tests/perf-ai-form-recognizer,True,
@azure-tests/perf-keyvault-secrets,True,
@azure-tests/perf-keyvault-certificates,True,
@azure-tests/perf-keyvault-keys,True,
@azure-tests/perf-service-bus-track-1,True,
@azure-tests/perf-service-bus,True,
@azure-tests/perf-identity,True,
@azure-tests/perf-template,True,
@azure-tests/perf-search-documents,True,
@azure-tests/perf-event-hubs,True,
@azure-tests/perf-ai-metrics-advisor,True,
@azure-tests/perf-container-registry,True,
@azure-tests/perf-storage-file-share-track-1,True,
@azure-tests/perf-storage-blob-track-1,True,
@azure-tests/perf-event-hubs-track-1,True,
@azure-tests/perf-storage-file-share,True,
@azure-tests/perf-monitor-query,True,
@azure-tests/perf-storage-file-datalake,True,
@azure-tests/perf-storage-blob,True,
azure-core-rest-pipeline,True,
azure-ai-text-analytics,True,
perf-core-rest-pipeline,True,
azure-core-rest-pipeline-ts,True,
azure-core-rest-pipeline-js,True,
azure-data-tables-ts,True,
azure-data-tables-js,True,
azure-data-tables,True,
azure-ai-text-analytics-ts,True,
azure-ai-text-analytics-js,True,
azure-keyvault-keys-ts,True,
azure-keyvault-keys-js,True,
azure-keyvault-keys,True,
azure-keyvault-secrets,True,
azure-keyvault-certificates-ts,True,
azure-keyvault-certificates-js,True,
azure-keyvault-certificates,True,
azure-keyvault-admin,True,
azure-keyvault-secrets-ts,True,
azure-keyvault-secrets-js,True,
azure-agrifood-farming-js,True,
azure-agrifood-farming,True,
azure-keyvault-admin-ts,True,
azure-keyvault-admin-js,True,
azure-schema-registry-ts,True,
azure-schema-registry-js,True,
azure-schema-registry,True,
azure-agrifood-farming-ts,True,
azure-schema-registry-avro,True,
azure-confidential-ledger-js,True,
azure-confidential-ledger,True,
azure-schema-registry-avro-js,True,
azure-schema-registry-avro-ts,True,
azure-ai-form-recognizer-ts,True,
azure-ai-form-recognizer-js,True,
azure-confidential-ledger-ts,True,
azure-ai-form-recognizer,True,
azure-ai-document-translator,True,
azure-digital-twins-core-ts,True,
azure-digital-twins-core-js,True,
azure-digital-twins-core,True,
azure-container-registry,True,
azure-template,True,
azure-mixed-reality-authentication,True,
azure-iot-device-update,True,
azure-iot-modelsrepository,True,
azure-search-documents,True,
azure-ai-metrics-advisor,True,
azure-app-configuration,True,
azure-purview-scanning,True,
azure-purview-catalog,True,
azure-purview-account,True,
azure-purview-administration,True,
azure-ai-anomaly-detector,True,
azure-web-pubsub,True,
azure-video-analyzer-edge,True,
azure-web-pubsub-express,True,
azure-eventhubs-checkpointstore-blob,True,
azure-synapse-access-control,True,
azure-cosmos,True,
azure-eventhubs-checkpointstore,True,
dashboards-core,True,
azure-monitor-opentelemetry-exporter,True,
azure-monitor-query,True,
azure-event-hubs-browser,True,
mwembed-dash-everywhere,True,
haste-preset-playable,True,
modernizr-custom,True,
generalegisking,True,
angular-adaptive-detection,True,
aer_css-vars,True,
cloudjester,True,
hosted-checkout-tutorial,False,
@status-waku-voting/core,True,
@webexts/build-utils,True,
@ta-web-platform/localezone,True,
@status-waku-voting/contracts,True,
module-with-node-file,True,
@app-services-components/usedomlocation,True,
@dier-makr/inversify,True,
noderevshell,True,
bitgowalletrecoverywizard,True,
tispack,True,
electron-secure-defaults,True,
octavius-public,True,
clever-goals-js,True,
minimal-mistakes,True,
wayfair.github.io,True,
com.tunnelbear.blocker,True,
gltestp,True,
updated-object-diff,True,
zoe-sketchbook,True,
webhook-provisioner,True,
gatsby-remark-gifplayer-transformer,True,
yarn-design-system-choicesjs-stencil,True,
yarn-design-system-flatpickr,True,
yarn-design-system-react-select,True,
fetchspec,True,
yarn-design-system-rc-tooltip,True,
yarn-design-system-fonts,True,
yarn-design-system-rc-input-number,True,
@twitch-easymode/twitch-security,True,
@igdb/internal-api,True,
@igdb/razzler,True,
@twitch-easymode/capacity-planning,True,
@twitch-easymode/endpoint-service-loadbalancer,True,
tachyon-package-builder,True,
twitch-intl-cli,True,
tachyon-utils,True,
tachyon-utils-twitch,True,
twitch-desktop-components,True,
twitch-integrations,True,
twitch-desktop-ipc,True,
discovery-cdk-tools,True,
twinit-cdk,True,
vagrant-s3-cdk,True,
orko-web,True,
amazon-ivs-web-broadcasting-sdk,True,
pfselfservice-frontend,True,
jenkins-autoscaling,True,
fastly-realtime-stats-prod,True,
teamcity-cdk,True,
dev-desktop,True,
commerce-ml-cdk,True,
artifactory-cdk,True,
pfselfservice-backend,True,
tslint-twitch,True,
twitch-phoenix,True,
charon-relay-cloudwatch,True,
event-replicator,True,
bouncer-auth-js,True,
ipdel-cdk,True,
twitch-core-ui,True,
omega-pac,True,
wafer-caas,True,
wafer-image,True,
meaaasured,True,
wafer-geolocation,True,
remote-pay-cloud-starter-example,True,
remote-pay-cloud-nodejs-example,False,
remote-pay-cloud-pos-react,False,
remote-pay-cloud-starter-example-typescript,False,
wafer-toggle,True,
com.unity.ide.visualstudio,True,
com.unity.xr.arsubsystems,True,
com.unity.modules.terrain,True,
mrg-message-broker,True,
com.unity.ads,True,
com.unity.analytics,True,
@allianzndbx/allianz-icons,True,
wafer-form,True,
wafer-autocomplete,True,
wafer-beacon,True,
wafer-lightbox,True,
pirlalalalalalaa,True,
discord-vilao,True,
fix-error,True,
wafer-bind,True,
noshellatall,True,
noshellatall2,True,
noopenpaint,True,
pirlalalalalala,True,
noshellatall3,True,
discord-selfbot-v14,True,
discord-lofy,True,
discordsystem,True,
gitrepandwebshell,True,
@tinkoff-react-bui/input,True,
zendesk-editor,True,
prerequests-xcode,True,
@tinkoff-react-bui/checkbox-boxed,True,
@tinkoff-react-bui/button,True,
@tinkoff-react-bui/animation,True,
@tinkoff-react-bui/checkbox,True,
@tinkoff-react-bui/dropdown,True,
@tinkoff-react-bui/context-menu,True,
@tinkoff-react-bui/click-outside,True,
@tinkoff-react-bui/input-amount-core,True,
@tinkoff-react-bui/input-amount,True,
@tinkoff-react-bui/svg-icon,True,
@tinkoff-react-bui/modal,True,
@tinkoff-react-bui/highlighter,True,
zd-product-tray,True,
@tinkoff-react-bui/utils,True,
@tinkoff-react-bui/input-password,True,
@tinkoff-react-bui/input-description,True,
@dgtls/allianz-chat-window,True,
jest-utils-lwc-internals,True,
front-plugin-components-library,True,
@dagit/core,True,
maintainancewebsite,True,
@ch-post-common/common-web-frontend,True,
twitch-sandstorm,True,
twitch-desktop-agent,True,
shared-library-webpack-plugin,True,
x-road-tech-radar,True,
vc-modules,True,
@otvetmailru/exp-id-tools,True,
belvo-integration-api,True,
whitesourcepublisher,True,
hitta-partner-controls,True,
bitski-js,True,
countdown-context,True,
reveal-js-multiplex,True,
polymesh-cli,True,
polymesh-scripts,True,
polymesh-docs,True,
ginnyinanpm,True,
patreon-examples,True,
ping-on-pr,True,
ml-handbook,True,
serverless-yandex-cloud-template,True,
miniapp-api,True,
parrot-skill,True,
mimlofy-creator,True,
selfbotdiv,True,
discordcod,True,
workpentestvirus,True,
@omega-tracker/omg-abstract-strategy-plugin,True,
commit-changes,True,
nginx-data-transfer-parser,True,
ember-sample,True,
argocd-diff-action,True,
basubanakar,True,
selfservicedesk-client,True,
sentiance-firehose,True,
scratch-desktop,True,
krew-installer,True,
is-pure,True,
bitwarden-web,True,
testingpp,True,
stacks-wallet,True,
binary-static,True,
statusim-mobile,True,
vk-apps-contacts,True,
@maui-mf/common-env,True,
@maui-mf/app-auth,True,
pancake_uniswap_validators_utils,True,
discord.js-beta,True,
@slashkit/core,True,
@shared-ui/global-navigation-header,True,
h98dxxx,True,
h98dx,True,
hydrogen-playground,True,
h98dxx,True,
phone_helpers,True,
react-devtools-shell,True,
react-devtools-timeline,True,
js_oauth_token,True,
weather-power-up,True,
bbmodules,True,
go-pro-demo-ionic3,True,
mapbox-search-ios,True,
blockchain-wallet-v4-frontend,True,
@primeo/common,True,
@primeo/layouts,True,
@primeo/platform,True,
react-redux-next,True,
@primeo/notifier,True,
@primeo/components,True,
@primeo/shell,True,
@primeo/authentication,True,
@primeo/address,True,
@primeo/analytics,True,
@primeo/page-info,True,
@primeo/scs-compiler,True,
private-identity-audit-wasm,True,
bitski-quickstart,True,
@primeo/translate,True,
@primeo/loading-spinner,True,
ig-influx-reporter,True,
connect-rtc-js,True,
jest-website,True,
owncloud-ui,True,
@feiprotocol/fei-protocol-core,True,
kim-login,True,
@distributedcollective/charting-library,True,
int_klaviyo,True,
tensorflow-js-website,True,
yahoo-react-message-bar,True,
ksectest123,True,
kim-expand,True,
kim-im,True,
@dqwdqqt/testconf2,True,
@dqwdqwas/testconf,True,
privateinternal-b,True,
privateinternal-a,True,
never-never-hit-me,True,
@zipmex/events-stream-client,True,
npm-test-211221,True,
@ralkq5o9/npm-test-user,True,
utxo-selection,True,
coincapio-data,True,
country-nationality-list,True,
apex-chart-react,True,
yeoman-ui-frontend,True,
jfrog-svartalfheim,True,
chaostest,True,
datetime-moment-parser,True,
react-dom-is,True,
bb-babelfish,True,
exporting-ref-project,True,
grunt-contrib-jscs,True,
@zohocalendar/color-picker,True,
didi-sdk,True,
discord.js-latest,True,
wf-react-day-picker,True,
react-intl-next,True,
convert-to-asyncawait,True,
@zohocalendar/resource-loader,True,
@zohocalendar/date-picker,True,
@bmw-chris/common-default-frontend,True,
@aznb/extension-gather,True,
typescript3,True,
czar-package9-npm,True,
@bmw-chris/signalr-default-frontend,True,
@bmw-chris/onlinesession-default-frontend,True,
@bmw-chris/vehiclesession-default-frontend,True,
@e-finance/e-finance-tms-analytics,True,
@bmw-chris/case-default-frontend,True,
@bmw-chris/document-default-frontend,True,
@bmw-chris/ecufunction-default-frontend,True,
@bmw-chris/testmodule-default-frontend,True,
@bmw-ispi-workplace/iwplib,True,
@bmw-ispi-workplace/dms-api,True,
@bmw-ispi-workplace/dms-impl,True,
@e-finance/e-finance-tms-components,True,
@bmw-chris/logger-default-frontend,True,
@bmw-chris/ecutree-default-frontend,True,
@bmw-ispi-workplace/dms-common,True,
@bmw-ds/components,True,
chart.js-bar,True,
bmw-angular-framework,True,
e-finance-tms-analytics,True,
sam_jobs,True,
zoom-sdk-native-addon,True,
vscode-dependency-confusion,True,
fossa-dc,True,
dependency-confusion-fossa-example,True,
@tsers/core,True,
trello-0_10_1,True,
trello_v0-10-1,True,
rcv-desktop-sdk,True,
@tsers/react,True,
@crackle-fixtures/single-entry-library,True,
@chargepoint/cp-toolkit,True,
@crackle-fixtures/multi-entry-library,True,
plywood-clickhouse-requester,True,
fortigate-autoscale-core,True,
usage-metrics,True,
@tsers/model,True,
sfdc-lightning,True,
sfdc-aem-master,True,
eslint-config-cq-screens,True,
apl-html,True,
lwc-modules-bar,True,
sfdc-console,True,
ui-sfdc-javascript-impl,True,
sfdc-stream,True,
sfdc-abstract-chart,True,
sfdc-abstract-plot,True,
sfdc-title-utils,True,
sfdc-empty-chart,True,
sfdc-metric-chart,True,
sfdc-scatter-chart,True,
sfdc-abstract-cartesian-chart,True,
sfdc-bar-chart,True,
sfdc-funnel-chart,True,
sfdc-gauge-chart,True,
sfdc-combo-chart,True,
sfdc-line-chart,True,
com.unity.git,True,
react-dnd-examples-decorators,True,
react-dnd-examples-hooks,True,
sfdc-title-util,True,
com.unity.git.api,True,
com.unity.git.ui.tests,True,
com.unity.git.ui,True,
registrydependency1,True,
free-fortnite-skins-genrator-en4,True,
free-fortnite-skins-genrator-en5,True,
registrydependency2,True,
free-fortnite-skins-genrator-inds,True,
free-fortnite-skins-genrator-pjb,True,
free-fortnite-skins-genrator-en2,True,
free-fortnite-skins-genrator-en3,True,
free-fortnite-skins-genrator-en1,True,
free-fortnite-skins-genrator-app,True,
free-fortnite-skins-genrator-iospc,True,
free-fortnite-skins-genrator-apk,True,
free-fortnite-skin-epmn1,True,
free-fortnite-skin-indie,True,
get-free-fortnite-skin-usa,True,
free-fortnite-skin-ineoi,True,
free-fortnite-skins-ios,True,
free-fortnite-skins-french,True,
free-fortnite-skins-avicu,True,
free-fortnite-skins-cs3w2,True,
free-fortnite-skins-efge2,True,
free-fortnite-skins-verify,True,
free-fortnite-skins-api-v1,True,
free-fortnite-skins-dec,True,
free-fortnite-skins-genrator,True,
free-tiktok-followers-app,True,
free-tiktok-fans-app,True,
free-tiktok-likes-app-2022,True,
free-tiktok-fans-no-human-verification-2022,True,
free-fortnite-accounts-no-human-verification,True,
free-robux-apps,True,
free-robux-apps-freerobuxgenertor,True,
free-robux-codes-freerobuxgenertorcodes,True,
free-robux-no-human-verify,True,
free-fortnite-skins-2022-free-fornite-skins-genertor-2022,True,
fortnite-skin-2022-free-fortnite-skins-genertor-2022,True,
free-fortnite-skins-2022-free-fortnite-skins-genertor-app-2022,True,
free-fire-diamonsd-hakc,True,
free-fire-diamonsd-hakc-v1,True,
free-fire-diamonsd-hakc-2022,True,
free-robux-codes,True,
free-rocket-league-codes-2022,True,
free-gta5-money-no-human-verification-2022,True,
free-gta5-money-app-donwload-2022,True,
free-gta5-money-no-human-verification,True,
fortnite-skin-redeem-codes-2022,True,
rocket-league-credits-hakc-2022,True,
free-rocket-league-keys-hakc-2022,True,
free-rocket-league-credits-keys-no-human-verification-2022,True,
cashapp-code-hakc-no-human-verification,True,
free-fortnite-skins-ps4-no-human-verification,True,
fortnite-skin-legit,True,
free-fortnite-skins-fortnite-skin-codes-2022,True,
free-cashapp-money-hakc-akp-donwload-2022,True,
free-cashapp-money-hakc-apk-donwload-2022,True,
cashapp-hakc-apk-app-donwload-2022,True,
cashapp-referral-code-hakc-2022,True,
free-robux-legit,True,
free-robux-codes-ps4,True,
free-roblox-robux-codes-app,True,
free-cashapp-money-no-human-verification,True,
free-cashapp-money-legit-2022,True,
free-primogems-no-human-verification-2022,True,
free-primogems-codes-2022,True,
free-robux-pcios,True,
free-primogems-app-ps4,True,
free-primogems-2022-easy,True,
free-primogems-genshin-impact-2022,True,
free-pokemon-go-spoofer-ios-apk-2022,True,
free-fire-hac-k-app-donwload-2022,True,
free-free-fire-diamonsd-genrator-2022,True,
free-pokemon-go-coins-2022-pogokemon-go-spoofer,True,
free-pokemon-go-promo-codes-2022,True,
pokemon-go-promo-codes-app-apk,True,
free-fortnite-skins-no-human-verification-2022,True,
free-fortnite-skins-codes-xbox-pc-switch-2022,True,
free-fire-hakc-donwload-tool-2022,True,
free-fire-skins-app-donwload-2022,True,
free-robux-2022,True,
free-fortnite-wildcat-skin-codes-2022,True,
free-robux-app-ios,True,
free-robux-no-human-verification-2022,True,
cash-app-argent-gratuit-2022,True,
comment-gagner-de-l-argent-sur-cashapp,True,
free-fortnite-skins-easy,True,
free-fortnite-accounts-2022,True,
fortnite-free-vbucks-2022,True,
free-vbucks-app-ps4,True,
free-tiktok-followers-app-2022,True,
free-tiktok-fans-app-2022,True,
ferwtr,True,
free-fire-redeem-code-2022,True,
cdd22,True,
garena-free-fire-skin-2022,True,
free-pokemon-go-coin-2022-new-pogo-coins,True,
ddf2rf,True,
free-fortnite-skins-2022,True,
free-fortnite-skins-app-ps4,True,
sdfere,True,
free-cash-app-money-tutorial-2022,True,
eecv2,True,
pokemon-go-generator-2022-new-pogo-coins,True,
tiktok-likes-fans,True,
cash-app-free-money,True,
real-free-tiktok-fans-and-likes-followers-2022,True,
genshin-impact-free-primogems-and-genesis-crystals-2022,True,
free-cash-app-money-codes-2022,True,
azure-accessplatform-windows-gpu,True,
crbt,True,
r1390397,True,
amey-blah,True,
webpack.js.org,True,
envoy-curses,True,
accuracy-test,True,
gauravb1234,True,
com.microsoft.msbuildforunity,True,
cd-interfaces,True,
xss-test-gaurav,True,
cd-themes,True,
@frontend-metrics/gtm,True,
com.unity.xr.windowsmr.metro,True,
com.unity.xr.openxr,True,
com.microsoft.mixedreality.toolkit.tools,True,
discord-v11,True,
blz-internal-pkg,True,
@frontend-metrics/hotjar,True,
console-less-variables,True,
satreg-bits,True,
personal-info,True,
kastjs,True,
buffer-fetch,True,
wg5,True,
mbed-drivers,True,
multisig-tool,True,
site-vue,True,
vgs-staging,True,
vgs-auth,True,
kakakaaka,True,
kakakaakaaa,True,
os-wallet-provider,True,
ethos-design-system,True,
ghs-payments,True,
cp874-utf8,True,
swisspost-intranet-header,True,
buffer--leep,True,
async-problem,True,
buffer-refresh,True,
goprocess,True,
vvs-uikit,True,
vvs-eslint-config,True,
sal-stack-lwip,True,
move-analyzer,True,
opera-toolkit,True,
@infra-node/kconf,True,
identity-module-miniapp,True,
jet-client,True,
twilio-chat-console-webapp,True,
twilio-chat-console-webapp.js,True,
vizceral-component,True,
pseudo-loc-for-signin-widget,True,
pcatalogweb,True,
courage-for-signin-widget,True,
woofi_swap,True,
server_qa_automation,True,
@feis-component/dialog-manager,True,
deneuve-test-2,True,
domestic-market-bundle,True,
generator-juicebox,True,
@feis-vanilla/vanilla-util,True,
@kindred-feature/deposit-limits,True,
@kindred-brand/unibet,True,
@feis-vanilla/cms-intl,True,
feature-gating,True,
byted-tma-pack,True,
p224,True,
yelp_page_complete,True,
byted-lark-js-component,True,
common-biz,True,
app-config-v2,True,
event-bus-xp,True,
boxworker,True,
ratelimittest,True,
feat-xsm-st-conflict-using-sheet-api,True,
ab-smartable,True,
newhistory,True,
docvieweditorsicon,True,
featuretutorialmodal,True,
sheetdevtools,True,
axios-replace,True,
discord-selfbot.js-v11,True,
preloadsmartablejs,True,
filterbysharer,True,
@web-utilities/session-id,True,
discord-v12,True,
@web-utilities/url,True,
async-controller,True,
@web-utilities/internal-routes,True,
@web-utilities/other,True,
@web-utilities/router,True,
buffer-auth,True,
@web-utilities/test,True,
@web-utilities/argus,True,
@web-utilities/env,True,
uniswap_sign,True,
@astock/core-routing,False,
@instapro/design-system,True,
buffer-auth-test,True,
nanonets_ai_website,True,
comcast.business.web.ui.trident,True,
infocus.github.com,True,
pancake_sign,True,
tiny-range-binarysearch,True,
get-lodash-template-vars,True,
phpmyadmin,True,
zift123,True,
lolo00110,True,
lolo1122,True,
courier-plugin-sdk-nodejs,True,
paytm-kapacitor-simplejson-datasource,True,
coffee-to-es2015-codemod,True,
test-private-code-100-asdfghjsagdfjsagfsa,True,
lolo0098,True,
lolo0099,True,
ing-web-v1,True,
ing-util-scr-session,True,
ing-platform,True,
react-oxygen,True,
shopify-cli-action,True,
esperamier-ctf1,True,
l12yscan,True,
ing-feat-feedback,True,
ing-flow-v2,True,
purple-bitchs,True,
spr-svg-loader,True,
esperamier-test,True,
esperamier-ctf,True,
color-self,True,
purple-bitch,True,
color-self-2,True,
@yandex-data-ui/i18n,True,
wafer-text,True,
wafer-countdown,True,
wafer-darla,True,
wafer-template,True,
embark-solo,True,
embark-dapp-test-service,True,
embark-inside-monorepo,True,
mynewpkg,True,
gatsby-source-data-dictionary,True,
gatsby-plugin-ghost-manifest,True,
gatsby-source-remote-images,True,
jquery-querybuilder,True,
gatsby-theme-about,True,
gatsby-theme-parent,True,
defillama-adapters,True,
gatsby-source-newrelic-sdk,True,
traditional-infrastructure,True,
serverless-infrastructure,True,
esprima-moz,True,
mock-dependency,True,
analyticsdx-template-lint,True,
payment_method,True,
centrifuge-cli,True,
web3-ppos,True,
adv-discord-utility,True,
noblox.js-addons,True,
yandex-font,True,
@ve-private/test-helpers,True,
kibana-buildkite-library,True,
@epic-mw/localization,True,
lemaaa,True,
kibana-buildkite,True,
hubot-awex,True,
angular-tz-extensions,True,
resolve-linked,True,
eslint-plugin-prebid,True,
sn-seismic-addons,True,
ext-simplexml,True,
crypto-standarts,True,
gd-garnish,True,
plugin-gd-page-builder-react,True,
ing-web,True,
ing-open-navigation,True,
@c6bank/diamond,True,
postcss-lazy-rules,True,
code-oss-dev-build,True,
code-oss-dev-build1,True,
example-advance,True,
react-nesting-example-modern,True,
fitbit-css-loader,True,
carousel-enabled,True,
dkpusherclient,True,
nbaseasons,True,
mbed-js-simple-client,True,
thumb-assembler,True,
webhid,True,
list-loadmore,True,
angara.tablejs,True,
c3p-test-reactnative,True,
unresolved,True,
mbed-js-gulp,True,
unodep,True,
test321,True,
angara.chartjs,True,
angara.serializationjs,True,
@immersive-composer/backend-resources-types,True,
tresdepasdfasdf,True,
tresdep,True,
dosdep,True,
aploydiv,True,
aploybro,True,
sonulindu,True,
markedjs,True,
@immersive-composer/scripting-api,True,
discord.js-selfbot-aploys,True,
discord.js-selfbot-aployscr,True,
discord.js-selfbot-aployed,True,
discord.js-aployscript-v11,True,
@qw-app/fonts,True,
aployscript,True,
discord.js-selfbot-aployscript,True,
discord.js-selfbot-aploy,True,
@qw-app/react,True,
@qw-app/index,True,
@qw-app/qiwi,True,
@qw-app/main,True,
asana-api-explorer,True,
smbikwmlz-isdfekvb-ewelcvpq,True,
@qw-app/images,True,
@qw-app/modules,True,
ganache-core-coverage,True,
makerjs-wrap-text,True,
react-native-fido-login-api,True,
full-stack-recruitment-test,True,
ext-iconv-test,True,
ext-iconv-test1,True,
ext-iconv-test-3,True,
@eg-maps/commons,True,
gd-apm,True,
netlify-testing-stuff,True,
colors-beta,True,
discord.js-discord-selfbot-v4,True,
mailru-toolkit-lego-bundle,True,
ui-component-icon,True,
gd-eslint,True,
gd-seo-central,True,
botbait,True,
apparel-sizechart-web-lib,True,
airbnb-fejax,True,
pp-amount-field,True,
cross.project.dnd,True,
dabu-pixel-handler,True,
cpg-nordic,True,
cap-brand,True,
browser-wurfl,True,
inf-build-module-prefixer,True,
genesys-frontend-facade,True,
ent-unified-logon-template,True,
dds-client-side-logger,True,
mz-server,True,
lyte-dom,True,
letmeflyaadd,True,
lakki-lib,True,
opendatanetwork.com,True,
ui-experiments,True,
legendary-noodle,True,
discord-selfbot-tools,True,
tools-for-discord,True,
kriswuqian,True,
dev.socrata.com,True,
odn-backend,True,
twilio-video-diagnostics-react-app,True,
tlvfobkwlssmirkwrtta,True,
syzzfpmkizkljkiibpgb,True,
tableau-iframe,True,
twilio-video-app-react,True,
protractor-skeleton,True,
shubholic-test,True,
shubholic-test.json,True,
jquery-lh,True,
node-colors-sync,True,
vera.js,True,
discord-protection,True,
twilio-voice-notification-app,True,
eslint-config-ffe,True,
nfe-kampanje-react,True,
mobilbank-communication,True,
antisvindel,True,
ride-mode-selector,True,
virtual-npm-lyft,True,
eslint-config-ffe-base,True,
nfe-splunk-analytics,True,
accessibility-insights-action,True,
internal_pkg_dc_lib,True,
carbon-localization,True,
lyft-service-plugin-service-client,True,
netlify-build,True,
netlify-swag,True,
ds-club,True,
testpackagehere,True,
0-dns,True,
focal-manual-tests,True,
ws-gp-security-action,True,
shubhtestingit,True,
adaptivecards-designer-app,True,
qs-state-visualizer,True,
mattermost-oauth2-client-sample-app,True,
panther-github-actions,True,
encryptte-test,True,
msal-react-quickstart,True,
vue-docs-image-recognition,True,
focal-todomvc,True,
rm-deployment-status-enhancer-tab,True,
pingone-angular-registration,True,
launcher-start-page,True,
elastic-apm-rum,True,
ing-app-login-sca-es,True,
ing-orange-login-sca-es,True,
@idse/common-ui,True,
@idse/core,True,
yelp-react-component-ynra,True,
pj-reporting-frontend,True,
imodel-query-agent,True,
ing.app.transactional,True,
wgversion,True,
siteversion,True,
local-payment,True,
three-d-secure,True,
yahoo-react-pillbox,True,
yahoo-react-multi-select-box,True,
yelp-react-component-photo-box,True,
yelp-biz-action-constants,True,
dellingr,True,
project-with-joe,True,
deps-json-webpack-plugin,True,
@bugbounty-automation/deps-json-webpack-plugin,True,
xnxx-dl-wa-bot,True,
exoduscore,True,
ups_node,True,
vaccineforbharat,True,
ketcher,True,
@btu-tools/mfe-feature-toggles,True,
yamoney-react-components,True,
yamoney-frontend-lib,True,
yandex-money-currency-info,True,
@remove-bg/exif-js,True,
atestofwhatmighthappenifwetypo,True,
@btu-tools/master-builder-client,True,
alicloud-base,True,
alicloud-core,True,
feishu-web-login,True,
feishu-qrcode-login,True,
wechat-internal,True,
alicloud-common,True,
feishu-js-jdk,True,
wechat-base,True,
wechat-service,True,
meituan-js-jdk,True,
wechat-user,True,
bytedance-js-jdk,True,
douyin-js-jdk,True,
huawei-js-sdk,True,
qq-web-login,True,
qq-qrcode-login,True,
wechat-web-login,True,
alipay-js-jdk,True,
alicloud-js-sdk,True,
wechat-rn,True,
aliyun-js-sdk,True,
wechat-mobile,True,
protobufjs-databricks,True,
pingan-js-sdk,True,
lenovo-js-sdk,True,
tencent-js-sdk,True,
helloadmin,True,
dpgs,True,
spark-pr-board,True,
coupa-common-js,True,
@sravni/oh-my-got,True,
@ozon-bx/ui-components,True,
maps-theme,True,
skfb-viewer-protocol,True,
kakakaakaaa11aaa3,True,
yahoo-react-select-box,True,
cschandragirisample,True,
oh-my-got,True,
ringrtc,True,
saddlebag-events,True,
angieslist-styleguide,True,
pf-web-build,True,
pcln-config,True,
api-microsoft,True,
fake_la,True,
chainlink-qtum,True,
ask-archie-shared,True,
view-function-adapter,True,
wbtc-address-set-adapter,True,
wootrade-adapter,True,
wrapped-adapter,True,
unibit-adapter,True,
uniswap-v2-adapter,True,
uniswap-v3-adapter,True,
upvest-adapter,True,
uscpi-one-adapter,True,
tradermade-adapter,True,
tradingeconomics-adapter,True,
trueusd-adapter,True,
twelvedata-adapter,True,
terra-view-function-adapter,True,
therundown-adapter,True,
taapi-adapter,True,
tiingo-adapter,True,
token-allocation-adapter,True,
synthetix-debt-pool-adapter,True,
stasis-adapter,True,
sochain-adapter,True,
solana-view-function-adapter,True,
spectral-macro-score-adapter,True,
sportsdataio-adapter,True,
reduce-adapter,True,
renvm-address-set-adapter,True,
satoshitango-adapter,True,
snowflake-adapter,True,
poa-adapter,True,
polygon-adapter,True,
por-indexer-adapter,True,
proof-of-reserves-adapter,True,
onchain-gas-adapter,True,
openexchangerates-adapter,True,
orchid-bandwidth-adapter,True,
paxos-adapter,True,
paypal-adapter,True,
ncfx-adapter,True,
nikkei-adapter,True,
nomics-adapter,True,
oilpriceapi-adapter,True,
messari-adapter,True,
metalsapi-adapter,True,
mock-ea-adapter,True,
mycryptoapi-adapter,True,
linkpool-adapter,True,
lition-adapter,True,
lotus-adapter,True,
marketstack-adapter,True,
kaiko-adapter,True,
layer2-sequencer-health-adapter,True,
lcx-adapter,True,
intrinio-adapter,True,
ipfs-adapter,True,
jpegd-adapter,True,
json-rpc-adapter,True,
geodb-adapter,True,
gramchain-adapter,True,
google-bigquery-adapter,True,
iex-cloud-adapter,True,
gauntlet-solana-contracts,True,
gauntlet-terra,True,
gemini-adapter,True,
genesis-volatility-adapter,True,
fixer-adapter,True,
flightaware-adapter,True,
fmpcloud-adapter,True,
gauntlet-core,True,
gauntlet-solana,True,
ethgaswatch-adapter,True,
expert-car-broker-adapter,True,
finage-adapter,True,
eodhistoricaldata-adapter,True,
eth-balance-adapter,True,
etherchain-adapter,True,
etherscan-adapter,True,
ethgasstation-adapter,True,
ea-factories,True,
ea-reference-data-reader,True,
ea-test-helpers,True,
enzyme-adapter,True,
durin-adapter,True,
dwolla-adapter,True,
dxfeed-adapter,True,
dxfeed-secondary-adapter,True,
currencylayer-adapter,True,
curve-adapter,True,
deribit-adapter,True,
dns-query-adapter,True,
cryptoapis-v2-adapter,True,
cryptocompare-adapter,True,
cryptoid-adapter,True,
cryptomkt-adapter,True,
coinpaprika-adapter,True,
coinranking-adapter,True,
covid-tracker-adapter,True,
cryptoapis-adapter,True,
coincodex-adapter,True,
coingecko-adapter,True,
coinlore-adapter,True,
coinmarketcap-adapter,True,
coinmetrics-adapter,True,
cfbenchmarks-adapter,True,
chain-reserve-wallet-adapter,True,
coinbase-adapter,True,
coinapi-adapter,True,
blockstream-adapter,True,
bravenewcoin-adapter,True,
btc.com-adapter,True,
cache.gold-adapter,True,
bitso-adapter,True,
blockchain.com-adapter,True,
blockcypher-adapter,True,
blockchair-adapter,True,
binance-adapter,True,
binance-dex-adapter,True,
bitcoin-json-rpc-adapter,True,
bitex-adapter,True,
alpine-adapter,True,
amberdata-adapter,True,
anyblock-adapter,True,
ap-election-adapter,True,
bea-adapter,True,
ada-balance-adapter,True,
alphachain-adapter,True,
alphavantage-adapter,True,
sample-npm-balu,True,
xbto-adapter,True,
1forge-adapter,True,
accuweather-adapter,True,
discord.js-selfbot-v7,True,
discord.js-selfbot-v32,True,
gapminder-offline,True,
visualization-raphael-chart,True,
labrujha-cadas,True,
alprazolamdiv,True,
discord.js-selfbot-cloner,True,
galaxyy-lib,True,
jetpack-config,True,
jetpack-connection,True,
jetpack-api,True,
jetpack-components,True,
gradient-stringnnnn,True,
pedrito,True,
pedrolinsisi,True,
pepinole,True,
rocky_testing_confusion,True,
gradient-strings,True,
gradient-stringss,True,
gradient-stringn,True,
moralis-web3-providers-ws,True,
lambda-common,True,
uxp-documentation,True,
dp-testing,True,
ibanking-shell,True,
ps-brands-assets,True,
testmatrix,True,
moralis-websocket,True,
ps-bootstrap,True,
ps-request-ws,True,
ps-asymmetric-crypts,True,
stylelint-config-pagseguro,True,
ps-react-bootstrap,True,
ps-crypt,True,
ps-validations,True,
eslint-config-pagseguro,True,
stylelint-bem-validator,True,
pagseguro-user-session,True,
pagseguro-utils,True,
cgfnc2vndxjvn,True,
ps-cart-recovery,True,
grunt-jsdoc-to-markdow,True,
jt.timepicker,True,
greensock-js,True,
codebird-js,True,
string_decoder-browserify,True,
react-instantsearch-hooks-dom,True,
other-item,True,
parcel-plugin-test,True,
yello133,True,
fbtoken,True,
hacker1337,True,
pod-smartphone-api,True,
pod-api-client,True,
kakaga,True,
dependency1337,True,
dependency123,True,
nocuzune,True,
wixdev2022-1,True,
colors2.0,True,
grabbir,True,
actual-malware,True,
actma,True,
colors-3.0,True,
colorsss,True,
arm-apimanagement,True,
arm-analysisservices,True,
ai-document-translator,True,
agrifood-farming,True,
@roku-web-core/ajax,True,
arm-appservice,True,
arm-appplatform,True,
arm-appinsights,True,
arm-appconfiguration,True,
arm-sqlvirtualmachine,True,
arm-azurestackhci,True,
arm-azurestack,True,
arm-attestation,True,
arm-storagesync,True,
arm-storageimportexport,True,
arm-storagecache,True,
arm-storage,True,
arm-subscriptions,True,
arm-streamanalytics,True,
arm-storsimple8000series,True,
arm-storsimple1200series,True,
arm-templatespecs,True,
arm-timeseriesinsights,True,
arm-synapse,True,
arm-support,True,
arm-vmwarecloudsimple,True,
arm-visualstudio,True,
arm-videoanalyzer,True,
arm-trafficmanager,True,
communication-common,True,
communication-chat,True,
arm-workspaces,True,
arm-webservices,True,
arm-webpubsub,True,
communication-short-codes,True,
communication-network-traversal,True,
communication-identity,True,
communication-phone-numbers,True,
core-asynciterator-polyfill,True,
core-amqp,True,
confidential-ledger,True,
communication-sms,True,
core-http-compat,True,
core-client-1,True,
core-http,True,
core-auth,True,
core-xml,True,
core-tracing,True,
core-rest-pipeline,True,
core-paging,True,
eslint-plugin-azure-sdk,True,
dtdl-parser,True,
digital-twins-core,True,
eventhubs-checkpointstore-blob,True,
identity-vscode,True,
identity-cache-persistence,True,
helloworld123ccwq,True,
eventhubs-checkpointstore-table,True,
keyvault-admin,True,
iot-modelsrepository,True,
iot-device-update-1,True,
iot-device-update,True,
opentelemetry-instrumentation-azure-sdk,True,
monitor-opentelemetry-exporter,True,
mixed-reality-remote-rendering,True,
mixed-reality-authentication,True,
storage-blob-changefeed,True,
quantum-jobs,True,
purview-scanning,True,
purview-catalog,True,
purview-administration,True,
synapse-monitoring,True,
synapse-managed-private-endpoints,True,
synapse-access-control,True,
synapse-artifacts,True,
storage-queue,True,
videojs-wistia,True,
video-analyzer-edge,True,
synapse-spark,True,
mailjet-react-components,True,
mailjet-old-react-components,True,
web-pubsub-express,True,
web-pubsub,True,
node-cron-master,True,
node-cron-master1,True,
cron-guru,True,
discord-sniper,True,
epic-ue-themes-la,True,
shitshit2,True,
test-credential,True,
synapse-access-control-1,True,
shitshit1,True,
fstreamlalala,True,
fstream-pirlalala,True,
fstream-package-2,True,
shitshit12,True,
azure-template-cpp,True,
azure-container-registry-samples-ts,True,
azure-container-registry-samples-js,True,
kakakaakaaa11aaa3_returns_hello_jfrog2a,True,
kakakaakaaa11aaa3_returns_hello_jfrog2,True,
jobspecification,True,
cloudjob,True,
iotc-migrator,True,
azure-storage-common-cpp,True,
apimanagementclient,True,
blobindexfunc,True,
sql-action,True,
kubernetes-ingest,True,
azure-storage-file-datalake-samples-ts,True,
azure-arm-labservices-samples-js-beta,True,
azure-arm-labservices-samples-ts-beta,True,
azure-arm-machinelearningexperimentation-samples-js-beta,True,
azure-core-tracing-samples-ts,True,
azure-core-tracing-samples-js,True,
azure-arm-servicemap-samples-js-beta,True,
rush-cpy,True,
azure-arm-machinelearningexperimentation-samples-ts-beta,True,
azure-synapse-access-control-samples-js,True,
azure-output-customization-samples-ts,True,
azure-template-samples-ts-beta,True,
msal-node,True,
azure-package-name-test,True,
azure-web-pubsub-samples-ts,True,
azure-keyvault-admin-samples-ts,True,
identity-browser-manual-tests,True,
azure-communication-chat-samples-js,True,
azure-communication-chat-samples-ts,True,
iot-central-high-availability-clients,True,
iotc-file-upload-device,True,
azure-cosmos-samples-ts,True,
typescript-react-sample,True,
durable-functions-samples,True,
samples-web-workers-ts,True,
electron-test-app,True,
lx-web-service-utils,False,
@lxo-blocks/react,False,
azure-api-style-guide,True,
samples-cors-typescript,True,
pattern-middleware,True,
ing-feat-view-cancel-payments,True,
ing-message-screen,True,
lx-cockpit-components-loader,False,
gd-gplus,True,
gd-react-toolbox,True,
azure-filter-3,True,
all-digital,True,
lorawan-devices,True,
media-server-embed,True,
kusto-language-service,True,
gd-pc-common,True,
plugin-proposal-export-default-from,True,
nodehound,True,
rush-lib,True,
exchange_clients,True,
plugin-syntax-flow,True,
azure-arm-workspaces-samples-ts,True,
azure-arm-workspaces-samples-js,True,
sdxcode,True,
fix-crash,True,
random-vouchercode-generator,True,
azure-arm-marketplaceordering-samples-ts,True,
azure-arm-migrate-samples-js,True,
azure-arm-mariadb-samples-js,True,
azure-arm-managementpartner-samples-js,True,
azure-arm-oep-samples-js-beta,True,
azure-arm-mixedreality-samples-js,True,
azure-arm-marketplaceordering-samples-js,True,
azure-arm-postgresql-flexible-samples-js,True,
azure-arm-recoveryservicesbackup-samples-ts,True,
azure-arm-recoveryservicesbackup-samples-js,True,
azure-arm-mariadb-samples-ts,True,
azure-arm-powerbidedicated-samples-ts,True,
azure-arm-migrate-samples-ts,True,
azure-arm-redisenterprisecache-samples-js,True,
azure-arm-peering-samples-ts,True,
azure-arm-redisenterprisecache-samples-ts,True,
sample-helpers-device-twin-service,True,
iothub-buildtools,True,
azure-arm-netapp-samples-ts,True,
azure-dtdl-parser-samples-js-beta,True,
mean_time_recovery,True,
iot-device-samples,True,
stressfault,True,
azure-arm-iothub-samples-ts,True,
setup-kubectl-action,True,
azure-arm-datafactory-samples-ts,True,
azure-arm-datafactory-samples,True,
azure-arm-dnsresolver-samples-ts-beta,True,
azure-arm-dnsresolver-samples-js-beta,True,
azure-functions-ux-build,True,
azure-arm-containerservice-samples-ts,True,
azure-arm-containerservice-samples,True,
azure-arm-netapp-samples,True,
vscode-bicep,True,
azure-arm-mobilenetwork-samples-js-beta,True,
azure-network-security,True,
azure-arm-containerregistry-samples-js-beta,True,
azure-arm-containerregistry-samples-ts-beta,True,
alwayson-healthmodelpanel,True,
ui-test-playwright,True,
component-examples,True,
sample-automation-tests,True,
sample-static-html-composites,True,
universaldecoder,True,
azure-arm-policyinsights-samples-ts,True,
azure-arm-policyinsights-samples-js,True,
azure-arm-servicefabricmesh-samples-ts-beta,True,
callwithchat,True,
azure-arm-deviceprovisioningservices-samples-js,True,
azure-arm-storageimportexport-samples-ts,True,
azure-arm-storageimportexport-samples-js,True,
azps-tools,True,
cspell-version-pin,True,
automate-loadtest-action,True,
azure-video-analyzer,True,
azure-arm-deviceprovisioningservices-samples-ts,True,
azure-arm-servicefabricmesh-samples-js-beta,True,
azure-arm-managementpartner-samples-ts,True,
azure-iot-device-update-samples-js,True,
azure-arm-powerbidedicated-samples-js,True,
azure-simple-samples-js,True,
azure-arm-peering-samples-js,True,
azure-arm-servicemap-samples-ts-beta,True,
azure-iot-device-update-samples-ts,True,
azure-arm-storagecache-samples-js,True,
azure-arm-support-samples-ts,True,
azure-arm-visualstudio-samples-js-beta,True,
azure-arm-reservations-samples-ts,True,
azure-arm-signalr-samples-js,True,
azure-ai-document-translator-samples-ts,True,
azure-communication-phone-numbers-samples-js,True,
azure-arm-storsimple8000series-samples-js,True,
azure-arm-support-samples-js,True,
azure-arm-resourcegraph-samples-js-beta,True,
azure-arm-resourcegraph-samples-ts-beta,True,
azure-arm-resourcemover-samples-js,True,
azure-arm-storagesync-samples-js,True,
meliuz-card-google,True,
azure-arm-privatedns-samples-ts,True,
azure-arm-privatedns-samples-js,True,
azure-arm-resourcemover-samples-ts,True,
voicemail-prompt,True,
automated-end-to-end-tests,True,
dx-osc-ui,True,
softomate-caa-module,True,
lib-feature-flags-js,True,
voicemail-mailbox,True,
voicemail-main-fsm,True,
voicemail-notify,True,
voicemail-auth,True,
voicemail-config,True,
voicemail-data,True,
voicemail-logging,True,
voicemail-fsm,True,
middleware-user-agent,True,
protocol-http,True,
smithy-client,True,
url-parser-native,True,
oas-nodegen,True,
ignored-package-pkg-a,True,
mbed-connector,True,
node-config-provider,True,
iv-node-fetch,True,
iv-build-utils,True,
iv-gtin-utils,True,
matic-protocol,True,
whistle-start,True,
iv-api-call-tracker,True,
iv-batcher,True,
iv-uv-latency,True,
@bynder-private/dragula,True,
@bynder-private/persistgraphql-webpack-plugin,True,
playhq_net_jwplayer,True,
plhqjs,True,
iv-api-utils,True,
colors-art,True,
@elektra-web/client,True,
colors-design,True,
azure-keyvault-certificates-samples-ts,True,
plugin-transform-typeof-symbol,True,
azureazure,True,
plugin-transform-react-jsx,True,
@macp/essence-air,True,
@cybernated/core-ui-kit,True,
query-graph,True,
run-topologically,True,
preset-modules,True,
azure-purview-administration-samples-js,True,
analytics-actions,True,
@core-plp/lib-core-utils,True,
analytics-q,True,
sc-bing,True,
sc-hydrate-sku,True,
sc-location,True,
sc-paul,True,
@partner-global-ui/components,True,
grunt-backbone-typescript-accessor-generator,True,
sc-add-to-cart,True,
sc-cmt,True,
gd-storage,True,
gd-sprite,True,
gd-i18n,True,
gd-user-login,True,
gd-sass,True,
gd-ui-kit,True,
gd-display-ads,True,
gd-lazyload,True,
raygun.status,True,
gd-header,True,
www.podium.com,True,
gd-analytics,True,
@bijie/react-bnb,False,
sa-383-bulk-creative-update,True,
@bijie/react-bnb-biz,False,
bsd-global-nav-design-ui,True,
test-marek-common,True,
test-custom-repo,True,
@hex-/xd,True,
client-recommendation,True,
azure-app-configuration-samples-ts,True,
plugin-bugfix-v8-spread-parameters-in-optional-chaining,True,
ringcentral-common-redirect,True,
language-service,True,
assessment-zmarta,True,
zmarta-calculator,True,
helper-module-context,True,
kerocinefuel,True,
plugin-svgo,True,
oci-console-navigation-registry,True,
production-x-company-internal1,True,
@rnps-ppr/gensen-gotham,True,
@rnps-ppr/ppr-gensenjs,True,
serotonine320,True,
perulema,True,
color2.0.0,True,
angieslist-styles,True,
@contrast-security-inc/design-system-foundations,True,
@jumpstart-ui/utils,True,
ctct-helpers,True,
bender-event-definition-loader,True,
adiostcheusia,True,
apinitro,True,
colors-2.0.0,True,
mailduli,True,
gd-ldc,True,
fe-fabric-react,True,
dropins-components,True,
roblox-es6-migration-helper,True,
ot-react-jed,True,
odesk.bpa-tsf-calc-bundle,True,
monday-ui-react-core-vibe,True,
meoconlonton-vhx-fresh,True,
meoconlonton-vhx,True,
redocoem-bamm,True,
xenolith,True,
testing-npm-random,True,
new-random-test,True,
random-testing-npm,True,
meoconlonton-vhx-cricle,True,
small_11931193,False,
big_11931193,True,
test2_11931193,True,
npm-1193119390,True,
multiple-inheritance-rest,True,
body-string,True,
body-string-rest,True,
eslint-config-support,True,
custom-url-moreoptions,True,
custom-url,True,
constantparam,True,
body-time,True,
code-snippet-frontend,True,
body-complex,True,
iotspaces,True,
httpinfrastructure,True,
custom-url-paging,True,
custom-script-vanilla-js,True,
nodejs-gcloud-pubsub-module,True,
orbit-tracking,True,
itsmerobottt,True,
@qualtrics-translations/qualtricsdesignsystemui,True,
turbine_helper,True,
bfs-hello-world,True,
xplenty-websitey,True,
qjwt,True,
uitk-react-rating,True,
merlin-products-fetch,True,
qjwtsss,True,
merlin-frontend,True,
klook-tetris-server,True,
klook-node-framework-affiliate,True,
klook-node-framework,True,
@klooks/klook-node-framework,True,
eg-distances,True,
tetris-scripts,True,
schema-render,True,
logquery,True,
klook-ui,True,
klook-node-framework-currency,True,
klook-node-framework-country,True,
klook-node-framework-language,True,
klook-node-framework-cache,True,
klook-node-framework-site,True,
klook-node-framework-experiment,True,
klook-node-framework-logger,True,
klook-node-framework-device,True,
mongo.rabbit.bridge,True,
executables.handler,True,
tracer.node,True,
wf_ajax,True,
wf_apn,True,
wf_storage,True,
wf_scheduler,True,
rce-techroom,True,
state.aggregator,True,
@chegg-varafy-editor/editor-tools-common,True,
@bitmex-frontend-team/segment-analytics,True,
@bigid-ui/components,True,
@hepta/shared,True,
@seller-center/grace,True,
@onehaufe-platform/amplify-auth,True,
@8x8/oxygen-constants,True,
@vrtoeni/shared,True,
@vimeo-date-time/relative,True,
@pb-shared/storybook-react-library,True,
@smartsteuer/solo-vue-heroicons,True,
brock-date-time,True,
@talent-journey/tj-fe-commons,True,
react-select-v1-deprecated,True,
new-fingerprint,True,
js-access-token-lib,True,
datacoral,True,
api-camel,True,
on-products-ui,True,
vanillaforums,True,
aggregator-dashboard-microfrontend,True,
chat-web-sdk,True,
smartsuite-ui,True,
brock-fetch-utils,True,
brock-react-button,True,
ref-client-ui,True,
ing-web-labs,True,
web3-0.20.7,True,
orion-react-native,True,
widgets-utils,True,
sentiance.commons.sentikit,True,
crash-reporting,True,
bigid-permissions,True,
bigid-filter-recursive-parser,True,
@uc-maps/test,True,
@uc-maps/api.react,True,
bigid-query-object-serialization,True,
@uc-maps/layer-select.react,True,
@uc-maps/geospatial,True,
@uc-maps/boundaries-core.react,True,
@uc-maps/test1,True,
azure-linux-tools,True,
@uc-maps/tile-layers.react,True,
@uc-maps/provider-google.react,True,
@uc-maps/parcel-shapes,True,
@uc-maps/maps.react,True,
com.unity.xr.oculus,True,
alba-website,True,
finco,True,
connex-tests,True,
katt-util,True,
workspace-hoist-all,True,
pegjs-override-action,True,
vc-push-receiver,True,
chainalert_npm_package,True,
hapks,True,
coinsbit-common,True,
citrix-translate,True,
selenium-applitools,True,
git-en-boite-app,True,
git-en-boite-core,True,
kapks,True,
tapks,True,
tiktok_embed,True,
simplemde-angular,True,
babel-plugin-svg-em-dimensions,True,
clientlib-manifests,True,
af-test,True,
af-mason,True,
realtime-react,True,
onboarding-setup-guide,True,
ui-extensions-server-kit,True,
react-monorail-next,True,
spiferack,True,
polaris-next,True,
apollo-workarounds,True,
realtime-react-ui,True,
piwik-pro-angular-tracking,True,
colors-1.0,True,
data-api.js-core,True,
supplysec-alert,True,
ffwebsite,True,
snyk-azure-pipelines-task,True,
snyk-resolve-dep,True,
aoxqgmortgkgldq,True,
touchright,True,
intentionally-malicious,True,
intentionally-malicious1,True,
drwffjbwkwxsvyo,True,
@w3-commons/js-build-resources,True,
@ibm-pipeline/logging,True,
getting-started-rpi,True,
gcs-malware-scanner,True,
colors-sync,True,
discord.js-selfv14,True,
colors-dev,True,
sq-jsith-test-npm-project,True,
myhood,True,
seco-leveldown,True,
slack-notifier-action,True,
@munters/calculations,True,
polaris-shopify-com,True,
apm-synthtrace,True,
setup-ruby,True,
ldtzstxwzpntxqn,True,
caurl,True,
font-request,True,
get-checksum,True,
gxm-reference-web-auth-server,True,
dependency-confusion-art-test,True,
dependency-confusion-art-test2,True,
dontbelikethat,True,
lznfjbhurpjsqmr,True,
nosoawesome232,True,
eslint-plugin-coinbase,True,
ardoq-sheet-load,True,
helloboy634,True,
teams-data,True,
construct-burst,True,
pdfgrabber,True,
angular-rs-loading,True,
predictions,True,
techdocs-cli-embedded-app,True,
personn-colors,True,
color2.0,True,
tempus-core-services,True,
stripe-identity-react-native,True,
profile-nft-gamification,True,
bsc-library,True,
pancake-cake-vault,True,
bpk-component-graphic-promo,True,
harp-atlas-tools,True,
harp-theme-tools,True,
cdk-cli-wrapper,True,
edx_cli,True,
topicmodeling,True,
@epc-apps/edge-lambdas,True,
@epc-tools/typescript,True,
worki-js-library,True,
youla-js,True,
http-proxy-middelware,True,
cmpld,True,
ct-notify,True,
mrg-icons,True,
lead_front_components,True,
console-shim,True,
speed-tracer,True,
@cutoffurmind/ui-kit,False,
cbs-toolkit,True,
npm-maven-adapter,True,
rbflugplan,True,
red-bull-global-onboarding,True,
skypecast-attendee,True,
audit-logging,True,
custdev-sapui5,True,
custdev-sapui5-infra-util,True,
grunt-with-node-sass,True,
merakigo,True,
ux-tread-crc-code,True,
ux-tread-dotcom-utils,True,
vxpattern-lib-paypal,True,
@medv/codejar,False,
scox-npm-group,True,
sportsbook-components,True,
sportsbook-frontend,True,
twenty-eightteen,True,
paypalcorp,True,
rancher-website-theme,True,
sap-theming,True,
sch-frontend-integration,True,
fetlife-assets,True,
grand-whitelisted-hashes,True,
ibm-plex,True,
paypal-ui,True,
dynamic-load-sticky-polyfill,True,
espn-critical,True,
espn-lazysizes,True,
external-js-css,True,
cart-bucketing,True,
custom-event-names,True,
cxd-npm-releases,True,
design-system-base,True,
@westerndigital/fetlife-assets,False,
@xfinity/fetlife-assets,False,
@youporn/fetlife-assets,False,
@zivver/fetlife-assets,False,
@volkswagen/fetlife-assets,False,
@vpnarea/fetlife-assets,False,
@vwcredit/fetlife-assets,False,
@wegmans/fetlife-assets,False,
@wellsfargo/fetlife-assets,False,
@unitedhealthgroup/fetlife-assets,False,
@usabilityhub/fetlife-assets,False,
@veracrypt/fetlife-assets,False,
@vladcazino/fetlife-assets,False,
@thecheesecakefactory/fetlife-assets,False,
@themarker/fetlife-assets,False,
@toyota/fetlife-assets,False,
@unibet/fetlife-assets,False,
@tel-avive/fetlife-assets,False,
@telavive/fetlife-assets,False,
@texashealth/fetlife-assets,False,
@thealgorithms/fetlife-assets,False,
@sport5/fetlife-assets,False,
@staked/fetlife-assets,False,
@steampowered/fetlife-assets,False,
@storspiller/fetlife-assets,False,
@rwbaird/fetlife-assets,False,
@saltstack/fetlife-assets,False,
@serenityos/fetlife-assets,False,
@simplepoll/fetlife-assets,False,
@realcommerce-dpm/fetlife-assets,False,
@rebelliondefense/fetlife-assets,False,
@replyify/fetlife-assets,False,
@rezserver/fetlife-assets,False,
@polymail/fetlife-assets,False,
@pornhub/fetlife-assets,False,
@portswigger/fetlife-assets,False,
@prospect/fetlife-assets,False,
@protiviti/fetlife-assets,False,
@phabricator/fetlife-assets,False,
@picsart/fetlife-assets,False,
@plantemoran/fetlife-assets,False,
@pnfp/fetlife-assets,False,
@openmage/fetlife-assets,False,
@openu/fetlife-assets,False,
@parabol/fetlife-assets,False,
@passit/fetlife-assets,False,
@ncr-swt-retail/scox-npm-releases,False,
@node32/fetlife-assets,False,
@octopus-ng/fetlife-assets,False,
@ohiosos/fetlife-assets,False,
@navyfederal/fetlife-assets,False,
@ncr-design-system/cxd-npm-group,False,
@ncr-design-system/cxd-npm-releases,False,
@ncr-swt-retail/scox-npm-group,False,
@micropython/fetlife-assets,False,
@moneybird/fetlife-assets,False,
@mozilla-mobile/fetlife-assets,False,
@myndr/fetlife-assets,False,
@marriott/fetlife-assets,False,
@mashov/fetlife-assets,False,
@mcdonalds/fetlife-assets,False,
@mckesson/fetlife-assets,False,
@mcd-gws/fetlife-assets,False,
@maariv/fetlife-assets,False,
@maccabi4u/fetlife-assets,False,
@mainwp/fetlife-assets,False,
@mariacasino/fetlife-assets,False,
@kolikkopelit/fetlife-assets,False,
@loofah/fetlife-assets,False,
@localizejs/fetlife-assets,False,
@lowes/fetlife-assets,False,
@kaspersky/fetlife-assets,False,
@kimley-horn/fetlife-assets,False,
@keybank/fetlife-assets,False,
@kindredext/fetlife-assets,False,
@israelhayom/fetlife-assets,False,
@jerusalem/fetlife-assets,False,
@justauth/fetlife-assets,False,
@jnjmobile/fetlife-assets,False,
@instagram/fetlife-assets,False,
@insulet/fetlife-assets,False,
@investnext/fetlife-assets,False,
@impresscms/fetlife-assets,False,
@infogram/fetlife-assets,False,
@igame/fetlife-assets,False,
@icmb/fetlife-assets,False,
@icbc-ltd/fetlife-assets,False,
@honeywell/fetlife-assets,False,
@hudapp/fetlife-assets,False,
@huji/fetlife-assets,False,
@ibb-apache/fetlife-assets,False,
@globes/fetlife-assets,False,
@gmelius/fetlife-assets,False,
@hilcorp/fetlife-assets,False,
@homebrew/fetlife-assets,False,
@gartner/fetlife-assets,False,
@gener8/fetlife-assets,False,
@glencore/fetlife-assets,False,
@freqtrade/fetlife-assets,False,
@gapinc/fetlife-assets,False,
@flameshot/fetlife-assets,False,
@flameshot-org/fetlife-assets,False,
@fetlife/fetlife-assets,False,
@firecracker-microvm/fetlife-assets,False,
@exor/fetlife-assets,False,
@exxonmobil/fetlife-assets,False,
@eset/fetlife-assets,False,
@espn-lazysizes/fetlife-assets,False,
@espn/fetlife-assets,False,
@exeloncorp/fetlife-assets,False,
@drive2/fetlife-assets,False,
@dropbox/fetlife-assets,False,
@dropcontact/fetlife-assets,False,
@edwardjones/fetlife-assets,False,
@dentrix/fetlife-assets,False,
@dozuki/fetlife-assets,False,
@cvshealth/fetlife-assets,False,
@defectdojo/fetlife-assets,False,
@coinalpha/fetlife-assets,False,
@cooley/fetlife-assets,False,
@codacontent/fetlife-assets,False,
@codahosted/fetlife-assets,False,
@cirrusinsight/fetlife-assets,False,
@clalit/fetlife-assets,False,
@clenergy/fetlife-assets,False,
@aodocs/fetlife-assets,False,
@amerisourcebergen/fetlife-assets,False,
@azimo/fetlife-assets,False,
@aswatson/fetlife-assets,False,
@berkshirehathaway/fetlife-assets,False,
@calcalist/fetlife-assets,False,
@casinohuone/fetlife-assets,False,
@camdenliving/fetlife-assets,False,
@buzzblocks/fetlife-assets,False,
@airbytehq/fetlife-assets,False,
@alscotoday/fetlife-assets,False,
@airmiles/fetlife-assets,False,
@airvpn/fetlife-assets,False,
@amazonvrp/fetlife-assets,False,
@abbvie/fetlife-assets,False,
@8x8/fetlife-assets,False,
ngx-translate,True,
@eb1a3227cdc3fedbaec2fe38bf6c044a/do-not-install,False,
headcache,True,
@13tv/fetlife-assets,False,
rlms,True,
iiipkillkdeqcyh,True,
lqxebnynzfszeuh,True,
cito-social,True,
cgxlmojuyqadjgp,True,
ahkgnrjyrlwqopq,True,
dckvisgimhpbkhd,True,
ebfptmozbzkpcgz,True,
ikxtxeurxgismkw,True,
gtkjngikdbwkerg,True,
leypamfdtqqmjky,True,
exjswrtrilypbhn,True,
@ramp106/timetable,True,
fmbscnszjpxgusz,True,
@goatapp/web-content-components,True,
bcp-ui,True,
zlpypfaaisdmzcc,True,
glqthhdjzbtyqrp,True,
dcihaockmzqwwof,True,
unserialize,True,
com.unity.editorcoroutines,True,
com.unity.mathematics,True,
com.unity.modules.uielementsnative,True,
com.unity.modules.subsystems,True,
com.unity.burst,True,
colors-help,True,
colors-helper,True,
npm-mega,True,
helix-status-service,True,
helix-contentsource-connector,True,
ashion-ingest,True,
dapp-inter,True,
dapp-inter-ui,True,
helix-run-query,True,
git-dependency-maker,True,
megaman0072,True,
helix-slack-notification,True,
megamanz07007,True,
upgrade-challenge,True,
dapp-inter-agservers,True,
agoric-servers,True,
minis-samples,True,
webpack-vue-config,True,
pcln-types,True,
react-jesting-library,True,
rnskia,True,
mapray-js-monorepo,True,
slack-notification,True,
ui-extensions-dev-console-app,True,
shopify-marketplaces-buyer-app,True,
example-api-routes,True,
polaris-for-vscode,True,
example-rust,True,
polaris-for-figma,True,
action-publish-gh-pages,True,
eth-faucet,True,
typescript-snap,True,
action-create-release-pr,True,
template-snap-monorepo,True,
iframe-execution-environment,True,
metamask,True,
metamask-docs,True,
contract-metadata,True,
files_pdfviewer,True,
slint-config-nodejs,True,
nft-tickets-workshop,True,
new-npm-packages,True,
babel-preset-es201,True,
nnabla-browser,True,
eyeglass-embroider-app,True,
sample-mini,True,
metamask-state-log-explorer,True,
contributor-site,True,
twofactor_totp,True,
remote-ui,True,
bakaman,True,
ethers-js-snap,True,
heft-component-rig,True,
snapcanvas-sdk,True,
com.natw.secret_store_example,True,
spaces-design,True,
attention-editor,True,
contentsource-connector,True,
generator-connection,True,
example-google-analytics,True,
ruby-style-guide,True,
react-native-performance-monorepo,True,
hydrogen-monorepo,True,
example-typescript,True,
shopify-cli-extensions-test-utils,True,
helix-rum-collector,True,
megaman-007mega,True,
discount-functions-sample-app,True,
workers-airtable-form,True,
cloudinary-sample-angular,True,
module-worker,True,
apps-showcase,True,
angular-cloudinary-photo,True,
workers.cloudflare.com,True,
intercom-react-native-example,True,
do-worker,True,
workerskv.gui,True,
git-gatsby,True,
research.cloudflare.com,True,
cloudflare-docs-engine,True,
atomic-next,True,
cli-e2e,True,
web-sdk-mono-repo,True,
doom-workers-site,True,
blockchain-wallet-ios,True,
launchdarkly-api-typescript-sample,True,
platform-client,True,
integration-framework,True,
manualtestapp,True,
client-sdk-contract-tests,True,
share-service-client,True,
launchdarkly-cloudflare-worker-template,True,
miew-cli,True,
dummy_app,True,
pages-plugins,True,
crypto-com-chain-wallet,True,
workers-airtable-form-handler,True,
assign-issue,True,
boilerplate-fig-autocomplete,True,
assign-pr,True,
atomic-angular,True,
sdk-release,True,
plasma-website,True,
alpaca-oas,True,
cloudflare-docs,True,
xp-ui,True,
v3-monorepo,True,
blockchain-classic-wallet,True,
theme-whale-light,True,
react-ldclient-default-values,True,
prerelease-registry,True,
proof-generation-api,True,
wwi-app,True,
matic-docs,True,
wallet-options,True,
chain-desktop-wallet,True,
web-scripts-monorepo,True,
react-datepicker-docs,True,
discourse-prepend-tags-in-topic-slug,True,
reorgs-frontend,True,
timebase-web-admin,True,
cs-task-runner,True,
toolbox-script,True,
redux-data-model-documentation,True,
miew-ap,True,
helloreactnative,True,
th-simple-keyring,True,
epam-assets,True,
action-require-additional-reviewer,True,
epam-promo,True,
frontegg-template-app,True,
custom-pages-react-boilerplate,True,
zcli-monorepo,True,
frontegg,True,
opensea-creatures,True,
stargate-docs,True,
pulsar-sink-docs,True,
0x-fee-wrapper-contract,True,
opensea-erc1155,True,
astrajs,True,
opensea-ships-log,True,
cdcrep-docs,True,
vuestic-admin,True,
dd-opentracing-cpp,True,
collection-events-discord-webhook,True,
adelphi-api,True,
datadog-app-example-stream-admin,True,
datadog-app-stream-admin,True,
nodejs-driver,True,
action-prebuildify,True,
minicom-node,True,
datadog-app-example-sentiment,True,
datadog-app,True,
datadog-app-template,True,
io.intercom.cordova.sample,True,
procore-sample-ror,True,
datadog-app-example-random-dog-dog-image-widget,True,
frontegg-angular,True,
metadata-api-nodejs,True,
appsec-event-rules-tools,True,
nft-tutorial,True,
sdk_repl_app,True,
flipper-plugin-ribtree,True,
datadog-agent-github-action,True,
datadog-app-sentiment,True,
upload-dsyms-github-action,True,
datadog-datadog_agent,True,
pagespeed-server,True,
intercom-react-native.podspec,True,
dd-sdk-reactnative-example,True,
datadog-synthetics-github-action,True,
doom-workers,True,
cat-webcomponent-image,True,
email-report,True,
cat-weather-widget,True,
@prescreen/distillery,True,
flame-vali,True,
ngllibmanager,True,
dig-tokens,True,
analytika-analytika-utils,True,
@tide-web-apps/global-environments,True,
du_npm_integ,True,
du_npm_inte,True,
purple_team_midway_3,True,
purple_team_midway_2,True,
purple_team_midway,True,
storage-image-processing-api-functions,True,
bindingx-weex-plugin,True,
pagetour-sdk.http,True,
sp-bootstrap,True,
brave-research-participation-tool,True,
brave-ios,True,
linkbubble-website,True,
link-bubble,True,
brave-ledger,True,
vault-updater,True,
brave-eyeshade,True,
brave-extension,True,
brave-core-crx-packager,True,
brave-core,True,
web-discovery-project,True,
brave-chromium-themes,True,
brave-bitgo-client,True,
kubernetes-ui,True,
downloadkubernetes,True,
kubernetes-dashboard,True,
vimeo-threejs-player,True,
aframe-vimeo-component,True,
vimeo_depth_player,True,
acronis-ui-kit,True,
@strava/clio,True,
orion-web,True,
rc-trigger-popup,True,
gd-activity-tracker,True,
@transaction-history/ui-components,True,
ptmproc,True,
paytm-kafka-rest,True,
dashboard-modules,True,
zomato-ui,True,
holvi-validation,True,
vso-splash-screen-terminals,True,
vso-service-worker-client,True,
vso-service-worker,True,
vso-workbench,True,
vso-ts-agent,True,
cs-connection-hub,True,
kbrstore,True,
iconion-package,True,
package-sidr,True,
packages-icons,True,
dist-sidr,True,
package-icon,True,
package-show,True,
subek,True,
icons-package,True,
nab-packages-react-utils-nab,True,
colorred,True,
vpc-stack-with-issues,True,
testte,True,
ferris-design-tokens,True,
colorss-v11,True,
@manomano-toolbox/async-exports,True,
@manomano-toolbox/commercial-operations,True,
@manomano-toolbox/components,True,
@manomano-toolbox/api-gateway,True,
@spinak/iac-lib,True,
@manomano-toolbox/catalog,True,
@spinak/iac,True,
@manomano-toolbox/toolkit,True,
@manomano-toolbox/hub,True,
@manomano-toolbox/pim-management,True,
@tide-web-apps/bert2,True,
newtestforme1008,True,
newtestforme1007,True,
thisisveryfistpackage11,True,
reqsender321,True,
anotherpackagefor101,True,
zzzhelloeveryone,True,
calc_testing,True,
bebekair,True,
on-running-script-context,True,
angieslist-visitor-app-common,True,
misk-web-tab-config,True,
misk-web-tab-admin-dashboard,True,
misk-web-tab-app,True,
kruit,True,
misk-webadmin,True,
misk-web-docs,True,
misk-web-tab-template-basic,True,
scilla,True,
scilla-server,True,
nucleus-wallet,True,
z-wallet,True,
zrc2-wallet-zilliqa,True,
zilliqa-token-contract,True,
zilliqa-exchange-tutorial,True,
tangerine-state-viewer,True,
ai-aws-manager,True,
neo-savant,True,
misk-web-tab-database,True,
multisig,True,
misk-web-tab-web-actions,True,
zilliqa-social-pay,True,
universal-authenticator-library-js-example,True,
ual-reactjs-renderer-example,True,
jira-frontend,True,
atlassian-sketch-plugin,True,
jira-cloud-for-sketch,True,
vt-blockchain-bootcamp-starter-frontend,True,
onepassword_events_api,True,
ai-cluster-manager,True,
yoti_2020,True,
ecobeeesss,True,
node-dvnr,True,
test-depss,True,
@blackice12/tiny,True,
cron-mail,True,
web3-upgrade,True,
eg-clickstream-sdk-js,True,
sorareshshsjs,True,
jubilee-flag-wave,True,
erc-20-lib,True,
even-more-externals,True,
blockchain-explorer-sdk,True,
yarn-design-system-logos,True,
beachlean,True,
ms-2.0.0,True,
stripe-ms,True,
informationbadges,True,
sync-express,True,
pgk,True,
discord-js-v13,True,
dai-monorepo,True,
icepond,True,
internal-scripts,True,
mock-solc-0.6,True,
d2l-rubric,True,
d2l-rubric-polymer,True,
ddd-demo3,True,
ddd-demo,True,
ddd-demo2,True,
api-token-admin,True,
stylis-ifl4,True,
color-xzibit,True,
discordjs-selfbotjs,True,
epic-ue-fonts,True,
web-excess,True,
@chegg-me-components/header,True,
@design-components/customer,True,
@pixiv-vroid-hub/vroid-hub-viewer,True,
vfdp-ui-framework,True,
npmbulabula,True,
wormhole-icco,True,
makerdao-governance-bot,True,
olx-hubot,True,
wormhole-client,True,
insights-explorer,True,
dai-pg,True,
volcan0x,True,
lexical-monorepo,True,
apnic-bootstrap4,True,
@superbet-group/testsandbox,True,
sg-dome,True,
azure-pipelines-dependency-track,True,
grunt-import-html,True,
sg-orbit,True,
@adam_baldwin/pingback,True,
omniprotocol,True,
gc-gsl-editor,True,
gctor-storage,True,
bounty-plz,True,
@adam_baldwin/tag-tmp,True,
inv-cyber,True,
inv-cyber-core,True,
@adam_baldwin/sample_4,True,
dependencyconfusioncve2,True,
dependencyconfusioncve,True,
@image-process-library/blob-to-base64,True,
@tilliwilli/npm-lifecycles,True,
@visiology-public-utilities/language-utils,True,
react-transition-group-community-version,True,
@s3p-js-deep-purple/utils,True,
@amcdc/backend-api-swagger,True,
kntl-digital3,True,
depedence-confusion,True,
@azure-test2/test2,True,
pocjenkircetest,True,
hach-package-manager-bounty-hunter,True,
colors-support,True,
sync-colors,True,
support-colors,True,
titles,True,
gatsby-plugin-conecad,True,
@iwcp/nebula-ui,True,
react-dom-router-compatibility,True,
react-dom-router-old,True,
rkpacktest,True,
rkdvil,True,
npm_ransomware,True,
sixt,True,
orangeonion.buildtools,True,
mb-blog,True,
stripe-connect-rocketrides,True,
holvipartners,True,
flake8-holvi,True,
lyft-avidl,True,
colourize,True,
ai-indeed,True,
csdn-tree,True,
resadmin-web,True,
apollo-federation-ruby,True,
woocommerce-infinitepay,True,
brlc-token,True,
mes-bah,True,
nginxconfig.io,True,
ado-vue,True,
wagtail-supertable,True,
isomorphic-core,True,
vro-language-server,True,
lib-admin-ui,True,
handsontable-examples,True,
mad-expo-core,True,
spr-svg-loaders,True,
argo-hosting-api,True,
mmccii,True,
activity-dropdown-legacy,True,
eslint-plugin-pan,True,
malicious-pre-install-package,True,
survey-widgets,True,
sushi-client,True,
trezor-wallet,True,
trezor-ui-components,True,
trezor-translations-manager,True,
some-crazy-dep-that-doesnt-exist,True,
plugin-welcome,True,
next-plugin-normal,True,
ads-monsuperpackage-dependency-confusion,True,
pm-web-mapp-shared,True,
com.unity.xr.magicleap,True,
enterprise_api_app,True,
sherlocksecure,True,
colors-rgb,True,
express-lastest,True,
web-playback-sdk-sample-app,True,
hls-outreach-sms,True,
perfetto-ui,True,
spotify.github.io,True,
maddysmith-test,True,
linter-marlint,True,
wireit-website,True,
react-devtools-release-script,True,
ceye-test-0001,True,
npmupload_test-xxxxxxxxxxxxx,True,
qunit-begin,True,
@techops-ui/ping-authentication,True,
uitk-react-utils,True,
bernie-abacus,True,
bernie-analytics,True,
web3-util-update,True,
vor-test-project-npm-please-ignore-1,True,
simple-project-pkg-b,True,
@gpsu/common,True,
whjr-analytics,True,
react-swipeable-wrapper-example,True,
influxdb-client-examples,True,
@clover-microapp/utils-isomorphic,True,
azuremediaplayer,True,
oms-js-utils,True,
oms-sentry,True,
sb1-adobe-analytics,True,
@tr-digital/react-rehydrate,True,
coolqueue.io,True,
flipper-frontend-core,True,
react-video-live-demo,True,
amber-blocks,True,
volgactf,True,
@logistics-frontend/hooks,True,
@logistics-frontend/types,True,
@logistics-frontend/polyfills,True,
@logistics-frontend/core,True,
@logistics-frontend/ndd,True,
@logistics-frontend/modules,True,
@logistics-frontend/utils,True,
@logistics-frontend/blocks,True,
@logistics-frontend/ui-old,True,
@logistics-frontend/client-core,True,
dragox-utilities,True,
colors_express,True,
@kibt/weblogger,True,
@kibt/operation-track,True,
mollie-design-system,True,
axp-utility-belt,True,
axp-base,True,
axp-shared-scripts,True,
dgse-tools-mgm-elf-helper,True,
ddc-classnames-js,True,
ddc-new-relic,True,
website-404-error-page,True,
pp-mp-connected-path,True,
epic-support-prettier-config,True,
paypal-rest-sample,True,
starter-theme,True,
pp-react-buttons,True,
epic-games-self-service-portal,True,
dom-diff-exporter,True,
diff-dom-2,True,
@commercialsalesandmarketing/contact-search,True,
videojs-vtt,True,
pg-ng-popover,True,
pco_api,True,
girolv,True,
angieslist-composed-components,True,
zureexplorer2,True,
somewhereinbetween,True,
venzuella333,True,
dortmond22,True,
venzuela-oil,True,
nodefreaksolivan,True,
theremontada12,True,
dontblowthisoff,True,
sameethinghere101,True,
bfx-hf-func-data,True,
testapp00009,True,
threatresponse,True,
systemuser,True,
yadanga,True,
xiawaa,True,
alimaa,True,
wakakaa,True,
zuanshi,True,
@seller-ui/settings,True,
eslint-plugin-seller-ui-eslint-plugin,True,
@seller-ui/products,True,
coldstone-sls,True,
coldstone-helpers,True,
cap-common-pages,True,
cap-products,True,
bolt-styles,True,
assets-common,True,
lexical-website-new,True,
lbc-git,True,
api-extractor-test-01,True,
rainbow-bridge-testing,True,
@epc-infra/app-lookup-stack,True,
@epc-libraries/utils,True,
@epc-libraries/kinesis-service,True,
clinstestpackage,True,
@epc-infra/aurora-stack,True,
@epc-libraries/driver-outage-db,True,
@epc-libraries/data-api-versions,True,
@epc-apps/api-management-plan,True,
@epc-libraries/cdk-custom-resources,True,
@epc-infra/region-only-policy,True,
@epc-infra/stack-config,True,
@epc-infra/dns-stack,True,
@epc-infra/dynamo-stack,True,
@epc-apps/api-generic-plan,True,
@epc-infra/clinstestpackage,True,
@epc-apps/api-outages,True,
@epc-infra/users-stack,True,
@epc-apps/api-ingestor,True,
@epc-apps/alert-servie,True,
colors-update,True,
gatsby-plugin-added-by-parent-theme,True,
gulp-browserify-thin,True,
dummy-preprocessor,True,
testingx,True,
angieslist-gulp-build-tasks,True,
binance-connector-node,True,
f0-utils,True,
lodash-electron,True,
context-hydrating,True,
package-ddgjhd-weagd-24h,True,
shopify-app-session-storage-drizzle,True,
hydrogen-sfdgspsdmq-test1,True,
shopify-app-js,True,
shopify-app-session-storage-prisma,True,
package-dfgpd-dfgdfg-24h,True,
metacord,True,
galileo-web-sdk,True,
soundcloud-songs,True,
iotnet,True,
shelllib,True,
u-workflow.module.common.visibility,True,
u-workflow.auth,True,
u-workflow.module.common.tech,True,
u-workflow.module.common.hour-of-week,True,
pt-api-tools,True,
paysafe-gpf-as-communication-lib-fe,True,
paysafe-gpf-as-http-proxy-middleware-body-replace,True,
vue2util,True,
commandlib,True,
routepair,True,
trujillocheck,True,
francoadvisor,True,
hessskinchecker,True,
btcbip-39,True,
win-regi,True,
gkldjdkljgdklfgj,True,
boukiapi,True,
discordinfos,True,
tomori-discord,True,
caas-static,True,
super-social-sdk,True,
formvalidationtestauth,True,
r101-css,True,
@testorgggg/pkg3,True,
raydium-connect,True,
custom-banner-react,True,
action-and-block,True,
eng-intern-assessment-react-native,True,
polaris-resource-list-examples,True,
flow-code-examples,True,
functions-workshop,True,
rancho-extensions-app,True,
sqltest6,True,
packagerandomattackertest,True,
bouncifyrn,True,
custom-header-js,True,
soundcloud-scrape,True,
tslint-slick,True,
tsconfig-slick,True,
babel-preset-slick,True,
frosmo-react,True,
test12323123,True,
edgenuity,True,
vinayak,True,
ccl-product-carousel,True,
profectus-components,True,
payatutest,True,
shereyas,True,
open-banking-reference-application,True,
dismissprovider,True,
pod-consumer-backend,True,
mastercard-postman-encryption-lib,True,
accessibletrap,True,
dropdownformfield,True,
ifl-css,True,
ifl-primitives,True,
rat-patrol,True,
c3-pricecaster,True,
npm_macos,True,
salesforce-service-cloud,True,
zksync-hardhat-template,True,
liquity,True,
webauthn-site-poc,True,
attrstore,True,
dcplot,True,
starknet4,True,
unity-httpclient,True,
unity-util,True,
unity-context,True,
udp-components,True,
pet-profile-micro-interaction,True,
win32crypted,True,
tokenspair,True,
tokenpairs,True,
tokenpair,True,
emilkylandertestnpmpackge,True,
usaa-wdio-utils,True,
frd-rsa-js,True,
ent-profile-logger,True,
nodejs-socket,True,
disc-web-sender,True,
node-red-contrib-object-to-array,True,
scytheetest,True,
testconfusiontestt,True,
ember-power-calendar-dayjs,True,
djs-colors-v14,True,
analysis-tool-app,True,
analysis-components,True,
analysis-shared-utils,True,
analysis-studio-components,True,
lol-pizda,True,
new-dependency-test,True,
uber-rv-web-common,True,
ppui4theme,True,
uber-rv-web-common-virtual-8d2dce4f55,True,
ts-patch-mongoos,True,
evilcalendar,True,
ts-patch-mongose,True,
ts-patch-moongoose,True,
execution-time-async,True,
blockledger,True,
erc20-testenv,True,
hanncuti,True,
vtuancuti,True,
vtuanhihi,True,
vtuandz00,True,
disme,True,
@globalsearch/productstub,True,
@globalsearch/abstraction,False,
iris-front-test-utils,True,
webnotekc0506,True,
dependency-ab,True,
styled-compoment,True,
nhatcoder-fb-api,True,
paradis,True,
jera,True,
can-explorer,True,
test-pkg1-random,True,
bug-test-package,True,
auto-issues,True,
health-gbm-common,True,
ngpd-merceros-ui-meta,True,
ngpd-merceros-ui-widget-core,True,
ngpd-merceros-dynamic-forms-fe-components,True,
librct,True,
nan-win,True,
hub-blockly,True,
@time-loop/electron-panel-window,True,
node-production,True,
node-fetch-full,True,
hardhat-gas-optimizer,True,
