pypi,py-pystringcontrol,27/2/23,TRUE
pypi,uurllib3,11/2/23,FALSE
pypi,tppepcontrolstring,25/2/23,TRUE
pypi,adpip,23/2/23,TRUE
pypi,ramint,25/2/23,TRUE
pypi,tpvisaintelint,25/2/23,TRUE
pypi,selfcpuramultra,25/2/23,TRUE
pypi,httpsuper,23/2/23,TRUE
pypi,py-controlpymc,25/2/23,TRUE
pypi,libhydracvnvidia,25/2/23,TRUE
pypi,loadcraft,23/2/23,TRUE
pypi,tpcvultrainfo,3/3/23,TRUE
pypi,selfvercvrand,25/2/23,TRUE
pypi,esqccre,25/2/23,TRUE
pypi,gamegame,23/2/23,TRUE
pypi,mcvisa,24/2/23,TRUE
pypi,lgtbstr,25/2/23,FALSE
pypi,openppyxl,11/2/23,FALSE
pypi,aliyun-oss2,14/8/23,TRUE
pypi,libsuperkilllib,26/2/23,TRUE
pypi,tpccrandom,25/2/23,TRUE
pypi,libmaskcpu,25/2/23,TRUE
pypi,tppepget,25/2/23,TRUE
pypi,prooftool,24/2/23,TRUE
pypi,ultratool,23/2/23,TRUE
pypi,selfsplitreplaceosint,25/2/23,TRUE
pypi,py-cvintpy,26/2/23,TRUE
pypi,esqintelreplacepull,25/2/23,TRUE
pypi,pustil,11/2/23,FALSE
pypi,selfedgamestudy,12/3/23,FALSE
pypi,tplgtbreosint,27/2/23,FALSE
pypi,esqmaskstr,25/2/23,TRUE
pypi,ffreqtrade,9/2/23,FALSE
pypi,py-vmpullkill,25/2/23,TRUE
pypi,tpgrandkillhydra,25/2/23,TRUE
pypi,splitram,25/2/23,TRUE
pypi,libminevisarand,25/2/23,TRUE
pypi,selfstringurlgrand,25/2/23,TRUE
pypi,ramcontrol,24/2/23,TRUE
pypi,lgtbhttp,25/2/23,FALSE
pypi,tpguiintelcv,27/2/23,TRUE
pypi,py-vmgrand,25/2/23,TRUE
pypi,selfgamestrstudy,27/2/23,TRUE
pypi,ultralib,24/2/23,TRUE
pypi,py-ccadsuper,27/2/23,TRUE
pypi,py-guimaskram,26/2/23,TRUE
pypi,tpadmaskcandy,27/2/23,TRUE
pypi,hackedpush,25/2/23,TRUE
pypi,libpeppingpyw,25/2/23,TRUE
pypi,libramhydralib,27/2/23,TRUE
pypi,selfpongcpu,25/2/23,TRUE
pypi,selfhackedcvnvidia,25/2/23,TRUE
pypi,py-edproof,25/2/23,TRUE
pypi,selfhydragamever,25/2/23,TRUE
pypi,guicandy,23/2/23,TRUE
pypi,libcontrolinfomine,25/2/23,TRUE
pypi,py-vmpullinfo,27/2/23,TRUE
pypi,xlsxwritr,11/2/23,FALSE
pypi,requests-toolbet,11/2/23,FALSE
pypi,toolpull,25/2/23,TRUE
pypi,splitcc,25/2/23,TRUE
pypi,esqcvproof,25/2/23,TRUE
pypi,candygame,23/2/23,TRUE
pypi,matlotlib,10/2/23,FALSE
pypi,minecv,24/2/23,TRUE
pypi,py-infovirtualgame,27/2/23,TRUE
pypi,py-pyintelcpu,27/2/23,TRUE
pypi,liburlcontrolpull,27/2/23,TRUE
pypi,py-verintsplit,25/2/23,TRUE
pypi,esqcraftguimine,26/2/23,TRUE
pypi,selfkillgameintel,27/2/23,TRUE
pypi,py-maskstringcpu,25/2/23,TRUE
pypi,ptyorch,10/2/23,FALSE
pypi,libpingverrand,27/2/23,TRUE
pypi,pywurl,23/2/23,TRUE
pypi,libinfointel,25/2/23,TRUE
pypi,py-hackedpushcandy,26/2/23,TRUE
pypi,tpvmmc,25/2/23,TRUE
pypi,simplejsson,11/2/23,FALSE
pypi,tpreplaceget,25/2/23,TRUE
pypi,tprelgtbvm,27/2/23,FALSE
pypi,libpostrestring,27/2/23,TRUE
pypi,requestss-toolbelt,11/2/23,FALSE
pypi,selfpywrandom,25/2/23,TRUE
pypi,selfcpulgtbpip,25/2/23,FALSE
pypi,py-pushintelhydra,25/2/23,TRUE
pypi,selfhackedmaskultra,25/2/23,TRUE
pypi,pycodestlye,11/2/23,FALSE
pypi,selftoolinfoint,26/2/23,TRUE
pypi,libnvidiaintmine,25/2/23,TRUE
pypi,cpuvm,23/2/23,TRUE
pypi,libpywvisavirtual,12/3/23,FALSE
pypi,py-ultrareplace,25/2/23,TRUE
pypi,libintelurllgtb,27/2/23,FALSE
pypi,selfcandyintpyw,25/2/23,TRUE
pypi,esqsupergrandstr,27/2/23,TRUE
pypi,peppyw,24/2/23,TRUE
pypi,mcpip,24/2/23,TRUE
pypi,selfgamepullre,27/2/23,TRUE
pypi,pipcraft,23/2/23,TRUE
pypi,xlsxriter,11/2/23,FALSE
pypi,selfreplacevisa,25/2/23,TRUE
pypi,controlcraft,24/2/23,TRUE
pypi,libpaypalintpy,25/2/23,TRUE
pypi,libstringstr,25/2/23,TRUE
pypi,esqstringpepcv,26/2/23,TRUE
pypi,libpushrandlib,25/2/23,TRUE
pypi,cryptocomapre,9/2/23,FALSE
pypi,cvcontrol,24/2/23,TRUE
pypi,selfpingintelcandy,27/2/23,TRUE
pypi,postad,24/2/23,TRUE
pypi,py-hydralgtbvm,27/2/23,FALSE
pypi,esqencodepostinfo,26/2/23,TRUE
pypi,py-ultraramgui,25/2/23,TRUE
pypi,mineget,24/2/23,TRUE
pypi,libcraftcandyrandom,26/2/23,TRUE
pypi,beautifulsuop,11/2/23,FALSE
pypi,selfultrahydra,25/2/23,TRUE
pypi,tphydrapongcc,27/2/23,TRUE
pypi,py-intelpepsplit,8/3/23,FALSE
pypi,visahydra,25/2/23,TRUE
pypi,py-maskverstring,27/2/23,TRUE
pypi,prompt-tolokit,11/2/23,FALSE
pypi,py-nvidiaguistr,27/2/23,TRUE
pypi,tpcandyinfomask,25/2/23,TRUE
pypi,selfpaypalintel,25/2/23,TRUE
pypi,esqcandyosintcandy,3/3/23,TRUE
pypi,py-pipsuperad,27/2/23,TRUE
pypi,pynistaller,10/2/23,FALSE
pypi,esqgrandvm,25/2/23,TRUE
pypi,libnvidiapy,25/2/23,TRUE
pypi,toollgtb,25/2/23,FALSE
pypi,libvisapostget,27/2/23,TRUE
pypi,esqintcvlgtb,25/2/23,FALSE
pypi,esqccstringlgtb,25/2/23,FALSE
pypi,selfvisaverrand,25/2/23,TRUE
pypi,mle-py-connector,17/3/24,FALSE
pypi,ptorch,10/2/23,FALSE
pypi,vypre,9/2/23,FALSE
pypi,py-controlramnvidia,27/2/23,TRUE
pypi,candyencode,25/2/23,TRUE
pypi,libblas3,9/10/23,FALSE
pypi,selfreplacereplace,25/2/23,TRUE
pypi,selftoolvisaping,25/2/23,TRUE
pypi,matplotlib-sqlalchemy,20/5/23,FALSE
pypi,py-stringrandom,25/2/23,TRUE
pypi,tpsplitpostpong,27/2/23,TRUE
pypi,proofmc,24/2/23,TRUE
pypi,tppinghttpget,25/2/23,TRUE
pypi,selfproofcvrand,27/2/23,TRUE
pypi,py-hydraurl,25/2/23,TRUE
pypi,py-randomencode,25/2/23,TRUE
pypi,selfgetrepush,27/2/23,TRUE
pypi,libpullpep,25/2/23,TRUE
pypi,propt-toolkit,11/2/23,FALSE
pypi,grandultra,23/2/23,TRUE
pypi,beaautifulsoup4,10/2/23,FALSE
pypi,pyhjdddo,24/9/23,TRUE
pypi,py-superrandompaypal,26/2/23,TRUE
pypi,libtoolintencode,25/2/23,TRUE
pypi,strgrand,25/2/23,TRUE
pypi,esqcontrolpongpull,27/2/23,TRUE
pypi,cryptocmpare,9/2/23,FALSE
pypi,oslana,9/2/23,FALSE
pypi,libcontrolpyinfo,27/2/23,TRUE
pypi,craftosint,25/2/23,TRUE
pypi,selfpaypalpepcc,25/2/23,TRUE
pypi,tppywmc,25/2/23,TRUE
pypi,hydrarand,25/2/23,TRUE
pypi,grandurl,23/2/23,TRUE
pypi,esqccminepy,25/2/23,TRUE
pypi,tppeppullintel,27/2/23,TRUE
pypi,tploadget,25/2/23,TRUE
pypi,libhydrasupercpu,25/2/23,TRUE
pypi,esqstringpushload,25/2/23,TRUE
pypi,librandlgtbultra,27/2/23,FALSE
pypi,tposintosintrand,27/2/23,TRUE
pypi,recontrol,24/2/23,TRUE
pypi,libminepushrandom,25/2/23,TRUE
pypi,py-intpep,25/2/23,TRUE
pypi,selfurlmcstr,27/2/23,TRUE
pypi,randompep,25/2/23,TRUE
pypi,selfvmvisahacked,27/2/23,TRUE
pypi,esqproofpushlib,26/2/23,TRUE
pypi,esqurlget,25/2/23,TRUE
pypi,esqvmram,25/2/23,TRUE
pypi,solanaa,9/2/23,FALSE
pypi,tpcontrolpywreplace,27/2/23,TRUE
pypi,selfadmaskmask,27/2/23,TRUE
pypi,cryptofede,9/2/23,FALSE
pypi,tppostreplacevisa,27/2/23,TRUE
pypi,tprepullpush,27/2/23,TRUE
pypi,selfreplacesuperpip,25/2/23,TRUE
pypi,libsuperhydrainfo,25/2/23,TRUE
pypi,esqpeppost,25/2/23,TRUE
pypi,libpyw,24/2/23,TRUE
pypi,py-ramgameping,26/2/23,TRUE
pypi,freqtradde,9/2/23,FALSE
pypi,tpreccmine,26/2/23,TRUE
pypi,candyad,23/2/23,TRUE
pypi,cchttp,24/2/23,TRUE
pypi,grandpy,23/2/23,TRUE
pypi,discord-ebhook,11/2/23,FALSE
pypi,cryptoofeed,9/2/23,FALSE
pypi,requests-ttoolbelt,11/2/23,FALSE
pypi,toolpip,24/2/23,TRUE
pypi,visagui,24/2/23,TRUE
pypi,tesorflow,10/2/23,FALSE
pypi,liburlpywpost,27/2/23,TRUE
pypi,cryptocomparee,9/2/23,FALSE
pypi,requests-toolbellt,11/2/23,FALSE
pypi,esqcandysplitpep,27/2/23,TRUE
pypi,tphttpad,25/2/23,TRUE
pypi,rampip,23/2/23,TRUE
pypi,selfpostpywver,27/2/23,TRUE
pypi,minerandom,25/2/23,TRUE
pypi,libstringstringgame,25/2/23,TRUE
pypi,getpip,23/2/23,TRUE
pypi,esqrepyw,25/2/23,TRUE
pypi,selfcraftcontrolload,26/2/23,TRUE
pypi,selflgtbcvvm,25/2/23,FALSE
pypi,selfhttpstrver,25/2/23,TRUE
pypi,prompt-tooolkit,11/2/23,FALSE
pypi,py-intcandysplit,25/2/23,TRUE
pypi,py-guisuper,25/2/23,TRUE
pypi,ccmine,24/2/23,TRUE
pypi,tpcvinfo,25/2/23,TRUE
pypi,ultraad,23/2/23,TRUE
pypi,py-mcedcraft,27/2/23,TRUE
pypi,matpplotlib,10/2/23,FALSE
pypi,tpvirtuallgtbpull,25/2/23,FALSE
pypi,osintgrand,25/2/23,TRUE
pypi,candyvisa,24/2/23,TRUE
pypi,tpcandygrandpost,27/2/23,TRUE
pypi,esqinfohackedvisa,25/2/23,TRUE
pypi,py-paypalsplitpush,25/2/23,TRUE
pypi,selfsupervmencode,25/2/23,TRUE
pypi,py-httpvisagui,27/2/23,TRUE
pypi,pyinstalelr,10/2/23,FALSE
pypi,guipip,24/2/23,TRUE
pypi,libhackedpullload,27/2/23,TRUE
pypi,libhydrapong,25/2/23,TRUE
pypi,esqrandmask,25/2/23,TRUE
pypi,esqresuper,25/2/23,TRUE
pypi,selfstrvirtualrand,25/2/23,TRUE
pypi,esqponghydrastring,27/2/23,TRUE
pypi,libpepramvm,25/2/23,TRUE
pypi,py-masksuperpyw,27/2/23,TRUE
pypi,selfvergui,25/2/23,TRUE
pypi,esqnvidiahttpvm,25/2/23,TRUE
pypi,poenpyxl,11/2/23,FALSE
pypi,ewbsocket-client,11/2/23,FALSE
pypi,libnvidiareplacerandom,27/2/23,TRUE
pypi,libccreplacemask,27/2/23,TRUE
pypi,libpongurlvm,27/2/23,TRUE
pypi,esqmchydra,25/2/23,TRUE
pypi,tpgetultrapush,25/2/23,TRUE
pypi,esqnvidiaadram,8/3/23,FALSE
pypi,tppingvercv,27/2/23,TRUE
pypi,esqguipywhttp,25/2/23,TRUE
pypi,tpmaskverultra,25/2/23,TRUE
pypi,libhydratooled,27/2/23,TRUE
pypi,nvidiaurl,25/2/23,TRUE
pypi,selfreplacead,25/2/23,TRUE
pypi,selfstringlgtbhttp,25/2/23,FALSE
pypi,tpgetadstr,27/2/23,TRUE
pypi,urlgrand,23/2/23,TRUE
pypi,tpstudyver,25/2/23,TRUE
pypi,selfhttpvmcontrol,25/2/23,TRUE
pypi,websoockets,9/2/23,FALSE
pypi,vyepr,9/2/23,FALSE
pypi,mcgame,23/2/23,TRUE
pypi,discord-yp,11/2/23,FALSE
pypi,selframsplitstring,25/2/23,TRUE
pypi,selfloadintel,25/2/23,TRUE
pypi,esqinfointproof,26/2/23,TRUE
pypi,maskget,24/2/23,TRUE
pypi,libpongcvvm,10/3/23,FALSE
pypi,tpvmpostsuper,25/2/23,TRUE
pypi,esqrecv,25/2/23,TRUE
pypi,libramguipull,25/2/23,TRUE
pypi,selflgtbpaypal,25/2/23,FALSE
pypi,tpstrsplitvirtual,27/2/23,TRUE
pypi,selenium-matplotlib,20/5/23,FALSE
pypi,ramtool,24/2/23,TRUE
pypi,selfpostgrandgui,25/2/23,TRUE
pypi,requeests-toolbelt,11/2/23,FALSE
pypi,esqgameultracandy,27/2/23,TRUE
pypi,tencent-cloud-python-sdk,13/10/23,TRUE
pypi,tpinfoencodeget,26/2/23,TRUE
pypi,selfcraftpaypalultra,27/2/23,TRUE
pypi,selfcontrolhttppip,26/2/23,TRUE
pypi,py-postproofmc,26/2/23,TRUE
pypi,libedpingcv,26/2/23,TRUE
pypi,esqcraftrammc,25/2/23,TRUE
pypi,libcchydraencode,25/2/23,TRUE
pypi,adcv,24/2/23,TRUE
pypi,libmaskstudyrandom,25/2/23,TRUE
pypi,gogogolokl,6/6/23,TRUE
pypi,esqosintvisaget,26/2/23,TRUE
pypi,reproof,24/2/23,TRUE
pypi,loadlib,23/2/23,TRUE
pypi,prompt-ttoolkit,11/2/23,FALSE
pypi,freqrtade,9/2/23,FALSE
pypi,pepcv,24/2/23,TRUE
pypi,esqstringpingpong,25/2/23,TRUE
pypi,sys-selenium,20/5/23,FALSE
pypi,esqstudyedgrand,27/2/23,TRUE
pypi,libcvstring,25/2/23,TRUE
pypi,py-hydragrandgame,25/2/23,TRUE
pypi,sqlalchemy-os,20/5/23,FALSE
pypi,esqguiproofad,12/3/23,FALSE
pypi,libcandykillosint,26/2/23,TRUE
pypi,esqvisakill,25/2/23,TRUE
pypi,py-mcpushmask,25/2/23,TRUE
pypi,proofsplit,25/2/23,TRUE
pypi,liburlstringping,27/2/23,TRUE
pypi,liblibpiprandom,25/2/23,TRUE
pypi,selfcvinfourl,26/2/23,TRUE
pypi,selfhackedlib,25/2/23,TRUE
pypi,esqlibpullreplace,27/2/23,TRUE
pypi,postrandom,25/2/23,TRUE
pypi,esqguipippost,3/3/23,TRUE
pypi,tpreplacecrafthacked,26/2/23,TRUE
pypi,getcandy,24/2/23,TRUE
pypi,py-remc,25/2/23,TRUE
pypi,httprequesting,10/5/23,FALSE
pypi,py-pywcclgtb,27/2/23,FALSE
pypi,pullload,25/2/23,TRUE
pypi,tphydracvmask,27/2/23,TRUE
pypi,selfedpinggui,27/2/23,TRUE
pypi,requests-tolbelt,11/2/23,FALSE
pypi,ccsuper,24/2/23,TRUE
pypi,libregame,25/2/23,TRUE
pypi,nvidiaintel,25/2/23,TRUE
pypi,selfminemasked,27/2/23,TRUE
pypi,py-hackedccencode,27/2/23,TRUE
pypi,libpystudyre,27/2/23,TRUE
pypi,esqguiload,25/2/23,TRUE
pypi,ismplejson,11/2/23,FALSE
pypi,ddiscord-py,11/2/23,FALSE
pypi,py-adrandomintel,26/2/23,TRUE
pypi,selfsupered,25/2/23,TRUE
pypi,hackedintel,25/2/23,TRUE
pypi,esqrerecandy,2/3/23,TRUE
pypi,tpvmcraftmine,27/2/23,TRUE
pypi,selflgtbhttp,25/2/23,FALSE
pypi,xlsxwrietr,11/2/23,FALSE
pypi,selfcontrolloadload,8/5/23,FALSE
pypi,py-intcandyintel,26/2/23,TRUE
pypi,esqgetultragui,27/2/23,TRUE
pypi,killreplace,25/2/23,TRUE
pypi,libstudystring,25/2/23,TRUE
pypi,py-strlgtbstudy,25/2/23,FALSE
pypi,tpmaskpushre,27/2/23,TRUE
pypi,lgtbvm,25/2/23,FALSE
pypi,tpinforandcpu,27/2/23,TRUE
pypi,cpucpu,23/2/23,TRUE
pypi,discrd-webhook,11/2/23,FALSE
pypi,esqintelram,25/2/23,TRUE
pypi,esqadnvidia,25/2/23,TRUE
pypi,py-strkillcraft,27/2/23,TRUE
pypi,ccget,24/2/23,TRUE
pypi,pingcraft,25/2/23,TRUE
pypi,py-prooflibmc,25/2/23,TRUE
pypi,esqvisapullre,25/2/23,TRUE
pypi,esqultragrandgame,25/2/23,TRUE
pypi,esqintlgtbcontrol,25/2/23,FALSE
pypi,py-loadpongsplit,25/2/23,TRUE
pypi,py-cpumask,25/2/23,TRUE
pypi,pephttp,24/2/23,TRUE
pypi,booto3,8/3/24,FALSE
pypi,selfgetmask,25/2/23,TRUE
pypi,tpvmstringgrand,27/2/23,TRUE
pypi,adcandy,23/2/23,TRUE
pypi,discord-webook,11/2/23,FALSE
pypi,tptoolmc,25/2/23,TRUE
pypi,postget,23/2/23,TRUE
pypi,libgrandpaypalget,27/2/23,TRUE
pypi,intint,25/2/23,TRUE
pypi,stringcc,25/2/23,TRUE
pypi,visaad,24/2/23,TRUE
pypi,xlxswriter,11/2/23,FALSE
pypi,pypip,24/2/23,TRUE
pypi,minecc,24/2/23,TRUE
pypi,py-pywrandomvisa,26/2/23,TRUE
pypi,tkaclendar,11/2/23,FALSE
pypi,cryptocompar,9/2/23,FALSE
pypi,libedkillcraft,27/2/23,TRUE
pypi,tpstrstrsplit,27/2/23,TRUE
pypi,selfsuperramvirtual,27/2/23,TRUE
pypi,tptoolpywgui,2/3/23,TRUE
pypi,tphttpcchttp,25/2/23,TRUE
pypi,selflgtbpep,25/2/23,FALSE
pypi,tploadreplacestring,26/2/23,TRUE
pypi,replacerand,25/2/23,TRUE
pypi,freqtraed,9/2/23,FALSE
pypi,selfvisaurlpong,26/2/23,TRUE
pypi,websockest,9/2/23,FALSE
pypi,esqnvidiaultrapep,27/2/23,TRUE
pypi,toolsuper,23/2/23,TRUE
pypi,requests-oolbelt,11/2/23,FALSE
pypi,selfencodepostmc,26/2/23,TRUE
pypi,tppinghydrainfo,26/2/23,TRUE
pypi,py-pyencodeload,25/2/23,TRUE
pypi,esqrandomhydra,25/2/23,TRUE
pypi,tpgetlibget,26/2/23,TRUE
pypi,repip,23/2/23,TRUE
pypi,py-hydracontrolcontrol,26/2/23,TRUE
pypi,ensorflow,10/2/23,FALSE
pypi,tpgetgetmc,25/2/23,TRUE
pypi,esqverpyosint,9/3/23,FALSE
pypi,gitpyton,11/2/23,FALSE
pypi,liblgtbpushpost,27/2/23,FALSE
pypi,libpostping,25/2/23,TRUE
pypi,tphackedhttpultra,26/2/23,TRUE
pypi,libcvcv,25/2/23,TRUE
pypi,py-intelcpusuper,27/2/23,TRUE
pypi,selfintmaskreplace,27/2/23,TRUE
pypi,librandomguipip,25/2/23,TRUE
pypi,esqguipong,25/2/23,TRUE
pypi,esqsuperstrmine,27/2/23,TRUE
pypi,esqproofproof,25/2/23,TRUE
pypi,pipmine,23/2/23,TRUE
pypi,libpushramosint,26/2/23,TRUE
pypi,esqvmmineping,26/2/23,TRUE
pypi,libpaypalurlstring,25/2/23,TRUE
pypi,grandget,23/2/23,TRUE
pypi,py-minepyencode,25/2/23,TRUE
pypi,libgrandver,25/2/23,TRUE
pypi,roblopython,27/4/23,FALSE
pypi,selfverproofrandom,25/2/23,TRUE
pypi,hydrapep,24/2/23,TRUE
pypi,selframstudyget,3/3/23,TRUE
pypi,selfloadccpy,25/2/23,TRUE
pypi,libencodeurlnvidia,25/2/23,TRUE
pypi,esqlgtbpostpip,25/2/23,FALSE
pypi,py-prooflib,25/2/23,TRUE
pypi,py-stringlib,25/2/23,TRUE
pypi,pushre,25/2/23,TRUE
pypi,esqpaypalgamemc,26/2/23,TRUE
pypi,pywvirtual,24/2/23,TRUE
pypi,libsplitosint,25/2/23,TRUE
pypi,pyinstlaler,10/2/23,FALSE
pypi,supermc,23/2/23,TRUE
pypi,tpnvidiasplit,25/2/23,TRUE
pypi,libpywgame,25/2/23,TRUE
pypi,selfgrandencodecv,25/2/23,TRUE
pypi,esqcraftrandomrandom,25/2/23,TRUE
pypi,libramvmver,25/2/23,TRUE
pypi,selfsplitad,25/2/23,TRUE
pypi,py-studytoolvisa,26/2/23,TRUE
pypi,requessts-toolbelt,11/2/23,FALSE
pypi,tpedpingpull,27/2/23,TRUE
pypi,selfpushlgtbnvidia,26/2/23,FALSE
pypi,ppygame,10/2/23,FALSE
pypi,craftpyw,23/2/23,TRUE
pypi,py-candyintcontrol,27/2/23,TRUE
pypi,py-grandpep,25/2/23,TRUE
pypi,oepnpyxl,11/2/23,FALSE
pypi,py-pullreplaceinfo,25/2/23,TRUE
pypi,stringgrand,25/2/23,TRUE
pypi,tpsplitinfovirtual,27/2/23,TRUE
pypi,xlswxriter,11/2/23,FALSE
pypi,tpadrandommc,25/2/23,TRUE
pypi,tppypingvm,27/2/23,TRUE
pypi,py-ccmcstudy,26/2/23,TRUE
pypi,py-pipstudystr,25/2/23,TRUE
pypi,tpcontrolosintcv,27/2/23,TRUE
pypi,py-pongmaskgrand,27/2/23,TRUE
pypi,py-poststudy,25/2/23,TRUE
pypi,esqhttpintelinfo,25/2/23,TRUE
pypi,py-encodepushhydra,27/2/23,TRUE
pypi,esqcontrolhttphttp,27/2/23,TRUE
pypi,pullpush,25/2/23,TRUE
pypi,pllow,11/2/23,FALSE
pypi,scikit-lean,10/2/23,FALSE
pypi,selfmineultraram,26/2/23,TRUE
pypi,libreplaceintel,25/2/23,TRUE
pypi,selfpullproof,25/2/23,TRUE
pypi,maskhttp,24/2/23,TRUE
pypi,gamecpu,23/2/23,TRUE
pypi,esqstringpingcraft,27/2/23,TRUE
pypi,py-gameram,25/2/23,TRUE
pypi,tpgamestr,25/2/23,TRUE
pypi,esqpinghackedvisa,26/2/23,TRUE
pypi,tpmaskvisacontrol,3/3/23,TRUE
pypi,esqguiadgrand,25/2/23,TRUE
pypi,gittpython,11/2/23,FALSE
pypi,tppongedintel,25/2/23,TRUE
pypi,esqcvlgtbhydra,26/2/23,FALSE
pypi,webssocket-client,11/2/23,FALSE
pypi,adpull,25/2/23,TRUE
pypi,esqinfostrget,27/2/23,TRUE
pypi,py-mcvergame,27/2/23,TRUE
pypi,tpnvidiainfopong,25/2/23,TRUE
pypi,esqpullpushpy,25/2/23,TRUE
pypi,esqpongkillmine,27/2/23,TRUE
pypi,selfstrkill,25/2/23,TRUE
pypi,py-cpupipgame,27/2/23,TRUE
pypi,esqrandompullmine,3/3/23,TRUE
pypi,selfhttpsplited,26/2/23,TRUE
pypi,libvisaurlgui,27/2/23,TRUE
pypi,tposintpywcraft,27/2/23,TRUE
pypi,py-craftpongsuper,27/2/23,TRUE
pypi,selfadlibproof,25/2/23,TRUE
pypi,selfpywgamesuper,26/2/23,TRUE
pypi,pywool,13/5/23,TRUE
pypi,selfvisavirtualmask,25/2/23,TRUE
pypi,selfhydrastringpip,25/2/23,TRUE
pypi,esqmaskcraftnvidia,26/2/23,TRUE
pypi,tpcraftlgtbload,27/2/23,FALSE
pypi,selfkilllgtb,25/2/23,FALSE
pypi,libverhttpmine,27/2/23,TRUE
pypi,py-proofsplitpy,27/2/23,TRUE
pypi,esqreinfore,27/2/23,TRUE
pypi,tpvisaosintpong,25/2/23,TRUE
pypi,esqcraftvirtual,25/2/23,TRUE
pypi,esqmaskpingultra,25/2/23,TRUE
pypi,nagogypython,3/6/23,FALSE
pypi,beautiffulsoup4,10/2/23,FALSE
pypi,esqosintstudymine,25/2/23,TRUE
pypi,py-minereplacesuper,25/2/23,TRUE
pypi,esqintelgrand,25/2/23,TRUE
pypi,selfcontrolpy,25/2/23,TRUE
pypi,vvyper,9/2/23,FALSE
pypi,py-ramintnvidia,27/2/23,TRUE
pypi,esqgettool,25/2/23,TRUE
pypi,urlmc,23/2/23,TRUE
pypi,tphydraproofcpu,25/2/23,TRUE
pypi,pyjwtrequest,1/7/23,FALSE
pypi,openypxl,11/2/23,FALSE
pypi,libkilledgame,27/2/23,TRUE
pypi,cryptoompare,9/2/23,FALSE
pypi,tprandstudyget,25/2/23,TRUE
pypi,tpcontrolstudyload,25/2/23,TRUE
pypi,selfosintpostlib,26/2/23,TRUE
pypi,esqstringramgui,26/2/23,TRUE
pypi,tppostguistring,27/2/23,TRUE
pypi,progerssbar2,11/2/23,FALSE
pypi,libloadramstring,27/2/23,TRUE
pypi,libgrandloadcv,25/2/23,TRUE
pypi,ebsocket-client,11/2/23,FALSE
pypi,tppippingmc,27/2/23,TRUE
pypi,websockes,9/2/23,FALSE
pypi,selfccpeppep,26/2/23,TRUE
pypi,py-httppull,25/2/23,TRUE
pypi,mmatplotlib,10/2/23,FALSE
pypi,libloadram,25/2/23,TRUE
pypi,poststudy,25/2/23,TRUE
pypi,requests-tolobelt,11/2/23,FALSE
pypi,esqmccandypong,25/2/23,TRUE
pypi,mineurl,23/2/23,TRUE
pypi,selfvmminehttp,27/2/23,TRUE
pypi,toolvm,24/2/23,TRUE
pypi,tpminesuperpip,27/2/23,TRUE
pypi,esqmaskpepgui,26/2/23,TRUE
pypi,py-paypalhttp,25/2/23,TRUE
pypi,postgame,24/2/23,TRUE
pypi,bitcoinlb,9/2/23,FALSE
pypi,pstuil,11/2/23,FALSE
pypi,hackedstudy,25/2/23,TRUE
pypi,tppongadultra,3/3/23,TRUE
pypi,tppywultraint,26/2/23,TRUE
pypi,simpljson,11/2/23,FALSE
pypi,cyptofeed,9/2/23,FALSE
pypi,py-lgtbrand,25/2/23,FALSE
pypi,psutill,11/2/23,FALSE
pypi,selfedrandomad,25/2/23,TRUE
pypi,selfrandompywosint,27/2/23,TRUE
pypi,selfvergame,25/2/23,TRUE
pypi,tpverloadget,27/2/23,TRUE
pypi,webscoket-client,11/2/23,FALSE
pypi,py-controlgrandlib,27/2/23,TRUE
pypi,getcv,24/2/23,TRUE
pypi,replacepy,25/2/23,TRUE
pypi,libnvidiasplitpep,27/2/23,TRUE
pypi,py-cpucandyultra,25/2/23,TRUE
pypi,selfrandominfoping,27/2/23,TRUE
pypi,pylioner,18/9/23,TRUE
pypi,nvidialgtb,25/2/23,FALSE
pypi,zlibsrc,30/8/22,FALSE
pypi,adhydra,24/2/23,TRUE
pypi,tpinfosplitinfo,25/2/23,TRUE
pypi,libpepcpuad,27/2/23,TRUE
pypi,esqminekill,25/2/23,TRUE
pypi,maskad,24/2/23,TRUE
pypi,esqgrandpull,25/2/23,TRUE
pypi,selfcvvisaping,27/2/23,TRUE
pypi,selfpyccvisa,25/2/23,TRUE
pypi,mcgrand,23/2/23,TRUE
pypi,pytrch,10/2/23,FALSE
pypi,pongrand,25/2/23,TRUE
pypi,piplib,23/2/23,TRUE
pypi,esqpiplibrandom,25/2/23,TRUE
pypi,py-pongpep,25/2/23,TRUE
pypi,esqpymask,25/2/23,TRUE
pypi,discord-webhoook,11/2/23,FALSE
pypi,beuatifulsoup,11/2/23,FALSE
pypi,esqtoolinfoultra,12/3/23,FALSE
pypi,libhttppip,25/2/23,TRUE
pypi,esqinfohttpreplace,27/2/23,TRUE
pypi,librandreplace,25/2/23,TRUE
pypi,getvisa,24/2/23,TRUE
pypi,esqcpurand,25/2/23,TRUE
pypi,pywvm,24/2/23,TRUE
pypi,py-reget,25/2/23,TRUE
pypi,py-verpyw,25/2/23,TRUE
pypi,py-gameping,25/2/23,TRUE
pypi,tpednvidiakill,26/2/23,TRUE
pypi,libpywreproof,27/2/23,TRUE
pypi,py-cvmcmine,27/2/23,TRUE
pypi,cvmine,24/2/23,TRUE
pypi,aiohttpp,10/2/23,FALSE
pypi,selfstrresuper,27/2/23,TRUE
pypi,django-pyyaml,20/5/23,FALSE
pypi,renvidia,25/2/23,TRUE
pypi,esqhackedmask,25/2/23,TRUE
pypi,alisdkcore,13/10/23,TRUE
pypi,ponggrand,25/2/23,TRUE
pypi,esqmcpypaypal,25/2/23,TRUE
pypi,py-studyram,25/2/23,TRUE
pypi,esqpeppywvirtual,25/2/23,TRUE
pypi,osintvm,25/2/23,TRUE
pypi,craftpost,24/2/23,TRUE
pypi,progrsesbar2,11/2/23,FALSE
pypi,py-replacepongpull,27/2/23,TRUE
pypi,prompt-toollkit,11/2/23,FALSE
pypi,py-loadcpugui,25/2/23,TRUE
pypi,cryptoocompare,9/2/23,FALSE
pypi,libverinteltool,25/2/23,TRUE
pypi,tppippushvm,27/2/23,TRUE
pypi,selfminegrandkill,27/2/23,TRUE
pypi,proofproof,24/2/23,TRUE
pypi,cvhttp,24/2/23,TRUE
pypi,esqpostintel,25/2/23,TRUE
pypi,selfgrandkillhacked,27/2/23,TRUE
pypi,loadlgtb,25/2/23,FALSE
pypi,selfpaypalcontrolsuper,7/3/23,FALSE
pypi,weebsockets,9/2/23,FALSE
pypi,librandomcandycontrol,25/2/23,TRUE
pypi,py-osintgrandpush,27/2/23,TRUE
pypi,infogui,23/2/23,TRUE
pypi,selfsplitpush,25/2/23,TRUE
pypi,liblgtbhydrainfo,25/2/23,FALSE
pypi,tpstringintpong,27/2/23,TRUE
pypi,posturl,23/2/23,TRUE
pypi,gamemc,24/2/23,TRUE
pypi,py-adget,25/2/23,TRUE
pypi,tppostproofencode,25/2/23,TRUE
pypi,urlram,23/2/23,TRUE
pypi,resplit,25/2/23,TRUE
pypi,tphydrapiprandom,25/2/23,TRUE
pypi,esqpepretool,25/2/23,TRUE
pypi,py-raminteled,27/2/23,TRUE
pypi,py-infopiplgtb,25/2/23,FALSE
pypi,py-pingloadcontrol,27/2/23,TRUE
pypi,esqgameedver,27/2/23,TRUE
pypi,verpong,25/2/23,TRUE
pypi,py-peprandompaypal,25/2/23,TRUE
pypi,esqstudyrepull,9/3/23,FALSE
pypi,pywpost,23/2/23,TRUE
pypi,tpinfoedstudy,25/2/23,TRUE
pypi,scikit-lear,10/2/23,FALSE
pypi,py-hydrapipre,27/2/23,TRUE
pypi,liburlcraftgrand,3/3/23,TRUE
pypi,py-toolvmintel,12/3/23,FALSE
pypi,selfencodetoolcpu,25/2/23,TRUE
pypi,esqpywvirtual,25/2/23,TRUE
pypi,guihydra,24/2/23,TRUE
pypi,py-candynvidiakill,27/2/23,TRUE
pypi,edcv,25/2/23,TRUE
pypi,yfnance,9/2/23,FALSE
pypi,selfstringpullpush,3/3/23,TRUE
pypi,libpipultraproof,25/2/23,TRUE
pypi,esqstrpushmc,25/2/23,TRUE
pypi,libpostvmgrand,25/2/23,TRUE
pypi,selfcontrolverrand,27/2/23,TRUE
pypi,libpullsuperpaypal,25/2/23,TRUE
pypi,tphackedintelhydra,27/2/23,TRUE
pypi,selfgamevirtualad,3/3/23,TRUE
pypi,py-lgtbminecc,25/2/23,FALSE
pypi,libvirtualintel,25/2/23,TRUE
pypi,tpcrafthydracandy,26/2/23,TRUE
pypi,grandcraft,23/2/23,TRUE
pypi,pongreplace,25/2/23,TRUE
pypi,ultragui,24/2/23,TRUE
pypi,esqpostmaskre,27/2/23,TRUE
pypi,nvidiaproof,25/2/23,TRUE
pypi,libinthydragrand,25/2/23,TRUE
pypi,esqintstudyhacked,8/3/23,FALSE
pypi,cryptocopare,9/2/23,FALSE
pypi,libstringkillpyw,25/2/23,TRUE
pypi,selfcraftsuperhacked,26/2/23,TRUE
pypi,tpgetsuperurl,25/2/23,TRUE
pypi,tpstrhttp,25/2/23,TRUE
pypi,pyowler,18/9/23,TRUE
pypi,esqlibstrpost,25/2/23,TRUE
pypi,tpinfominegui,27/2/23,TRUE
pypi,esqccstring,25/2/23,TRUE
pypi,pysocs,11/2/23,FALSE
pypi,getcc,24/2/23,TRUE
pypi,libvisapullpaypal,27/2/23,TRUE
pypi,selfpaypalpushgame,26/2/23,TRUE
pypi,websocckets,9/2/23,FALSE
pypi,py-urlpushpong,27/2/23,TRUE
pypi,encodelgtb,25/2/23,FALSE
pypi,verpush,25/2/23,TRUE
pypi,libhackedguiver,27/2/23,TRUE
pypi,edgui,25/2/23,TRUE
pypi,tpretoolproof,25/2/23,TRUE
pypi,postproof,24/2/23,TRUE
pypi,gamecontrol,24/2/23,TRUE
pypi,py-lgtbadget,25/2/23,FALSE
pypi,cryptocmopare,9/2/23,FALSE
pypi,py-getccre,26/2/23,TRUE
pypi,libvisastr,25/2/23,TRUE
pypi,selfvisacontrolcraft,26/2/23,TRUE
pypi,selfgrandminepep,25/2/23,TRUE
pypi,pullpy,25/2/23,TRUE
pypi,py-maskgetpong,25/2/23,TRUE
pypi,selfmcadpep,25/2/23,TRUE
pypi,tphttpsplit,25/2/23,TRUE
pypi,esqcpustudyhydra,27/2/23,TRUE
pypi,libvirtuallibcontrol,25/2/23,TRUE
pypi,libpiposintmc,27/2/23,TRUE
pypi,esqpostinfostr,25/2/23,TRUE
pypi,selfintelgametool,25/2/23,TRUE
pypi,studyhydra,25/2/23,TRUE
pypi,esqcvgetkill,27/2/23,TRUE
pypi,esqstudystudygrand,27/2/23,TRUE
pypi,selfinfopynvidia,25/2/23,TRUE
pypi,ygame,10/2/23,FALSE
pypi,selfcraftpepcontrol,27/2/23,TRUE
pypi,py-killcandyosint,25/2/23,TRUE
pypi,simpplejson,11/2/23,FALSE
pypi,pytorch-pygame,20/5/23,FALSE
pypi,esqtoolrand,25/2/23,TRUE
pypi,solaa,9/2/23,FALSE
pypi,visacandy,24/2/23,TRUE
pypi,py-replaceverreplace,25/2/23,TRUE
pypi,selfvirtualinfore,25/2/23,TRUE
pypi,pipultra,23/2/23,TRUE
pypi,tpmchydracraft,25/2/23,TRUE
pypi,discrod-webhook,11/2/23,FALSE
pypi,selftoolmctool,25/2/23,TRUE
pypi,selfrandompullver,7/3/23,FALSE
pypi,intelgrand,25/2/23,TRUE
pypi,py-randvisa,25/2/23,TRUE
pypi,esqgrandrampong,25/2/23,TRUE
pypi,tprandpong,25/2/23,TRUE
pypi,requests-toobelt,11/2/23,FALSE
pypi,selfvmedram,25/2/23,TRUE
pypi,bitcoilib,9/2/23,FALSE
pypi,controlultra,24/2/23,TRUE
pypi,py-randpushint,25/2/23,TRUE
pypi,esqpullstudyproof,25/2/23,TRUE
pypi,ramad,23/2/23,TRUE
pypi,tnesorflow,10/2/23,FALSE
pypi,tprandomosint,25/2/23,TRUE
pypi,selfpaypalencodeget,27/2/23,TRUE
pypi,bautifulsoup4,10/2/23,FALSE
pypi,selfstrencode,25/2/23,TRUE
pypi,httppost,23/2/23,TRUE
pypi,py-pushinfo,25/2/23,TRUE
pypi,libinforam,25/2/23,TRUE
pypi,selflibcpu,25/2/23,TRUE
pypi,tpcpupingreplace,26/2/23,TRUE
pypi,tppywproofstr,26/2/23,TRUE
pypi,djanggo,23/2/24,FALSE
pypi,tphackedrandomstring,25/2/23,TRUE
pypi,tpvirtualramget,25/2/23,TRUE
pypi,beautifulosup4,10/2/23,FALSE
pypi,cvpaypal,25/2/23,TRUE
pypi,selfmineramcv,25/2/23,TRUE
pypi,tpguiosintre,27/2/23,TRUE
pypi,pythonn-binance,10/2/23,FALSE
pypi,esqcvpost,25/2/23,TRUE
pypi,tpreplacekillcpu,25/2/23,TRUE
pypi,tpsplitccinfo,27/2/23,TRUE
pypi,vmre,24/2/23,TRUE
pypi,py-pepvisa,25/2/23,TRUE
pypi,esqcontrolad,25/2/23,TRUE
pypi,getgame,23/2/23,TRUE
pypi,pythoon-binance,10/2/23,FALSE
pypi,libgrandrammc,27/2/23,TRUE
pypi,tppullprooflib,27/2/23,TRUE
pypi,esqvmnvidiacraft,25/2/23,TRUE
pypi,pygae,10/2/23,FALSE
pypi,tensorflwo,10/2/23,FALSE
pypi,cvosint,25/2/23,TRUE
pypi,ppycodestyle,11/2/23,FALSE
pypi,cryyptofeed,9/2/23,FALSE
pypi,websocke-client,11/2/23,FALSE
pypi,esqpipvisacv,25/2/23,TRUE
pypi,libstudyrandom,25/2/23,TRUE
pypi,scikkit-learn,10/2/23,FALSE
pypi,libedgetstudy,27/2/23,TRUE
pypi,esqrandpy,25/2/23,TRUE
pypi,py-ramedre,25/2/23,TRUE
pypi,tpcandylgtbgame,25/2/23,FALSE
pypi,pysokcs,11/2/23,FALSE
pypi,libintcpusplit,27/2/23,TRUE
pypi,libcraftguipost,25/2/23,TRUE
pypi,cvad,24/2/23,TRUE
pypi,esqproofstudy,25/2/23,TRUE
pypi,rquests-toolbelt,11/2/23,FALSE
pypi,selfencodecv,25/2/23,TRUE
pypi,cyptocompare,9/2/23,FALSE
pypi,cryptoccompare,9/2/23,FALSE
pypi,ysocks,11/2/23,FALSE
pypi,py-gameedcc,25/2/23,TRUE
pypi,tpliburlver,3/3/23,TRUE
pypi,esqlibpiptool,26/2/23,TRUE
pypi,hackedload,25/2/23,TRUE
pypi,tpstudystringpep,27/2/23,TRUE
pypi,libosintlgtbstudy,25/2/23,FALSE
pypi,libmaskintel,25/2/23,TRUE
pypi,libguipaypal,25/2/23,TRUE
pypi,selfguilibrand,25/2/23,TRUE
pypi,tpcontrolsplit,25/2/23,TRUE
pypi,piphttp,23/2/23,TRUE
pypi,py-pymcosint,26/2/23,TRUE
pypi,esqpullhackedstudy,27/2/23,TRUE
pypi,postvisa,24/2/23,TRUE
pypi,pytorchh,10/2/23,FALSE
pypi,ppython-binance,10/2/23,FALSE
pypi,selfproofnvidiagrand,26/2/23,TRUE
pypi,esqsplitosintint,26/2/23,TRUE
pypi,py-mcminegame,26/2/23,TRUE
pypi,tpminekill,25/2/23,TRUE
pypi,promppt-toolkit,11/2/23,FALSE
pypi,tpsplitvirtualreplace,27/2/23,TRUE
pypi,librandhackedstudy,25/2/23,TRUE
pypi,loadultra,24/2/23,TRUE
pypi,libultra,23/2/23,TRUE
pypi,requests-toolblt,11/2/23,FALSE
pypi,websocktes,9/2/23,FALSE
pypi,tpgrandreplacerand,27/2/23,TRUE
pypi,tpintelcpuver,25/2/23,TRUE
pypi,selfhttppep,25/2/23,TRUE
pypi,reultra,24/2/23,TRUE
pypi,selfpaypalreed,25/2/23,TRUE
pypi,tpkillcpumine,25/2/23,TRUE
pypi,libmcint,25/2/23,TRUE
pypi,py-mcpyw,25/2/23,TRUE
pypi,liburlultra,25/2/23,TRUE
pypi,liblibpywre,25/2/23,TRUE
pypi,py-hackedpushtool,27/2/23,TRUE
pypi,esqhackedlgtbcandy,25/2/23,FALSE
pypi,esqgameencodereplace,7/5/23,FALSE
pypi,ultragrand,24/2/23,TRUE
pypi,tpnvidiaintelpush,27/2/23,TRUE
pypi,py-vmrandommine,25/2/23,TRUE
pypi,py-randproofvm,27/2/23,TRUE
pypi,urlliib3,11/2/23,FALSE
pypi,libmaskver,25/2/23,TRUE
pypi,py-replacestringcandy,9/3/23,FALSE
pypi,virtualurl,24/2/23,TRUE
pypi,selfintmaskkill,27/2/23,TRUE
pypi,esqintelcandyload,26/2/23,TRUE
pypi,esqpyinted,25/2/23,TRUE
pypi,cpumc,23/2/23,TRUE
pypi,intelrand,25/2/23,TRUE
pypi,py-mcrand,25/2/23,TRUE
pypi,beautifulsoup44,10/2/23,FALSE
pypi,esqpywlibencode,26/2/23,TRUE
pypi,bicoinlib,9/2/23,FALSE
pypi,py-grandccultra,27/2/23,TRUE
pypi,maskmask,24/2/23,TRUE
pypi,selflibcv,25/2/23,TRUE
pypi,maskload,24/2/23,TRUE
pypi,py-pingcvvm,26/2/23,TRUE
pypi,stringrand,25/2/23,TRUE
pypi,esqramreplacestudy,25/2/23,TRUE
pypi,selfmcreed,27/2/23,TRUE
pypi,libstrpullpost,25/2/23,TRUE
pypi,tpsupermcmc,26/2/23,TRUE
pypi,esqultralgtbhydra,27/2/23,FALSE
pypi,amtplotlib,10/2/23,FALSE
pypi,pillw,11/2/23,FALSE
pypi,excaliburx,25/12/23,FALSE
pypi,hackedmine,25/2/23,TRUE
pypi,py-postint,25/2/23,TRUE
pypi,selflibreplace,25/2/23,TRUE
pypi,maskpy,24/2/23,TRUE
pypi,guirandom,25/2/23,TRUE
pypi,selfreplacetoolreplace,27/2/23,TRUE
pypi,tpcontrolpullmine,25/2/23,TRUE
pypi,esqreplaceedlgtb,27/2/23,FALSE
pypi,pongcc,25/2/23,TRUE
pypi,tpminehackedsuper,26/2/23,TRUE
pypi,tenorflow,10/2/23,FALSE
pypi,tppyrandomed,2/3/23,TRUE
pypi,esqregrandinfo,27/2/23,TRUE
pypi,python-binanc,10/2/23,FALSE
pypi,pyg-utils,30/8/22,FALSE
pypi,cpupep,24/2/23,TRUE
pypi,replacead,25/2/23,TRUE
pypi,py-cpucvpost,25/2/23,TRUE
pypi,selflgtbcc,25/2/23,FALSE
pypi,esqsplitpushhydra,25/2/23,TRUE
pypi,tpstrpeplgtb,27/2/23,FALSE
pypi,prompt-toolki,11/2/23,FALSE
pypi,esqpywload,25/2/23,TRUE
pypi,tppywloadhydra,3/3/23,TRUE
pypi,py-postvmosint,25/2/23,TRUE
pypi,esqpushhttpad,27/2/23,TRUE
pypi,selfinfomc,25/2/23,TRUE
pypi,disord-py,11/2/23,FALSE
pypi,libnvidiavmad,25/2/23,TRUE
pypi,esqstudycpu,25/2/23,TRUE
pypi,selfpaypalvm,25/2/23,TRUE
pypi,py-ultracc,25/2/23,TRUE
pypi,py-visarandomad,27/2/23,TRUE
pypi,tppullpy,25/2/23,TRUE
pypi,esqrandadget,27/2/23,TRUE
pypi,pycodestylle,11/2/23,FALSE
pypi,esqsplitguiram,27/2/23,TRUE
pypi,pycodesyle,11/2/23,FALSE
pypi,liblapack-dev,9/10/23,FALSE
pypi,selfpywhydragui,27/2/23,TRUE
pypi,websockket-client,11/2/23,FALSE
pypi,py-infomcpy,26/2/23,TRUE
pypi,py-pullstrintel,25/2/23,TRUE
pypi,libedlgtbreplace,26/2/23,FALSE
pypi,py-grandvirtual,25/2/23,TRUE
pypi,tpmcosint,25/2/23,TRUE
pypi,selfosintstrpong,27/2/23,TRUE
pypi,cikit-learn,10/2/23,FALSE
pypi,py-peprandcandy,26/2/23,TRUE
pypi,libcandyadhydra,27/2/23,TRUE
pypi,infocv,24/2/23,TRUE
pypi,ramgui,23/2/23,TRUE
pypi,libosintgrandinfo,25/2/23,TRUE
pypi,py-candylgtb,25/2/23,FALSE
pypi,libkillping,25/2/23,TRUE
pypi,esqpywramultra,25/2/23,TRUE
pypi,libosintsplitmc,25/2/23,TRUE
pypi,libgetrandram,2/3/23,TRUE
pypi,freqqtrade,9/2/23,FALSE
pypi,selfloadpullgui,25/2/23,TRUE
pypi,py-randomintelver,25/2/23,TRUE
pypi,esqminepysuper,25/2/23,TRUE
pypi,esqpostgrandint,27/2/23,TRUE
pypi,tpverencodeinfo,27/2/23,TRUE
pypi,pipsplit,25/2/23,TRUE
pypi,tpgamepipgame,25/2/23,TRUE
pypi,adgui,23/2/23,TRUE
pypi,grandgame,24/2/23,TRUE
pypi,esqpyhttp,25/2/23,TRUE
pypi,libguipushload,27/2/23,TRUE
pypi,prompt-otolkit,11/2/23,FALSE
pypi,esqgamegrandmc,27/2/23,TRUE
pypi,wesockets,9/2/23,FALSE
pypi,selfosinturlget,25/2/23,TRUE
pypi,py-candycontrollgtb,26/2/23,FALSE
pypi,websocets,9/2/23,FALSE
pypi,libgeturlrandom,25/2/23,TRUE
pypi,libintlibmc,26/2/23,TRUE
pypi,selfvmpyw,25/2/23,TRUE
pypi,slana,9/2/23,FALSE
pypi,libgettooltool,25/2/23,TRUE
pypi,selfrandreplacerand,26/2/23,TRUE
pypi,beautifuulsoup,11/2/23,FALSE
pypi,py-adtool,25/2/23,TRUE
pypi,tpencodesplitpyw,27/2/23,TRUE
pypi,libencodeliburl,25/2/23,TRUE
pypi,tpgetstudypy,27/2/23,TRUE
pypi,pthon-binance,10/2/23,FALSE
pypi,esqramhydra,25/2/23,TRUE
pypi,py-intpywhacked,27/2/23,TRUE
pypi,esqcvstringvisa,25/2/23,TRUE
pypi,toolgame,23/2/23,TRUE
pypi,libpostpongmc,27/2/23,TRUE
pypi,tppoststringcontrol,26/2/23,TRUE
pypi,supercraft,23/2/23,TRUE
pypi,sckiit-learn,10/2/23,FALSE
pypi,esqvirtuallibgrand,25/2/23,TRUE
pypi,py-loadintel,25/2/23,TRUE
pypi,crptocompare,9/2/23,FALSE
pypi,selfintelpullpost,27/2/23,TRUE
pypi,libhackedosintvm,27/2/23,TRUE
pypi,py-grandre,25/2/23,TRUE
pypi,sleenium,10/2/23,FALSE
pypi,pingencode,25/2/23,TRUE
pypi,selfultrapaypalencode,25/2/23,TRUE
pypi,selfpypull,25/2/23,TRUE
pypi,tplibrandomstring,25/2/23,TRUE
pypi,py-mineencodeosint,27/2/23,TRUE
pypi,selfcandykillurl,26/2/23,TRUE
pypi,libvirtualpipvisa,26/2/23,TRUE
pypi,tpproofgameed,27/2/23,TRUE
pypi,ramreplace,25/2/23,TRUE
pypi,libcpuvm,25/2/23,TRUE
pypi,libtoolram,25/2/23,TRUE
pypi,beauttifulsoup4,10/2/23,FALSE
pypi,esqstudykillrand,25/2/23,TRUE
pypi,sscikit-learn,10/2/23,FALSE
pypi,tprandloadinfo,25/2/23,TRUE
pypi,py-verosintreplace,25/2/23,TRUE
pypi,cryptoocmpare,9/2/23,FALSE
pypi,selfstrvisapaypal,25/2/23,TRUE
pypi,openyxl,11/2/23,FALSE
pypi,aiothtp,10/2/23,FALSE
pypi,progressbr2,11/2/23,FALSE
pypi,beaautifulsoup,11/2/23,FALSE
pypi,google-requests,24/3/24,FALSE
pypi,libposthacked,25/2/23,TRUE
pypi,tpstringproofre,25/2/23,TRUE
pypi,esqgamestringvm,27/2/23,TRUE
pypi,tprecandy,25/2/23,TRUE
pypi,esqstrsplitmask,27/2/23,TRUE
pypi,libpushmasklgtb,27/2/23,FALSE
pypi,cryptofeeed,9/2/23,FALSE
pypi,selframrandommask,27/2/23,TRUE
pypi,proofvm,25/2/23,TRUE
pypi,reqests-toolbelt,11/2/23,FALSE
pypi,loadsplit,25/2/23,TRUE
pypi,tpnvidiacv,25/2/23,TRUE
pypi,mcgui,24/2/23,TRUE
pypi,selfloadcvhttp,25/2/23,TRUE
pypi,selfcraftvmultra,26/2/23,TRUE
pypi,py-pingcraftmc,25/2/23,TRUE
pypi,selfosintadsplit,25/2/23,TRUE
pypi,libponginfo,25/2/23,TRUE
pypi,libintkill,25/2/23,TRUE
pypi,getre,24/2/23,TRUE
pypi,osintpost,25/2/23,TRUE
pypi,libpushintpong,26/2/23,TRUE
pypi,esqproofloadpaypal,27/2/23,TRUE
pypi,selfencodeverhydra,25/2/23,TRUE
pypi,selfhttpmasknvidia,25/2/23,TRUE
pypi,pyagme,10/2/23,FALSE
pypi,py-osintultraad,25/2/23,TRUE
pypi,selfintstringstr,27/2/23,TRUE
pypi,selfcvstrpong,27/2/23,TRUE
pypi,selfinfoponged,9/3/23,FALSE
pypi,tpvercontrol,25/2/23,TRUE
pypi,tpstrmask,25/2/23,TRUE
pypi,xlsxwrier,11/2/23,FALSE
pypi,liblgtbpostinfo,25/2/23,FALSE
pypi,py-remaskvisa,25/2/23,TRUE
pypi,selfadpepgame,25/2/23,TRUE
pypi,esqpepintpyw,2/3/23,TRUE
pypi,controlvirtual,24/2/23,TRUE
pypi,esqstringtoolhacked,26/2/23,TRUE
pypi,libcvproofstr,9/3/23,FALSE
pypi,esqvisavmload,25/2/23,TRUE
pypi,esqhydratool,25/2/23,TRUE
pypi,gitppython,11/2/23,FALSE
pypi,supercpu,24/2/23,TRUE
pypi,py-reurlhacked,25/2/23,TRUE
pypi,selfhackedloadnvidia,27/2/23,TRUE
pypi,libintelinfo,25/2/23,TRUE
pypi,liblibhttpinfo,25/2/23,TRUE
pypi,selfreplaceencodepush,27/2/23,TRUE
pypi,discord-wbehook,11/2/23,FALSE
pypi,edre,25/2/23,TRUE
pypi,pywcandy,24/2/23,TRUE
pypi,esqcandyadvisa,27/2/23,TRUE
pypi,yfinnance,9/2/23,FALSE
pypi,esqedstudynvidia,27/2/23,TRUE
pypi,infogame,23/2/23,TRUE
pypi,websockett-client,11/2/23,FALSE
pypi,py-splitload,25/2/23,TRUE
pypi,python-bniance,10/2/23,FALSE
pypi,esqlibpaypalrandom,25/2/23,TRUE
pypi,tpccrandgame,27/2/23,TRUE
pypi,pepstring,25/2/23,TRUE
pypi,cvram,24/2/23,TRUE
pypi,pygame-pytorch,20/5/23,FALSE
pypi,simpeljson,11/2/23,FALSE
pypi,selfpullsplitcv,25/2/23,TRUE
pypi,py-libcccandy,25/2/23,TRUE
pypi,libpongproofload,25/2/23,TRUE
pypi,selflgtbosintreplace,25/2/23,FALSE
pypi,esqsplitsplitver,26/2/23,TRUE
pypi,esqverramstr,25/2/23,TRUE
pypi,pyiinstaller,10/2/23,FALSE
pypi,tppingultraload,27/2/23,TRUE
pypi,py-lgtbpyhacked,27/2/23,FALSE
pypi,killcontrol,25/2/23,TRUE
pypi,py-pullrand,25/2/23,TRUE
pypi,beautifulsoup-scikit-learn,20/5/23,FALSE
pypi,esqultravirtualstring,26/2/23,TRUE
pypi,esqvirtualmask,25/2/23,TRUE
pypi,tpvirtualpywproof,25/2/23,TRUE
pypi,splitstudy,25/2/23,TRUE
pypi,py-loadpostpush,25/2/23,TRUE
pypi,esqgamepystudy,25/2/23,TRUE
pypi,pycodestyl,11/2/23,FALSE
pypi,cvload,24/2/23,TRUE
pypi,py-adtoolurl,25/2/23,TRUE
pypi,selfpullvisaed,25/2/23,TRUE
pypi,cvmask,24/2/23,TRUE
pypi,tpvisapyw,25/2/23,TRUE
pypi,esqhackednvidiamine,26/2/23,TRUE
pypi,esqpaypalpongcc,27/2/23,TRUE
pypi,websocket-cclient,11/2/23,FALSE
pypi,selfccedreplace,25/2/23,TRUE
pypi,tpccloadget,25/2/23,TRUE
pypi,libmcintel,25/2/23,FALSE
pypi,candysuper,23/2/23,TRUE
pypi,tphackedhydraproof,26/2/23,TRUE
pypi,py-peppy,25/2/23,TRUE
pypi,grandpyw,23/2/23,TRUE
pypi,py-edpushinfo,27/2/23,TRUE
pypi,py-randgetad,25/2/23,TRUE
pypi,regui,23/2/23,TRUE
pypi,simplejosn,11/2/23,FALSE
pypi,tppushhackedint,25/2/23,TRUE
pypi,tkcaledar,11/2/23,FALSE
pypi,selfcandystudystudy,27/2/23,TRUE
pypi,minecandy,24/2/23,TRUE
pypi,py-pycpuload,25/2/23,TRUE
pypi,py-studypostgame,25/2/23,TRUE
pypi,selfcvproofsuper,25/2/23,TRUE
pypi,libpostcpumine,25/2/23,TRUE
pypi,libcontrolkillload,25/2/23,TRUE
pypi,tppywget,25/2/23,TRUE
pypi,paypalload,25/2/23,TRUE
pypi,gitpythoon,11/2/23,FALSE
pypi,selfosinthackedpy,25/2/23,TRUE
pypi,esqpongpongad,27/2/23,TRUE
pypi,py-rerandom,25/2/23,TRUE
pypi,esqrandomhttpstudy,27/2/23,TRUE
pypi,getgui,23/2/23,TRUE
pypi,selframstring,25/2/23,TRUE
pypi,tprandpullstudy,25/2/23,TRUE
pypi,tpencodecandy,25/2/23,TRUE
pypi,esqadvisasplit,25/2/23,TRUE
pypi,siimplejson,11/2/23,FALSE
pypi,esqcontrolhackedvm,25/2/23,TRUE
pypi,selfcpuinfo,25/2/23,TRUE
pypi,tpgetpongre,25/2/23,TRUE
pypi,libkillmaskhydra,27/2/23,TRUE
pypi,selfverpulled,27/2/23,TRUE
pypi,esqstudyponghacked,25/2/23,TRUE
pypi,tppullpyproof,27/2/23,TRUE
pypi,tppywgrand,25/2/23,TRUE
pypi,proofcraft,24/2/23,TRUE
pypi,tplibvirtualram,27/2/23,TRUE
pypi,diiscord-webhook,11/2/23,FALSE
pypi,py-virtualgetvm,25/2/23,TRUE
pypi,libintintel,25/2/23,TRUE
pypi,esqpostrand,25/2/23,TRUE
pypi,vmcv,24/2/23,TRUE
pypi,esqpingencode,25/2/23,TRUE
pypi,libcraftreplaceencode,25/2/23,TRUE
pypi,pipvirtual,24/2/23,TRUE
pypi,tenssorflow,10/2/23,FALSE
pypi,guigui,23/2/23,TRUE
pypi,libvm,24/2/23,TRUE
pypi,py-vmlibstudy,25/2/23,TRUE
pypi,selfcandygethydra,27/2/23,TRUE
pypi,infogrand,23/2/23,TRUE
pypi,matplotlib-requests,20/5/23,FALSE
pypi,cryptfeed,9/2/23,FALSE
pypi,pongtool,25/2/23,TRUE
pypi,tpcontrolstr,25/2/23,TRUE
pypi,py-lgtbpywhttp,27/2/23,FALSE
pypi,py-libhydraed,26/2/23,TRUE
pypi,pyjio,2/10/23,TRUE
pypi,tppaypalpytool,26/2/23,TRUE
pypi,vypeer,9/2/23,FALSE
pypi,esqpushadcpu,26/2/23,TRUE
pypi,esqramcv,25/2/23,TRUE
pypi,pipmask,24/2/23,TRUE
pypi,libinforampy,27/2/23,TRUE
pypi,cpuver,25/2/23,TRUE
pypi,giptython,11/2/23,FALSE
pypi,py-cvstringed,25/2/23,TRUE
pypi,superpost,23/2/23,TRUE
pypi,pipload,23/2/23,TRUE
pypi,cryptocommpare,9/2/23,FALSE
pypi,reqeusts-toolbelt,11/2/23,FALSE
pypi,pycodestye,11/2/23,FALSE
pypi,tprampingload,26/2/23,TRUE
pypi,tpproofadpyw,25/2/23,TRUE
pypi,ultracontrol,24/2/23,TRUE
pypi,py-hackedcccandy,25/2/23,TRUE
pypi,py-visaurlosint,25/2/23,TRUE
pypi,py-toolproofpost,25/2/23,TRUE
pypi,libgrandcpulib,27/2/23,TRUE
pypi,tkcalenar,11/2/23,FALSE
pypi,lyft-requests,17/3/24,FALSE
pypi,tpgrandloadload,25/2/23,TRUE
pypi,pepurl,24/2/23,TRUE
pypi,py-randomcpu,25/2/23,TRUE
pypi,guivm,23/2/23,TRUE
pypi,selfrandompep,25/2/23,TRUE
pypi,test-async,30/8/22,FALSE
pypi,libhackedgamecpu,25/2/23,TRUE
pypi,grandvisa,24/2/23,TRUE
pypi,pyioapso,25/9/23,TRUE
pypi,py-getcandyvm,25/2/23,TRUE
pypi,librandomvm,25/2/23,TRUE
pypi,py-gameramcandy,25/2/23,TRUE
pypi,esqramreplace,25/2/23,TRUE
pypi,splitmask,25/2/23,TRUE
pypi,libpongproof,25/2/23,TRUE
pypi,studylib,25/2/23,TRUE
pypi,libencodepypost,27/2/23,TRUE
pypi,py-adencodeping,25/2/23,TRUE
pypi,cvnvidia,25/2/23,TRUE
pypi,tpultrarandpost,27/2/23,TRUE
pypi,hackedcraft,25/2/23,TRUE
pypi,tppushstring,25/2/23,TRUE
pypi,esqpingcpu,25/2/23,TRUE
pypi,selfvisagrandurl,27/2/23,TRUE
pypi,tptoolvisaver,27/2/23,TRUE
pypi,libreplaceultra,25/2/23,TRUE
pypi,cckill,25/2/23,TRUE
pypi,cpuvisa,24/2/23,TRUE
pypi,ebautifulsoup4,10/2/23,FALSE
pypi,esqosintcandycc,26/2/23,TRUE
pypi,ccinfo,24/2/23,TRUE
pypi,py-ultracv,25/2/23,TRUE
pypi,py-pongcandyram,25/2/23,TRUE
pypi,py-lgtbgamevm,27/2/23,FALSE
pypi,infocontrol,24/2/23,TRUE
pypi,toolvisa,24/2/23,TRUE
pypi,scikti-learn,10/2/23,FALSE
pypi,postcraft,23/2/23,TRUE
pypi,mtaplotlib,10/2/23,FALSE
pypi,tpvirtualrandom,25/2/23,TRUE
pypi,libcpusuperpong,25/2/23,TRUE
pypi,pywpyw,23/2/23,TRUE
pypi,py-visalgtb,25/2/23,FALSE
pypi,esqgrandvirtualget,27/2/23,TRUE
pypi,encodevisa,25/2/23,TRUE
pypi,reuqests-toolbelt,11/2/23,FALSE
pypi,selfgrandpushad,27/2/23,TRUE
pypi,selfregetcpu,25/2/23,TRUE
pypi,postultra,24/2/23,TRUE
pypi,tensofrlow,10/2/23,FALSE
pypi,tpcontrolvmpost,27/2/23,TRUE
pypi,barcodegeneratorqr,12/7/23,FALSE
pypi,solnaa,9/2/23,FALSE
pypi,esqnvidiavmget,27/2/23,TRUE
pypi,selfpeppippull,27/2/23,TRUE
pypi,cvinfo,24/2/23,TRUE
pypi,vmsuper,23/2/23,TRUE
pypi,py-hydraurlstudy,2/3/23,TRUE
pypi,paypalpyw,25/2/23,TRUE
pypi,libproofsuper,25/2/23,TRUE
pypi,libpongmc,25/2/23,TRUE
pypi,randpaypal,25/2/23,TRUE
pypi,maskgrand,24/2/23,TRUE
pypi,pullmine,25/2/23,TRUE
pypi,vmver,25/2/23,TRUE
pypi,py-lgtbgetgrand,26/2/23,FALSE
pypi,cryptcoompare,9/2/23,FALSE
pypi,esqgetcontrolpost,26/2/23,TRUE
pypi,py-splitvercraft,26/2/23,TRUE
pypi,maskpyw,24/2/23,TRUE
pypi,selfmaskpong,25/2/23,TRUE
pypi,py-ultraproofinfo,3/3/23,TRUE
pypi,tpadpip,25/2/23,TRUE
pypi,esqrestrhttp,10/3/23,FALSE
pypi,esqencodenvidiaurl,25/2/23,TRUE
pypi,killhydra,25/2/23,TRUE
pypi,selfloadpushtool,25/2/23,TRUE
pypi,ramgrand,23/2/23,TRUE
pypi,py-adedgui,25/2/23,TRUE
pypi,tphttpgetvisa,25/2/23,TRUE
pypi,igtpython,11/2/23,FALSE
pypi,enumerate-iam,12/9/23,TRUE
pypi,libcpuinted,25/2/23,TRUE
pypi,selfosintrecandy,27/2/23,TRUE
pypi,librandomget,25/2/23,TRUE
pypi,getvirtual,24/2/23,TRUE
pypi,py-pushstudyrandom,27/2/23,TRUE
pypi,py-postgameintel,25/2/23,TRUE
pypi,selfedrandomrandom,27/2/23,TRUE
pypi,liblgtbosint,25/2/23,FALSE
pypi,mchacked,25/2/23,TRUE
pypi,selfhydracpu,25/2/23,TRUE
pypi,tplgtbping,25/2/23,FALSE
pypi,selfcpuintsplit,27/2/23,TRUE
pypi,selflibpep,25/2/23,TRUE
pypi,py-pepminepy,27/2/23,TRUE
pypi,libproofkill,25/2/23,TRUE
pypi,py-mineguigrand,25/2/23,TRUE
pypi,discrd-py,11/2/23,FALSE
pypi,websokcets,9/2/23,FALSE
pypi,pyinstaaller,10/2/23,FALSE
pypi,libencodepywkill,25/2/23,TRUE
pypi,esqkillramgui,25/2/23,TRUE
pypi,supervm,23/2/23,TRUE
pypi,esqpywmchttp,25/2/23,TRUE
pypi,selfgamepushstr,26/2/23,TRUE
pypi,libpipnvidia,25/2/23,TRUE
pypi,paypalpush,25/2/23,TRUE
pypi,scikit-learnn,10/2/23,FALSE
pypi,randmc,25/2/23,TRUE
pypi,splitintel,25/2/23,TRUE
pypi,esqpipstrvirtual,25/2/23,TRUE
pypi,tpsplitmcvisa,25/2/23,TRUE
pypi,proofultra,25/2/23,TRUE
pypi,minere,24/2/23,TRUE
pypi,libramkillpip,26/2/23,TRUE
pypi,selfultravirtualpy,25/2/23,TRUE
pypi,pyhon-binance,10/2/23,FALSE
pypi,selfrestr,25/2/23,TRUE
pypi,esqramlibed,25/2/23,TRUE
pypi,esqpaypalhydra,25/2/23,TRUE
pypi,scrpay,10/2/23,FALSE
pypi,libsuperpyw,25/2/23,TRUE
pypi,esqpywpoststudy,25/2/23,TRUE
pypi,liburlnvidiapep,25/2/23,TRUE
pypi,esqnvidiareosint,27/2/23,TRUE
pypi,esqstringcontrolstring,27/2/23,TRUE
pypi,esqrevmgrand,26/2/23,TRUE
pypi,libsuperproofint,27/2/23,TRUE
pypi,esqloadrandsplit,27/2/23,TRUE
pypi,grandad,23/2/23,TRUE
pypi,selfadpullint,27/2/23,TRUE
pypi,xlsxwiter,11/2/23,FALSE
pypi,libcraftosintnvidia,25/2/23,TRUE
pypi,minehydra,24/2/23,TRUE
pypi,libverpip,25/2/23,TRUE
pypi,selfpingloadreplace,27/2/23,TRUE
pypi,tpcandycontrolpush,26/2/23,TRUE
pypi,loadvisa,24/2/23,TRUE
pypi,selfnvidiacraftinfo,27/2/23,TRUE
pypi,tpcved,25/2/23,TRUE
pypi,websocket-lient,11/2/23,FALSE
pypi,py-visapyw,25/2/23,TRUE
pypi,libcontrolinfostr,26/2/23,TRUE
pypi,simplejsoon,11/2/23,FALSE
pypi,requests-toolbeltt,11/2/23,FALSE
pypi,py-pushpullsuper,27/2/23,TRUE
pypi,nnabla-ext-cuda101-nccl2-ubuntu16,9/10/23,FALSE
pypi,tpmaskvisareplace,25/2/23,TRUE
pypi,selfpostguihttp,26/2/23,TRUE
pypi,tpmineloadtool,26/2/23,TRUE
pypi,adgame,24/2/23,TRUE
pypi,ypcodestyle,11/2/23,FALSE
pypi,selfpongreplaceed,25/2/23,TRUE
pypi,esqmcrand,25/2/23,TRUE
pypi,bitccoinlib,9/2/23,FALSE
pypi,tpstrcccv,25/2/23,TRUE
pypi,prmopt-toolkit,11/2/23,FALSE
pypi,python-alibabacloud-sdk-core,13/10/23,TRUE
pypi,py-pywmchydra,27/2/23,TRUE
pypi,tpcontrolram,25/2/23,TRUE
pypi,selfedintsuper,26/2/23,TRUE
pypi,tpintelramhacked,27/2/23,TRUE
pypi,libproofpong,25/2/23,TRUE
pypi,selfcpustrreplace,25/2/23,TRUE
pypi,mcad,23/2/23,TRUE
pypi,requests-flask,20/5/23,FALSE
pypi,tpnvidiapush,25/2/23,TRUE
pypi,py-paypalultrapep,25/2/23,TRUE
pypi,libproof,24/2/23,TRUE
pypi,py-randomloadcandy,25/2/23,TRUE
pypi,libguistudyram,25/2/23,TRUE
pypi,killvisa,25/2/23,TRUE
pypi,loadpip,23/2/23,TRUE
pypi,tplibhydrainfo,27/2/23,TRUE
pypi,esqvirtualpush,25/2/23,TRUE
pypi,tpvmguiultra,25/2/23,TRUE
pypi,esqreplaceguistudy,25/2/23,TRUE
pypi,tppullproofpull,27/2/23,TRUE
pypi,pywmc,24/2/23,TRUE
pypi,esqultrareplacecandy,26/2/23,TRUE
pypi,esqadcontrolcc,25/2/23,TRUE
pypi,cryptocomare,9/2/23,FALSE
pypi,esqkillpongrand,27/2/23,TRUE
pypi,selfgrandpipcontrol,25/2/23,TRUE
pypi,selfpullint,25/2/23,TRUE
pypi,esqencodetoolsuper,27/2/23,TRUE
pypi,tpadramload,25/2/23,TRUE
pypi,pandas-numpy,20/5/23,FALSE
pypi,controlpost,24/2/23,TRUE
pypi,esqstringminecv,27/2/23,TRUE
pypi,tpstringpep,25/2/23,TRUE
pypi,libproofultrasplit,25/2/23,TRUE
pypi,pygamme,10/2/23,FALSE
pypi,guivirtual,24/2/23,TRUE
pypi,py-intelstringencode,27/2/23,TRUE
pypi,aliababcloud-tea-openapi,11/9/23,TRUE
pypi,selfinfointpy,26/2/23,TRUE
pypi,discord-webbhook,11/2/23,FALSE
pypi,py-pulladpy,25/2/23,TRUE
pypi,esqpingstringram,25/2/23,TRUE
pypi,postpyw,23/2/23,TRUE
pypi,libcandypushrand,25/2/23,TRUE
pypi,wbesockets,9/2/23,FALSE
pypi,cryptocopmare,9/2/23,FALSE
pypi,esqcvinfogrand,9/3/23,FALSE
pypi,requessts,31/5/22,FALSE
pypi,selfosintrandomram,27/2/23,TRUE
pypi,tpcandycc,25/2/23,TRUE
pypi,tpkilltool,25/2/23,TRUE
pypi,wbsocket-client,11/2/23,FALSE
pypi,ccmask,24/2/23,TRUE
pypi,oculoushide,25/5/23,FALSE
pypi,libcontrolgui,25/2/23,TRUE
pypi,libultraram,25/2/23,TRUE
pypi,libhydravered,25/2/23,TRUE
pypi,ccpyw,24/2/23,TRUE
pypi,selfrelibstr,27/2/23,TRUE
pypi,guilib,23/2/23,TRUE
pypi,frreqtrade,9/2/23,FALSE
pypi,py-libpushram,25/2/23,TRUE
pypi,selfmaskpaypalpip,27/2/23,TRUE
pypi,selfpeppep,25/2/23,TRUE
pypi,esqmasksplitpush,3/3/23,TRUE
pypi,paypalinfo,25/2/23,TRUE
pypi,toolmc,23/2/23,TRUE
pypi,pyioler,30/9/23,TRUE
pypi,virtualget,24/2/23,TRUE
pypi,seleium,10/2/23,FALSE
pypi,esqgrandminetool,26/2/23,TRUE
pypi,adcontrol,24/2/23,TRUE
pypi,selfpipstudyhacked,25/2/23,TRUE
pypi,py-guistring,25/2/23,TRUE
pypi,py-vmkillencode,26/2/23,TRUE
pypi,esqlgtbad,25/2/23,FALSE
pypi,tpminecc,25/2/23,TRUE
pypi,selfgetintelgame,25/2/23,TRUE
pypi,tpnvidiapong,25/2/23,TRUE
pypi,tpstrpush,25/2/23,TRUE
pypi,esqgetnvidia,25/2/23,TRUE
pypi,tphydrareplacetool,25/2/23,TRUE
pypi,libvisagamepep,26/2/23,TRUE
pypi,pullrandom,25/2/23,TRUE
pypi,requess-toolbelt,11/2/23,FALSE
pypi,ython-binance,10/2/23,FALSE
pypi,selfurlgui,25/2/23,TRUE
pypi,py-encodevirtualgui,25/2/23,TRUE
pypi,py-peplgtb,25/2/23,FALSE
pypi,libhackedstr,25/2/23,TRUE
pypi,libstringstringram,27/2/23,TRUE
pypi,selfultrainfocraft,27/2/23,TRUE
pypi,intlib,25/2/23,TRUE
pypi,libvisaintrand,27/2/23,TRUE
pypi,esqcpurandomver,25/2/23,TRUE
pypi,yfiance,9/2/23,FALSE
pypi,python-binane,10/2/23,FALSE
pypi,verhttp,25/2/23,TRUE
pypi,py-paypalpyw,25/2/23,TRUE
pypi,py-pepminecpu,25/2/23,TRUE
pypi,getlib,23/2/23,TRUE
pypi,bautifulsoup,11/2/23,FALSE
pypi,fredli,1/1/23,FALSE
pypi,libinfopiphttp,25/2/23,TRUE
pypi,pytthon-binance,10/2/23,FALSE
pypi,esqrandloadcraft,27/2/23,TRUE
pypi,py-lgtbgrandpull,25/2/23,FALSE
pypi,httpram,24/2/23,TRUE
pypi,esqsplitpepcv,25/2/23,TRUE
pypi,py-maskgrand,25/2/23,TRUE
pypi,selfosintping,25/2/23,TRUE
pypi,pipkill,25/2/23,TRUE
pypi,py-httpgrandpong,27/2/23,TRUE
pypi,esqhttpinfo,25/2/23,TRUE
pypi,urlvm,23/2/23,TRUE
pypi,selfosintget,25/2/23,TRUE
pypi,tencentcloud-python-sdk,15/8/23,TRUE
pypi,py-pushget,25/2/23,TRUE
pypi,libosintpostvisa,25/2/23,TRUE
pypi,selfgamestring,25/2/23,TRUE
pypi,selfproofhttpsplit,27/2/23,TRUE
pypi,py-hackedpongcraft,27/2/23,TRUE
pypi,vmgame,23/2/23,TRUE
pypi,selfvisarandompush,27/2/23,TRUE
pypi,tppoststringre,25/2/23,TRUE
pypi,splitsplit,25/2/23,TRUE
pypi,nvidiagame,25/2/23,TRUE
pypi,py-postultra,25/2/23,TRUE
pypi,cpugrand,23/2/23,TRUE
pypi,selfinfopaypal,25/2/23,TRUE
pypi,selfrandompyint,27/2/23,TRUE
pypi,esqintstringcraft,27/2/23,TRUE
pypi,wesocket-client,11/2/23,FALSE
pypi,minepyw,23/2/23,TRUE
pypi,tppongosintmine,25/2/23,TRUE
pypi,selfcandyultralib,25/2/23,TRUE
pypi,py-hackedkillcv,25/2/23,TRUE
pypi,selfstudygrand,25/2/23,TRUE
pypi,tppiposintcc,25/2/23,TRUE
pypi,libpeppostmask,25/2/23,TRUE
pypi,selfcpupongpush,25/2/23,TRUE
pypi,py-osintvirtualload,27/2/23,TRUE
pypi,tkcalenndar,11/2/23,FALSE
pypi,tppippinginfo,25/2/23,TRUE
pypi,esqhydrasuper,25/2/23,TRUE
pypi,liblgtbstrsuper,25/2/23,FALSE
pypi,selfcontrollib,25/2/23,TRUE
pypi,tpmcvisa,25/2/23,TRUE
pypi,candyram,23/2/23,TRUE
pypi,selfproofpipmine,25/2/23,TRUE
pypi,libkillhackedhttp,27/2/23,TRUE
pypi,gamesuper,24/2/23,TRUE
pypi,ramlib,24/2/23,TRUE
pypi,tpstringrerand,25/2/23,TRUE
pypi,libstudysplitping,25/2/23,TRUE
pypi,aohttp,10/2/23,FALSE
pypi,pushgui,25/2/23,TRUE
pypi,py-encodeurl,25/2/23,TRUE
pypi,tpsuperpongultra,25/2/23,TRUE
pypi,tppeppaypalhttp,25/2/23,TRUE
pypi,selfpingintelvm,3/3/23,TRUE
pypi,websocket-clietn,11/2/23,FALSE
pypi,libvisasupergrand,27/2/23,TRUE
pypi,beautifullsoup,11/2/23,FALSE
pypi,maplotlib,10/2/23,FALSE
pypi,esqmcreplacestr,26/2/23,TRUE
pypi,porgressbar2,11/2/23,FALSE
pypi,libhydravmmine,25/2/23,TRUE
pypi,yfinacne,9/2/23,FALSE
pypi,tppostrandomsplit,25/2/23,TRUE
pypi,py-osintpep,25/2/23,TRUE
pypi,tpguicpucc,25/2/23,TRUE
pypi,esqpeprandpaypal,2/3/23,TRUE
pypi,libstrproofurl,27/2/23,TRUE
pypi,tppyproofpull,25/2/23,TRUE
pypi,esqvmccurl,27/2/23,TRUE
pypi,esqpushlgtb,25/2/23,FALSE
pypi,py-nvidiasplit,25/2/23,TRUE
pypi,libvercpuvm,27/2/23,TRUE
pypi,py-hackedinfoproof,27/2/23,TRUE
pypi,pongram,25/2/23,TRUE
pypi,tpurlstr,25/2/23,TRUE
pypi,esqcontrolpingrandom,27/2/23,TRUE
pypi,esqsuperosintpost,26/2/23,TRUE
pypi,superultra,24/2/23,TRUE
pypi,py-verurl,25/2/23,TRUE
pypi,esqgamerandpull,26/2/23,TRUE
pypi,oenpyxl,11/2/23,FALSE
pypi,esqccping,25/2/23,TRUE
pypi,esqpostcraft,25/2/23,TRUE
pypi,py-visastring,25/2/23,TRUE
pypi,tpramcced,27/2/23,TRUE
pypi,tpencodecandyosint,26/2/23,TRUE
pypi,py-mcosint,25/2/23,TRUE
pypi,pycodestyel,11/2/23,FALSE
pypi,liblibpongvisa,26/2/23,TRUE
pypi,loadstudy,25/2/23,TRUE
pypi,security-util-py,15/5/23,FALSE
pypi,ultrarand,25/2/23,TRUE
pypi,tpintelgetlib,26/2/23,TRUE
pypi,libencodeultrainfo,27/2/23,TRUE
pypi,esqgetrepong,27/2/23,TRUE
pypi,esqkillpywreplace,25/2/23,TRUE
pypi,infoint,25/2/23,TRUE
pypi,gamevm,24/2/23,TRUE
pypi,py-randver,25/2/23,TRUE
pypi,tplgtbgamestudy,25/2/23,FALSE
pypi,py-pyurlget,25/2/23,TRUE
pypi,craftad,24/2/23,TRUE
pypi,tpcvpipgui,25/2/23,TRUE
pypi,libccadurl,25/2/23,TRUE
pypi,selfstudytoolrandom,8/3/23,FALSE
pypi,py-intstring,25/2/23,TRUE
pypi,py-pywposthacked,27/2/23,TRUE
pypi,crryptocompare,9/2/23,FALSE
pypi,selfpongencode,25/2/23,TRUE
pypi,esqcpucandy,25/2/23,TRUE
pypi,pycodeestyle,11/2/23,FALSE
pypi,tppushcpucandy,26/2/23,TRUE
pypi,progrssbar2,11/2/23,FALSE
pypi,tpproofstringnvidia,27/2/23,TRUE
pypi,py-paypalrandom,25/2/23,TRUE
pypi,selfcpugrand,25/2/23,TRUE
pypi,selfgetreplacepong,25/2/23,TRUE
pypi,maskinfo,24/2/23,TRUE
pypi,fbdebug,23/10/23,TRUE
pypi,py-ccguigrand,25/2/23,TRUE
pypi,libultrastring,25/2/23,TRUE
pypi,esqrere,25/2/23,TRUE
pypi,python-binannce,10/2/23,FALSE
pypi,gamepep,24/2/23,TRUE
pypi,py-postrelib,27/2/23,TRUE
pypi,tplgtbpostre,27/2/23,FALSE
pypi,libvmstrpull,26/2/23,TRUE
pypi,py-proofrandvisa,27/2/23,TRUE
pypi,selfcpupongkill,25/2/23,TRUE
pypi,esqstrmcgrand,25/2/23,TRUE
pypi,minepost,23/2/23,TRUE
pypi,yyfinance,9/2/23,FALSE
pypi,tpsplitmineint,27/2/23,TRUE
pypi,tpminepostcpu,25/2/23,TRUE
pypi,ultrapy,24/2/23,TRUE
pypi,crafturl,23/2/23,TRUE
pypi,py-pymaskrand,25/2/23,TRUE
pypi,pepload,24/2/23,TRUE
pypi,pepmask,24/2/23,TRUE
pypi,tpstringlibpip,25/2/23,TRUE
pypi,infopip,23/2/23,TRUE
pypi,websockts,9/2/23,FALSE
pypi,selfstudyintstudy,26/2/23,TRUE
pypi,esqrekillintel,27/2/23,TRUE
pypi,tploadpulllgtb,27/2/23,FALSE
pypi,selfpepreplaceload,26/2/23,TRUE
pypi,esqpepstring,25/2/23,TRUE
pypi,tploadcraftint,25/2/23,TRUE
pypi,selfnvidiaurlload,25/2/23,TRUE
pypi,tppaypalsuper,25/2/23,TRUE
pypi,libget,23/2/23,TRUE
pypi,libintelcv,25/2/23,TRUE
pypi,selfhackededhydra,25/2/23,TRUE
pypi,esqgetgetver,25/2/23,TRUE
pypi,discoord-webhook,11/2/23,FALSE
pypi,selfccreplacever,27/2/23,TRUE
pypi,libpongload,25/2/23,TRUE
pypi,pyinstallerr,10/2/23,FALSE
pypi,libpaypalpost,25/2/23,TRUE
pypi,tppyinfocandy,27/2/23,TRUE
pypi,py-stringvisaosint,25/2/23,TRUE
pypi,esqadcpuhacked,26/2/23,TRUE
pypi,nvidiavisa,25/2/23,TRUE
pypi,libpeprand,25/2/23,TRUE
pypi,vmvisa,24/2/23,TRUE
pypi,libkillencodeed,27/2/23,TRUE
pypi,py-osintcontrolproof,25/2/23,TRUE
pypi,strpull,25/2/23,TRUE
pypi,hydratool,24/2/23,TRUE
pypi,libadosint,25/2/23,TRUE
pypi,libsupervisa,25/2/23,TRUE
pypi,selfpingultragame,27/2/23,TRUE
pypi,py-edccload,27/2/23,TRUE
pypi,pyinsttaller,10/2/23,FALSE
pypi,tpgameccpost,25/2/23,TRUE
pypi,vmpep,24/2/23,TRUE
pypi,ultrapip,23/2/23,TRUE
pypi,tppywpaypalgui,27/2/23,TRUE
pypi,esqcandyosint,25/2/23,TRUE
pypi,killgame,25/2/23,TRUE
pypi,libstringpostvisa,25/2/23,TRUE
pypi,selfstringlib,25/2/23,TRUE
pypi,pycodestylee,11/2/23,FALSE
pypi,progressbaar2,11/2/23,FALSE
pypi,simplejjson,11/2/23,FALSE
pypi,libgrandrandomintel,27/2/23,TRUE
pypi,libsuperregrand,27/2/23,TRUE
pypi,esqlgtbstudyram,27/2/23,FALSE
pypi,esqosintgetsplit,27/2/23,TRUE
pypi,gitpyhon,11/2/23,FALSE
pypi,tppippypull,25/2/23,TRUE
pypi,libmaskrandomcc,25/2/23,TRUE
pypi,tppullsuperhttp,27/2/23,TRUE
pypi,tpstringcraftget,7/3/23,FALSE
pypi,py-pingproof,25/2/23,TRUE
pypi,selfpyhackedpush,25/2/23,TRUE
pypi,esqadpaypal,25/2/23,TRUE
pypi,libreplacecraftnvidia,27/2/23,TRUE
pypi,selfpywgetget,26/2/23,TRUE
pypi,selfedload,25/2/23,TRUE
pypi,esqpywintelgrand,27/2/23,TRUE
pypi,tppushpingpy,25/2/23,TRUE
pypi,tploadgrandhttp,27/2/23,TRUE
pypi,esqintloadnvidia,25/2/23,TRUE
pypi,tpkillosintcontrol,26/2/23,TRUE
pypi,esqvmccmc,25/2/23,TRUE
pypi,selfedmask,25/2/23,TRUE
pypi,tpcvurlpong,12/3/23,FALSE
pypi,cyrptocompare,9/2/23,FALSE
pypi,esqtoolintelpaypal,25/2/23,TRUE
pypi,esqmcget,25/2/23,TRUE
pypi,py-gamesuper,25/2/23,TRUE
pypi,selfcpure,25/2/23,TRUE
pypi,tpintping,25/2/23,TRUE
pypi,selfmcstr,25/2/23,TRUE
pypi,recraft,23/2/23,TRUE
pypi,tpvisaencodegrand,27/2/23,TRUE
pypi,tppypip,25/2/23,TRUE
pypi,tpvmpushhacked,25/2/23,TRUE
pypi,tppywlibpep,27/2/23,TRUE
pypi,tpintgrandre,27/2/23,TRUE
pypi,selfloadvisa,25/2/23,TRUE
pypi,tpproofreplace,25/2/23,TRUE
pypi,httpad,23/2/23,TRUE
pypi,tpmcrandgrand,27/2/23,TRUE
pypi,esqpywrandom,25/2/23,TRUE
pypi,cpucontrol,24/2/23,TRUE
pypi,py-postultrahacked,27/2/23,TRUE
pypi,libedgui,25/2/23,TRUE
pypi,prompt-toolkt,11/2/23,FALSE
pypi,py-randad,25/2/23,TRUE
pypi,pywcpu,23/2/23,TRUE
pypi,tploadpostosint,27/2/23,TRUE
pypi,tpcraftcraftencode,12/3/23,FALSE
pypi,iaohttp,10/2/23,FALSE
pypi,winrpcexploit,30/8/22,FALSE
pypi,py-supercandyreplace,27/2/23,TRUE
pypi,esqadgameultra,26/2/23,TRUE
pypi,py-randcpustr,27/2/23,TRUE
pypi,repull,25/2/23,TRUE
pypi,tppyhttprand,27/2/23,TRUE
pypi,libvisaprooftool,25/2/23,TRUE
pypi,intstudy,25/2/23,TRUE
pypi,selfpostminegui,25/2/23,TRUE
pypi,libccraminfo,25/2/23,TRUE
pypi,websckets,9/2/23,FALSE
pypi,py-toollibcpu,27/2/23,TRUE
pypi,vmcandy,23/2/23,TRUE
pypi,selfencoderandom,25/2/23,TRUE
pypi,edram,25/2/23,TRUE
pypi,candyint,25/2/23,TRUE
pypi,randgui,25/2/23,TRUE
pypi,selfrandomcraftpong,27/2/23,TRUE
pypi,libstringgetosint,25/2/23,TRUE
pypi,controlurl,24/2/23,TRUE
pypi,selfvergrandstr,26/2/23,TRUE
pypi,getvm,23/2/23,TRUE
pypi,tppipcraftad,27/2/23,TRUE
pypi,tppongposthacked,25/2/23,TRUE
pypi,esqedencodeurl,26/2/23,TRUE
pypi,killhacked,25/2/23,TRUE
pypi,httpvisa,24/2/23,TRUE
pypi,librandloadmine,25/2/23,TRUE
pypi,ramvirtual,24/2/23,TRUE
pypi,tplibsplithacked,25/2/23,TRUE
pypi,py-minenvidia,25/2/23,TRUE
pypi,proofre,24/2/23,TRUE
pypi,py-cpunvidiacraft,26/2/23,TRUE
pypi,tpreurlultra,27/2/23,TRUE
pypi,libpostintel,25/2/23,TRUE
pypi,esqpongping,25/2/23,TRUE
pypi,loadgrand,23/2/23,TRUE
pypi,esqvisastred,27/2/23,TRUE
pypi,esqcpuverre,27/2/23,TRUE
pypi,ultraram,23/2/23,TRUE
pypi,requuests,31/5/22,FALSE
pypi,selfhydrapongpaypal,27/2/23,TRUE
pypi,esqadcvmc,27/2/23,TRUE
pypi,esqcvvisa,25/2/23,TRUE
pypi,py-pippushosint,25/2/23,TRUE
pypi,bitcoinlibb,9/2/23,FALSE
pypi,selfrandlgtb,25/2/23,FALSE
pypi,crytofeed,9/2/23,FALSE
pypi,tpstringlgtb,25/2/23,FALSE
pypi,discrod-py,11/2/23,FALSE
pypi,py-pushinfomine,25/2/23,TRUE
pypi,esqadhydrapull,25/2/23,TRUE
pypi,esqpepstudy,25/2/23,TRUE
pypi,pipgrand,23/2/23,TRUE
pypi,py-pongpongpong,25/2/23,TRUE
pypi,cpuproof,24/2/23,TRUE
pypi,matplolib,10/2/23,FALSE
pypi,py-lgtbpipram,26/2/23,FALSE
pypi,tppostcandynvidia,26/2/23,TRUE
pypi,sqlalchemy-install,20/5/23,FALSE
pypi,requests-toolbetl,11/2/23,FALSE
pypi,py-intvisa,25/2/23,TRUE
pypi,esqkillultrarand,25/2/23,TRUE
pypi,selftoollibnvidia,26/2/23,TRUE
pypi,libgrandintelpy,25/2/23,TRUE
pypi,py-loadhydratool,25/2/23,TRUE
pypi,py-grandsuperencode,26/2/23,TRUE
pypi,strpep,25/2/23,TRUE
pypi,controlgrand,24/2/23,TRUE
pypi,selfosintver,25/2/23,TRUE
pypi,libvisacvcontrol,27/2/23,TRUE
pypi,esqosintpull,25/2/23,TRUE
pypi,virtualcraft,24/2/23,TRUE
pypi,inforam,24/2/23,TRUE
pypi,postpost,25/2/23,TRUE
pypi,toolcv,24/2/23,TRUE
pypi,selfpongurl,25/2/23,TRUE
pypi,libloadcraftcv,27/2/23,TRUE
pypi,pyvirtual,24/2/23,TRUE
pypi,esqintpushgame,25/2/23,TRUE
pypi,dmp-suite,26/4/23,FALSE
pypi,yfniance,9/2/23,FALSE
pypi,selnium,10/2/23,FALSE
pypi,esqgamestringurl,25/2/23,TRUE
pypi,hydrainfo,24/2/23,TRUE
pypi,tpgrandmask,25/2/23,TRUE
pypi,libgetcccandy,25/2/23,TRUE
pypi,py-edpullmask,27/2/23,TRUE
pypi,selfpullcchydra,27/2/23,TRUE
pypi,selfcontrolosint,25/2/23,TRUE
pypi,beatuifulsoup,11/2/23,FALSE
pypi,vype,9/2/23,FALSE
pypi,esqrandompushgrand,26/2/23,TRUE
pypi,tpintellib,25/2/23,TRUE
pypi,tpultrapullrand,26/2/23,TRUE
pypi,esqsplithttposint,25/2/23,TRUE
pypi,atplotlib,10/2/23,FALSE
pypi,craftvisa,24/2/23,TRUE
pypi,nvidiaad,25/2/23,TRUE
pypi,killosint,25/2/23,TRUE
pypi,tptoolminelib,25/2/23,TRUE
pypi,tpreplaceproof,25/2/23,TRUE
pypi,seelenium,10/2/23,FALSE
pypi,libpywedosint,25/2/23,TRUE
pypi,grandcpu,23/2/23,TRUE
pypi,selfstrspliturl,25/2/23,TRUE
pypi,tposintcraftram,26/2/23,TRUE
pypi,discodr-py,11/2/23,FALSE
pypi,tpmaskvisa,25/2/23,TRUE
pypi,libverreplacestr,27/2/23,TRUE
pypi,py-minemaskget,27/2/23,TRUE
pypi,selfpyultrakill,25/2/23,TRUE
pypi,pywosint,25/2/23,TRUE
pypi,baeutifulsoup,11/2/23,FALSE
pypi,pywvisa,24/2/23,TRUE
pypi,py-adrehacked,27/2/23,TRUE
pypi,libpingreintel,12/3/23,FALSE
pypi,selfintnvidia,25/2/23,TRUE
pypi,libloadpaypalrandom,25/2/23,TRUE
pypi,pysoocks,11/2/23,FALSE
pypi,pepsuper,24/2/23,TRUE
pypi,crytpofeed,9/2/23,FALSE
pypi,tpposthttpvisa,25/2/23,TRUE
pypi,tpstrrandomint,26/2/23,TRUE
pypi,urlli3,11/2/23,FALSE
pypi,vmget,24/2/23,TRUE
pypi,selfrecvstudy,25/2/23,TRUE
pypi,esqpygamevirtual,27/2/23,TRUE
pypi,selfverpullhydra,27/2/23,TRUE
pypi,py-randomsplitram,26/2/23,TRUE
pypi,tpstringverstudy,27/2/23,TRUE
pypi,tpproofreplacereplace,25/2/23,TRUE
pypi,py-nvidiapipint,25/2/23,TRUE
pypi,esqccpostmask,25/2/23,TRUE
pypi,selfmaskultra,25/2/23,TRUE
pypi,crypptocompare,9/2/23,FALSE
pypi,py-intelproofcandy,26/2/23,TRUE
pypi,beautifusloup,11/2/23,FALSE
pypi,bbeautifulsoup,11/2/23,FALSE
pypi,revirtual,24/2/23,TRUE
pypi,pyccodestyle,11/2/23,FALSE
pypi,yfiinance,9/2/23,FALSE
pypi,selflgtbosintre,25/2/23,FALSE
pypi,py-ultraintvisa,25/2/23,TRUE
pypi,pongpip,25/2/23,TRUE
pypi,esqhydraponglib,25/2/23,TRUE
pypi,selfcvpy,25/2/23,TRUE
pypi,selfloadcontrolstr,27/2/23,TRUE
pypi,esqtoolgetnvidia,27/2/23,TRUE
pypi,libverhackedhacked,25/2/23,TRUE
pypi,libtoolcraftgrand,25/2/23,TRUE
pypi,libpostpull,25/2/23,TRUE
pypi,apndas,10/2/23,FALSE
pypi,selfinforandom,25/2/23,TRUE
pypi,esqccreplaceintel,26/2/23,TRUE
pypi,candypip,24/2/23,TRUE
pypi,py-masknvidiagui,27/2/23,TRUE
pypi,py-craftnvidiamask,26/2/23,TRUE
pypi,tppushcontrol,25/2/23,TRUE
pypi,esqhttpmaskpush,25/2/23,TRUE
pypi,esqedpingproof,27/2/23,TRUE
pypi,pyintsaller,10/2/23,FALSE
pypi,infoping,25/2/23,TRUE
pypi,esqadlgtbvisa,27/2/23,FALSE
pypi,esqtoolencode,25/2/23,TRUE
pypi,superpyw,24/2/23,TRUE
pypi,tphackedvisagame,25/2/23,TRUE
pypi,esqvirtualintpep,27/2/23,TRUE
pypi,tpgametoolcontrol,27/2/23,TRUE
pypi,py-virtualhttppy,27/2/23,TRUE
pypi,py-nvidiapepcontrol,25/2/23,TRUE
pypi,selfurlcraft,25/2/23,TRUE
pypi,py-pongedgame,27/2/23,TRUE
pypi,libcontrolhttpstr,3/3/23,TRUE
pypi,selflibmineload,7/3/23,FALSE
pypi,libsupergrandpull,27/2/23,TRUE
pypi,libvmcved,25/2/23,TRUE
pypi,pullpaypal,25/2/23,TRUE
pypi,libpep,24/2/23,TRUE
pypi,liblgtbhydra,25/2/23,FALSE
pypi,esqnvidiamaskint,25/2/23,TRUE
pypi,openpylx,11/2/23,FALSE
pypi,gitython,11/2/23,FALSE
pypi,libsuperencode,25/2/23,TRUE
pypi,crypocompare,9/2/23,FALSE
pypi,iscord-py,11/2/23,FALSE
pypi,py-rere,25/2/23,TRUE
pypi,verad,25/2/23,TRUE
pypi,pysockks,11/2/23,FALSE
pypi,selframproof,25/2/23,TRUE
pypi,libver,25/2/23,TRUE
pypi,selfpywosint,25/2/23,TRUE
pypi,gamecandy,23/2/23,TRUE
pypi,mcultra,23/2/23,TRUE
pypi,selfpywloadpong,25/2/23,TRUE
pypi,tpmaskcontrolhydra,25/2/23,TRUE
pypi,libinfosuperint,25/2/23,TRUE
pypi,httppip,23/2/23,TRUE
pypi,esqstringtoolint,26/2/23,TRUE
pypi,selfosintultrahacked,27/2/23,TRUE
pypi,seleniium,10/2/23,FALSE
pypi,libverpulled,26/2/23,TRUE
pypi,esqrepep,25/2/23,TRUE
pypi,py-infopullhydra,25/2/23,TRUE
pypi,selfproofkillcraft,27/2/23,TRUE
pypi,py-pippywvm,25/2/23,TRUE
pypi,libcpupep,25/2/23,TRUE
pypi,selfloadkillstring,25/2/23,TRUE
pypi,esqhttptool,25/2/23,TRUE
pypi,pycoedstyle,11/2/23,FALSE
pypi,osintcraft,25/2/23,TRUE
pypi,piptool,23/2/23,TRUE
pypi,tptoolvmpaypal,27/2/23,TRUE
pypi,py-paypalgetultra,26/2/23,TRUE
pypi,libpepproofstring,25/2/23,TRUE
pypi,bticoinlib,9/2/23,FALSE
pypi,cryptoefed,9/2/23,FALSE
pypi,guire,23/2/23,TRUE
pypi,ssolana,9/2/23,FALSE
pypi,ppysocks,11/2/23,FALSE
pypi,esqstringcandypost,27/2/23,TRUE
pypi,selfosintstringcpu,27/2/23,TRUE
pypi,tppingvirtualrand,8/3/23,FALSE
pypi,tpurlguiint,25/2/23,TRUE
pypi,eautifulsoup,11/2/23,FALSE
pypi,selfkillkillencode,27/2/23,TRUE
pypi,minenvidia,25/2/23,TRUE
pypi,tphydraencode,25/2/23,TRUE
pypi,py-stringre,25/2/23,TRUE
pypi,py-paypalpaypal,25/2/23,TRUE
pypi,beautiulsoup4,10/2/23,FALSE
pypi,tptoolmask,25/2/23,TRUE
pypi,ramstudy,25/2/23,TRUE
pypi,selfcvpaypalram,27/2/23,TRUE
pypi,beautifulsouup,11/2/23,FALSE
pypi,tpgamelib,25/2/23,TRUE
pypi,tpstrlibsplit,25/2/23,TRUE
pypi,py-stringpostmc,27/2/23,TRUE
pypi,selfsuperpyw,25/2/23,TRUE
pypi,cert-orchestration-adapter,17/3/24,FALSE
pypi,selfgamecontrolhydra,27/2/23,TRUE
pypi,loadram,24/2/23,TRUE
pypi,esqpywrandomcc,25/2/23,TRUE
pypi,py-loadcpu,25/2/23,TRUE
pypi,selfvisapep,25/2/23,TRUE
pypi,libmineurl,25/2/23,TRUE
pypi,discord-wehook,11/2/23,FALSE
pypi,getpost,23/2/23,TRUE
pypi,py-postpull,25/2/23,TRUE
pypi,pyminor,20/8/23,TRUE
pypi,requests-toolelt,11/2/23,FALSE
pypi,esqlibad,25/2/23,TRUE
pypi,libtoolmcver,25/2/23,TRUE
pypi,py-httphttpultra,27/2/23,TRUE
pypi,freqtrde,9/2/23,FALSE
pypi,py-stringlibencode,27/2/23,TRUE
pypi,reuests,31/5/22,FALSE
pypi,httpgame,24/2/23,TRUE
pypi,urlcraft,23/2/23,TRUE
pypi,libpushcv,25/2/23,TRUE
pypi,beautiifulsoup,11/2/23,FALSE
pypi,requests-toolbeelt,11/2/23,FALSE
pypi,selfgrandlgtbad,25/2/23,FALSE
pypi,cpuping,25/2/23,TRUE
pypi,libpushultrapull,25/2/23,TRUE
pypi,libloadsuperpull,25/2/23,TRUE
pypi,esqhydraload,25/2/23,TRUE
pypi,esqpaypalosintpost,25/2/23,TRUE
pypi,py-lgtbhacked,25/2/23,FALSE
pypi,pushhttp,25/2/23,TRUE
pypi,ryptocompare,9/2/23,FALSE
pypi,esqstringkillvisa,27/2/23,TRUE
pypi,stringultra,25/2/23,TRUE
pypi,py-toolgamenvidia,27/2/23,TRUE
pypi,scikit-llearn,10/2/23,FALSE
pypi,libpostcraftpush,26/2/23,TRUE
pypi,tpcontrolint,25/2/23,TRUE
pypi,ypinstaller,10/2/23,FALSE
pypi,esqrandominfo,25/2/23,TRUE
pypi,pushhacked,25/2/23,TRUE
pypi,selfpullpingnvidia,27/2/23,TRUE
pypi,esqosintsuperosint,27/2/23,TRUE
pypi,selfintelcpu,25/2/23,TRUE
pypi,py-adpaypalkill,27/2/23,TRUE
pypi,py-adcpu,25/2/23,TRUE
pypi,tprepywsuper,25/2/23,TRUE
pypi,py-ramstrencode,27/2/23,TRUE
pypi,selfstringguiram,27/2/23,TRUE
pypi,py-vmcvram,26/2/23,TRUE
pypi,esqloadencodeosint,27/2/23,TRUE
pypi,siplejson,11/2/23,FALSE
pypi,selflgtbretool,25/2/23,FALSE
pypi,urlload,23/2/23,TRUE
pypi,pywcc,24/2/23,TRUE
pypi,req-matplotlib,20/5/23,FALSE
pypi,libloadgame,25/2/23,TRUE
pypi,bitconilib,9/2/23,FALSE
pypi,libultratool,25/2/23,TRUE
pypi,virtualpep,24/2/23,TRUE
pypi,esqvirtualedhacked,26/2/23,TRUE
pypi,py-pingpushultra,26/2/23,TRUE
pypi,visavirtual,25/2/23,TRUE
pypi,wesbockets,9/2/23,FALSE
pypi,tposintponghydra,27/2/23,TRUE
pypi,requests-tooblelt,11/2/23,FALSE
pypi,pippaypal,25/2/23,TRUE
pypi,selfultraram,25/2/23,TRUE
pypi,seleniumm,10/2/23,FALSE
pypi,tptoolintelram,27/2/23,TRUE
pypi,esqurlhackedrand,25/2/23,TRUE
pypi,librandomintelgame,27/2/23,TRUE
pypi,selfreplacerandget,25/2/23,TRUE
pypi,tpsuperurlload,25/2/23,TRUE
pypi,tpvmintget,27/2/23,TRUE
pypi,selfsplitlib,25/2/23,TRUE
pypi,esqpullpull,25/2/23,TRUE
pypi,selfreplacemchydra,27/2/23,TRUE
pypi,libmcpingstudy,26/2/23,TRUE
pypi,py-intelosintosint,25/2/23,TRUE
pypi,tptoolcccpu,27/2/23,TRUE
pypi,libcandygame,25/2/23,TRUE
pypi,selfhackedcpuvirtual,27/2/23,TRUE
pypi,py-paypalinfopip,8/3/23,FALSE
pypi,randlgtb,25/2/23,FALSE
pypi,esqedtoolpull,27/2/23,TRUE
pypi,tpverurllgtb,27/2/23,FALSE
pypi,craftgame,23/2/23,TRUE
pypi,tpcvverencode,27/2/23,TRUE
pypi,libinfolibre,27/2/23,TRUE
pypi,free-net-vpn,30/8/22,FALSE
pypi,libpingcontrolstring,27/2/23,TRUE
pypi,py-guiloadhacked,25/2/23,TRUE
pypi,pyinsstaller,10/2/23,FALSE
pypi,cvtool,24/2/23,TRUE
pypi,libvmpostmask,26/2/23,TRUE
pypi,selfosintvmcraft,25/2/23,TRUE
pypi,selfvirtualcontrolultra,27/2/23,TRUE
pypi,tppullmaskinfo,25/2/23,TRUE
pypi,esqminegrandget,25/2/23,TRUE
pypi,esqloadurl,25/2/23,TRUE
pypi,py-cpuvirtualpip,27/2/23,TRUE
pypi,esqkillcv,25/2/23,TRUE
pypi,cpuurl,23/2/23,TRUE
pypi,tpkillpush,25/2/23,TRUE
pypi,tpmaskpullmine,27/2/23,TRUE
pypi,esqadkill,25/2/23,TRUE
pypi,esqlibkillstr,7/3/23,FALSE
pypi,controlreplace,25/2/23,TRUE
pypi,osintver,25/2/23,TRUE
pypi,esqadinfo,25/2/23,TRUE
pypi,selfpullgameload,25/2/23,TRUE
pypi,toolcc,24/2/23,TRUE
pypi,xlsxxwriter,11/2/23,FALSE
pypi,selfhackedramcc,26/2/23,TRUE
pypi,python-aliyun-sdk-rds,16/8/23,TRUE
pypi,py-nvidiarandvirtual,26/2/23,TRUE
pypi,py-mccpu,25/2/23,TRUE
pypi,virtualinfo,24/2/23,TRUE
pypi,esqadrandom,25/2/23,TRUE
pypi,pywgame,23/2/23,TRUE
pypi,libreplacehydraram,27/2/23,TRUE
pypi,opencv-keras,20/5/23,FALSE
pypi,libadcandy,25/2/23,TRUE
pypi,esqinfovirtualgame,27/2/23,TRUE
pypi,tptoolkill,25/2/23,TRUE
pypi,aioohttp,10/2/23,FALSE
pypi,esqpaypalpulled,27/2/23,TRUE
pypi,esqpepvirtualinfo,25/2/23,TRUE
pypi,esqpullcontrolint,26/2/23,TRUE
pypi,tppiphackedad,25/2/23,TRUE
pypi,tphydraping,25/2/23,TRUE
pypi,esqgetinfoping,27/2/23,TRUE
pypi,esqultraultrapong,2/3/23,TRUE
pypi,print-django,20/5/23,FALSE
pypi,esqcpupy,25/2/23,TRUE
pypi,pypull,25/2/23,TRUE
pypi,loadad,24/2/23,TRUE
pypi,tppullhttpping,27/2/23,TRUE
pypi,vypper,9/2/23,FALSE
pypi,edinfo,25/2/23,TRUE
pypi,selfpushramhttp,25/2/23,TRUE
pypi,urlre,23/2/23,TRUE
pypi,visapull,25/2/23,TRUE
pypi,tpkillproof,25/2/23,TRUE
pypi,selfpywkillgui,27/2/23,TRUE
pypi,selfhttppipsplit,25/2/23,TRUE
pypi,pywcontrol,24/2/23,TRUE
pypi,solaana,9/2/23,FALSE
pypi,craftpep,24/2/23,TRUE
pypi,esqrehttpinfo,25/2/23,TRUE
pypi,tpccproof,25/2/23,TRUE
pypi,tensorflo,10/2/23,FALSE
pypi,tppeppushpyw,3/3/23,TRUE
pypi,cvint,25/2/23,TRUE
pypi,esqadvmpong,25/2/23,TRUE
pypi,tpvisalgtbcv,27/2/23,FALSE
pypi,yfinnce,9/2/23,FALSE
pypi,tpkillmask,25/2/23,TRUE
pypi,libinfohydravirtual,25/2/23,TRUE
pypi,tpinfourllgtb,27/2/23,FALSE
pypi,py-pongcraft,25/2/23,TRUE
pypi,cctool,24/2/23,TRUE
pypi,gameurl,24/2/23,TRUE
pypi,tplgtbencodecraft,25/2/23,FALSE
pypi,hydrapyw,24/2/23,TRUE
pypi,libguiping,25/2/23,TRUE
pypi,libcontrolminepyw,26/2/23,TRUE
pypi,esqminegrandvirtual,25/2/23,TRUE
pypi,wwebsocket-client,11/2/23,FALSE
pypi,libmcencodeed,25/2/23,TRUE
pypi,esqminelib,25/2/23,TRUE
pypi,prompt-tooklit,11/2/23,FALSE
pypi,selfencodeverosint,25/2/23,TRUE
pypi,esqvisacpucraft,25/2/23,TRUE
pypi,esqvisaedproof,25/2/23,TRUE
pypi,py-reosint,25/2/23,TRUE
pypi,tpgamemine,25/2/23,TRUE
pypi,tposintpyhydra,27/2/23,TRUE
pypi,requests-tooleblt,11/2/23,FALSE
pypi,req-os,20/5/23,FALSE
pypi,esqpingverencode,27/2/23,TRUE
pypi,selfmcvmcraft,25/2/23,TRUE
pypi,py-randnvidiapip,27/2/23,TRUE
pypi,libstrget,25/2/23,TRUE
pypi,liblgtbnvidiaproof,26/2/23,FALSE
pypi,libsuperintram,27/2/23,TRUE
pypi,aiohtt,10/2/23,FALSE
pypi,selfvirtualreosint,27/2/23,TRUE
pypi,esqedurlpong,25/2/23,TRUE
pypi,idscord-webhook,11/2/23,FALSE
pypi,tpstringmced,25/2/23,TRUE
pypi,py-libverstr,25/2/23,TRUE
pypi,libpepcandymc,27/2/23,TRUE
pypi,py-nvidiaping,25/2/23,TRUE
pypi,pingmine,25/2/23,TRUE
pypi,py-grandpyw,25/2/23,TRUE
pypi,tpintgamevirtual,27/2/23,TRUE
pypi,tpgrandcontrol,25/2/23,TRUE
pypi,tpgetencodere,25/2/23,TRUE
pypi,selfpaypaladvm,27/2/23,TRUE
pypi,tpguimask,25/2/23,TRUE
pypi,proogressbar2,11/2/23,FALSE
pypi,tpvirtualpush,25/2/23,TRUE
pypi,coloramma,10/2/23,FALSE
pypi,selfmaskcandysuper,27/2/23,TRUE
pypi,tpintelkillultra,25/2/23,TRUE
pypi,urlcontrol,24/2/23,TRUE
pypi,selfpywsplitsuper,25/2/23,TRUE
pypi,python-binacne,10/2/23,FALSE
pypi,esqproofosintkill,8/3/23,FALSE
pypi,pullrand,25/2/23,TRUE
pypi,py-httpedvirtual,27/2/23,TRUE
pypi,matplotlibb,10/2/23,FALSE
pypi,libmine,23/2/23,TRUE
pypi,tprevmlib,27/2/23,TRUE
pypi,selfosintsplithydra,27/2/23,TRUE
pypi,vmurl,24/2/23,TRUE
pypi,beautifulsooup4,10/2/23,FALSE
pypi,rammine,23/2/23,TRUE
pypi,selftoolintelnvidia,27/2/23,TRUE
pypi,psuutil,11/2/23,FALSE
pypi,tppyosintrand,26/2/23,TRUE
pypi,selfpostponghydra,27/2/23,TRUE
pypi,libcandyreplacecandy,26/2/23,TRUE
pypi,selfstrminegui,25/2/23,TRUE
pypi,beautifulsoupp4,10/2/23,FALSE
pypi,urlultra,23/2/23,TRUE
pypi,killed,25/2/23,TRUE
pypi,esqcraftcontrol,25/2/23,TRUE
pypi,libmchydraint,25/2/23,TRUE
pypi,minevm,24/2/23,TRUE
pypi,py-guipaypal,25/2/23,TRUE
pypi,proressbar2,11/2/23,FALSE
pypi,urlnvidia,25/2/23,TRUE
pypi,encodeping,25/2/23,TRUE
pypi,tpinfopywram,25/2/23,TRUE
pypi,candypost,23/2/23,TRUE
pypi,tphydraintel,25/2/23,TRUE
pypi,wwebsockets,9/2/23,FALSE
pypi,request-toolbelt,11/2/23,FALSE
pypi,cryptocompre,9/2/23,FALSE
pypi,tkcaelndar,11/2/23,FALSE
pypi,py-randompyrandom,27/2/23,TRUE
pypi,py-httpintelrandom,25/2/23,TRUE
pypi,libpaypalpaypalrandom,25/2/23,TRUE
pypi,esqedsplit,25/2/23,TRUE
pypi,libedpephttp,25/2/23,TRUE
pypi,esqlibpost,25/2/23,TRUE
pypi,superre,24/2/23,TRUE
pypi,libminerandomosint,3/3/23,TRUE
pypi,clorama,10/2/23,FALSE
pypi,ultraproof,24/2/23,TRUE
pypi,richcolor,25/12/23,FALSE
pypi,py-pongultravm,25/2/23,TRUE
pypi,py-candycandypull,25/2/23,TRUE
pypi,py-paypalcandyping,26/2/23,TRUE
pypi,py-splitstudystring,27/2/23,TRUE
pypi,tpencodeedpaypal,25/2/23,TRUE
pypi,selfvirtualstringvisa,27/2/23,TRUE
pypi,libstrcraftint,27/2/23,TRUE
pypi,cryptocompaare,9/2/23,FALSE
pypi,tpguigrandreplace,27/2/23,TRUE
pypi,libmaskload,25/2/23,TRUE
pypi,tplibhydrahacked,26/2/23,TRUE
pypi,librandgrandpip,25/2/23,TRUE
pypi,esqgameram,25/2/23,TRUE
pypi,virtualmask,24/2/23,TRUE
pypi,libcandystr,25/2/23,TRUE
pypi,pycandy,23/2/23,TRUE
pypi,rerandom,25/2/23,TRUE
pypi,py-pepedcandy,25/2/23,TRUE
pypi,virtualload,24/2/23,TRUE
pypi,selfpinglgtblib,25/2/23,FALSE
pypi,libmaskmask,25/2/23,TRUE
pypi,selfloadpywnvidia,26/2/23,TRUE
pypi,selfinfostring,25/2/23,TRUE
pypi,py-cvrandnvidia,27/2/23,TRUE
pypi,selfpushcv,25/2/23,TRUE
pypi,tpstrcpu,25/2/23,TRUE
pypi,gamepost,23/2/23,TRUE
pypi,selfrecandyping,26/2/23,TRUE
pypi,pipram,23/2/23,TRUE
pypi,pyclack,27/5/23,TRUE
pypi,selftoolpyget,27/2/23,TRUE
pypi,proofhttp,24/2/23,TRUE
pypi,selfgrandedgame,27/2/23,TRUE
pypi,cyrptofeed,9/2/23,FALSE
pypi,requests-otolbelt,11/2/23,FALSE
pypi,tpultralgtbcandy,25/2/23,FALSE
pypi,tpreplacepush,25/2/23,TRUE
pypi,py-hydrahacked,25/2/23,TRUE
pypi,progreessbar2,11/2/23,FALSE
pypi,tppepsplit,25/2/23,TRUE
pypi,controlget,24/2/23,TRUE
pypi,tpgamevisatool,25/2/23,TRUE
pypi,cclick,11/2/23,FALSE
pypi,tpgetstr,25/2/23,TRUE
pypi,esqadpostmine,25/2/23,TRUE
pypi,infomc,23/2/23,TRUE
pypi,fretrade,9/2/23,FALSE
pypi,libencodevmping,25/2/23,TRUE
pypi,tkcallendar,11/2/23,FALSE
pypi,cvpip,24/2/23,TRUE
pypi,esqmcmine,25/2/23,TRUE
pypi,tpramvisa,25/2/23,TRUE
pypi,mccraft,23/2/23,TRUE
pypi,requests-toollbelt,11/2/23,FALSE
pypi,py-craftadcandy,26/2/23,TRUE
pypi,py-cvsplit,25/2/23,TRUE
pypi,libultraultracc,26/2/23,TRUE
pypi,esqmaskvmrandom,27/2/23,TRUE
pypi,tpgrandnvidiapep,27/2/23,TRUE
pypi,py-cvnvidia,25/2/23,TRUE
pypi,py-studylib,25/2/23,TRUE
pypi,tpguiccpyw,27/2/23,TRUE
pypi,tprehacked,25/2/23,TRUE
pypi,tpedstringad,27/2/23,TRUE
pypi,tppywstudy,25/2/23,TRUE
pypi,esqsplitpeptool,26/2/23,TRUE
pypi,selfstringrevisa,25/2/23,TRUE
pypi,pongpush,25/2/23,TRUE
pypi,sscrapy,10/2/23,FALSE
pypi,ultrahttp,23/2/23,TRUE
pypi,gtipython,11/2/23,FALSE
pypi,tpadstr,25/2/23,TRUE
pypi,proofpip,25/2/23,TRUE
pypi,minecpu,24/2/23,TRUE
pypi,py-getosintpyw,25/2/23,TRUE
pypi,tpintkillurl,25/2/23,TRUE
pypi,selfurlultra,25/2/23,TRUE
pypi,ultramine,24/2/23,TRUE
pypi,py-pinggrandnvidia,27/2/23,TRUE
pypi,selfcontrolhydramine,25/2/23,TRUE
pypi,xlsxwrriter,11/2/23,FALSE
pypi,esqintlgtbpost,25/2/23,FALSE
pypi,py-supergetnvidia,26/2/23,TRUE
pypi,libverpy,25/2/23,TRUE
pypi,tppywver,25/2/23,TRUE
pypi,hydrahydra,24/2/23,TRUE
pypi,python-bbinance,10/2/23,FALSE
pypi,selfmcosintrandom,27/2/23,TRUE
pypi,edosint,25/2/23,TRUE
pypi,py-hydracontrolget,27/2/23,TRUE
pypi,tppiposintpost,25/2/23,TRUE
pypi,disord-webhook,11/2/23,FALSE
pypi,requets-toolbelt,11/2/23,FALSE
pypi,py-splittoolpull,25/2/23,TRUE
pypi,py-stredencode,26/2/23,TRUE
pypi,py-verver,25/2/23,TRUE
pypi,peptool,24/2/23,TRUE
pypi,libvirtualgame,25/2/23,TRUE
pypi,selfosintgame,25/2/23,TRUE
pypi,esqmchttp,25/2/23,TRUE
pypi,tpmasklibsplit,27/2/23,TRUE
pypi,py-vminfo,25/2/23,TRUE
pypi,py-strmaskmine,27/2/23,TRUE
pypi,piynstaller,10/2/23,FALSE
pypi,beautifulosup,11/2/23,FALSE
pypi,py-guireplace,25/2/23,TRUE
pypi,selfsupervisa,25/2/23,TRUE
pypi,py-intedreplace,27/2/23,TRUE
pypi,selfvisaosint,25/2/23,TRUE
pypi,beautifulsoup-requests,20/5/23,FALSE
pypi,esqhttpmaskload,27/2/23,TRUE
pypi,libosinturl,25/2/23,TRUE
pypi,hydramask,24/2/23,TRUE
pypi,selfinfocvgame,27/2/23,TRUE
pypi,selfvergetcc,27/2/23,TRUE
pypi,cpuget,23/2/23,TRUE
pypi,hydraload,24/2/23,TRUE
pypi,vmmc,24/2/23,TRUE
pypi,tppinghydra,25/2/23,TRUE
pypi,esqgetnvidiapip,27/2/23,TRUE
pypi,ypsocks,11/2/23,FALSE
pypi,tpramosint,25/2/23,TRUE
pypi,py-randurl,25/2/23,TRUE
pypi,selfrerandom,25/2/23,TRUE
pypi,libvisagui,25/2/23,TRUE
pypi,cccpu,24/2/23,TRUE
pypi,tppostintsplit,25/2/23,TRUE
pypi,esqstrproofint,25/2/23,TRUE
pypi,xlsxwriterr,11/2/23,FALSE
pypi,librepost,25/2/23,TRUE
pypi,discord-weebhook,11/2/23,FALSE
pypi,ktcalendar,11/2/23,FALSE
pypi,py-toolcontrol,25/2/23,TRUE
pypi,libcontrolintel,25/2/23,TRUE
pypi,libcontrolguipyw,26/2/23,TRUE
pypi,py-infoliblgtb,27/2/23,FALSE
pypi,selfencodepywrand,25/2/23,TRUE
pypi,esqsplithttphttp,27/2/23,TRUE
pypi,py-splitgrand,25/2/23,TRUE
pypi,postcpu,23/2/23,TRUE
pypi,selfgamepost,25/2/23,TRUE
pypi,liburlrandom,25/2/23,TRUE
pypi,libpipkillre,27/2/23,TRUE
pypi,matpoltlib,10/2/23,FALSE
pypi,py-intnvidiagui,27/2/23,TRUE
pypi,libcraftmcrand,25/2/23,TRUE
pypi,libgrandverultra,27/2/23,TRUE
pypi,libvirtualcandyint,27/2/23,TRUE
pypi,esqverpaypalsuper,27/2/23,TRUE
pypi,selfpongminehacked,27/2/23,TRUE
pypi,selfhackedrandomstudy,2/3/23,TRUE
pypi,discord-webhok,11/2/23,FALSE
pypi,esqcontrolstudykill,25/2/23,TRUE
pypi,gamevirtual,24/2/23,TRUE
pypi,loadrandom,25/2/23,TRUE
pypi,mcvirtual,24/2/23,TRUE
pypi,tpencodepywget,25/2/23,TRUE
pypi,libintelpyw,25/2/23,TRUE
pypi,libcandystrmc,25/2/23,TRUE
pypi,tppaypaledcv,27/2/23,TRUE
pypi,esqmcpullram,25/2/23,TRUE
pypi,tpcpugetping,25/2/23,TRUE
pypi,liblgtbpong,25/2/23,FALSE
pypi,prompt-toolkti,11/2/23,FALSE
pypi,python-binaance,10/2/23,FALSE
pypi,cephlib,9/10/23,FALSE
pypi,librandomcrafthydra,26/2/23,TRUE
pypi,selfpongcv,25/2/23,TRUE
pypi,grandgrand,23/2/23,TRUE
pypi,minesuper,23/2/23,TRUE
pypi,pythno-binance,10/2/23,FALSE
pypi,esqsplitpy,25/2/23,TRUE
pypi,pullpep,25/2/23,TRUE
pypi,tpintstudytool,27/2/23,TRUE
pypi,liburlpongpost,25/2/23,TRUE
pypi,selfgamepipsplit,25/2/23,TRUE
pypi,selfstudyintel,25/2/23,TRUE
pypi,py-pepreplacereplace,26/2/23,TRUE
pypi,py-infointelpost,25/2/23,TRUE
pypi,selfmcvisapy,27/2/23,TRUE
pypi,oppenpyxl,11/2/23,FALSE
pypi,superpull,25/2/23,TRUE
pypi,ramhttp,23/2/23,TRUE
pypi,tpencodesuper,25/2/23,TRUE
pypi,esqhackedrandomcc,26/2/23,TRUE
pypi,visaram,24/2/23,TRUE
pypi,selfproofint,25/2/23,TRUE
pypi,py-strmcintel,25/2/23,TRUE
pypi,tpguigetgui,27/2/23,TRUE
pypi,esqpongultra,25/2/23,TRUE
pypi,libintelpaypal,25/2/23,TRUE
pypi,esqstudypongcandy,26/2/23,TRUE
pypi,py-hydraadgrand,27/2/23,TRUE
pypi,py-vercv,25/2/23,TRUE
pypi,selfnvidiacandy,25/2/23,TRUE
pypi,esqpostlib,25/2/23,TRUE
pypi,virtualultra,24/2/23,TRUE
pypi,py-controlpingcraft,12/3/23,FALSE
pypi,py-hydramc,25/2/23,TRUE
pypi,ccxtt,9/2/23,TRUE
pypi,py-paypalpippep,25/2/23,TRUE
pypi,libgetrepy,25/2/23,TRUE
pypi,libsupervisaed,25/2/23,TRUE
pypi,beautifuloup4,10/2/23,FALSE
pypi,selframlgtb,25/2/23,FALSE
pypi,py-pushsplitver,25/2/23,TRUE
pypi,mcpost,23/2/23,TRUE
pypi,tpproofedpull,25/2/23,TRUE
pypi,py-infohydrarandom,7/3/23,FALSE
pypi,esqgamecandy,25/2/23,TRUE
pypi,libponggetpaypal,27/2/23,TRUE
pypi,numpy-selenium,20/5/23,TRUE
pypi,intelcraft,25/2/23,TRUE
pypi,python-binace,10/2/23,FALSE
pypi,tpccintelcontrol,27/2/23,TRUE
pypi,selfpepcc,25/2/23,TRUE
pypi,pepvm,24/2/23,TRUE
pypi,tpcraftloadpip,25/2/23,TRUE
pypi,pstil,11/2/23,FALSE
pypi,opnepyxl,11/2/23,FALSE
pypi,tpgamehydravm,27/2/23,TRUE
pypi,libramreplacelgtb,25/2/23,FALSE
pypi,discoord-py,11/2/23,FALSE
pypi,selfcpusplit,25/2/23,TRUE
pypi,libguilib,25/2/23,TRUE
pypi,pylint-py,20/5/23,FALSE
pypi,esqhackedsplitram,25/2/23,TRUE
pypi,libadcvcpu,26/2/23,TRUE
pypi,py-randomkillpull,25/2/23,TRUE
pypi,encodever,25/2/23,TRUE
pypi,tpinfotoolcandy,25/2/23,TRUE
pypi,esqosintpip,25/2/23,TRUE
pypi,advm,23/2/23,TRUE
pypi,lxsxwriter,11/2/23,FALSE
pypi,py-encoderandompull,25/2/23,TRUE
pypi,selfstrreplace,25/2/23,TRUE
pypi,esqcvcraftmc,27/2/23,TRUE
pypi,esqedpyint,25/2/23,TRUE
pypi,esqmineencodekill,26/2/23,TRUE
pypi,pycodestyyle,11/2/23,FALSE
pypi,py-proofmine,25/2/23,TRUE
pypi,discordd-webhook,11/2/23,FALSE
pypi,tppiprandhydra,26/2/23,TRUE
pypi,tensoorflow,10/2/23,FALSE
pypi,py-visaosintgame,25/2/23,TRUE
pypi,lyft-stats,17/3/24,FALSE
pypi,py-killsuper,25/2/23,TRUE
pypi,selfintelsplitlgtb,26/2/23,FALSE
pypi,libintelpostlib,27/2/23,TRUE
pypi,tpedhydrapush,27/2/23,TRUE
pypi,tkcalndar,11/2/23,FALSE
pypi,intpaypal,25/2/23,TRUE
pypi,maskcpu,24/2/23,TRUE
pypi,libtoolosint,25/2/23,TRUE
pypi,libadtoolmc,27/2/23,TRUE
pypi,esqccvisa,25/2/23,TRUE
pypi,beautifusloup4,10/2/23,FALSE
pypi,libstudyencodepaypal,27/2/23,TRUE
pypi,py-adrandget,27/2/23,TRUE
pypi,tpcandystrurl,25/2/23,TRUE
pypi,libcpuhydraintel,25/2/23,TRUE
pypi,paypalcpu,25/2/23,TRUE
pypi,libpingvisagui,25/2/23,TRUE
pypi,selfgetverpep,25/2/23,TRUE
pypi,tpreloadad,7/3/23,FALSE
pypi,tpstudygetreplace,25/2/23,TRUE
pypi,py-virtualguiload,25/2/23,TRUE
pypi,selfpingspliturl,27/2/23,TRUE
pypi,libvirtualguistring,27/2/23,TRUE
pypi,pingcontrol,25/2/23,TRUE
pypi,esqkillosintpost,25/2/23,TRUE
pypi,tpencodereplacepush,26/2/23,TRUE
pypi,py-pulltoolurl,26/2/23,TRUE
pypi,verint,25/2/23,TRUE
pypi,selfsupercandy,25/2/23,TRUE
pypi,py-encodeping,25/2/23,TRUE
pypi,tpcvgrandhacked,26/2/23,TRUE
pypi,libmaskvirtualpyw,27/2/23,TRUE
pypi,selfhackedrandvirtual,27/2/23,TRUE
pypi,py-stred,25/2/23,TRUE
pypi,tpencodepepmine,25/2/23,TRUE
pypi,py-pullproofkill,26/2/23,TRUE
pypi,tppaypalping,25/2/23,TRUE
pypi,pyttorch,10/2/23,FALSE
pypi,tpresuperrand,27/2/23,TRUE
pypi,libcvpush,25/2/23,TRUE
pypi,esqpingpost,25/2/23,TRUE
pypi,tprandguilib,26/2/23,TRUE
pypi,esqintrandhttp,25/2/23,TRUE
pypi,discord-pyy,11/2/23,FALSE
pypi,intelpush,25/2/23,TRUE
pypi,libvisacandyver,27/2/23,TRUE
pypi,minevisa,24/2/23,TRUE
pypi,libguivmcv,27/2/23,TRUE
pypi,guinvidia,25/2/23,TRUE
pypi,esqosintpushcpu,25/2/23,TRUE
pypi,tpmcgethacked,25/2/23,TRUE
pypi,tppushmaskpull,27/2/23,TRUE
pypi,enumerate-iam-aws,13/10/23,TRUE
pypi,selfgrandcandy,25/2/23,TRUE
pypi,pipad,23/2/23,TRUE
pypi,selfpostultraultra,27/2/23,TRUE
pypi,tppingreplace,25/2/23,TRUE
pypi,pyggame,10/2/23,FALSE
pypi,tppushpullvisa,25/2/23,TRUE
pypi,maatplotlib,10/2/23,FALSE
pypi,ggitpython,11/2/23,FALSE
pypi,libgameremask,27/2/23,TRUE
pypi,tpurllib,25/2/23,TRUE
pypi,libintelkillvm,27/2/23,TRUE
pypi,tppullpostgame,27/2/23,TRUE
pypi,libccgetsuper,25/2/23,TRUE
pypi,pyscks,11/2/23,FALSE
pypi,discord-webhookk,11/2/23,FALSE
pypi,esqcraftloadpost,27/2/23,TRUE
pypi,py-hackedultratool,27/2/23,TRUE
pypi,selfguilibstring,25/2/23,TRUE
pypi,py-ultrapywload,25/2/23,TRUE
pypi,selfinfopushpip,3/3/23,TRUE
pypi,selfhttppyw,25/2/23,TRUE
pypi,selfcontrolstr,25/2/23,TRUE
pypi,scikit-earn,10/2/23,FALSE
pypi,gamecc,24/2/23,TRUE
pypi,py-controlguipost,9/3/23,FALSE
pypi,vmpost,23/2/23,TRUE
pypi,libinfogrand,25/2/23,TRUE
pypi,esqpaypalnvidiaurl,2/3/23,TRUE
pypi,ramstr,25/2/23,TRUE
pypi,libposttoolgame,27/2/23,TRUE
pypi,esqpostpongstr,27/2/23,TRUE
pypi,pystob,17/9/23,TRUE
pypi,requestts,31/5/22,FALSE
pypi,libintcontrol,25/2/23,TRUE
pypi,libcontrolguiget,25/2/23,TRUE
pypi,enchantv,25/12/23,FALSE
pypi,esqvisapingreplace,25/2/23,TRUE
pypi,py-encodeproofreplace,26/2/23,TRUE
pypi,libsuperpost,25/2/23,TRUE
pypi,selfencodesplit,25/2/23,TRUE
pypi,ultracraft,23/2/23,TRUE
pypi,py-candymaskreplace,27/2/23,TRUE
pypi,libmasklibcv,25/2/23,TRUE
pypi,intelpong,25/2/23,TRUE
pypi,selenum,10/2/23,FALSE
pypi,py-libpull,25/2/23,TRUE
pypi,virtualcpu,24/2/23,TRUE
pypi,selfhydrainfoproof,9/3/23,FALSE
pypi,selfccsupervm,25/2/23,TRUE
pypi,cpupyw,24/2/23,TRUE
pypi,adpost,23/2/23,TRUE
pypi,selfliburlvirtual,27/2/23,TRUE
pypi,selfvirtualencode,25/2/23,TRUE
pypi,beauutifulsoup4,10/2/23,FALSE
pypi,selfultramc,25/2/23,TRUE
pypi,py-intelinfo,25/2/23,TRUE
pypi,openpyxxl,11/2/23,FALSE
pypi,candygui,23/2/23,TRUE
pypi,selfproofloadram,26/2/23,TRUE
pypi,getmc,24/2/23,TRUE
pypi,py-intelhackedpyw,26/2/23,TRUE
pypi,libpingpykill,27/2/23,TRUE
pypi,esqgetintel,25/2/23,TRUE
pypi,py-rever,25/2/23,TRUE
pypi,py-pushcpu,25/2/23,TRUE
pypi,selfpepgameinfo,27/2/23,TRUE
pypi,librandloadad,27/2/23,TRUE
pypi,tppygrandmine,25/2/23,TRUE
pypi,py-proofmask,25/2/23,TRUE
pypi,py-infover,25/2/23,TRUE
pypi,selfvirtualhttpget,25/2/23,TRUE
pypi,libstrpull,25/2/23,TRUE
pypi,esqcontrollibmine,25/2/23,TRUE
pypi,controlgame,24/2/23,TRUE
pypi,adosint,25/2/23,TRUE
pypi,liblgtbstringgame,25/2/23,FALSE
pypi,esqtoolcvsplit,25/2/23,TRUE
pypi,libpongkillad,27/2/23,TRUE
pypi,py-restringproof,25/2/23,TRUE
pypi,libreurlping,27/2/23,TRUE
pypi,ipllow,11/2/23,FALSE
pypi,esqverccpush,26/2/23,TRUE
pypi,esqadintellgtb,25/2/23,FALSE
pypi,selfsupergameencode,8/3/23,FALSE
pypi,httpnvidia,25/2/23,TRUE
pypi,py-infokillpush,27/2/23,TRUE
pypi,narratives-from-tweets,9/10/23,FALSE
pypi,selfhackedcandyvirtual,27/2/23,TRUE
pypi,pushkill,25/2/23,TRUE
pypi,esqverrammine,27/2/23,TRUE
pypi,libnvidiacvmc,27/2/23,TRUE
pypi,py-loadpep,25/2/23,TRUE
pypi,selfgrandvisagui,25/2/23,TRUE
pypi,selfpingrampep,25/2/23,TRUE
pypi,selfvisacpu,25/2/23,TRUE
pypi,supercv,24/2/23,TRUE
pypi,supergrand,24/2/23,TRUE
pypi,psuttil,11/2/23,FALSE
pypi,prrompt-toolkit,11/2/23,FALSE
pypi,selfmaskcandyrandom,25/2/23,TRUE
pypi,selfprooflibpaypal,25/2/23,TRUE
pypi,discord-wbhook,11/2/23,FALSE
pypi,selfstudylgtb,25/2/23,FALSE
pypi,py-hackedram,25/2/23,TRUE
pypi,esqstrosint,25/2/23,TRUE
pypi,esqproofpongint,7/3/23,FALSE
pypi,tpultraencode,25/2/23,TRUE
pypi,seleenium,10/2/23,FALSE
pypi,tenosrflow,10/2/23,FALSE
pypi,proofmask,24/2/23,TRUE
pypi,cchydra,24/2/23,TRUE
pypi,grandver,25/2/23,TRUE
pypi,tpvisaproof,25/2/23,TRUE
pypi,hydramine,24/2/23,TRUE
pypi,liburlsplitpush,26/2/23,TRUE
pypi,py-httppost,25/2/23,TRUE
pypi,py-libpipintel,27/2/23,TRUE
pypi,frqtrade,9/2/23,FALSE
pypi,libpepstring,25/2/23,TRUE
pypi,tkcalednar,11/2/23,FALSE
pypi,pytohn-binance,10/2/23,TRUE
pypi,selfpullrecontrol,27/2/23,TRUE
pypi,ultramask,24/2/23,TRUE
pypi,selfpippaypal,25/2/23,TRUE
pypi,ultraload,24/2/23,TRUE
pypi,selfpeppullram,26/2/23,TRUE
pypi,cpure,23/2/23,TRUE
pypi,esqultracc,25/2/23,TRUE
pypi,selfpullgetlib,27/2/23,TRUE
pypi,py-virtualload,25/2/23,TRUE
pypi,selfpyintpaypal,8/5/23,FALSE
pypi,prompt-toolkiit,11/2/23,FALSE
pypi,mattplotlib,10/2/23,FALSE
pypi,tposintsplitintel,25/2/23,TRUE
pypi,esqlibpippush,25/2/23,TRUE
pypi,libkillcandy,25/2/23,TRUE
pypi,tpurlpullpaypal,26/2/23,TRUE
pypi,libintint,25/2/23,TRUE
pypi,py-replaceedpong,26/2/23,TRUE
pypi,freqrade,9/2/23,FALSE
pypi,gitpytthon,11/2/23,FALSE
pypi,selfhttpinfocv,25/2/23,TRUE
pypi,libcandyretool,27/2/23,TRUE
pypi,esqosintpostad,25/2/23,TRUE
pypi,libmcpongvm,25/2/23,TRUE
pypi,esqgamemask,25/2/23,TRUE
pypi,selfvisapaypalmine,12/3/23,FALSE
pypi,esqmaskgrandcc,27/2/23,TRUE
pypi,libcvstred,25/2/23,TRUE
pypi,tpcontrolgetlib,25/2/23,TRUE
pypi,tppippushpip,27/2/23,TRUE
pypi,esqstrliburl,25/2/23,TRUE
pypi,ppyinstaller,10/2/23,FALSE
pypi,tprampipre,26/2/23,TRUE
pypi,adstr,25/2/23,TRUE
pypi,py-killhackedpep,26/2/23,TRUE
pypi,virtualhttp,24/2/23,TRUE
pypi,beautifulsou4,10/2/23,FALSE
pypi,regame,23/2/23,TRUE
pypi,toolhydra,24/2/23,TRUE
pypi,tprelibcpu,25/2/23,TRUE
pypi,selfsuperhackedpy,25/2/23,TRUE
pypi,py-urlhydrakill,26/2/23,TRUE
pypi,websocket-clint,11/2/23,FALSE
pypi,tposinthydraed,25/2/23,TRUE
pypi,tpcvpygui,25/2/23,TRUE
pypi,tppyinfoinfo,27/2/23,TRUE
pypi,tppushvmgrand,27/2/23,TRUE
pypi,urlpip,23/2/23,TRUE
pypi,libpongram,25/2/23,TRUE
pypi,libvirtuallgtbcontrol,26/2/23,FALSE
pypi,tpminevervirtual,25/2/23,TRUE
pypi,py-candyhttpad,25/2/23,TRUE
pypi,tpguiintel,25/2/23,TRUE
pypi,websoocket-client,11/2/23,FALSE
pypi,nvidiapep,25/2/23,TRUE
pypi,urlpaypal,25/2/23,TRUE
pypi,craftcandy,23/2/23,TRUE
pypi,py-maskgrandultra,25/2/23,TRUE
pypi,esqpongcontrolkill,25/2/23,TRUE
pypi,controlcontrol,24/2/23,TRUE
pypi,esqnvidiaverpull,25/2/23,TRUE
pypi,selfosintstudyhttp,25/2/23,TRUE
pypi,libpullurl,25/2/23,TRUE
pypi,simlejson,11/2/23,FALSE
pypi,grandcontrol,24/2/23,TRUE
pypi,py-randommine,25/2/23,TRUE
pypi,httphydra,24/2/23,TRUE
pypi,selfgamerenvidia,25/2/23,TRUE
pypi,tckalendar,11/2/23,FALSE
pypi,py-adpywpong,27/2/23,TRUE
pypi,tpsplitlgtb,25/2/23,FALSE
pypi,selfcpustringgrand,27/2/23,TRUE
pypi,beauttifulsoup,11/2/23,FALSE
pypi,tpgamerandom,25/2/23,TRUE
pypi,prooflib,24/2/23,TRUE
pypi,libcpu,24/2/23,TRUE
pypi,selfmaskstudynvidia,27/2/23,TRUE
pypi,py-urlpep,25/2/23,TRUE
pypi,py-strpongint,27/2/23,TRUE
pypi,beauutifulsoup,11/2/23,FALSE
pypi,xlsxwritre,11/2/23,FALSE
pypi,tpedinfo,25/2/23,TRUE
pypi,prompt-tolkit,11/2/23,FALSE
pypi,libintelurlurl,25/2/23,TRUE
pypi,tprandomsuperpull,25/2/23,TRUE
pypi,selfloadgrand,25/2/23,TRUE
pypi,libhackedlgtbrand,25/2/23,FALSE
pypi,websocket-clientt,11/2/23,FALSE
pypi,controlvisa,24/2/23,TRUE
pypi,selfpywloadmine,26/2/23,TRUE
pypi,py-splitcontrolrand,27/2/23,TRUE
pypi,esqkillurlcraft,26/2/23,TRUE
pypi,selfvirtualcandy,25/2/23,TRUE
pypi,selfmineencodestr,26/2/23,TRUE
pypi,esqgetproofpaypal,25/2/23,TRUE
pypi,libpipcontrolcandy,27/2/23,TRUE
pypi,esqencodepaypalpong,26/2/23,TRUE
pypi,pyscoks,11/2/23,FALSE
pypi,py-randvirtualinfo,27/2/23,TRUE
pypi,cpuultra,23/2/23,TRUE
pypi,esqmaskvirtualcpu,27/2/23,TRUE
pypi,selfinfoinfohydra,27/2/23,TRUE
pypi,esqproofinthydra,9/3/23,FALSE
pypi,intelproof,25/2/23,TRUE
pypi,progressbra2,11/2/23,FALSE
pypi,py-candyproofstring,26/2/23,TRUE
pypi,replaceintel,25/2/23,TRUE
pypi,yfinancee,9/2/23,FALSE
pypi,selfstrintel,25/2/23,TRUE
pypi,pycdoestyle,11/2/23,FALSE
pypi,selfinteledreplace,25/2/23,TRUE
pypi,hydraget,24/2/23,TRUE
pypi,superurl,24/2/23,TRUE
pypi,esqstringpong,25/2/23,TRUE
pypi,libpipinfoad,7/3/23,FALSE
pypi,esqcandypyvisa,27/2/23,TRUE
pypi,httplgtb,25/2/23,FALSE
pypi,toolcontrol,24/2/23,TRUE
pypi,py-libnvidiaping,26/2/23,TRUE
pypi,esqgetkill,25/2/23,TRUE
pypi,selfosintpywmask,27/2/23,TRUE
pypi,libvercvint,27/2/23,TRUE
pypi,py-candyhydrapep,27/2/23,TRUE
pypi,esqadintel,25/2/23,TRUE
pypi,pyodestyle,11/2/23,FALSE
pypi,guiconsoles,18/5/23,FALSE
pypi,hackednvidia,25/2/23,TRUE
pypi,selfinturlstudy,7/3/23,FALSE
pypi,py-studygame,25/2/23,TRUE
pypi,beautfiulsoup,11/2/23,FALSE
pypi,py-randpepgrand,27/2/23,TRUE
pypi,reequests,31/5/22,FALSE
pypi,py-ultracraft,25/2/23,TRUE
pypi,lgtbre,25/2/23,FALSE
pypi,hydrahttp,24/2/23,TRUE
pypi,selfencodeload,25/2/23,TRUE
pypi,guivisa,24/2/23,TRUE
pypi,py-cpurandom,25/2/23,TRUE
pypi,py-guiurl,25/2/23,TRUE
pypi,selfcvvirtual,25/2/23,TRUE
pypi,esqpullinfoload,27/2/23,TRUE
pypi,pandasprox,17/5/23,FALSE
pypi,selfstrcc,25/2/23,TRUE
pypi,libloadpulllib,25/2/23,TRUE
pypi,sparklog,27/3/24,FALSE
pypi,esqosintcraftram,27/2/23,TRUE
pypi,libvirtualreplacepyw,27/2/23,TRUE
pypi,websocet-client,11/2/23,FALSE
pypi,pytasler,26/9/23,TRUE
pypi,gitpythn,11/2/23,FALSE
pypi,esqstringgamere,27/2/23,TRUE
pypi,py-pipcvad,25/2/23,TRUE
pypi,py-getpepstring,27/2/23,TRUE
pypi,esqhttppaypalurl,27/2/23,TRUE
pypi,selfosintintelosint,25/2/23,TRUE
pypi,libproofproofproof,25/2/23,TRUE
pypi,libpaypalhackedlgtb,27/2/23,FALSE
pypi,selfhydrakill,25/2/23,TRUE
pypi,esqmaskintnvidia,27/2/23,TRUE
pypi,esqlgtbosint,25/2/23,FALSE
pypi,libpaypalpingnvidia,25/2/23,TRUE
pypi,selfccpyw,25/2/23,TRUE
pypi,pompt-toolkit,11/2/23,FALSE
pypi,tpstringhackedstudy,27/2/23,TRUE
pypi,yelp-cgeom1,22/11/23,FALSE
pypi,libcandycraftcontrol,26/2/23,TRUE
pypi,libcontroladed,27/2/23,TRUE
pypi,libencoderandomcpu,25/2/23,TRUE
pypi,esqrandompingad,27/2/23,TRUE
pypi,iiris-new2,10/5/23,FALSE
pypi,coloorama,10/2/23,FALSE
pypi,pycdestyle,11/2/23,FALSE
pypi,visasuper,24/2/23,TRUE
pypi,selfstrloadnvidia,25/2/23,TRUE
pypi,selfsplitrandompyw,26/2/23,TRUE
pypi,randomhttp,25/2/23,TRUE
pypi,requestts-toolbelt,11/2/23,FALSE
pypi,py-pipcandylgtb,27/2/23,FALSE
pypi,urlsplit,25/2/23,TRUE
pypi,clcik,11/2/23,FALSE
pypi,py-httpstringvirtual,25/2/23,TRUE
pypi,tpminegetintel,26/2/23,TRUE
pypi,pepcpu,24/2/23,TRUE
pypi,libhydraedstudy,27/2/23,TRUE
pypi,infocraft,24/2/23,TRUE
pypi,esqpullurlget,25/2/23,FALSE
pypi,selfpyping,25/2/23,TRUE
pypi,esqlibcpued,25/2/23,TRUE
pypi,proofgrand,25/2/23,TRUE
pypi,tppylgtbnvidia,2/3/23,FALSE
pypi,py-postrandint,25/2/23,TRUE
pypi,tkcalendarr,11/2/23,FALSE
pypi,python-binancce,10/2/23,FALSE
pypi,pycoddestyle,11/2/23,FALSE
pypi,tpgrandencodever,27/2/23,TRUE
pypi,selfstrtool,25/2/23,TRUE
pypi,py-intelget,25/2/23,TRUE
pypi,urlcc,24/2/23,TRUE
pypi,libloadencodeencode,27/2/23,TRUE
pypi,libcpumineed,25/2/23,TRUE
pypi,esqpingurl,25/2/23,TRUE
pypi,selfurlpypip,25/2/23,TRUE
pypi,tpreedpep,25/2/23,TRUE
pypi,tpvminfopep,25/2/23,TRUE
pypi,gamecv,24/2/23,TRUE
pypi,controlpyw,24/2/23,TRUE
pypi,libkillvisare,25/2/23,TRUE
pypi,selfededpy,26/2/23,TRUE
pypi,selfgrandcontroltool,25/2/23,TRUE
pypi,revisa,24/2/23,TRUE
pypi,selfpostcontrol,25/2/23,TRUE
pypi,selfhydrapong,25/2/23,TRUE
pypi,selfcvhttp,25/2/23,TRUE
pypi,intnvidia,25/2/23,TRUE
pypi,cxfreezepy,29/5/23,FALSE
pypi,tpedramver,27/2/23,TRUE
pypi,esqverinfostr,27/2/23,TRUE
pypi,osintsplit,25/2/23,TRUE
pypi,esqvmverpep,26/2/23,TRUE
pypi,tpguimine,25/2/23,TRUE
pypi,libguirandom,25/2/23,TRUE
pypi,gitpythno,11/2/23,FALSE
pypi,pywlgtb,25/2/23,FALSE
pypi,py-renvidia,25/2/23,TRUE
pypi,esqpingcvultra,25/2/23,TRUE
pypi,postgrand,24/2/23,TRUE
pypi,requeests,31/5/22,FALSE
pypi,selfencodenvidiaurl,26/2/23,TRUE
pypi,libpaypalosintvisa,25/2/23,TRUE
pypi,libgrandstring,25/2/23,TRUE
pypi,ultravirtual,24/2/23,TRUE
pypi,libmask,24/2/23,TRUE
pypi,ramload,24/2/23,TRUE
pypi,tpvervmsplit,26/2/23,TRUE
pypi,selfpingponggui,27/2/23,TRUE
pypi,tppepultra,25/2/23,TRUE
pypi,rammask,24/2/23,TRUE
pypi,libload,23/2/23,TRUE
pypi,craftencode,25/2/23,TRUE
pypi,selfminepywurl,26/2/23,TRUE
pypi,py-adintelint,27/2/23,TRUE
pypi,esqsupergame,25/2/23,TRUE
pypi,py-strcvkill,26/2/23,TRUE
pypi,py-hackedhttpstring,26/2/23,TRUE
pypi,matplotlib-req,20/5/23,FALSE
pypi,xlxwriter,11/2/23,FALSE
pypi,maskultra,24/2/23,TRUE
pypi,tpramosintpost,27/2/23,TRUE
pypi,beautifulsop,11/2/23,FALSE
pypi,esqproofrandommine,27/2/23,TRUE
pypi,py-nvidialibhttp,27/2/23,TRUE
pypi,py-infopy,25/2/23,TRUE
pypi,tpvirtualcontrolpong,25/2/23,TRUE
pypi,beautifulsopu,11/2/23,FALSE
pypi,pywpep,24/2/23,TRUE
pypi,tppushverpull,27/2/23,TRUE
pypi,py-osintvirtualgui,25/2/23,TRUE
pypi,py-maskmaskload,26/2/23,TRUE
pypi,simpllejson,11/2/23,FALSE
pypi,pyinstallr,10/2/23,FALSE
pypi,esqminead,25/2/23,TRUE
pypi,tpvirtualcontrolmc,27/2/23,TRUE
pypi,ddiscord-webhook,11/2/23,FALSE
pypi,progressar2,11/2/23,FALSE
pypi,tpgamemask,25/2/23,TRUE
pypi,frqetrade,9/2/23,FALSE
pypi,guistr,25/2/23,TRUE
pypi,tpstrintelurl,27/2/23,TRUE
pypi,tploadloadosint,26/2/23,TRUE
pypi,randgame,25/2/23,TRUE
pypi,esqguiencodestr,25/2/23,TRUE
pypi,ramultra,24/2/23,TRUE
pypi,esqrandomreplacecc,27/2/23,TRUE
pypi,crryptofeed,9/2/23,FALSE
pypi,esqmaskcraftpull,25/2/23,TRUE
pypi,py-virtualsplit,25/2/23,TRUE
pypi,infovirtual,24/2/23,TRUE
pypi,tpvirtualpullvm,27/2/23,TRUE
pypi,tppywintelgame,26/2/23,TRUE
pypi,pyproto2,30/8/22,FALSE
pypi,esqadsplit,25/2/23,TRUE
pypi,tprandomvisapost,25/2/23,TRUE
pypi,loadpost,24/2/23,TRUE
pypi,rawrequest,12/3/23,FALSE
pypi,reram,23/2/23,TRUE
pypi,ramcraft,23/2/23,TRUE
pypi,esqrepushvm,25/2/23,TRUE
pypi,cvcandy,24/2/23,TRUE
pypi,libpippy,25/2/23,TRUE
pypi,tposintadget,26/2/23,TRUE
pypi,selfintgame,25/2/23,TRUE
pypi,rampush,25/2/23,TRUE
pypi,libnvidiamcver,25/2/23,TRUE
pypi,libminevmre,26/2/23,TRUE
pypi,selfpippongpip,27/2/23,TRUE
pypi,proofcv,24/2/23,TRUE
pypi,httpcandy,23/2/23,TRUE
pypi,urlmine,23/2/23,TRUE
pypi,tpcpuedosint,26/2/23,TRUE
pypi,scikit-learrn,10/2/23,FALSE
pypi,tpreplacecraft,25/2/23,TRUE
pypi,urrllib3,11/2/23,FALSE
pypi,esqramurl,25/2/23,TRUE
pypi,selfpipguipull,25/2/23,TRUE
pypi,selfgamegui,25/2/23,TRUE
pypi,randomhydra,25/2/23,TRUE
pypi,selfpostgamemc,27/2/23,TRUE
pypi,pywre,24/2/23,TRUE
pypi,selfloadtoolcc,26/2/23,TRUE
pypi,tppykillkill,25/2/23,TRUE
pypi,selfhackedencode,25/2/23,TRUE
pypi,selfcontrolrandom,25/2/23,TRUE
pypi,tpencodepingre,27/2/23,TRUE
pypi,selfpepvirtual,25/2/23,TRUE
pypi,tpponglgtbre,26/2/23,FALSE
pypi,esqvmrampyw,25/2/23,TRUE
pypi,tprandomkillosint,25/2/23,TRUE
pypi,py-studykillproof,26/2/23,TRUE
pypi,selfvisavmgame,27/2/23,TRUE
pypi,liblibsuperad,26/2/23,TRUE
pypi,selfhydramask,25/2/23,TRUE
pypi,py-ponggrandnvidia,25/2/23,TRUE
pypi,esqintelinfo,25/2/23,TRUE
pypi,supervisa,24/2/23,TRUE
pypi,pyytorch,10/2/23,TRUE
pypi,stringintel,25/2/23,TRUE
pypi,selfvirtualhydra,25/2/23,TRUE
pypi,selfsupertoolcontrol,27/2/23,TRUE
pypi,selfencodekill,25/2/23,TRUE
pypi,esqpushget,25/2/23,TRUE
pypi,test-test-test-leys-check,9/5/23,FALSE
pypi,tpkillpywcontrol,27/2/23,TRUE
pypi,guisuper,24/2/23,TRUE
pypi,crypto-pygame,20/5/23,FALSE
pypi,toolre,23/2/23,TRUE
pypi,pnadas,10/2/23,TRUE
pypi,tplgtbcontrol,25/2/23,FALSE
pypi,tppingstring,25/2/23,TRUE
pypi,pycodestle,11/2/23,FALSE
pypi,selfverpushget,27/2/23,TRUE
pypi,prgressbar2,11/2/23,FALSE
pypi,selfencoderampost,27/2/23,TRUE
pypi,selfpypywpong,26/2/23,TRUE
pypi,getcontrol,24/2/23,TRUE
pypi,libgamevisamask,27/2/23,TRUE
pypi,simpleson,11/2/23,FALSE
pypi,rcyptocompare,9/2/23,FALSE
pypi,selfcvad,25/2/23,TRUE
pypi,selfcraftcpu,25/2/23,TRUE
pypi,selfpingcrafttool,27/2/23,TRUE
pypi,libcvgrandpep,25/2/23,TRUE
pypi,tpmaskpaypalmc,25/2/23,TRUE
pypi,tpcvadlib,12/3/23,FALSE
pypi,py-hackedgrandproof,26/2/23,TRUE
pypi,tpresplitpull,25/2/23,TRUE
pypi,py-edrandomre,25/2/23,TRUE
pypi,tpcandycontrolrand,25/2/23,TRUE
pypi,grandpost,23/2/23,TRUE
pypi,esqurlver,25/2/23,TRUE
pypi,esqurlproofpaypal,27/2/23,TRUE
pypi,selfrereplacetool,27/2/23,TRUE
pypi,selfsplitpip,25/2/23,TRUE
pypi,ascii2text,30/8/22,FALSE
pypi,libstudyencodere,25/2/23,TRUE
pypi,esqgetvisacraft,25/2/23,TRUE
pypi,selfloadcpu,25/2/23,TRUE
pypi,cpupost,23/2/23,TRUE
pypi,libhttpcvurl,25/2/23,TRUE
pypi,rogressbar2,11/2/23,FALSE
pypi,libvisaintinfo,26/2/23,TRUE
pypi,libpingstringreplace,27/2/23,TRUE
pypi,tpintinfohacked,27/2/23,TRUE
pypi,selfpongencodeintel,27/2/23,TRUE
pypi,selflgtbverhacked,27/2/23,FALSE
pypi,ycodestyle,11/2/23,FALSE
pypi,getping,25/2/23,TRUE
pypi,selfkillpushhacked,27/2/23,TRUE
pypi,pythhon-binance,10/2/23,FALSE
pypi,osintstudy,25/2/23,TRUE
pypi,libpostpullpaypal,27/2/23,TRUE
pypi,toolpost,23/2/23,TRUE
pypi,selfhackedintload,25/2/23,TRUE
pypi,sys-scikit-learn,20/5/23,FALSE
pypi,matlpotlib,10/2/23,FALSE
pypi,tesnorflow,10/2/23,FALSE
pypi,libguistrpost,25/2/23,TRUE
pypi,ramkill,25/2/23,TRUE
pypi,guicc,24/2/23,TRUE
pypi,esqsupervirtualpy,25/2/23,TRUE
pypi,librandomstudy,25/2/23,TRUE
pypi,selfcckillad,26/2/23,TRUE
pypi,seelnium,10/2/23,FALSE
pypi,libvirtualpystr,27/2/23,TRUE
pypi,pssutil,11/2/23,FALSE
pypi,libinfo,23/2/23,TRUE
pypi,esqstringgetlgtb,25/2/23,FALSE
pypi,pyinstallre,10/2/23,FALSE
pypi,selfkillhydraping,25/2/23,TRUE
pypi,tpcpuramhttp,27/2/23,TRUE
pypi,raminfo,23/2/23,TRUE
pypi,urlreplace,25/2/23,TRUE
pypi,tpcontrollib,25/2/23,TRUE
pypi,tphackedgrandkill,25/2/23,TRUE
pypi,esqosintvmpull,25/2/23,TRUE
pypi,guicontrol,24/2/23,TRUE
pypi,pingkill,25/2/23,TRUE
pypi,libstringcandy,25/2/23,TRUE
pypi,lalalaopti,6/6/23,TRUE
pypi,py-controlcraftstr,25/2/23,TRUE
pypi,py-studytoolping,27/2/23,TRUE
pypi,infovm,24/2/23,TRUE
pypi,esqlibpushload,25/2/23,TRUE
pypi,postpep,24/2/23,TRUE
pypi,py-tooladcraft,27/2/23,TRUE
pypi,libultralib,25/2/23,TRUE
pypi,esqvisapyw,25/2/23,TRUE
pypi,tpgamepip,25/2/23,TRUE
pypi,libloadpushvirtual,27/2/23,TRUE
pypi,py-proofrandomcandy,27/2/23,TRUE
pypi,esqintelpush,25/2/23,TRUE
pypi,py-getcandy,25/2/23,TRUE
pypi,pcyodestyle,11/2/23,FALSE
pypi,tpsplitrandcv,27/2/23,TRUE
pypi,py-vercraftget,26/2/23,TRUE
pypi,selfminehydravisa,27/2/23,TRUE
pypi,libhackedhackedgui,27/2/23,TRUE
pypi,esqnvidiasplit,25/2/23,TRUE
pypi,esqstudyinfocc,25/2/23,TRUE
pypi,libvirtuallgtbrand,27/2/23,FALSE
pypi,py-supervisa,25/2/23,TRUE
pypi,py-reguipong,27/2/23,TRUE
pypi,esqguistudy,25/2/23,TRUE
pypi,esqgamemineping,27/2/23,TRUE
pypi,masknvidia,25/2/23,TRUE
pypi,cpucraft,23/2/23,TRUE
pypi,esqgrandpip,25/2/23,TRUE
pypi,libintelkillinfo,26/2/23,TRUE
pypi,py-nvidiagranded,25/2/23,TRUE
pypi,tpcpuadpaypal,25/2/23,TRUE
pypi,guiram,24/2/23,TRUE
pypi,tppinghackedpaypal,3/3/23,TRUE
pypi,libguiposthacked,27/2/23,TRUE
pypi,esqpeppull,25/2/23,TRUE
pypi,advirtual,24/2/23,TRUE
pypi,tphttppipstring,25/2/23,TRUE
pypi,ccpep,24/2/23,TRUE
pypi,libcontrolultrakill,27/2/23,TRUE
pypi,pushvm,25/2/23,TRUE
pypi,tpcvultra,25/2/23,TRUE
pypi,selfinfolibtool,27/2/23,TRUE
pypi,esqsplitgrandvisa,27/2/23,TRUE
pypi,selfrandompipencode,25/2/23,TRUE
pypi,libcc,24/2/23,TRUE
pypi,cxct,9/2/23,TRUE
pypi,selfintcontrol,25/2/23,TRUE
pypi,liburlcandylgtb,25/2/23,FALSE
pypi,requsts-toolbelt,11/2/23,FALSE
pypi,esqnvidiapaypalmask,27/2/23,TRUE
pypi,studystr,25/2/23,TRUE
pypi,libcontrolstr,25/2/23,TRUE
pypi,minemc,24/2/23,TRUE
pypi,beautifusoup,11/2/23,FALSE
pypi,visagame,24/2/23,TRUE
pypi,selfstrpyw,25/2/23,TRUE
pypi,esqsplitmaskpy,3/3/23,TRUE
pypi,getram,23/2/23,TRUE
pypi,tucan-x,25/4/23,FALSE
pypi,esqtoolpoststr,26/2/23,TRUE
pypi,selfpingcc,25/2/23,TRUE
pypi,proofpong,25/2/23,TRUE
pypi,selfstringcandycv,25/2/23,TRUE
pypi,toolram,24/2/23,TRUE
pypi,tppyproof,25/2/23,TRUE
pypi,libpaypalcontrolultra,27/2/23,TRUE
pypi,diiscord-py,11/2/23,FALSE
pypi,edhttp,25/2/23,TRUE
pypi,tkcalenadr,11/2/23,FALSE
pypi,candylib,23/2/23,TRUE
pypi,py-lgtbencode,25/2/23,FALSE
pypi,esqnvidiapywpip,27/2/23,TRUE
pypi,tploadintvm,25/2/23,TRUE
pypi,fretqrade,9/2/23,FALSE
pypi,tpgrandvmpaypal,27/2/23,TRUE
pypi,ramram,23/2/23,TRUE
pypi,libpaypalmc,25/2/23,TRUE
pypi,libkillstring,25/2/23,TRUE
pypi,tpstrstrram,27/2/23,TRUE
pypi,gitpythhon,11/2/23,FALSE
pypi,esqmineultramask,25/2/23,TRUE
pypi,guicv,24/2/23,TRUE
pypi,selfregamelgtb,25/2/23,FALSE
pypi,minepep,24/2/23,TRUE
pypi,librere,25/2/23,TRUE
pypi,poc-nvk,4/10/23,FALSE
pypi,selfgetinthydra,25/2/23,TRUE
pypi,py-randomlibpong,27/2/23,TRUE
pypi,esqcvnvidiapush,27/2/23,TRUE
pypi,py-ultralib,25/2/23,TRUE
pypi,libvirtualnvidiamask,27/2/23,TRUE
pypi,tpedcpulib,27/2/23,TRUE
pypi,selfkillpullpaypal,25/2/23,TRUE
pypi,esqlgtbguistr,27/2/23,FALSE
pypi,reequests-toolbelt,11/2/23,FALSE
pypi,selfgrandpongcraft,27/2/23,TRUE
pypi,webssockets,9/2/23,FALSE
pypi,alibabacloud-oss2,13/10/23,TRUE
pypi,tpcandypong,25/2/23,TRUE
pypi,hydravirtual,24/2/23,TRUE
pypi,py-libedvm,25/2/23,TRUE
pypi,libpyminelib,26/2/23,TRUE
pypi,minepaypal,25/2/23,TRUE
pypi,esqtoolreplacepep,25/2/23,TRUE
pypi,esqrecandy,25/2/23,TRUE
pypi,liburlsuperpost,25/2/23,TRUE
pypi,py-osintpyw,25/2/23,TRUE
pypi,sselenium,10/2/23,FALSE
pypi,py-cvvisacpu,25/2/23,TRUE
pypi,ccx,9/2/23,TRUE
pypi,libinfore,25/2/23,TRUE
pypi,libtpu-nightly,3/5/23,FALSE
pypi,virtualstudy,25/2/23,TRUE
pypi,seleniuum,10/2/23,FALSE
pypi,selfproofstudyrand,7/3/23,FALSE
pypi,replacestr,25/2/23,TRUE
pypi,esqultraosintlgtb,25/2/23,FALSE
pypi,ccver,25/2/23,TRUE
pypi,tpstrgethydra,26/2/23,TRUE
pypi,liburlinfogrand,25/2/23,TRUE
pypi,libhttpliburl,25/2/23,TRUE
pypi,esqmaskcpustring,27/2/23,TRUE
pypi,esqcvstudycraft,25/2/23,TRUE
pypi,selfpywreplacecandy,25/2/23,TRUE
pypi,selfcvinfoad,8/3/23,FALSE
pypi,esqpostpyencode,27/2/23,TRUE
pypi,install-pyyaml,20/5/23,FALSE
pypi,vmvm,23/2/23,TRUE
pypi,py-vmstudy,25/2/23,TRUE
pypi,liblibintgame,25/2/23,TRUE
pypi,py-encodepushsuper,27/2/23,TRUE
pypi,py-pongnvidia,25/2/23,TRUE
pypi,libadurlcraft,25/2/23,TRUE
pypi,selfguirandomultra,27/2/23,TRUE
pypi,esqrandpippush,27/2/23,TRUE
pypi,selfintvisa,25/2/23,TRUE
pypi,tposinthydrapip,27/2/23,TRUE
pypi,esqcraftvisaproof,26/2/23,TRUE
pypi,pygmae,10/2/23,FALSE
pypi,hackedtool,25/2/23,TRUE
pypi,supergame,24/2/23,TRUE
pypi,selfpipvisaload,27/2/23,TRUE
pypi,tplgtbpull,25/2/23,FALSE
pypi,esqhydraramhydra,27/2/23,TRUE
pypi,selfrandomcandypy,26/2/23,TRUE
pypi,scikiit-learn,10/2/23,FALSE
pypi,tphttprand,25/2/23,TRUE
pypi,matpllotlib,10/2/23,FALSE
pypi,matplottlib,10/2/23,FALSE
pypi,librandloadver,25/2/23,TRUE
pypi,py-pingintelosint,26/2/23,TRUE
pypi,pywolle,19/5/23,TRUE
pypi,esqedhydraed,25/2/23,TRUE
pypi,esqinfocctool,27/2/23,TRUE
pypi,selfadencode,25/2/23,TRUE
pypi,esqgameinfo,25/2/23,TRUE
pypi,tpreplacevirtual,25/2/23,TRUE
pypi,libsplitpush,25/2/23,TRUE
pypi,getsuper,24/2/23,TRUE
pypi,libverpipnvidia,25/2/23,TRUE
pypi,websocket-clieent,11/2/23,FALSE
pypi,pysockss,11/2/23,FALSE
pypi,py-visaver,25/2/23,TRUE
pypi,libreplaceguipush,25/2/23,TRUE
pypi,esqreplacerandom,25/2/23,TRUE
pypi,libhydrapongstudy,25/2/23,TRUE
pypi,tpstringlgtbintel,27/2/23,FALSE
pypi,tppylgtbreplace,26/2/23,FALSE
pypi,selfpushmcsplit,25/2/23,TRUE
pypi,cccandy,24/2/23,TRUE
pypi,libstringsplithttp,27/2/23,TRUE
pypi,libpepcclib,27/2/23,TRUE
pypi,esqencodemineinfo,27/2/23,TRUE
pypi,verpy,25/2/23,TRUE
pypi,mcram,23/2/23,TRUE
pypi,tppushstudylgtb,25/2/23,FALSE
pypi,hydraurl,24/2/23,TRUE
pypi,superget,23/2/23,TRUE
pypi,tpsplitpystudy,25/2/23,TRUE
pypi,gamepyw,23/2/23,TRUE
pypi,bitocinlib,9/2/23,FALSE
pypi,py-osintvisa,25/2/23,TRUE
pypi,esqpysuperinfo,25/2/23,TRUE
pypi,libcraftsuperre,27/2/23,TRUE
pypi,libvmproofcc,25/2/23,TRUE
pypi,esqmctoolintel,25/2/23,TRUE
pypi,esqpullkillsplit,27/2/23,TRUE
pypi,selfkillpinghydra,27/2/23,TRUE
pypi,esqedgrandpull,25/2/23,TRUE
pypi,tploadpep,25/2/23,TRUE
pypi,libkillpushpost,27/2/23,TRUE
pypi,py-pywreplace,25/2/23,TRUE
pypi,visavisa,24/2/23,TRUE
pypi,selfpingpush,25/2/23,TRUE
pypi,py-strramgui,27/2/23,TRUE
pypi,libhttpintelstr,25/2/23,TRUE
pypi,tkcalenddar,11/2/23,FALSE
pypi,encodecpu,25/2/23,TRUE
pypi,esqurladver,25/2/23,TRUE
pypi,py-virtualcontrolgame,27/2/23,TRUE
pypi,libedencodemine,27/2/23,TRUE
pypi,selfccvmosint,27/2/23,TRUE
pypi,esqrandver,25/2/23,TRUE
pypi,clickk,11/2/23,FALSE
pypi,py-intelpingvm,3/3/23,TRUE
pypi,selfguiurlpush,8/3/23,FALSE
pypi,discord-ppy,11/2/23,FALSE
pypi,ebsockets,9/2/23,FALSE
pypi,esqintelpipstudy,27/2/23,TRUE
pypi,tphackedreosint,25/2/23,TRUE
pypi,tpccpinghacked,3/3/23,TRUE
pypi,py-intverpyw,27/2/23,TRUE
pypi,craftcpu,24/2/23,TRUE
pypi,tpencodevmrandom,25/2/23,TRUE
pypi,regrand,23/2/23,TRUE
pypi,admc,23/2/23,TRUE
pypi,libpullvisapy,27/2/23,TRUE
pypi,selfpingponggame,27/2/23,TRUE
pypi,libgamevisa,25/2/23,TRUE
pypi,tpintloadpep,25/2/23,TRUE
pypi,selfmcmaskintel,25/2/23,TRUE
pypi,ultraultra,23/2/23,TRUE
pypi,esqinfoedpush,25/2/23,TRUE
pypi,pyocks,11/2/23,FALSE
pypi,selfhttppy,25/2/23,TRUE
pypi,vmpyw,24/2/23,TRUE
pypi,pushmask,25/2/23,TRUE
pypi,selfstrultrapush,27/2/23,TRUE
pypi,esqreplacemaskcraft,25/2/23,TRUE
pypi,pepmc,24/2/23,TRUE
pypi,proofinfo,24/2/23,TRUE
pypi,ultrainfo,23/2/23,TRUE
pypi,aiohhttp,10/2/23,FALSE
pypi,tpcandykill,25/2/23,TRUE
pypi,toolcandy,24/2/23,TRUE
pypi,tpvirtualhttp,25/2/23,TRUE
pypi,pandaas,10/2/23,FALSE
pypi,tpultraintelcontrol,27/2/23,TRUE
pypi,esqgeturl,25/2/23,TRUE
pypi,tpcontrolpipint,25/2/23,TRUE
pypi,tpramhydracpu,26/2/23,TRUE
pypi,urlhttp,23/2/23,TRUE
pypi,infopost,23/2/23,TRUE
pypi,libcvpippep,27/2/23,TRUE
pypi,libvirtualpull,25/2/23,TRUE
pypi,cpuvirtual,24/2/23,TRUE
pypi,alibabacloud-vpc20180317,1/9/23,TRUE
pypi,libmcrandompep,25/2/23,TRUE
pypi,selfpaypalpywgame,25/2/23,TRUE
pypi,py-proofpong,25/2/23,TRUE
pypi,adram,24/2/23,TRUE
pypi,freqtarde,9/2/23,FALSE
pypi,libpinggetcc,25/2/23,TRUE
pypi,selfguigameurl,25/2/23,TRUE
pypi,selfencodepywget,27/2/23,TRUE
pypi,gamead,23/2/23,TRUE
pypi,superinfo,23/2/23,TRUE
pypi,py-virtualcontrolpong,25/2/23,TRUE
pypi,soalna,9/2/23,FALSE
pypi,esqgamereplacetool,27/2/23,TRUE
pypi,tpcvmcpy,27/2/23,TRUE
pypi,esqpaypalvmget,25/2/23,TRUE
pypi,py-virtualpaypalcraft,25/2/23,TRUE
pypi,craftvm,23/2/23,TRUE
pypi,vmgui,23/2/23,TRUE
pypi,scikitt-learn,10/2/23,FALSE
pypi,pepcontrol,24/2/23,TRUE
pypi,cvstudy,25/2/23,TRUE
pypi,selfnvidiareplaceload,26/2/23,TRUE
pypi,py-urlcandypy,27/2/23,TRUE
pypi,libosintguiram,26/2/23,TRUE
pypi,pyultra,23/2/23,TRUE
pypi,guimask,24/2/23,TRUE
pypi,crpytofeed,9/2/23,FALSE
pypi,esqtoolmaskver,25/2/23,TRUE
pypi,selfpippyreplace,26/2/23,TRUE
pypi,killrand,25/2/23,TRUE
pypi,kcalendar,11/2/23,FALSE
pypi,toolproof,24/2/23,TRUE
pypi,urlcandy,23/2/23,TRUE
pypi,pyinstalleer,10/2/23,TRUE
pypi,py-killkillvirtual,27/2/23,TRUE
pypi,esqvmguigui,25/2/23,TRUE
pypi,libpulledping,27/2/23,TRUE
pypi,tppeppostreplace,27/2/23,TRUE
pypi,pipcc,24/2/23,TRUE
pypi,requests-toolbel,11/2/23,FALSE
pypi,tpvirtualintelmask,27/2/23,TRUE
pypi,librandomguitool,25/2/23,TRUE
pypi,py-pepnvidiastr,27/2/23,TRUE
pypi,py-hydracraft,25/2/23,TRUE
pypi,virtualre,24/2/23,TRUE
pypi,openpyx,11/2/23,FALSE
pypi,py-loadlibgrand,27/2/23,TRUE
pypi,tppostpaypal,25/2/23,TRUE
pypi,loadcpu,23/2/23,TRUE
pypi,propmt-toolkit,11/2/23,FALSE
pypi,libguiinfosuper,27/2/23,TRUE
pypi,py-minepipram,26/2/23,TRUE
pypi,esqinfokillinfo,27/2/23,TRUE
pypi,pytorrch,10/2/23,FALSE
pypi,libcraftsplitint,25/2/23,TRUE
pypi,tpgamelibhacked,27/2/23,TRUE
pypi,tpintelre,25/2/23,TRUE
pypi,liblgtbpostpaypal,26/2/23,FALSE
pypi,tpcpuintcpu,25/2/23,TRUE
pypi,selfvmpaypal,25/2/23,TRUE
pypi,syns-knox-xss-allwhere,13/8/23,FALSE
pypi,libgrandint,25/2/23,TRUE
pypi,tppipproofstudy,25/2/23,TRUE
pypi,tpgameurl,25/2/23,TRUE
pypi,yfinanec,9/2/23,FALSE
pypi,bobikssf,12/8/23,FALSE
pypi,esqcpupullad,27/2/23,TRUE
pypi,ccpost,24/2/23,TRUE
pypi,esqgamehackedmine,25/2/23,TRUE
pypi,gamecraft,24/2/23,TRUE
pypi,selfhttpstring,25/2/23,TRUE
pypi,tplibintstr,27/2/23,TRUE
pypi,selfgetminecandy,27/2/23,TRUE
pypi,controlmask,24/2/23,TRUE
pypi,selfnvidiarelib,25/2/23,TRUE
pypi,py-ultraproofintel,27/2/23,TRUE
pypi,controlload,24/2/23,TRUE
pypi,esqinfopongping,25/2/23,TRUE
pypi,tpstringmask,25/2/23,TRUE
pypi,selfmaskgamepull,27/2/23,TRUE
pypi,selframintelosint,27/2/23,TRUE
pypi,py-strvirtual,25/2/23,TRUE
pypi,esqminecv,25/2/23,TRUE
pypi,python-binnce,10/2/23,FALSE
pypi,py-paypalstrcpu,27/2/23,TRUE
pypi,libreplacegrandencode,27/2/23,TRUE
pypi,tppypiplgtb,26/2/23,FALSE
pypi,pprompt-toolkit,11/2/23,FALSE
pypi,esqreplacepaypalstr,25/2/23,TRUE
pypi,selfpongpull,25/2/23,TRUE
pypi,tpcontrolhttpcv,25/2/23,TRUE
pypi,beautifulsoup-numpy,20/5/23,FALSE
pypi,libpullstring,25/2/23,TRUE
pypi,libnvidiagrand,25/2/23,TRUE
pypi,requuests-toolbelt,11/2/23,FALSE
pypi,crytocompare,9/2/23,FALSE
pypi,websockeets,9/2/23,FALSE
pypi,selfsplitpushcraft,25/2/23,TRUE
pypi,selfpullsplitcraft,26/2/23,TRUE
pypi,selfgamemcnvidia,25/2/23,TRUE
pypi,selfcandyed,25/2/23,TRUE
pypi,selfproofpullsplit,25/2/23,TRUE
pypi,libinfoget,25/2/23,TRUE
pypi,esqposthackedver,27/2/23,TRUE
pypi,ppsutil,11/2/23,FALSE
pypi,tpultravmpy,26/2/23,TRUE
pypi,webbsockets,9/2/23,FALSE
pypi,py-vmcontrolgrand,25/2/23,TRUE
pypi,esqpymcpy,26/2/23,TRUE
pypi,libhttphydraget,25/2/23,TRUE
pypi,py-loadmcvisa,25/2/23,TRUE
pypi,beautiflusoup,11/2/23,FALSE
pypi,py-killnvidia,25/2/23,TRUE
pypi,yfiannce,9/2/23,FALSE
pypi,esqmineosintpip,27/2/23,TRUE
pypi,tppaypalproofre,27/2/23,TRUE
pypi,libhackedcv,25/2/23,TRUE
pypi,ultragame,24/2/23,TRUE
pypi,selfhackedmaskram,25/2/23,TRUE
pypi,lgtbpost,25/2/23,FALSE
pypi,pingvisa,25/2/23,TRUE
pypi,selfmcinfo,25/2/23,TRUE
pypi,studyver,25/2/23,TRUE
pypi,ponghydra,25/2/23,TRUE
pypi,esqpephydrapaypal,26/2/23,TRUE
pypi,libcontrolrehydra,27/2/23,TRUE
pypi,freqttrade,9/2/23,FALSE
pypi,httpvm,24/2/23,TRUE
pypi,libadpepre,25/2/23,TRUE
pypi,tprandompullpull,27/2/23,TRUE
pypi,esqpostosintpush,25/2/23,TRUE
pypi,selfvisapullcv,25/2/23,TRUE
pypi,librandstringpull,27/2/23,TRUE
pypi,tpcvcontrol,25/2/23,TRUE
pypi,esqpostloadping,27/2/23,TRUE
pypi,adgrand,23/2/23,TRUE
pypi,sagemakertransformers,5/5/23,FALSE
pypi,py-candyultra,25/2/23,TRUE
pypi,tphackedsplitcraft,25/2/23,TRUE
pypi,libpyhttplgtb,27/2/23,FALSE
pypi,randomsplit,25/2/23,TRUE
pypi,libvisa,24/2/23,TRUE
pypi,resuper,24/2/23,TRUE
pypi,tphttplgtbrandom,27/2/23,FALSE
pypi,ramvisa,24/2/23,TRUE
pypi,tpminepaypal,25/2/23,TRUE
pypi,discod-webhook,11/2/23,FALSE
pypi,esqvmpongstring,25/2/23,TRUE
pypi,py-pullencode,25/2/23,TRUE
pypi,esqhttpvisaed,25/2/23,TRUE
pypi,selfgethydrareplace,27/2/23,TRUE
pypi,randget,25/2/23,TRUE
pypi,esqintelrevirtual,27/2/23,TRUE
pypi,gametool,24/2/23,TRUE
pypi,cryptfoeed,9/2/23,FALSE
pypi,rammc,23/2/23,TRUE
pypi,mchydra,25/2/23,TRUE
pypi,tppullcpupull,27/2/23,TRUE
pypi,remask,24/2/23,TRUE
pypi,xlsxwritter,11/2/23,FALSE
pypi,tpencodecpupong,25/2/23,TRUE
pypi,esqgameramreplace,25/2/23,TRUE
pypi,esqpingpingcontrol,3/3/23,TRUE
pypi,selfpyosinthacked,26/2/23,TRUE
pypi,cvmc,24/2/23,TRUE
pypi,py-hydrapypush,26/2/23,TRUE
pypi,pyisntaller,10/2/23,FALSE
pypi,sipmlejson,11/2/23,FALSE
pypi,tpprooftool,25/2/23,TRUE
pypi,py-visatoolstring,27/2/23,TRUE
pypi,selfhttpcvstr,25/2/23,TRUE
pypi,selfhackedrepong,27/2/23,TRUE
pypi,libhackedkillcontrol,27/2/23,TRUE
pypi,selflibkill,25/2/23,TRUE
pypi,websocket-clien,11/2/23,FALSE
pypi,esqpushstudy,25/2/23,TRUE
pypi,esqpaypalrandomhydra,25/2/23,TRUE
pypi,selfgrandgametool,26/2/23,TRUE
pypi,esqstrpushsplit,26/2/23,TRUE
pypi,esqinfohackednvidia,26/2/23,TRUE
pypi,esqramtool,25/2/23,TRUE
pypi,selfloadedpy,26/2/23,TRUE
pypi,py-ultrastringget,25/2/23,TRUE
pypi,libloadurlrand,27/2/23,TRUE
pypi,selfultracpu,25/2/23,TRUE
pypi,esqcvccre,25/2/23,TRUE
pypi,infopaypal,25/2/23,TRUE
pypi,equests,31/5/22,FALSE
pypi,selfpullpywcandy,25/2/23,TRUE
pypi,py-paypalintellgtb,26/2/23,FALSE
pypi,gamestring,25/2/23,TRUE
pypi,tppywcraftcontrol,25/2/23,TRUE
pypi,getgrand,23/2/23,TRUE
pypi,candytool,23/2/23,TRUE
pypi,esqpywencode,25/2/23,TRUE
pypi,cpulib,24/2/23,TRUE
pypi,py-osintgui,25/2/23,TRUE
pypi,py-intcputool,26/2/23,TRUE
pypi,libgetvmed,25/2/23,TRUE
pypi,websocketss,9/2/23,FALSE
pypi,libmcpywcontrol,26/2/23,TRUE
pypi,esqcvinfoed,26/2/23,TRUE
pypi,libgetpystring,25/2/23,TRUE
pypi,py-getsplitvisa,25/2/23,TRUE
pypi,selfpingvisa,25/2/23,TRUE
pypi,visapush,25/2/23,TRUE
pypi,pystallerer,22/9/23,TRUE
pypi,selfguivirtualkill,25/2/23,TRUE
pypi,py-cvcrafturl,27/2/23,TRUE
pypi,py-toolpongram,27/2/23,TRUE
pypi,controllib,24/2/23,TRUE
pypi,selfpiplibver,25/2/23,TRUE
pypi,weebsocket-client,11/2/23,FALSE
pypi,libpullcandy,25/2/23,TRUE
pypi,beautifuloup,11/2/23,FALSE
pypi,libkillsplit,25/2/23,TRUE
pypi,libgetstudy,25/2/23,TRUE
pypi,py-gamemcultra,25/2/23,TRUE
pypi,py-pywvisakill,27/2/23,TRUE
pypi,esqgrandhttpreplace,27/2/23,TRUE
pypi,beauifulsoup,11/2/23,FALSE
pypi,selfencodetoolgui,25/2/23,TRUE
pypi,selfgameintel,25/2/23,TRUE
pypi,grandvm,23/2/23,TRUE
pypi,scikit-learn-matplotlib,20/5/23,FALSE
pypi,selfpostver,25/2/23,TRUE
pypi,prompt-tookit,11/2/23,FALSE
pypi,webscokets,9/2/23,FALSE
pypi,tpmcverhacked,27/2/23,TRUE
pypi,py-strrandomgame,25/2/23,TRUE
pypi,reqquests-toolbelt,11/2/23,FALSE
pypi,selfpushstr,25/2/23,TRUE
pypi,gitpthon,11/2/23,FALSE
pypi,tpmcencode,25/2/23,TRUE
pypi,py-paypalvirtualcv,26/2/23,TRUE
pypi,libgrandmask,25/2/23,TRUE
pypi,py-getcrafttool,25/2/23,TRUE
pypi,liburlosintstudy,27/2/23,TRUE
pypi,libcpustrmask,27/2/23,TRUE
pypi,selfpullstringtool,26/2/23,TRUE
pypi,beeautifulsoup4,10/2/23,FALSE
pypi,newpackagetest2027,25/12/23,FALSE
pypi,tpadtool,25/2/23,TRUE
pypi,superad,23/2/23,TRUE
pypi,infocpu,23/2/23,TRUE
pypi,xlssxwriter,11/2/23,FALSE
pypi,selfgametool,25/2/23,TRUE
pypi,libintproofpush,27/2/23,TRUE
pypi,tploadcc,25/2/23,TRUE
pypi,py-grandnvidiagrand,27/2/23,TRUE
pypi,tpcontrolloadget,25/2/23,TRUE
pypi,tensorfllow,10/2/23,FALSE
pypi,libcontrolultrastudy,25/2/23,TRUE
pypi,py-candyreplace,25/2/23,TRUE
pypi,tpvisapostping,25/2/23,TRUE
pypi,cryptoeed,9/2/23,FALSE
pypi,py-strrandom,25/2/23,TRUE
pypi,selfgeturl,25/2/23,TRUE
pypi,selfencodegame,25/2/23,TRUE
pypi,scikt-learn,10/2/23,FALSE
pypi,libnvidiaencodehacked,25/2/23,TRUE
pypi,py-toolvisavisa,27/2/23,TRUE
pypi,esqguipostpost,26/2/23,TRUE
pypi,vmcraft,24/2/23,TRUE
pypi,selfstrad,25/2/23,TRUE
pypi,py-stringrandkill,27/2/23,TRUE
pypi,selftoolram,25/2/23,TRUE
pypi,guigrand,23/2/23,TRUE
pypi,esqposthttpstudy,25/2/23,TRUE
pypi,pywram,23/2/23,TRUE
pypi,osintinfo,25/2/23,TRUE
pypi,esqmcgame,25/2/23,TRUE
pypi,tpnvidiapephttp,27/2/23,TRUE
pypi,selfsuperultra,25/2/23,TRUE
pypi,py-killlib,25/2/23,TRUE
pypi,esqguipeppaypal,25/2/23,TRUE
pypi,tpproofpushkill,25/2/23,TRUE
pypi,selfnvidiapynvidia,25/2/23,TRUE
pypi,matplootlib,10/2/23,FALSE
pypi,tpencodeosinted,27/2/23,TRUE
pypi,esqintloadping,27/2/23,TRUE
pypi,selfgetgrand,25/2/23,TRUE
pypi,selfpoststringvm,26/2/23,TRUE
pypi,tphackedrandhydra,26/2/23,TRUE
pypi,peppost,24/2/23,TRUE
pypi,libvmrandom,25/2/23,TRUE
pypi,selfintpaypalrandom,25/2/23,TRUE
pypi,libadstringstudy,25/2/23,TRUE
pypi,aws-consoler2,12/9/23,TRUE
pypi,pyton-binance,10/2/23,FALSE
pypi,esqinthydrapost,27/2/23,TRUE
pypi,selftoolguihttp,27/2/23,TRUE
pypi,libstudytoolosint,26/2/23,TRUE
pypi,tprecpu,25/2/23,TRUE
pypi,py-prooflibhydra,26/2/23,TRUE
pypi,libreplacerandom,25/2/23,TRUE
pypi,esqpaypallgtbint,27/2/23,FALSE
pypi,tpinfokillpull,25/2/23,TRUE
pypi,minemask,24/2/23,TRUE
pypi,py-visapongmask,27/2/23,TRUE
pypi,vyer,9/2/23,FALSE
pypi,esqinttool,25/2/23,TRUE
pypi,mineload,24/2/23,TRUE
pypi,py-mcloadpaypal,25/2/23,TRUE
pypi,visakill,25/2/23,TRUE
pypi,py-infopaypal,25/2/23,TRUE
pypi,loadre,23/2/23,TRUE
pypi,cvpyw,24/2/23,TRUE
pypi,beautifulssoup4,10/2/23,FALSE
pypi,osintpong,25/2/23,TRUE
pypi,studyload,25/2/23,TRUE
pypi,selfencodecandy,25/2/23,TRUE
pypi,urlad,23/2/23,TRUE
pypi,rpogressbar2,11/2/23,FALSE
pypi,scikit-leearn,10/2/23,FALSE
pypi,py-nvidiaproofnvidia,27/2/23,TRUE
pypi,libmaskvirtual,25/2/23,TRUE
pypi,prmpt-toolkit,11/2/23,FALSE
pypi,esqpongpysuper,25/2/23,TRUE
pypi,visainfo,24/2/23,TRUE
pypi,edpull,25/2/23,TRUE
pypi,beutifulsoup4,10/2/23,FALSE
pypi,selfreplacesplit,25/2/23,TRUE
pypi,esqkillram,25/2/23,TRUE
pypi,libramloadgame,27/2/23,TRUE
pypi,selfrandomintosint,27/2/23,TRUE
pypi,selfurlhttp,25/2/23,TRUE
pypi,tpsplitpushpush,27/2/23,TRUE
pypi,cpupy,24/2/23,TRUE
pypi,librehackedpull,27/2/23,TRUE
pypi,selfhydravmpaypal,25/2/23,TRUE
pypi,proofpyw,24/2/23,TRUE
pypi,esqencodegameproof,27/2/23,TRUE
pypi,py-urlram,25/2/23,TRUE
pypi,py-libloadcandy,27/2/23,TRUE
pypi,esqedkillpush,25/2/23,TRUE
pypi,libsplitrandomencode,27/2/23,TRUE
pypi,py-craftlib,25/2/23,TRUE
pypi,tpminemaskpip,27/2/23,TRUE
pypi,selfvisacpuhydra,27/2/23,TRUE
pypi,pipcv,24/2/23,TRUE
pypi,promt-toolkit,11/2/23,FALSE
pypi,py-pingadkill,25/2/23,TRUE
pypi,tphackedgamehacked,25/2/23,TRUE
pypi,py-killstudygame,26/2/23,TRUE
pypi,esqlgtbvm,25/2/23,FALSE
pypi,esqhttpreplace,25/2/23,TRUE
pypi,esqpysplitrand,25/2/23,TRUE
pypi,selfcvurlload,25/2/23,TRUE
pypi,strrandom,25/2/23,TRUE
pypi,selfgamesplit,25/2/23,TRUE
pypi,urllgtb,25/2/23,FALSE
pypi,selfosinturlre,26/2/23,TRUE
pypi,py-nvidiaverhacked,25/2/23,TRUE
pypi,bitcoinli,9/2/23,FALSE
pypi,selfultravirtual,25/2/23,TRUE
pypi,esqinthackednvidia,27/2/23,TRUE
pypi,candyultra,23/2/23,TRUE
pypi,grandram,24/2/23,TRUE
pypi,tppostsplit,25/2/23,TRUE
pypi,beautifulsouup4,10/2/23,FALSE
pypi,esqosintloadvm,27/2/23,TRUE
pypi,tpmaskpepvm,25/2/23,TRUE
pypi,librandomcontrol,25/2/23,TRUE
pypi,py-lgtbreplacemc,25/2/23,FALSE
pypi,httpproof,24/2/23,TRUE
pypi,beautiflsoup4,10/2/23,FALSE
pypi,selfvmcraftpush,26/2/23,TRUE
pypi,pyalicet,2/3/24,FALSE
pypi,yfinace,9/2/23,FALSE
pypi,tpmineedcv,27/2/23,TRUE
pypi,tpsupercandypong,25/2/23,TRUE
pypi,selfvirtualinfoencode,26/2/23,TRUE
pypi,pushsplit,25/2/23,TRUE
pypi,solanna,9/2/23,FALSE
pypi,selfinfocandy,25/2/23,TRUE
pypi,py-pullpy,25/2/23,TRUE
pypi,selfvmcontrol,25/2/23,TRUE
pypi,esqmaskcontrolgrand,26/2/23,TRUE
pypi,libkillstringreplace,25/2/23,TRUE
pypi,libguipaypalnvidia,27/2/23,TRUE
pypi,tprandping,25/2/23,TRUE
pypi,discomusic,18/11/23,FALSE
pypi,toolstudy,25/2/23,TRUE
pypi,mcvm,23/2/23,TRUE
pypi,disccord-webhook,11/2/23,FALSE
pypi,py-pynvidiasplit,27/2/23,TRUE
pypi,simplesjon,11/2/23,FALSE
pypi,disocrd-webhook,11/2/23,FALSE
pypi,libgame,23/2/23,TRUE
pypi,tpvisaram,25/2/23,TRUE
pypi,tkcalnedar,11/2/23,FALSE
pypi,ramgame,23/2/23,TRUE
pypi,esqmineget,25/2/23,TRUE
pypi,erquests-toolbelt,11/2/23,FALSE
pypi,tpsplitram,25/2/23,TRUE
pypi,libgameinfo,25/2/23,TRUE
pypi,esqpullrandomsplit,25/2/23,TRUE
pypi,tppaypaledkill,26/2/23,TRUE
pypi,randpush,25/2/23,TRUE
pypi,selftoolinfover,27/2/23,TRUE
pypi,libcandyosint,25/2/23,TRUE
pypi,supervirtual,24/2/23,TRUE
pypi,tpinfostrpost,25/2/23,TRUE
pypi,hackedping,25/2/23,TRUE
pypi,selfinfostrpyw,25/2/23,TRUE
pypi,dscord-webhook,11/2/23,FALSE
pypi,libpipcraftload,25/2/23,TRUE
pypi,selfrandomgui,25/2/23,TRUE
pypi,tprandomloadpaypal,25/2/23,TRUE
pypi,ultramc,23/2/23,TRUE
pypi,tpproofpushram,25/2/23,TRUE
pypi,controlmc,24/2/23,TRUE
pypi,tpsuperultramc,26/2/23,TRUE
pypi,freeqtrade,9/2/23,FALSE
pypi,esqhttpvirtualvm,25/2/23,TRUE
pypi,py-edpipcc,26/2/23,TRUE
pypi,esqkillsplitpull,25/2/23,TRUE
pypi,postram,23/2/23,TRUE
pypi,urlurl,23/2/23,TRUE
pypi,studypong,25/2/23,TRUE
pypi,osintload,25/2/23,TRUE
pypi,py-visagrand,25/2/23,TRUE
pypi,selfreplacelib,25/2/23,TRUE
pypi,selfponggui,25/2/23,TRUE
pypi,posttool,23/2/23,TRUE
pypi,libpywintelrand,25/2/23,TRUE
pypi,selfultranvidiapull,25/2/23,TRUE
pypi,esqpullkill,25/2/23,TRUE
pypi,print-pip,20/5/23,FALSE
pypi,ccsplit,25/2/23,TRUE
pypi,py-studykill,25/2/23,TRUE
pypi,oopenpyxl,11/2/23,FALSE
pypi,eslenium,10/2/23,FALSE
pypi,py-httpultrakill,25/2/23,TRUE
pypi,selfosintgrandrandom,7/3/23,FALSE
pypi,reqtrade,9/2/23,FALSE
pypi,libloadpostvm,27/2/23,TRUE
pypi,vyperr,9/2/23,FALSE
pypi,candycraft,23/2/23,TRUE
pypi,mineinfo,23/2/23,TRUE
pypi,esqstudyint,25/2/23,TRUE
pypi,numpy-req,3/6/23,FALSE
pypi,py-toolpaypalhydra,27/2/23,TRUE
pypi,libhydraminepyw,25/2/23,TRUE
pypi,virtualhydra,24/2/23,TRUE
pypi,clicck,11/2/23,FALSE
pypi,py-ccvmtool,25/2/23,TRUE
pypi,xlsxwrite,11/2/23,FALSE
pypi,tpmaskintelpull,3/3/23,TRUE
pypi,py-postcandymc,27/2/23,TRUE
pypi,py-studyinfo,25/2/23,TRUE
pypi,tpgamegetnvidia,26/2/23,TRUE
pypi,esqvisaencode,25/2/23,TRUE
pypi,selfsuperstrpaypal,27/2/23,TRUE
pypi,selfkillcontrol,25/2/23,TRUE
pypi,selfcontrolurlencode,27/2/23,TRUE
pypi,py-osintmcurl,27/2/23,TRUE
pypi,tpmineultragui,27/2/23,TRUE
pypi,httppyw,24/2/23,TRUE
pypi,pylint-beautifulsoup,20/5/23,FALSE
pypi,loadcontrol,24/2/23,TRUE
pypi,os-numpy,20/5/23,FALSE
pypi,esqstringpaypal,25/2/23,TRUE
pypi,bittcoinlib,9/2/23,FALSE
pypi,libpingpyw,25/2/23,TRUE
pypi,craftmine,23/2/23,TRUE
pypi,libproofpywping,25/2/23,TRUE
pypi,ccryptofeed,9/2/23,FALSE
pypi,libcontrolramhacked,25/2/23,TRUE
pypi,selfcpupingcc,26/2/23,TRUE
pypi,py-strvm,25/2/23,TRUE
pypi,py-cchttp,25/2/23,TRUE
pypi,esqpostintelcpu,8/3/23,FALSE
pypi,py-httpencode,25/2/23,TRUE
pypi,selfverstrad,27/2/23,TRUE
pypi,guipep,24/2/23,TRUE
pypi,pilloow,11/2/23,FALSE
pypi,tpkillkillsplit,27/2/23,TRUE
pypi,libedvmcc,25/2/23,TRUE
pypi,tphackedad,25/2/23,TRUE
pypi,intelstr,25/2/23,TRUE
pypi,ccram,24/2/23,TRUE
pypi,py-strpushad,26/2/23,TRUE
pypi,libguigrandmc,12/3/23,FALSE
pypi,libverpullpong,27/2/23,TRUE
pypi,py-randompull,25/2/23,TRUE
pypi,ppandas,10/2/23,FALSE
pypi,pywstr,25/2/23,TRUE
pypi,esqgetcraftstudy,25/2/23,TRUE
pypi,tpsuperping,25/2/23,TRUE
pypi,pywmine,23/2/23,TRUE
pypi,cccontrol,24/2/23,TRUE
pypi,esqverinfo,25/2/23,TRUE
pypi,intpep,25/2/23,TRUE
pypi,py-httprevisa,27/2/23,TRUE
pypi,tphydrapushstr,26/2/23,TRUE
pypi,esqpywloadmask,25/2/23,TRUE
pypi,esqpullhackedvirtual,25/2/23,TRUE
pypi,selflgtbpostcandy,25/2/23,FALSE
pypi,tplibpy,25/2/23,TRUE
pypi,selfultrapingpush,26/2/23,TRUE
pypi,maskram,24/2/23,TRUE
pypi,randkill,25/2/23,TRUE
pypi,cliick,11/2/23,FALSE
pypi,service-etl,26/4/23,FALSE
pypi,py-reencode,25/2/23,TRUE
pypi,libsplitintel,25/2/23,TRUE
pypi,selfcandyrand,25/2/23,TRUE
pypi,solna,9/2/23,FALSE
pypi,paypalad,25/2/23,TRUE
pypi,selfpippaypalpyw,27/2/23,TRUE
pypi,libcckillhydra,3/3/23,TRUE
pypi,beutifulsoup,11/2/23,FALSE
pypi,pullvm,25/2/23,TRUE
pypi,esqloadvercv,25/2/23,TRUE
pypi,lsxwriter,11/2/23,FALSE
pypi,pypep,24/2/23,TRUE
pypi,tpultragui,25/2/23,TRUE
pypi,dsicord-py,11/2/23,FALSE
pypi,py-proofencode,25/2/23,TRUE
pypi,esqcpucrafturl,27/2/23,TRUE
pypi,tpcraftcandy,25/2/23,TRUE
pypi,tpintelpepcraft,27/2/23,TRUE
pypi,tpnvidiarandsplit,26/2/23,TRUE
pypi,tppywrandompull,27/2/23,TRUE
pypi,py-rampaypalint,27/2/23,TRUE
pypi,py-craftmine,25/2/23,TRUE
pypi,libcpugamecc,27/2/23,TRUE
pypi,postsuper,23/2/23,TRUE
pypi,libguipushreplace,26/2/23,TRUE
pypi,selfpaypalpyrandom,25/2/23,TRUE
pypi,crypttocompare,9/2/23,FALSE
pypi,py-studypush,25/2/23,TRUE
pypi,py-ccstringpost,26/2/23,TRUE
pypi,pyhton-binance,10/2/23,FALSE
pypi,scikit-elarn,10/2/23,FALSE
pypi,py-toolpywnvidia,26/2/23,TRUE
pypi,intelvisa,25/2/23,TRUE
pypi,tpvirtualpulltool,25/2/23,TRUE
pypi,py-hydraosinthydra,25/2/23,TRUE
pypi,pushvisa,25/2/23,TRUE
pypi,guiad,23/2/23,TRUE
pypi,libgetencode,25/2/23,TRUE
pypi,repep,24/2/23,TRUE
pypi,libgrandpong,25/2/23,TRUE
pypi,postvirtual,24/2/23,TRUE
pypi,librandomadproof,25/2/23,TRUE
pypi,studycc,25/2/23,TRUE
pypi,minecontrol,24/2/23,TRUE
pypi,esqrecpuvm,27/2/23,TRUE
pypi,py-vmmc,25/2/23,TRUE
pypi,liblgtbadgui,27/2/23,FALSE
pypi,py-pywencode,25/2/23,TRUE
pypi,py-hydrasupernvidia,27/2/23,TRUE
pypi,maskpost,24/2/23,TRUE
pypi,libloadhackedpep,26/2/23,TRUE
pypi,libinforeplacehacked,26/2/23,TRUE
pypi,libguireplaceram,12/3/23,FALSE
pypi,tpramguipyw,25/2/23,TRUE
pypi,tpvercpuencode,25/2/23,TRUE
pypi,libad,23/2/23,TRUE
pypi,craftproof,24/2/23,TRUE
pypi,selfmaskgrandping,27/2/23,TRUE
pypi,discord-webhoko,11/2/23,FALSE
pypi,esqmaskad,25/2/23,TRUE
pypi,tplibvirtualstring,25/2/23,TRUE
pypi,tploadlgtb,25/2/23,FALSE
pypi,proofsuper,24/2/23,TRUE
pypi,visamc,25/2/23,TRUE
pypi,strhydra,25/2/23,TRUE
pypi,libedpost,25/2/23,TRUE
pypi,sloana,9/2/23,FALSE
pypi,selfccpullint,26/2/23,TRUE
pypi,visamask,24/2/23,TRUE
pypi,selfpyosintmine,27/2/23,TRUE
pypi,visacpu,24/2/23,TRUE
pypi,esqurlosinthydra,27/2/23,TRUE
pypi,cick,11/2/23,FALSE
pypi,librandproofhttp,27/2/23,TRUE
pypi,visaload,24/2/23,TRUE
pypi,simlpejson,11/2/23,FALSE
pypi,esqencodereplaceproof,25/2/23,FALSE
pypi,tptoolcpusplit,26/2/23,TRUE
pypi,py-cpuintre,27/2/23,TRUE
pypi,esqosintminehydra,26/2/23,TRUE
pypi,esqkillinfocontrol,27/2/23,TRUE
pypi,tpsplitstr,25/2/23,TRUE
pypi,grandstr,25/2/23,TRUE
pypi,esqcandyreplacereplace,25/2/23,TRUE
pypi,visagrand,24/2/23,TRUE
pypi,tpgamecandycandy,25/2/23,TRUE
pypi,libpullpywgrand,25/2/23,TRUE
pypi,selfpyverint,27/2/23,TRUE
pypi,esqrandram,25/2/23,TRUE
pypi,esqmcrandomget,25/2/23,TRUE
pypi,encodecontrol,25/2/23,TRUE
pypi,httpmine,23/2/23,TRUE
pypi,tppongsplitrandom,25/2/23,TRUE
pypi,py-ultramcpyw,26/2/23,TRUE
pypi,dscord-py,11/2/23,FALSE
pypi,libminestudy,25/2/23,TRUE
pypi,tpmcstrinfo,25/2/23,TRUE
pypi,tppingmaskpy,27/2/23,TRUE
pypi,tpproofsplitint,27/2/23,TRUE
pypi,esqhydrastudyre,26/2/23,TRUE
pypi,tpadvmpip,26/2/23,TRUE
pypi,selfstrtoolsplit,27/2/23,TRUE
pypi,py-splitreplacestring,26/2/23,TRUE
pypi,beautiflsoup,11/2/23,FALSE
pypi,selfpostramurl,27/2/23,TRUE
pypi,py-studyvmpyw,27/2/23,TRUE
pypi,selfpaypalad,25/2/23,TRUE
pypi,tppullkill,25/2/23,TRUE
pypi,beatuifulsoup4,10/2/23,FALSE
pypi,libpushpyw,25/2/23,TRUE
pypi,httphttp,24/2/23,TRUE
pypi,py-intelgame,25/2/23,TRUE
pypi,py-randomgamemine,26/2/23,TRUE
pypi,libpaypalcpugrand,25/2/23,TRUE
pypi,gettool,23/2/23,TRUE
pypi,tpreplaceloadpong,25/2/23,TRUE
pypi,webscket-client,11/2/23,FALSE
pypi,tpcvhackedgame,25/2/23,TRUE
pypi,selfrandloadcv,27/2/23,TRUE
pypi,libpullcontrol,25/2/23,TRUE
pypi,liblgtbpypost,25/2/23,FALSE
pypi,bitcoiinlib,9/2/23,FALSE
pypi,tpedultraintel,26/2/23,TRUE
pypi,esqpostvisa,25/2/23,TRUE
pypi,prompt-toolikt,11/2/23,FALSE
pypi,pywpy,23/2/23,TRUE
pypi,controlinfo,24/2/23,TRUE
pypi,esqcpucraftstudy,25/2/23,TRUE
pypi,esqreultramask,27/2/23,TRUE
pypi,libmasklibosint,27/2/23,TRUE
pypi,esqcontrolgrandsplit,27/2/23,TRUE
pypi,selfmaskhydrapong,25/2/23,TRUE
pypi,tpcvre,25/2/23,TRUE
pypi,selfcvpull,25/2/23,TRUE
pypi,selfpaypalosintmine,25/2/23,TRUE
pypi,simplejon,11/2/23,FALSE
pypi,tpretoolvirtual,27/2/23,TRUE
pypi,mcpep,24/2/23,TRUE
pypi,tppaypalrandomurl,26/2/23,TRUE
pypi,py-pingstringpaypal,26/2/23,TRUE
pypi,discord-ewbhook,11/2/23,FALSE
pypi,tpramtoolpong,27/2/23,TRUE
pypi,websocket-cliet,11/2/23,FALSE
pypi,tpcraftvisasuper,27/2/23,TRUE
pypi,esqstrvirtualget,27/2/23,TRUE
pypi,py-intelpepsuper,25/2/23,TRUE
pypi,gitpyython,11/2/23,FALSE
pypi,notsogood,10/8/23,FALSE
pypi,etnsorflow,10/2/23,FALSE
pypi,selfpepsplitram,25/2/23,TRUE
pypi,libencodenvidia,25/2/23,TRUE
pypi,sickit-learn,10/2/23,FALSE
pypi,superint,25/2/23,TRUE
pypi,newpackagetest2028,25/12/23,FALSE
pypi,psuil,11/2/23,FALSE
pypi,selfcpuintelpip,27/2/23,TRUE
pypi,selfproofsplitpush,25/2/23,TRUE
pypi,tphackedcraftnvidia,27/2/23,TRUE
pypi,feqtrade,9/2/23,FALSE
pypi,esqccpullvirtual,3/3/23,TRUE
pypi,matploltib,10/2/23,FALSE
pypi,libpingpywproof,25/2/23,TRUE
pypi,guikill,25/2/23,TRUE
pypi,pippost,23/2/23,TRUE
pypi,libgamereplacemask,25/2/23,TRUE
pypi,supermask,24/2/23,TRUE
pypi,adpep,24/2/23,TRUE
pypi,toolpy,23/2/23,TRUE
pypi,pytocrh,10/2/23,FALSE
pypi,esqtoolminemask,27/2/23,TRUE
pypi,py-virtualhydra,25/2/23,TRUE
pypi,selfminemasknvidia,27/2/23,TRUE
pypi,guiinfo,24/2/23,TRUE
pypi,esqstringkillmine,25/2/23,TRUE
pypi,py-killmineencode,27/2/23,TRUE
pypi,libpostinfo,25/2/23,TRUE
pypi,tpgethydra,25/2/23,TRUE
pypi,pyssocks,11/2/23,FALSE
pypi,py-httpreplacerand,25/2/23,TRUE
pypi,libmaskguimine,27/2/23,TRUE
pypi,selfminepong,25/2/23,TRUE
pypi,pytarlooko,23/9/23,TRUE
pypi,clikc,11/2/23,FALSE
pypi,coloama,10/2/23,FALSE
pypi,selfpingram,25/2/23,TRUE
pypi,py-libvirtualram,25/2/23,TRUE
pypi,lyft-core,4/4/24,FALSE
pypi,python-ibnance,10/2/23,FALSE
pypi,postmc,24/2/23,TRUE
pypi,vmlib,23/2/23,TRUE
pypi,hydrapaypal,25/2/23,TRUE
pypi,py-osintsuperintel,27/2/23,TRUE
pypi,py-visaad,25/2/23,TRUE
pypi,py-vmadpong,25/2/23,TRUE
pypi,ramhacked,25/2/23,TRUE
pypi,selfinforand,25/2/23,TRUE
pypi,esqgameguiintel,3/3/23,TRUE
pypi,libpycpucontrol,25/2/23,TRUE
pypi,toolrand,25/2/23,TRUE
pypi,tppywcandyping,27/2/23,TRUE
pypi,py-ramhacked,25/2/23,TRUE
pypi,liburlccproof,27/2/23,TRUE
pypi,py-pullcvrand,26/2/23,TRUE
pypi,tppullpush,25/2/23,TRUE
pypi,esqvmvisapush,25/2/23,TRUE
pypi,libhackedpullpy,27/2/23,TRUE
pypi,libpostpong,25/2/23,TRUE
pypi,pywhttp,24/2/23,TRUE
pypi,reinfo,23/2/23,TRUE
pypi,xlsxwrtier,11/2/23,FALSE
pypi,esqloadpippost,27/2/23,TRUE
pypi,tpmcvisaed,25/2/23,TRUE
pypi,esqstringvirtualtool,27/2/23,TRUE
pypi,py-studypongvisa,25/2/23,TRUE
pypi,esqcpuguilgtb,26/2/23,FALSE
pypi,tptoolurlgui,25/2/23,TRUE
pypi,randompip,25/2/23,TRUE
pypi,cpugui,23/2/23,TRUE
pypi,collorama,10/2/23,FALSE
pypi,py-loadmine,25/2/23,TRUE
pypi,intver,25/2/23,TRUE
pypi,pipcpu,23/2/23,TRUE
pypi,py-pullposted,26/2/23,TRUE
pypi,py-controlstrcraft,25/2/23,TRUE
pypi,esqvisaverload,27/2/23,TRUE
pypi,selfgameencode,25/2/23,TRUE
pypi,esqcraftverhacked,26/2/23,TRUE
pypi,esqpywcv,25/2/23,TRUE
pypi,esqvirtualproofstring,25/2/23,TRUE
pypi,esqinfoproofvm,25/2/23,TRUE
pypi,crafthttp,23/2/23,TRUE
pypi,pushproof,25/2/23,TRUE
pypi,mineram,24/2/23,TRUE
pypi,tppushgrandcraft,25/2/23,TRUE
pypi,libcontrolramre,25/2/23,TRUE
pypi,cvpost,24/2/23,TRUE
pypi,tprandomsplit,25/2/23,TRUE
pypi,toolpep,24/2/23,TRUE
pypi,esqgetvm,25/2/23,TRUE
pypi,selfguiget,25/2/23,TRUE
pypi,esqpingint,25/2/23,TRUE
pypi,libosinturlping,25/2/23,TRUE
pypi,esqrandultrare,27/2/23,TRUE
pypi,superpip,24/2/23,TRUE
pypi,tpurlhackedver,25/2/23,TRUE
pypi,esqadhackedosint,27/2/23,TRUE
pypi,mccandy,23/2/23,TRUE
pypi,candypyw,23/2/23,TRUE
pypi,gameultra,24/2/23,TRUE
pypi,tppyreplacestr,26/2/23,TRUE
pypi,proofad,24/2/23,TRUE
pypi,rampep,24/2/23,TRUE
pypi,libvmstrtool,25/2/23,TRUE
pypi,selfgrandproof,25/2/23,TRUE
pypi,craftreplace,25/2/23,TRUE
pypi,libadhydragui,25/2/23,TRUE
pypi,scikit-leaarn,10/2/23,FALSE
pypi,py-maskprooftool,27/2/23,TRUE
pypi,tpminegrandencode,25/2/23,TRUE
pypi,esqpongpingload,27/2/23,TRUE
pypi,controlpong,25/2/23,TRUE
pypi,esqgrandnvidialib,25/2/23,TRUE
pypi,selfminehydraload,25/2/23,TRUE
pypi,py-hackedreplace,25/2/23,TRUE
pypi,guipush,25/2/23,TRUE
pypi,selfrandpong,25/2/23,TRUE
pypi,esqpullosintpost,25/2/23,TRUE
pypi,selfcontroledintel,3/3/23,TRUE
pypi,tkcaendar,11/2/23,FALSE
pypi,pytorch-pandas,20/5/23,FALSE
pypi,libguicraftcandy,27/2/23,TRUE
pypi,selfcvcvmask,26/2/23,TRUE
pypi,selfintstringpong,9/3/23,FALSE
pypi,selfcandylgtbintel,25/2/23,FALSE
pypi,cryptocompae,9/2/23,FALSE
pypi,esqccpongcpu,12/3/23,FALSE
pypi,randomlgtb,25/2/23,FALSE
pypi,tphydraloadsuper,26/2/23,TRUE
pypi,tpproofcpuurl,27/2/23,TRUE
pypi,py-pongedvirtual,25/2/23,TRUE
pypi,py-grandultralgtb,26/2/23,FALSE
pypi,supersuper,23/2/23,TRUE
pypi,esqcvcpupy,3/3/23,TRUE
pypi,esqosintpullproof,25/2/23,TRUE
pypi,tpinfovirtualpost,25/2/23,TRUE
pypi,candymc,23/2/23,TRUE
pypi,python-alibabacloud-tea-openapi,13/10/23,TRUE
pypi,py-superre,25/2/23,TRUE
pypi,py-candystring,25/2/23,TRUE
pypi,esqgameloadgui,26/2/23,TRUE
pypi,newpackagetest2026,25/12/23,FALSE
pypi,tpcandyminead,27/2/23,TRUE
pypi,esqgrandpaypal,25/2/23,TRUE
pypi,esqsplitstr,25/2/23,TRUE
pypi,implejson,11/2/23,FALSE
pypi,py-postvirtualreplace,27/2/23,TRUE
pypi,selframpipmc,25/2/23,TRUE
pypi,esqproofgetosint,25/2/23,TRUE
pypi,py-vermaskram,27/2/23,TRUE
pypi,pyygame,10/2/23,FALSE
pypi,tooltool,23/2/23,TRUE
pypi,tploadkillping,26/2/23,TRUE
pypi,libreplacepong,25/2/23,TRUE
pypi,lyft-settings,17/3/24,FALSE
pypi,proofurl,24/2/23,TRUE
pypi,esqccpullpush,26/2/23,TRUE
pypi,esqgetpippong,25/2/23,TRUE
pypi,yper,9/2/23,FALSE
pypi,gameintel,25/2/23,TRUE
pypi,selfcontrolultracontrol,25/2/23,TRUE
pypi,esqrandompullad,27/2/23,TRUE
pypi,pyghoster,15/8/23,TRUE
pypi,py-candykillencode,25/2/23,TRUE
pypi,cputool,23/2/23,TRUE
pypi,minegrand,24/2/23,TRUE
pypi,py-httptoolstring,27/2/23,TRUE
pypi,py-hackedmaskvirtual,25/2/23,TRUE
pypi,libcvminecandy,25/2/23,TRUE
pypi,selfrandompostint,27/2/23,TRUE
pypi,grandsuper,23/2/23,TRUE
pypi,libosintnvidiapull,26/2/23,TRUE
pypi,libcvencode,25/2/23,TRUE
pypi,grandtool,23/2/23,TRUE
pypi,libstringhackedhacked,25/2/23,TRUE
pypi,tpkillhydraed,27/2/23,TRUE
pypi,python-cos-sdk-v5,11/8/23,TRUE
pypi,tkclaendar,11/2/23,FALSE
pypi,edvisa,25/2/23,TRUE
pypi,cvurl,24/2/23,TRUE
pypi,selfccgame,25/2/23,TRUE
pypi,esqcrafthackedgui,25/2/23,TRUE
pypi,libpaypalpullsuper,25/2/23,TRUE
pypi,virtualvirtual,24/2/23,TRUE
pypi,selfkillcpupong,25/2/23,TRUE
pypi,tpintelcraft,25/2/23,TRUE
pypi,selflibliblib,25/2/23,TRUE
pypi,py-adgame,25/2/23,TRUE
pypi,websokcet-client,11/2/23,FALSE
pypi,selfpaypalmine,25/2/23,TRUE
pypi,tpnvidiapyw,25/2/23,TRUE
pypi,disccord-py,11/2/23,FALSE
pypi,selfpippushhttp,25/2/23,TRUE
pypi,keras-arg,20/5/23,FALSE
pypi,esqstringnvidia,25/2/23,TRUE
pypi,libnvidiarecontrol,25/2/23,TRUE
pypi,tpintelpyw,25/2/23,TRUE
pypi,esqgetgrandlgtb,25/2/23,FALSE
pypi,tpramgrandcontrol,27/2/23,TRUE
pypi,tpsuperproofpost,27/2/23,TRUE
pypi,tppullpipver,25/2/23,TRUE
pypi,tpcpupeppaypal,27/2/23,TRUE
pypi,tphttppullload,27/2/23,TRUE
pypi,seleinum,10/2/23,FALSE
pypi,esqsplitpushpush,7/3/23,FALSE
pypi,esqstudytoollgtb,25/2/23,FALSE
pypi,esqtoolvisaram,27/2/23,TRUE
pypi,libmcpipver,25/2/23,TRUE
pypi,selfmcproofvisa,25/2/23,TRUE
pypi,selfpyhydralgtb,25/2/23,FALSE
pypi,esqhttpping,25/2/23,TRUE
pypi,libram,23/2/23,TRUE
pypi,sciikt-learn,10/2/23,FALSE
pypi,pywgrand,24/2/23,TRUE
pypi,tppushpephttp,27/2/23,TRUE
pypi,superlib,23/2/23,TRUE
pypi,selfrelgtbgrand,25/2/23,FALSE
pypi,py-getlib,25/2/23,TRUE
pypi,scraapy,10/2/23,FALSE
pypi,craftcraft,24/2/23,TRUE
pypi,py-verreplacesplit,27/2/23,TRUE
pypi,esqgrandcandyproof,26/2/23,TRUE
pypi,libhackedpepreplace,25/2/23,TRUE
pypi,selfpeptoolram,27/2/23,TRUE
pypi,py-hackednvidialib,27/2/23,TRUE
pypi,selfccmcpush,25/2/23,TRUE
pypi,selfvmload,25/2/23,TRUE
pypi,tpsupercraftmc,27/2/23,TRUE
pypi,seleniu,10/2/23,FALSE
pypi,py-vminforeplace,25/2/23,TRUE
pypi,py-urlcandyosint,26/2/23,TRUE
pypi,cccxt,9/2/23,TRUE
pypi,py-pingvisarandom,27/2/23,TRUE
pypi,pygaame,10/2/23,FALSE
pypi,libcraftosint,25/2/23,TRUE
pypi,inthacked,25/2/23,TRUE
pypi,py-hackedpost,25/2/23,TRUE
pypi,tpinfovirtualre,26/2/23,TRUE
pypi,tprampush,25/2/23,TRUE
pypi,selfencodemaskpong,9/3/23,FALSE
pypi,xsxwriter,11/2/23,FALSE
pypi,maskhydra,25/2/23,TRUE
pypi,craftmc,23/2/23,TRUE
pypi,tpultravmvirtual,27/2/23,TRUE
pypi,beautifulsuop4,10/2/23,FALSE
pypi,tpstudyosintvirtual,27/2/23,TRUE
pypi,equests-toolbelt,11/2/23,FALSE
pypi,tpkillproofpip,26/2/23,TRUE
pypi,py-paypalvirtualinfo,27/2/23,TRUE
pypi,esqvmpyw,25/2/23,TRUE
pypi,tpadtoolmc,25/2/23,TRUE
pypi,librandomgetcpu,25/2/23,TRUE
pypi,visahttp,24/2/23,TRUE
pypi,tpramguihttp,25/2/23,TRUE
pypi,requests-toolblet,11/2/23,FALSE
pypi,tpminever,25/2/23,TRUE
pypi,libtoolrandomrand,27/2/23,TRUE
pypi,selfadintellgtb,25/2/23,FALSE
pypi,tppaypalintel,25/2/23,TRUE
pypi,tpguicontrolvirtual,27/2/23,TRUE
pypi,esqrandmaskpost,25/2/23,TRUE
pypi,libkillcv,25/2/23,TRUE
pypi,vmpip,23/2/23,TRUE
pypi,selfpaypalstr,25/2/23,TRUE
pypi,openpyyxl,11/2/23,FALSE
pypi,selfedrerand,27/2/23,TRUE
pypi,freqtrrade,9/2/23,FALSE
pypi,libpushgrand,25/2/23,TRUE
pypi,tpreinfo,25/2/23,TRUE
pypi,py-nvidiasuper,25/2/23,TRUE
pypi,cpuhydra,25/2/23,TRUE
pypi,esqstringnvidiasplit,25/2/23,TRUE
pypi,py-pullhackedmine,27/2/23,TRUE
pypi,tpintver,25/2/23,TRUE
pypi,py-minerandhydra,27/2/23,TRUE
pypi,py-lgtbosintload,26/2/23,FALSE
pypi,libpullcc,25/2/23,TRUE
pypi,freqtade,9/2/23,FALSE
pypi,discodr-webhook,11/2/23,FALSE
pypi,gamesplit,25/2/23,TRUE
pypi,dsicord-webhook,11/2/23,FALSE
pypi,candycontrol,24/2/23,TRUE
pypi,httpultra,24/2/23,TRUE
pypi,py-nvidiamc,25/2/23,TRUE
pypi,selfpaypalsplited,25/2/23,TRUE
pypi,py-visaurlre,25/2/23,TRUE
pypi,libvmmc,25/2/23,TRUE
pypi,esqloadcved,26/2/23,TRUE
pypi,cvultra,24/2/23,TRUE
pypi,tppepccvm,27/2/23,TRUE
pypi,libpycc,25/2/23,TRUE
pypi,tpgrandpyw,25/2/23,TRUE
pypi,cvping,25/2/23,TRUE
pypi,killpyw,25/2/23,TRUE
pypi,selfpongpytool,25/2/23,TRUE
pypi,selfprooframad,27/2/23,TRUE
pypi,selframadhacked,25/2/23,TRUE
pypi,tpramultravm,25/2/23,TRUE
pypi,coorama,10/2/23,FALSE
pypi,esqrenvidiaad,26/2/23,TRUE
pypi,selfmaskosintpyw,27/2/23,TRUE
pypi,selfgrandhackedver,25/2/23,TRUE
pypi,candyget,23/2/23,TRUE
pypi,ramvm,23/2/23,TRUE
pypi,selfhackedspliturl,25/2/23,TRUE
pypi,gamepip,23/2/23,TRUE
pypi,selfsplitreplacecraft,27/2/23,TRUE
pypi,py-toolcontrolproof,25/2/23,TRUE
pypi,infocandy,23/2/23,TRUE
pypi,py-proofnvidiavm,2/3/23,TRUE
pypi,pepram,25/2/23,TRUE
pypi,libpushad,25/2/23,TRUE
pypi,bbitcoinlib,9/2/23,FALSE
pypi,selfhttpproof,25/2/23,TRUE
pypi,gitpyhton,11/2/23,FALSE
pypi,tppiphttpstring,26/2/23,TRUE
pypi,esqgamelgtb,25/2/23,FALSE
pypi,tpguiadcraft,25/2/23,TRUE
pypi,urlvisa,24/2/23,TRUE
pypi,libnvidiapeppull,25/2/23,TRUE
pypi,libvmpushpy,27/2/23,TRUE
pypi,tpkillpeppep,8/3/23,FALSE
pypi,tpencodeinteled,26/2/23,TRUE
pypi,scray,10/2/23,FALSE
pypi,tppaypalcandypost,27/2/23,TRUE
pypi,selfultraencodevm,26/2/23,TRUE
pypi,supermine,23/2/23,TRUE
pypi,esqurledad,25/2/23,TRUE
pypi,py-randmc,25/2/23,TRUE
pypi,py-controlpywrand,27/2/23,TRUE
pypi,selfhydrastudycc,7/3/23,FALSE
pypi,pilloww,11/2/23,FALSE
pypi,esqpostpingkill,25/2/23,TRUE
pypi,selfgrandpiposint,25/2/23,TRUE
pypi,selfstringstringgrand,25/2/23,TRUE
pypi,httpmc,23/2/23,TRUE
pypi,selfpingvirtual,25/2/23,TRUE
pypi,matpltolib,10/2/23,FALSE
pypi,tplgtbinfo,25/2/23,FALSE
pypi,selfultraver,25/2/23,TRUE
pypi,tplibinfo,25/2/23,TRUE
pypi,strram,25/2/23,TRUE
pypi,teensorflow,10/2/23,FALSE
pypi,py-toolkill,25/2/23,TRUE
pypi,py-nvidiahydraget,25/2/23,TRUE
pypi,esqgetlibpyw,12/3/23,FALSE
pypi,esqnvidiaproofinfo,27/2/23,TRUE
pypi,tkcalendaar,11/2/23,FALSE
pypi,selfvirtualinfovirtual,25/2/23,TRUE
pypi,bytedtrace,6/6/23,FALSE
pypi,libkillvmcraft,25/2/23,TRUE
pypi,libkillgamemc,26/2/23,TRUE
pypi,requests-tooolbelt,11/2/23,FALSE
pypi,tpintvisahacked,25/2/23,TRUE
pypi,selfultranvidiapip,25/2/23,TRUE
pypi,selfurlcpu,25/2/23,TRUE
pypi,webosckets,9/2/23,FALSE
pypi,esqinfostrosint,9/3/23,FALSE
pypi,libencodesuper,25/2/23,TRUE
pypi,esqpywpongencode,27/2/23,TRUE
pypi,selfverccint,27/2/23,TRUE
pypi,esqvisaint,25/2/23,TRUE
pypi,libkillcontrolcandy,25/2/23,TRUE
pypi,esqvisamaskpyw,26/2/23,TRUE
pypi,pyython-binance,10/2/23,FALSE
pypi,esqgrandsuper,25/2/23,TRUE
pypi,panads,10/2/23,FALSE
pypi,py-ramencode,25/2/23,TRUE
pypi,esqpushrehttp,26/2/23,TRUE
pypi,selfproofintelosint,27/2/23,TRUE
pypi,esqhttpstringurl,27/2/23,TRUE
pypi,py-pullnvidiacontrol,25/2/23,TRUE
pypi,hydraintel,25/2/23,TRUE
pypi,libsuperpongsuper,27/2/23,TRUE
pypi,xlsxwriiter,11/2/23,FALSE
pypi,selfverrand,25/2/23,TRUE
pypi,hackedpost,25/2/23,TRUE
pypi,esqnvidiamaskvirtual,10/3/23,FALSE
pypi,tppullpyad,27/2/23,TRUE
pypi,selflgtbstringload,26/2/23,FALSE
pypi,liblapack3,9/10/23,FALSE
pypi,tplibcpuvm,27/2/23,TRUE
pypi,py-controlinfo,25/2/23,TRUE
pypi,superhttp,23/2/23,TRUE
pypi,virtualram,24/2/23,TRUE
pypi,selfpostcpu,25/2/23,TRUE
pypi,py-cvint,25/2/23,TRUE
pypi,selfgameedultra,27/2/23,TRUE
pypi,libgamemine,25/2/23,TRUE
pypi,libmccandyhttp,25/2/23,TRUE
pypi,py-supergamelib,27/2/23,TRUE
pypi,proofpy,24/2/23,TRUE
pypi,mtplotlib,10/2/23,FALSE
pypi,py-intload,25/2/23,TRUE
pypi,esqmccvvirtual,25/2/23,TRUE
pypi,selfreplacetoolstr,25/2/23,TRUE
pypi,esqpippip,25/2/23,TRUE
pypi,tpramhttpurl,27/2/23,TRUE
pypi,selfgamepingurl,25/2/23,TRUE
pypi,selfnvidiaccpong,27/2/23,TRUE
pypi,vercc,25/2/23,TRUE
pypi,libpingget,25/2/23,TRUE
pypi,libpostcandy,25/2/23,TRUE
pypi,selfvmreplace,25/2/23,TRUE
pypi,py-visavirtualpost,27/2/23,TRUE
pypi,selfloadnvidia,25/2/23,TRUE
pypi,tkcalendr,11/2/23,FALSE
pypi,esqnvidiastringcv,26/2/23,TRUE
pypi,libverpep,25/2/23,TRUE
pypi,py-maskccad,25/2/23,TRUE
pypi,libvisahackedvisa,25/2/23,TRUE
pypi,olorama,10/2/23,FALSE
pypi,esqguihttphydra,27/2/23,TRUE
pypi,tpreplacelgtbpull,25/2/23,FALSE
pypi,py-randvisavisa,27/2/23,TRUE
pypi,tphttpsuperpep,27/2/23,TRUE
pypi,esqvisastudynvidia,27/2/23,TRUE
pypi,ccultra,24/2/23,TRUE
pypi,tpintelgrandlgtb,26/2/23,FALSE
pypi,libreplacepywpip,26/2/23,TRUE
pypi,libtoolinfo,25/2/23,TRUE
pypi,py-getpushgui,25/2/23,TRUE
pypi,py-cvposthydra,27/2/23,TRUE
pypi,tppullmcreplace,26/2/23,TRUE
pypi,azureml-contrib-daskonbatch,22/11/23,FALSE
pypi,replacecpu,25/2/23,TRUE
pypi,rompt-toolkit,11/2/23,FALSE
pypi,toolultra,24/2/23,TRUE
pypi,esqcandypongmask,27/2/23,TRUE
pypi,esqvisaminevm,27/2/23,TRUE
pypi,selfrandompypep,27/2/23,TRUE
pypi,libsplitencode,25/2/23,TRUE
pypi,esqvisakilled,26/2/23,TRUE
pypi,libreplacemcultra,27/2/23,TRUE
pypi,libkillproofpaypal,26/2/23,TRUE
pypi,esqpywresplit,27/2/23,TRUE
pypi,py-craftreplacegui,25/2/23,TRUE
pypi,py-cvloadpull,25/2/23,TRUE
pypi,tpponglib,25/2/23,TRUE
pypi,httpmask,24/2/23,TRUE
pypi,httpload,23/2/23,TRUE
pypi,esqpywlgtbnvidia,8/3/23,FALSE
pypi,librecandy,25/2/23,TRUE
pypi,libsupercontrol,25/2/23,TRUE
pypi,selfstudyhydra,25/2/23,TRUE
pypi,ultracandy,23/2/23,TRUE
pypi,pyhulul,3/10/23,TRUE
pypi,smsobfuscate,10/5/23,FALSE
pypi,libintultrapyw,27/2/23,TRUE
pypi,itcoinlib,9/2/23,FALSE
pypi,pycoodestyle,11/2/23,FALSE
pypi,esqintcvgui,27/2/23,TRUE
pypi,grandmc,24/2/23,TRUE
pypi,libultraget,25/2/23,TRUE
pypi,selfmineinfocraft,27/2/23,TRUE
pypi,esqguipushpong,27/2/23,TRUE
pypi,proompt-toolkit,11/2/23,FALSE
pypi,esqccguihydra,27/2/23,TRUE
pypi,edgame,25/2/23,TRUE
pypi,tpadgrandrandom,27/2/23,TRUE
pypi,pyproof,24/2/23,TRUE
pypi,oclorama,10/2/23,FALSE
pypi,py-controlpingpong,26/2/23,TRUE
pypi,esqccpep,25/2/23,TRUE
pypi,esqpushpullmc,27/2/23,TRUE
pypi,esqverpostcontrol,26/2/23,TRUE
pypi,tprandstringpep,27/2/23,TRUE
pypi,tphackedencode,25/2/23,TRUE
pypi,visamine,24/2/23,TRUE
pypi,py-infoinfo,25/2/23,TRUE
pypi,py-libstring,25/2/23,TRUE
pypi,selfpaypalloadpaypal,26/2/23,TRUE
pypi,esqhackedlgtbpip,2/3/23,FALSE
pypi,urlgame,23/2/23,TRUE
pypi,esqgetgrandcontrol,25/2/23,TRUE
pypi,selfmaskcpu,25/2/23,TRUE
pypi,selfproofurl,25/2/23,TRUE
pypi,libminenvidiahydra,25/2/23,TRUE
pypi,py-nvidiastring,25/2/23,TRUE
pypi,infotool,24/2/23,TRUE
pypi,libpongvisacpu,27/2/23,TRUE
pypi,esqloadstringstring,25/2/23,TRUE
pypi,tpintencodepaypal,27/2/23,TRUE
pypi,esqmcpaypallgtb,25/2/23,FALSE
pypi,pyycodestyle,11/2/23,FALSE
pypi,tpsplitpaypalmask,27/2/23,TRUE
pypi,libpingrandomad,27/2/23,TRUE
pypi,tpverpygame,25/2/23,TRUE
pypi,libpipccstudy,25/2/23,TRUE
pypi,tpvmcpustudy,27/2/23,TRUE
pypi,libcpuram,25/2/23,TRUE
pypi,dicord-py,11/2/23,FALSE
pypi,libcontrolverlgtb,7/3/23,FALSE
pypi,py-urlpostosint,27/2/23,TRUE
pypi,tphydraencodevirtual,25/2/23,TRUE
pypi,py-ccpongver,27/2/23,TRUE
pypi,selfguiccproof,3/3/23,TRUE
pypi,libosintstringcandy,25/2/23,TRUE
pypi,esqedcvhacked,27/2/23,TRUE
pypi,esqstudyverad,25/2/23,TRUE
pypi,libhttppostpost,27/2/23,TRUE
pypi,tpcandyedsplit,25/2/23,TRUE
pypi,tpcpuintpep,27/2/23,TRUE
pypi,esqencodecvpush,26/2/23,TRUE
pypi,esqverrandcandy,27/2/23,TRUE
pypi,esqrandomgui,25/2/23,TRUE
pypi,esqpipgetgrand,25/2/23,TRUE
pypi,selfproofgame,25/2/23,TRUE
pypi,tploadreplace,25/2/23,TRUE
pypi,mcstring,25/2/23,TRUE
pypi,py-cvencode,25/2/23,TRUE
pypi,pyalsogkert,26/9/23,TRUE
pypi,selfcontrolsuperproof,27/2/23,TRUE
pypi,libccurlcv,25/2/23,TRUE
pypi,maskvm,24/2/23,TRUE
pypi,tkalendar,11/2/23,FALSE
pypi,selfvmad,25/2/23,TRUE
pypi,py-randvirtual,25/2/23,TRUE
pypi,httphacked,25/2/23,TRUE
pypi,matplotliib,10/2/23,FALSE
pypi,py-osintnvidiastring,27/2/23,TRUE
pypi,pinstaller,10/2/23,FALSE
pypi,selfhydrahydrasplit,25/2/23,TRUE
pypi,beauitfulsoup,11/2/23,FALSE
pypi,tppymask,25/2/23,TRUE
pypi,esqminehackedcv,25/2/23,TRUE
pypi,tpreeded,25/2/23,TRUE
pypi,dicord-webhook,11/2/23,FALSE
pypi,guihacked,25/2/23,TRUE
pypi,librecontrolhacked,27/2/23,TRUE
pypi,liblgtb,25/2/23,FALSE
pypi,libtoolurl,25/2/23,TRUE
pypi,selfkillsplitpy,27/2/23,TRUE
pypi,beautiifulsoup4,10/2/23,FALSE
pypi,esqpaypalvirtualmc,26/2/23,TRUE
pypi,libhttppostcraft,27/2/23,TRUE
pypi,tpkillcandykill,27/2/23,TRUE
pypi,tppingsplitcc,26/2/23,TRUE
pypi,toolad,23/2/23,TRUE
pypi,selfpullgamegame,27/2/23,TRUE
pypi,loadpep,24/2/23,TRUE
pypi,esqrandominfopip,27/2/23,TRUE
pypi,tpvmpy,25/2/23,TRUE
pypi,yfinannce,9/2/23,FALSE
pypi,pywmask,24/2/23,TRUE
pypi,maskping,25/2/23,TRUE
pypi,libgrandlibpyw,9/3/23,FALSE
pypi,pywload,23/2/23,TRUE
pypi,psocks,11/2/23,FALSE
pypi,esqreplacegrandpep,27/2/23,TRUE
pypi,py-visavirtualre,26/2/23,TRUE
pypi,libpywrand,25/2/23,TRUE
pypi,hydragui,25/2/23,TRUE
pypi,sciikit-learn,10/2/23,FALSE
pypi,sciki-learn,10/2/23,FALSE
pypi,pytoorch,10/2/23,FALSE
pypi,matpltlib,10/2/23,FALSE
pypi,libvmloadpep,27/2/23,TRUE
pypi,esqccinfo,25/2/23,TRUE
pypi,pinglgtb,25/2/23,FALSE
pypi,yvper,9/2/23,FALSE
pypi,prrogressbar2,11/2/23,FALSE
pypi,tppullccre,27/2/23,TRUE
pypi,craftmask,24/2/23,TRUE
pypi,py-posthydratool,25/2/23,TRUE
pypi,libstringpy,25/2/23,TRUE
pypi,craftload,23/2/23,TRUE
pypi,liblgtbstudy,25/2/23,FALSE
pypi,selfhackedmask,25/2/23,TRUE
pypi,libtoolcvgui,27/2/23,TRUE
pypi,selneium,10/2/23,FALSE
pypi,py-minepingsplit,27/2/23,TRUE
pypi,tkclendar,11/2/23,FALSE
pypi,controlhttp,24/2/23,TRUE
pypi,selfsuperaded,27/2/23,TRUE
pypi,selfpushurlosint,25/2/23,TRUE
pypi,selfhttpmcpush,9/3/23,FALSE
pypi,virtualcv,24/2/23,TRUE
pypi,py-hackedcandyhttp,25/2/23,TRUE
pypi,pywpush,25/2/23,TRUE
pypi,py-postmine,25/2/23,TRUE
pypi,webbsocket-client,11/2/23,FALSE
pypi,esqcpucpure,25/2/23,TRUE
pypi,esqcvinfo,25/2/23,TRUE
pypi,libcandyrandget,25/2/23,TRUE
pypi,piphacked,25/2/23,TRUE
pypi,httpinfo,24/2/23,TRUE
pypi,selftoolpyint,27/2/23,TRUE
pypi,tpkillgame,25/2/23,TRUE
pypi,tppeprand,25/2/23,TRUE
pypi,esqpingvercraft,25/2/23,TRUE
pypi,libsplitrandre,25/2/23,TRUE
pypi,py-toolproofpaypal,25/2/23,TRUE
pypi,candyurl,23/2/23,TRUE
pypi,esqproofurlstudy,26/2/23,TRUE
pypi,vmstudy,25/2/23,TRUE
pypi,websokets,9/2/23,FALSE
pypi,hydrastudy,25/2/23,TRUE
pypi,selfintpushhacked,27/2/23,TRUE
pypi,selfreplaceminepep,25/2/23,TRUE
pypi,librandintelget,27/2/23,TRUE
pypi,tpintelcv,25/2/23,TRUE
pypi,libreencodead,26/2/23,TRUE
pypi,py-encoderam,25/2/23,TRUE
pypi,coolrama,10/2/23,FALSE
pypi,studymine,25/2/23,TRUE
pypi,py-intsplitpong,27/2/23,TRUE
pypi,adtool,23/2/23,TRUE
pypi,tkcalenda,11/2/23,FALSE
pypi,libosintramcontrol,26/2/23,TRUE
pypi,selfcraftpipvirtual,27/2/23,TRUE
pypi,py-pinggrandping,25/2/23,TRUE
pypi,esqvmnvidiacc,25/2/23,TRUE
pypi,esqccencode,25/2/23,TRUE
pypi,libultrapushload,25/2/23,TRUE
pypi,esqvergameosint,25/2/23,TRUE
pypi,pushpaypal,25/2/23,TRUE
pypi,selfrandsplitre,27/2/23,TRUE
pypi,ferqtrade,9/2/23,FALSE
pypi,liblibint,25/2/23,TRUE
pypi,biitcoinlib,9/2/23,FALSE
pypi,libencodegrandhttp,27/2/23,TRUE
pypi,selfgrandrand,25/2/23,TRUE
pypi,hydravisa,24/2/23,TRUE
pypi,guihttp,23/2/23,TRUE
pypi,esqloadpaypalad,27/2/23,TRUE
pypi,lyft-exceptions,17/3/24,FALSE
pypi,tprelibpost,25/2/23,TRUE
pypi,pywpong,25/2/23,TRUE
pypi,py-killint,25/2/23,TRUE
pypi,esqstudyinttool,26/2/23,TRUE
pypi,selfednvidiatool,27/2/23,TRUE
pypi,esqadpostver,27/2/23,TRUE
pypi,py-controlmask,25/2/23,TRUE
pypi,py-pepproof,25/2/23,TRUE
pypi,toolcpu,23/2/23,TRUE
pypi,esqvisaurlstring,26/2/23,TRUE
pypi,ramcpu,24/2/23,TRUE
pypi,nvidiatool,25/2/23,TRUE
pypi,tpproofpongint,25/2/23,TRUE
pypi,vmtool,23/2/23,TRUE
pypi,liblibad,25/2/23,TRUE
pypi,py-vmrandomsuper,25/2/23,TRUE
pypi,py-maskhacked,25/2/23,TRUE
pypi,tpkillpipram,27/2/23,TRUE
pypi,py-studypaypal,25/2/23,TRUE
pypi,py-intinfo,25/2/23,TRUE
pypi,selfpingmaskstring,25/2/23,TRUE
pypi,py-paypalgetmine,26/2/23,TRUE
pypi,esqccpygrand,25/2/23,TRUE
pypi,selfgamestringpush,25/2/23,TRUE
pypi,controlvm,24/2/23,TRUE
pypi,selfmaskstudyint,25/2/23,TRUE
pypi,ultravm,23/2/23,TRUE
pypi,pippep,24/2/23,TRUE
pypi,selfguiproofad,27/2/23,TRUE
pypi,tpstrintnvidia,25/2/23,TRUE
pypi,py-pingpipkill,27/2/23,TRUE
pypi,randmine,25/2/23,TRUE
pypi,hydralib,24/2/23,TRUE
pypi,esqrepymc,27/2/23,TRUE
pypi,esqsplitping,25/2/23,TRUE
pypi,libpullurlcandy,27/2/23,TRUE
pypi,esqpywpepcraft,27/2/23,TRUE
pypi,python-inance,10/2/23,FALSE
pypi,infonvidia,25/2/23,TRUE
pypi,pywkill,25/2/23,TRUE
pypi,py-studyguicontrol,25/2/23,TRUE
pypi,tppyinfo,25/2/23,TRUE
pypi,tposintvirtual,25/2/23,TRUE
pypi,esqloadvisa,25/2/23,TRUE
pypi,tpsplitverpy,25/2/23,TRUE
pypi,postencode,25/2/23,TRUE
pypi,pywinfo,24/2/23,TRUE
pypi,rehttp,23/2/23,TRUE
pypi,py-regrand,25/2/23,TRUE
pypi,virtualgame,24/2/23,TRUE
pypi,craftram,24/2/23,TRUE
pypi,libcvcandycontrol,27/2/23,TRUE
pypi,py-ponghacked,25/2/23,TRUE
pypi,pyintaller,10/2/23,FALSE
pypi,libstringrandkill,27/2/23,TRUE
pypi,esqcraftpipget,27/2/23,TRUE
pypi,selfstudyrecontrol,25/2/23,TRUE
pypi,selfmccv,25/2/23,TRUE
pypi,esqccmask,25/2/23,TRUE
pypi,selfpywpushhacked,27/2/23,TRUE
pypi,py-minelibcc,25/2/23,TRUE
pypi,libpycontrolsuper,25/2/23,TRUE
pypi,libhttpcc,25/2/23,TRUE
pypi,ytorch,10/2/23,FALSE
pypi,selfguistudyosint,25/2/23,TRUE
pypi,visavm,24/2/23,TRUE
pypi,selfinfoencodegame,26/2/23,TRUE
pypi,libtoolloadsplit,26/2/23,TRUE
pypi,selfsuperedping,27/2/23,TRUE
pypi,pyinnstaller,10/2/23,FALSE
pypi,adcpu,23/2/23,TRUE
pypi,selfhackedinfo,25/2/23,TRUE
pypi,toolnvidia,25/2/23,TRUE
pypi,libgetpullmine,25/2/23,TRUE
pypi,libhydraregame,25/2/23,TRUE
pypi,esqlibpepgrand,27/2/23,TRUE
pypi,freqtrdae,9/2/23,FALSE
pypi,esqgettoolvm,26/2/23,TRUE
pypi,randomvisa,25/2/23,TRUE
pypi,selfsupergui,25/2/23,TRUE
pypi,craftinfo,24/2/23,TRUE
pypi,libcontrol,24/2/23,TRUE
pypi,tpmaskencodehacked,27/2/23,TRUE
pypi,esqpongram,25/2/23,TRUE
pypi,libpostpushping,25/2/23,TRUE
pypi,py-revisaram,27/2/23,TRUE
pypi,libkillrandcandy,25/2/23,TRUE
pypi,mccpu,24/2/23,TRUE
pypi,selfhttpreplacestudy,27/2/23,TRUE
pypi,esqinthacked,25/2/23,TRUE
pypi,tpgrandsplitcv,25/2/23,TRUE
pypi,py-vmvm,25/2/23,TRUE
pypi,librandomintelkill,27/2/23,TRUE
pypi,esqgrandpyinfo,26/2/23,TRUE
pypi,selfpepstudylib,26/2/23,TRUE
pypi,py-superrecc,27/2/23,TRUE
pypi,esqhydraproof,25/2/23,TRUE
pypi,cccraft,24/2/23,TRUE
pypi,telethon2,21/9/23,TRUE
pypi,lgtbad,25/2/23,FALSE
pypi,esqramed,25/2/23,TRUE
pypi,py-replacepushrand,26/2/23,TRUE
pypi,gameproof,24/2/23,TRUE
pypi,randomrandom,25/2/23,TRUE
pypi,libpostint,25/2/23,TRUE
pypi,libstudypipstring,27/2/23,TRUE
pypi,stringencode,25/2/23,TRUE
pypi,esqpullmine,25/2/23,TRUE
pypi,esqcpucontrolmine,27/2/23,TRUE
pypi,proofget,24/2/23,TRUE
pypi,libcrafthackedsplit,3/3/23,TRUE
pypi,libmcrever,26/2/23,TRUE
pypi,esqurllgtbpaypal,25/2/23,FALSE
pypi,tphydratoolsplit,9/3/23,FALSE
pypi,selfkillcontrollib,27/2/23,TRUE
pypi,tpcpustrvm,27/2/23,TRUE
pypi,vmed,25/2/23,TRUE
pypi,esqcandygrandtool,25/2/23,TRUE
pypi,pullmc,25/2/23,TRUE
pypi,selfsplithackedgrand,25/2/23,TRUE
pypi,this-is-malware,25/5/23,FALSE
pypi,esqverlibosint,26/2/23,TRUE
pypi,controlpip,24/2/23,TRUE
pypi,beeautifulsoup,11/2/23,FALSE
pypi,selfencodekillvirtual,27/2/23,TRUE
pypi,selfcvpushpull,27/2/23,TRUE
pypi,esqlibadpong,26/2/23,TRUE
pypi,esqintencodecontrol,27/2/23,TRUE
pypi,bitcoinnlib,9/2/23,FALSE
pypi,psuti,11/2/23,FALSE
pypi,tpguistring,25/2/23,TRUE
pypi,libultracc,25/2/23,TRUE
pypi,selfrepushencode,25/2/23,TRUE
pypi,pyefflorer,5/10/23,TRUE
pypi,cvget,24/2/23,TRUE
pypi,esqcontrolint,25/2/23,TRUE
pypi,esqminestudyurl,25/2/23,TRUE
pypi,selfhydralib,25/2/23,TRUE
pypi,py-encodestring,25/2/23,TRUE
pypi,selfverhackedpost,25/2/23,TRUE
pypi,selfpingcpuad,25/2/23,TRUE
pypi,scikit-leanr,10/2/23,FALSE
pypi,hydragame,25/2/23,TRUE
pypi,pyoscks,11/2/23,FALSE
pypi,py-studycontrol,25/2/23,TRUE
pypi,cpupip,24/2/23,TRUE
pypi,tpvmhydragrand,25/2/23,TRUE
pypi,py-librandom,25/2/23,TRUE
pypi,requests-toolbbelt,11/2/23,FALSE
pypi,pndas,10/2/23,FALSE
pypi,paypalsplit,25/2/23,TRUE
pypi,selfpepmaskmask,25/2/23,TRUE
pypi,libhackedloadtool,27/2/23,TRUE
pypi,beautifulsup,11/2/23,FALSE
pypi,python-aliyun-sdk-kms,14/8/23,TRUE
pypi,tppostrandomosint,25/2/23,TRUE
pypi,adpaypal,25/2/23,TRUE
pypi,py-hackedcontrol,25/2/23,TRUE
pypi,py-pushcc,25/2/23,TRUE
pypi,libstrpong,25/2/23,TRUE
pypi,minehttp,24/2/23,TRUE
pypi,esqkillramed,27/2/23,TRUE
pypi,selfrandcraftreplace,27/2/23,TRUE
pypi,controlsuper,24/2/23,TRUE
pypi,libhttplgtbtool,25/2/23,FALSE
pypi,libsplitvirtualload,27/2/23,TRUE
pypi,libcraftre,25/2/23,TRUE
pypi,tpstringmcstring,25/2/23,TRUE
pypi,wesbocket-client,11/2/23,FALSE
pypi,selfmccc,25/2/23,TRUE
pypi,tpstudypingrand,27/2/23,TRUE
pypi,supergui,23/2/23,TRUE
pypi,pymocks,30/8/22,FALSE
pypi,esqkillgame,25/2/23,TRUE
pypi,keras-beautifulsoup,20/5/23,FALSE
pypi,gitpytohn,11/2/23,FALSE
pypi,cpuad,24/2/23,TRUE
pypi,pipsuper,23/2/23,TRUE
pypi,tplibpullpyw,27/2/23,TRUE
pypi,py-toolreplacelib,26/2/23,TRUE
pypi,intelpy,25/2/23,TRUE
pypi,esqstudyguiping,25/2/23,TRUE
pypi,tpguiintelget,27/2/23,TRUE
pypi,tpintelpullcpu,7/3/23,FALSE
pypi,httpcraft,24/2/23,TRUE
pypi,beatifulsoup,11/2/23,FALSE
pypi,ccping,25/2/23,TRUE
pypi,recpu,23/2/23,TRUE
pypi,idscord-py,11/2/23,FALSE
pypi,libpywgui,25/2/23,TRUE
pypi,py-getcvad,27/2/23,TRUE
pypi,loadsuper,23/2/23,TRUE
pypi,ramcandy,23/2/23,TRUE
pypi,py-intpywcandy,27/2/23,TRUE
pypi,cvcraft,24/2/23,TRUE
pypi,py-stringadvm,25/2/23,TRUE
pypi,tppywgetload,25/2/23,TRUE
pypi,libramccload,25/2/23,TRUE
pypi,selfencodepinghydra,25/2/23,TRUE
pypi,prompt-oolkit,11/2/23,FALSE
pypi,libcvpiphttp,25/2/23,TRUE
pypi,selflgtbcontrolpyw,27/2/23,FALSE
pypi,libstr,25/2/23,TRUE
pypi,urllb3,11/2/23,FALSE
pypi,remine,23/2/23,TRUE
pypi,libmasksplittool,26/2/23,TRUE
pypi,tpproofmcultra,26/2/23,TRUE
pypi,libpullgui,25/2/23,TRUE
pypi,yfinnace,9/2/23,FALSE
pypi,esqrandomurlhydra,27/2/23,TRUE
pypi,maskcandy,24/2/23,TRUE
pypi,tprandomultravisa,26/2/23,TRUE
pypi,selfverlgtbrand,25/2/23,FALSE
pypi,kokokoako,26/9/23,TRUE
pypi,python-binnance,10/2/23,FALSE
pypi,tpcvhydrastring,25/2/23,TRUE
pypi,selfultrapywsuper,25/2/23,TRUE
pypi,selfcandyhttpnvidia,27/2/23,TRUE
pypi,selennium,10/2/23,FALSE
pypi,cryptocomparre,9/2/23,FALSE
pypi,selflgtbproofgrand,25/2/23,FALSE
pypi,selfmineencodeproof,25/2/23,TRUE
pypi,guicpu,23/2/23,TRUE
pypi,bitcoinliib,9/2/23,FALSE
pypi,liblgtbnvidiacontrol,25/2/23,FALSE
pypi,tppingloadgui,27/2/23,TRUE
pypi,py-killtoolad,26/2/23,TRUE
pypi,tpinfocved,27/2/23,TRUE
pypi,paypalhacked,25/2/23,TRUE
pypi,selfosintcv,25/2/23,TRUE
pypi,selfpepad,25/2/23,TRUE
pypi,py-pippip,25/2/23,TRUE
pypi,selfvirtualloadrand,27/2/23,TRUE
pypi,tpintelloadcc,27/2/23,TRUE
pypi,colorrama,10/2/23,FALSE
pypi,libpyinfogui,25/2/23,TRUE
pypi,candyrandom,25/2/23,TRUE
pypi,py-nvidiastringreplace,27/2/23,TRUE
pypi,pipre,24/2/23,TRUE
pypi,py-pylibmine,25/2/23,TRUE
pypi,py-killinfo,25/2/23,TRUE
pypi,cpucandy,24/2/23,TRUE
pypi,py-verstrosint,27/2/23,TRUE
pypi,selfgetlgtbrand,27/2/23,FALSE
pypi,sciit-learn,10/2/23,FALSE
pypi,tpkillrandpull,25/2/23,TRUE
pypi,selfhttpinfo,25/2/23,TRUE
pypi,splitnvidia,25/2/23,TRUE
pypi,requess,31/5/22,FALSE
pypi,virtualcc,24/2/23,TRUE
pypi,esqlibcontrol,25/2/23,TRUE
pypi,vmnvidia,25/2/23,TRUE
pypi,esqlibstudy,25/2/23,TRUE
pypi,tpreramcpu,25/2/23,TRUE
pypi,getcpu,24/2/23,TRUE
pypi,loadcv,24/2/23,TRUE
pypi,tplgtbload,25/2/23,FALSE
pypi,iiris-new,9/5/23,FALSE
pypi,libvisarand,25/2/23,TRUE
pypi,esqcvultralgtb,26/2/23,FALSE
pypi,libvmlgtbpyw,26/2/23,FALSE
pypi,selfpywgame,25/2/23,TRUE
pypi,esqproofsuperget,25/2/23,TRUE
pypi,py-maskgrandcandy,25/2/23,TRUE
pypi,py-splitpullvisa,25/2/23,TRUE
pypi,craftultra,24/2/23,TRUE
pypi,selfpaypalram,25/2/23,TRUE
pypi,selfminepywgui,27/2/23,TRUE
pypi,esqtoolnvidia,25/2/23,TRUE
pypi,guimine,23/2/23,TRUE
pypi,esqhttpgetmask,27/2/23,TRUE
pypi,tpramvirtual,25/2/23,TRUE
pypi,esqpongnvidiapull,25/2/23,TRUE
pypi,libmcmine,25/2/23,TRUE
pypi,esqvmvisa,25/2/23,TRUE
pypi,tpcontrolkillrandom,26/2/23,TRUE
pypi,urlpyw,23/2/23,TRUE
pypi,selfinfocraftlib,25/2/23,TRUE
pypi,websocekt-client,11/2/23,FALSE
pypi,liblgtbkillhacked,27/2/23,FALSE
pypi,selfpostsuper,25/2/23,TRUE
pypi,libmcpep,25/2/23,TRUE
pypi,py-splitgamecraft,25/2/23,TRUE
pypi,randomultra,25/2/23,TRUE
pypi,esqmaskpostgame,25/2/23,TRUE
pypi,tpcraftcandypyw,26/2/23,TRUE
pypi,py-gameintelpull,27/2/23,TRUE
pypi,libccvmcraft,25/2/23,TRUE
pypi,selfmaskintelpong,27/2/23,TRUE
pypi,libpullpull,25/2/23,TRUE
pypi,infohydra,24/2/23,TRUE
pypi,selfpongvisanvidia,27/2/23,TRUE
pypi,rrequests-toolbelt,11/2/23,FALSE
pypi,selfadpush,25/2/23,TRUE
pypi,esqedintelint,25/2/23,TRUE
pypi,pepgrand,24/2/23,TRUE
pypi,py-raminfo,25/2/23,TRUE
pypi,py-supervirtualmc,27/2/23,TRUE
pypi,websocket-cliennt,11/2/23,FALSE
pypi,opeenpyxl,11/2/23,FALSE
pypi,hydraproof,24/2/23,TRUE
pypi,selfgetstudyram,8/3/23,FALSE
pypi,pylint-sys,20/5/23,FALSE
pypi,libpushgetkill,26/2/23,TRUE
pypi,py-lgtbosintproof,25/2/23,FALSE
pypi,esqrepyvirtual,25/2/23,TRUE
pypi,selfproofpingpaypal,25/2/23,TRUE
pypi,libgamehacked,25/2/23,TRUE
pypi,esqvermaskping,25/2/23,TRUE
pypi,esqminepymc,26/2/23,TRUE
pypi,libstudypyw,25/2/23,TRUE
pypi,httpurl,23/2/23,TRUE
pypi,py-studyedstr,27/2/23,TRUE
pypi,randomgame,25/2/23,TRUE
pypi,tprandcandy,25/2/23,TRUE
pypi,tpstrlibhydra,27/2/23,TRUE
pypi,ccre,24/2/23,TRUE
pypi,librandcraft,25/2/23,TRUE
pypi,selfcraftramnvidia,27/2/23,TRUE
pypi,tpultraintel,25/2/23,TRUE
pypi,libpostmcstudy,27/2/23,TRUE
pypi,simplejsno,11/2/23,FALSE
pypi,encodetool,25/2/23,TRUE
pypi,esqadintelpong,26/2/23,TRUE
pypi,selfurlload,25/2/23,TRUE
pypi,sqlalchemy-requests,20/5/23,FALSE
pypi,selfsplitultra,25/2/23,TRUE
pypi,business-kpi-manager,18/3/24,FALSE
pypi,osintpaypal,25/2/23,TRUE
pypi,selfmineguipyw,25/2/23,TRUE
pypi,controlmine,25/2/23,TRUE
pypi,libpingurl,25/2/23,TRUE
pypi,esqgrandcandyload,25/2/23,TRUE
pypi,selfrandompostinfo,26/2/23,TRUE
pypi,cryptofed,9/2/23,FALSE
pypi,selflibrandomcv,25/2/23,TRUE
pypi,selfloadnvidiapip,25/2/23,TRUE
pypi,esqtoolultralgtb,27/2/23,FALSE
pypi,pandsa,10/2/23,FALSE
pypi,esqcraftrandnvidia,25/2/23,TRUE
pypi,selfccvirtualgame,7/3/23,FALSE
pypi,tensorfloow,10/2/23,FALSE
pypi,selfponged,25/2/23,TRUE
pypi,remc,24/2/23,TRUE
pypi,tppyliblgtb,25/2/23,FALSE
pypi,libcvcontrolhydra,26/2/23,TRUE
pypi,vpyer,9/2/23,FALSE
pypi,tploadpingrand,25/2/23,TRUE
pypi,py-httpvirtualmask,27/2/23,TRUE
pypi,esqsuperintelmc,25/2/23,TRUE
pypi,maskgame,24/2/23,TRUE
pypi,gamestr,25/2/23,TRUE
pypi,requsets-toolbelt,11/2/23,FALSE
pypi,libstringgameload,26/2/23,TRUE
pypi,selfadedcandy,27/2/23,TRUE
pypi,selfultramineint,27/2/23,TRUE
pypi,selfpaypalmasktool,25/2/23,TRUE
pypi,py-killlibrand,27/2/23,TRUE
pypi,tpkillpywpost,25/2/23,TRUE
pypi,selfcraftlibpong,25/2/23,TRUE
pypi,opennpyxl,11/2/23,FALSE
pypi,esqsuperpyw,25/2/23,TRUE
pypi,selfvisavm,25/2/23,TRUE
pypi,selfstudytool,25/2/23,TRUE
pypi,py-toolpipproof,25/2/23,TRUE
pypi,libreplaceultraintel,27/2/23,TRUE
pypi,selframpushrand,25/2/23,TRUE
pypi,selfcvcvsuper,27/2/23,TRUE
pypi,gitptyhon,11/2/23,FALSE
pypi,selfcraftint,25/2/23,TRUE
pypi,libvirtualpostcc,26/2/23,TRUE
pypi,selfrehttp,25/2/23,TRUE
pypi,discorrd-webhook,11/2/23,FALSE
pypi,selfcontrolmaskreplace,27/2/23,TRUE
pypi,cvvisa,24/2/23,TRUE
pypi,esqstringsupergui,26/2/23,TRUE
pypi,esqcrafted,25/2/23,TRUE
pypi,weboscket-client,11/2/23,FALSE
pypi,esqencodecandyencode,25/2/23,TRUE
pypi,esqvirtualkillint,27/2/23,TRUE
pypi,selfpongnvidia,25/2/23,TRUE
pypi,esqpushpullreplace,25/2/23,TRUE
pypi,ramre,23/2/23,TRUE
pypi,getmine,24/2/23,TRUE
pypi,beautifullsoup4,10/2/23,FALSE
pypi,py-ramintelpull,25/2/23,TRUE
pypi,py-edpush,25/2/23,TRUE
pypi,pullpip,25/2/23,TRUE
pypi,py-controlcontrolmc,27/2/23,TRUE
pypi,tnsorflow,10/2/23,FALSE
pypi,selfpyver,25/2/23,TRUE
pypi,killpush,25/2/23,TRUE
pypi,libcccvpull,27/2/23,TRUE
pypi,libcontrolvirtual,25/2/23,TRUE
pypi,nvkvictim-poc,4/10/23,FALSE
pypi,py-guiurlkill,26/2/23,TRUE
pypi,selfencodevmcontrol,25/2/23,TRUE
pypi,simplejsonn,11/2/23,FALSE
pypi,splithydra,25/2/23,TRUE
pypi,cvre,24/2/23,TRUE
pypi,loadinfo,23/2/23,TRUE
pypi,esqsplitultrasuper,25/2/23,TRUE
pypi,websockte-client,11/2/23,FALSE
pypi,lyft-service,23/3/24,FALSE
pypi,py-httpreplace,25/2/23,TRUE
pypi,py-craftreplaceproof,25/2/23,TRUE
pypi,itpython,11/2/23,FALSE
pypi,visaget,24/2/23,TRUE
pypi,nvidialib,25/2/23,TRUE
pypi,esqedstringver,25/2/23,TRUE
pypi,tpccosint,25/2/23,TRUE
pypi,loadkill,25/2/23,TRUE
pypi,py-guistrcraft,25/2/23,TRUE
pypi,selftoolvirtualpep,26/2/23,TRUE
pypi,libpongpyw,25/2/23,TRUE
pypi,esqencodeadping,27/2/23,TRUE
pypi,loadurl,23/2/23,TRUE
pypi,tploadgui,25/2/23,TRUE
pypi,selfcvmineget,27/2/23,TRUE
pypi,pysoccks,11/2/23,FALSE
pypi,py-pushguire,27/2/23,TRUE
pypi,libtoolstudy,25/2/23,TRUE
pypi,tpintelcpurandom,27/2/23,TRUE
pypi,crypotfeed,9/2/23,FALSE
pypi,mineintel,25/2/23,TRUE
pypi,killcc,25/2/23,TRUE
pypi,cvver,25/2/23,TRUE
pypi,py-cvstrpyw,26/2/23,TRUE
pypi,selfcpuloadnvidia,26/2/23,TRUE
pypi,libstudyguipip,26/2/23,TRUE
pypi,tpvmpipsplit,27/2/23,TRUE
pypi,selfloadcc,25/2/23,TRUE
pypi,esqnvidiainfo,25/2/23,TRUE
pypi,py-hackedultralgtb,25/2/23,FALSE
pypi,toolload,24/2/23,TRUE
pypi,libhttpkill,25/2/23,TRUE
pypi,esqmccpunvidia,27/2/23,TRUE
pypi,selfosintlgtbstr,3/3/23,FALSE
pypi,toolmask,24/2/23,TRUE
pypi,esqccstringmask,12/3/23,FALSE
pypi,progessbar2,11/2/23,FALSE
pypi,adcraft,23/2/23,TRUE
pypi,py-craftguire,25/2/23,TRUE
pypi,cpumask,24/2/23,TRUE
pypi,selfgamekilltool,25/2/23,TRUE
pypi,liblibpingad,25/2/23,TRUE
pypi,liblgtbproofpy,25/2/23,FALSE
pypi,tpmaskpaypalping,27/2/23,TRUE
pypi,beautiulsoup,11/2/23,FALSE
pypi,pykokalalz,25/9/23,TRUE
pypi,selfintelguimc,25/2/23,TRUE
pypi,py-pywvisahydra,3/3/23,TRUE
pypi,esqnvidiakill,25/2/23,TRUE
pypi,py-postget,25/2/23,TRUE
pypi,liblibed,25/2/23,TRUE
pypi,selfvirtualstrsuper,25/2/23,TRUE
pypi,soana,9/2/23,FALSE
pypi,tpcpumcsuper,27/2/23,TRUE
pypi,py-cpucandy,25/2/23,TRUE
pypi,py-urlmcvisa,27/2/23,TRUE
pypi,py-lgtbping,25/2/23,FALSE
pypi,esqrandhacked,25/2/23,TRUE
pypi,libnvidiacpustr,27/2/23,TRUE
pypi,grandmask,24/2/23,TRUE
pypi,esqpipgrand,25/2/23,TRUE
pypi,esqhttpcraftpong,25/2/23,TRUE
pypi,grandload,24/2/23,TRUE
pypi,liblibpostcc,27/2/23,TRUE
pypi,esqpingadcandy,25/2/23,TRUE
pypi,selfpipcandy,25/2/23,TRUE
pypi,progresbsar2,11/2/23,FALSE
pypi,libpushinfogrand,26/2/23,TRUE
pypi,scikit-larn,10/2/23,FALSE
pypi,tpmcinfoping,25/2/23,TRUE
pypi,libpepreplacegui,25/2/23,TRUE
pypi,selfkillvirtualhydra,25/2/23,TRUE
pypi,esqproofvisacandy,27/2/23,TRUE
pypi,selfinfovisakill,26/2/23,TRUE
pypi,tppepgui,25/2/23,TRUE
pypi,tensorlow,10/2/23,FALSE
pypi,selfurlrandomver,27/2/23,TRUE
pypi,esqinfoinfoosint,25/2/23,TRUE
pypi,pipvisa,24/2/23,TRUE
pypi,libosintcvkill,26/2/23,TRUE
pypi,libosintkill,25/2/23,TRUE
pypi,coloarma,10/2/23,FALSE
pypi,tprandpull,25/2/23,TRUE
pypi,selfccverosint,25/2/23,TRUE
pypi,esqvirtualpywgrand,25/2/23,TRUE
pypi,posthttp,23/2/23,TRUE
pypi,selfmaskvisa,25/2/23,TRUE
pypi,py-urlencodegrand,27/2/23,TRUE
pypi,cxt,9/2/23,TRUE
pypi,py-virtualencodevirtual,26/2/23,TRUE
pypi,tcalendar,11/2/23,FALSE
pypi,libsuperpostcc,27/2/23,TRUE
pypi,ssimplejson,11/2/23,FALSE
pypi,esqccvirtual,25/2/23,TRUE
pypi,tpstrposturl,27/2/23,TRUE
pypi,ccxxt,9/2/23,TRUE
pypi,selfhackedccmc,25/2/23,TRUE
pypi,libedpywhttp,26/2/23,TRUE
pypi,selfpywreplace,25/2/23,TRUE
pypi,py-edpip,25/2/23,TRUE
pypi,py-stringpingpost,26/2/23,TRUE
pypi,tptoollgtbhttp,25/2/23,FALSE
pypi,selfsplitcpuload,25/2/23,TRUE
pypi,py-killintel,25/2/23,TRUE
pypi,matplotlib-flask,20/5/23,FALSE
pypi,minegui,23/2/23,TRUE
pypi,libosintinfo,25/2/23,TRUE
pypi,selfmaskhydravm,27/2/23,TRUE
pypi,lgtbultra,25/2/23,FALSE
pypi,getcraft,23/2/23,TRUE
pypi,fredmi,1/1/23,FALSE
pypi,libmcget,25/2/23,TRUE
pypi,pycodesytle,11/2/23,FALSE
pypi,libguivisastring,26/2/23,TRUE
pypi,pycodesstyle,11/2/23,FALSE
pypi,py-nvidiakill,25/2/23,TRUE
pypi,cpuram,23/2/23,TRUE
pypi,tploadgrand,25/2/23,TRUE
pypi,encodepong,25/2/23,TRUE
pypi,cryptoffeed,9/2/23,FALSE
pypi,aaiohttp,10/2/23,FALSE
pypi,esqedcpumask,25/2/23,TRUE
pypi,py-adreplaceinfo,26/2/23,TRUE
pypi,tpedstringurl,27/2/23,TRUE
pypi,py-ccvmpy,27/2/23,TRUE
pypi,esqintstudy,25/2/23,TRUE
pypi,esqstudypiprand,27/2/23,TRUE
pypi,py-pepgrand,25/2/23,TRUE
pypi,progresbar2,11/2/23,FALSE
pypi,esqguipycc,27/2/23,TRUE
pypi,tpreplacegrandrandom,27/2/23,TRUE
pypi,disscord-py,11/2/23,FALSE
pypi,intcontrol,25/2/23,TRUE
pypi,py-mcrandom,25/2/23,TRUE
pypi,selfvisahydrastudy,27/2/23,TRUE
pypi,vper,9/2/23,FALSE
pypi,py-mcultracraft,12/3/23,FALSE
pypi,discord-wwebhook,11/2/23,FALSE
pypi,infomask,24/2/23,TRUE
pypi,selftoolmask,25/2/23,TRUE
pypi,libgrandosintencode,25/2/23,TRUE
pypi,adrandom,25/2/23,TRUE
pypi,libvergameurl,25/2/23,TRUE
pypi,py-paypalpongosint,27/2/23,TRUE
pypi,infoload,23/2/23,TRUE
pypi,selfvisavisacpu,27/2/23,TRUE
pypi,tpstudyvirtual,25/2/23,TRUE
pypi,py-studymaskultra,26/2/23,TRUE
pypi,esqlibver,25/2/23,TRUE
pypi,libmccraftpush,27/2/23,TRUE
pypi,tpmcrandpyw,25/2/23,TRUE
pypi,py-strnvidia,25/2/23,TRUE
pypi,py-maskosintpull,25/2/23,TRUE
pypi,loadmc,23/2/23,TRUE
pypi,pipget,24/2/23,TRUE
pypi,tpedstrproof,8/3/23,FALSE
pypi,edurl,25/2/23,TRUE
pypi,py-proofreplacestudy,27/2/23,TRUE
pypi,py-maskinfostudy,25/2/23,TRUE
pypi,ccgui,24/2/23,TRUE
pypi,esqmcpepgrand,25/2/23,TRUE
pypi,grandhydra,25/2/23,TRUE
pypi,bictoinlib,9/2/23,FALSE
pypi,bitcooinlib,9/2/23,FALSE
pypi,controlram,24/2/23,TRUE
pypi,visaultra,24/2/23,TRUE
pypi,yfinaance,9/2/23,FALSE
pypi,libvmnvidia,25/2/23,TRUE
pypi,coloramaa,10/2/23,FALSE
pypi,pytorh,10/2/23,FALSE
pypi,esqsplitosintmask,25/2/23,TRUE
pypi,py-mcloadtool,27/2/23,TRUE
pypi,selfvmadver,27/2/23,TRUE
pypi,selfinfoint,25/2/23,TRUE
pypi,tpreplacepushstudy,27/2/23,TRUE
pypi,libmaskosinthydra,27/2/23,TRUE
pypi,controlcandy,24/2/23,TRUE
pypi,tpsuperpyw,25/2/23,TRUE
pypi,tppyhydraurl,25/2/23,TRUE
pypi,esqrandlgtb,25/2/23,FALSE
pypi,tpvisaguipost,26/2/23,TRUE
pypi,tpramvisapush,27/2/23,TRUE
pypi,tppullosintcv,25/2/23,TRUE
pypi,librereplacereplace,2/3/23,TRUE
pypi,py-httpkill,25/2/23,TRUE
pypi,esqurlencodead,9/3/23,FALSE
pypi,selfcvedpep,27/2/23,TRUE
pypi,py-pongtoolkill,25/2/23,TRUE
pypi,postmine,24/2/23,TRUE
pypi,ultraurl,24/2/23,TRUE
pypi,pipcandy,23/2/23,TRUE
pypi,pywlib,24/2/23,TRUE
pypi,maskre,24/2/23,TRUE
pypi,esqpyvmrand,25/2/23,TRUE
pypi,tpintelvercandy,27/2/23,TRUE
pypi,py-gameremc,25/2/23,TRUE
pypi,libgetvirtualget,25/2/23,TRUE
pypi,maskvisa,24/2/23,TRUE
pypi,browserdiv,30/8/22,FALSE
pypi,py-replacepingencode,27/2/23,TRUE
pypi,python-bnance,10/2/23,FALSE
pypi,liburlstrstring,27/2/23,TRUE
pypi,py-pullhackedurl,27/2/23,TRUE
pypi,pywtool,23/2/23,TRUE
pypi,py-randreplace,25/2/23,TRUE
pypi,websocket-cllient,11/2/23,FALSE
pypi,loadcandy,23/2/23,TRUE
pypi,libcandy,23/2/23,TRUE
pypi,pilolw,11/2/23,FALSE
pypi,tkccalendar,11/2/23,FALSE
pypi,kangpy,30/4/23,FALSE
pypi,selfgamegamegui,25/2/23,TRUE
pypi,intellib,25/2/23,TRUE
pypi,tpmcedtool,27/2/23,TRUE
pypi,ramsuper,24/2/23,TRUE
pypi,selfcontrolgetstr,27/2/23,TRUE
pypi,infourl,24/2/23,TRUE
pypi,libcraftlgtbload,8/3/23,FALSE
pypi,guicraft,24/2/23,TRUE
pypi,esqhydraedcc,26/2/23,TRUE
pypi,tppinghackedrand,25/2/23,TRUE
pypi,py-candycvproof,25/2/23,TRUE
pypi,craftpip,23/2/23,TRUE
pypi,wbesocket-client,11/2/23,FALSE
pypi,esqvirtualgame,25/2/23,TRUE
pypi,py-pingedpyw,27/2/23,TRUE
pypi,tpurled,25/2/23,TRUE
pypi,py-libhttpmc,25/2/23,TRUE
pypi,tpverloadtool,25/2/23,TRUE
pypi,masksuper,24/2/23,TRUE
pypi,pyocdestyle,11/2/23,FALSE
pypi,selftoolverpip,27/2/23,TRUE
pypi,vmgrand,23/2/23,TRUE
pypi,py-libhttpreplace,27/2/23,TRUE
pypi,esqpushhttp,25/2/23,FALSE
pypi,crafttool,23/2/23,TRUE
pypi,infoosint,25/2/23,TRUE
pypi,py-ramrandgrand,26/2/23,TRUE
pypi,selfrandomram,25/2/23,TRUE
pypi,dependency1338,18/6/23,FALSE
pypi,vernvidia,25/2/23,TRUE
pypi,libintelccload,25/2/23,TRUE
pypi,py-vernvidia,25/2/23,TRUE
pypi,py-mcvirtualpy,25/2/23,TRUE
pypi,tpvisahydracpu,25/2/23,TRUE
pypi,selfcpulibpull,27/2/23,TRUE
pypi,rrequests,31/5/22,FALSE
pypi,freqtrae,9/2/23,FALSE
pypi,tppipgrand,25/2/23,TRUE
pypi,libosintultrapyw,27/2/23,TRUE
pypi,libsuperinfo,25/2/23,TRUE
pypi,selfintsuper,25/2/23,TRUE
pypi,verosint,25/2/23,TRUE
pypi,pulllgtb,25/2/23,FALSE
pypi,cpusuper,24/2/23,TRUE
pypi,tensorfflow,10/2/23,FALSE
pypi,pipgame,23/2/23,TRUE
pypi,py-mcosintmc,26/2/23,TRUE
pypi,cvpep,24/2/23,TRUE
pypi,selfloadccpull,27/2/23,TRUE
pypi,vminfo,23/2/23,TRUE
pypi,selfedsplitvirtual,25/2/23,TRUE
pypi,pyinstalller,10/2/23,FALSE
pypi,libadpaypal,25/2/23,TRUE
pypi,librandgetvisa,27/2/23,TRUE
pypi,openpyxll,11/2/23,FALSE
pypi,py-craftram,25/2/23,TRUE
pypi,paypalgame,25/2/23,TRUE
pypi,beautifulsoupp,11/2/23,FALSE
pypi,ypthon-binance,10/2/23,FALSE
pypi,tpmaskstudy,25/2/23,TRUE
pypi,esqverosintint,27/2/23,TRUE
pypi,prgoressbar2,11/2/23,FALSE
pypi,websocket-clinet,11/2/23,FALSE
pypi,py-proofccmask,26/2/23,TRUE
pypi,simplejso,11/2/23,FALSE
pypi,py-maskmaskintel,25/2/23,TRUE
pypi,tpcandyrandping,27/2/23,TRUE
pypi,libmclibed,27/2/23,TRUE
pypi,tpminevirtual,25/2/23,TRUE
pypi,libpepram,25/2/23,TRUE
pypi,py-pyproofinfo,26/2/23,TRUE
pypi,selfproofstudyvisa,25/2/23,TRUE
pypi,libcraftsplithacked,26/2/23,TRUE
pypi,proofpep,24/2/23,TRUE
pypi,websoket-client,11/2/23,FALSE
pypi,libpostponglgtb,27/2/23,FALSE
pypi,sikit-learn,10/2/23,FALSE
pypi,selframcandysplit,25/2/23,TRUE
pypi,esqkillproofcv,26/2/23,TRUE
pypi,esqrehydraencode,25/2/23,TRUE
pypi,selfrandomhydratool,25/2/23,TRUE
pypi,selfpepmask,25/2/23,TRUE
pypi,selfcvhackedre,25/2/23,TRUE
pypi,dicsord-webhook,11/2/23,FALSE
pypi,esqreplacegame,25/2/23,TRUE
pypi,gethttp,24/2/23,TRUE
pypi,libpipultravirtual,7/5/23,FALSE
pypi,infoad,24/2/23,TRUE
pypi,bitcoilnib,9/2/23,FALSE
pypi,rllib3,11/2/23,FALSE
pypi,grandlib,23/2/23,TRUE
pypi,httptool,23/2/23,TRUE
pypi,pullcc,25/2/23,TRUE
pypi,osintrandom,25/2/23,TRUE
pypi,selfreloadlib,25/2/23,TRUE
pypi,pysocsk,11/2/23,FALSE
pypi,esqnvidiahydraultra,25/2/23,TRUE
pypi,tpintpaypalcc,25/2/23,TRUE
pypi,py-urlvm,25/2/23,TRUE
pypi,py-controlgettool,27/2/23,TRUE
pypi,selflibencodetool,26/2/23,TRUE
pypi,py-replacepyw,25/2/23,TRUE
pypi,tppywproofcpu,26/2/23,TRUE
pypi,selfintvmcontrol,27/2/23,TRUE
pypi,xllsxwriter,11/2/23,FALSE
pypi,bitcinlib,9/2/23,FALSE
pypi,discord-webohok,11/2/23,FALSE
pypi,librandstrgui,27/2/23,TRUE
pypi,py-intintelhttp,27/2/23,TRUE
pypi,selfccping,25/2/23,TRUE
pypi,esqpaypalvisa,25/2/23,TRUE
pypi,adinfo,24/2/23,TRUE
pypi,selfultraintelvisa,27/2/23,TRUE
pypi,tppongpy,25/2/23,TRUE
pypi,types-for-adobe,27/3/24,FALSE
pypi,esqreplacepywcc,25/2/23,TRUE
pypi,osintrand,25/2/23,TRUE
pypi,selfguiad,25/2/23,TRUE
pypi,xmlbuilder3,9/10/23,FALSE
pypi,maskgui,24/2/23,TRUE
pypi,aws-enumerate-iam,13/10/23,TRUE
pypi,libccint,25/2/23,TRUE
pypi,py-ccpyw,25/2/23,TRUE
pypi,tpproofultra,25/2/23,TRUE
pypi,esqhackedpycpu,25/2/23,TRUE
pypi,py-replaceultragrand,27/2/23,TRUE
pypi,taxi-etl,26/4/23,FALSE
pypi,libgetpongrandom,25/2/23,TRUE
pypi,py-httppong,25/2/23,TRUE
pypi,tphttpvisa,25/2/23,TRUE
pypi,py-adping,25/2/23,TRUE
pypi,selfcvping,25/2/23,TRUE
pypi,selfvisanvidia,25/2/23,TRUE
pypi,progressbarr2,11/2/23,FALSE
pypi,esqpywponggui,27/2/23,TRUE
pypi,esqramhttp,25/2/23,TRUE
pypi,candygrand,23/2/23,TRUE
pypi,discordd-py,11/2/23,FALSE
pypi,pycodetyle,11/2/23,FALSE
pypi,libpullproofencode,27/2/23,TRUE
pypi,selfgrandintgui,25/2/23,TRUE
pypi,postlib,23/2/23,TRUE
pypi,selfverosintstring,27/2/23,TRUE
pypi,esqccstudyhacked,27/2/23,TRUE
pypi,esqmaskpepget,26/2/23,TRUE
pypi,esqpullcraftpull,25/2/23,TRUE
pypi,ccryptocompare,9/2/23,FALSE
pypi,selfmccontrolstudy,12/3/23,FALSE
pypi,sccikit-learn,10/2/23,FALSE
pypi,selfgetultrapong,26/2/23,TRUE
pypi,py-infocvcv,25/2/23,TRUE
pypi,tppipstrstr,25/2/23,TRUE
pypi,esqguimc,25/2/23,TRUE
pypi,grandcandy,24/2/23,TRUE
pypi,randintel,25/2/23,TRUE
pypi,py-encodeultra,25/2/23,TRUE
pypi,libkillmc,25/2/23,TRUE
pypi,selfultracraft,25/2/23,TRUE
pypi,py-urlponggame,26/2/23,TRUE
pypi,tpstudyed,25/2/23,TRUE
pypi,tplgtbmcultra,25/2/23,FALSE
pypi,py-studystring,25/2/23,TRUE
pypi,pywgui,23/2/23,TRUE
pypi,libpinghydrapong,25/2/23,TRUE
pypi,py-gamerepong,25/2/23,TRUE
pypi,esqcctool,25/2/23,TRUE
pypi,python-binnace,10/2/23,FALSE
pypi,esqstudyvirtualver,25/2/23,TRUE
pypi,selfpeppongload,26/2/23,TRUE
pypi,selfpepintel,25/2/23,TRUE
pypi,tpcpuencodecc,27/2/23,TRUE
pypi,candyhttp,23/2/23,TRUE
pypi,selfgamepypost,3/3/23,TRUE
pypi,ccolorama,10/2/23,FALSE
pypi,esqsupercandyad,27/2/23,TRUE
pypi,liblibgame,25/2/23,TRUE
pypi,py-httpaded,25/2/23,TRUE
pypi,tensorflw,10/2/23,FALSE
pypi,tphackedpullpaypal,27/2/23,TRUE
pypi,loadvirtual,24/2/23,TRUE
pypi,discord-webhoo,11/2/23,FALSE
pypi,tpguied,25/2/23,TRUE
pypi,urlcpu,24/2/23,TRUE
pypi,infoinfo,23/2/23,TRUE
pypi,libcandyedpong,26/2/23,TRUE
pypi,esqcontrolintintel,27/2/23,TRUE
pypi,tpmccvpong,27/2/23,TRUE
pypi,selfkillvirtual,25/2/23,TRUE
pypi,py-ramgrandad,26/2/23,TRUE
pypi,tposintlibintel,25/2/23,TRUE
pypi,httpcv,24/2/23,TRUE
pypi,spammingsynonym,10/5/23,FALSE
pypi,tpgrandproof,25/2/23,TRUE
pypi,selfhttpmc,25/2/23,TRUE
pypi,libcraftcontrolcraft,25/2/23,TRUE
pypi,grandcc,25/2/23,TRUE
pypi,esqreplaceurlre,25/2/23,TRUE
pypi,httppep,24/2/23,TRUE
pypi,rcyptofeed,9/2/23,FALSE
pypi,selfgamepongcc,27/2/23,TRUE
pypi,esqstrpepsplit,25/2/23,TRUE
pypi,ultrapost,23/2/23,TRUE
pypi,getpyw,23/2/23,TRUE
pypi,gamehttp,23/2/23,TRUE
pypi,py-paypalloadver,25/2/23,TRUE
pypi,intpyw,25/2/23,TRUE
pypi,tpverloadgui,27/2/23,TRUE
pypi,progressbar22,11/2/23,FALSE
pypi,esqpypingintel,25/2/23,TRUE
pypi,esqencodemask,25/2/23,TRUE
pypi,libguistrmc,25/2/23,TRUE
pypi,tpultragamerandom,25/2/23,TRUE
pypi,libvmrandomgui,25/2/23,TRUE
pypi,pycodsetyle,11/2/23,FALSE
pypi,libhydravmram,27/2/23,TRUE
pypi,esqrepy,25/2/23,TRUE
pypi,py-pingpostkill,25/2/23,TRUE
pypi,py-peprandstudy,25/2/23,TRUE
pypi,crytpocompare,9/2/23,FALSE
pypi,py-getproofre,25/2/23,TRUE
pypi,selfpepultraad,27/2/23,TRUE
pypi,libinfoed,25/2/23,TRUE
pypi,ccvirtual,24/2/23,TRUE
pypi,crptofeed,9/2/23,FALSE
pypi,libstrrandreplace,27/2/23,TRUE
pypi,py-pongcpureplace,25/2/23,TRUE
pypi,guipyw,23/2/23,TRUE
pypi,websocket-cient,11/2/23,FALSE
pypi,esqintelreplace,25/2/23,TRUE
pypi,py-craftstr,25/2/23,TRUE
pypi,ultrare,24/2/23,TRUE
pypi,visaurl,24/2/23,TRUE
pypi,tpmcpongpaypal,9/3/23,FALSE
pypi,pywhool,17/5/23,TRUE
pypi,selfstringkill,25/2/23,TRUE
pypi,websockkets,9/2/23,FALSE
pypi,esqsplitvm,25/2/23,TRUE
pypi,rfeqtrade,9/2/23,FALSE
pypi,edpaypal,25/2/23,TRUE
pypi,arangodba,19/6/23,TRUE
pypi,tpsplitgui,25/2/23,TRUE
pypi,pypyw,24/2/23,TRUE
pypi,libsplitgameload,25/2/23,TRUE
pypi,selfencodeencodevirtual,27/2/23,TRUE
pypi,esqsupervisaultra,25/2/23,TRUE
pypi,libramcv,25/2/23,TRUE
pypi,py-nvidiacandy,25/2/23,TRUE
pypi,selfpostramstring,26/2/23,TRUE
pypi,randsplit,25/2/23,TRUE
pypi,esqpushccre,25/2/23,TRUE
pypi,esqadrandomver,27/2/23,TRUE
pypi,selfstudynvidiapep,26/2/23,TRUE
pypi,guiultra,23/2/23,TRUE
pypi,py-libvm,25/2/23,TRUE
pypi,selfpywpipvirtual,25/2/23,TRUE
pypi,esqedpypy,27/2/23,TRUE
pypi,libcandynvidiastr,25/2/23,TRUE
pypi,selfpepkill,25/2/23,TRUE
pypi,tphackedcontroled,26/2/23,TRUE
pypi,ccgame,24/2/23,TRUE
pypi,xlsxrwiter,11/2/23,FALSE
pypi,rpompt-toolkit,11/2/23,FALSE
pypi,tpencodererandom,25/2/23,TRUE
pypi,pyyinstaller,10/2/23,FALSE
pypi,tpedpyw,25/2/23,TRUE
pypi,libintelinfostr,25/2/23,TRUE
pypi,controlre,25/2/23,TRUE
pypi,python-biinance,10/2/23,FALSE
pypi,selfpepsplit,25/2/23,TRUE
pypi,py-cccontrollib,25/2/23,TRUE
pypi,libpongstringrand,25/2/23,TRUE
pypi,admask,24/2/23,TRUE
pypi,py-adadcc,25/2/23,TRUE
pypi,selfpywstudy,25/2/23,TRUE
pypi,httpcontrol,24/2/23,TRUE
pypi,esqpostrandomstring,26/2/23,TRUE
pypi,simpejson,11/2/23,FALSE
pypi,adload,23/2/23,TRUE
pypi,tppepvirtualgui,25/2/23,TRUE
pypi,tpvercpu,25/2/23,TRUE
pypi,ttkcalendar,11/2/23,FALSE
pypi,repyw,23/2/23,TRUE
pypi,aihottp,10/2/23,FALSE
pypi,pcodestyle,11/2/23,FALSE
pypi,libpinghttphttp,26/2/23,TRUE
pypi,esqstrintelsplit,26/2/23,TRUE
pypi,tppullproofurl,25/2/23,TRUE
pypi,py-hackednvidiarand,25/2/23,TRUE
pypi,mccc,24/2/23,TRUE
pypi,sellenium,10/2/23,FALSE
pypi,tpadrandcv,27/2/23,TRUE
pypi,mineproof,25/2/23,TRUE
pypi,minevirtual,24/2/23,TRUE
pypi,websoccket-client,11/2/23,FALSE
pypi,scikit-leran,10/2/23,TRUE
pypi,crypttofeed,9/2/23,FALSE
pypi,loadget,23/2/23,TRUE
pypi,libstringpostmask,26/2/23,TRUE
pypi,selfverintelurl,25/2/23,TRUE
pypi,py-virtualpywcraft,27/2/23,TRUE
pypi,grandgui,24/2/23,TRUE
pypi,libreplacevm,25/2/23,TRUE
pypi,selfstringmaskvirtual,25/2/23,TRUE
pypi,py-repull,25/2/23,TRUE
pypi,selfposthydra,25/2/23,TRUE
pypi,postcontrol,24/2/23,TRUE
pypi,libreplacecontrolproof,27/2/23,TRUE
pypi,esqinfostr,25/2/23,TRUE
pypi,tpgrandlibload,27/2/23,TRUE
pypi,multicolored,25/12/23,FALSE
pypi,esqverrand,25/2/23,TRUE
pypi,selfintstudyhttp,25/2/23,TRUE
pypi,infosuper,23/2/23,TRUE
pypi,mcmine,24/2/23,TRUE
pypi,tpverload,25/2/23,TRUE
pypi,libnvidiamcad,27/2/23,TRUE
pypi,py-cvvmreplace,25/2/23,TRUE
pypi,esqpullcraftlgtb,27/2/23,FALSE
pypi,esqpostcpu,25/2/23,TRUE
pypi,prompt-toolkitt,11/2/23,FALSE
pypi,libguiencode,25/2/23,TRUE
pypi,maskosint,25/2/23,TRUE
pypi,install-crypto,20/5/23,FALSE
pypi,tpvisainfointel,25/2/23,TRUE
pypi,selfintcv,25/2/23,TRUE
pypi,py-loadpycraft,25/2/23,TRUE
pypi,vmload,23/2/23,TRUE
pypi,cryptofee,9/2/23,FALSE
pypi,selfguiinteled,25/2/23,TRUE
pypi,libtoolpepcv,25/2/23,TRUE
pypi,visacraft,24/2/23,TRUE
pypi,esqsuperrandomencode,25/2/23,TRUE
pypi,vmmask,24/2/23,TRUE
pypi,esqkillstring,25/2/23,TRUE
pypi,hydraping,25/2/23,TRUE
pypi,tppywpostram,8/3/23,FALSE
pypi,tpcvnvidiasuper,27/2/23,TRUE
pypi,tpsplitstudy,25/2/23,TRUE
pypi,py-controltool,25/2/23,TRUE
pypi,py-randintel,25/2/23,TRUE
pypi,libloadhackedpyw,27/2/23,TRUE
pypi,craftcv,24/2/23,TRUE
pypi,selfsupertool,25/2/23,TRUE
pypi,tennsorflow,10/2/23,FALSE
pypi,selfvisareplacemc,26/2/23,TRUE
pypi,selfstudyintelcc,26/2/23,TRUE
pypi,progressba2r,11/2/23,FALSE
pypi,esqpingnvidia,25/2/23,TRUE
pypi,cryptofeedd,9/2/23,FALSE
pypi,tpreplacekillram,27/2/23,TRUE
pypi,selfcontrolhackedpaypal,25/2/23,TRUE
pypi,esqcved,25/2/23,TRUE
pypi,discor-webhook,11/2/23,FALSE
pypi,pepvisa,24/2/23,TRUE
pypi,virtualpip,24/2/23,TRUE
pypi,pykooler,22/9/23,TRUE
pypi,killproof,25/2/23,TRUE
pypi,selfpipcv,25/2/23,TRUE
pypi,py-stringvisarand,25/2/23,TRUE
pypi,gipython,11/2/23,FALSE
pypi,esqpullpep,25/2/23,TRUE
pypi,tpcpulgtb,25/2/23,FALSE
pypi,py-ramurlencode,27/2/23,TRUE
pypi,py-grandkill,25/2/23,TRUE
pypi,tpintpaypal,25/2/23,TRUE
pypi,esqgrandcandy,25/2/23,TRUE
pypi,selfmaskvm,25/2/23,TRUE
pypi,esqverinfomask,27/2/23,TRUE
pypi,libpywstrvm,7/3/23,FALSE
pypi,pygame-install,20/5/23,FALSE
pypi,loadload,23/2/23,TRUE
pypi,py-pippycandy,27/2/23,TRUE
pypi,esqhttpvmurl,26/2/23,TRUE
pypi,python-aliyun-sdk-ecs,10/8/23,TRUE
pypi,loadmask,24/2/23,TRUE
pypi,prorgessbar2,11/2/23,FALSE
pypi,esqpingvm,25/2/23,TRUE
pypi,pepsplit,25/2/23,TRUE
pypi,py-pushpingload,27/2/23,TRUE
pypi,tooled,25/2/23,TRUE
pypi,discord-y,11/2/23,FALSE
pypi,py-replaceinfosplit,25/2/23,TRUE
pypi,selfedadintel,25/2/23,TRUE
pypi,scikit-lern,10/2/23,FALSE
pypi,ccvm,24/2/23,TRUE
pypi,selfinfopong,25/2/23,TRUE
pypi,tpreproof,25/2/23,TRUE
pypi,libsuperkilltool,25/2/23,TRUE
pypi,libvercvcpu,25/2/23,TRUE
pypi,py-pinghydra,25/2/23,TRUE
pypi,libpost,23/2/23,TRUE
pypi,libhttpadrand,27/2/23,TRUE
pypi,tpproofpip,25/2/23,TRUE
pypi,rampost,23/2/23,TRUE
pypi,tposintedhacked,27/2/23,TRUE
pypi,py-pywsupercc,25/2/23,TRUE
pypi,getultra,23/2/23,TRUE
pypi,pygamee,10/2/23,FALSE
pypi,selfrekillrand,27/2/23,TRUE
pypi,tpintelrandom,25/2/23,TRUE
pypi,esqcpuvmvirtual,25/2/23,TRUE
pypi,pywstudy,25/2/23,TRUE
pypi,lgtbcraft,25/2/23,FALSE
pypi,tpcandyreed,26/2/23,TRUE
pypi,gameram,24/2/23,TRUE
pypi,esqkillgameinfo,25/2/23,TRUE
pypi,esqcvrandomcontrol,25/2/23,TRUE
pypi,selfmasksuperget,25/2/23,TRUE
pypi,py-infoponghttp,25/2/23,TRUE
pypi,peppip,24/2/23,TRUE
pypi,mcpyw,23/2/23,TRUE
pypi,mchttp,23/2/23,TRUE
pypi,nvidiagui,25/2/23,TRUE
pypi,tppostcandypong,25/2/23,TRUE
pypi,tphttpgetload,25/2/23,TRUE
pypi,libpushcvpaypal,27/2/23,TRUE
pypi,tpproofpinglib,27/2/23,TRUE
pypi,edreplace,25/2/23,TRUE
pypi,libcontrolultravm,27/2/23,TRUE
pypi,pormpt-toolkit,11/2/23,FALSE
pypi,tpinfourlmc,27/2/23,TRUE
pypi,selfmcintelget,27/2/23,TRUE
pypi,rullib3,11/2/23,FALSE
pypi,py-intelinfohacked,26/2/23,TRUE
pypi,libvirtualpushpy,25/2/23,TRUE
pypi,adpyw,23/2/23,TRUE
pypi,btcoinlib,9/2/23,FALSE
pypi,esqlibcpuosint,8/3/23,FALSE
pypi,libcandyintelvisa,26/2/23,TRUE
pypi,libmccchacked,27/2/23,TRUE
pypi,spamsynonym,10/5/23,FALSE
pypi,freqtrad,9/2/23,FALSE
pypi,libadtool,25/2/23,TRUE
pypi,pilllow,11/2/23,FALSE
pypi,ultrasuper,23/2/23,TRUE
pypi,simplejsn,11/2/23,FALSE
pypi,pgame,10/2/23,FALSE
pypi,pipvm,24/2/23,TRUE
pypi,adultra,23/2/23,TRUE
pypi,esqintsupered,27/2/23,TRUE
pypi,tposintcpumask,25/2/23,TRUE
pypi,libinfovirtualcontrol,27/2/23,TRUE
pypi,esqvirtualvisaosint,25/2/23,TRUE
pypi,py-ramhydra,25/2/23,TRUE
pypi,panas,10/2/23,FALSE
pypi,pytho-binance,10/2/23,FALSE
pypi,esqloadhackednvidia,27/2/23,TRUE
pypi,esqlibpaypal,25/2/23,TRUE
pypi,scrrapy,10/2/23,FALSE
pypi,esqvmgetram,26/2/23,TRUE
pypi,py-adpongultra,27/2/23,TRUE
pypi,pyinsaller,10/2/23,FALSE
pypi,ryptofeed,9/2/23,FALSE
pypi,py-paypalsplitsplit,26/2/23,TRUE
pypi,erquests,10/2/23,FALSE
pypi,encodeload,25/2/23,TRUE
pypi,vmram,23/2/23,TRUE
pypi,pyysocks,11/2/23,FALSE
pypi,candyre,23/2/23,TRUE
pypi,esqpaypalpephydra,27/2/23,TRUE
pypi,pypiele,30/7/23,TRUE
pypi,encodemask,25/2/23,TRUE
pypi,tpmineintelpy,27/2/23,TRUE
pypi,prompt-toolit,11/2/23,FALSE
pypi,tpgrandencodegui,27/2/23,TRUE
pypi,py-strnvidiamine,27/2/23,TRUE
pypi,esqpywrandomstr,26/2/23,TRUE
pypi,tensorrflow,10/2/23,FALSE
pypi,py-paypalpostcandy,27/2/23,TRUE
pypi,selfinfolgtbhydra,26/2/23,FALSE
pypi,tpremineosint,25/2/23,TRUE
pypi,esqhydracvpost,27/2/23,TRUE
pypi,tpvirtualurl,25/2/23,TRUE
pypi,webocket-client,11/2/23,FALSE
pypi,py-virtualpip,25/2/23,TRUE
pypi,tpreplacelib,25/2/23,TRUE
pypi,libosintmask,25/2/23,TRUE
pypi,libinfohacked,25/2/23,TRUE
pypi,selfpywpaypalsplit,25/2/23,TRUE
pypi,selfencodepost,25/2/23,TRUE
pypi,py-visapypost,26/2/23,TRUE
pypi,gamemine,24/2/23,TRUE
pypi,libccproof,25/2/23,TRUE
pypi,candypep,24/2/23,TRUE
pypi,esqtoolrandomgui,25/2/23,TRUE
pypi,rampyw,23/2/23,TRUE
pypi,esqadpip,25/2/23,TRUE
pypi,freqtraade,9/2/23,FALSE
pypi,toolpyw,23/2/23,TRUE
pypi,tpccguipip,27/2/23,TRUE
pypi,tprandrehttp,27/2/23,TRUE
pypi,tpgetultrapaypal,27/2/23,TRUE
pypi,edintel,25/2/23,TRUE
pypi,tpmcvirtual,25/2/23,TRUE
pypi,py-edreplace,25/2/23,TRUE
pypi,selfinfopaypalad,3/3/23,TRUE
pypi,pepgame,24/2/23,TRUE
pypi,infoget,23/2/23,TRUE
pypi,crypofeed,9/2/23,FALSE
pypi,libpywintnvidia,26/2/23,TRUE
pypi,tpadcandy,25/2/23,TRUE
pypi,py-pywrehacked,26/2/23,TRUE
pypi,tpccpip,25/2/23,TRUE
pypi,libpip,23/2/23,TRUE
pypi,minelib,24/2/23,TRUE
pypi,libpushramvisa,25/2/23,TRUE
pypi,gitpythonn,11/2/23,FALSE
pypi,cpukill,25/2/23,TRUE
pypi,xlsxwrter,11/2/23,FALSE
pypi,tpvisapull,25/2/23,TRUE
pypi,ccvisa,24/2/23,TRUE
pypi,toolinfo,24/2/23,TRUE
pypi,pipurl,23/2/23,TRUE
pypi,grandcv,24/2/23,TRUE
pypi,candymine,23/2/23,TRUE
pypi,tprecraftvisa,27/2/23,TRUE
pypi,bitoinlib,9/2/23,FALSE
pypi,reqquests,31/5/22,FALSE
pypi,selfsplittoolgrand,25/2/23,TRUE
pypi,tpinfoproof,25/2/23,TRUE
pypi,py-verhackedvirtual,27/2/23,TRUE
pypi,pygame-print,20/5/23,FALSE
pypi,esqmaskintlib,27/2/23,TRUE
pypi,selfccedpaypal,25/2/23,TRUE
pypi,esqpongpaypalnvidia,27/2/23,TRUE
pypi,esqproofpostvisa,12/3/23,FALSE
pypi,simpleejson,11/2/23,FALSE
pypi,pygrand,23/2/23,TRUE
pypi,tpurladpy,26/2/23,TRUE
pypi,httpcc,24/2/23,TRUE
pypi,libtoolsplit,25/2/23,TRUE
pypi,esqloadcandy,25/2/23,TRUE
pypi,postre,24/2/23,TRUE
pypi,discorrd-py,11/2/23,FALSE
pypi,progressbbar2,11/2/23,FALSE
pypi,tphydramask,25/2/23,TRUE
pypi,grandinfo,23/2/23,TRUE
pypi,pycodstyle,11/2/23,FALSE
pypi,tprere,25/2/23,TRUE
pypi,disscord-webhook,11/2/23,FALSE
pypi,tpnvidiapullpep,25/2/23,TRUE
pypi,selftoolhttppaypal,25/2/23,TRUE
pypi,ultraget,24/2/23,TRUE
pypi,py-intelmcad,27/2/23,TRUE
pypi,selfpipmask,25/2/23,TRUE
pypi,beautiflusoup4,10/2/23,FALSE
pypi,simpljeson,11/2/23,FALSE
pypi,selfinfogetrand,27/2/23,TRUE
pypi,crpytocompare,9/2/23,FALSE
pypi,libcontrolosint,25/2/23,TRUE
pypi,scrapyy,10/2/23,FALSE
pypi,selfminekillstr,25/2/23,TRUE
pypi,discord-p,11/2/23,FALSE
pypi,pyktrkatoo,23/9/23,TRUE
pypi,py-hackedosintlib,25/2/23,TRUE
pypi,libinfoccgrand,25/2/23,TRUE
pypi,py-ultrageturl,2/3/23,TRUE
pypi,selfgamepullad,26/2/23,TRUE
pypi,libsplitguipull,26/2/23,TRUE
pypi,py-pepmcpaypal,26/2/23,TRUE
pypi,beautifuulsoup4,10/2/23,FALSE
pypi,selfvmproofgui,27/2/23,TRUE
pypi,grandkill,25/2/23,TRUE
pypi,selfhydranvidiamc,25/2/23,TRUE
pypi,selfpullstringver,25/2/23,TRUE
pypi,esqencodemc,25/2/23,TRUE
pypi,ptyhon-binance,10/2/23,FALSE
pypi,pycoestyle,11/2/23,FALSE
pypi,esqstrpushgrand,27/2/23,TRUE
pypi,libvirtualsplitstring,7/3/23,FALSE
pypi,py-ramsplitcandy,25/2/23,TRUE
pypi,pepultra,24/2/23,TRUE
pypi,ppytorch,10/2/23,FALSE
pypi,libhydracraftrand,25/2/23,TRUE
pypi,python-aliyun-sdk-core,11/8/23,TRUE
pypi,pytoch,10/2/23,FALSE
pypi,selfrecpu,25/2/23,TRUE
pypi,libpostcpupaypal,27/2/23,TRUE
pypi,beautiffulsoup,11/2/23,FALSE
pypi,tpedpeposint,27/2/23,TRUE
pypi,beautifulsop4,10/2/23,FALSE
pypi,py-encodehackeded,26/2/23,TRUE
pypi,lcick,11/2/23,FALSE
pypi,py-lgtbrandomsplit,25/2/23,FALSE
pypi,xxlsxwriter,11/2/23,FALSE
pypi,websocket-cleint,11/2/23,FALSE
pypi,tpgetpipcv,26/2/23,TRUE
pypi,esqpypaypalurl,25/2/23,TRUE
pypi,libsplitminecraft,27/2/23,TRUE
pypi,py-urlhttphttp,9/3/23,FALSE
pypi,libpushvisa,25/2/23,TRUE
pypi,tppywpullstr,26/2/23,TRUE
pypi,libcpupywmine,27/2/23,TRUE
pypi,pytorcch,10/2/23,FALSE
pypi,randomad,25/2/23,TRUE
pypi,gamemask,24/2/23,TRUE
pypi,libpycccv,27/2/23,TRUE
pypi,py-nvidiahttppep,26/2/23,TRUE
pypi,selfstringpaypalcandy,25/2/23,TRUE
pypi,gameload,23/2/23,TRUE
pypi,esqpaypalcraft,25/2/23,TRUE
pypi,libmaskreurl,25/2/23,TRUE
pypi,virtualcontrol,24/2/23,TRUE
pypi,tpsuperosintmask,26/2/23,TRUE
pypi,tpmchttp,25/2/23,TRUE
pypi,selfverstringping,25/2/23,TRUE
pypi,tppostedping,26/2/23,TRUE
pypi,bitcionlib,9/2/23,FALSE
pypi,strinfo,25/2/23,TRUE
pypi,virtualpost,24/2/23,TRUE
pypi,selfvmintproof,27/2/23,TRUE
pypi,urllibb3,11/2/23,FALSE
pypi,py-cpuintelsplit,25/2/23,TRUE
pypi,cryptocoompare,9/2/23,FALSE
pypi,superram,24/2/23,TRUE
pypi,esqveradvirtual,27/2/23,TRUE
pypi,tprepygui,25/2/23,TRUE
pypi,libreplacenvidiapost,27/2/23,TRUE
pypi,py-randomcandycraft,26/2/23,TRUE
pypi,selfpypeppush,26/2/23,TRUE
pypi,tpinfonvidiapy,27/2/23,TRUE
pypi,discod-py,11/2/23,FALSE
pypi,tpintelkill,25/2/23,TRUE
pypi,esqguilibinfo,25/2/23,TRUE
pypi,libvmrand,25/2/23,TRUE
pypi,py-piposintpaypal,27/2/23,TRUE
pypi,encodenvidia,25/2/23,TRUE
pypi,minepip,23/2/23,TRUE
pypi,py-studynvidiamc,27/2/23,TRUE
pypi,liblgtbpyw,25/2/23,FALSE
pypi,selfpaypalkillproof,25/2/23,TRUE
pypi,candyload,24/2/23,TRUE
pypi,esqvmpep,25/2/23,TRUE
pypi,esqstringvirtual,25/2/23,TRUE
pypi,httpre,25/2/23,TRUE
pypi,py-virtuallib,25/2/23,TRUE
pypi,websockt-client,11/2/23,FALSE
pypi,guied,25/2/23,TRUE
pypi,craftgrand,23/2/23,TRUE
pypi,killcraft,25/2/23,TRUE
pypi,selfmasksuper,25/2/23,TRUE
pypi,prommpt-toolkit,11/2/23,FALSE
pypi,websocketts,9/2/23,FALSE
pypi,selfstringrandomcontrol,25/2/23,TRUE
pypi,revm,23/2/23,TRUE
pypi,selfpipstringcc,25/2/23,TRUE
pypi,tphackedmask,25/2/23,TRUE
pypi,py-pongpostmask,25/2/23,TRUE
pypi,esqedgameultra,25/2/23,TRUE
pypi,esqpushkill,25/2/23,TRUE
pypi,pywcraft,23/2/23,TRUE
pypi,tpgamesuperpyw,27/2/23,TRUE
pypi,libmcmaskkill,25/2/23,TRUE
pypi,visacv,24/2/23,TRUE
pypi,randomgrand,25/2/23,TRUE
pypi,adsplit,25/2/23,TRUE
pypi,selfgetvirtualpull,25/2/23,TRUE
pypi,tppongkillpong,25/2/23,TRUE
pypi,nvidiahttp,25/2/23,TRUE
pypi,vmhttp,23/2/23,TRUE
pypi,py-randmaskstudy,26/2/23,TRUE
pypi,esqlgtbcraftram,27/2/23,FALSE
pypi,selfpywpaypalultra,26/2/23,TRUE
pypi,esqintelping,25/2/23,TRUE
pypi,tpranded,25/2/23,TRUE
pypi,ultrapyw,24/2/23,TRUE
pypi,py-pywsuperre,27/2/23,TRUE
pypi,py-replacerandom,25/2/23,TRUE
pypi,libtooladvirtual,25/2/23,TRUE
pypi,splitpep,25/2/23,TRUE
pypi,tpmineintgame,27/2/23,TRUE
pypi,libstringpaypalrand,27/2/23,TRUE
pypi,esqosinthackedstudy,27/2/23,TRUE
pypi,tpgamehacked,25/2/23,TRUE
pypi,esqpycraftpost,27/2/23,TRUE
pypi,pyyaml-selenium,20/5/23,FALSE
pypi,selfpywintelgrand,27/2/23,TRUE
pypi,postcandy,24/2/23,TRUE
pypi,req-flask,20/5/23,FALSE
pypi,libsplitpostcandy,25/2/23,TRUE
pypi,ultracv,24/2/23,TRUE
pypi,loadmine,24/2/23,TRUE
pypi,liblgtbgrandvm,26/2/23,FALSE
pypi,progressabr2,11/2/23,FALSE
pypi,tphackeded,25/2/23,TRUE
pypi,esqinfoloadnvidia,26/2/23,TRUE
pypi,libpeplgtbinfo,26/2/23,FALSE
pypi,selfguipullsplit,25/2/23,TRUE
pypi,esqmaskkillcraft,27/2/23,TRUE
pypi,selfhydrasplitpy,25/2/23,TRUE
pypi,libminekill,25/2/23,TRUE
pypi,yfinane,9/2/23,FALSE
pypi,python-biance,10/2/23,FALSE
pypi,selfstradmc,27/2/23,TRUE
pypi,selfurlpywrandom,25/2/23,TRUE
pypi,tpencodepushinfo,27/2/23,TRUE
pypi,selfvisapostosint,2/3/23,TRUE
pypi,libstrultrapush,27/2/23,TRUE
pypi,controlcv,24/2/23,TRUE
pypi,libmcrandomre,25/2/23,TRUE
pypi,libpyosintinfo,25/2/23,TRUE
pypi,discord-webhhook,11/2/23,FALSE
pypi,py-hackedultraget,25/2/23,TRUE
pypi,librandompush,25/2/23,TRUE
pypi,libintnvidiagame,25/2/23,TRUE
pypi,selfcpuintgame,26/2/23,TRUE
pypi,xlsxwriteer,11/2/23,FALSE
pypi,py-cvpy,25/2/23,TRUE
pypi,vmvirtual,24/2/23,TRUE
pypi,candycc,24/2/23,TRUE
pypi,libcontrolurl,25/2/23,TRUE
pypi,getkill,25/2/23,TRUE
pypi,crypotcompare,9/2/23,FALSE
pypi,proofcandy,24/2/23,TRUE
pypi,esqresplitproof,25/2/23,TRUE
pypi,infopyw,24/2/23,TRUE
pypi,toolget,23/2/23,TRUE
pypi,esqminestrpong,26/2/23,TRUE
pypi,requetss-toolbelt,11/2/23,FALSE
pypi,librandomcvpyw,26/2/23,TRUE
pypi,selfcontroledreplace,25/2/23,TRUE
pypi,esqtoolverver,26/2/23,TRUE
pypi,adad,24/2/23,TRUE
pypi,selfnvidiapushhacked,27/2/23,TRUE
pypi,controltool,24/2/23,TRUE
pypi,esqmaskcpuhacked,26/2/23,TRUE
pypi,virtualvm,24/2/23,TRUE
pypi,tpadsuperpy,25/2/23,TRUE
pypi,py-replacecraftad,27/2/23,TRUE
pypi,esqcpugrandpong,27/2/23,TRUE
pypi,ramget,23/2/23,TRUE
pypi,tppipmineram,25/2/23,TRUE
pypi,sollana,9/2/23,FALSE
pypi,tkcaleendar,11/2/23,FALSE
pypi,cryptocompaer,9/2/23,FALSE
pypi,tpurlintel,25/2/23,TRUE
pypi,tppostre,25/2/23,TRUE
pypi,py-studygetultra,25/2/23,TRUE
pypi,selfedintpaypal,25/2/23,TRUE
pypi,websockeet-client,11/2/23,FALSE
pypi,tpsplitloadhydra,27/2/23,TRUE
pypi,adhttp,23/2/23,TRUE
pypi,esqsplitpostint,25/2/23,TRUE
pypi,pprogressbar2,11/2/23,FALSE
pypi,selfverproofkill,27/2/23,TRUE
pypi,esqrepullstring,27/2/23,TRUE
pypi,py-proofrandreplace,27/2/23,TRUE
pypi,esqurlpip,25/2/23,TRUE
pypi,craftre,23/2/23,TRUE
pypi,tprandomultrapost,27/2/23,TRUE
pypi,tppaypalvmget,27/2/23,TRUE
pypi,esqregame,25/2/23,TRUE
pypi,selfmineurl,25/2/23,TRUE
pypi,maskpull,25/2/23,TRUE
pypi,simmplejson,11/2/23,FALSE
pypi,esqcraftremc,27/2/23,TRUE
pypi,tppongproofvm,25/2/23,TRUE
pypi,beautifulsooup,11/2/23,FALSE
pypi,pycodesttyle,11/2/23,FALSE
pypi,guiget,23/2/23,TRUE
pypi,virtuallib,24/2/23,TRUE
pypi,esqintreplace,25/2/23,TRUE
pypi,admine,23/2/23,TRUE
pypi,cryptcompare,9/2/23,FALSE
pypi,psyocks,11/2/23,FALSE
pypi,esqstringposttool,25/2/23,TRUE
pypi,libadcvpip,25/2/23,TRUE
pypi,esqpingvisapip,27/2/23,TRUE
pypi,giitpython,11/2/23,FALSE
pypi,python-binanec,10/2/23,FALSE
pypi,py-virtualpipkill,25/2/23,TRUE
pypi,py-virtualguipost,27/2/23,TRUE
pypi,intget,25/2/23,TRUE
pypi,tpcraftad,25/2/23,TRUE
pypi,libintmccontrol,27/2/23,TRUE
pypi,selfvermaskpush,27/2/23,TRUE
pypi,mcre,23/2/23,TRUE
pypi,esqccpy,25/2/23,TRUE
pypi,tpstudyintmc,25/2/23,TRUE
pypi,selfultrapyw,25/2/23,TRUE
pypi,selfpipcpu,25/2/23,TRUE
pypi,py-visapip,25/2/23,TRUE
pypi,libramcpuhacked,27/2/23,TRUE
pypi,esqreplacepull,25/2/23,TRUE
pypi,libmaskramcv,27/2/23,TRUE
pypi,libgetmccv,27/2/23,TRUE
pypi,getget,23/2/23,TRUE
pypi,py-virtualpaypal,25/2/23,TRUE
pypi,selfosintlib,25/2/23,TRUE
pypi,esqkillpepproof,27/2/23,TRUE
pypi,matplotlb,10/2/23,FALSE
pypi,py-libmcstring,27/2/23,TRUE
pypi,servantcord,7/7/23,FALSE
pypi,reuests-toolbelt,11/2/23,FALSE
pypi,selfpongsplitsplit,27/2/23,TRUE
pypi,controlcc,24/2/23,TRUE
pypi,opepyxl,11/2/23,FALSE
pypi,ultracc,24/2/23,TRUE
pypi,pythn-binance,10/2/23,FALSE
pypi,esqvirtualgetmc,27/2/23,TRUE
pypi,iscord-webhook,11/2/23,FALSE
pypi,py-libguihacked,27/2/23,TRUE
pypi,py-pypywpy,25/2/23,TRUE
pypi,libpywramgrand,25/2/23,TRUE
pypi,esqcandyosintsplit,27/2/23,TRUE
pypi,libstudylibpy,25/2/23,TRUE
pypi,py-hydrapost,25/2/23,TRUE
pypi,libultratoolvm,25/2/23,TRUE
pypi,tpmaskmcpush,26/2/23,TRUE
pypi,liblgtbedinfo,25/2/23,FALSE
pypi,tppipvm,25/2/23,TRUE
pypi,libkillcraftver,26/2/23,TRUE
pypi,esqpaypalvisaencode,27/2/23,TRUE
pypi,paypalpip,25/2/23,TRUE
pypi,postpush,25/2/23,TRUE
pypi,libnvidiapippaypal,25/2/23,TRUE
pypi,libadhackedsplit,27/2/23,TRUE
pypi,tpnvidiareurl,27/2/23,TRUE
pypi,py-cvverload,25/2/23,TRUE
pypi,tensorlfow,10/2/23,FALSE
pypi,esqosintvisapip,27/2/23,TRUE
pypi,csikit-learn,10/2/23,FALSE
pypi,selfcvmc,25/2/23,TRUE
pypi,pyjoul,17/8/23,TRUE
pypi,tpproofstudy,25/2/23,TRUE
pypi,tpstrmcint,27/2/23,TRUE
pypi,randtool,25/2/23,TRUE
pypi,libvirtualhydra,25/2/23,TRUE
pypi,esqencoderandintel,25/2/23,TRUE
pypi,libhackedstrreplace,27/2/23,TRUE
pypi,libcraftloadurl,26/2/23,TRUE
pypi,loadhttp,24/2/23,TRUE
pypi,libultrapycandy,27/2/23,TRUE
pypi,tppywed,25/2/23,TRUE
pypi,prompt-toolkkit,11/2/23,FALSE
pypi,esqstudyvirtualed,25/2/23,TRUE
pypi,aiottp,10/2/23,FALSE
pypi,py-pywping,25/2/23,TRUE
pypi,esqintmaskgui,3/3/23,TRUE
pypi,tphydraedencode,27/2/23,TRUE
pypi,esqpywramint,26/2/23,TRUE
pypi,tpsuperpippull,27/2/23,TRUE
pypi,mcload,23/2/23,TRUE
pypi,mcmask,24/2/23,TRUE
pypi,loadvm,23/2/23,TRUE
pypi,tpcandykillget,27/2/23,TRUE
pypi,esqsupertool,25/2/23,TRUE
pypi,librandcraftvirtual,25/2/23,TRUE
pypi,tpcvadgrand,27/2/23,TRUE
pypi,py-randompepvm,25/2/23,TRUE
pypi,libgetpy,25/2/23,TRUE
pypi,esqminepullnvidia,27/2/23,TRUE
pypi,splitver,25/2/23,TRUE
pypi,requests-pandas,20/5/23,FALSE
pypi,proofed,25/2/23,TRUE
pypi,selfhackedmcpong,25/2/23,TRUE
pypi,py-minerampy,27/2/23,TRUE
pypi,vmmine,23/2/23,TRUE
pypi,libvirtualpep,25/2/23,TRUE
pypi,esqcpupipkill,2/3/23,TRUE
pypi,selfnvidiamccandy,27/2/23,TRUE
pypi,visastudy,25/2/23,TRUE
pypi,tkkcalendar,11/2/23,FALSE
pypi,tppingcpuget,27/2/23,TRUE
pypi,tpadmasksplit,25/2/23,TRUE
pypi,py-stringgamepep,27/2/23,TRUE
pypi,py-hackedurl,25/2/23,TRUE
pypi,guisplit,25/2/23,TRUE
pypi,tpcontrolloadcv,27/2/23,TRUE
pypi,libguipylgtb,25/2/23,FALSE
pypi,tpurlstudyre,27/2/23,TRUE
pypi,tppyintgame,27/2/23,TRUE
pypi,progressba2,11/2/23,FALSE
pypi,tpccvirtualencode,25/2/23,TRUE
pypi,libhydrastrpy,26/2/23,TRUE
pypi,ccpip,24/2/23,TRUE
pypi,selfnvidiaencode,25/2/23,TRUE
pypi,py-ultracpustudy,27/2/23,TRUE
pypi,esqcandyinfo,25/2/23,TRUE
pypi,selfhttpcraftultra,27/2/23,TRUE
pypi,promtp-toolkit,11/2/23,FALSE
pypi,scarpy,10/2/23,FALSE
pypi,tpurlpaypalcraft,26/2/23,TRUE
pypi,esqmasklgtbcontrol,25/2/23,FALSE
pypi,py-controlrand,25/2/23,TRUE
pypi,esqtoolstr,25/2/23,TRUE
pypi,piplgtb,25/2/23,FALSE
pypi,tpadmask,25/2/23,TRUE
pypi,py-cpuloadproof,27/2/23,TRUE
pypi,tppongvisapip,8/3/23,FALSE
pypi,py-guiminepep,25/2/23,TRUE
pypi,selfvirtualhackedhttp,25/2/23,TRUE
pypi,selfguivisareplace,25/2/23,TRUE
pypi,selfverkill,25/2/23,TRUE
pypi,selfgamecvultra,26/2/23,TRUE
pypi,hydrastr,25/2/23,TRUE
pypi,libreload,25/2/23,TRUE
pypi,tppaypalmine,25/2/23,TRUE
pypi,reencode,25/2/23,TRUE
pypi,py-ultraping,25/2/23,TRUE
pypi,libpeppipintel,27/2/23,TRUE
pypi,mcsuper,23/2/23,TRUE
pypi,tppywvirtual,25/2/23,TRUE
pypi,tpstrsplit,25/2/23,TRUE
pypi,selfgrandpostinfo,27/2/23,TRUE
pypi,selfgetmaskpong,25/2/23,TRUE
pypi,esqhttplgtb,25/2/23,FALSE
pypi,py-infostring,25/2/23,TRUE
pypi,tpnvidiaver,25/2/23,TRUE
pypi,selfinteladencode,25/2/23,TRUE
pypi,esqurlintel,25/2/23,TRUE
pypi,libsuperint,25/2/23,TRUE
pypi,esqreplacegrandpyw,26/2/23,TRUE
pypi,postcv,24/2/23,TRUE
pypi,vervisa,25/2/23,TRUE
pypi,libhydrareplacere,25/2/23,TRUE
pypi,esqencodereplacehacked,25/2/23,TRUE
pypi,spammingsynonyms,10/5/23,FALSE
pypi,beautiuflsoup,11/2/23,FALSE
pypi,libpepcontrolultra,25/2/23,TRUE
pypi,tppongultrapush,25/2/23,TRUE
pypi,loadpyw,23/2/23,TRUE
pypi,selfrandomstrad,26/2/23,TRUE
pypi,py-grandstr,25/2/23,TRUE
pypi,reget,23/2/23,TRUE
pypi,crypptofeed,9/2/23,FALSE
pypi,python-biannce,10/2/23,FALSE
pypi,selfpostmc,25/2/23,TRUE
pypi,tpcraftinfonvidia,25/2/23,TRUE
pypi,strreplace,25/2/23,TRUE
pypi,postinfo,23/2/23,TRUE
pypi,tpnvidiahttpreplace,25/2/23,TRUE
pypi,grandre,24/2/23,TRUE
pypi,tpgetosint,25/2/23,TRUE
pypi,craftgui,24/2/23,TRUE
pypi,tpsupercpuintel,27/2/23,TRUE
pypi,supercandy,23/2/23,TRUE
pypi,postpip,23/2/23,TRUE
pypi,py-mcosintcraft,25/2/23,TRUE
pypi,alibabacloud-ecs20180317,1/9/23,TRUE
pypi,libstudyreplace,25/2/23,TRUE
pypi,selfadcpu,25/2/23,TRUE
pypi,visacc,24/2/23,TRUE
pypi,esqrandomstr,25/2/23,TRUE
pypi,selfhackedccpull,25/2/23,TRUE
pypi,tppushlibpyw,27/2/23,TRUE
pypi,tpstrpycv,25/2/23,TRUE
pypi,cryptocomprae,9/2/23,FALSE
pypi,minead,23/2/23,TRUE
pypi,minetool,23/2/23,TRUE
pypi,coloraa,10/2/23,FALSE
pypi,libvergethacked,26/2/23,TRUE
pypi,py-cvpepurl,25/2/23,TRUE
pypi,bitconlib,9/2/23,FALSE
pypi,esqrandomhydrainfo,25/2/23,TRUE
pypi,libproofcvgame,27/2/23,TRUE
pypi,py-strlgtbstring,27/2/23,FALSE
pypi,tppywccultra,25/2/23,TRUE
pypi,selfvisaosintreplace,26/2/23,TRUE
pypi,esqintpaypalram,3/3/23,TRUE
pypi,craftrand,25/2/23,TRUE
pypi,toolurl,23/2/23,TRUE
pypi,ramurl,23/2/23,TRUE
pypi,py-encodelib,25/2/23,TRUE
pypi,py-revercontrol,25/2/23,TRUE
pypi,libhttposintgame,25/2/23,TRUE
pypi,selfstudyhydrakill,27/2/23,TRUE
pypi,esqpingcraftad,27/2/23,TRUE
pypi,adproof,24/2/23,TRUE
pypi,tptoolstringpush,25/2/23,TRUE
pypi,beautifulsou,11/2/23,FALSE
pypi,py-hydrapy,25/2/23,TRUE
pypi,tppaypalcckill,25/2/23,TRUE
pypi,websocket-lcient,11/2/23,FALSE
pypi,ramcv,24/2/23,TRUE
pypi,progrressbar2,11/2/23,FALSE
pypi,libpostcvget,25/2/23,TRUE
pypi,esqinfohttppush,26/2/23,TRUE
pypi,esqpaypalsuperload,25/2/23,TRUE
pypi,tpproofsplitcc,25/2/23,TRUE
pypi,libmaskhackedsplit,25/2/23,TRUE
pypi,urlsuper,23/2/23,TRUE
pypi,libpushhttpget,26/2/23,TRUE
pypi,selfvirtualpong,25/2/23,TRUE
pypi,selfosintcraftlib,26/2/23,TRUE
pypi,yffinance,9/2/23,FALSE
pypi,replacesuper,25/2/23,TRUE
pypi,selfkillguipaypal,26/2/23,TRUE
pypi,py-encodeinfogui,25/2/23,TRUE
pypi,py-getcontrolvm,25/2/23,TRUE
pypi,grandpip,24/2/23,TRUE
pypi,selfpullstringpong,26/2/23,TRUE
pypi,tpvirtualstudyproof,25/2/23,TRUE
pypi,libosintliblgtb,12/3/23,FALSE
pypi,tppullreplacehttp,25/2/23,TRUE
pypi,pushping,25/2/23,TRUE
pypi,tpvirtualcontrolcraft,26/2/23,TRUE
pypi,py-adproofosint,27/2/23,TRUE
pypi,libhttphttpcandy,26/2/23,TRUE
pypi,studyrandom,25/2/23,TRUE
pypi,urlver,25/2/23,TRUE
pypi,selfpiplibultra,25/2/23,TRUE
pypi,tprandpushvirtual,27/2/23,TRUE
pypi,tpguicontrolcv,26/2/23,TRUE
pypi,tploadloadstudy,25/2/23,TRUE
pypi,libencodeping,25/2/23,TRUE
pypi,candycpu,23/2/23,TRUE
pypi,selfosintstudyrandom,25/2/23,TRUE
pypi,tpreproofcandy,25/2/23,TRUE
pypi,tphackedgetvisa,25/2/23,TRUE
pypi,py-grandpostver,25/2/23,TRUE
pypi,httpreplace,25/2/23,TRUE
pypi,urlli3b,11/2/23,FALSE
pypi,libedmcpong,27/2/23,TRUE
pypi,py-vermine,25/2/23,TRUE
pypi,srcapy,10/2/23,FALSE
pypi,pywint,25/2/23,TRUE
pypi,libcvverstr,25/2/23,TRUE
pypi,tpguiverpyw,26/2/23,TRUE
pypi,py-cpumcpyw,25/2/23,TRUE
pypi,esqpaypalinfogui,25/2/23,TRUE
pypi,esqtoolre,25/2/23,TRUE
pypi,gtpython,11/2/23,FALSE
pypi,tpvmencodecv,26/2/23,TRUE
pypi,selfintproofintel,25/2/23,TRUE
pypi,visatool,24/2/23,TRUE
pypi,selfadgrandgui,27/2/23,TRUE
pypi,selfvirtualvermine,25/2/23,TRUE
pypi,esqintelosint,25/2/23,TRUE
pypi,esqsplithttpmc,25/2/23,TRUE
pypi,libstrreplacecpu,27/2/23,TRUE
pypi,selfvmrandom,25/2/23,TRUE
pypi,py-guigrand,25/2/23,TRUE
pypi,esqproofpostpull,27/2/23,TRUE
pypi,cvcv,24/2/23,TRUE
pypi,esqosintnvidia,25/2/23,TRUE
pypi,selfsuperhttpsplit,27/2/23,TRUE
pypi,tpvisasplitram,26/2/23,TRUE
pypi,esqgamemaskultra,27/2/23,TRUE
pypi,pippyw,24/2/23,TRUE
pypi,selfpostmcintel,2/3/23,TRUE
pypi,py-candyhttpvirtual,25/2/23,TRUE
pypi,libhydracandymask,25/2/23,TRUE
pypi,esqvirtualkillsuper,27/2/23,TRUE
pypi,virtualgui,24/2/23,TRUE
pypi,libadproofver,27/2/23,TRUE
pypi,rqeuests-toolbelt,11/2/23,FALSE
pypi,osintsuper,25/2/23,TRUE
pypi,selfremask,25/2/23,TRUE
pypi,selfhackednvidiamc,25/2/23,TRUE
pypi,py-replacepushinfo,26/2/23,TRUE
pypi,tpedintload,26/2/23,TRUE
pypi,libmaskproofpep,25/2/23,TRUE
pypi,py-nvidiapepnvidia,25/2/23,TRUE
pypi,tpsplitultra,25/2/23,TRUE
pypi,install-pytest,20/5/23,FALSE
pypi,libultracrafted,25/2/23,TRUE
pypi,libvmpushrandom,25/2/23,TRUE
pypi,tensorfloww,10/2/23,FALSE
pypi,selfreplacepong,25/2/23,TRUE
pypi,tposintcontrol,25/2/23,TRUE
pypi,vyyper,9/2/23,FALSE
pypi,toolgrand,23/2/23,TRUE
pypi,selfnvidiarandomload,25/2/23,TRUE
pypi,cryyptocompare,9/2/23,FALSE
pypi,py-studyencodepep,25/2/23,TRUE
pypi,esqpeppostrand,27/2/23,TRUE
pypi,libedramlgtb,26/2/23,FALSE
pypi,mcurl,23/2/23,TRUE
pypi,postload,23/2/23,TRUE
pypi,py-postencodeencode,25/2/23,TRUE
pypi,py-ultrarandom,25/2/23,TRUE
pypi,libstrad,25/2/23,TRUE
pypi,postmask,24/2/23,TRUE
pypi,esqvisavirtualencode,27/2/23,TRUE
pypi,hackedvisa,25/2/23,TRUE
pypi,tpverguipost,27/2/23,TRUE
pypi,esqpyhydrarandom,26/2/23,TRUE
pypi,bitcoinlbi,9/2/23,FALSE
pypi,esqcontrolhttppaypal,25/2/23,TRUE
pypi,py-intpyed,25/2/23,TRUE
pypi,selfrandompiposint,27/2/23,TRUE
pypi,libgrandmc,25/2/23,TRUE
pypi,proggressbar2,11/2/23,FALSE
pypi,tppycpurand,25/2/23,TRUE
pypi,cclgtb,25/2/23,FALSE
pypi,esqcraftlibcv,3/3/23,TRUE
pypi,selftoolreplace,25/2/23,TRUE
pypi,recandy,23/2/23,TRUE
pypi,infomine,24/2/23,TRUE
pypi,libpushrandcv,25/2/23,TRUE
pypi,py-visakill,25/2/23,TRUE
pypi,lgtbpull,25/2/23,FALSE
pypi,libvirtual,24/2/23,TRUE
pypi,esqgrandsplitpaypal,25/2/23,TRUE
pypi,libproofkillpong,27/2/23,TRUE
pypi,esqhttppywinfo,2/3/23,TRUE
pypi,py-craftstring,25/2/23,TRUE
pypi,tpencodevirtual,25/2/23,TRUE
pypi,beuatifulsoup4,10/2/23,FALSE
pypi,grandint,25/2/23,TRUE
pypi,cpuhttp,24/2/23,TRUE
pypi,tpkillcchacked,25/2/23,TRUE
pypi,esqpushvm,25/2/23,TRUE
pypi,esqpostver,25/2/23,TRUE
pypi,vibrant,25/12/23,FALSE
pypi,selfrandomhackedstudy,8/3/23,FALSE
pypi,fyinance,9/2/23,FALSE
pypi,selflgtbpostrand,27/2/23,FALSE
pypi,beautifulssoup,11/2/23,FALSE
pypi,esqstrencodehacked,27/2/23,TRUE
pypi,py-nvidiapaypalsuper,27/2/23,TRUE
pypi,libcraftstringcc,25/2/23,TRUE
pypi,freqtradee,9/2/23,FALSE
pypi,pysoks,11/2/23,FALSE
pypi,libguiurlcc,27/2/23,TRUE
pypi,py-loadstudynvidia,25/2/23,TRUE
pypi,toolhttp,24/2/23,TRUE
pypi,tpvisaosint,25/2/23,TRUE
pypi,esqsplitpepcandy,27/2/23,TRUE
pypi,tkcalendra,11/2/23,FALSE
pypi,liblgtbencodegrand,26/2/23,FALSE
pypi,libgamecontrol,25/2/23,TRUE
pypi,selfrandponglib,27/2/23,TRUE
pypi,esqpepmaskram,25/2/23,TRUE
pypi,tphackedvirtualad,25/2/23,TRUE
pypi,py-supergetint,25/2/23,TRUE
pypi,libramramram,27/2/23,TRUE
pypi,superreplace,25/2/23,TRUE
pypi,soolana,9/2/23,FALSE
pypi,ppillow,11/2/23,FALSE
pypi,maskcc,24/2/23,TRUE
pypi,py-ccrandom,25/2/23,TRUE
pypi,aiohtpt,10/2/23,FALSE
pypi,ibtcoinlib,9/2/23,FALSE
pypi,grandhttp,23/2/23,TRUE
pypi,tpmchackedstr,25/2/23,TRUE
pypi,adurl,24/2/23,TRUE
pypi,esqvisavirtualgui,25/2/23,TRUE
pypi,ccgrand,24/2/23,TRUE
pypi,selfgrandccintel,26/2/23,TRUE
pypi,py-mcmcmask,25/2/23,TRUE
pypi,py-gamecv,25/2/23,TRUE
pypi,esqlibkill,25/2/23,TRUE
pypi,grandmine,24/2/23,TRUE
pypi,tprerelib,25/2/23,TRUE
pypi,esqgrandproofhydra,25/2/23,TRUE
pypi,esqcvvermask,9/3/23,FALSE
pypi,esqhackedcvpyw,25/2/23,TRUE
pypi,selflibtool,25/2/23,TRUE
pypi,tprandomadstr,25/2/23,TRUE
pypi,gitypthon,11/2/23,FALSE
pypi,free-net-vpn2,30/8/22,FALSE
pypi,tprandomedsuper,25/2/23,TRUE
pypi,esqsupercpuurl,25/2/23,TRUE
pypi,libccreplace,25/2/23,TRUE
pypi,gkjzjh146,14/5/23,TRUE
pypi,tpstringvmstring,25/2/23,TRUE
pypi,libhydraint,25/2/23,TRUE
pypi,selfstudycontrolpush,27/2/23,TRUE
pypi,python-binancee,10/2/23,FALSE
pypi,libcvgetsplit,26/2/23,TRUE
pypi,tpproofkill,25/2/23,TRUE
pypi,pipmc,24/2/23,TRUE
pypi,xlsxwwriter,11/2/23,FALSE
pypi,liblibcvsuper,25/2/23,TRUE
pypi,tensroflow,10/2/23,FALSE
pypi,py-gamecccpu,25/2/23,TRUE
pypi,libvisainfo,25/2/23,TRUE
pypi,esqstrping,25/2/23,TRUE
pypi,esqstrstudy,25/2/23,TRUE
pypi,esqmcintel,25/2/23,TRUE
pypi,esqrandultra,25/2/23,TRUE
pypi,toolmine,23/2/23,TRUE
pypi,csrapy,10/2/23,FALSE
pypi,urllbi3,11/2/23,FALSE
pypi,libencodestringver,25/2/23,TRUE
pypi,tpgetpywhttp,25/2/23,TRUE
pypi,craftvirtual,24/2/23,TRUE
pypi,selfurlminecontrol,27/2/23,TRUE
pypi,visapyw,24/2/23,TRUE
pypi,esqpushload,25/2/23,TRUE
pypi,esqosintintver,27/2/23,TRUE
pypi,candyinfo,23/2/23,TRUE
pypi,tpultrainfo,25/2/23,TRUE
pypi,selfintelpip,25/2/23,TRUE
pypi,tploadguistring,25/2/23,TRUE
pypi,selfintcontrolgrand,25/2/23,TRUE
pypi,libcraftinfo,25/2/23,TRUE
pypi,dicsord-py,11/2/23,FALSE
pypi,cpumine,23/2/23,TRUE
pypi,intmc,25/2/23,TRUE
pypi,tppushpushre,27/2/23,TRUE
pypi,tppushcraftcpu,27/2/23,TRUE
pypi,tppyencodepull,27/2/23,TRUE
pypi,tppaypalver,25/2/23,TRUE
pypi,requesst-toolbelt,11/2/23,FALSE
pypi,selfintsuperram,27/2/23,TRUE
pypi,py-replacere,25/2/23,TRUE
pypi,tphackedinfo,25/2/23,TRUE
pypi,libgui,24/2/23,TRUE
pypi,libpongsuperpip,25/2/23,TRUE
pypi,esqproofcandylgtb,25/2/23,FALSE
pypi,tppygetrandom,25/2/23,TRUE
pypi,tppullcv,25/2/23,TRUE
pypi,pogressbar2,11/2/23,FALSE
pypi,esqkillloadload,25/2/23,TRUE
pypi,libadstudypyw,25/2/23,TRUE
pypi,selfmcpipcpu,26/2/23,TRUE
pypi,librandreultra,25/2/23,TRUE
pypi,py-encodeproof,25/2/23,TRUE
pypi,py-pepadpull,27/2/23,TRUE
pypi,tpmineguipong,27/2/23,TRUE
pypi,libpushultra,25/2/23,TRUE
pypi,libstrreget,25/2/23,TRUE
pypi,py-pullping,25/2/23,TRUE
pypi,urlpost,23/2/23,TRUE
pypi,infohttp,23/2/23,TRUE
pypi,infopy,24/2/23,TRUE
pypi,ebautifulsoup,11/2/23,FALSE
pypi,tpstudyproofhttp,27/2/23,TRUE
pypi,esqmaskstringping,27/2/23,TRUE
pypi,py-intstr,25/2/23,TRUE
pypi,libcontrolstringcc,27/2/23,TRUE
pypi,esqcraftguicc,27/2/23,TRUE
pypi,tppoststrsuper,26/2/23,TRUE
pypi,tpguicvintel,25/2/23,TRUE
pypi,httpgrand,23/2/23,TRUE
pypi,py-strpaypal,25/2/23,TRUE
pypi,py-getstr,25/2/23,TRUE
pypi,libcontroltoolver,26/2/23,TRUE
pypi,esqgameloadrandom,7/3/23,FALSE
pypi,ccmc,24/2/23,TRUE
pypi,maskcv,24/2/23,TRUE
pypi,py-pongvmstring,25/2/23,TRUE
pypi,liburlurl,25/2/23,TRUE
pypi,tprandcandymask,25/2/23,TRUE
pypi,barcodeqrgen,21/6/23,FALSE
pypi,olana,9/2/23,FALSE
pypi,selfvirtualpippong,25/2/23,TRUE
pypi,cvgrand,24/2/23,TRUE
pypi,strload,25/2/23,TRUE
pypi,libpullpongpaypal,3/3/23,TRUE
pypi,py-proofpyosint,25/2/23,TRUE
pypi,sccrapy,10/2/23,FALSE
pypi,getad,23/2/23,TRUE
pypi,py-maskpyw,25/2/23,TRUE
pypi,tpsplitlibpaypal,26/2/23,TRUE
pypi,selfguiloadget,26/2/23,TRUE
pypi,tpgetvirtualpull,27/2/23,TRUE
pypi,solaan,9/2/23,FALSE
pypi,selfliburlrand,25/2/23,TRUE
pypi,ramcc,24/2/23,TRUE
pypi,selfmaskminehacked,26/2/23,TRUE
pypi,esqadpeped,25/2/23,TRUE
pypi,tpurlmcstring,27/2/23,TRUE
pypi,tkcaalendar,11/2/23,FALSE
pypi,esqcpucandyvirtual,25/2/23,TRUE
pypi,esqvergamepy,26/2/23,TRUE
pypi,pycodetsyle,11/2/23,FALSE
pypi,esqurlmine,25/2/23,TRUE
pypi,lgtbpep,25/2/23,FALSE
pypi,libcvcvkill,27/2/23,TRUE
pypi,getmask,24/2/23,TRUE
pypi,hackedcc,25/2/23,TRUE
pypi,tpcraftpeplib,25/2/23,TRUE
pypi,getload,23/2/23,TRUE
pypi,esqstringlgtbpost,25/2/23,FALSE
pypi,esqpushmcstring,25/2/23,TRUE
pypi,yc-as-client,28/4/23,FALSE
pypi,py-studyproofver,26/2/23,TRUE
pypi,libgrandgrand,25/2/23,TRUE
pypi,discord-wehbook,11/2/23,FALSE
pypi,esqlibtoolhttp,26/2/23,TRUE
pypi,tpminecpurand,27/2/23,TRUE
pypi,libadtoolrandom,26/2/23,TRUE
pypi,edpost,25/2/23,TRUE
pypi,libvisamc,25/2/23,TRUE
pypi,posthydra,24/2/23,TRUE
pypi,py-inforandom,25/2/23,TRUE
pypi,hackedget,25/2/23,TRUE
pypi,urlpep,24/2/23,TRUE
pypi,selfurlsuper,25/2/23,TRUE
pypi,py-killpaypalurl,25/2/23,TRUE
pypi,httpcpu,23/2/23,TRUE
pypi,libversupercv,25/2/23,TRUE
pypi,tpstrmaskpy,27/2/23,TRUE
pypi,selfvirtualpep,25/2/23,TRUE
pypi,esqmced,25/2/23,TRUE
pypi,libstringvmed,25/2/23,TRUE
pypi,tpintelguicv,25/2/23,TRUE
pypi,tpsupergame,25/2/23,TRUE
pypi,pepgui,24/2/23,TRUE
pypi,esqhackedcvpull,27/2/23,TRUE
pypi,cryptocomppare,9/2/23,FALSE
pypi,libstrpushkill,27/2/23,TRUE
pypi,disocrd-py,11/2/23,FALSE
pypi,hackedhydra,25/2/23,TRUE
pypi,esqgetloadhttp,27/2/23,TRUE
pypi,webockets,9/2/23,FALSE
pypi,liblgtbgamesplit,25/2/23,FALSE
pypi,lgtbsplit,25/2/23,FALSE
pypi,supertool,23/2/23,TRUE
pypi,selfultrapipram,25/2/23,TRUE
pypi,py-pingencodeencode,27/2/23,TRUE
pypi,proofhydra,24/2/23,TRUE
pypi,libintelram,25/2/23,TRUE
pypi,libpywpywcc,26/2/23,TRUE
pypi,tprepaypalpull,9/3/23,FALSE
pypi,smiplejson,11/2/23,FALSE
pypi,example-package-taxi-etl,26/4/23,FALSE
pypi,guiurl,24/2/23,TRUE
pypi,selfinfoencode,25/2/23,TRUE
pypi,libguigrand,25/2/23,TRUE
pypi,py-osintminehttp,27/2/23,TRUE
pypi,pongpost,25/2/23,TRUE
pypi,liblgtbultralgtb,25/2/23,FALSE
pypi,strsuper,25/2/23,TRUE
pypi,scikit-laern,10/2/23,FALSE
pypi,esqcandysplitpull,25/2/23,TRUE
pypi,mineultra,23/2/23,TRUE
pypi,tppeppingram,27/2/23,TRUE
pypi,esqinforandom,25/2/23,TRUE
pypi,esqultraposthttp,25/2/23,TRUE
pypi,esqvmgrandgrand,25/2/23,TRUE
pypi,py-pullgrandinfo,27/2/23,TRUE
pypi,tploadsplithacked,27/2/23,TRUE
pypi,selfadrand,25/2/23,TRUE
pypi,py-intelvm,25/2/23,TRUE
pypi,tposinthackedstring,27/2/23,TRUE
pypi,progresssbar2,11/2/23,FALSE
pypi,py-verpaypal,25/2/23,TRUE
pypi,pyinstalle,10/2/23,FALSE
pypi,selfgrandstrpyw,27/2/23,TRUE
pypi,esqrandomintel,25/2/23,TRUE
pypi,tpurlstudy,25/2/23,TRUE
pypi,candypong,25/2/23,TRUE
pypi,selfloadcvencode,27/2/23,TRUE
pypi,tplibtoolhacked,25/2/23,TRUE
pypi,esqcraftkilllib,25/2/23,TRUE
pypi,tpcandyloadvisa,26/2/23,TRUE
pypi,py-intellibint,7/5/23,FALSE
pypi,py-hackedvisa,25/2/23,TRUE
pypi,py-minestrcv,27/2/23,TRUE
pypi,guiproof,24/2/23,TRUE
pypi,yfinancce,9/2/23,FALSE
pypi,esqhttpguicc,2/3/23,TRUE
pypi,tprandpymask,27/2/23,TRUE
pypi,pepcraft,24/2/23,TRUE
npm,thinh2001-api,26/9/23,TRUE
npm,wlwz-2312-3802,24/1/24,TRUE
npm,hub-blockly,2/2/24,TRUE
npm,scheduler-0-13,20/6/22,TRUE
npm,kdghyalusmjenvpw,11/7/22,TRUE
npm,syntax_manager,7/11/22,TRUE
npm,bfx-util-js,20/6/22,TRUE
npm,web3tool-eth-ens,11/9/23,TRUE
npm,persona-verifier-lib,20/6/22,TRUE
npm,a2kj4izep_88z,9/5/23,TRUE
npm,sandbox-common,30/1/23,TRUE
npm,qiwi-widget-charaty,20/6/22,TRUE
npm,hide0x99,20/6/22,TRUE
npm,shopee-ui-react,9/11/22,TRUE
npm,web3-integration,30/6/22,TRUE
npm,layer2-sequencer-health-adapter,20/6/22,TRUE
npm,engage-voice-embeddable,20/6/22,TRUE
npm,wlwz-2312-1903,24/1/24,TRUE
npm,traecr,19/8/22,TRUE
npm,iotspaces,20/6/22,TRUE
npm,electron-app-extension,3/6/23,FALSE
npm,tradeview,21/7/22,TRUE
npm,com.thomsonreuters.project,20/6/22,TRUE
npm,sch-frontend-integration,20/6/22,TRUE
npm,brightspot-express,20/6/22,TRUE
npm,useevil,8/9/22,TRUE
npm,apollo-workarounds,20/6/22,TRUE
npm,deploy-workers-cloudflare-com,25/7/23,FALSE
npm,fc-expressions,6/6/23,TRUE
npm,highchartsofflineexport,28/5/23,FALSE
npm,arui-ft-private,20/6/22,TRUE
npm,gvckofeyuxstdjhb,11/7/22,TRUE
npm,turicreate-user-interface,20/6/22,TRUE
npm,stylelint-config-pagseguro,20/6/22,TRUE
npm,msbuild-sdks,20/6/22,TRUE
npm,singhaditi83683,20/6/22,TRUE
npm,gaedlne,19/8/22,TRUE
npm,one-host-app-context,9/11/23,TRUE
npm,nf-data-explorer-2,20/6/22,TRUE
npm,rcv-with-plugins,20/6/22,TRUE
npm,jsmene,19/8/22,TRUE
npm,jera,4/2/24,TRUE
npm,tracker-surrogates,20/6/22,TRUE
npm,ui-extensions-dev-console-app,20/6/22,TRUE
npm,moonbeam-history,20/6/22,TRUE
npm,@unitedhealthgroup/fetlife-assets,20/6/22,TRUE
npm,qq-qrcode-login,20/6/22,TRUE
npm,apswap-api,20/6/22,TRUE
npm,alertmanager-discord,18/7/22,TRUE
npm,orchidnet-web,22/1/24,FALSE
npm,synfc-wrequest,19/8/22,TRUE
npm,wlwz-2312-1100,24/1/24,TRUE
npm,reveal-js-multiplex,20/6/22,TRUE
npm,mailru-auth-gate,20/6/22,TRUE
npm,netlify-gocommerce-widget,7/9/22,TRUE
npm,fca-backup,30/1/23,TRUE
npm,validaqr,19/8/22,TRUE
npm,samples-bootstrap-theme,20/6/22,TRUE
npm,@slashkit/core,20/6/22,TRUE
npm,react-trfq,20/6/22,TRUE
npm,sparkonto-plus-external-web-app,28/10/23,TRUE
npm,algo-svnlook,27/4/23,FALSE
npm,lead_front_components,20/6/22,TRUE
npm,invairant,19/8/22,TRUE
npm,top-gun-maverick,16/8/23,FALSE
npm,mycompany-internal-auth,20/6/22,TRUE
npm,wlwz-2312-3001,24/1/24,TRUE
npm,braze-webpack-sample,14/7/23,TRUE
npm,spotify-liburi,20/6/22,TRUE
npm,routepair,27/3/24,TRUE
npm,wlwz-2312-5302,24/1/24,TRUE
npm,arm-apimanagement,20/6/22,TRUE
npm,o-ads-embed,20/6/22,TRUE
npm,xml2jsno,19/8/22,TRUE
npm,plnreqzvyfbhkwxk,11/7/22,TRUE
npm,@cutoffurmind/ui-kit,20/6/22,TRUE
npm,body-complex,20/6/22,TRUE
npm,sbtydhovriufmpqx,11/7/22,TRUE
npm,communication-sms,20/6/22,TRUE
npm,speedtestrun,18/1/23,TRUE
npm,sportsbook-frontend,20/6/22,TRUE
npm,wlwz-2312-7203,24/1/24,TRUE
npm,internallib_5509,13/9/22,TRUE
npm,kdhvumyjkqfzctga,11/7/22,TRUE
npm,mocha-junit-reporters-2,20/6/22,TRUE
npm,jupiter-emoji-old,16/1/24,TRUE
npm,pako-admin,20/6/22,TRUE
npm,internallib_v762,13/9/22,TRUE
npm,wlwz-2312-5108,24/1/24,TRUE
npm,com.google.play,20/6/22,TRUE
npm,aoe_playstyle,20/6/22,TRUE
npm,blockstream-adapter,20/6/22,TRUE
npm,api-discord.js,14/7/22,TRUE
npm,lnuhfadctpvbwrsj,11/7/22,TRUE
npm,app-config-v2,20/6/22,TRUE
npm,documentalist-monorepo,20/6/22,TRUE
npm,uitk-react-action-list-item,25/7/23,FALSE
npm,optus-sport-ctv,31/3/24,FALSE
npm,o2-ionic-image-loader-v7,29/1/24,TRUE
npm,dade-murphys-package,20/6/22,TRUE
npm,azure-data-tables-ts,20/6/22,TRUE
npm,free-primogems-2022-easy,20/6/22,TRUE
npm,atlas-base-service,20/6/22,TRUE
npm,lodash-utils,18/8/22,TRUE
npm,privacy-test-pages,20/6/22,TRUE
npm,rnwasmtest,20/6/22,TRUE
npm,rduxsaga,19/8/22,TRUE
npm,@maalik/logger,20/6/22,TRUE
npm,taxi-monitoring,30/1/23,TRUE
npm,bitshares-ui-style-guide,4/5/23,FALSE
npm,s3mock-testsupport-common,24/10/22,TRUE
npm,zach-remadee,13/4/23,TRUE
npm,azureazure,20/6/22,TRUE
npm,fc-address-lookup,6/2/23,TRUE
npm,@hnbi/searchfeuikit,22/9/23,FALSE
npm,wlwz-2312-1904,24/1/24,TRUE
npm,maven-fluido-skin,24/10/22,TRUE
npm,nodehound,20/6/22,TRUE
npm,meupkgdeteste,20/6/22,TRUE
npm,angular-adaptive-detection,20/6/22,TRUE
npm,elementor-developers-docs,25/7/22,TRUE
npm,react_popper_old,10/8/22,TRUE
npm,amplify-e2e-core,20/6/22,TRUE
npm,lro-parameterized-endpoints,20/6/22,TRUE
npm,wlwz-2312-3805,24/1/24,TRUE
npm,testpackagehere,20/6/22,TRUE
npm,pluarlizse,19/8/22,TRUE
npm,@zscaler/ec-domain,9/11/23,FALSE
npm,@zscaler/api-enums,9/11/23,FALSE
npm,ringcentral-embeddable-voice-app,20/6/22,TRUE
npm,xv_chrome,7/11/22,TRUE
npm,wlwz-2312-7204,24/1/24,TRUE
npm,azure-storage-blob-changefeed,20/6/22,TRUE
npm,lolo0099,20/6/22,TRUE
npm,@keybank/fetlife-assets,20/6/22,TRUE
npm,d2l-rubric-polymer,8/6/22,TRUE
npm,automate-loadtest-action,20/6/22,TRUE
npm,teams-calendar-webpart,16/3/23,TRUE
npm,formvalidationtestauth,17/3/24,TRUE
npm,futf4,19/8/22,TRUE
npm,xvpasfokuljqzhki,12/7/22,TRUE
npm,fc-persistence,6/6/23,TRUE
npm,eslint-plugin-dropbox-sign,12/2/23,TRUE
npm,dynamic-virtualized-list,20/6/22,TRUE
npm,eslint-plugin-discord,23/11/23,TRUE
npm,efcdege,19/8/22,TRUE
npm,packyourbag,9/10/23,FALSE
npm,wlwz-2312-5305,24/1/24,TRUE
npm,peekatchuysharnlesspackage,25/9/23,TRUE
npm,zara-mkt-core,9/9/23,FALSE
npm,tezos-sdk,10/8/22,TRUE
npm,azure-arm-labservices-samples-ts-beta,20/6/22,TRUE
npm,eventhubs-checkpointstore-blob,20/6/22,TRUE
npm,hippocrates,20/6/22,TRUE
npm,opsgenie-connectwise-integration,7/9/22,TRUE
npm,@seller-ui/settings,17/5/22,TRUE
npm,@seller-ui/products,17/5/22,TRUE
npm,free-fire-diamonsd-hakc-v1,20/6/22,TRUE
npm,sample-npm-balu,20/6/22,TRUE
npm,mrg-icons,20/6/22,TRUE
npm,payment-react-component,15/9/23,FALSE
npm,wlwz-2312-3006,24/1/24,TRUE
npm,com.immutable.unitysdk,11/10/23,FALSE
npm,hawaii-webchat,21/9/22,TRUE
npm,reamd,19/8/22,TRUE
npm,dow-load-becoming-the-narcissists-nightmare-how-to-devalue-and-discard-the-narcissist-whil,10/5/23,TRUE
npm,nwa-uikit-web,24/7/23,FALSE
npm,search-gov-website,21/7/22,TRUE
npm,ucs-availability-status-chart,20/6/22,TRUE
npm,wlwz-2312-1107,24/1/24,TRUE
npm,@unity-dashboard/cloud-build,22/7/22,TRUE
npm,@unity-dashboard/iframe-messages,22/7/22,TRUE
npm,cherry_corrupt,27/7/23,FALSE
npm,dropdown-input,28/11/23,FALSE
npm,mariss,3/10/23,TRUE
npm,azure-core-rest-pipeline-js,20/6/22,TRUE
npm,shopify-sections-manager,5/10/23,FALSE
npm,whispers-and-the-roars-by-k-webster-on-mac-new-version-,10/5/23,TRUE
npm,zmsqlite3,11/5/23,FALSE
npm,nuyzqmvihbpkcdea,11/7/22,TRUE
npm,elecrof,19/8/22,TRUE
npm,@ssr-frontend/packages-analytics,6/2/24,FALSE
npm,azure-arm-marketplaceordering-samples-js,20/6/22,TRUE
npm,mx-icon,25/8/23,TRUE
npm,lamalama,20/6/22,TRUE
npm,wlwz-2312-7803,24/1/24,TRUE
npm,cspell-version-pin,20/6/22,TRUE
npm,kuvp-less,19/8/22,TRUE
npm,keyvault-mock-attestation,20/6/22,TRUE
npm,freekws-devportal-api-client-angular,22/8/22,TRUE
npm,snykaudit-helper,22/6/23,TRUE
npm,hhland,19/8/22,TRUE
npm,hero-admin,20/6/22,TRUE
npm,odashthrottle,19/8/22,TRUE
npm,virgil-spring-boot-starter,3/5/23,FALSE
npm,npm-test-bravol33,20/6/22,TRUE
npm,wlwz-2312-5902,24/1/24,TRUE
npm,sportsbook-env-generator,14/7/23,TRUE
npm,kjadufvkoltqznib,11/7/22,TRUE
npm,load-date,20/6/22,TRUE
npm,webext-experiment-utils,20/6/22,TRUE
npm,cornershop-chat,20/6/22,TRUE
npm,fjle4ize,19/8/22,TRUE
npm,mongoos,19/8/22,TRUE
npm,tracker-radar,20/6/22,TRUE
npm,omh,20/6/22,TRUE
npm,hintstaged,19/8/22,TRUE
npm,wangwanqi-tools,23/11/22,TRUE
npm,modernizr-custom,20/6/22,TRUE
npm,husy,19/8/22,TRUE
npm,fca-zeid,24/8/23,TRUE
npm,org.slf4j.logger,9/5/23,TRUE
npm,hqbgkkmrztyijnou,11/7/22,TRUE
npm,trochilus,12/7/23,FALSE
npm,f0-validator,5/10/23,TRUE
npm,chanbfe,19/8/22,TRUE
npm,nextcloud-news,20/6/22,TRUE
npm,discordjs-fetcher,22/1/24,TRUE
npm,gramchain-adapter,20/6/22,TRUE
npm,memzizeone,19/8/22,TRUE
npm,discount-pwa,9/6/23,TRUE
npm,google-bigquery-adapter,20/6/22,TRUE
npm,tengxunnba,20/6/22,TRUE
npm,thts,19/8/22,TRUE
npm,deepas8ign,19/8/22,TRUE
npm,oscompatible,18/1/24,TRUE
npm,tescodek,12/7/22,TRUE
npm,wlwz-2312-5101,24/1/24,TRUE
npm,myonlife,29/1/24,TRUE
npm,azure-ai-anomaly-detector,20/6/22,TRUE
npm,smc-extendsession,20/6/22,TRUE
npm,@btu-tools/mfe-feature-toggles,20/6/22,TRUE
npm,@btu-tools/master-builder-client,20/6/22,TRUE
npm,cors-typescript,20/6/22,TRUE
npm,@sport5/fetlife-assets,20/6/22,TRUE
npm,regex-constraint,20/6/22,TRUE
npm,wlwz-2312-7000,24/1/24,TRUE
npm,mintel-tokens,27/5/23,TRUE
npm,verycoolzpac,12/5/23,FALSE
npm,json2stringfy,12/5/23,TRUE
npm,fds-test,20/6/22,TRUE
npm,pdatuenotifier,19/8/22,TRUE
npm,ethersjs,28/7/23,TRUE
npm,discord-sp,9/5/23,TRUE
npm,doom-workers,20/6/22,TRUE
npm,com.unity.modules.uielements,20/6/22,TRUE
npm,0-shadowenv,20/6/22,TRUE
npm,localbitratehelper,20/6/22,TRUE
npm,gkvlwtoaufqdhknb,11/7/22,TRUE
npm,polkadot-staking-dashboard,27/9/22,TRUE
npm,f0-utils,16/5/22,TRUE
npm,wlwz-2312-1303,24/1/24,TRUE
npm,bv-framework-sites,20/6/22,TRUE
npm,helloadmin,20/6/22,TRUE
npm,npm-webcomponent-murphysms1,29/5/23,TRUE
npm,ux-gulp-theming,20/6/22,TRUE
npm,my-fallen-fallen-web,8/8/23,TRUE
npm,testte,10/6/22,TRUE
npm,fe-commons,22/12/23,TRUE
npm,react-a11y-utils,20/6/22,TRUE
npm,owncloud-js-dev,20/8/23,FALSE
npm,shopify-utils,20/6/22,TRUE
npm,wlwz-2312-3202,24/1/24,TRUE
npm,cyclic-dep-1,20/6/22,TRUE
npm,com.unity.settings-manager,20/6/22,TRUE
npm,@productiv/compass,9/7/23,FALSE
npm,sass-loadre,19/8/22,TRUE
npm,wlwz-2311-4202,24/1/24,TRUE
npm,etherchain-adapter,20/6/22,TRUE
npm,squaredev-next-online-payments-example,1/1/24,FALSE
npm,optimize-procurement-and-inventory-with-ai,21/9/23,FALSE
npm,qrecats,19/8/22,TRUE
npm,web-portal,20/6/22,TRUE
npm,mintel-react-ui,27/5/23,TRUE
npm,noblox.js-promises,20/6/22,TRUE
npm,csp-preset-yastatic,30/1/23,TRUE
npm,shopify-devtool,20/6/22,TRUE
npm,kltqesmdnvwuorhy,11/7/22,TRUE
npm,cam.flcase,19/8/22,TRUE
npm,ride-mode-selector,20/6/22,TRUE
npm,ps-asymmetric-crypts,20/6/22,TRUE
npm,wlwz-2312-3008,24/1/24,TRUE
npm,rjvixkndpbkstuqm,11/7/22,TRUE
npm,fb-chat-api-temp,19/9/23,TRUE
npm,@hex-/xd,20/6/22,TRUE
npm,firstloadedvideopriorityadjuster,20/6/22,TRUE
npm,ttp-error,19/8/22,TRUE
npm,nqbcksuatvlgpkfy,11/7/22,TRUE
npm,pingserver-test.01,3/9/23,TRUE
npm,bs-dropdown,20/6/22,TRUE
npm,gauntlet-core,20/6/22,TRUE
npm,@dbk-legacy/roster-modules-ebanking,10/11/22,TRUE
npm,@dbk-legacy/muster,10/11/22,TRUE
npm,helloreactnative,20/6/22,TRUE
npm,bael-plugin-syntax-dynramic-import,19/8/22,TRUE
npm,wlwz-2312-5905,24/1/24,TRUE
npm,iex-cloud-adapter,20/6/22,TRUE
npm,discourse-prepend-tags-in-topic-slug,20/6/22,TRUE
npm,discord-protection,20/6/22,TRUE
npm,com.unity.modules.director,20/6/22,TRUE
npm,assessment-zmarta,20/6/22,TRUE
npm,discord.js-dmall-friends,17/1/24,TRUE
npm,web-playback-sdk-sample-app,31/5/22,TRUE
npm,my-amplify-plugin,20/6/22,TRUE
npm,wlwz-2312-7804,24/1/24,TRUE
npm,fraud-filter,20/6/22,TRUE
npm,broadcast-bot-web,20/6/22,TRUE
npm,wlwz-2312-3205,24/1/24,TRUE
npm,wix-labs-pdf-viewer-statics,20/6/22,TRUE
npm,hooolalulos,20/6/22,TRUE
npm,barnbridge-frontend,20/6/22,TRUE
npm,opendatanetwork.com,20/6/22,TRUE
npm,scilla,8/6/22,TRUE
npm,kakakaaka,20/6/22,TRUE
npm,shopify-ewrjknfd,20/6/22,TRUE
npm,pg-ng-popover,18/5/22,TRUE
npm,antiheck,5/12/22,TRUE
npm,oilpriceapi-adapter,20/6/22,TRUE
npm,can-explorer,7/2/24,TRUE
npm,wlwz-2312-1304,24/1/24,TRUE
npm,@c6bank/diamond,20/6/22,TRUE
npm,koacompocse,19/8/22,TRUE
npm,lambda-common,20/6/22,TRUE
npm,iot-modelsrepository,20/6/22,TRUE
npm,foermdata,19/8/22,TRUE
npm,spr-svg-loaders,31/5/22,TRUE
npm,wlwz-2312-7007,24/1/24,TRUE
npm,ewenl2mitter2,19/8/22,TRUE
npm,npmrce-trials,20/6/22,TRUE
npm,@prospect/fetlife-assets,20/6/22,TRUE
npm,spotify-promise-plus,20/6/22,TRUE
npm,safari-prevent-zoom,20/6/22,TRUE
npm,jest-website,20/6/22,TRUE
npm,node-http-uatraits,30/1/23,TRUE
npm,thank-you-for-being-late-an-optimists-guide-to-thriving-in-the-age-of-accelerations-by-thomas-l-frie,10/5/23,TRUE
npm,wlwz-2312-5106,24/1/24,TRUE
npm,blockchain-transactions,12/12/23,TRUE
npm,web-sdk-mono-repo,20/6/22,TRUE
npm,smithy-client,20/6/22,TRUE
npm,usaa-storage,20/6/22,TRUE
npm,grenache-browser-http,20/6/22,TRUE
npm,gatsby-pancake-api,9/8/22,TRUE
npm,fortnite-skin-redeem-codes-2022,20/6/22,TRUE
npm,phup.js,29/12/22,TRUE
npm,@0xten/calc_wzpz618zfk,20/6/22,TRUE
npm,yargs-parxe,19/8/22,TRUE
npm,gatsby-remark-gifplayer-transformer,20/6/22,TRUE
npm,ldtzstxwzpntxqn,20/6/22,TRUE
npm,wexack-node-externals,19/8/22,TRUE
npm,jpeg-metadata,12/6/23,TRUE
npm,wlwz-2312-1506,24/1/24,TRUE
npm,qzcomabjsvtgrkyx,11/7/22,TRUE
npm,jaylen-db,18/9/22,TRUE
npm,pkg_test_poc_mm,20/6/22,TRUE
npm,cooieparser,19/8/22,TRUE
npm,@protiviti/fetlife-assets,20/6/22,TRUE
npm,dforce-protocol,20/6/22,TRUE
npm,indrasecuritylib,5/7/22,TRUE
npm,ceshia-node-stack,24/8/22,TRUE
npm,monitor-inc,14/9/22,TRUE
npm,imodel-query-agent,20/6/22,TRUE
npm,wlwz-2312-3407,24/1/24,TRUE
npm,assets-graph,21/6/23,TRUE
npm,oh-my-got,20/6/22,TRUE
npm,frontend-style,20/6/22,TRUE
npm,trip-tracker-web,20/6/22,TRUE
npm,my-fallen-web,4/8/23,TRUE
npm,timebase-web-admin,20/6/22,TRUE
npm,core-guest-spa,20/6/22,TRUE
npm,wlwz-2312-5704,24/1/24,TRUE
npm,nodebb-plugin-sso-auto-login,20/4/23,TRUE
npm,jscs-server,20/6/22,TRUE
npm,snarky-js,20/6/22,TRUE
npm,mbed-drivers,20/6/22,TRUE
npm,poppejs,19/8/22,TRUE
npm,color-processing,20/6/22,TRUE
npm,fca-chan,19/9/23,TRUE
npm,mitui-comp-conversation,20/6/22,TRUE
npm,test-hach,19/9/22,TRUE
npm,ikemurami-di,21/3/23,TRUE
npm,app_bridge_auth,20/6/22,TRUE
npm,metacord,3/4/24,TRUE
npm,django-template-common,30/1/23,TRUE
npm,wlwz-2312-7605,24/1/24,TRUE
npm,mollie-shopware,20/6/22,TRUE
npm,react-test-renderer-17,1/5/23,FALSE
npm,generatedloggerutils,20/6/22,TRUE
npm,datadog-app,20/6/22,TRUE
npm,velor,4/7/23,TRUE
npm,ac-base,20/6/22,TRUE
npm,salmonpy,30/1/23,TRUE
npm,anchor-lang,24/10/22,TRUE
npm,@radancy/dropr-client,30/6/22,TRUE
npm,accuracy-test,20/6/22,TRUE
npm,ing-open-banking-cli,20/6/22,TRUE
npm,istannl,19/8/22,TRUE
npm,schedules-oauth-itwin,6/1/24,TRUE
npm,uploadcare-tinymce,12/4/23,TRUE
npm,eslint-config-pagseguro,20/6/22,TRUE
npm,typescsdariptt,20/6/22,TRUE
npm,jhyzkumqikexvcop,11/7/22,TRUE
npm,nozbedesktop,21/7/22,TRUE
npm,ucs-data-table,20/6/22,TRUE
npm,retact-vrtualiied,19/8/22,TRUE
npm,@homelte_dev/frontend,13/10/23,TRUE
npm,phone_helpers,20/6/22,TRUE
npm,azure-keyvault-keys-ts,20/6/22,TRUE
npm,int_klaviyo,20/6/22,TRUE
npm,encryptte-test,20/6/22,TRUE
npm,gd-storage,20/6/22,TRUE
npm,link-bubble,13/6/22,TRUE
npm,folior,19/8/22,TRUE
npm,wlwz-2312-7408,24/1/24,TRUE
npm,klook-node-framework-affiliate,20/6/22,TRUE
npm,sa-docs-to-json,11/1/23,TRUE
npm,maddy_test,13/5/23,TRUE
npm,fqxsbvwkgdykaetc,11/7/22,TRUE
npm,tss-marketing,21/7/22,TRUE
npm,discord.js-commandv14,7/2/24,FALSE
npm,hubl-parser,1/1/24,FALSE
npm,azure-digital-twins-core-js,20/6/22,TRUE
npm,ojbznypdfmaiusgv,11/7/22,TRUE
npm,detoo,15/10/23,FALSE
npm,galileo-web-sdk,31/3/24,TRUE
npm,usaa-scroll,20/6/22,TRUE
npm,com.microsoft.mixedreality.toolkit.foundation,20/6/22,TRUE
npm,addons-code-manager,20/6/22,TRUE
npm,atmos-design-system,2/11/23,TRUE
npm,hsisu,1/8/23,TRUE
npm,wlwz-2312-7602,24/1/24,TRUE
npm,xml2binary,11/5/23,TRUE
npm,donate-backend,20/6/22,TRUE
npm,ui-challenge,20/6/22,TRUE
npm,gtkjngikdbwkerg,20/6/22,TRUE
npm,grnt-co3trib-watch,19/8/22,TRUE
npm,es-sink,20/6/22,TRUE
npm,klown,20/6/22,TRUE
npm,ds-ember-sample,31/3/23,TRUE
npm,generate-doc,20/6/22,TRUE
npm,axis-components,20/6/22,TRUE
npm,wlwz-2312-5703,24/1/24,TRUE
npm,bbmodules,20/6/22,TRUE
npm,pawnftubxjcsiklv,11/7/22,TRUE
npm,js-lib-skeleton,20/6/22,TRUE
npm,vue-plugin-preset,13/6/23,TRUE
npm,clispmner,19/8/22,TRUE
npm,@ibb-apache/fetlife-assets,20/6/22,TRUE
npm,mineflayer-patcher,6/4/23,TRUE
npm,feedback-web-renderer-ui,20/6/22,TRUE
npm,forge-app-bones,21/7/22,TRUE
npm,jaspine-coer,19/8/22,TRUE
npm,ignored-package-pkg-a,20/6/22,TRUE
npm,webpack-dev-fixture,14/11/22,TRUE
npm,eg-auth-ui-localization,19/12/22,TRUE
npm,fc-fatca,6/6/23,TRUE
npm,nrmalize-usl,19/8/22,TRUE
npm,wlwz-2312-3400,24/1/24,TRUE
npm,core-xml,20/6/22,TRUE
npm,sfebuffer,19/8/22,TRUE
npm,studiolabs-cli,20/6/22,TRUE
npm,profectus-components,9/3/24,TRUE
npm,@saas-mf/ccm,6/12/23,FALSE
npm,analysis-studio-components,18/2/24,TRUE
npm,@landings-library/google-tag-manager,20/6/22,TRUE
npm,gqoknfrlmbtukycj,11/7/22,TRUE
npm,stcak-trace,19/8/22,TRUE
npm,getseekrangegapsfromshakareferences,20/6/22,TRUE
npm,wlwz-2312-1501,24/1/24,TRUE
npm,ckvmqjksghytofel,12/7/22,TRUE
npm,react-native-wix-engine-main,20/6/22,TRUE
npm,epic-games-nav-shared,20/6/22,TRUE
npm,ad-params,20/6/22,TRUE
npm,fc-template,6/6/23,TRUE
npm,xml-fast-decoder,30/6/23,TRUE
npm,@hihihehehaha/vgujsonfrankfurtola,18/7/23,FALSE
npm,com.unity.modules.vr,20/6/22,TRUE
npm,shitshit12,20/6/22,TRUE
npm,monday-code-action-template-node,20/6/22,TRUE
npm,poseshield,20/6/22,TRUE
npm,ib-subgraph,18/7/22,TRUE
npm,oevmkgzfqskahcwb,11/7/22,TRUE
npm,test7458,20/6/22,TRUE
npm,poa-adapter,20/6/22,TRUE
npm,tjhnl,8/7/22,TRUE
npm,speedgum,18/1/23,TRUE
npm,twilio-chat-console-webapp.js,20/6/22,TRUE
npm,hide-pay,20/6/22,TRUE
npm,vizceral-component,20/6/22,TRUE
npm,google_modes,20/6/22,TRUE
npm,kvsclient,20/6/22,TRUE
npm,log-symbosl,19/8/22,TRUE
npm,handleqazs,19/8/22,TRUE
npm,cd5,19/8/22,TRUE
npm,fc-crs,6/6/23,TRUE
npm,bubird,19/8/22,TRUE
npm,airtable-client,20/6/22,TRUE
npm,sam_jobs,20/6/22,TRUE
npm,rescet,19/8/22,TRUE
npm,sync-colors,1/6/22,TRUE
npm,perf-ai-metrics-advisor,20/6/22,TRUE
npm,pug-web-readiness,26/7/22,TRUE
npm,azure-arm-oep-samples-js-beta,20/6/22,TRUE
npm,wlwz-2312-5507,24/1/24,TRUE
npm,eslint-plugin-cas,29/1/24,TRUE
npm,gd-testtesttest,3/4/23,TRUE
npm,grunt-tslint-eslint-config-palantir,20/6/22,TRUE
npm,perf-ai-text-analytics,20/6/22,TRUE
npm,e2e-synthetics,20/6/22,TRUE
npm,hoistnonjreactstatics,19/8/22,TRUE
npm,thinhdz-api,18/9/23,TRUE
npm,@bmw-chris/vehiclesession-default-frontend,20/6/22,TRUE
npm,@bmw-chris/testmodule-default-frontend,20/6/22,TRUE
npm,@bmw-chris/signalr-default-frontend,20/6/22,TRUE
npm,@bmw-chris/common-default-frontend,20/6/22,TRUE
npm,@bmw-chris/ecutree-default-frontend,20/6/22,TRUE
npm,@bmw-chris/document-default-frontend,20/6/22,TRUE
npm,@bmw-chris/case-default-frontend,20/6/22,TRUE
npm,@bmw-chris/onlinesession-default-frontend,20/6/22,TRUE
npm,@bmw-chris/logger-default-frontend,20/6/22,TRUE
npm,@bmw-chris/ecufunction-default-frontend,20/6/22,TRUE
npm,js_packages_security_test,20/6/22,TRUE
npm,wlwz-2312-7406,24/1/24,TRUE
npm,coolblue-assets,10/1/23,TRUE
npm,free-cashapp-money-hakc-apk-donwload-2022,20/6/22,TRUE
npm,custdev-sapui5,20/6/22,TRUE
npm,rcv-with-media-plugins,20/6/22,TRUE
npm,pseudo-loc-for-signin-widget,20/6/22,TRUE
npm,tsp-sdk,9/11/22,TRUE
npm,vniyl-fs,19/8/22,TRUE
npm,schweppes,30/6/23,FALSE
npm,grunt-contrib-ugliyf,19/8/22,TRUE
npm,snyk-azure-pipelines-task,20/6/22,TRUE
npm,superagt,27/5/23,TRUE
npm,wlwz-2312-1705,24/1/24,TRUE
npm,nt-shared,20/6/22,TRUE
npm,microsoft-bonsai-visualizer,20/6/22,TRUE
npm,cordova-plugin-canvas,11/1/24,TRUE
npm,o7nyfinished,19/8/22,TRUE
npm,@blk/idm-okta-sdk-js,26/1/23,TRUE
npm,jczvngxsqaimyfek,11/7/22,TRUE
npm,nft-tickets-workshop,20/6/22,TRUE
npm,@pagetour/sdk,30/6/22,TRUE
npm,@dropcontact/fetlife-assets,20/6/22,TRUE
npm,fiapgcxeqyotukhz,11/7/22,TRUE
npm,com.example.show-toast,12/4/23,TRUE
npm,wlwz-2312-3604,24/1/24,TRUE
npm,module-config-inc,14/9/22,TRUE
npm,yandex-mycookie,20/6/22,TRUE
npm,jsii-calc-base,10/11/23,FALSE
npm,users-lookup,19/12/23,TRUE
npm,indoorviewer,12/5/23,FALSE
npm,node-config-provider,20/6/22,TRUE
npm,run-matlab-command,21/12/23,TRUE
npm,twitch-integrations,20/6/22,TRUE
npm,react-ldclient-default-values,20/6/22,TRUE
npm,hui-logger,25/7/23,TRUE
npm,eslintr-plugzn-promise,19/8/22,TRUE
npm,@immersive-composer/backend-resources-types,20/6/22,TRUE
npm,@immersive-composer/scripting-api,20/6/22,TRUE
npm,trycourier,17/8/22,TRUE
npm,twitch-core-ui,20/6/22,TRUE
npm,sb-resp-utils,20/6/22,TRUE
npm,integration-framework,20/6/22,TRUE
npm,serverless-provisioned-memory-report,23/11/23,TRUE
npm,homo-deus-a-brief-history-of-tomorrow-by-yuval-noah-harari-on-audible-new-version-,10/5/23,TRUE
npm,@hudapp/fetlife-assets,20/6/22,TRUE
npm,jestreolv,19/8/22,TRUE
npm,@skip-js/cookie-consent,2/1/24,FALSE
npm,meshblu-connector-arc-thermometer,20/6/22,TRUE
npm,mason-auth-middleware,20/6/22,TRUE
npm,tsang-dev,28/2/23,TRUE
npm,ddf2rf,20/6/22,TRUE
npm,asset-detect-layout,20/6/22,TRUE
npm,@tochka-modules/t15-ui-kit-icons,20/6/22,TRUE
npm,@rustore-web/config,9/7/23,FALSE
npm,action-publish-gh-pages,20/6/22,TRUE
npm,fca-nguyen,12/7/23,TRUE
npm,jubilee-flag-wave,8/6/22,TRUE
npm,realtime-react,20/6/22,TRUE
npm,@gumtree/ui-library,6/2/23,TRUE
npm,01template1,20/6/22,TRUE
npm,lib-bb-html-sanitizer,27/12/21,FALSE
npm,here_cta_marketo_v2,20/6/22,TRUE
npm,owncloud-ui,20/6/22,TRUE
npm,kratos-nextjs-react-example,21/11/23,TRUE
npm,dc-icons,10/5/23,FALSE
npm,azure-app-configuration,20/6/22,TRUE
npm,web-scripts-monorepo,20/6/22,TRUE
npm,cadence-docs,20/6/22,TRUE
npm,azure-sp,24/2/23,TRUE
npm,generalegisking,20/6/22,TRUE
npm,ext-iconv-test-3,20/6/22,TRUE
npm,wlwz-2312-1508,24/1/24,TRUE
npm,canvas-text-colorizer,6/6/23,TRUE
npm,infoectin,19/8/22,TRUE
npm,wlwz-2312-3603,24/1/24,TRUE
npm,rzedux-thunak,19/8/22,TRUE
npm,irmraf,19/8/22,TRUE
npm,azure-arm-postgresql-flexible-samples-js,20/6/22,TRUE
npm,steamdb-browser-extension,20/6/22,TRUE
npm,vulncode-db,20/6/22,TRUE
npm,frappe-framework,10/1/23,TRUE
npm,eslintplugnnvue,19/8/22,TRUE
npm,uniswapmempool,25/8/22,TRUE
npm,query-graph,20/6/22,TRUE
npm,cagov-template-v5,21/1/24,FALSE
npm,here_lead_generation_v2,20/6/22,TRUE
npm,fca-dongdev,10/7/23,TRUE
npm,moodules,20/6/22,TRUE
npm,wlwz-2312-1702,24/1/24,TRUE
npm,suspicious_login,20/6/22,TRUE
npm,mailjet-old-react-components,20/6/22,TRUE
npm,copywebpackplugxin,19/8/22,TRUE
npm,bfx-facs-http,20/6/22,TRUE
npm,com.unity.xrtools.spatial-hash,8/5/23,FALSE
npm,yandex-global-state-controller,30/1/23,TRUE
npm,1password-postman-integration,12/7/23,FALSE
npm,nodeg5i,19/8/22,TRUE
npm,@olxui/core,2/11/23,TRUE
npm,ps-brands-assets,20/6/22,TRUE
npm,wlwz-2312-7401,24/1/24,TRUE
npm,@munters/calculations,20/6/22,TRUE
npm,aggregator-dashboard-microfrontend,20/6/22,TRUE
npm,npm-research-enum,23/10/23,FALSE
npm,azure-api-style-guide,20/6/22,TRUE
npm,com.unity.mathematics,20/6/22,TRUE
npm,webbluetooth-edison-demo,14/11/22,TRUE
npm,ipxksnruvewdzbgm,11/7/22,TRUE
npm,perf-storage-file-share,20/6/22,TRUE
npm,invariqaot,19/8/22,TRUE
npm,wlwz-2312-5500,24/1/24,TRUE
npm,esprima-moz,20/6/22,TRUE
npm,int_stripe_sfra,29/3/23,TRUE
npm,scytheetest,21/2/24,TRUE
npm,ex6error,19/8/22,TRUE
npm,internallib_v158,13/9/22,TRUE
npm,react-native-transparent-video,10/8/23,TRUE
npm,insidious_chapter_2_free_in_hindi_full__hd,9/5/23,TRUE
npm,kikimrclient,30/1/23,TRUE
npm,ts-patch-mongose,15/2/24,TRUE
npm,azure-arm-servicefabricmesh-samples-ts-beta,20/6/22,TRUE
npm,gd-react-toolbox,20/6/22,TRUE
npm,free-rocket-league-codes-2022,20/6/22,TRUE
npm,perf-keyvault-certificates,20/6/22,TRUE
npm,eslint-plugin-translation-vars,5/7/22,TRUE
npm,chat-web-sdk,20/6/22,TRUE
npm,hmatata,20/6/22,TRUE
npm,rror.stack,20/6/22,TRUE
npm,bykea_node_boilerplate,2/2/23,TRUE
npm,enthereumjsu-til,19/8/22,TRUE
npm,matic-docs,20/6/22,TRUE
npm,com.unity.modules.wind,20/6/22,TRUE
npm,motin,19/8/22,TRUE
npm,calc_9p1qriho8q,20/6/22,TRUE
npm,wix-events-backend,20/6/22,TRUE
npm,hb-analytics-js-sdk,20/6/22,TRUE
npm,gulp-pypugjs,20/6/22,TRUE
npm,usaa-logger,20/6/22,TRUE
npm,@ws-amplify/core,20/6/22,TRUE
npm,hbausic-vuth,19/8/22,TRUE
npm,kiota-authentication-azure,20/6/22,TRUE
npm,umsyaoxzvgkkjbhr,11/7/22,TRUE
npm,iputiljs,15/5/23,FALSE
npm,teamcity-cloud-agent-updater,8/7/22,TRUE
npm,automated-end-to-end-tests,20/6/22,TRUE
npm,transaction-decoder,1/11/23,TRUE
npm,hope-hub-center-shared,20/6/22,TRUE
npm,biuill,19/8/22,TRUE
npm,service-module-api,20/6/22,TRUE
npm,@emon-bhai/fca-emon-bhai-api,12/10/23,TRUE
npm,swisspost-intranet-header,20/6/22,TRUE
npm,flip-flop-flap,26/1/23,TRUE
npm,log-status,29/9/22,TRUE
npm,yarn-design-system-react-select,20/6/22,TRUE
npm,infectplugin,20/6/22,TRUE
npm,wlwz-2312-5904,24/1/24,TRUE
npm,ionpackagesa,6/12/22,TRUE
npm,lodasr.debvuce,19/8/22,TRUE
npm,packj,13/6/23,TRUE
npm,shippo-frontend,20/6/22,TRUE
npm,install-utils,21/11/22,TRUE
npm,rasp-vault,30/1/23,TRUE
npm,velo-docs,20/6/22,TRUE
npm,serh-eindex,19/8/22,TRUE
npm,bcashjs-lib,29/12/22,TRUE
npm,fqmslpwnjihvuacd,11/7/22,TRUE
npm,npm_package_dependencies_linkify_it,29/1/24,FALSE
npm,legal-footer,6/6/23,TRUE
npm,@amcdc/backend-api-swagger,1/6/22,TRUE
npm,@flameshot-org/fetlife-assets,20/6/22,TRUE
npm,wlwz-2312-7805,24/1/24,TRUE
npm,rb-seatlayout-canvas,7/11/23,TRUE
npm,com.unity.modules.ui,20/6/22,TRUE
npm,sample-app-typescript,13/6/23,TRUE
npm,devops-challenge,24/8/23,FALSE
npm,@crackle-fixtures/multi-entry-library,20/6/22,TRUE
npm,@crackle-fixtures/single-entry-library,20/6/22,TRUE
npm,f0-components,17/11/23,TRUE
npm,bsoldncqaiwkxftk,11/7/22,TRUE
npm,born-to-win-find-your-success-by-zig-ziglar-on-iphone-new-version-,10/5/23,TRUE
npm,now-dashboard-analyze,20/6/22,TRUE
npm,gogl7eapiqs,19/8/22,TRUE
npm,helix-contentsource-connector,20/6/22,TRUE
npm,darshanbro,5/10/22,TRUE
npm,wlwz-2312-1108,24/1/24,TRUE
npm,crash-reporting,20/6/22,TRUE
npm,new-npm-packages,20/6/22,TRUE
npm,wechat-base,20/6/22,TRUE
npm,xdefi-distribution,11/5/23,FALSE
npm,ember-views,20/6/22,TRUE
npm,god-listener,19/8/22,TRUE
npm,@codacontent/fetlife-assets,20/6/22,TRUE
npm,azure-arm-workspaces-samples-ts,20/6/22,TRUE
npm,bablpluginsyntaxdynamicimport,19/8/22,TRUE
npm,xbto-adapter,20/6/22,TRUE
npm,auth-test-backend,9/5/23,TRUE
npm,uhqsniper,17/1/24,TRUE
npm,dailymotion-sdk-js,20/6/22,TRUE
npm,ticket-parser2-py3,30/1/23,TRUE
npm,icon-ionicons,6/12/22,TRUE
npm,wlwz-2312-7006,24/1/24,TRUE
npm,@amplify-components/amplify-table,22/6/22,TRUE
npm,evernote-sdk-sample-node,5/10/22,TRUE
npm,wlwz-2312-5107,24/1/24,TRUE
npm,color-self,20/6/22,TRUE
npm,safe-nonce-6218,26/10/22,TRUE
npm,rhyselsmore-poc,8/9/22,TRUE
npm,calc_qq9esg40er,20/6/22,TRUE
npm,gauravb1234,20/6/22,TRUE
npm,luhrfzvejsgcakmb,11/7/22,TRUE
npm,mitui-util-bootstrap,20/6/22,TRUE
npm,kakakaakaaa11aaa3_returns_hello_jfrog2a,20/6/22,TRUE
npm,token-unit-es5,20/6/22,TRUE
npm,bitboxapp,5/12/23,FALSE
npm,wlwz-2312-3204,24/1/24,TRUE
npm,free-fortnite-skins-genrator-iospc,20/6/22,TRUE
npm,wp-scripts,20/6/22,TRUE
npm,@sugoma/amogus,20/6/22,TRUE
npm,teamcity-vscode-extension,20/6/22,TRUE
npm,chokdazr,19/8/22,TRUE
npm,fca-kenlie-plays,27/2/23,TRUE
npm,hgkuxjmndplekiwb,11/7/22,TRUE
npm,epic-diesel,31/3/23,TRUE
npm,kiwi_vicious,27/7/23,FALSE
npm,qiwi-widgets-landing,20/6/22,TRUE
npm,grpc-web-ruby,20/6/22,TRUE
npm,anpgvytdohnmusxxexicyoojcrmmzvartwuisqqtnaqolfyddhcfkpnrncyc,20/6/22,TRUE
npm,native-utils,20/6/22,TRUE
npm,analytics-q,20/6/22,TRUE
npm,lmru-pilot-main,11/1/23,TRUE
npm,omar-evil-test-rpp,20/6/22,TRUE
npm,daftar-situs-judi-slot-online-gacor-gampang-menang-2023,12/10/23,TRUE
npm,wlwz-2312-1305,24/1/24,TRUE
npm,@answers/exp-id-tools,20/6/22,TRUE
npm,fqapvwmguoyiktxd,11/7/22,TRUE
npm,osbynpeglvtwqumx,11/7/22,TRUE
npm,stripe-identity-react-native,20/6/22,TRUE
npm,bscscan.com,25/7/22,TRUE
npm,nan-win,5/2/24,TRUE
npm,calc_gcc1y6tzao,20/6/22,TRUE
npm,super-social-sdk,19/3/24,TRUE
npm,npm-rce-hackerone-corraldev,20/6/22,TRUE
npm,reload-glob,6/2/23,TRUE
npm,sc-location,20/6/22,TRUE
npm,drwffjbwkwxsvyo,20/6/22,TRUE
npm,karma-jquery2,30/1/23,TRUE
npm,omm-frontend,21/6/22,TRUE
npm,react-table-next,20/6/22,TRUE
npm,escapestrifngregexp,19/8/22,TRUE
npm,getting-started-rpi,20/6/22,TRUE
npm,opendex-desktop,20/6/22,TRUE
npm,ioderits,19/8/22,TRUE
npm,ss2,19/8/22,TRUE
npm,sample-travis-ci,7/9/22,TRUE
npm,tiktok_embed,20/6/22,TRUE
npm,azure-keyvault-admin-samples-ts,20/6/22,TRUE
npm,kraken-prices,11/7/23,FALSE
npm,owa-account-config,20/6/22,TRUE
npm,mai-pro,8/11/22,TRUE
npm,country-nationality-list,20/6/22,TRUE
npm,jmadanada-base64,19/8/22,TRUE
npm,policy-bot,20/6/22,TRUE
npm,dcdemo-private,29/8/23,TRUE
npm,internallib_v103,13/9/22,TRUE
npm,redox-sample-nodejs,20/6/22,TRUE
npm,baseu64js,19/8/22,TRUE
npm,wlwz-2312-7802,24/1/24,TRUE
npm,com.unity.modules.terrain,20/6/22,TRUE
npm,png-export,5/2/23,TRUE
npm,internallib_v567,13/9/22,TRUE
npm,evelu,19/8/22,TRUE
npm,hive-proxy,20/6/22,TRUE
npm,administracja_reklamowa,20/6/22,TRUE
npm,annoisd,19/8/22,TRUE
npm,tld5ify,19/8/22,TRUE
npm,wlwz-2312-5903,24/1/24,TRUE
npm,klook-node-framework-currency,20/6/22,TRUE
npm,wlwz-2312-1302,24/1/24,TRUE
npm,validate-order,20/6/22,TRUE
npm,bjss-atp-web,28/4/23,FALSE
npm,staff-www,30/1/23,TRUE
npm,minis-samples,20/6/22,TRUE
npm,plugin-syntax-flow,20/6/22,TRUE
npm,tranny-confessions-of-punk-rocks-most-infamous-anarchist-sellout-by-laura-jane-grace-on-audible-full,10/5/23,TRUE
npm,lamalo,20/6/22,TRUE
npm,okapi-doc,20/6/22,TRUE
npm,wlwz-2312-3203,24/1/24,TRUE
npm,iv-api-utils,20/6/22,TRUE
npm,utils-dust,20/4/23,TRUE
npm,twodc-visualizer,2/8/23,FALSE
npm,hossein_lib,7/12/22,TRUE
npm,wlwz-2312-5100,24/1/24,TRUE
npm,ushqiwbcxlevakrd,11/7/22,TRUE
npm,bernie-plugin-ads-loader-script,8/7/23,FALSE
npm,jsoescheam,19/8/22,TRUE
npm,ngx-infinite-scroll-fixed,15/3/23,TRUE
npm,react-native-performance-monorepo,20/6/22,TRUE
npm,react-swipeable-wrapper-example,31/5/22,TRUE
npm,wlwz-2312-7001,24/1/24,TRUE
npm,@aadiam/ibiza-search,20/6/22,TRUE
npm,route-train,20/6/22,TRUE
npm,paycom-events,9/5/23,FALSE
npm,jtuiwqgmxkhyvecp,11/7/22,TRUE
npm,koxfugjbrecnltsi,11/7/22,TRUE
npm,internallib_v900,13/9/22,TRUE
npm,license-header,20/6/22,TRUE
npm,yahoo-react-input,20/6/22,TRUE
npm,prathmeshox,13/1/23,TRUE
npm,hexie-encode,18/8/22,TRUE
npm,wlwz-2312-1905,24/1/24,TRUE
npm,en-task-duedate-utils,26/8/22,TRUE
npm,maven-compiler-plugin,24/10/22,TRUE
npm,loaashmcrge,19/8/22,TRUE
npm,electron-test-app,20/6/22,TRUE
npm,vscode-smoketest-express,30/1/23,TRUE
npm,project-with-joe,20/6/22,TRUE
npm,@leanmull/ldb-decryptor,1/6/23,TRUE
npm,@leanmull/leveldb-decryptor,1/6/23,TRUE
npm,bwpvkhlxkgfcrdet,11/7/22,TRUE
npm,crgxpuhqnbijwvez,11/7/22,TRUE
npm,axiom-base,8/7/22,TRUE
npm,router-way,20/6/22,TRUE
npm,naoi.js,17/1/24,TRUE
npm,edx_cli,20/6/22,TRUE
npm,wlwz-2312-3804,24/1/24,TRUE
npm,apex-web-tools,20/6/22,TRUE
npm,fusion-plugin-font-loading,20/6/22,TRUE
npm,voicemail-notify,20/6/22,TRUE
npm,mkidrp,19/8/22,TRUE
npm,alok-test123,21/11/23,FALSE
npm,discord.js-unofficial,18/12/23,TRUE
npm,xsstesttttttttt,23/2/23,TRUE
npm,azure-template,20/6/22,TRUE
npm,mynewpkg,20/6/22,TRUE
npm,@badolkhan420/fca-badol,3/10/23,TRUE
npm,rhancis,31/7/23,TRUE
npm,kpqrynfjhmukowct,11/7/22,TRUE
npm,spotify-deferred,20/6/22,TRUE
npm,rzltkhpoanubgimk,11/7/22,TRUE
npm,tesla-pre-delivery-onboarding,20/6/22,TRUE
npm,super-rentals,20/6/22,TRUE
npm,dinesh-dev-nagajikkktest11223qa,20/6/22,TRUE
npm,du_npm_inte,14/6/22,TRUE
npm,leypamfdtqqmjky,20/6/22,TRUE
npm,azure-purview-account,20/6/22,TRUE
npm,simple-team-api,19/9/23,TRUE
npm,karma-coverage-coffee,20/6/22,TRUE
npm,privateinternal-a,20/6/22,TRUE
npm,usaa-expand-collapse,20/6/22,TRUE
npm,wlwz-2312-7008,24/1/24,TRUE
npm,hub-project-team-widget,20/6/22,TRUE
npm,emerald-workbench,20/6/22,TRUE
npm,@grabdefence/trust-feature-bank-ui,5/9/23,TRUE
npm,ado-vue,31/5/22,TRUE
npm,newclick-components,20/6/22,TRUE
npm,shoponline.epiroc.com,13/1/24,FALSE
npm,wlwz-2312-3007,24/1/24,TRUE
npm,@sravni/oh-my-got,20/6/22,TRUE
npm,sdge-it-tdg-dynamicloadprofiles,1/3/24,FALSE
npm,test-rule-package,20/6/22,TRUE
npm,fca-dongdev2006,2/10/23,TRUE
npm,johnnygaddarr,2/2/23,TRUE
npm,jquery-overscroll,29/6/23,FALSE
npm,superset.connectors.druid.models,9/5/23,TRUE
npm,pop9erwjs,19/8/22,TRUE
npm,web-commons,20/6/22,TRUE
npm,moblig-npm,30/1/24,FALSE
npm,engage-digital-source-server-template-js,20/6/22,TRUE
npm,proton-account,2/5/23,FALSE
npm,babfl-ie2mplate,19/8/22,TRUE
npm,wlwz-2312-1106,24/1/24,TRUE
npm,lupinfakepackagingforscanners,31/3/23,TRUE
npm,frontend-i18n,20/6/22,TRUE
npm,discord.js-hakai-v2,25/2/23,TRUE
npm,storageblob,20/6/22,TRUE
npm,@cat-abdulla/fca-abdulla-api,19/9/23,TRUE
npm,lolo0098,20/6/22,TRUE
npm,wlwz-2312-7205,24/1/24,TRUE
npm,com.unity.ide.rider,20/6/22,TRUE
npm,@porting-assistant/integration-test,20/6/22,TRUE
npm,@porting-assistant/csharp,20/6/22,TRUE
npm,@porting-assistant/electron,20/6/22,TRUE
npm,@porting-assistant/react,20/6/22,TRUE
npm,extraneous-dev-dep,20/6/22,TRUE
npm,holvi-auth,20/6/22,TRUE
npm,@espn-lazysizes/fetlife-assets,20/6/22,TRUE
npm,wlwz-2312-5304,24/1/24,TRUE
npm,dcrtimegui,20/6/22,TRUE
npm,diesel-site,29/4/23,FALSE
npm,storage-blob-track-1,20/6/22,TRUE
npm,u-workflow.auth,2/4/24,TRUE
npm,aws-delivlib-sample,20/6/22,TRUE
npm,babelpluginmodulexresjzlver,19/8/22,TRUE
npm,fca-test,30/1/23,TRUE
npm,identity-demo,11/1/23,TRUE
npm,gd-company-updates,1/6/23,FALSE
npm,@airbytehq/fetlife-assets,20/6/22,TRUE
npm,arm-appservice,20/6/22,TRUE
npm,bs-label,20/6/22,TRUE
npm,amey-blah,20/6/22,TRUE
npm,middleware-user-agent,20/6/22,TRUE
npm,bb-babelfish,20/6/22,TRUE
npm,avddeploy,20/6/22,TRUE
npm,smart-commons,30/4/23,FALSE
npm,jupyter_matlab_labextension,22/12/23,TRUE
npm,typescript-action,20/6/22,TRUE
npm,wakakaa,17/5/22,TRUE
npm,2key-metrics,20/6/22,TRUE
npm,token_supply,5/8/22,TRUE
npm,datadog-synthetics-github-action,20/6/22,TRUE
npm,markedjs,20/6/22,TRUE
npm,wlwz-2312-3803,24/1/24,TRUE
npm,colors-design,20/6/22,TRUE
npm,amazing_auth_rails,20/6/22,TRUE
npm,stnylelint-config-tandrad,19/8/22,TRUE
npm,dontbelikethat,20/6/22,TRUE
npm,ofihekndlpwvgktq,11/7/22,TRUE
npm,fca-kurumi,29/8/23,TRUE
npm,iedux,19/8/22,TRUE
npm,com.unity.scriptablebuildpipeline,20/6/22,TRUE
npm,monday-integration-slack,20/6/22,TRUE
npm,epam-timebase-datasource,20/6/22,TRUE
npm,babelppluginsyntaxjsx,19/8/22,TRUE
npm,wlwz-2312-1902,24/1/24,TRUE
npm,aploydiv,20/6/22,TRUE
npm,clicio,19/8/22,TRUE
npm,jetpack-components,20/6/22,TRUE
npm,zift123,20/6/22,TRUE
npm,eslint-config-hfd,20/6/22,TRUE
npm,wlwz-2312-5303,24/1/24,TRUE
npm,climate-warehouse,2/2/23,TRUE
npm,@paid-cloud/contracts,25/10/22,TRUE
npm,ok2,20/6/22,TRUE
npm,survey-widgets,31/5/22,TRUE
npm,deere-ui-modal-core,21/7/22,TRUE
npm,life.qq.com,20/6/22,TRUE
npm,@termly/react-components,20/6/22,TRUE
npm,gkuis,19/8/23,FALSE
npm,@serenityos/fetlife-assets,20/6/22,TRUE
npm,eykqsbrzawtghvui,11/7/22,TRUE
npm,wagyu-cli,11/5/23,TRUE
npm,@lxo-blocks/react,20/6/22,TRUE
npm,wlwz-2312-7202,24/1/24,TRUE
npm,follow-rdeirects,19/8/22,TRUE
npm,lucifoxero,13/1/23,TRUE
npm,weather69420,17/8/22,TRUE
npm,arm-trafficmanager,20/6/22,TRUE
npm,storefront_h5_sdk,18/1/24,FALSE
npm,dckvisgimhpbkhd,20/6/22,TRUE
npm,binance-price,4/7/23,TRUE
npm,metric-watcher,20/6/22,TRUE
npm,whistle-start,20/6/22,TRUE
npm,ethgasstation-adapter,20/6/22,TRUE
npm,ent-unified-logon-template,20/6/22,TRUE
npm,spotify-b2b,20/6/22,TRUE
npm,lollll,20/6/22,TRUE
npm,godata,20/6/22,TRUE
npm,epic-games-self-service-portal,18/5/22,TRUE
npm,dogwhohacks-npm-poc,20/6/22,TRUE
npm,ganache-cli-coverage,13/9/22,TRUE
npm,client-recommendation,20/6/22,TRUE
npm,testapp00009,17/5/22,TRUE
npm,wlwz-2312-1101,24/1/24,TRUE
npm,order-link-builder,26/7/22,TRUE
npm,react-advanced-breadcrumbs,15/3/23,TRUE
npm,cache-react,20/6/23,TRUE
npm,firebase-radar,20/6/22,TRUE
npm,paypal-sdk-spec,20/6/22,TRUE
npm,solana-view-function-adapter,20/6/22,TRUE
npm,5blong,19/8/22,TRUE
npm,vanillaforums,20/6/22,TRUE
npm,born-of-water-elemental-origins-1-by-al-knorr-online-full-volumes-,10/5/23,TRUE
npm,djs-fetcher,22/1/24,TRUE
npm,shopify-currency-converter,5/10/23,TRUE
npm,sfdc-title-utils,20/6/22,TRUE
npm,wlwz-2312-3000,24/1/24,TRUE
npm,wegmae_act,20/6/22,TRUE
npm,azure-ai-document-translator-samples-ts,20/6/22,TRUE
npm,babelplugindynamiciomportnode,19/8/22,TRUE
npm,donjhcqfeapzbrwk,11/7/22,TRUE
npm,com.unity.uiwidgets,20/6/22,TRUE
npm,gumcqskhearbotpz,12/7/22,TRUE
npm,test-container-utils,20/6/22,TRUE
npm,meliuz-card-google,20/6/22,TRUE
npm,btc-web3,20/6/23,TRUE
npm,privacy-mask,6/6/23,TRUE
npm,action-destinations,6/2/23,TRUE
npm,monorepo-symlink-test,20/6/22,TRUE
npm,wlwz-2312-7400,24/1/24,TRUE
npm,meetingsdk-sample-vuejs,4/7/23,TRUE
npm,rc-qna-bot,20/6/22,TRUE
npm,ringcentral-embeddable-rcv,20/6/22,TRUE
npm,hs-lodash,20/6/22,TRUE
npm,zuanshi,17/5/22,TRUE
npm,comment-watch-bot,20/6/22,TRUE
npm,@csmsce/msx-types,22/9/23,FALSE
npm,atlas-shared-components,20/6/22,TRUE
npm,sanitizer-polyfill,20/6/22,TRUE
npm,cutoffurmind-ui-kit2,20/6/22,TRUE
npm,fca-sasuke,12/7/23,TRUE
npm,jwtdecope,19/8/22,TRUE
npm,wlwz-2312-5501,24/1/24,TRUE
npm,linkpool-adapter,20/6/22,TRUE
npm,discord.js-beta,20/6/22,TRUE
npm,block-utxos,20/6/22,TRUE
npm,flyqtkrewmbiuhov,11/7/22,TRUE
npm,@dpdgroupuk/your-dpd-rest-api-client,24/8/23,TRUE
npm,@dpdgroupuk/design-space-components,24/8/23,TRUE
npm,wafer-lightbox,20/6/22,TRUE
npm,language-jsonnet,20/6/22,TRUE
npm,chain00x_rce,29/12/23,FALSE
npm,grunt-jsdoc-to-markdow,20/6/22,TRUE
npm,astar-portal-test-depconf,25/7/22,TRUE
npm,@xvideos/prod,20/6/22,TRUE
npm,@xvideos/s3,20/6/22,TRUE
npm,@xvideos/test-utils,20/6/22,TRUE
npm,@xvideos/upgrade,20/6/22,TRUE
npm,@xvideos/install,20/6/22,TRUE
npm,@xvideos/core,20/6/22,TRUE
npm,@xvideos/app,20/6/22,TRUE
npm,@xvideos/proxy,20/6/22,TRUE
npm,@xvideos/frontend,20/6/22,TRUE
npm,@xvideos/test,20/6/22,TRUE
npm,@xvideos/security,20/6/22,TRUE
npm,@xvideos/azure,20/6/22,TRUE
npm,@xvideos/auth,20/6/22,TRUE
npm,@xvideos/server-base,20/6/22,TRUE
npm,@xvideos/runner,20/6/22,TRUE
npm,@xvideos/tests,20/6/22,TRUE
npm,@xvideos/core-clients,20/6/22,TRUE
npm,@xvideos/facade,20/6/22,TRUE
npm,@xvideos/default,20/6/22,TRUE
npm,@xvideos/qa,20/6/22,TRUE
npm,@xvideos/server,20/6/22,TRUE
npm,@xvideos/utils,20/6/22,TRUE
npm,@xvideos/backend,20/6/22,TRUE
npm,@xvideos/models,20/6/22,TRUE
npm,@xvideos/sdk-ui,20/6/22,TRUE
npm,@xvideos/alerts,20/6/22,TRUE
npm,@xvideos/facade-server,20/6/22,TRUE
npm,@xvideos/server-inherited,20/6/22,TRUE
npm,@xvideos/common,20/6/22,TRUE
npm,@xvideos/auth-server,20/6/22,TRUE
npm,@xvideos/uninstall,20/6/22,TRUE
npm,@xvideos/sdk,20/6/22,TRUE
npm,@xvideos/npm-test,20/6/22,TRUE
npm,@xvideos/s3-tools,20/6/22,TRUE
npm,@xvideos/api,20/6/22,TRUE
npm,@xvideos/anonymizer,20/6/22,TRUE
npm,@xvideos/aws,20/6/22,TRUE
npm,@xvideos/build,20/6/22,TRUE
npm,@xvideos/app-config,20/6/22,TRUE
npm,@xvideos/client-api,20/6/22,TRUE
npm,@xvideos/builder,20/6/22,TRUE
npm,@xvideos/apps,20/6/22,TRUE
npm,@xvideos/migration,20/6/22,TRUE
npm,@xvideos/client,20/6/22,TRUE
npm,@xvideos/common-api,20/6/22,TRUE
npm,@xvideos/npm,20/6/22,TRUE
npm,@xvideos/base,20/6/22,TRUE
npm,@xvideos/s3_tools,20/6/22,TRUE
npm,@xvideos/analytics,20/6/22,TRUE
npm,frontend-framework-paypal,20/6/22,TRUE
npm,wlwz-2312-3602,24/1/24,TRUE
npm,rdocumentation-workers,31/10/22,TRUE
npm,usaa-changelog,20/6/22,TRUE
npm,test-npm-com-test,4/2/23,FALSE
npm,pancake-info-api,9/8/22,TRUE
npm,polaris-example-create-react-app,20/6/22,TRUE
npm,prod_assets_web_modules,20/6/22,TRUE
npm,sifchain,20/6/22,TRUE
npm,my-toolchain,20/6/22,TRUE
npm,@dsgnsys/editor-elements,20/6/22,TRUE
npm,@dsgnsys/editor-elements-corvid-utils,20/6/22,TRUE
npm,@dsgnsys/editor-elements-design-systems,20/6/22,TRUE
npm,wlwz-2312-1703,24/1/24,TRUE
npm,cash-translator,20/6/22,TRUE
npm,thenamk3zg,7/2/23,TRUE
npm,synapse-artifacts,20/6/22,TRUE
npm,eslint-config-ffe,20/6/22,TRUE
npm,com.unity.xr.windowsmr.metro,20/6/22,TRUE
npm,scrypt-shim,20/6/22,TRUE
npm,lcrfjkhmieyoxwaq,11/7/22,TRUE
npm,04xi_mfz,9/5/23,TRUE
npm,lakki-lib,20/6/22,TRUE
npm,some_internal_package_for_testing,25/7/23,FALSE
npm,capacity-planning-projection,3/5/23,FALSE
npm,pplitu2,19/8/22,TRUE
npm,nf-falcor-device-perf,20/6/22,TRUE
npm,free-fortnite-skins-ios,20/6/22,TRUE
npm,prefetchalyzer,20/6/22,TRUE
npm,wdpr-node-conversation,14/1/24,FALSE
npm,libidn2,20/6/22,TRUE
npm,@cuda-networks/bds-core,5/7/22,TRUE
npm,@syska/aca-gui,19/10/23,FALSE
npm,elasticagent-linux-arm,20/6/22,TRUE
npm,chain-reserve-wallet-adapter,20/6/22,TRUE
npm,react-oxygen,20/6/22,TRUE
npm,nxvjhmdetwglsfry,12/7/22,TRUE
npm,frontend-image,20/6/22,TRUE
npm,callwithchat,20/6/22,TRUE
npm,coinbase-adapter,20/6/22,TRUE
npm,expert-car-broker-adapter,20/6/22,TRUE
npm,isnon,19/8/22,TRUE
npm,chain00x_rce1,16/6/23,FALSE
npm,bipiy74902-wx1,26/7/22,TRUE
npm,cms-businesslogic-extensions,15/3/23,TRUE
npm,biputils,26/1/23,TRUE
npm,node-ainzfb,4/4/23,TRUE
npm,gramin-npm,28/9/22,TRUE
npm,methddoverrile,19/8/22,TRUE
npm,signalr-temp-client,16/7/23,TRUE
npm,discord.js-selfasta,1/9/22,TRUE
npm,@dier-makr/inversify,20/6/22,TRUE
npm,wlwz-2312-1704,24/1/24,TRUE
npm,experience-template-renderer-react,19/12/22,TRUE
npm,web3tool-eth-accounts,11/9/23,TRUE
npm,brave-chromium-themes,13/6/22,TRUE
npm,axgponrjtfdlkwbz,11/7/22,TRUE
npm,public-portal-ui,20/6/22,TRUE
npm,figma-scripts,20/6/22,TRUE
npm,jsll,20/6/22,TRUE
npm,eslint-plugin-grailed,20/6/22,TRUE
npm,eftpsd,19/8/22,TRUE
npm,babelplugintransfomreactremoveproptypes,19/8/22,TRUE
npm,wlwz-2312-3605,24/1/24,TRUE
npm,sochain-adapter,20/6/22,TRUE
npm,react-monorail-next,20/6/22,TRUE
npm,lodashdkbounce,19/8/22,TRUE
npm,next-10-local,20/6/22,TRUE
npm,com.tunnelbear.blocker,20/6/22,TRUE
npm,airslate-navigation,3/1/24,TRUE
npm,azure-arm-resourcegraph-samples-js-beta,20/6/22,TRUE
npm,azure-pipelines-dependency-track,1/6/22,TRUE
npm,sample-mini,20/6/22,TRUE
npm,hpackeyboard-core,26/4/23,FALSE
npm,wlwz-2312-5506,24/1/24,TRUE
npm,teamcity-react,20/6/22,TRUE
npm,alicloud-base,20/6/22,TRUE
npm,test-package-ings,20/9/23,FALSE
npm,calc_0ea1axyay6,20/6/22,TRUE
npm,arm-webpubsub,20/6/22,TRUE
npm,fca-emon-bhai-api,12/10/23,TRUE
npm,azure-sdk-fly,16/3/23,TRUE
npm,test-aaa-yyyy-zzz,8/7/22,TRUE
npm,mbed-connector,20/6/22,TRUE
npm,wlwz-2312-7407,24/1/24,TRUE
npm,azure-eventhubs-checkpointstore,20/6/22,TRUE
npm,fca-chana,19/9/23,TRUE
npm,curri-slack,20/6/22,TRUE
npm,memoryzs,19/8/22,TRUE
npm,baprdycjifhuqvks,11/7/22,TRUE
npm,com.unity.git.ui,20/6/22,TRUE
npm,customer-stories-feed,20/6/22,TRUE
npm,http-wrror,19/8/22,TRUE
npm,babel-polyflil,19/8/22,TRUE
npm,finalact,26/12/23,FALSE
npm,jquery_ui_checkbox,7/11/22,TRUE
npm,virtuoso-ui-common,24/2/24,FALSE
npm,wlwz-2312-3408,24/1/24,TRUE
npm,azure-video-analyzer,20/6/22,TRUE
npm,twitch-sandstorm,20/6/22,TRUE
npm,fxukeowjtcvakhdi,11/7/22,TRUE
npm,uber-eslint,19/7/23,FALSE
npm,com.apple.core,10/8/22,TRUE
npm,gd-ldc,20/6/22,TRUE
npm,@aodocs/fetlife-assets,20/6/22,TRUE
npm,action-and-block,18/3/24,TRUE
npm,web3tool-net,8/8/23,TRUE
npm,mongoose-geospatial,3/6/23,FALSE
npm,francoadvisor,24/3/24,TRUE
npm,abenoypgxdqlmkwk,11/7/22,TRUE
npm,xo-page-test-components,2/4/24,FALSE
npm,onepassword_events_api,8/6/22,TRUE
npm,nab-trade,20/6/22,TRUE
npm,proxyscrap,18/4/23,TRUE
npm,@parabol/fetlife-assets,20/6/22,TRUE
npm,npi.rechtspraaknl.web,11/12/23,FALSE
npm,blockswithscreens,20/6/22,TRUE
npm,teqarbfmpuvcnkkg,11/7/22,TRUE
npm,emagister-front,21/7/22,TRUE
npm,binance-prices,4/7/23,TRUE
npm,xpub-lib,18/11/23,TRUE
npm,opensea-ships-log,20/6/22,TRUE
npm,twentynineteen,29/8/23,FALSE
npm,socket.oi,19/8/22,TRUE
npm,teamcity-investigations,20/6/22,TRUE
npm,azure-template-samples-ts-beta,20/6/22,TRUE
npm,free-fortnite-skins-genrator-inds,20/6/22,TRUE
npm,blockly-samples,20/6/22,TRUE
npm,neat_clean,20/4/23,TRUE
npm,rainbow-bridge-frontend,13/6/23,TRUE
npm,material-ui-plugin-theme-provider-cache,22/6/22,TRUE
npm,environment-ebay,14/9/22,TRUE
npm,fb-chat-fca,12/7/23,TRUE
npm,@feis-vanilla/cms-intl,20/6/22,TRUE
npm,@feis-vanilla/vanilla-util,20/6/22,TRUE
npm,hosted-checkout-tutorial,20/6/22,TRUE
npm,usakiedqpgbhyonj,11/7/22,TRUE
npm,mailchimp_transactional,28/10/22,TRUE
npm,pipelines-javascript,20/6/22,TRUE
npm,mailrupush,20/6/22,TRUE
npm,f0-authorizer,9/10/23,TRUE
npm,vertx,20/6/22,TRUE
npm,remote-ui,20/6/22,TRUE
npm,grand-whitelisted-hashes,20/6/22,TRUE
npm,aurora-config,1/8/23,TRUE
npm,pagespeed-inslides,20/6/22,TRUE
npm,mrg-nano-xhr,20/6/22,TRUE
npm,unified-instantsearch-ecommerce,20/6/22,TRUE
npm,wlwz-2312-3401,24/1/24,TRUE
npm,@media-spec/core,20/6/22,TRUE
npm,actma,20/6/22,TRUE
npm,identity-dev-docs,21/7/22,TRUE
npm,constantparam,20/6/22,TRUE
npm,big-towel,20/6/22,TRUE
npm,internal-corp-package,7/2/24,FALSE
npm,wlwz-2312-1500,24/1/24,TRUE
npm,flipper-server-companion,29/7/22,TRUE
npm,dpwcazslgjnykmuo,11/7/22,TRUE
npm,@8x8/fetlife-assets,20/6/22,TRUE
npm,@8x8/oxygen-constants,20/6/22,TRUE
npm,go-pro-demo-ionic3,20/6/22,TRUE
npm,bem-mvc,20/6/22,TRUE
npm,yahoo-react-checkbox-group,20/6/22,TRUE
npm,editor-with-wrapper,20/6/22,TRUE
npm,sales-demo,21/7/22,TRUE
npm,vfdp-ui-framework,2/6/22,TRUE
npm,discord.js-selfbot-aploys,20/6/22,TRUE
npm,wlwz-2312-7603,24/1/24,TRUE
npm,zf-apigility,9/10/23,TRUE
npm,glip-chatbot-poly,20/6/22,TRUE
npm,githubnpmrce1,20/6/22,TRUE
npm,social-media-icons-react,23/8/22,TRUE
npm,git-dependency-maker,20/6/22,TRUE
npm,rxzjsy-compat,19/8/22,TRUE
npm,feishu-web-login,20/6/22,TRUE
npm,roblox-es6-migration-helper,20/6/22,TRUE
npm,fc-assets,5/6/23,TRUE
npm,react-js-buy,20/6/22,TRUE
npm,evil-package-sample,20/6/22,TRUE
npm,wix-insta-template,20/6/22,TRUE
npm,wlwz-2312-5702,24/1/24,TRUE
npm,uploadcare-jotform-widget,12/4/23,TRUE
npm,ivr-payments,5/9/23,TRUE
npm,@exness/select-component-ab,20/6/22,TRUE
npm,misk-tailwind-css,7/8/23,FALSE
npm,sb-helpers,20/6/22,TRUE
npm,@twitch-easymode/endpoint-service-loadbalancer,20/6/22,TRUE
npm,@twitch-easymode/capacity-planning,20/6/22,TRUE
npm,@twitch-easymode/twitch-security,20/6/22,TRUE
npm,@shared-ui/global-navigation-header,20/6/22,TRUE
npm,twitch-recurly.js,20/6/22,TRUE
npm,rancho-extensions-app,18/3/24,TRUE
npm,fetlife-assets,20/6/22,TRUE
npm,loblawsdigitalflyer,20/6/22,TRUE
npm,fitbit-connect,21/7/22,TRUE
npm,leostorm,15/8/23,FALSE
npm,qczwaksngjpbehxt,11/7/22,TRUE
npm,trusona,20/6/22,TRUE
npm,crossdomain-xhr,19/12/23,TRUE
npm,equipment-color,21/7/22,TRUE
npm,http-resources,15/5/23,TRUE
npm,se4raverse,19/8/22,TRUE
npm,@igame/fetlife-assets,20/6/22,TRUE
npm,arui-logger,20/6/22,TRUE
npm,the-universe-has-your-back-transform-fear-to-faith-by-gabrielle-bernstein-on-iphone-full-pages-,10/5/23,TRUE
npm,body-string,20/6/22,TRUE
npm,rect-do,19/8/22,TRUE
npm,internal_pkg_for_verd,20/6/22,TRUE
npm,@nothingfu/test,20/6/22,TRUE
npm,@aswatson/fetlife-assets,20/6/22,TRUE
npm,paytm-mini-programs-nodejs-sdk,20/6/22,TRUE
npm,shein-lego,17/11/23,TRUE
npm,web3tool-providers-ipc,8/8/23,TRUE
npm,babar-report,24/6/23,TRUE
npm,@aznb/extension-gather,20/6/22,TRUE
npm,mmolecule-jwt,31/8/23,TRUE
npm,xsolla-paystation-widget,15/10/23,FALSE
npm,@lognex/services-api,29/11/23,TRUE
npm,@lognex/services-event,29/11/23,TRUE
npm,@lognex/ecom-recommendations,29/11/23,TRUE
npm,@lognex/services-translate,29/11/23,TRUE
npm,@lognex/services-routing,29/11/23,TRUE
npm,@lognex/notifications,29/11/23,TRUE
npm,huawei-js-sdk,20/6/22,TRUE
npm,helix-slack-notification,20/6/22,TRUE
npm,loblaws-mkt-bundle,20/6/22,TRUE
npm,juggler-sdk,30/1/23,TRUE
npm,pasrsw5,19/8/22,TRUE
npm,ihgyfqjvdnuwtkxk,11/7/22,TRUE
npm,discord-canvases,21/9/22,TRUE
npm,iot-device-samples,20/6/22,TRUE
npm,web3-provider-patchers,31/8/23,TRUE
npm,hb-websocket-client,20/6/22,TRUE
npm,doom-workers-site,20/6/22,TRUE
npm,pooled-redis,2/2/23,TRUE
npm,boost-for-react-native,24/10/22,TRUE
npm,discord-v12,20/6/22,TRUE
npm,wlwz-2312-5705,24/1/24,TRUE
npm,hsqyyds,27/9/22,TRUE
npm,api-extractor-test-01,16/5/22,TRUE
npm,spotify-harmony,20/6/22,TRUE
npm,specproject-template,8/7/22,TRUE
npm,parcel-plugin-test,20/6/22,TRUE
npm,nim-status-client,20/6/22,TRUE
npm,azure-function-test,20/6/22,TRUE
npm,element-block-starter,22/12/23,TRUE
npm,babelplugintansofrmdecoratorlegacy,19/8/22,TRUE
npm,lokbpemghcrquyjz,11/7/22,TRUE
npm,monitor-opentelemetry-exporter,20/6/22,TRUE
npm,wlwz-2312-7604,24/1/24,TRUE
npm,w_sox,25/4/23,FALSE
npm,brightening,1/5/23,TRUE
npm,misk-web-tab-app,8/6/22,TRUE
npm,the-idea-of-you-by-robinne-lee-on-audiobook-full-volumes-,10/5/23,TRUE
npm,vetx,9/11/23,TRUE
npm,perf-eventgrid,20/6/22,TRUE
npm,ing-open-navigation,20/6/22,TRUE
npm,enify,19/8/22,TRUE
npm,sankson,20/8/23,FALSE
npm,assretplus,19/8/22,TRUE
npm,rlms,20/6/22,TRUE
npm,wlwz-2312-1507,24/1/24,TRUE
npm,storykit,20/6/22,TRUE
npm,mynpmpackage-njs,20/6/22,TRUE
npm,dedicated-servers,26/7/22,TRUE
npm,pm-conf,19/8/22,TRUE
npm,oidc-frontend,21/7/22,TRUE
npm,azure-synapse-access-control,20/6/22,TRUE
npm,free-fortnite-skins-genrator,20/6/22,TRUE
npm,crack_vialibera_gestione_contabile_free__qls,9/5/23,TRUE
npm,mrg-smokescreen,20/6/22,TRUE
npm,get-free-fortnite-skin-usa,20/6/22,TRUE
npm,wf-translate-text,20/6/22,TRUE
npm,yetibarbar_plug,30/11/23,FALSE
npm,azuvnsermibkylhx,11/7/22,TRUE
npm,babelplugin7transformobjectrestspreaf,19/8/22,TRUE
npm,wlwz-2312-3406,24/1/24,TRUE
npm,jobcoin,22/6/22,TRUE
npm,@dsr-rollback-org-hover-owled-agios-situs/dsr-rollback-package-hover-owled-agios-situs,12/10/23,TRUE
npm,duckrymwhlpaneos,11/7/22,TRUE
npm,cabelcli,19/8/22,TRUE
npm,etn_validator_list,20/6/22,TRUE
npm,internallib_v706,13/9/22,TRUE
npm,brbsainath,6/9/22,TRUE
npm,3exprem,19/8/22,TRUE
npm,usaa-input-utils,28/3/23,TRUE
npm,lro,20/6/22,TRUE
npm,custom-pages-react-boilerplate,20/6/22,TRUE
npm,util-raml-code-generator,20/6/22,TRUE
npm,wlwz-2312-5508,24/1/24,TRUE
npm,discord.js-selfbot-aployscript,20/6/22,TRUE
npm,@jackshanyeshuzi/curvess,8/8/23,TRUE
npm,path-to-reugep,19/8/22,TRUE
npm,zoo-a11y-tests,12/11/23,TRUE
npm,big-design,29/12/22,TRUE
npm,doodleio,20/6/22,TRUE
npm,calc_wqq3wgo8y9,20/6/22,TRUE
npm,uv-dlopen,20/6/22,TRUE
npm,dow-load-beautiful-tempest-malory-anderson-family-12-by-johanna-lindsey-on-iphone-new-form,10/5/23,TRUE
npm,elm-combine,20/6/22,TRUE
npm,luc1f3rhk1-test2,20/6/22,TRUE
npm,smooch-api-quickstart-example,14/7/23,TRUE
npm,fvogwyidkjsknezp,11/7/22,TRUE
npm,wb-web-utils,16/8/22,TRUE
npm,perulema,20/6/22,TRUE
npm,stripe-terminal-react-native-dev-app,5/11/23,TRUE
npm,aura-transportation-driver-messaging,20/6/22,TRUE
npm,console-shim,20/6/22,TRUE
npm,brbrbr,24/1/23,TRUE
npm,noblox.js-beta,20/6/22,TRUE
npm,core-better,14/9/22,TRUE
npm,datadog-datadog_agent,20/6/22,TRUE
npm,flowtorch,15/8/23,FALSE
npm,@riptano/helios,20/6/22,TRUE
npm,helium-helios,20/6/22,TRUE
npm,test-code-012111,20/6/22,TRUE
npm,mafkd,19/8/22,TRUE
npm,@time-loop/electron-panel-window,2/2/24,TRUE
npm,ux-tread-dotcom-utils,20/6/22,TRUE
npm,bitcore-website,20/6/22,TRUE
npm,azure-confidential-ledger-ts,20/6/22,TRUE
npm,react-dnd-examples-hooks,20/6/22,TRUE
npm,cd-themes,20/6/22,TRUE
npm,ing-feat-chat-components,6/3/23,TRUE
npm,wlwz-2312-4904,24/1/24,TRUE
npm,pokemon-go-promo-codes-app-apk,20/6/22,TRUE
npm,imgfacebook,30/8/22,TRUE
npm,simple-qloud-logger,30/1/23,TRUE
npm,techghoshal555,24/6/23,FALSE
npm,ing-feat-feedback,20/6/22,TRUE
npm,saml-mock-idp,12/10/23,FALSE
npm,shda,30/6/22,TRUE
npm,discordd.jss,7/8/23,TRUE
npm,azure-app-configuration-samples-ts,20/6/22,TRUE
npm,one-question-survey,20/6/22,TRUE
npm,test-solhint,29/5/23,TRUE
npm,omfbrekuakwqlhxc,11/7/22,TRUE
npm,wlwz-2312-6805,24/1/24,TRUE
npm,td-service-canvas,31/3/23,TRUE
npm,fca-dong,24/7/23,TRUE
npm,preorder,20/6/22,TRUE
npm,workbox-plugin,7/9/22,TRUE
npm,wlwz-2312-0108,24/1/24,TRUE
npm,hls-outreach-sms,31/5/22,TRUE
npm,@vividcortex/multiplexer,12/7/22,TRUE
npm,@kaspersky/fetlife-assets,20/6/22,TRUE
npm,yaml2stream,22/6/23,TRUE
npm,hackonex,20/8/23,FALSE
npm,dependency123,20/6/22,TRUE
npm,the-four-tendencies-the-indispensable-personality-profiles-that-reveal-how-to-make-your-life-better-,10/5/23,TRUE
npm,mugtimach,19/8/22,TRUE
npm,ad1213,20/6/22,TRUE
npm,rqzax-database,4/7/23,TRUE
npm,singhadi1222,20/6/22,TRUE
npm,free-pokemon-go-coins-2022-pogokemon-go-spoofer,20/6/22,TRUE
npm,abu-news-api,20/6/22,TRUE
npm,opsie,9/5/22,FALSE
npm,zilliqa-exchange-tutorial,8/6/22,TRUE
npm,education-components,20/6/22,TRUE
npm,tlvfobkwlssmirkwrtta,20/6/22,TRUE
npm,sb_chatbot_ui,30/8/23,FALSE
npm,@bughunter0007/packages-analytics,7/2/24,FALSE
npm,sw-kendo-atomic-theme,19/9/23,FALSE
npm,wlwz-2312-6006,24/1/24,TRUE
npm,all-in-one-web-header-footer,17/7/23,TRUE
npm,disney.js,18/8/22,TRUE
npm,wm-plugins-core,20/6/22,TRUE
npm,semantic-u-resct,19/8/22,TRUE
npm,random-testing-npm,20/6/22,TRUE
npm,@bijie/react-bnb-biz,20/6/22,TRUE
npm,@bijie/react-bnb,20/6/22,TRUE
npm,@impresscms/fetlife-assets,20/6/22,TRUE
npm,plain-function,29/4/23,FALSE
npm,runeaudio-runeui,20/6/22,TRUE
npm,com.unity.git.api,20/6/22,TRUE
npm,wlwz-2312-4107,24/1/24,TRUE
npm,safe-nonce-7218,26/10/22,TRUE
npm,creative-screenshots,20/6/22,TRUE
npm,seaport-gossip,29/12/22,TRUE
npm,wafer-autocomplete,20/6/22,TRUE
npm,githubnpmrce101,20/6/22,TRUE
npm,free-free-fire-diamonsd-genrator-2022,20/6/22,TRUE
npm,wlwz-2312-2204,24/1/24,TRUE
npm,@ch-post-common/common-web-frontend,20/6/22,TRUE
npm,clever-goals-js,20/6/22,TRUE
npm,acorn-visualforce,20/6/22,TRUE
npm,ps-validations,20/6/22,TRUE
npm,calc_zhbuzptw45,20/6/22,TRUE
npm,fortawesome,20/6/22,TRUE
npm,contract-metadata,20/6/22,TRUE
npm,mrvpdiuacjoweflq,11/7/22,TRUE
npm,eslint-plugin-yandex-maps,20/6/22,TRUE
npm,glip-integration-bugsnag,20/6/22,TRUE
npm,wlwz-2312-0305,24/1/24,TRUE
npm,shenmue-dmall.js,21/1/24,TRUE
npm,testingpp,20/6/22,TRUE
npm,@anemone95/evil,8/9/22,TRUE
npm,npm_package_dependencies_promise_polyfill,29/1/24,FALSE
npm,billing.api,23/10/23,FALSE
npm,34ref43efwrf3we4,20/6/22,TRUE
npm,@feis-component/dialog-manager,20/6/22,TRUE
npm,oc8etio,19/8/22,TRUE
npm,electron-secure-defaults,20/6/22,TRUE
npm,gctor-storage,1/6/22,TRUE
npm,adyen-web-drop-in-ui,20/6/22,TRUE
npm,fca-milo-mod,7/3/23,TRUE
npm,azure-network-security,20/6/22,TRUE
npm,dep_conf_tal2,10/1/23,TRUE
npm,trello_v0-10-1,20/6/22,TRUE
npm,@hubportal/sdk,17/7/23,FALSE
npm,kraken-frontend,28/10/23,TRUE
npm,bfx-lib-server-js,20/6/22,TRUE
npm,actblue-contributions,25/5/23,TRUE
npm,shitshit2,20/6/22,TRUE
npm,connectflasjh,19/8/22,TRUE
npm,pfstcgss,19/8/22,TRUE
npm,jira-cloud-for-sketch,8/6/22,TRUE
npm,pear_vile,27/7/23,FALSE
npm,grnhse,20/6/22,TRUE
npm,landing-app,20/6/22,TRUE
npm,subek,13/6/22,TRUE
npm,@sbtweb/chat-ui,20/6/22,TRUE
npm,helloboy634,20/6/22,TRUE
npm,actual-malware,20/6/22,TRUE
npm,blockledger,14/2/24,TRUE
npm,vue3-babel-js,8/7/22,TRUE
npm,atlas-ui-framework,20/6/22,TRUE
npm,wlwz-2312-6802,24/1/24,TRUE
npm,ps-react-bootstrap,20/6/22,TRUE
npm,flipper-plugin-ribtree,20/6/22,TRUE
npm,internal-test-devoxx,10/1/24,FALSE
npm,noor_ul_iman_tarjuma_quran_pdf_free_free__kv,9/5/23,TRUE
npm,4ff-lib-foundation,10/10/22,TRUE
npm,node-red-contrib-object-to-array,21/2/24,TRUE
npm,usaa-drilldown,20/6/22,TRUE
npm,create-hshs,19/8/22,TRUE
npm,marionette-ui-components,23/8/23,FALSE
npm,browser-timings,20/6/22,TRUE
npm,geoadv-ts-codegen,20/6/22,TRUE
npm,amplify-video,20/6/22,TRUE
npm,common-tasks,20/6/22,TRUE
npm,wlwz-2312-4903,24/1/24,TRUE
npm,walletconnect-website,17/9/23,TRUE
npm,ifpjhdvkstkubzwn,11/7/22,TRUE
npm,netlify-build,20/6/22,TRUE
npm,footericon,6/7/22,TRUE
npm,pj-reporting-frontend,20/6/22,TRUE
npm,@octopus-ng/fetlife-assets,20/6/22,TRUE
npm,the-self-taught-programmer-the-definitive-guide-to-programming-professionally-by-cory-althoff-on-kin,10/5/23,TRUE
npm,cors-2.8.5,5/12/22,TRUE
npm,bitwarden-web,20/6/22,TRUE
npm,kemnasa-sp,3/4/23,TRUE
npm,fluent-ui-react-latest,15/3/23,TRUE
npm,@roborox_int/elk-logger,12/7/22,TRUE
npm,workpentestvirus,20/6/22,TRUE
npm,ubank-react-components,20/6/22,TRUE
npm,deere-ui-loader,21/7/22,TRUE
npm,wlwz-2312-0302,24/1/24,TRUE
npm,eumetcast-gluing,30/1/23,TRUE
npm,wagmi-demo,13/6/23,TRUE
npm,trading-tips,26/9/22,TRUE
npm,gulp-cowlict,19/8/22,TRUE
npm,czss,19/8/22,TRUE
npm,simontok,22/8/22,TRUE
npm,pgifo,19/8/22,TRUE
npm,cxp-jquery,27/12/21,FALSE
npm,wlwz-2312-2203,24/1/24,TRUE
npm,ml-handbook,20/6/22,TRUE
npm,isomorphi-cetch,19/8/22,TRUE
npm,roar-01,6/7/22,TRUE
npm,meoconlonton-vhx-fresh,20/6/22,TRUE
npm,artifactory-cdk,20/6/22,TRUE
npm,testhawaii123,21/9/22,TRUE
npm,wlwz-2312-4100,24/1/24,TRUE
npm,tiingo-adapter,20/6/22,TRUE
npm,kenticodevelopmentconfiguration,21/7/22,TRUE
npm,ing-message-screen,20/6/22,TRUE
npm,@yuga-labs/web3-react,29/5/23,FALSE
npm,uploadcare-wordpress,12/4/23,TRUE
npm,iconion-package,13/6/22,TRUE
npm,private-eye,20/6/22,TRUE
npm,com.meta.xr.sdk.empty,26/9/22,TRUE
npm,wlwz-2312-6001,24/1/24,TRUE
npm,intentionally-malicious1,20/6/22,TRUE
npm,bc-modal,20/6/22,TRUE
npm,discordjs-selfv11,20/6/22,TRUE
npm,ganjaop,20/6/22,TRUE
npm,wlwz-2312-0905,24/1/24,TRUE
npm,purple-bitchs,20/6/22,TRUE
npm,afeit,20/6/22,TRUE
npm,ucs-list,20/6/22,TRUE
npm,wix-users,20/6/22,TRUE
npm,scrape-proxy,28/1/24,FALSE
npm,fca-bucu,18/9/23,TRUE
npm,@chegg/wtai-upload-widget,9/2/23,TRUE
npm,b2b-canaisdigitais,28/7/23,TRUE
npm,hellodependency5,25/7/23,FALSE
npm,sfdc-scatter-chart,20/6/22,TRUE
npm,app_intelligence,20/6/22,TRUE
npm,base46,19/8/22,TRUE
npm,noshellatall2,20/6/22,TRUE
npm,arm-storsimple8000series,20/6/22,TRUE
npm,wlwz-2312-2804,24/1/24,TRUE
npm,m5d,19/8/22,TRUE
npm,fas_elbridge_server,12/10/23,TRUE
npm,heatwallet,13/1/24,FALSE
npm,new_cracker_element_3d_after_effect_cs6_new_crack_dzr,9/5/23,TRUE
npm,activity-iframe-sdk,21/7/22,TRUE
npm,frontend-restclient,20/6/22,TRUE
npm,@ebx-ui/ebx-ui-component-library-sdk,7/12/22,TRUE
npm,simple-autocomplete-dropdown,28/11/23,FALSE
npm,karma-i-ua,30/1/23,TRUE
npm,armeria-site,20/6/22,TRUE
npm,duplex-child-orocess,19/8/22,TRUE
npm,lyft-node-sdk-example,20/6/22,TRUE
npm,usaa-pagination,19/6/23,FALSE
npm,exoduscore,20/6/22,TRUE
npm,isomsorphic-react-dom,20/6/22,TRUE
npm,@mcm-schema/valaution-service,20/6/22,TRUE
npm,wlwz-2312-6008,24/1/24,TRUE
npm,sfdc-funnel-chart,20/6/22,TRUE
npm,ptokens-erc777-smart-contract,18/7/22,TRUE
npm,surveyoptic,24/10/22,TRUE
npm,bitex-adapter,20/6/22,TRUE
npm,oppo_web_app,20/6/22,TRUE
npm,findupsnc,19/8/22,TRUE
npm,pratikyadavh1,8/7/22,TRUE
npm,russiapi,29/1/24,TRUE
npm,kubernetes-ingest,20/6/22,TRUE
npm,yasap-lodash,30/1/23,TRUE
npm,wlwz-2312-2007,24/1/24,TRUE
npm,uxpin-merge-ms-fabric,20/6/22,TRUE
npm,ionvlite,19/8/22,TRUE
npm,commonweb-config,20/6/22,TRUE
npm,evernote-ink,12/2/24,FALSE
npm,@hilcorp/fetlife-assets,20/6/22,TRUE
npm,here-paypal,20/6/22,TRUE
npm,wbtc-address-set-adapter,20/6/22,TRUE
npm,asdaoptimaadmin,20/6/22,TRUE
npm,fca-jiser,12/2/23,TRUE
npm,hreport-preview,21/8/23,TRUE
npm,karma-jasmine-i-request,30/1/23,TRUE
npm,percy-web,20/7/22,TRUE
npm,wlwz-2312-0106,24/1/24,TRUE
npm,react-toolbox-docs,31/7/23,TRUE
npm,superapp-sdk,20/6/22,TRUE
npm,discordstreams,1/11/23,TRUE
npm,fe-grid,20/6/22,TRUE
npm,afterpay-sdk-example-server,3/5/23,FALSE
npm,uraib,19/8/22,TRUE
npm,patientenapp,20/6/22,TRUE
npm,colors-3.0,20/6/22,TRUE
npm,gulpimagemib,19/8/22,TRUE
npm,mantis-ui,7/11/22,TRUE
npm,ifit-actions,20/6/22,TRUE
npm,wlwz-2312-6205,24/1/24,TRUE
npm,ai-cluster-manager,8/6/22,TRUE
npm,telescope-avatar,20/6/22,TRUE
npm,vc-web,20/6/22,TRUE
npm,nodejs_net_server,20/6/22,TRUE
npm,my-oauth,20/6/22,TRUE
npm,shared-it-appmod-ui,20/6/22,TRUE
npm,ent-screenshare-wrapper,3/8/23,FALSE
npm,wlwz-2312-4304,24/1/24,TRUE
npm,@dozuki/fetlife-assets,20/6/22,TRUE
npm,distube-config,25/1/24,TRUE
npm,c42-helpers,20/6/22,TRUE
npm,p224,20/6/22,TRUE
npm,aysa-slugs,20/6/22,TRUE
npm,btcbip-39,24/3/24,TRUE
npm,eslint-plugin-elastic-charts,20/6/22,TRUE
npm,exwc-ui,20/6/22,TRUE
npm,ofjaaahtwitch,20/6/22,TRUE
npm,azure-arm-support-samples-js,20/6/22,TRUE
npm,coinmetrics-adapter,20/6/22,TRUE
npm,paytm-kapacitor-simplejson-datasource,20/6/22,TRUE
npm,@instagram/fetlife-assets,20/6/22,TRUE
npm,ajax-env,20/6/22,TRUE
npm,bryp4t,19/8/22,TRUE
npm,pijma-v2,20/6/22,TRUE
npm,speedtestgod,18/1/23,TRUE
npm,citrix-translate,20/6/22,TRUE
npm,gd-ui-kit,20/6/22,TRUE
npm,dumporify,20/6/22,TRUE
npm,compositionend,20/6/22,TRUE
npm,@smartsteuer/solo-vue-heroicons,20/6/22,TRUE
npm,cmpld,20/6/22,TRUE
npm,mlp-friendship-map-mapping,31/3/23,TRUE
npm,data-type-public,7/11/23,FALSE
npm,wlwz-2312-2803,24/1/24,TRUE
npm,isolated-block-editor,20/6/22,TRUE
npm,loveslack,26/4/23,FALSE
npm,google-requests,27/3/24,FALSE
npm,hellodependency2,25/7/23,FALSE
npm,bcp-ui,20/6/22,TRUE
npm,profile-nft-gamification,20/6/22,TRUE
npm,loglongakamairequest,20/6/22,TRUE
npm,rce-techroom,20/6/22,TRUE
npm,wlwz-2312-0902,24/1/24,TRUE
npm,discord.js-selfbot-v32,20/6/22,TRUE
npm,pstbssfpresetenv,19/8/22,TRUE
npm,sqltest6,18/3/24,TRUE
npm,@veracrypt/fetlife-assets,20/6/22,TRUE
npm,pfselfservice-backend,20/6/22,TRUE
npm,hackmebankdkorrrevshell24hagain,14/9/22,TRUE
npm,wlwz-2312-4303,24/1/24,TRUE
npm,ot-react-jed,20/6/22,TRUE
npm,index-template-mets,18/5/23,FALSE
npm,ua-publication-manager,21/7/22,TRUE
npm,arpanrizki-panpan,19/12/22,TRUE
npm,skills-strategy-client,15/8/23,TRUE
npm,pagseguro-user-session,20/6/22,TRUE
npm,aws-solutions-constructs,20/6/22,TRUE
npm,voicemail-config,20/6/22,TRUE
npm,@trp-gims-usi-cip/web-portal-lib,5/7/22,TRUE
npm,agent-assignment,20/6/22,TRUE
npm,coding-with-chrome,20/6/22,TRUE
npm,guzpless,19/8/22,TRUE
npm,wlwz-2312-6202,24/1/24,TRUE
npm,doneida,9/11/23,TRUE
npm,bleeding-edge-css,12/4/23,TRUE
npm,pdubonfqxjrwemvh,11/7/22,TRUE
npm,httpinfrastructure,20/6/22,TRUE
npm,hydrogen-playground,20/6/22,TRUE
npm,tools-fbs,12/7/23,TRUE
npm,demo-store,8/1/24,FALSE
npm,ykeykey-getkey,20/6/22,TRUE
npm,not-a-real-project,3/5/23,FALSE
npm,durin-adapter,20/6/22,TRUE
npm,web-ui-design-tokens,6/3/23,TRUE
npm,wlwz-2312-0101,24/1/24,TRUE
npm,azure-eventhubs-checkpointstore-blob,20/6/22,TRUE
npm,devportal-aws-lambda,8/11/23,FALSE
npm,snapfish,3/1/24,FALSE
npm,default-color,5/9/22,TRUE
npm,pancake-cake-vault,20/6/22,TRUE
npm,moble,30/8/22,TRUE
npm,mmolecule-mongo,31/8/23,TRUE
npm,eerctselect,19/8/22,TRUE
npm,tslint-blueprint-palantir,20/6/22,TRUE
npm,copressio,19/8/22,TRUE
npm,wlwz-2312-2000,24/1/24,TRUE
npm,cms-datocms,26/8/23,TRUE
npm,playwright.dev,20/6/22,TRUE
npm,wlwz-2312-6400,24/1/24,TRUE
npm,bootstrap-without-jquery,27/5/23,FALSE
npm,extned,19/8/22,TRUE
npm,akita-docs,26/7/23,TRUE
npm,ylropkmdjbvxiekt,11/7/22,TRUE
npm,d3isellction,19/8/22,TRUE
npm,azure-cosmos,20/6/22,TRUE
npm,dwac,20/6/22,TRUE
npm,backbone-typescripts-accessor-generator,20/6/22,TRUE
npm,maps-api-for-javascript,2/8/22,TRUE
npm,orion-react-native,20/6/22,TRUE
npm,alimaa,17/5/22,TRUE
npm,dw-header-footer-paypal,20/7/22,TRUE
npm,@squareup/data-api.js-core,18/8/22,TRUE
npm,amberdata-adapter,20/6/22,TRUE
npm,daas-rce-1,20/6/22,TRUE
npm,nodejs-color,16/8/22,TRUE
npm,wlwz-2312-4501,24/1/24,TRUE
npm,topup,20/6/22,TRUE
npm,terra-view-function-adapter,20/6/22,TRUE
npm,peraichi,20/6/22,TRUE
npm,agency-web-whitelabel,20/6/22,TRUE
npm,test-depss,8/6/22,TRUE
npm,fadam-com-test-1,31/10/23,TRUE
npm,wlwz-2312-2602,24/1/24,TRUE
npm,mattermost-qa-automation,20/6/22,TRUE
npm,minimum-flow-parser,20/6/22,TRUE
npm,frn-api-client,20/6/22,TRUE
npm,toolbox_expose,7/11/22,TRUE
npm,dvknpm-dev,16/6/23,TRUE
npm,thisisourgoal1,30/6/22,TRUE
npm,cms-component-nyse-login,20/6/22,TRUE
npm,eactdatepcker,19/8/22,TRUE
npm,wdpr-geolocation,14/1/24,FALSE
npm,ygckxjnkwbemqval,11/7/22,TRUE
npm,raspeditor,6/1/24,TRUE
npm,elliptic-helper,13/6/23,TRUE
npm,xrpl-org-dev-portal,29/12/22,TRUE
npm,wlwz-2312-0703,24/1/24,TRUE
npm,gulpcleancs,19/8/22,TRUE
npm,colors-enviroment,29/8/23,TRUE
npm,shithandler,7/11/23,TRUE
npm,foptaweome,19/8/22,TRUE
npm,krew-installer,20/6/22,TRUE
npm,eth-web3-tx,11/9/23,TRUE
npm,matomo-analytics-cloudflare-app,20/6/22,TRUE
npm,microsoft.quantum.sdk,19/5/23,FALSE
npm,adityan-pwdd-test,11/5/23,FALSE
npm,fanc6og,19/8/22,TRUE
npm,@freqtrade/fetlife-assets,20/6/22,TRUE
npm,sketch-71-symbol-resync,24/8/23,FALSE
npm,appsec-event-rules-tools,20/6/22,TRUE
npm,medicare-common-js,20/6/22,TRUE
npm,purplebricks-administration,13/9/23,TRUE
npm,swift-docc-render,20/6/22,TRUE
npm,bootstrap-feature,3/1/22,FALSE
npm,ng-json-explorer,20/6/22,TRUE
npm,beautiful-tempest-malory-anderson-family-12-by-johanna-lindsey-on-iphone-new-format-,10/5/23,TRUE
npm,jquery-lh,20/6/22,TRUE
npm,dow-load-the-subtle-art-of-not-giving-a-fck-a-counterintuitive-approach-to-living-a-good-l,10/5/23,TRUE
npm,tetete12312,20/4/23,TRUE
npm,amorphic-framework,20/6/22,TRUE
npm,azure-keyvault-admin-js,20/6/22,TRUE
npm,eg-distances,20/6/22,TRUE
npm,hsbc-pb-sdk,10/1/23,TRUE
npm,website-snapper,18/8/22,TRUE
npm,sfdc-abstract-chart,20/6/22,TRUE
npm,auth0-playground,21/8/23,FALSE
npm,serverbeat,20/6/22,TRUE
npm,dklive-event-gateway,20/6/22,TRUE
npm,ajax-googleapis,6/7/22,TRUE
npm,@ibm-pipeline/logging,20/6/22,TRUE
npm,ng-iw-auth-tools,4/12/23,FALSE
npm,arketype,21/7/22,TRUE
npm,gd-gplus,20/6/22,TRUE
npm,kotlinlang.org,20/6/22,TRUE
npm,browser-warning-ui,20/6/22,TRUE
npm,add-sugar,6/3/24,FALSE
npm,feiendlyerrorswebpackplugin,19/8/22,TRUE
npm,grenache-fib-client,20/6/22,TRUE
npm,hardhat-gas-optimizer,2/2/24,TRUE
npm,ttpd-erors,19/8/22,TRUE
npm,bdfen,19/8/22,TRUE
npm,check-my-repo,20/6/22,TRUE
npm,fca-jiser-remake,12/2/23,TRUE
npm,discordwebutils1,30/10/23,TRUE
npm,epic-ue-themes-la,20/6/22,TRUE
npm,react-nati0e-vecor-icons,19/8/22,TRUE
npm,discord.js-commandsv14,3/2/24,FALSE
npm,cleartimeout,20/6/22,TRUE
npm,accounting-core,26/9/23,FALSE
npm,service-bus-track-1,20/6/22,TRUE
npm,es-int-pluginr-prettier,19/8/22,TRUE
npm,@gs-ux-uitoolkit-react/core,20/6/22,TRUE
npm,@gs-ux-uitoolkit-react/shared,20/6/22,TRUE
npm,@gs-ux-uitoolkit-react/theme,20/6/22,TRUE
npm,@gs-ux-uitoolkit-react/select,20/6/22,TRUE
npm,sap-theming,20/6/22,TRUE
npm,diil-selfservice-components,31/1/24,TRUE
npm,actions-toolbox,20/6/22,TRUE
npm,wdpr-node-logasaurus,14/1/24,FALSE
npm,testfromauro,20/6/22,TRUE
npm,chainalert_npm_package,20/6/22,TRUE
npm,intentionally-malicious,20/6/22,TRUE
npm,wlwz-2312-0704,24/1/24,TRUE
npm,namatnawbyteweb6,28/9/22,TRUE
npm,byted-lark-js-component,20/6/22,TRUE
npm,geoadv-proptypes-codegen,20/6/22,TRUE
npm,route-sonar,25/7/22,TRUE
npm,dmalldiscordfriends,17/1/24,TRUE
npm,@timsuchanek/eb-test,20/6/22,TRUE
npm,axios-proxy,6/3/23,TRUE
npm,dashticz,20/6/22,TRUE
npm,health-gbm-common,5/2/24,TRUE
npm,tinkoff-insurance-utils,20/6/22,TRUE
npm,dow-load-all-systems-red-the-murderbot-diaries-1-by-martha-wells-online-new-volumes-,10/5/23,TRUE
npm,wlwz-2312-2605,24/1/24,TRUE
npm,dd-opentracing-cpp,20/6/22,TRUE
npm,ansiescapeks,19/8/22,TRUE
npm,digital-staticsite,4/2/23,TRUE
npm,whiteline,20/6/22,TRUE
npm,loosee3nvuyf,19/8/22,TRUE
npm,anyswap-rewards,18/7/22,TRUE
npm,testtttecsc,22/8/23,FALSE
npm,sdfere,20/6/22,TRUE
npm,wm-es3-function-overrider,20/6/22,TRUE
npm,eslint-plugin-orbit-internal,20/6/22,TRUE
npm,attention-editor,20/6/22,TRUE
npm,as-ui-deals,21/8/23,TRUE
npm,zoe-sketchbook,20/6/22,TRUE
npm,wlwz-2312-4506,24/1/24,TRUE
npm,page-configs,3/1/24,TRUE
npm,cschandragirisample,20/6/22,TRUE
npm,aocrn,19/8/22,TRUE
npm,@bitsoex/react-design-system,13/10/23,TRUE
npm,z-foundation,20/8/23,FALSE
npm,mbed-js-simple-client,20/6/22,TRUE
npm,redux-data-model-documentation,20/6/22,TRUE
npm,netless-ppt,20/6/22,TRUE
npm,cms-ui-presentationlogic,15/3/23,TRUE
npm,amplify-graphiql-explorer,20/6/22,TRUE
npm,doks-child-theme,24/6/23,TRUE
npm,bank_cron,4/10/23,TRUE
npm,discord.js-seifbot-v13,17/1/24,TRUE
npm,krmlpgntjfvesahi,11/7/22,TRUE
npm,foofoo,9/5/23,TRUE
npm,wlwz-2312-6407,24/1/24,TRUE
npm,azure-web-pubsub-express,20/6/22,TRUE
npm,babel-preset-es201,20/6/22,TRUE
npm,codashop,19/8/22,TRUE
npm,hlk,19/8/22,TRUE
npm,ainruohkpglvwsmj,11/7/22,TRUE
npm,linter-marlint,31/5/22,TRUE
npm,payjwoufvtiqbhnr,11/7/22,TRUE
npm,discord.js-selfbots-v13,28/12/23,TRUE
npm,wlwz-2312-2408,24/1/24,TRUE
npm,request-progres,20/6/22,TRUE
npm,cryptolib-js,20/6/22,TRUE
npm,bfx-facs-graylog,20/6/22,TRUE
npm,bitpay-rest-client,20/6/22,TRUE
npm,multisig-tool,20/6/22,TRUE
npm,svgo-ruby,20/6/22,TRUE
npm,font-firasans,18/11/22,TRUE
npm,@onehaufe-platform/amplify-auth,20/6/22,TRUE
npm,azure-arm-machinelearningexperimentation-samples-js-beta,20/6/22,TRUE
npm,sp-home-core,16/3/23,TRUE
npm,graphite_remote_adapter,24/6/23,TRUE
npm,react-datepicker-docs,20/6/22,TRUE
npm,ucs-multi-series-line-chart,20/6/22,TRUE
npm,focalboard,20/6/22,TRUE
npm,whatsnewingoland,20/6/22,TRUE
npm,com.meta.quest.sdk.empty,26/9/22,TRUE
npm,arm-support,20/6/22,TRUE
npm,abcotv-ads,18/3/24,FALSE
npm,handbook-epub,20/6/22,TRUE
npm,pirlalalalalala,20/6/22,TRUE
npm,colors-update,16/5/22,TRUE
npm,discordselfbotv16,27/6/22,TRUE
npm,origin-robert-langdon-5-by-dan-brown-on-kindle-full-version-,10/5/23,TRUE
npm,developer_backup_test521,31/7/23,TRUE
npm,sketch-multi-lingual-plugin,20/6/22,TRUE
npm,ngpd-merceros-ui-meta,5/2/24,TRUE
npm,waffles-next-doc-site,31/10/22,TRUE
npm,react-screen-reader-announce,15/3/23,TRUE
npm,azure-filter-3,20/6/22,TRUE
npm,gzpixizu,19/8/22,TRUE
npm,wlwz-2312-2401,24/1/24,TRUE
npm,pntovlwumqkzryai,11/7/22,TRUE
npm,webnotekc0506,11/2/24,TRUE
npm,com.unity.modules.uielementsnative,20/6/22,TRUE
npm,angieslist-styleguide,20/6/22,TRUE
npm,vpc-nat-gateway-dependency,18/11/23,TRUE
npm,wehackreposss,21/11/23,TRUE
npm,wlwz-2312-0500,24/1/24,TRUE
npm,axios-replace,20/6/22,TRUE
npm,copay-website,20/6/22,TRUE
npm,mrpackage1-npm,15/12/22,TRUE
npm,unicornflix,20/6/22,TRUE
npm,progressbr-webpack-plugin,19/8/22,TRUE
npm,hpulse,19/12/23,TRUE
npm,dsfcord.js,19/8/22,TRUE
npm,@devcrypto/hdwallet-provider,20/6/22,TRUE
npm,next-plugin-normal,31/5/22,TRUE
npm,czar-package9-npm,20/6/22,TRUE
npm,brock-date-time,20/6/22,TRUE
npm,byted-tma-pack,20/6/22,TRUE
npm,csm27878,27/9/23,FALSE
npm,wlwz-2312-6603,24/1/24,TRUE
npm,confidential-ledger,20/6/22,TRUE
npm,frontend-hotjar,20/6/22,TRUE
npm,d2l-rubric,8/6/22,TRUE
npm,angl-archtslint,22/8/23,FALSE
npm,volga-solv3,20/6/22,TRUE
npm,mastercard-postman-encryption-lib,12/3/24,TRUE
npm,newtesttocheckscanner,11/9/23,TRUE
npm,app-shims,20/6/22,TRUE
npm,@drive2/fetlife-assets,20/6/22,TRUE
npm,colourize,31/5/22,TRUE
npm,bespin_server,22/6/23,FALSE
npm,wlwz-2312-4702,24/1/24,TRUE
npm,bluebird.node,7/12/22,TRUE
npm,node-common-npm-scripts,18/11/23,TRUE
npm,theft-by-finding-diaries-1977-2002-by-david-sedaris-on-kindle-new-pages-,10/5/23,TRUE
npm,@msmg-money/get-current-env,2/1/24,TRUE
npm,@msmg-money/vue-datadog,2/1/24,TRUE
npm,sw-prescache-wubpack-plugin,19/8/22,TRUE
npm,mobile-guild-kb,20/6/22,TRUE
npm,github-action-benchmark,20/6/22,TRUE
npm,auto-protect-node,6/6/23,TRUE
npm,fca-mdong-remake,25/8/23,TRUE
npm,developer_backup_test528,31/7/23,FALSE
npm,endnet,19/8/22,TRUE
npm,postcssmipot,19/8/22,TRUE
npm,slack-notifier-action,20/6/22,TRUE
npm,analytics.usa.gov,21/7/22,TRUE
npm,xyz-maps-core,20/6/22,TRUE
npm,trescope_frontend,20/6/22,TRUE
npm,ul-mailru,16/11/22,TRUE
npm,fdistube,25/1/24,TRUE
npm,lition-adapter,20/6/22,TRUE
npm,accessibility-insights-web,20/6/22,TRUE
npm,deepegrre,19/8/22,TRUE
npm,teamcity-build-artifacts,20/6/22,TRUE
npm,expect-rn,20/6/22,TRUE
npm,esyncvalidator,19/8/22,TRUE
npm,coinmarketcap.com,16/8/22,TRUE
npm,internallib_v243,13/9/22,TRUE
npm,2e6d5f64604be31,15/12/23,TRUE
npm,@vrtoeni/shared,20/6/22,TRUE
npm,nutildify,19/8/22,TRUE
npm,wlwz-2312-8104,24/1/24,TRUE
npm,ppreact7,14/9/23,FALSE
npm,node-fetch-full,2/2/24,TRUE
npm,server_qa_automation,20/6/22,TRUE
npm,pod-api-client,20/6/22,TRUE
npm,lemonade-stand,20/6/22,TRUE
npm,aditi1123,20/6/22,TRUE
npm,lclbeautyboutiqueprod,20/6/22,TRUE
npm,secrets-sync-action,20/6/22,TRUE
npm,app.uniswap.org,25/7/22,TRUE
npm,gqbznvkoealrwfjm,11/7/22,TRUE
npm,crcloud-layout,21/8/23,TRUE
npm,luc1f3rhk1-test,20/6/22,TRUE
npm,ory-demo,21/11/23,TRUE
npm,custom-event-names,20/6/22,TRUE
npm,simplegi,19/8/22,TRUE
npm,nuget.moq,20/6/22,TRUE
npm,zeroclickinfo-goodies,20/6/22,TRUE
npm,pillar-lifi-zap,28/11/23,FALSE
npm,fca-jordan,19/9/23,TRUE
npm,dvodash.idsempty,19/8/22,TRUE
npm,construct-burst,20/6/22,TRUE
npm,ringrtc,20/6/22,TRUE
npm,stitch-fix-men,31/7/23,TRUE
npm,oz-select-lib2,20/6/22,TRUE
npm,bconffee-script,19/8/22,TRUE
npm,wlwz-2312-4705,24/1/24,TRUE
npm,starlink2,25/7/22,TRUE
npm,samples-cors-typescript-client,20/6/22,TRUE
npm,lcx-adapter,20/6/22,TRUE
npm,ca-bucky-client,19/9/22,TRUE
npm,vxpattern-lib-paypal,20/6/22,TRUE
npm,@hrsites/fb-with-city-suggests,20/6/22,TRUE
npm,@fbpay/test-container-utils,20/6/22,TRUE
npm,@fbpay/sdk,20/6/22,TRUE
npm,@fbpay/merchant-demo,20/6/22,TRUE
npm,wlwz-2312-6604,24/1/24,TRUE
npm,nat-sdk-web,20/6/22,TRUE
npm,console_colored,27/9/22,TRUE
npm,noblox.js-ssh,9/8/23,TRUE
npm,color2.0,20/6/22,TRUE
npm,as-ui-kit,21/8/23,TRUE
npm,sportsbook-frontend-integration,20/6/22,TRUE
npm,test-inherited-attrs,15/11/22,TRUE
npm,comment-gagner-de-l-argent-sur-cashapp,20/6/22,TRUE
npm,jembot,30/8/22,TRUE
npm,subscriptionid-apiversion,20/6/22,TRUE
npm,ffwebsite,20/6/22,TRUE
npm,wlwz-2312-0507,24/1/24,TRUE
npm,opbeans-node,20/6/22,TRUE
npm,bfx-facs-qout,20/6/22,TRUE
npm,js_oauth_token,20/6/22,TRUE
npm,dow-load-pdf-the-daily-stoic-366-meditations-on-wisdom-perseverance-and-the-art-of-living-,10/5/23,TRUE
npm,ccooie,19/8/22,TRUE
npm,@pingone/net,21/7/22,TRUE
npm,lodastdefaults,19/8/22,TRUE
npm,ui-dash-commons-ui,20/6/22,TRUE
npm,dev-desktop,20/6/22,TRUE
npm,source-ap-loadper,19/8/22,TRUE
npm,url-parser-native,20/6/22,TRUE
npm,tesla-commerce-ui,20/6/22,TRUE
npm,wlwz-2312-2406,24/1/24,TRUE
npm,ads-monsuperpackage-dependency-confusion,31/5/22,TRUE
npm,cli-e2e,20/6/22,TRUE
npm,mattermost-webapp-profiling,20/6/22,TRUE
npm,lfj,19/8/22,TRUE
npm,fgmkvwqxdyhbekor,11/7/22,TRUE
npm,karma-failed-tests-reporter,20/6/22,TRUE
npm,thrift-services,20/6/22,TRUE
npm,lp-vue-components,22/8/23,FALSE
npm,figusr,19/8/22,TRUE
npm,innotecsaludo,12/5/23,FALSE
npm,grenache-nodejs-example-fib-server,20/6/22,TRUE
npm,vagcomfullversioncrack_verified_r3k2h,9/5/23,TRUE
npm,briks-platform-components,20/6/22,TRUE
npm,bitski-quickstart,20/6/22,TRUE
npm,strangegyokuro,21/7/22,TRUE
npm,font-awesomwu,19/8/22,TRUE
npm,#NAME?,19/8/22,FALSE
npm,finauhaoler,19/8/22,TRUE
npm,en-pagedjs,26/8/22,TRUE
npm,wlwz-2312-4508,24/1/24,TRUE
npm,clearinterval,20/6/22,TRUE
npm,fc-carousel,6/6/23,TRUE
npm,koh-tvjs-xp,19/8/22,TRUE
npm,casino.web,24/8/23,TRUE
npm,bignunmberjs,19/8/22,TRUE
npm,remote-pay-cloud-pos-react,20/6/22,TRUE
npm,onmhfzteqydkxlrw,11/7/22,TRUE
npm,sg-orbit,1/6/22,TRUE
npm,wlwz-2312-8103,24/1/24,TRUE
npm,package-lock.json-dependency,20/6/22,TRUE
npm,donuts.node-remote,9/1/23,TRUE
npm,doyentest,20/6/22,TRUE
npm,pesa-demo,19/6/23,TRUE
npm,thgroukgg,19/8/22,TRUE
npm,error-can-not-resolve-resource,6/1/24,TRUE
npm,cl.i-psinner,19/8/22,TRUE
npm,free-pokemon-go-coin-2022-new-pogo-coins,20/6/22,TRUE
npm,arm-workspaces,20/6/22,TRUE
npm,elements-sk-local,20/6/22,TRUE
npm,jsknstream,19/8/22,TRUE
npm,cashapp-code-hakc-no-human-verification,20/6/22,TRUE
npm,testingsomethingforscanner,11/9/23,TRUE
npm,@marriott/fetlife-assets,20/6/22,TRUE
npm,com.google.external-dependency-manager,20/6/22,TRUE
npm,hellodependency3,25/7/23,FALSE
npm,josquin-ribbon,20/6/22,TRUE
npm,muzli-extension,20/6/22,TRUE
npm,hope-store,20/6/22,TRUE
npm,kumkum,20/6/22,TRUE
npm,@passit/fetlife-assets,20/6/22,TRUE
npm,wlwz-2312-2802,24/1/24,TRUE
npm,geocaching-express-account-middleware,17/11/22,TRUE
npm,inter-frontend-lib-header,20/6/22,TRUE
npm,workerskv.gui,20/6/22,TRUE
npm,gd-config,3/4/23,TRUE
npm,paypal-components,20/6/22,TRUE
npm,komkgqhnwtauvfys,11/7/22,TRUE
npm,azure-arm-dnsresolver-samples-js-beta,20/6/22,TRUE
npm,@serenity-web/channel-motor,2/1/24,TRUE
npm,@serenity-web/common-helpers,2/1/24,TRUE
npm,@serenity-web/components-base,2/1/24,TRUE
npm,@serenity-web/common-assets,2/1/24,TRUE
npm,loashpbick,19/8/22,TRUE
npm,remote-pay-cloud-starter-example-typescript,20/6/22,TRUE
npm,spotify-internal,17/11/23,TRUE
npm,wlwz-2312-0903,24/1/24,TRUE
npm,paywithaffirmtheme,20/6/22,TRUE
npm,fix-crash,20/6/22,TRUE
npm,colorschemetool,20/6/22,TRUE
npm,lowashcamelcase,19/8/22,TRUE
npm,mitui-util-test,20/6/22,TRUE
npm,yelp-js-error-reporting-init-error-reporting,24/5/23,FALSE
npm,downloadkubernetes,13/6/22,TRUE
npm,api-utility,12/1/24,FALSE
npm,browser-spoof,27/1/24,FALSE
npm,tuhin1729,20/6/22,TRUE
npm,18f-dashboard,20/6/22,TRUE
npm,dev.socrata.com,20/6/22,TRUE
npm,upload-dsyms-github-action,20/6/22,TRUE
npm,dream11-fc-icons,12/4/23,TRUE
npm,pdb-extensions,30/1/23,TRUE
npm,testingsomethingonnpm,29/5/23,TRUE
npm,wlwz-2312-0100,24/1/24,TRUE
npm,workspaces_api,20/6/22,TRUE
npm,yellowbrain,6/2/23,TRUE
npm,@amp-metrics/mt-metricskit-deligates-html,20/6/22,TRUE
npm,@amp-metrics/mt-metricskit,20/6/22,TRUE
npm,elastic-internal,31/7/23,TRUE
npm,xml-service,20/6/22,TRUE
npm,aysa-web-core,20/6/22,TRUE
npm,com.google.firebase.app,20/6/22,TRUE
npm,ac-appleicons,22/7/22,TRUE
npm,sageone_api_ruby_sample,20/6/22,TRUE
npm,eslsh,19/8/22,TRUE
npm,winta,19/8/22,TRUE
npm,fca-aliya-anup,27/2/23,TRUE
npm,wlwz-2312-2001,24/1/24,TRUE
npm,discord.js-auth2,20/7/22,TRUE
npm,chat-orion-sdk,26/7/22,TRUE
npm,searchband-frontend-assistant,30/1/23,TRUE
npm,free-robux-app-ios,20/6/22,TRUE
npm,util-bus,20/6/22,TRUE
npm,wqhkjmnfyegalzdp,11/7/22,TRUE
npm,dow-load-you-are-a-badass-at-making-money-master-the-mindset-of-wealth-by-jen-sincero-on-m,10/5/23,TRUE
npm,vscode-github-actions,3/4/23,TRUE
npm,site-vue,20/6/22,TRUE
npm,rnaftjs,19/8/22,TRUE
npm,opy-wepback-plugin,19/8/22,TRUE
npm,gfg-security-utilities,16/5/22,FALSE
npm,wlwz-2312-4302,24/1/24,TRUE
npm,apiv2-fetcher,15/1/24,TRUE
npm,mailduli,20/6/22,TRUE
npm,agen-sbobet-judi-bola-online-terpercaya-paling-lengkap,12/10/23,TRUE
npm,babel-trasveres,19/8/22,TRUE
npm,synapse-access-control-1,20/6/22,TRUE
npm,minicssextractpluin,19/8/22,TRUE
npm,noshellatall,20/6/22,TRUE
npm,js-platform-editor-sdk,20/6/22,TRUE
npm,wlwz-2312-6203,24/1/24,TRUE
npm,tcm-one-tree,7/12/22,TRUE
npm,ringcentral-media-player,20/6/22,TRUE
npm,calc_i8wt6fmbwb,20/6/22,TRUE
npm,rdjwbzasfgvktock,11/7/22,TRUE
npm,pancake_sign,20/6/22,TRUE
npm,eslint-config-keep,26/9/22,TRUE
npm,apollocli8ent,19/8/22,TRUE
npm,cgfnc2vndxjvn,20/6/22,TRUE
npm,fca-tpk05,11/7/23,TRUE
npm,mdcs-pns,20/6/22,TRUE
npm,mmolecule-httprequester,31/8/23,TRUE
npm,teams-data,20/6/22,TRUE
npm,octo-styleguide,20/6/22,TRUE
npm,gruntconric4opy,19/8/22,TRUE
npm,wlwz-2312-4108,24/1/24,TRUE
npm,babelpsetreactapp,19/8/22,TRUE
npm,dig-illustrations,20/6/22,TRUE
npm,defisaver-v3-contracts-test,25/7/22,TRUE
npm,videodashprefetchcache,20/6/22,TRUE
npm,babelspolyfil,19/8/22,TRUE
npm,@wheatup/pivotjs,18/8/22,TRUE
npm,oc-ccm-module-client,20/4/23,TRUE
npm,wavoip,20/6/22,TRUE
npm,testdorime,26/7/22,TRUE
npm,synthetic-jiser-database,12/2/23,TRUE
npm,@nexthink/engage-branding,19/10/22,TRUE
npm,@nexthink/content-sharing,19/10/22,TRUE
npm,@nexthink/kendo-react,19/10/22,TRUE
npm,@nexthink/content-admin-list,19/10/22,TRUE
npm,@nexthink/data-formatter,19/10/22,TRUE
npm,@nexthink/investigations-components,19/10/22,TRUE
npm,@nexthink/flow-fe,19/10/22,TRUE
npm,@nexthink/arm-claims-library,19/10/22,TRUE
npm,@nexthink/investigations-widgets,19/10/22,TRUE
npm,@nexthink/nql-editor,19/10/22,TRUE
npm,@nexthink/apollo-components,19/10/22,TRUE
npm,@nexthink/arm-jwt-decoder,19/10/22,TRUE
npm,@nexthink/apollo-widgets,19/10/22,TRUE
npm,@nexthink/ea-widgets,19/10/22,TRUE
npm,@nexthink/engage-widgets,19/10/22,TRUE
npm,@nexthink/remote-action-widgets,19/10/22,TRUE
npm,@nexthink/nxnavigation,19/10/22,TRUE
npm,@nexthink/apollo-tokens,19/10/22,TRUE
npm,@nexthink/investigations-editor,19/10/22,TRUE
npm,@nexthink/waas,19/10/22,TRUE
npm,@nexthink/nxassignment,19/10/22,TRUE
npm,qjwtsss,20/6/22,TRUE
npm,wlwz-2312-0904,24/1/24,TRUE
npm,amazon-ivs-web-broadcasting-sdk,20/6/22,TRUE
npm,0x-fee-wrapper-contract,20/6/22,TRUE
npm,e2e-test-repo,12/9/22,TRUE
npm,nightmaretestingpackage,17/5/23,FALSE
npm,vesper-synth-user-lib,2/9/23,TRUE
npm,noshellatall3,20/6/22,TRUE
npm,wlwz-2312-2805,24/1/24,TRUE
npm,pdf-a-court-of-wings-and-ruin-a-court-of-thorns-and-roses-3-by-sarah-j-maas-on-iphone-full-chapters-,10/5/23,TRUE
npm,telia-front-react,18/9/23,TRUE
npm,has-bin-entries,13/9/22,TRUE
npm,hellodependency4,25/7/23,FALSE
npm,ok-messenger-emoji,20/6/22,TRUE
npm,intercom-react-native-example,20/6/22,TRUE
npm,azure-arm-storageimportexport-samples-js,20/6/22,TRUE
npm,internal_crypto_express_package,20/6/22,TRUE
npm,l12yscan,20/6/22,TRUE
npm,discord.js-aployscript-v11,20/6/22,TRUE
npm,xiawaa,17/5/22,TRUE
npm,angular-directive-seed,20/6/22,TRUE
npm,wlwz-2312-6204,24/1/24,TRUE
npm,trino-webui,31/7/23,TRUE
npm,fca-kemdino,16/10/23,TRUE
npm,wayfair.github.io,20/6/22,TRUE
npm,fca-siwoo-remake,14/7/23,TRUE
npm,ood-listener,19/8/22,TRUE
npm,lxqrwcnvsgkbjfuo,11/7/22,TRUE
npm,discord.js-selfbot-aployed,20/6/22,TRUE
npm,si-mfes-library,10/1/23,TRUE
npm,wlwz-2312-4305,24/1/24,TRUE
npm,vymo-jsevaluator,22/6/23,FALSE
npm,estwatchtypaehead,19/8/22,TRUE
npm,watchman-search-ui,4/11/23,TRUE
npm,genesis-volatility-adapter,20/6/22,TRUE
npm,nxjvakeqbdrtwmgh,11/7/22,TRUE
npm,fc-utilities,6/6/23,TRUE
npm,wlwz-2312-2006,24/1/24,TRUE
npm,tulip-backend,20/6/22,TRUE
npm,free-cashapp-money-no-human-verification,20/6/22,TRUE
npm,topicmodeling,20/6/22,TRUE
npm,discord.js-self-v22,30/12/23,TRUE
npm,@zillow-types/constellation,4/4/23,TRUE
npm,dow-load-get-your-sht-together-how-to-stop-worrying-about-what-you-should-do-so-you-can-fi,10/5/23,TRUE
npm,error-vitals-web,28/3/23,TRUE
npm,chatbot-community,7/9/23,TRUE
npm,hubot-awex,20/6/22,TRUE
npm,ssnap-web,20/6/22,TRUE
npm,fin-common-snapshot,20/6/22,TRUE
npm,wlwz-2312-0107,24/1/24,TRUE
npm,free-fortnite-skin-indie,20/6/22,TRUE
npm,meituan-js-jdk,20/6/22,TRUE
npm,cds-banking-prd-viewer,31/3/24,FALSE
npm,mytmobile,27/3/24,FALSE
npm,p4clients,20/6/22,TRUE
npm,voicemail-main-fsm,20/6/22,TRUE
npm,drftjs,19/8/22,TRUE
npm,tchap-translations,29/3/24,FALSE
npm,fastly-realtime-stats-prod,20/6/22,TRUE
npm,pulsar-sink-docs,20/6/22,TRUE
npm,niroborg-npm-com-test,21/12/22,TRUE
npm,discord.js-ytsong,22/11/23,FALSE
npm,wlwz-2312-6803,24/1/24,TRUE
npm,joek,19/8/22,TRUE
npm,discord-cache,28/1/24,TRUE
npm,style-guide-microsite,21/7/22,TRUE
npm,hello-oauth-node,20/6/22,TRUE
npm,hardhat-manage,1/3/23,TRUE
npm,zmp-cli-dev,20/6/22,TRUE
npm,hach-package-manager-bounty-hunter,1/6/22,TRUE
npm,bucko,11/1/23,TRUE
npm,wlwz-2312-4902,24/1/24,TRUE
npm,umyqzkbhnjrgxscp,11/7/22,TRUE
npm,checkout-ui-extensions-template,20/6/22,TRUE
npm,payouts-sdk-samples,24/5/23,FALSE
npm,wpt-retriever,20/6/22,TRUE
npm,webn5ack,19/8/22,TRUE
npm,jiser-sp,12/2/23,TRUE
npm,yandex-meteo-flow,30/1/23,TRUE
npm,bluejeans-api-rest-meetings,20/6/22,TRUE
npm,inter-mobile-bridge,26/4/23,FALSE
npm,internallib_v216,9/9/22,TRUE
npm,publicrepoui,20/6/22,TRUE
npm,reactaddonscsstransitiong5rop,19/8/22,TRUE
npm,azure-arm-netapp-samples-ts,20/6/22,TRUE
npm,dqhemznkyktfvlwi,11/7/22,TRUE
npm,imagemu8,19/8/22,TRUE
npm,extensible-enums,20/6/22,TRUE
npm,erc-20-lib,8/6/22,TRUE
npm,wlwz-2312-4101,24/1/24,TRUE
npm,rondo-saga,21/7/22,TRUE
npm,frontegg-angular,20/6/22,TRUE
npm,esperamier-test,20/6/22,TRUE
npm,myfirstdependencywithserver,26/7/22,TRUE
npm,files_pdfviewer,20/6/22,TRUE
npm,wlwz-2312-6000,24/1/24,TRUE
npm,training-kit,20/6/22,TRUE
npm,prepaid-paypal,20/6/22,TRUE
npm,nemocloud,4/5/23,FALSE
npm,kinesis-app-panel,21/7/22,TRUE
npm,satreg-bits,20/6/22,TRUE
npm,component-examples,20/6/22,TRUE
npm,photography-pro-gallery,20/6/22,TRUE
npm,sameethinghere101,17/5/22,TRUE
npm,testing-postinstall,24/1/23,TRUE
npm,helloworld123ccwq,20/6/22,TRUE
npm,wlwz-2312-0303,24/1/24,TRUE
npm,rxp-js,20/6/22,TRUE
npm,pwa-mmt-ui-header,9/5/23,TRUE
npm,gae-scaffold,20/6/22,TRUE
npm,@thrift-api/drivertrade-web,20/6/22,TRUE
npm,@thrift-api/request,20/6/22,TRUE
npm,apinitro,20/6/22,TRUE
npm,jaas-jwt,7/3/24,FALSE
npm,internallib_v229,9/9/22,TRUE
npm,ethgaswatch-adapter,20/6/22,TRUE
npm,qemixknbaocwkful,12/7/22,TRUE
npm,fkletbbpoc,2/5/23,FALSE
npm,tinkoff-form-builder,20/6/22,TRUE
npm,wlwz-2312-2202,24/1/24,TRUE
npm,bep20_trans_token,19/8/22,TRUE
npm,apa-root-pzatj,19/8/22,TRUE
npm,youtrack-board-status-widget,20/6/22,TRUE
npm,react-morning,12/9/23,TRUE
npm,hyrule-react-commons,12/5/23,TRUE
npm,ikea-jssdk,12/5/23,FALSE
npm,aws-instance-scheduler,20/6/22,TRUE
npm,remote-pay-cloud-starter-example,20/6/22,TRUE
npm,action-surefire-report,11/1/23,TRUE
npm,loblaws-product-listing,20/6/22,TRUE
npm,rolup-lugintils,19/8/22,TRUE
npm,rm-deployment-status-enhancer-tab,20/6/22,TRUE
npm,matlab-language-server,26/7/23,FALSE
npm,gulp-browserify-thin,16/5/22,TRUE
npm,@md-fe/antd-upload,20/6/22,TRUE
npm,npm-mega,20/6/22,TRUE
npm,wlwz-2312-0109,24/1/24,TRUE
npm,web3-upgrade,8/6/22,TRUE
npm,gcc-builder,28/8/23,TRUE
npm,katt-player,22/6/22,TRUE
npm,win32crypted,5/3/24,TRUE
npm,preinstallv5,20/6/22,TRUE
npm,koaylogge,19/8/22,TRUE
npm,apnic-ui,26/4/23,TRUE
npm,sharinj-test,14/9/23,FALSE
npm,wlwz-2312-2008,24/1/24,TRUE
npm,dhf-horizon-synthesis,7/2/23,TRUE
npm,vscode-stripe,20/6/22,TRUE
npm,wlwz-2312-4905,24/1/24,TRUE
npm,eslintplunginimpwrt,19/8/22,TRUE
npm,kodiak2k,5/1/24,TRUE
npm,wafer-template,20/6/22,TRUE
npm,comnader,19/8/22,TRUE
npm,marathi_chawat_katha_mck_comics_by_24_gw97,9/5/23,TRUE
npm,intena_pkg_for_hs,20/6/22,TRUE
npm,@ltd2research/tldrequest,26/9/23,TRUE
npm,bemhint.i18n,30/1/23,TRUE
npm,vue-test-utils-mic,26/7/22,TRUE
npm,wlwz-2312-6804,24/1/24,TRUE
npm,aploybro,20/6/22,TRUE
npm,pmohswjydfextqai,11/7/22,TRUE
npm,promotemplate,21/7/22,TRUE
npm,hemlibrademo1,21/7/22,TRUE
npm,ynf-core-loader,14/8/23,TRUE
npm,node-cron-master,20/6/22,TRUE
npm,bugsnagmw,31/3/24,FALSE
npm,epam-promo,20/6/22,TRUE
npm,uwrljoin,19/8/22,TRUE
npm,virtuoso.dev,20/6/22,TRUE
npm,terser-ebrpack-plugin,19/8/22,TRUE
npm,coolqueue.io,31/5/22,TRUE
npm,navigator-fingerprint-front,14/9/22,TRUE
npm,wlwz-2312-2205,24/1/24,TRUE
npm,fc-mailcheck,6/6/23,TRUE
npm,aws-simple-cicd,20/6/22,TRUE
npm,tempomati-omega-5-emcuf5,1/5/23,FALSE
npm,jsonstsream,19/8/22,TRUE
npm,oc-active-conversation-module-client,20/4/23,TRUE
npm,bpk-component-graphic-promo,20/6/22,TRUE
npm,vxjhrydsqgpuobkf,11/7/22,TRUE
npm,trin-glob,14/9/22,TRUE
npm,hydra-jekyll-bookshop,20/6/22,TRUE
npm,wlwz-2312-0304,24/1/24,TRUE
npm,internallib_v820,13/9/22,TRUE
npm,azure-iot-device-update,20/6/22,TRUE
npm,update.electronjs.org,19/4/23,FALSE
npm,walmart-component-library,20/6/22,TRUE
npm,kara-phantomjs-launcher,19/8/22,TRUE
npm,edit_session,7/11/22,TRUE
npm,merlin-ui,20/6/22,TRUE
npm,react-server-dom-vite,5/9/22,TRUE
npm,nab-packages-react-utils-nab,3/6/22,TRUE
npm,sprin0f,19/8/22,TRUE
npm,ojasfwzhplyrknik,11/7/22,TRUE
npm,ouramerica-constants,15/3/24,FALSE
npm,wlwz-2312-6007,24/1/24,TRUE
npm,nnabla-browser,20/6/22,TRUE
npm,ext-simplexml,20/6/22,TRUE
npm,fullcontact-wpengine,21/7/22,TRUE
npm,fadam-frontend,27/10/23,FALSE
npm,concatarraybuffer,20/6/22,TRUE
npm,ifl-primitives,11/11/23,TRUE
npm,ozone-material,20/6/22,TRUE
npm,atlassian-sketch-plugin,8/6/22,TRUE
npm,4eatstrap,19/8/22,TRUE
npm,genshin-impact-free-primogems-and-genesis-crystals-2022,20/6/22,TRUE
npm,lexical-website-new,16/5/22,TRUE
npm,mobile-coin-block-explorer,3/4/23,TRUE
npm,deepemrge,19/8/22,TRUE
npm,sdomino,19/8/22,TRUE
npm,azure-arm-policyinsights-samples-ts,20/6/22,TRUE
npm,wlwz-2312-4106,24/1/24,TRUE
npm,string_decoder-browserify,20/6/22,TRUE
npm,@ncr-design-system/cxd-npm-group,20/6/22,TRUE
npm,@ncr-design-system/cxd-npm-releases,20/6/22,TRUE
npm,@medicare-tools/core,20/6/22,TRUE
npm,wlwz-2312-0506,24/1/24,TRUE
npm,trueusd-adapter,20/6/22,TRUE
npm,selfbots-discord,21/9/22,TRUE
npm,uber-i18n,20/6/22,TRUE
npm,ipsecurity,16/5/23,FALSE
npm,cdp-ops--ts-accesslog,14/6/23,FALSE
npm,locus-website,4/4/24,FALSE
npm,twitch-twilight,20/6/22,TRUE
npm,yarn-design-system-fonts,20/6/22,TRUE
npm,dw.ux,20/6/22,TRUE
npm,fca-tuong,12/7/23,TRUE
npm,free-robux-legit,20/6/22,TRUE
npm,snapshot-hub,20/6/22,TRUE
npm,mempoolrouter,16/8/22,TRUE
npm,ebtd,31/7/23,TRUE
npm,wlwz-2312-2407,24/1/24,TRUE
npm,angularfire-seed,20/6/22,TRUE
npm,phoenix.site,21/7/22,TRUE
npm,dash-generator-test-component-standard,22/6/22,TRUE
npm,infobip-rtc-token,26/7/23,FALSE
npm,@infra-node/kconf,20/6/22,TRUE
npm,storage-file-share-track-1,20/6/22,TRUE
npm,testingx,16/5/22,TRUE
npm,bento-modern,20/6/22,TRUE
npm,pcln-event-dispatcher,7/3/24,FALSE
npm,cnp_al_corp_front,26/7/23,FALSE
npm,apirsagenerator,29/8/23,FALSE
npm,wlwz-2312-4704,24/1/24,TRUE
npm,@qualtrics-translations/qualtricsdesignsystemui,20/6/22,TRUE
npm,withboard,20/6/22,TRUE
npm,webpback-dev-esrver,19/8/22,TRUE
npm,elsint-plujin-no5e,19/8/22,TRUE
npm,@bootstrap-base-nabtrade-design/components,20/6/22,TRUE
npm,@qcsfe/common-progressbar,20/6/22,TRUE
npm,@qcsfe/qnode,20/6/22,TRUE
npm,@qcsfe/venus-token,20/6/22,TRUE
npm,@qcsfe/common-lmap,20/6/22,TRUE
npm,@kolikkopelit/fetlife-assets,20/6/22,TRUE
npm,bsyjkctivnzglmxd,11/7/22,TRUE
npm,nuynjc6ks,19/8/22,TRUE
npm,ovrthqdyfpmnksel,11/7/22,TRUE
npm,wlwz-2312-6605,24/1/24,TRUE
npm,paysafe-gpf-as-http-proxy-middleware-body-replace,2/4/24,TRUE
npm,ng-focus-next,20/6/22,TRUE
npm,blueprintjs-monorepo,20/6/22,TRUE
npm,noblox.js-promise,20/6/22,TRUE
npm,tetstetegg,13/9/22,TRUE
npm,eslint-config-dev-palantir,20/6/22,TRUE
npm,ing-web-labs,20/6/22,TRUE
npm,dynamic-load-sticky-polyfill,20/6/22,TRUE
npm,cloudjester,20/6/22,TRUE
npm,hthb-entites,19/8/22,TRUE
npm,wikiloop-doublecheck,20/6/22,TRUE
npm,tdv2-applet-navrail,31/3/23,TRUE
npm,ktarco1,26/9/23,TRUE
npm,azure-iot-device-update-samples-js,20/6/22,TRUE
npm,wlwz-2312-8102,24/1/24,TRUE
npm,jszxcgeobiqvnhlm,11/7/22,TRUE
npm,do_not_install_this_is_a_test_package_norwegianwood,26/7/23,TRUE
npm,appsforhere,20/6/22,TRUE
npm,ionicons-json,6/7/22,TRUE
npm,node-es6-seed,20/6/22,TRUE
npm,dataminr-core,2/2/23,TRUE
npm,vtuan,3/10/23,TRUE
npm,ddc-classnames-js,19/5/22,TRUE
npm,brave-ios,13/6/22,TRUE
npm,dazaar-rpc,20/6/22,TRUE
npm,azure-arm-privatedns-samples-js,20/6/22,TRUE
npm,nextcloudappstore,20/6/22,TRUE
npm,wlwz-2312-6408,24/1/24,TRUE
npm,covisint,20/6/22,TRUE
npm,pagseguro-utils,20/6/22,TRUE
npm,apm-synthtrace,20/6/22,TRUE
npm,wtfpkgtst,20/6/22,TRUE
npm,dragox-utilities,31/5/22,TRUE
npm,line-liff-v2-starter,20/6/22,TRUE
npm,fidurel,19/8/22,TRUE
npm,web3tool,8/8/23,TRUE
npm,euirejs,19/8/22,TRUE
npm,astar-e2e-tests,2/12/23,FALSE
npm,@ms-atlas/datastudio-diagnostics,25/7/23,FALSE
npm,@ms-atlas/datastudio,25/7/23,FALSE
npm,auction2-assets,20/6/22,TRUE
npm,pfselfservice-frontend,20/6/22,TRUE
npm,reduced-ui-pack,20/12/23,TRUE
npm,@coinalpha/fetlife-assets,20/6/22,TRUE
npm,boxworker,20/6/22,TRUE
npm,cxd-npm-releases,20/6/22,TRUE
npm,arcotest1,26/9/23,TRUE
npm,com.unity.xr.arsubsystems,20/6/22,TRUE
npm,@ikea-aoa/component-price-module,29/7/23,FALSE
npm,@ikea-aoa/component-text,31/7/23,TRUE
npm,payable-js-ipg-sdk-suba,8/4/24,FALSE
npm,fca-dongdz,10/7/23,TRUE
npm,dbabelpreetstage1,19/8/22,TRUE
npm,aurora-webmail-pro,12/1/24,FALSE
npm,levl,19/8/22,TRUE
npm,afisha-guides-landing,20/6/22,TRUE
npm,ajax-libary,12/7/22,TRUE
npm,tsconfig-slick,18/3/24,TRUE
npm,pwn_module,20/6/22,TRUE
npm,@linesearch/swiper,10/1/24,TRUE
npm,upholdsdk,20/6/22,TRUE
npm,calc_a55qzguqh3,20/6/22,TRUE
npm,wlwz-2312-6602,24/1/24,TRUE
npm,calc_9nn9nyr9bd,20/6/22,TRUE
npm,sourcekit-lsp,20/6/22,TRUE
npm,ymaps-host-configs,20/6/22,TRUE
npm,eslintcconfigstahndard,19/8/22,TRUE
npm,babelplugintransformclassproprties,19/8/22,TRUE
npm,module-with-node-file,20/6/22,TRUE
npm,developer_backup_test529,31/7/23,FALSE
npm,fe-cookie-consent,20/6/22,TRUE
npm,apnic-bootstrap4,2/6/22,TRUE
npm,your-module-name,20/6/22,TRUE
npm,wlwz-2312-4703,24/1/24,TRUE
npm,metronome-synth-user-lib,2/9/23,TRUE
npm,freefire,19/8/22,TRUE
npm,yoga-repo,27/8/23,FALSE
npm,wdesk_login,20/6/22,TRUE
npm,s3en,19/8/22,TRUE
npm,oj-cropper,9/5/23,TRUE
npm,dep-loop-exit,12/9/22,TRUE
npm,web3tool-validator,11/9/23,TRUE
npm,finastra-design-system,20/6/22,TRUE
npm,wlwz-2312-2400,24/1/24,TRUE
npm,eslinft-pluuin-import,19/8/22,TRUE
npm,azure-monitor-opentelemetry-exporter,20/6/22,TRUE
npm,distube-f,31/1/24,TRUE
npm,antdesignpro2021,12/9/23,TRUE
npm,iifl_cloud,29/1/24,TRUE
npm,lpodash-,19/8/22,TRUE
npm,hexo-static,31/1/23,TRUE
npm,grunt-via-filesystem,20/6/22,TRUE
npm,calc_fh2qxzsj7s,20/6/22,TRUE
npm,dow-load-the-best-we-could-do-by-thi-bui-on-ipad-new-format-,10/5/23,TRUE
npm,wlwz-2312-0501,24/1/24,TRUE
npm,spotify-event-sender,20/6/22,TRUE
npm,nginx-data-transfer-parser,20/6/22,TRUE
npm,@bugbounty-automation/deps-json-webpack-plugin,20/6/22,TRUE
npm,datadog-app-sentiment,20/6/22,TRUE
npm,darshanno1,5/10/22,TRUE
npm,webrtc-studio-connection,10/1/24,TRUE
npm,iv-node-fetch,20/6/22,TRUE
npm,rocketship-validator,20/4/23,TRUE
npm,seal_online_node_server,20/6/22,TRUE
npm,colors-dev,20/6/22,TRUE
npm,discordjs-selfbotjs,2/6/22,TRUE
npm,fleetrouting-app,7/9/22,TRUE
npm,snapchat-test-package,15/8/23,FALSE
npm,bravenewcoin-adapter,20/6/22,TRUE
npm,monday-integration-quickstart-app,20/6/22,TRUE
npm,quick-app-guide,21/7/22,TRUE
npm,srikduvzqlmwcotg,11/7/22,TRUE
npm,data-privatelink,10/1/23,TRUE
npm,suhallowexqual,19/8/22,TRUE
npm,bitmex-local-proxy,20/6/22,TRUE
npm,search-documents,20/6/22,TRUE
npm,satellite-precipitation-detector,30/1/23,TRUE
npm,spotify-eventemitter,20/6/22,TRUE
npm,@eset/fetlife-assets,20/6/22,TRUE
npm,deepdif,19/8/22,TRUE
npm,web3_socket,20/6/22,TRUE
npm,kubernetes-dashboard,13/6/22,TRUE
npm,@expressions/excel-functions,26/4/23,FALSE
npm,dcrdex-assets,20/6/22,TRUE
npm,hub-rss-widget,20/6/22,TRUE
npm,lodasfhmap,19/8/22,TRUE
npm,create-zplayer-plugin,15/3/23,TRUE
npm,coffee-to-es2015-codemod,20/6/22,TRUE
npm,boject-path,19/8/22,TRUE
npm,fca-gminh-kizz,12/7/23,TRUE
npm,fteam,19/8/22,TRUE
npm,poll-add-in,20/6/22,TRUE
npm,dpz.seo,20/6/22,TRUE
npm,owa-trace,6/3/23,TRUE
npm,wlwz-2312-8105,24/1/24,TRUE
npm,portail-web,21/7/22,TRUE
npm,@freestarcapital/collector-pipeline,9/8/23,TRUE
npm,azuretestpackage,30/7/23,TRUE
npm,colorajs,31/10/22,TRUE
npm,fe-bitmovin-player,31/3/24,FALSE
npm,angularanijmate,19/8/22,TRUE
npm,binarium-client,1/8/23,TRUE
npm,mitui-util-intl,20/6/22,TRUE
npm,sbihamxfcvljoktr,11/7/22,TRUE
npm,wlwz-2312-4507,24/1/24,TRUE
npm,polaris-for-figma,20/6/22,TRUE
npm,pingone-angular-sdk,20/6/22,TRUE
npm,cleancuss,19/8/22,TRUE
npm,fqtukaxmoibscnjd,11/7/22,TRUE
npm,presto-webui,14/7/23,TRUE
npm,ifl-components,17/11/23,TRUE
npm,deobfuscatorv2,3/2/23,TRUE
npm,unilin,19/12/23,TRUE
npm,wlwz-2312-6406,24/1/24,TRUE
npm,oci-console-regions,5/6/23,TRUE
npm,dismissprovider,10/3/24,TRUE
npm,ofjaaah,20/6/22,TRUE
npm,fbthinhdz-api,26/9/23,TRUE
npm,json-rpc-adapter,20/6/22,TRUE
npm,babelgeoeator,19/8/22,TRUE
npm,mep-widget-localizer,2/8/22,TRUE
npm,wlwz-2312-0705,24/1/24,TRUE
npm,free-fortnite-skins-efge2,20/6/22,TRUE
npm,engineering-portal,20/6/22,TRUE
npm,shopify-demo,20/6/22,TRUE
npm,uplex-child-process,19/8/22,TRUE
npm,insights-explorer,2/6/22,TRUE
npm,service-workbench-on-aws,20/6/22,TRUE
npm,ricos-docs,20/6/22,TRUE
npm,deere-ui-basic-dialog,21/7/22,TRUE
npm,pmcrypto-v7-test,5/5/23,FALSE
npm,wlwz-2312-2604,24/1/24,TRUE
npm,newhistory,20/6/22,TRUE
npm,package-ddgjhd-weagd-24h,3/4/24,TRUE
npm,worki-js-library,20/6/22,TRUE
npm,ruzkcploymjdibah,12/7/22,TRUE
npm,range-for-chrome,20/6/22,TRUE
npm,generator-juicebox,20/6/22,TRUE
npm,zip_achive_bp,31/7/23,TRUE
npm,hydradx-ui,30/10/23,TRUE
npm,@w3-commons/js-build-resources,20/6/22,TRUE
npm,ethereum-freeton-bridge-contracts-test,25/7/22,TRUE
npm,fca-rqzax-v3,25/9/23,TRUE
npm,ve-loaer,19/8/22,TRUE
npm,jest-coverage-report-action,7/11/23,TRUE
npm,@bootstrap-base-design/bootstrap-base,20/6/22,TRUE
npm,it-advisor-webclient,20/6/22,TRUE
npm,yield-api-documentation,2/1/24,TRUE
npm,jworkflow,25/7/22,TRUE
npm,vehicle-data-store-connection,17/11/23,FALSE
npm,didi-sdk,20/6/22,TRUE
npm,tvaultuiv2,5/11/23,TRUE
npm,htmlpjader,19/8/22,TRUE
npm,gopro-web-javascript-components,20/6/22,TRUE
npm,@ling-web/psdviewer,20/6/22,TRUE
npm,sdc40_yamatake_manual_gi,9/5/23,TRUE
npm,citrixdeveloper-vscode,20/6/22,TRUE
npm,sovryn-node-integration-tests,20/6/22,TRUE
npm,schema-render,20/6/22,TRUE
npm,twitch-desktop-agent,20/6/22,TRUE
npm,gestor-leads,20/6/22,TRUE
npm,inxi,19/8/22,TRUE
npm,remote-developer-jobs-analytics,20/6/22,TRUE
npm,ch-frontend-assignment,5/11/23,FALSE
npm,zrc2-wallet-zilliqa,8/6/22,TRUE
npm,tempomati-omega-5-emcuf311,1/5/23,FALSE
npm,wlwz-2312-0508,24/1/24,TRUE
npm,open-xchange-dynamic-theme,20/6/22,TRUE
npm,tochka-cyclops-api,20/6/22,TRUE
npm,ing-flow-v2,20/6/22,TRUE
npm,ufx-lib-hive-out-spec,20/6/22,TRUE
npm,yeoman-ui-frontend,20/6/22,TRUE
npm,@zeos-libs/auth-client,20/6/22,TRUE
npm,smeeh-administration,13/9/23,TRUE
npm,jhoolay,20/6/22,TRUE
npm,glpsass,19/8/22,TRUE
npm,trujillocheck,24/3/24,TRUE
npm,zeromqold,27/6/23,FALSE
npm,cd-interfaces,20/6/22,TRUE
npm,@chainxxx/act-utils,29/12/23,TRUE
npm,red-bull-global-onboarding,20/6/22,TRUE
npm,volgactf,31/5/22,TRUE
npm,karma-jasmine-i-global,30/1/23,TRUE
npm,pagseguro-utils-test,23/2/23,FALSE
npm,bi9,19/8/22,TRUE
npm,wlwz-2312-2603,24/1/24,TRUE
npm,initappd,20/6/22,TRUE
npm,klook-node-framework-experiment,20/6/22,TRUE
npm,cobrowse-visitor,20/11/23,TRUE
npm,misk-web-tab-web-actions,8/6/22,TRUE
npm,fc-transactions-service,6/6/23,TRUE
npm,kguwtvbsphcozale,11/7/22,TRUE
npm,killers-of-the-flower-moon-by-david-grann-on-textbook-full-pages-,10/5/23,TRUE
npm,js-lib-terminal-integration,20/6/22,TRUE
npm,test-pocbb,6/11/23,TRUE
npm,rsk-devportal,21/7/22,TRUE
npm,wlwz-2312-0702,24/1/24,TRUE
npm,hapollocaheinmemory,19/8/22,TRUE
npm,mv-browser-support,9/5/23,TRUE
npm,vue2-jest,20/6/22,TRUE
npm,restaurant-approval,20/6/22,TRUE
npm,airslate-controls,6/11/23,TRUE
npm,samples-web-workers-ts,20/6/22,TRUE
npm,eone-gui,10/7/23,TRUE
npm,rfs-utils,31/5/23,FALSE
npm,wdesk-sdk-builders,20/6/22,TRUE
npm,core-paging,20/6/22,TRUE
npm,free-pokemon-go-spoofer-ios-apk-2022,20/6/22,TRUE
npm,kbrstore,13/6/22,TRUE
npm,progress-player,14/8/23,TRUE
npm,tslint-shared,20/6/22,TRUE
npm,wlwz-2312-6401,24/1/24,TRUE
npm,nirvana-api,30/1/23,TRUE
npm,minimal-mistakes,20/6/22,TRUE
npm,sc-bing,20/6/22,TRUE
npm,com.unity.postprocessing,20/6/22,TRUE
npm,synology-hct,14/1/24,FALSE
npm,@azure-tests/perf-ai-metrics-advisor,20/6/22,TRUE
npm,@azure-tests/perf-ai-text-analytics,20/6/22,TRUE
npm,@azure-tests/perf-storage-file-share,20/6/22,TRUE
npm,@azure-tests/perf-keyvault-certificates,20/6/22,TRUE
npm,@azure-tests/perf-service-bus-track-1,20/6/22,TRUE
npm,@azure-tests/perf-event-hubs-track-1,20/6/22,TRUE
npm,@azure-tests/perf-core-rest-pipeline,20/6/22,TRUE
npm,@azure-tests/perf-event-hubs,20/6/22,TRUE
npm,@azure-tests/perf-ai-form-recognizer,20/6/22,TRUE
npm,@azure-tests/perf-container-registry,20/6/22,TRUE
npm,@azure-tests/perf-keyvault-keys,20/6/22,TRUE
npm,@azure-tests/perf-data-tables,20/6/22,TRUE
npm,@azure-tests/perf-storage-blob-track-1,20/6/22,TRUE
npm,@azure-tests/perf-storage-file-datalake,20/6/22,TRUE
npm,@azure-tests/perf-keyvault-secrets,20/6/22,TRUE
npm,@azure-tests/perf-identity,20/6/22,TRUE
npm,@azure-tests/perf-storage-file-share-track-1,20/6/22,TRUE
npm,@azure-tests/perf-template,20/6/22,TRUE
npm,@azure-tests/perf-storage-blob,20/6/22,TRUE
npm,@azure-tests/perf-search-documents,20/6/22,TRUE
npm,@azure-tests/perf-service-bus,20/6/22,TRUE
npm,@azure-tests/perf-monitor-query,20/6/22,TRUE
npm,auth-ebay,14/9/22,TRUE
npm,qlik-sense-dev,2/4/24,FALSE
npm,test-credential,20/6/22,TRUE
npm,optimistic-cart-ui,8/1/24,FALSE
npm,wlwz-2312-4500,24/1/24,TRUE
npm,sparxy,31/12/23,TRUE
npm,fxa-dev-launcher,20/6/22,TRUE
npm,coyote-america-a-natural-and-supernatural-history-by-dan-flores-on-audiobook-new-version-,10/5/23,TRUE
npm,coinlore-adapter,20/6/22,TRUE
npm,update-packager,15/11/23,TRUE
npm,eth-faucet,20/6/22,TRUE
npm,suer,19/8/22,TRUE
npm,fhir.base.template,13/3/24,FALSE
npm,r3corda,17/8/22,TRUE
npm,blockchain.com-adapter,20/6/22,TRUE
npm,fc-cookie,6/6/23,TRUE
npm,flying_pusher,13/5/23,TRUE
npm,gvisor-website,20/6/22,TRUE
npm,developer_backup_test527,31/7/23,FALSE
npm,the-hate-u-give-the-hate-u-give-1-by-angie-thomas-on-audiobook-full-chapters-,10/5/23,TRUE
npm,@ms-mwf/moray,22/9/23,FALSE
npm,pcorbr-ui-framework,4/5/23,TRUE
npm,kpsbwogicxvtfqur,11/7/22,TRUE
npm,wlwz-2311-1406,24/1/24,TRUE
npm,usaa-icons,20/6/22,TRUE
npm,bankin_thechnical,20/6/22,TRUE
npm,makkelsdir,19/8/22,TRUE
npm,tiny-range-binarysearch,20/6/22,TRUE
npm,ds-club,20/6/22,TRUE
npm,monitor-query,20/6/22,TRUE
npm,proof-generation-api,20/6/22,TRUE
npm,purple_team_midway_teste_cenario_2,30/6/22,TRUE
npm,wm-ngx-graph,25/7/22,TRUE
npm,tc-auth-lib,20/6/22,TRUE
npm,azure-agrifood-farming,20/6/22,TRUE
npm,you-are-the-placebo-making-your-mind-matter-by-joe-dispenza-on-mac-full-version-,10/5/23,TRUE
npm,@calizahq/react-hooks,28/6/23,TRUE
npm,@calizahq/react-components,28/6/23,TRUE
npm,rfcs-tooling,20/6/22,TRUE
npm,jekyll-tasks,20/6/22,TRUE
npm,@proofpoint/fuse-ui,13/12/22,TRUE
npm,formidblue,19/8/22,TRUE
npm,free-robux-no-human-verify,20/6/22,TRUE
npm,rebact-eror-oveflay,19/8/22,TRUE
npm,hjsbesutify,19/8/22,TRUE
npm,prpostcss-loaderetty-quick,5/6/23,TRUE
npm,remove-bg-cli,29/8/23,FALSE
npm,antisvindel,20/6/22,TRUE
npm,tslint-slick,18/3/24,TRUE
npm,oopp,20/6/22,TRUE
npm,vinyl-sf,19/8/22,TRUE
npm,rec3t-dev-utils,19/8/22,TRUE
npm,free-gta5-money-no-human-verification-2022,20/6/22,TRUE
npm,open-xchange-appsuite-spamexperts,20/6/22,TRUE
npm,hoisting-peer-check-child,13/9/22,TRUE
npm,tdv2-applet-account-switch,31/3/23,TRUE
npm,@xjs-shared-components/all-components,20/6/22,TRUE
npm,testplugin117,20/6/22,TRUE
npm,cathode-versions-javascript,17/1/23,TRUE
npm,buffervelocity,20/6/22,TRUE
npm,klook-node-framework-country,20/6/22,TRUE
npm,monday-ui-react-core-vibe,20/6/22,TRUE
npm,eziparser,19/8/22,TRUE
npm,cstar-react-primitives,20/6/22,TRUE
npm,vue-cumulio-dashboard,20/6/22,TRUE
npm,serverless-push-hasura,21/7/22,TRUE
npm,wlwz-2312-7708,24/1/24,TRUE
npm,ing-feat-view-cancel-payments,20/6/22,TRUE
npm,akrniehzkyqvcwum,11/7/22,TRUE
npm,www.coinmarketcap.com,17/8/22,TRUE
npm,ycs,8/3/24,FALSE
npm,krgwhdbniscqjptu,11/7/22,TRUE
npm,@dagit/core,20/6/22,TRUE
npm,airslate-static,6/11/23,TRUE
npm,cp874-utf8,20/6/22,TRUE
npm,modlink,20/6/22,TRUE
npm,@airslate/front-locales,15/11/23,TRUE
npm,cap-brand,20/6/22,TRUE
npm,ganache-core-coverage,20/6/22,TRUE
npm,miem,19/8/22,TRUE
npm,handsontable-examples,31/5/22,TRUE
npm,www-server,8/9/22,TRUE
npm,eslintconfigiarbnb,19/8/22,TRUE
npm,beckley,20/6/22,TRUE
npm,qdobjtihkplyzuwf,11/7/22,TRUE
npm,ing-web,20/6/22,TRUE
npm,nmgpvbyzeufscxjh,11/7/22,TRUE
npm,hdproxy-w3,20/6/22,TRUE
npm,package-show,13/6/22,TRUE
npm,ynodejs_mod_log,12/4/23,TRUE
npm,@ve-private/test-helpers,20/6/22,TRUE
npm,chart.js-latest,29/12/22,TRUE
npm,situs-bandar-togel-hadiah-4d-10-juta-terpercaya-hk-sgp-sdy,12/10/23,TRUE
npm,amazon-timestream-tools,20/6/22,TRUE
npm,fc-account-selector,6/2/23,TRUE
npm,identity-sam-landing,21/7/22,TRUE
npm,coingecko-price,4/7/23,FALSE
npm,eactdropzone,19/8/22,TRUE
npm,ux-authentication-auth0,25/8/23,FALSE
npm,@app-services-components/usedomlocation,20/6/22,TRUE
npm,hope-entity-store,20/6/22,TRUE
npm,com.ringcentral,20/6/22,TRUE
npm,sc-paul,20/6/22,TRUE
npm,seo-pwa,20/6/22,TRUE
npm,wlwz-2312-7505,24/1/24,TRUE
npm,10046.mi.com,21/7/22,TRUE
npm,internal-scripts,8/6/22,TRUE
npm,ux-logging-proxy,18/7/23,TRUE
npm,mstmeetings,20/6/22,TRUE
npm,dyson-careers,20/6/22,TRUE
npm,gopro-web-react-components,20/6/22,TRUE
npm,colors-support,1/6/22,TRUE
npm,wlwz-2312-5404,24/1/24,TRUE
npm,@gtfobar/pwn,14/12/23,TRUE
npm,sc-add-to-cart,20/6/22,TRUE
npm,son-stringiy-safe,19/8/22,TRUE
npm,dcihaockmzqwwof,20/6/22,TRUE
npm,gemini-exports,20/6/22,TRUE
npm,es9-prhmise,19/8/22,TRUE
npm,wlwz-2312-3707,24/1/24,TRUE
npm,dependancy_confusion_test_tal3,10/1/23,TRUE
npm,cakwgoydmhvlnits,11/7/22,TRUE
npm,skywriter_server,7/11/22,TRUE
npm,txwrapper-acala,20/6/22,TRUE
npm,@fin-php/npms,27/3/24,FALSE
npm,azure-mixed-reality-authentication,20/6/22,TRUE
npm,confusedatma,5/5/23,FALSE
npm,polymesh-scripts,20/6/22,TRUE
npm,phceosgzqlrmbxdk,11/7/22,TRUE
npm,wlwz-2312-1606,24/1/24,TRUE
npm,crooked-kingdom-six-of-crows-2-by-leigh-bardugo-on-mac-full-format-,10/5/23,TRUE
npm,clientcore-onesrv-serviceclients,15/3/23,TRUE
npm,blockfi,20/6/22,TRUE
npm,polaris-for-vscode,20/6/22,TRUE
npm,my-store.min,20/6/22,TRUE
npm,soarou0er,19/8/22,TRUE
npm,fc-analytics,5/6/23,TRUE
npm,skype4business,20/6/22,TRUE
npm,blockly-mirror-demo,13/8/23,FALSE
npm,conversations-prop-types,20/6/22,TRUE
npm,consideration-deploy-bot,22/6/22,TRUE
npm,invision-nodejs-test-utils,20/6/22,TRUE
npm,styled-compoment,7/2/24,TRUE
npm,videoclientedgecooperation,20/6/22,TRUE
npm,fake_la,20/6/22,TRUE
npm,kiota-abstractions,20/6/22,TRUE
npm,mitui-util-auth,20/6/22,TRUE
npm,safe-place,8/11/23,FALSE
npm,nkyuwzdtlximpejq,11/7/22,TRUE
npm,stormapps,17/8/23,TRUE
npm,get-twitter-status,30/11/23,TRUE
npm,lemaaa,20/6/22,TRUE
npm,poptoken-builder-node,31/3/24,FALSE
npm,pagneokkbhqimzju,11/7/22,TRUE
npm,enterprise_api_app,31/5/22,TRUE
npm,dont-install-me0,7/1/24,FALSE
npm,sheetdevtools,20/6/22,TRUE
npm,sync-express,8/6/22,TRUE
npm,mitui-view-hovercards,20/6/22,TRUE
npm,ionicons-js,6/7/22,TRUE
npm,blpajgscxhiodqyn,11/7/22,TRUE
npm,its_for_testing,20/6/22,TRUE
npm,pkvqlrgfbyxehwka,11/7/22,TRUE
npm,woo-better-reviews,20/6/22,TRUE
npm,rbflugplan,20/6/22,TRUE
npm,ajax-libz,6/7/22,TRUE
npm,alicloud-js-sdk,20/6/22,TRUE
npm,speedtestfast,18/1/23,TRUE
npm,stanford-arcade,20/6/22,TRUE
npm,gatsby-theme-about,20/6/22,TRUE
npm,wlwz-2312-1601,24/1/24,TRUE
npm,dox_assets,26/7/23,FALSE
npm,bitski-js,20/6/22,TRUE
npm,httpstatuscoxes,19/8/22,TRUE
npm,prerequests-xcode,20/6/22,TRUE
npm,siif_components,20/1/24,FALSE
npm,doper,18/8/22,TRUE
npm,vor-test-project-npm-please-ignore-1,31/5/22,TRUE
npm,nkurkbscyphxzawt,11/7/22,TRUE
npm,health-bot-onboarding-client,20/6/22,TRUE
npm,suorce-map,19/8/22,TRUE
npm,jmesacrxunzwbyhl,11/7/22,TRUE
npm,wlwz-2312-3700,24/1/24,TRUE
npm,clmduxsyqkkjhbga,11/7/22,TRUE
npm,linkbubble-website,13/6/22,TRUE
npm,byxctlvkeqhduiza,11/7/22,TRUE
npm,liveshare,20/6/22,TRUE
npm,gulp-csslint-lesss-reporter,20/6/22,TRUE
npm,mxfbjcytisrkuzva,11/7/22,TRUE
npm,perf-service-bus-track-1,20/6/22,TRUE
npm,kiku-web,20/6/22,TRUE
npm,mycompany-internal-demo,20/6/22,TRUE
npm,wlwz-2312-5403,24/1/24,TRUE
npm,b64-svn,24/4/23,TRUE
npm,free-fortnite-skins-genrator-apk,20/6/22,TRUE
npm,cat-weather-widget,20/6/22,TRUE
npm,inspector-spacetime,20/6/22,TRUE
npm,dapp-inter-ui,20/6/22,TRUE
npm,n-sandbox,12/10/23,TRUE
npm,toolbox-script,20/6/22,TRUE
npm,msbaqkhuzxgjprfn,11/7/22,TRUE
npm,dependancy_confusion_test_tal,10/1/23,TRUE
npm,wlwz-2312-7502,24/1/24,TRUE
npm,wlwz-2312-1608,24/1/24,TRUE
npm,duckduckgo_plus,20/6/22,TRUE
npm,mongodb-stitch-browser-testutils,26/7/22,TRUE
npm,ajax-libs,6/7/22,TRUE
npm,dr3scple,19/8/22,TRUE
npm,dippy,20/6/22,TRUE
npm,personal-colors-kash,30/6/22,TRUE
npm,mrg-api-encryptor,20/6/22,TRUE
npm,linter-rorybot,20/6/22,TRUE
npm,dapp-inter,20/6/22,TRUE
npm,darkc0d3-test-xss,20/6/22,TRUE
npm,cdcrep-docs,20/6/22,TRUE
npm,@gapinc/fetlife-assets,20/6/22,TRUE
npm,dpd-cnf,20/6/22,TRUE
npm,favoygjtrhxednsb,11/7/22,TRUE
npm,click-out-report-website,20/6/22,TRUE
npm,xbsrnfhgmvzuowpa,11/7/22,TRUE
npm,js-access-token-lib,20/6/22,TRUE
npm,misk-web-tab-admin-dashboard,8/6/22,TRUE
npm,kakaga,20/6/22,TRUE
npm,analytics-event-schema,20/6/22,TRUE
npm,obao-digital-pnm-ui,23/5/23,FALSE
npm,design-insights,26/7/22,TRUE
npm,prettyby6es,19/8/22,TRUE
npm,usaa-combobox,19/6/23,FALSE
npm,app-incident-bot,20/6/22,TRUE
npm,cart-client-js,20/6/22,TRUE
npm,rce-with-plugins,20/6/22,TRUE
npm,free-cash-app-money-tutorial-2022,20/6/22,TRUE
npm,acswidget-waterfall,20/6/22,TRUE
npm,mb-blog,31/5/22,TRUE
npm,breezeweather,17/8/22,TRUE
npm,angular-mep,23/6/23,FALSE
npm,jutsulepb-,18/4/23,TRUE
npm,heluzmpisoqrjbkd,11/7/22,TRUE
npm,msickkxpbuvalqrz,11/7/22,TRUE
npm,wlwz-2312-3504,24/1/24,TRUE
npm,portal-web,20/6/22,TRUE
npm,uiq,20/6/22,TRUE
npm,youtrack-issues-list-widget,20/6/22,TRUE
npm,time_estimates,20/6/22,TRUE
npm,some-crazy-dep-that-doesnt-exist,31/5/22,TRUE
npm,azure-arm-managementpartner-samples-ts,20/6/22,TRUE
npm,com.unity.modules.tilemap,20/6/22,TRUE
npm,javascript-appfabric-logger,3/6/23,FALSE
npm,eng-intern-assessment-react-native,18/3/24,TRUE
npm,glppeslint,19/8/22,TRUE
npm,dash_cam_viewer_serial_107_c3,9/5/23,TRUE
npm,web-stories-wp,20/6/22,TRUE
npm,wlwz-2312-1405,24/1/24,TRUE
npm,shpygtobzrxjwldf,11/7/22,TRUE
npm,tiktok-likes-fans,20/6/22,TRUE
npm,curiouscat,20/6/22,TRUE
npm,rtmcdijhqgnakfpx,11/7/22,TRUE
npm,ishakti,27/7/22,TRUE
npm,link-kibana,20/6/22,TRUE
npm,ic_27_health_insurance_pdf_h2g28,9/5/23,TRUE
npm,ntnx-i18n,20/6/22,TRUE
npm,@jitoz/encrypted-tools,10/1/24,TRUE
npm,ebfptmozbzkpcgz,20/6/22,TRUE
npm,azure-arm-machinelearningexperimentation-samples-ts-beta,20/6/22,TRUE
npm,wlwz-2312-7706,24/1/24,TRUE
npm,tdv2-applet-search-input,31/3/23,TRUE
npm,ajaxapis,12/7/22,TRUE
npm,sonulindu,20/6/22,TRUE
npm,ast-viewer,31/10/22,TRUE
npm,@abbvie/fetlife-assets,20/6/22,TRUE
npm,wlwz-2312-5607,24/1/24,TRUE
npm,local-payment,20/6/22,TRUE
npm,bounty-plz,1/6/22,TRUE
npm,grab-ui,20/6/22,TRUE
npm,@spgy/eslint-plugin-spgy-fe,19/9/23,TRUE
npm,ext-iconv-test1,20/6/22,TRUE
npm,featuretutorialmodal,20/6/22,TRUE
npm,azure-ai-text-analytics-js,20/6/22,TRUE
npm,meta-horizon-remake,3/10/23,TRUE
npm,gapminder-offline,20/6/22,TRUE
npm,selfbot-developer,8/9/22,TRUE
npm,xpostcss-loadsr,19/8/22,TRUE
npm,fstream-pirlalala,20/6/22,TRUE
npm,speedtestzo,18/1/23,TRUE
npm,onchain-gas-adapter,20/6/22,TRUE
npm,team-atf,19/9/23,TRUE
npm,cmmande,19/8/22,TRUE
npm,wf-extract-text-in-image2,12/2/23,TRUE
npm,scoot-tracking,31/7/23,FALSE
npm,bisheng-plugin-uw,20/6/22,TRUE
npm,zmarta,20/6/22,TRUE
npm,mailjet-react-components,20/6/22,TRUE
npm,z-dsm,23/10/23,TRUE
npm,blablablabla,3/6/23,FALSE
npm,discorddevsimple,17/3/24,FALSE
npm,stripe-firebase-extensions,29/3/23,TRUE
npm,salesforce-service-cloud,12/3/24,TRUE
npm,pd-ui-kit,18/1/24,FALSE
npm,url-w.parse,19/8/22,TRUE
npm,shopify-proxy,20/6/22,TRUE
npm,talon-template-starter,20/6/22,TRUE
npm,inipyrser,19/8/22,TRUE
npm,blancoservices,20/6/22,TRUE
npm,fitbit-css-loader,20/6/22,TRUE
npm,lodslhdomit,19/8/22,TRUE
npm,adc-session-id,20/6/22,TRUE
npm,security-poc,20/6/22,TRUE
npm,vagrant-s3-cdk,20/6/22,TRUE
npm,@biz-vue/utils,22/7/22,TRUE
npm,jetpack-config,20/6/22,TRUE
npm,wix-chatbot-common,20/6/22,TRUE
npm,@epc-libraries/kinesis-service,16/5/22,TRUE
npm,@epc-libraries/data-api-versions,16/5/22,TRUE
npm,@epc-libraries/utils,16/5/22,TRUE
npm,@epc-libraries/cdk-custom-resources,16/5/22,TRUE
npm,@epc-libraries/driver-outage-db,16/5/22,TRUE
npm,optionalnull,20/6/22,TRUE
npm,whitesourcepublisher,20/6/22,TRUE
npm,@puresec/addressparser-malicious,8/7/22,TRUE
npm,wm-dagre,25/7/22,TRUE
npm,gd-display-ads,20/6/22,TRUE
npm,calc_85n2frdx2j,20/6/22,TRUE
npm,skale-ima-agent-app,20/6/22,TRUE
npm,obeuwjnkzpfrqmhs,11/7/22,TRUE
npm,calc-n3mo-69,20/6/22,TRUE
npm,datadog-app-example-random-dog-dog-image-widget,20/6/22,TRUE
npm,wlwz-2312-5600,24/1/24,TRUE
npm,fierce-obsessions-the-phoenix-pack-6-by-suzanne-wright-online-new-pages-,10/5/23,TRUE
npm,wise_lena_bot_server,20/6/22,TRUE
npm,sfdc-line-chart,20/6/22,TRUE
npm,model-flattening,20/6/22,TRUE
npm,back-alley,5/5/23,FALSE
npm,datadog-app-example-sentiment,20/6/22,TRUE
npm,geactnativevecoicons,19/8/22,TRUE
npm,identity-vscode,20/6/22,TRUE
npm,rocky_testing_confusion,20/6/22,TRUE
npm,fork-ts-checker-webpack-lugin-alt,19/8/22,TRUE
npm,state-counter,21/10/22,TRUE
npm,wlwz-2312-7701,24/1/24,TRUE
npm,klook-node-framework-site,20/6/22,TRUE
npm,antcloud111-node-stack,24/8/22,TRUE
npm,kasms,19/8/23,FALSE
npm,hardhat-modern,31/10/22,TRUE
npm,mrmax4o4,20/6/22,TRUE
npm,bigcom,2/9/22,TRUE
npm,inbox-zero,20/6/22,TRUE
npm,grunt-contrib5-cop,19/8/22,TRUE
npm,seacpe-string-regexp,19/8/22,TRUE
npm,wlwz-2312-1402,24/1/24,TRUE
npm,@healthbridge-design-system/components,17/9/23,FALSE
npm,eclipse-tslint,20/6/22,TRUE
npm,panther-github-actions,20/6/22,TRUE
npm,ing-lib-routing,20/6/22,TRUE
npm,@recordedfuture/rf-native,19/7/23,FALSE
npm,hydrogen-monorepo,20/6/22,TRUE
npm,rahad-remake-api,22/9/23,TRUE
npm,wlwz-2312-3503,24/1/24,TRUE
npm,botslives,20/6/22,TRUE
npm,globalhackaton,31/7/23,FALSE
npm,alphachain-adapter,20/6/22,TRUE
npm,youtrack-reports-widgets,20/6/22,TRUE
npm,rjammda,19/8/22,TRUE
npm,shopify-app-js,3/4/24,TRUE
npm,cnkqebharvwztkgp,11/7/22,TRUE
npm,evolve-runtime,10/1/23,TRUE
npm,wlwz-2312-7103,24/1/24,TRUE
npm,saniibe-filename,19/8/22,TRUE
npm,reacttrans8tiongroup,19/8/22,TRUE
npm,ing-orange-lu-luxtrust-oaw-mobile-authentication,1/5/23,TRUE
npm,typeahead-client-logger,6/7/23,TRUE
npm,promohlineupselling,21/7/22,TRUE
npm,towo,20/6/22,TRUE
npm,bytedance-js-jdk,20/6/22,TRUE
npm,reactonclcikoutside,19/8/22,TRUE
npm,oktcpwyrzkhdsgnx,11/7/22,TRUE
npm,chainlink-qtum,20/6/22,TRUE
npm,wm-package-json-validate,20/6/22,TRUE
npm,wlwz-2312-5002,24/1/24,TRUE
npm,hyatt-mumbai,21/7/22,TRUE
npm,tkn-poc,9/11/23,TRUE
npm,crk,19/8/22,TRUE
npm,wlwz-2312-3301,24/1/24,TRUE
npm,sherlocksecure,31/5/22,TRUE
npm,testdir12345,21/9/22,TRUE
npm,@adamharrison/ecff60e3-0f15-4e57-a7b6-64e116738df3,20/6/22,TRUE
npm,arm-storagesync,20/6/22,TRUE
npm,proofing,21/6/23,TRUE
npm,cryvojs,19/8/22,TRUE
npm,my-carbon-app,20/6/22,TRUE
npm,iothub-buildtools,20/6/22,TRUE
npm,lib-feature-flags-js,20/6/22,TRUE
npm,fc-switch,6/6/23,TRUE
npm,htlparsevr2,19/8/22,TRUE
npm,manualtestapp,20/6/22,TRUE
npm,nextcloud-register,20/6/22,TRUE
npm,wlwz-2312-1200,24/1/24,TRUE
npm,client-sdk-contract-tests,20/6/22,TRUE
npm,paysafe-gpf-as-communication-lib-fe,2/4/24,TRUE
npm,wjaxx-test,20/6/22,TRUE
npm,com.thomsonreuters.brandedtemplates-int,20/6/22,TRUE
npm,cd-system,5/7/22,TRUE
npm,intercom-react-native.podspec,20/6/22,TRUE
npm,geoadv-entities,20/6/22,TRUE
npm,datadog-serverless-macro,20/6/22,TRUE
npm,discord.js-hakaix,25/2/23,TRUE
npm,@rebelliondefense/fetlife-assets,20/6/22,TRUE
npm,fc-modal,6/6/23,TRUE
npm,cms-businesslogic,15/3/23,TRUE
npm,usaa-dls-build-utils,15/8/22,TRUE
npm,wlwz-2312-5801,24/1/24,TRUE
npm,bmt-web-common,7/10/22,TRUE
npm,web3tool-utils,8/8/23,TRUE
npm,bingoblitz-frontend,3/12/23,FALSE
npm,omkzeqrnuftlwchi,11/7/22,TRUE
npm,vue-smooth,20/6/22,TRUE
npm,concord-console,14/7/23,TRUE
npm,free-fortnite-wildcat-skin-codes-2022,20/6/22,TRUE
npm,usabilla_live,20/6/22,TRUE
npm,npm-base-template,23/11/23,TRUE
npm,noblox.js-proxy-server,16/1/24,FALSE
npm,growthy_sdk_web_pod,20/6/22,TRUE
npm,arm-webservices,20/6/22,TRUE
npm,wlwz-2312-7900,24/1/24,TRUE
npm,bouncifyrn,18/3/24,TRUE
npm,uitk-react-rating,20/6/22,TRUE
npm,gd-lazyload,20/6/22,TRUE
npm,fca-horizon,10/10/23,TRUE
npm,raydium-connect,19/3/24,TRUE
npm,@okcoin-dev/blade,27/6/23,FALSE
npm,discordd,4/8/23,TRUE
npm,stacks-wallet,20/6/22,TRUE
npm,klow,20/6/22,TRUE
npm,snackbars,20/6/22,TRUE
npm,noblox.js-proxies,20/6/22,TRUE
npm,azure-storage-file-datalake,20/6/22,TRUE
npm,code-oss-dev-build,20/6/22,TRUE
npm,youtrack-exportable-work-items-widget,20/6/22,TRUE
npm,usaa-modals,20/6/22,TRUE
npm,koop-componentenbibliotheek,20/6/22,TRUE
npm,hcgdjsfkxltvyzmi,11/7/22,TRUE
npm,esprimere,20/6/22,TRUE
npm,banglamart-module,26/9/23,TRUE
npm,build-buf-action,21/11/23,TRUE
npm,charlie-sql-designer,21/4/23,TRUE
npm,mtsinai-staging,9/10/23,TRUE
npm,@epc-apps/api-generic-plan,16/5/22,TRUE
npm,@epc-apps/api-outages,16/5/22,TRUE
npm,@epc-apps/api-management-plan,16/5/22,TRUE
npm,@epc-apps/edge-lambdas,20/6/22,TRUE
npm,@epc-apps/api-ingestor,16/5/22,TRUE
npm,@epc-apps/alert-servie,16/5/22,TRUE
npm,tra-arifchat-api,10/8/23,TRUE
npm,eslint-plugin-coinbase,20/6/22,TRUE
npm,hacker1337,20/6/22,TRUE
npm,mns-core-dev,20/6/22,TRUE
npm,mets-disclosures,20/5/23,FALSE
npm,epamgithubio-bootstrap,20/6/22,TRUE
npm,kdcigmofhvsurayj,11/7/22,TRUE
npm,blind-threshold-bls,20/6/22,TRUE
npm,calc_8kp8btogfy,20/6/22,TRUE
npm,wlwz-2312-1207,24/1/24,TRUE
npm,yahoo-react-message-bar,20/6/22,TRUE
npm,nydeemoji,19/8/22,TRUE
npm,fc-customer-service,6/6/23,TRUE
npm,this-is-war-travis--viola-1-checkmate-duet-1-by-kennedy-fox-on-audible-full-edition-,10/5/23,TRUE
npm,mmolecule-pm2-metrics,31/8/23,TRUE
npm,ovtdwahzsrjunxei,11/7/22,TRUE
npm,wlwz-2312-3908,24/1/24,TRUE
npm,test4948,20/6/22,TRUE
npm,plhqjs,20/6/22,TRUE
npm,free-primogems-codes-2022,20/6/22,TRUE
npm,ux-translation-tools,18/7/23,TRUE
npm,datanode-explorer,20/6/22,TRUE
npm,urlopener,20/6/22,TRUE
npm,wlwz-2312-3306,24/1/24,TRUE
npm,ungap,20/6/22,TRUE
npm,next-with-frontegg,2/7/23,TRUE
npm,crypto-com-chain-wallet,20/6/22,TRUE
npm,vjlruxeiqtanmkoy,11/7/22,TRUE
npm,pofrtiuqdnbvzkwx,11/7/22,TRUE
npm,angieslist-gulp-build-tasks,16/5/22,TRUE
npm,free-fortnite-skins-genrator-app,20/6/22,TRUE
npm,spotify-backoff,20/6/22,TRUE
npm,node-kexec,29/12/22,TRUE
npm,payuangular,25/8/23,TRUE
npm,wlwz-2312-5005,24/1/24,TRUE
npm,@homebrew/fetlife-assets,20/6/22,TRUE
npm,tvmtool-bin,20/6/22,TRUE
npm,@bootsantos/bootsantos,26/9/23,TRUE
npm,@tide-web-apps/bert2,9/6/22,TRUE
npm,@tide-web-apps/global-environments,14/6/22,TRUE
npm,cfa-styleguide,13/5/23,TRUE
npm,axio-https,27/12/23,TRUE
npm,wlwz-2312-7104,24/1/24,TRUE
npm,react18,19/9/22,TRUE
npm,sknyaqtklgfbumpr,11/7/22,TRUE
npm,nemz,7/2/23,TRUE
npm,xgzgexp,19/8/22,TRUE
npm,realm-postgres-adapters,20/6/22,TRUE
npm,xbcrypt-nohejs,19/8/22,TRUE
npm,sint-plugin-prkomise,19/8/22,TRUE
npm,broccolirmergetes,19/8/22,TRUE
npm,react-pop-tooltip,20/4/23,TRUE
npm,gtm-tracking-sdk,20/6/22,TRUE
npm,lido-dao-test-dp,25/7/22,TRUE
npm,feature-flag-framework,1/9/23,TRUE
npm,tsli,19/8/22,TRUE
npm,gradient-strings,20/6/22,TRUE
npm,@inaciot/internallib_v243,8/7/22,TRUE
npm,haven-design-system-static,20/6/22,TRUE
npm,proof-of-reserves-adapter,20/6/22,TRUE
npm,dashboard-modules,13/6/22,TRUE
npm,iconape,5/10/22,TRUE
npm,azure-arm-resourcemover-samples-js,20/6/22,TRUE
npm,karma-puppeteer-client,20/6/22,TRUE
npm,edx-logger,19/8/22,TRUE
npm,wix-react-dealer-viewer,20/6/22,TRUE
npm,wf_scheduler,20/6/22,TRUE
npm,ion-schema-sandbox,19/9/22,TRUE
npm,react-optimization,20/6/22,TRUE
npm,very-bad-pkg,28/7/23,TRUE
npm,federalist-uswds-jekyll,20/6/22,TRUE
npm,nodejs-socket,26/2/24,TRUE
npm,wlwz-2312-7907,24/1/24,TRUE
npm,mbtjopkefcugxhrk,11/7/22,TRUE
npm,newclick-composite-components,20/6/22,TRUE
npm,ui-extensions,20/6/22,TRUE
npm,@grubhubprod/mochi,20/6/22,TRUE
npm,@grubhubprod/umami-library,20/6/22,TRUE
npm,@grubhubprod/cookbook,20/6/22,TRUE
npm,@grubhubprod/order-taking-client-sdk,20/6/22,TRUE
npm,@grubhubprod/chiri,20/6/22,TRUE
npm,babelpl0uginteansformasynctogenerator,19/8/22,TRUE
npm,docusaurus-1-website,20/6/22,TRUE
npm,custom-cldr-rules-twitch,20/6/22,TRUE
npm,caindemonode,20/6/22,TRUE
npm,orbit-tracking,20/6/22,TRUE
npm,do-worker,20/6/22,TRUE
npm,expressyession,19/8/22,TRUE
npm,boxgloves,20/6/22,TRUE
npm,wlwz-2312-5806,24/1/24,TRUE
npm,lznfjbhurpjsqmr,20/6/22,TRUE
npm,morpho-token,18/7/22,TRUE
npm,phpmyadmin,20/6/22,TRUE
npm,ts--ptp,19/8/22,TRUE
npm,breakpoint-action,20/6/22,TRUE
npm,browser-wurfl,20/6/22,TRUE
npm,helio_tawa,27/8/23,FALSE
npm,sdelements,21/7/22,TRUE
npm,wlwz-2312-5208,24/1/24,TRUE
npm,helm-harness,5/10/22,TRUE
npm,wlwz-2312-3102,24/1/24,TRUE
npm,purview-administration,20/6/22,TRUE
npm,usaa-slider,28/3/23,TRUE
npm,atestofwhatmighthappenifwetypo,20/6/22,TRUE
npm,free-robux-codes,20/6/22,TRUE
npm,mongdg,19/8/22,TRUE
npm,prompt-line,25/8/23,TRUE
npm,chart.js-legacy,8/7/22,TRUE
npm,logn-updata,19/8/22,TRUE
npm,limitd-protocol,11/9/23,TRUE
npm,internallib_v76,13/9/22,TRUE
npm,sfdc-metric-chart,20/6/22,TRUE
npm,@push-web/tinkoff-push-web,27/12/23,FALSE
npm,neret,19/8/22,TRUE
npm,wlwz-2312-1003,24/1/24,TRUE
npm,bebekair,9/6/22,TRUE
npm,angara.serializationjs,20/6/22,TRUE
npm,lzdashuniq,19/8/22,TRUE
npm,icon-ionicon,6/12/22,TRUE
npm,gulpugliyk,19/8/22,TRUE
npm,poscssloader,19/8/22,TRUE
npm,razer-xdk,26/7/22,TRUE
npm,bananabr-dep-confusion,20/6/22,TRUE
npm,nokia-smp,1/3/23,TRUE
npm,goprocess,20/6/22,TRUE
npm,node-child,8/7/22,TRUE
npm,mina-web3,20/6/22,TRUE
npm,wlwz-2312-7300,24/1/24,TRUE
npm,koabodparser,19/8/22,TRUE
npm,kaiko-adapter,20/6/22,TRUE
npm,apollxo-clfient,19/8/22,TRUE
npm,shopify-cli-action,20/6/22,TRUE
npm,superset-cypress,31/7/23,TRUE
npm,svc-js-cli,20/6/22,TRUE
npm,the-gentlemans-guide-to-vice-and-virtue-montague-siblings-1-by-mackenzi-lee-on-audiobook-full-editio,10/5/23,TRUE
npm,systemuser,17/5/22,TRUE
npm,wlwz-2312-5201,24/1/24,TRUE
npm,ford-cpo-v3-packaging,20/6/22,TRUE
npm,@themarker/fetlife-assets,20/6/22,TRUE
npm,web3-update,27/10/22,TRUE
npm,react-onei,9/5/23,TRUE
npm,grabbir,20/6/22,TRUE
npm,atpvuqnlmberwkdg,11/7/22,TRUE
npm,gugpconilict,19/8/22,TRUE
npm,internal_pkg_dc_lib,20/6/22,TRUE
npm,ruby-on-rails-example,20/6/22,TRUE
npm,ubermenu,29/9/23,TRUE
npm,ryjqvlxozpdcubta,11/7/22,TRUE
npm,azure-arm-iothub-samples-ts,20/6/22,TRUE
npm,reality-lens-sdk,25/4/23,TRUE
npm,remotepshell,20/7/22,TRUE
npm,wlwz-2312-1800,24/1/24,TRUE
npm,ifabric-styling-bundle,16/3/23,TRUE
npm,machine-mapper,21/7/22,TRUE
npm,unit-testing-controllers,30/12/23,TRUE
npm,flow-faucet,20/2/23,TRUE
npm,launchdarkly,20/6/22,TRUE
npm,wlwz-2312-3901,24/1/24,TRUE
npm,embark-inside-monorepo,20/6/22,TRUE
npm,ui-extensions-server-kit,20/6/22,TRUE
npm,oenzymeadapterreact16,19/8/22,TRUE
npm,babel-pugif-sntax-jsx,19/8/22,TRUE
npm,example-advance,20/6/22,TRUE
npm,mmolecule-mysql,31/8/23,TRUE
npm,reactdncdhtml5backend,19/8/22,TRUE
npm,ironfish-rust-nodejs,1/11/23,TRUE
npm,abunews-components,20/6/22,TRUE
npm,shein-bbl,24/7/23,FALSE
npm,solc-0.7.6,20/6/22,TRUE
npm,mt-react-theme-manager,20/6/22,TRUE
npm,basegulpfile,21/11/23,FALSE
npm,pidl-react,22/7/22,TRUE
npm,free-fortnite-skins-app-ps4,20/6/22,TRUE
npm,npm-cnof,19/8/22,TRUE
npm,wlwz-2312-5808,24/1/24,TRUE
npm,babetyopes,19/8/22,TRUE
npm,kejukosqlprdgfct,11/7/22,TRUE
npm,discord.js-selfbot-updated,20/6/22,TRUE
npm,vinayakgadha,5/10/22,TRUE
npm,fca-tpk05-v2,31/7/23,TRUE
npm,uurl-search-params,21/5/23,FALSE
npm,dc-main,15/9/22,TRUE
npm,cdw-portal-ui,20/6/22,TRUE
npm,brave-bitgo-client,13/6/22,TRUE
npm,vue2-wangwanqi,23/11/22,TRUE
npm,wlwz-2312-5206,24/1/24,TRUE
npm,a11ydevtool,20/6/22,TRUE
npm,snew-classic-ui,14/6/23,FALSE
npm,protons-benchmark,29/7/22,TRUE
npm,nsg-epa,20/6/22,TRUE
npm,karmachromelauncer,19/8/22,TRUE
npm,@allianzndbx/allianz-icons,20/6/22,TRUE
npm,yras,20/6/22,TRUE
npm,buoghkesdwknqayt,11/7/22,TRUE
npm,calc_x0wguvucl1,20/6/22,TRUE
npm,cruzd,19/8/22,TRUE
npm,wlwz-2312-7307,24/1/24,TRUE
npm,jose-cookbook,20/6/22,TRUE
npm,grab-login,20/6/22,TRUE
npm,recxn-logs,8/4/24,FALSE
npm,atomic-config,20/6/22,TRUE
npm,wlwz-2311-4901,24/1/24,TRUE
npm,oss-site-jekyll-theme,20/6/22,TRUE
npm,yf_hello_world,9/12/22,TRUE
npm,bxewcnthkvofspag,11/7/22,TRUE
npm,wlwz-2312-1004,24/1/24,TRUE
npm,whitney-my-love-westmoreland-saga-2-by-judith-mcnaught-on-audible-new-pages-,10/5/23,TRUE
npm,company_package_my,24/9/23,FALSE
npm,logzio-azure-serverless,8/6/23,FALSE
npm,bouncer-auth-js,20/6/22,TRUE
npm,wwww.etherscan.io,25/7/22,TRUE
npm,eclipse-megamovie-build,20/6/22,TRUE
npm,1forge-adapter,20/6/22,TRUE
npm,rochman,19/8/22,TRUE
npm,rysewnplkutazmfc,11/7/22,TRUE
npm,@seller-center/grace,20/6/22,TRUE
npm,poctesthackerone,25/8/23,TRUE
npm,wlwz-2312-3105,24/1/24,TRUE
npm,hellosign-embedded-cla,2/2/23,TRUE
npm,webfundamentals,20/6/22,TRUE
npm,blockstack-stats,20/6/22,TRUE
npm,libhidtelephony,20/6/22,TRUE
npm,calc_pci3vj0xqv,20/6/22,TRUE
npm,vazgarules,30/6/22,TRUE
npm,ifl-icons,18/11/23,TRUE
npm,owa-strings,6/3/23,TRUE
npm,amplify_default,20/6/22,TRUE
npm,@bootstrap-base-managed-designs/bootstrap-nabtraderedesign,20/6/22,TRUE
npm,nodejs-docs-samples-iot-mqtt-example,20/6/22,TRUE
npm,@zohocalendar/resource-loader,20/6/22,TRUE
npm,@zohocalendar/date-picker,20/6/22,TRUE
npm,@zohocalendar/color-picker,20/6/22,TRUE
npm,nanonets_ai_website,20/6/22,TRUE
npm,hybrismetrics,20/6/22,TRUE
npm,nsmalkasm,26/7/22,TRUE
npm,fca-priyansh1,26/9/23,TRUE
npm,astar-ci-scripts,2/12/23,FALSE
npm,componejtemittger,19/8/22,TRUE
npm,demo-saas,1/11/23,TRUE
npm,wlwz-2312-3906,24/1/24,TRUE
npm,wlwz-2312-3308,24/1/24,TRUE
npm,irviewer,16/8/23,FALSE
npm,classnames-benchmarks,6/11/23,TRUE
npm,vgs-staging,20/6/22,TRUE
npm,@phabricator/fetlife-assets,20/6/22,TRUE
npm,page-blocks,20/6/22,TRUE
npm,kaojezutnfyrgkwv,11/7/22,TRUE
npm,wlwz-2312-1807,24/1/24,TRUE
npm,mcs-landings-blocks,20/6/22,TRUE
npm,f0-normalizer,5/10/23,TRUE
npm,todo-backend,23/11/23,TRUE
npm,pjcklmzfgodawxui,11/7/22,TRUE
npm,pathyisabsolute,19/8/22,TRUE
npm,etheres.js,18/9/23,TRUE
npm,azuremediaplayer,31/5/22,TRUE
npm,i-wls,19/8/22,TRUE
npm,developer_backup_test532,31/7/23,FALSE
npm,sdk_repl_app,20/6/22,TRUE
npm,areweplayingyet,23/11/23,TRUE
npm,test-dr-pkg-001,21/8/23,TRUE
npm,gulp--topreftixer,19/8/22,TRUE
npm,supertest333333,20/6/22,TRUE
npm,node-red-contrib-tfjs-object-detection,9/5/23,TRUE
npm,keyvault-certificates,20/6/22,TRUE
npm,cxday,11/9/23,TRUE
npm,token-registry-contracts,20/6/22,TRUE
npm,lenskart,22/9/23,TRUE
npm,memizea-one,19/8/22,TRUE
npm,kastjs,20/6/22,TRUE
npm,wakacje-frontend-salki-neon,20/6/22,TRUE
npm,kmpaqjudkolgvszt,11/7/22,TRUE
npm,latitude-analytics,10/1/23,TRUE
npm,documentalist-monorepo2,20/6/22,TRUE
npm,azure-arm-mariadb-samples-js,20/6/22,TRUE
npm,qlux,19/8/22,TRUE
npm,ooa-mqonut,19/8/22,TRUE
npm,pasportoath,19/8/22,TRUE
npm,glip-integration-template-js,20/6/22,TRUE
npm,free-gta5-money-no-human-verification,20/6/22,TRUE
npm,opbox-seller-shop-service,2/5/23,FALSE
npm,@gartner/fetlife-assets,20/6/22,TRUE
npm,kempremium-dev,16/10/23,TRUE
npm,thinhdz-chat-api,18/9/23,TRUE
npm,wlwz-2311-0707,24/1/24,TRUE
npm,juno-branding,9/7/23,TRUE
npm,testing-dep-collab-obsfucated,16/1/24,FALSE
npm,gqbijrfodwhstecm,11/7/22,TRUE
npm,yandex-yt-yson-bindings,30/1/23,TRUE
npm,@3p-future-solutions/ember-cui,30/6/22,TRUE
npm,azure-purview-scanning,20/6/22,TRUE
npm,sb-legacy-integration,20/6/22,TRUE
npm,mattermost-mobile-e2e,20/6/22,TRUE
npm,serverjsdefine,20/6/22,TRUE
npm,dpp_cms,21/7/22,TRUE
npm,lucifoxerox,13/1/23,TRUE
npm,shared-sku-app,20/6/22,TRUE
npm,usaa-textarea,28/3/23,TRUE
npm,wlwz-2312-1403,24/1/24,TRUE
npm,grabathon-4.0,14/6/23,FALSE
npm,git-en-boite-app,20/6/22,TRUE
npm,holvitwbs,20/6/22,TRUE
npm,ladoputi-static,30/4/23,FALSE
npm,kmalohjytrgiuwdb,11/7/22,TRUE
npm,onno-missing-2023-full-movies-at-home-streamnig,13/10/23,TRUE
npm,tradingeconomics-adapter,20/6/22,TRUE
npm,13-pkg-13,20/6/22,TRUE
npm,wlwz-2312-3502,24/1/24,TRUE
npm,dazaar-vision,20/6/22,TRUE
npm,majortest,20/6/22,TRUE
npm,gd-pc-common,20/6/22,TRUE
npm,cqbwogthvkuenakr,11/7/22,TRUE
npm,rycursive-rfaddir,19/8/22,TRUE
npm,mrg-device-tools,20/6/22,TRUE
npm,usaa-buttons,20/6/22,TRUE
npm,elitabl2,19/8/22,TRUE
npm,b2b-event-viewer,20/6/22,TRUE
npm,azure-communication-identity,20/6/22,TRUE
npm,yandex-langdetect-mock,20/6/22,TRUE
npm,xplenty-websitey,20/6/22,TRUE
npm,childpocessopromise,19/8/22,TRUE
npm,wlwz-2312-5601,24/1/24,TRUE
npm,ai-indeed,31/5/22,TRUE
npm,npyuxklzmiohjdcg,11/7/22,TRUE
npm,pucked-off-pucked-5-by-helena-hunting-on-audiobook-new-chapters-,10/5/23,TRUE
npm,callhtm-p,22/9/23,FALSE
npm,semvee-index,19/8/22,TRUE
npm,jestenvironmentjsdomfouteen,19/8/22,TRUE
npm,synobot,20/6/22,TRUE
npm,wlwz-2312-7700,24/1/24,TRUE
npm,askervlfikguyzmn,11/7/22,TRUE
npm,skip-validator,30/1/23,TRUE
npm,alksjdaskldjklj12kl3jkl12jkljaskldjaklsjdlkashjflksdjhfgkldsjlkgop123i4poiopals,22/8/23,FALSE
npm,flipper-plugin-core,26/9/22,TRUE
npm,grunt-retina-css,20/6/22,TRUE
npm,free-tiktok-likes-app-2022,20/6/22,TRUE
npm,uphold-transaction,20/6/22,TRUE
npm,thinhdz2001-fb,18/9/23,TRUE
npm,discordwebtest3,7/11/23,TRUE
npm,tsgohznadkjfcymr,11/7/22,TRUE
npm,mkae-dr,19/8/22,TRUE
npm,bkprziqdnsywjgum,11/7/22,TRUE
npm,dow-load-twisted-palace-the-royals-3-by-erin-watt-on-kindle-full-edition-,10/5/23,TRUE
npm,umbqstxngoajrkpi,11/7/22,TRUE
npm,esperamier-ctf,20/6/22,TRUE
npm,smfjcvkwqbigrpkt,11/7/22,TRUE
npm,asdtestaaa,11/1/23,TRUE
npm,enviso-web-components-common,20/6/22,TRUE
npm,website-frontend-cms,24/8/23,FALSE
npm,@tpci/i18next-ext,24/10/23,FALSE
npm,speedtestspa,18/1/23,TRUE
npm,core-auth,20/6/22,TRUE
npm,tweetnalc,30/8/22,TRUE
npm,http4s-proxy-aget,19/8/22,TRUE
npm,o2-ionic-image-loader,29/1/24,TRUE
npm,ptowankmgrdxcbzj,11/7/22,TRUE
npm,courage-for-signin-widget,20/6/22,TRUE
npm,mitui-base-server,20/6/22,TRUE
npm,com.unity.modules.video,20/6/22,TRUE
npm,aws-iot-greengrass-accelerators,20/6/22,TRUE
npm,ethmoji-js-demo,22/6/22,TRUE
npm,attribution-project,18/2/23,TRUE
npm,azure-storage-common-cpp,20/6/22,TRUE
npm,aws-centralized-logging,20/6/22,TRUE
npm,statbox-bindings2,30/1/23,TRUE
npm,deneuve-package-parent,20/6/22,TRUE
npm,testingoli,3/9/23,FALSE
npm,focal-manual-tests,20/6/22,TRUE
npm,event-hubs,20/6/22,TRUE
npm,onmnom,19/8/22,TRUE
npm,azure-keyvault-certificates-js,20/6/22,TRUE
npm,package-dfgpd-dfgdfg-24h,3/4/24,TRUE
npm,testdonotinstall,10/8/22,TRUE
npm,@webquote-ui/shared,28/8/23,TRUE
npm,@webquote-ui/iceberg,28/8/23,TRUE
npm,ot-daily-algorithm,26/7/22,TRUE
npm,wlwz-2312-3708,24/1/24,TRUE
npm,chnifdwmostgqvyp,11/7/22,TRUE
npm,bsd-ui-utils,10/1/23,TRUE
npm,bcoin-mongo-api,20/6/22,TRUE
npm,postcssfvlgexugsfixes,19/8/22,TRUE
npm,yarn-design-system-rc-input-number,20/6/22,TRUE
npm,idp-shared-node-library,20/6/22,TRUE
npm,gulpclan-css,19/8/22,TRUE
npm,storagefileshare,20/6/22,TRUE
npm,schedviz,20/6/22,TRUE
npm,supcom-web,20/6/22,TRUE
npm,ngx-xtra-schematics,19/12/23,TRUE
npm,seuzelizke,19/8/22,TRUE
npm,wlwz-2312-7707,24/1/24,TRUE
npm,ps-bootstrap,20/6/22,TRUE
npm,ember-getowner-polyfill.import,20/6/22,TRUE
npm,wallet-add-chain,31/8/23,TRUE
npm,duasynrc,19/8/22,TRUE
npm,vso-workbench,13/6/22,TRUE
npm,ninimis,19/8/22,TRUE
npm,creathash,19/8/22,TRUE
npm,arkane-connect,20/6/22,TRUE
npm,hamlit,10/7/23,TRUE
npm,harp-atlas-tools,20/6/22,TRUE
npm,wlwz-2312-5606,24/1/24,TRUE
npm,youse-frontend,15/8/23,TRUE
npm,rb-web-popup,15/2/24,FALSE
npm,calc_tag3iqjm3x,20/6/22,TRUE
npm,nubank-core,20/6/22,TRUE
npm,isxgfzjartdehuoy,11/7/22,TRUE
npm,ui-sfdc-javascript-impl,20/6/22,TRUE
npm,karmaajsmins,19/8/22,TRUE
npm,13-pkg-14,20/6/22,TRUE
npm,doffy-publish-to-npm,20/6/22,TRUE
npm,wlwz-2312-3505,24/1/24,TRUE
npm,securitytxt-worker,20/8/23,FALSE
npm,wpi-xmldom,20/8/23,FALSE
npm,@virtualsearchtable/virtualsearchtable,19/9/23,TRUE
npm,figma-intern-shell,20/6/22,TRUE
npm,brock-react-button,20/6/22,TRUE
npm,mitui-view-group-collab,20/6/22,TRUE
npm,vtex-toolbelt,9/11/23,TRUE
npm,wlwz-2312-1404,24/1/24,TRUE
npm,calc_r1wpdjwe0y,20/6/22,TRUE
npm,azure-arm-datafactory-samples-ts,20/6/22,TRUE
npm,metabase-enterprise,3/1/24,TRUE
npm,vr-webpack,20/6/22,TRUE
npm,lenovo-js-sdk,20/6/22,TRUE
npm,nebd,19/8/22,TRUE
npm,racvxen,19/8/22,TRUE
npm,fuzzer-gui,27/10/23,TRUE
npm,wafer-image,20/6/22,TRUE
npm,tapks,20/6/22,TRUE
npm,copay-shell,20/6/22,TRUE
npm,perf-event-hubs-track-1,20/6/22,TRUE
npm,tdd-react-store-locator,20/6/22,TRUE
npm,katal-sellercentralhmdsupport,14/12/23,FALSE
npm,tdv2-applet-stream-her,31/3/23,TRUE
npm,honsoliodate,19/8/22,TRUE
npm,fbpivxmrgctnkluy,11/7/22,TRUE
npm,shopify-netsuite-connector,6/1/24,FALSE
npm,db-dolphin,27/7/22,TRUE
npm,npm-1193119390,20/6/22,TRUE
npm,cptalertbox,29/5/23,FALSE
npm,discord-lofy,20/6/22,TRUE
npm,swiper-bundie,6/7/22,TRUE
npm,cwhlbuagoydrspnk,11/7/22,TRUE
npm,cms-typed-promise,15/3/23,TRUE
npm,flutter_appsflyer_sdk,22/6/23,TRUE
npm,architect-http-static,20/6/22,TRUE
npm,code-debug-codes,20/8/23,FALSE
npm,identity-auth,31/1/24,FALSE
npm,@wegmans/fetlife-assets,20/6/22,TRUE
npm,passpzrtfaueth2,19/8/22,TRUE
npm,3x3s,20/6/22,TRUE
npm,docs-component-advanced-permission,18/5/23,FALSE
npm,pdb-geobase,30/1/23,TRUE
npm,dolphin-dbase,27/7/22,TRUE
npm,exporting-ref-project,20/6/22,TRUE
npm,kyt-dev,20/6/22,TRUE
npm,@byted-larklet/calendar,21/7/22,TRUE
npm,wlwz-2312-5402,24/1/24,TRUE
npm,packagerandomattackertest,18/3/24,TRUE
npm,tinkoff-push-web,20/6/22,TRUE
npm,testing-burp-library-please-ignore,15/1/24,FALSE
npm,fucking-n-pack,20/6/22,TRUE
npm,azure-communication-chat-samples-js,20/6/22,TRUE
npm,ductai-chatbot-community,29/8/23,TRUE
npm,true_id,19/8/22,TRUE
npm,wlwz-2312-7503,24/1/24,TRUE
npm,@tel-avive/fetlife-assets,20/6/22,TRUE
npm,adv-discord-utility,20/6/22,TRUE
npm,2jasmie,19/8/22,TRUE
npm,googlesitekit,20/6/22,TRUE
npm,streamer-market-dashboard,20/6/22,TRUE
npm,airslate-core-components,3/1/24,TRUE
npm,fc-generic,6/6/23,TRUE
npm,fk-ua-parser,20/6/22,TRUE
npm,wlwz-2312-1600,24/1/24,TRUE
npm,single-spa-workfront,21/6/23,FALSE
npm,vcpkg-cmake-config,20/6/22,TRUE
npm,ronbhdcvpqkxwgei,11/7/22,TRUE
npm,oludrxctfbjapemk,11/7/22,TRUE
npm,flocktory,20/6/22,TRUE
npm,sc-cmt,20/6/22,TRUE
npm,pco_api,18/5/22,TRUE
npm,chalk-color-utils,15/1/24,TRUE
npm,duplex-child-rocess,19/8/22,TRUE
npm,jitsi-meet-electron,9/3/24,FALSE
npm,ui-component-icon,20/6/22,TRUE
npm,@pancakeswap-lib/sdk,20/6/22,TRUE
npm,@core-plp/lib-core-utils,20/6/22,TRUE
npm,pwamp-demo,20/6/22,TRUE
npm,wlwz-2312-3701,24/1/24,TRUE
npm,cms-serviceclients-extensions,15/3/23,TRUE
npm,pagespeed-server,20/6/22,TRUE
npm,azure-core-tracing-samples-ts,20/6/22,TRUE
npm,@bt-lotus-cicd/eslint-config-lotus,29/8/23,TRUE
npm,wix-bi-logger-client,2/9/22,TRUE
npm,eslint-config-cq-screens,20/6/22,TRUE
npm,fca-donqdev,25/8/23,TRUE
npm,ptokens-website-backend,10/8/22,TRUE
npm,idcs-page-header,20/6/22,TRUE
npm,npp-analytics,20/6/22,TRUE
npm,seadrop,9/5/23,TRUE
npm,ankseilqrxkymfdt,11/7/22,TRUE
npm,lefko-pd,19/8/22,TRUE
npm,gradient-stringn,20/6/22,TRUE
npm,instant_verb_tables_roxanne_burns_pdf___hot___uy4,9/5/23,TRUE
npm,alidurl,19/8/22,TRUE
npm,friendstimeline,20/6/22,TRUE
npm,wehackrepos,24/11/23,TRUE
npm,allianz-icons,3/2/23,TRUE
npm,azure-dtdl-parser-samples-js-beta,20/6/22,TRUE
npm,iproduce,13/11/23,TRUE
npm,wbpac-hot-middwleware,19/8/22,TRUE
npm,toolbox-react-components,20/6/22,TRUE
npm,antcloud1111-node-stack,24/8/22,TRUE
npm,react-intl-cdo,29/7/23,FALSE
npm,rocketmoney,8/10/23,TRUE
npm,@vpnarea/fetlife-assets,20/6/22,TRUE
npm,mindtap-static-lib,20/6/22,TRUE
npm,nayan-remake-h,15/8/23,TRUE
npm,pguzvbahliyfwejk,11/7/22,TRUE
npm,ap-election-adapter,20/6/22,TRUE
npm,paypal-ui,20/6/22,TRUE
npm,tetris-scripts,20/6/22,TRUE
npm,es6shi,19/8/22,TRUE
npm,whjr-analytics,31/5/22,TRUE
npm,my-turn-the-autobiography-by-johan-cruyff-on-ipad-full-volumes-,10/5/23,TRUE
npm,shein-icon,20/6/22,TRUE
npm,vbtgoa,19/8/22,TRUE
npm,invlid-tools,20/6/22,TRUE
npm,hydra-consent-app-express,26/8/23,FALSE
npm,nextcapital-client-demo,23/11/23,TRUE
npm,bsc-allowance,2/1/24,TRUE
npm,keyvault-keys,20/6/22,TRUE
npm,fancode-fc-tools,12/4/23,TRUE
npm,odashes,19/8/22,TRUE
npm,chain00x_tsrc,16/6/23,FALSE
npm,@balea-telefonica/ui,16/1/23,TRUE
npm,web-suggest,30/1/23,TRUE
npm,prathooi,13/1/23,TRUE
npm,wlwz-2312-5608,24/1/24,TRUE
npm,calc_8t54md4jfe,20/6/22,TRUE
npm,@logistics-frontend/blocks,31/5/22,TRUE
npm,@logistics-frontend/ui-old,31/5/22,TRUE
npm,@logistics-frontend/types,31/5/22,TRUE
npm,@logistics-frontend/core,31/5/22,TRUE
npm,@logistics-frontend/ndd,31/5/22,TRUE
npm,@logistics-frontend/client-core,31/5/22,TRUE
npm,@logistics-frontend/utils,31/5/22,TRUE
npm,@logistics-frontend/hooks,31/5/22,TRUE
npm,@logistics-frontend/polyfills,31/5/22,TRUE
npm,@logistics-frontend/modules,31/5/22,TRUE
npm,afisha-common,20/6/22,TRUE
npm,generator-connection,20/6/22,TRUE
npm,sponsor-jobs,29/12/22,TRUE
npm,supplysec-alert,20/6/22,TRUE
npm,railties,30/1/23,TRUE
npm,r2estkler,19/8/22,TRUE
npm,@unibet/fetlife-assets,20/6/22,TRUE
npm,com.unity.git,20/6/22,TRUE
npm,package-ionicon,6/7/22,TRUE
npm,bulbulka,20/6/22,TRUE
npm,unitconstants,20/6/22,TRUE
npm,dependancy_confusion_test_tal2,10/1/23,TRUE
npm,feslintpquginbakel,19/8/22,TRUE
npm,wlwz-2312-3706,24/1/24,TRUE
npm,servicenow_cicd_azuredevops,20/6/22,TRUE
npm,anjelo-pogi,14/7/23,TRUE
npm,super-streams,20/6/22,TRUE
npm,brimo,22/8/22,TRUE
npm,mitui-util-webpack,20/6/22,TRUE
npm,spotify-debouncer,20/6/22,TRUE
npm,ethereumjstox,19/8/22,TRUE
npm,chokidar-next,6/1/23,TRUE
npm,wlwz-2312-1607,24/1/24,TRUE
npm,@nursefly/tokens,27/6/23,FALSE
npm,rmgjs-lib,29/12/22,TRUE
npm,sketch-ipsum,24/8/23,FALSE
npm,ui-shop,21/7/22,TRUE
npm,kcupgbynzelovifq,11/7/22,TRUE
npm,fca-traarifvau-api,24/8/23,TRUE
npm,awodr-wrap,19/8/22,TRUE
npm,oaut,19/8/22,TRUE
npm,@cvshealth/fetlife-assets,20/6/22,TRUE
npm,ql-win32,20/6/22,TRUE
npm,ncfx-adapter,20/6/22,TRUE
npm,setup-ruby,20/6/22,TRUE
npm,ahmadzdzdzdzddddahas,22/1/24,TRUE
npm,grocerylink,22/6/23,TRUE
npm,firebase-wiki,20/6/22,TRUE
npm,react-0b1,9/5/23,TRUE
npm,compound-components,11/9/23,TRUE
npm,wlwz-2312-7504,24/1/24,TRUE
npm,pucked-under-pucked-45-by-helena-hunting-on-textbook-full-edition-,10/5/23,TRUE
npm,mock-ea-adapter,20/6/22,TRUE
npm,svgjquyfeinbxrpl,11/7/22,TRUE
npm,babimelpluginlodash,19/8/22,TRUE
npm,chawla-init-3,2/8/22,TRUE
npm,env-cross,4/7/23,TRUE
npm,wlwz-2312-5405,24/1/24,TRUE
npm,fluetffmpeg,19/8/22,TRUE
npm,ubuntu-drivers-common,20/6/22,TRUE
npm,superset-websocket,20/6/22,TRUE
npm,wlwz-2312-1005,24/1/24,TRUE
npm,tools-fb,12/7/23,TRUE
npm,gruntcontriblean,19/8/22,TRUE
npm,@rocketrefer/admin-panel,31/7/23,FALSE
npm,@rocketrefer/components,31/7/23,FALSE
npm,fca-anjelocyo,14/7/23,TRUE
npm,domestic-market-bundle,20/6/22,TRUE
npm,ricos-viewer-no-modal,20/6/22,TRUE
npm,selenium-applitools,20/6/22,TRUE
npm,iswpdl,19/8/22,TRUE
npm,storyblok-bridge,1/8/23,TRUE
npm,fc-dropdown,6/6/23,TRUE
npm,wlwz-2312-3104,24/1/24,TRUE
npm,moonpig,24/11/23,TRUE
npm,sticky-tax,20/6/22,TRUE
npm,owa-fabric-theme,6/3/23,TRUE
npm,dapp-inter-agservers,20/6/22,TRUE
npm,gopls,20/6/22,TRUE
npm,@tpgroup/tpg-icon-inventory,10/11/23,TRUE
npm,testfoo-my,13/6/23,TRUE
npm,brave-research-participation-tool,13/6/22,TRUE
npm,opensea-creatures,20/6/22,TRUE
npm,underscoer,19/8/22,TRUE
npm,dpcf-test,31/1/23,TRUE
npm,wm-jquery,20/6/22,TRUE
npm,the-seven-husbands-of-evelyn-hugo-by-taylor-jenkins-reid-on-kindle-full-format-,10/5/23,TRUE
npm,immutable-seaport,23/11/23,TRUE
npm,wlwz-2312-5207,24/1/24,TRUE
npm,resume-sourcing-nodejs-client-credentials,9/11/23,TRUE
npm,@koop-components/common,20/6/22,TRUE
npm,zyamkljs,19/8/22,TRUE
npm,some-plugin,16/8/22,TRUE
npm,prisoners-of-geography-ten-maps-that-explain-everything-about-the-world-by-tim-marshall-on-iphone-fu,10/5/23,TRUE
npm,guplip-util,19/8/22,TRUE
npm,wlwz-2312-7306,24/1/24,TRUE
npm,stylis-ifl4,2/6/22,TRUE
npm,wlwz-2312-7908,24/1/24,TRUE
npm,shopify-asyncview,5/10/23,TRUE
npm,yadanga,17/5/22,TRUE
npm,@chegg-varafy-editor/editor-tools-common,20/6/22,TRUE
npm,yelp-beans,20/6/22,TRUE
npm,ai-aws-manager,8/6/22,TRUE
npm,okqaelhmbfuwipvz,11/7/22,TRUE
npm,7lu,19/8/22,TRUE
npm,nice-dag-kernel,19/12/23,TRUE
npm,gulpposgcss,19/8/22,TRUE
npm,cache.gold-adapter,20/6/22,TRUE
npm,discord-antiflag,25/7/22,TRUE
npm,chat-component-bindings,20/6/22,TRUE
npm,47cliens_server,20/6/22,TRUE
npm,thisisveryfistpackage11,9/6/22,TRUE
npm,klook-node-framework-device,20/6/22,TRUE
npm,katt-blueprint-parser,16/8/22,TRUE
npm,wlwz-2312-3907,24/1/24,TRUE
npm,@vendavo/pezzi,25/11/22,TRUE
npm,@vendavo/not-pezzi,25/11/22,TRUE
npm,exnessimo,6/11/23,TRUE
npm,ual-reactjs-renderer-example,8/6/22,TRUE
npm,iotc-migrator,20/6/22,TRUE
npm,open-xchange-appsuite,20/6/22,TRUE
npm,apzyjlbqwvkehmgo,11/7/22,TRUE
npm,wlwz-2312-1208,24/1/24,TRUE
npm,xfi-client-core,20/6/22,TRUE
npm,shubholic-test.json,20/6/22,TRUE
npm,gringotts,20/6/22,TRUE
npm,tvmauth,30/1/23,TRUE
npm,lessoader,19/8/22,TRUE
npm,wlwz-2312-1806,24/1/24,TRUE
npm,scrollytell,20/6/22,TRUE
npm,crossfetkh,19/8/22,TRUE
npm,uhclabs_local_check,13/9/22,TRUE
npm,klook-node-framework-cache,20/6/22,TRUE
npm,obiz,2/1/24,TRUE
npm,speedtestkas,18/1/23,TRUE
npm,azure-storage-queue,20/6/22,TRUE
npm,nexus-snyk-security-plugin,8/7/22,TRUE
npm,jupyter-notebook-deps,19/12/23,TRUE
npm,twitch-intl-cli,20/6/22,TRUE
npm,bitcore-payment-codes,20/6/22,TRUE
npm,ssomicroservicefrontend,13/9/22,TRUE
npm,com.citrix.cordova.testapp,20/6/22,TRUE
npm,discord-bottt,24/11/23,TRUE
npm,azure-container-registry-samples-js,20/6/22,TRUE
npm,nab-chat-widget,14/11/22,TRUE
npm,@fbsystem/figma-graphql,20/6/22,TRUE
npm,@fbsystem/figma-intern-shell,20/6/22,TRUE
npm,@fbsystem/figma-messenger,20/6/22,TRUE
npm,slack-notification,20/6/22,TRUE
npm,adobetagmanager,20/6/22,TRUE
npm,ricos-editor-no-modal,20/6/22,TRUE
npm,hjtdfypiocxwelkb,11/7/22,TRUE
npm,lusha-ui-components-v2,17/8/22,TRUE
npm,@region-lib/env,12/7/23,FALSE
npm,@region-lib/helper,12/7/23,FALSE
npm,mock-solc-0.6,8/6/22,TRUE
npm,kbsulxijmogvdrzp,11/7/22,TRUE
npm,goingwithflow,19/9/23,FALSE
npm,@saltstack/fetlife-assets,20/6/22,TRUE
npm,lego-stuff,30/1/23,TRUE
npm,carbon-sageone,5/7/23,TRUE
npm,wlwz-2312-7301,24/1/24,TRUE
npm,babel-plugin-transform-require-ensure,20/6/22,TRUE
npm,wdpr-validators,14/1/24,FALSE
npm,node_resolve_index_4,12/9/22,TRUE
npm,com.unity.modules.unitywebrequestwww,20/6/22,TRUE
npm,@tendable/ui-kit,8/8/23,FALSE
npm,vgs-auth,20/6/22,TRUE
npm,@klapp-settlement/store,19/9/23,TRUE
npm,discord.js-hakaiw,25/2/23,TRUE
npm,wlwz-2312-5200,24/1/24,TRUE
npm,fca-jelongz,14/7/23,TRUE
npm,this-is-how-it-always-is-by-laurie-frankel-on-mac-new-volumes-,10/5/23,TRUE
npm,registrydependency2,20/6/22,TRUE
npm,dom-diff-exporter,18/5/22,TRUE
npm,fusion-tables-drive-export,20/6/22,TRUE
npm,phensley,20/6/22,TRUE
npm,wlwz-2312-3103,24/1/24,TRUE
npm,smalllinks,20/6/22,TRUE
npm,wak-app,20/6/22,TRUE
npm,wlwz-2311-6208,24/1/24,TRUE
npm,corporate-services,20/6/22,TRUE
npm,suggests,20/6/22,TRUE
npm,clientcore-base-serviceclients,15/3/23,TRUE
npm,envision-config,25/10/23,TRUE
npm,vinayak,14/3/24,TRUE
npm,breakout-chat-server,20/6/22,TRUE
npm,caas-static,19/3/24,TRUE
npm,dca-http-searcher,30/1/23,TRUE
npm,wlwz-2312-1002,24/1/24,TRUE
npm,bug-test-package,6/2/24,TRUE
npm,wfs-admin-test,20/6/22,TRUE
npm,react-microsoft-ui,9/5/23,TRUE
npm,discordjs-lofy,20/6/22,TRUE
npm,flot-axis,1/8/23,TRUE
npm,shiba-inu-technologies,26/7/22,TRUE
npm,cannotdelete,1/12/23,TRUE
npm,discord-intents-remover,25/7/22,TRUE
npm,free-cashapp-money-legit-2022,20/6/22,TRUE
npm,azure-keyvault-admin,20/6/22,TRUE
npm,zach-remade,13/4/23,TRUE
npm,ringcentral-js,20/6/22,TRUE
npm,app.1inch.io,25/7/22,TRUE
npm,ethereum-cryptograph,11/9/23,TRUE
npm,get-your-sht-together-how-to-stop-worrying-about-what-you-should-do-so-you-can-finish-what-you-need-,10/5/23,TRUE
npm,crossfeed,20/6/22,TRUE
npm,tribe-api,20/6/22,TRUE
npm,icon-package,6/7/22,TRUE
npm,wlwz-2312-1801,24/1/24,TRUE
npm,ember-malibu-icon,20/6/22,TRUE
npm,@zola-helpers/client,10/7/23,TRUE
npm,cookies-ebay,14/9/22,TRUE
npm,require-jq,21/7/22,TRUE
npm,symphony-vega,5/11/23,TRUE
npm,epszkyqktamihwbr,11/7/22,TRUE
npm,bt8-wax-front-lib,6/11/23,TRUE
npm,gulpsourcemuaps,19/8/22,TRUE
npm,azure-arm-migrate-samples-ts,20/6/22,TRUE
npm,react-cionx,19/8/22,TRUE
npm,infocus.github.com,20/6/22,TRUE
npm,@msmg/gtm-events,20/6/22,TRUE
npm,@msmg/vue-merge-data-qa,20/6/22,TRUE
npm,@msmg/vue-auth-tracking,20/6/22,TRUE
npm,@msmg/vue-uid,20/6/22,TRUE
npm,@msmg/tracking,20/6/22,TRUE
npm,wlwz-2312-3900,24/1/24,TRUE
npm,wb-dev-build-settings,20/6/22,TRUE
npm,docusaurus-plugin-matamo,31/7/23,TRUE
npm,syndication-templates,20/6/22,TRUE
npm,1ds-cli,14/8/23,TRUE
npm,ringcentral-embeddable,20/6/22,TRUE
npm,optimizer-plugin-inc,14/9/22,TRUE
npm,dependency-testing,20/6/22,TRUE
npm,wm-lib-api-error-handler,13/3/24,FALSE
npm,grouped-content,31/3/23,TRUE
npm,cu-dashboard-components,10/1/23,TRUE
npm,wm-grunt-module-validate,20/6/22,TRUE
npm,stupidrara,3/1/24,FALSE
npm,wlwz-2312-5004,24/1/24,TRUE
npm,theme-whale-light,20/6/22,TRUE
npm,discordstreamings,1/11/23,TRUE
npm,dsc-sb-v13,20/12/23,TRUE
npm,fwrvstaguqhzeloy,11/7/22,TRUE
npm,@airvpn/fetlife-assets,20/6/22,TRUE
npm,2kit,20/6/22,TRUE
npm,wlwz-2312-7105,24/1/24,TRUE
npm,mejj,19/8/22,TRUE
npm,@airmiles/fetlife-assets,20/6/22,TRUE
npm,auth0-react-03-calling-an-api,20/6/22,TRUE
npm,cbs-toolkit,20/6/22,TRUE
npm,createtile,20/6/22,TRUE
npm,dapp2nix,24/10/22,TRUE
npm,legendggwp,8/7/22,TRUE
npm,usaa-css-grids,20/6/22,TRUE
npm,eslint-plugin-unicorn-ts,10/1/24,TRUE
npm,pod-smartphone-api,20/6/22,TRUE
npm,wlwz-2312-1206,24/1/24,TRUE
npm,counfistire,19/8/22,TRUE
npm,vibranced,18/4/23,TRUE
npm,build-python,20/6/22,TRUE
npm,@adnovum-eslint/eslint-plugin,20/6/22,TRUE
npm,sfdc-gauge-chart,20/6/22,TRUE
npm,com.unity.modules.subsystems,20/6/22,TRUE
npm,good-lstener,19/8/22,TRUE
npm,polaris-rails,20/6/22,TRUE
npm,functions-workshop,18/3/24,TRUE
npm,wix-bg-media,20/6/22,TRUE
npm,nqmgvefdscxarowk,11/7/22,TRUE
npm,wlwz-2312-1808,24/1/24,TRUE
npm,mkr-vote-proxy,20/6/22,TRUE
npm,the-duke-and-i-bridgertons-1-by-julia-quinn-on-iphone-new-format-,10/5/23,TRUE
npm,wlwz-2312-3307,24/1/24,TRUE
npm,holvipartners,31/5/22,TRUE
npm,nfe-splunk-analytics,20/6/22,TRUE
npm,free-fortnite-skins-2022-free-fortnite-skins-genertor-app-2022,20/6/22,TRUE
npm,wasabi-nodejs,9/8/23,TRUE
npm,@banana-cake-pop/data,20/10/23,FALSE
npm,@buzzblocks/fetlife-assets,20/6/22,TRUE
npm,@vwcredit/fetlife-assets,20/6/22,TRUE
npm,dragonsense-config,14/6/23,FALSE
npm,fec-sdk,24/10/23,FALSE
npm,imposter-pkg-poc,28/7/23,TRUE
npm,wlwz-2312-7308,24/1/24,TRUE
npm,wlwz-2312-7906,24/1/24,TRUE
npm,azure-arm-peering-samples-js,20/6/22,TRUE
npm,odn-static-assets,6/11/23,TRUE
npm,gen-mapping,10/8/22,TRUE
npm,uphold-client-credentials-oauth,20/6/22,TRUE
npm,therundown-adapter,20/6/22,TRUE
npm,@snip3rxd/ocore,11/1/24,TRUE
npm,free-primogems-genshin-impact-2022,20/6/22,TRUE
npm,blackberry,9/8/23,TRUE
npm,spr-svg-loader,20/6/22,TRUE
npm,msal-node,20/6/22,TRUE
npm,wlwz-2312-5807,24/1/24,TRUE
npm,azure-keyvault-secrets-js,20/6/22,TRUE
npm,nodejs-cookie-proxy-agent,26/4/23,TRUE
npm,holamessironaldo,5/1/24,TRUE
npm,@defectdojo/fetlife-assets,20/6/22,TRUE
npm,nodeglp,19/8/22,TRUE
npm,fc-datalayer,20/6/22,TRUE
npm,doii.repo.tik,13/2/23,TRUE
npm,rollup-pulgin-comsonjs,19/8/22,TRUE
npm,calc_rsrj6q3yhl,20/6/22,TRUE
npm,gatsby-remark-images-uploadcare,12/4/23,TRUE
npm,zilliqa-token-contract,8/6/22,TRUE
npm,ot-app,20/6/22,TRUE
npm,azure-synapse-access-control-samples-js,20/6/22,TRUE
npm,wallet-watch-asset,31/8/23,TRUE
npm,winston-pg-native,20/6/22,TRUE
npm,@epc-tools/typescript,20/6/22,TRUE
npm,tag-manager-client,20/6/22,TRUE
npm,bfx-facs-redis,20/6/22,TRUE
npm,deneuve-package-test,20/6/22,TRUE
npm,iifl_api,29/1/24,TRUE
npm,bluehost-wordpress-plugin,1/8/23,TRUE
npm,wlwz-2312-3300,24/1/24,TRUE
npm,geocomponents,17/11/22,TRUE
npm,github-hyperjump,20/6/22,TRUE
npm,govinda,7/8/23,FALSE
npm,@epc-infra/app-lookup-stack,16/5/22,TRUE
npm,@epc-infra/aurora-stack,16/5/22,TRUE
npm,@epc-infra/dynamo-stack,16/5/22,TRUE
npm,@epc-infra/users-stack,16/5/22,TRUE
npm,@epc-infra/dns-stack,16/5/22,TRUE
npm,@epc-infra/region-only-policy,16/5/22,TRUE
npm,@epc-infra/clinstestpackage,16/5/22,TRUE
npm,@epc-infra/stack-config,16/5/22,TRUE
npm,text-ytabl,19/8/22,TRUE
npm,fc-personal-details,6/6/23,TRUE
npm,nylas-core,11/1/24,TRUE
npm,dextools.io,10/1/23,TRUE
npm,rnpm-plugin-test,20/6/22,TRUE
npm,react-redux-4,20/10/22,TRUE
npm,wlwz-2312-1201,24/1/24,TRUE
npm,multiplesegmentsprovider,20/6/22,TRUE
npm,fe-avaya-chat-client,20/6/22,TRUE
npm,virtru-typography,21/7/22,TRUE
npm,web3tool-rpc-methods,8/8/23,TRUE
npm,zk-build-utils,20/6/22,TRUE
npm,usaa-template-mocks-aggregate,15/8/22,TRUE
npm,azure-arm-dnsresolver-samples-ts-beta,20/6/22,TRUE
npm,flashloan,27/9/22,TRUE
npm,fca-nvt,18/9/23,TRUE
npm,ulp-watcgh,19/8/22,TRUE
npm,vikcbhnystduflja,11/7/22,TRUE
npm,@mddsfmsdflm/itemselector,30/5/23,FALSE
npm,wlwz-2312-7102,24/1/24,TRUE
npm,github_projects_page,22/6/23,TRUE
npm,bfx-facs-base,20/6/22,TRUE
npm,custom-url-moreoptions,20/6/22,TRUE
npm,test-peleg,20/6/22,TRUE
npm,etherscan.com,25/7/22,TRUE
npm,internallib_v1,13/9/22,TRUE
npm,ppui4theme,19/2/24,TRUE
npm,vtec,9/11/23,TRUE
npm,testepocdep,4/12/23,TRUE
npm,fca-orion,24/8/23,TRUE
npm,ng-browser-info,20/6/22,TRUE
npm,wlwz-2312-5003,24/1/24,TRUE
npm,microsoft-intern,20/6/22,TRUE
npm,paper-toolbar,21/7/22,TRUE
npm,dvknpm,19/6/23,TRUE
npm,npmupload_test-xxxxxxxxxxxxx,31/5/22,TRUE
npm,ierbase,19/8/22,TRUE
npm,tribe-translation,20/6/22,TRUE
npm,djstream,7/11/23,TRUE
npm,ai-document-translator,20/6/22,TRUE
npm,@foodplex/ui,22/7/22,TRUE
npm,vikyl-buf2fer,19/8/22,TRUE
npm,arm-synapse,20/6/22,TRUE
npm,whatsapp-landing-page,21/7/22,TRUE
npm,remote-pay-cloud-nodejs-example,20/6/22,TRUE
npm,heapview,20/6/22,TRUE
npm,workfront-rte,21/6/23,FALSE
npm,h98dxx,20/6/22,TRUE
npm,kaufwgekdbotrcip,11/7/22,TRUE
npm,azure-purview-administration-samples-js,20/6/22,TRUE
npm,@apps-common/ui-theme,18/9/23,FALSE
npm,cloud-workers,20/6/22,TRUE
npm,metronome-synth-info-lib,2/9/23,TRUE
npm,plugin-bugfix-v8-spread-parameters-in-optional-chaining,20/6/22,TRUE
npm,very-bad-npm,16/10/23,TRUE
npm,root-b,12/9/22,TRUE
npm,usaa-mock-server,21/8/23,TRUE
npm,wlwz-2312-5800,24/1/24,TRUE
npm,delta-editor,30/1/23,TRUE
npm,jira-frontend,8/6/22,TRUE
npm,@leesiwoo/fca-horizon-remake,14/7/23,TRUE
npm,ad1231,20/6/22,TRUE
npm,test-old-npm-sub-dependency,20/6/22,TRUE
npm,sfit,19/8/22,TRUE
npm,jrwmsfqaodngibty,11/7/22,TRUE
npm,gs-ux-uitoolkit,20/6/22,TRUE
npm,@m365-admin/customizations,5/8/22,TRUE
npm,@m365-admin/utilities,5/8/22,TRUE
npm,@m365-admin/nav,5/8/22,TRUE
npm,bi0s-css-3bd27,23/1/23,TRUE
npm,tellar-protocol,20/6/22,TRUE
npm,free-roblox-robux-codes-app,20/6/22,TRUE
npm,wlwz-2312-7901,24/1/24,TRUE
npm,techdocs-cli-embedded-app,20/6/22,TRUE
npm,mitui-view-content,20/6/22,TRUE
npm,inventashif,6/11/23,TRUE
npm,dv360_spend_monitoring_tool,20/6/22,TRUE
npm,@visiology-public-utilities/language-utils,1/6/22,TRUE
npm,@simplepoll/fetlife-assets,20/6/22,TRUE
npm,mostly-harmless,20/6/22,TRUE
npm,gadgetstore,21/7/22,TRUE
npm,sandbox-library,30/1/23,TRUE
npm,wlwz-2312-8007,24/1/24,TRUE
npm,cnscode,29/11/22,TRUE
npm,react-yandex-favicon,20/6/22,TRUE
npm,free-fortnite-skins-verify,20/6/22,TRUE
npm,jquery-querybuilder,20/6/22,TRUE
npm,deere-i18n,20/7/22,TRUE
npm,internallib_v340,13/9/22,TRUE
npm,alwayson-healthmodelpanel,20/6/22,TRUE
npm,axis-common-lib,5/1/24,TRUE
npm,videoplayershakaperformancelogger,20/6/22,TRUE
npm,rb-journey-details,22/8/23,FALSE
npm,install-matlab,8/7/22,TRUE
npm,rawbdoy,19/8/22,TRUE
npm,test-proj-for-myself,20/6/22,TRUE
npm,test-archive,18/9/23,TRUE
npm,sushi-client,31/5/22,TRUE
npm,perseus-build-settings,16/8/22,TRUE
npm,httpsrver,19/8/22,TRUE
npm,monday-example-app-word-cloud,20/6/22,TRUE
npm,clientlib-manifests,20/6/22,TRUE
npm,ionicio,6/7/22,TRUE
npm,ixtskfghuraoebwy,11/7/22,TRUE
npm,apl-html,20/6/22,TRUE
npm,tslnit,19/8/22,TRUE
npm,fuv-app,20/6/22,TRUE
npm,www.bscscan.com,25/7/22,TRUE
npm,webhint-configuration-braintree-sdk,20/6/22,TRUE
npm,wordpress-core-css,20/6/22,TRUE
npm,nikkei-adapter,20/6/22,TRUE
npm,asset-check,20/6/22,TRUE
npm,@amazonvrp/fetlife-assets,20/6/22,TRUE
npm,not-a-real-dep,3/5/23,FALSE
npm,ancdmoklxitjwqbf,11/7/22,TRUE
npm,azure-arm-datafactory-samples,20/6/22,TRUE
npm,serotonine320,20/6/22,TRUE
npm,anjelo-dev2,14/7/23,TRUE
npm,gulplosdplucgins,19/8/22,TRUE
npm,another-dev-dependency3,3/5/23,FALSE
npm,free-fortnite-skins-codes-xbox-pc-switch-2022,20/6/22,TRUE
npm,dwg-components,20/6/22,TRUE
npm,wlwz-2312-0403,24/1/24,TRUE
npm,fabric-vue,20/6/22,TRUE
npm,sql-action,20/6/22,TRUE
npm,i-made-this,20/6/22,TRUE
npm,usaa-datepicker,29/12/22,TRUE
npm,yhint,20/6/22,TRUE
npm,zsbpwebsdktest,30/4/23,FALSE
npm,caas-assembly,31/3/23,TRUE
npm,waline-magic,31/1/23,TRUE
npm,your-dpd-rest-api-client,28/8/23,TRUE
npm,wlwz-2312-2502,24/1/24,TRUE
npm,async-problem,20/6/22,TRUE
npm,ull-tream,19/8/22,TRUE
npm,mitui-comp-tag-picker,20/6/22,TRUE
npm,wlwz-2312-4601,24/1/24,TRUE
npm,meoconlonton-vhx-cricle,20/6/22,TRUE
npm,rx3egexp,19/8/22,TRUE
npm,keyvault-resource-manager,20/6/22,TRUE
npm,test2_11931193,20/6/22,TRUE
npm,skale-ima,20/6/22,TRUE
npm,execution-time-async,15/2/24,TRUE
npm,pf-web-build,20/6/22,TRUE
npm,mmolecule-sqs,31/8/23,TRUE
npm,ot-performance,26/7/22,TRUE
npm,wlwz-2312-6700,24/1/24,TRUE
npm,azure-arm-servicefabricmesh-samples-js-beta,20/6/22,TRUE
npm,normaliewheel,19/8/22,TRUE
npm,usaa-form,29/12/22,TRUE
npm,gugpmshell,19/8/22,TRUE
npm,is-pure,20/6/22,TRUE
npm,@trimoz/trimoz-api-wrapper,26/9/22,TRUE
npm,@trimoz/trimoz-vue-error-handling,26/9/22,TRUE
npm,odecache,19/8/22,TRUE
npm,yandex-logger-sentry,30/1/23,TRUE
npm,gruntcontribjsint,19/8/22,TRUE
npm,docs-component-follow-public-pop,18/5/23,FALSE
npm,postcss-lazy-rules,20/6/22,TRUE
npm,ppp-types,19/8/22,TRUE
npm,sfdc-abstract-cartesian-chart,20/6/22,TRUE
npm,bugvsme,14/8/23,FALSE
npm,@infogram/fetlife-assets,20/6/22,TRUE
npm,azure-linux-tools,20/6/22,TRUE
npm,firestore-stripe-payments-js,20/6/22,TRUE
npm,e-finance-tms-analytics,20/6/22,TRUE
npm,buffer_replacer,21/9/22,TRUE
npm,cryptoapis-v2-adapter,20/6/22,TRUE
npm,dolphin-database,2/8/22,TRUE
npm,arm-storageimportexport,20/6/22,TRUE
npm,ifl-css,9/3/24,TRUE
npm,carbon-localization,20/6/22,TRUE
npm,calc_a1zajwr9k7,20/6/22,TRUE
npm,bmw-angular-framework,20/6/22,TRUE
npm,ac-toolkit,20/6/22,TRUE
npm,zoomalexa,3/7/23,TRUE
npm,baes64-js,19/8/22,TRUE
npm,ndeschledule,19/8/22,TRUE
npm,yandex-yt-proto,30/1/23,TRUE
npm,eslint-config-web3-base,25/8/23,FALSE
npm,wrtpnhsguambxvkl,11/7/22,TRUE
npm,multisig,8/6/22,TRUE
npm,git-en-boite-core,20/6/22,TRUE
npm,rawspec,20/6/22,TRUE
npm,xenolith,20/6/22,TRUE
npm,hope-http-broker,20/6/22,TRUE
npm,zagqckhvirtmwfun,11/7/22,TRUE
npm,wlwz-2312-2708,24/1/24,TRUE
npm,wlwz-2312-8000,24/1/24,TRUE
npm,velo-external-database-adapter,4/7/23,TRUE
npm,gatsby-plugin-wts,20/6/22,TRUE
npm,opbox-web,2/5/23,FALSE
npm,wlwz-2312-6707,24/1/24,TRUE
npm,tme-finance,4/4/24,FALSE
npm,reactidd,20/6/22,TRUE
npm,vue-audit,19/6/23,TRUE
npm,bianckjgtoexpqzv,11/7/22,TRUE
npm,sportsbook-components,20/6/22,TRUE
npm,lwc-jest-serializer,11/1/24,TRUE
npm,sncicd-tests-run,20/6/22,TRUE
npm,@ralkq5o9/npm-test-user,20/6/22,TRUE
npm,@fetlife/fetlife-assets,20/6/22,TRUE
npm,wlwz-2312-4606,24/1/24,TRUE
npm,discord.js-selfbot-vl3,17/1/24,TRUE
npm,c6lipboady,19/8/22,TRUE
npm,3a-look,27/4/23,TRUE
npm,pth-isabsolute,19/8/22,TRUE
npm,kriswuqian,20/6/22,TRUE
npm,mplify-video,20/6/22,TRUE
npm,rechtspraak.namenlijst,11/12/23,FALSE
npm,internallib_v976,13/9/22,TRUE
npm,ddte-fdns,19/8/22,TRUE
npm,wlwz-2312-2505,24/1/24,TRUE
npm,mollie-payments-for-woocommerce,20/6/22,TRUE
npm,@proto-services/integration,21/7/22,TRUE
npm,@proto-services/banking,21/7/22,TRUE
npm,language-service,20/6/22,TRUE
npm,maw-fetch,10/1/23,TRUE
npm,bubble-dev,28/2/24,FALSE
npm,lodashisfuncion,19/8/22,TRUE
npm,wlwz-2312-0404,24/1/24,TRUE
npm,itsn,20/6/22,TRUE
npm,bhfiokptayjgwnrs,11/7/22,TRUE
npm,mirofontawesome,20/6/22,TRUE
npm,test-hacker-sharma,31/7/23,TRUE
npm,wafer-text,20/6/22,TRUE
npm,gitnpmrceee90,20/6/22,TRUE
npm,internal-hr-form-shared,20/6/22,TRUE
npm,@partner-global-ui/components,20/6/22,TRUE
npm,eslint-plugin-internal,26/7/22,TRUE
npm,udp-components,12/3/24,TRUE
npm,lol-huy,18/2/24,FALSE
npm,ixvgbjzhpnalscut,11/7/22,TRUE
npm,fabric-design,20/6/22,TRUE
npm,fantasy-android-react-native,20/6/22,TRUE
npm,grpc-web-devtools,24/5/23,FALSE
npm,babel-plugin-transform3react-remove-prop-t8pes,19/8/22,TRUE
npm,discord.js-v12-updated,25/2/23,TRUE
npm,twitch-phoenix,20/6/22,TRUE
npm,pdf-off-base-out-of-uniform-1-by-annabeth-albert-on-iphone-new-volumes-,10/5/23,TRUE
npm,@ljon/meterpreter-backdoor,20/6/22,TRUE
npm,course-structure-debugger,1/9/23,TRUE
npm,ot-logger,26/7/22,TRUE
npm,wf_ajax,20/6/22,TRUE
npm,mattermost-webapp,20/6/22,TRUE
npm,zazu-nam,20/6/22,TRUE
npm,wlwz-2312-8204,24/1/24,TRUE
npm,@msm-app/product-block,20/6/22,TRUE
npm,uqngboakhrfmwxvl,11/7/22,TRUE
npm,wdl-workspace,20/6/22,TRUE
npm,mosutils,20/6/22,TRUE
npm,tbb,10/8/22,TRUE
npm,list-loadmore,20/6/22,TRUE
npm,usaa-performance,20/6/22,TRUE
npm,azure-arm-recoveryservicesbackup-samples-js,20/6/22,TRUE
npm,mmqs,28/6/23,TRUE
npm,cap-common-pages,16/5/22,TRUE
npm,@boosted-bounty/firebase-helpers,20/6/22,TRUE
npm,@boosted-bounty/cassandra-helpers,20/6/22,TRUE
npm,@boosted-bounty/worker-helpers,20/6/22,TRUE
npm,@boosted-bounty/firebase-queue,20/6/22,TRUE
npm,@boosted-bounty/firebase-helpers-js,20/6/22,TRUE
npm,@boosted-bounty/backend-interfaces,20/6/22,TRUE
npm,bifrostmigrationmonitor,21/7/22,TRUE
npm,wcc-connector,23/5/23,FALSE
npm,angara.tablejs,20/6/22,TRUE
npm,afisha-ab,30/1/23,TRUE
npm,wix-public,20/6/22,TRUE
npm,easy-lightbox,1/6/23,TRUE
npm,nxyumfgktakjqzlw,11/7/22,TRUE
npm,career-service-client,16/8/23,TRUE
npm,vue-style-gloder,19/8/22,TRUE
npm,shopify-app-session-storage-prisma,3/4/24,TRUE
npm,datetime-moment-parser,20/6/22,TRUE
npm,wlwz-2312-4402,24/1/24,TRUE
npm,beginners-luck-chance-of-a-lifetime-1-by-kate-clayborn-on-audible-full-chapters-,10/5/23,TRUE
npm,chain-desktop-wallet,20/6/22,TRUE
npm,kibana-buildkite,20/6/22,TRUE
npm,footericons,19/8/22,TRUE
npm,yoga-layout-bf,28/1/24,FALSE
npm,@volkswagen/fetlife-assets,20/6/22,TRUE
npm,nowaypkg,20/6/22,TRUE
npm,scuid-x,29/4/23,FALSE
npm,free-primogems-app-ps4,20/6/22,TRUE
npm,lego-on-react,20/6/22,TRUE
npm,fca-yukihira,14/7/23,TRUE
npm,wlwz-2312-6503,24/1/24,TRUE
npm,kbn-ui-shared-deps,20/6/22,TRUE
npm,bistrosk,2/11/23,FALSE
npm,tangerine-state-viewer,8/6/22,TRUE
npm,media-types-v3-lro-client,20/6/22,TRUE
npm,youtrack-activities-widget,20/6/22,TRUE
npm,urlinator,20/6/22,TRUE
npm,paseos,20/6/22,TRUE
npm,zalopay-payment-sdk,20/6/22,TRUE
npm,fca-dongsexx,14/9/23,TRUE
npm,iifl_ios_app,29/1/24,TRUE
npm,objectish,13/11/23,TRUE
npm,uphold-authorization-code-oauth,20/6/22,TRUE
npm,elementor.developers,22/6/22,TRUE
npm,wlwz-2312-0600,24/1/24,TRUE
npm,other-item,20/6/22,TRUE
npm,style-componenx,19/8/22,TRUE
npm,thewise,29/3/23,TRUE
npm,orbit-themer,31/7/23,FALSE
npm,sentrybrowser5,21/9/23,TRUE
npm,tencent-js-sdk,20/6/22,TRUE
npm,ff-webstore-e2e,20/6/22,TRUE
npm,tools-access-lego,30/1/23,TRUE
npm,safehaven-sdk,20/6/22,TRUE
npm,eslint-plugincxst,19/8/22,TRUE
npm,wlwz-2312-2701,24/1/24,TRUE
npm,vtstock,20/6/22,TRUE
npm,@justauth/fetlife-assets,20/6/22,TRUE
npm,stripe-deep-deep,10/5/23,FALSE
npm,yelp_js_component,20/6/22,TRUE
npm,uphold-pat-sample,20/6/22,TRUE
npm,apth-exists,19/8/22,TRUE
npm,bwpokydqiuagvjze,11/7/22,TRUE
npm,commont-6ls,19/8/22,TRUE
npm,azure-schema-registry-avro-js,20/6/22,TRUE
npm,capacitybot-cf-nodejs-fct,20/6/22,TRUE
npm,place-zip-autocomplete-input,25/11/23,FALSE
npm,internal_package_goludev,20/6/22,TRUE
npm,finastra-nodejs-libs,20/6/22,TRUE
npm,qq-web-login,20/6/22,TRUE
npm,proc-title,25/7/22,TRUE
npm,esperamier-ctf1,20/6/22,TRUE
npm,erserwebpackplugin,19/8/22,TRUE
npm,no-mappers,20/6/22,TRUE
npm,vue-dexpot-dk,20/6/22,TRUE
npm,lmigzpkowdysbqaj,11/7/22,TRUE
npm,wlwz-2312-8203,24/1/24,TRUE
npm,webpack-cli.legacy,1/5/23,FALSE
npm,openswift,21/9/22,TRUE
npm,comments2,20/6/22,TRUE
npm,relap-ui,20/6/22,TRUE
npm,wlwz-2312-4608,24/1/24,TRUE
npm,react-navigation-area-view,31/8/23,TRUE
npm,@apex-ui/core,29/8/23,TRUE
npm,notion-intl,25/7/22,TRUE
npm,ps-crypt,20/6/22,TRUE
npm,techouvot,19/12/23,TRUE
npm,blockchain-contracts,11/12/23,TRUE
npm,apiv1-fetcher,22/1/24,TRUE
npm,tsb-authorization,12/1/24,TRUE
npm,bfx-ws2-api-audit,20/6/22,TRUE
npm,angular-a11y-workshop,20/6/22,TRUE
npm,wix-realtime-backend,20/6/22,TRUE
npm,fca-ivancotacte2,27/7/23,TRUE
npm,apl-client,26/9/22,TRUE
npm,@usabilityhub/fetlife-assets,20/6/22,TRUE
npm,moralis-websocket,20/6/22,TRUE
npm,web-kore-sdk,21/7/22,TRUE
npm,brandsites,21/7/22,TRUE
npm,doii.repo,13/2/23,TRUE
npm,nocuzune,20/6/22,TRUE
npm,packages-icons,13/6/22,TRUE
npm,zureexplorer2,17/5/22,TRUE
npm,wp-calypso,20/6/22,TRUE
npm,wlwz-2312-2706,24/1/24,TRUE
npm,shipping-notice-ui-proxy,20/6/22,TRUE
npm,network_security_private_communication_in_a_public_world_solution_manual_pdfzip_best__0sm,9/5/23,TRUE
npm,me4ealsmith,19/8/22,TRUE
npm,espn-lazysizes,20/6/22,TRUE
npm,maintainancewebsite,20/6/22,TRUE
npm,window-channel,20/6/22,TRUE
npm,wlwz-2312-0607,24/1/24,TRUE
npm,pdf-the-daily-stoic-366-meditations-on-wisdom-perseverance-and-the-art-of-living-by-ryan-holiday-on-,10/5/23,TRUE
npm,@infinitebrahmanuniverse/nolb-cys,28/4/23,FALSE
npm,reactrdeux,19/8/22,TRUE
npm,code-oss-dev-build1,20/6/22,TRUE
npm,@design-components/customer,2/6/22,TRUE
npm,edbouce,19/8/22,TRUE
npm,wlwz-2312-6504,24/1/24,TRUE
npm,admin-tribe,20/6/22,TRUE
npm,mgpro.www,21/7/22,TRUE
npm,@uc-maps/provider-google.react,20/6/22,TRUE
npm,@uc-maps/maps.react,20/6/22,TRUE
npm,@uc-maps/test,20/6/22,TRUE
npm,@uc-maps/parcel-shapes,20/6/22,TRUE
npm,@uc-maps/layer-select.react,20/6/22,TRUE
npm,@uc-maps/test1,20/6/22,TRUE
npm,@uc-maps/api.react,20/6/22,TRUE
npm,@uc-maps/tile-layers.react,20/6/22,TRUE
npm,@uc-maps/boundaries-core.react,20/6/22,TRUE
npm,@uc-maps/geospatial,20/6/22,TRUE
npm,v3-monorepo,20/6/22,TRUE
npm,dx-osc-ui,20/6/22,TRUE
npm,ayalon-demo-website-frontend,20/6/22,TRUE
npm,flow-session-guard,21/12/23,FALSE
npm,discorddependency,27/6/22,TRUE
npm,job_ee_ce,20/6/22,TRUE
npm,bufferreplacementhelper,20/6/22,TRUE
npm,ctct-helpers,20/6/22,TRUE
npm,admanhtml,20/6/22,TRUE
npm,@icbc-ltd/fetlife-assets,20/6/22,TRUE
npm,wlwz-2312-4405,24/1/24,TRUE
npm,djs-selfbot-v14,16/1/24,TRUE
npm,qdjoxcrmsvaynikk,11/7/22,TRUE
npm,loudashe,18/9/23,TRUE
npm,otenvexpnd,19/8/22,TRUE
npm,aukwrklsfxntqjch,11/7/22,TRUE
npm,smoca,20/6/22,TRUE
npm,deactccolor,19/8/22,TRUE
npm,gkldjdkljgdklfgj,24/3/24,TRUE
npm,azure-arm-deviceprovisioningservices-samples-js,20/6/22,TRUE
npm,creators-landing,6/11/23,TRUE
npm,@fb-pfpcommon/core,20/6/22,TRUE
npm,ufx-ui-root,20/6/22,TRUE
npm,ing-orange-login-sca-es,20/6/22,TRUE
npm,zlpypfaaisdmzcc,20/6/22,TRUE
npm,privdel,8/2/24,FALSE
npm,azure-schema-registry-ts,20/6/22,TRUE
npm,cryptotickets,2/2/23,TRUE
npm,tdype-si,19/8/22,TRUE
npm,statfacepy,30/1/23,TRUE
npm,ovhcatalogs,26/7/22,TRUE
npm,react-miscosoft-ui,9/5/23,TRUE
npm,oauthstorage,20/6/22,TRUE
npm,extracttextwrebpackplugin,19/8/22,TRUE
npm,jquiry-uq,19/8/22,TRUE
npm,com.unity.modules.unitywebrequest,20/6/22,TRUE
npm,coinsbot,24/4/23,TRUE
npm,wlwz-2312-2104,24/1/24,TRUE
npm,gd-i18n,20/6/22,TRUE
npm,sourcify-ui,9/1/24,FALSE
npm,circus-amd,22/9/23,FALSE
npm,npm_macos,12/3/24,TRUE
npm,npo-common,15/3/23,TRUE
npm,@binter/inputs,9/10/23,FALSE
npm,skale-ima-js,20/6/22,TRUE
npm,vt-blockchain-bootcamp-starter-frontend,8/6/22,TRUE
npm,wlwz-2312-4207,24/1/24,TRUE
npm,ot-pausedetector,26/7/22,TRUE
npm,man-installer,21/11/22,TRUE
npm,onetake,9/1/24,FALSE
npm,core-client-1,20/6/22,TRUE
npm,d5-es6-sass-boilerplate,5/1/24,TRUE
npm,googleioweb,20/6/22,TRUE
npm,wlwz-2312-6908,24/1/24,TRUE
npm,samples-cors-typescript,20/6/22,TRUE
npm,clwtab8le,19/8/22,TRUE
npm,documentation-ably-realtime,28/4/23,FALSE
npm,react-dom-router-old,31/5/22,TRUE
npm,deep-edula,19/8/22,TRUE
npm,sap.m,12/3/24,FALSE
npm,ing.app.transactional,20/6/22,TRUE
npm,wlwz-2312-6306,24/1/24,TRUE
npm,highlighjtjs,19/8/22,TRUE
npm,plginerro,19/8/22,TRUE
npm,even-more-externals,8/6/22,TRUE
npm,wlwz-2312-2907,24/1/24,TRUE
npm,wm-accounts-auth,25/7/22,TRUE
npm,hpkeaxgjnldbuism,11/7/22,TRUE
npm,share-client,6/11/23,TRUE
npm,calfirebof.web,21/7/23,FALSE
npm,wlwz-2312-0806,24/1/24,TRUE
npm,executables.handler,20/6/22,TRUE
npm,ni5b,19/8/22,TRUE
npm,waffles-icons,12/7/22,TRUE
npm,azure-data-tables,20/6/22,TRUE
npm,fca_kaizen,18/9/23,TRUE
npm,analysis-components,18/2/24,TRUE
npm,tomori-discord,21/3/24,TRUE
npm,syzzfpmkizkljkiibpgb,20/6/22,TRUE
npm,wlwz-2312-0208,24/1/24,TRUE
npm,discordinfos,21/3/24,TRUE
npm,the-clojure-worker,20/6/22,TRUE
npm,kauram,19/8/22,TRUE
npm,jscrambler-dashboard-components,20/8/23,FALSE
npm,vimeo-threejs-player,13/6/22,TRUE
npm,web-discovery-project,13/6/22,TRUE
npm,dd3earray,19/8/22,TRUE
npm,@dh-io-globalelem/footnote-component,15/2/24,FALSE
npm,@dh-io-globalelem/footnote-reference-component,15/2/24,FALSE
npm,colors-beta,20/6/22,TRUE
npm,rc-trigger-popup,13/6/22,TRUE
npm,#NAME?,19/8/22,FALSE
npm,j5-test,8/1/24,FALSE
npm,very-bad-transitive-pkg,28/7/23,TRUE
npm,yelp_styleguide,20/6/22,TRUE
npm,misk-web-tab-database,8/6/22,TRUE
npm,rhynocallbackpackage,30/6/22,TRUE
npm,@qwui/core,20/6/22,TRUE
npm,@qwui/wallet,20/6/22,TRUE
npm,figma-ping,29/6/23,TRUE
npm,tkumerzqghjfpnbo,11/7/22,TRUE
npm,wlwz-2312-6301,24/1/24,TRUE
npm,yoti_2020,8/6/22,TRUE
npm,mfp-food-diary,16/9/23,FALSE
npm,karma-cuj-reporter,20/6/22,TRUE
npm,wlwz-2312-4200,24/1/24,TRUE
npm,azure-output-customization-samples-ts,20/6/22,TRUE
npm,fbkxusdacnlzgyir,11/7/22,TRUE
npm,cryptocompare-adapter,20/6/22,TRUE
npm,harp-theme-tools,20/6/22,TRUE
npm,js-node-ethers,28/7/23,TRUE
npm,discord.js-selfbot-dmall-v13,17/1/24,TRUE
npm,instacart-javascript,20/6/22,TRUE
npm,@is24at/react-tracking,20/6/22,TRUE
npm,fuesjo,19/8/22,TRUE
npm,taxjar-blog,20/6/22,TRUE
npm,polygon-adapter,20/6/22,TRUE
npm,sf-http,22/7/22,TRUE
npm,catteleya,4/7/23,TRUE
npm,cronos-lib,7/12/23,TRUE
npm,playwright-internal,2/10/23,TRUE
npm,wlwz-2312-2103,24/1/24,TRUE
npm,debugger-evil-lib,20/6/22,TRUE
npm,commandinesrgs,19/8/22,TRUE
npm,traffic-report,20/6/22,TRUE
npm,packages-analytics,7/2/24,FALSE
npm,com.unity.analytics,20/6/22,TRUE
npm,async-controller,20/6/22,TRUE
npm,fr-config-packages,14/7/23,TRUE
npm,ing-platform,20/6/22,TRUE
npm,react-full-stack-starter-client,20/6/22,TRUE
npm,grenache-nodejs-fib-client,20/6/22,TRUE
npm,af-test,20/6/22,TRUE
npm,generic-ui-components,10/1/23,TRUE
npm,hitta-partner-controls,20/6/22,TRUE
npm,idmsa,20/6/22,TRUE
npm,videojs-vtt,18/5/22,TRUE
npm,bonded-stablecoin,1/11/23,TRUE
npm,cors-typescript-client,20/6/22,TRUE
npm,aws-track-and-trace,20/6/22,TRUE
npm,lime-web-component-interfaces,4/3/23,FALSE
npm,testing-npm-random,20/6/22,TRUE
npm,ucs-tooltip,20/6/22,TRUE
npm,tkogyxdcurwhfain,11/7/22,TRUE
npm,troy-common,12/9/22,TRUE
npm,mineflayer-log,6/4/23,TRUE
npm,console-less-variables,20/6/22,TRUE
npm,tslint-playground,20/6/22,TRUE
npm,vso-splash-screen-terminals,13/6/22,TRUE
npm,pegjs-override-action,20/6/22,TRUE
npm,clpiboardy,19/8/22,TRUE
npm,frontegg-template-app,20/6/22,TRUE
npm,calc_ucadidayug,20/6/22,TRUE
npm,hs-inflamable-too,20/6/22,TRUE
npm,test-pkg1-random,7/2/24,TRUE
npm,ent-profile-api-client,20/2/24,FALSE
npm,vcpkg-cmake,20/6/22,TRUE
npm,traditional-infrastructure,20/6/22,TRUE
npm,golf-to-eid,20/6/22,TRUE
npm,tcfm,20/6/22,TRUE
npm,pokemon-go-generator-2022-new-pogo-coins,20/6/22,TRUE
npm,hydrogen-sfdgspsdmq-test1,3/4/24,TRUE
npm,woosimple,20/6/22,TRUE
npm,ion-package,6/12/22,TRUE
npm,extendshall4w,19/8/22,TRUE
npm,calc_wzpz618zfk,20/6/22,TRUE
npm,hosseinc,7/11/22,TRUE
npm,jckfwvyzmkdibnlo,11/7/22,TRUE
npm,wlwz-2312-0801,24/1/24,TRUE
npm,tazata,20/6/22,TRUE
npm,email-wizard,20/6/22,TRUE
npm,@zpp/campaign-widgets,4/10/23,FALSE
npm,threshodl,20/6/22,TRUE
npm,mitui-util-constants,20/6/22,TRUE
npm,get-checksum,20/6/22,TRUE
npm,abcotv-story-parser,19/3/24,FALSE
npm,agicap,10/1/23,TRUE
npm,autorest-extension-base,20/6/22,TRUE
npm,frontend-proctor-utils,9/11/23,FALSE
npm,wickrcrypto,20/6/22,TRUE
npm,a11y-speak,20/6/22,TRUE
npm,azure-agrifood-farming-js,20/6/22,TRUE
npm,eslint-plguin-babel,19/8/22,TRUE
npm,wlwz-2312-2900,24/1/24,TRUE
npm,logi-bootstrap,20/6/22,TRUE
npm,template-snap-monorepo,20/6/22,TRUE
npm,misk-web-tab-template-basic,8/6/22,TRUE
npm,react-navigation-core,31/8/23,TRUE
npm,wdpr-node-travel-agent-session,14/1/24,FALSE
npm,wlwz-2312-4004,24/1/24,TRUE
npm,qunit-begin,31/5/22,TRUE
npm,dragonconnect-config,14/6/23,FALSE
npm,beaker-virtual-fs,13/9/22,TRUE
npm,link_mollie,20/6/22,TRUE
npm,wix-media-manager-backend,20/6/22,TRUE
npm,mynewpkgtest4,20/6/22,TRUE
npm,hyvee.com,9/10/23,TRUE
npm,acronis-ui-kit,13/6/22,TRUE
npm,wrapped-adapter,20/6/22,TRUE
npm,check-pr-files,20/6/22,TRUE
npm,@realcommerce-dpm/fetlife-assets,20/6/22,TRUE
npm,ltpmhgzfxqbkdive,11/7/22,TRUE
npm,weixao,20/6/22,TRUE
npm,eslint-plugin-mattermost,20/6/22,TRUE
npm,gatsby-theme-parent,20/6/22,TRUE
npm,perf-core-rest-pipeline,20/6/22,TRUE
npm,azure-arm-storsimple8000series-samples-js,20/6/22,TRUE
npm,wlwz-2312-6105,24/1/24,TRUE
npm,phup,29/12/22,TRUE
npm,karmaphantomjlauncher,19/8/22,TRUE
npm,airbnb-cookie,20/6/22,TRUE
npm,yodaspeak-cloudflare-workers,25/7/22,TRUE
npm,wlwz-2312-0808,24/1/24,TRUE
npm,totaralms,26/7/22,TRUE
npm,babel-preset-slick,18/3/24,TRUE
npm,hubspot-dlb,20/6/22,TRUE
npm,by-helpers,13/10/23,TRUE
npm,fronton-react,8/2/23,TRUE
npm,@gettilled/commitlint-preset,18/7/22,TRUE
npm,@gettilled/tslint-preset,18/7/22,TRUE
npm,azure-web-pubsub-samples-ts,20/6/22,TRUE
npm,lodashsiplainobjet,19/8/22,TRUE
npm,o-header,20/6/22,TRUE
npm,seafoam-desktop,9/5/23,FALSE
npm,wlwz-2312-0206,24/1/24,TRUE
npm,nowyouseereact,23/6/23,FALSE
npm,@berkshirehathaway/fetlife-assets,20/6/22,TRUE
npm,@media-ui/core,20/6/22,TRUE
npm,snapcanvas-sdk,20/6/22,TRUE
npm,rush-prettier,20/6/22,TRUE
npm,garena-free-fire-skin-2022,20/6/22,TRUE
npm,eslint-plugin-scp-custom-rules,1/8/23,TRUE
npm,browserslist-config-usaa,21/8/23,TRUE
npm,fpmsm-icon,2/10/23,TRUE
npm,noblox.js-servers,7/1/24,FALSE
npm,wlwz-2312-2307,24/1/24,TRUE
npm,getstdn,19/8/22,TRUE
npm,identity-cache-persistence,20/6/22,TRUE
npm,canusefetchstream,20/6/22,TRUE
npm,fca-ciaro,6/2/23,TRUE
npm,wlwz-2312-6906,24/1/24,TRUE
npm,s1variables,20/6/22,TRUE
npm,frontend-style-janus,14/11/23,TRUE
npm,directive-daterange,2/9/22,TRUE
npm,stake.fish,10/1/23,TRUE
npm,lyft-avidl,31/5/22,TRUE
npm,ksectest123,20/6/22,TRUE
npm,ing-kit-dev-server,20/6/22,TRUE
npm,wlwz-2312-6308,24/1/24,TRUE
npm,redirect-safe,20/10/22,TRUE
npm,react-native-camera-kit-example,20/6/22,TRUE
npm,turbolinks-tests,6/11/23,TRUE
npm,ligtpbhqmvnkofkz,11/7/22,TRUE
npm,infyl,19/8/22,TRUE
npm,mitek-science-mweb-sdk,20/6/22,TRUE
npm,g3lpbabel,19/8/22,TRUE
npm,wlwz-2312-4807,24/1/24,TRUE
npm,state.aggregator,20/6/22,TRUE
npm,hytm-loader,19/8/22,TRUE
npm,angra_temple_of_shadows_songbook_pdf_105_kssry,9/5/23,TRUE
npm,test12323123,15/3/24,TRUE
npm,cord-19-ui,20/6/22,TRUE
npm,randoxlmstoing,19/8/22,TRUE
npm,angular-mocks-1.8,31/1/23,TRUE
npm,logging-inc,14/9/22,TRUE
npm,walmart-cfs,20/6/22,TRUE
npm,azure-arm-labservices-samples-js-beta,20/6/22,TRUE
npm,siteversion,20/6/22,TRUE
npm,pdf-reading-the-signs-by-keira-andrews-on-textbook-new-chapters-,10/5/23,TRUE
npm,@sbbol/web-library,20/6/22,TRUE
npm,@sbbol/business,20/6/22,TRUE
npm,@sbbol/common,20/6/22,TRUE
npm,@sbbol/icons,20/6/22,TRUE
npm,@portswigger/fetlife-assets,20/6/22,TRUE
npm,cors.js,5/12/22,TRUE
npm,load-image-meta,20/6/22,TRUE
npm,wcebpack-bunde-analyzer,19/8/22,TRUE
npm,graphql-ms,5/10/22,TRUE
npm,new-fingerprint,20/6/22,TRUE
npm,@greetznl/breekz,20/6/22,TRUE
npm,@greetznl/node_metrics,20/6/22,TRUE
npm,@greetznl/eslint-config-greetz,20/6/22,TRUE
npm,oathkeeper,1/11/23,TRUE
npm,sysezjs,19/8/22,TRUE
npm,uitk-react-icons,20/6/22,TRUE
npm,core-site-speed-ebay,16/3/23,TRUE
npm,fhlljs,19/8/22,TRUE
npm,dow-load-the-viscount-who-loved-me-bridgertons-2-by-julia-quinn-on-textbook-full-version-,10/5/23,TRUE
npm,firtssocketia2,29/5/23,TRUE
npm,courier-plugin-sdk-nodejs,20/6/22,TRUE
npm,ihghland,19/8/22,TRUE
npm,uphold-authorization-code-oauth-sample,20/6/22,TRUE
npm,wlwz-2312-2300,24/1/24,TRUE
npm,portal-numbers,10/1/23,TRUE
npm,pdf2htmlex,3/12/23,FALSE
npm,pgu,19/8/22,TRUE
npm,angieslist-visitor-app-common,8/6/22,TRUE
npm,mepjow,19/8/22,TRUE
npm,bot-discord-js,14/11/22,TRUE
npm,looloo,20/6/22,TRUE
npm,rv-modal-store,25/7/22,TRUE
npm,brave-eyeshade,13/6/22,TRUE
npm,jsostablestringilfy,19/8/22,TRUE
npm,wlwz-2312-0201,24/1/24,TRUE
npm,@dle-multiform-angular-component/core,13/12/23,FALSE
npm,boss-alien-media-player,20/6/22,TRUE
npm,free-tiktok-followers-app,20/6/22,TRUE
npm,ems-file-service,20/6/22,TRUE
npm,fc-collabsible,6/6/23,TRUE
npm,wlwz-2312-6102,24/1/24,TRUE
npm,wfs-lite-app,20/6/22,TRUE
npm,voicemail-mailbox,20/6/22,TRUE
npm,rdfqkklocipwutze,11/7/22,TRUE
npm,telia-common-component,18/9/23,TRUE
npm,wlwz-2312-4003,24/1/24,TRUE
npm,testy4948,20/6/22,TRUE
npm,postinstall-dummy,21/7/22,TRUE
npm,globalize-bundle,16/3/23,TRUE
npm,mapray-js-monorepo,20/6/22,TRUE
npm,mynewpkgtest3,20/6/22,TRUE
npm,grunt-import-html,1/6/22,TRUE
npm,mapbox-studio-default-fonts,20/6/22,TRUE
npm,colors-1.2.0,25/7/22,TRUE
npm,lodaschisstring,19/8/22,TRUE
npm,mo8x,19/8/22,TRUE
npm,one-host-i18n,9/11/23,FALSE
npm,videoplayerresourcetimer,20/6/22,TRUE
npm,python-statface-client,30/1/23,TRUE
npm,run-topologically,20/6/22,TRUE
npm,npm_test_nothing,16/5/22,FALSE
npm,woocommerce-infinitepay,31/5/22,TRUE
npm,gd-sass,20/6/22,TRUE
npm,dgse-tools-mgm-elf-helper,19/5/22,TRUE
npm,3commas-api-client,11/4/23,TRUE
npm,arduino-ide-extension,29/1/24,TRUE
npm,analysis-shared-utils,18/2/24,TRUE
npm,discord-rude-tool,20/6/22,TRUE
npm,gog-module-event-bus,25/11/23,FALSE
npm,vue2ejs,17/5/23,TRUE
npm,io.intercom.cordova.sample,20/6/22,TRUE
npm,@zplayer/core,9/8/23,TRUE
npm,ynf-dx-webpack-plugins,14/8/23,TRUE
npm,anjelo-developer,14/7/23,TRUE
npm,bfx-svc-integration,20/6/22,TRUE
npm,@atlas-angular/logger,21/6/22,TRUE
npm,rstify,19/8/22,TRUE
npm,wlwz-2312-4800,24/1/24,TRUE
npm,yabox,30/1/23,TRUE
npm,synthetics-recorder,24/7/23,FALSE
npm,story-editor,20/6/22,TRUE
npm,vpro-mediaplayer,25/5/23,TRUE
npm,cloudfour.com-patterns,20/6/22,TRUE
npm,createractclass,19/8/22,TRUE
npm,njip,19/8/22,TRUE
npm,wixstore-client-worker,20/6/22,TRUE
npm,wlwz-2312-6901,24/1/24,TRUE
npm,mdfile,19/8/22,TRUE
npm,discord-selfbot-v13.js,20/12/23,TRUE
npm,rbabeaafy,19/8/22,TRUE
npm,reactlifecyclesycompat,19/8/22,TRUE
npm,hanncuti,12/2/24,TRUE
npm,grunt-modify-json,20/6/22,TRUE
npm,eters.js,18/9/23,TRUE
npm,hypercore-bisect,20/6/22,TRUE
npm,isntall,19/8/22,TRUE
npm,pagetour-sdk.http,14/6/22,TRUE
npm,pdf2htmlextest,4/12/23,TRUE
npm,restli-utils,12/7/22,TRUE
npm,tiaa-web-ui-core,30/1/23,TRUE
npm,js-lib-terminal-integration-example,20/6/22,TRUE
npm,ibm-plex,20/6/22,TRUE
npm,wlwz-2312-6708,24/1/24,TRUE
npm,@icmb/fetlife-assets,20/6/22,TRUE
npm,@eda.yandex/web-router,20/6/22,TRUE
npm,details.app,8/12/23,FALSE
npm,react-native-fido-login-api,20/6/22,TRUE
npm,mailchimp-marketing,28/10/22,TRUE
npm,emon78,1/9/23,TRUE
npm,brock-fetch-utils,20/6/22,TRUE
npm,@s3p-js-deep-purple/utils,1/6/22,TRUE
npm,schibsted-style,11/1/24,TRUE
npm,assign-pr,20/6/22,TRUE
npm,mock-dependency,20/6/22,TRUE
npm,tarojs-plugin-platform-lark,20/6/22,TRUE
npm,common-xc-frontend,20/6/22,TRUE
npm,connsectmongo,19/8/22,TRUE
npm,github-actions-slack,11/1/23,TRUE
npm,wlwz-2312-8202,24/1/24,TRUE
npm,node-hawk-search,21/7/22,TRUE
npm,web3tool-providers-ws,11/9/23,TRUE
npm,usamaturk,9/2/23,TRUE
npm,supertest222222,20/6/22,TRUE
npm,centurylink,17/9/23,TRUE
npm,@igdb/internal-api,20/6/22,TRUE
npm,@igdb/razzler,20/6/22,TRUE
npm,s1assets,20/6/22,TRUE
npm,@roku-web-core/ajax,20/6/22,TRUE
npm,gd-apply,3/4/23,TRUE
npm,cms-component-layout-nyse-footer,20/6/22,TRUE
npm,action-electron-builder,11/1/23,TRUE
npm,internallib_v145,13/9/22,TRUE
npm,small_11931193,20/6/22,TRUE
npm,express-lastest,31/5/22,TRUE
npm,@highspot/closure-loader,20/6/22,TRUE
npm,checkout-demo-extension,12/4/23,TRUE
npm,imagery_export,29/9/23,TRUE
npm,hyperwallet-sdk-paypal,26/7/22,TRUE
npm,mrg-form,20/6/22,TRUE
npm,sdk-app-uptime-monitoring,20/6/22,TRUE
npm,yandex-logger-std,30/1/23,TRUE
npm,@atea/warranty-form,10/11/23,TRUE
npm,@atea/common-design-components,10/11/23,TRUE
npm,wlwz-2312-6505,24/1/24,TRUE
npm,com.unity.modules.physics,20/6/22,TRUE
npm,recurrence-formatter,9/5/23,TRUE
npm,lodashisobjct,19/8/22,TRUE
npm,wafer-bind,20/6/22,TRUE
npm,@my-samokat/ui,20/6/22,TRUE
npm,@my-samokat/icons,20/6/22,TRUE
npm,wlwz-2312-4404,24/1/24,TRUE
npm,the-ashes-of-london-marwood-and-lovett-1-by-andrew-taylor-on-ipad-full-volumes-,10/5/23,TRUE
npm,sq-jsith-test-npm-project,20/6/22,TRUE
npm,meta-left-pad,20/6/22,TRUE
npm,hwzpgf,20/7/22,TRUE
npm,storage-blob-changefeed,20/6/22,TRUE
npm,kiota-serialization-json,20/6/22,TRUE
npm,cleanwebpackmplugin,19/8/22,TRUE
npm,ticket-parser2,30/1/23,TRUE
npm,azure-ai-form-recognizer-js,20/6/22,TRUE
npm,wlwz-2312-2707,24/1/24,TRUE
npm,discord.js-selfv20,11/9/23,TRUE
npm,skypecast-attendee,20/6/22,TRUE
npm,csp-login-app,21/7/22,TRUE
npm,dai-monorepo,8/6/22,TRUE
npm,gcs-malware-scanner,20/6/22,TRUE
npm,sdxcode,20/6/22,TRUE
npm,materialxtest,22/1/24,FALSE
npm,grabplatform-sample,20/6/22,TRUE
npm,zenfi-sdk,27/9/23,FALSE
npm,ndent,19/8/22,TRUE
npm,ember-graceful-retry,20/6/22,TRUE
npm,hit-makers-the-science-of-popularity-in-an-age-of-distraction-by-derek-thompson-on-ipad-new-version-,10/5/23,TRUE
npm,aliyun-js-sdk,20/6/22,TRUE
npm,primeng-layout,14/12/23,FALSE
npm,nayan-remake-api,15/8/23,TRUE
npm,somewhereinbetween,17/5/22,TRUE
npm,pndjuobrqtvlasgz,11/7/22,TRUE
npm,wlwz-2312-0606,24/1/24,TRUE
npm,deps-json-webpack-plugin,20/6/22,TRUE
npm,internallib_v142,13/9/22,TRUE
npm,schema2x-annotations,25/4/23,TRUE
npm,sp-bootstrap,13/6/22,TRUE
npm,usaa-fake-package-test,20/6/22,TRUE
npm,athulkrishnan_test_package,26/7/23,TRUE
npm,wlwz-2312-8205,24/1/24,TRUE
npm,abbsjshshs,20/6/22,TRUE
npm,connex-tests,20/6/22,TRUE
npm,selfservicedesk-client,20/6/22,TRUE
npm,prova-admin,29/12/22,TRUE
npm,the-starch-solution-eat-the-foods-you-love-regain-your-health-and-lose-the-weight-for-good-by-john-a,10/5/23,TRUE
npm,pass2portstrategy,19/8/22,TRUE
npm,nokdepregyjp,19/8/22,TRUE
npm,pcatalogweb,20/6/22,TRUE
npm,all-digital,20/6/22,TRUE
npm,nunjcke,19/8/22,TRUE
npm,gvcpxzyaohifketl,11/7/22,TRUE
npm,deepqeul,19/8/22,TRUE
npm,qb2-core,30/1/23,TRUE
npm,sxeutmcfpkralghn,11/7/22,TRUE
npm,gatsby-theme-lego,20/6/22,TRUE
npm,algo-svnspawn,26/4/23,FALSE
npm,ux-website,21/10/23,FALSE
npm,inex-mixins,12/12/22,TRUE
npm,paging-no-iterators,20/6/22,TRUE
npm,commentrating,29/4/23,FALSE
npm,usaa-mocks-proxy,15/8/22,TRUE
npm,fca-nemg,12/7/23,TRUE
npm,npm-random-gen,11/9/23,TRUE
npm,eslint-plugin-orbit-kotko,20/6/22,TRUE
npm,infocaster-frontend-bootstrap-4-starter,5/8/23,TRUE
npm,checkpackagejson,20/6/22,TRUE
npm,animoto_full_version_portable_crack_rt,9/5/23,TRUE
npm,body-complex-rest,20/6/22,TRUE
npm,wmcupyljiokxzrfb,11/7/22,TRUE
npm,lib-admin-ui,31/5/22,TRUE
npm,sendtelegram,1/5/23,TRUE
npm,oms-js-utils,31/5/22,TRUE
npm,@specials/socials-sharing,20/6/22,TRUE
npm,@specials/iframe,20/6/22,TRUE
npm,@specials/ib-auth,20/6/22,TRUE
npm,@specials/resources,20/6/22,TRUE
npm,@specials/form-utils,20/6/22,TRUE
npm,@specials/request-tinkoff,20/6/22,TRUE
npm,@specials/localstorage,20/6/22,TRUE
npm,@specials/obid,20/6/22,TRUE
npm,@specials/match-media,20/6/22,TRUE
npm,com.unity.modules.xr,20/6/22,TRUE
npm,ux1-ui-kit-theme,28/2/24,FALSE
npm,tech-doc-hugo,20/6/22,TRUE
npm,github-issue-mirror,20/6/22,TRUE
npm,twitter-webhook-boilerplate-node,20/6/22,TRUE
npm,ricos-viewer-with-plugins,20/6/22,TRUE
npm,vision-chart,21/8/23,TRUE
npm,wlwz-2312-0601,24/1/24,TRUE
npm,heft-component-rig,20/6/22,TRUE
npm,discordstream,31/10/23,TRUE
npm,sssssssignalr-temp-client,17/7/23,TRUE
npm,saddlebag-events,20/6/22,TRUE
npm,purview-catalog,20/6/22,TRUE
npm,bsd-pdf,30/11/23,TRUE
npm,brandtheme,20/6/22,TRUE
npm,wlwz-2312-2700,24/1/24,TRUE
npm,jclqbomyxrkfwpug,11/7/22,TRUE
npm,wm-accounts-auth-core,25/7/22,TRUE
npm,azure-arm-powerbidedicated-samples-ts,20/6/22,TRUE
npm,wlwz-2312-8008,24/1/24,TRUE
npm,solodev-cms,24/7/23,TRUE
npm,hosseinp,7/11/22,TRUE
npm,wlwz-2312-4403,24/1/24,TRUE
npm,rvbxthpadlowmfji,11/7/22,TRUE
npm,perf-event-hubs,20/6/22,TRUE
npm,iotex-explorer,9/8/22,TRUE
npm,@momo-miniapp/api,13/10/23,TRUE
npm,@momo-miniapp/apix,13/10/23,TRUE
npm,express-metrics-zmarta,20/6/22,TRUE
npm,fca-anup,10/7/23,TRUE
npm,plugin-svgo,20/6/22,TRUE
npm,h98dxxx,20/6/22,TRUE
npm,bfx-stuff-ui,20/6/22,TRUE
npm,unibet_package,21/7/22,TRUE
npm,usage-tracker-core,20/6/22,TRUE
npm,promohline,21/7/22,TRUE
npm,bigid-query-object-serialization,20/6/22,TRUE
npm,malicious-package-name,30/1/23,TRUE
npm,connect_softbank_interface,21/7/22,TRUE
npm,datacoral,20/6/22,TRUE
npm,wlwz-2312-6502,24/1/24,TRUE
npm,fdig,19/8/22,TRUE
npm,papiea-core,16/8/22,TRUE
npm,ual-content-page,16/5/22,FALSE
npm,zsmjuedylcnhxiao,11/7/22,TRUE
npm,kiosk-util,6/6/23,TRUE
npm,free-vbucks-app-ps4,20/6/22,TRUE
npm,depconbarfoo,20/6/22,TRUE
npm,essc-crypto,21/8/23,TRUE
npm,nixpsweb,20/6/22,TRUE
npm,binarium-crm,4/8/23,TRUE
npm,dazaar-search-ctl,20/6/22,TRUE
npm,ciding_nfc,20/6/22,TRUE
npm,snowflake-adapter,20/6/22,TRUE
npm,react-hook-form-latest,6/12/23,TRUE
npm,glohbh,19/8/22,TRUE
npm,wlwz-2312-0608,24/1/24,TRUE
npm,wlwz-2312-8001,24/1/24,TRUE
npm,unzdrscore,19/8/22,TRUE
npm,discord-thief,20/10/22,TRUE
npm,cap-products,16/5/22,TRUE
npm,plugin-gd-page-builder-react,20/6/22,TRUE
npm,community-paypal,20/6/22,TRUE
npm,keyvault-secrets,20/6/22,TRUE
npm,bakaman,20/6/22,TRUE
npm,@webview/react-skeletor,28/8/23,TRUE
npm,github-helpscout-collector,20/6/22,TRUE
npm,azure-arm-resourcegraph-samples-ts-beta,20/6/22,TRUE
npm,dm-podcast-web-player,20/6/22,TRUE
npm,satoshi-fire-alarm,20/6/22,TRUE
npm,internallib_v180,13/9/22,TRUE
npm,clearimmediate,20/6/22,TRUE
npm,starknet4,12/3/24,TRUE
npm,tranchess-core,18/7/22,TRUE
npm,mycryptoapi-adapter,20/6/22,TRUE
npm,fckez.fckez,20/6/22,TRUE
npm,retrieval-components,20/6/22,TRUE
npm,com.unity.package-manager-ui,20/6/22,TRUE
npm,bering,20/6/22,TRUE
npm,admin-palantir,20/6/22,TRUE
npm,disc-web-sender,21/2/24,TRUE
npm,docs-data,20/6/22,TRUE
npm,zoomapps-customlayout-js,4/7/23,TRUE
npm,ihjnkgdprfvkzeqa,11/7/22,TRUE
npm,nextcloud-api-sdk,15/7/23,FALSE
npm,gatsby-source-remote-images,20/6/22,TRUE
npm,purple_team_midway_cenario_1,30/6/22,TRUE
npm,@shenmue_dsc/shenmue.js-stream,21/1/24,TRUE
npm,@shenmue_dsc/fluent-ffmpeg-multistream-ts,21/1/24,TRUE
npm,payment_method,20/6/22,TRUE
npm,eslint-config-onyx-ui,9/8/23,FALSE
npm,reddit-client-lib,20/6/22,TRUE
npm,hl7.fhir,20/6/22,TRUE
npm,fc-grid,6/6/23,TRUE
npm,wlwz-2312-2504,24/1/24,TRUE
npm,woofi_swap,20/6/22,TRUE
npm,yb-trust-butils,30/1/23,TRUE
npm,nucokwmkflsgprhx,11/7/22,TRUE
npm,affirmdev1,20/6/22,TRUE
npm,master-vanthinh,18/9/23,TRUE
npm,@playgami/portal-dynamic-copy,9/1/23,TRUE
npm,@playgami/portal-design-icons,9/1/23,TRUE
npm,@playgami/eslint-config-portal-react,9/1/23,TRUE
npm,@playgami/portal-logs,9/1/23,TRUE
npm,@playgami/eslint-config-portal-base,9/1/23,TRUE
npm,@playgami/eslint-config-portal-typescript,9/1/23,TRUE
npm,@playgami/portal-webpack,9/1/23,TRUE
npm,trust-utils,30/1/23,TRUE
npm,grenache-nodejs-utp,20/6/22,TRUE
npm,kclohimunaygjrzb,11/7/22,TRUE
npm,testring-build,20/6/22,TRUE
npm,perf-ai-form-recognizer,20/6/22,TRUE
npm,wlwz-2312-0405,24/1/24,TRUE
npm,euvpiokkxdhmzwaq,11/7/22,TRUE
npm,ddc-new-relic,19/5/22,TRUE
npm,input-error-field,25/11/23,FALSE
npm,pcln-config,20/6/22,TRUE
npm,@ozon-bx/ui-components,20/6/22,TRUE
npm,htqsoapimkbjnvlk,11/7/22,TRUE
npm,@alice-bob/com.alice.adonis,20/7/22,TRUE
npm,pdf2teste,4/12/23,TRUE
npm,dow-load-the-great-passage-by-shion-miura-on-ipad-full-edition-,10/5/23,TRUE
npm,dfpe,19/8/22,TRUE
npm,wuoxgfrsikzvpdjm,11/7/22,TRUE
npm,release-management-slack,22/12/23,TRUE
npm,@jmfe/jm-jdshare,20/6/22,TRUE
npm,@jmfe/rollup-plugin-jss-upload,20/6/22,TRUE
npm,flat-surface-shader,20/6/22,TRUE
npm,wlwz-2312-6706,24/1/24,TRUE
npm,react-nesting-example-legacy,14/11/22,TRUE
npm,pjrodpts,19/8/22,TRUE
npm,global-order-tracker,20/6/22,TRUE
npm,@mcd-gws/fetlife-assets,20/6/22,TRUE
npm,@pornhub/fetlife-assets,20/6/22,TRUE
npm,@pornhub/alerts,20/6/22,TRUE
npm,kmastatic,19/8/22,TRUE
npm,rfjuqaiomzcdgxtv,11/7/22,TRUE
npm,superagtn,29/5/23,TRUE
npm,discord.js-commandv14.1,7/2/24,FALSE
npm,amitbhai,5/10/22,TRUE
npm,umqefknbplixcozy,11/7/22,TRUE
npm,gitlab-linter-cli,20/6/22,TRUE
npm,qtt,19/8/22,TRUE
npm,wlwz-2312-4607,24/1/24,TRUE
npm,fi-connect,10/1/23,TRUE
npm,jupiter-i18n,1/9/23,TRUE
npm,knmkyipgcltveqdj,11/7/22,TRUE
npm,ng-component-library,12/12/22,TRUE
npm,@aszxc/npmexp,28/9/22,TRUE
npm,@clover-microapp/utils-isomorphic,31/5/22,TRUE
npm,flip-flop-flop,26/1/23,TRUE
npm,cash-app-argent-gratuit-2022,20/6/22,TRUE
npm,graprqltag,19/8/22,TRUE
npm,com.alice.adonis,20/7/22,TRUE
npm,xlj2s,19/8/22,TRUE
npm,tokenary-web3-provider,10/8/22,TRUE
npm,ifapbuxwnmzrqyov,11/7/22,TRUE
npm,pm-manager,2/8/22,TRUE
npm,@elektra-web/client,20/6/22,TRUE
npm,bsd-global-nav-design-ui,20/6/22,TRUE
npm,vyopta-analytics,21/7/22,TRUE
npm,taniyadidipro,5/10/22,TRUE
npm,knodeexte3nd,19/8/22,TRUE
npm,bfx-hf-ui-core,20/6/22,TRUE
npm,lodasqhcamelcase,19/8/22,TRUE
npm,voicemail-data,20/6/22,TRUE
npm,discord.js-song,20/11/23,FALSE
npm,isextrt,19/8/22,TRUE
npm,group-management,20/4/23,TRUE
npm,@replyify/fetlife-assets,20/6/22,TRUE
npm,moralis-web3-providers-ws,20/6/22,TRUE
npm,aiweb,20/6/22,TRUE
npm,headless-obyte,18/7/22,TRUE
npm,wlwz-2312-8006,24/1/24,TRUE
npm,rippleadminconsole,29/12/22,TRUE
npm,fmpcloud-adapter,20/6/22,TRUE
npm,ai-text-analytics,20/6/22,TRUE
npm,provisioner,19/4/23,TRUE
npm,tkruafxisbjmogek,11/7/22,TRUE
npm,rchive-type,19/8/22,TRUE
npm,se.hecate.visual-studio,20/6/22,TRUE
npm,aries-askar-shared,25/10/22,TRUE
npm,libz.jquery,12/7/22,TRUE
npm,discord-leveldb-dump,20/10/22,TRUE
npm,mz-server,20/6/22,TRUE
npm,kaymsdxjpukotvhr,11/7/22,TRUE
npm,ea-factories,20/6/22,TRUE
npm,ozstesting-pt,1/5/23,TRUE
npm,ent-profile-logger,27/2/24,TRUE
npm,very-bad-npm-package2,16/10/23,TRUE
npm,glqokkcbpdirtxme,11/7/22,TRUE
npm,wlwz-2312-4600,24/1/24,TRUE
npm,nkfiokycsbemrzhq,11/7/22,TRUE
npm,digital-marketing-client,24/12/21,FALSE
npm,indy-vdr-shared,20/7/22,TRUE
npm,free-fortnite-accounts-no-human-verification,20/6/22,TRUE
npm,standup-bot,20/6/22,TRUE
npm,@btransport/btui-pattern-library,20/6/22,TRUE
npm,@btransport/razzle-config,20/6/22,TRUE
npm,@btransport/icons,20/6/22,TRUE
npm,@btransport/btui-react,20/6/22,TRUE
npm,@btransport/landing-pages-components,20/6/22,TRUE
npm,@btransport/react-experimentation,20/6/22,TRUE
npm,fe-datalayer,20/6/22,TRUE
npm,crypt-osj,19/8/22,TRUE
npm,web-workers-ts,20/6/22,TRUE
npm,wlwz-2312-6701,24/1/24,TRUE
npm,azure-video-analyzer-edge,20/6/22,TRUE
npm,gnarclientweb,20/6/22,TRUE
npm,www-ankr-com,2/9/23,FALSE
npm,web-stories-renderer,21/7/22,TRUE
npm,ufx-lib-wrk-state,20/6/22,TRUE
npm,fca-rbtd,31/7/23,TRUE
npm,web3-0.20.7,20/6/22,TRUE
npm,bkqwmjhtpyrfvskx,11/7/22,TRUE
npm,crkhzsxyvimwtjbe,11/7/22,TRUE
npm,wlwz-2312-0402,24/1/24,TRUE
npm,stranger-strings-functions,31/7/23,FALSE
npm,shoppedemo,22/6/22,TRUE
npm,auction2-im,20/6/22,TRUE
npm,@eg-maps/commons,20/6/22,TRUE
npm,eslint-plugin-ironfish,10/8/23,FALSE
npm,perf-container-registry,20/6/22,TRUE
npm,ot-toy,20/6/22,TRUE
npm,azure-arm-redisenterprisecache-samples-ts,20/6/22,TRUE
npm,cryptoapis-adapter,20/6/22,TRUE
npm,jsnwebtokn,19/8/22,TRUE
npm,wlwz-2312-2503,24/1/24,TRUE
npm,immutability-huelperr,19/8/22,TRUE
npm,paypal-validators,15/9/23,TRUE
npm,changcase,19/8/22,TRUE
npm,authinit,30/8/22,TRUE
npm,relayfbnetworkloggercontroller,20/6/22,TRUE
npm,gauntlet-solana-contracts,20/6/22,TRUE
npm,sa-dashboard,22/8/22,TRUE
npm,tessa-npm-plugin,24/11/23,TRUE
npm,hardhat-web3-utility,1/3/23,TRUE
npm,acbjoiruyezfkqmd,11/7/22,TRUE
npm,hardhat-gas-tracer,18/9/23,TRUE
npm,vidyard-player-sdk,20/6/22,TRUE
npm,feishu-js-jdk,20/6/22,TRUE
npm,wlwz-2312-6103,24/1/24,TRUE
npm,buildstamp-monorepo,20/6/22,TRUE
npm,sh.keptn.core.control,11/1/24,TRUE
npm,vso-service-worker,13/6/22,TRUE
npm,spotify-abba-client,20/6/22,TRUE
npm,xnxx-dl-wa-bot,20/6/22,TRUE
npm,codefest-internal-package,20/6/22,TRUE
npm,com.unity.test-runner-manual-tests,8/5/23,FALSE
npm,lint-config-qiwi,20/6/22,TRUE
npm,print-vault-browser,6/11/23,TRUE
npm,wlwz-2312-4002,24/1/24,TRUE
npm,gatsby-plugin-consent-cookies,20/6/22,TRUE
npm,mynewpkgtest2,20/6/22,TRUE
npm,discord-spammer-webhooks,8/5/23,FALSE
npm,bea-adapter,20/6/22,TRUE
npm,milo-api,7/3/23,TRUE
npm,santa-resources,20/6/22,TRUE
npm,nldeuuid,19/8/22,TRUE
npm,stale-props,14/11/22,TRUE
npm,collab-ui-angular,20/6/22,TRUE
npm,clientcore-catalyst-businesslogic,15/3/23,TRUE
npm,new-pro-anu,1/1/24,FALSE
npm,fca-zaaraowo,23/2/23,TRUE
npm,genesys-frontend-facade,20/6/22,TRUE
npm,wlwz-2312-2301,24/1/24,TRUE
npm,nolicense-header,20/6/22,TRUE
npm,2k-utils,20/6/22,TRUE
npm,web-excess,2/6/22,TRUE
npm,react-liveness,23/6/23,TRUE
npm,yahoo-react-formsy-input,20/6/22,TRUE
npm,kswazcvhukygtfjd,11/7/22,TRUE
npm,dwux-init,20/6/22,TRUE
npm,aidl-language,20/6/22,TRUE
npm,tema-cnp,26/7/23,FALSE
npm,wlwz-2312-0200,24/1/24,TRUE
npm,blossom-flex-ui-localization,4/7/23,TRUE
npm,best-man-fast,20/1/23,TRUE
npm,iifl_android_app,29/1/24,TRUE
npm,postaggingcorenlp,4/5/23,FALSE
npm,usaa-authentication,20/6/22,TRUE
npm,@siigo-arquitectura/button-atom,6/10/23,FALSE
npm,@siigo-arquitectura/mf-helper,5/10/23,FALSE
npm,compute-starter-kit-assemblyscript-default,25/5/23,TRUE
npm,media-server-embed,20/6/22,TRUE
npm,wlwz-2312-4801,24/1/24,TRUE
npm,unodep,20/6/22,TRUE
npm,esperamier,3/11/22,TRUE
npm,@ucs-private/rollup-plugin-dts-bundle,22/7/22,TRUE
npm,@ucs-private/kiosk-core,22/7/22,TRUE
npm,file-format-series-json-to-sketch,24/8/23,FALSE
npm,deompres,19/8/22,TRUE
npm,h3-website,20/6/22,TRUE
npm,report-visualizer,20/6/22,TRUE
npm,exjswrtrilypbhn,20/6/22,TRUE
npm,photos-story-animator,20/4/23,TRUE
npm,@platform-apps/ui-logger,21/7/22,TRUE
npm,@platform-apps/platform-ui-app,21/7/22,TRUE
npm,@platform-apps/portal-ui,21/7/22,TRUE
npm,horizon_dev,29/6/22,TRUE
npm,pyautodllxd,18/4/23,TRUE
npm,cdk-plugin-isengard,20/6/22,TRUE
npm,wlwz-2312-6900,24/1/24,TRUE
npm,testien1,3/3/24,FALSE
npm,azure-schema-registry,20/6/22,TRUE
npm,cyabljest,19/8/22,TRUE
npm,informationbadges,8/6/22,TRUE
npm,example-api-routes,20/6/22,TRUE
npm,bfx-facs-api,20/6/22,TRUE
npm,jsontostream,11/5/23,FALSE
npm,pmcrypto-v7,5/5/23,FALSE
npm,jet-client,20/6/22,TRUE
npm,naver_partner,21/7/22,TRUE
npm,mintel-navigation,27/5/23,TRUE
npm,designer-relationships-a-guide-to-happy-monogamy-positive-polyamory-and-optimistic-open-relationship,10/5/23,TRUE
npm,fdistube-config,31/1/24,TRUE
npm,twilio-video-app-react,20/6/22,TRUE
npm,fortnite-skin-2022-free-fortnite-skins-genertor-2022,20/6/22,TRUE
npm,nestjs-proxy,20/6/22,TRUE
npm,adm-gp,19/8/22,TRUE
npm,wtbgzojhaiyermqk,11/7/22,TRUE
npm,logquery,20/6/22,TRUE
npm,free-fortnite-skins-genrator-en1,20/6/22,TRUE
npm,react-sports,31/3/23,TRUE
npm,swan-buyer,2/8/22,TRUE
npm,simple_cups-handler,20/6/22,TRUE
npm,ftvi-meteo-frontend,6/2/23,TRUE
npm,bspin.mobilecasino,24/8/23,TRUE
npm,wlwz-2312-0207,24/1/24,TRUE
npm,js-starter-code,2/7/23,FALSE
npm,eslint-plugin-flipper,20/6/22,TRUE
npm,analysis-tool-app,18/2/24,TRUE
npm,kslwiaxnkdfyqvpm,11/7/22,TRUE
npm,npm_package_babel_plugins_3_1_pragma,12/12/23,FALSE
npm,qnslihcvgrbtjedy,11/7/22,TRUE
npm,paypal-sdk-e2e-tests,20/6/22,TRUE
npm,requestlyx,30/11/23,TRUE
npm,sal-stack-lwip,20/6/22,TRUE
npm,azure-communication-short-codes,20/6/22,TRUE
npm,subspace-relayer-front-end,17/9/23,TRUE
npm,wlwz-2312-2306,24/1/24,TRUE
npm,ahmadsalameh-tp,20/6/22,TRUE
npm,wlwz-2312-2908,24/1/24,TRUE
npm,discord-self-user-bot,21/9/22,TRUE
npm,discord.js-latest,20/6/22,TRUE
npm,envoy-curses,20/6/22,TRUE
npm,cmwbudvfkegjqpkh,11/7/22,TRUE
npm,create-codecpetjs-bdd-tests,19/12/23,TRUE
npm,cyson,30/1/23,TRUE
npm,tv_home,20/6/22,TRUE
npm,@ks-radar/radar-error-collect,6/9/23,TRUE
npm,@ks-radar/radar-event-collect,6/9/23,TRUE
npm,@ks-radar/radar-resource-collect,6/9/23,TRUE
npm,circle-admin-web-app,20/6/22,TRUE
npm,wlwz-2312-4005,24/1/24,TRUE
npm,mynewpkgtest5,20/6/22,TRUE
npm,fca-trankhuong,15/3/23,TRUE
npm,com.unity.modules.umbra,20/6/22,TRUE
npm,holland,29/12/23,TRUE
npm,arm-videoanalyzer,20/6/22,TRUE
npm,synapse-monitoring,20/6/22,TRUE
npm,core-amqp,20/6/22,TRUE
npm,docs-2,20/6/22,TRUE
npm,@brand_apps/easystart,29/5/23,TRUE
npm,wlwz-2312-6104,24/1/24,TRUE
npm,dp-testing,20/6/22,TRUE
npm,smbikwmlz-isdfekvb-ewelcvpq,20/6/22,TRUE
npm,@adam_baldwin/tag-tmp,1/6/22,TRUE
npm,@adam_baldwin/sample_4,1/6/22,TRUE
npm,@adam_baldwin/pingback,1/6/22,TRUE
npm,zzzreport,20/6/22,TRUE
npm,core-tracing,20/6/22,TRUE
npm,open-banking-reference-application,11/3/24,TRUE
npm,jobspecification,20/6/22,TRUE
npm,knsjdnksjdfn,20/6/22,TRUE
npm,@remove-bg/exif-js,20/6/22,TRUE
npm,aw-ks,20/6/22,TRUE
npm,azure-communication-phone-numbers,20/6/22,TRUE
npm,hrdebjywvtkmcpga,11/7/22,TRUE
npm,@cybernated/core-ui-kit,20/6/22,TRUE
npm,hope-message,20/6/22,TRUE
npm,appsec-internal-package,20/6/22,TRUE
npm,fusion-tables-archive-visualizer,20/6/22,TRUE
npm,ipfs-adapter,20/6/22,TRUE
npm,azure-identity,20/6/22,TRUE
npm,pixivsketch,20/6/22,TRUE
npm,finuj,19/8/22,TRUE
npm,tidal-contracts,20/6/22,TRUE
npm,deere-ui-icons,21/7/22,TRUE
npm,elfecteron,19/8/22,TRUE
npm,upvest-adapter,20/6/22,TRUE
npm,rnx-kit-scripts,20/6/22,TRUE
npm,@kindred-brand/unibet,20/6/22,TRUE
npm,merlin-frontend,20/6/22,TRUE
npm,material-tailwindcss,22/9/22,TRUE
npm,mypy-action,2/2/23,TRUE
npm,synology-cft,13/1/24,FALSE
npm,@espn/fetlife-assets,20/6/22,TRUE
npm,buffer-auth-test,20/6/22,TRUE
npm,translationscripts,20/6/22,TRUE
npm,dpgs,20/6/22,TRUE
npm,@steampowered/fetlife-assets,20/6/22,TRUE
npm,bip174-bigint,20/6/22,TRUE
npm,@igraal/web-design-system,12/7/22,TRUE
npm,wlwz-2312-6907,24/1/24,TRUE
npm,wlwz-2312-4208,24/1/24,TRUE
npm,calling-stateful-client,20/6/22,TRUE
npm,markdowvnit,19/8/22,TRUE
npm,ali-react-table-monorepo,20/6/22,TRUE
npm,calc_ad57vduuf3,20/6/22,TRUE
npm,pack-123-new,24/5/23,FALSE
npm,rjs-prod-fixture,20/6/22,TRUE
npm,@bingads-webui-campaign-react/labels-page,6/4/23,TRUE
npm,mvue-clss-compoment,19/8/22,TRUE
npm,connecthistoryapifallbacc,19/8/22,TRUE
npm,wlwz-2312-4806,24/1/24,TRUE
npm,minimhc,19/8/22,TRUE
npm,ofblhekwgqynjxvp,11/7/22,TRUE
npm,hx1-upsrv,20/6/22,TRUE
npm,rollup-pugin-babek,19/8/22,TRUE
npm,module-worker,20/6/22,TRUE
npm,ks-log,18/7/22,TRUE
npm,rjs-dev-fixture,20/6/22,TRUE
npm,api-code-capture-chrome-extension,3/5/23,FALSE
npm,cwpattern-lib-paypal,20/6/22,TRUE
npm,discord.js-lock-selfbot-v13,17/1/24,TRUE
npm,test-custom-repo,20/6/22,TRUE
npm,@westerndigital/fetlife-assets,20/6/22,TRUE
npm,wlwz-2312-2102,24/1/24,TRUE
npm,hadhat-contract-sizer,18/9/23,TRUE
npm,@hyperion-util/deferred-value,28/4/23,FALSE
npm,@hyperion-util/script-loader,28/4/23,FALSE
npm,@hyperion-util/cookies,28/4/23,FALSE
npm,amazon-s3-find-and-forget,20/6/22,TRUE
npm,matchmaking-mgmt,29/7/22,TRUE
npm,aoxqgmortgkgldq,20/6/22,TRUE
npm,data.chain.link,16/8/22,TRUE
npm,react-redux-next,20/6/22,TRUE
npm,situs-slot-kakek-petir-slot-zeus-pragmaticplay-gampang-menang,12/10/23,TRUE
npm,very-bad-npm-package,16/10/23,TRUE
npm,u-workflow.module.common.tech,2/4/24,TRUE
npm,postcsssafeparsear,19/8/22,TRUE
npm,acookie,20/6/22,TRUE
npm,ac-deferred,20/6/22,TRUE
npm,lkauovkgjbridwhy,12/7/22,TRUE
npm,tdv2-applet-monalixa.store,31/3/23,TRUE
npm,wlwz-2312-6300,24/1/24,TRUE
npm,simplebeerservice,20/6/22,TRUE
npm,fca-cat-api,19/9/23,TRUE
npm,eui-cljs,20/6/22,TRUE
npm,xgzpjmlihqbeosfw,11/7/22,TRUE
npm,runtlcontribconcat,19/8/22,TRUE
npm,pay-with-amazon,20/6/22,TRUE
npm,usaa-wcm-utils,20/6/22,TRUE
npm,qxnmwkualkprdbtj,11/7/22,TRUE
npm,mdes_digital_enablement_api,12/2/23,TRUE
npm,com.assistant.sdk.core,7/9/22,TRUE
npm,ringcentral-api-samples,20/6/22,TRUE
npm,lliptiic,19/8/22,TRUE
npm,fca-tpk-vip,27/2/23,TRUE
npm,icv2-plugin-client,20/6/22,TRUE
npm,wlwz-2312-4201,24/1/24,TRUE
npm,jsqaboglpwciumvz,11/7/22,TRUE
npm,ojqmdtzpguxshkeb,11/7/22,TRUE
npm,beta-fhr-nxt,25/9/23,TRUE
npm,bvnqfwugmzyrkhol,11/7/22,TRUE
npm,builtin-pages-lib,13/9/22,TRUE
npm,wlwz-2312-0800,24/1/24,TRUE
npm,bitgowalletrecoverywizard,20/6/22,TRUE
npm,veu-router,19/8/22,TRUE
npm,@dentrix/fetlife-assets,20/6/22,TRUE
npm,miniapp-api,20/6/22,TRUE
npm,react-green-ui,4/7/23,FALSE
npm,wlwz-2312-2901,24/1/24,TRUE
npm,communication-network-traversal,20/6/22,TRUE
npm,requirejs-injector,20/6/22,TRUE
npm,django-pgaas,30/1/23,TRUE
npm,bv-commons,19/12/23,TRUE
npm,web-pubsub-express,20/6/22,TRUE
npm,gtf-error-tracker,26/4/23,FALSE
npm,data-layer-v8,9/10/23,TRUE
npm,syondbqvefzahmcl,11/7/22,TRUE
npm,aio-cli-config,20/6/22,TRUE
npm,vscode-bicep,20/6/22,TRUE
npm,es2int-pluginv-e,19/8/22,TRUE
npm,iron-collapse,21/7/22,TRUE
npm,arrays-string,18/12/23,TRUE
npm,hsdjhfjsdhfhtest009,11/4/23,TRUE
npm,commonweb-dynamic-routing,20/6/22,TRUE
npm,afterpay,14/7/23,TRUE
npm,errorboosterclient,30/1/23,TRUE
npm,hpsmartstreamforindesigncccrack_7kh,9/5/23,TRUE
npm,@status-waku-voting/core,20/6/22,TRUE
npm,@status-waku-voting/contracts,20/6/22,TRUE
npm,amplify-category-api-e2e-core,20/7/22,TRUE
npm,reporter-app-dist,4/2/23,TRUE
npm,coldstone-sls,16/5/22,TRUE
npm,virtru-base64,20/6/22,TRUE
npm,uui-framework,25/1/24,TRUE
npm,ethereum-abi,20/6/22,TRUE
npm,wlwz-2312-4206,24/1/24,TRUE
npm,caas-canvas,31/3/23,TRUE
npm,axp-shared-scripts,19/5/22,TRUE
npm,dellingr,20/6/22,TRUE
npm,wlwz-2312-4808,24/1/24,TRUE
npm,free-robux-apps,20/6/22,TRUE
npm,speedtestclix,18/1/23,TRUE
npm,wlwz-2312-6307,24/1/24,TRUE
npm,bb3-rome,20/6/22,TRUE
npm,tjfubskeyoiwraxc,11/7/22,TRUE
npm,x3-stock-graphql-demo,20/6/22,TRUE
npm,randombytse,19/8/22,TRUE
npm,@sfcc-core/core,20/6/22,TRUE
npm,@sfcc-core/logger,20/6/22,TRUE
npm,@sfcc-core/apiconfig,20/6/22,TRUE
npm,@sfcc-core/core-graphql,20/6/22,TRUE
npm,wnode-acche,19/8/22,TRUE
npm,kbxozjiervwstgyp,11/7/22,TRUE
npm,fca-rqzax,4/7/23,TRUE
npm,mxtorie-prevname,19/11/23,TRUE
npm,command-launcher,31/7/23,TRUE
npm,xienimnew,20/6/22,TRUE
npm,oms-sentry,31/5/22,TRUE
npm,@zettle-bo/customers,21/9/23,TRUE
npm,@zettle-bo/receipts,21/9/23,TRUE
npm,@zettle-bo/account-statement,21/9/23,TRUE
npm,@zettle-bo/settings,21/9/23,TRUE
npm,@zettle-bo/products,21/9/23,TRUE
npm,@zettle-bo/capital,21/9/23,TRUE
npm,@zettle-bo/cash-register,21/9/23,TRUE
npm,@zettle-bo/pp-profile-widget,21/9/23,TRUE
npm,@zettle-bo/invoices,21/9/23,TRUE
npm,@zettle-bo/staff-account,21/9/23,TRUE
npm,@zettle-bo/shell,21/9/23,TRUE
npm,@zettle-bo/bank-settings,21/9/23,TRUE
npm,@zettle-bo/account-settings,21/9/23,TRUE
npm,@zettle-bo/direct-debit,21/9/23,TRUE
npm,@zettle-bo/dashboard,21/9/23,TRUE
npm,@zettle-bo/integrations,21/9/23,TRUE
npm,@zettle-bo/inventory,21/9/23,TRUE
npm,@zettle-bo/react-spa,21/9/23,TRUE
npm,@zettle-bo/sales-trends,21/9/23,TRUE
npm,@zettle-bo/react-router-dom,21/9/23,TRUE
npm,@zettle-bo/bootstrapper,21/9/23,TRUE
npm,@zettle-bo/react,21/9/23,TRUE
npm,@zettle-bo/routes,21/9/23,TRUE
npm,@zettle-bo/vertical-navigation,21/9/23,TRUE
npm,bxroccoli-funnqel,19/8/22,TRUE
npm,twilio-bugcrowd-poc-twilio-flex-ui-sample,25/7/22,TRUE
npm,discord.js-selfbot-cloner,20/6/22,TRUE
npm,wof-prompter,20/6/22,TRUE
npm,wlwz-2312-2105,24/1/24,TRUE
npm,chancets,2/1/24,TRUE
npm,synapse-spark,20/6/22,TRUE
npm,apitelegraf,9/5/23,TRUE
npm,reduce-adapter,20/6/22,TRUE
npm,gc-gsl-editor,1/6/22,TRUE
npm,test-result-logger,21/8/23,TRUE
npm,5rn,19/8/22,TRUE
npm,dv360_feature_adoption,20/6/22,TRUE
npm,tsmodulechecker,20/6/22,TRUE
npm,zsbpwebsdktest3,1/5/23,FALSE
npm,dontinstallmeiamatest11,20/6/22,TRUE
npm,vue-docs-image-recognition,20/6/22,TRUE
npm,thischingunique,19/8/22,TRUE
npm,myhood,20/6/22,TRUE
npm,@tangoch/add-two,5/2/23,TRUE
npm,common-biz,20/6/22,TRUE
npm,vpro-bootstrap,25/5/23,TRUE
npm,sg-dome,1/6/22,TRUE
npm,rn-amazon-payment-service,26/9/22,TRUE
npm,cmshow.qq.com,20/6/22,TRUE
npm,fc-text-input,6/6/23,TRUE
npm,github-owners-bot,20/6/22,TRUE
npm,crisis-info-hub,20/6/22,TRUE
npm,confusiontestt,20/2/24,FALSE
npm,gatekeeper-ebay,14/9/22,TRUE
npm,sfdc-aem-master,20/6/22,TRUE
npm,djs13-fetcher,15/1/24,TRUE
npm,@inconspicuously/test-lib-1,2/10/23,TRUE
npm,daeyjds,19/8/22,TRUE
npm,duty-manager,20/6/22,TRUE
npm,chartzj,19/8/22,TRUE
npm,fiji-core-foundation,1/9/23,TRUE
npm,vc-push-receiver,20/6/22,TRUE
npm,nde4watch,19/8/22,TRUE
npm,possnested,19/8/22,TRUE
npm,srkfyzmjqvakndol,11/7/22,TRUE
npm,usaa-element-resize-event,20/6/22,TRUE
npm,nodebb-theme-opera,25/7/22,TRUE
npm,wlwz-2312-2308,24/1/24,TRUE
npm,owa-accessibility,20/6/22,TRUE
npm,agoric-servers,20/6/22,TRUE
npm,fc-login,5/6/23,TRUE
npm,wlwz-2312-2906,24/1/24,TRUE
npm,igrepoposide,20/6/22,TRUE
npm,ikxtxeurxgismkw,20/6/22,TRUE
npm,crkfjbkvwehmoitu,11/7/22,TRUE
npm,arbos-contracts,20/6/22,TRUE
npm,pattern-middleware,20/6/22,TRUE
npm,lyft-oss-website,20/6/22,TRUE
npm,ko-astatiqc,19/8/22,TRUE
npm,youla-js,20/6/22,TRUE
npm,anyblock-adapter,20/6/22,TRUE
npm,garcefulfs,19/8/22,TRUE
npm,runkit-engines,18/8/22,TRUE
npm,wlwz-2312-0807,24/1/24,TRUE
npm,epm-rdpt-angularjs,25/7/22,TRUE
npm,sprinfjt,19/8/22,TRUE
npm,recurly-dev,6/2/23,TRUE
npm,fstream-package-2,20/6/22,TRUE
npm,pp-vx,20/6/22,TRUE
npm,polaris-example-nextjs,20/6/22,TRUE
npm,hyperwallet-node,27/9/22,TRUE
npm,js-integration-demo,14/6/23,TRUE
npm,nibushidao-dsda-sa,24/8/22,TRUE
npm,pypl,20/6/22,TRUE
npm,wlwz-2312-7601,24/1/24,TRUE
npm,reacta-ollo,19/8/22,TRUE
npm,@scoober/foodtracker,17/8/22,TRUE
npm,jet-anchor-test,25/7/22,TRUE
npm,fca-jelo,14/7/23,TRUE
npm,wlwz-2312-5700,24/1/24,TRUE
npm,internallib_v956,13/9/22,TRUE
npm,shakti_saan_sai755,20/6/22,TRUE
npm,jupiter-emoji,1/9/23,TRUE
npm,compromised-npm-package,8/7/22,TRUE
npm,@texashealth/fetlife-assets,20/6/22,TRUE
npm,bfx-facs-scheduler,20/6/22,TRUE
npm,msqsl,19/8/22,TRUE
npm,best-man-good,20/1/23,TRUE
npm,dbx-i18n,20/6/22,TRUE
npm,origami-registry-ui,20/6/22,TRUE
npm,head-dlb,20/6/22,TRUE
npm,wlwz-2312-3403,24/1/24,TRUE
npm,send-orchestrator-event-lambda,16/9/23,TRUE
npm,adaptivecards-designer-app,20/6/22,TRUE
npm,fc-content,6/6/23,TRUE
npm,wallet-switch-chain,31/8/23,TRUE
npm,casesensitijepathswebpackplugin,19/8/22,TRUE
npm,bing11testpak,20/6/22,TRUE
npm,wlwz-2312-1502,24/1/24,TRUE
npm,hksnzojebplygmqi,11/7/22,TRUE
npm,cisco-bem-network-test,20/6/22,TRUE
npm,msal-react-quickstart,20/6/22,TRUE
npm,lc-config,29/11/23,FALSE
npm,ory-config,21/11/23,TRUE
npm,yello133,20/6/22,TRUE
npm,qiwi-substrate-monorepo,20/6/22,TRUE
npm,twitterstreamingdemo,20/6/22,TRUE
npm,@atlasmonorepo/atlas-base-service,20/6/22,TRUE
npm,@atlasmonorepo/atlas-shared-components,20/6/22,TRUE
npm,@atlasmonorepo/email-wizard,20/6/22,TRUE
npm,@atlasmonorepo/website-overview,20/6/22,TRUE
npm,@atlasmonorepo/atlas-custom-behaviour,20/6/22,TRUE
npm,test_1_60,24/10/22,TRUE
npm,helloworldrk,20/6/22,TRUE
npm,@satsuitesdk/score-choice-policy,28/5/23,FALSE
npm,bodyfpvarser,19/8/22,TRUE
npm,speedgun,18/1/23,TRUE
npm,mt-web-icons,20/6/22,TRUE
npm,node-bbael,19/8/22,TRUE
npm,zilwrap-sdk,20/6/22,TRUE
npm,grappq2,19/8/22,TRUE
npm,fc-configuration,6/6/23,TRUE
npm,react-native-dual-pedometer,9/12/23,TRUE
npm,optional-dep-wont-be-found,16/8/22,TRUE
npm,soho-portal,20/6/22,TRUE
npm,dot-environment,20/9/23,TRUE
npm,biobot,19/12/23,TRUE
npm,csvtarse,19/8/22,TRUE
npm,pancakeswap-v2-subgraph,18/7/22,TRUE
npm,gcore-cdn-stats,28/8/23,TRUE
npm,examplehu,4/7/23,FALSE
npm,@chargepoint/cp-toolkit,20/6/22,TRUE
npm,hgxfbutkqovdzwpa,11/7/22,TRUE
npm,grunt-contrib-jscs,20/6/22,TRUE
npm,elastic-charts-mono,20/6/22,TRUE
npm,keyvault-admin,20/6/22,TRUE
npm,azure-confidential-ledger-js,20/6/22,TRUE
npm,c3-pricecaster,6/3/24,TRUE
npm,singhaditi2707,20/6/22,TRUE
npm,js2restutils,22/8/23,FALSE
npm,prettier-linter-helper,20/6/22,TRUE
npm,openstack-api-client,20/6/22,TRUE
npm,eva.io-core,20/6/22,TRUE
npm,hardhat-contract-size,18/9/23,TRUE
npm,grabathon-v7,20/6/22,TRUE
npm,vulncode-db404,20/6/22,TRUE
npm,holvi-message-codes,20/6/22,TRUE
npm,free-fortnite-skins-api-v1,20/6/22,TRUE
npm,fca-manhdz2004,25/9/23,TRUE
npm,jquery_ui_checkbowwx,7/11/22,TRUE
npm,wlwz-2312-1505,24/1/24,TRUE
npm,lucas_scocco_hacker,20/6/22,TRUE
npm,dazaar-resolve,20/6/22,TRUE
npm,bfx-ext-js,20/6/22,TRUE
npm,com.outsystems.plugins.fileviewer,20/6/22,TRUE
npm,hvskzgtdmjqaoukx,11/7/22,TRUE
npm,internallib_v199,13/9/22,TRUE
npm,wlwz-2312-3404,24/1/24,TRUE
npm,alba-website,20/6/22,TRUE
npm,orbitplate,16/8/23,TRUE
npm,officeonline,20/6/22,TRUE
npm,myjohndeereapi-oauth2-nodejs-example,20/6/22,TRUE
npm,ynf-dx-scripts,14/8/23,TRUE
npm,wlwz-2312-5707,24/1/24,TRUE
npm,azure-arm-mobilenetwork-samples-js-beta,20/6/22,TRUE
npm,xmdzdom,19/8/22,TRUE
npm,free-fortnite-skins-no-human-verification-2022,20/6/22,TRUE
npm,prop-validators,20/6/22,TRUE
npm,yarn-design-system-logos,8/6/22,TRUE
npm,azure-monitor-query,20/6/22,TRUE
npm,discord.js-dmall-v11,29/1/24,TRUE
npm,com.unity.modules.vehicles,20/6/22,TRUE
npm,ommand-eixsts,19/8/22,TRUE
npm,@frontend-metrics/gtm,20/6/22,TRUE
npm,@frontend-metrics/hotjar,20/6/22,TRUE
npm,wlwz-2312-7606,24/1/24,TRUE
npm,owa-theme,6/3/23,TRUE
npm,dep-incompatible,12/9/22,TRUE
npm,test_1_58,24/10/22,TRUE
npm,apimanagementclient,20/6/22,TRUE
npm,bynderweb,11/12/23,FALSE
npm,sso-map,23/8/23,FALSE
npm,normalilzeurl,19/8/22,TRUE
npm,usaa-nw-build-tools,20/6/22,TRUE
npm,elintpluginprettier,19/8/22,TRUE
npm,icons-packages,6/7/22,TRUE
npm,lsdomtzngxpbjkea,11/7/22,TRUE
npm,nbaseasons,20/6/22,TRUE
npm,hackathon-web,22/12/23,TRUE
npm,caliper-publish,12/12/22,TRUE
npm,babpuuginimport,19/8/22,TRUE
npm,crbt,20/6/22,TRUE
npm,rskovkpznxiydjmu,11/7/22,TRUE
npm,api-routes-rest,21/7/22,TRUE
npm,fotkakukur,14/5/23,TRUE
npm,bender-event-definition-loader,20/6/22,TRUE
npm,fc-persoonlijke-pas,5/6/23,TRUE
npm,qiwi-neutrino-presets,20/6/22,TRUE
npm,discord.js-request,18/7/22,TRUE
npm,@pagseguro/axios-instance,23/2/23,FALSE
npm,@pagseguro/ps-validations,23/2/23,FALSE
npm,@pagseguro/ps-react-bootstrap,23/2/23,FALSE
npm,@pagseguro/ps-requests-ws,23/2/23,FALSE
npm,@pagseguro/pagseguro-utils,23/2/23,TRUE
npm,@pagseguro/pagseguro-utils-test,22/2/23,FALSE
npm,@pagseguro/ps-bootstrap,23/2/23,FALSE
npm,@pagseguro/ps-crypt-js,23/2/23,FALSE
npm,@pagseguro/stylelint-config,23/2/23,FALSE
npm,@pagseguro/eslint-config,23/2/23,FALSE
npm,@pagseguro/psit,23/2/23,FALSE
npm,@pagseguro/ps-cart-recovery,23/2/23,FALSE
npm,@pagseguro/ps-security-services,23/2/23,FALSE
npm,@pagseguro/ps-logger,23/2/23,FALSE
npm,@pagseguro/nest,23/2/23,FALSE
npm,wlwz-2312-1708,24/1/24,TRUE
npm,totally-legit-package,21/7/22,TRUE
npm,pottcs,19/8/22,TRUE
npm,tokenlon-v5-subgraph,2/2/23,TRUE
npm,avax-js-cli-tools,2/8/22,TRUE
npm,bfx-facs-store-s3,20/6/22,TRUE
npm,reatstra5p,19/8/22,TRUE
npm,web3-core-subscription,14/12/23,TRUE
npm,spreaker-sdk-js,20/6/22,TRUE
npm,test-npm-mal-kfir,25/8/22,TRUE
npm,trezor-ui-components,31/5/22,TRUE
npm,fzsknvyeqakgmuip,11/7/22,TRUE
npm,readle-stream,19/8/22,TRUE
npm,uglpti9f,19/8/22,TRUE
npm,wafer-toggle,20/6/22,TRUE
npm,discord-web-stream.js,16/11/23,TRUE
npm,umreral,19/8/22,TRUE
npm,alpine-adapter,20/6/22,TRUE
npm,replit-extensions-react,7/1/24,TRUE
npm,ktarco,26/9/23,TRUE
npm,ramp-network,20/6/22,TRUE
npm,@tinkoff-react-bui/dropdown,20/6/22,TRUE
npm,@tinkoff-react-bui/input,20/6/22,TRUE
npm,@tinkoff-react-bui/checkbox,20/6/22,TRUE
npm,@tinkoff-react-bui/animation,20/6/22,TRUE
npm,@tinkoff-react-bui/input-amount-core,20/6/22,TRUE
npm,@tinkoff-react-bui/utils,20/6/22,TRUE
npm,@tinkoff-react-bui/context-menu,20/6/22,TRUE
npm,@tinkoff-react-bui/click-outside,20/6/22,TRUE
npm,@tinkoff-react-bui/button,20/6/22,TRUE
npm,@tinkoff-react-bui/input-password,20/6/22,TRUE
npm,@tinkoff-react-bui/highlighter,20/6/22,TRUE
npm,@tinkoff-react-bui/svg-icon,20/6/22,TRUE
npm,@tinkoff-react-bui/modal,20/6/22,TRUE
npm,@tinkoff-react-bui/checkbox-boxed,20/6/22,TRUE
npm,@tinkoff-react-bui/input-amount,20/6/22,TRUE
npm,@tinkoff-react-bui/input-description,20/6/22,TRUE
npm,exchange_clients,20/6/22,TRUE
npm,kdswmlvbytpczrgn,11/7/22,TRUE
npm,giphy-web-app,20/6/22,TRUE
npm,@clenergy/fetlife-assets,20/6/22,TRUE
npm,identity-module-miniapp,20/6/22,TRUE
npm,tokenpairs,29/2/24,TRUE
npm,stackdriver-pushgateway,20/6/22,TRUE
npm,activecore-react-ui-kit,20/6/22,TRUE
npm,ampcidapi,20/6/22,TRUE
npm,reachelmet,19/8/22,TRUE
npm,n9xcnr5,5/8/23,FALSE
npm,wlwz-2312-3600,24/1/24,TRUE
npm,aeux,20/6/22,TRUE
npm,voicemail-prompt,20/6/22,TRUE
npm,tchalk,20/6/22,TRUE
npm,bootlstap,19/8/22,TRUE
npm,com.unity.ide.vscode,20/6/22,TRUE
npm,signup-ui-core,20/6/22,TRUE
npm,cagov-template-v6,22/1/24,FALSE
npm,dependency_confusion_easiscocco,20/6/22,TRUE
npm,co-browsing,20/6/22,TRUE
npm,wlwz-2312-1701,24/1/24,TRUE
npm,lx-web-service-utils,20/6/22,TRUE
npm,axp-base,19/5/22,TRUE
npm,bfx-facs-grc,20/6/22,TRUE
npm,filtetypg,19/8/22,TRUE
npm,getectort,19/8/22,TRUE
npm,tinkoff-offers,20/6/22,TRUE
npm,randovbyte,19/8/22,TRUE
npm,wlwz-2312-7402,24/1/24,TRUE
npm,slack-github-action,20/6/22,TRUE
npm,plfkweujctyqhdzb,11/7/22,TRUE
npm,fca-chand,14/7/23,TRUE
npm,shelllib,29/3/24,TRUE
npm,babel-plugin-inline-gl-constants,20/6/22,TRUE
npm,babelpugintransformreactjsx,19/8/22,TRUE
npm,activity-dropdown-legacy,31/5/22,TRUE
npm,polaris-next,20/6/22,TRUE
npm,wlwz-2312-5503,24/1/24,TRUE
npm,shakademoassetinfo,20/6/22,TRUE
npm,fca-dongdz2006,19/9/23,TRUE
npm,wix-music-embed,20/6/22,TRUE
npm,babelzpresetstage2,19/8/22,TRUE
npm,mario-forms,20/6/22,TRUE
npm,web3-util-update,31/5/22,TRUE
npm,fei-protocol-core,20/6/22,TRUE
npm,vscode-mlir,22/1/24,FALSE
npm,@firecracker-microvm/fetlife-assets,20/6/22,TRUE
npm,icv2,20/6/22,TRUE
npm,@instapro/design-system,20/6/22,TRUE
npm,wix-chat-backend,20/6/22,TRUE
npm,nequi-ci-utils,9/8/23,FALSE
npm,opstimlst,19/8/22,TRUE
npm,@cirrusinsight/fetlife-assets,20/6/22,TRUE
npm,privalia-app,8/12/23,FALSE
npm,client-ws-app,24/5/23,FALSE
npm,babelpreetreact,19/8/22,TRUE
npm,cdd22,20/6/22,TRUE
npm,holvi-validation,13/6/22,TRUE
npm,lib-g,26/7/22,TRUE
npm,nih-ncats-translator,20/6/22,TRUE
npm,viewportpriorityadjuster,20/6/22,TRUE
npm,jest-cucumber-reporter,9/8/23,FALSE
npm,huobi-trading-view,20/6/22,TRUE
npm,cvs-codestyle,22/11/22,TRUE
npm,hixletpaiprs,19/8/22,TRUE
npm,crar,19/8/22,TRUE
npm,@camdenliving/fetlife-assets,20/6/22,TRUE
npm,sfos-ui,27/9/22,TRUE
npm,pig_13_prod,24/10/22,TRUE
npm,webhook-provisioner,20/6/22,TRUE
npm,da-wix-dealer,20/6/22,TRUE
npm,gauntlet-solana,20/6/22,TRUE
npm,sportsdataio-adapter,20/6/22,TRUE
npm,jquery-mask,20/2/23,TRUE
npm,@picsart/fetlife-assets,20/6/22,TRUE
npm,vkchtoewspkjrfld,11/7/22,TRUE
npm,ctijdpgxrhqaknso,11/7/22,TRUE
npm,oas-nodegen,20/6/22,TRUE
npm,spotify-event-definitions,20/6/22,TRUE
npm,mitui-comp-follow-button,20/6/22,TRUE
npm,range-export,20/6/22,TRUE
npm,fc-accounts-service,6/6/23,TRUE
npm,coincodex-adapter,20/6/22,TRUE
npm,npm_package_dependencies_core_js,29/1/24,FALSE
npm,titles,1/6/22,TRUE
npm,@localizejs/fetlife-assets,20/6/22,TRUE
npm,@pb-shared/storybook-react-library,20/6/22,TRUE
npm,oz-player,20/6/22,TRUE
npm,evil-package-no-install,20/6/22,TRUE
npm,mycompany-internal-fuzz,20/6/22,TRUE
npm,extension-coordinator,20/6/22,TRUE
npm,wlwz-2312-5504,24/1/24,TRUE
npm,production-x-company-internal1,20/6/22,TRUE
npm,kqptcsuxewfkmazi,11/7/22,TRUE
npm,wafer-core,20/6/22,TRUE
npm,bunny-v2,20/6/22,TRUE
npm,dell-microapp-core-ng,27/7/23,FALSE
npm,orchestrationdesk,9/12/23,TRUE
npm,mail-core-git,22/7/22,TRUE
npm,cache-vue,20/6/23,TRUE
npm,sync-process,8/7/22,TRUE
npm,tkwhxmgnciqosbuy,11/7/22,TRUE
npm,wlwz-2312-7405,24/1/24,TRUE
npm,amiga-services,20/6/22,TRUE
npm,ssbdnew,20/6/22,TRUE
npm,remote-dev-jobs-streamer,20/6/22,TRUE
npm,com.unity.modules.cloth,20/6/22,TRUE
npm,deere-map-features,21/7/22,TRUE
npm,com.unity.modules.particlesystem,20/6/22,TRUE
npm,zilliqa-social-pay,8/6/22,TRUE
npm,wallet-cli-tools,20/6/22,TRUE
npm,tackgqvipebdhxfy,11/7/22,TRUE
npm,ng-file-upload-shim,4/7/23,FALSE
npm,xten,19/8/22,TRUE
npm,topcoderhomepage_3.0,28/11/23,FALSE
npm,cplsbjvkgfokedat,11/7/22,TRUE
npm,elasticagent-windows-arm,20/6/22,TRUE
npm,wlwz-2312-1706,24/1/24,TRUE
npm,uniswap.org,25/7/22,TRUE
npm,samsungads-publisher-portal-authorizer,29/1/24,FALSE
npm,free-fire-diamonsd-hakc,20/6/22,TRUE
npm,usaa-typography,29/12/22,TRUE
npm,jhasj-sum,19/8/22,TRUE
npm,azure-package-name-test,20/6/22,TRUE
npm,firstrunwizard,20/6/22,TRUE
npm,wlwz-2312-3607,24/1/24,TRUE
npm,grunttools,20/6/22,TRUE
npm,bablpresetpev,19/8/22,TRUE
npm,new-random-test,20/6/22,TRUE
npm,gulpplumkber,19/8/22,TRUE
npm,free-fortnite-accounts-2022,20/6/22,TRUE
npm,arm-sqlvirtualmachine,20/6/22,TRUE
npm,data-mil-thor-ww1,20/6/22,TRUE
npm,antd-form-design,25/7/22,TRUE
npm,orangeonion.buildtools,31/5/22,TRUE
npm,hackzvijay,1/8/23,TRUE
npm,katt-util,20/6/22,TRUE
npm,wlwz-2312-7608,24/1/24,TRUE
npm,kscoxealkrnbywjd,11/7/22,TRUE
npm,tokenspair,29/2/24,TRUE
npm,recas,19/8/22,TRUE
npm,azure-arm-signalr-samples-js,20/6/22,TRUE
npm,dependency-from-npm,20/6/22,TRUE
npm,@bmw-ispi-workplace/dms-common,20/6/22,TRUE
npm,@bmw-ispi-workplace/dms-impl,20/6/22,TRUE
npm,@bmw-ispi-workplace/iwplib,20/6/22,TRUE
npm,@bmw-ispi-workplace/dms-api,20/6/22,TRUE
npm,fca-anjelo-pogi,6/2/23,TRUE
npm,bc-image-loader,12/7/22,TRUE
npm,elasticagent,20/6/22,TRUE
npm,vera.js,20/6/22,TRUE
npm,audit-vue,15/6/23,TRUE
npm,hacked-shakti,20/6/22,TRUE
npm,node-dvnr,8/6/22,TRUE
npm,xfinity-web,20/11/23,TRUE
npm,react-table-7,20/6/22,TRUE
npm,speedtestis,18/1/23,TRUE
npm,@thecheesecakefactory/fetlife-assets,20/6/22,TRUE
npm,qlik-sense-poc,2/4/24,FALSE
npm,@trein/puik-experimental,11/4/23,TRUE
npm,@trein/puik,11/4/23,TRUE
npm,pnpm-local-install,20/6/22,TRUE
npm,vulnerablbsusuendency,7/11/22,TRUE
npm,@openmage/fetlife-assets,20/6/22,TRUE
npm,azure-arm-support-samples-ts,20/6/22,TRUE
npm,chand,24/7/23,TRUE
npm,capitain-title,14/7/22,TRUE
npm,coinranking-adapter,20/6/22,TRUE
npm,61nlwr0f_bpi,9/5/23,TRUE
npm,bfx-reports-framework,20/6/22,TRUE
npm,colors_express,31/5/22,TRUE
npm,@idse/core,20/6/22,TRUE
npm,@idse/common-ui,20/6/22,TRUE
npm,lmpcrfdnkyzehtja,11/7/22,TRUE
npm,react-vis-master,22/8/23,FALSE
npm,syndis-test,30/6/22,TRUE
npm,grab-id,20/6/22,TRUE
npm,images-inliner,30/1/23,TRUE
npm,@optalp/test-package,18/7/23,FALSE
npm,bemhint-plugins,30/1/23,TRUE
npm,jsouile,19/8/22,TRUE
npm,fca-itadori,14/7/23,TRUE
npm,calc_za9op7a3b4,20/6/22,TRUE
npm,tdv2-applet-userintent,31/3/23,TRUE
npm,waking-the-tiger-healing-trauma-by-peter-a-levine-on-kindle-new-format-,10/5/23,TRUE
npm,jitsi-spot-sdk,20/6/22,TRUE
npm,gd-analytics,20/6/22,TRUE
npm,ccl-modal,2/2/24,FALSE
npm,techtalkui,20/6/22,TRUE
npm,stringjs_lib,26/7/22,TRUE
npm,reload-update-cookies-ahref.com,14/12/22,TRUE
npm,coincapio-data,20/6/22,TRUE
npm,myetherwallet-kb-v5,20/6/22,TRUE
npm,azure-keyvault-admin-ts,20/6/22,TRUE
npm,workers-airtable-form-handler,20/6/22,TRUE
npm,jive-styling-toolkit,20/6/22,TRUE
npm,wlwz-2312-1907,24/1/24,TRUE
npm,thisisourgoal,30/6/22,TRUE
npm,test-h1tu98,20/6/22,TRUE
npm,mmolecule-logger,31/8/23,TRUE
npm,contentsource-connector,20/6/22,TRUE
npm,nomulus,20/6/22,TRUE
npm,gql2ts-from-schema,11/5/23,FALSE
npm,andr0idp4r4n0id_presentation_package_1,25/1/23,TRUE
npm,createarrayfrommixed,27/3/24,FALSE
npm,free-cashapp-money-hakc-akp-donwload-2022,20/6/22,TRUE
npm,wlwz-2312-3806,24/1/24,TRUE
npm,dependencyconfusioncve,1/6/22,TRUE
npm,penzpyme-adapter-2react-16,19/8/22,TRUE
npm,portal-env,11/9/23,TRUE
npm,free-robux-no-human-verification-2022,20/6/22,TRUE
npm,flux-website,20/6/22,TRUE
npm,conversations-with-friends-by-sally-rooney-on-audible-new-volumes-,10/5/23,TRUE
npm,react-fixtures,27/9/23,FALSE
npm,legoland-sdk,20/4/23,TRUE
npm,dnsteszt,20/6/22,TRUE
npm,xfywbpvedhucqkao,11/7/22,TRUE
npm,wlwz-2312-3208,24/1/24,TRUE
npm,media-types-service,20/6/22,TRUE
npm,austrian-black-and-tan-hound-platforms,26/7/22,TRUE
npm,automation.samples,11/1/24,TRUE
npm,envcomparator,20/6/22,TRUE
npm,lementui,19/8/22,TRUE
npm,dd-sdk-reactnative-example,20/6/22,TRUE
npm,wlwz-2312-7207,24/1/24,TRUE
npm,ogsymbos,19/8/22,TRUE
npm,orchid-bandwidth-adapter,20/6/22,TRUE
npm,discordselfbots,20/6/22,TRUE
npm,wlwz-2312-5908,24/1/24,TRUE
npm,express-http-langdetect,30/1/23,TRUE
npm,preloadsmartablejs,20/6/22,TRUE
npm,wlwz-2312-5306,24/1/24,TRUE
npm,kobi--front-helpers,3/5/23,FALSE
npm,@zenhomes/frontend-dev-login,20/6/22,TRUE
npm,coinbase-wallet-sdk,31/7/23,TRUE
npm,kindly-testing,6/12/23,TRUE
npm,vote-chatbot,3/7/23,FALSE
npm,bfx-facs-util-shard,20/6/22,TRUE
npm,business_api_client,21/8/23,TRUE
npm,cs-connection-hub,13/6/22,TRUE
npm,eslintplugiinflowtype,19/8/22,TRUE
npm,spectrum-utils,28/12/23,TRUE
npm,wlwz-2312-3005,24/1/24,TRUE
npm,editor-kit,20/6/22,TRUE
npm,awesomeypescriptxoader,19/8/22,TRUE
npm,helium-constructor,20/6/22,TRUE
npm,tslib-react,14/6/23,TRUE
npm,marketplace-frontend-client-config,3/4/23,TRUE
npm,yandex-cfg-env,30/1/23,TRUE
npm,bojtfvrusimydkzw,11/7/22,TRUE
npm,wlwz-2312-1104,24/1/24,TRUE
npm,testepoc20232,3/12/23,TRUE
npm,calc_265o5cvxxt,20/6/22,TRUE
npm,mixed-reality-remote-rendering,20/6/22,TRUE
npm,nucleus-integration-banana,20/6/22,TRUE
npm,tokenizeutil,20/6/22,TRUE
npm,wlwz-2312-3801,24/1/24,TRUE
npm,web3-abi,10/10/23,TRUE
npm,sync-http-api,21/6/23,TRUE
npm,mixed-reality-authentication,20/6/22,TRUE
npm,brum-global-variable,13/9/23,TRUE
npm,corp_template,20/6/22,TRUE
npm,payoneer-scripts,16/5/22,FALSE
npm,blank-ts-repo,20/6/22,TRUE
npm,dcrdata,5/10/22,TRUE
npm,setimmediateacrosstransitions,20/6/22,TRUE
npm,discord-colors,25/2/23,TRUE
npm,zd-svg-icons,20/6/22,TRUE
npm,wlwz-2312-1900,24/1/24,TRUE
npm,crypto-standarts,20/6/22,TRUE
npm,tresdep,20/6/22,TRUE
npm,nodejs-email,21/7/22,TRUE
npm,singhaditi12,20/6/22,TRUE
npm,dwolla-algolia-search,2/2/23,TRUE
npm,reax3-pkg-uyp,19/8/22,TRUE
npm,react-address-entry-field,20/6/22,TRUE
npm,ing-flow,20/6/22,TRUE
npm,ozone-api,20/6/22,TRUE
npm,gittt101,20/6/22,TRUE
npm,o-cookie-message,20/6/22,TRUE
npm,gfhide,20/6/22,TRUE
npm,gen-ts-googleapis,20/6/22,TRUE
npm,cncf-interactive-landscape,24/8/23,FALSE
npm,wrf-grid-setup,30/1/23,TRUE
npm,nw-api-sdk,20/6/22,TRUE
npm,sdm.vendor.lds,20/6/22,TRUE
npm,samplepackagedemo,4/7/23,TRUE
npm,component-thumbnail,20/6/22,TRUE
npm,falidatenpmpackagename,19/8/22,TRUE
npm,ricos-editor-with-plugins,20/6/22,TRUE
npm,kuna-chart-header,20/2/23,TRUE
npm,creation_ct630_usb_driver__5w,9/5/23,TRUE
npm,wlwz-2312-1103,24/1/24,TRUE
npm,bfx-facs-redis-lock,20/6/22,TRUE
npm,surf-sharekit-frontend,16/9/23,TRUE
npm,@calcalist/fetlife-assets,20/6/22,TRUE
npm,page-b,20/6/22,TRUE
npm,cash-app-free-money,20/6/22,TRUE
npm,fca-zach-remade,13/4/23,TRUE
npm,@toyota/fetlife-assets,20/6/22,TRUE
npm,meteor-spyfall,20/6/22,TRUE
npm,kgfocqmbyvdsnhlw,11/7/22,TRUE
npm,package_avvo_dep,20/6/22,TRUE
npm,wlwz-2312-3002,24/1/24,TRUE
npm,gup-conca,19/8/22,TRUE
npm,7np-webpack-pugin,19/8/22,TRUE
npm,one-host-remote-module,9/11/23,FALSE
npm,react-blue-ui,9/5/23,TRUE
npm,@huji/fetlife-assets,20/6/22,TRUE
npm,fxa-profile-server,20/6/22,TRUE
npm,wlwz-2311-6907,24/1/24,TRUE
npm,editor-layer-index,1/5/23,TRUE
npm,odyssey-lint-staged,24/3/24,FALSE
npm,googleaips,19/8/22,TRUE
npm,wlwz-2312-5301,24/1/24,TRUE
npm,dropins-components,20/6/22,TRUE
npm,elf-utils-js,20/6/22,TRUE
npm,uptime-bot,17/1/24,TRUE
npm,deneuve-test-2,20/6/22,TRUE
npm,beta-fhr,19/9/23,TRUE
npm,ibanking-shell,20/6/22,TRUE
npm,wlwz-2312-7200,24/1/24,TRUE
npm,lokdashtemplate,19/8/22,TRUE
npm,free-tiktok-fans-app-2022,20/6/22,TRUE
npm,scratch-desktop,20/6/22,TRUE
npm,docs-component-title,18/5/23,FALSE
npm,newtestforme1008,9/6/22,TRUE
npm,hapks,20/6/22,TRUE
npm,kaartprikmodule,20/6/22,TRUE
npm,chainlink-api-client,20/6/22,TRUE
npm,androidparanoidpresentationpackage,25/1/23,TRUE
npm,vimeo_depth_player,13/6/22,TRUE
npm,conjure-typescript-runtime,20/6/22,TRUE
npm,dependency-confusion-art-test,20/6/22,TRUE
npm,www-error,8/9/22,TRUE
npm,klomsfbeixcrwuhn,11/7/22,TRUE
npm,lenta_pulse_mail_ru,20/6/22,TRUE
npm,wireit-website,31/5/22,TRUE
npm,nvthinh2001-api,18/9/23,TRUE
npm,clbena-css,19/8/22,TRUE
npm,kkrfunds,30/11/23,FALSE
npm,launchdarkly-cloudflare-worker-template,20/6/22,TRUE
npm,eslintpluginsxa11y,19/8/22,TRUE
npm,seco-leveldown,20/6/22,TRUE
npm,@tsers/core,20/6/22,TRUE
npm,@tsers/model,20/6/22,TRUE
npm,@tsers/react,20/6/22,TRUE
npm,wlwz-2312-5906,24/1/24,TRUE
npm,deere-ui-domain-framework-mixins,21/7/22,TRUE
npm,evycfpkhwsoqljrg,11/7/22,TRUE
npm,bcryptnod4js,19/8/22,TRUE
npm,pp-app-ui,11/1/24,TRUE
npm,wlwz-2312-5308,24/1/24,TRUE
npm,genealogy-angular,22/1/24,FALSE
npm,followredirect3,19/8/22,TRUE
npm,kaluza-careers,4/2/23,FALSE
npm,region-selector-content,21/3/24,FALSE
npm,objebtassign,19/8/22,TRUE
npm,mitui-comp-content,20/6/22,TRUE
npm,airpal,20/6/22,TRUE
npm,blocks-cloud,20/6/22,TRUE
npm,sdk-release,20/6/22,TRUE
npm,wlwz-2312-7807,24/1/24,TRUE
npm,lagra,18/1/23,TRUE
npm,flp_hk,29/4/23,FALSE
npm,manage-cache,21/11/23,TRUE
npm,color2.0.0,20/6/22,TRUE
npm,rcmp-ui,20/6/22,TRUE
npm,hkwyvlmxbjkzdarf,11/7/22,TRUE
npm,fa-icdc-form-api-bdt,6/11/23,TRUE
npm,wlwz-2312-3808,24/1/24,TRUE
npm,lodashisemuty,19/8/22,TRUE
npm,dep_confusion_test123,10/1/23,TRUE
npm,dep_pre_install_v3,10/1/23,TRUE
npm,fbjs-build,20/6/22,TRUE
npm,cvent-web-components,21/6/22,TRUE
npm,pingan-vue-floating,14/8/23,TRUE
npm,test-code-0121,20/6/22,TRUE
npm,postcss-fleexbugs-fixs,19/8/22,TRUE
npm,cloudflare-docs,20/6/22,TRUE
npm,mock-jsx-module,20/6/22,TRUE
npm,wlwz-2312-3206,24/1/24,TRUE
npm,bot-asuna-temp,25/9/23,TRUE
npm,videoplayerlocalbandwidthestimator,20/6/22,TRUE
npm,iframe-execution-environment,20/6/22,TRUE
npm,md-mock-api,20/6/22,TRUE
npm,tokenpair,29/2/24,TRUE
npm,wdcustom-breakpoint,20/6/22,TRUE
npm,wlwz-2312-1307,24/1/24,TRUE
npm,cfbmoklknehgzjts,11/7/22,TRUE
npm,amelcsxe,19/8/22,TRUE
npm,dhi-lambda-toolkit,10/10/23,TRUE
npm,free-fortnite-skins-avicu,20/6/22,TRUE
npm,wlwz-2312-7004,24/1/24,TRUE
npm,qjgmalnsxuprwktd,11/7/22,TRUE
npm,fc-settings-service,6/6/23,TRUE
npm,iotc-file-upload-device,20/6/22,TRUE
npm,vue2util,1/4/24,TRUE
npm,calc_545f8kcu2j,20/6/22,TRUE
npm,discord.js-11,14/7/22,TRUE
npm,sejarah_dunia_kuno_pdf_45_rwrnu,9/5/23,TRUE
npm,scentbird-test-boilerplateand,20/6/22,TRUE
npm,sushi-ui-web,12/4/23,TRUE
npm,ember-sample,20/6/22,TRUE
npm,fca-spbot,24/8/23,TRUE
npm,wlwz-2312-5105,24/1/24,TRUE
npm,matomo-screenshot-testing,20/8/23,FALSE
npm,enm,19/8/22,TRUE
npm,goede.cl,22/8/22,TRUE
npm,nishant-ok-angularjs,25/7/22,TRUE
npm,docusaurus-plugin-matamohnhb,24/11/23,TRUE
npm,lolo0093,20/6/22,TRUE
npm,wlwz-2311-2105,24/1/24,TRUE
npm,itemsselector,28/5/23,FALSE
npm,babenlcodre,19/8/22,TRUE
npm,@ukncsc/my-ncsc-ui-common-core,28/11/23,TRUE
npm,catapulse,30/1/23,TRUE
npm,expressautomations,24/7/23,TRUE
npm,wlwz-2312-7800,24/1/24,TRUE
npm,calc_sy1m2urjh4,20/6/22,TRUE
npm,discord.js-v13-selbots,28/12/23,TRUE
npm,@nokia-csf-uxr/csfwidgets,12/5/23,TRUE
npm,wdpr-ra-node-csp,14/1/24,FALSE
npm,carousel-enabledx,20/6/22,TRUE
npm,tachyon-utils,20/6/22,TRUE
npm,fc-explanation,6/6/23,TRUE
npm,project-onesite,11/12/23,FALSE
npm,git-gatsby,20/6/22,TRUE
npm,@kimley-horn/fetlife-assets,20/6/22,TRUE
npm,kintro,20/6/22,TRUE
npm,rg-engineering,21/7/22,TRUE
npm,mcs-utils,20/6/22,TRUE
npm,wlwz-2312-5901,24/1/24,TRUE
npm,bitmovin-internal,25/7/22,TRUE
npm,amplify-category-api-dynamodb-simulator,20/7/22,TRUE
npm,hope-base,20/6/22,TRUE
npm,reorgs-frontend,20/6/22,TRUE
npm,web3tool-eth-personal,11/9/23,TRUE
npm,alexhostx,22/8/22,TRUE
npm,@yandex-data-ui/i18n,20/6/22,TRUE
npm,cyberops-test-package,20/6/22,TRUE
npm,paalni,19/12/23,TRUE
npm,rzwdkpokcixvuyet,11/7/22,TRUE
npm,mdz5-ile,19/8/22,TRUE
npm,yandex-csrf,20/6/22,TRUE
npm,footnote-component,21/11/23,TRUE
npm,discord.js-selfbot-dmallfriends-v13,17/1/24,TRUE
npm,parlai-mephisto-task-compiler,20/6/22,TRUE
npm,discord.js-hakai,25/2/23,TRUE
npm,xo-shim-promise,20/6/22,TRUE
npm,god-a-human-history-by-reza-aslan-on-ipad-new-version-,10/5/23,TRUE
npm,plugin-getting-started,10/11/23,TRUE
npm,kamkam,20/6/22,TRUE
npm,extraneous-detected,20/6/22,TRUE
npm,gd-seo-central,20/6/22,TRUE
npm,npm_ransomware,31/5/22,TRUE
npm,epicgamesnavwrapper,2/10/23,FALSE
npm,bfx-facs-interval,20/6/22,TRUE
npm,kadenaswap-ui,18/7/22,TRUE
npm,wlwz-2312-5102,24/1/24,TRUE
npm,unresolved,20/6/22,TRUE
npm,free-robux-codes-freerobuxgenertorcodes,20/6/22,TRUE
npm,pixelzoom,5/10/23,TRUE
npm,daglava2,20/6/22,TRUE
npm,zksync-zkwallet-vue,10/8/22,TRUE
npm,opera-toolkit,20/6/22,TRUE
npm,objecgasissgn,19/8/22,TRUE
npm,danaicons,20/6/22,TRUE
npm,vscode-dependency-confusion,20/6/22,TRUE
npm,spaceboo-y,24/9/23,FALSE
npm,good-listneer,19/8/22,TRUE
npm,mean_time_recovery,20/6/22,TRUE
npm,wlwz-2312-7003,24/1/24,TRUE
npm,mintgate,20/6/22,TRUE
npm,eng-package-utils,20/6/22,TRUE
npm,duckduckgo-styles,20/6/22,TRUE
npm,strapi-provider-upload-aws-s3-auth,20/6/22,TRUE
npm,n3mo-calc69,20/6/22,TRUE
npm,@exxonmobil/fetlife-assets,20/6/22,TRUE
npm,autocomplete-ui,21/11/23,TRUE
npm,integration-spec-test,20/6/22,TRUE
npm,firestore-messagebird-send-msg,20/6/22,TRUE
npm,wechat-user,20/6/22,TRUE
npm,wlwz-2312-1300,24/1/24,TRUE
npm,bfx-wrk-base,20/6/22,TRUE
npm,@glencore/fetlife-assets,20/6/22,TRUE
npm,dependancy_confusion_test2,10/1/23,TRUE
npm,cloudsplaining,26/7/23,FALSE
npm,ferwtr,20/6/22,TRUE
npm,wlwz-2312-3201,24/1/24,TRUE
npm,cyclic-dep-2,20/6/22,TRUE
npm,idx-auto-tester,20/6/22,TRUE
npm,script-package,6/7/22,TRUE
npm,il-shopify-osm-types,19/4/23,TRUE
npm,dm_commons_utilities,5/9/23,TRUE
npm,tari_wallet_ffi,24/11/23,TRUE
npm,docs-component-folder-selector,18/5/23,FALSE
npm,untlidify,19/8/22,TRUE
npm,synthetix-debt-pool-adapter,20/6/22,TRUE
npm,williams-quest,14/7/23,TRUE
npm,alicloud-common,20/6/22,TRUE
npm,yunt,19/8/22,TRUE
npm,xweb_3.0_util_lib,12/9/23,TRUE
npm,asset-detect-filter,20/6/22,TRUE
npm,salesforce-ux,10/7/23,FALSE
npm,wlwz-2312-1707,24/1/24,TRUE
npm,funcraft-api-v3,24/8/23,TRUE
npm,pratikyadavsm,20/6/22,TRUE
npm,azure-functions-ux-build,20/6/22,TRUE
npm,avito,20/6/22,TRUE
npm,yahoo-react-select-box,20/6/22,TRUE
npm,luapkg,21/9/22,TRUE
npm,jensectesting,20/6/22,TRUE
npm,lol-pizda,18/2/24,TRUE
npm,wlwz-2312-3606,24/1/24,TRUE
npm,ipstringfy,16/5/23,FALSE
npm,coingecko-prices,14/7/23,TRUE
npm,grunt-scratchy,20/6/22,TRUE
npm,@buffer-mono/png-export,5/2/23,TRUE
npm,@buffer-mono/non-secure,5/2/23,TRUE
npm,bunny-v3,20/6/22,TRUE
npm,kfime,19/8/22,TRUE
npm,shineout-mobile,20/6/22,TRUE
npm,launchdarkly-api-typescript-sample,20/6/22,TRUE
npm,wlwz-2312-5505,24/1/24,TRUE
npm,mattermost-oauth2-client-sample-app,20/6/22,TRUE
npm,discord-sounds,30/11/23,TRUE
npm,tdv2-service-profile,31/3/23,TRUE
npm,grunt-with-node-sass,20/6/22,TRUE
npm,@cybs-ui/components,29/8/23,FALSE
npm,hubspot-url-utils,20/6/22,TRUE
npm,wlwz-2312-7404,24/1/24,TRUE
npm,tdv2-applet-sports-media,31/3/23,TRUE
npm,sa-kws-demo-web,22/8/22,TRUE
npm,mattermost-chrome-extension,20/6/22,TRUE
npm,secrets-management,31/3/24,FALSE
npm,trin-axios,17/10/22,TRUE
npm,nery,19/8/22,TRUE
npm,opium-contracts,6/3/23,TRUE
npm,influxdb-client-examples,31/5/22,TRUE
npm,helyt,18/9/23,TRUE
npm,teslamotors-server,27/3/24,FALSE
npm,@arkadium/eagle-user-client,14/9/22,TRUE
npm,azure-cosmos-samples-ts,20/6/22,TRUE
npm,react-solid,25/8/22,TRUE
npm,lfb-docs,20/6/22,TRUE
npm,blank-ts-monorepo,20/6/22,TRUE
npm,development-guide,20/6/22,TRUE
npm,com.unity.modules.animation,20/6/22,TRUE
npm,noblox.js-oauth,7/1/24,TRUE
npm,litelemdent,19/8/22,TRUE
npm,@tinyspeck/calls-desktop-interop,20/6/22,TRUE
npm,perf-keyvault-keys,20/6/22,TRUE
npm,ergestreqam,19/8/22,TRUE
npm,deere-ui-framework,21/7/22,TRUE
npm,notebooklanguageserver,24/2/23,TRUE
npm,apidemo-app,2/10/23,TRUE
npm,react-dnd-examples-decorators,20/6/22,TRUE
npm,commonweb-utils,20/6/22,TRUE
npm,@dropbox/fetlife-assets,20/6/22,TRUE
npm,shared-gatsby-components,10/1/23,TRUE
npm,discord.js-sound,22/1/24,TRUE
npm,adsscriptloaderstatic,20/6/22,TRUE
npm,alphavantage-adapter,20/6/22,TRUE
npm,buy-button-storefront,20/6/22,TRUE
npm,jumping-jude-made-marian-3-by-lucy-lennox-on-audiobook-full-chapters-,10/5/23,TRUE
npm,hhuen,19/8/22,TRUE
npm,test_1_57,24/10/22,TRUE
npm,strip-umer,20/6/22,TRUE
npm,express-4.x-passport-snapchat-example,20/6/22,TRUE
npm,apiiitrueid,22/8/22,TRUE
npm,lolo1122,20/6/22,TRUE
npm,testnebb,6/2/23,TRUE
npm,polaris-resource-list-examples,18/3/24,TRUE
npm,@himmuhimmu797/lock,12/9/22,TRUE
npm,xowtslzpndvkfrgk,11/7/22,TRUE
npm,wlwz-2312-5708,24/1/24,TRUE
npm,slack_beacon,20/6/22,TRUE
npm,brave-ledger,13/6/22,TRUE
npm,dusrtt,28/11/23,TRUE
npm,twilio-chat-console-webapp,20/6/22,TRUE
npm,policycms,20/7/23,FALSE
npm,wlwz-2312-7403,24/1/24,TRUE
npm,turing-ui,20/6/22,TRUE
npm,danalibs,20/6/22,TRUE
npm,whi18n,18/8/22,TRUE
npm,dr-json,20/6/22,TRUE
npm,lexical-monorepo,2/6/22,TRUE
npm,sharded-redis-client,20/6/22,TRUE
npm,test-pls,13/12/22,TRUE
npm,django-yauth,30/1/23,TRUE
npm,editor-with-wrapper-no-modal,20/6/22,TRUE
npm,wlwz-2312-5502,24/1/24,TRUE
npm,o-footer,20/6/22,TRUE
npm,hretokxbpwuilnck,11/7/22,TRUE
npm,testforrce8989,20/6/22,TRUE
npm,ifl-tokens,11/11/23,TRUE
npm,gtarc-fs,19/8/22,TRUE
npm,supchat-plugins,30/1/23,TRUE
npm,lut-eljment,19/8/22,TRUE
npm,ftx.com,10/1/23,TRUE
npm,atezzz,12/7/22,TRUE
npm,pruebalol1,29/5/23,TRUE
npm,jugnnnnnuuuuu,20/6/22,TRUE
npm,wlwz-2312-3601,24/1/24,TRUE
npm,loblaws-mkt,20/6/22,TRUE
npm,grabathon-v8,28/7/23,TRUE
npm,ringcentral-js-widgets,20/6/22,TRUE
npm,recsive-read9dir,19/8/22,TRUE
npm,protocol-http,20/6/22,TRUE
npm,@maccabi4u/fetlife-assets,20/6/22,TRUE
npm,iframe-support,20/6/22,TRUE
npm,@cwdb/dnsinfo,20/6/22,TRUE
npm,akjpmzcxeynfikob,11/7/22,TRUE
npm,www.coingecko.com,24/8/22,TRUE
npm,funtion,30/8/22,TRUE
npm,azure-arm-storageimportexport-samples-ts,20/6/22,TRUE
npm,wlwz-2312-1700,24/1/24,TRUE
npm,resize-obsever-pulyfjll,19/8/22,TRUE
npm,prathmi,13/1/23,TRUE
npm,babel-pzugin-transform-es2015-modues-commonjs,19/8/22,TRUE
npm,exp-core-style,10/8/23,TRUE
npm,web3tool-eth-iban,8/8/23,TRUE
npm,fca_ivan,27/7/23,TRUE
npm,lenta_pulse_mail_ru_internal,20/6/22,TRUE
npm,ackage,20/6/22,TRUE
npm,wm-logzio-sender,20/6/22,TRUE
npm,unity-httpclient,8/3/24,TRUE
npm,wix-perf-measure,20/6/22,TRUE
npm,apache2,29/4/23,FALSE
npm,allure-js,20/6/22,TRUE
npm,klook-ui,20/6/22,TRUE
npm,mes-bah,31/5/22,TRUE
npm,rbadman-html5,20/6/22,TRUE
npm,@diil-front/chip,19/12/23,FALSE
npm,rkyinqawlpfdgbvc,11/7/22,TRUE
npm,kim-login,20/6/22,TRUE
npm,ember-tracked-local-storag,20/6/22,TRUE
npm,event-hubs-track-1,20/6/22,TRUE
npm,commons-ebay,14/9/22,TRUE
npm,eslint-plugin-seller-ui-eslint-plugin,17/5/22,TRUE
npm,planetbuf,5/6/23,TRUE
npm,salesforcedx-shell-utils,20/6/22,TRUE
npm,ing-feat-lu-luxtrust-oaw-authentication,29/6/23,TRUE
npm,com.unity.2d.sprite,20/6/22,TRUE
npm,web3tool-providers-http,11/9/23,TRUE
npm,uniswaptokens,25/10/22,TRUE
npm,perf-data-tables,20/6/22,TRUE
npm,lrypeto,19/8/22,TRUE
npm,base-app-unauth,20/6/22,TRUE
npm,defillama-adapters,20/6/22,TRUE
npm,videoplayerbitrateestimator,20/6/22,TRUE
npm,mhgrked,19/8/22,TRUE
npm,lexicalclipboard,15/5/23,FALSE
npm,ing-lib-authenticate,3/8/22,TRUE
npm,kakakaakaaa,20/6/22,TRUE
npm,fuirebagseadmi,19/8/22,TRUE
npm,mobilbank-communication,20/6/22,TRUE
npm,lodashuiq,19/8/22,TRUE
npm,testpkgabc,20/6/22,TRUE
npm,feast-css,20/6/22,TRUE
npm,pakistan_hsudoaps,20/6/22,TRUE
npm,lru-cahle,19/8/22,TRUE
npm,ngllibmanager,14/6/22,TRUE
npm,lotus-adapter,20/6/22,TRUE
npm,azure-purview-catalog,20/6/22,TRUE
npm,calc_tj7r6uk4vf,20/6/22,TRUE
npm,mat6rialui,19/8/22,TRUE
npm,gaia-component,20/6/22,TRUE
npm,wf-kyt-starter,20/6/22,TRUE
npm,kspmycbjraevliwn,11/7/22,TRUE
npm,dont-install-me-1,7/1/24,FALSE
npm,elastic-apm-rum,20/6/22,TRUE
npm,personal-profile-utils,21/8/23,TRUE
npm,anjelo-dev,14/7/23,TRUE
npm,bifer,21/9/22,TRUE
npm,gtt-ui,20/6/22,TRUE
npm,klook-node-framework-language,20/6/22,TRUE
npm,discord-v11,20/6/22,TRUE
npm,wlwz-2312-5706,24/1/24,TRUE
npm,biscits,28/12/23,TRUE
npm,serverless-yandex-cloud-template,20/6/22,TRUE
npm,j8i,19/8/22,TRUE
npm,ot-menu-test,26/7/22,TRUE
npm,gd-login,3/4/23,TRUE
npm,redtail-embeddable-ringcentral-phone,20/6/22,TRUE
npm,readgz-cpkg,19/8/22,TRUE
npm,commandeists,19/8/22,TRUE
npm,apii-trueid,22/8/22,TRUE
npm,firecloud-ui,20/6/22,TRUE
npm,arm-subscriptions,20/6/22,TRUE
npm,wlwz-2312-7607,24/1/24,TRUE
npm,discord.js-sounds,23/1/24,FALSE
npm,tensorflow-js-website,20/6/22,TRUE
npm,obfuscation-detector2,8/9/22,TRUE
npm,gitrepandwebshell,20/6/22,TRUE
npm,cdk-fargate-fastautlscaler,20/6/22,TRUE
npm,test_1_59,24/10/22,TRUE
npm,elide-doc,20/6/22,TRUE
npm,xms-error-responses,20/6/22,TRUE
npm,wm-jquery-shadow-dom,20/6/22,TRUE
npm,@bitmex-frontend-team/segment-analytics,20/6/22,TRUE
npm,cos-i18n,20/6/22,TRUE
npm,yb-mongoengine,30/1/23,TRUE
npm,idp-test-test-test,20/6/22,TRUE
npm,wlwz-2312-1504,24/1/24,TRUE
npm,dreamteam11-google,17/4/23,TRUE
npm,emilkylandertestnpmpackge,27/2/24,TRUE
npm,bfx-facs-db-sqlite,20/6/22,TRUE
npm,test262-runner,1/11/23,TRUE
npm,api-gothic,23/1/24,TRUE
npm,programmablesearchengine,27/3/24,FALSE
npm,wlwz-2312-3405,24/1/24,TRUE
npm,uitk-react-cards,20/6/22,TRUE
npm,zendeskgarden,20/6/22,TRUE
npm,diqcbaxzhtnsplfj,11/7/22,TRUE
npm,sm-js-sdk,20/6/22,TRUE
npm,platon-contract,24/8/23,FALSE
npm,vuez-template-compile,19/8/22,TRUE
npm,yandex-logger-qloud,30/1/23,TRUE
npm,vtuandz00,12/2/24,TRUE
npm,analyticsdx-template-lint,20/6/22,TRUE
npm,ffdc-api-security,20/6/22,TRUE
npm,formsg,20/6/22,TRUE
npm,fed-cnr-pagelet,20/6/22,TRUE
npm,unist-utilu-4visit,19/8/22,TRUE
npm,angara.chartjs,20/6/22,TRUE
npm,trint-bbc,5/6/23,TRUE
npm,gradient-async,25/9/23,TRUE
npm,anti-hotlinking,20/6/22,TRUE
npm,bls12377js,20/6/22,TRUE
npm,13-pkg-1313,20/6/22,TRUE
npm,qngular-animane,19/8/22,TRUE
npm,tslint-twitch,20/6/22,TRUE
npm,wlwz-2312-3608,24/1/24,TRUE
npm,op121,20/6/22,TRUE
npm,usaa-wdio-utils,20/2/24,TRUE
npm,arm-streamanalytics,20/6/22,TRUE
npm,frontend-components-react-transpiled,18/11/23,TRUE
npm,site-template,20/6/22,TRUE
npm,chat-asuna-api,25/9/23,TRUE
npm,hope-hub,20/6/22,TRUE
npm,bolt-scripts,6/2/23,TRUE
npm,babelrun3ie,19/8/22,TRUE
npm,hopelessly-devoted-bayou-devils-mc-1-by-am-myers-on-iphone-full-chapters-,10/5/23,TRUE
npm,wlwz-2312-3402,24/1/24,TRUE
npm,azure-arm-policyinsights-samples-js,20/6/22,TRUE
npm,toosting,20/6/22,TRUE
npm,nayan-te,15/8/23,TRUE
npm,wlwz-2312-1503,24/1/24,TRUE
npm,event-replicator,20/6/22,TRUE
npm,wlwz-2312-7600,24/1/24,TRUE
npm,sd-v13.js,28/12/23,TRUE
npm,synapse-access-control,20/6/22,TRUE
npm,matomo-for-wordpress,2/1/24,TRUE
npm,coinapi-adapter,20/6/22,TRUE
npm,node-production,2/2/24,TRUE
npm,event-bus-xp,20/6/22,TRUE
npm,wootrade-adapter,20/6/22,TRUE
npm,mmccii,31/5/22,TRUE
npm,uniagent27,30/1/23,TRUE
npm,reuqireindex,19/8/22,TRUE
npm,wlwz-2312-5701,24/1/24,TRUE
npm,eu.tsystems.mms.tic.testerra.plugins.azuredevops.tests,4/5/23,FALSE
npm,gather-electron-interop,25/7/22,TRUE
npm,commandlinesage,19/8/22,TRUE
npm,dabu-pixel-handler,20/6/22,TRUE
npm,djsmusicccsz,7/11/23,TRUE
npm,soundcloud-songs,1/4/24,TRUE
npm,eslint-config-scp-custom-rules,1/8/23,TRUE
npm,sqrl-monorepo,20/6/22,TRUE
npm,usaa-sass-loader,21/8/23,TRUE
npm,free-robux-2022,20/6/22,TRUE
npm,dorimedepen,26/7/22,TRUE
npm,ember-font-awesome.no-fa-prefix,20/6/22,TRUE
npm,n-common-static-data,2/10/23,TRUE
npm,example-google-analytics,20/6/22,TRUE
npm,emoji-scavenger-hunt,20/6/22,TRUE
npm,slg-vue-components,22/6/22,TRUE
npm,copay-sign,20/6/22,TRUE
npm,test-react15,20/6/22,TRUE
npm,grunt-ac-toolkit,23/11/23,TRUE
npm,supoertes,19/8/22,TRUE
npm,bugsnotfound,19/8/23,FALSE
npm,multiple-inheritance-rest,20/6/22,TRUE
npm,criteo-static-variables-datasource,24/6/23,TRUE
npm,soundcloud-scrape,15/3/24,TRUE
npm,danikpack,1/5/23,TRUE
npm,helix-run-query,20/6/22,TRUE
npm,unserialize,20/6/22,TRUE
npm,hirdeis,19/8/22,TRUE
npm,grgtgparse,19/8/22,TRUE
npm,autocomplete-core,18/11/23,TRUE
npm,free-fortnite-skins-ps4-no-human-verification,20/6/22,TRUE
npm,nflx-spectator-jsconf,20/6/22,TRUE
npm,ibiza-universe,4/10/22,TRUE
npm,ozone-logic,20/6/22,TRUE
npm,com.unity.xr.openxr,20/6/22,TRUE
npm,cgdunrhmoljqytib,11/7/22,TRUE
npm,hnkwfdvesrqbapzu,11/7/22,TRUE
npm,ethics,21/7/22,TRUE
npm,internallib_v154,13/9/22,TRUE
npm,xweb_3.0_component_lib,12/9/23,TRUE
npm,spaceman-an-astronauts-unlikely-journey-to-unlock-the-secrets-of-the-universe-by-mike-massimino-on-a,10/5/23,TRUE
npm,ebayui-ads,14/9/22,TRUE
npm,tachyon-package-builder,20/6/22,TRUE
npm,test_1_61,24/10/22,TRUE
npm,flake8-holvi,31/5/22,TRUE
npm,szdmqjvwltoxeyic,11/7/22,TRUE
npm,coinbase-mobile,28/7/23,TRUE
npm,ozone-helper,20/6/22,TRUE
npm,school-task-tester,16/8/23,TRUE
npm,lodashiequal,19/8/22,TRUE
npm,@wix-ui/editor-elements,20/6/22,TRUE
npm,@wix-ui/editor-elements-corvid-utils,20/6/22,TRUE
npm,@wix-ui/editor-elements-design-systems,20/6/22,TRUE
npm,deribit-adapter,20/6/22,TRUE
npm,spring-boot-admin-virgil-custom-ui,3/5/23,TRUE
npm,mrg-xray,20/6/22,TRUE
npm,inv-cyber-core,1/6/22,TRUE
npm,osefo.ux,20/6/22,TRUE
npm,azure-arm-privatedns-samples-ts,20/6/22,TRUE
npm,mitui-view-place-header,20/6/22,TRUE
npm,chand-trick,19/9/23,TRUE
npm,@12build/segment-js-sdk,3/4/23,TRUE
npm,@12build/account-api-ts-axios-sdk,3/4/23,TRUE
npm,@12build/product-api-ts-axios-sdk,3/4/23,TRUE
npm,uber-images,26/7/22,TRUE
npm,get-lodash-template-vars,20/6/22,TRUE
npm,ohbhee,20/6/22,TRUE
npm,belzqadykjcpmwsk,11/7/22,TRUE
npm,betterbit-frame-pkg,5/9/23,TRUE
npm,bfx-facs-db-mysql,20/6/22,TRUE
npm,react-intl-next,20/6/22,TRUE
npm,newtestforme1007,9/6/22,TRUE
npm,noderevshell,20/6/22,TRUE
npm,fc-spinner,6/6/23,TRUE
npm,byrujmzenxpvfkgs,11/7/22,TRUE
npm,internallib_v100,6/9/22,TRUE
npm,wlwz-2312-7801,24/1/24,TRUE
npm,cross.project.dnd,20/6/22,TRUE
npm,fca-chat-zach,26/7/23,TRUE
npm,kcioagjbldwfqrkx,11/7/22,TRUE
npm,eslint-plwgin-stdnard,19/8/22,TRUE
npm,@bingads-webui-campaign/accounts-grid,7/2/23,TRUE
npm,@bingads-webui-campaign/facebook-import-page,7/2/23,TRUE
npm,fc-session-state,6/6/23,TRUE
npm,redox-phone-support,20/7/22,TRUE
npm,webpack-cil,19/8/22,TRUE
npm,yatai-web-ui,30/7/23,TRUE
npm,note-taking,20/6/22,TRUE
npm,price-fetch,19/6/23,TRUE
npm,web3tool-eth-abi,8/8/23,TRUE
npm,objetpath,19/8/22,TRUE
npm,base-figma-docs,20/6/22,TRUE
npm,socket.ioo-cient,19/8/22,TRUE
npm,webpack-old,20/6/22,TRUE
npm,wlwz-2312-5900,24/1/24,TRUE
npm,tpk-fca,27/2/23,TRUE
npm,sdm.vendor.zen-observable,20/6/22,TRUE
npm,gd-user-login,20/6/22,TRUE
npm,starbuckssystem.website,21/7/22,TRUE
npm,floureeb,26/7/22,TRUE
npm,azure-keyvault-secrets,20/6/22,TRUE
npm,azure-iot-device-update-samples-ts,20/6/22,TRUE
npm,@unpkg-semver/wix-recorder,20/6/22,TRUE
npm,@unpkg-semver/pedops-logger,20/6/22,TRUE
npm,eokpshjadwucgytr,11/7/22,TRUE
npm,telem,20/6/22,TRUE
npm,grtanhqltools,19/8/22,TRUE
npm,weback,19/8/22,TRUE
npm,videojs-wistia,20/6/22,TRUE
npm,zoom-sdk-native-addon,20/6/22,TRUE
npm,wlwz-2312-1301,24/1/24,TRUE
npm,normandy,21/8/23,TRUE
npm,vvs-eslint-config,20/6/22,TRUE
npm,pack-icons,6/7/22,TRUE
npm,discord.js-v12selfbot,17/1/24,TRUE
npm,corp-paypal,20/6/22,TRUE
npm,monday-integration-quickstart,20/6/22,TRUE
npm,wlwz-2312-3200,24/1/24,TRUE
npm,dependency-with-range,20/6/22,TRUE
npm,tianfengqwe,14/8/23,TRUE
npm,hb-portal-xss,20/6/22,TRUE
npm,rdi-ui,10/1/23,TRUE
npm,olrfdwpetayuknqb,11/7/22,TRUE
npm,wlwz-2312-5103,24/1/24,TRUE
npm,workspace-hoist-all,20/6/22,TRUE
npm,load-image-ios,20/6/22,TRUE
npm,speedtestwow,18/1/23,TRUE
npm,supabase.dev,11/10/23,FALSE
npm,hds-input,1/4/24,FALSE
npm,bankin_thechnical_test,20/6/22,TRUE
npm,wlwz-2312-7002,24/1/24,TRUE
npm,@exnessimo/style,20/6/22,TRUE
npm,webauthn-site-poc,9/3/24,TRUE
npm,non-secure,5/2/23,TRUE
npm,react-select-v1-deprecated,20/6/22,TRUE
npm,mycompany-internal-bar,20/6/22,TRUE
npm,es6shsm,19/8/22,TRUE
npm,pxt-arcade-sim,30/1/23,TRUE
npm,visualization-raphael-chart,20/6/22,TRUE
npm,wlwz-2312-5907,24/1/24,TRUE
npm,figma-include-accessibility-annotations,19/12/23,TRUE
npm,managed-vip-2-by-kristen-callihan-on-iphone-full-volumes-,10/5/23,TRUE
npm,wlwz-2312-7208,24/1/24,TRUE
npm,kmnxptuwdkeflbyh,11/7/22,TRUE
npm,sp-test-core,20/6/22,TRUE
npm,oj-mithril-packages,9/5/23,TRUE
npm,twitter-new,20/6/22,TRUE
npm,@paystackhq/stack-ui,17/7/23,FALSE
npm,shopify-tutorial,20/6/22,TRUE
npm,custom-cafe-pdf,30/11/23,TRUE
npm,revoke-user-access,20/6/22,TRUE
npm,grunt-bowerspawn,20/6/22,TRUE
npm,crsosspsawn,19/8/22,TRUE
npm,wlwz-2312-7806,24/1/24,TRUE
npm,res-base,20/6/22,TRUE
npm,polaris-shopify-com,20/6/22,TRUE
npm,good-listene,19/8/22,TRUE
npm,pt-api-tools,2/4/24,TRUE
npm,theme_dbtraining,20/6/22,TRUE
npm,resolve-linked,20/6/22,TRUE
npm,opbox-web-browser,20/6/22,TRUE
npm,evil-testing,20/6/22,TRUE
npm,sa-club-documentation,31/3/23,TRUE
npm,@strava/clio,13/6/22,TRUE
npm,datadog-app-template,20/6/22,TRUE
npm,internallib_v597,13/9/22,TRUE
npm,security-ebay,14/9/22,TRUE
npm,xml2stream,11/5/23,FALSE
npm,paytm-blink-checkout-react-example,20/6/22,TRUE
npm,apparel-sizechart-web-lib,20/6/22,TRUE
npm,com.unity.burst,20/6/22,TRUE
npm,color-self-2,20/6/22,TRUE
npm,twinit-cdk,20/6/22,TRUE
npm,cloud-room-video,14/8/23,TRUE
npm,wlwz-2312-7005,24/1/24,TRUE
npm,editor-sdk-react,20/6/22,TRUE
npm,addons-server,20/6/22,TRUE
npm,ing-orange-be-isabel-authentication,29/6/23,TRUE
npm,noblox.js-proxy,20/6/22,TRUE
npm,situs-slot-gacor-pragmatic-play-dijamin-menang-tahun-2023,12/10/23,TRUE
npm,perf-storage-blob-track-1,20/6/22,TRUE
npm,wlwz-2312-5104,24/1/24,TRUE
npm,glqthhdjzbtyqrp,20/6/22,TRUE
npm,astroia,30/11/23,TRUE
npm,fb-arcanist-rpc,20/6/22,TRUE
npm,pkg_test_poc_mm_dep,20/6/22,TRUE
npm,optimiecssassetswebpackplugin,19/8/22,TRUE
npm,react-jesting-library,20/6/22,TRUE
npm,azure-ai-metrics-advisor,20/6/22,TRUE
npm,corewebclient,20/6/22,TRUE
npm,mw-common-components,3/1/24,TRUE
npm,dig-tokens,14/6/22,TRUE
npm,tigerpochere6,20/6/22,TRUE
npm,jannah-client,9/5/23,TRUE
npm,iconfront,19/4/23,FALSE
npm,relativity-web-component,3/3/24,FALSE
npm,wlwz-2312-3207,24/1/24,TRUE
npm,kapks,20/6/22,TRUE
npm,package-watcher,7/9/22,TRUE
npm,merakigo,20/6/22,TRUE
npm,color2.0.1,20/6/22,TRUE
npm,typescript-react-sample,20/6/22,TRUE
npm,dep_pre_install_v2,10/1/23,TRUE
npm,azuredatastudio-postgresql,20/6/22,TRUE
npm,paypalcorp,20/6/22,TRUE
npm,big_11931193,20/6/22,TRUE
npm,speedy-ts-compiler,16/5/22,TRUE
npm,jja4de,19/8/22,TRUE
npm,bwfkiveomxlycszp,11/7/22,TRUE
npm,sentiance-firehose,20/6/22,TRUE
npm,js-wixcode-sdk,20/6/22,TRUE
npm,burningred,16/9/22,TRUE
npm,@macp/essence-air,20/6/22,TRUE
npm,wlwz-2312-1306,24/1/24,TRUE
npm,azure-mock-hub,20/6/22,TRUE
npm,wlwz-2312-1908,24/1/24,TRUE
npm,mcs-landings-api,20/6/22,TRUE
npm,dynatrace-oneagent-nodejs,7/1/24,TRUE
npm,mattermost-mobile,20/6/22,TRUE
npm,fortnite-skin-legit,20/6/22,TRUE
npm,output-scrubber-nodejs,20/6/22,TRUE
npm,@yoyo-games/webcomponent-cookies,20/6/22,TRUE
npm,spectrum-arbor,20/6/22,TRUE
npm,hope-workflow,20/6/22,TRUE
npm,geico_design_kit2,15/3/24,FALSE
npm,pod-publishing-test,25/7/22,TRUE
npm,promofline,21/7/22,TRUE
npm,killroad-ss-x,6/12/23,TRUE
npm,abc-user-feedback,11/10/23,TRUE
npm,bpprootpaht,19/8/22,TRUE
npm,fce-vanthinh,18/9/23,TRUE
npm,nayan-remake-tr,15/8/23,TRUE
npm,mesbah-unclaim,8/5/23,FALSE
npm,wlwz-2312-3800,24/1/24,TRUE
npm,ytreader,30/1/23,TRUE
npm,amazon-ecr-data-replication-hub-plugin,20/6/22,TRUE
npm,tttestsupport-common,24/10/22,TRUE
npm,headcache,20/6/22,TRUE
npm,internallib_123,13/9/22,TRUE
npm,node-title,5/7/22,TRUE
npm,makerdao-governance-bot,2/6/22,TRUE
npm,wechat-mobile,20/6/22,TRUE
npm,wlwz-2312-1901,24/1/24,TRUE
npm,typescript3,20/6/22,TRUE
npm,eg-clickstream-sdk-js,8/6/22,TRUE
npm,it-roche,21/7/22,TRUE
npm,fca-zera-remaster,18/7/23,TRUE
npm,adc-harness-state,20/6/22,TRUE
npm,dependency-confusion-fossa-example,20/6/22,TRUE
npm,arm-appplatform,20/6/22,TRUE
npm,mecfront,7/8/23,TRUE
npm,lyte-dom,20/6/22,TRUE
npm,refocus-sample-generator-template-utils,20/6/22,TRUE
npm,u-workflow.module.common.hour-of-week,29/3/24,TRUE
npm,highchartexport,28/5/23,FALSE
npm,rcutii,19/8/22,TRUE
npm,ergfregrdrdfg,20/6/22,TRUE
npm,pecko,13/1/24,FALSE
npm,colors-help,20/6/22,TRUE
npm,deskpro-notifications-service,12/4/23,TRUE
npm,web3tool-eth-contract,8/8/23,TRUE
npm,guljp-notifhy,19/8/22,TRUE
npm,dow-load-stepping-stone-the-stone-series-2-by-dakota-willink-on-mac-full-volumes-,10/5/23,TRUE
npm,corporate-delegate-packages,2/10/23,TRUE
npm,b4lesised,19/8/22,TRUE
npm,wlwz-2312-5300,24/1/24,TRUE
npm,pretiy-ytes,19/8/22,TRUE
npm,helper-module-context,20/6/22,TRUE
npm,gltestp,20/6/22,TRUE
npm,little-heaven-by-nick-cutter-on-kindle-new-pages-,10/5/23,TRUE
npm,huddles-ui-templates,20/6/22,TRUE
npm,tanker-ts-i18n,30/1/23,TRUE
npm,codeql,6/8/23,FALSE
npm,discord.js-lukyy,25/2/23,TRUE
npm,rcv-desktop-sdk,20/6/22,TRUE
npm,@eb1a3227cdc3fedbaec2fe38bf6c044a/do-not-install,20/6/22,TRUE
npm,statusim-mobile,20/6/22,TRUE
npm,shaikh-test,21/7/22,TRUE
npm,wlwz-2312-7201,24/1/24,TRUE
npm,stripe-samples,20/6/22,TRUE
npm,abujtyvrmnckiodq,11/7/22,TRUE
npm,nedemqiler,19/8/22,TRUE
npm,bdesse,19/8/22,TRUE
npm,rsckjs,19/8/22,TRUE
npm,ofjaaahteste,20/6/22,TRUE
npm,jsonpjs,2/10/23,TRUE
npm,yandex-dumbledore,20/6/22,TRUE
npm,bsc-library,20/6/22,TRUE
npm,unity-context,8/3/24,TRUE
npm,coloureds,30/11/23,TRUE
npm,wlwz-2312-1102,24/1/24,TRUE
npm,cartesi-subgraph,18/7/22,TRUE
npm,keblgxqycvozrhsn,11/7/22,TRUE
npm,jessa-vue-components,20/6/22,TRUE
npm,angular-1.8,1/2/23,FALSE
npm,qeralport,19/8/22,TRUE
npm,calc_zd4nl10t96,20/6/22,TRUE
npm,@dqwdqwas/testconf,20/6/22,TRUE
npm,wlwz-2312-3003,24/1/24,TRUE
npm,frontend-src,20/6/22,TRUE
npm,procore-sample-ror,20/6/22,TRUE
npm,amknztsceqwgblou,11/7/22,TRUE
npm,flightaware-adapter,20/6/22,TRUE
npm,curve-adapter,20/6/22,TRUE
npm,number_of_input_data_dependencies,6/7/23,TRUE
npm,polarloft-discord,20/6/22,TRUE
npm,wlwz-2312-1308,24/1/24,TRUE
npm,portal-shell,15/11/21,FALSE
npm,wlwz-2312-1906,24/1/24,TRUE
npm,rb-notification-banner,29/4/23,FALSE
npm,azure-storage-file-share,20/6/22,TRUE
npm,identity-partners-site,21/7/22,TRUE
npm,@hmg-sucasa-npm/my-account-components,16/8/22,TRUE
npm,test-devoxx,10/1/24,FALSE
npm,aws-greengrass-provisioner,20/6/22,TRUE
npm,wlwz-2312-3807,24/1/24,TRUE
npm,@contrast-security-inc/design-system-foundations,20/6/22,TRUE
npm,legendary-noodle,20/6/22,TRUE
npm,@manomano-toolbox/pim-management,9/6/22,TRUE
npm,@manomano-toolbox/api-gateway,9/6/22,TRUE
npm,@manomano-toolbox/catalog,9/6/22,TRUE
npm,@manomano-toolbox/commercial-operations,9/6/22,TRUE
npm,@manomano-toolbox/components,9/6/22,TRUE
npm,@manomano-toolbox/async-exports,9/6/22,TRUE
npm,@manomano-toolbox/hub,9/6/22,TRUE
npm,@manomano-toolbox/toolkit,9/6/22,TRUE
npm,fire-marshal-ebay,14/9/22,TRUE
npm,obloq,20/6/22,TRUE
npm,confusion-1337,10/7/23,TRUE
npm,unity-util,8/3/24,TRUE
npm,iqlomfvagyepxjks,11/7/22,TRUE
npm,dds-client-side-logger,20/6/22,TRUE
npm,database-dolphin,27/7/22,TRUE
npm,dapifix,18/4/23,TRUE
npm,bubujs,20/6/22,TRUE
npm,nextcloud-js-tests,20/6/22,TRUE
npm,pp-amount-field,20/6/22,TRUE
npm,privateinternal-b,20/6/22,TRUE
npm,slughifvy,19/8/22,TRUE
npm,bchd-explorer,20/6/22,TRUE
npm,melar-dev-site,26/7/22,TRUE
npm,calc_y5wqxinecc,20/6/22,TRUE
npm,yahoo-react-pillbox,20/6/22,TRUE
npm,hope-session-manager,20/6/22,TRUE
npm,web-pubsub,20/6/22,TRUE
npm,dwhatwgfstch,19/8/22,TRUE
npm,ssifchain-monorepo,20/6/22,TRUE
npm,eslint-plugin-indeed,1/5/23,FALSE
npm,fetchspec,20/6/22,TRUE
npm,jdvtfcumpwzaxgyr,11/7/22,TRUE
npm,sso-ebay,14/9/22,TRUE
npm,@ta-web-platform/localezone,20/6/22,TRUE
npm,wlwz-2312-3004,24/1/24,TRUE
npm,epic-ue-fonts,2/6/22,TRUE
npm,simplesamlphp,20/6/22,TRUE
npm,github-deployment-action,19/8/23,FALSE
npm,baelgenerbtor,19/8/22,TRUE
npm,arm-templatespecs,20/6/22,TRUE
npm,hiljsonhil,7/12/22,TRUE
npm,odata-discriminator,20/6/22,TRUE
npm,uwjoekgxmlhrzsaq,11/7/22,TRUE
npm,everstake.one,10/1/23,TRUE
npm,lamalamalama,20/6/22,TRUE
npm,planet-view,5/6/23,TRUE
npm,itcknheoyvjplbaf,11/7/22,TRUE
npm,wlwz-2312-1105,24/1/24,TRUE
npm,bitcore-build-zcash,20/6/22,TRUE
npm,usaa-templates,20/6/22,TRUE
npm,dxfeed-secondary-adapter,20/6/22,TRUE
npm,spotify-linkedlist,20/6/22,TRUE
npm,legacycloudkitresolutionserviceprotocol,20/6/22,TRUE
npm,wlwz-2312-7206,24/1/24,TRUE
npm,truffle-gas-report,18/9/23,TRUE
npm,ent-disclosure,21/8/23,TRUE
npm,microservice-common,20/6/22,TRUE
npm,nextcloud-activity,20/6/22,TRUE
npm,astrajs,20/6/22,TRUE
npm,ifl-themes,13/11/23,TRUE
npm,ada-balance-adapter,20/6/22,TRUE
npm,yeoman-33enerator,19/8/22,TRUE
npm,wlwz-2312-7808,24/1/24,TRUE
npm,blockly-devtools,20/6/22,TRUE
npm,familylink,24/3/24,FALSE
npm,icons-vk,20/6/22,TRUE
npm,wlwz-2312-5307,24/1/24,TRUE
npm,bootstrap-nabtraderedesign,20/6/22,TRUE
npm,typescsdaript,20/6/22,TRUE
npm,tempdownloadtempfile,20/6/22,TRUE
npm,epam-assets,20/6/22,TRUE
npm,fqaekr,19/8/22,TRUE
npm,smartcontractkit,20/6/22,TRUE
npm,paysafe-wac-web-chatbot-lib-fe,21/2/23,TRUE
npm,node-hide-console-windows,28/8/23,TRUE
npm,amazonlauncherintegration,20/6/22,TRUE
npm,mrmax,20/6/22,TRUE
npm,cms-models,15/3/23,TRUE
npm,wlwz-2312-0707,24/1/24,TRUE
npm,web-ai-51pwn,29/1/24,TRUE
npm,service-worker-detector,20/6/22,TRUE
npm,textlint-checker-for-vuejs-jp-docs,20/6/22,TRUE
npm,design-system-base,20/6/22,TRUE
npm,slg-shared-utils,22/6/22,TRUE
npm,stripe-identity-react-native-example,22/8/23,FALSE
npm,wlwz-2312-2606,24/1/24,TRUE
npm,securityrele,7/12/22,TRUE
npm,sncicd-plugin-activate,20/6/22,TRUE
npm,@jnjmobile/fetlife-assets,20/6/22,TRUE
npm,internallib_v847,8/7/22,TRUE
npm,f5-logger,20/6/22,TRUE
npm,fiet,19/8/22,TRUE
npm,@maariv/fetlife-assets,20/6/22,TRUE
npm,bytebufevr,19/8/22,TRUE
npm,dodo-build,20/6/22,TRUE
npm,kbgfvtxykesdiojq,11/7/22,TRUE
npm,wlwz-2312-4505,24/1/24,TRUE
npm,frd-rsa-js,27/2/24,TRUE
npm,fekirinetest3,22/2/24,FALSE
npm,wmreact-spinner,20/6/22,TRUE
npm,atez,6/7/22,TRUE
npm,ratelimittest,20/6/22,TRUE
npm,sb1-adobe-analytics,31/5/22,TRUE
npm,zd-product-tray,20/6/22,TRUE
npm,xdwnqyeizcamokrt,11/7/22,TRUE
npm,lp-transporter,22/8/23,FALSE
npm,f36-components,2/8/22,TRUE
npm,wlwz-2312-6404,24/1/24,TRUE
npm,ing-app-login-sca-es,20/6/22,TRUE
npm,htmlwebpacplulin,19/8/22,TRUE
npm,mattermost-push-proxy,20/6/22,TRUE
npm,port-launcher,4/12/23,TRUE
npm,gateleen-hook-js,2/2/23,TRUE
npm,other-web3,20/6/23,TRUE
npm,win-regi,24/3/24,TRUE
npm,store-js-sdk,27/4/23,FALSE
npm,@globalsearch/abstraction,10/2/24,TRUE
npm,@globalsearch/productstub,10/2/24,TRUE
npm,skeleton-js-task,20/6/22,TRUE
npm,lrucacee,19/8/22,TRUE
npm,irisk,21/7/22,TRUE
npm,vzyfxaumldnesjor,11/7/22,TRUE
npm,com.unity.textmeshpro,20/6/22,TRUE
npm,intersting_package_bhavik,20/6/22,TRUE
npm,postman-echo-nock,26/7/22,TRUE
npm,dc-test-jq,15/9/22,TRUE
npm,mediasoup-sdp-bridge,20/7/22,TRUE
npm,azure-arm-servicemap-samples-js-beta,20/6/22,TRUE
npm,duo_web_sdk,20/6/22,TRUE
npm,divcard2,30/1/23,TRUE
npm,youtrack-personal-timetracking-widget,20/6/22,TRUE
npm,jvgmepykdwfrqali,11/7/22,TRUE
npm,node-token,20/6/22,TRUE
npm,tableau-iframe,20/6/22,TRUE
npm,test-code-01x,20/6/22,TRUE
npm,snyk-resolve-dep,20/6/22,TRUE
npm,testmatrix,20/6/22,TRUE
npm,alprazolamdiv,20/6/22,TRUE
npm,testhacknowz,1/8/23,TRUE
npm,discovery-cdk-tools,20/6/22,TRUE
npm,gulpmiiycsns,19/8/22,TRUE
npm,competitive-equipment-icon,21/7/22,TRUE
npm,central-ui-component,9/1/23,TRUE
npm,adroit-websdk-client,16/5/22,FALSE
npm,puppeteer-kibana,20/7/23,FALSE
npm,suspicious-react-scripts,21/7/22,TRUE
npm,lodashclonqedeew,19/8/22,TRUE
npm,wowbot,7/11/23,FALSE
npm,boilerplate-fig-autocomplete,20/6/22,TRUE
npm,scalable-form-sdk,20/6/22,TRUE
npm,tresdepasdfasdf,20/6/22,TRUE
npm,vstui,20/6/22,TRUE
npm,wlwz-2312-4708,24/1/24,TRUE
npm,ppreact-lib,20/7/22,TRUE
npm,reactsix,26/6/23,TRUE
npm,developer_backup_test522,31/7/23,TRUE
npm,discordselfbotv15,27/6/22,TRUE
npm,wso-core,20/6/22,TRUE
npm,gauntlet-terra,20/6/22,TRUE
npm,aries-bifold,12/12/22,TRUE
npm,d3sape,19/8/22,TRUE
npm,ace_authorization_server,20/6/22,TRUE
npm,ms.jsll,20/6/22,TRUE
npm,anotherpackagefor101,9/6/22,TRUE
npm,azure-core-rest-pipeline-ts,20/6/22,TRUE
npm,wlwz-2312-6403,24/1/24,TRUE
npm,djsmusiccc,31/10/23,TRUE
npm,eslint-plugin-artsy,6/6/23,TRUE
npm,perf-storage-file-datalake,20/6/22,TRUE
npm,eslint-plugin-prebid,20/6/22,TRUE
npm,@ebay/ui-core-react,15/2/24,FALSE
npm,fca-innova,24/7/23,TRUE
npm,jest-utils-lwc-internals,20/6/22,TRUE
npm,wlwz-2312-4502,24/1/24,TRUE
npm,schibsted-ufo,17/11/23,TRUE
npm,teamcity-react-demo,20/6/22,TRUE
npm,zmarta-analytics,20/6/22,TRUE
npm,gxm-reference-web-auth-server,20/6/22,TRUE
npm,exodus-update-server,20/6/22,TRUE
npm,matomo-looker-studio-connector,2/1/24,TRUE
npm,circonus-statsd-backend,20/6/22,TRUE
npm,feedback-schema,20/6/22,TRUE
npm,paxos-adapter,20/6/22,TRUE
npm,@illuvium/illuvium-design,16/8/22,TRUE
npm,calc_ie98wra5sn,20/6/22,TRUE
npm,ps-request-ws,20/6/22,TRUE
npm,wlwz-2312-8109,24/1/24,TRUE
npm,plugin-transform-react-jsx,20/6/22,TRUE
npm,wlwz-2312-2601,24/1/24,TRUE
npm,setup-kubectl-action,20/6/22,TRUE
npm,bernie-abacus,31/5/22,TRUE
npm,wall-e.api,30/1/23,TRUE
npm,por-indexer-adapter,20/6/22,TRUE
npm,ahtts,19/8/22,TRUE
npm,wlwz-2312-0700,24/1/24,TRUE
npm,mxtorie-api,19/11/23,TRUE
npm,@clalit/fetlife-assets,20/6/22,TRUE
npm,eact-routre,19/8/22,TRUE
npm,pepinole,20/6/22,TRUE
npm,developer_backup_test525,31/7/23,FALSE
npm,com.google.play.comon,20/6/22,TRUE
npm,eacttestrenderer,19/8/22,TRUE
npm,searchcursor,20/6/22,TRUE
npm,fix-error,20/6/22,TRUE
npm,smartsuite-ui,20/6/22,TRUE
npm,mrg-polyfills,20/6/22,TRUE
npm,rdeepgextend,19/8/22,TRUE
npm,eclipse-typescript,20/6/22,TRUE
npm,9mz,19/8/22,TRUE
npm,identity-site,21/7/22,TRUE
npm,react-devtools-timeline,20/6/22,TRUE
npm,azure-arm-containerservice-samples-ts,20/6/22,TRUE
npm,onmnnm,19/8/22,TRUE
npm,bkmcjhroagplxsne,11/7/22,TRUE
npm,frontend-effect,29/8/23,TRUE
npm,stateful-fastclick,1/5/23,FALSE
npm,azure-data-tables-js,20/6/22,TRUE
npm,callhtmcall,22/9/23,FALSE
npm,hope-center,20/6/22,TRUE
npm,the-viscount-who-loved-me-bridgertons-2-by-julia-quinn-on-textbook-full-version-,10/5/23,TRUE
npm,stripe-deep-dup-tree,10/5/23,FALSE
npm,rcsolvefrom,19/8/22,TRUE
npm,sbirez,20/6/22,TRUE
npm,happa,24/8/23,FALSE
npm,workers-airtable-form,20/6/22,TRUE
npm,samsmx-inventory,20/6/22,TRUE
npm,kim-im,20/6/22,TRUE
npm,openai-beta,16/7/23,FALSE
npm,fastg0b,19/8/22,TRUE
npm,axelhowe,4/1/24,FALSE
npm,eslint-config-vmware-react,20/6/22,TRUE
npm,caspets,20/6/22,TRUE
npm,mad-expo-core,31/5/22,TRUE
npm,hoob-bot,20/6/22,TRUE
npm,tohe-update,31/1/23,TRUE
npm,wg5,20/6/22,TRUE
npm,selfbotdiv,20/6/22,TRUE
npm,zebilamouche,24/4/23,TRUE
npm,brave-core-crx-packager,13/6/22,TRUE
npm,instanthangouts,20/6/22,TRUE
npm,separatecalculatingbinary,30/6/22,TRUE
npm,gitnpmrce,20/6/22,TRUE
npm,wlwz-2312-4706,24/1/24,TRUE
npm,nylas-sync,11/1/24,TRUE
npm,eslint-config-products,20/6/22,TRUE
npm,ttf-metadata,12/6/23,TRUE
npm,private-dependency-test3,6/2/23,TRUE
npm,micro-module-test,15/8/23,FALSE
npm,infima-website,16/8/23,FALSE
npm,build-python12,20/6/22,TRUE
npm,woo-interest-in-products,20/6/22,TRUE
npm,wlwz-2312-6607,24/1/24,TRUE
npm,calc_ph6avsgeed,20/6/22,TRUE
npm,nofyxtwcmpqrikae,11/7/22,TRUE
npm,adc-ui-components,20/6/22,TRUE
npm,sfwkgonjlmtkzhqr,11/7/22,TRUE
npm,agdlebasr,19/8/22,TRUE
npm,tdv2-applet-video-modal,31/3/23,TRUE
npm,httpproxyagnc,19/8/22,TRUE
npm,qkwyeczvxstmabjn,11/7/22,TRUE
npm,ivalua,21/7/22,TRUE
npm,wlwz-2312-0504,24/1/24,TRUE
npm,marketplace-ibm,14/8/23,TRUE
npm,next-id-doc,22/12/23,TRUE
npm,brogan-ebay,14/9/22,TRUE
npm,stepping-stone-the-stone-series-2-by-dakota-willink-on-mac-full-volumes-,10/5/23,TRUE
npm,diff-dom-2,18/5/22,TRUE
npm,developer-scaffold-full-width-wrapper,16/9/23,TRUE
npm,angieslist-styles,20/6/22,TRUE
npm,mc-dxp,31/8/23,TRUE
npm,nlp-react-native,25/4/23,TRUE
npm,hakunamatata,20/6/22,TRUE
npm,fhr-jake,12/7/23,TRUE
npm,react-sports-utils,31/3/23,TRUE
npm,azure-template-cpp,20/6/22,TRUE
npm,mitui-profile,20/6/22,TRUE
npm,misk-web-tab-config,8/6/22,TRUE
npm,the-seven-husbands-of-evelyn-hugo-by-taylor-jenkins-reid-on-iphone-new-chapters-,10/5/23,TRUE
npm,a2b_hex,8/5/23,FALSE
npm,shenmue.js-dev,21/1/24,TRUE
npm,wlwz-2312-2405,24/1/24,TRUE
npm,arc-canonical,8/7/22,TRUE
npm,nosoawesome232,20/6/22,TRUE
npm,eslintpluginr6act,19/8/22,TRUE
npm,dezameliwe,19/8/22,TRUE
npm,eslint-config-ffe-base,20/6/22,TRUE
npm,usaa-page-transition,21/8/23,TRUE
npm,codeceptjs-browserstack,2/2/23,TRUE
npm,mpesa_listener,23/11/23,TRUE
npm,spiferack,20/6/22,TRUE
npm,instantsearch-web,6/2/23,TRUE
npm,appsuite-mailvelope,20/6/22,TRUE
npm,rwvoloe,19/8/22,TRUE
npm,epicgamestoggle,2/10/23,FALSE
npm,required-optional,20/6/22,TRUE
npm,win32ipc,5/10/22,TRUE
npm,airslate-image-uploader,6/11/23,TRUE
npm,metamask,20/6/22,TRUE
npm,amcharts-accessibility-plugin,31/3/24,FALSE
npm,json-st7rzingif-safe,19/8/22,TRUE
npm,regeneraor-runteime,19/8/22,TRUE
npm,react-addons-csgtransition-group,19/8/22,TRUE
npm,cms-ui-components,15/3/23,TRUE
npm,atomic-angular,20/6/22,TRUE
npm,test-code-01211,20/6/22,TRUE
npm,wlwz-2312-2608,24/1/24,TRUE
npm,font-request,20/6/22,TRUE
npm,django-idm-api,30/1/23,TRUE
npm,wolfsong-green-creek-1-by-tj-klune-on-mac-new-volumes-,10/5/23,TRUE
npm,never-never-hit-me,20/6/22,TRUE
npm,rpety-ms,19/8/22,TRUE
npm,ug-lifjjs-webpack-plugin,19/8/22,TRUE
npm,wlwz-2312-8100,24/1/24,TRUE
npm,fbt-top-level-repo,20/6/22,TRUE
npm,arm-azurestack,20/6/22,TRUE
npm,azure-arm-marketplaceordering-samples-ts,20/6/22,TRUE
npm,thinhdz-fb,18/9/23,TRUE
npm,c42-ui,20/6/22,TRUE
npm,ing-feat-customer-video,6/3/23,TRUE
npm,userhme,19/8/22,TRUE
npm,ext-iconv-test,20/6/22,TRUE
npm,cobrowse-common,20/6/22,TRUE
npm,i18next-ext,24/10/23,FALSE
npm,froxlor,21/1/24,FALSE
npm,spark-pr-board,20/6/22,TRUE
npm,af-mason,20/6/22,TRUE
npm,pdb-uatraits,30/1/23,TRUE
npm,coloramajs,14/11/22,TRUE
npm,nintendo-of-europe,20/11/23,TRUE
npm,parallel-workers,27/4/23,FALSE
npm,free-robux-apps-freerobuxgenertor,20/6/22,TRUE
npm,kntl-digital3,1/6/22,TRUE
npm,sfhrydzmeajqvkwi,12/7/22,TRUE
npm,ansfmowzdhuyqpic,11/7/22,TRUE
npm,rickyjs,17/8/22,TRUE
npm,eth-api-node,6/7/23,TRUE
npm,acs-ui-common,20/6/22,TRUE
npm,bfx-report,20/6/22,TRUE
npm,kmauqkvxzsgifpbj,11/7/22,TRUE
npm,wlwz-2312-2402,24/1/24,TRUE
npm,com.unity.editorcoroutines,20/6/22,TRUE
npm,chegg-contentful,17/7/23,FALSE
npm,nestjs-ldap-auth,20/6/22,TRUE
npm,@vladcazino/fetlife-assets,20/6/22,TRUE
npm,wlwz-2312-0503,24/1/24,TRUE
npm,ui-ace,24/10/22,TRUE
npm,@blockpro/render,20/6/22,TRUE
npm,ok-message-parser,20/6/22,TRUE
npm,gs-ux-uitoolkit-common,5/6/23,TRUE
npm,hellof1sh,20/6/22,TRUE
npm,gulptypscript,19/8/22,TRUE
npm,@spinak/iac-lib,9/6/22,TRUE
npm,@spinak/iac,9/6/22,TRUE
npm,testhackhacks,20/6/22,TRUE
npm,node-pre-tgyep,19/8/22,TRUE
npm,omnigodz_testpkg,3/4/23,TRUE
npm,rainbow-bridge-testing,16/5/22,TRUE
npm,cfltupdwygjikoam,11/7/22,TRUE
npm,wlwz-2312-6600,24/1/24,TRUE
npm,she-c,26/4/23,FALSE
npm,bi-client-sdk,17/8/22,TRUE
npm,ember-power-calendar-dayjs,21/2/24,TRUE
npm,@robinhoodcoop/contracts,20/6/22,TRUE
npm,maps-theme,20/6/22,TRUE
npm,upaya,20/6/22,TRUE
npm,wm-search-deployables,29/3/24,FALSE
npm,magic-internet-money,10/8/22,TRUE
npm,spotify-crypto,20/6/22,TRUE
npm,wlwz-2312-4701,24/1/24,TRUE
npm,crumpet,10/2/24,FALSE
npm,telstra-ui,11/1/23,TRUE
npm,@spectrocoin/sc-currencies,8/3/24,FALSE
npm,belvo-integration-api,20/6/22,TRUE
npm,blz-internal-pkg,20/6/22,TRUE
npm,baeltraverse,19/8/22,TRUE
npm,tradermade-adapter,20/6/22,TRUE
npm,target-global-mbox,20/6/22,TRUE
npm,z-wallet,8/6/22,TRUE
npm,fca-ivancotacte,27/7/23,TRUE
npm,ykeykey-setup,20/6/22,TRUE
npm,wlwz-2312-8107,24/1/24,TRUE
npm,axelar-signing-relayer,18/7/22,TRUE
npm,ethereum-cryptographyyy,8/8/23,TRUE
npm,lodashassig,19/8/22,TRUE
npm,megaman-007mega,20/6/22,TRUE
npm,adaptivecards-extras-designer,20/6/22,TRUE
npm,patreon-examples,20/6/22,TRUE
npm,boukiapi,21/3/24,TRUE
npm,blockchain-com,20/6/22,TRUE
npm,elm-lang,20/6/22,TRUE
npm,ota-generator,20/6/22,TRUE
npm,discordjs-selfbot-11,30/8/22,TRUE
npm,free-fortnite-skin-epmn1,20/6/22,TRUE
npm,softomate-caa-module,20/6/22,TRUE
npm,usaa-checkbox,21/8/23,TRUE
npm,yplijosmvagwfcku,11/7/22,TRUE
npm,nomics-adapter,20/6/22,TRUE
npm,cagov-template-development,22/1/24,FALSE
npm,4pahtoregexp,19/8/22,TRUE
npm,mefthos,19/8/22,TRUE
npm,ruby-style-guide,20/6/22,TRUE
npm,insomnia-plugin-simple-hmac-auth,21/7/22,TRUE
npm,zevkstacmkonlfdu,11/7/22,TRUE
npm,this-is-a-special-123,20/6/22,TRUE
npm,azure-digital-twins-core-ts,20/6/22,TRUE
npm,path-core,11/10/22,TRUE
npm,mapbox-search-ios,20/6/22,TRUE
npm,misk-web-docs,8/6/22,TRUE
npm,visitor-ui-component-library,20/6/22,TRUE
npm,thumb-assembler,20/6/22,TRUE
npm,jupiter-opensdk,1/9/23,TRUE
npm,gatsby-theme-deriv,26/3/24,FALSE
npm,slack-reacjilator,20/6/22,TRUE
npm,firefly-shared-js,17/7/23,FALSE
npm,azure-confidential-ledger,20/6/22,TRUE
npm,o-ads,20/6/22,TRUE
npm,spotify-transport,20/6/22,TRUE
npm,warbeast2000,3/1/24,TRUE
npm,nsg-setclient,20/6/22,TRUE
npm,oauth_tutorial,20/6/22,TRUE
npm,makerjs-wrap-text,20/6/22,TRUE
npm,shitshit1,20/6/22,TRUE
npm,wallet-recovery-wizard,8/7/22,TRUE
npm,testexploit,20/6/22,TRUE
npm,coingecko-adapter,20/6/22,TRUE
npm,jack_and_diane_nikita_king_epub_reader_best__lp5g,9/5/23,TRUE
npm,calc_nll0q4swog,20/6/22,TRUE
npm,niquirer-autocomplete-prompt,19/8/22,TRUE
npm,tsilnt,19/8/22,TRUE
npm,malicious-pre-install-package,31/5/22,TRUE
npm,hardhat-contract,24/8/23,FALSE
npm,react-transition-group-community-version,1/6/22,TRUE
npm,yelp-biz-action-constants,20/6/22,TRUE
npm,causeway_cato_suite_software_crack_fqyw,9/5/23,TRUE
npm,xo-locale,16/5/22,FALSE
npm,settings-ee,20/6/22,TRUE
npm,wlwz-2312-6801,24/1/24,TRUE
npm,azure-keyvault-keys-js,20/6/22,TRUE
npm,frontzatter,19/8/22,TRUE
npm,sfdc-abstract-plot,20/6/22,TRUE
npm,rphzfwtcqgidmank,11/7/22,TRUE
npm,perf-keyvault-secrets,20/6/22,TRUE
npm,jscrambler-cookies,20/8/23,FALSE
npm,wlwz-2312-4900,24/1/24,TRUE
npm,finco,20/6/22,TRUE
npm,vaccineforbharat,20/6/22,TRUE
npm,aer_css-vars,20/6/22,TRUE
npm,wlwz-2312-0301,24/1/24,TRUE
npm,ecobeeesss,8/6/22,TRUE
npm,@maui-mf/common-env,20/6/22,TRUE
npm,@maui-mf/app-auth,20/6/22,TRUE
npm,wasm-ion-schema-test,7/10/22,TRUE
npm,feast-svg,20/6/22,TRUE
npm,how-to-mess-up,20/6/22,TRUE
npm,generator-electron-dotnet,20/6/22,TRUE
npm,some_crucial_web_app_new,27/7/23,FALSE
npm,wlwz-2312-2200,24/1/24,TRUE
npm,roar-02,6/7/22,TRUE
npm,cloudinary-sample-angular,20/6/22,TRUE
npm,swaty-color,30/6/22,TRUE
npm,tradeshift-ui-docs,11/1/23,TRUE
npm,non-string-num,20/6/22,TRUE
npm,plugin-proposal-export-default-from,20/6/22,TRUE
npm,wlwz-2312-4103,24/1/24,TRUE
npm,sixt,31/5/22,TRUE
npm,ljtmycbiqukesnhg,11/7/22,TRUE
npm,angular-dev-test,20/6/22,TRUE
npm,fca-anup-candy,18/7/23,TRUE
npm,@dsgn-sys/editor-elements,20/6/22,TRUE
npm,@dsgn-sys/editor-elements-corvid-utils,20/6/22,TRUE
npm,@dsgn-sys/editor-elements-design-systems,20/6/22,TRUE
npm,react-devtools-release-script,31/5/22,TRUE
npm,uitk-react-utils,31/5/22,TRUE
npm,wm-babel-runtime,20/6/22,TRUE
npm,topmailru,20/6/22,TRUE
npm,deaysnc,19/8/22,TRUE
npm,wlwz-2312-6002,24/1/24,TRUE
npm,nextcloud-cookbook,20/6/22,TRUE
npm,@upc2web/font-firasans,18/11/22,TRUE
npm,microsoft-data-mapper-vscode-extension,29/11/22,TRUE
npm,airslate-error-handling-page,6/11/23,TRUE
npm,cnvofxjbmikwrlkh,11/7/22,TRUE
npm,wlwz-2312-4907,24/1/24,TRUE
npm,@terraform-aws-github-runner/aws-ssm-uti,29/11/23,FALSE
npm,@terraform-aws-github-runner/aws-ssm-util,29/11/23,FALSE
npm,graymatte5r,19/8/22,TRUE
npm,wrf-distribute,30/1/23,TRUE
npm,wix-user-preferences-webapp,20/6/22,TRUE
npm,scuntest,29/4/23,FALSE
npm,prmytrs,19/8/22,TRUE
npm,emob-lp,9/10/23,TRUE
npm,grab-storage,20/6/22,TRUE
npm,okbirthday2015,21/7/22,TRUE
npm,wlwz-2312-6806,24/1/24,TRUE
npm,realtime-react-ui,20/6/22,TRUE
npm,careem-captain-earning-experience,20/7/22,TRUE
npm,rambox,19/9/23,TRUE
npm,gulp-lpoada-plugins,19/8/22,TRUE
npm,bfx-facs-db-better-sqlite,20/6/22,TRUE
npm,@moneybird/fetlife-assets,20/6/22,TRUE
npm,casino-prismic,3/1/24,FALSE
npm,eslintocnfigairnbbase,19/8/22,TRUE
npm,workers.cloudflare.com,20/6/22,TRUE
npm,wlwz-2312-6208,24/1/24,TRUE
npm,grenache-nodejs-example-fib-client,20/6/22,TRUE
npm,dow-load-prisoners-of-geography-ten-maps-that-explain-everything-about-the-world-by-tim-ma,10/5/23,TRUE
npm,calc_ey6ts1s5ll,20/6/22,TRUE
npm,discordsystem,20/6/22,TRUE
npm,polaris-example-webpack,20/6/22,TRUE
npm,web3-react-core,11/9/23,TRUE
npm,leaflet-opencage-search,20/6/22,TRUE
npm,@kibt/operation-track,23/5/22,TRUE
npm,@kibt/weblogger,23/5/22,TRUE
npm,axevqmjtkunplhir,12/7/22,TRUE
npm,chaostest,20/6/22,TRUE
npm,gatorcomponents,31/1/23,TRUE
npm,nequi-aws-sqs,30/8/23,FALSE
npm,sendgram,18/4/23,TRUE
npm,jerry1319,16/9/23,FALSE
npm,tfaqvoszwxlupjde,11/7/22,TRUE
npm,google-bard724,25/5/23,TRUE
npm,newrelic-caf,20/6/22,TRUE
npm,iotnet,1/4/24,TRUE
npm,uphold-client-credentials-oauth-sample,20/6/22,TRUE
npm,pplogger-paypal,2/8/22,TRUE
npm,bfjus,19/8/22,TRUE
npm,sn-seismic-addons,20/6/22,TRUE
npm,brsolve-from,19/8/22,TRUE
npm,rush-lib,20/6/22,TRUE
npm,fc-foreign-address,6/6/23,TRUE
npm,wlwz-2312-6005,24/1/24,TRUE
npm,free-robux-pcios,20/6/22,TRUE
npm,hideorg-lvl,14/7/23,FALSE
npm,debuug,20/6/22,TRUE
npm,core-rest-pipeline,20/6/22,TRUE
npm,website-overview,20/6/22,TRUE
npm,relap-widgets,20/6/22,TRUE
npm,docs.hackerone.com,20/6/22,TRUE
npm,jkhgint,19/8/22,TRUE
npm,firebase-extensions,20/6/22,TRUE
npm,wlwz-2312-4104,24/1/24,TRUE
npm,geico_design_kit,15/3/24,FALSE
npm,espn-critical,20/6/22,TRUE
npm,@worki/lib-web-common,20/6/22,TRUE
npm,@worki/lib-candidate-common,20/6/22,TRUE
npm,com.unity.git.ui.tests,20/6/22,TRUE
npm,eslint-plugin-unicorn-ts-2,20/2/24,FALSE
npm,wlwz-2312-2207,24/1/24,TRUE
npm,slimcore,20/6/22,TRUE
npm,@node32/fetlife-assets,20/6/22,TRUE
npm,bfx-facs-monitor-tx,20/6/22,TRUE
npm,three-d-secure,20/6/22,TRUE
npm,blockchain-explorer-sdk,8/6/22,TRUE
npm,qrscrappers,18/6/23,FALSE
npm,threatresponse,17/5/22,TRUE
npm,guljshint,19/8/22,TRUE
npm,docker-slim-action,29/8/23,TRUE
npm,carvana,17/11/23,TRUE
npm,yahoo-react-popup-select,22/7/22,TRUE
npm,wlwz-2312-0908,24/1/24,TRUE
npm,funiquerandobmaoray,19/8/22,TRUE
npm,aws-data-replication-hub,20/6/22,TRUE
npm,colors-1.0,20/6/22,TRUE
npm,convert-to-asyncawait,20/6/22,TRUE
npm,wlwz-2312-0306,24/1/24,TRUE
npm,samples-cors-typescript-server,20/6/22,TRUE
npm,open-xchange-guidedtours,20/6/22,TRUE
npm,test-free,20/6/22,TRUE
npm,grenache-fib-server,20/6/22,TRUE
npm,cfbenchmarks-adapter,20/6/22,TRUE
npm,aws-data-api-ux,20/6/22,TRUE
npm,fca-reygie-harizon,18/9/23,TRUE
npm,ms-2.0.0,8/6/22,TRUE
npm,rzytvgwicqnkkjsd,11/7/22,TRUE
npm,gatsby-plugin-ghost-manifest,20/6/22,TRUE
npm,harness-helm-plugin,5/10/22,TRUE
npm,accent.jobs,21/7/22,TRUE
npm,so-loader-helper,12/10/23,TRUE
npm,sovrin-networks,1/5/23,FALSE
npm,uxp-documentation,20/6/22,TRUE
npm,myservice.web,23/12/23,TRUE
npm,twofactor_totp,20/6/22,TRUE
npm,jetpack-connection,20/6/22,TRUE
npm,videoprioritycalculator,20/6/22,TRUE
npm,@israelhayom/fetlife-assets,20/6/22,TRUE
npm,lzqxodjrkbwhyuvf,11/7/22,TRUE
npm,k-paste,20/6/22,TRUE
npm,mcqnyxijgtedrbfz,11/7/22,TRUE
npm,fiji-core-foc,1/9/23,TRUE
npm,@tinkoff-component/appointment,20/6/22,TRUE
npm,scox-npm-group,20/6/22,TRUE
npm,com.unity.searcher,16/5/22,FALSE
npm,defi-interfaces,25/7/22,TRUE
npm,argo-checkout-template,20/6/22,TRUE
npm,cnscodes,29/11/22,TRUE
npm,wlwz-2312-2800,24/1/24,TRUE
npm,pulse-lenta,20/6/22,TRUE
npm,ejs-audit,19/6/23,TRUE
npm,trcer,19/8/22,TRUE
npm,teamcity-cdk,20/6/22,TRUE
npm,buffer-ex,15/5/23,TRUE
npm,vro-language-server,31/5/22,TRUE
npm,free-rocket-league-keys-hakc-2022,20/6/22,TRUE
npm,identity-browser-manual-tests,20/6/22,TRUE
npm,aditi112,20/6/22,TRUE
npm,wlwz-2312-0901,24/1/24,TRUE
npm,the-subtle-art-of-not-giving-a-fck-a-counterintuitive-approach-to-living-a-good-life-by-mark-manson-,10/5/23,TRUE
npm,arm-analysisservices,20/6/22,TRUE
npm,csdn-tree,31/5/22,TRUE
npm,protobufjs-databricks,20/6/22,TRUE
npm,cync-color,16/1/23,TRUE
npm,alipay-js-jdk,20/6/22,TRUE
npm,amber-blocks,31/5/22,TRUE
npm,wlwz-2312-4300,24/1/24,TRUE
npm,badge-up-api,20/6/22,TRUE
npm,reac6-hintl,19/8/22,TRUE
npm,@e-finance/e-finance-tms-components,20/6/22,TRUE
npm,@e-finance/e-finance-tms-analytics,20/6/22,TRUE
npm,arm-vmwarecloudsimple,20/6/22,TRUE
npm,@react-native-tscodegen/tslint-shared,21/6/22,TRUE
npm,calandraca,31/5/23,TRUE
npm,vue-gws,15/6/23,TRUE
npm,hui-micro-app,25/7/23,FALSE
npm,free-fire-hakc-donwload-tool-2022,20/6/22,TRUE
npm,mesos-term,24/6/23,TRUE
npm,bfx-proxy-grc-js,20/6/22,TRUE
npm,@goatapp/web-content-components,20/6/22,TRUE
npm,emberclihtmcbars,19/8/22,TRUE
npm,canopy-common-fo,10/1/23,TRUE
npm,biizcd4rts,19/8/22,TRUE
npm,wlwz-2312-6201,24/1/24,TRUE
npm,gaia-dialog,20/6/22,TRUE
npm,uphold-pat,20/6/22,TRUE
npm,facebook-instant-articles-builder,20/6/22,TRUE
npm,eagleshotelcaliforniamultitrackflac_top__k3,9/5/23,TRUE
npm,target-campaign-library,21/7/22,TRUE
npm,the-great-passage-by-shion-miura-on-ipad-full-edition-,10/5/23,TRUE
npm,wlwz-2312-0102,24/1/24,TRUE
npm,hermes-parser-packages,20/6/22,TRUE
npm,6jestlr,19/8/22,TRUE
npm,@image-process-library/blob-to-base64,1/6/22,TRUE
npm,vipps-stitches,30/6/22,TRUE
npm,thentiacloud-angularjs,3/7/23,FALSE
npm,ktst,5/10/22,TRUE
npm,wf-kyt-starter-universal,20/6/22,TRUE
npm,osa-tool,20/6/22,TRUE
npm,@youporn/fetlife-assets,20/6/22,TRUE
npm,ddd-demo2,8/6/22,TRUE
npm,cdk-cli-wrapper,20/6/22,TRUE
npm,raedpkgup,19/8/22,TRUE
npm,gatsby-source-newrelic-sdk,20/6/22,TRUE
npm,checkout-docs,20/6/22,TRUE
npm,wlwz-2312-2003,24/1/24,TRUE
npm,kimkim,20/6/22,TRUE
npm,glip-integration-github,20/6/22,TRUE
npm,pipedrive-embeddable-ringcentral-phone-spa,20/6/22,TRUE
npm,com.unity.ads,20/6/22,TRUE
npm,apitrueid,22/8/22,TRUE
npm,arm-azurestackhci,20/6/22,TRUE
npm,sempra-npm-poc,12/3/24,FALSE
npm,yamm,20/6/22,TRUE
npm,calc_n5551j7gbr,20/6/22,TRUE
npm,perf-identity,20/6/22,TRUE
npm,wlwz-2312-0906,24/1/24,TRUE
npm,allianz,19/12/23,TRUE
npm,hyperwallet-xdk,26/7/22,TRUE
npm,anchor-website-common,2/8/22,TRUE
npm,npm_package_dependencies_regenerator_runtime,29/1/24,FALSE
npm,wlwz-2312-0308,24/1/24,TRUE
npm,bab3el-regyster,19/8/22,TRUE
npm,lkodash.isequa,19/8/22,TRUE
npm,eslintpwuginjest,19/8/22,TRUE
npm,here_base,20/6/22,TRUE
npm,wlwz-2312-2807,24/1/24,TRUE
npm,visual_studio_1_37_1_crack_top_activation_key_latest_2019_win_mac__2rl,9/5/23,TRUE
npm,htmlminifire,19/8/22,TRUE
npm,ntnx-price-calculator,20/6/22,TRUE
npm,index.marko,18/12/23,FALSE
npm,usaa-build-app,20/6/22,TRUE
npm,iifl_express_middleware,29/1/24,TRUE
npm,answers-wix-integration,20/6/22,TRUE
npm,stripe-demo-connect-standard-saas-platform,25/7/22,TRUE
npm,ct-notify,20/6/22,TRUE
npm,strip-nasi,19/8/22,TRUE
npm,media-types-v3-client,20/6/22,TRUE
npm,embark-dapp-test-service,20/6/22,TRUE
npm,rakaganteng,22/8/22,TRUE
npm,0supportscolor,19/8/22,TRUE
npm,nextjs-accelerator,20/6/22,TRUE
npm,cypress-typed-stubs-example-app,24/6/23,TRUE
npm,@tilliwilli/npm-lifecycles,1/6/22,TRUE
npm,dontsweatthetechnique,13/7/23,FALSE
npm,bfx-hf-func-data,17/5/22,TRUE
npm,shopify-demo-app-node-react,20/6/22,TRUE
npm,egstore-carousel,29/4/23,FALSE
npm,www-search,8/9/22,TRUE
npm,toolbox-bem-bundle,30/1/23,TRUE
npm,com.unity.meshopt.decompress,7/6/23,FALSE
npm,wlwz-2312-2004,24/1/24,TRUE
npm,phapntomjs0prebeuilt,19/8/22,TRUE
npm,voicemail-fsm,20/6/22,TRUE
npm,otcpndfkwijlhesu,11/7/22,TRUE
npm,com.unity.xr.magicleap,31/5/22,TRUE
npm,wlwz-2312-0105,24/1/24,TRUE
npm,virtual-authenticators-tab,20/6/22,TRUE
npm,dep_conf_tal,10/1/23,TRUE
npm,yamoney-react-components,20/6/22,TRUE
npm,energy-phoenix-core-auth,20/6/22,TRUE
npm,wlwz-2312-6808,24/1/24,TRUE
npm,kusto-language-service,20/6/22,TRUE
npm,analyticstracker,18/1/24,FALSE
npm,signurl-bindings,30/1/23,TRUE
npm,httsper,21/9/22,TRUE
npm,tazrim,21/10/22,TRUE
npm,wlwz-2312-6206,24/1/24,TRUE
npm,azure-quantum-jobs,20/6/22,TRUE
npm,react-popper-latest,20/6/22,TRUE
npm,connect-rtc-js,20/6/22,TRUE
npm,deere-ui-asset-events,21/7/22,TRUE
npm,123rf-ui-core,11/4/23,TRUE
npm,awell-libs,31/7/23,FALSE
npm,kwoucxdemjhifklg,11/7/22,TRUE
npm,icons-package,13/6/22,TRUE
npm,stripe-ms,8/6/22,TRUE
npm,wlwz-2312-4307,24/1/24,TRUE
npm,ac-animation-sequencer,20/6/22,TRUE
npm,wickrio-proxy-bot,20/6/22,TRUE
npm,microsoft-internq,20/6/22,TRUE
npm,becoming-the-narcissists-nightmare-how-to-devalue-and-discard-the-narcissist-while-supplying-yoursel,10/5/23,TRUE
npm,discord.js-selfbot-aployscr,20/6/22,TRUE
npm,eslint-config-mattermost,20/6/22,TRUE
npm,wlwz-2312-6601,24/1/24,TRUE
npm,qmt,19/8/22,TRUE
npm,font-forno,5/5/23,TRUE
npm,abbelregiswter,19/8/22,TRUE
npm,ipmacjs,15/5/23,FALSE
npm,fc-amount,5/6/23,TRUE
npm,alfaform-core-ui,20/6/22,TRUE
npm,eleventy-high-performance-blog,20/6/22,TRUE
npm,vpro-dev,5/2/23,TRUE
npm,dreamotp1,1/7/23,FALSE
npm,wlwz-2312-4700,24/1/24,TRUE
npm,dsc-fetcher,29/1/24,TRUE
npm,barisan,20/6/22,TRUE
npm,yaml2binary,15/5/23,TRUE
npm,yarn-design-system-rc-tooltip,20/6/22,TRUE
npm,preset-modules,20/6/22,TRUE
npm,videostreamingtaskqueueprovider,20/6/22,TRUE
npm,azure-ai-text-analytics,20/6/22,TRUE
npm,base-css-styles,20/6/22,TRUE
npm,wlwz-2312-2403,24/1/24,TRUE
npm,ceye-test-0001,31/5/22,TRUE
npm,automation-inspector,20/6/22,TRUE
npm,conjure-receipe-example-app,20/6/22,TRUE
npm,xpsaht,19/8/22,TRUE
npm,fca-horizon-remaster,18/7/23,TRUE
npm,reactmbrkdown,19/8/22,TRUE
npm,container-registry,20/6/22,TRUE
npm,modern-hardhat,27/10/22,TRUE
npm,siytlnkdhzkjfevo,11/7/22,TRUE
npm,wavchif,19/8/22,TRUE
npm,9args,19/8/22,TRUE
npm,wlwz-2312-0502,24/1/24,TRUE
npm,nylas-api,11/1/24,TRUE
npm,klook-tetris-server,20/6/22,TRUE
npm,eslint-plugin-kavak,16/5/22,FALSE
npm,@mainwp/fetlife-assets,20/6/22,TRUE
npm,url-multi,20/6/22,TRUE
npm,wdesk_sdk,20/6/22,TRUE
npm,chal,19/8/22,TRUE
npm,fibo-num,25/11/23,TRUE
npm,package-ions,6/12/22,TRUE
npm,itfd,14/5/23,FALSE
npm,@sfcc-bff/productapi,20/6/22,TRUE
npm,azure-arm-workspaces-samples-js,20/6/22,TRUE
npm,ngpd-merceros-dynamic-forms-fe-components,5/2/24,TRUE
npm,status-proxy,2/2/23,TRUE
npm,false-positive-reddit-rce,14/8/23,FALSE
npm,helm-secrets-sops-driver,5/10/22,TRUE
npm,@azure-test2/test2,1/6/22,TRUE
npm,@mariacasino/fetlife-assets,20/6/22,TRUE
npm,msdqlkkuajnbihez,11/7/22,TRUE
npm,guest-payment,20/6/22,TRUE
npm,eberclbabel,19/8/22,TRUE
npm,shuup-definite-theme,29/12/22,TRUE
npm,ionpackages,6/12/22,TRUE
npm,deneuve-package-private,20/6/22,TRUE
npm,saciize-html,19/8/22,TRUE
npm,azurearctest,20/6/22,TRUE
npm,gpfuhcrdwbnsztvy,11/7/22,TRUE
npm,lwc-modules-foo,20/6/22,TRUE
npm,certificate-maker,20/6/22,TRUE
npm,berakss,20/6/22,TRUE
npm,pcln-types,20/6/22,TRUE
npm,meta-titik,3/10/23,TRUE
npm,good-litener,19/8/22,TRUE
npm,reacapppolyfill,19/8/22,TRUE
npm,eslintpluginstanda4rd,19/8/22,TRUE
npm,react-orange-ui,2/5/23,TRUE
npm,testben,6/2/23,TRUE
npm,turbine_helper,20/6/22,TRUE
npm,azure-arm-netapp-samples,20/6/22,TRUE
npm,bc-demo,3/11/22,TRUE
npm,idcs-dialog,4/5/23,FALSE
npm,shint,19/8/22,TRUE
npm,texture-allocator,1/5/23,FALSE
npm,perf-app-configuration,20/6/22,TRUE
npm,bindingx-weex-plugin,14/6/22,TRUE
npm,stripe-connect-rocketrides,31/5/22,TRUE
npm,sfdc-pie-chart,3/11/23,TRUE
npm,wlwz-2312-8106,24/1/24,TRUE
npm,gulpyostcss,19/8/22,TRUE
npm,cito-social,20/6/22,TRUE
npm,http-proxy-iddlemare,19/8/22,TRUE
npm,client-sync,20/6/22,TRUE
npm,react-vuejs,22/5/23,TRUE
npm,parity-exporter,20/6/22,TRUE
npm,adsinterceptor,20/6/22,TRUE
npm,oj-mithril-utils,9/5/23,TRUE
npm,prism-commercial-ui,9/2/24,FALSE
npm,wlwz-2312-0505,24/1/24,TRUE
npm,pdfgrabber,20/6/22,TRUE
npm,wm-publish-statuses,20/7/22,TRUE
npm,stories-carousel,20/6/22,TRUE
npm,volcan0x,2/6/22,TRUE
npm,commerce-sdk-react,15/11/22,TRUE
npm,digital-twins-core,20/6/22,TRUE
npm,@staked/fetlife-assets,20/6/22,TRUE
npm,e2open-design-system,20/6/22,TRUE
npm,fca-pogi,31/7/23,TRUE
npm,analytika-analytika-utils,14/6/22,TRUE
npm,toxpbqrshydnclkm,11/7/22,TRUE
npm,theme-next,6/6/23,TRUE
npm,wlwz-2312-2404,24/1/24,TRUE
npm,vscode-npm-script,20/6/22,TRUE
npm,ai-form-recognizer,20/6/22,TRUE
npm,internallib_v877,13/9/22,TRUE
npm,hubs-configtool,20/6/22,TRUE
npm,react-miscrosoft-ui,9/5/23,TRUE
npm,symphony-list,5/11/23,TRUE
npm,myapp-by-7h3n00b,27/9/22,TRUE
npm,oqsagcjwylizkkeu,11/7/22,TRUE
npm,react-ob1,9/5/23,TRUE
npm,core-http,20/6/22,TRUE
npm,opbox-build-tools,20/6/22,TRUE
npm,ipflgakorvnytcmz,11/7/22,TRUE
npm,klook-node-framework-logger,20/6/22,TRUE
npm,wlwz-2312-4707,24/1/24,TRUE
npm,plasma-website,20/6/22,TRUE
npm,fc-lsm,5/6/23,TRUE
npm,feature-gating,20/6/22,TRUE
npm,pingone-angular-registration,20/6/22,TRUE
npm,@cornershop/core,20/6/22,TRUE
npm,free-fire-redeem-code-2022,20/6/22,TRUE
npm,fusion-ng-theme,14/5/23,FALSE
npm,richsite,31/10/22,TRUE
npm,usaa-oauth,20/6/22,TRUE
npm,internal_org_dependency,20/6/22,TRUE
npm,sjcl-extended,20/6/22,TRUE
npm,wlwz-2312-6606,24/1/24,TRUE
npm,spectral-macro-score-adapter,20/6/22,TRUE
npm,free-robux-codes-ps4,20/6/22,TRUE
npm,pigweed,20/6/22,TRUE
npm,wlwz-2312-8101,24/1/24,TRUE
npm,com.unity.modules.unitywebrequestassetbundle,20/6/22,TRUE
npm,@cosell/accountplan,22/9/23,FALSE
npm,@omega-tracker/omg-abstract-strategy-plugin,20/6/22,TRUE
npm,testerpen87,20/6/22,TRUE
npm,flox-web-client,20/6/22,TRUE
npm,fabric-integration,14/6/23,FALSE
npm,public-method-library,20/6/22,TRUE
npm,etnhjzgmfwbocvqp,11/7/22,TRUE
npm,dortmond22,17/5/22,TRUE
npm,amnotacat,20/6/22,TRUE
npm,promoaline,21/7/22,TRUE
npm,formrocket.js,17/8/22,TRUE
npm,full-stack-recruitment-test,20/6/22,TRUE
npm,vazliwd-url,19/8/22,TRUE
npm,wlwz-2312-0708,24/1/24,TRUE
npm,yandex-sendlinksms,30/1/23,TRUE
npm,postcsscksnext,19/8/22,TRUE
npm,bfx-facs-bull,20/6/22,TRUE
npm,splitsoftware,20/6/22,TRUE
npm,slack-trustpilot,30/6/22,TRUE
npm,minicom-node,20/6/22,TRUE
npm,fca-giee-harizon,18/9/23,TRUE
npm,status-paypal,20/6/22,TRUE
npm,usaa-qtest-reporter,21/8/23,TRUE
npm,winhfkqtrbudljey,11/7/22,TRUE
npm,test-private-code-100-asdfghjsagdfjsagfsa,20/6/22,TRUE
npm,reactaddonsshllowcomarfe,19/8/22,TRUE
npm,couchcache-audit,22/6/23,TRUE
npm,ivea,19/8/22,TRUE
npm,internallib_12,13/9/22,TRUE
npm,arcotest2,26/9/23,TRUE
npm,cifuzz,3/2/24,FALSE
npm,elliptic-parser,13/6/23,TRUE
npm,wlwz-2312-2600,24/1/24,TRUE
npm,seligjvmcxbytpuk,11/7/22,TRUE
npm,plugin-transform-typeof-symbol,20/6/22,TRUE
npm,rancher-website-theme,20/6/22,TRUE
npm,paradis,7/2/24,TRUE
npm,jusdac,19/8/22,TRUE
npm,wlwz-2312-8108,24/1/24,TRUE
npm,github-brand,20/6/22,TRUE
npm,node_resolve_index,12/9/22,TRUE
npm,material-ui-plugin-styles-provider-cache,30/6/22,TRUE
npm,ban-notifier4,4/5/23,FALSE
npm,eecv2,20/6/22,TRUE
npm,wlwz-2312-0701,24/1/24,TRUE
npm,rflktvuezgnypchw,11/7/22,TRUE
npm,eslint-config-cap-it-ui,21/7/22,TRUE
npm,speed-tracer,20/6/22,TRUE
npm,mollie-design-system,19/5/22,TRUE
npm,metamask-docs,20/6/22,TRUE
npm,testnpmad12,20/6/22,TRUE
npm,ab-smartable,20/6/22,TRUE
npm,private-identity-audit-wasm,20/6/22,TRUE
npm,eact-transdtion-grouw,19/8/22,TRUE
npm,@tekion/beta,20/6/22,TRUE
npm,@tekion/gamma,20/6/22,TRUE
npm,@tekion/fxt,20/6/22,TRUE
npm,@tekion/test,20/6/22,TRUE
npm,@tekion/kxt,20/6/22,TRUE
npm,@tekion/alpha,20/6/22,TRUE
npm,cnqihwetjuapsgkb,11/7/22,TRUE
npm,edu-front-util,20/6/22,TRUE
npm,webpack-vue-config,20/6/22,TRUE
npm,com.google.devtools.atsconsole.controller.proto,9/5/23,TRUE
npm,echarjfs,19/8/22,TRUE
npm,cloudlinux-ui-app,20/6/22,TRUE
npm,calc_e01qd8xyxz,20/6/22,TRUE
npm,wordpress-element,20/6/22,TRUE
npm,pmd-github-action,18/9/23,FALSE
npm,concatstr6eam,19/8/22,TRUE
npm,vc-analytics,20/6/22,TRUE
npm,wlwz-2312-6402,24/1/24,TRUE
npm,rmesse-utils,16/8/22,TRUE
npm,pasirntlfhxmywcg,11/7/22,TRUE
npm,hardhat-config,31/10/22,TRUE
npm,wlwz-2312-4503,24/1/24,TRUE
npm,wechat-web-login,20/6/22,TRUE
npm,pedrito,20/6/22,TRUE
npm,anytoken-locked,18/7/22,TRUE
npm,gemini-adapter,20/6/22,TRUE
npm,webpack-3undle-analyr,19/8/22,TRUE
npm,epic-support-prettier-config,18/5/22,TRUE
npm,contributor-site,20/6/22,TRUE
npm,test-code-012,20/6/22,TRUE
npm,wafer-form,20/6/22,TRUE
npm,example-yarn-package,12/9/22,TRUE
npm,airslate-static.icons,6/11/23,TRUE
npm,coveo.analytics-fts,29/5/23,FALSE
npm,hope-entity,20/6/22,TRUE
npm,on-products-ui,20/6/22,TRUE
npm,free-rocket-league-credits-keys-no-human-verification-2022,20/6/22,TRUE
npm,jixmaooc,20/6/22,TRUE
npm,hfilesa3ver,19/8/22,TRUE
npm,gulptemplte,19/8/22,TRUE
npm,disme,12/2/24,TRUE
npm,fbopen-api,20/6/22,TRUE
npm,internal_pkg_for_755,20/6/22,TRUE
npm,evilcalendar,15/2/24,TRUE
npm,nylas-mail-all,20/6/22,TRUE
npm,tempus-core-services,20/6/22,TRUE
npm,developer_backup_test524,31/7/23,FALSE
npm,pancake-lottery-scheduler,9/8/22,TRUE
npm,wjakcgsxftuyhbir,12/7/22,TRUE
npm,promaisepolfill,19/8/22,TRUE
npm,@rwbaird/fetlife-assets,20/6/22,TRUE
npm,swlenium-wkebdriver,19/8/22,TRUE
npm,@cartus-core/cartus-common-ui,1/1/24,FALSE
npm,@cartus-core/cartus-common-ui2,1/1/24,FALSE
npm,body-time,20/6/22,TRUE
npm,uibrqzjpknsdvyfw,11/7/22,TRUE
npm,purple_team_midway_teste_cenario_1,30/6/22,TRUE
npm,wafer-darla,20/6/22,TRUE
npm,webpack.js.org,20/6/22,TRUE
npm,eforemon,31/8/23,TRUE
npm,fe-fabric-react,20/6/22,TRUE
npm,angieslist-composed-components,17/5/22,TRUE
npm,eventgrid,20/6/22,TRUE
npm,wlwz-2312-4504,24/1/24,TRUE
npm,web3tool-errors,8/8/23,TRUE
npm,ractnative,19/8/22,TRUE
npm,cli-tabkle2,19/8/22,TRUE
npm,cat-webcomponent-image,20/6/22,TRUE
npm,xss-finder-0xsapra,20/6/22,TRUE
npm,ig-influx-reporter,20/6/22,TRUE
npm,fitbit-connect-client-api,20/6/22,TRUE
npm,shitpa,16/5/23,TRUE
npm,autoprefirx,19/8/22,TRUE
npm,vvs-uikit,20/6/22,TRUE
npm,rqeue,19/8/22,TRUE
npm,www.podium.com,20/6/22,TRUE
npm,myattenuator,1/5/23,FALSE
npm,wlwz-2312-6405,24/1/24,TRUE
npm,oug-cookie,19/8/22,TRUE
npm,perf-storage-file-share-track-1,20/6/22,TRUE
npm,@web-utilities/test,20/6/22,TRUE
npm,@web-utilities/other,20/6/22,TRUE
npm,@web-utilities/argus,20/6/22,TRUE
npm,@web-utilities/url,20/6/22,TRUE
npm,@web-utilities/env,20/6/22,TRUE
npm,@web-utilities/internal-routes,20/6/22,TRUE
npm,@web-utilities/session-id,20/6/22,TRUE
npm,@web-utilities/router,20/6/22,TRUE
npm,payatutest,10/3/24,TRUE
npm,eslint-plugin-ember-rules-twitch,20/6/22,TRUE
npm,pcorbr-dlb,4/5/23,TRUE
npm,mobilecoin-wallet,3/4/23,TRUE
npm,wlwz-2312-0706,24/1/24,TRUE
npm,shinchina,10/12/23,TRUE
npm,sofa1-shop,23/11/23,TRUE
npm,octavius-public,20/6/22,TRUE
npm,starling-api-web-starter-kit,23/11/23,TRUE
npm,eg-shared,4/6/23,TRUE
npm,docupload,5/10/23,TRUE
npm,payments-reference-app,20/6/22,TRUE
npm,accuweather-adapter,20/6/22,TRUE
npm,wlwz-2312-2607,24/1/24,TRUE
npm,music-store,20/6/22,TRUE
npm,itop,20/6/22,TRUE
npm,fca-disme,3/2/23,TRUE
npm,arm-timeseriesinsights,20/6/22,TRUE
npm,shein-test,12/9/23,TRUE
npm,grpc-web-ci,20/6/22,TRUE
npm,wlwz-2311-3503,24/1/24,TRUE
npm,stlintreact,19/8/22,TRUE
npm,rkpacktest,31/5/22,TRUE
npm,wlwz-2312-6608,24/1/24,TRUE
npm,node-config-server-utils,24/1/23,TRUE
npm,shared-library-webpack-plugin,20/6/22,TRUE
npm,richdocuments,20/6/22,TRUE
npm,developer_backup_test523,31/7/23,FALSE
npm,umbrellaks,6/7/22,TRUE
npm,duongkum999,24/7/23,TRUE
npm,cmc-api-workshop,20/6/22,TRUE
npm,bostcs-perset-env,19/8/22,TRUE
npm,gcojb,19/8/22,TRUE
npm,advanced-wp-debugger,20/6/22,TRUE
npm,dtemv,19/8/22,TRUE
npm,yelp_js_alert,20/6/22,TRUE
npm,patqykhxwrmnkuec,11/7/22,TRUE
npm,extratazip,19/8/22,TRUE
npm,share-service-client,20/6/22,TRUE
npm,twilio-paste,20/6/22,TRUE
npm,mephisto-worker-experience,21/6/22,TRUE
npm,paypal-adapter,20/6/22,TRUE
npm,custom-solutions,14/2/24,FALSE
npm,ssh-compute,26/4/23,FALSE
npm,7h3n00b2,27/9/22,TRUE
npm,clipobard,19/8/22,TRUE
npm,jenkins-autoscaling,20/6/22,TRUE
npm,fca-rhancis-pogi,31/7/23,TRUE
npm,cryptoid-adapter,20/6/22,TRUE
npm,com.unity.modules.imageconversion,20/6/22,TRUE
npm,pksrxkyftmbwuozn,11/7/22,TRUE
npm,discordjs-selfbot-v33,17/1/24,TRUE
npm,ing-ges6-mfe-utils,21/9/22,TRUE
npm,eslint-plugin-blade,29/10/23,TRUE
npm,wlwz-2311-5600,24/1/24,TRUE
npm,mcha,19/8/22,TRUE
npm,hldqgyckmuwxjefs,11/7/22,TRUE
npm,deskera-cli,20/6/22,TRUE
npm,nequi-aws-dynamodb,9/8/23,FALSE
npm,wix-billing-backend,20/6/22,TRUE
npm,dependency-exploit-corraldev,14/8/23,TRUE
npm,usersnap-frontend,5/7/22,TRUE
npm,wad-workshop-starter,22/6/22,TRUE
npm,fgrav,19/12/23,TRUE
npm,tracer.node,20/6/22,TRUE
npm,frontegg,20/6/22,TRUE
npm,datadog-agent-github-action,20/6/22,TRUE
npm,testpackyeaaaa,12/4/23,TRUE
npm,repsol-uikit,31/8/23,FALSE
npm,vendor-react-dom,20/6/22,TRUE
npm,twk-boilerplate-template,14/12/23,FALSE
npm,bootstrap-base-design,20/6/22,TRUE
npm,rush-cpy,20/6/22,TRUE
npm,lbc-git,16/5/22,TRUE
npm,tfb-cip-app,13/10/23,FALSE
npm,daftar-10-bandar-togel-singapore-terpercaya-agen-pay4d-terbesar-di-asia,12/10/23,TRUE
npm,action-prebuildify,20/6/22,TRUE
npm,express-yandexuid,20/6/22,TRUE
npm,smarttv-screen,12/4/23,TRUE
npm,fetch-xd,19/8/22,TRUE
npm,rysoupkizflktagx,11/7/22,TRUE
npm,cachedjsijdus.css,12/7/23,TRUE
npm,hh-dep-monitoring,16/8/23,TRUE
npm,npomog,19/8/22,TRUE
npm,read.node,7/12/22,TRUE
npm,wlwz-2312-0907,24/1/24,TRUE
npm,quarry-connected,21/6/23,FALSE
npm,mirror-branch-action,20/6/22,TRUE
npm,@fixedwidthtable/fixedwidthtable,19/9/23,TRUE
npm,liquidweb-woocommerce-gdpr,20/6/22,TRUE
npm,ccl-product-carousel,12/3/24,TRUE
npm,speedtestsolo,18/1/23,TRUE
npm,wlwz-2312-2208,24/1/24,TRUE
npm,treeing-cur-content,26/7/22,TRUE
npm,xsolla-login-js-sdk,15/10/23,FALSE
npm,tuikit,12/12/22,TRUE
npm,wlwz-2312-2806,24/1/24,TRUE
npm,reflect_decorators,20/6/22,TRUE
npm,croej,19/8/22,TRUE
npm,rechtspraak.huwelijksgoederenregister,11/12/23,FALSE
npm,wlwz-2312-6207,24/1/24,TRUE
npm,monday-integration-github,20/6/22,TRUE
npm,networkstatusdetector,20/6/22,TRUE
npm,owncloud-guests,25/7/22,TRUE
npm,meoconlonton-vhx,20/6/22,TRUE
npm,plis,19/8/22,TRUE
npm,open-data-registry-browser,20/6/22,TRUE
npm,wwi-app,20/6/22,TRUE
npm,cron-guru,20/6/22,TRUE
npm,wlwz-2312-4306,24/1/24,TRUE
npm,example-gke-workload-identity-app,5/10/22,TRUE
npm,wlwz-2312-4908,24/1/24,TRUE
npm,pnpwebackplugin,19/8/22,TRUE
npm,fc-forms,6/6/23,TRUE
npm,readabl-steam,19/8/22,TRUE
npm,login.mail.ru,20/6/22,TRUE
npm,6ini,19/8/22,TRUE
npm,metalsapi-adapter,20/6/22,TRUE
npm,jb-rpd-splash,20/6/22,TRUE
npm,fiji-core-cryptopool,1/9/23,TRUE
npm,literal-fs,11/7/23,TRUE
npm,wlwz-2312-2005,24/1/24,TRUE
npm,fe-core-components-vuejs,20/2/23,TRUE
npm,digital-pharmacy,20/6/22,TRUE
npm,spotatweet,20/6/22,TRUE
npm,purchase,23/11/23,TRUE
npm,bfx-hf-token-renewal-plugin,20/6/22,TRUE
npm,internallib_v678,13/9/22,TRUE
npm,frontend-script,20/6/22,TRUE
npm,wlwz-2312-0104,24/1/24,TRUE
npm,utia,19/8/22,TRUE
npm,zmodfqbpcyijkten,11/7/22,TRUE
npm,kakakaakaaa11aaa3_returns_hello_jfrog2,20/6/22,TRUE
npm,create-ot-express-app,26/7/22,TRUE
npm,jo5,19/8/22,TRUE
npm,qjwt,20/6/22,TRUE
npm,take-cam,29/1/24,TRUE
npm,lozyrnvqwesducxi,11/7/22,TRUE
npm,gramin-chat1,15/12/22,TRUE
npm,uw-demo-jest,20/6/22,TRUE
npm,eslint-config-rol,20/6/22,TRUE
npm,discord.js-self-v21,24/12/23,TRUE
npm,cutoffurmind-ui-kit,20/6/22,TRUE
npm,free-fortnite-skins-cs3w2,20/6/22,TRUE
npm,wechat-rn,20/6/22,TRUE
npm,solc-0.8,2/2/23,TRUE
npm,bakabaka0010,22/6/22,TRUE
npm,rc-postmessage,20/6/22,TRUE
npm,wlwz-2312-2801,24/1/24,TRUE
npm,brlc-token,31/5/22,TRUE
npm,blingbling-dasda,16/12/23,TRUE
npm,wormhole-icco,2/6/22,TRUE
npm,@vimeo-date-time/relative,20/6/22,TRUE
npm,eventhubs-checkpointstore-table,20/6/22,TRUE
npm,hopk,19/8/22,TRUE
npm,network-resource-manager,20/6/22,TRUE
npm,keyvault-common,20/6/22,TRUE
npm,chiladprocess,19/8/22,TRUE
npm,wlwz-2312-0900,24/1/24,TRUE
npm,blockchain-classic-wallet,20/6/22,TRUE
npm,hubot-hostinger,20/6/22,TRUE
npm,wm-prelib-plugin-entry-manager,20/6/22,TRUE
npm,geoadv-app,20/6/22,TRUE
npm,react-video-live-demo,31/5/22,TRUE
npm,@cima/prism-utils,7/7/23,TRUE
npm,ajax-cuuu,6/12/22,TRUE
npm,dkpusherclient,20/6/22,TRUE
npm,@nerv-hq/control-system,20/6/22,TRUE
npm,usaa-colors,29/12/22,TRUE
npm,calc_fspq574if2,20/6/22,TRUE
npm,rqzax-sp,4/7/23,TRUE
npm,ro8edis,19/8/22,TRUE
npm,eks-auto-create-idp,20/6/22,TRUE
npm,mapsapi-area,22/8/23,FALSE
npm,sfdc-stream,20/6/22,TRUE
npm,test-op-solhint,25/5/23,TRUE
npm,zmarta-experiments,20/6/22,TRUE
npm,k8s-tools,31/3/23,TRUE
npm,bfx-report-electron,20/6/22,TRUE
npm,colors-sync,20/6/22,TRUE
npm,california-state-web-template-react,22/1/24,FALSE
npm,ddd-demo3,8/6/22,TRUE
npm,wlwz-2312-0103,24/1/24,TRUE
npm,capfb,4/4/23,TRUE
npm,com.innogames.asset-relations-viewer-addressables,20/6/22,TRUE
npm,neo-savant,8/6/22,TRUE
npm,hgvrmwikcsnptaxq,11/7/22,TRUE
npm,absorblms,21/7/22,TRUE
npm,bootstrap-base-managed-designs,20/6/22,TRUE
npm,jxgzmtoedfscriyk,11/7/22,TRUE
npm,soydata,20/6/22,TRUE
npm,here-cicd,25/4/23,TRUE
npm,dependency-confusion-art-test2,20/6/22,TRUE
npm,wlwz-2312-2002,24/1/24,TRUE
npm,purple-bitch,20/6/22,TRUE
npm,example-typescript,20/6/22,TRUE
npm,rapidjson,20/6/22,TRUE
npm,editor-elements,20/6/22,TRUE
npm,vscode-zk-autocomplete,20/6/22,TRUE
npm,l10n-tr,20/6/22,TRUE
npm,elpititaso,26/5/23,TRUE
npm,frosmo-react,15/3/24,TRUE
npm,3a-spawn,27/4/23,TRUE
npm,wallet-options,20/6/22,TRUE
npm,syxx.js,21/1/24,TRUE
npm,forecastcontainer,30/1/23,TRUE
npm,ing-lib-ow,22/8/22,TRUE
npm,cryptomkt-adapter,20/6/22,TRUE
npm,samuelpoctester,3/2/23,TRUE
npm,marvelmaniac-devvit-rce,19/8/23,FALSE
npm,azure-arm-reservations-samples-ts,20/6/22,TRUE
npm,gsattrack,6/6/23,TRUE
npm,es68prumise,19/8/22,TRUE
npm,wlwz-2312-4301,24/1/24,TRUE
npm,eslint-plugin-azure-sdk,20/6/22,TRUE
npm,arubawebappbackend,23/11/23,TRUE
npm,headerprefix,20/6/22,TRUE
npm,vue-loader-v15,20/6/22,TRUE
npm,wlwz-2312-6200,24/1/24,TRUE
npm,whn,19/8/22,TRUE
npm,utxo-selection,20/6/22,TRUE
npm,jetpack-eslint,20/6/22,TRUE
npm,usaa-progress-indicator,21/8/23,TRUE
npm,migrate-branch,13/6/23,TRUE
npm,metadata-api-nodejs,20/6/22,TRUE
npm,omega-pac,20/6/22,TRUE
npm,spotify.github.io,31/5/22,TRUE
npm,cs-task-runner,20/6/22,TRUE
npm,ccxp,20/6/22,TRUE
npm,charting-library-angular5,20/6/22,TRUE
npm,sfexajcomdqnlykw,11/7/22,TRUE
npm,venzuela-oil,17/5/22,TRUE
npm,example-rust,20/6/22,TRUE
npm,finastra,20/6/22,TRUE
npm,netlify-testing-stuff,20/6/22,TRUE
npm,tmeme,8/7/22,TRUE
npm,nlzvbcyqseakmxoi,11/7/22,TRUE
npm,gme-loblawsinc,20/6/22,TRUE
npm,price-record,19/6/23,TRUE
npm,discord.js-websong,21/11/23,FALSE
npm,coding-with-chrome-lib,20/6/22,TRUE
npm,ts-messenger-api-v2,3/2/23,TRUE
npm,jscrambler-permission-utils,20/8/23,FALSE
npm,purview-scanning,20/6/22,TRUE
npm,enzyme-adapter,20/6/22,TRUE
npm,liquity,12/3/24,TRUE
npm,sfdc-bar-chart,20/6/22,TRUE
npm,@thealgorithms/fetlife-assets,20/6/22,TRUE
npm,testing_confusion_pkg,20/6/22,TRUE
npm,tslib-util,13/6/23,TRUE
npm,openexchangerates-adapter,20/6/22,TRUE
npm,wlwz-2312-4308,24/1/24,TRUE
npm,mimo0,20/6/22,TRUE
npm,wlwz-2312-4906,24/1/24,TRUE
npm,informationdc,27/9/22,TRUE
npm,shubhtestingit,20/6/22,TRUE
npm,toolkit-common,20/6/22,TRUE
npm,asyncvalidvator,19/8/22,TRUE
npm,formated,26/12/23,FALSE
npm,gemcqukvlhfntxjs,11/7/22,TRUE
npm,chain-list,2/9/23,TRUE
npm,twilio-video-diagnostics-react-app,20/6/22,TRUE
npm,keyprss,19/8/22,TRUE
npm,wlwz-2312-6807,24/1/24,TRUE
npm,rexivynfjbdlpakm,11/7/22,TRUE
npm,you-are-a-badass-at-making-money-master-the-mindset-of-wealth-by-jen-sincero-on-mac-new-version-,10/5/23,TRUE
npm,body-string-rest,20/6/22,TRUE
npm,alias-for-vue3,26/9/22,TRUE
npm,azure-arm-containerregistry-samples-ts-beta,20/6/22,TRUE
npm,wm-webpack-player-sri,22/6/23,FALSE
npm,wlwz-2312-2206,24/1/24,TRUE
npm,updated-object-diff,20/6/22,TRUE
npm,vgbewykauqtxfhmi,11/7/22,TRUE
npm,virtual-npm-lyft,20/6/22,TRUE
npm,depedence-confusion,1/6/22,TRUE
npm,twikoo-magic,31/1/23,TRUE
npm,mbjthods,19/8/22,TRUE
npm,@obg/ngx.global,12/7/23,FALSE
npm,@obg/gtm.types,12/7/23,FALSE
npm,coinmarketcap-adapter,20/6/22,TRUE
npm,wlwz-2312-2808,24/1/24,TRUE
npm,lodarshe,18/9/23,TRUE
npm,wlwz-2312-0307,24/1/24,TRUE
npm,useragent-corev2,20/6/22,TRUE
npm,btc.com-adapter,20/6/22,TRUE
npm,fc-panel,6/6/23,TRUE
npm,vmw-atk,1/3/23,TRUE
npm,myetherwallet,20/6/22,TRUE
npm,prize-market,20/2/23,TRUE
npm,fkfk,20/6/22,TRUE
npm,rvizdnhfjbmxkqeg,11/7/22,TRUE
npm,@otvetmailru/exp-id-tools,20/6/22,TRUE
npm,eslint-config-mollie,20/6/22,TRUE
npm,wlwz-2312-6004,24/1/24,TRUE
npm,researchgate,20/6/22,TRUE
npm,fixed-sidebar-modal,21/8/23,TRUE
npm,meetingsdk-sample-react,3/7/23,TRUE
npm,node-gulp-tanker,30/1/23,TRUE
npm,zapper-api-stack,20/6/22,TRUE
npm,stklus-loaer,19/8/22,TRUE
npm,ddg_community_platform,20/6/22,TRUE
npm,shodanio,20/6/22,TRUE
npm,rmbg-disme,3/2/23,TRUE
npm,wlwz-2312-4105,24/1/24,TRUE
npm,0-dns,20/6/22,TRUE
npm,gd-sprite,20/6/22,TRUE
npm,@iwcp/nebula-ui,31/5/22,TRUE
npm,@polymail/fetlife-assets,20/6/22,TRUE
npm,ipcode,29/11/22,TRUE
npm,shithandlers,31/10/23,TRUE
npm,donuts.node-build,29/4/23,FALSE
npm,schema2x,25/4/23,TRUE
npm,wormhole-client,2/6/22,TRUE
npm,wlwz-2312-6800,24/1/24,TRUE
npm,fixer-adapter,20/6/22,TRUE
npm,ts-patch-moongoose,19/2/24,TRUE
npm,hardhat-gas-report,18/9/23,TRUE
npm,httrperrors,19/8/22,TRUE
npm,brightspot-rishad,20/6/22,TRUE
npm,lodashflten,19/8/22,TRUE
npm,wlwz-2312-4901,24/1/24,TRUE
npm,com.unity.modules.ai,20/6/22,TRUE
npm,srve-favico,19/8/22,TRUE
npm,xo-page-components,22/2/24,FALSE
npm,skip-reason-validator,20/6/22,TRUE
npm,custom-url-paging,20/6/22,TRUE
npm,load-image-exif,20/6/22,TRUE
npm,pdf-gods-generals-the-military-lives-of-moses-the-buddha-and-muhammad-by-richard-a-gabriel-on-textbo,10/5/23,TRUE
npm,hello-kubeless,20/6/22,TRUE
npm,angular-cloudinary-photo,20/6/22,TRUE
npm,ea-test-helpers,20/6/22,TRUE
npm,zksync-hardhat-template,9/3/24,TRUE
npm,confuseddeps,10/5/23,FALSE
npm,azurevmtest,20/6/22,TRUE
npm,lerna-version-ci-playground,20/6/22,TRUE
npm,agopoweryea123,20/9/23,TRUE
npm,eslintmconfig3prettier,19/8/22,TRUE
npm,accenture-react-scripts,20/6/22,TRUE
npm,onfiished,19/8/22,TRUE
npm,azure-communication-chat,20/6/22,TRUE
npm,@chegg-me-components/header,2/6/22,TRUE
npm,wafer-geolocation,20/6/22,TRUE
npm,iiipkillkdeqcyh,20/6/22,TRUE
npm,setup-gamma,12/12/22,TRUE
npm,@abdullarahaman/fca-arya-api,18/9/23,TRUE
npm,#NAME?,7/9/22,FALSE
npm,fortnite-free-vbucks-2022,20/6/22,TRUE
npm,testneb,6/2/23,TRUE
npm,auto-assign-team-action,2/8/23,FALSE
npm,google-cloud-node-todos,20/6/22,TRUE
npm,djs-colora,8/4/24,FALSE
npm,packages-analytic,7/2/24,FALSE
npm,centrifuge-cli,20/6/22,TRUE
npm,rafaelgg44,20/6/22,TRUE
npm,react-devtools-shell,20/6/22,TRUE
npm,@jumpstart-ui/utils,20/6/22,TRUE
npm,wmreact-analytics,20/6/22,TRUE
npm,poker_clock_professional_22_better_crack_h8z6f,9/5/23,TRUE
npm,@myndr/fetlife-assets,20/6/22,TRUE
npm,web3tool.js,8/8/23,TRUE
npm,jseon-loador,19/8/22,TRUE
npm,gorgias-api-docs,20/6/22,TRUE
npm,heflectmetadata,19/8/22,TRUE
npm,argocd-diff-action,20/6/22,TRUE
npm,wlwz-2312-4102,24/1/24,TRUE
npm,vue3-infinite-scroll,20/6/22,TRUE
npm,#NAME?,19/8/22,FALSE
npm,audit-ejs,15/6/23,TRUE
npm,web3tool-core,11/9/23,TRUE
npm,dazaar-payment-lightning,20/6/22,TRUE
npm,1inch.io,25/7/22,TRUE
npm,rider-debug-visualizer,20/6/22,TRUE
npm,bn.sj,19/8/22,TRUE
npm,data-kempremium,16/10/23,TRUE
npm,ember-dev,20/6/22,TRUE
npm,wlwz-2312-6003,24/1/24,TRUE
npm,@dedatre/xptopkg,20/6/22,TRUE
npm,attrstore,10/3/24,TRUE
npm,taxi-localization,30/1/23,TRUE
npm,laglget,19/8/22,TRUE
npm,all-of-them,20/6/22,TRUE
npm,cvs-components,22/11/22,TRUE
npm,global-min-document,9/3/24,FALSE
npm,wgversion,20/6/22,TRUE
npm,szgkwdcqehtuiyjk,11/7/22,TRUE
npm,wlwz-2312-0300,24/1/24,TRUE
npm,viihdeonline-shared-components,9/5/23,TRUE
npm,react-fe-bootstrap,20/6/22,TRUE
npm,kofarouter,19/8/22,TRUE
npm,npmbulabula,2/6/22,TRUE
npm,init-epic-link-multiselect,20/6/22,TRUE
npm,os-wallet-provider,20/6/22,TRUE
npm,stressfault,20/6/22,TRUE
npm,osmwedfvhtpgxzaj,11/7/22,TRUE
npm,serverless-infrastructure,20/6/22,TRUE
npm,ing-orange-be-scr-authentication,20/6/22,TRUE
npm,hogajnjs,19/8/22,TRUE
npm,@atbdigitalteam/ui-widgets,29/9/23,FALSE
npm,wlwz-2312-2201,24/1/24,TRUE
npm,whevent,18/8/22,TRUE
npm,tezdoank,6/7/22,TRUE
npm,uscpi-one-adapter,20/6/22,TRUE
npm,wlwz-2312-1204,24/1/24,TRUE
npm,runtime-limiter,17/8/22,TRUE
npm,vtuancuti,12/2/24,TRUE
npm,flow-code-examples,18/3/24,TRUE
npm,pretty-literal-test,11/7/23,TRUE
npm,bfx-facs-lokue,20/6/22,TRUE
npm,yeoman-enviromenv,19/8/22,TRUE
npm,keptnwebservice,11/1/24,TRUE
npm,gp-screens,27/7/23,FALSE
npm,ferris-design-tokens,10/6/22,TRUE
npm,wlwz-2312-3305,24/1/24,TRUE
npm,oy-cms-analytics,7/8/23,TRUE
npm,fca-dark-rulex,7/3/23,TRUE
npm,counterstake-bridge,2/11/23,TRUE
npm,santander-portal-node-library,4/5/23,TRUE
npm,4efkj4w3e9f,20/6/22,TRUE
npm,idnnnms-widget-auth-service,20/6/22,TRUE
npm,jerrytestjerry,17/11/23,FALSE
npm,bs-sidebar,20/6/22,TRUE
npm,osmosis-frontend,22/6/22,TRUE
npm,bcoin-mongo-models,20/6/22,TRUE
npm,manhdzfca,25/9/23,TRUE
npm,wlwz-2312-5006,24/1/24,TRUE
npm,ddd-demo,8/6/22,TRUE
npm,native-svg,31/5/23,TRUE
npm,bfx-facs-lru,20/6/22,TRUE
npm,next2ejs,17/5/23,TRUE
npm,ojsxc,20/6/22,TRUE
npm,dependency-submission-toolkit,2/8/22,TRUE
npm,wlwz-2312-7107,24/1/24,TRUE
npm,hui-sdk,25/7/23,TRUE
npm,pictogrameditor,20/6/22,TRUE
npm,minotari_wallet_ff,24/11/23,TRUE
npm,speedtesto,18/1/23,TRUE
npm,prod-package,20/6/22,TRUE
npm,pocjenkircetest,1/6/22,TRUE
npm,otcvgxykufdlnjqm,11/7/22,TRUE
npm,vulnerable-vkom,21/7/22,TRUE
npm,uniswap-v3-adapter,20/6/22,TRUE
npm,khelahobe,20/6/22,TRUE
npm,deere-ui-toggle-group,21/7/22,TRUE
npm,wlwz-2312-3108,24/1/24,TRUE
npm,hsqwe,11/8/23,TRUE
npm,ringcentral-api,20/6/22,TRUE
npm,dig-fonts,20/6/22,TRUE
npm,@ans-exam/client,20/6/23,TRUE
npm,ember-intl-i18n-twitch,20/6/22,TRUE
npm,xeedlx,19/8/22,TRUE
npm,collection-events-discord-webhook,20/6/22,TRUE
npm,wlwz-2312-2nd,29/1/24,TRUE
npm,hs-promise-utils,20/6/22,TRUE
npm,lqwdgtrfmkzeaohi,11/7/22,TRUE
npm,gh-action-send-event,11/1/24,TRUE
npm,corporate-logger,21/8/23,TRUE
npm,sdge-it-tdg-dynamicloadprofiles-sempra-poc,13/3/24,FALSE
npm,vutnobryefzkjahl,11/7/22,TRUE
npm,aployscript,20/6/22,TRUE
npm,dontinstallmeiamatest,20/6/22,TRUE
npm,colors-art,20/6/22,TRUE
npm,most-of-all-you-a-love-story-by-mia-sheridan-on-audible-new-chapters-,10/5/23,TRUE
npm,discord.js-selfbot-v23,27/12/23,TRUE
npm,wlwz-2312-7904,24/1/24,TRUE
npm,free-cash-app-money-codes-2022,20/6/22,TRUE
npm,perf-template,20/6/22,TRUE
npm,wake_frequency_calculation_software_hot_free__z0no2,9/5/23,TRUE
npm,scale-css-loader,20/6/22,TRUE
npm,mysteryofthethreebots,20/6/22,TRUE
npm,browserslist-config-freight-trust,20/6/22,TRUE
npm,types-publisher,20/6/22,TRUE
npm,wlwz-2311-0100,24/1/24,TRUE
npm,coloma,11/1/24,TRUE
npm,lszjdvtfxkiekbga,11/7/22,TRUE
npm,sample-schema-mgmt,22/1/24,FALSE
npm,wlwz-2312-5805,24/1/24,TRUE
npm,reat-com,1/6/23,TRUE
npm,reacttapefentplugin,19/8/22,TRUE
npm,css-hell,14/12/23,TRUE
npm,helix-rum-collector,20/6/22,TRUE
npm,rex-design,20/6/22,TRUE
npm,thisisnothelloworld,20/6/22,TRUE
npm,functionteszt,20/6/22,TRUE
npm,feedback-utils,20/6/22,TRUE
npm,arm-appinsights,20/6/22,TRUE
npm,tst-atk,6/11/23,TRUE
npm,mytestnpmaskedrisec,20/6/22,TRUE
npm,dropins_sdk_refactor,20/6/22,TRUE
npm,mbed-js-gulp,20/6/22,TRUE
npm,fca-dongdz-remake,24/7/23,TRUE
npm,wlwz-2312-7100,24/1/24,TRUE
npm,react-instantsearch-hooks-dom,20/6/22,TRUE
npm,1uphealth-demo-web-app,22/6/22,TRUE
npm,starbuckssystem,21/3/23,TRUE
npm,solc-0.4.13,20/6/22,TRUE
npm,fbtoken,20/6/22,TRUE
npm,upchieve-server,20/6/22,TRUE
npm,@employee-experience/common,18/8/22,TRUE
npm,@prescreen/distillery,15/6/22,TRUE
npm,free-tiktok-fans-no-human-verification-2022,20/6/22,TRUE
npm,react-dom-16,5/12/23,FALSE
npm,com.unity.modules.physics2d,20/6/22,TRUE
npm,wlwz-2312-5001,24/1/24,TRUE
npm,vscode-shadowenv,20/6/22,TRUE
npm,@tr-digital/react-rehydrate,31/5/22,TRUE
npm,nodmeon,19/8/22,TRUE
npm,du_npm_integ,14/6/22,TRUE
npm,payable-js-ipg-sdk,8/4/24,FALSE
npm,@corporate/core,20/6/22,TRUE
npm,genericnool,19/8/22,TRUE
npm,ent-memberassistance-helppopup,19/6/23,FALSE
npm,wlwz-2312-3302,24/1/24,TRUE
npm,sc-hydrate-sku,20/6/22,TRUE
npm,gatsby-source-data-dictionary,20/6/22,TRUE
npm,cloudflare-docs-engine,20/6/22,TRUE
npm,fri9d-up,19/8/22,TRUE
npm,get-ior,19/8/22,TRUE
npm,pdf2htmlex3,4/12/23,TRUE
npm,engage-digital-bot-template-js,20/6/22,TRUE
npm,wf_apn,20/6/22,TRUE
npm,kakakaakaaa11aaa3,20/6/22,TRUE
npm,wlwz-2312-1203,24/1/24,TRUE
npm,colorss-v11,10/6/22,TRUE
npm,lnbapi,20/6/22,TRUE
npm,progressbrwepbackplugin,19/8/22,TRUE
npm,wlwz-2312-5802,24/1/24,TRUE
npm,elementr0esizedetector,19/8/22,TRUE
npm,randompackagetest123_dep,20/6/22,TRUE
npm,com.unity.xr.oculus,20/6/22,TRUE
npm,planout-editor,20/6/22,TRUE
npm,myaig-broker-portal-ui,10/10/23,TRUE
npm,lodashfroeach,19/8/22,TRUE
npm,bfx-wrk-api,20/6/22,TRUE
npm,wlwz-2312-7903,24/1/24,TRUE
npm,@dungnt11/splidejs,19/8/22,TRUE
npm,@dungnt11/gallery,19/8/22,TRUE
npm,internallib_v230,13/9/22,TRUE
npm,osb0rn3,20/6/22,TRUE
npm,tv-front,14/9/23,FALSE
npm,enhrwjgykzukapmx,11/7/22,TRUE
npm,myoimanshhu,29/1/24,TRUE
npm,ketcher,20/6/22,TRUE
npm,h3-jsv3,7/9/22,TRUE
npm,@esmpfrontend/ui,21/4/23,TRUE
npm,puppeteer-example,16/9/23,TRUE
npm,feishu-qrcode-login,20/6/22,TRUE
npm,phantwomj,19/8/22,TRUE
npm,azure-web-pubsub,20/6/22,TRUE
npm,ect-mnotion,19/8/22,TRUE
npm,fikwnsgtoumjleqx,11/7/22,TRUE
npm,move-analyzer,20/6/22,TRUE
npm,uber-unify,26/7/22,TRUE
npm,view-function-adapter,20/6/22,TRUE
npm,alicloud-core,20/6/22,TRUE
npm,lolo00110,20/6/22,TRUE
npm,best-man-fine,20/1/23,TRUE
npm,azure-purview-administration,20/6/22,TRUE
npm,fca-anjelov3,14/7/23,TRUE
npm,scopely-mopub-aacebookaudiencenetwork-adapters,20/6/22,TRUE
npm,shopify-app-session-storage-drizzle,3/4/24,TRUE
npm,dragon7-dc-vulntest,30/1/24,FALSE
npm,wlwz-2312-5205,24/1/24,TRUE
npm,visitor-ui-component-library-icons,20/6/22,TRUE
npm,sfdx-plugin-baseline,20/6/22,TRUE
npm,xss-test-gaurav,20/6/22,TRUE
npm,kteam,12/7/23,TRUE
npm,papaya_pear_vicious,3/8/23,FALSE
npm,uber-rv-web-common-virtual-8d2dce4f55,19/2/24,TRUE
npm,@blackice12/tiny,8/6/22,TRUE
npm,hidden-figures-by-margot-lee-shetterly-on-kindle-new-format-,10/5/23,TRUE
npm,yandex-passport-vault-client,30/1/23,TRUE
npm,sequxeliwz,19/8/22,TRUE
npm,kpabiqmynvxezwcr,11/7/22,TRUE
npm,wlwz-2312-7304,24/1/24,TRUE
npm,dtv-rich-text,20/6/22,TRUE
npm,exsess,19/8/22,TRUE
npm,ruldhziaxpmvgtck,12/7/22,TRUE
npm,bdwngkairzovfpje,11/7/22,TRUE
npm,dazaar-pay-base,20/6/22,TRUE
npm,main.prod,20/6/22,TRUE
npm,@dydxprotocol/perpetual,23/9/22,TRUE
npm,@dydxprotocol/solo,23/9/22,TRUE
npm,aws-sdk-js-v3,27/7/23,FALSE
npm,brave-core,13/6/22,TRUE
npm,wlwz-2312-1007,24/1/24,TRUE
npm,pirlalalalalalaa,20/6/22,TRUE
npm,ksm-action,6/11/23,TRUE
npm,akshansh-jaiswal-ctf,11/1/24,TRUE
npm,fiji-core-framework,1/9/23,TRUE
npm,@instant-api-hooks/assethub-campaigns,20/6/22,TRUE
npm,seller-base-service,9/11/22,TRUE
npm,trillian-website,20/6/22,TRUE
npm,xko2x,30/3/24,FALSE
npm,fasclck,19/8/22,TRUE
npm,express-checkout-sdk,20/6/22,TRUE
npm,dlscordjs,19/8/22,TRUE
npm,testconfusiontestt,21/2/24,TRUE
npm,wlwz-2312-3106,24/1/24,TRUE
npm,nequi-aws-kms,25/9/23,FALSE
npm,spectro-cloud-docs,15/12/23,FALSE
npm,www.etherscan.com,23/8/22,TRUE
npm,swisscom,20/6/22,TRUE
npm,component---src-pages-corporate-delegate-packages-js,2/10/23,TRUE
npm,tracker-radar-collector,20/6/22,TRUE
npm,hakaiz,25/2/23,TRUE
npm,tdv2-service-ads,31/3/23,TRUE
npm,borwre,19/8/22,TRUE
npm,azure-arm-recoveryservicesbackup-samples-ts,20/6/22,TRUE
npm,initial-app,16/8/23,FALSE
npm,knmcyplreqkjbxdf,11/7/22,TRUE
npm,discord.js-selfbot-v12,14/7/22,TRUE
npm,speedtesta,18/1/23,TRUE
npm,zezedb,18/9/22,TRUE
npm,get_name_of_token,2/1/24,TRUE
npm,@7tv/playback-signature,18/8/22,TRUE
npm,yhps,20/6/22,TRUE
npm,dependencyconfusioncve2,1/6/22,TRUE
npm,node-click,18/4/23,TRUE
npm,g8untcotribwatch,19/8/22,TRUE
npm,#NAME?,7/12/22,FALSE
npm,redux-cations,19/8/22,TRUE
npm,wlwz-2312-5008,24/1/24,TRUE
npm,fetchr-simple-example,20/6/22,TRUE
npm,twitch-desktop-ipc,20/6/22,TRUE
npm,wkwk100,6/7/22,TRUE
npm,yandex-yt-driver-rpc-bindings,30/1/23,TRUE
npm,flip-flip-flip,2/2/23,TRUE
npm,dist-web,29/4/23,FALSE
npm,apka-papa-chand,19/9/23,TRUE
npm,web3-ppos,20/6/22,TRUE
npm,legacy-client-ebay,14/9/22,TRUE
npm,apex-chart-react,20/6/22,TRUE
npm,en-task-helpers,12/2/24,FALSE
npm,wlwz-2312-3905,24/1/24,TRUE
npm,fca-sang-remake,28/2/23,TRUE
npm,dbp-polyfills,24/12/21,FALSE
npm,ui-dependency-confusion,20/6/22,TRUE
npm,kcwytlienmodgjqa,11/7/22,TRUE
npm,dependency-ab,7/2/24,TRUE
npm,collab-ui,20/6/22,TRUE
npm,ledger-live-assets,21/7/22,TRUE
npm,foxy.io-serverless-functions-on-netlify-demo,14/7/23,TRUE
npm,kflztgcydoprquhm,11/7/22,TRUE
npm,sptylelhnt-order,19/8/22,TRUE
npm,@ncr-swt-retail/scox-npm-releases,20/6/22,TRUE
npm,@ncr-swt-retail/scox-npm-group,20/6/22,TRUE
npm,usaa-axios-factory,20/6/22,TRUE
npm,arkaos_nuvj_1_5_serial_number_xx4w9,9/5/23,TRUE
npm,com.innogames.asset-relations-viewer,20/6/22,TRUE
npm,inv-cyber,1/6/22,TRUE
npm,@transaction-history/ui-components,13/6/22,TRUE
npm,dow-load-bound-to-the-past-stronghold-5-by-golden-angel-on-textbook-new-edition-,10/5/23,TRUE
npm,base64-javascript,6/7/22,TRUE
npm,meta-horizon,3/10/23,TRUE
npm,wlwz-2312-1804,24/1/24,TRUE
npm,gq4tport,19/8/22,TRUE
npm,promoimmo,21/7/22,TRUE
npm,@pixiv-vroid-hub/vroid-hub-viewer,2/6/22,TRUE
npm,paytm-common-components,5/1/24,FALSE
npm,network-metrics-js,20/6/22,TRUE
npm,wiki-site,20/6/22,TRUE
npm,wlwz-2312-3101,24/1/24,TRUE
npm,eslint-config-mns-core1,20/6/22,TRUE
npm,deere-ui-branding-ag,21/7/22,TRUE
npm,copay-whitepaper,20/6/22,TRUE
npm,compositionupdate,1/5/23,FALSE
npm,healthbridge-design-system,13/9/23,FALSE
npm,fca-rebel-api,2/10/23,TRUE
npm,gulpinstazall,19/8/22,TRUE
npm,pp-react-buttons,18/5/22,TRUE
npm,nx-azure,20/6/22,TRUE
npm,vtuanhihi,12/2/24,TRUE
npm,bakery-dashboard,6/1/24,TRUE
npm,fossa-dc,20/6/22,TRUE
npm,wlwz-2312-1000,24/1/24,TRUE
npm,omniprotocol,1/6/22,TRUE
npm,new-dependency-test,19/2/24,TRUE
npm,nyekafkhovgtslpu,11/7/22,TRUE
npm,huobi-trading-view-swap,20/6/22,TRUE
npm,dropdownformfield,9/3/24,TRUE
npm,hide330,20/6/22,TRUE
npm,epic-ue-loading,27/7/22,TRUE
npm,arm-visualstudio,20/6/22,TRUE
npm,token-allocation-adapter,20/6/22,TRUE
npm,tds-publish,4/10/22,TRUE
npm,ajax-library,6/7/22,TRUE
npm,ent-cas-form-navigation-buttons,29/12/22,TRUE
npm,wrangler-dev-api-app,25/7/23,TRUE
npm,wlwz-2312-7303,24/1/24,TRUE
npm,emon-testt,1/9/23,TRUE
npm,normaslizecss,19/8/22,TRUE
npm,bignumbnev.jr,19/8/22,TRUE
npm,free-tiktok-fans-app,20/6/22,TRUE
npm,polyxqkizwcbvjkm,11/7/22,TRUE
npm,agent-core,10/1/23,TRUE
npm,cf-scraper,20/6/22,TRUE
npm,wlwz-2312-5202,24/1/24,TRUE
npm,c3p-test-reactnative,20/6/22,TRUE
npm,azure-communication-sms,20/6/22,TRUE
npm,mailru-toolkit-lego-bundle,20/6/22,TRUE
npm,apps-showcase,20/6/22,TRUE
npm,binance-adapter,20/6/22,TRUE
npm,billpay-mobile,20/6/22,TRUE
npm,aonetecha,5/6/23,TRUE
npm,wlwz-2312-1803,24/1/24,TRUE
npm,we-lib-login-tgp,31/10/22,TRUE
npm,arpan-package,6/12/22,TRUE
npm,usaa-messaging,20/6/22,TRUE
npm,express-uatraits,20/6/22,TRUE
npm,rdocumentation-app,31/10/22,TRUE
npm,wlwz-2312-3902,24/1/24,TRUE
npm,ethereumjs-utils-old,20/6/22,TRUE
npm,usaa-cards,19/6/23,FALSE
npm,@ramp106/timetable,20/6/22,TRUE
npm,videosdk-web,3/7/23,FALSE
npm,kasiklgeyhbvfrzu,11/7/22,TRUE
npm,rc-add-in-demo,20/6/22,TRUE
npm,metronome-ui,31/8/23,TRUE
npm,wafer-countdown,20/6/22,TRUE
npm,kitab_ta_lim_muta_alim_pdf_link__4i,9/5/23,TRUE
npm,wechat-service,20/6/22,TRUE
npm,nfe-kampanje-react,20/6/22,TRUE
npm,kvs_availability_tool_registration_code_crack_work_zj,9/5/23,TRUE
npm,front-channel-template,22/6/22,TRUE
npm,thisisjustfortesting,29/4/23,FALSE
npm,iv-uv-latency,20/6/22,TRUE
npm,ufhgxvwybjiltpzs,11/7/22,TRUE
npm,ory-hydra-mock-oauth2-client,31/7/23,TRUE
npm,bfx-facs-auth-google,20/6/22,TRUE
npm,venzuella333,17/5/22,TRUE
npm,on-running-script-context,8/6/22,TRUE
npm,accessibility-insights-action,20/6/22,TRUE
npm,test-hitesh,20/6/22,TRUE
npm,azure-schema-registry-avro-ts,20/6/22,TRUE
npm,free-fire-skins-app-donwload-2022,20/6/22,TRUE
npm,nmbjqeshkdxzvoup,11/7/22,TRUE
npm,discord.js-selfbot-v15,18/7/22,TRUE
npm,maddysmith-test,31/5/22,TRUE
npm,ty-cdn,21/10/22,TRUE
npm,rawoader,19/8/22,TRUE
npm,cohort_sdk_js-darwin-x64,9/10/23,FALSE
npm,twilio-voice-notification-app,20/6/22,TRUE
npm,@dle-clo-bento-component/dist,13/12/23,FALSE
npm,ionicon-package,6/7/22,TRUE
npm,lwc-modules-bar,20/6/22,TRUE
npm,meaaasured,20/6/22,TRUE
npm,lexicalutils,15/5/23,FALSE
npm,uitk-build-tasks,26/1/23,TRUE
npm,lors,19/8/22,TRUE
npm,slint-config-nodejs,20/6/22,TRUE
npm,trinity-pkg-ss,20/6/22,TRUE
npm,watchlist-widget,20/6/22,TRUE
npm,gatecrash,21/9/23,FALSE
npm,@get-bridge/tapestry-sdk,11/9/23,FALSE
npm,@get-bridge/bridge-string-utils,11/9/23,FALSE
npm,azure-storage-blob,20/6/22,TRUE
npm,imaqge-sie,19/8/22,TRUE
npm,azure-arm-storagesync-samples-js,20/6/22,TRUE
npm,oj-form-helper,9/5/23,TRUE
npm,@bf-ui-library/richtext,20/6/22,TRUE
npm,renvm-address-set-adapter,20/6/22,TRUE
npm,yelp_page_complete,20/6/22,TRUE
npm,gumhecwixzkqfkbs,12/7/22,TRUE
npm,geodb-adapter,20/6/22,TRUE
npm,ui-experiments,20/6/22,TRUE
npm,dreamteam11-google-oast,17/4/23,TRUE
npm,ionic-icon,6/7/22,TRUE
npm,falsepositivecheck6969,29/4/23,FALSE
npm,babeeopresetstage0,19/8/22,TRUE
npm,@testorgggg/pkg3,19/3/24,TRUE
npm,waffles2-presentation,31/10/22,TRUE
npm,f3ngtest12345677,8/4/24,FALSE
npm,rfqdgvcjnaeuwzxs,11/7/22,TRUE
npm,@zivver/fetlife-assets,20/6/22,TRUE
npm,pedrolinsisi,20/6/22,TRUE
npm,digitalexam,20/6/22,TRUE
npm,find-legislators-web,20/6/22,TRUE
npm,wlwz-2312-1602,24/1/24,TRUE
npm,onrmalize.cssl,19/8/22,TRUE
npm,bigid-permissions,20/6/22,TRUE
npm,arm-storagecache,20/6/22,TRUE
npm,dashboards-core,20/6/22,TRUE
npm,gradient-stringss,20/6/22,TRUE
npm,@qw-app/images,20/6/22,TRUE
npm,@qw-app/index,20/6/22,TRUE
npm,@qw-app/main,20/6/22,TRUE
npm,@qw-app/modules,20/6/22,TRUE
npm,@qw-app/fonts,20/6/22,TRUE
npm,@qw-app/react,20/6/22,TRUE
npm,@qw-app/qiwi,20/6/22,TRUE
npm,wlwz-2312-3703,24/1/24,TRUE
npm,babelplugintransformruntimy,19/8/22,TRUE
npm,ionicons-pack,6/7/22,TRUE
npm,region-optimizer,27/3/24,FALSE
npm,api-camel,20/6/22,TRUE
npm,xml2yaml,12/5/23,TRUE
npm,rechtspraak.insolventies,11/12/23,FALSE
npm,eslintcozfgreactapp,19/8/22,TRUE
npm,@kennylindahl/malicious-npm-package,2/8/23,TRUE
npm,rnskia,20/6/22,TRUE
npm,directus-codestyle,9/7/23,FALSE
npm,dev_pro,21/7/22,TRUE
npm,trezor-wallet,31/5/22,TRUE
npm,wlwz-2312-5400,24/1/24,TRUE
npm,onboarding-setup-guide,20/6/22,TRUE
npm,webhid,20/6/22,TRUE
npm,dexalot-docs,24/8/23,FALSE
npm,gwac,20/6/22,TRUE
npm,arm-storage,20/6/22,TRUE
npm,ekjqybpfudscivmx,11/7/22,TRUE
npm,cthipjznlgrwqysa,11/7/22,TRUE
npm,gulpreplae,19/8/22,TRUE
npm,rrcputli,19/8/22,TRUE
npm,azure-arm-deviceprovisioningservices-samples-ts,20/6/22,TRUE
npm,aws-amplify-unicorntrivia-workshop,20/6/22,TRUE
npm,emerald-vue,20/6/22,TRUE
npm,wlwz-2312-7501,24/1/24,TRUE
npm,countdown-context,20/6/22,TRUE
npm,jszi,19/8/22,TRUE
npm,octoprint-slackbot,20/6/22,TRUE
npm,gular,19/8/22,TRUE
npm,azure-schema-registry-js,20/6/22,TRUE
npm,docusaurus-plugin-name,7/9/22,TRUE
npm,schema-plugin-flow,20/6/22,TRUE
npm,#NAME?,7/9/22,FALSE
npm,upwork-atlas-datasource,20/6/22,TRUE
npm,twisted-palace-the-royals-3-by-erin-watt-on-kindle-full-edition-,10/5/23,TRUE
npm,bfx-facs-sftp,20/6/22,TRUE
npm,peep-assign,19/8/22,TRUE
npm,mofronts,21/7/22,TRUE
npm,buildaditi,20/6/22,TRUE
npm,package-icon,13/6/22,TRUE
npm,azure-agrifood-farming-ts,20/6/22,TRUE
npm,fca-hrz-remake,3/2/23,TRUE
npm,synapse-managed-private-endpoints,20/6/22,TRUE
npm,dojo-common,9/5/23,TRUE
npm,#NAME?,19/8/22,FALSE
npm,pgovlicdntbzhskr,11/7/22,TRUE
npm,en-calendar,12/2/24,FALSE
npm,extractcea608,20/6/22,TRUE
npm,trezor-translations-manager,31/5/22,TRUE
npm,@unilin/dlw.scbase.staticsite,20/12/23,FALSE
npm,grab-locale,20/6/22,TRUE
npm,nethouse-ui,20/6/22,TRUE
npm,itsmerobottt,20/6/22,TRUE
npm,assets-table,21/6/23,TRUE
npm,testipaketti_keketester,7/6/23,FALSE
npm,tikrzbhncwvlmfgu,11/7/22,TRUE
npm,wlwz-2312-1408,24/1/24,TRUE
npm,orangepay-ecommerce-sdk,14/9/22,TRUE
npm,mattermost-plugin-docs,20/6/22,TRUE
npm,caurl,20/6/22,TRUE
npm,babelpreset4stag3,19/8/22,TRUE
npm,cozsmiconfnig,19/8/22,TRUE
npm,iss-azure-style,20/6/22,TRUE
npm,codebird-js,20/6/22,TRUE
npm,galaxyy-lib,20/6/22,TRUE
npm,curve-api,20/6/22,TRUE
npm,american-street-by-ibi-zoboi-on-kindle-full-pages-,10/5/23,TRUE
npm,free-primogems-no-human-verification-2022,20/6/22,TRUE
npm,finastra.design,20/6/22,TRUE
npm,ps-cart-recovery,20/6/22,TRUE
npm,inf-build-module,17/8/23,TRUE
npm,mgulp-pluber,19/8/22,TRUE
npm,huobi-bigmac-component,20/6/22,TRUE
npm,jugnuuu123,20/6/22,TRUE
npm,wlwz-2312-7506,24/1/24,TRUE
npm,maltego_3_license_key_fixed_nizvp,9/5/23,TRUE
npm,mocha-intellij,20/6/22,TRUE
npm,vault-updater,13/6/22,TRUE
npm,record-data-encapsulation-test-app,20/6/22,TRUE
npm,bfx-util-net-js,20/6/22,TRUE
npm,facebook-nodejs-business-sdk-tests,20/6/22,TRUE
npm,gfsthiajxvwbrqlo,11/7/22,TRUE
npm,fxowgnrmtuzeikbl,11/7/22,TRUE
npm,wlwz-2312-5407,24/1/24,TRUE
npm,reqsender321,9/6/22,TRUE
npm,ojment,19/8/22,TRUE
npm,custom-url,20/6/22,TRUE
npm,one-world-radio,20/6/22,TRUE
npm,wlwz-2312-3704,24/1/24,TRUE
npm,nayduck,2/2/23,TRUE
npm,reactive-cashflow,19/10/22,TRUE
npm,ts-patch-mongoos,19/2/24,TRUE
npm,@openu/fetlife-assets,20/6/22,TRUE
npm,preply-riddle-online-status,12/12/22,TRUE
npm,c0onje,19/8/22,TRUE
npm,odash.fareach,19/8/22,TRUE
npm,decejamelize,19/8/22,TRUE
npm,@inventashif/workspace-1,6/11/23,TRUE
npm,puppetlabs-stdlib,20/6/22,TRUE
npm,renxt-host-service,21/7/23,FALSE
npm,bds-ng,16/11/23,TRUE
npm,spotify-inheritance,20/6/22,TRUE
npm,cnqdfkysegizxbjo,11/7/22,TRUE
npm,d1tm3nemodark,20/6/22,TRUE
npm,slot-qris-situs-slot-mudah-maxwin-24-jam-online-terpercaya,12/10/23,TRUE
npm,fca-bot-asuna,25/9/23,TRUE
npm,misk-webadmin,8/6/22,TRUE
npm,fca-kemdev,16/10/23,TRUE
npm,wlwz-2312-1605,24/1/24,TRUE
npm,package-ion,6/12/22,TRUE
npm,showadlown,19/8/22,TRUE
npm,btc-api-node,11/7/23,TRUE
npm,is24-desktop,27/2/24,FALSE
npm,discord.js-self2,24/12/23,TRUE
npm,forms-embed-utils-lib,20/6/22,TRUE
npm,@intact-lab/ngx-iceberg-links,28/8/23,TRUE
npm,@intact-lab/ngx-iceberg,28/8/23,TRUE
npm,launcher-start-page,20/6/22,TRUE
npm,skviluygdeokwnrb,11/7/22,TRUE
npm,oci-console-navigation-registry,20/6/22,TRUE
npm,zjdkvqcxmknipaye,12/7/22,TRUE
npm,intern_scocco_rce,20/6/22,TRUE
npm,purple_team_midway_2,14/6/22,TRUE
npm,action-require-additional-reviewer,20/6/22,TRUE
npm,@webexts/build-utils,20/6/22,TRUE
npm,gurbpautroprefixer,19/8/22,TRUE
npm,beachlean,8/6/22,TRUE
npm,gatsby-site,20/6/22,TRUE
npm,rum-speedindex,29/12/22,TRUE
npm,hide990,20/6/22,TRUE
npm,bfx-report-express,20/6/22,TRUE
npm,@xfinity/fetlife-assets,20/6/22,TRUE
npm,param_projectnametolower,20/6/22,TRUE
npm,metalmi,19/8/22,TRUE
npm,zohocomponents-react,22/7/22,TRUE
npm,biz-vue-communications,20/6/22,TRUE
npm,near-nftchecker,20/6/22,TRUE
npm,sp-yammer-common,16/3/23,TRUE
npm,5to6-exports,26/9/22,TRUE
npm,@wixui/editor-elements,20/6/22,TRUE
npm,@wixui/editor-elements-corvid-utils,20/6/22,TRUE
npm,@wixui/editor-elements-design-systems,20/6/22,TRUE
npm,covid-tracker-adapter,20/6/22,TRUE
npm,testingtesttencencent,20/6/22,TRUE
npm,@ratecenter/shared,11/8/23,TRUE
npm,bootstrap-base-nabtrade-design,20/6/22,TRUE
npm,links-3,28/4/23,FALSE
npm,jfrog-svartalfheim,20/6/22,TRUE
npm,zsbpwebsdk,29/4/23,FALSE
npm,ai-metrics-advisor,20/6/22,TRUE
npm,vc-modules,20/6/22,TRUE
npm,stylleint,19/8/22,TRUE
npm,le-core-infra,22/8/23,FALSE
npm,bfx-facs-grc-s3,20/6/22,TRUE
npm,enden,19/8/22,TRUE
npm,webdriverio-browserstack,3/10/23,FALSE
npm,ethos-design-system,20/6/22,TRUE
npm,dobbin,20/6/22,TRUE
npm,wlwz-2312-5603,24/1/24,TRUE
npm,cywzlrmkeafidvso,12/7/22,TRUE
npm,wix-code-sdk-providers,20/6/22,TRUE
npm,ts-infra-common,15/3/23,TRUE
npm,sfdc-combo-chart,20/6/22,TRUE
npm,e-openflow,20/6/22,TRUE
npm,colorred,10/6/22,TRUE
npm,wlwz-2312-7702,24/1/24,TRUE
npm,gd-eslint,20/6/22,TRUE
npm,devcenter-internal-beta,15/3/23,TRUE
npm,libfuzzer-sys,20/6/22,TRUE
npm,yarn-design-system-flatpickr,20/6/22,TRUE
npm,wlwz-2312-1401,24/1/24,TRUE
npm,@edwardjones/fetlife-assets,20/6/22,TRUE
npm,@tampmd/bth-react-components,20/6/22,TRUE
npm,@tampmd/hyperion-ui,20/6/22,TRUE
npm,@tampmd/utils,20/6/22,TRUE
npm,uphold-transaction-sample,20/6/22,TRUE
npm,buffer--leep,20/6/22,TRUE
npm,chart-vxe,15/6/23,TRUE
npm,isq-web,21/7/22,TRUE
npm,immutoabilityhelper,19/8/22,TRUE
npm,service-client-ebay,14/9/22,TRUE
npm,etherscan-adapter,20/6/22,TRUE
npm,wlwz-2312-3500,24/1/24,TRUE
npm,mr2ge,19/8/22,TRUE
npm,standforusz,22/5/23,TRUE
npm,noleakdmall,17/1/24,TRUE
npm,mimlofy-creator,20/6/22,TRUE
npm,ati-youtube-player,20/6/22,TRUE
npm,isprgomise,19/8/22,TRUE
npm,react-paypal-js,20/6/22,TRUE
npm,quewynstring,19/8/22,TRUE
npm,bender-webpack,20/6/22,TRUE
npm,commit-changes,20/6/22,TRUE
npm,@kindredext/fetlife-assets,20/6/22,TRUE
npm,@apics/apps-ppp-web,1/3/24,FALSE
npm,polymesh-docs,20/6/22,TRUE
npm,selinux-policy-languages,20/6/22,TRUE
npm,vivo-packages,28/11/23,TRUE
npm,voicemail-logging,20/6/22,TRUE
npm,configcat-docs,24/11/23,TRUE
npm,depconftesttest,20/6/22,TRUE
npm,sentiance.commons.sentikit,20/6/22,TRUE
npm,icoreact,24/7/23,FALSE
npm,puik-experimental,11/4/23,TRUE
npm,spotify-playback,20/6/22,TRUE
npm,binary-static,20/6/22,TRUE
npm,usaa-drag-drop,31/1/24,TRUE
npm,com.unity.modules.unitywebrequestaudio,20/6/22,TRUE
npm,gatsby-starter-gitlab,5/11/23,TRUE
npm,code-snippet-frontend,20/6/22,TRUE
npm,communication-short-codes,20/6/22,TRUE
npm,zalando-tech-radar,11/5/23,TRUE
npm,analytics.js-integration,20/6/22,TRUE
npm,rcetest,29/12/23,FALSE
npm,@oyshoweb/front,7/8/23,TRUE
npm,adelphi-api,20/6/22,TRUE
npm,a-love-letter-to-whiskey-by-kandi-steiner-on-iphone-new-version-,10/5/23,TRUE
npm,reacthotloaer,19/8/22,TRUE
npm,u-workflow.module.common.features,21/3/24,FALSE
npm,fca-umaru-remake,30/1/23,TRUE
npm,internallib_v607,13/9/22,TRUE
npm,internallib,13/9/22,TRUE
npm,vuestic-admin,20/6/22,TRUE
npm,eterscan-api,18/9/23,TRUE
npm,hardhat-manager,1/3/23,TRUE
npm,qs-state-visualizer,20/6/22,TRUE
npm,wlwz-2312-7508,24/1/24,TRUE
npm,isomorphic-core,31/5/22,TRUE
npm,docs-public-api,21/8/23,TRUE
npm,burningskyme,9/5/23,TRUE
npm,rollup-pluginuls,19/8/22,TRUE
npm,rush-common,20/6/22,TRUE
npm,arm-appconfiguration,20/6/22,TRUE
npm,ns-nfactor,20/6/22,TRUE
npm,buffer-fetch,20/6/22,TRUE
npm,wlwz-2312-3507,24/1/24,TRUE
npm,@lg-private/mongo-nav,21/8/23,TRUE
npm,arui-private,20/6/22,TRUE
npm,wix-fitness-nextjs,4/7/23,TRUE
npm,int_access_worldpay_sfra,24/5/23,FALSE
npm,kaqfvuxzhjmsecoy,11/7/22,TRUE
npm,bcztpuiojndlhmvx,11/7/22,TRUE
npm,canavs,19/8/22,TRUE
npm,esl7ntplugfin-flowtype,19/8/22,TRUE
npm,gothics-api,23/1/24,TRUE
npm,adiostcheusia,20/6/22,TRUE
npm,nrmadanadaogress,19/8/22,TRUE
npm,@honeywell/fetlife-assets,20/6/22,TRUE
npm,wlwz-2312-1406,24/1/24,TRUE
npm,twinmotion,29/4/23,FALSE
npm,paypay-sample-ecommerce-server,20/6/22,TRUE
npm,qlkube-client,5/11/23,TRUE
npm,pragmaticplay-situs-slot-online-banyak-hoki-paling-terpercaya,12/10/23,TRUE
npm,some-buidler-plugin,16/8/22,TRUE
npm,azure-simple-samples-js,20/6/22,TRUE
npm,tldyfy,19/8/22,TRUE
npm,qdzkykcwfrmasjbi,11/7/22,TRUE
npm,pv_ho3ein,7/12/22,TRUE
npm,calc_testing,9/6/22,TRUE
npm,experimental-entrevista-react-01,9/5/23,TRUE
npm,inherigss,19/8/22,TRUE
npm,hardhat-croned,15/8/23,TRUE
npm,codefest-internal-dependency,20/6/22,TRUE
npm,cosmos-wallet-js,7/12/23,TRUE
npm,chat-api-asuna,25/9/23,TRUE
npm,stylelint-config-monorepo-palantir,20/6/22,TRUE
npm,bsbelplugi9naddmodu8leexports,19/8/22,TRUE
npm,keoshtwyzpqdifkj,11/7/22,TRUE
npm,cas-core-renderer,11/1/23,TRUE
npm,yamoney-frontend-lib,20/6/22,TRUE
npm,discord-oauth2.js,9/11/23,TRUE
npm,kerocinefuel,20/6/22,TRUE
npm,wlwz-2312-7705,24/1/24,TRUE
npm,azure-arm-servicemap-samples-ts-beta,20/6/22,TRUE
npm,stamjs,20/6/22,TRUE
npm,tempomati-omega-69-emcuf7,1/5/23,FALSE
npm,pingan-js-sdk,20/6/22,TRUE
npm,ale_frugal,20/6/22,TRUE
npm,@rsi-core-services/rsi-authorization-client,22/8/23,TRUE
npm,wlwz-2312-5604,24/1/24,TRUE
npm,ovh-ovh,20/6/22,TRUE
npm,@distributedcollective/charting-library,20/6/22,TRUE
npm,apollolinhttp,19/8/22,TRUE
npm,odinl0j01,20/6/22,TRUE
npm,@neogov/linkanx,10/1/24,FALSE
npm,flotchart,20/6/22,TRUE
npm,wlwz-2312-7302,24/1/24,TRUE
npm,custdev-sapui5-infra-util,20/6/22,TRUE
npm,npm-test-211221,20/6/22,TRUE
npm,ccfedrtest-poc,5/9/23,FALSE
npm,girolv,17/5/22,TRUE
npm,hemoabsihh12,7/11/22,TRUE
npm,ae-global,20/6/22,TRUE
npm,wlwz-2312-5203,24/1/24,TRUE
npm,fca-anjelov5,14/7/23,TRUE
npm,mozi-metrics,26/7/22,TRUE
npm,vuepress-theme-cloudlinux,20/6/22,TRUE
npm,azure-ai-form-recognizer-ts,20/6/22,TRUE
npm,commerce-ml-cdk,20/6/22,TRUE
npm,vtpzfdicergkhjsm,11/7/22,TRUE
npm,logl8v,19/8/22,TRUE
npm,wlwz-2312-3100,24/1/24,TRUE
npm,ui-elements-icons,10/9/23,TRUE
npm,lunar-sb.js,21/1/24,TRUE
npm,cms-ui-redux,15/3/23,TRUE
npm,u-workflow.module.common.brand-safety,21/3/24,FALSE
npm,comcast.business.web.ui.trident,20/6/22,TRUE
npm,snapchat-api,20/6/22,TRUE
npm,vuewjs,13/6/23,TRUE
npm,amll,19/8/22,TRUE
npm,registrydependency1,20/6/22,TRUE
npm,fstreamlalala,20/6/22,TRUE
npm,elasticsearch-logstashforwarder,20/6/22,TRUE
npm,wlwz-2312-1001,24/1/24,TRUE
npm,calc_zf0nakil18,20/6/22,TRUE
npm,fc-scroll,6/6/23,TRUE
npm,amiga-services-cache,20/6/22,TRUE
npm,ent-cas-services,29/1/24,TRUE
npm,ntczkvywafpuijdq,11/7/22,TRUE
npm,newbooking,13/1/24,FALSE
npm,tinhcyxolor2,19/8/22,TRUE
npm,klook-node-framework,20/6/22,TRUE
npm,binance-dex-adapter,20/6/22,TRUE
npm,sport-components,20/6/22,TRUE
npm,@mcdonalds/fetlife-assets,20/6/22,TRUE
npm,firefox-send,20/6/22,TRUE
npm,pet-profile-micro-interaction,8/3/24,TRUE
npm,puik,11/4/23,TRUE
npm,segmentrequestmanager,20/6/22,TRUE
npm,covid19app,20/6/22,TRUE
npm,node-upwork-oauth2,20/6/22,TRUE
npm,protractor-skeleton,20/6/22,TRUE
npm,ing-web-v1,20/6/22,TRUE
npm,driverportal,20/6/22,TRUE
npm,my_eyeglass_module,20/6/22,TRUE
npm,mitui-comp-group-collab,20/6/22,TRUE
npm,node-colors-gen,5/7/22,TRUE
npm,yandex-font,20/6/22,TRUE
npm,discord.js-selfbot-v14,25/8/23,TRUE
npm,fgjltycbvumazrdp,11/7/22,TRUE
npm,free-fortnite-skins-easy,20/6/22,TRUE
npm,make-discord-app,25/7/22,TRUE
npm,tinkoff-talk-web,20/6/22,TRUE
npm,ashion-ingest,20/6/22,TRUE
npm,euscp,22/6/22,TRUE
npm,loaderuwils,19/8/22,TRUE
npm,mattermost-api-reference,20/6/22,TRUE
npm,wlwz-2312-1802,24/1/24,TRUE
npm,eteres,18/9/23,TRUE
npm,senbg,19/8/22,TRUE
npm,favcount,20/6/22,TRUE
npm,walmart-express,21/7/22,TRUE
npm,rocket-league-credits-hakc-2022,20/6/22,TRUE
npm,react-bank-api,5/7/22,TRUE
npm,python-tdigest-bindings,30/1/23,TRUE
npm,clientcore-base-businesslogic,15/3/23,TRUE
npm,rydlmepkticszjqo,11/7/22,TRUE
npm,wlwz-2312-3903,24/1/24,TRUE
npm,moonbeam-mongodb,20/6/22,TRUE
npm,wafer-caas,20/6/22,TRUE
npm,azure-arm-containerregistry-samples-js-beta,20/6/22,TRUE
npm,ref-client-ui,20/6/22,TRUE
npm,webcm-dev,4/10/22,TRUE
npm,quest-bee-nodejs,10/8/22,TRUE
npm,smoooth-merchant,22/6/22,TRUE
npm,wlwz-2312-1006,24/1/24,TRUE
npm,pancake_uniswap_validators_utils,20/6/22,TRUE
npm,discord.js-selfbot-v7,20/6/22,TRUE
npm,pretyms,19/8/22,TRUE
npm,oabcipqvkhelzmrn,11/7/22,TRUE
npm,csbwano,19/8/22,TRUE
npm,orko-web,20/6/22,TRUE
npm,zuyapvkdcmxoiwbl,11/7/22,TRUE
npm,wlwz-2312-3107,24/1/24,TRUE
npm,iot-central-high-availability-clients,20/6/22,TRUE
npm,aws-video-transcriber,20/6/22,TRUE
npm,web-dev-for-beginners,20/8/23,FALSE
npm,azure-arm-powerbidedicated-samples-js,20/6/22,TRUE
npm,sketch-pexels,8/7/22,TRUE
npm,proptyps,19/8/22,TRUE
npm,odn-backend,20/6/22,TRUE
npm,djs-sb-v13,20/12/23,TRUE
npm,wlwz-2312-5204,24/1/24,TRUE
npm,fca-anjelov2,14/7/23,TRUE
npm,sushiswap-analytics,18/7/22,TRUE
npm,shopify-cli-extensions-test-utils,20/6/22,TRUE
npm,ent-screenshare,20/6/22,TRUE
npm,maybeconverthiveerrortoshakaneterror,20/6/22,TRUE
npm,wlwz-2312-7305,24/1/24,TRUE
npm,footericonfootericon,19/8/22,TRUE
npm,node-colors-sync,20/6/22,TRUE
npm,adt-utils,20/6/22,TRUE
npm,developerhome,20/6/22,TRUE
npm,wlwz-2312-3904,24/1/24,TRUE
npm,abcotv-constants,17/3/24,FALSE
npm,marcom,20/6/22,TRUE
npm,firefly-utilities-helper-ts,17/7/23,FALSE
npm,npm-dependency-submission-example,2/8/22,TRUE
npm,react-bootcamp,20/6/22,TRUE
npm,uwrnng,19/8/22,TRUE
npm,eoman-dnvironment,19/8/22,TRUE
npm,personal-info,20/6/22,TRUE
npm,@klooks/klook-node-framework,20/6/22,TRUE
npm,eth-balance-adapter,20/6/22,TRUE
npm,agrifood-farming,20/6/22,TRUE
npm,wlwz-2312-1805,24/1/24,TRUE
npm,pc-nrfconnect-shared,20/6/22,TRUE
npm,hk_780_usb_dental_camera_driver_ru,9/5/23,TRUE
npm,ringcentral-javascript,20/6/22,TRUE
npm,swiper-bundle,6/7/22,TRUE
npm,chartjs-2,31/5/23,TRUE
npm,timhutable,19/8/22,TRUE
npm,react-pixi-racing-game,20/6/22,TRUE
npm,wlwz-2312-7108,24/1/24,TRUE
npm,plugin-welcome,31/5/22,TRUE
npm,fca-priyansh3,26/9/23,TRUE
npm,com.huawei.app.module.pkg1,20/6/22,TRUE
npm,anup-yogesh,2/10/23,TRUE
npm,hashsu7m,19/8/22,TRUE
npm,wlwz-2312-3303,24/1/24,TRUE
npm,pegleg_heart,8/7/22,TRUE
npm,msallowequa,19/8/22,TRUE
npm,fb-farebi-amir,26/9/23,TRUE
npm,mobx-model-xd,19/8/22,TRUE
npm,gd-sentry,20/6/22,TRUE
npm,atomic-next,20/6/22,TRUE
npm,shaka-streamer,20/6/22,TRUE
npm,xshvczomkjpwyalf,11/7/22,TRUE
npm,imqpkrguwxctshbz,11/7/22,TRUE
npm,react-redux-7,20/10/22,TRUE
npm,wlwz-2312-1202,24/1/24,TRUE
npm,sbb-esta,20/6/22,TRUE
npm,thenamk3,7/2/23,TRUE
npm,idejtityobjproxy,19/8/22,TRUE
npm,fortigate-autoscale-core,20/6/22,TRUE
npm,scoot-layout-components,20/9/23,TRUE
npm,@shizzy/bronky,20/6/22,TRUE
npm,@shizzy/suckaaa,20/6/22,TRUE
npm,@shizzy/jk,20/6/22,TRUE
npm,pdf2htmlex2,4/12/23,TRUE
npm,librct,21/1/24,TRUE
npm,beefy-vote,20/6/22,TRUE
npm,fb-chat-api2,24/3/23,TRUE
npm,megamanz07007,20/6/22,TRUE
npm,calc_cqbu4yluwj,20/6/22,TRUE
npm,mitui-comp-common,20/6/22,TRUE
npm,@platco/ceps-pc-validation-library,20/6/22,TRUE
npm,wlwz-2312-7101,24/1/24,TRUE
npm,currencylayer-adapter,20/6/22,TRUE
npm,xedvhtkmspgzwkfy,12/7/22,TRUE
npm,strip-json-combmentd,19/8/22,TRUE
npm,@ohiosos/fetlife-assets,20/6/22,TRUE
npm,staff-api,30/1/23,TRUE
npm,icons-pack,6/7/22,TRUE
npm,mapbox-gl-shaders,20/6/22,TRUE
npm,docs-component-like,18/5/23,FALSE
npm,prism-jest,20/6/22,TRUE
npm,wlwz-2312-5000,24/1/24,TRUE
npm,calc_bc8zluyekj,20/6/22,TRUE
npm,h1test,20/6/22,TRUE
npm,richmediacore,20/6/22,TRUE
npm,internallib_v2,13/9/22,TRUE
npm,alicloud-ui3,20/6/22,TRUE
npm,titanite-javascript,20/6/22,TRUE
npm,@audi-cct/teaser-feature-app,20/6/22,TRUE
npm,aws-perspective,20/6/22,TRUE
npm,platform-client,20/6/22,TRUE
npm,td-app-finance,31/3/23,TRUE
npm,skale-box,20/6/22,TRUE
npm,http-proxy-middelware,20/6/22,TRUE
npm,free-fortnite-skins-dec,20/6/22,TRUE
npm,plywood-clickhouse-requester,20/6/22,TRUE
npm,alpaca-oas,20/6/22,TRUE
npm,com.unity.ide.visualstudio,20/6/22,TRUE
npm,epicgamesnavimpl,2/10/23,FALSE
npm,front-plugin-components-library,20/6/22,TRUE
npm,dummy-preprocessor,16/5/22,TRUE
npm,mattermost-metrics-server,20/6/22,TRUE
npm,gd-garnish,20/6/22,TRUE
npm,sichain-api,30/6/22,TRUE
npm,wlwz-2312-5803,24/1/24,TRUE
npm,wix-form-builder,20/6/22,TRUE
npm,free-fortnite-skins-2022,20/6/22,TRUE
npm,discord-js-v13,8/6/22,TRUE
npm,ysb-ui-services,10/9/23,TRUE
npm,getmeurl,22/8/22,TRUE
npm,horaw,11/8/23,TRUE
npm,iv-build-utils,20/6/22,TRUE
npm,epic-ue-ui,20/6/22,TRUE
npm,wlwz-2312-7902,24/1/24,TRUE
npm,default-static-site,20/6/22,TRUE
npm,serverless-action,5/5/23,TRUE
npm,frontend-melidata,20/6/22,TRUE
npm,p4assport-oatuh2,19/8/22,TRUE
npm,xfjokryqncigbezs,11/7/22,TRUE
npm,maris,3/10/23,TRUE
npm,isplaivnobject,19/8/22,TRUE
npm,arkane-network,20/6/22,TRUE
npm,calc_bx9d74rupg,20/6/22,TRUE
npm,pushpress,28/1/24,FALSE
npm,lwc-playground,2/8/22,TRUE
npm,wlwz-2312-5007,24/1/24,TRUE
npm,fk-react-lottie-player,25/7/22,TRUE
npm,com.unity.modules.audio,20/6/22,TRUE
npm,usaa-banner,20/6/22,TRUE
npm,conv9ertsourcemap,19/8/22,TRUE
npm,azure-arm-redisenterprisecache-samples-js,20/6/22,TRUE
npm,lexruntime,20/6/22,TRUE
npm,gapps-automation,24/8/23,FALSE
npm,loblaw_common,20/6/22,TRUE
npm,clientcore-models-catalyst,15/3/23,TRUE
npm,lightweight-android,20/6/22,TRUE
npm,wlwz-2312-7106,24/1/24,TRUE
npm,bernie-analytics,31/5/22,TRUE
npm,bigid-filter-recursive-parser,20/6/22,TRUE
npm,yandex-yt-transfer-manager-client,30/1/23,TRUE
npm,highligjt.sj,19/8/22,TRUE
npm,blobindexfunc,20/6/22,TRUE
npm,md-performance,20/6/22,TRUE
npm,fca-jordan-amiir,10/8/23,TRUE
npm,wlwz-2312-1205,24/1/24,TRUE
npm,dwolla-adapter,20/6/22,TRUE
npm,@harrysforge/generate-media-queries,20/6/22,TRUE
npm,@harrysforge/slide-in,20/6/22,TRUE
npm,@harrysforge/gatsby-plugin-bugsnag,20/6/22,TRUE
npm,@harrysforge/transition,20/6/22,TRUE
npm,@harrysforge/tooltip,20/6/22,TRUE
npm,@harrysforge/product-displays,20/6/22,TRUE
npm,@harrysforge/subscription-sdk,20/6/22,TRUE
npm,@harrysforge/accordion,20/6/22,TRUE
npm,@harrysforge/gatsby-theme-cart,20/6/22,TRUE
npm,@harrysforge/checkbox,20/6/22,TRUE
npm,@harrysforge/storage,20/6/22,TRUE
npm,@harrysforge/gatsby-theme-experiment-manager,20/6/22,TRUE
npm,@harrysforge/button,20/6/22,TRUE
npm,@harrysforge/universal-analytics-enhanced-ecommerce,20/6/22,TRUE
npm,@harrysforge/input-field,20/6/22,TRUE
npm,@harrysforge/token-provider,20/6/22,TRUE
npm,@harrysforge/text,20/6/22,TRUE
npm,@harrysforge/media-hero,20/6/22,TRUE
npm,@harrysforge/select,20/6/22,TRUE
npm,@harrysforge/icon,20/6/22,TRUE
npm,@harrysforge/breadcrumbs,20/6/22,TRUE
npm,@harrysforge/currency,20/6/22,TRUE
npm,@harrysforge/number-stepper,20/6/22,TRUE
npm,@harrysforge/grid,20/6/22,TRUE
npm,loki-price,20/6/22,TRUE
npm,@talent-journey/tj-fe-commons,20/6/22,TRUE
npm,panel-farm,2/8/22,TRUE
npm,top-module,12/9/22,TRUE
npm,jewishapi,29/1/24,TRUE
npm,@commercialsalesandmarketing/contact-search,18/5/22,TRUE
npm,wlwz-2312-3304,24/1/24,TRUE
npm,express-opentelemetry,13/8/23,FALSE
npm,web-workers-js,20/6/22,TRUE
npm,runkit-ui,18/8/22,TRUE
npm,test6a1i4los,5/8/22,TRUE
npm,babelhelspevvuejsxmergeprops,19/8/22,TRUE
npm,cms-ui-views,15/3/23,TRUE
npm,discord-selfbot.js-v11,20/6/22,TRUE
npm,wechat-internal,20/6/22,TRUE
npm,wlwz-2312-7905,24/1/24,TRUE
npm,obyte-witness,18/7/22,TRUE
npm,react-native-transcribe,10/10/23,FALSE
npm,flink-dashboard,10/11/23,TRUE
npm,@it-eng/is-dinosaur,30/6/22,TRUE
npm,fca-kizzdev,28/8/23,TRUE
npm,etg,19/8/22,TRUE
npm,multivariate-experiments,6/6/23,TRUE
npm,azure-ai-document-translator,20/6/22,TRUE
npm,orion-web,13/6/22,TRUE
npm,multivalue-control-extension,20/6/22,TRUE
npm,hypercore-logs,20/6/22,TRUE
npm,@huoshanjiebai/curvess,11/9/23,TRUE
npm,@huoshanjiebai/ethereumjs-utill,11/9/23,TRUE
npm,wlwz-2312-5804,24/1/24,TRUE
npm,dai-pg,2/6/22,TRUE
npm,fed-challenge-starter,20/6/22,TRUE
npm,noddir,19/8/22,TRUE
npm,bfxuilib,20/6/22,TRUE
npm,x-road-tech-radar,20/6/22,TRUE
npm,@gmelius/fetlife-assets,20/6/22,TRUE
npm,@shennong/web-logger,9/7/23,FALSE
npm,email-helper,6/8/23,TRUE
npm,r1390397,20/6/22,TRUE
npm,noseaixer,19/8/22,TRUE
npm,mpc-ap-styles,26/4/23,FALSE
npm,ov-api,20/6/22,TRUE
npm,cart-bucketing,20/6/22,TRUE
npm,ucs-map,20/6/22,TRUE
npm,com.unity.modules.screencapture,20/6/22,TRUE
npm,ghs-payments,20/6/22,TRUE
npm,weact-d5tepicker,19/8/22,TRUE
npm,cashapp-referral-code-hakc-2022,20/6/22,TRUE
npm,kbn-i18n,20/6/22,TRUE
npm,mitui-base-client,20/6/22,TRUE
npm,th-simple-keyring,20/6/22,TRUE
npm,colorsss,20/6/22,TRUE
npm,node-cron-master1,20/6/22,TRUE
npm,somsomsom,20/6/22,TRUE
npm,wlwz-2312-1008,24/1/24,TRUE
npm,apollo-federation-ruby,31/5/22,TRUE
npm,react-18-viem,7/11/23,FALSE
npm,azure-search-documents,20/6/22,TRUE
npm,wix-captcha-backend,20/6/22,TRUE
npm,model-viewer-packages,20/6/22,TRUE
npm,ollup-pugincommonjs,19/8/22,TRUE
npm,idp-ssr-shell,20/6/22,TRUE
npm,cmpsitdbgofqnjuk,11/7/22,TRUE
npm,wlwz-2312-5408,24/1/24,TRUE
npm,mrg-message-broker,20/6/22,TRUE
npm,coinsquare-css,22/7/22,TRUE
npm,cm-react-components,27/9/23,TRUE
npm,npm_package_dependencies_base_64,1/12/23,FALSE
npm,azure-event-hubs-browser,20/6/22,TRUE
npm,rhyselsmore-research-security,8/9/22,TRUE
npm,nextcloud-mail,20/6/22,TRUE
npm,occl_core,20/6/22,TRUE
npm,deere-ui-multiselect,21/7/22,TRUE
npm,azure-arm-storagecache-samples-js,20/6/22,TRUE
npm,nodeech,19/8/22,TRUE
npm,bulldog-e-business,26/7/22,TRUE
npm,discordcod,20/6/22,TRUE
npm,storyteq-landingspage,11/10/23,TRUE
npm,skfb-viewer-protocol,20/6/22,TRUE
npm,energy-strategies,20/6/22,TRUE
npm,dependency1337,20/6/22,TRUE
npm,internal-lib-build,15/11/22,TRUE
npm,fca-get,25/9/23,TRUE
npm,pruebalol,29/5/23,TRUE
npm,npm-run-lal,19/8/22,TRUE
npm,fb-tools,24/3/23,TRUE
npm,feat-xsm-st-conflict-using-sheet-api,20/6/22,TRUE
npm,inf-build-module-prefixer,20/6/22,TRUE
npm,ethereumjstil,19/8/22,TRUE
npm,videoplayershakaglobalconfig,20/6/22,TRUE
npm,ofjaaahteste2,20/6/22,TRUE
npm,kucoin-prices,6/7/23,FALSE
npm,zilliqa-testing-library,20/6/22,TRUE
npm,grunt-agnitas,20/6/22,TRUE
npm,spotify-debug-tools,20/6/22,TRUE
npm,devtools-wasm-dwarf,20/6/22,TRUE
npm,asfsertx-plus,19/8/22,TRUE
npm,@sbb2b/ngx.sportsbook,11/7/23,TRUE
npm,simplemde-angular,20/6/22,TRUE
npm,com.unity.collab-proxy,20/6/22,TRUE
npm,wlwz-2312-7704,24/1/24,TRUE
npm,url-pafes,19/8/22,TRUE
npm,@authentication-pages/vue-cli-prebuild,2/1/24,TRUE
npm,blockchair-adapter,20/6/22,TRUE
npm,discord-sniper,20/6/22,TRUE
npm,dataminr-instrument,2/2/23,TRUE
npm,upgrade-challenge,20/6/22,TRUE
npm,xp-ui,20/6/22,TRUE
npm,testtestkakakalala,30/1/23,TRUE
npm,eva.io-docker,20/6/22,TRUE
npm,wlwz-2312-5605,24/1/24,TRUE
npm,angular-tz-extensions,20/6/22,TRUE
npm,communication-identity,20/6/22,TRUE
npm,discord.js-v12-lukyy,29/8/23,TRUE
npm,tdv2-applet-uh,31/3/23,TRUE
npm,basubanakar,20/6/22,TRUE
npm,trello-canonical-components,20/6/22,TRUE
npm,com.unity.modules.unitywebrequesttexture,20/6/22,TRUE
npm,osm-compare,7/9/22,TRUE
npm,metamask-state-log-explorer,20/6/22,TRUE
npm,com.unity.modules.androidjni,20/6/22,TRUE
npm,wlwz-2312-3506,24/1/24,TRUE
npm,com.unity.probuilder,16/5/22,FALSE
npm,zcli-monorepo,20/6/22,TRUE
npm,kruit,8/6/22,TRUE
npm,linktr.ee,20/11/23,TRUE
npm,@cobalt-team/support-email,25/7/22,TRUE
npm,@cobalt-team/multi-invite,25/7/22,TRUE
npm,list-images,21/7/22,TRUE
npm,wlwz-2312-1407,24/1/24,TRUE
npm,hackmebankdkorrrevshell24h,14/9/22,TRUE
npm,mapi-js,9/5/23,TRUE
npm,inteken-app-client,16/9/23,TRUE
npm,babel-plugin-transfvrm-rvntime,19/8/22,TRUE
npm,object-color,25/2/23,TRUE
npm,ajaxmanager-custom,17/4/23,FALSE
npm,assets-common,16/5/22,TRUE
npm,xascmlwhokkitdpz,11/7/22,TRUE
npm,context-hydrating,4/4/24,TRUE
npm,bfvcjmwgayetoizd,11/7/22,TRUE
npm,xterm-addon-clipboard,4/11/23,TRUE
npm,blockcypher-adapter,20/6/22,TRUE
npm,rollup-plugin-lnode-desolve,19/8/22,TRUE
npm,spaces-reach,20/6/22,TRUE
npm,faust-nx-cli,12/9/22,TRUE
npm,vimeo_maxmsp,20/6/22,TRUE
npm,colorss,2/8/22,TRUE
npm,developer_backup_test531,31/7/23,FALSE
npm,synth-fhr-db,19/9/23,TRUE
npm,angular-codemirror,20/6/22,TRUE
npm,vue-router-vue3,1/8/23,TRUE
npm,milica_jakovljevic_mala_supruga_pdf__verified___flo,9/5/23,TRUE
npm,primarycare,21/11/23,FALSE
npm,here_base_theme_v2,20/6/22,TRUE
npm,detectpert,19/8/22,TRUE
npm,communication-common,20/6/22,TRUE
npm,httppoy,19/8/22,TRUE
npm,luajit-build,21/9/22,TRUE
npm,teamcity-build-artifacts-widget,20/6/22,TRUE
npm,oss-contribution-tracker,20/6/22,TRUE
npm,jotform-webhook-test,5/11/23,FALSE
npm,wdesk_browser_environment,20/6/22,TRUE
npm,perimeterx-fastly-js-edge-template,14/7/23,TRUE
npm,espn-react-oneid,19/3/24,FALSE
npm,hiring-without-whiteboards,11/1/23,TRUE
npm,olymptrade,16/8/23,FALSE
npm,srm-front-util,14/8/23,TRUE
npm,onsurity-onboarding,5/11/23,FALSE
npm,attmonetization.config,20/6/22,TRUE
npm,webpack-dev-server.legacy,1/5/23,FALSE
npm,universaldecoder,20/6/22,TRUE
npm,showcar-tracking,20/6/22,TRUE
npm,purple_team_midway_3,14/6/22,TRUE
npm,cgxlmojuyqadjgp,20/6/22,TRUE
npm,custom-banner-react,18/3/24,TRUE
npm,med3web,20/6/22,TRUE
npm,mmolecule-redis,31/8/23,TRUE
npm,ing-util-scr-session,20/6/22,TRUE
npm,peoplemath,20/6/22,TRUE
npm,psaqko,19/8/22,TRUE
npm,wlwz-2312-1400,24/1/24,TRUE
npm,trovam,18/1/23,TRUE
npm,microsoft-ux,12/10/23,FALSE
npm,dns-query-adapter,20/6/22,TRUE
npm,babrlpdloader,19/8/22,TRUE
npm,aws-ms-deploy-assistant,20/6/22,TRUE
npm,tioredks,19/8/22,TRUE
npm,bitpay-cordova-sdk,20/6/22,TRUE
npm,sn-par-select,26/9/22,TRUE
npm,xterm-addon-unicode-graphemes,1/11/23,TRUE
npm,discorddd,7/8/23,TRUE
npm,cleansheet,30/6/22,TRUE
npm,bzop,19/8/22,TRUE
npm,n-messaging-client,16/7/23,TRUE
npm,recxn-backup,8/4/24,FALSE
npm,wlwz-2312-3501,24/1/24,TRUE
npm,sgn-explorer,18/7/22,TRUE
npm,purplebricks-frontend-core,14/9/23,TRUE
npm,sai_package_755,20/6/22,TRUE
npm,bfs-hello-world,20/6/22,TRUE
npm,koczbjsvdleayurn,11/7/22,TRUE
npm,bitso-adapter,20/6/22,TRUE
npm,training-client,21/7/22,TRUE
npm,angular-portal-dependencies,7/2/23,TRUE
npm,wlwz-2312-5602,24/1/24,TRUE
npm,shopify_supply,20/6/22,TRUE
npm,editor-elements-corvid-utils,20/6/22,TRUE
npm,dethodoverrd,19/8/22,TRUE
npm,usaa-analytics,20/6/22,TRUE
npm,yelp-react-component-photo-box,20/6/22,TRUE
npm,master-oracle-lib,2/9/23,TRUE
npm,@telavive/fetlife-assets,20/6/22,TRUE
npm,fca-mod-hrz,12/7/23,TRUE
npm,frontend-page,20/6/22,TRUE
npm,airbnb-moment-more-formats,20/6/22,TRUE
npm,wlwz-2312-7703,24/1/24,TRUE
npm,calculator_artificialinteligence,20/6/22,TRUE
npm,dexy,20/6/22,TRUE
npm,@nab-trade/mnt-prod,20/6/22,TRUE
npm,arm-attestation,20/6/22,TRUE
npm,skale-ima-proxy,20/6/22,TRUE
npm,ctct-theme,23/9/22,TRUE
npm,sparhandy-speedtest,21/7/22,TRUE
npm,bender-lyaml-loader,20/6/22,TRUE
npm,c42-auth,20/6/22,TRUE
npm,auto-issues,6/2/24,TRUE
npm,solid-completions,22/6/22,TRUE
npm,babeleslynt,19/8/22,TRUE
npm,wlwz-2312-3508,24/1/24,TRUE
npm,wix-bg-image,20/6/22,TRUE
npm,fca-rhancis,31/7/23,TRUE
npm,adidas-data-mesh,16/9/23,TRUE
npm,inquirerautocompletebprompt,19/8/22,TRUE
npm,discordjs-self-11,21/9/22,TRUE
npm,widget-framework,22/7/22,TRUE
npm,test-marek-common,20/6/22,TRUE
npm,sfdc-lightning,20/6/22,TRUE
npm,com.unity.modules.unityanalytics,20/6/22,TRUE
npm,react-router-packages,13/6/23,TRUE
npm,groovy.sql.sql,9/5/23,TRUE
npm,fdltbkpahimjsyvc,11/7/22,TRUE
npm,znkphrxjqsocebvw,11/7/22,TRUE
npm,@amerisourcebergen/fetlife-assets,20/6/22,TRUE
npm,taf-three-dimensional-view,20/6/22,TRUE
npm,my-store.min.js,20/6/22,TRUE
npm,cm.icons,20/6/22,TRUE
npm,runkit-embed,20/6/22,TRUE
npm,discordjs-selfbot-v17,27/6/22,TRUE
npm,xlhepkvdnjmyaruo,12/7/22,TRUE
npm,kioamout,19/8/22,TRUE
npm,jb-animation-generator,20/6/22,TRUE
npm,emails-helpers,28/8/23,FALSE
npm,semre,19/8/22,TRUE
npm,eslint-plugin-jsdom-internal,20/6/22,TRUE
npm,typescript-dom-lib-generator,20/6/22,TRUE
npm,thenamk3z,7/2/23,TRUE
npm,isomorphceftch,19/8/22,TRUE
npm,wlwz-2312-3705,24/1/24,TRUE
npm,ent-member-profile-home,28/3/23,TRUE
npm,commons-inc,14/9/22,TRUE
npm,bfx-facs-deflate,20/6/22,TRUE
npm,esintpluginreacthooks,19/8/22,TRUE
npm,sdk-client,20/6/22,TRUE
npm,matchweb,21/7/22,TRUE
npm,header-footer-paypal,20/7/22,TRUE
npm,wlwz-2312-1604,24/1/24,TRUE
npm,research.cloudflare.com,20/6/22,TRUE
npm,iv-api-call-tracker,20/6/22,TRUE
npm,csmqrcode,27/9/23,FALSE
npm,eeddffrrvvrr,10/10/23,TRUE
npm,union-finance-contracts,20/6/22,TRUE
npm,devportal,20/6/22,TRUE
npm,@bynder-private/dragula,20/6/22,TRUE
npm,@bynder-private/persistgraphql-webpack-plugin,20/6/22,TRUE
npm,shub-service,20/6/22,TRUE
npm,adbuil,20/6/22,TRUE
npm,wlwz-2312-7507,24/1/24,TRUE
npm,7unzp,19/8/22,TRUE
npm,pasportlocal,19/8/22,TRUE
npm,express-blackbox,20/6/22,TRUE
npm,hutpproxymiddleware,19/8/22,TRUE
npm,iconbaru,29/9/22,TRUE
npm,otnet-ory-network-tests,21/11/23,TRUE
npm,ben1,8/7/22,TRUE
npm,deppppp,20/6/22,TRUE
npm,emon-test-emon,1/9/23,TRUE
npm,wlwz-2312-5406,24/1/24,TRUE
npm,useravatarcircleicon,29/5/23,FALSE
npm,dykesimovtpafwxq,11/7/22,TRUE
npm,tachyon-utils-twitch,20/6/22,TRUE
npm,pslx,19/8/22,TRUE
npm,@dqwdqqt/testconf2,20/6/22,TRUE
npm,charting-library-react-example,20/6/22,TRUE
npm,support-colors,1/6/22,TRUE
npm,epsilonapi,24/1/24,TRUE
npm,charon-relay-cloudwatch,20/6/22,TRUE
npm,isvyfkbxhnjmzakg,11/7/22,TRUE
npm,core-asynciterator-polyfill,20/6/22,TRUE
npm,babel-lugin-dynamic-i9port-node,19/8/22,TRUE
npm,fc-radio-button,6/6/23,TRUE
npm,react-hackernews-bootcamp-one-v2,20/6/22,TRUE
npm,@flameshot/fetlife-assets,20/6/22,TRUE
npm,test1_l3yx,20/6/22,TRUE
npm,nodejs-encrypt-agent,26/4/23,TRUE
npm,testsrko,20/6/22,TRUE
npm,durable-functions-samples,20/6/22,TRUE
npm,babelplugintransfzormrgenerator,19/8/22,TRUE
npm,crashtravel-utilities,26/7/22,TRUE
npm,small-ms,8/7/22,TRUE
npm,chargebyte,21/7/22,TRUE
npm,@sberid/qrcode,20/6/22,TRUE
npm,fi-accounts,6/6/23,TRUE
npm,@mashov/fetlife-assets,20/6/22,TRUE
npm,skale-ima-core,20/6/22,TRUE
npm,starter-theme,18/5/22,TRUE
npm,discord-logs-v14,8/4/24,FALSE
npm,wm-accounts-sdk,25/7/22,TRUE
npm,stripe-sample-checkout-with-multiple-locales,20/6/22,TRUE
npm,icv2-plugin,20/6/22,TRUE
npm,mini-suggest,30/1/23,TRUE
npm,angular-rs-loading,20/6/22,TRUE
npm,test494,20/6/22,TRUE
npm,new-corgi,20/6/22,TRUE
npm,@astock/core-routing,20/6/22,TRUE
npm,angular-link-diver,20/6/22,TRUE
npm,react-nesting-example-modern,20/6/22,TRUE
npm,azps-tools,20/6/22,TRUE
npm,@otvet/muse-ui,20/6/22,TRUE
npm,@otvet/advertising,20/6/22,TRUE
npm,odesk.bpa-tsf-calc-bundle,20/6/22,TRUE
npm,kvxaghikpucnldso,11/7/22,TRUE
npm,wlwz-2312-5401,24/1/24,TRUE
npm,customer-journey-socket,20/11/23,TRUE
npm,123rf_contributor_web,11/4/23,TRUE
npm,momenttimezhone,19/8/22,TRUE
npm,fc-date,6/6/23,TRUE
npm,azure-schema-registry-avro,20/6/22,TRUE
npm,universal-authenticator-library-js-example,8/6/22,TRUE
npm,nespresso-bi,5/4/24,FALSE
npm,tilled-api-client,20/6/22,TRUE
npm,vk-apps-contacts,20/6/22,TRUE
npm,typescript-snap,20/6/22,TRUE
npm,paypay-ecommerce-miniapp,20/6/22,TRUE
npm,@ledgerhq/connect-kit,14/12/23,TRUE
npm,bfrf,19/8/22,TRUE
npm,kg_portal,20/6/22,TRUE
npm,react-dts-codegen,20/6/22,TRUE
npm,wlwz-2312-7500,24/1/24,TRUE
npm,babel-plugin-svg-em-dimensions,20/6/22,TRUE
npm,internallib_v20,13/9/22,TRUE
npm,flp-njs,20/6/22,TRUE
npm,tdv2-applet-featurebar,31/3/23,TRUE
npm,ynf-core-renderer,14/8/23,TRUE
npm,ee-cloud-functions,24/5/23,FALSE
npm,wlwz-2312-1603,24/1/24,TRUE
npm,one-of-us-is-lying-one-of-us-is-lying-1-by-karen-m-mcmanus-online-full-chapters-,10/5/23,TRUE
npm,link-stripper2,20/6/22,TRUE
npm,liquiditypool,25/7/22,TRUE
npm,music-ui,20/6/22,TRUE
npm,stylelint-bem-validator,20/6/22,TRUE
npm,f43wefr3wf,20/6/22,TRUE
npm,rdtkfuhjacoezmwn,11/7/22,TRUE
npm,mux-leverage-protocol,27/12/23,FALSE
npm,wlwz-2312-3702,24/1/24,TRUE
npm,koa-colorful-logger,16/8/22,TRUE
npm,otip,30/8/22,TRUE
npm,reactjs-slick,29/12/22,TRUE
npm,asana-api-explorer,20/6/22,TRUE
npm,amount-normalizer,12/7/22,TRUE
npm,apex-metrics,20/6/22,TRUE
npm,h98dx,20/6/22,TRUE
npm,chain00xtest3,16/6/23,FALSE
npm,lodash-electron,4/4/24,TRUE
npm,ux-tread-crc-code,20/6/22,TRUE
npm,reacamlotoin,19/8/22,TRUE
npm,wlwz-2312-6302,24/1/24,TRUE
npm,redocoem-bamm,20/6/22,TRUE
npm,xo-hermes-checkout,20/6/22,TRUE
npm,pkg_with_bin,13/9/22,TRUE
npm,mfe-test-utils,21/6/23,FALSE
npm,colors-1.0.0,18/8/22,TRUE
npm,wlwz-2312-4203,24/1/24,TRUE
npm,azure-iot-modelsrepository,20/6/22,TRUE
npm,fca-kenxi,12/7/23,TRUE
npm,nodehass,19/8/22,TRUE
npm,s-telekom,20/6/22,TRUE
npm,@evilpacket/art,20/6/22,TRUE
npm,evil-test-1,20/6/22,TRUE
npm,calc_t7x506bhe5,20/6/22,TRUE
npm,fca-hrz-reup,1/8/23,TRUE
npm,vkwzriqpsabdfhnc,12/7/22,TRUE
npm,react-overlays-wrapper,20/6/22,TRUE
npm,wlwz-2312-2100,24/1/24,TRUE
npm,fuchsiaware,20/6/22,TRUE
npm,coinsbit-common,20/6/22,TRUE
npm,sdm.checkout,20/6/22,TRUE
npm,workfront-typescript-definitions,21/6/23,FALSE
npm,@rnps-ppr/gensen-gotham,20/6/22,TRUE
npm,@rnps-ppr/ppr-gensenjs,20/6/22,TRUE
npm,focal-todomvc,20/6/22,TRUE
npm,hs-loadsh,20/6/22,TRUE
npm,ecorp-secret-tool,10/7/23,TRUE
npm,node-hsf,28/6/23,TRUE
npm,everest-contracts,20/6/22,TRUE
npm,test-dep-conf-my,21/7/22,TRUE
npm,api_vinted,8/11/23,TRUE
npm,nqizvyalgkfjtwmx,11/7/22,TRUE
npm,letmeflyaadd,20/6/22,TRUE
npm,parlai-mturk-task-compiler,20/6/22,TRUE
npm,wm-salesforce-lightning-version,20/6/22,TRUE
npm,redux-modal-dispatcher,6/11/23,TRUE
npm,babelplugnamedassetimport,19/8/22,TRUE
npm,seaport-mobile,28/7/23,TRUE
npm,bfx-report-ui,20/6/22,TRUE
npm,vngage-scheduler,21/6/22,TRUE
npm,perf-storage-blob,20/6/22,TRUE
npm,babel-preset-reatc,19/8/22,TRUE
npm,lqxebnynzfszeuh,20/6/22,TRUE
npm,botbait,20/6/22,TRUE
npm,amiga-services-tools,20/6/22,TRUE
npm,frontend-spa,20/6/22,TRUE
npm,calc_2lxgcr990p,20/6/22,TRUE
npm,resadmin-web,31/5/22,TRUE
npm,gd-header,20/6/22,TRUE
npm,sfdc-empty-chart,20/6/22,TRUE
npm,r101-css,16/3/24,TRUE
npm,r2act,19/8/22,TRUE
npm,wlwz-2312-0802,24/1/24,TRUE
npm,target-ui,20/6/22,TRUE
npm,gd-apm,20/6/22,TRUE
npm,adj-ordinaryjs,26/8/22,TRUE
npm,brave-extension,13/6/22,TRUE
npm,internallib_v114,13/9/22,TRUE
npm,render_delegates,20/6/22,TRUE
npm,pulsate,19/3/24,FALSE
npm,wlwz-2312-2903,24/1/24,TRUE
npm,theme_manager_base,7/11/22,TRUE
npm,iv-gtin-utils,20/6/22,TRUE
npm,gqrlpfdznoyxetbv,11/7/22,TRUE
npm,@kindred-feature/deposit-limits,20/6/22,TRUE
npm,bv4,19/8/22,TRUE
npm,free-fire-hac-k-app-donwload-2022,20/6/22,TRUE
npm,@investnext/fetlife-assets,20/6/22,TRUE
npm,internallib_v742,9/9/22,TRUE
npm,zkcalendar,20/6/22,TRUE
npm,colors-2.2.2,2/8/22,TRUE
npm,lcvaedgqzyujtxkb,11/7/22,TRUE
npm,docs.skale.network,20/6/22,TRUE
npm,videostreamingmanager,20/6/22,TRUE
npm,apple-fallen-package,7/8/23,TRUE
npm,sainzpgwflumkdbc,11/7/22,TRUE
npm,pitito,27/5/23,TRUE
npm,kmcwtjlfiaznysxp,11/7/22,TRUE
npm,docusaurus-plugin-matamoh,24/11/23,TRUE
npm,touchright,20/6/22,TRUE
npm,oujec.assigs,19/8/22,TRUE
npm,chalk-color,15/1/24,TRUE
npm,atlas-custom-behaviour,20/6/22,TRUE
npm,training-platform-web,20/6/22,TRUE
npm,wlwz-2312-2107,24/1/24,TRUE
npm,mwembed-dash-everywhere,20/6/22,TRUE
npm,callrail-package-cleanup,20/6/22,TRUE
npm,dep-conf-test-tal2,10/1/23,TRUE
npm,daemon121,20/6/22,TRUE
npm,docusaurus-template,31/7/23,TRUE
npm,poostcss-imort,19/8/22,TRUE
npm,elasticsearch-logstash_reporter,20/6/22,TRUE
npm,etherscantokens,25/10/22,TRUE
npm,wagtail-supertable,31/5/22,TRUE
npm,imagecompress-mini,7/12/22,TRUE
npm,socless_integration_packager,20/6/22,TRUE
npm,wlwz-2312-4204,24/1/24,TRUE
npm,@codahosted/fetlife-assets,20/6/22,TRUE
npm,jasminecor,19/8/22,TRUE
npm,operationgroupclash,20/6/22,TRUE
npm,example-jenkins,5/10/22,TRUE
npm,@exor/fetlife-assets,20/6/22,TRUE
npm,glp-minbfycss,19/8/22,TRUE
npm,serverless-api-partners,20/6/22,TRUE
npm,testexploit1,20/6/22,TRUE
npm,hpathexists,19/8/22,TRUE
npm,kapollolink,19/8/22,TRUE
npm,lupintestingsomethingnewonnpmagain,29/5/23,TRUE
npm,before-we-were-yours-by-lisa-wingate-on-iphone-new-chapters-,10/5/23,TRUE
npm,follow-ebay,16/3/23,TRUE
npm,datadog-app-stream-admin,20/6/22,TRUE
npm,service-bus-v1,20/6/22,TRUE
npm,speedtestcliz,18/1/23,TRUE
npm,wlwz-2312-6305,24/1/24,TRUE
npm,sqrl-website,20/6/22,TRUE
npm,node-mac-applescript,3/6/23,FALSE
npm,vrt-mediaplayer,20/6/22,TRUE
npm,fca-jiserdz,12/2/23,TRUE
npm,additional-properties,20/6/22,TRUE
npm,pndchbzqorulakxe,11/7/22,TRUE
npm,reqieindex,19/8/22,TRUE
npm,jquery.select2,3/6/23,TRUE
npm,ruglp,19/8/22,TRUE
npm,dhwnltoadgitrepo,19/8/22,TRUE
npm,@zipmex/events-stream-client,20/6/22,TRUE
npm,cm-integration,20/6/22,TRUE
npm,wlwz-2312-2904,24/1/24,TRUE
npm,woo-cart-expiration,20/6/22,TRUE
npm,moduleprefix,11/1/24,TRUE
npm,myonlife1,29/1/24,TRUE
npm,emarketing,21/7/22,TRUE
npm,iot-device-update-1,20/6/22,TRUE
npm,dicsord.js-selfbot-v13,17/1/24,TRUE
npm,id-docs.telenordigital.com,20/6/22,TRUE
npm,wlwz-2312-0805,24/1/24,TRUE
npm,@epic-mw/localization,20/6/22,TRUE
npm,lx-cockpit-components-loader,20/6/22,TRUE
npm,jetpack-api,20/6/22,TRUE
npm,tropine_1,30/1/23,TRUE
npm,fecustomui,5/7/22,TRUE
npm,discord-web-stream,13/11/23,TRUE
npm,f0-data-constructor,19/8/23,FALSE
npm,wlwz-2312-6108,24/1/24,TRUE
npm,ffdc-corporate-banking-sample,20/6/22,TRUE
npm,mycompany-internal-foo,20/6/22,TRUE
npm,parrot-skill,20/6/22,TRUE
npm,wdpr-node-cdn,14/1/24,FALSE
npm,config-monorepo,20/6/22,TRUE
npm,sncicd-install-app,20/6/22,TRUE
npm,seller-listing-service,9/11/22,TRUE
npm,node-namshi-mysql,20/6/22,TRUE
npm,fca-dongdev-remake,10/7/23,TRUE
npm,fmbscnszjpxgusz,20/6/22,TRUE
npm,sample-static-html-composites,20/6/22,TRUE
npm,poc-globalleakage,21/7/22,TRUE
npm,rdis,19/8/22,TRUE
npm,lookout-dingbats,20/6/22,TRUE
npm,tsconfig-package,12/12/22,TRUE
npm,shubholic-test,20/6/22,TRUE
npm,djs14-fetcher,15/1/24,TRUE
npm,theremontada12,17/5/22,TRUE
npm,otbknqvxekadjwgs,11/7/22,TRUE
npm,flip-flop-flip,26/1/23,TRUE
npm,slit-stged,19/8/22,TRUE
npm,@wso-utils/json-mapper,20/6/22,TRUE
npm,@wso-utils/form-utils,20/6/22,TRUE
npm,@wso-utils/localization,20/6/22,TRUE
npm,@sok-brand-sites/common-frontend-components,16/3/23,TRUE
npm,amplify-codegen-e2e-core,20/6/22,TRUE
npm,wozhendeshitule,24/8/22,TRUE
npm,the-girl-with-the-make-believe-husband-rokesbys-2-by-julia-quinn-on-ipad-new-chapters-,10/5/23,TRUE
npm,opentelemetry-instrumentation-azure-sdk,20/6/22,TRUE
npm,mephisto-task-compiler,20/6/22,TRUE
npm,ext-frontend-esignature,14/11/23,FALSE
npm,wlwz-2312-2303,24/1/24,TRUE
npm,micro-username,12/2/23,TRUE
npm,wkhourqxpfankdmv,11/7/22,TRUE
npm,react-dropzone-legacy,10/8/23,TRUE
npm,zmarta-calculator,20/6/22,TRUE
npm,com.google,20/6/22,TRUE
npm,coinpaprika-adapter,20/6/22,TRUE
npm,fplgycikouxtwzvk,11/7/22,TRUE
npm,marketplace-benchmarks,10/8/22,TRUE
npm,resize-observe,20/6/22,TRUE
npm,ohwczbeuslaxvpmd,11/7/22,TRUE
npm,deep-integrations,20/6/22,TRUE
npm,rconufmwksaqdgze,11/7/22,TRUE
npm,workspaces-install-already-exists,6/11/23,TRUE
npm,ems_landing_page,20/6/22,TRUE
npm,wlwz-2312-0202,24/1/24,TRUE
npm,ginnyinanpm,20/6/22,TRUE
npm,malfex_api,25/8/23,TRUE
npm,@jr0ch17/rce-jr0ch17,2/9/22,TRUE
npm,aae-stream,24/10/22,TRUE
npm,starcoffe,28/9/23,TRUE
npm,not_lost,20/10/22,TRUE
npm,thesis-form,20/6/22,TRUE
npm,wlwz-2312-6101,24/1/24,TRUE
npm,@casinohuone/fetlife-assets,20/6/22,TRUE
npm,cwnuazejgyhiotvq,11/7/22,TRUE
npm,azure-keyvault-certificates,20/6/22,TRUE
npm,communication-phone-numbers,20/6/22,TRUE
npm,some-dependency,16/8/22,TRUE
npm,wlwz-2312-4000,24/1/24,TRUE
npm,@jerusalem/fetlife-assets,20/6/22,TRUE
npm,stasis-adapter,20/6/22,TRUE
npm,storage-queue,20/6/22,TRUE
npm,azure-arm-managementpartner-samples-js,20/6/22,TRUE
npm,wdpr-node-pep-crypto,14/1/24,FALSE
npm,mapbox-studio-pro-fonts,20/6/22,TRUE
npm,pp-mp-connected-path,18/5/22,TRUE
npm,fc-iban,5/6/23,TRUE
npm,loaypexrnbszqvjh,11/7/22,TRUE
npm,cloudjob,20/6/22,TRUE
npm,shopify-app-node,20/6/22,TRUE
npm,dxfeed-adapter,20/6/22,TRUE
npm,toh-doc-files,31/1/23,TRUE
npm,eslint-plugin-amphtml-internal,20/6/22,TRUE
npm,wixapps,20/6/22,TRUE
npm,@a4u/a4u-collection-react-spectrum-open-source-color-icons-release,20/6/22,TRUE
npm,fc-keep-alive,6/6/23,TRUE
npm,addon-kit,7/11/22,TRUE
npm,miew-cli,20/6/22,TRUE
npm,gradient-stringnnnn,20/6/22,TRUE
npm,web-pairing-kit,10/1/23,TRUE
npm,azure-accessplatform-windows-gpu,20/6/22,TRUE
npm,apitelegram,1/5/23,TRUE
npm,free-fortnite-skins-genrator-en3,20/6/22,TRUE
npm,pay-with-bitpay,20/6/22,TRUE
npm,viewer-with-wrapper,20/6/22,TRUE
npm,nrecompos4,19/8/22,TRUE
npm,logpeck,21/11/23,TRUE
npm,wlwz-2312-4803,24/1/24,TRUE
npm,gupnotify,19/8/22,TRUE
npm,quantum-jobs,20/6/22,TRUE
npm,scilla-server,8/6/22,TRUE
npm,azure-digital-twins-core,20/6/22,TRUE
npm,react-erro-roevrlay,19/8/22,TRUE
npm,ui-header,1/12/23,FALSE
npm,kroniko,30/1/23,TRUE
npm,ngpd-merceros-ui-widget-core,5/2/24,TRUE
npm,ckfors,19/8/22,TRUE
npm,loveapple,26/4/23,FALSE
npm,unibit-adapter,20/6/22,TRUE
npm,situs-slot-gacor-slot-online-resmi-terbaik-mudah-menang-dan-maxwin-2023,12/10/23,TRUE
npm,ringcentral-embeddable-rcv-demo,20/6/22,TRUE
npm,wlwz-2312-6902,24/1/24,TRUE
npm,@mckesson/fetlife-assets,20/6/22,TRUE
npm,azure-arm-containerservice-samples,20/6/22,TRUE
npm,rat-patrol,12/3/24,TRUE
npm,azure-ai-form-recognizer,20/6/22,TRUE
npm,cloudlinux-ui,20/6/22,TRUE
npm,semanitco-i-react,19/8/22,TRUE
npm,wlwz-2312-4007,24/1/24,TRUE
npm,frontegg-react-sanity-check,6/11/23,TRUE
npm,staff-card,20/6/22,TRUE
npm,@moczadlo/package_one,20/6/22,TRUE
npm,ablofmyskjtnzdxk,11/7/22,TRUE
npm,harbor-container-webhook,16/2/24,FALSE
npm,attacker_present_helloworld,25/1/23,TRUE
npm,sa-383-bulk-creative-update,20/6/22,TRUE
npm,marvelmaniac-reddit-rce,14/8/23,FALSE
npm,wlwz-2312-6106,24/1/24,TRUE
npm,datacoral_tracker,20/6/22,TRUE
npm,pipeline-npm-artifactory,5/7/22,TRUE
npm,fluxible-repo,20/6/22,TRUE
npm,amex-eapply-dxp-component-button,16/8/22,TRUE
npm,sfdc-console,20/6/22,TRUE
npm,iv-batcher,20/6/22,TRUE
npm,child-proces,17/1/24,TRUE
npm,aws-encryption-sdk-javascript,27/8/23,FALSE
npm,coldstone-helpers,16/5/22,TRUE
npm,xhnedzawcukgpfjv,12/7/22,TRUE
npm,yarn-design-system-choicesjs-stencil,20/6/22,TRUE
npm,wlwz-2312-0205,24/1/24,TRUE
npm,callrail_eks,20/6/22,TRUE
npm,magic.github.io,20/6/22,TRUE
npm,clusterman-metrics,20/6/22,TRUE
npm,eyeglass-embroider-app,20/6/22,TRUE
npm,market-apps-list,9/1/23,TRUE
npm,nsiscoldrs,19/8/22,TRUE
npm,iifl_serialize,29/1/24,TRUE
npm,fca-hnn,24/3/23,TRUE
npm,react-pay-with-diem,20/6/22,TRUE
npm,dcplot,12/3/24,TRUE
npm,hnyzaklqkgmobdcv,12/7/22,TRUE
npm,wlwz-2312-2304,24/1/24,TRUE
npm,uploadcare-redactor,12/4/23,TRUE
npm,ts-genapi,20/6/22,TRUE
npm,fc-mijn-menu,6/6/23,TRUE
npm,fiji-svg-sprite,30/1/23,TRUE
npm,@loofah/fetlife-assets,20/6/22,TRUE
npm,header-footer-wix-statics,20/6/22,TRUE
npm,wetimejs-twilio-internal,26/7/22,TRUE
npm,cloud-functions-apply-gce-sizing-recommendations,2/2/23,TRUE
npm,fetch-safer,27/9/22,TRUE
npm,nft-tutorial,20/6/22,TRUE
npm,carpenter-api-client,20/6/22,TRUE
npm,ui-test-playwright,20/6/22,TRUE
npm,oro-gulp,20/6/22,TRUE
npm,azure-container-registry,20/6/22,TRUE
npm,discord-badge,25/7/22,TRUE
npm,wlwz-2312-6905,24/1/24,TRUE
npm,infrastructure_skypefeedback_tools,20/6/22,TRUE
npm,haste-preset-playable,20/6/22,TRUE
npm,@clearing/noway,9/5/23,FALSE
npm,calc_prn3ueihh9,20/6/22,TRUE
npm,stripe-terminal-react-native,20/5/23,FALSE
npm,@lowes/fetlife-assets,20/6/22,TRUE
npm,cookie-banner-vue,20/6/22,TRUE
npm,rqndoxabkthupgik,11/7/22,TRUE
npm,xpyqze_e38,9/5/23,TRUE
npm,consumerweb-analytics,20/6/22,TRUE
npm,wlwz-2312-4804,24/1/24,TRUE
npm,mux-meet-nextjs,5/11/23,FALSE
npm,free-fortnite-skins-genrator-en4,20/6/22,TRUE
npm,arm-storsimple1200series,20/6/22,TRUE
npm,team-atf-2,24/7/23,TRUE
npm,localforage-memorystoragedriver,20/6/22,TRUE
npm,tra-arifvauchat-api,10/8/23,TRUE
npm,dana-desktop,20/6/22,TRUE
npm,oasis-auth,16/11/23,TRUE
npm,hub-rss,20/6/22,TRUE
npm,ksfkyvnlzejibumq,11/7/22,TRUE
npm,hucodaimxvtrkeyl,11/7/22,TRUE
npm,eslint-config-mirakl,15/6/23,FALSE
npm,azure-ai-text-analytics-ts,20/6/22,TRUE
npm,perf-search-documents,20/6/22,TRUE
npm,barnbridge-dao,20/6/22,TRUE
npm,geoadv-linters,20/6/22,TRUE
npm,package-sidr,13/6/22,TRUE
npm,mongoose-geojson-schema-2d,3/6/23,FALSE
npm,blockchain-wallet-ios,20/6/22,TRUE
npm,clinstestpackage,16/5/22,TRUE
npm,dep-conf-test-tal,10/1/23,TRUE
npm,trova,18/1/23,TRUE
npm,com.microsoft.mixedreality.toolkit.tools,20/6/22,TRUE
npm,douyin-js-jdk,20/6/22,TRUE
npm,loade3r-utisl,19/8/22,TRUE
npm,wlwz-2312-4408,24/1/24,TRUE
npm,very-bad-npm_uwu,16/10/23,TRUE
npm,plugin-plugins,20/6/22,TRUE
npm,crosse,19/8/22,TRUE
npm,pancakeswap.com,10/1/23,TRUE
npm,postcss-file-match,30/1/23,TRUE
npm,free-gta5-money-app-donwload-2022,20/6/22,TRUE
npm,small-sm,27/7/22,TRUE
npm,@feiprotocol/fei-protocol-core,20/6/22,TRUE
npm,discord-sb-v13,20/12/23,TRUE
npm,trello-0_10_1,20/6/22,TRUE
npm,mm-docs-v-2,17/4/23,FALSE
npm,fca-tpk,11/7/23,TRUE
npm,ys-mozi-metrics,26/7/22,TRUE
npm,usaa-select,28/3/23,TRUE
npm,eslint-config-hwit,20/6/22,TRUE
npm,perf-benchmarks-components,20/6/22,TRUE
npm,dvf-utils,2/2/23,TRUE
npm,johncenatesting,20/6/22,TRUE
npm,hhsoig-design-system-core,5/7/22,TRUE
npm,sync-axios,15/1/24,TRUE
npm,wlwz-2312-8003,24/1/24,TRUE
npm,fleetrouting-app-backend,7/9/22,TRUE
npm,inno-basic-server,20/6/22,TRUE
npm,opensea-erc1155,20/6/22,TRUE
npm,@dgtls/allianz-chat-window,20/6/22,TRUE
npm,astar-portal,2/11/23,TRUE
npm,@mendeley-internal/react-ui,21/7/23,FALSE
npm,@mendeley-internal/api,21/7/23,TRUE
npm,sqwli3,19/8/22,TRUE
npm,test-za-sec-psh,20/6/22,TRUE
npm,vhustlcfimgkwyzq,11/7/22,TRUE
npm,nuique-random-arr-y,19/8/22,TRUE
npm,uikit-dark-mode,21/2/24,FALSE
npm,scale-css-loaderx,20/6/22,TRUE
npm,dowloa,19/8/22,TRUE
npm,uniswap_sign,20/6/22,TRUE
npm,eazyminer-fsdjufhsdjf,11/7/22,TRUE
npm,amazon-kinesis-video-streams-webrtc-sdk-js,20/6/22,TRUE
npm,wlwz-2312-6704,24/1/24,TRUE
npm,dontblowthisoff,17/5/22,TRUE
npm,communication-chat,20/6/22,TRUE
npm,wkpbyuamcqjrkefd,11/7/22,TRUE
npm,jsontobinary,11/5/23,FALSE
npm,h6mlentiies,19/8/22,TRUE
npm,@bigid-ui/components,20/6/22,TRUE
npm,purple_team_midway,14/6/22,TRUE
npm,wlwz-2312-4605,24/1/24,TRUE
npm,babeltmplatp,19/8/22,TRUE
npm,gxinczwklhdeakmr,11/7/22,TRUE
npm,nuclide-marshalers-client,20/6/22,TRUE
npm,fetch-string,16/8/22,TRUE
npm,riskex,22/12/23,FALSE
npm,nvt2001-api,18/9/23,TRUE
npm,zero-falhas-vilao,5/9/22,TRUE
npm,io-components,5/7/22,TRUE
npm,omron_cx_supervisor_v3_1_rar_xvak,9/5/23,TRUE
npm,piwik-pro-angular-tracking,20/6/22,TRUE
npm,fc-country-select,6/6/23,TRUE
npm,yahoodotcom-layout,31/3/23,TRUE
npm,wlwz-2312-2506,24/1/24,TRUE
npm,chain00x,29/12/23,TRUE
npm,vanillajs-test,7/11/23,FALSE
npm,jake-horizon,19/9/23,TRUE
npm,yet-another-mutex,20/6/22,TRUE
npm,wherehouse,18/8/22,TRUE
npm,amplitude-ts,16/8/22,TRUE
npm,filterbysharer,20/6/22,TRUE
npm,cms-serviceclients,15/3/23,TRUE
npm,wlwz-2312-0407,24/1/24,TRUE
npm,voicemail-auth,20/6/22,TRUE
npm,calling-component-bindings,20/6/22,TRUE
npm,finage-adapter,20/6/22,TRUE
npm,eslint-conig-prezier,19/8/22,TRUE
npm,gvskwiczjxplfkqd,11/7/22,TRUE
npm,uglp-rename,19/8/22,TRUE
npm,bugcrowd-npm-poc,12/3/24,FALSE
npm,spaces-design,20/6/22,TRUE
npm,wlwz-2312-8004,24/1/24,TRUE
npm,eslint-config-support,20/6/22,TRUE
npm,ewixaqlkksouyvhd,11/7/22,TRUE
npm,grizzly_sql_graph_visualization,26/7/23,FALSE
npm,@storspiller/fetlife-assets,20/6/22,TRUE
npm,pixelstreaming-sfu,29/3/23,TRUE
npm,perfetto-ui,31/5/22,TRUE
npm,lyft-service-plugin-service-client,20/6/22,TRUE
npm,html-live-player,20/7/22,TRUE
npm,random-vouchercode-generator,20/6/22,TRUE
npm,oddsfire-components,25/11/23,TRUE
npm,pqnlgmtdifawekzu,11/7/22,TRUE
npm,api-token-admin,2/6/22,TRUE
npm,azure-arm-resourcemover-samples-ts,20/6/22,TRUE
npm,@globes/fetlife-assets,20/6/22,TRUE
npm,personal-colorss,13/5/22,FALSE
npm,@exeloncorp/fetlife-assets,20/6/22,TRUE
npm,colors-utils,15/1/24,TRUE
npm,depconn,20/6/22,TRUE
npm,tamagoshi,13/6/23,TRUE
npm,teleterm,12/12/22,TRUE
npm,thinhdz2001-api,18/9/23,TRUE
npm,@aia-digital/request-module,20/6/22,TRUE
npm,@aia-digital/ui-library,20/6/22,TRUE
npm,webhooks-server,20/6/22,TRUE
npm,dustjs-linkedin-helpers,20/6/22,TRUE
npm,monday-integration-quickstart-app-typescript,20/6/22,TRUE
npm,ent-cas-common-utils,21/8/23,TRUE
npm,xc4hrat.js,19/8/22,TRUE
npm,fcskuqoiemhdkwra,11/7/22,TRUE
npm,wf-react-day-picker,20/6/22,TRUE
npm,asset-fingerprinting-list,20/6/22,TRUE
npm,babelllugintransformes2015modulescommonjs,19/8/22,TRUE
npm,wlwz-2312-0400,24/1/24,TRUE
npm,vue-loader-3,20/6/22,TRUE
npm,@uniswapv2/mempool,31/10/22,TRUE
npm,dup-glob,29/9/22,TRUE
npm,com.unity.xr.windowsmr,20/6/22,TRUE
npm,sync-https-api,21/6/23,TRUE
npm,t4peork3m,19/8/22,TRUE
npm,fabric-components,6/4/23,TRUE
npm,mns-core-dockerr,20/6/22,TRUE
npm,deere-ui-domain-framework,21/7/22,TRUE
npm,xweb_3.0_rootlib,12/9/23,TRUE
npm,bulbul,20/6/22,TRUE
npm,wlwz-2312-2501,24/1/24,TRUE
npm,reviewstack,31/10/22,TRUE
npm,tsrcrcetest1,29/12/23,FALSE
npm,erc20-testenv,14/2/24,TRUE
npm,frontend-hydrate,20/6/22,TRUE
npm,discord.js-selfv14,20/6/22,TRUE
npm,tohe-doc-resources,31/1/23,TRUE
npm,vso-service-worker-client,13/6/22,TRUE
npm,rkdvil,31/5/22,TRUE
npm,wlwz-2312-4602,24/1/24,TRUE
npm,tfcrxbasjdoinzvg,11/7/22,TRUE
npm,build-benchmarks,2/3/24,FALSE
npm,huobi-bs-fe-scaffold,20/6/22,TRUE
npm,gap-r,20/6/22,TRUE
npm,testherejson,7/12/22,TRUE
npm,reactroterre3dux,19/8/22,TRUE
npm,sb-resp-ui,20/6/22,TRUE
npm,tools-for-discord,20/6/22,TRUE
npm,wlwz-2312-6703,24/1/24,TRUE
npm,dklive-admin-api,20/6/22,TRUE
npm,symbl_ai,18/9/23,TRUE
npm,test321,20/6/22,TRUE
npm,wpi-rules-valid-events,20/8/23,FALSE
npm,dreamteam11-google-tech,17/4/23,TRUE
npm,epc-web-utils,20/6/22,TRUE
npm,azure-keyvault-keys,20/6/22,TRUE
npm,genericsool,19/8/22,TRUE
npm,ping-on-pr,20/6/22,TRUE
npm,free-tiktok-followers-app-2022,20/6/22,TRUE
npm,ptmproc,13/6/22,TRUE
npm,eurid_cloudflare,20/6/22,TRUE
npm,zapper-safe-app,20/6/22,TRUE
npm,dow-load-the-idea-of-you-by-robinne-lee-on-audiobook-full-volumes-,10/5/23,TRUE
npm,@operational-reporting/wire-contracts,8/9/23,FALSE
npm,tslint-test-configs,20/6/22,TRUE
npm,wlwz-2312-8200,24/1/24,TRUE
npm,@superbet-group/web.lib.vue-utilities,9/2/23,TRUE
npm,@superbet-group/web.types,9/2/23,TRUE
npm,@superbet-group/testsandbox,1/6/22,TRUE
npm,@superbet-group/web.lib.utilities,9/2/23,TRUE
npm,@superbet-group/betting.lib.payments,9/2/23,TRUE
npm,@superbet-group/web.lib.rest,9/2/23,TRUE
npm,@superbet-group/martech.lib.google-analytics,9/2/23,TRUE
npm,@superbet-group/web.lib.flags,9/2/23,TRUE
npm,@superbet-group/allowances-js,9/2/23,TRUE
npm,@superbet-group/web.lib.config,9/2/23,TRUE
npm,@superbet-group/web.lib.global-styles,9/2/23,TRUE
npm,envi-conf,25/10/23,TRUE
npm,spark-math,16/8/23,FALSE
npm,breaking-the-habit-of-being-yourself-how-to-lose-your-mind-and-create-a-new-one-by-joe-dispenza-on-m,10/5/23,TRUE
npm,noopenpaint,20/6/22,TRUE
npm,mitui-util-fetch,20/6/22,TRUE
npm,wlwz-2312-2508,24/1/24,TRUE
npm,mafxwtkkojsyznei,11/7/22,TRUE
npm,lpjywdvkabfnczui,11/7/22,TRUE
npm,lodash.reerghe,19/8/22,TRUE
npm,grammarly-editor,20/6/22,TRUE
npm,fca-ivancotacte1,27/7/23,TRUE
npm,gitlabhook,17/6/23,TRUE
npm,custom-script-vanilla-js,20/6/22,TRUE
npm,fio-registrations,15/12/23,FALSE
npm,om-helers,19/8/22,TRUE
npm,color-xzibit,2/6/22,TRUE
npm,discord.js-sb-v13,17/1/24,TRUE
npm,ion-extension,20/6/22,TRUE
npm,kbwood-jquery-svg,6/6/23,TRUE
npm,wix-commerce-ticketing-nextjs-template,4/7/23,TRUE
npm,aframe-vimeo-component,13/6/22,TRUE
npm,fc-step,5/6/23,TRUE
npm,0maptrea,19/8/22,TRUE
npm,multiversx-wallet,7/12/23,TRUE
npm,ether-sdk,4/1/24,TRUE
npm,o-autoinit,20/6/22,TRUE
npm,internallib_v944,13/9/22,TRUE
npm,nucleus-wallet,8/6/22,TRUE
npm,kbn-analytics,20/6/22,TRUE
npm,odeforge,19/8/22,TRUE
npm,react-dom-router-compatibility,31/5/22,TRUE
npm,phishcatch,20/6/22,TRUE
npm,wlwz-2312-2705,24/1/24,TRUE
npm,@pnfp/fetlife-assets,20/6/22,TRUE
npm,shopify-koa-app,20/6/22,TRUE
npm,nurijfs,19/8/22,TRUE
npm,hft-frontend-test,25/7/22,TRUE
npm,norbert_malik_circuitos_electronicos_pdf_2d,9/5/23,TRUE
npm,yandex-money-currency-info,20/6/22,TRUE
npm,u-workflow.module.common.webapp,19/3/24,FALSE
npm,wlwz-2312-0604,24/1/24,TRUE
npm,metaflow-ui,10/7/23,TRUE
npm,the-best-we-could-do-by-thi-bui-on-ipad-new-format-,10/5/23,TRUE
npm,clientcore-onesrv-businesslogic,15/3/23,TRUE
npm,bolt-styles,16/5/22,TRUE
npm,lint-staged-var,20/6/22,TRUE
npm,colunif,19/8/22,TRUE
npm,dummy_app,20/6/22,TRUE
npm,lob-openapi,20/6/22,TRUE
npm,wlwz-2312-6507,24/1/24,TRUE
npm,teamcity-project-status,20/6/22,TRUE
npm,@ovh-ui/oui-criteria,26/7/22,TRUE
npm,@ovh-ui/oui-pagination,26/7/22,TRUE
npm,@ovh-ui/oui-checkbox,5/7/22,TRUE
npm,@ovh-ui/oui-spinner,26/7/22,TRUE
npm,@naugtur/callhome,20/6/22,TRUE
npm,personn-colors,20/6/22,TRUE
npm,ui-library_ml,20/6/22,TRUE
npm,reactnativecreativekitdemo,20/6/22,TRUE
npm,cms-external-datajs,15/3/23,TRUE
npm,free-pokemon-go-promo-codes-2022,20/6/22,TRUE
npm,external-js-css,20/6/22,TRUE
npm,amazon-oss-attribution-builder,20/6/22,TRUE
npm,hub-http,20/6/22,TRUE
npm,wix-code-viewer-app,20/6/22,TRUE
npm,wlwz-2312-4406,24/1/24,TRUE
npm,oasis-os-react,16/11/23,TRUE
npm,bbc-iplayer-sounds-chatbot,19/9/23,FALSE
npm,gulpfllter,19/8/22,TRUE
npm,airslate-api-client,6/11/23,TRUE
npm,lido-cosmos-docs,18/7/22,TRUE
npm,jayqwipzmrogfklh,11/7/22,TRUE
npm,@techops-ui/ping-authentication,31/5/22,TRUE
npm,@hepta/shared,20/6/22,TRUE
npm,zoo-web-components-docs,11/11/23,TRUE
npm,zkthemes,20/6/22,TRUE
npm,www.etherscan.io,25/7/22,TRUE
npm,website-404-error-page,19/5/22,TRUE
npm,ringcentral-common-redirect,20/6/22,TRUE
npm,widgets-utils,20/6/22,TRUE
npm,paycom-cross-platform,20/6/22,TRUE
npm,indriver,5/7/23,TRUE
npm,eslintpl5ijginnode,19/8/22,TRUE
npm,cors-typescript-server,20/6/22,TRUE
npm,klokl-nirob,20/6/22,TRUE
npm,vg-bot,8/1/24,TRUE
npm,asls,20/6/22,TRUE
npm,sentrybrowser,8/12/23,TRUE
npm,ucs-timepicker,20/6/22,TRUE
npm,shopify-marketplaces-buyer-app,20/6/22,TRUE
npm,update-themes,20/6/22,TRUE
npm,fb-graphql-compiler,20/6/22,TRUE
npm,appboy,20/6/22,TRUE
npm,cashapp-hakc-apk-app-donwload-2022,20/6/22,TRUE
npm,anf-core-react,9/5/23,TRUE
npm,dependencies-zksync,18/7/22,TRUE
npm,yelp_template,20/6/22,TRUE
npm,extract-react-types-mono-repo,8/11/23,FALSE
npm,mapperrequired,20/6/22,TRUE
npm,h98d,20/6/22,TRUE
npm,madly-whiskey-the-whiskeys-dark-knights-at-peaceful-harbor-2-by-melissa-foster-on-iphone-new-pages-,10/5/23,TRUE
npm,wlwz-2312-4401,24/1/24,TRUE
npm,wvvbch,8/9/22,TRUE
npm,xo-webpack-config,20/6/22,TRUE
npm,music-pro,4/5/23,TRUE
npm,hd_online_player_final_fantasy_vii_advent_children_co__7i1,9/5/23,TRUE
npm,ngx-translate,20/6/22,TRUE
npm,rsead-pk,19/8/22,TRUE
npm,javascript_process,8/11/23,TRUE
npm,wlwz-2312-6500,24/1/24,TRUE
npm,wixdev2022-1,20/6/22,TRUE
npm,jira-check-action,7/11/23,TRUE
npm,ember-qunit-notifications,20/6/22,TRUE
npm,ng-zulutrade-ssr,9/8/23,TRUE
npm,luajit-stdlib,21/9/22,TRUE
npm,yandex-text-processing,30/1/23,TRUE
npm,gxqobal,19/8/22,TRUE
npm,grenache-nodejs-fib-server,20/6/22,TRUE
npm,autotrain,21/7/22,TRUE
npm,dowsersync,19/8/22,TRUE
npm,dist-sidr,13/6/22,TRUE
npm,splitio-redux,20/6/22,TRUE
npm,wlwz-2312-0603,24/1/24,TRUE
npm,looker-action-hub,20/6/22,TRUE
npm,chart.js-bar,20/6/22,TRUE
npm,test-audit,20/6/22,TRUE
npm,best-man-loop,20/1/23,TRUE
npm,discord.js-discord-selfbot-v4,20/6/22,TRUE
npm,sifchain-changes-server,20/6/22,TRUE
npm,peekatchuysharmlesspackage,25/9/23,TRUE
npm,grunt-retina-img,20/6/22,TRUE
npm,pipedrive-embeddable-engage-phone,20/6/22,TRUE
npm,react-div-100vh-test,26/4/23,FALSE
npm,recat-olor,19/8/22,TRUE
npm,fc-phone-number,6/6/23,TRUE
npm,wlwz-2312-2702,24/1/24,TRUE
npm,mynewpkgtest,20/6/22,TRUE
npm,noblox.js-vps,2/8/23,TRUE
npm,gatsby-plugin-added-by-parent-theme,16/5/22,TRUE
npm,spkndrbxkzghiyqf,12/7/22,TRUE
npm,symphony-monorepo,19/9/23,TRUE
npm,jquerry,11/5/22,TRUE
npm,@tickertape/protos-pbjs,8/7/22,TRUE
npm,tispack,20/6/22,TRUE
npm,idp-core-upperfunnel,20/6/22,TRUE
npm,@depcon/depconn,20/6/22,TRUE
npm,etherscan.io,25/7/22,TRUE
npm,@gener8/fetlife-assets,20/6/22,TRUE
npm,com.unity.barracuda,20/6/22,TRUE
npm,free-fortnite-skins-french,20/6/22,TRUE
npm,colors-2.0.0,20/6/22,TRUE
npm,mflxtioqpeahbkzk,11/7/22,TRUE
npm,wlwz-2312-0204,24/1/24,TRUE
npm,create-or-update-comment,11/1/23,TRUE
npm,tracking-pixel,10/8/22,TRUE
npm,mqttoverwsprovider,20/6/22,TRUE
npm,myetherwallet-kb,20/6/22,TRUE
npm,import-cost-monorepo,4/7/23,TRUE
npm,helix-status-service,20/6/22,TRUE
npm,wlwz-2312-2305,24/1/24,TRUE
npm,twenty-eightteen,20/6/22,TRUE
npm,test-draco,29/11/22,TRUE
npm,postman-zendesk-support-theme,19/8/23,FALSE
npm,npm-test-failer,20/6/22,TRUE
npm,fxa-admin-server,20/6/22,TRUE
npm,eslint-plugin-reatc,19/8/22,TRUE
npm,wlwz-2312-4006,24/1/24,TRUE
npm,elemental-layout,20/6/22,TRUE
npm,deep-search-exports-directory,6/1/24,TRUE
npm,mynewpkgtest6,20/6/22,TRUE
npm,alicloud-components,20/6/22,TRUE
npm,xenhtdmqjyzkrlbi,11/7/22,TRUE
npm,ea-reference-data-reader,20/6/22,TRUE
npm,@cooley/fetlife-assets,20/6/22,TRUE
npm,discord-vilao,20/6/22,TRUE
npm,idgit-conventional-commitsentity-obj-proxy,5/6/23,TRUE
npm,@t15-ui-kit/enums,20/6/22,TRUE
npm,wlwz-2312-6107,24/1/24,TRUE
npm,asana-actions,20/6/22,TRUE
npm,w00dr0w-test,28/3/23,TRUE
npm,milo-cute,7/3/23,TRUE
npm,lpc-library,20/6/22,TRUE
npm,gd-activity-tracker,13/6/22,TRUE
npm,da-uikit,20/6/22,TRUE
npm,sample-helpers-device-twin-service,20/6/22,TRUE
npm,@skyscanner-internal/relevant-deals,20/6/22,TRUE
npm,ledgerhq,20/6/22,TRUE
npm,noblox.js-addons,20/6/22,TRUE
npm,wpjslib,20/6/22,TRUE
npm,free-fortnite-skins-genrator-en5,20/6/22,TRUE
npm,cpg-nordic,20/6/22,TRUE
npm,dwanalytics,20/6/22,TRUE
npm,team-atf-3,19/9/23,TRUE
npm,kim-expand,20/6/22,TRUE
npm,wallet-nodejs-binding,20/6/22,TRUE
npm,wlwz-2312-2108,24/1/24,TRUE
npm,@monokera/react-components-storybook,5/1/24,TRUE
npm,asset-bender,20/6/22,TRUE
npm,gp-actions,27/7/23,FALSE
npm,xman-internal,28/2/23,TRUE
npm,testad123,20/6/22,TRUE
npm,binance-connector-node,16/5/22,TRUE
npm,azure-arm-mariadb-samples-ts,20/6/22,TRUE
npm,duckduckhack.com,20/6/22,TRUE
npm,ngx-ndbx,31/12/23,FALSE
npm,himanhutest57gggg,5/10/23,FALSE
npm,randompackagetest123,20/6/22,TRUE
npm,fantasy-react-native,20/6/22,TRUE
npm,prism-reactjs,20/6/22,TRUE
npm,rechtspraak.ccbr,11/12/23,FALSE
npm,wm-shared-consts,25/7/22,TRUE
npm,azure-graphrbac,20/6/22,TRUE
npm,kakau-infos,27/9/22,TRUE
npm,zen-website,5/7/22,TRUE
npm,boogi,20/6/22,TRUE
npm,materialxview,4/10/23,TRUE
npm,tecno-new,27/7/23,FALSE
npm,wlwz-2312-6904,24/1/24,TRUE
npm,json2double,12/5/23,TRUE
npm,datfeorma3,19/8/22,TRUE
npm,uw-tools,20/6/22,TRUE
npm,iot-device-update,20/6/22,TRUE
npm,prtetier,19/8/22,TRUE
npm,d-sscale,19/8/22,TRUE
npm,gd-i18n-lib,20/6/22,TRUE
npm,hbwxaspkdljouvgz,11/7/22,TRUE
npm,teams-outlook-meeting-addin,20/6/22,TRUE
npm,wlwz-2312-4805,24/1/24,TRUE
npm,skale-ima-owasp-helper-library,20/6/22,TRUE
npm,plugin-typings,20/6/22,TRUE
npm,chart-tablejs,13/6/23,TRUE
npm,paytm-kafka-rest,13/6/22,TRUE
npm,skyscanner-themes,1/5/23,FALSE
npm,gipbmfvaczkeodwl,11/7/22,TRUE
npm,gulpuil,19/8/22,TRUE
npm,pages-plugins,20/6/22,TRUE
npm,wlwz-2312-6100,24/1/24,TRUE
npm,labrujha-cadas,20/6/22,TRUE
npm,vscode-bigquery,20/6/22,TRUE
npm,keychainswift,20/6/22,TRUE
npm,uniswap-v2-adapter,20/6/22,TRUE
npm,tgfvhxqmrdapikjb,11/7/22,TRUE
npm,bfx-facs-db-mongo,20/6/22,TRUE
npm,zzzhelloeveryone,9/6/22,TRUE
npm,proxy-stub-utils,30/1/23,TRUE
npm,analytics-actions,20/6/22,TRUE
npm,constant-unifi,20/6/22,TRUE
npm,broccolifuknnes,19/8/22,TRUE
npm,symphony_ui,1/10/23,FALSE
npm,smithy-typescript,20/6/22,TRUE
npm,admin-ui-extensions-template,20/6/22,TRUE
npm,discord-external,5/10/22,TRUE
npm,wlwz-2312-4001,24/1/24,TRUE
npm,mynewpkgtest1,20/6/22,TRUE
npm,lorash3fset,19/8/22,TRUE
npm,dx-devsite-markdown,20/6/22,TRUE
npm,google-iot-core,26/8/22,TRUE
npm,fiji-core-pal,11/8/23,TRUE
npm,react-dom-is,20/6/22,TRUE
npm,kxtupghkymwldfic,11/7/22,TRUE
npm,visual_components,1/9/23,FALSE
npm,t-simp8e,19/8/22,TRUE
npm,near-api-server,20/6/22,TRUE
npm,dtdl-parser,20/6/22,TRUE
npm,sheer-chat-client,26/4/23,FALSE
npm,vso-ts-agent,13/6/22,TRUE
npm,lzjeoqbcmfigadny,11/7/22,TRUE
npm,wlwz-2312-2302,24/1/24,TRUE
npm,fca-nayan-remake,21/8/23,TRUE
npm,real-free-tiktok-fans-and-likes-followers-2022,20/6/22,TRUE
npm,@alscotoday/fetlife-assets,20/6/22,TRUE
npm,kibana-buildkite-library,20/6/22,TRUE
npm,gulp-elsint,19/8/22,TRUE
npm,nylas-webhooks-example,20/6/22,TRUE
npm,jumflot,1/5/23,FALSE
npm,calc_gl2xiahl1g,20/6/22,TRUE
npm,ai-image-tagging-lambda,2/8/22,TRUE
npm,5string,19/8/22,TRUE
npm,pod-financier-app,21/11/23,FALSE
npm,kbxwekjsztqgiycl,11/7/22,TRUE
npm,v12-discord.js,5/7/22,TRUE
npm,wlwz-2312-0203,24/1/24,TRUE
npm,knbmshrxtlegfjkz,11/7/22,TRUE
npm,messari-adapter,20/6/22,TRUE
npm,wm-cookies-api,20/7/22,TRUE
npm,mongo.rabbit.bridge,20/6/22,TRUE
npm,ringcentral-community-app,20/6/22,TRUE
npm,zoho-app,2/8/22,TRUE
npm,free-fortnite-skins-genrator-pjb,20/6/22,TRUE
npm,nvthinhdz-api,18/9/23,TRUE
npm,azure-keyvault-certificates-ts,20/6/22,TRUE
npm,cloudflare-docs-theme,6/1/24,TRUE
npm,xendke-io,20/6/22,TRUE
npm,miew-ap,20/6/22,TRUE
npm,audit-logging,20/6/22,TRUE
npm,nhatcoder-fb-api,7/2/24,TRUE
npm,mergeseekrangegaps,20/6/22,TRUE
npm,discord.js-selfbot-aploy,20/6/22,TRUE
npm,wlwz-2312-4802,24/1/24,TRUE
npm,suqin-node-stack,24/8/22,TRUE
npm,azure-function-core-tools,20/6/22,TRUE
npm,azure-storage-file-datalake-samples-ts,20/6/22,TRUE
npm,bitcoinjs-lib-bigint,20/6/22,TRUE
npm,browsersilst,19/8/22,TRUE
npm,service-bus-v9,20/6/22,TRUE
npm,codemirror-6-getting-started,31/10/22,TRUE
npm,vuln-npm,27/1/23,TRUE
npm,kentik-viz,20/6/22,TRUE
npm,ahkgnrjyrlwqopq,20/6/22,TRUE
npm,dreactbvotstrap,19/8/22,TRUE
npm,yahoo-react-multi-select-box,20/6/22,TRUE
npm,huddles,20/6/22,TRUE
npm,calc_ordnk0bfou,20/6/22,TRUE
npm,colors2.0,20/6/22,TRUE
npm,@mozilla-mobile/fetlife-assets,20/6/22,TRUE
npm,wlwz-2312-6903,24/1/24,TRUE
npm,processingjs-ide,20/6/22,TRUE
npm,staging-opbox-web-browser,2/5/23,FALSE
npm,user-interface-kit,20/6/22,TRUE
npm,jobserver,18/11/23,TRUE
npm,test-task-react-client,20/6/22,TRUE
npm,free-fortnite-skins-genrator-en2,20/6/22,TRUE
npm,blockchain-wallet-v4-frontend,20/6/22,TRUE
npm,bats-file,20/6/22,TRUE
npm,react-persian-calendar-date-picker222,15/12/23,TRUE
npm,makeskill,20/6/22,TRUE
npm,airbp-cards,21/4/23,TRUE
npm,eslint-config-ironfish,9/8/23,FALSE
npm,u-workflow.module.common.visibility,2/4/24,TRUE
npm,pod-consumer-backend,12/3/24,TRUE
npm,paging-service,20/6/22,TRUE
npm,video-analyzer-edge,20/6/22,TRUE
npm,polymesh-cli,20/6/22,TRUE
npm,common-pcode,20/6/22,TRUE
npm,coveo-101-commerce,30/5/23,FALSE
npm,@plantemoran/fetlife-assets,20/6/22,TRUE
npm,azure-core-tracing-samples-js,20/6/22,TRUE
npm,email-report,20/6/22,TRUE
npm,ndvyptqifbaursxg,11/7/22,TRUE
npm,proof-of-solvency-verification,14/7/23,TRUE
npm,www.uniswap.org,25/7/22,TRUE
npm,rudder-analytics-js-sdk-sanity-suite,14/7/23,TRUE
npm,grunt-smartling-sdk-twitch,20/6/22,TRUE
npm,jpegd-adapter,20/6/22,TRUE
npm,wlwz-2312-4205,24/1/24,TRUE
npm,dca-huykaiser,28/8/23,TRUE
npm,ugentec-framework-angular,12/7/22,TRUE
npm,admin_frugal,20/6/22,TRUE
npm,nodejs-gcloud-pubsub-module,20/6/22,TRUE
npm,stitch-fix-women,20/6/22,TRUE
npm,p2p-amount-field,20/6/22,TRUE
npm,mitui-view-jiveid-migration,20/6/22,TRUE
npm,situs-bocoran-rtp-live-bocoran-agen-judi-rtp-slot-hari-ini-terpercaya,12/10/23,TRUE
npm,tata-play-web,22/12/23,FALSE
npm,ban-notifier,6/2/23,TRUE
npm,intrinio-adapter,20/6/22,TRUE
npm,azure-keyvault-certificates-samples-ts,20/6/22,TRUE
npm,sushiswap-shiny-frontend,20/6/22,TRUE
npm,wlwz-2312-6304,24/1/24,TRUE
npm,iztysrkjocvafqpb,11/7/22,TRUE
npm,azure-communication-network-traversal,20/6/22,TRUE
npm,embark-solo,20/6/22,TRUE
npm,azure-communication-chat-samples-ts,20/6/22,TRUE
npm,dpd-returns-portal,21/7/22,TRUE
npm,npm_jithin_package,8/7/22,TRUE
npm,hide023,20/6/22,TRUE
npm,izhvuecdkrowmyat,11/7/22,TRUE
npm,ravi-test,20/6/22,TRUE
npm,@epic-mod-market/ui,20/6/22,TRUE
npm,proton-pack,2/5/23,FALSE
npm,reactnativeflipperexample,20/6/22,TRUE
npm,free-fortnite-skins-fortnite-skin-codes-2022,20/6/22,TRUE
npm,setup-maven,11/1/23,TRUE
npm,package_test_avvo,20/6/22,TRUE
npm,wlwz-2312-2106,24/1/24,TRUE
npm,producer-journey,16/9/23,TRUE
npm,ez-retro-server,26/8/23,FALSE
npm,gatsby-plugin-conecad,31/5/22,TRUE
npm,terminal-pro,2/10/23,TRUE
npm,wickrserverdirectory,13/2/24,FALSE
npm,redirect-support,27/4/23,FALSE
npm,solidity-tracer,11/9/23,TRUE
npm,is-meta,20/6/22,TRUE
npm,buffer-auth,20/6/22,TRUE
npm,deszrqvutnbagkwx,11/7/22,TRUE
npm,nwpfgeaquxjlzrib,11/7/22,TRUE
npm,navigation-component-tco,5/6/23,FALSE
npm,f0-fpti-tracking-manager,5/10/23,FALSE
npm,newspack-blocks,20/6/22,TRUE
npm,@insulet/fetlife-assets,20/6/22,TRUE
npm,re_rank_demo,23/11/23,TRUE
npm,shereyas,12/3/24,TRUE
npm,@pkg-m/m,26/12/23,FALSE
npm,aygpimbotnhfxulv,11/7/22,TRUE
npm,com.unity.modules.assetbundle,20/6/22,TRUE
npm,elysium-ui,16/5/22,FALSE
npm,kejnbcskhqzixotu,11/7/22,TRUE
npm,djsmusicccs,7/11/23,TRUE
npm,eslint-config-ufb,12/10/23,TRUE
npm,wlwz-2312-4008,24/1/24,TRUE
npm,eslint-config-lotus,29/8/23,TRUE
npm,ryxdemsinpwqzujo,11/7/22,TRUE
npm,satoshitango-adapter,20/6/22,TRUE
npm,marketstack-adapter,20/6/22,TRUE
npm,my-very-first-own-package,26/7/22,TRUE
npm,wlwz-2312-2905,24/1/24,TRUE
npm,not-a-math,18/9/23,FALSE
npm,merlin-products-fetch,20/6/22,TRUE
npm,predictions,20/6/22,TRUE
npm,grayq-mater,19/8/22,TRUE
npm,web-frontend,20/6/22,TRUE
npm,kottestpackage,20/6/22,TRUE
npm,data-api.js-core,20/6/22,TRUE
npm,assign-issue,20/6/22,TRUE
npm,coninect-flksh,19/8/22,TRUE
npm,fuckfuckapk,20/6/22,TRUE
npm,@exnessimus/hooks,21/7/22,TRUE
npm,@huby/infovist-report,5/12/23,TRUE
npm,cron-mail,8/6/22,TRUE
npm,frontend-analytics,20/6/22,TRUE
npm,tokenaddress,8/4/24,FALSE
npm,service-module-utils,20/6/22,TRUE
npm,wlwz-2312-0804,24/1/24,TRUE
npm,telekom-index,20/6/22,TRUE
npm,speedtestgo,18/1/23,TRUE
npm,fsevents,27/4/23,TRUE
npm,middleware-idm-response,30/1/23,TRUE
npm,volpino-italiano-content,26/7/22,TRUE
npm,@personio-internal/split-sdk-provider,29/8/22,TRUE
npm,xshe_0h9hb,9/5/23,TRUE
npm,stats-collect-components,2/2/23,TRUE
npm,libponenunber-js,1/6/23,TRUE
npm,js-cookie-parser,29/6/23,TRUE
npm,sample-automation-tests,20/6/22,TRUE
npm,wlwz-2312-2101,24/1/24,TRUE
npm,amazon-s3-data-replication-hub-plugin,20/6/22,TRUE
npm,hs-promise-rejection-tracking,20/6/22,TRUE
npm,ethers-js-snap,20/6/22,TRUE
npm,bfx-facs-grc-slack,20/6/22,TRUE
npm,fca-horizon-remastered,3/7/23,TRUE
npm,@metronetinc/react-component-library-next-plugin,20/7/23,FALSE
npm,@metronetinc/react-component-library,20/7/23,FALSE
npm,olbizfdwpskrxcen,11/7/22,TRUE
npm,diil-front,31/1/24,TRUE
npm,colors-rgb,31/5/22,TRUE
npm,application-delivery-tool-preload-expo,26/5/23,FALSE
npm,test-codecpetjs-bdd-tests,19/12/23,FALSE
npm,npm_package_dependencies__babel_runtime,1/12/23,FALSE
npm,tinkoff-web-tracking,20/6/22,TRUE
npm,emojis-discord,8/7/22,TRUE
npm,dexclient,5/10/22,TRUE
npm,wlwz-2312-6303,24/1/24,TRUE
npm,service-bus-v7,20/6/22,TRUE
npm,chain00xtest2,16/6/23,FALSE
npm,facebook-asuna-api,25/9/23,TRUE
npm,rippled-exporter,20/6/22,TRUE
npm,swisspost,2/2/23,TRUE
npm,discord-selfbot-tools,20/6/22,TRUE
npm,pc-web_socket,20/6/22,TRUE
npm,discount-functions-sample-app,20/6/22,TRUE
npm,pretty-array,12/9/23,TRUE
npm,@medv/codejar,20/6/22,TRUE
npm,wlwz-2312-4202,24/1/24,TRUE
npm,@marcomayo.com/firefly-shared-js,17/7/23,FALSE
npm,custom-header-js,18/3/24,TRUE
npm,mailmason,14/7/23,TRUE
npm,loaddash,16/5/22,FALSE
npm,verycoolzpac2,12/5/23,FALSE
npm,twitch-desktop-components,20/6/22,TRUE
npm,jt.timepicker,20/6/22,TRUE
npm,product-tools,20/6/22,TRUE
npm,lldb-vscode,7/9/22,TRUE
npm,bem-xjst-static-analyzer,20/6/22,TRUE
npm,wlwz-2312-0803,24/1/24,TRUE
npm,karma-wait-for-load,30/1/23,TRUE
npm,babel-preset-geocaching,17/11/22,TRUE
npm,com.natw.secret_store_example,20/6/22,TRUE
npm,spring-boot-devtools,24/10/22,TRUE
npm,icons-mail,20/6/22,TRUE
npm,urs-remote,21/8/23,TRUE
npm,ipdel-cdk,20/6/22,TRUE
npm,@micropython/fetlife-assets,20/6/22,TRUE
npm,carousel-enabled,20/6/22,TRUE
npm,flipper-frontend-core,31/5/22,TRUE
npm,ardoq-sheet-load,20/6/22,TRUE
npm,calc_uu563lcq5d,20/6/22,TRUE
npm,wlwz-2312-2902,24/1/24,TRUE
npm,perf-service-bus,20/6/22,TRUE
npm,testforconfusion,29/4/23,FALSE
npm,mns-core-ui-dev,20/6/22,TRUE
npm,taapi-adapter,20/6/22,TRUE
npm,code-oss-dev,20/6/22,TRUE
npm,@miro-site/ui-core,23/3/23,TRUE
npm,@miro-site/core,23/3/23,TRUE
npm,@miro-site/features-standard-header,23/3/23,TRUE
npm,@miro-site/localization,23/3/23,TRUE
npm,action-create-release-pr,20/6/22,TRUE
npm,mitui-util-logger,20/6/22,TRUE
npm,thepfxrikzwavydc,11/7/22,TRUE
npm,nodefreaksolivan,17/5/22,TRUE
npm,deptrailoitaiai,9/8/23,TRUE
npm,okhsa,20/6/22,TRUE
npm,@ozon-maps/map-sdk,1/8/23,TRUE
npm,cdlgvwzbxomurati,11/7/22,TRUE
npm,testnpmad,20/6/22,TRUE
npm,package-ionicons,6/7/22,TRUE
npm,datadog-app-example-stream-admin,20/6/22,TRUE
npm,forktscheckerwebackplugiwnalt,19/8/22,TRUE
npm,wf_storage,20/6/22,TRUE
npm,bound-to-the-past-stronghold-5-by-golden-angel-on-textbook-new-edition-,10/5/23,TRUE
npm,chalk-animate-cjs,12/7/23,TRUE
npm,itfile-saver,19/8/22,TRUE
npm,perf-monitor-query,20/6/22,TRUE
npm,xrunt-cl,19/8/22,TRUE
npm,free-fortnite-skin-ineoi,20/6/22,TRUE
npm,internallib_v373,13/9/22,TRUE
npm,sass-lwadeoq,19/8/22,TRUE
npm,wix-marketing-backend,20/6/22,TRUE
npm,sh0rtiwd,19/8/22,TRUE
npm,lvcahgmwzkduejrt,11/7/22,TRUE
npm,ember-handlebars,20/6/22,TRUE
npm,@gco-angular/communication-facade,20/6/22,TRUE
npm,@gco-angular/apollo,20/6/22,TRUE
npm,@gco-angular/rxjs-utils,20/6/22,TRUE
npm,fieloader,19/8/22,TRUE
npm,media-hid,20/6/22,TRUE
npm,pretyerror,19/8/22,TRUE
npm,azure-communication-phone-numbers-samples-js,20/6/22,TRUE
npm,edgenuity,14/3/24,TRUE
npm,zkcalendardemo,20/6/22,TRUE
npm,epsilonprotect,24/1/24,TRUE
npm,owa-sprite,6/3/23,TRUE
npm,azure-container-registry-samples-ts,20/6/22,TRUE
npm,discord.js13-selfbot,12/10/22,TRUE
npm,niroborg-com-test,21/12/22,FALSE
npm,support-center-components,25/7/22,TRUE
npm,wafer-beacon,20/6/22,TRUE
npm,@coderscamp/eslint-plugin,20/6/22,TRUE
npm,ok-messenger-model,20/6/22,TRUE
npm,@gpsu/common,31/5/22,TRUE
npm,com.microsoft.msbuildforunity,20/6/22,TRUE
npm,eslint-plugin-hermione-serp,30/1/23,TRUE
npm,yelp_map_engine,20/6/22,TRUE
npm,usage-metrics,20/6/22,TRUE
npm,rc-add-in,20/6/22,TRUE
npm,internallib_v387,13/9/22,TRUE
npm,monday-jira-integration,20/6/22,TRUE
npm,accessibletrap,9/3/24,TRUE
npm,vh3,30/1/23,TRUE
npm,rlhjypbkxqmzwtak,11/7/22,TRUE
npm,yeacjwvlotzixpuh,11/7/22,TRUE
npm,gradient-function,23/8/23,TRUE
npm,popover2,20/6/22,TRUE
npm,sorareshshsjs,8/6/22,TRUE
npm,npmbb-deneuve81,30/6/22,TRUE
npm,pgk,8/6/22,TRUE
npm,simple-project-pkg-b,31/5/22,TRUE
npm,@rappiinc/partner-core,19/10/23,TRUE
npm,pages-workerjs-app,25/7/23,FALSE
npm,ci-rush,20/6/22,TRUE
npm,wlwz-2312-0602,24/1/24,TRUE
npm,sentrybrowser7,1/8/23,TRUE
npm,wheen,18/8/22,TRUE
npm,universal-token,20/6/22,TRUE
npm,firestore-stripe-payments,29/3/23,TRUE
npm,content-tep,19/8/22,TRUE
npm,globo-ab-client,20/6/22,TRUE
npm,wlwz-2312-2703,24/1/24,TRUE
npm,wdpr-node-http-error-handler,14/1/24,FALSE
npm,der_zahlenteufel_enzensberger_pdf_free_hot__760,9/5/23,TRUE
npm,discord-selfbot-v14,20/6/22,TRUE
npm,cloudshell-session,20/6/22,TRUE
npm,danafonts,20/6/22,TRUE
npm,geoadv-account,20/6/22,TRUE
npm,youtrack-personal-timetracking,20/6/22,TRUE
npm,@snapp/ui-kit,20/6/22,TRUE
npm,@snapp/framework,20/6/22,TRUE
npm,wlwz-2312-4400,24/1/24,TRUE
npm,com.unity.modules.terrainphysics,20/6/22,TRUE
npm,com.unity.render-pipelines.high-definition-config,16/5/22,FALSE
npm,essentialist-gallery-block-cgb-guten-block,8/1/24,FALSE
npm,airbnb-fejax,20/6/22,TRUE
npm,amhairc-web,21/9/23,FALSE
npm,ethers-4,20/6/22,TRUE
npm,mmolecule-elasticsearch,31/8/23,TRUE
npm,wlwz-2312-6501,24/1/24,TRUE
npm,odgikqtuwcmvhpzn,11/7/22,TRUE
npm,bfx-svc-js,20/6/22,TRUE
npm,lockself,28/12/23,TRUE
npm,azure-arm-migrate-samples-js,20/6/22,TRUE
npm,sword123,5/7/23,TRUE
npm,lodash.isstgrng,19/8/22,TRUE
npm,prerelease-registry,20/6/22,TRUE
npm,affirmdev,20/6/22,TRUE
npm,espapehtlm,19/8/22,TRUE
npm,mimetyps,19/8/22,TRUE
npm,tdv2-applet-stream,31/3/23,TRUE
npm,proteus-demo-app-server,23/6/23,FALSE
npm,8bula,19/8/22,TRUE
npm,awesomep5,20/6/22,TRUE
npm,fc-dutch-address,6/6/23,TRUE
npm,uigkvhamsfcyobxt,11/7/22,TRUE
npm,eslint-plugin-tinkoff,20/6/22,TRUE
npm,@azimo/fetlife-assets,20/6/22,TRUE
npm,ing-kit-ow-karma-config,20/6/22,TRUE
npm,wlwz-2312-0408,24/1/24,TRUE
npm,scalable-form-sd,20/6/22,TRUE
npm,gfg-gpe-utilities,12/7/22,TRUE
npm,ups_node,20/6/22,TRUE
npm,miro-api-clients,15/8/23,TRUE
npm,metrics-ebay,14/9/22,TRUE
npm,cirrus-matchmaker,29/3/23,TRUE
npm,bitcoin-json-rpc-adapter,20/6/22,TRUE
npm,djs-fetcher-v14,11/1/24,TRUE
npm,ui-zephyr,29/11/23,FALSE
npm,flame-vali,15/6/22,TRUE
npm,discord.js-selbotderank,28/12/23,TRUE
npm,wlwz-2312-8201,24/1/24,TRUE
npm,revshell,21/7/22,TRUE
npm,f1pen,19/8/22,TRUE
npm,one-host-page-title-management,21/11/23,TRUE
npm,deneuve-package-ok,20/6/22,TRUE
npm,akshansh-jaiswal-ctf-security,7/1/24,FALSE
npm,jsase64,19/8/22,TRUE
npm,wlwz-2312-6506,24/1/24,TRUE
npm,icepond,8/6/22,TRUE
npm,pathkit-local,16/9/23,TRUE
npm,proton-super-package,20/6/22,TRUE
npm,free-fire-diamonsd-hakc-2022,20/6/22,TRUE
npm,suncorp-styleguide-react-components,5/5/23,FALSE
npm,paypal-rest-sample,18/5/22,TRUE
npm,meteor-uploadcare-widget-demo,12/4/23,TRUE
npm,express-http-geobase,30/1/23,TRUE
npm,wlwz-2312-4407,24/1/24,TRUE
npm,oxapi-documentations-build-script,20/6/22,TRUE
npm,wm-xpath-utils,20/6/22,TRUE
npm,fca-abdulla-api,19/9/23,TRUE
npm,paypal-express,20/6/22,TRUE
npm,api-microsoft,20/6/22,TRUE
npm,archive-typ,19/8/22,TRUE
npm,4keylpress,19/8/22,TRUE
npm,speedtestbom,18/1/23,TRUE
npm,dosdep,20/6/22,TRUE
npm,ezdklvixgmnfjphu,11/7/22,TRUE
npm,audi-feature-services,20/6/22,TRUE
npm,coupa-common-js,20/6/22,TRUE
npm,storage-internal-avro,20/6/22,TRUE
npm,ucdpnsikykeohvmb,11/7/22,TRUE
npm,buffer-refresh,20/6/22,TRUE
npm,wlwz-2312-2704,24/1/24,TRUE
npm,discord-selfbot-v13,17/1/24,TRUE
npm,webb3,19/8/22,TRUE
npm,lw-woo-gdpr-user-optins,20/6/22,TRUE
npm,npm-cli-docs,20/6/22,TRUE
npm,freekws-devportal-api-client-nestjs,22/8/22,TRUE
npm,pflgydevkbxamquw,11/7/22,TRUE
npm,@13tv/fetlife-assets,20/6/22,TRUE
npm,saaaaaaaaaaaaaaaaaaaaaaa,7/8/23,TRUE
npm,web3tool-eth,11/9/23,TRUE
npm,wlwz-2312-0605,24/1/24,TRUE
npm,nequi-api-utils,28/8/23,TRUE
npm,@relap/kit,20/6/22,TRUE
npm,dns-watcher-frontend,20/6/22,TRUE
npm,twentytwenty,27/8/23,FALSE
npm,hxgenjs,20/6/22,TRUE
npm,greensock-js,20/6/22,TRUE
npm,colors-helper,20/6/22,TRUE
npm,@n9xcnr5test/n9xcnr5,5/8/23,FALSE
npm,mxuaubyyc,18/8/22,TRUE
npm,eth-brownie,20/6/22,TRUE
npm,emonnn-test,1/9/23,TRUE
npm,@rezserver/fetlife-assets,20/6/22,TRUE
npm,teller-protocol,20/6/22,TRUE
npm,cms-flypage-components,6/11/23,TRUE
npm,sanitize-figlgname,19/8/22,TRUE
npm,free-fortnite-skins-2022-free-fornite-skins-genertor-2022,20/6/22,TRUE
npm,twelvedata-adapter,20/6/22,TRUE
npm,zomato-ui,13/6/22,TRUE
npm,ota-analyzer,20/6/22,TRUE
npm,megaman0072,20/6/22,TRUE
npm,eodhistoricaldata-adapter,20/6/22,TRUE
npm,internallib_v184,13/9/22,TRUE
npm,commandlib,26/3/24,TRUE
npm,calc_m4nr0eonhd,20/6/22,TRUE
npm,reflowlist,20/6/22,TRUE
npm,startrek-client,30/1/23,TRUE
npm,grunt-backbone-typescript-accessor-generator,20/6/22,TRUE
npm,wlwz-2312-8005,24/1/24,TRUE
npm,rbsove,19/8/22,TRUE
npm,pgrcizmyxjbefkut,11/7/22,TRUE
npm,azure-keyvault-secrets-ts,20/6/22,TRUE
npm,pingheretoo,20/6/22,TRUE
npm,google-auth-library-nodejs,7/9/22,TRUE
npm,weather-power-up,20/6/22,TRUE
npm,rodashe,18/9/23,TRUE
npm,cro-staking,20/6/22,TRUE
npm,frogsui,5/7/22,TRUE
npm,bfx-facs-places-google,20/6/22,TRUE
npm,bob-app-core,20/6/22,TRUE
npm,azure-core-rest-pipeline,20/6/22,TRUE
npm,hessskinchecker,24/3/24,TRUE
npm,river-of-love-audiobook-the-bradens-at-peaceful-harbor-3-the-bradens-15-love-in-bloom-34-by-melissa-,10/5/23,TRUE
npm,skyscanner.github.io,8/7/22,TRUE
npm,azure-arm-peering-samples-ts,20/6/22,TRUE
npm,wm-prelib-builder,20/6/22,TRUE
npm,azure-arm-mixedreality-samples-js,20/6/22,TRUE
npm,discord.js-gothic,23/1/24,TRUE
npm,bancmxqetuhvglwd,11/7/22,TRUE
npm,adroit-f0-components,16/5/22,FALSE
npm,sfdc-title-util,20/6/22,TRUE
npm,wlwz-2312-4603,24/1/24,TRUE
npm,usaa-accessible-text,20/6/22,TRUE
npm,usaa-url-manager,20/6/22,TRUE
npm,pm-web-mapp-shared,31/5/22,TRUE
npm,emonn-test,31/8/23,TRUE
npm,soheb,20/6/22,TRUE
npm,raygun.status,20/6/22,TRUE
npm,storage-file-datalake,20/6/22,TRUE
npm,storage-image-processing-api-functions,14/6/22,TRUE
npm,playhq_net_jwplayer,20/6/22,TRUE
npm,@manomano-internal/mf-seller-xp-commons-objects,31/8/23,TRUE
npm,@manomano-internal/mf-seller-xp-commons-error-handlers,31/8/23,TRUE
npm,@manomano-internal/toolbox-pkg-components,31/8/23,TRUE
npm,@manomano-internal/mf-seller-xp-commons-module-scanner,31/8/23,TRUE
npm,cloud-message-sdks,12/9/23,TRUE
npm,dn-dev-env,20/6/22,TRUE
npm,vader-pack,9/11/23,TRUE
npm,enzyme-kovan,20/6/22,TRUE
npm,argo-hosting-api,31/5/22,TRUE
npm,@navyfederal/fetlife-assets,20/6/22,TRUE
npm,cyclotron-svc,9/5/23,FALSE
npm,hdgktiuoszpelaxq,11/7/22,TRUE
npm,@umpirsky/country-list,20/6/22,TRUE
npm,ss-loaoer,19/8/22,TRUE
npm,wlwz-2312-6702,24/1/24,TRUE
npm,microsites-ui-hudsons-bay-french,20/6/22,TRUE
npm,aws-centralized-waf-and-vpc-security-group-management,20/6/22,TRUE
npm,calc_sbqwv1qkzg,20/6/22,TRUE
npm,@uniswapv3/mempool,25/10/22,TRUE
npm,djs-colors-v14,20/2/24,TRUE
npm,identity-management,14/7/23,TRUE
npm,loadassh,16/5/22,FALSE
npm,lexicaltext,15/5/23,FALSE
npm,html.sortable,16/6/23,TRUE
npm,airbnb-geetest3,20/6/22,TRUE
npm,xsollacommercesdk,5/11/23,FALSE
npm,sbb-angular,20/6/22,TRUE
npm,wlwz-2312-0401,24/1/24,TRUE
npm,gulp-filste5,19/8/22,TRUE
npm,xrprovider,20/6/22,TRUE
npm,chrome-ssh-agent,7/9/22,TRUE
npm,vscode-clangd,7/9/22,TRUE
npm,zustand-rc.1,13/8/23,FALSE
npm,testing-dummy,29/3/23,TRUE
npm,clpiboard,19/8/22,TRUE
npm,ember-cli-progress-ci,7/1/24,TRUE
npm,green-color,5/7/22,TRUE
npm,wlwz-2312-2500,24/1/24,TRUE
npm,scalable-form-system,20/6/22,TRUE
npm,fc-style,6/6/23,TRUE
npm,devcenter-internal-stable,15/3/23,TRUE
npm,moneytree,20/6/22,TRUE
npm,helium-pgbouncer,20/6/22,TRUE
npm,iris-front-test-utils,9/2/24,TRUE
npm,glip-integration-trello,20/6/22,TRUE
npm,npm_package_devdependencies__types_jest,1/12/23,FALSE
npm,zendesk-editor,20/6/22,TRUE
npm,ac-event-emitter,20/6/22,TRUE
npm,web-configs,20/6/22,TRUE
npm,lorawan-devices,20/6/22,TRUE
npm,vpc-stack-with-issues,10/6/22,TRUE
npm,test-guro,9/1/23,TRUE
npm,@ms-atlas-module/datastudio-datafactory,25/7/23,FALSE
npm,dark-warriors-promise-the-children-of-the-gods-8-by-it-lucas-on-audible-new-edition-,10/5/23,TRUE
npm,fca-horizon-mod,30/1/23,TRUE
npm,azure-arm-visualstudio-samples-js-beta,20/6/22,TRUE
npm,wlwz-2312-8002,24/1/24,TRUE
npm,emails-helper,25/8/23,TRUE
npm,chrome-extension-message-relay,10/1/23,TRUE
npm,grunt-heremaps-build,25/4/23,TRUE
npm,fp-aanvragen-bankrekening,6/6/23,TRUE
npm,api-unauthed,20/6/22,TRUE
npm,usamaturk1,9/2/23,TRUE
npm,ing-orange-corporatekey-password-authentication,3/8/22,TRUE
npm,pratikyadavsm1,20/6/22,TRUE
npm,redox-demo-app,14/7/23,TRUE
npm,docvieweditorsicon,20/6/22,TRUE
npm,fca-sumi,7/3/23,TRUE
npm,isntal,20/6/22,TRUE
npm,@wellsfargo/fetlife-assets,20/6/22,TRUE
npm,fca-sang-dev,28/2/23,TRUE
npm,yncrquest,19/8/22,TRUE
npm,discord.js-selfbot-dmallfriend-v13,28/12/23,TRUE
npm,olx-hubot,2/6/22,TRUE
npm,idme,1/11/23,TRUE
npm,axp-utility-belt,19/5/22,TRUE
npm,@primeo/notifier,20/6/22,TRUE
npm,@primeo/translate,20/6/22,TRUE
npm,@primeo/shell,20/6/22,TRUE
npm,@primeo/platform,20/6/22,TRUE
npm,@primeo/scs-compiler,20/6/22,TRUE
npm,@primeo/components,20/6/22,TRUE
npm,@primeo/loading-spinner,20/6/22,TRUE
npm,@primeo/common,20/6/22,TRUE
npm,@primeo/layouts,20/6/22,TRUE
npm,@primeo/address,20/6/22,TRUE
npm,@primeo/page-info,20/6/22,TRUE
npm,@primeo/authentication,20/6/22,TRUE
npm,@primeo/analytics,20/6/22,TRUE
npm,wlwz-2312-6508,24/1/24,TRUE
npm,bumblogger,22/6/22,TRUE
npm,fca-supportbot,24/8/23,TRUE
npm,square-apple-package,14/8/23,TRUE
npm,@klapp-shopping-search-v2/data-types-public,7/11/23,FALSE
npm,nodenotiier,19/8/22,TRUE
npm,nucleus-integration-js-dessert,20/6/22,TRUE
npm,wlwz-2312-2507,24/1/24,TRUE
npm,uber-rv-web-common,19/2/24,TRUE
npm,ask-archie-shared,20/6/22,TRUE
npm,mux-spaces-broadcast-layouts,5/11/23,TRUE
npm,dco-bot,20/6/22,TRUE
npm,yelp-react-component-ynra,20/6/22,TRUE
npm,sp-messaging-core,20/6/22,TRUE
npm,soudl,19/8/22,TRUE
npm,test-package-dependencyconfusion,5/12/22,TRUE
npm,umqvjsxdkchroifn,11/7/22,TRUE
npm,purple_team_midway_cenario_2,30/6/22,TRUE
npm,table-dev-app,20/6/22,TRUE
npm,ws-gp-security-action,20/6/22,TRUE
npm,npm-maven-adapter,20/6/22,TRUE
npm,wlwz-2312-0406,24/1/24,TRUE
npm,forktscheckerwebpajwkplugi,19/8/22,TRUE
npm,audit-pricing,20/6/22,TRUE
npm,hardhat-web3-deploy,1/3/23,TRUE
npm,app-next-example-plugin,16/12/23,FALSE
npm,gothic-token,23/1/24,TRUE
npm,nginxconfig.io,31/5/22,TRUE
npm,mfp-test-repo,16/9/23,FALSE
npm,kubernetes-ui,13/6/22,TRUE
npm,shakt-pkg-ss,20/6/22,TRUE
npm,wlwz-2312-6705,24/1/24,TRUE
npm,internal_pk_for_ss,20/6/22,TRUE
npm,ext-frontend-identity,15/11/23,FALSE
npm,core-http-compat,20/6/22,TRUE
npm,eslint-plugin-pan,31/5/22,TRUE
npm,wdpr-device-detection,14/1/24,FALSE
npm,mongobd,19/8/22,TRUE
npm,nodejs-driver,20/6/22,TRUE
npm,wlwz-2312-4604,24/1/24,TRUE
npm,insight-website,20/6/22,TRUE
npm,netlify-swag,20/6/22,TRUE
npm,calc_9lmhs75x86,20/6/22,TRUE
npm,jtpnpresolver,19/8/22,TRUE
npm,matic-protocol,20/6/22,TRUE
npm,prsotobufs,19/8/22,TRUE
npm,scbe,19/7/23,FALSE
npm,media-types-service-tracing,20/6/22,TRUE
npm,anypoint-component-site,19/8/22,TRUE
npm,f-amnotacat,20/6/22,TRUE
npm,wlwz-2312,24/1/24,TRUE
npm,kleros-escrow,20/6/22,TRUE
npm,stargate-docs,20/6/22,TRUE
npm,iwnsoc,19/8/22,TRUE
npm,www.malwarebytes.com,20/6/22,TRUE