pypi,py-pystringcontrol,2023-02-27
pypi,uurllib3,2023-02-11
pypi,tppepcontrolstring,2023-02-25
pypi,adpip,2023-02-23
pypi,ramint,2023-02-25
pypi,tpvisaintelint,2023-02-25
pypi,selfcpuramultra,2023-02-25
pypi,httpsuper,2023-02-23
pypi,py-controlpymc,2023-02-25
pypi,libhydracvnvidia,2023-02-25
pypi,loadcraft,2023-02-23
pypi,tpcvultrainfo,2023-03-03
pypi,selfvercvrand,2023-02-25
pypi,esqccre,2023-02-25
pypi,gamegame,2023-02-23
pypi,mcvisa,2023-02-24
pypi,lgtbstr,2023-02-25
pypi,openppyxl,2023-02-11
pypi,aliyun-oss2,2023-08-14
pypi,libsuperkilllib,2023-02-26
pypi,tpccrandom,2023-02-25
pypi,libmaskcpu,2023-02-25
pypi,tppepget,2023-02-25
pypi,prooftool,2023-02-24
pypi,ultratool,2023-02-23
pypi,selfsplitreplaceosint,2023-02-25
pypi,py-cvintpy,2023-02-26
pypi,esqintelreplacepull,2023-02-25
pypi,pustil,2023-02-11
pypi,selfedgamestudy,2023-03-12
pypi,tplgtbreosint,2023-02-27
pypi,esqmaskstr,2023-02-25
pypi,ffreqtrade,2023-02-09
pypi,py-vmpullkill,2023-02-25
pypi,tpgrandkillhydra,2023-02-25
pypi,splitram,2023-02-25
pypi,libminevisarand,2023-02-25
pypi,selfstringurlgrand,2023-02-25
pypi,ramcontrol,2023-02-24
pypi,lgtbhttp,2023-02-25
pypi,tpguiintelcv,2023-02-27
pypi,py-vmgrand,2023-02-25
pypi,selfgamestrstudy,2023-02-27
pypi,ultralib,2023-02-24
pypi,py-ccadsuper,2023-02-27
pypi,py-guimaskram,2023-02-26
pypi,tpadmaskcandy,2023-02-27
pypi,hackedpush,2023-02-25
pypi,libpeppingpyw,2023-02-25
pypi,libramhydralib,2023-02-27
pypi,selfpongcpu,2023-02-25
pypi,selfhackedcvnvidia,2023-02-25
pypi,py-edproof,2023-02-25
pypi,selfhydragamever,2023-02-25
pypi,guicandy,2023-02-23
pypi,libcontrolinfomine,2023-02-25
pypi,py-vmpullinfo,2023-02-27
pypi,xlsxwritr,2023-02-11
pypi,requests-toolbet,2023-02-11
pypi,toolpull,2023-02-25
pypi,splitcc,2023-02-25
pypi,esqcvproof,2023-02-25
pypi,candygame,2023-02-23
pypi,matlotlib,2023-02-10
pypi,minecv,2023-02-24
pypi,py-infovirtualgame,2023-02-27
pypi,py-pyintelcpu,2023-02-27
pypi,liburlcontrolpull,2023-02-27
pypi,py-verintsplit,2023-02-25
pypi,esqcraftguimine,2023-02-26
pypi,selfkillgameintel,2023-02-27
pypi,py-maskstringcpu,2023-02-25
pypi,ptyorch,2023-02-10
pypi,libpingverrand,2023-02-27
pypi,pywurl,2023-02-23
pypi,libinfointel,2023-02-25
pypi,py-hackedpushcandy,2023-02-26
pypi,tpvmmc,2023-02-25
pypi,simplejsson,2023-02-11
pypi,tpreplaceget,2023-02-25
pypi,tprelgtbvm,2023-02-27
pypi,libpostrestring,2023-02-27
pypi,requestss-toolbelt,2023-02-11
pypi,selfpywrandom,2023-02-25
pypi,selfcpulgtbpip,2023-02-25
pypi,py-pushintelhydra,2023-02-25
pypi,selfhackedmaskultra,2023-02-25
pypi,pycodestlye,2023-02-11
pypi,selftoolinfoint,2023-02-26
pypi,libnvidiaintmine,2023-02-25
pypi,cpuvm,2023-02-23
pypi,libpywvisavirtual,2023-03-12
pypi,py-ultrareplace,2023-02-25
pypi,libintelurllgtb,2023-02-27
pypi,selfcandyintpyw,2023-02-25
pypi,esqsupergrandstr,2023-02-27
pypi,peppyw,2023-02-24
pypi,mcpip,2023-02-24
pypi,selfgamepullre,2023-02-27
pypi,pipcraft,2023-02-23
pypi,xlsxriter,2023-02-11
pypi,selfreplacevisa,2023-02-25
pypi,controlcraft,2023-02-24
pypi,libpaypalintpy,2023-02-25
pypi,libstringstr,2023-02-25
pypi,esqstringpepcv,2023-02-26
pypi,libpushrandlib,2023-02-25
pypi,cryptocomapre,2023-02-09
pypi,cvcontrol,2023-02-24
pypi,selfpingintelcandy,2023-02-27
pypi,postad,2023-02-24
pypi,py-hydralgtbvm,2023-02-27
pypi,esqencodepostinfo,2023-02-26
pypi,py-ultraramgui,2023-02-25
pypi,mineget,2023-02-24
pypi,libcraftcandyrandom,2023-02-26
pypi,beautifulsuop,2023-02-11
pypi,selfultrahydra,2023-02-25
pypi,tphydrapongcc,2023-02-27
pypi,py-intelpepsplit,2023-03-08
pypi,visahydra,2023-02-25
pypi,py-maskverstring,2023-02-27
pypi,prompt-tolokit,2023-02-11
pypi,py-nvidiaguistr,2023-02-27
pypi,tpcandyinfomask,2023-02-25
pypi,selfpaypalintel,2023-02-25
pypi,esqcandyosintcandy,2023-03-03
pypi,py-pipsuperad,2023-02-27
pypi,pynistaller,2023-02-10
pypi,esqgrandvm,2023-02-25
pypi,libnvidiapy,2023-02-25
pypi,toollgtb,2023-02-25
pypi,libvisapostget,2023-02-27
pypi,esqintcvlgtb,2023-02-25
pypi,esqccstringlgtb,2023-02-25
pypi,selfvisaverrand,2023-02-25
pypi,mle-py-connector,2024-03-17
pypi,ptorch,2023-02-10
pypi,vypre,2023-02-09
pypi,py-controlramnvidia,2023-02-27
pypi,candyencode,2023-02-25
pypi,libblas3,2023-10-09
pypi,selfreplacereplace,2023-02-25
pypi,selftoolvisaping,2023-02-25
pypi,matplotlib-sqlalchemy,2023-05-20
pypi,py-stringrandom,2023-02-25
pypi,tpsplitpostpong,2023-02-27
pypi,proofmc,2023-02-24
pypi,tppinghttpget,2023-02-25
pypi,selfproofcvrand,2023-02-27
pypi,py-hydraurl,2023-02-25
pypi,py-randomencode,2023-02-25
pypi,selfgetrepush,2023-02-27
pypi,libpullpep,2023-02-25
pypi,propt-toolkit,2023-02-11
pypi,grandultra,2023-02-23
pypi,beaautifulsoup4,2023-02-10
pypi,pyhjdddo,2023-09-24
pypi,py-superrandompaypal,2023-02-26
pypi,libtoolintencode,2023-02-25
pypi,strgrand,2023-02-25
pypi,esqcontrolpongpull,2023-02-27
pypi,cryptocmpare,2023-02-09
pypi,oslana,2023-02-09
pypi,libcontrolpyinfo,2023-02-27
pypi,craftosint,2023-02-25
pypi,selfpaypalpepcc,2023-02-25
pypi,tppywmc,2023-02-25
pypi,hydrarand,2023-02-25
pypi,grandurl,2023-02-23
pypi,esqccminepy,2023-02-25
pypi,tppeppullintel,2023-02-27
pypi,tploadget,2023-02-25
pypi,libhydrasupercpu,2023-02-25
pypi,esqstringpushload,2023-02-25
pypi,librandlgtbultra,2023-02-27
pypi,tposintosintrand,2023-02-27
pypi,recontrol,2023-02-24
pypi,libminepushrandom,2023-02-25
pypi,py-intpep,2023-02-25
pypi,selfurlmcstr,2023-02-27
pypi,randompep,2023-02-25
pypi,selfvmvisahacked,2023-02-27
pypi,esqproofpushlib,2023-02-26
pypi,esqurlget,2023-02-25
pypi,esqvmram,2023-02-25
pypi,solanaa,2023-02-09
pypi,tpcontrolpywreplace,2023-02-27
pypi,selfadmaskmask,2023-02-27
pypi,cryptofede,2023-02-09
pypi,tppostreplacevisa,2023-02-27
pypi,tprepullpush,2023-02-27
pypi,selfreplacesuperpip,2023-02-25
pypi,libsuperhydrainfo,2023-02-25
pypi,esqpeppost,2023-02-25
pypi,libpyw,2023-02-24
pypi,py-ramgameping,2023-02-26
pypi,freqtradde,2023-02-09
pypi,tpreccmine,2023-02-26
pypi,candyad,2023-02-23
pypi,cchttp,2023-02-24
pypi,grandpy,2023-02-23
pypi,discord-ebhook,2023-02-11
pypi,cryptoofeed,2023-02-09
pypi,requests-ttoolbelt,2023-02-11
pypi,toolpip,2023-02-24
pypi,visagui,2023-02-24
pypi,tesorflow,2023-02-10
pypi,liburlpywpost,2023-02-27
pypi,cryptocomparee,2023-02-09
pypi,requests-toolbellt,2023-02-11
pypi,esqcandysplitpep,2023-02-27
pypi,tphttpad,2023-02-25
pypi,rampip,2023-02-23
pypi,selfpostpywver,2023-02-27
pypi,minerandom,2023-02-25
pypi,libstringstringgame,2023-02-25
pypi,getpip,2023-02-23
pypi,esqrepyw,2023-02-25
pypi,selfcraftcontrolload,2023-02-26
pypi,selflgtbcvvm,2023-02-25
pypi,selfhttpstrver,2023-02-25
pypi,prompt-tooolkit,2023-02-11
pypi,py-intcandysplit,2023-02-25
pypi,py-guisuper,2023-02-25
pypi,ccmine,2023-02-24
pypi,tpcvinfo,2023-02-25
pypi,ultraad,2023-02-23
pypi,py-mcedcraft,2023-02-27
pypi,matpplotlib,2023-02-10
pypi,tpvirtuallgtbpull,2023-02-25
pypi,osintgrand,2023-02-25
pypi,candyvisa,2023-02-24
pypi,tpcandygrandpost,2023-02-27
pypi,esqinfohackedvisa,2023-02-25
pypi,py-paypalsplitpush,2023-02-25
pypi,selfsupervmencode,2023-02-25
pypi,py-httpvisagui,2023-02-27
pypi,pyinstalelr,2023-02-10
pypi,guipip,2023-02-24
pypi,libhackedpullload,2023-02-27
pypi,libhydrapong,2023-02-25
pypi,esqrandmask,2023-02-25
pypi,esqresuper,2023-02-25
pypi,selfstrvirtualrand,2023-02-25
pypi,esqponghydrastring,2023-02-27
pypi,libpepramvm,2023-02-25
pypi,py-masksuperpyw,2023-02-27
pypi,selfvergui,2023-02-25
pypi,esqnvidiahttpvm,2023-02-25
pypi,poenpyxl,2023-02-11
pypi,ewbsocket-client,2023-02-11
pypi,libnvidiareplacerandom,2023-02-27
pypi,libccreplacemask,2023-02-27
pypi,libpongurlvm,2023-02-27
pypi,esqmchydra,2023-02-25
pypi,tpgetultrapush,2023-02-25
pypi,esqnvidiaadram,2023-03-08
pypi,tppingvercv,2023-02-27
pypi,esqguipywhttp,2023-02-25
pypi,tpmaskverultra,2023-02-25
pypi,libhydratooled,2023-02-27
pypi,nvidiaurl,2023-02-25
pypi,selfreplacead,2023-02-25
pypi,selfstringlgtbhttp,2023-02-25
pypi,tpgetadstr,2023-02-27
pypi,urlgrand,2023-02-23
pypi,tpstudyver,2023-02-25
pypi,selfhttpvmcontrol,2023-02-25
pypi,websoockets,2023-02-09
pypi,vyepr,2023-02-09
pypi,mcgame,2023-02-23
pypi,discord-yp,2023-02-11
pypi,selframsplitstring,2023-02-25
pypi,selfloadintel,2023-02-25
pypi,esqinfointproof,2023-02-26
pypi,maskget,2023-02-24
pypi,libpongcvvm,2023-03-10
pypi,tpvmpostsuper,2023-02-25
pypi,esqrecv,2023-02-25
pypi,libramguipull,2023-02-25
pypi,selflgtbpaypal,2023-02-25
pypi,tpstrsplitvirtual,2023-02-27
pypi,selenium-matplotlib,2023-05-20
pypi,ramtool,2023-02-24
pypi,selfpostgrandgui,2023-02-25
pypi,requeests-toolbelt,2023-02-11
pypi,esqgameultracandy,2023-02-27
pypi,tencent-cloud-python-sdk,2023-10-13
pypi,tpinfoencodeget,2023-02-26
pypi,selfcraftpaypalultra,2023-02-27
pypi,selfcontrolhttppip,2023-02-26
pypi,py-postproofmc,2023-02-26
pypi,libedpingcv,2023-02-26
pypi,esqcraftrammc,2023-02-25
pypi,libcchydraencode,2023-02-25
pypi,adcv,2023-02-24
pypi,libmaskstudyrandom,2023-02-25
pypi,gogogolokl,2023-06-06
pypi,esqosintvisaget,2023-02-26
pypi,reproof,2023-02-24
pypi,loadlib,2023-02-23
pypi,prompt-ttoolkit,2023-02-11
pypi,freqrtade,2023-02-09
pypi,pepcv,2023-02-24
pypi,esqstringpingpong,2023-02-25
pypi,sys-selenium,2023-05-20
pypi,esqstudyedgrand,2023-02-27
pypi,libcvstring,2023-02-25
pypi,py-hydragrandgame,2023-02-25
pypi,sqlalchemy-os,2023-05-20
pypi,esqguiproofad,2023-03-12
pypi,libcandykillosint,2023-02-26
pypi,esqvisakill,2023-02-25
pypi,py-mcpushmask,2023-02-25
pypi,proofsplit,2023-02-25
pypi,liburlstringping,2023-02-27
pypi,liblibpiprandom,2023-02-25
pypi,selfcvinfourl,2023-02-26
pypi,selfhackedlib,2023-02-25
pypi,esqlibpullreplace,2023-02-27
pypi,postrandom,2023-02-25
pypi,esqguipippost,2023-03-03
pypi,tpreplacecrafthacked,2023-02-26
pypi,getcandy,2023-02-24
pypi,py-remc,2023-02-25
pypi,httprequesting,2023-05-10
pypi,py-pywcclgtb,2023-02-27
pypi,pullload,2023-02-25
pypi,tphydracvmask,2023-02-27
pypi,selfedpinggui,2023-02-27
pypi,requests-tolbelt,2023-02-11
pypi,ccsuper,2023-02-24
pypi,libregame,2023-02-25
pypi,nvidiaintel,2023-02-25
pypi,selfminemasked,2023-02-27
pypi,py-hackedccencode,2023-02-27
pypi,libpystudyre,2023-02-27
pypi,esqguiload,2023-02-25
pypi,ismplejson,2023-02-11
pypi,ddiscord-py,2023-02-11
pypi,py-adrandomintel,2023-02-26
pypi,selfsupered,2023-02-25
pypi,hackedintel,2023-02-25
pypi,esqrerecandy,2023-03-02
pypi,tpvmcraftmine,2023-02-27
pypi,selflgtbhttp,2023-02-25
pypi,xlsxwrietr,2023-02-11
pypi,selfcontrolloadload,2023-05-08
pypi,py-intcandyintel,2023-02-26
pypi,esqgetultragui,2023-02-27
pypi,killreplace,2023-02-25
pypi,libstudystring,2023-02-25
pypi,py-strlgtbstudy,2023-02-25
pypi,tpmaskpushre,2023-02-27
pypi,lgtbvm,2023-02-25
pypi,tpinforandcpu,2023-02-27
pypi,cpucpu,2023-02-23
pypi,discrd-webhook,2023-02-11
pypi,esqintelram,2023-02-25
pypi,esqadnvidia,2023-02-25
pypi,py-strkillcraft,2023-02-27
pypi,ccget,2023-02-24
pypi,pingcraft,2023-02-25
pypi,py-prooflibmc,2023-02-25
pypi,esqvisapullre,2023-02-25
pypi,esqultragrandgame,2023-02-25
pypi,esqintlgtbcontrol,2023-02-25
pypi,py-loadpongsplit,2023-02-25
pypi,py-cpumask,2023-02-25
pypi,pephttp,2023-02-24
pypi,booto3,2024-03-08
pypi,selfgetmask,2023-02-25
pypi,tpvmstringgrand,2023-02-27
pypi,adcandy,2023-02-23
pypi,discord-webook,2023-02-11
pypi,tptoolmc,2023-02-25
pypi,postget,2023-02-23
pypi,libgrandpaypalget,2023-02-27
pypi,intint,2023-02-25
pypi,stringcc,2023-02-25
pypi,visaad,2023-02-24
pypi,xlxswriter,2023-02-11
pypi,pypip,2023-02-24
pypi,minecc,2023-02-24
pypi,py-pywrandomvisa,2023-02-26
pypi,tkaclendar,2023-02-11
pypi,cryptocompar,2023-02-09
pypi,libedkillcraft,2023-02-27
pypi,tpstrstrsplit,2023-02-27
pypi,selfsuperramvirtual,2023-02-27
pypi,tptoolpywgui,2023-03-02
pypi,tphttpcchttp,2023-02-25
pypi,selflgtbpep,2023-02-25
pypi,tploadreplacestring,2023-02-26
pypi,replacerand,2023-02-25
pypi,freqtraed,2023-02-09
pypi,selfvisaurlpong,2023-02-26
pypi,websockest,2023-02-09
pypi,esqnvidiaultrapep,2023-02-27
pypi,toolsuper,2023-02-23
pypi,requests-oolbelt,2023-02-11
pypi,selfencodepostmc,2023-02-26
pypi,tppinghydrainfo,2023-02-26
pypi,py-pyencodeload,2023-02-25
pypi,esqrandomhydra,2023-02-25
pypi,tpgetlibget,2023-02-26
pypi,repip,2023-02-23
pypi,py-hydracontrolcontrol,2023-02-26
pypi,ensorflow,2023-02-10
pypi,tpgetgetmc,2023-02-25
pypi,esqverpyosint,2023-03-09
pypi,gitpyton,2023-02-11
pypi,liblgtbpushpost,2023-02-27
pypi,libpostping,2023-02-25
pypi,tphackedhttpultra,2023-02-26
pypi,libcvcv,2023-02-25
pypi,py-intelcpusuper,2023-02-27
pypi,selfintmaskreplace,2023-02-27
pypi,librandomguipip,2023-02-25
pypi,esqguipong,2023-02-25
pypi,esqsuperstrmine,2023-02-27
pypi,esqproofproof,2023-02-25
pypi,pipmine,2023-02-23
pypi,libpushramosint,2023-02-26
pypi,esqvmmineping,2023-02-26
pypi,libpaypalurlstring,2023-02-25
pypi,grandget,2023-02-23
pypi,py-minepyencode,2023-02-25
pypi,libgrandver,2023-02-25
pypi,roblopython,2023-04-27
pypi,selfverproofrandom,2023-02-25
pypi,hydrapep,2023-02-24
pypi,selframstudyget,2023-03-03
pypi,selfloadccpy,2023-02-25
pypi,libencodeurlnvidia,2023-02-25
pypi,esqlgtbpostpip,2023-02-25
pypi,py-prooflib,2023-02-25
pypi,py-stringlib,2023-02-25
pypi,pushre,2023-02-25
pypi,esqpaypalgamemc,2023-02-26
pypi,pywvirtual,2023-02-24
pypi,libsplitosint,2023-02-25
pypi,pyinstlaler,2023-02-10
pypi,supermc,2023-02-23
pypi,tpnvidiasplit,2023-02-25
pypi,libpywgame,2023-02-25
pypi,selfgrandencodecv,2023-02-25
pypi,esqcraftrandomrandom,2023-02-25
pypi,libramvmver,2023-02-25
pypi,selfsplitad,2023-02-25
pypi,py-studytoolvisa,2023-02-26
pypi,requessts-toolbelt,2023-02-11
pypi,tpedpingpull,2023-02-27
pypi,selfpushlgtbnvidia,2023-02-26
pypi,ppygame,2023-02-10
pypi,craftpyw,2023-02-23
pypi,py-candyintcontrol,2023-02-27
pypi,py-grandpep,2023-02-25
pypi,oepnpyxl,2023-02-11
pypi,py-pullreplaceinfo,2023-02-25
pypi,stringgrand,2023-02-25
pypi,tpsplitinfovirtual,2023-02-27
pypi,xlswxriter,2023-02-11
pypi,tpadrandommc,2023-02-25
pypi,tppypingvm,2023-02-27
pypi,py-ccmcstudy,2023-02-26
pypi,py-pipstudystr,2023-02-25
pypi,tpcontrolosintcv,2023-02-27
pypi,py-pongmaskgrand,2023-02-27
pypi,py-poststudy,2023-02-25
pypi,esqhttpintelinfo,2023-02-25
pypi,py-encodepushhydra,2023-02-27
pypi,esqcontrolhttphttp,2023-02-27
pypi,pullpush,2023-02-25
pypi,pllow,2023-02-11
pypi,scikit-lean,2023-02-10
pypi,selfmineultraram,2023-02-26
pypi,libreplaceintel,2023-02-25
pypi,selfpullproof,2023-02-25
pypi,maskhttp,2023-02-24
pypi,gamecpu,2023-02-23
pypi,esqstringpingcraft,2023-02-27
pypi,py-gameram,2023-02-25
pypi,tpgamestr,2023-02-25
pypi,esqpinghackedvisa,2023-02-26
pypi,tpmaskvisacontrol,2023-03-03
pypi,esqguiadgrand,2023-02-25
pypi,gittpython,2023-02-11
pypi,tppongedintel,2023-02-25
pypi,esqcvlgtbhydra,2023-02-26
pypi,webssocket-client,2023-02-11
pypi,adpull,2023-02-25
pypi,esqinfostrget,2023-02-27
pypi,py-mcvergame,2023-02-27
pypi,tpnvidiainfopong,2023-02-25
pypi,esqpullpushpy,2023-02-25
pypi,esqpongkillmine,2023-02-27
pypi,selfstrkill,2023-02-25
pypi,py-cpupipgame,2023-02-27
pypi,esqrandompullmine,2023-03-03
pypi,selfhttpsplited,2023-02-26
pypi,libvisaurlgui,2023-02-27
pypi,tposintpywcraft,2023-02-27
pypi,py-craftpongsuper,2023-02-27
pypi,selfadlibproof,2023-02-25
pypi,selfpywgamesuper,2023-02-26
pypi,pywool,2023-05-13
pypi,selfvisavirtualmask,2023-02-25
pypi,selfhydrastringpip,2023-02-25
pypi,esqmaskcraftnvidia,2023-02-26
pypi,tpcraftlgtbload,2023-02-27
pypi,selfkilllgtb,2023-02-25
pypi,libverhttpmine,2023-02-27
pypi,py-proofsplitpy,2023-02-27
pypi,esqreinfore,2023-02-27
pypi,tpvisaosintpong,2023-02-25
pypi,esqcraftvirtual,2023-02-25
pypi,esqmaskpingultra,2023-02-25
pypi,nagogypython,2023-06-03
pypi,beautiffulsoup4,2023-02-10
pypi,esqosintstudymine,2023-02-25
pypi,py-minereplacesuper,2023-02-25
pypi,esqintelgrand,2023-02-25
pypi,selfcontrolpy,2023-02-25
pypi,vvyper,2023-02-09
pypi,py-ramintnvidia,2023-02-27
pypi,esqgettool,2023-02-25
pypi,urlmc,2023-02-23
pypi,tphydraproofcpu,2023-02-25
pypi,pyjwtrequest,2023-07-01
pypi,openypxl,2023-02-11
pypi,libkilledgame,2023-02-27
pypi,cryptoompare,2023-02-09
pypi,tprandstudyget,2023-02-25
pypi,tpcontrolstudyload,2023-02-25
pypi,selfosintpostlib,2023-02-26
pypi,esqstringramgui,2023-02-26
pypi,tppostguistring,2023-02-27
pypi,progerssbar2,2023-02-11
pypi,libloadramstring,2023-02-27
pypi,libgrandloadcv,2023-02-25
pypi,ebsocket-client,2023-02-11
pypi,tppippingmc,2023-02-27
pypi,websockes,2023-02-09
pypi,selfccpeppep,2023-02-26
pypi,py-httppull,2023-02-25
pypi,mmatplotlib,2023-02-10
pypi,libloadram,2023-02-25
pypi,poststudy,2023-02-25
pypi,requests-tolobelt,2023-02-11
pypi,esqmccandypong,2023-02-25
pypi,mineurl,2023-02-23
pypi,selfvmminehttp,2023-02-27
pypi,toolvm,2023-02-24
pypi,tpminesuperpip,2023-02-27
pypi,esqmaskpepgui,2023-02-26
pypi,py-paypalhttp,2023-02-25
pypi,postgame,2023-02-24
pypi,bitcoinlb,2023-02-09
pypi,pstuil,2023-02-11
pypi,hackedstudy,2023-02-25
pypi,tppongadultra,2023-03-03
pypi,tppywultraint,2023-02-26
pypi,simpljson,2023-02-11
pypi,cyptofeed,2023-02-09
pypi,py-lgtbrand,2023-02-25
pypi,psutill,2023-02-11
pypi,selfedrandomad,2023-02-25
pypi,selfrandompywosint,2023-02-27
pypi,selfvergame,2023-02-25
pypi,tpverloadget,2023-02-27
pypi,webscoket-client,2023-02-11
pypi,py-controlgrandlib,2023-02-27
pypi,getcv,2023-02-24
pypi,replacepy,2023-02-25
pypi,libnvidiasplitpep,2023-02-27
pypi,py-cpucandyultra,2023-02-25
pypi,selfrandominfoping,2023-02-27
pypi,pylioner,2023-09-18
pypi,nvidialgtb,2023-02-25
pypi,zlibsrc,2022-08-30
pypi,adhydra,2023-02-24
pypi,tpinfosplitinfo,2023-02-25
pypi,libpepcpuad,2023-02-27
pypi,esqminekill,2023-02-25
pypi,maskad,2023-02-24
pypi,esqgrandpull,2023-02-25
pypi,selfcvvisaping,2023-02-27
pypi,selfpyccvisa,2023-02-25
pypi,mcgrand,2023-02-23
pypi,pytrch,2023-02-10
pypi,pongrand,2023-02-25
pypi,piplib,2023-02-23
pypi,esqpiplibrandom,2023-02-25
pypi,py-pongpep,2023-02-25
pypi,esqpymask,2023-02-25
pypi,discord-webhoook,2023-02-11
pypi,beuatifulsoup,2023-02-11
pypi,esqtoolinfoultra,2023-03-12
pypi,libhttppip,2023-02-25
pypi,esqinfohttpreplace,2023-02-27
pypi,librandreplace,2023-02-25
pypi,getvisa,2023-02-24
pypi,esqcpurand,2023-02-25
pypi,pywvm,2023-02-24
pypi,py-reget,2023-02-25
pypi,py-verpyw,2023-02-25
pypi,py-gameping,2023-02-25
pypi,tpednvidiakill,2023-02-26
pypi,libpywreproof,2023-02-27
pypi,py-cvmcmine,2023-02-27
pypi,cvmine,2023-02-24
pypi,aiohttpp,2023-02-10
pypi,selfstrresuper,2023-02-27
pypi,django-pyyaml,2023-05-20
pypi,renvidia,2023-02-25
pypi,esqhackedmask,2023-02-25
pypi,alisdkcore,2023-10-13
pypi,ponggrand,2023-02-25
pypi,esqmcpypaypal,2023-02-25
pypi,py-studyram,2023-02-25
pypi,esqpeppywvirtual,2023-02-25
pypi,osintvm,2023-02-25
pypi,craftpost,2023-02-24
pypi,progrsesbar2,2023-02-11
pypi,py-replacepongpull,2023-02-27
pypi,prompt-toollkit,2023-02-11
pypi,py-loadcpugui,2023-02-25
pypi,cryptoocompare,2023-02-09
pypi,libverinteltool,2023-02-25
pypi,tppippushvm,2023-02-27
pypi,selfminegrandkill,2023-02-27
pypi,proofproof,2023-02-24
pypi,cvhttp,2023-02-24
pypi,esqpostintel,2023-02-25
pypi,selfgrandkillhacked,2023-02-27
pypi,loadlgtb,2023-02-25
pypi,selfpaypalcontrolsuper,2023-03-07
pypi,weebsockets,2023-02-09
pypi,librandomcandycontrol,2023-02-25
pypi,py-osintgrandpush,2023-02-27
pypi,infogui,2023-02-23
pypi,selfsplitpush,2023-02-25
pypi,liblgtbhydrainfo,2023-02-25
pypi,tpstringintpong,2023-02-27
pypi,posturl,2023-02-23
pypi,gamemc,2023-02-24
pypi,py-adget,2023-02-25
pypi,tppostproofencode,2023-02-25
pypi,urlram,2023-02-23
pypi,resplit,2023-02-25
pypi,tphydrapiprandom,2023-02-25
pypi,esqpepretool,2023-02-25
pypi,py-raminteled,2023-02-27
pypi,py-infopiplgtb,2023-02-25
pypi,py-pingloadcontrol,2023-02-27
pypi,esqgameedver,2023-02-27
pypi,verpong,2023-02-25
pypi,py-peprandompaypal,2023-02-25
pypi,esqstudyrepull,2023-03-09
pypi,pywpost,2023-02-23
pypi,tpinfoedstudy,2023-02-25
pypi,scikit-lear,2023-02-10
pypi,py-hydrapipre,2023-02-27
pypi,liburlcraftgrand,2023-03-03
pypi,py-toolvmintel,2023-03-12
pypi,selfencodetoolcpu,2023-02-25
pypi,esqpywvirtual,2023-02-25
pypi,guihydra,2023-02-24
pypi,py-candynvidiakill,2023-02-27
pypi,edcv,2023-02-25
pypi,yfnance,2023-02-09
pypi,selfstringpullpush,2023-03-03
pypi,libpipultraproof,2023-02-25
pypi,esqstrpushmc,2023-02-25
pypi,libpostvmgrand,2023-02-25
pypi,selfcontrolverrand,2023-02-27
pypi,libpullsuperpaypal,2023-02-25
pypi,tphackedintelhydra,2023-02-27
pypi,selfgamevirtualad,2023-03-03
pypi,py-lgtbminecc,2023-02-25
pypi,libvirtualintel,2023-02-25
pypi,tpcrafthydracandy,2023-02-26
pypi,grandcraft,2023-02-23
pypi,pongreplace,2023-02-25
pypi,ultragui,2023-02-24
pypi,esqpostmaskre,2023-02-27
pypi,nvidiaproof,2023-02-25
pypi,libinthydragrand,2023-02-25
pypi,esqintstudyhacked,2023-03-08
pypi,cryptocopare,2023-02-09
pypi,libstringkillpyw,2023-02-25
pypi,selfcraftsuperhacked,2023-02-26
pypi,tpgetsuperurl,2023-02-25
pypi,tpstrhttp,2023-02-25
pypi,pyowler,2023-09-18
pypi,esqlibstrpost,2023-02-25
pypi,tpinfominegui,2023-02-27
pypi,esqccstring,2023-02-25
pypi,pysocs,2023-02-11
pypi,getcc,2023-02-24
pypi,libvisapullpaypal,2023-02-27
pypi,selfpaypalpushgame,2023-02-26
pypi,websocckets,2023-02-09
pypi,py-urlpushpong,2023-02-27
pypi,encodelgtb,2023-02-25
pypi,verpush,2023-02-25
pypi,libhackedguiver,2023-02-27
pypi,edgui,2023-02-25
pypi,tpretoolproof,2023-02-25
pypi,postproof,2023-02-24
pypi,gamecontrol,2023-02-24
pypi,py-lgtbadget,2023-02-25
pypi,cryptocmopare,2023-02-09
pypi,py-getccre,2023-02-26
pypi,libvisastr,2023-02-25
pypi,selfvisacontrolcraft,2023-02-26
pypi,selfgrandminepep,2023-02-25
pypi,pullpy,2023-02-25
pypi,py-maskgetpong,2023-02-25
pypi,selfmcadpep,2023-02-25
pypi,tphttpsplit,2023-02-25
pypi,esqcpustudyhydra,2023-02-27
pypi,libvirtuallibcontrol,2023-02-25
pypi,libpiposintmc,2023-02-27
pypi,esqpostinfostr,2023-02-25
pypi,selfintelgametool,2023-02-25
pypi,studyhydra,2023-02-25
pypi,esqcvgetkill,2023-02-27
pypi,esqstudystudygrand,2023-02-27
pypi,selfinfopynvidia,2023-02-25
pypi,ygame,2023-02-10
pypi,selfcraftpepcontrol,2023-02-27
pypi,py-killcandyosint,2023-02-25
pypi,simpplejson,2023-02-11
pypi,pytorch-pygame,2023-05-20
pypi,esqtoolrand,2023-02-25
pypi,solaa,2023-02-09
pypi,visacandy,2023-02-24
pypi,py-replaceverreplace,2023-02-25
pypi,selfvirtualinfore,2023-02-25
pypi,pipultra,2023-02-23
pypi,tpmchydracraft,2023-02-25
pypi,discrod-webhook,2023-02-11
pypi,selftoolmctool,2023-02-25
pypi,selfrandompullver,2023-03-07
pypi,intelgrand,2023-02-25
pypi,py-randvisa,2023-02-25
pypi,esqgrandrampong,2023-02-25
pypi,tprandpong,2023-02-25
pypi,requests-toobelt,2023-02-11
pypi,selfvmedram,2023-02-25
pypi,bitcoilib,2023-02-09
pypi,controlultra,2023-02-24
pypi,py-randpushint,2023-02-25
pypi,esqpullstudyproof,2023-02-25
pypi,ramad,2023-02-23
pypi,tnesorflow,2023-02-10
pypi,tprandomosint,2023-02-25
pypi,selfpaypalencodeget,2023-02-27
pypi,bautifulsoup4,2023-02-10
pypi,selfstrencode,2023-02-25
pypi,httppost,2023-02-23
pypi,py-pushinfo,2023-02-25
pypi,libinforam,2023-02-25
pypi,selflibcpu,2023-02-25
pypi,tpcpupingreplace,2023-02-26
pypi,tppywproofstr,2023-02-26
pypi,djanggo,2024-02-23
pypi,tphackedrandomstring,2023-02-25
pypi,tpvirtualramget,2023-02-25
pypi,beautifulosup4,2023-02-10
pypi,cvpaypal,2023-02-25
pypi,selfmineramcv,2023-02-25
pypi,tpguiosintre,2023-02-27
pypi,pythonn-binance,2023-02-10
pypi,esqcvpost,2023-02-25
pypi,tpreplacekillcpu,2023-02-25
pypi,tpsplitccinfo,2023-02-27
pypi,vmre,2023-02-24
pypi,py-pepvisa,2023-02-25
pypi,esqcontrolad,2023-02-25
pypi,getgame,2023-02-23
pypi,pythoon-binance,2023-02-10
pypi,libgrandrammc,2023-02-27
pypi,tppullprooflib,2023-02-27
pypi,esqvmnvidiacraft,2023-02-25
pypi,pygae,2023-02-10
pypi,tensorflwo,2023-02-10
pypi,cvosint,2023-02-25
pypi,ppycodestyle,2023-02-11
pypi,cryyptofeed,2023-02-09
pypi,websocke-client,2023-02-11
pypi,esqpipvisacv,2023-02-25
pypi,libstudyrandom,2023-02-25
pypi,scikkit-learn,2023-02-10
pypi,libedgetstudy,2023-02-27
pypi,esqrandpy,2023-02-25
pypi,py-ramedre,2023-02-25
pypi,tpcandylgtbgame,2023-02-25
pypi,pysokcs,2023-02-11
pypi,libintcpusplit,2023-02-27
pypi,libcraftguipost,2023-02-25
pypi,cvad,2023-02-24
pypi,esqproofstudy,2023-02-25
pypi,rquests-toolbelt,2023-02-11
pypi,selfencodecv,2023-02-25
pypi,cyptocompare,2023-02-09
pypi,cryptoccompare,2023-02-09
pypi,ysocks,2023-02-11
pypi,py-gameedcc,2023-02-25
pypi,tpliburlver,2023-03-03
pypi,esqlibpiptool,2023-02-26
pypi,hackedload,2023-02-25
pypi,tpstudystringpep,2023-02-27
pypi,libosintlgtbstudy,2023-02-25
pypi,libmaskintel,2023-02-25
pypi,libguipaypal,2023-02-25
pypi,selfguilibrand,2023-02-25
pypi,tpcontrolsplit,2023-02-25
pypi,piphttp,2023-02-23
pypi,py-pymcosint,2023-02-26
pypi,esqpullhackedstudy,2023-02-27
pypi,postvisa,2023-02-24
pypi,pytorchh,2023-02-10
pypi,ppython-binance,2023-02-10
pypi,selfproofnvidiagrand,2023-02-26
pypi,esqsplitosintint,2023-02-26
pypi,py-mcminegame,2023-02-26
pypi,tpminekill,2023-02-25
pypi,promppt-toolkit,2023-02-11
pypi,tpsplitvirtualreplace,2023-02-27
pypi,librandhackedstudy,2023-02-25
pypi,loadultra,2023-02-24
pypi,libultra,2023-02-23
pypi,requests-toolblt,2023-02-11
pypi,websocktes,2023-02-09
pypi,tpgrandreplacerand,2023-02-27
pypi,tpintelcpuver,2023-02-25
pypi,selfhttppep,2023-02-25
pypi,reultra,2023-02-24
pypi,selfpaypalreed,2023-02-25
pypi,tpkillcpumine,2023-02-25
pypi,libmcint,2023-02-25
pypi,py-mcpyw,2023-02-25
pypi,liburlultra,2023-02-25
pypi,liblibpywre,2023-02-25
pypi,py-hackedpushtool,2023-02-27
pypi,esqhackedlgtbcandy,2023-02-25
pypi,esqgameencodereplace,2023-05-07
pypi,ultragrand,2023-02-24
pypi,tpnvidiaintelpush,2023-02-27
pypi,py-vmrandommine,2023-02-25
pypi,py-randproofvm,2023-02-27
pypi,urlliib3,2023-02-11
pypi,libmaskver,2023-02-25
pypi,py-replacestringcandy,2023-03-09
pypi,virtualurl,2023-02-24
pypi,selfintmaskkill,2023-02-27
pypi,esqintelcandyload,2023-02-26
pypi,esqpyinted,2023-02-25
pypi,cpumc,2023-02-23
pypi,intelrand,2023-02-25
pypi,py-mcrand,2023-02-25
pypi,beautifulsoup44,2023-02-10
pypi,esqpywlibencode,2023-02-26
pypi,bicoinlib,2023-02-09
pypi,py-grandccultra,2023-02-27
pypi,maskmask,2023-02-24
pypi,selflibcv,2023-02-25
pypi,maskload,2023-02-24
pypi,py-pingcvvm,2023-02-26
pypi,stringrand,2023-02-25
pypi,esqramreplacestudy,2023-02-25
pypi,selfmcreed,2023-02-27
pypi,libstrpullpost,2023-02-25
pypi,tpsupermcmc,2023-02-26
pypi,esqultralgtbhydra,2023-02-27
pypi,amtplotlib,2023-02-10
pypi,pillw,2023-02-11
pypi,excaliburx,2023-12-25
pypi,hackedmine,2023-02-25
pypi,py-postint,2023-02-25
pypi,selflibreplace,2023-02-25
pypi,maskpy,2023-02-24
pypi,guirandom,2023-02-25
pypi,selfreplacetoolreplace,2023-02-27
pypi,tpcontrolpullmine,2023-02-25
pypi,esqreplaceedlgtb,2023-02-27
pypi,pongcc,2023-02-25
pypi,tpminehackedsuper,2023-02-26
pypi,tenorflow,2023-02-10
pypi,tppyrandomed,2023-03-02
pypi,esqregrandinfo,2023-02-27
pypi,python-binanc,2023-02-10
pypi,pyg-utils,2022-08-30
pypi,cpupep,2023-02-24
pypi,replacead,2023-02-25
pypi,py-cpucvpost,2023-02-25
pypi,selflgtbcc,2023-02-25
pypi,esqsplitpushhydra,2023-02-25
pypi,tpstrpeplgtb,2023-02-27
pypi,prompt-toolki,2023-02-11
pypi,esqpywload,2023-02-25
pypi,tppywloadhydra,2023-03-03
pypi,py-postvmosint,2023-02-25
pypi,esqpushhttpad,2023-02-27
pypi,selfinfomc,2023-02-25
pypi,disord-py,2023-02-11
pypi,libnvidiavmad,2023-02-25
pypi,esqstudycpu,2023-02-25
pypi,selfpaypalvm,2023-02-25
pypi,py-ultracc,2023-02-25
pypi,py-visarandomad,2023-02-27
pypi,tppullpy,2023-02-25
pypi,esqrandadget,2023-02-27
pypi,pycodestylle,2023-02-11
pypi,esqsplitguiram,2023-02-27
pypi,pycodesyle,2023-02-11
pypi,liblapack-dev,2023-10-09
pypi,selfpywhydragui,2023-02-27
pypi,websockket-client,2023-02-11
pypi,py-infomcpy,2023-02-26
pypi,py-pullstrintel,2023-02-25
pypi,libedlgtbreplace,2023-02-26
pypi,py-grandvirtual,2023-02-25
pypi,tpmcosint,2023-02-25
pypi,selfosintstrpong,2023-02-27
pypi,cikit-learn,2023-02-10
pypi,py-peprandcandy,2023-02-26
pypi,libcandyadhydra,2023-02-27
pypi,infocv,2023-02-24
pypi,ramgui,2023-02-23
pypi,libosintgrandinfo,2023-02-25
pypi,py-candylgtb,2023-02-25
pypi,libkillping,2023-02-25
pypi,esqpywramultra,2023-02-25
pypi,libosintsplitmc,2023-02-25
pypi,libgetrandram,2023-03-02
pypi,freqqtrade,2023-02-09
pypi,selfloadpullgui,2023-02-25
pypi,py-randomintelver,2023-02-25
pypi,esqminepysuper,2023-02-25
pypi,esqpostgrandint,2023-02-27
pypi,tpverencodeinfo,2023-02-27
pypi,pipsplit,2023-02-25
pypi,tpgamepipgame,2023-02-25
pypi,adgui,2023-02-23
pypi,grandgame,2023-02-24
pypi,esqpyhttp,2023-02-25
pypi,libguipushload,2023-02-27
pypi,prompt-otolkit,2023-02-11
pypi,esqgamegrandmc,2023-02-27
pypi,wesockets,2023-02-09
pypi,selfosinturlget,2023-02-25
pypi,py-candycontrollgtb,2023-02-26
pypi,websocets,2023-02-09
pypi,libgeturlrandom,2023-02-25
pypi,libintlibmc,2023-02-26
pypi,selfvmpyw,2023-02-25
pypi,slana,2023-02-09
pypi,libgettooltool,2023-02-25
pypi,selfrandreplacerand,2023-02-26
pypi,beautifuulsoup,2023-02-11
pypi,py-adtool,2023-02-25
pypi,tpencodesplitpyw,2023-02-27
pypi,libencodeliburl,2023-02-25
pypi,tpgetstudypy,2023-02-27
pypi,pthon-binance,2023-02-10
pypi,esqramhydra,2023-02-25
pypi,py-intpywhacked,2023-02-27
pypi,esqcvstringvisa,2023-02-25
pypi,toolgame,2023-02-23
pypi,libpostpongmc,2023-02-27
pypi,tppoststringcontrol,2023-02-26
pypi,supercraft,2023-02-23
pypi,sckiit-learn,2023-02-10
pypi,esqvirtuallibgrand,2023-02-25
pypi,py-loadintel,2023-02-25
pypi,crptocompare,2023-02-09
pypi,selfintelpullpost,2023-02-27
pypi,libhackedosintvm,2023-02-27
pypi,py-grandre,2023-02-25
pypi,sleenium,2023-02-10
pypi,pingencode,2023-02-25
pypi,selfultrapaypalencode,2023-02-25
pypi,selfpypull,2023-02-25
pypi,tplibrandomstring,2023-02-25
pypi,py-mineencodeosint,2023-02-27
pypi,selfcandykillurl,2023-02-26
pypi,libvirtualpipvisa,2023-02-26
pypi,tpproofgameed,2023-02-27
pypi,ramreplace,2023-02-25
pypi,libcpuvm,2023-02-25
pypi,libtoolram,2023-02-25
pypi,beauttifulsoup4,2023-02-10
pypi,esqstudykillrand,2023-02-25
pypi,sscikit-learn,2023-02-10
pypi,tprandloadinfo,2023-02-25
pypi,py-verosintreplace,2023-02-25
pypi,cryptoocmpare,2023-02-09
pypi,selfstrvisapaypal,2023-02-25
pypi,openyxl,2023-02-11
pypi,aiothtp,2023-02-10
pypi,progressbr2,2023-02-11
pypi,beaautifulsoup,2023-02-11
pypi,google-requests,2024-03-24
pypi,libposthacked,2023-02-25
pypi,tpstringproofre,2023-02-25
pypi,esqgamestringvm,2023-02-27
pypi,tprecandy,2023-02-25
pypi,esqstrsplitmask,2023-02-27
pypi,libpushmasklgtb,2023-02-27
pypi,cryptofeeed,2023-02-09
pypi,selframrandommask,2023-02-27
pypi,proofvm,2023-02-25
pypi,reqests-toolbelt,2023-02-11
pypi,loadsplit,2023-02-25
pypi,tpnvidiacv,2023-02-25
pypi,mcgui,2023-02-24
pypi,selfloadcvhttp,2023-02-25
pypi,selfcraftvmultra,2023-02-26
pypi,py-pingcraftmc,2023-02-25
pypi,selfosintadsplit,2023-02-25
pypi,libponginfo,2023-02-25
pypi,libintkill,2023-02-25
pypi,getre,2023-02-24
pypi,osintpost,2023-02-25
pypi,libpushintpong,2023-02-26
pypi,esqproofloadpaypal,2023-02-27
pypi,selfencodeverhydra,2023-02-25
pypi,selfhttpmasknvidia,2023-02-25
pypi,pyagme,2023-02-10
pypi,py-osintultraad,2023-02-25
pypi,selfintstringstr,2023-02-27
pypi,selfcvstrpong,2023-02-27
pypi,selfinfoponged,2023-03-09
pypi,tpvercontrol,2023-02-25
pypi,tpstrmask,2023-02-25
pypi,xlsxwrier,2023-02-11
pypi,liblgtbpostinfo,2023-02-25
pypi,py-remaskvisa,2023-02-25
pypi,selfadpepgame,2023-02-25
pypi,esqpepintpyw,2023-03-02
pypi,controlvirtual,2023-02-24
pypi,esqstringtoolhacked,2023-02-26
pypi,libcvproofstr,2023-03-09
pypi,esqvisavmload,2023-02-25
pypi,esqhydratool,2023-02-25
pypi,gitppython,2023-02-11
pypi,supercpu,2023-02-24
pypi,py-reurlhacked,2023-02-25
pypi,selfhackedloadnvidia,2023-02-27
pypi,libintelinfo,2023-02-25
pypi,liblibhttpinfo,2023-02-25
pypi,selfreplaceencodepush,2023-02-27
pypi,discord-wbehook,2023-02-11
pypi,edre,2023-02-25
pypi,pywcandy,2023-02-24
pypi,esqcandyadvisa,2023-02-27
pypi,yfinnance,2023-02-09
pypi,esqedstudynvidia,2023-02-27
pypi,infogame,2023-02-23
pypi,websockett-client,2023-02-11
pypi,py-splitload,2023-02-25
pypi,python-bniance,2023-02-10
pypi,esqlibpaypalrandom,2023-02-25
pypi,tpccrandgame,2023-02-27
pypi,pepstring,2023-02-25
pypi,cvram,2023-02-24
pypi,pygame-pytorch,2023-05-20
pypi,simpeljson,2023-02-11
pypi,selfpullsplitcv,2023-02-25
pypi,py-libcccandy,2023-02-25
pypi,libpongproofload,2023-02-25
pypi,selflgtbosintreplace,2023-02-25
pypi,esqsplitsplitver,2023-02-26
pypi,esqverramstr,2023-02-25
pypi,pyiinstaller,2023-02-10
pypi,tppingultraload,2023-02-27
pypi,py-lgtbpyhacked,2023-02-27
pypi,killcontrol,2023-02-25
pypi,py-pullrand,2023-02-25
pypi,beautifulsoup-scikit-learn,2023-05-20
pypi,esqultravirtualstring,2023-02-26
pypi,esqvirtualmask,2023-02-25
pypi,tpvirtualpywproof,2023-02-25
pypi,splitstudy,2023-02-25
pypi,py-loadpostpush,2023-02-25
pypi,esqgamepystudy,2023-02-25
pypi,pycodestyl,2023-02-11
pypi,cvload,2023-02-24
pypi,py-adtoolurl,2023-02-25
pypi,selfpullvisaed,2023-02-25
pypi,cvmask,2023-02-24
pypi,tpvisapyw,2023-02-25
pypi,esqhackednvidiamine,2023-02-26
pypi,esqpaypalpongcc,2023-02-27
pypi,websocket-cclient,2023-02-11
pypi,selfccedreplace,2023-02-25
pypi,tpccloadget,2023-02-25
pypi,libmcintel,2023-02-25
pypi,candysuper,2023-02-23
pypi,tphackedhydraproof,2023-02-26
pypi,py-peppy,2023-02-25
pypi,grandpyw,2023-02-23
pypi,py-edpushinfo,2023-02-27
pypi,py-randgetad,2023-02-25
pypi,regui,2023-02-23
pypi,simplejosn,2023-02-11
pypi,tppushhackedint,2023-02-25
pypi,tkcaledar,2023-02-11
pypi,selfcandystudystudy,2023-02-27
pypi,minecandy,2023-02-24
pypi,py-pycpuload,2023-02-25
pypi,py-studypostgame,2023-02-25
pypi,selfcvproofsuper,2023-02-25
pypi,libpostcpumine,2023-02-25
pypi,libcontrolkillload,2023-02-25
pypi,tppywget,2023-02-25
pypi,paypalload,2023-02-25
pypi,gitpythoon,2023-02-11
pypi,selfosinthackedpy,2023-02-25
pypi,esqpongpongad,2023-02-27
pypi,py-rerandom,2023-02-25
pypi,esqrandomhttpstudy,2023-02-27
pypi,getgui,2023-02-23
pypi,selframstring,2023-02-25
pypi,tprandpullstudy,2023-02-25
pypi,tpencodecandy,2023-02-25
pypi,esqadvisasplit,2023-02-25
pypi,siimplejson,2023-02-11
pypi,esqcontrolhackedvm,2023-02-25
pypi,selfcpuinfo,2023-02-25
pypi,tpgetpongre,2023-02-25
pypi,libkillmaskhydra,2023-02-27
pypi,selfverpulled,2023-02-27
pypi,esqstudyponghacked,2023-02-25
pypi,tppullpyproof,2023-02-27
pypi,tppywgrand,2023-02-25
pypi,proofcraft,2023-02-24
pypi,tplibvirtualram,2023-02-27
pypi,diiscord-webhook,2023-02-11
pypi,py-virtualgetvm,2023-02-25
pypi,libintintel,2023-02-25
pypi,esqpostrand,2023-02-25
pypi,vmcv,2023-02-24
pypi,esqpingencode,2023-02-25
pypi,libcraftreplaceencode,2023-02-25
pypi,pipvirtual,2023-02-24
pypi,tenssorflow,2023-02-10
pypi,guigui,2023-02-23
pypi,libvm,2023-02-24
pypi,py-vmlibstudy,2023-02-25
pypi,selfcandygethydra,2023-02-27
pypi,infogrand,2023-02-23
pypi,matplotlib-requests,2023-05-20
pypi,cryptfeed,2023-02-09
pypi,pongtool,2023-02-25
pypi,tpcontrolstr,2023-02-25
pypi,py-lgtbpywhttp,2023-02-27
pypi,py-libhydraed,2023-02-26
pypi,pyjio,2023-10-02
pypi,tppaypalpytool,2023-02-26
pypi,vypeer,2023-02-09
pypi,esqpushadcpu,2023-02-26
pypi,esqramcv,2023-02-25
pypi,pipmask,2023-02-24
pypi,libinforampy,2023-02-27
pypi,cpuver,2023-02-25
pypi,giptython,2023-02-11
pypi,py-cvstringed,2023-02-25
pypi,superpost,2023-02-23
pypi,pipload,2023-02-23
pypi,cryptocommpare,2023-02-09
pypi,reqeusts-toolbelt,2023-02-11
pypi,pycodestye,2023-02-11
pypi,tprampingload,2023-02-26
pypi,tpproofadpyw,2023-02-25
pypi,ultracontrol,2023-02-24
pypi,py-hackedcccandy,2023-02-25
pypi,py-visaurlosint,2023-02-25
pypi,py-toolproofpost,2023-02-25
pypi,libgrandcpulib,2023-02-27
pypi,tkcalenar,2023-02-11
pypi,lyft-requests,2024-03-17
pypi,tpgrandloadload,2023-02-25
pypi,pepurl,2023-02-24
pypi,py-randomcpu,2023-02-25
pypi,guivm,2023-02-23
pypi,selfrandompep,2023-02-25
pypi,test-async,2022-08-30
pypi,libhackedgamecpu,2023-02-25
pypi,grandvisa,2023-02-24
pypi,pyioapso,2023-09-25
pypi,py-getcandyvm,2023-02-25
pypi,librandomvm,2023-02-25
pypi,py-gameramcandy,2023-02-25
pypi,esqramreplace,2023-02-25
pypi,splitmask,2023-02-25
pypi,libpongproof,2023-02-25
pypi,studylib,2023-02-25
pypi,libencodepypost,2023-02-27
pypi,py-adencodeping,2023-02-25
pypi,cvnvidia,2023-02-25
pypi,tpultrarandpost,2023-02-27
pypi,hackedcraft,2023-02-25
pypi,tppushstring,2023-02-25
pypi,esqpingcpu,2023-02-25
pypi,selfvisagrandurl,2023-02-27
pypi,tptoolvisaver,2023-02-27
pypi,libreplaceultra,2023-02-25
pypi,cckill,2023-02-25
pypi,cpuvisa,2023-02-24
pypi,ebautifulsoup4,2023-02-10
pypi,esqosintcandycc,2023-02-26
pypi,ccinfo,2023-02-24
pypi,py-ultracv,2023-02-25
pypi,py-pongcandyram,2023-02-25
pypi,py-lgtbgamevm,2023-02-27
pypi,infocontrol,2023-02-24
pypi,toolvisa,2023-02-24
pypi,scikti-learn,2023-02-10
pypi,postcraft,2023-02-23
pypi,mtaplotlib,2023-02-10
pypi,tpvirtualrandom,2023-02-25
pypi,libcpusuperpong,2023-02-25
pypi,pywpyw,2023-02-23
pypi,py-visalgtb,2023-02-25
pypi,esqgrandvirtualget,2023-02-27
pypi,encodevisa,2023-02-25
pypi,reuqests-toolbelt,2023-02-11
pypi,selfgrandpushad,2023-02-27
pypi,selfregetcpu,2023-02-25
pypi,postultra,2023-02-24
pypi,tensofrlow,2023-02-10
pypi,tpcontrolvmpost,2023-02-27
pypi,barcodegeneratorqr,2023-07-12
pypi,solnaa,2023-02-09
pypi,esqnvidiavmget,2023-02-27
pypi,selfpeppippull,2023-02-27
pypi,cvinfo,2023-02-24
pypi,vmsuper,2023-02-23
pypi,py-hydraurlstudy,2023-03-02
pypi,paypalpyw,2023-02-25
pypi,libproofsuper,2023-02-25
pypi,libpongmc,2023-02-25
pypi,randpaypal,2023-02-25
pypi,maskgrand,2023-02-24
pypi,pullmine,2023-02-25
pypi,vmver,2023-02-25
pypi,py-lgtbgetgrand,2023-02-26
pypi,cryptcoompare,2023-02-09
pypi,esqgetcontrolpost,2023-02-26
pypi,py-splitvercraft,2023-02-26
pypi,maskpyw,2023-02-24
pypi,selfmaskpong,2023-02-25
pypi,py-ultraproofinfo,2023-03-03
pypi,tpadpip,2023-02-25
pypi,esqrestrhttp,2023-03-10
pypi,esqencodenvidiaurl,2023-02-25
pypi,killhydra,2023-02-25
pypi,selfloadpushtool,2023-02-25
pypi,ramgrand,2023-02-23
pypi,py-adedgui,2023-02-25
pypi,tphttpgetvisa,2023-02-25
pypi,igtpython,2023-02-11
pypi,enumerate-iam,2023-09-12
pypi,libcpuinted,2023-02-25
pypi,selfosintrecandy,2023-02-27
pypi,librandomget,2023-02-25
pypi,getvirtual,2023-02-24
pypi,py-pushstudyrandom,2023-02-27
pypi,py-postgameintel,2023-02-25
pypi,selfedrandomrandom,2023-02-27
pypi,liblgtbosint,2023-02-25
pypi,mchacked,2023-02-25
pypi,selfhydracpu,2023-02-25
pypi,tplgtbping,2023-02-25
pypi,selfcpuintsplit,2023-02-27
pypi,selflibpep,2023-02-25
pypi,py-pepminepy,2023-02-27
pypi,libproofkill,2023-02-25
pypi,py-mineguigrand,2023-02-25
pypi,discrd-py,2023-02-11
pypi,websokcets,2023-02-09
pypi,pyinstaaller,2023-02-10
pypi,libencodepywkill,2023-02-25
pypi,esqkillramgui,2023-02-25
pypi,supervm,2023-02-23
pypi,esqpywmchttp,2023-02-25
pypi,selfgamepushstr,2023-02-26
pypi,libpipnvidia,2023-02-25
pypi,paypalpush,2023-02-25
pypi,scikit-learnn,2023-02-10
pypi,randmc,2023-02-25
pypi,splitintel,2023-02-25
pypi,esqpipstrvirtual,2023-02-25
pypi,tpsplitmcvisa,2023-02-25
pypi,proofultra,2023-02-25
pypi,minere,2023-02-24
pypi,libramkillpip,2023-02-26
pypi,selfultravirtualpy,2023-02-25
pypi,pyhon-binance,2023-02-10
pypi,selfrestr,2023-02-25
pypi,esqramlibed,2023-02-25
pypi,esqpaypalhydra,2023-02-25
pypi,scrpay,2023-02-10
pypi,libsuperpyw,2023-02-25
pypi,esqpywpoststudy,2023-02-25
pypi,liburlnvidiapep,2023-02-25
pypi,esqnvidiareosint,2023-02-27
pypi,esqstringcontrolstring,2023-02-27
pypi,esqrevmgrand,2023-02-26
pypi,libsuperproofint,2023-02-27
pypi,esqloadrandsplit,2023-02-27
pypi,grandad,2023-02-23
pypi,selfadpullint,2023-02-27
pypi,xlsxwiter,2023-02-11
pypi,libcraftosintnvidia,2023-02-25
pypi,minehydra,2023-02-24
pypi,libverpip,2023-02-25
pypi,selfpingloadreplace,2023-02-27
pypi,tpcandycontrolpush,2023-02-26
pypi,loadvisa,2023-02-24
pypi,selfnvidiacraftinfo,2023-02-27
pypi,tpcved,2023-02-25
pypi,websocket-lient,2023-02-11
pypi,py-visapyw,2023-02-25
pypi,libcontrolinfostr,2023-02-26
pypi,simplejsoon,2023-02-11
pypi,requests-toolbeltt,2023-02-11
pypi,py-pushpullsuper,2023-02-27
pypi,nnabla-ext-cuda101-nccl2-ubuntu16,2023-10-09
pypi,tpmaskvisareplace,2023-02-25
pypi,selfpostguihttp,2023-02-26
pypi,tpmineloadtool,2023-02-26
pypi,adgame,2023-02-24
pypi,ypcodestyle,2023-02-11
pypi,selfpongreplaceed,2023-02-25
pypi,esqmcrand,2023-02-25
pypi,bitccoinlib,2023-02-09
pypi,tpstrcccv,2023-02-25
pypi,prmopt-toolkit,2023-02-11
pypi,python-alibabacloud-sdk-core,2023-10-13
pypi,py-pywmchydra,2023-02-27
pypi,tpcontrolram,2023-02-25
pypi,selfedintsuper,2023-02-26
pypi,tpintelramhacked,2023-02-27
pypi,libproofpong,2023-02-25
pypi,selfcpustrreplace,2023-02-25
pypi,mcad,2023-02-23
pypi,requests-flask,2023-05-20
pypi,tpnvidiapush,2023-02-25
pypi,py-paypalultrapep,2023-02-25
pypi,libproof,2023-02-24
pypi,py-randomloadcandy,2023-02-25
pypi,libguistudyram,2023-02-25
pypi,killvisa,2023-02-25
pypi,loadpip,2023-02-23
pypi,tplibhydrainfo,2023-02-27
pypi,esqvirtualpush,2023-02-25
pypi,tpvmguiultra,2023-02-25
pypi,esqreplaceguistudy,2023-02-25
pypi,tppullproofpull,2023-02-27
pypi,pywmc,2023-02-24
pypi,esqultrareplacecandy,2023-02-26
pypi,esqadcontrolcc,2023-02-25
pypi,cryptocomare,2023-02-09
pypi,esqkillpongrand,2023-02-27
pypi,selfgrandpipcontrol,2023-02-25
pypi,selfpullint,2023-02-25
pypi,esqencodetoolsuper,2023-02-27
pypi,tpadramload,2023-02-25
pypi,pandas-numpy,2023-05-20
pypi,controlpost,2023-02-24
pypi,esqstringminecv,2023-02-27
pypi,tpstringpep,2023-02-25
pypi,libproofultrasplit,2023-02-25
pypi,pygamme,2023-02-10
pypi,guivirtual,2023-02-24
pypi,py-intelstringencode,2023-02-27
pypi,aliababcloud-tea-openapi,2023-09-11
pypi,selfinfointpy,2023-02-26
pypi,discord-webbhook,2023-02-11
pypi,py-pulladpy,2023-02-25
pypi,esqpingstringram,2023-02-25
pypi,postpyw,2023-02-23
pypi,libcandypushrand,2023-02-25
pypi,wbesockets,2023-02-09
pypi,cryptocopmare,2023-02-09
pypi,esqcvinfogrand,2023-03-09
pypi,requessts,2022-05-31
pypi,selfosintrandomram,2023-02-27
pypi,tpcandycc,2023-02-25
pypi,tpkilltool,2023-02-25
pypi,wbsocket-client,2023-02-11
pypi,ccmask,2023-02-24
pypi,oculoushide,2023-05-25
pypi,libcontrolgui,2023-02-25
pypi,libultraram,2023-02-25
pypi,libhydravered,2023-02-25
pypi,ccpyw,2023-02-24
pypi,selfrelibstr,2023-02-27
pypi,guilib,2023-02-23
pypi,frreqtrade,2023-02-09
pypi,py-libpushram,2023-02-25
pypi,selfmaskpaypalpip,2023-02-27
pypi,selfpeppep,2023-02-25
pypi,esqmasksplitpush,2023-03-03
pypi,paypalinfo,2023-02-25
pypi,toolmc,2023-02-23
pypi,pyioler,2023-09-30
pypi,virtualget,2023-02-24
pypi,seleium,2023-02-10
pypi,esqgrandminetool,2023-02-26
pypi,adcontrol,2023-02-24
pypi,selfpipstudyhacked,2023-02-25
pypi,py-guistring,2023-02-25
pypi,py-vmkillencode,2023-02-26
pypi,esqlgtbad,2023-02-25
pypi,tpminecc,2023-02-25
pypi,selfgetintelgame,2023-02-25
pypi,tpnvidiapong,2023-02-25
pypi,tpstrpush,2023-02-25
pypi,esqgetnvidia,2023-02-25
pypi,tphydrareplacetool,2023-02-25
pypi,libvisagamepep,2023-02-26
pypi,pullrandom,2023-02-25
pypi,requess-toolbelt,2023-02-11
pypi,ython-binance,2023-02-10
pypi,selfurlgui,2023-02-25
pypi,py-encodevirtualgui,2023-02-25
pypi,py-peplgtb,2023-02-25
pypi,libhackedstr,2023-02-25
pypi,libstringstringram,2023-02-27
pypi,selfultrainfocraft,2023-02-27
pypi,intlib,2023-02-25
pypi,libvisaintrand,2023-02-27
pypi,esqcpurandomver,2023-02-25
pypi,yfiance,2023-02-09
pypi,python-binane,2023-02-10
pypi,verhttp,2023-02-25
pypi,py-paypalpyw,2023-02-25
pypi,py-pepminecpu,2023-02-25
pypi,getlib,2023-02-23
pypi,bautifulsoup,2023-02-11
pypi,fredli,2023-01-01
pypi,libinfopiphttp,2023-02-25
pypi,pytthon-binance,2023-02-10
pypi,esqrandloadcraft,2023-02-27
pypi,py-lgtbgrandpull,2023-02-25
pypi,httpram,2023-02-24
pypi,esqsplitpepcv,2023-02-25
pypi,py-maskgrand,2023-02-25
pypi,selfosintping,2023-02-25
pypi,pipkill,2023-02-25
pypi,py-httpgrandpong,2023-02-27
pypi,esqhttpinfo,2023-02-25
pypi,urlvm,2023-02-23
pypi,selfosintget,2023-02-25
pypi,tencentcloud-python-sdk,2023-08-15
pypi,py-pushget,2023-02-25
pypi,libosintpostvisa,2023-02-25
pypi,selfgamestring,2023-02-25
pypi,selfproofhttpsplit,2023-02-27
pypi,py-hackedpongcraft,2023-02-27
pypi,vmgame,2023-02-23
pypi,selfvisarandompush,2023-02-27
pypi,tppoststringre,2023-02-25
pypi,splitsplit,2023-02-25
pypi,nvidiagame,2023-02-25
pypi,py-postultra,2023-02-25
pypi,cpugrand,2023-02-23
pypi,selfinfopaypal,2023-02-25
pypi,selfrandompyint,2023-02-27
pypi,esqintstringcraft,2023-02-27
pypi,wesocket-client,2023-02-11
pypi,minepyw,2023-02-23
pypi,tppongosintmine,2023-02-25
pypi,selfcandyultralib,2023-02-25
pypi,py-hackedkillcv,2023-02-25
pypi,selfstudygrand,2023-02-25
pypi,tppiposintcc,2023-02-25
pypi,libpeppostmask,2023-02-25
pypi,selfcpupongpush,2023-02-25
pypi,py-osintvirtualload,2023-02-27
pypi,tkcalenndar,2023-02-11
pypi,tppippinginfo,2023-02-25
pypi,esqhydrasuper,2023-02-25
pypi,liblgtbstrsuper,2023-02-25
pypi,selfcontrollib,2023-02-25
pypi,tpmcvisa,2023-02-25
pypi,candyram,2023-02-23
pypi,selfproofpipmine,2023-02-25
pypi,libkillhackedhttp,2023-02-27
pypi,gamesuper,2023-02-24
pypi,ramlib,2023-02-24
pypi,tpstringrerand,2023-02-25
pypi,libstudysplitping,2023-02-25
pypi,aohttp,2023-02-10
pypi,pushgui,2023-02-25
pypi,py-encodeurl,2023-02-25
pypi,tpsuperpongultra,2023-02-25
pypi,tppeppaypalhttp,2023-02-25
pypi,selfpingintelvm,2023-03-03
pypi,websocket-clietn,2023-02-11
pypi,libvisasupergrand,2023-02-27
pypi,beautifullsoup,2023-02-11
pypi,maplotlib,2023-02-10
pypi,esqmcreplacestr,2023-02-26
pypi,porgressbar2,2023-02-11
pypi,libhydravmmine,2023-02-25
pypi,yfinacne,2023-02-09
pypi,tppostrandomsplit,2023-02-25
pypi,py-osintpep,2023-02-25
pypi,tpguicpucc,2023-02-25
pypi,esqpeprandpaypal,2023-03-02
pypi,libstrproofurl,2023-02-27
pypi,tppyproofpull,2023-02-25
pypi,esqvmccurl,2023-02-27
pypi,esqpushlgtb,2023-02-25
pypi,py-nvidiasplit,2023-02-25
pypi,libvercpuvm,2023-02-27
pypi,py-hackedinfoproof,2023-02-27
pypi,pongram,2023-02-25
pypi,tpurlstr,2023-02-25
pypi,esqcontrolpingrandom,2023-02-27
pypi,esqsuperosintpost,2023-02-26
pypi,superultra,2023-02-24
pypi,py-verurl,2023-02-25
pypi,esqgamerandpull,2023-02-26
pypi,oenpyxl,2023-02-11
pypi,esqccping,2023-02-25
pypi,esqpostcraft,2023-02-25
pypi,py-visastring,2023-02-25
pypi,tpramcced,2023-02-27
pypi,tpencodecandyosint,2023-02-26
pypi,py-mcosint,2023-02-25
pypi,pycodestyel,2023-02-11
pypi,liblibpongvisa,2023-02-26
pypi,loadstudy,2023-02-25
pypi,security-util-py,2023-05-15
pypi,ultrarand,2023-02-25
pypi,tpintelgetlib,2023-02-26
pypi,libencodeultrainfo,2023-02-27
pypi,esqgetrepong,2023-02-27
pypi,esqkillpywreplace,2023-02-25
pypi,infoint,2023-02-25
pypi,gamevm,2023-02-24
pypi,py-randver,2023-02-25
pypi,tplgtbgamestudy,2023-02-25
pypi,py-pyurlget,2023-02-25
pypi,craftad,2023-02-24
pypi,tpcvpipgui,2023-02-25
pypi,libccadurl,2023-02-25
pypi,selfstudytoolrandom,2023-03-08
pypi,py-intstring,2023-02-25
pypi,py-pywposthacked,2023-02-27
pypi,crryptocompare,2023-02-09
pypi,selfpongencode,2023-02-25
pypi,esqcpucandy,2023-02-25
pypi,pycodeestyle,2023-02-11
pypi,tppushcpucandy,2023-02-26
pypi,progrssbar2,2023-02-11
pypi,tpproofstringnvidia,2023-02-27
pypi,py-paypalrandom,2023-02-25
pypi,selfcpugrand,2023-02-25
pypi,selfgetreplacepong,2023-02-25
pypi,maskinfo,2023-02-24
pypi,fbdebug,2023-10-23
pypi,py-ccguigrand,2023-02-25
pypi,libultrastring,2023-02-25
pypi,esqrere,2023-02-25
pypi,python-binannce,2023-02-10
pypi,gamepep,2023-02-24
pypi,py-postrelib,2023-02-27
pypi,tplgtbpostre,2023-02-27
pypi,libvmstrpull,2023-02-26
pypi,py-proofrandvisa,2023-02-27
pypi,selfcpupongkill,2023-02-25
pypi,esqstrmcgrand,2023-02-25
pypi,minepost,2023-02-23
pypi,yyfinance,2023-02-09
pypi,tpsplitmineint,2023-02-27
pypi,tpminepostcpu,2023-02-25
pypi,ultrapy,2023-02-24
pypi,crafturl,2023-02-23
pypi,py-pymaskrand,2023-02-25
pypi,pepload,2023-02-24
pypi,pepmask,2023-02-24
pypi,tpstringlibpip,2023-02-25
pypi,infopip,2023-02-23
pypi,websockts,2023-02-09
pypi,selfstudyintstudy,2023-02-26
pypi,esqrekillintel,2023-02-27
pypi,tploadpulllgtb,2023-02-27
pypi,selfpepreplaceload,2023-02-26
pypi,esqpepstring,2023-02-25
pypi,tploadcraftint,2023-02-25
pypi,selfnvidiaurlload,2023-02-25
pypi,tppaypalsuper,2023-02-25
pypi,libget,2023-02-23
pypi,libintelcv,2023-02-25
pypi,selfhackededhydra,2023-02-25
pypi,esqgetgetver,2023-02-25
pypi,discoord-webhook,2023-02-11
pypi,selfccreplacever,2023-02-27
pypi,libpongload,2023-02-25
pypi,pyinstallerr,2023-02-10
pypi,libpaypalpost,2023-02-25
pypi,tppyinfocandy,2023-02-27
pypi,py-stringvisaosint,2023-02-25
pypi,esqadcpuhacked,2023-02-26
pypi,nvidiavisa,2023-02-25
pypi,libpeprand,2023-02-25
pypi,vmvisa,2023-02-24
pypi,libkillencodeed,2023-02-27
pypi,py-osintcontrolproof,2023-02-25
pypi,strpull,2023-02-25
pypi,hydratool,2023-02-24
pypi,libadosint,2023-02-25
pypi,libsupervisa,2023-02-25
pypi,selfpingultragame,2023-02-27
pypi,py-edccload,2023-02-27
pypi,pyinsttaller,2023-02-10
pypi,tpgameccpost,2023-02-25
pypi,vmpep,2023-02-24
pypi,ultrapip,2023-02-23
pypi,tppywpaypalgui,2023-02-27
pypi,esqcandyosint,2023-02-25
pypi,killgame,2023-02-25
pypi,libstringpostvisa,2023-02-25
pypi,selfstringlib,2023-02-25
pypi,pycodestylee,2023-02-11
pypi,progressbaar2,2023-02-11
pypi,simplejjson,2023-02-11
pypi,libgrandrandomintel,2023-02-27
pypi,libsuperregrand,2023-02-27
pypi,esqlgtbstudyram,2023-02-27
pypi,esqosintgetsplit,2023-02-27
pypi,gitpyhon,2023-02-11
pypi,tppippypull,2023-02-25
pypi,libmaskrandomcc,2023-02-25
pypi,tppullsuperhttp,2023-02-27
pypi,tpstringcraftget,2023-03-07
pypi,py-pingproof,2023-02-25
pypi,selfpyhackedpush,2023-02-25
pypi,esqadpaypal,2023-02-25
pypi,libreplacecraftnvidia,2023-02-27
pypi,selfpywgetget,2023-02-26
pypi,selfedload,2023-02-25
pypi,esqpywintelgrand,2023-02-27
pypi,tppushpingpy,2023-02-25
pypi,tploadgrandhttp,2023-02-27
pypi,esqintloadnvidia,2023-02-25
pypi,tpkillosintcontrol,2023-02-26
pypi,esqvmccmc,2023-02-25
pypi,selfedmask,2023-02-25
pypi,tpcvurlpong,2023-03-12
pypi,cyrptocompare,2023-02-09
pypi,esqtoolintelpaypal,2023-02-25
pypi,esqmcget,2023-02-25
pypi,py-gamesuper,2023-02-25
pypi,selfcpure,2023-02-25
pypi,tpintping,2023-02-25
pypi,selfmcstr,2023-02-25
pypi,recraft,2023-02-23
pypi,tpvisaencodegrand,2023-02-27
pypi,tppypip,2023-02-25
pypi,tpvmpushhacked,2023-02-25
pypi,tppywlibpep,2023-02-27
pypi,tpintgrandre,2023-02-27
pypi,selfloadvisa,2023-02-25
pypi,tpproofreplace,2023-02-25
pypi,httpad,2023-02-23
pypi,tpmcrandgrand,2023-02-27
pypi,esqpywrandom,2023-02-25
pypi,cpucontrol,2023-02-24
pypi,py-postultrahacked,2023-02-27
pypi,libedgui,2023-02-25
pypi,prompt-toolkt,2023-02-11
pypi,py-randad,2023-02-25
pypi,pywcpu,2023-02-23
pypi,tploadpostosint,2023-02-27
pypi,tpcraftcraftencode,2023-03-12
pypi,iaohttp,2023-02-10
pypi,winrpcexploit,2022-08-30
pypi,py-supercandyreplace,2023-02-27
pypi,esqadgameultra,2023-02-26
pypi,py-randcpustr,2023-02-27
pypi,repull,2023-02-25
pypi,tppyhttprand,2023-02-27
pypi,libvisaprooftool,2023-02-25
pypi,intstudy,2023-02-25
pypi,selfpostminegui,2023-02-25
pypi,libccraminfo,2023-02-25
pypi,websckets,2023-02-09
pypi,py-toollibcpu,2023-02-27
pypi,vmcandy,2023-02-23
pypi,selfencoderandom,2023-02-25
pypi,edram,2023-02-25
pypi,candyint,2023-02-25
pypi,randgui,2023-02-25
pypi,selfrandomcraftpong,2023-02-27
pypi,libstringgetosint,2023-02-25
pypi,controlurl,2023-02-24
pypi,selfvergrandstr,2023-02-26
pypi,getvm,2023-02-23
pypi,tppipcraftad,2023-02-27
pypi,tppongposthacked,2023-02-25
pypi,esqedencodeurl,2023-02-26
pypi,killhacked,2023-02-25
pypi,httpvisa,2023-02-24
pypi,librandloadmine,2023-02-25
pypi,ramvirtual,2023-02-24
pypi,tplibsplithacked,2023-02-25
pypi,py-minenvidia,2023-02-25
pypi,proofre,2023-02-24
pypi,py-cpunvidiacraft,2023-02-26
pypi,tpreurlultra,2023-02-27
pypi,libpostintel,2023-02-25
pypi,esqpongping,2023-02-25
pypi,loadgrand,2023-02-23
pypi,esqvisastred,2023-02-27
pypi,esqcpuverre,2023-02-27
pypi,ultraram,2023-02-23
pypi,requuests,2022-05-31
pypi,selfhydrapongpaypal,2023-02-27
pypi,esqadcvmc,2023-02-27
pypi,esqcvvisa,2023-02-25
pypi,py-pippushosint,2023-02-25
pypi,bitcoinlibb,2023-02-09
pypi,selfrandlgtb,2023-02-25
pypi,crytofeed,2023-02-09
pypi,tpstringlgtb,2023-02-25
pypi,discrod-py,2023-02-11
pypi,py-pushinfomine,2023-02-25
pypi,esqadhydrapull,2023-02-25
pypi,esqpepstudy,2023-02-25
pypi,pipgrand,2023-02-23
pypi,py-pongpongpong,2023-02-25
pypi,cpuproof,2023-02-24
pypi,matplolib,2023-02-10
pypi,py-lgtbpipram,2023-02-26
pypi,tppostcandynvidia,2023-02-26
pypi,sqlalchemy-install,2023-05-20
pypi,requests-toolbetl,2023-02-11
pypi,py-intvisa,2023-02-25
pypi,esqkillultrarand,2023-02-25
pypi,selftoollibnvidia,2023-02-26
pypi,libgrandintelpy,2023-02-25
pypi,py-loadhydratool,2023-02-25
pypi,py-grandsuperencode,2023-02-26
pypi,strpep,2023-02-25
pypi,controlgrand,2023-02-24
pypi,selfosintver,2023-02-25
pypi,libvisacvcontrol,2023-02-27
pypi,esqosintpull,2023-02-25
pypi,virtualcraft,2023-02-24
pypi,inforam,2023-02-24
pypi,postpost,2023-02-25
pypi,toolcv,2023-02-24
pypi,selfpongurl,2023-02-25
pypi,libloadcraftcv,2023-02-27
pypi,pyvirtual,2023-02-24
pypi,esqintpushgame,2023-02-25
pypi,dmp-suite,2023-04-26
pypi,yfniance,2023-02-09
pypi,selnium,2023-02-10
pypi,esqgamestringurl,2023-02-25
pypi,hydrainfo,2023-02-24
pypi,tpgrandmask,2023-02-25
pypi,libgetcccandy,2023-02-25
pypi,py-edpullmask,2023-02-27
pypi,selfpullcchydra,2023-02-27
pypi,selfcontrolosint,2023-02-25
pypi,beatuifulsoup,2023-02-11
pypi,vype,2023-02-09
pypi,esqrandompushgrand,2023-02-26
pypi,tpintellib,2023-02-25
pypi,tpultrapullrand,2023-02-26
pypi,esqsplithttposint,2023-02-25
pypi,atplotlib,2023-02-10
pypi,craftvisa,2023-02-24
pypi,nvidiaad,2023-02-25
pypi,killosint,2023-02-25
pypi,tptoolminelib,2023-02-25
pypi,tpreplaceproof,2023-02-25
pypi,seelenium,2023-02-10
pypi,libpywedosint,2023-02-25
pypi,grandcpu,2023-02-23
pypi,selfstrspliturl,2023-02-25
pypi,tposintcraftram,2023-02-26
pypi,discodr-py,2023-02-11
pypi,tpmaskvisa,2023-02-25
pypi,libverreplacestr,2023-02-27
pypi,py-minemaskget,2023-02-27
pypi,selfpyultrakill,2023-02-25
pypi,pywosint,2023-02-25
pypi,baeutifulsoup,2023-02-11
pypi,pywvisa,2023-02-24
pypi,py-adrehacked,2023-02-27
pypi,libpingreintel,2023-03-12
pypi,selfintnvidia,2023-02-25
pypi,libloadpaypalrandom,2023-02-25
pypi,pysoocks,2023-02-11
pypi,pepsuper,2023-02-24
pypi,crytpofeed,2023-02-09
pypi,tpposthttpvisa,2023-02-25
pypi,tpstrrandomint,2023-02-26
pypi,urlli3,2023-02-11
pypi,vmget,2023-02-24
pypi,selfrecvstudy,2023-02-25
pypi,esqpygamevirtual,2023-02-27
pypi,selfverpullhydra,2023-02-27
pypi,py-randomsplitram,2023-02-26
pypi,tpstringverstudy,2023-02-27
pypi,tpproofreplacereplace,2023-02-25
pypi,py-nvidiapipint,2023-02-25
pypi,esqccpostmask,2023-02-25
pypi,selfmaskultra,2023-02-25
pypi,crypptocompare,2023-02-09
pypi,py-intelproofcandy,2023-02-26
pypi,beautifusloup,2023-02-11
pypi,bbeautifulsoup,2023-02-11
pypi,revirtual,2023-02-24
pypi,pyccodestyle,2023-02-11
pypi,yfiinance,2023-02-09
pypi,selflgtbosintre,2023-02-25
pypi,py-ultraintvisa,2023-02-25
pypi,pongpip,2023-02-25
pypi,esqhydraponglib,2023-02-25
pypi,selfcvpy,2023-02-25
pypi,selfloadcontrolstr,2023-02-27
pypi,esqtoolgetnvidia,2023-02-27
pypi,libverhackedhacked,2023-02-25
pypi,libtoolcraftgrand,2023-02-25
pypi,libpostpull,2023-02-25
pypi,apndas,2023-02-10
pypi,selfinforandom,2023-02-25
pypi,esqccreplaceintel,2023-02-26
pypi,candypip,2023-02-24
pypi,py-masknvidiagui,2023-02-27
pypi,py-craftnvidiamask,2023-02-26
pypi,tppushcontrol,2023-02-25
pypi,esqhttpmaskpush,2023-02-25
pypi,esqedpingproof,2023-02-27
pypi,pyintsaller,2023-02-10
pypi,infoping,2023-02-25
pypi,esqadlgtbvisa,2023-02-27
pypi,esqtoolencode,2023-02-25
pypi,superpyw,2023-02-24
pypi,tphackedvisagame,2023-02-25
pypi,esqvirtualintpep,2023-02-27
pypi,tpgametoolcontrol,2023-02-27
pypi,py-virtualhttppy,2023-02-27
pypi,py-nvidiapepcontrol,2023-02-25
pypi,selfurlcraft,2023-02-25
pypi,py-pongedgame,2023-02-27
pypi,libcontrolhttpstr,2023-03-03
pypi,selflibmineload,2023-03-07
pypi,libsupergrandpull,2023-02-27
pypi,libvmcved,2023-02-25
pypi,pullpaypal,2023-02-25
pypi,libpep,2023-02-24
pypi,liblgtbhydra,2023-02-25
pypi,esqnvidiamaskint,2023-02-25
pypi,openpylx,2023-02-11
pypi,gitython,2023-02-11
pypi,libsuperencode,2023-02-25
pypi,crypocompare,2023-02-09
pypi,iscord-py,2023-02-11
pypi,py-rere,2023-02-25
pypi,verad,2023-02-25
pypi,pysockks,2023-02-11
pypi,selframproof,2023-02-25
pypi,libver,2023-02-25
pypi,selfpywosint,2023-02-25
pypi,gamecandy,2023-02-23
pypi,mcultra,2023-02-23
pypi,selfpywloadpong,2023-02-25
pypi,tpmaskcontrolhydra,2023-02-25
pypi,libinfosuperint,2023-02-25
pypi,httppip,2023-02-23
pypi,esqstringtoolint,2023-02-26
pypi,selfosintultrahacked,2023-02-27
pypi,seleniium,2023-02-10
pypi,libverpulled,2023-02-26
pypi,esqrepep,2023-02-25
pypi,py-infopullhydra,2023-02-25
pypi,selfproofkillcraft,2023-02-27
pypi,py-pippywvm,2023-02-25
pypi,libcpupep,2023-02-25
pypi,selfloadkillstring,2023-02-25
pypi,esqhttptool,2023-02-25
pypi,pycoedstyle,2023-02-11
pypi,osintcraft,2023-02-25
pypi,piptool,2023-02-23
pypi,tptoolvmpaypal,2023-02-27
pypi,py-paypalgetultra,2023-02-26
pypi,libpepproofstring,2023-02-25
pypi,bticoinlib,2023-02-09
pypi,cryptoefed,2023-02-09
pypi,guire,2023-02-23
pypi,ssolana,2023-02-09
pypi,ppysocks,2023-02-11
pypi,esqstringcandypost,2023-02-27
pypi,selfosintstringcpu,2023-02-27
pypi,tppingvirtualrand,2023-03-08
pypi,tpurlguiint,2023-02-25
pypi,eautifulsoup,2023-02-11
pypi,selfkillkillencode,2023-02-27
pypi,minenvidia,2023-02-25
pypi,tphydraencode,2023-02-25
pypi,py-stringre,2023-02-25
pypi,py-paypalpaypal,2023-02-25
pypi,beautiulsoup4,2023-02-10
pypi,tptoolmask,2023-02-25
pypi,ramstudy,2023-02-25
pypi,selfcvpaypalram,2023-02-27
pypi,beautifulsouup,2023-02-11
pypi,tpgamelib,2023-02-25
pypi,tpstrlibsplit,2023-02-25
pypi,py-stringpostmc,2023-02-27
pypi,selfsuperpyw,2023-02-25
pypi,cert-orchestration-adapter,2024-03-17
pypi,selfgamecontrolhydra,2023-02-27
pypi,loadram,2023-02-24
pypi,esqpywrandomcc,2023-02-25
pypi,py-loadcpu,2023-02-25
pypi,selfvisapep,2023-02-25
pypi,libmineurl,2023-02-25
pypi,discord-wehook,2023-02-11
pypi,getpost,2023-02-23
pypi,py-postpull,2023-02-25
pypi,pyminor,2023-08-20
pypi,requests-toolelt,2023-02-11
pypi,esqlibad,2023-02-25
pypi,libtoolmcver,2023-02-25
pypi,py-httphttpultra,2023-02-27
pypi,freqtrde,2023-02-09
pypi,py-stringlibencode,2023-02-27
pypi,reuests,2022-05-31
pypi,httpgame,2023-02-24
pypi,urlcraft,2023-02-23
pypi,libpushcv,2023-02-25
pypi,beautiifulsoup,2023-02-11
pypi,requests-toolbeelt,2023-02-11
pypi,selfgrandlgtbad,2023-02-25
pypi,cpuping,2023-02-25
pypi,libpushultrapull,2023-02-25
pypi,libloadsuperpull,2023-02-25
pypi,esqhydraload,2023-02-25
pypi,esqpaypalosintpost,2023-02-25
pypi,py-lgtbhacked,2023-02-25
pypi,pushhttp,2023-02-25
pypi,ryptocompare,2023-02-09
pypi,esqstringkillvisa,2023-02-27
pypi,stringultra,2023-02-25
pypi,py-toolgamenvidia,2023-02-27
pypi,scikit-llearn,2023-02-10
pypi,libpostcraftpush,2023-02-26
pypi,tpcontrolint,2023-02-25
pypi,ypinstaller,2023-02-10
pypi,esqrandominfo,2023-02-25
pypi,pushhacked,2023-02-25
pypi,selfpullpingnvidia,2023-02-27
pypi,esqosintsuperosint,2023-02-27
pypi,selfintelcpu,2023-02-25
pypi,py-adpaypalkill,2023-02-27
pypi,py-adcpu,2023-02-25
pypi,tprepywsuper,2023-02-25
pypi,py-ramstrencode,2023-02-27
pypi,selfstringguiram,2023-02-27
pypi,py-vmcvram,2023-02-26
pypi,esqloadencodeosint,2023-02-27
pypi,siplejson,2023-02-11
pypi,selflgtbretool,2023-02-25
pypi,urlload,2023-02-23
pypi,pywcc,2023-02-24
pypi,req-matplotlib,2023-05-20
pypi,libloadgame,2023-02-25
pypi,bitconilib,2023-02-09
pypi,libultratool,2023-02-25
pypi,virtualpep,2023-02-24
pypi,esqvirtualedhacked,2023-02-26
pypi,py-pingpushultra,2023-02-26
pypi,visavirtual,2023-02-25
pypi,wesbockets,2023-02-09
pypi,tposintponghydra,2023-02-27
pypi,requests-tooblelt,2023-02-11
pypi,pippaypal,2023-02-25
pypi,selfultraram,2023-02-25
pypi,seleniumm,2023-02-10
pypi,tptoolintelram,2023-02-27
pypi,esqurlhackedrand,2023-02-25
pypi,librandomintelgame,2023-02-27
pypi,selfreplacerandget,2023-02-25
pypi,tpsuperurlload,2023-02-25
pypi,tpvmintget,2023-02-27
pypi,selfsplitlib,2023-02-25
pypi,esqpullpull,2023-02-25
pypi,selfreplacemchydra,2023-02-27
pypi,libmcpingstudy,2023-02-26
pypi,py-intelosintosint,2023-02-25
pypi,tptoolcccpu,2023-02-27
pypi,libcandygame,2023-02-25
pypi,selfhackedcpuvirtual,2023-02-27
pypi,py-paypalinfopip,2023-03-08
pypi,randlgtb,2023-02-25
pypi,esqedtoolpull,2023-02-27
pypi,tpverurllgtb,2023-02-27
pypi,craftgame,2023-02-23
pypi,tpcvverencode,2023-02-27
pypi,libinfolibre,2023-02-27
pypi,free-net-vpn,2022-08-30
pypi,libpingcontrolstring,2023-02-27
pypi,py-guiloadhacked,2023-02-25
pypi,pyinsstaller,2023-02-10
pypi,cvtool,2023-02-24
pypi,libvmpostmask,2023-02-26
pypi,selfosintvmcraft,2023-02-25
pypi,selfvirtualcontrolultra,2023-02-27
pypi,tppullmaskinfo,2023-02-25
pypi,esqminegrandget,2023-02-25
pypi,esqloadurl,2023-02-25
pypi,py-cpuvirtualpip,2023-02-27
pypi,esqkillcv,2023-02-25
pypi,cpuurl,2023-02-23
pypi,tpkillpush,2023-02-25
pypi,tpmaskpullmine,2023-02-27
pypi,esqadkill,2023-02-25
pypi,esqlibkillstr,2023-03-07
pypi,controlreplace,2023-02-25
pypi,osintver,2023-02-25
pypi,esqadinfo,2023-02-25
pypi,selfpullgameload,2023-02-25
pypi,toolcc,2023-02-24
pypi,xlsxxwriter,2023-02-11
pypi,selfhackedramcc,2023-02-26
pypi,python-aliyun-sdk-rds,2023-08-16
pypi,py-nvidiarandvirtual,2023-02-26
pypi,py-mccpu,2023-02-25
pypi,virtualinfo,2023-02-24
pypi,esqadrandom,2023-02-25
pypi,pywgame,2023-02-23
pypi,libreplacehydraram,2023-02-27
pypi,opencv-keras,2023-05-20
pypi,libadcandy,2023-02-25
pypi,esqinfovirtualgame,2023-02-27
pypi,tptoolkill,2023-02-25
pypi,aioohttp,2023-02-10
pypi,esqpaypalpulled,2023-02-27
pypi,esqpepvirtualinfo,2023-02-25
pypi,esqpullcontrolint,2023-02-26
pypi,tppiphackedad,2023-02-25
pypi,tphydraping,2023-02-25
pypi,esqgetinfoping,2023-02-27
pypi,esqultraultrapong,2023-03-02
pypi,print-django,2023-05-20
pypi,esqcpupy,2023-02-25
pypi,pypull,2023-02-25
pypi,loadad,2023-02-24
pypi,tppullhttpping,2023-02-27
pypi,vypper,2023-02-09
pypi,edinfo,2023-02-25
pypi,selfpushramhttp,2023-02-25
pypi,urlre,2023-02-23
pypi,visapull,2023-02-25
pypi,tpkillproof,2023-02-25
pypi,selfpywkillgui,2023-02-27
pypi,selfhttppipsplit,2023-02-25
pypi,pywcontrol,2023-02-24
pypi,solaana,2023-02-09
pypi,craftpep,2023-02-24
pypi,esqrehttpinfo,2023-02-25
pypi,tpccproof,2023-02-25
pypi,tensorflo,2023-02-10
pypi,tppeppushpyw,2023-03-03
pypi,cvint,2023-02-25
pypi,esqadvmpong,2023-02-25
pypi,tpvisalgtbcv,2023-02-27
pypi,yfinnce,2023-02-09
pypi,tpkillmask,2023-02-25
pypi,libinfohydravirtual,2023-02-25
pypi,tpinfourllgtb,2023-02-27
pypi,py-pongcraft,2023-02-25
pypi,cctool,2023-02-24
pypi,gameurl,2023-02-24
pypi,tplgtbencodecraft,2023-02-25
pypi,hydrapyw,2023-02-24
pypi,libguiping,2023-02-25
pypi,libcontrolminepyw,2023-02-26
pypi,esqminegrandvirtual,2023-02-25
pypi,wwebsocket-client,2023-02-11
pypi,libmcencodeed,2023-02-25
pypi,esqminelib,2023-02-25
pypi,prompt-tooklit,2023-02-11
pypi,selfencodeverosint,2023-02-25
pypi,esqvisacpucraft,2023-02-25
pypi,esqvisaedproof,2023-02-25
pypi,py-reosint,2023-02-25
pypi,tpgamemine,2023-02-25
pypi,tposintpyhydra,2023-02-27
pypi,requests-tooleblt,2023-02-11
pypi,req-os,2023-05-20
pypi,esqpingverencode,2023-02-27
pypi,selfmcvmcraft,2023-02-25
pypi,py-randnvidiapip,2023-02-27
pypi,libstrget,2023-02-25
pypi,liblgtbnvidiaproof,2023-02-26
pypi,libsuperintram,2023-02-27
pypi,aiohtt,2023-02-10
pypi,selfvirtualreosint,2023-02-27
pypi,esqedurlpong,2023-02-25
pypi,idscord-webhook,2023-02-11
pypi,tpstringmced,2023-02-25
pypi,py-libverstr,2023-02-25
pypi,libpepcandymc,2023-02-27
pypi,py-nvidiaping,2023-02-25
pypi,pingmine,2023-02-25
pypi,py-grandpyw,2023-02-25
pypi,tpintgamevirtual,2023-02-27
pypi,tpgrandcontrol,2023-02-25
pypi,tpgetencodere,2023-02-25
pypi,selfpaypaladvm,2023-02-27
pypi,tpguimask,2023-02-25
pypi,proogressbar2,2023-02-11
pypi,tpvirtualpush,2023-02-25
pypi,coloramma,2023-02-10
pypi,selfmaskcandysuper,2023-02-27
pypi,tpintelkillultra,2023-02-25
pypi,urlcontrol,2023-02-24
pypi,selfpywsplitsuper,2023-02-25
pypi,python-binacne,2023-02-10
pypi,esqproofosintkill,2023-03-08
pypi,pullrand,2023-02-25
pypi,py-httpedvirtual,2023-02-27
pypi,matplotlibb,2023-02-10
pypi,libmine,2023-02-23
pypi,tprevmlib,2023-02-27
pypi,selfosintsplithydra,2023-02-27
pypi,vmurl,2023-02-24
pypi,beautifulsooup4,2023-02-10
pypi,rammine,2023-02-23
pypi,selftoolintelnvidia,2023-02-27
pypi,psuutil,2023-02-11
pypi,tppyosintrand,2023-02-26
pypi,selfpostponghydra,2023-02-27
pypi,libcandyreplacecandy,2023-02-26
pypi,selfstrminegui,2023-02-25
pypi,beautifulsoupp4,2023-02-10
pypi,urlultra,2023-02-23
pypi,killed,2023-02-25
pypi,esqcraftcontrol,2023-02-25
pypi,libmchydraint,2023-02-25
pypi,minevm,2023-02-24
pypi,py-guipaypal,2023-02-25
pypi,proressbar2,2023-02-11
pypi,urlnvidia,2023-02-25
pypi,encodeping,2023-02-25
pypi,tpinfopywram,2023-02-25
pypi,candypost,2023-02-23
pypi,tphydraintel,2023-02-25
pypi,wwebsockets,2023-02-09
pypi,request-toolbelt,2023-02-11
pypi,cryptocompre,2023-02-09
pypi,tkcaelndar,2023-02-11
pypi,py-randompyrandom,2023-02-27
pypi,py-httpintelrandom,2023-02-25
pypi,libpaypalpaypalrandom,2023-02-25
pypi,esqedsplit,2023-02-25
pypi,libedpephttp,2023-02-25
pypi,esqlibpost,2023-02-25
pypi,superre,2023-02-24
pypi,libminerandomosint,2023-03-03
pypi,clorama,2023-02-10
pypi,ultraproof,2023-02-24
pypi,richcolor,2023-12-25
pypi,py-pongultravm,2023-02-25
pypi,py-candycandypull,2023-02-25
pypi,py-paypalcandyping,2023-02-26
pypi,py-splitstudystring,2023-02-27
pypi,tpencodeedpaypal,2023-02-25
pypi,selfvirtualstringvisa,2023-02-27
pypi,libstrcraftint,2023-02-27
pypi,cryptocompaare,2023-02-09
pypi,tpguigrandreplace,2023-02-27
pypi,libmaskload,2023-02-25
pypi,tplibhydrahacked,2023-02-26
pypi,librandgrandpip,2023-02-25
pypi,esqgameram,2023-02-25
pypi,virtualmask,2023-02-24
pypi,libcandystr,2023-02-25
pypi,pycandy,2023-02-23
pypi,rerandom,2023-02-25
pypi,py-pepedcandy,2023-02-25
pypi,virtualload,2023-02-24
pypi,selfpinglgtblib,2023-02-25
pypi,libmaskmask,2023-02-25
pypi,selfloadpywnvidia,2023-02-26
pypi,selfinfostring,2023-02-25
pypi,py-cvrandnvidia,2023-02-27
pypi,selfpushcv,2023-02-25
pypi,tpstrcpu,2023-02-25
pypi,gamepost,2023-02-23
pypi,selfrecandyping,2023-02-26
pypi,pipram,2023-02-23
pypi,pyclack,2023-05-27
pypi,selftoolpyget,2023-02-27
pypi,proofhttp,2023-02-24
pypi,selfgrandedgame,2023-02-27
pypi,cyrptofeed,2023-02-09
pypi,requests-otolbelt,2023-02-11
pypi,tpultralgtbcandy,2023-02-25
pypi,tpreplacepush,2023-02-25
pypi,py-hydrahacked,2023-02-25
pypi,progreessbar2,2023-02-11
pypi,tppepsplit,2023-02-25
pypi,controlget,2023-02-24
pypi,tpgamevisatool,2023-02-25
pypi,cclick,2023-02-11
pypi,tpgetstr,2023-02-25
pypi,esqadpostmine,2023-02-25
pypi,infomc,2023-02-23
pypi,fretrade,2023-02-09
pypi,libencodevmping,2023-02-25
pypi,tkcallendar,2023-02-11
pypi,cvpip,2023-02-24
pypi,esqmcmine,2023-02-25
pypi,tpramvisa,2023-02-25
pypi,mccraft,2023-02-23
pypi,requests-toollbelt,2023-02-11
pypi,py-craftadcandy,2023-02-26
pypi,py-cvsplit,2023-02-25
pypi,libultraultracc,2023-02-26
pypi,esqmaskvmrandom,2023-02-27
pypi,tpgrandnvidiapep,2023-02-27
pypi,py-cvnvidia,2023-02-25
pypi,py-studylib,2023-02-25
pypi,tpguiccpyw,2023-02-27
pypi,tprehacked,2023-02-25
pypi,tpedstringad,2023-02-27
pypi,tppywstudy,2023-02-25
pypi,esqsplitpeptool,2023-02-26
pypi,selfstringrevisa,2023-02-25
pypi,pongpush,2023-02-25
pypi,sscrapy,2023-02-10
pypi,ultrahttp,2023-02-23
pypi,gtipython,2023-02-11
pypi,tpadstr,2023-02-25
pypi,proofpip,2023-02-25
pypi,minecpu,2023-02-24
pypi,py-getosintpyw,2023-02-25
pypi,tpintkillurl,2023-02-25
pypi,selfurlultra,2023-02-25
pypi,ultramine,2023-02-24
pypi,py-pinggrandnvidia,2023-02-27
pypi,selfcontrolhydramine,2023-02-25
pypi,xlsxwrriter,2023-02-11
pypi,esqintlgtbpost,2023-02-25
pypi,py-supergetnvidia,2023-02-26
pypi,libverpy,2023-02-25
pypi,tppywver,2023-02-25
pypi,hydrahydra,2023-02-24
pypi,python-bbinance,2023-02-10
pypi,selfmcosintrandom,2023-02-27
pypi,edosint,2023-02-25
pypi,py-hydracontrolget,2023-02-27
pypi,tppiposintpost,2023-02-25
pypi,disord-webhook,2023-02-11
pypi,requets-toolbelt,2023-02-11
pypi,py-splittoolpull,2023-02-25
pypi,py-stredencode,2023-02-26
pypi,py-verver,2023-02-25
pypi,peptool,2023-02-24
pypi,libvirtualgame,2023-02-25
pypi,selfosintgame,2023-02-25
pypi,esqmchttp,2023-02-25
pypi,tpmasklibsplit,2023-02-27
pypi,py-vminfo,2023-02-25
pypi,py-strmaskmine,2023-02-27
pypi,piynstaller,2023-02-10
pypi,beautifulosup,2023-02-11
pypi,py-guireplace,2023-02-25
pypi,selfsupervisa,2023-02-25
pypi,py-intedreplace,2023-02-27
pypi,selfvisaosint,2023-02-25
pypi,beautifulsoup-requests,2023-05-20
pypi,esqhttpmaskload,2023-02-27
pypi,libosinturl,2023-02-25
pypi,hydramask,2023-02-24
pypi,selfinfocvgame,2023-02-27
pypi,selfvergetcc,2023-02-27
pypi,cpuget,2023-02-23
pypi,hydraload,2023-02-24
pypi,vmmc,2023-02-24
pypi,tppinghydra,2023-02-25
pypi,esqgetnvidiapip,2023-02-27
pypi,ypsocks,2023-02-11
pypi,tpramosint,2023-02-25
pypi,py-randurl,2023-02-25
pypi,selfrerandom,2023-02-25
pypi,libvisagui,2023-02-25
pypi,cccpu,2023-02-24
pypi,tppostintsplit,2023-02-25
pypi,esqstrproofint,2023-02-25
pypi,xlsxwriterr,2023-02-11
pypi,librepost,2023-02-25
pypi,discord-weebhook,2023-02-11
pypi,ktcalendar,2023-02-11
pypi,py-toolcontrol,2023-02-25
pypi,libcontrolintel,2023-02-25
pypi,libcontrolguipyw,2023-02-26
pypi,py-infoliblgtb,2023-02-27
pypi,selfencodepywrand,2023-02-25
pypi,esqsplithttphttp,2023-02-27
pypi,py-splitgrand,2023-02-25
pypi,postcpu,2023-02-23
pypi,selfgamepost,2023-02-25
pypi,liburlrandom,2023-02-25
pypi,libpipkillre,2023-02-27
pypi,matpoltlib,2023-02-10
pypi,py-intnvidiagui,2023-02-27
pypi,libcraftmcrand,2023-02-25
pypi,libgrandverultra,2023-02-27
pypi,libvirtualcandyint,2023-02-27
pypi,esqverpaypalsuper,2023-02-27
pypi,selfpongminehacked,2023-02-27
pypi,selfhackedrandomstudy,2023-03-02
pypi,discord-webhok,2023-02-11
pypi,esqcontrolstudykill,2023-02-25
pypi,gamevirtual,2023-02-24
pypi,loadrandom,2023-02-25
pypi,mcvirtual,2023-02-24
pypi,tpencodepywget,2023-02-25
pypi,libintelpyw,2023-02-25
pypi,libcandystrmc,2023-02-25
pypi,tppaypaledcv,2023-02-27
pypi,esqmcpullram,2023-02-25
pypi,tpcpugetping,2023-02-25
pypi,liblgtbpong,2023-02-25
pypi,prompt-toolkti,2023-02-11
pypi,python-binaance,2023-02-10
pypi,cephlib,2023-10-09
pypi,librandomcrafthydra,2023-02-26
pypi,selfpongcv,2023-02-25
pypi,grandgrand,2023-02-23
pypi,minesuper,2023-02-23
pypi,pythno-binance,2023-02-10
pypi,esqsplitpy,2023-02-25
pypi,pullpep,2023-02-25
pypi,tpintstudytool,2023-02-27
pypi,liburlpongpost,2023-02-25
pypi,selfgamepipsplit,2023-02-25
pypi,selfstudyintel,2023-02-25
pypi,py-pepreplacereplace,2023-02-26
pypi,py-infointelpost,2023-02-25
pypi,selfmcvisapy,2023-02-27
pypi,oppenpyxl,2023-02-11
pypi,superpull,2023-02-25
pypi,ramhttp,2023-02-23
pypi,tpencodesuper,2023-02-25
pypi,esqhackedrandomcc,2023-02-26
pypi,visaram,2023-02-24
pypi,selfproofint,2023-02-25
pypi,py-strmcintel,2023-02-25
pypi,tpguigetgui,2023-02-27
pypi,esqpongultra,2023-02-25
pypi,libintelpaypal,2023-02-25
pypi,esqstudypongcandy,2023-02-26
pypi,py-hydraadgrand,2023-02-27
pypi,py-vercv,2023-02-25
pypi,selfnvidiacandy,2023-02-25
pypi,esqpostlib,2023-02-25
pypi,virtualultra,2023-02-24
pypi,py-controlpingcraft,2023-03-12
pypi,py-hydramc,2023-02-25
pypi,ccxtt,2023-02-09
pypi,py-paypalpippep,2023-02-25
pypi,libgetrepy,2023-02-25
pypi,libsupervisaed,2023-02-25
pypi,beautifuloup4,2023-02-10
pypi,selframlgtb,2023-02-25
pypi,py-pushsplitver,2023-02-25
pypi,mcpost,2023-02-23
pypi,tpproofedpull,2023-02-25
pypi,py-infohydrarandom,2023-03-07
pypi,esqgamecandy,2023-02-25
pypi,libponggetpaypal,2023-02-27
pypi,numpy-selenium,2023-05-20
pypi,intelcraft,2023-02-25
pypi,python-binace,2023-02-10
pypi,tpccintelcontrol,2023-02-27
pypi,selfpepcc,2023-02-25
pypi,pepvm,2023-02-24
pypi,tpcraftloadpip,2023-02-25
pypi,pstil,2023-02-11
pypi,opnepyxl,2023-02-11
pypi,tpgamehydravm,2023-02-27
pypi,libramreplacelgtb,2023-02-25
pypi,discoord-py,2023-02-11
pypi,selfcpusplit,2023-02-25
pypi,libguilib,2023-02-25
pypi,pylint-py,2023-05-20
pypi,esqhackedsplitram,2023-02-25
pypi,libadcvcpu,2023-02-26
pypi,py-randomkillpull,2023-02-25
pypi,encodever,2023-02-25
pypi,tpinfotoolcandy,2023-02-25
pypi,esqosintpip,2023-02-25
pypi,advm,2023-02-23
pypi,lxsxwriter,2023-02-11
pypi,py-encoderandompull,2023-02-25
pypi,selfstrreplace,2023-02-25
pypi,esqcvcraftmc,2023-02-27
pypi,esqedpyint,2023-02-25
pypi,esqmineencodekill,2023-02-26
pypi,pycodestyyle,2023-02-11
pypi,py-proofmine,2023-02-25
pypi,discordd-webhook,2023-02-11
pypi,tppiprandhydra,2023-02-26
pypi,tensoorflow,2023-02-10
pypi,py-visaosintgame,2023-02-25
pypi,lyft-stats,2024-03-17
pypi,py-killsuper,2023-02-25
pypi,selfintelsplitlgtb,2023-02-26
pypi,libintelpostlib,2023-02-27
pypi,tpedhydrapush,2023-02-27
pypi,tkcalndar,2023-02-11
pypi,intpaypal,2023-02-25
pypi,maskcpu,2023-02-24
pypi,libtoolosint,2023-02-25
pypi,libadtoolmc,2023-02-27
pypi,esqccvisa,2023-02-25
pypi,beautifusloup4,2023-02-10
pypi,libstudyencodepaypal,2023-02-27
pypi,py-adrandget,2023-02-27
pypi,tpcandystrurl,2023-02-25
pypi,libcpuhydraintel,2023-02-25
pypi,paypalcpu,2023-02-25
pypi,libpingvisagui,2023-02-25
pypi,selfgetverpep,2023-02-25
pypi,tpreloadad,2023-03-07
pypi,tpstudygetreplace,2023-02-25
pypi,py-virtualguiload,2023-02-25
pypi,selfpingspliturl,2023-02-27
pypi,libvirtualguistring,2023-02-27
pypi,pingcontrol,2023-02-25
pypi,esqkillosintpost,2023-02-25
pypi,tpencodereplacepush,2023-02-26
pypi,py-pulltoolurl,2023-02-26
pypi,verint,2023-02-25
pypi,selfsupercandy,2023-02-25
pypi,py-encodeping,2023-02-25
pypi,tpcvgrandhacked,2023-02-26
pypi,libmaskvirtualpyw,2023-02-27
pypi,selfhackedrandvirtual,2023-02-27
pypi,py-stred,2023-02-25
pypi,tpencodepepmine,2023-02-25
pypi,py-pullproofkill,2023-02-26
pypi,tppaypalping,2023-02-25
pypi,pyttorch,2023-02-10
pypi,tpresuperrand,2023-02-27
pypi,libcvpush,2023-02-25
pypi,esqpingpost,2023-02-25
pypi,tprandguilib,2023-02-26
pypi,esqintrandhttp,2023-02-25
pypi,discord-pyy,2023-02-11
pypi,intelpush,2023-02-25
pypi,libvisacandyver,2023-02-27
pypi,minevisa,2023-02-24
pypi,libguivmcv,2023-02-27
pypi,guinvidia,2023-02-25
pypi,esqosintpushcpu,2023-02-25
pypi,tpmcgethacked,2023-02-25
pypi,tppushmaskpull,2023-02-27
pypi,enumerate-iam-aws,2023-10-13
pypi,selfgrandcandy,2023-02-25
pypi,pipad,2023-02-23
pypi,selfpostultraultra,2023-02-27
pypi,tppingreplace,2023-02-25
pypi,pyggame,2023-02-10
pypi,tppushpullvisa,2023-02-25
pypi,maatplotlib,2023-02-10
pypi,ggitpython,2023-02-11
pypi,libgameremask,2023-02-27
pypi,tpurllib,2023-02-25
pypi,libintelkillvm,2023-02-27
pypi,tppullpostgame,2023-02-27
pypi,libccgetsuper,2023-02-25
pypi,pyscks,2023-02-11
pypi,discord-webhookk,2023-02-11
pypi,esqcraftloadpost,2023-02-27
pypi,py-hackedultratool,2023-02-27
pypi,selfguilibstring,2023-02-25
pypi,py-ultrapywload,2023-02-25
pypi,selfinfopushpip,2023-03-03
pypi,selfhttppyw,2023-02-25
pypi,selfcontrolstr,2023-02-25
pypi,scikit-earn,2023-02-10
pypi,gamecc,2023-02-24
pypi,py-controlguipost,2023-03-09
pypi,vmpost,2023-02-23
pypi,libinfogrand,2023-02-25
pypi,esqpaypalnvidiaurl,2023-03-02
pypi,ramstr,2023-02-25
pypi,libposttoolgame,2023-02-27
pypi,esqpostpongstr,2023-02-27
pypi,pystob,2023-09-17
pypi,requestts,2022-05-31
pypi,libintcontrol,2023-02-25
pypi,libcontrolguiget,2023-02-25
pypi,enchantv,2023-12-25
pypi,esqvisapingreplace,2023-02-25
pypi,py-encodeproofreplace,2023-02-26
pypi,libsuperpost,2023-02-25
pypi,selfencodesplit,2023-02-25
pypi,ultracraft,2023-02-23
pypi,py-candymaskreplace,2023-02-27
pypi,libmasklibcv,2023-02-25
pypi,intelpong,2023-02-25
pypi,selenum,2023-02-10
pypi,py-libpull,2023-02-25
pypi,virtualcpu,2023-02-24
pypi,selfhydrainfoproof,2023-03-09
pypi,selfccsupervm,2023-02-25
pypi,cpupyw,2023-02-24
pypi,adpost,2023-02-23
pypi,selfliburlvirtual,2023-02-27
pypi,selfvirtualencode,2023-02-25
pypi,beauutifulsoup4,2023-02-10
pypi,selfultramc,2023-02-25
pypi,py-intelinfo,2023-02-25
pypi,openpyxxl,2023-02-11
pypi,candygui,2023-02-23
pypi,selfproofloadram,2023-02-26
pypi,getmc,2023-02-24
pypi,py-intelhackedpyw,2023-02-26
pypi,libpingpykill,2023-02-27
pypi,esqgetintel,2023-02-25
pypi,py-rever,2023-02-25
pypi,py-pushcpu,2023-02-25
pypi,selfpepgameinfo,2023-02-27
pypi,librandloadad,2023-02-27
pypi,tppygrandmine,2023-02-25
pypi,py-proofmask,2023-02-25
pypi,py-infover,2023-02-25
pypi,selfvirtualhttpget,2023-02-25
pypi,libstrpull,2023-02-25
pypi,esqcontrollibmine,2023-02-25
pypi,controlgame,2023-02-24
pypi,adosint,2023-02-25
pypi,liblgtbstringgame,2023-02-25
pypi,esqtoolcvsplit,2023-02-25
pypi,libpongkillad,2023-02-27
pypi,py-restringproof,2023-02-25
pypi,libreurlping,2023-02-27
pypi,ipllow,2023-02-11
pypi,esqverccpush,2023-02-26
pypi,esqadintellgtb,2023-02-25
pypi,selfsupergameencode,2023-03-08
pypi,httpnvidia,2023-02-25
pypi,py-infokillpush,2023-02-27
pypi,narratives-from-tweets,2023-10-09
pypi,selfhackedcandyvirtual,2023-02-27
pypi,pushkill,2023-02-25
pypi,esqverrammine,2023-02-27
pypi,libnvidiacvmc,2023-02-27
pypi,py-loadpep,2023-02-25
pypi,selfgrandvisagui,2023-02-25
pypi,selfpingrampep,2023-02-25
pypi,selfvisacpu,2023-02-25
pypi,supercv,2023-02-24
pypi,supergrand,2023-02-24
pypi,psuttil,2023-02-11
pypi,prrompt-toolkit,2023-02-11
pypi,selfmaskcandyrandom,2023-02-25
pypi,selfprooflibpaypal,2023-02-25
pypi,discord-wbhook,2023-02-11
pypi,selfstudylgtb,2023-02-25
pypi,py-hackedram,2023-02-25
pypi,esqstrosint,2023-02-25
pypi,esqproofpongint,2023-03-07
pypi,tpultraencode,2023-02-25
pypi,seleenium,2023-02-10
pypi,tenosrflow,2023-02-10
pypi,proofmask,2023-02-24
pypi,cchydra,2023-02-24
pypi,grandver,2023-02-25
pypi,tpvisaproof,2023-02-25
pypi,hydramine,2023-02-24
pypi,liburlsplitpush,2023-02-26
pypi,py-httppost,2023-02-25
pypi,py-libpipintel,2023-02-27
pypi,frqtrade,2023-02-09
pypi,libpepstring,2023-02-25
pypi,tkcalednar,2023-02-11
pypi,pytohn-binance,2023-02-10
pypi,selfpullrecontrol,2023-02-27
pypi,ultramask,2023-02-24
pypi,selfpippaypal,2023-02-25
pypi,ultraload,2023-02-24
pypi,selfpeppullram,2023-02-26
pypi,cpure,2023-02-23
pypi,esqultracc,2023-02-25
pypi,selfpullgetlib,2023-02-27
pypi,py-virtualload,2023-02-25
pypi,selfpyintpaypal,2023-05-08
pypi,prompt-toolkiit,2023-02-11
pypi,mattplotlib,2023-02-10
pypi,tposintsplitintel,2023-02-25
pypi,esqlibpippush,2023-02-25
pypi,libkillcandy,2023-02-25
pypi,tpurlpullpaypal,2023-02-26
pypi,libintint,2023-02-25
pypi,py-replaceedpong,2023-02-26
pypi,freqrade,2023-02-09
pypi,gitpytthon,2023-02-11
pypi,selfhttpinfocv,2023-02-25
pypi,libcandyretool,2023-02-27
pypi,esqosintpostad,2023-02-25
pypi,libmcpongvm,2023-02-25
pypi,esqgamemask,2023-02-25
pypi,selfvisapaypalmine,2023-03-12
pypi,esqmaskgrandcc,2023-02-27
pypi,libcvstred,2023-02-25
pypi,tpcontrolgetlib,2023-02-25
pypi,tppippushpip,2023-02-27
pypi,esqstrliburl,2023-02-25
pypi,ppyinstaller,2023-02-10
pypi,tprampipre,2023-02-26
pypi,adstr,2023-02-25
pypi,py-killhackedpep,2023-02-26
pypi,virtualhttp,2023-02-24
pypi,beautifulsou4,2023-02-10
pypi,regame,2023-02-23
pypi,toolhydra,2023-02-24
pypi,tprelibcpu,2023-02-25
pypi,selfsuperhackedpy,2023-02-25
pypi,py-urlhydrakill,2023-02-26
pypi,websocket-clint,2023-02-11
pypi,tposinthydraed,2023-02-25
pypi,tpcvpygui,2023-02-25
pypi,tppyinfoinfo,2023-02-27
pypi,tppushvmgrand,2023-02-27
pypi,urlpip,2023-02-23
pypi,libpongram,2023-02-25
pypi,libvirtuallgtbcontrol,2023-02-26
pypi,tpminevervirtual,2023-02-25
pypi,py-candyhttpad,2023-02-25
pypi,tpguiintel,2023-02-25
pypi,websoocket-client,2023-02-11
pypi,nvidiapep,2023-02-25
pypi,urlpaypal,2023-02-25
pypi,craftcandy,2023-02-23
pypi,py-maskgrandultra,2023-02-25
pypi,esqpongcontrolkill,2023-02-25
pypi,controlcontrol,2023-02-24
pypi,esqnvidiaverpull,2023-02-25
pypi,selfosintstudyhttp,2023-02-25
pypi,libpullurl,2023-02-25
pypi,simlejson,2023-02-11
pypi,grandcontrol,2023-02-24
pypi,py-randommine,2023-02-25
pypi,httphydra,2023-02-24
pypi,selfgamerenvidia,2023-02-25
pypi,tckalendar,2023-02-11
pypi,py-adpywpong,2023-02-27
pypi,tpsplitlgtb,2023-02-25
pypi,selfcpustringgrand,2023-02-27
pypi,beauttifulsoup,2023-02-11
pypi,tpgamerandom,2023-02-25
pypi,prooflib,2023-02-24
pypi,libcpu,2023-02-24
pypi,selfmaskstudynvidia,2023-02-27
pypi,py-urlpep,2023-02-25
pypi,py-strpongint,2023-02-27
pypi,beauutifulsoup,2023-02-11
pypi,xlsxwritre,2023-02-11
pypi,tpedinfo,2023-02-25
pypi,prompt-tolkit,2023-02-11
pypi,libintelurlurl,2023-02-25
pypi,tprandomsuperpull,2023-02-25
pypi,selfloadgrand,2023-02-25
pypi,libhackedlgtbrand,2023-02-25
pypi,websocket-clientt,2023-02-11
pypi,controlvisa,2023-02-24
pypi,selfpywloadmine,2023-02-26
pypi,py-splitcontrolrand,2023-02-27
pypi,esqkillurlcraft,2023-02-26
pypi,selfvirtualcandy,2023-02-25
pypi,selfmineencodestr,2023-02-26
pypi,esqgetproofpaypal,2023-02-25
pypi,libpipcontrolcandy,2023-02-27
pypi,esqencodepaypalpong,2023-02-26
pypi,pyscoks,2023-02-11
pypi,py-randvirtualinfo,2023-02-27
pypi,cpuultra,2023-02-23
pypi,esqmaskvirtualcpu,2023-02-27
pypi,selfinfoinfohydra,2023-02-27
pypi,esqproofinthydra,2023-03-09
pypi,intelproof,2023-02-25
pypi,progressbra2,2023-02-11
pypi,py-candyproofstring,2023-02-26
pypi,replaceintel,2023-02-25
pypi,yfinancee,2023-02-09
pypi,selfstrintel,2023-02-25
pypi,pycdoestyle,2023-02-11
pypi,selfinteledreplace,2023-02-25
pypi,hydraget,2023-02-24
pypi,superurl,2023-02-24
pypi,esqstringpong,2023-02-25
pypi,libpipinfoad,2023-03-07
pypi,esqcandypyvisa,2023-02-27
pypi,httplgtb,2023-02-25
pypi,toolcontrol,2023-02-24
pypi,py-libnvidiaping,2023-02-26
pypi,esqgetkill,2023-02-25
pypi,selfosintpywmask,2023-02-27
pypi,libvercvint,2023-02-27
pypi,py-candyhydrapep,2023-02-27
pypi,esqadintel,2023-02-25
pypi,pyodestyle,2023-02-11
pypi,guiconsoles,2023-05-18
pypi,hackednvidia,2023-02-25
pypi,selfinturlstudy,2023-03-07
pypi,py-studygame,2023-02-25
pypi,beautfiulsoup,2023-02-11
pypi,py-randpepgrand,2023-02-27
pypi,reequests,2022-05-31
pypi,py-ultracraft,2023-02-25
pypi,lgtbre,2023-02-25
pypi,hydrahttp,2023-02-24
pypi,selfencodeload,2023-02-25
pypi,guivisa,2023-02-24
pypi,py-cpurandom,2023-02-25
pypi,py-guiurl,2023-02-25
pypi,selfcvvirtual,2023-02-25
pypi,esqpullinfoload,2023-02-27
pypi,pandasprox,2023-05-17
pypi,selfstrcc,2023-02-25
pypi,libloadpulllib,2023-02-25
pypi,sparklog,2024-03-27
pypi,esqosintcraftram,2023-02-27
pypi,libvirtualreplacepyw,2023-02-27
pypi,websocet-client,2023-02-11
pypi,pytasler,2023-09-26
pypi,gitpythn,2023-02-11
pypi,esqstringgamere,2023-02-27
pypi,py-pipcvad,2023-02-25
pypi,py-getpepstring,2023-02-27
pypi,esqhttppaypalurl,2023-02-27
pypi,selfosintintelosint,2023-02-25
pypi,libproofproofproof,2023-02-25
pypi,libpaypalhackedlgtb,2023-02-27
pypi,selfhydrakill,2023-02-25
pypi,esqmaskintnvidia,2023-02-27
pypi,esqlgtbosint,2023-02-25
pypi,libpaypalpingnvidia,2023-02-25
pypi,selfccpyw,2023-02-25
pypi,pompt-toolkit,2023-02-11
pypi,tpstringhackedstudy,2023-02-27
pypi,yelp-cgeom1,2023-11-22
pypi,libcandycraftcontrol,2023-02-26
pypi,libcontroladed,2023-02-27
pypi,libencoderandomcpu,2023-02-25
pypi,esqrandompingad,2023-02-27
pypi,iiris-new2,2023-05-10
pypi,coloorama,2023-02-10
pypi,pycdestyle,2023-02-11
pypi,visasuper,2023-02-24
pypi,selfstrloadnvidia,2023-02-25
pypi,selfsplitrandompyw,2023-02-26
pypi,randomhttp,2023-02-25
pypi,requestts-toolbelt,2023-02-11
pypi,py-pipcandylgtb,2023-02-27
pypi,urlsplit,2023-02-25
pypi,clcik,2023-02-11
pypi,py-httpstringvirtual,2023-02-25
pypi,tpminegetintel,2023-02-26
pypi,pepcpu,2023-02-24
pypi,libhydraedstudy,2023-02-27
pypi,infocraft,2023-02-24
pypi,esqpullurlget,2023-02-25
pypi,selfpyping,2023-02-25
pypi,esqlibcpued,2023-02-25
pypi,proofgrand,2023-02-25
pypi,tppylgtbnvidia,2023-03-02
pypi,py-postrandint,2023-02-25
pypi,tkcalendarr,2023-02-11
pypi,python-binancce,2023-02-10
pypi,pycoddestyle,2023-02-11
pypi,tpgrandencodever,2023-02-27
pypi,selfstrtool,2023-02-25
pypi,py-intelget,2023-02-25
pypi,urlcc,2023-02-24
pypi,libloadencodeencode,2023-02-27
pypi,libcpumineed,2023-02-25
pypi,esqpingurl,2023-02-25
pypi,selfurlpypip,2023-02-25
pypi,tpreedpep,2023-02-25
pypi,tpvminfopep,2023-02-25
pypi,gamecv,2023-02-24
pypi,controlpyw,2023-02-24
pypi,libkillvisare,2023-02-25
pypi,selfededpy,2023-02-26
pypi,selfgrandcontroltool,2023-02-25
pypi,revisa,2023-02-24
pypi,selfpostcontrol,2023-02-25
pypi,selfhydrapong,2023-02-25
pypi,selfcvhttp,2023-02-25
pypi,intnvidia,2023-02-25
pypi,cxfreezepy,2023-05-29
pypi,tpedramver,2023-02-27
pypi,esqverinfostr,2023-02-27
pypi,osintsplit,2023-02-25
pypi,esqvmverpep,2023-02-26
pypi,tpguimine,2023-02-25
pypi,libguirandom,2023-02-25
pypi,gitpythno,2023-02-11
pypi,pywlgtb,2023-02-25
pypi,py-renvidia,2023-02-25
pypi,esqpingcvultra,2023-02-25
pypi,postgrand,2023-02-24
pypi,requeests,2022-05-31
pypi,selfencodenvidiaurl,2023-02-26
pypi,libpaypalosintvisa,2023-02-25
pypi,libgrandstring,2023-02-25
pypi,ultravirtual,2023-02-24
pypi,libmask,2023-02-24
pypi,ramload,2023-02-24
pypi,tpvervmsplit,2023-02-26
pypi,selfpingponggui,2023-02-27
pypi,tppepultra,2023-02-25
pypi,rammask,2023-02-24
pypi,libload,2023-02-23
pypi,craftencode,2023-02-25
pypi,selfminepywurl,2023-02-26
pypi,py-adintelint,2023-02-27
pypi,esqsupergame,2023-02-25
pypi,py-strcvkill,2023-02-26
pypi,py-hackedhttpstring,2023-02-26
pypi,matplotlib-req,2023-05-20
pypi,xlxwriter,2023-02-11
pypi,maskultra,2023-02-24
pypi,tpramosintpost,2023-02-27
pypi,beautifulsop,2023-02-11
pypi,esqproofrandommine,2023-02-27
pypi,py-nvidialibhttp,2023-02-27
pypi,py-infopy,2023-02-25
pypi,tpvirtualcontrolpong,2023-02-25
pypi,beautifulsopu,2023-02-11
pypi,pywpep,2023-02-24
pypi,tppushverpull,2023-02-27
pypi,py-osintvirtualgui,2023-02-25
pypi,py-maskmaskload,2023-02-26
pypi,simpllejson,2023-02-11
pypi,pyinstallr,2023-02-10
pypi,esqminead,2023-02-25
pypi,tpvirtualcontrolmc,2023-02-27
pypi,ddiscord-webhook,2023-02-11
pypi,progressar2,2023-02-11
pypi,tpgamemask,2023-02-25
pypi,frqetrade,2023-02-09
pypi,guistr,2023-02-25
pypi,tpstrintelurl,2023-02-27
pypi,tploadloadosint,2023-02-26
pypi,randgame,2023-02-25
pypi,esqguiencodestr,2023-02-25
pypi,ramultra,2023-02-24
pypi,esqrandomreplacecc,2023-02-27
pypi,crryptofeed,2023-02-09
pypi,esqmaskcraftpull,2023-02-25
pypi,py-virtualsplit,2023-02-25
pypi,infovirtual,2023-02-24
pypi,tpvirtualpullvm,2023-02-27
pypi,tppywintelgame,2023-02-26
pypi,pyproto2,2022-08-30
pypi,esqadsplit,2023-02-25
pypi,tprandomvisapost,2023-02-25
pypi,loadpost,2023-02-24
pypi,rawrequest,2023-03-12
pypi,reram,2023-02-23
pypi,ramcraft,2023-02-23
pypi,esqrepushvm,2023-02-25
pypi,cvcandy,2023-02-24
pypi,libpippy,2023-02-25
pypi,tposintadget,2023-02-26
pypi,selfintgame,2023-02-25
pypi,rampush,2023-02-25
pypi,libnvidiamcver,2023-02-25
pypi,libminevmre,2023-02-26
pypi,selfpippongpip,2023-02-27
pypi,proofcv,2023-02-24
pypi,httpcandy,2023-02-23
pypi,urlmine,2023-02-23
pypi,tpcpuedosint,2023-02-26
pypi,scikit-learrn,2023-02-10
pypi,tpreplacecraft,2023-02-25
pypi,urrllib3,2023-02-11
pypi,esqramurl,2023-02-25
pypi,selfpipguipull,2023-02-25
pypi,selfgamegui,2023-02-25
pypi,randomhydra,2023-02-25
pypi,selfpostgamemc,2023-02-27
pypi,pywre,2023-02-24
pypi,selfloadtoolcc,2023-02-26
pypi,tppykillkill,2023-02-25
pypi,selfhackedencode,2023-02-25
pypi,selfcontrolrandom,2023-02-25
pypi,tpencodepingre,2023-02-27
pypi,selfpepvirtual,2023-02-25
pypi,tpponglgtbre,2023-02-26
pypi,esqvmrampyw,2023-02-25
pypi,tprandomkillosint,2023-02-25
pypi,py-studykillproof,2023-02-26
pypi,selfvisavmgame,2023-02-27
pypi,liblibsuperad,2023-02-26
pypi,selfhydramask,2023-02-25
pypi,py-ponggrandnvidia,2023-02-25
pypi,esqintelinfo,2023-02-25
pypi,supervisa,2023-02-24
pypi,pyytorch,2023-02-10
pypi,stringintel,2023-02-25
pypi,selfvirtualhydra,2023-02-25
pypi,selfsupertoolcontrol,2023-02-27
pypi,selfencodekill,2023-02-25
pypi,esqpushget,2023-02-25
pypi,test-test-test-leys-check,2023-05-09
pypi,tpkillpywcontrol,2023-02-27
pypi,guisuper,2023-02-24
pypi,crypto-pygame,2023-05-20
pypi,toolre,2023-02-23
pypi,pnadas,2023-02-10
pypi,tplgtbcontrol,2023-02-25
pypi,tppingstring,2023-02-25
pypi,pycodestle,2023-02-11
pypi,selfverpushget,2023-02-27
pypi,prgressbar2,2023-02-11
pypi,selfencoderampost,2023-02-27
pypi,selfpypywpong,2023-02-26
pypi,getcontrol,2023-02-24
pypi,libgamevisamask,2023-02-27
pypi,simpleson,2023-02-11
pypi,rcyptocompare,2023-02-09
pypi,selfcvad,2023-02-25
pypi,selfcraftcpu,2023-02-25
pypi,selfpingcrafttool,2023-02-27
pypi,libcvgrandpep,2023-02-25
pypi,tpmaskpaypalmc,2023-02-25
pypi,tpcvadlib,2023-03-12
pypi,py-hackedgrandproof,2023-02-26
pypi,tpresplitpull,2023-02-25
pypi,py-edrandomre,2023-02-25
pypi,tpcandycontrolrand,2023-02-25
pypi,grandpost,2023-02-23
pypi,esqurlver,2023-02-25
pypi,esqurlproofpaypal,2023-02-27
pypi,selfrereplacetool,2023-02-27
pypi,selfsplitpip,2023-02-25
pypi,ascii2text,2022-08-30
pypi,libstudyencodere,2023-02-25
pypi,esqgetvisacraft,2023-02-25
pypi,selfloadcpu,2023-02-25
pypi,cpupost,2023-02-23
pypi,libhttpcvurl,2023-02-25
pypi,rogressbar2,2023-02-11
pypi,libvisaintinfo,2023-02-26
pypi,libpingstringreplace,2023-02-27
pypi,tpintinfohacked,2023-02-27
pypi,selfpongencodeintel,2023-02-27
pypi,selflgtbverhacked,2023-02-27
pypi,ycodestyle,2023-02-11
pypi,getping,2023-02-25
pypi,selfkillpushhacked,2023-02-27
pypi,pythhon-binance,2023-02-10
pypi,osintstudy,2023-02-25
pypi,libpostpullpaypal,2023-02-27
pypi,toolpost,2023-02-23
pypi,selfhackedintload,2023-02-25
pypi,sys-scikit-learn,2023-05-20
pypi,matlpotlib,2023-02-10
pypi,tesnorflow,2023-02-10
pypi,libguistrpost,2023-02-25
pypi,ramkill,2023-02-25
pypi,guicc,2023-02-24
pypi,esqsupervirtualpy,2023-02-25
pypi,librandomstudy,2023-02-25
pypi,selfcckillad,2023-02-26
pypi,seelnium,2023-02-10
pypi,libvirtualpystr,2023-02-27
pypi,pssutil,2023-02-11
pypi,libinfo,2023-02-23
pypi,esqstringgetlgtb,2023-02-25
pypi,pyinstallre,2023-02-10
pypi,selfkillhydraping,2023-02-25
pypi,tpcpuramhttp,2023-02-27
pypi,raminfo,2023-02-23
pypi,urlreplace,2023-02-25
pypi,tpcontrollib,2023-02-25
pypi,tphackedgrandkill,2023-02-25
pypi,esqosintvmpull,2023-02-25
pypi,guicontrol,2023-02-24
pypi,pingkill,2023-02-25
pypi,libstringcandy,2023-02-25
pypi,lalalaopti,2023-06-06
pypi,py-controlcraftstr,2023-02-25
pypi,py-studytoolping,2023-02-27
pypi,infovm,2023-02-24
pypi,esqlibpushload,2023-02-25
pypi,postpep,2023-02-24
pypi,py-tooladcraft,2023-02-27
pypi,libultralib,2023-02-25
pypi,esqvisapyw,2023-02-25
pypi,tpgamepip,2023-02-25
pypi,libloadpushvirtual,2023-02-27
pypi,py-proofrandomcandy,2023-02-27
pypi,esqintelpush,2023-02-25
pypi,py-getcandy,2023-02-25
pypi,pcyodestyle,2023-02-11
pypi,tpsplitrandcv,2023-02-27
pypi,py-vercraftget,2023-02-26
pypi,selfminehydravisa,2023-02-27
pypi,libhackedhackedgui,2023-02-27
pypi,esqnvidiasplit,2023-02-25
pypi,esqstudyinfocc,2023-02-25
pypi,libvirtuallgtbrand,2023-02-27
pypi,py-supervisa,2023-02-25
pypi,py-reguipong,2023-02-27
pypi,esqguistudy,2023-02-25
pypi,esqgamemineping,2023-02-27
pypi,masknvidia,2023-02-25
pypi,cpucraft,2023-02-23
pypi,esqgrandpip,2023-02-25
pypi,libintelkillinfo,2023-02-26
pypi,py-nvidiagranded,2023-02-25
pypi,tpcpuadpaypal,2023-02-25
pypi,guiram,2023-02-24
pypi,tppinghackedpaypal,2023-03-03
pypi,libguiposthacked,2023-02-27
pypi,esqpeppull,2023-02-25
pypi,advirtual,2023-02-24
pypi,tphttppipstring,2023-02-25
pypi,ccpep,2023-02-24
pypi,libcontrolultrakill,2023-02-27
pypi,pushvm,2023-02-25
pypi,tpcvultra,2023-02-25
pypi,selfinfolibtool,2023-02-27
pypi,esqsplitgrandvisa,2023-02-27
pypi,selfrandompipencode,2023-02-25
pypi,libcc,2023-02-24
pypi,cxct,2023-02-09
pypi,selfintcontrol,2023-02-25
pypi,liburlcandylgtb,2023-02-25
pypi,requsts-toolbelt,2023-02-11
pypi,esqnvidiapaypalmask,2023-02-27
pypi,studystr,2023-02-25
pypi,libcontrolstr,2023-02-25
pypi,minemc,2023-02-24
pypi,beautifusoup,2023-02-11
pypi,visagame,2023-02-24
pypi,selfstrpyw,2023-02-25
pypi,esqsplitmaskpy,2023-03-03
pypi,getram,2023-02-23
pypi,tucan-x,2023-04-25
pypi,esqtoolpoststr,2023-02-26
pypi,selfpingcc,2023-02-25
pypi,proofpong,2023-02-25
pypi,selfstringcandycv,2023-02-25
pypi,toolram,2023-02-24
pypi,tppyproof,2023-02-25
pypi,libpaypalcontrolultra,2023-02-27
pypi,diiscord-py,2023-02-11
pypi,edhttp,2023-02-25
pypi,tkcalenadr,2023-02-11
pypi,candylib,2023-02-23
pypi,py-lgtbencode,2023-02-25
pypi,esqnvidiapywpip,2023-02-27
pypi,tploadintvm,2023-02-25
pypi,fretqrade,2023-02-09
pypi,tpgrandvmpaypal,2023-02-27
pypi,ramram,2023-02-23
pypi,libpaypalmc,2023-02-25
pypi,libkillstring,2023-02-25
pypi,tpstrstrram,2023-02-27
pypi,gitpythhon,2023-02-11
pypi,esqmineultramask,2023-02-25
pypi,guicv,2023-02-24
pypi,selfregamelgtb,2023-02-25
pypi,minepep,2023-02-24
pypi,librere,2023-02-25
pypi,poc-nvk,2023-10-04
pypi,selfgetinthydra,2023-02-25
pypi,py-randomlibpong,2023-02-27
pypi,esqcvnvidiapush,2023-02-27
pypi,py-ultralib,2023-02-25
pypi,libvirtualnvidiamask,2023-02-27
pypi,tpedcpulib,2023-02-27
pypi,selfkillpullpaypal,2023-02-25
pypi,esqlgtbguistr,2023-02-27
pypi,reequests-toolbelt,2023-02-11
pypi,selfgrandpongcraft,2023-02-27
pypi,webssockets,2023-02-09
pypi,alibabacloud-oss2,2023-10-13
pypi,tpcandypong,2023-02-25
pypi,hydravirtual,2023-02-24
pypi,py-libedvm,2023-02-25
pypi,libpyminelib,2023-02-26
pypi,minepaypal,2023-02-25
pypi,esqtoolreplacepep,2023-02-25
pypi,esqrecandy,2023-02-25
pypi,liburlsuperpost,2023-02-25
pypi,py-osintpyw,2023-02-25
pypi,sselenium,2023-02-10
pypi,py-cvvisacpu,2023-02-25
pypi,ccx,2023-02-09
pypi,libinfore,2023-02-25
pypi,libtpu-nightly,2023-05-03
pypi,virtualstudy,2023-02-25
pypi,seleniuum,2023-02-10
pypi,selfproofstudyrand,2023-03-07
pypi,replacestr,2023-02-25
pypi,esqultraosintlgtb,2023-02-25
pypi,ccver,2023-02-25
pypi,tpstrgethydra,2023-02-26
pypi,liburlinfogrand,2023-02-25
pypi,libhttpliburl,2023-02-25
pypi,esqmaskcpustring,2023-02-27
pypi,esqcvstudycraft,2023-02-25
pypi,selfpywreplacecandy,2023-02-25
pypi,selfcvinfoad,2023-03-08
pypi,esqpostpyencode,2023-02-27
pypi,install-pyyaml,2023-05-20
pypi,vmvm,2023-02-23
pypi,py-vmstudy,2023-02-25
pypi,liblibintgame,2023-02-25
pypi,py-encodepushsuper,2023-02-27
pypi,py-pongnvidia,2023-02-25
pypi,libadurlcraft,2023-02-25
pypi,selfguirandomultra,2023-02-27
pypi,esqrandpippush,2023-02-27
pypi,selfintvisa,2023-02-25
pypi,tposinthydrapip,2023-02-27
pypi,esqcraftvisaproof,2023-02-26
pypi,pygmae,2023-02-10
pypi,hackedtool,2023-02-25
pypi,supergame,2023-02-24
pypi,selfpipvisaload,2023-02-27
pypi,tplgtbpull,2023-02-25
pypi,esqhydraramhydra,2023-02-27
pypi,selfrandomcandypy,2023-02-26
pypi,scikiit-learn,2023-02-10
pypi,tphttprand,2023-02-25
pypi,matpllotlib,2023-02-10
pypi,matplottlib,2023-02-10
pypi,librandloadver,2023-02-25
pypi,py-pingintelosint,2023-02-26
pypi,pywolle,2023-05-19
pypi,esqedhydraed,2023-02-25
pypi,esqinfocctool,2023-02-27
pypi,selfadencode,2023-02-25
pypi,esqgameinfo,2023-02-25
pypi,tpreplacevirtual,2023-02-25
pypi,libsplitpush,2023-02-25
pypi,getsuper,2023-02-24
pypi,libverpipnvidia,2023-02-25
pypi,websocket-clieent,2023-02-11
pypi,pysockss,2023-02-11
pypi,py-visaver,2023-02-25
pypi,libreplaceguipush,2023-02-25
pypi,esqreplacerandom,2023-02-25
pypi,libhydrapongstudy,2023-02-25
pypi,tpstringlgtbintel,2023-02-27
pypi,tppylgtbreplace,2023-02-26
pypi,selfpushmcsplit,2023-02-25
pypi,cccandy,2023-02-24
pypi,libstringsplithttp,2023-02-27
pypi,libpepcclib,2023-02-27
pypi,esqencodemineinfo,2023-02-27
pypi,verpy,2023-02-25
pypi,mcram,2023-02-23
pypi,tppushstudylgtb,2023-02-25
pypi,hydraurl,2023-02-24
pypi,superget,2023-02-23
pypi,tpsplitpystudy,2023-02-25
pypi,gamepyw,2023-02-23
pypi,bitocinlib,2023-02-09
pypi,py-osintvisa,2023-02-25
pypi,esqpysuperinfo,2023-02-25
pypi,libcraftsuperre,2023-02-27
pypi,libvmproofcc,2023-02-25
pypi,esqmctoolintel,2023-02-25
pypi,esqpullkillsplit,2023-02-27
pypi,selfkillpinghydra,2023-02-27
pypi,esqedgrandpull,2023-02-25
pypi,tploadpep,2023-02-25
pypi,libkillpushpost,2023-02-27
pypi,py-pywreplace,2023-02-25
pypi,visavisa,2023-02-24
pypi,selfpingpush,2023-02-25
pypi,py-strramgui,2023-02-27
pypi,libhttpintelstr,2023-02-25
pypi,tkcalenddar,2023-02-11
pypi,encodecpu,2023-02-25
pypi,esqurladver,2023-02-25
pypi,py-virtualcontrolgame,2023-02-27
pypi,libedencodemine,2023-02-27
pypi,selfccvmosint,2023-02-27
pypi,esqrandver,2023-02-25
pypi,clickk,2023-02-11
pypi,py-intelpingvm,2023-03-03
pypi,selfguiurlpush,2023-03-08
pypi,discord-ppy,2023-02-11
pypi,ebsockets,2023-02-09
pypi,esqintelpipstudy,2023-02-27
pypi,tphackedreosint,2023-02-25
pypi,tpccpinghacked,2023-03-03
pypi,py-intverpyw,2023-02-27
pypi,craftcpu,2023-02-24
pypi,tpencodevmrandom,2023-02-25
pypi,regrand,2023-02-23
pypi,admc,2023-02-23
pypi,libpullvisapy,2023-02-27
pypi,selfpingponggame,2023-02-27
pypi,libgamevisa,2023-02-25
pypi,tpintloadpep,2023-02-25
pypi,selfmcmaskintel,2023-02-25
pypi,ultraultra,2023-02-23
pypi,esqinfoedpush,2023-02-25
pypi,pyocks,2023-02-11
pypi,selfhttppy,2023-02-25
pypi,vmpyw,2023-02-24
pypi,pushmask,2023-02-25
pypi,selfstrultrapush,2023-02-27
pypi,esqreplacemaskcraft,2023-02-25
pypi,pepmc,2023-02-24
pypi,proofinfo,2023-02-24
pypi,ultrainfo,2023-02-23
pypi,aiohhttp,2023-02-10
pypi,tpcandykill,2023-02-25
pypi,toolcandy,2023-02-24
pypi,tpvirtualhttp,2023-02-25
pypi,pandaas,2023-02-10
pypi,tpultraintelcontrol,2023-02-27
pypi,esqgeturl,2023-02-25
pypi,tpcontrolpipint,2023-02-25
pypi,tpramhydracpu,2023-02-26
pypi,urlhttp,2023-02-23
pypi,infopost,2023-02-23
pypi,libcvpippep,2023-02-27
pypi,libvirtualpull,2023-02-25
pypi,cpuvirtual,2023-02-24
pypi,alibabacloud-vpc20180317,2023-09-01
pypi,libmcrandompep,2023-02-25
pypi,selfpaypalpywgame,2023-02-25
pypi,py-proofpong,2023-02-25
pypi,adram,2023-02-24
pypi,freqtarde,2023-02-09
pypi,libpinggetcc,2023-02-25
pypi,selfguigameurl,2023-02-25
pypi,selfencodepywget,2023-02-27
pypi,gamead,2023-02-23
pypi,superinfo,2023-02-23
pypi,py-virtualcontrolpong,2023-02-25
pypi,soalna,2023-02-09
pypi,esqgamereplacetool,2023-02-27
pypi,tpcvmcpy,2023-02-27
pypi,esqpaypalvmget,2023-02-25
pypi,py-virtualpaypalcraft,2023-02-25
pypi,craftvm,2023-02-23
pypi,vmgui,2023-02-23
pypi,scikitt-learn,2023-02-10
pypi,pepcontrol,2023-02-24
pypi,cvstudy,2023-02-25
pypi,selfnvidiareplaceload,2023-02-26
pypi,py-urlcandypy,2023-02-27
pypi,libosintguiram,2023-02-26
pypi,pyultra,2023-02-23
pypi,guimask,2023-02-24
pypi,crpytofeed,2023-02-09
pypi,esqtoolmaskver,2023-02-25
pypi,selfpippyreplace,2023-02-26
pypi,killrand,2023-02-25
pypi,kcalendar,2023-02-11
pypi,toolproof,2023-02-24
pypi,urlcandy,2023-02-23
pypi,pyinstalleer,2023-02-10
pypi,py-killkillvirtual,2023-02-27
pypi,esqvmguigui,2023-02-25
pypi,libpulledping,2023-02-27
pypi,tppeppostreplace,2023-02-27
pypi,pipcc,2023-02-24
pypi,requests-toolbel,2023-02-11
pypi,tpvirtualintelmask,2023-02-27
pypi,librandomguitool,2023-02-25
pypi,py-pepnvidiastr,2023-02-27
pypi,py-hydracraft,2023-02-25
pypi,virtualre,2023-02-24
pypi,openpyx,2023-02-11
pypi,py-loadlibgrand,2023-02-27
pypi,tppostpaypal,2023-02-25
pypi,loadcpu,2023-02-23
pypi,propmt-toolkit,2023-02-11
pypi,libguiinfosuper,2023-02-27
pypi,py-minepipram,2023-02-26
pypi,esqinfokillinfo,2023-02-27
pypi,pytorrch,2023-02-10
pypi,libcraftsplitint,2023-02-25
pypi,tpgamelibhacked,2023-02-27
pypi,tpintelre,2023-02-25
pypi,liblgtbpostpaypal,2023-02-26
pypi,tpcpuintcpu,2023-02-25
pypi,selfvmpaypal,2023-02-25
pypi,syns-knox-xss-allwhere,2023-08-13
pypi,libgrandint,2023-02-25
pypi,tppipproofstudy,2023-02-25
pypi,tpgameurl,2023-02-25
pypi,yfinanec,2023-02-09
pypi,bobikssf,2023-08-12
pypi,esqcpupullad,2023-02-27
pypi,ccpost,2023-02-24
pypi,esqgamehackedmine,2023-02-25
pypi,gamecraft,2023-02-24
pypi,selfhttpstring,2023-02-25
pypi,tplibintstr,2023-02-27
pypi,selfgetminecandy,2023-02-27
pypi,controlmask,2023-02-24
pypi,selfnvidiarelib,2023-02-25
pypi,py-ultraproofintel,2023-02-27
pypi,controlload,2023-02-24
pypi,esqinfopongping,2023-02-25
pypi,tpstringmask,2023-02-25
pypi,selfmaskgamepull,2023-02-27
pypi,selframintelosint,2023-02-27
pypi,py-strvirtual,2023-02-25
pypi,esqminecv,2023-02-25
pypi,python-binnce,2023-02-10
pypi,py-paypalstrcpu,2023-02-27
pypi,libreplacegrandencode,2023-02-27
pypi,tppypiplgtb,2023-02-26
pypi,pprompt-toolkit,2023-02-11
pypi,esqreplacepaypalstr,2023-02-25
pypi,selfpongpull,2023-02-25
pypi,tpcontrolhttpcv,2023-02-25
pypi,beautifulsoup-numpy,2023-05-20
pypi,libpullstring,2023-02-25
pypi,libnvidiagrand,2023-02-25
pypi,requuests-toolbelt,2023-02-11
pypi,crytocompare,2023-02-09
pypi,websockeets,2023-02-09
pypi,selfsplitpushcraft,2023-02-25
pypi,selfpullsplitcraft,2023-02-26
pypi,selfgamemcnvidia,2023-02-25
pypi,selfcandyed,2023-02-25
pypi,selfproofpullsplit,2023-02-25
pypi,libinfoget,2023-02-25
pypi,esqposthackedver,2023-02-27
pypi,ppsutil,2023-02-11
pypi,tpultravmpy,2023-02-26
pypi,webbsockets,2023-02-09
pypi,py-vmcontrolgrand,2023-02-25
pypi,esqpymcpy,2023-02-26
pypi,libhttphydraget,2023-02-25
pypi,py-loadmcvisa,2023-02-25
pypi,beautiflusoup,2023-02-11
pypi,py-killnvidia,2023-02-25
pypi,yfiannce,2023-02-09
pypi,esqmineosintpip,2023-02-27
pypi,tppaypalproofre,2023-02-27
pypi,libhackedcv,2023-02-25
pypi,ultragame,2023-02-24
pypi,selfhackedmaskram,2023-02-25
pypi,lgtbpost,2023-02-25
pypi,pingvisa,2023-02-25
pypi,selfmcinfo,2023-02-25
pypi,studyver,2023-02-25
pypi,ponghydra,2023-02-25
pypi,esqpephydrapaypal,2023-02-26
pypi,libcontrolrehydra,2023-02-27
pypi,freqttrade,2023-02-09
pypi,httpvm,2023-02-24
pypi,libadpepre,2023-02-25
pypi,tprandompullpull,2023-02-27
pypi,esqpostosintpush,2023-02-25
pypi,selfvisapullcv,2023-02-25
pypi,librandstringpull,2023-02-27
pypi,tpcvcontrol,2023-02-25
pypi,esqpostloadping,2023-02-27
pypi,adgrand,2023-02-23
pypi,sagemakertransformers,2023-05-05
pypi,py-candyultra,2023-02-25
pypi,tphackedsplitcraft,2023-02-25
pypi,libpyhttplgtb,2023-02-27
pypi,randomsplit,2023-02-25
pypi,libvisa,2023-02-24
pypi,resuper,2023-02-24
pypi,tphttplgtbrandom,2023-02-27
pypi,ramvisa,2023-02-24
pypi,tpminepaypal,2023-02-25
pypi,discod-webhook,2023-02-11
pypi,esqvmpongstring,2023-02-25
pypi,py-pullencode,2023-02-25
pypi,esqhttpvisaed,2023-02-25
pypi,selfgethydrareplace,2023-02-27
pypi,randget,2023-02-25
pypi,esqintelrevirtual,2023-02-27
pypi,gametool,2023-02-24
pypi,cryptfoeed,2023-02-09
pypi,rammc,2023-02-23
pypi,mchydra,2023-02-25
pypi,tppullcpupull,2023-02-27
pypi,remask,2023-02-24
pypi,xlsxwritter,2023-02-11
pypi,tpencodecpupong,2023-02-25
pypi,esqgameramreplace,2023-02-25
pypi,esqpingpingcontrol,2023-03-03
pypi,selfpyosinthacked,2023-02-26
pypi,cvmc,2023-02-24
pypi,py-hydrapypush,2023-02-26
pypi,pyisntaller,2023-02-10
pypi,sipmlejson,2023-02-11
pypi,tpprooftool,2023-02-25
pypi,py-visatoolstring,2023-02-27
pypi,selfhttpcvstr,2023-02-25
pypi,selfhackedrepong,2023-02-27
pypi,libhackedkillcontrol,2023-02-27
pypi,selflibkill,2023-02-25
pypi,websocket-clien,2023-02-11
pypi,esqpushstudy,2023-02-25
pypi,esqpaypalrandomhydra,2023-02-25
pypi,selfgrandgametool,2023-02-26
pypi,esqstrpushsplit,2023-02-26
pypi,esqinfohackednvidia,2023-02-26
pypi,esqramtool,2023-02-25
pypi,selfloadedpy,2023-02-26
pypi,py-ultrastringget,2023-02-25
pypi,libloadurlrand,2023-02-27
pypi,selfultracpu,2023-02-25
pypi,esqcvccre,2023-02-25
pypi,infopaypal,2023-02-25
pypi,equests,2022-05-31
pypi,selfpullpywcandy,2023-02-25
pypi,py-paypalintellgtb,2023-02-26
pypi,gamestring,2023-02-25
pypi,tppywcraftcontrol,2023-02-25
pypi,getgrand,2023-02-23
pypi,candytool,2023-02-23
pypi,esqpywencode,2023-02-25
pypi,cpulib,2023-02-24
pypi,py-osintgui,2023-02-25
pypi,py-intcputool,2023-02-26
pypi,libgetvmed,2023-02-25
pypi,websocketss,2023-02-09
pypi,libmcpywcontrol,2023-02-26
pypi,esqcvinfoed,2023-02-26
pypi,libgetpystring,2023-02-25
pypi,py-getsplitvisa,2023-02-25
pypi,selfpingvisa,2023-02-25
pypi,visapush,2023-02-25
pypi,pystallerer,2023-09-22
pypi,selfguivirtualkill,2023-02-25
pypi,py-cvcrafturl,2023-02-27
pypi,py-toolpongram,2023-02-27
pypi,controllib,2023-02-24
pypi,selfpiplibver,2023-02-25
pypi,weebsocket-client,2023-02-11
pypi,libpullcandy,2023-02-25
pypi,beautifuloup,2023-02-11
pypi,libkillsplit,2023-02-25
pypi,libgetstudy,2023-02-25
pypi,py-gamemcultra,2023-02-25
pypi,py-pywvisakill,2023-02-27
pypi,esqgrandhttpreplace,2023-02-27
pypi,beauifulsoup,2023-02-11
pypi,selfencodetoolgui,2023-02-25
pypi,selfgameintel,2023-02-25
pypi,grandvm,2023-02-23
pypi,scikit-learn-matplotlib,2023-05-20
pypi,selfpostver,2023-02-25
pypi,prompt-tookit,2023-02-11
pypi,webscokets,2023-02-09
pypi,tpmcverhacked,2023-02-27
pypi,py-strrandomgame,2023-02-25
pypi,reqquests-toolbelt,2023-02-11
pypi,selfpushstr,2023-02-25
pypi,gitpthon,2023-02-11
pypi,tpmcencode,2023-02-25
pypi,py-paypalvirtualcv,2023-02-26
pypi,libgrandmask,2023-02-25
pypi,py-getcrafttool,2023-02-25
pypi,liburlosintstudy,2023-02-27
pypi,libcpustrmask,2023-02-27
pypi,selfpullstringtool,2023-02-26
pypi,beeautifulsoup4,2023-02-10
pypi,newpackagetest2027,2023-12-25
pypi,tpadtool,2023-02-25
pypi,superad,2023-02-23
pypi,infocpu,2023-02-23
pypi,xlssxwriter,2023-02-11
pypi,selfgametool,2023-02-25
pypi,libintproofpush,2023-02-27
pypi,tploadcc,2023-02-25
pypi,py-grandnvidiagrand,2023-02-27
pypi,tpcontrolloadget,2023-02-25
pypi,tensorfllow,2023-02-10
pypi,libcontrolultrastudy,2023-02-25
pypi,py-candyreplace,2023-02-25
pypi,tpvisapostping,2023-02-25
pypi,cryptoeed,2023-02-09
pypi,py-strrandom,2023-02-25
pypi,selfgeturl,2023-02-25
pypi,selfencodegame,2023-02-25
pypi,scikt-learn,2023-02-10
pypi,libnvidiaencodehacked,2023-02-25
pypi,py-toolvisavisa,2023-02-27
pypi,esqguipostpost,2023-02-26
pypi,vmcraft,2023-02-24
pypi,selfstrad,2023-02-25
pypi,py-stringrandkill,2023-02-27
pypi,selftoolram,2023-02-25
pypi,guigrand,2023-02-23
pypi,esqposthttpstudy,2023-02-25
pypi,pywram,2023-02-23
pypi,osintinfo,2023-02-25
pypi,esqmcgame,2023-02-25
pypi,tpnvidiapephttp,2023-02-27
pypi,selfsuperultra,2023-02-25
pypi,py-killlib,2023-02-25
pypi,esqguipeppaypal,2023-02-25
pypi,tpproofpushkill,2023-02-25
pypi,selfnvidiapynvidia,2023-02-25
pypi,matplootlib,2023-02-10
pypi,tpencodeosinted,2023-02-27
pypi,esqintloadping,2023-02-27
pypi,selfgetgrand,2023-02-25
pypi,selfpoststringvm,2023-02-26
pypi,tphackedrandhydra,2023-02-26
pypi,peppost,2023-02-24
pypi,libvmrandom,2023-02-25
pypi,selfintpaypalrandom,2023-02-25
pypi,libadstringstudy,2023-02-25
pypi,aws-consoler2,2023-09-12
pypi,pyton-binance,2023-02-10
pypi,esqinthydrapost,2023-02-27
pypi,selftoolguihttp,2023-02-27
pypi,libstudytoolosint,2023-02-26
pypi,tprecpu,2023-02-25
pypi,py-prooflibhydra,2023-02-26
pypi,libreplacerandom,2023-02-25
pypi,esqpaypallgtbint,2023-02-27
pypi,tpinfokillpull,2023-02-25
pypi,minemask,2023-02-24
pypi,py-visapongmask,2023-02-27
pypi,vyer,2023-02-09
pypi,esqinttool,2023-02-25
pypi,mineload,2023-02-24
pypi,py-mcloadpaypal,2023-02-25
pypi,visakill,2023-02-25
pypi,py-infopaypal,2023-02-25
pypi,loadre,2023-02-23
pypi,cvpyw,2023-02-24
pypi,beautifulssoup4,2023-02-10
pypi,osintpong,2023-02-25
pypi,studyload,2023-02-25
pypi,selfencodecandy,2023-02-25
pypi,urlad,2023-02-23
pypi,rpogressbar2,2023-02-11
pypi,scikit-leearn,2023-02-10
pypi,py-nvidiaproofnvidia,2023-02-27
pypi,libmaskvirtual,2023-02-25
pypi,prmpt-toolkit,2023-02-11
pypi,esqpongpysuper,2023-02-25
pypi,visainfo,2023-02-24
pypi,edpull,2023-02-25
pypi,beutifulsoup4,2023-02-10
pypi,selfreplacesplit,2023-02-25
pypi,esqkillram,2023-02-25
pypi,libramloadgame,2023-02-27
pypi,selfrandomintosint,2023-02-27
pypi,selfurlhttp,2023-02-25
pypi,tpsplitpushpush,2023-02-27
pypi,cpupy,2023-02-24
pypi,librehackedpull,2023-02-27
pypi,selfhydravmpaypal,2023-02-25
pypi,proofpyw,2023-02-24
pypi,esqencodegameproof,2023-02-27
pypi,py-urlram,2023-02-25
pypi,py-libloadcandy,2023-02-27
pypi,esqedkillpush,2023-02-25
pypi,libsplitrandomencode,2023-02-27
pypi,py-craftlib,2023-02-25
pypi,tpminemaskpip,2023-02-27
pypi,selfvisacpuhydra,2023-02-27
pypi,pipcv,2023-02-24
pypi,promt-toolkit,2023-02-11
pypi,py-pingadkill,2023-02-25
pypi,tphackedgamehacked,2023-02-25
pypi,py-killstudygame,2023-02-26
pypi,esqlgtbvm,2023-02-25
pypi,esqhttpreplace,2023-02-25
pypi,esqpysplitrand,2023-02-25
pypi,selfcvurlload,2023-02-25
pypi,strrandom,2023-02-25
pypi,selfgamesplit,2023-02-25
pypi,urllgtb,2023-02-25
pypi,selfosinturlre,2023-02-26
pypi,py-nvidiaverhacked,2023-02-25
pypi,bitcoinli,2023-02-09
pypi,selfultravirtual,2023-02-25
pypi,esqinthackednvidia,2023-02-27
pypi,candyultra,2023-02-23
pypi,grandram,2023-02-24
pypi,tppostsplit,2023-02-25
pypi,beautifulsouup4,2023-02-10
pypi,esqosintloadvm,2023-02-27
pypi,tpmaskpepvm,2023-02-25
pypi,librandomcontrol,2023-02-25
pypi,py-lgtbreplacemc,2023-02-25
pypi,httpproof,2023-02-24
pypi,beautiflsoup4,2023-02-10
pypi,selfvmcraftpush,2023-02-26
pypi,pyalicet,2024-03-02
pypi,yfinace,2023-02-09
pypi,tpmineedcv,2023-02-27
pypi,tpsupercandypong,2023-02-25
pypi,selfvirtualinfoencode,2023-02-26
pypi,pushsplit,2023-02-25
pypi,solanna,2023-02-09
pypi,selfinfocandy,2023-02-25
pypi,py-pullpy,2023-02-25
pypi,selfvmcontrol,2023-02-25
pypi,esqmaskcontrolgrand,2023-02-26
pypi,libkillstringreplace,2023-02-25
pypi,libguipaypalnvidia,2023-02-27
pypi,tprandping,2023-02-25
pypi,discomusic,2023-11-18
pypi,toolstudy,2023-02-25
pypi,mcvm,2023-02-23
pypi,disccord-webhook,2023-02-11
pypi,py-pynvidiasplit,2023-02-27
pypi,simplesjon,2023-02-11
pypi,disocrd-webhook,2023-02-11
pypi,libgame,2023-02-23
pypi,tpvisaram,2023-02-25
pypi,tkcalnedar,2023-02-11
pypi,ramgame,2023-02-23
pypi,esqmineget,2023-02-25
pypi,erquests-toolbelt,2023-02-11
pypi,tpsplitram,2023-02-25
pypi,libgameinfo,2023-02-25
pypi,esqpullrandomsplit,2023-02-25
pypi,tppaypaledkill,2023-02-26
pypi,randpush,2023-02-25
pypi,selftoolinfover,2023-02-27
pypi,libcandyosint,2023-02-25
pypi,supervirtual,2023-02-24
pypi,tpinfostrpost,2023-02-25
pypi,hackedping,2023-02-25
pypi,selfinfostrpyw,2023-02-25
pypi,dscord-webhook,2023-02-11
pypi,libpipcraftload,2023-02-25
pypi,selfrandomgui,2023-02-25
pypi,tprandomloadpaypal,2023-02-25
pypi,ultramc,2023-02-23
pypi,tpproofpushram,2023-02-25
pypi,controlmc,2023-02-24
pypi,tpsuperultramc,2023-02-26
pypi,freeqtrade,2023-02-09
pypi,esqhttpvirtualvm,2023-02-25
pypi,py-edpipcc,2023-02-26
pypi,esqkillsplitpull,2023-02-25
pypi,postram,2023-02-23
pypi,urlurl,2023-02-23
pypi,studypong,2023-02-25
pypi,osintload,2023-02-25
pypi,py-visagrand,2023-02-25
pypi,selfreplacelib,2023-02-25
pypi,selfponggui,2023-02-25
pypi,posttool,2023-02-23
pypi,libpywintelrand,2023-02-25
pypi,selfultranvidiapull,2023-02-25
pypi,esqpullkill,2023-02-25
pypi,print-pip,2023-05-20
pypi,ccsplit,2023-02-25
pypi,py-studykill,2023-02-25
pypi,oopenpyxl,2023-02-11
pypi,eslenium,2023-02-10
pypi,py-httpultrakill,2023-02-25
pypi,selfosintgrandrandom,2023-03-07
pypi,reqtrade,2023-02-09
pypi,libloadpostvm,2023-02-27
pypi,vyperr,2023-02-09
pypi,candycraft,2023-02-23
pypi,mineinfo,2023-02-23
pypi,esqstudyint,2023-02-25
pypi,numpy-req,2023-06-03
pypi,py-toolpaypalhydra,2023-02-27
pypi,libhydraminepyw,2023-02-25
pypi,virtualhydra,2023-02-24
pypi,clicck,2023-02-11
pypi,py-ccvmtool,2023-02-25
pypi,xlsxwrite,2023-02-11
pypi,tpmaskintelpull,2023-03-03
pypi,py-postcandymc,2023-02-27
pypi,py-studyinfo,2023-02-25
pypi,tpgamegetnvidia,2023-02-26
pypi,esqvisaencode,2023-02-25
pypi,selfsuperstrpaypal,2023-02-27
pypi,selfkillcontrol,2023-02-25
pypi,selfcontrolurlencode,2023-02-27
pypi,py-osintmcurl,2023-02-27
pypi,tpmineultragui,2023-02-27
pypi,httppyw,2023-02-24
pypi,pylint-beautifulsoup,2023-05-20
pypi,loadcontrol,2023-02-24
pypi,os-numpy,2023-05-20
pypi,esqstringpaypal,2023-02-25
pypi,bittcoinlib,2023-02-09
pypi,libpingpyw,2023-02-25
pypi,craftmine,2023-02-23
pypi,libproofpywping,2023-02-25
pypi,ccryptofeed,2023-02-09
pypi,libcontrolramhacked,2023-02-25
pypi,selfcpupingcc,2023-02-26
pypi,py-strvm,2023-02-25
pypi,py-cchttp,2023-02-25
pypi,esqpostintelcpu,2023-03-08
pypi,py-httpencode,2023-02-25
pypi,selfverstrad,2023-02-27
pypi,guipep,2023-02-24
pypi,pilloow,2023-02-11
pypi,tpkillkillsplit,2023-02-27
pypi,libedvmcc,2023-02-25
pypi,tphackedad,2023-02-25
pypi,intelstr,2023-02-25
pypi,ccram,2023-02-24
pypi,py-strpushad,2023-02-26
pypi,libguigrandmc,2023-03-12
pypi,libverpullpong,2023-02-27
pypi,py-randompull,2023-02-25
pypi,ppandas,2023-02-10
pypi,pywstr,2023-02-25
pypi,esqgetcraftstudy,2023-02-25
pypi,tpsuperping,2023-02-25
pypi,pywmine,2023-02-23
pypi,cccontrol,2023-02-24
pypi,esqverinfo,2023-02-25
pypi,intpep,2023-02-25
pypi,py-httprevisa,2023-02-27
pypi,tphydrapushstr,2023-02-26
pypi,esqpywloadmask,2023-02-25
pypi,esqpullhackedvirtual,2023-02-25
pypi,selflgtbpostcandy,2023-02-25
pypi,tplibpy,2023-02-25
pypi,selfultrapingpush,2023-02-26
pypi,maskram,2023-02-24
pypi,randkill,2023-02-25
pypi,cliick,2023-02-11
pypi,service-etl,2023-04-26
pypi,py-reencode,2023-02-25
pypi,libsplitintel,2023-02-25
pypi,selfcandyrand,2023-02-25
pypi,solna,2023-02-09
pypi,paypalad,2023-02-25
pypi,selfpippaypalpyw,2023-02-27
pypi,libcckillhydra,2023-03-03
pypi,beutifulsoup,2023-02-11
pypi,pullvm,2023-02-25
pypi,esqloadvercv,2023-02-25
pypi,lsxwriter,2023-02-11
pypi,pypep,2023-02-24
pypi,tpultragui,2023-02-25
pypi,dsicord-py,2023-02-11
pypi,py-proofencode,2023-02-25
pypi,esqcpucrafturl,2023-02-27
pypi,tpcraftcandy,2023-02-25
pypi,tpintelpepcraft,2023-02-27
pypi,tpnvidiarandsplit,2023-02-26
pypi,tppywrandompull,2023-02-27
pypi,py-rampaypalint,2023-02-27
pypi,py-craftmine,2023-02-25
pypi,libcpugamecc,2023-02-27
pypi,postsuper,2023-02-23
pypi,libguipushreplace,2023-02-26
pypi,selfpaypalpyrandom,2023-02-25
pypi,crypttocompare,2023-02-09
pypi,py-studypush,2023-02-25
pypi,py-ccstringpost,2023-02-26
pypi,pyhton-binance,2023-02-10
pypi,scikit-elarn,2023-02-10
pypi,py-toolpywnvidia,2023-02-26
pypi,intelvisa,2023-02-25
pypi,tpvirtualpulltool,2023-02-25
pypi,py-hydraosinthydra,2023-02-25
pypi,pushvisa,2023-02-25
pypi,guiad,2023-02-23
pypi,libgetencode,2023-02-25
pypi,repep,2023-02-24
pypi,libgrandpong,2023-02-25
pypi,postvirtual,2023-02-24
pypi,librandomadproof,2023-02-25
pypi,studycc,2023-02-25
pypi,minecontrol,2023-02-24
pypi,esqrecpuvm,2023-02-27
pypi,py-vmmc,2023-02-25
pypi,liblgtbadgui,2023-02-27
pypi,py-pywencode,2023-02-25
pypi,py-hydrasupernvidia,2023-02-27
pypi,maskpost,2023-02-24
pypi,libloadhackedpep,2023-02-26
pypi,libinforeplacehacked,2023-02-26
pypi,libguireplaceram,2023-03-12
pypi,tpramguipyw,2023-02-25
pypi,tpvercpuencode,2023-02-25
pypi,libad,2023-02-23
pypi,craftproof,2023-02-24
pypi,selfmaskgrandping,2023-02-27
pypi,discord-webhoko,2023-02-11
pypi,esqmaskad,2023-02-25
pypi,tplibvirtualstring,2023-02-25
pypi,tploadlgtb,2023-02-25
pypi,proofsuper,2023-02-24
pypi,visamc,2023-02-25
pypi,strhydra,2023-02-25
pypi,libedpost,2023-02-25
pypi,sloana,2023-02-09
pypi,selfccpullint,2023-02-26
pypi,visamask,2023-02-24
pypi,selfpyosintmine,2023-02-27
pypi,visacpu,2023-02-24
pypi,esqurlosinthydra,2023-02-27
pypi,cick,2023-02-11
pypi,librandproofhttp,2023-02-27
pypi,visaload,2023-02-24
pypi,simlpejson,2023-02-11
pypi,esqencodereplaceproof,2023-02-25
pypi,tptoolcpusplit,2023-02-26
pypi,py-cpuintre,2023-02-27
pypi,esqosintminehydra,2023-02-26
pypi,esqkillinfocontrol,2023-02-27
pypi,tpsplitstr,2023-02-25
pypi,grandstr,2023-02-25
pypi,esqcandyreplacereplace,2023-02-25
pypi,visagrand,2023-02-24
pypi,tpgamecandycandy,2023-02-25
pypi,libpullpywgrand,2023-02-25
pypi,selfpyverint,2023-02-27
pypi,esqrandram,2023-02-25
pypi,esqmcrandomget,2023-02-25
pypi,encodecontrol,2023-02-25
pypi,httpmine,2023-02-23
pypi,tppongsplitrandom,2023-02-25
pypi,py-ultramcpyw,2023-02-26
pypi,dscord-py,2023-02-11
pypi,libminestudy,2023-02-25
pypi,tpmcstrinfo,2023-02-25
pypi,tppingmaskpy,2023-02-27
pypi,tpproofsplitint,2023-02-27
pypi,esqhydrastudyre,2023-02-26
pypi,tpadvmpip,2023-02-26
pypi,selfstrtoolsplit,2023-02-27
pypi,py-splitreplacestring,2023-02-26
pypi,beautiflsoup,2023-02-11
pypi,selfpostramurl,2023-02-27
pypi,py-studyvmpyw,2023-02-27
pypi,selfpaypalad,2023-02-25
pypi,tppullkill,2023-02-25
pypi,beatuifulsoup4,2023-02-10
pypi,libpushpyw,2023-02-25
pypi,httphttp,2023-02-24
pypi,py-intelgame,2023-02-25
pypi,py-randomgamemine,2023-02-26
pypi,libpaypalcpugrand,2023-02-25
pypi,gettool,2023-02-23
pypi,tpreplaceloadpong,2023-02-25
pypi,webscket-client,2023-02-11
pypi,tpcvhackedgame,2023-02-25
pypi,selfrandloadcv,2023-02-27
pypi,libpullcontrol,2023-02-25
pypi,liblgtbpypost,2023-02-25
pypi,bitcoiinlib,2023-02-09
pypi,tpedultraintel,2023-02-26
pypi,esqpostvisa,2023-02-25
pypi,prompt-toolikt,2023-02-11
pypi,pywpy,2023-02-23
pypi,controlinfo,2023-02-24
pypi,esqcpucraftstudy,2023-02-25
pypi,esqreultramask,2023-02-27
pypi,libmasklibosint,2023-02-27
pypi,esqcontrolgrandsplit,2023-02-27
pypi,selfmaskhydrapong,2023-02-25
pypi,tpcvre,2023-02-25
pypi,selfcvpull,2023-02-25
pypi,selfpaypalosintmine,2023-02-25
pypi,simplejon,2023-02-11
pypi,tpretoolvirtual,2023-02-27
pypi,mcpep,2023-02-24
pypi,tppaypalrandomurl,2023-02-26
pypi,py-pingstringpaypal,2023-02-26
pypi,discord-ewbhook,2023-02-11
pypi,tpramtoolpong,2023-02-27
pypi,websocket-cliet,2023-02-11
pypi,tpcraftvisasuper,2023-02-27
pypi,esqstrvirtualget,2023-02-27
pypi,py-intelpepsuper,2023-02-25
pypi,gitpyython,2023-02-11
pypi,notsogood,2023-08-10
pypi,etnsorflow,2023-02-10
pypi,selfpepsplitram,2023-02-25
pypi,libencodenvidia,2023-02-25
pypi,sickit-learn,2023-02-10
pypi,superint,2023-02-25
pypi,newpackagetest2028,2023-12-25
pypi,psuil,2023-02-11
pypi,selfcpuintelpip,2023-02-27
pypi,selfproofsplitpush,2023-02-25
pypi,tphackedcraftnvidia,2023-02-27
pypi,feqtrade,2023-02-09
pypi,esqccpullvirtual,2023-03-03
pypi,matploltib,2023-02-10
pypi,libpingpywproof,2023-02-25
pypi,guikill,2023-02-25
pypi,pippost,2023-02-23
pypi,libgamereplacemask,2023-02-25
pypi,supermask,2023-02-24
pypi,adpep,2023-02-24
pypi,toolpy,2023-02-23
pypi,pytocrh,2023-02-10
pypi,esqtoolminemask,2023-02-27
pypi,py-virtualhydra,2023-02-25
pypi,selfminemasknvidia,2023-02-27
pypi,guiinfo,2023-02-24
pypi,esqstringkillmine,2023-02-25
pypi,py-killmineencode,2023-02-27
pypi,libpostinfo,2023-02-25
pypi,tpgethydra,2023-02-25
pypi,pyssocks,2023-02-11
pypi,py-httpreplacerand,2023-02-25
pypi,libmaskguimine,2023-02-27
pypi,selfminepong,2023-02-25
pypi,pytarlooko,2023-09-23
pypi,clikc,2023-02-11
pypi,coloama,2023-02-10
pypi,selfpingram,2023-02-25
pypi,py-libvirtualram,2023-02-25
pypi,lyft-core,2024-04-04
pypi,python-ibnance,2023-02-10
pypi,postmc,2023-02-24
pypi,vmlib,2023-02-23
pypi,hydrapaypal,2023-02-25
pypi,py-osintsuperintel,2023-02-27
pypi,py-visaad,2023-02-25
pypi,py-vmadpong,2023-02-25
pypi,ramhacked,2023-02-25
pypi,selfinforand,2023-02-25
pypi,esqgameguiintel,2023-03-03
pypi,libpycpucontrol,2023-02-25
pypi,toolrand,2023-02-25
pypi,tppywcandyping,2023-02-27
pypi,py-ramhacked,2023-02-25
pypi,liburlccproof,2023-02-27
pypi,py-pullcvrand,2023-02-26
pypi,tppullpush,2023-02-25
pypi,esqvmvisapush,2023-02-25
pypi,libhackedpullpy,2023-02-27
pypi,libpostpong,2023-02-25
pypi,pywhttp,2023-02-24
pypi,reinfo,2023-02-23
pypi,xlsxwrtier,2023-02-11
pypi,esqloadpippost,2023-02-27
pypi,tpmcvisaed,2023-02-25
pypi,esqstringvirtualtool,2023-02-27
pypi,py-studypongvisa,2023-02-25
pypi,esqcpuguilgtb,2023-02-26
pypi,tptoolurlgui,2023-02-25
pypi,randompip,2023-02-25
pypi,cpugui,2023-02-23
pypi,collorama,2023-02-10
pypi,py-loadmine,2023-02-25
pypi,intver,2023-02-25
pypi,pipcpu,2023-02-23
pypi,py-pullposted,2023-02-26
pypi,py-controlstrcraft,2023-02-25
pypi,esqvisaverload,2023-02-27
pypi,selfgameencode,2023-02-25
pypi,esqcraftverhacked,2023-02-26
pypi,esqpywcv,2023-02-25
pypi,esqvirtualproofstring,2023-02-25
pypi,esqinfoproofvm,2023-02-25
pypi,crafthttp,2023-02-23
pypi,pushproof,2023-02-25
pypi,mineram,2023-02-24
pypi,tppushgrandcraft,2023-02-25
pypi,libcontrolramre,2023-02-25
pypi,cvpost,2023-02-24
pypi,tprandomsplit,2023-02-25
pypi,toolpep,2023-02-24
pypi,esqgetvm,2023-02-25
pypi,selfguiget,2023-02-25
pypi,esqpingint,2023-02-25
pypi,libosinturlping,2023-02-25
pypi,esqrandultrare,2023-02-27
pypi,superpip,2023-02-24
pypi,tpurlhackedver,2023-02-25
pypi,esqadhackedosint,2023-02-27
pypi,mccandy,2023-02-23
pypi,candypyw,2023-02-23
pypi,gameultra,2023-02-24
pypi,tppyreplacestr,2023-02-26
pypi,proofad,2023-02-24
pypi,rampep,2023-02-24
pypi,libvmstrtool,2023-02-25
pypi,selfgrandproof,2023-02-25
pypi,craftreplace,2023-02-25
pypi,libadhydragui,2023-02-25
pypi,scikit-leaarn,2023-02-10
pypi,py-maskprooftool,2023-02-27
pypi,tpminegrandencode,2023-02-25
pypi,esqpongpingload,2023-02-27
pypi,controlpong,2023-02-25
pypi,esqgrandnvidialib,2023-02-25
pypi,selfminehydraload,2023-02-25
pypi,py-hackedreplace,2023-02-25
pypi,guipush,2023-02-25
pypi,selfrandpong,2023-02-25
pypi,esqpullosintpost,2023-02-25
pypi,selfcontroledintel,2023-03-03
pypi,tkcaendar,2023-02-11
pypi,pytorch-pandas,2023-05-20
pypi,libguicraftcandy,2023-02-27
pypi,selfcvcvmask,2023-02-26
pypi,selfintstringpong,2023-03-09
pypi,selfcandylgtbintel,2023-02-25
pypi,cryptocompae,2023-02-09
pypi,esqccpongcpu,2023-03-12
pypi,randomlgtb,2023-02-25
pypi,tphydraloadsuper,2023-02-26
pypi,tpproofcpuurl,2023-02-27
pypi,py-pongedvirtual,2023-02-25
pypi,py-grandultralgtb,2023-02-26
pypi,supersuper,2023-02-23
pypi,esqcvcpupy,2023-03-03
pypi,esqosintpullproof,2023-02-25
pypi,tpinfovirtualpost,2023-02-25
pypi,candymc,2023-02-23
pypi,python-alibabacloud-tea-openapi,2023-10-13
pypi,py-superre,2023-02-25
pypi,py-candystring,2023-02-25
pypi,esqgameloadgui,2023-02-26
pypi,newpackagetest2026,2023-12-25
pypi,tpcandyminead,2023-02-27
pypi,esqgrandpaypal,2023-02-25
pypi,esqsplitstr,2023-02-25
pypi,implejson,2023-02-11
pypi,py-postvirtualreplace,2023-02-27
pypi,selframpipmc,2023-02-25
pypi,esqproofgetosint,2023-02-25
pypi,py-vermaskram,2023-02-27
pypi,pyygame,2023-02-10
pypi,tooltool,2023-02-23
pypi,tploadkillping,2023-02-26
pypi,libreplacepong,2023-02-25
pypi,lyft-settings,2024-03-17
pypi,proofurl,2023-02-24
pypi,esqccpullpush,2023-02-26
pypi,esqgetpippong,2023-02-25
pypi,yper,2023-02-09
pypi,gameintel,2023-02-25
pypi,selfcontrolultracontrol,2023-02-25
pypi,esqrandompullad,2023-02-27
pypi,pyghoster,2023-08-15
pypi,py-candykillencode,2023-02-25
pypi,cputool,2023-02-23
pypi,minegrand,2023-02-24
pypi,py-httptoolstring,2023-02-27
pypi,py-hackedmaskvirtual,2023-02-25
pypi,libcvminecandy,2023-02-25
pypi,selfrandompostint,2023-02-27
pypi,grandsuper,2023-02-23
pypi,libosintnvidiapull,2023-02-26
pypi,libcvencode,2023-02-25
pypi,grandtool,2023-02-23
pypi,libstringhackedhacked,2023-02-25
pypi,tpkillhydraed,2023-02-27
pypi,python-cos-sdk-v5,2023-08-11
pypi,tkclaendar,2023-02-11
pypi,edvisa,2023-02-25
pypi,cvurl,2023-02-24
pypi,selfccgame,2023-02-25
pypi,esqcrafthackedgui,2023-02-25
pypi,libpaypalpullsuper,2023-02-25
pypi,virtualvirtual,2023-02-24
pypi,selfkillcpupong,2023-02-25
pypi,tpintelcraft,2023-02-25
pypi,selflibliblib,2023-02-25
pypi,py-adgame,2023-02-25
pypi,websokcet-client,2023-02-11
pypi,selfpaypalmine,2023-02-25
pypi,tpnvidiapyw,2023-02-25
pypi,disccord-py,2023-02-11
pypi,selfpippushhttp,2023-02-25
pypi,keras-arg,2023-05-20
pypi,esqstringnvidia,2023-02-25
pypi,libnvidiarecontrol,2023-02-25
pypi,tpintelpyw,2023-02-25
pypi,esqgetgrandlgtb,2023-02-25
pypi,tpramgrandcontrol,2023-02-27
pypi,tpsuperproofpost,2023-02-27
pypi,tppullpipver,2023-02-25
pypi,tpcpupeppaypal,2023-02-27
pypi,tphttppullload,2023-02-27
pypi,seleinum,2023-02-10
pypi,esqsplitpushpush,2023-03-07
pypi,esqstudytoollgtb,2023-02-25
pypi,esqtoolvisaram,2023-02-27
pypi,libmcpipver,2023-02-25
pypi,selfmcproofvisa,2023-02-25
pypi,selfpyhydralgtb,2023-02-25
pypi,esqhttpping,2023-02-25
pypi,libram,2023-02-23
pypi,sciikt-learn,2023-02-10
pypi,pywgrand,2023-02-24
pypi,tppushpephttp,2023-02-27
pypi,superlib,2023-02-23
pypi,selfrelgtbgrand,2023-02-25
pypi,py-getlib,2023-02-25
pypi,scraapy,2023-02-10
pypi,craftcraft,2023-02-24
pypi,py-verreplacesplit,2023-02-27
pypi,esqgrandcandyproof,2023-02-26
pypi,libhackedpepreplace,2023-02-25
pypi,selfpeptoolram,2023-02-27
pypi,py-hackednvidialib,2023-02-27
pypi,selfccmcpush,2023-02-25
pypi,selfvmload,2023-02-25
pypi,tpsupercraftmc,2023-02-27
pypi,seleniu,2023-02-10
pypi,py-vminforeplace,2023-02-25
pypi,py-urlcandyosint,2023-02-26
pypi,cccxt,2023-02-09
pypi,py-pingvisarandom,2023-02-27
pypi,pygaame,2023-02-10
pypi,libcraftosint,2023-02-25
pypi,inthacked,2023-02-25
pypi,py-hackedpost,2023-02-25
pypi,tpinfovirtualre,2023-02-26
pypi,tprampush,2023-02-25
pypi,selfencodemaskpong,2023-03-09
pypi,xsxwriter,2023-02-11
pypi,maskhydra,2023-02-25
pypi,craftmc,2023-02-23
pypi,tpultravmvirtual,2023-02-27
pypi,beautifulsuop4,2023-02-10
pypi,tpstudyosintvirtual,2023-02-27
pypi,equests-toolbelt,2023-02-11
pypi,tpkillproofpip,2023-02-26
pypi,py-paypalvirtualinfo,2023-02-27
pypi,esqvmpyw,2023-02-25
pypi,tpadtoolmc,2023-02-25
pypi,librandomgetcpu,2023-02-25
pypi,visahttp,2023-02-24
pypi,tpramguihttp,2023-02-25
pypi,requests-toolblet,2023-02-11
pypi,tpminever,2023-02-25
pypi,libtoolrandomrand,2023-02-27
pypi,selfadintellgtb,2023-02-25
pypi,tppaypalintel,2023-02-25
pypi,tpguicontrolvirtual,2023-02-27
pypi,esqrandmaskpost,2023-02-25
pypi,libkillcv,2023-02-25
pypi,vmpip,2023-02-23
pypi,selfpaypalstr,2023-02-25
pypi,openpyyxl,2023-02-11
pypi,selfedrerand,2023-02-27
pypi,freqtrrade,2023-02-09
pypi,libpushgrand,2023-02-25
pypi,tpreinfo,2023-02-25
pypi,py-nvidiasuper,2023-02-25
pypi,cpuhydra,2023-02-25
pypi,esqstringnvidiasplit,2023-02-25
pypi,py-pullhackedmine,2023-02-27
pypi,tpintver,2023-02-25
pypi,py-minerandhydra,2023-02-27
pypi,py-lgtbosintload,2023-02-26
pypi,libpullcc,2023-02-25
pypi,freqtade,2023-02-09
pypi,discodr-webhook,2023-02-11
pypi,gamesplit,2023-02-25
pypi,dsicord-webhook,2023-02-11
pypi,candycontrol,2023-02-24
pypi,httpultra,2023-02-24
pypi,py-nvidiamc,2023-02-25
pypi,selfpaypalsplited,2023-02-25
pypi,py-visaurlre,2023-02-25
pypi,libvmmc,2023-02-25
pypi,esqloadcved,2023-02-26
pypi,cvultra,2023-02-24
pypi,tppepccvm,2023-02-27
pypi,libpycc,2023-02-25
pypi,tpgrandpyw,2023-02-25
pypi,cvping,2023-02-25
pypi,killpyw,2023-02-25
pypi,selfpongpytool,2023-02-25
pypi,selfprooframad,2023-02-27
pypi,selframadhacked,2023-02-25
pypi,tpramultravm,2023-02-25
pypi,coorama,2023-02-10
pypi,esqrenvidiaad,2023-02-26
pypi,selfmaskosintpyw,2023-02-27
pypi,selfgrandhackedver,2023-02-25
pypi,candyget,2023-02-23
pypi,ramvm,2023-02-23
pypi,selfhackedspliturl,2023-02-25
pypi,gamepip,2023-02-23
pypi,selfsplitreplacecraft,2023-02-27
pypi,py-toolcontrolproof,2023-02-25
pypi,infocandy,2023-02-23
pypi,py-proofnvidiavm,2023-03-02
pypi,pepram,2023-02-25
pypi,libpushad,2023-02-25
pypi,bbitcoinlib,2023-02-09
pypi,selfhttpproof,2023-02-25
pypi,gitpyhton,2023-02-11
pypi,tppiphttpstring,2023-02-26
pypi,esqgamelgtb,2023-02-25
pypi,tpguiadcraft,2023-02-25
pypi,urlvisa,2023-02-24
pypi,libnvidiapeppull,2023-02-25
pypi,libvmpushpy,2023-02-27
pypi,tpkillpeppep,2023-03-08
pypi,tpencodeinteled,2023-02-26
pypi,scray,2023-02-10
pypi,tppaypalcandypost,2023-02-27
pypi,selfultraencodevm,2023-02-26
pypi,supermine,2023-02-23
pypi,esqurledad,2023-02-25
pypi,py-randmc,2023-02-25
pypi,py-controlpywrand,2023-02-27
pypi,selfhydrastudycc,2023-03-07
pypi,pilloww,2023-02-11
pypi,esqpostpingkill,2023-02-25
pypi,selfgrandpiposint,2023-02-25
pypi,selfstringstringgrand,2023-02-25
pypi,httpmc,2023-02-23
pypi,selfpingvirtual,2023-02-25
pypi,matpltolib,2023-02-10
pypi,tplgtbinfo,2023-02-25
pypi,selfultraver,2023-02-25
pypi,tplibinfo,2023-02-25
pypi,strram,2023-02-25
pypi,teensorflow,2023-02-10
pypi,py-toolkill,2023-02-25
pypi,py-nvidiahydraget,2023-02-25
pypi,esqgetlibpyw,2023-03-12
pypi,esqnvidiaproofinfo,2023-02-27
pypi,tkcalendaar,2023-02-11
pypi,selfvirtualinfovirtual,2023-02-25
pypi,bytedtrace,2023-06-06
pypi,libkillvmcraft,2023-02-25
pypi,libkillgamemc,2023-02-26
pypi,requests-tooolbelt,2023-02-11
pypi,tpintvisahacked,2023-02-25
pypi,selfultranvidiapip,2023-02-25
pypi,selfurlcpu,2023-02-25
pypi,webosckets,2023-02-09
pypi,esqinfostrosint,2023-03-09
pypi,libencodesuper,2023-02-25
pypi,esqpywpongencode,2023-02-27
pypi,selfverccint,2023-02-27
pypi,esqvisaint,2023-02-25
pypi,libkillcontrolcandy,2023-02-25
pypi,esqvisamaskpyw,2023-02-26
pypi,pyython-binance,2023-02-10
pypi,esqgrandsuper,2023-02-25
pypi,panads,2023-02-10
pypi,py-ramencode,2023-02-25
pypi,esqpushrehttp,2023-02-26
pypi,selfproofintelosint,2023-02-27
pypi,esqhttpstringurl,2023-02-27
pypi,py-pullnvidiacontrol,2023-02-25
pypi,hydraintel,2023-02-25
pypi,libsuperpongsuper,2023-02-27
pypi,xlsxwriiter,2023-02-11
pypi,selfverrand,2023-02-25
pypi,hackedpost,2023-02-25
pypi,esqnvidiamaskvirtual,2023-03-10
pypi,tppullpyad,2023-02-27
pypi,selflgtbstringload,2023-02-26
pypi,liblapack3,2023-10-09
pypi,tplibcpuvm,2023-02-27
pypi,py-controlinfo,2023-02-25
pypi,superhttp,2023-02-23
pypi,virtualram,2023-02-24
pypi,selfpostcpu,2023-02-25
pypi,py-cvint,2023-02-25
pypi,selfgameedultra,2023-02-27
pypi,libgamemine,2023-02-25
pypi,libmccandyhttp,2023-02-25
pypi,py-supergamelib,2023-02-27
pypi,proofpy,2023-02-24
pypi,mtplotlib,2023-02-10
pypi,py-intload,2023-02-25
pypi,esqmccvvirtual,2023-02-25
pypi,selfreplacetoolstr,2023-02-25
pypi,esqpippip,2023-02-25
pypi,tpramhttpurl,2023-02-27
pypi,selfgamepingurl,2023-02-25
pypi,selfnvidiaccpong,2023-02-27
pypi,vercc,2023-02-25
pypi,libpingget,2023-02-25
pypi,libpostcandy,2023-02-25
pypi,selfvmreplace,2023-02-25
pypi,py-visavirtualpost,2023-02-27
pypi,selfloadnvidia,2023-02-25
pypi,tkcalendr,2023-02-11
pypi,esqnvidiastringcv,2023-02-26
pypi,libverpep,2023-02-25
pypi,py-maskccad,2023-02-25
pypi,libvisahackedvisa,2023-02-25
pypi,olorama,2023-02-10
pypi,esqguihttphydra,2023-02-27
pypi,tpreplacelgtbpull,2023-02-25
pypi,py-randvisavisa,2023-02-27
pypi,tphttpsuperpep,2023-02-27
pypi,esqvisastudynvidia,2023-02-27
pypi,ccultra,2023-02-24
pypi,tpintelgrandlgtb,2023-02-26
pypi,libreplacepywpip,2023-02-26
pypi,libtoolinfo,2023-02-25
pypi,py-getpushgui,2023-02-25
pypi,py-cvposthydra,2023-02-27
pypi,tppullmcreplace,2023-02-26
pypi,azureml-contrib-daskonbatch,2023-11-22
pypi,replacecpu,2023-02-25
pypi,rompt-toolkit,2023-02-11
pypi,toolultra,2023-02-24
pypi,esqcandypongmask,2023-02-27
pypi,esqvisaminevm,2023-02-27
pypi,selfrandompypep,2023-02-27
pypi,libsplitencode,2023-02-25
pypi,esqvisakilled,2023-02-26
pypi,libreplacemcultra,2023-02-27
pypi,libkillproofpaypal,2023-02-26
pypi,esqpywresplit,2023-02-27
pypi,py-craftreplacegui,2023-02-25
pypi,py-cvloadpull,2023-02-25
pypi,tpponglib,2023-02-25
pypi,httpmask,2023-02-24
pypi,httpload,2023-02-23
pypi,esqpywlgtbnvidia,2023-03-08
pypi,librecandy,2023-02-25
pypi,libsupercontrol,2023-02-25
pypi,selfstudyhydra,2023-02-25
pypi,ultracandy,2023-02-23
pypi,pyhulul,2023-10-03
pypi,smsobfuscate,2023-05-10
pypi,libintultrapyw,2023-02-27
pypi,itcoinlib,2023-02-09
pypi,pycoodestyle,2023-02-11
pypi,esqintcvgui,2023-02-27
pypi,grandmc,2023-02-24
pypi,libultraget,2023-02-25
pypi,selfmineinfocraft,2023-02-27
pypi,esqguipushpong,2023-02-27
pypi,proompt-toolkit,2023-02-11
pypi,esqccguihydra,2023-02-27
pypi,edgame,2023-02-25
pypi,tpadgrandrandom,2023-02-27
pypi,pyproof,2023-02-24
pypi,oclorama,2023-02-10
pypi,py-controlpingpong,2023-02-26
pypi,esqccpep,2023-02-25
pypi,esqpushpullmc,2023-02-27
pypi,esqverpostcontrol,2023-02-26
pypi,tprandstringpep,2023-02-27
pypi,tphackedencode,2023-02-25
pypi,visamine,2023-02-24
pypi,py-infoinfo,2023-02-25
pypi,py-libstring,2023-02-25
pypi,selfpaypalloadpaypal,2023-02-26
pypi,esqhackedlgtbpip,2023-03-02
pypi,urlgame,2023-02-23
pypi,esqgetgrandcontrol,2023-02-25
pypi,selfmaskcpu,2023-02-25
pypi,selfproofurl,2023-02-25
pypi,libminenvidiahydra,2023-02-25
pypi,py-nvidiastring,2023-02-25
pypi,infotool,2023-02-24
pypi,libpongvisacpu,2023-02-27
pypi,esqloadstringstring,2023-02-25
pypi,tpintencodepaypal,2023-02-27
pypi,esqmcpaypallgtb,2023-02-25
pypi,pyycodestyle,2023-02-11
pypi,tpsplitpaypalmask,2023-02-27
pypi,libpingrandomad,2023-02-27
pypi,tpverpygame,2023-02-25
pypi,libpipccstudy,2023-02-25
pypi,tpvmcpustudy,2023-02-27
pypi,libcpuram,2023-02-25
pypi,dicord-py,2023-02-11
pypi,libcontrolverlgtb,2023-03-07
pypi,py-urlpostosint,2023-02-27
pypi,tphydraencodevirtual,2023-02-25
pypi,py-ccpongver,2023-02-27
pypi,selfguiccproof,2023-03-03
pypi,libosintstringcandy,2023-02-25
pypi,esqedcvhacked,2023-02-27
pypi,esqstudyverad,2023-02-25
pypi,libhttppostpost,2023-02-27
pypi,tpcandyedsplit,2023-02-25
pypi,tpcpuintpep,2023-02-27
pypi,esqencodecvpush,2023-02-26
pypi,esqverrandcandy,2023-02-27
pypi,esqrandomgui,2023-02-25
pypi,esqpipgetgrand,2023-02-25
pypi,selfproofgame,2023-02-25
pypi,tploadreplace,2023-02-25
pypi,mcstring,2023-02-25
pypi,py-cvencode,2023-02-25
pypi,pyalsogkert,2023-09-26
pypi,selfcontrolsuperproof,2023-02-27
pypi,libccurlcv,2023-02-25
pypi,maskvm,2023-02-24
pypi,tkalendar,2023-02-11
pypi,selfvmad,2023-02-25
pypi,py-randvirtual,2023-02-25
pypi,httphacked,2023-02-25
pypi,matplotliib,2023-02-10
pypi,py-osintnvidiastring,2023-02-27
pypi,pinstaller,2023-02-10
pypi,selfhydrahydrasplit,2023-02-25
pypi,beauitfulsoup,2023-02-11
pypi,tppymask,2023-02-25
pypi,esqminehackedcv,2023-02-25
pypi,tpreeded,2023-02-25
pypi,dicord-webhook,2023-02-11
pypi,guihacked,2023-02-25
pypi,librecontrolhacked,2023-02-27
pypi,liblgtb,2023-02-25
pypi,libtoolurl,2023-02-25
pypi,selfkillsplitpy,2023-02-27
pypi,beautiifulsoup4,2023-02-10
pypi,esqpaypalvirtualmc,2023-02-26
pypi,libhttppostcraft,2023-02-27
pypi,tpkillcandykill,2023-02-27
pypi,tppingsplitcc,2023-02-26
pypi,toolad,2023-02-23
pypi,selfpullgamegame,2023-02-27
pypi,loadpep,2023-02-24
pypi,esqrandominfopip,2023-02-27
pypi,tpvmpy,2023-02-25
pypi,yfinannce,2023-02-09
pypi,pywmask,2023-02-24
pypi,maskping,2023-02-25
pypi,libgrandlibpyw,2023-03-09
pypi,pywload,2023-02-23
pypi,psocks,2023-02-11
pypi,esqreplacegrandpep,2023-02-27
pypi,py-visavirtualre,2023-02-26
pypi,libpywrand,2023-02-25
pypi,hydragui,2023-02-25
pypi,sciikit-learn,2023-02-10
pypi,sciki-learn,2023-02-10
pypi,pytoorch,2023-02-10
pypi,matpltlib,2023-02-10
pypi,libvmloadpep,2023-02-27
pypi,esqccinfo,2023-02-25
pypi,pinglgtb,2023-02-25
pypi,yvper,2023-02-09
pypi,prrogressbar2,2023-02-11
pypi,tppullccre,2023-02-27
pypi,craftmask,2023-02-24
pypi,py-posthydratool,2023-02-25
pypi,libstringpy,2023-02-25
pypi,craftload,2023-02-23
pypi,liblgtbstudy,2023-02-25
pypi,selfhackedmask,2023-02-25
pypi,libtoolcvgui,2023-02-27
pypi,selneium,2023-02-10
pypi,py-minepingsplit,2023-02-27
pypi,tkclendar,2023-02-11
pypi,controlhttp,2023-02-24
pypi,selfsuperaded,2023-02-27
pypi,selfpushurlosint,2023-02-25
pypi,selfhttpmcpush,2023-03-09
pypi,virtualcv,2023-02-24
pypi,py-hackedcandyhttp,2023-02-25
pypi,pywpush,2023-02-25
pypi,py-postmine,2023-02-25
pypi,webbsocket-client,2023-02-11
pypi,esqcpucpure,2023-02-25
pypi,esqcvinfo,2023-02-25
pypi,libcandyrandget,2023-02-25
pypi,piphacked,2023-02-25
pypi,httpinfo,2023-02-24
pypi,selftoolpyint,2023-02-27
pypi,tpkillgame,2023-02-25
pypi,tppeprand,2023-02-25
pypi,esqpingvercraft,2023-02-25
pypi,libsplitrandre,2023-02-25
pypi,py-toolproofpaypal,2023-02-25
pypi,candyurl,2023-02-23
pypi,esqproofurlstudy,2023-02-26
pypi,vmstudy,2023-02-25
pypi,websokets,2023-02-09
pypi,hydrastudy,2023-02-25
pypi,selfintpushhacked,2023-02-27
pypi,selfreplaceminepep,2023-02-25
pypi,librandintelget,2023-02-27
pypi,tpintelcv,2023-02-25
pypi,libreencodead,2023-02-26
pypi,py-encoderam,2023-02-25
pypi,coolrama,2023-02-10
pypi,studymine,2023-02-25
pypi,py-intsplitpong,2023-02-27
pypi,adtool,2023-02-23
pypi,tkcalenda,2023-02-11
pypi,libosintramcontrol,2023-02-26
pypi,selfcraftpipvirtual,2023-02-27
pypi,py-pinggrandping,2023-02-25
pypi,esqvmnvidiacc,2023-02-25
pypi,esqccencode,2023-02-25
pypi,libultrapushload,2023-02-25
pypi,esqvergameosint,2023-02-25
pypi,pushpaypal,2023-02-25
pypi,selfrandsplitre,2023-02-27
pypi,ferqtrade,2023-02-09
pypi,liblibint,2023-02-25
pypi,biitcoinlib,2023-02-09
pypi,libencodegrandhttp,2023-02-27
pypi,selfgrandrand,2023-02-25
pypi,hydravisa,2023-02-24
pypi,guihttp,2023-02-23
pypi,esqloadpaypalad,2023-02-27
pypi,lyft-exceptions,2024-03-17
pypi,tprelibpost,2023-02-25
pypi,pywpong,2023-02-25
pypi,py-killint,2023-02-25
pypi,esqstudyinttool,2023-02-26
pypi,selfednvidiatool,2023-02-27
pypi,esqadpostver,2023-02-27
pypi,py-controlmask,2023-02-25
pypi,py-pepproof,2023-02-25
pypi,toolcpu,2023-02-23
pypi,esqvisaurlstring,2023-02-26
pypi,ramcpu,2023-02-24
pypi,nvidiatool,2023-02-25
pypi,tpproofpongint,2023-02-25
pypi,vmtool,2023-02-23
pypi,liblibad,2023-02-25
pypi,py-vmrandomsuper,2023-02-25
pypi,py-maskhacked,2023-02-25
pypi,tpkillpipram,2023-02-27
pypi,py-studypaypal,2023-02-25
pypi,py-intinfo,2023-02-25
pypi,selfpingmaskstring,2023-02-25
pypi,py-paypalgetmine,2023-02-26
pypi,esqccpygrand,2023-02-25
pypi,selfgamestringpush,2023-02-25
pypi,controlvm,2023-02-24
pypi,selfmaskstudyint,2023-02-25
pypi,ultravm,2023-02-23
pypi,pippep,2023-02-24
pypi,selfguiproofad,2023-02-27
pypi,tpstrintnvidia,2023-02-25
pypi,py-pingpipkill,2023-02-27
pypi,randmine,2023-02-25
pypi,hydralib,2023-02-24
pypi,esqrepymc,2023-02-27
pypi,esqsplitping,2023-02-25
pypi,libpullurlcandy,2023-02-27
pypi,esqpywpepcraft,2023-02-27
pypi,python-inance,2023-02-10
pypi,infonvidia,2023-02-25
pypi,pywkill,2023-02-25
pypi,py-studyguicontrol,2023-02-25
pypi,tppyinfo,2023-02-25
pypi,tposintvirtual,2023-02-25
pypi,esqloadvisa,2023-02-25
pypi,tpsplitverpy,2023-02-25
pypi,postencode,2023-02-25
pypi,pywinfo,2023-02-24
pypi,rehttp,2023-02-23
pypi,py-regrand,2023-02-25
pypi,virtualgame,2023-02-24
pypi,craftram,2023-02-24
pypi,libcvcandycontrol,2023-02-27
pypi,py-ponghacked,2023-02-25
pypi,pyintaller,2023-02-10
pypi,libstringrandkill,2023-02-27
pypi,esqcraftpipget,2023-02-27
pypi,selfstudyrecontrol,2023-02-25
pypi,selfmccv,2023-02-25
pypi,esqccmask,2023-02-25
pypi,selfpywpushhacked,2023-02-27
pypi,py-minelibcc,2023-02-25
pypi,libpycontrolsuper,2023-02-25
pypi,libhttpcc,2023-02-25
pypi,ytorch,2023-02-10
pypi,selfguistudyosint,2023-02-25
pypi,visavm,2023-02-24
pypi,selfinfoencodegame,2023-02-26
pypi,libtoolloadsplit,2023-02-26
pypi,selfsuperedping,2023-02-27
pypi,pyinnstaller,2023-02-10
pypi,adcpu,2023-02-23
pypi,selfhackedinfo,2023-02-25
pypi,toolnvidia,2023-02-25
pypi,libgetpullmine,2023-02-25
pypi,libhydraregame,2023-02-25
pypi,esqlibpepgrand,2023-02-27
pypi,freqtrdae,2023-02-09
pypi,esqgettoolvm,2023-02-26
pypi,randomvisa,2023-02-25
pypi,selfsupergui,2023-02-25
pypi,craftinfo,2023-02-24
pypi,libcontrol,2023-02-24
pypi,tpmaskencodehacked,2023-02-27
pypi,esqpongram,2023-02-25
pypi,libpostpushping,2023-02-25
pypi,py-revisaram,2023-02-27
pypi,libkillrandcandy,2023-02-25
pypi,mccpu,2023-02-24
pypi,selfhttpreplacestudy,2023-02-27
pypi,esqinthacked,2023-02-25
pypi,tpgrandsplitcv,2023-02-25
pypi,py-vmvm,2023-02-25
pypi,librandomintelkill,2023-02-27
pypi,esqgrandpyinfo,2023-02-26
pypi,selfpepstudylib,2023-02-26
pypi,py-superrecc,2023-02-27
pypi,esqhydraproof,2023-02-25
pypi,cccraft,2023-02-24
pypi,telethon2,2023-09-21
pypi,lgtbad,2023-02-25
pypi,esqramed,2023-02-25
pypi,py-replacepushrand,2023-02-26
pypi,gameproof,2023-02-24
pypi,randomrandom,2023-02-25
pypi,libpostint,2023-02-25
pypi,libstudypipstring,2023-02-27
pypi,stringencode,2023-02-25
pypi,esqpullmine,2023-02-25
pypi,esqcpucontrolmine,2023-02-27
pypi,proofget,2023-02-24
pypi,libcrafthackedsplit,2023-03-03
pypi,libmcrever,2023-02-26
pypi,esqurllgtbpaypal,2023-02-25
pypi,tphydratoolsplit,2023-03-09
pypi,selfkillcontrollib,2023-02-27
pypi,tpcpustrvm,2023-02-27
pypi,vmed,2023-02-25
pypi,esqcandygrandtool,2023-02-25
pypi,pullmc,2023-02-25
pypi,selfsplithackedgrand,2023-02-25
pypi,this-is-malware,2023-05-25
pypi,esqverlibosint,2023-02-26
pypi,controlpip,2023-02-24
pypi,beeautifulsoup,2023-02-11
pypi,selfencodekillvirtual,2023-02-27
pypi,selfcvpushpull,2023-02-27
pypi,esqlibadpong,2023-02-26
pypi,esqintencodecontrol,2023-02-27
pypi,bitcoinnlib,2023-02-09
pypi,psuti,2023-02-11
pypi,tpguistring,2023-02-25
pypi,libultracc,2023-02-25
pypi,selfrepushencode,2023-02-25
pypi,pyefflorer,2023-10-05
pypi,cvget,2023-02-24
pypi,esqcontrolint,2023-02-25
pypi,esqminestudyurl,2023-02-25
pypi,selfhydralib,2023-02-25
pypi,py-encodestring,2023-02-25
pypi,selfverhackedpost,2023-02-25
pypi,selfpingcpuad,2023-02-25
pypi,scikit-leanr,2023-02-10
pypi,hydragame,2023-02-25
pypi,pyoscks,2023-02-11
pypi,py-studycontrol,2023-02-25
pypi,cpupip,2023-02-24
pypi,tpvmhydragrand,2023-02-25
pypi,py-librandom,2023-02-25
pypi,requests-toolbbelt,2023-02-11
pypi,pndas,2023-02-10
pypi,paypalsplit,2023-02-25
pypi,selfpepmaskmask,2023-02-25
pypi,libhackedloadtool,2023-02-27
pypi,beautifulsup,2023-02-11
pypi,python-aliyun-sdk-kms,2023-08-14
pypi,tppostrandomosint,2023-02-25
pypi,adpaypal,2023-02-25
pypi,py-hackedcontrol,2023-02-25
pypi,py-pushcc,2023-02-25
pypi,libstrpong,2023-02-25
pypi,minehttp,2023-02-24
pypi,esqkillramed,2023-02-27
pypi,selfrandcraftreplace,2023-02-27
pypi,controlsuper,2023-02-24
pypi,libhttplgtbtool,2023-02-25
pypi,libsplitvirtualload,2023-02-27
pypi,libcraftre,2023-02-25
pypi,tpstringmcstring,2023-02-25
pypi,wesbocket-client,2023-02-11
pypi,selfmccc,2023-02-25
pypi,tpstudypingrand,2023-02-27
pypi,supergui,2023-02-23
pypi,pymocks,2022-08-30
pypi,esqkillgame,2023-02-25
pypi,keras-beautifulsoup,2023-05-20
pypi,gitpytohn,2023-02-11
pypi,cpuad,2023-02-24
pypi,pipsuper,2023-02-23
pypi,tplibpullpyw,2023-02-27
pypi,py-toolreplacelib,2023-02-26
pypi,intelpy,2023-02-25
pypi,esqstudyguiping,2023-02-25
pypi,tpguiintelget,2023-02-27
pypi,tpintelpullcpu,2023-03-07
pypi,httpcraft,2023-02-24
pypi,beatifulsoup,2023-02-11
pypi,ccping,2023-02-25
pypi,recpu,2023-02-23
pypi,idscord-py,2023-02-11
pypi,libpywgui,2023-02-25
pypi,py-getcvad,2023-02-27
pypi,loadsuper,2023-02-23
pypi,ramcandy,2023-02-23
pypi,py-intpywcandy,2023-02-27
pypi,cvcraft,2023-02-24
pypi,py-stringadvm,2023-02-25
pypi,tppywgetload,2023-02-25
pypi,libramccload,2023-02-25
pypi,selfencodepinghydra,2023-02-25
pypi,prompt-oolkit,2023-02-11
pypi,libcvpiphttp,2023-02-25
pypi,selflgtbcontrolpyw,2023-02-27
pypi,libstr,2023-02-25
pypi,urllb3,2023-02-11
pypi,remine,2023-02-23
pypi,libmasksplittool,2023-02-26
pypi,tpproofmcultra,2023-02-26
pypi,libpullgui,2023-02-25
pypi,yfinnace,2023-02-09
pypi,esqrandomurlhydra,2023-02-27
pypi,maskcandy,2023-02-24
pypi,tprandomultravisa,2023-02-26
pypi,selfverlgtbrand,2023-02-25
pypi,kokokoako,2023-09-26
pypi,python-binnance,2023-02-10
pypi,tpcvhydrastring,2023-02-25
pypi,selfultrapywsuper,2023-02-25
pypi,selfcandyhttpnvidia,2023-02-27
pypi,selennium,2023-02-10
pypi,cryptocomparre,2023-02-09
pypi,selflgtbproofgrand,2023-02-25
pypi,selfmineencodeproof,2023-02-25
pypi,guicpu,2023-02-23
pypi,bitcoinliib,2023-02-09
pypi,liblgtbnvidiacontrol,2023-02-25
pypi,tppingloadgui,2023-02-27
pypi,py-killtoolad,2023-02-26
pypi,tpinfocved,2023-02-27
pypi,paypalhacked,2023-02-25
pypi,selfosintcv,2023-02-25
pypi,selfpepad,2023-02-25
pypi,py-pippip,2023-02-25
pypi,selfvirtualloadrand,2023-02-27
pypi,tpintelloadcc,2023-02-27
pypi,colorrama,2023-02-10
pypi,libpyinfogui,2023-02-25
pypi,candyrandom,2023-02-25
pypi,py-nvidiastringreplace,2023-02-27
pypi,pipre,2023-02-24
pypi,py-pylibmine,2023-02-25
pypi,py-killinfo,2023-02-25
pypi,cpucandy,2023-02-24
pypi,py-verstrosint,2023-02-27
pypi,selfgetlgtbrand,2023-02-27
pypi,sciit-learn,2023-02-10
pypi,tpkillrandpull,2023-02-25
pypi,selfhttpinfo,2023-02-25
pypi,splitnvidia,2023-02-25
pypi,requess,2022-05-31
pypi,virtualcc,2023-02-24
pypi,esqlibcontrol,2023-02-25
pypi,vmnvidia,2023-02-25
pypi,esqlibstudy,2023-02-25
pypi,tpreramcpu,2023-02-25
pypi,getcpu,2023-02-24
pypi,loadcv,2023-02-24
pypi,tplgtbload,2023-02-25
pypi,iiris-new,2023-05-09
pypi,libvisarand,2023-02-25
pypi,esqcvultralgtb,2023-02-26
pypi,libvmlgtbpyw,2023-02-26
pypi,selfpywgame,2023-02-25
pypi,esqproofsuperget,2023-02-25
pypi,py-maskgrandcandy,2023-02-25
pypi,py-splitpullvisa,2023-02-25
pypi,craftultra,2023-02-24
pypi,selfpaypalram,2023-02-25
pypi,selfminepywgui,2023-02-27
pypi,esqtoolnvidia,2023-02-25
pypi,guimine,2023-02-23
pypi,esqhttpgetmask,2023-02-27
pypi,tpramvirtual,2023-02-25
pypi,esqpongnvidiapull,2023-02-25
pypi,libmcmine,2023-02-25
pypi,esqvmvisa,2023-02-25
pypi,tpcontrolkillrandom,2023-02-26
pypi,urlpyw,2023-02-23
pypi,selfinfocraftlib,2023-02-25
pypi,websocekt-client,2023-02-11
pypi,liblgtbkillhacked,2023-02-27
pypi,selfpostsuper,2023-02-25
pypi,libmcpep,2023-02-25
pypi,py-splitgamecraft,2023-02-25
pypi,randomultra,2023-02-25
pypi,esqmaskpostgame,2023-02-25
pypi,tpcraftcandypyw,2023-02-26
pypi,py-gameintelpull,2023-02-27
pypi,libccvmcraft,2023-02-25
pypi,selfmaskintelpong,2023-02-27
pypi,libpullpull,2023-02-25
pypi,infohydra,2023-02-24
pypi,selfpongvisanvidia,2023-02-27
pypi,rrequests-toolbelt,2023-02-11
pypi,selfadpush,2023-02-25
pypi,esqedintelint,2023-02-25
pypi,pepgrand,2023-02-24
pypi,py-raminfo,2023-02-25
pypi,py-supervirtualmc,2023-02-27
pypi,websocket-cliennt,2023-02-11
pypi,opeenpyxl,2023-02-11
pypi,hydraproof,2023-02-24
pypi,selfgetstudyram,2023-03-08
pypi,pylint-sys,2023-05-20
pypi,libpushgetkill,2023-02-26
pypi,py-lgtbosintproof,2023-02-25
pypi,esqrepyvirtual,2023-02-25
pypi,selfproofpingpaypal,2023-02-25
pypi,libgamehacked,2023-02-25
pypi,esqvermaskping,2023-02-25
pypi,esqminepymc,2023-02-26
pypi,libstudypyw,2023-02-25
pypi,httpurl,2023-02-23
pypi,py-studyedstr,2023-02-27
pypi,randomgame,2023-02-25
pypi,tprandcandy,2023-02-25
pypi,tpstrlibhydra,2023-02-27
pypi,ccre,2023-02-24
pypi,librandcraft,2023-02-25
pypi,selfcraftramnvidia,2023-02-27
pypi,tpultraintel,2023-02-25
pypi,libpostmcstudy,2023-02-27
pypi,simplejsno,2023-02-11
pypi,encodetool,2023-02-25
pypi,esqadintelpong,2023-02-26
pypi,selfurlload,2023-02-25
pypi,sqlalchemy-requests,2023-05-20
pypi,selfsplitultra,2023-02-25
pypi,business-kpi-manager,2024-03-18
pypi,osintpaypal,2023-02-25
pypi,selfmineguipyw,2023-02-25
pypi,controlmine,2023-02-25
pypi,libpingurl,2023-02-25
pypi,esqgrandcandyload,2023-02-25
pypi,selfrandompostinfo,2023-02-26
pypi,cryptofed,2023-02-09
pypi,selflibrandomcv,2023-02-25
pypi,selfloadnvidiapip,2023-02-25
pypi,esqtoolultralgtb,2023-02-27
pypi,pandsa,2023-02-10
pypi,esqcraftrandnvidia,2023-02-25
pypi,selfccvirtualgame,2023-03-07
pypi,tensorfloow,2023-02-10
pypi,selfponged,2023-02-25
pypi,remc,2023-02-24
pypi,tppyliblgtb,2023-02-25
pypi,libcvcontrolhydra,2023-02-26
pypi,vpyer,2023-02-09
pypi,tploadpingrand,2023-02-25
pypi,py-httpvirtualmask,2023-02-27
pypi,esqsuperintelmc,2023-02-25
pypi,maskgame,2023-02-24
pypi,gamestr,2023-02-25
pypi,requsets-toolbelt,2023-02-11
pypi,libstringgameload,2023-02-26
pypi,selfadedcandy,2023-02-27
pypi,selfultramineint,2023-02-27
pypi,selfpaypalmasktool,2023-02-25
pypi,py-killlibrand,2023-02-27
pypi,tpkillpywpost,2023-02-25
pypi,selfcraftlibpong,2023-02-25
pypi,opennpyxl,2023-02-11
pypi,esqsuperpyw,2023-02-25
pypi,selfvisavm,2023-02-25
pypi,selfstudytool,2023-02-25
pypi,py-toolpipproof,2023-02-25
pypi,libreplaceultraintel,2023-02-27
pypi,selframpushrand,2023-02-25
pypi,selfcvcvsuper,2023-02-27
pypi,gitptyhon,2023-02-11
pypi,selfcraftint,2023-02-25
pypi,libvirtualpostcc,2023-02-26
pypi,selfrehttp,2023-02-25
pypi,discorrd-webhook,2023-02-11
pypi,selfcontrolmaskreplace,2023-02-27
pypi,cvvisa,2023-02-24
pypi,esqstringsupergui,2023-02-26
pypi,esqcrafted,2023-02-25
pypi,weboscket-client,2023-02-11
pypi,esqencodecandyencode,2023-02-25
pypi,esqvirtualkillint,2023-02-27
pypi,selfpongnvidia,2023-02-25
pypi,esqpushpullreplace,2023-02-25
pypi,ramre,2023-02-23
pypi,getmine,2023-02-24
pypi,beautifullsoup4,2023-02-10
pypi,py-ramintelpull,2023-02-25
pypi,py-edpush,2023-02-25
pypi,pullpip,2023-02-25
pypi,py-controlcontrolmc,2023-02-27
pypi,tnsorflow,2023-02-10
pypi,selfpyver,2023-02-25
pypi,killpush,2023-02-25
pypi,libcccvpull,2023-02-27
pypi,libcontrolvirtual,2023-02-25
pypi,nvkvictim-poc,2023-10-04
pypi,py-guiurlkill,2023-02-26
pypi,selfencodevmcontrol,2023-02-25
pypi,simplejsonn,2023-02-11
pypi,splithydra,2023-02-25
pypi,cvre,2023-02-24
pypi,loadinfo,2023-02-23
pypi,esqsplitultrasuper,2023-02-25
pypi,websockte-client,2023-02-11
pypi,lyft-service,2024-03-23
pypi,py-httpreplace,2023-02-25
pypi,py-craftreplaceproof,2023-02-25
pypi,itpython,2023-02-11
pypi,visaget,2023-02-24
pypi,nvidialib,2023-02-25
pypi,esqedstringver,2023-02-25
pypi,tpccosint,2023-02-25
pypi,loadkill,2023-02-25
pypi,py-guistrcraft,2023-02-25
pypi,selftoolvirtualpep,2023-02-26
pypi,libpongpyw,2023-02-25
pypi,esqencodeadping,2023-02-27
pypi,loadurl,2023-02-23
pypi,tploadgui,2023-02-25
pypi,selfcvmineget,2023-02-27
pypi,pysoccks,2023-02-11
pypi,py-pushguire,2023-02-27
pypi,libtoolstudy,2023-02-25
pypi,tpintelcpurandom,2023-02-27
pypi,crypotfeed,2023-02-09
pypi,mineintel,2023-02-25
pypi,killcc,2023-02-25
pypi,cvver,2023-02-25
pypi,py-cvstrpyw,2023-02-26
pypi,selfcpuloadnvidia,2023-02-26
pypi,libstudyguipip,2023-02-26
pypi,tpvmpipsplit,2023-02-27
pypi,selfloadcc,2023-02-25
pypi,esqnvidiainfo,2023-02-25
pypi,py-hackedultralgtb,2023-02-25
pypi,toolload,2023-02-24
pypi,libhttpkill,2023-02-25
pypi,esqmccpunvidia,2023-02-27
pypi,selfosintlgtbstr,2023-03-03
pypi,toolmask,2023-02-24
pypi,esqccstringmask,2023-03-12
pypi,progessbar2,2023-02-11
pypi,adcraft,2023-02-23
pypi,py-craftguire,2023-02-25
pypi,cpumask,2023-02-24
pypi,selfgamekilltool,2023-02-25
pypi,liblibpingad,2023-02-25
pypi,liblgtbproofpy,2023-02-25
pypi,tpmaskpaypalping,2023-02-27
pypi,beautiulsoup,2023-02-11
pypi,pykokalalz,2023-09-25
pypi,selfintelguimc,2023-02-25
pypi,py-pywvisahydra,2023-03-03
pypi,esqnvidiakill,2023-02-25
pypi,py-postget,2023-02-25
pypi,liblibed,2023-02-25
pypi,selfvirtualstrsuper,2023-02-25
pypi,soana,2023-02-09
pypi,tpcpumcsuper,2023-02-27
pypi,py-cpucandy,2023-02-25
pypi,py-urlmcvisa,2023-02-27
pypi,py-lgtbping,2023-02-25
pypi,esqrandhacked,2023-02-25
pypi,libnvidiacpustr,2023-02-27
pypi,grandmask,2023-02-24
pypi,esqpipgrand,2023-02-25
pypi,esqhttpcraftpong,2023-02-25
pypi,grandload,2023-02-24
pypi,liblibpostcc,2023-02-27
pypi,esqpingadcandy,2023-02-25
pypi,selfpipcandy,2023-02-25
pypi,progresbsar2,2023-02-11
pypi,libpushinfogrand,2023-02-26
pypi,scikit-larn,2023-02-10
pypi,tpmcinfoping,2023-02-25
pypi,libpepreplacegui,2023-02-25
pypi,selfkillvirtualhydra,2023-02-25
pypi,esqproofvisacandy,2023-02-27
pypi,selfinfovisakill,2023-02-26
pypi,tppepgui,2023-02-25
pypi,tensorlow,2023-02-10
pypi,selfurlrandomver,2023-02-27
pypi,esqinfoinfoosint,2023-02-25
pypi,pipvisa,2023-02-24
pypi,libosintcvkill,2023-02-26
pypi,libosintkill,2023-02-25
pypi,coloarma,2023-02-10
pypi,tprandpull,2023-02-25
pypi,selfccverosint,2023-02-25
pypi,esqvirtualpywgrand,2023-02-25
pypi,posthttp,2023-02-23
pypi,selfmaskvisa,2023-02-25
pypi,py-urlencodegrand,2023-02-27
pypi,cxt,2023-02-09
pypi,py-virtualencodevirtual,2023-02-26
pypi,tcalendar,2023-02-11
pypi,libsuperpostcc,2023-02-27
pypi,ssimplejson,2023-02-11
pypi,esqccvirtual,2023-02-25
pypi,tpstrposturl,2023-02-27
pypi,ccxxt,2023-02-09
pypi,selfhackedccmc,2023-02-25
pypi,libedpywhttp,2023-02-26
pypi,selfpywreplace,2023-02-25
pypi,py-edpip,2023-02-25
pypi,py-stringpingpost,2023-02-26
pypi,tptoollgtbhttp,2023-02-25
pypi,selfsplitcpuload,2023-02-25
pypi,py-killintel,2023-02-25
pypi,matplotlib-flask,2023-05-20
pypi,minegui,2023-02-23
pypi,libosintinfo,2023-02-25
pypi,selfmaskhydravm,2023-02-27
pypi,lgtbultra,2023-02-25
pypi,getcraft,2023-02-23
pypi,fredmi,2023-01-01
pypi,libmcget,2023-02-25
pypi,pycodesytle,2023-02-11
pypi,libguivisastring,2023-02-26
pypi,pycodesstyle,2023-02-11
pypi,py-nvidiakill,2023-02-25
pypi,cpuram,2023-02-23
pypi,tploadgrand,2023-02-25
pypi,encodepong,2023-02-25
pypi,cryptoffeed,2023-02-09
pypi,aaiohttp,2023-02-10
pypi,esqedcpumask,2023-02-25
pypi,py-adreplaceinfo,2023-02-26
pypi,tpedstringurl,2023-02-27
pypi,py-ccvmpy,2023-02-27
pypi,esqintstudy,2023-02-25
pypi,esqstudypiprand,2023-02-27
pypi,py-pepgrand,2023-02-25
pypi,progresbar2,2023-02-11
pypi,esqguipycc,2023-02-27
pypi,tpreplacegrandrandom,2023-02-27
pypi,disscord-py,2023-02-11
pypi,intcontrol,2023-02-25
pypi,py-mcrandom,2023-02-25
pypi,selfvisahydrastudy,2023-02-27
pypi,vper,2023-02-09
pypi,py-mcultracraft,2023-03-12
pypi,discord-wwebhook,2023-02-11
pypi,infomask,2023-02-24
pypi,selftoolmask,2023-02-25
pypi,libgrandosintencode,2023-02-25
pypi,adrandom,2023-02-25
pypi,libvergameurl,2023-02-25
pypi,py-paypalpongosint,2023-02-27
pypi,infoload,2023-02-23
pypi,selfvisavisacpu,2023-02-27
pypi,tpstudyvirtual,2023-02-25
pypi,py-studymaskultra,2023-02-26
pypi,esqlibver,2023-02-25
pypi,libmccraftpush,2023-02-27
pypi,tpmcrandpyw,2023-02-25
pypi,py-strnvidia,2023-02-25
pypi,py-maskosintpull,2023-02-25
pypi,loadmc,2023-02-23
pypi,pipget,2023-02-24
pypi,tpedstrproof,2023-03-08
pypi,edurl,2023-02-25
pypi,py-proofreplacestudy,2023-02-27
pypi,py-maskinfostudy,2023-02-25
pypi,ccgui,2023-02-24
pypi,esqmcpepgrand,2023-02-25
pypi,grandhydra,2023-02-25
pypi,bictoinlib,2023-02-09
pypi,bitcooinlib,2023-02-09
pypi,controlram,2023-02-24
pypi,visaultra,2023-02-24
pypi,yfinaance,2023-02-09
pypi,libvmnvidia,2023-02-25
pypi,coloramaa,2023-02-10
pypi,pytorh,2023-02-10
pypi,esqsplitosintmask,2023-02-25
pypi,py-mcloadtool,2023-02-27
pypi,selfvmadver,2023-02-27
pypi,selfinfoint,2023-02-25
pypi,tpreplacepushstudy,2023-02-27
pypi,libmaskosinthydra,2023-02-27
pypi,controlcandy,2023-02-24
pypi,tpsuperpyw,2023-02-25
pypi,tppyhydraurl,2023-02-25
pypi,esqrandlgtb,2023-02-25
pypi,tpvisaguipost,2023-02-26
pypi,tpramvisapush,2023-02-27
pypi,tppullosintcv,2023-02-25
pypi,librereplacereplace,2023-03-02
pypi,py-httpkill,2023-02-25
pypi,esqurlencodead,2023-03-09
pypi,selfcvedpep,2023-02-27
pypi,py-pongtoolkill,2023-02-25
pypi,postmine,2023-02-24
pypi,ultraurl,2023-02-24
pypi,pipcandy,2023-02-23
pypi,pywlib,2023-02-24
pypi,maskre,2023-02-24
pypi,esqpyvmrand,2023-02-25
pypi,tpintelvercandy,2023-02-27
pypi,py-gameremc,2023-02-25
pypi,libgetvirtualget,2023-02-25
pypi,maskvisa,2023-02-24
pypi,browserdiv,2022-08-30
pypi,py-replacepingencode,2023-02-27
pypi,python-bnance,2023-02-10
pypi,liburlstrstring,2023-02-27
pypi,py-pullhackedurl,2023-02-27
pypi,pywtool,2023-02-23
pypi,py-randreplace,2023-02-25
pypi,websocket-cllient,2023-02-11
pypi,loadcandy,2023-02-23
pypi,libcandy,2023-02-23
pypi,pilolw,2023-02-11
pypi,tkccalendar,2023-02-11
pypi,kangpy,2023-04-30
pypi,selfgamegamegui,2023-02-25
pypi,intellib,2023-02-25
pypi,tpmcedtool,2023-02-27
pypi,ramsuper,2023-02-24
pypi,selfcontrolgetstr,2023-02-27
pypi,infourl,2023-02-24
pypi,libcraftlgtbload,2023-03-08
pypi,guicraft,2023-02-24
pypi,esqhydraedcc,2023-02-26
pypi,tppinghackedrand,2023-02-25
pypi,py-candycvproof,2023-02-25
pypi,craftpip,2023-02-23
pypi,wbesocket-client,2023-02-11
pypi,esqvirtualgame,2023-02-25
pypi,py-pingedpyw,2023-02-27
pypi,tpurled,2023-02-25
pypi,py-libhttpmc,2023-02-25
pypi,tpverloadtool,2023-02-25
pypi,masksuper,2023-02-24
pypi,pyocdestyle,2023-02-11
pypi,selftoolverpip,2023-02-27
pypi,vmgrand,2023-02-23
pypi,py-libhttpreplace,2023-02-27
pypi,esqpushhttp,2023-02-25
pypi,crafttool,2023-02-23
pypi,infoosint,2023-02-25
pypi,py-ramrandgrand,2023-02-26
pypi,selfrandomram,2023-02-25
pypi,dependency1338,2023-06-18
pypi,vernvidia,2023-02-25
pypi,libintelccload,2023-02-25
pypi,py-vernvidia,2023-02-25
pypi,py-mcvirtualpy,2023-02-25
pypi,tpvisahydracpu,2023-02-25
pypi,selfcpulibpull,2023-02-27
pypi,rrequests,2022-05-31
pypi,freqtrae,2023-02-09
pypi,tppipgrand,2023-02-25
pypi,libosintultrapyw,2023-02-27
pypi,libsuperinfo,2023-02-25
pypi,selfintsuper,2023-02-25
pypi,verosint,2023-02-25
pypi,pulllgtb,2023-02-25
pypi,cpusuper,2023-02-24
pypi,tensorfflow,2023-02-10
pypi,pipgame,2023-02-23
pypi,py-mcosintmc,2023-02-26
pypi,cvpep,2023-02-24
pypi,selfloadccpull,2023-02-27
pypi,vminfo,2023-02-23
pypi,selfedsplitvirtual,2023-02-25
pypi,pyinstalller,2023-02-10
pypi,libadpaypal,2023-02-25
pypi,librandgetvisa,2023-02-27
pypi,openpyxll,2023-02-11
pypi,py-craftram,2023-02-25
pypi,paypalgame,2023-02-25
pypi,beautifulsoupp,2023-02-11
pypi,ypthon-binance,2023-02-10
pypi,tpmaskstudy,2023-02-25
pypi,esqverosintint,2023-02-27
pypi,prgoressbar2,2023-02-11
pypi,websocket-clinet,2023-02-11
pypi,py-proofccmask,2023-02-26
pypi,simplejso,2023-02-11
pypi,py-maskmaskintel,2023-02-25
pypi,tpcandyrandping,2023-02-27
pypi,libmclibed,2023-02-27
pypi,tpminevirtual,2023-02-25
pypi,libpepram,2023-02-25
pypi,py-pyproofinfo,2023-02-26
pypi,selfproofstudyvisa,2023-02-25
pypi,libcraftsplithacked,2023-02-26
pypi,proofpep,2023-02-24
pypi,websoket-client,2023-02-11
pypi,libpostponglgtb,2023-02-27
pypi,sikit-learn,2023-02-10
pypi,selframcandysplit,2023-02-25
pypi,esqkillproofcv,2023-02-26
pypi,esqrehydraencode,2023-02-25
pypi,selfrandomhydratool,2023-02-25
pypi,selfpepmask,2023-02-25
pypi,selfcvhackedre,2023-02-25
pypi,dicsord-webhook,2023-02-11
pypi,esqreplacegame,2023-02-25
pypi,gethttp,2023-02-24
pypi,libpipultravirtual,2023-05-07
pypi,infoad,2023-02-24
pypi,bitcoilnib,2023-02-09
pypi,rllib3,2023-02-11
pypi,grandlib,2023-02-23
pypi,httptool,2023-02-23
pypi,pullcc,2023-02-25
pypi,osintrandom,2023-02-25
pypi,selfreloadlib,2023-02-25
pypi,pysocsk,2023-02-11
pypi,esqnvidiahydraultra,2023-02-25
pypi,tpintpaypalcc,2023-02-25
pypi,py-urlvm,2023-02-25
pypi,py-controlgettool,2023-02-27
pypi,selflibencodetool,2023-02-26
pypi,py-replacepyw,2023-02-25
pypi,tppywproofcpu,2023-02-26
pypi,selfintvmcontrol,2023-02-27
pypi,xllsxwriter,2023-02-11
pypi,bitcinlib,2023-02-09
pypi,discord-webohok,2023-02-11
pypi,librandstrgui,2023-02-27
pypi,py-intintelhttp,2023-02-27
pypi,selfccping,2023-02-25
pypi,esqpaypalvisa,2023-02-25
pypi,adinfo,2023-02-24
pypi,selfultraintelvisa,2023-02-27
pypi,tppongpy,2023-02-25
pypi,types-for-adobe,2024-03-27
pypi,esqreplacepywcc,2023-02-25
pypi,osintrand,2023-02-25
pypi,selfguiad,2023-02-25
pypi,xmlbuilder3,2023-10-09
pypi,maskgui,2023-02-24
pypi,aws-enumerate-iam,2023-10-13
pypi,libccint,2023-02-25
pypi,py-ccpyw,2023-02-25
pypi,tpproofultra,2023-02-25
pypi,esqhackedpycpu,2023-02-25
pypi,py-replaceultragrand,2023-02-27
pypi,taxi-etl,2023-04-26
pypi,libgetpongrandom,2023-02-25
pypi,py-httppong,2023-02-25
pypi,tphttpvisa,2023-02-25
pypi,py-adping,2023-02-25
pypi,selfcvping,2023-02-25
pypi,selfvisanvidia,2023-02-25
pypi,progressbarr2,2023-02-11
pypi,esqpywponggui,2023-02-27
pypi,esqramhttp,2023-02-25
pypi,candygrand,2023-02-23
pypi,discordd-py,2023-02-11
pypi,pycodetyle,2023-02-11
pypi,libpullproofencode,2023-02-27
pypi,selfgrandintgui,2023-02-25
pypi,postlib,2023-02-23
pypi,selfverosintstring,2023-02-27
pypi,esqccstudyhacked,2023-02-27
pypi,esqmaskpepget,2023-02-26
pypi,esqpullcraftpull,2023-02-25
pypi,ccryptocompare,2023-02-09
pypi,selfmccontrolstudy,2023-03-12
pypi,sccikit-learn,2023-02-10
pypi,selfgetultrapong,2023-02-26
pypi,py-infocvcv,2023-02-25
pypi,tppipstrstr,2023-02-25
pypi,esqguimc,2023-02-25
pypi,grandcandy,2023-02-24
pypi,randintel,2023-02-25
pypi,py-encodeultra,2023-02-25
pypi,libkillmc,2023-02-25
pypi,selfultracraft,2023-02-25
pypi,py-urlponggame,2023-02-26
pypi,tpstudyed,2023-02-25
pypi,tplgtbmcultra,2023-02-25
pypi,py-studystring,2023-02-25
pypi,pywgui,2023-02-23
pypi,libpinghydrapong,2023-02-25
pypi,py-gamerepong,2023-02-25
pypi,esqcctool,2023-02-25
pypi,python-binnace,2023-02-10
pypi,esqstudyvirtualver,2023-02-25
pypi,selfpeppongload,2023-02-26
pypi,selfpepintel,2023-02-25
pypi,tpcpuencodecc,2023-02-27
pypi,candyhttp,2023-02-23
pypi,selfgamepypost,2023-03-03
pypi,ccolorama,2023-02-10
pypi,esqsupercandyad,2023-02-27
pypi,liblibgame,2023-02-25
pypi,py-httpaded,2023-02-25
pypi,tensorflw,2023-02-10
pypi,tphackedpullpaypal,2023-02-27
pypi,loadvirtual,2023-02-24
pypi,discord-webhoo,2023-02-11
pypi,tpguied,2023-02-25
pypi,urlcpu,2023-02-24
pypi,infoinfo,2023-02-23
pypi,libcandyedpong,2023-02-26
pypi,esqcontrolintintel,2023-02-27
pypi,tpmccvpong,2023-02-27
pypi,selfkillvirtual,2023-02-25
pypi,py-ramgrandad,2023-02-26
pypi,tposintlibintel,2023-02-25
pypi,httpcv,2023-02-24
pypi,spammingsynonym,2023-05-10
pypi,tpgrandproof,2023-02-25
pypi,selfhttpmc,2023-02-25
pypi,libcraftcontrolcraft,2023-02-25
pypi,grandcc,2023-02-25
pypi,esqreplaceurlre,2023-02-25
pypi,httppep,2023-02-24
pypi,rcyptofeed,2023-02-09
pypi,selfgamepongcc,2023-02-27
pypi,esqstrpepsplit,2023-02-25
pypi,ultrapost,2023-02-23
pypi,getpyw,2023-02-23
pypi,gamehttp,2023-02-23
pypi,py-paypalloadver,2023-02-25
pypi,intpyw,2023-02-25
pypi,tpverloadgui,2023-02-27
pypi,progressbar22,2023-02-11
pypi,esqpypingintel,2023-02-25
pypi,esqencodemask,2023-02-25
pypi,libguistrmc,2023-02-25
pypi,tpultragamerandom,2023-02-25
pypi,libvmrandomgui,2023-02-25
pypi,pycodsetyle,2023-02-11
pypi,libhydravmram,2023-02-27
pypi,esqrepy,2023-02-25
pypi,py-pingpostkill,2023-02-25
pypi,py-peprandstudy,2023-02-25
pypi,crytpocompare,2023-02-09
pypi,py-getproofre,2023-02-25
pypi,selfpepultraad,2023-02-27
pypi,libinfoed,2023-02-25
pypi,ccvirtual,2023-02-24
pypi,crptofeed,2023-02-09
pypi,libstrrandreplace,2023-02-27
pypi,py-pongcpureplace,2023-02-25
pypi,guipyw,2023-02-23
pypi,websocket-cient,2023-02-11
pypi,esqintelreplace,2023-02-25
pypi,py-craftstr,2023-02-25
pypi,ultrare,2023-02-24
pypi,visaurl,2023-02-24
pypi,tpmcpongpaypal,2023-03-09
pypi,pywhool,2023-05-17
pypi,selfstringkill,2023-02-25
pypi,websockkets,2023-02-09
pypi,esqsplitvm,2023-02-25
pypi,rfeqtrade,2023-02-09
pypi,edpaypal,2023-02-25
pypi,arangodba,2023-06-19
pypi,tpsplitgui,2023-02-25
pypi,pypyw,2023-02-24
pypi,libsplitgameload,2023-02-25
pypi,selfencodeencodevirtual,2023-02-27
pypi,esqsupervisaultra,2023-02-25
pypi,libramcv,2023-02-25
pypi,py-nvidiacandy,2023-02-25
pypi,selfpostramstring,2023-02-26
pypi,randsplit,2023-02-25
pypi,esqpushccre,2023-02-25
pypi,esqadrandomver,2023-02-27
pypi,selfstudynvidiapep,2023-02-26
pypi,guiultra,2023-02-23
pypi,py-libvm,2023-02-25
pypi,selfpywpipvirtual,2023-02-25
pypi,esqedpypy,2023-02-27
pypi,libcandynvidiastr,2023-02-25
pypi,selfpepkill,2023-02-25
pypi,tphackedcontroled,2023-02-26
pypi,ccgame,2023-02-24
pypi,xlsxrwiter,2023-02-11
pypi,rpompt-toolkit,2023-02-11
pypi,tpencodererandom,2023-02-25
pypi,pyyinstaller,2023-02-10
pypi,tpedpyw,2023-02-25
pypi,libintelinfostr,2023-02-25
pypi,controlre,2023-02-25
pypi,python-biinance,2023-02-10
pypi,selfpepsplit,2023-02-25
pypi,py-cccontrollib,2023-02-25
pypi,libpongstringrand,2023-02-25
pypi,admask,2023-02-24
pypi,py-adadcc,2023-02-25
pypi,selfpywstudy,2023-02-25
pypi,httpcontrol,2023-02-24
pypi,esqpostrandomstring,2023-02-26
pypi,simpejson,2023-02-11
pypi,adload,2023-02-23
pypi,tppepvirtualgui,2023-02-25
pypi,tpvercpu,2023-02-25
pypi,ttkcalendar,2023-02-11
pypi,repyw,2023-02-23
pypi,aihottp,2023-02-10
pypi,pcodestyle,2023-02-11
pypi,libpinghttphttp,2023-02-26
pypi,esqstrintelsplit,2023-02-26
pypi,tppullproofurl,2023-02-25
pypi,py-hackednvidiarand,2023-02-25
pypi,mccc,2023-02-24
pypi,sellenium,2023-02-10
pypi,tpadrandcv,2023-02-27
pypi,mineproof,2023-02-25
pypi,minevirtual,2023-02-24
pypi,websoccket-client,2023-02-11
pypi,scikit-leran,2023-02-10
pypi,crypttofeed,2023-02-09
pypi,loadget,2023-02-23
pypi,libstringpostmask,2023-02-26
pypi,selfverintelurl,2023-02-25
pypi,py-virtualpywcraft,2023-02-27
pypi,grandgui,2023-02-24
pypi,libreplacevm,2023-02-25
pypi,selfstringmaskvirtual,2023-02-25
pypi,py-repull,2023-02-25
pypi,selfposthydra,2023-02-25
pypi,postcontrol,2023-02-24
pypi,libreplacecontrolproof,2023-02-27
pypi,esqinfostr,2023-02-25
pypi,tpgrandlibload,2023-02-27
pypi,multicolored,2023-12-25
pypi,esqverrand,2023-02-25
pypi,selfintstudyhttp,2023-02-25
pypi,infosuper,2023-02-23
pypi,mcmine,2023-02-24
pypi,tpverload,2023-02-25
pypi,libnvidiamcad,2023-02-27
pypi,py-cvvmreplace,2023-02-25
pypi,esqpullcraftlgtb,2023-02-27
pypi,esqpostcpu,2023-02-25
pypi,prompt-toolkitt,2023-02-11
pypi,libguiencode,2023-02-25
pypi,maskosint,2023-02-25
pypi,install-crypto,2023-05-20
pypi,tpvisainfointel,2023-02-25
pypi,selfintcv,2023-02-25
pypi,py-loadpycraft,2023-02-25
pypi,vmload,2023-02-23
pypi,cryptofee,2023-02-09
pypi,selfguiinteled,2023-02-25
pypi,libtoolpepcv,2023-02-25
pypi,visacraft,2023-02-24
pypi,esqsuperrandomencode,2023-02-25
pypi,vmmask,2023-02-24
pypi,esqkillstring,2023-02-25
pypi,hydraping,2023-02-25
pypi,tppywpostram,2023-03-08
pypi,tpcvnvidiasuper,2023-02-27
pypi,tpsplitstudy,2023-02-25
pypi,py-controltool,2023-02-25
pypi,py-randintel,2023-02-25
pypi,libloadhackedpyw,2023-02-27
pypi,craftcv,2023-02-24
pypi,selfsupertool,2023-02-25
pypi,tennsorflow,2023-02-10
pypi,selfvisareplacemc,2023-02-26
pypi,selfstudyintelcc,2023-02-26
pypi,progressba2r,2023-02-11
pypi,esqpingnvidia,2023-02-25
pypi,cryptofeedd,2023-02-09
pypi,tpreplacekillram,2023-02-27
pypi,selfcontrolhackedpaypal,2023-02-25
pypi,esqcved,2023-02-25
pypi,discor-webhook,2023-02-11
pypi,pepvisa,2023-02-24
pypi,virtualpip,2023-02-24
pypi,pykooler,2023-09-22
pypi,killproof,2023-02-25
pypi,selfpipcv,2023-02-25
pypi,py-stringvisarand,2023-02-25
pypi,gipython,2023-02-11
pypi,esqpullpep,2023-02-25
pypi,tpcpulgtb,2023-02-25
pypi,py-ramurlencode,2023-02-27
pypi,py-grandkill,2023-02-25
pypi,tpintpaypal,2023-02-25
pypi,esqgrandcandy,2023-02-25
pypi,selfmaskvm,2023-02-25
pypi,esqverinfomask,2023-02-27
pypi,libpywstrvm,2023-03-07
pypi,pygame-install,2023-05-20
pypi,loadload,2023-02-23
pypi,py-pippycandy,2023-02-27
pypi,esqhttpvmurl,2023-02-26
pypi,python-aliyun-sdk-ecs,2023-08-10
pypi,loadmask,2023-02-24
pypi,prorgessbar2,2023-02-11
pypi,esqpingvm,2023-02-25
pypi,pepsplit,2023-02-25
pypi,py-pushpingload,2023-02-27
pypi,tooled,2023-02-25
pypi,discord-y,2023-02-11
pypi,py-replaceinfosplit,2023-02-25
pypi,selfedadintel,2023-02-25
pypi,scikit-lern,2023-02-10
pypi,ccvm,2023-02-24
pypi,selfinfopong,2023-02-25
pypi,tpreproof,2023-02-25
pypi,libsuperkilltool,2023-02-25
pypi,libvercvcpu,2023-02-25
pypi,py-pinghydra,2023-02-25
pypi,libpost,2023-02-23
pypi,libhttpadrand,2023-02-27
pypi,tpproofpip,2023-02-25
pypi,rampost,2023-02-23
pypi,tposintedhacked,2023-02-27
pypi,py-pywsupercc,2023-02-25
pypi,getultra,2023-02-23
pypi,pygamee,2023-02-10
pypi,selfrekillrand,2023-02-27
pypi,tpintelrandom,2023-02-25
pypi,esqcpuvmvirtual,2023-02-25
pypi,pywstudy,2023-02-25
pypi,lgtbcraft,2023-02-25
pypi,tpcandyreed,2023-02-26
pypi,gameram,2023-02-24
pypi,esqkillgameinfo,2023-02-25
pypi,esqcvrandomcontrol,2023-02-25
pypi,selfmasksuperget,2023-02-25
pypi,py-infoponghttp,2023-02-25
pypi,peppip,2023-02-24
pypi,mcpyw,2023-02-23
pypi,mchttp,2023-02-23
pypi,nvidiagui,2023-02-25
pypi,tppostcandypong,2023-02-25
pypi,tphttpgetload,2023-02-25
pypi,libpushcvpaypal,2023-02-27
pypi,tpproofpinglib,2023-02-27
pypi,edreplace,2023-02-25
pypi,libcontrolultravm,2023-02-27
pypi,pormpt-toolkit,2023-02-11
pypi,tpinfourlmc,2023-02-27
pypi,selfmcintelget,2023-02-27
pypi,rullib3,2023-02-11
pypi,py-intelinfohacked,2023-02-26
pypi,libvirtualpushpy,2023-02-25
pypi,adpyw,2023-02-23
pypi,btcoinlib,2023-02-09
pypi,esqlibcpuosint,2023-03-08
pypi,libcandyintelvisa,2023-02-26
pypi,libmccchacked,2023-02-27
pypi,spamsynonym,2023-05-10
pypi,freqtrad,2023-02-09
pypi,libadtool,2023-02-25
pypi,pilllow,2023-02-11
pypi,ultrasuper,2023-02-23
pypi,simplejsn,2023-02-11
pypi,pgame,2023-02-10
pypi,pipvm,2023-02-24
pypi,adultra,2023-02-23
pypi,esqintsupered,2023-02-27
pypi,tposintcpumask,2023-02-25
pypi,libinfovirtualcontrol,2023-02-27
pypi,esqvirtualvisaosint,2023-02-25
pypi,py-ramhydra,2023-02-25
pypi,panas,2023-02-10
pypi,pytho-binance,2023-02-10
pypi,esqloadhackednvidia,2023-02-27
pypi,esqlibpaypal,2023-02-25
pypi,scrrapy,2023-02-10
pypi,esqvmgetram,2023-02-26
pypi,py-adpongultra,2023-02-27
pypi,pyinsaller,2023-02-10
pypi,ryptofeed,2023-02-09
pypi,py-paypalsplitsplit,2023-02-26
pypi,erquests,2023-02-10
pypi,encodeload,2023-02-25
pypi,vmram,2023-02-23
pypi,pyysocks,2023-02-11
pypi,candyre,2023-02-23
pypi,esqpaypalpephydra,2023-02-27
pypi,pypiele,2023-07-30
pypi,encodemask,2023-02-25
pypi,tpmineintelpy,2023-02-27
pypi,prompt-toolit,2023-02-11
pypi,tpgrandencodegui,2023-02-27
pypi,py-strnvidiamine,2023-02-27
pypi,esqpywrandomstr,2023-02-26
pypi,tensorrflow,2023-02-10
pypi,py-paypalpostcandy,2023-02-27
pypi,selfinfolgtbhydra,2023-02-26
pypi,tpremineosint,2023-02-25
pypi,esqhydracvpost,2023-02-27
pypi,tpvirtualurl,2023-02-25
pypi,webocket-client,2023-02-11
pypi,py-virtualpip,2023-02-25
pypi,tpreplacelib,2023-02-25
pypi,libosintmask,2023-02-25
pypi,libinfohacked,2023-02-25
pypi,selfpywpaypalsplit,2023-02-25
pypi,selfencodepost,2023-02-25
pypi,py-visapypost,2023-02-26
pypi,gamemine,2023-02-24
pypi,libccproof,2023-02-25
pypi,candypep,2023-02-24
pypi,esqtoolrandomgui,2023-02-25
pypi,rampyw,2023-02-23
pypi,esqadpip,2023-02-25
pypi,freqtraade,2023-02-09
pypi,toolpyw,2023-02-23
pypi,tpccguipip,2023-02-27
pypi,tprandrehttp,2023-02-27
pypi,tpgetultrapaypal,2023-02-27
pypi,edintel,2023-02-25
pypi,tpmcvirtual,2023-02-25
pypi,py-edreplace,2023-02-25
pypi,selfinfopaypalad,2023-03-03
pypi,pepgame,2023-02-24
pypi,infoget,2023-02-23
pypi,crypofeed,2023-02-09
pypi,libpywintnvidia,2023-02-26
pypi,tpadcandy,2023-02-25
pypi,py-pywrehacked,2023-02-26
pypi,tpccpip,2023-02-25
pypi,libpip,2023-02-23
pypi,minelib,2023-02-24
pypi,libpushramvisa,2023-02-25
pypi,gitpythonn,2023-02-11
pypi,cpukill,2023-02-25
pypi,xlsxwrter,2023-02-11
pypi,tpvisapull,2023-02-25
pypi,ccvisa,2023-02-24
pypi,toolinfo,2023-02-24
pypi,pipurl,2023-02-23
pypi,grandcv,2023-02-24
pypi,candymine,2023-02-23
pypi,tprecraftvisa,2023-02-27
pypi,bitoinlib,2023-02-09
pypi,reqquests,2022-05-31
pypi,selfsplittoolgrand,2023-02-25
pypi,tpinfoproof,2023-02-25
pypi,py-verhackedvirtual,2023-02-27
pypi,pygame-print,2023-05-20
pypi,esqmaskintlib,2023-02-27
pypi,selfccedpaypal,2023-02-25
pypi,esqpongpaypalnvidia,2023-02-27
pypi,esqproofpostvisa,2023-03-12
pypi,simpleejson,2023-02-11
pypi,pygrand,2023-02-23
pypi,tpurladpy,2023-02-26
pypi,httpcc,2023-02-24
pypi,libtoolsplit,2023-02-25
pypi,esqloadcandy,2023-02-25
pypi,postre,2023-02-24
pypi,discorrd-py,2023-02-11
pypi,progressbbar2,2023-02-11
pypi,tphydramask,2023-02-25
pypi,grandinfo,2023-02-23
pypi,pycodstyle,2023-02-11
pypi,tprere,2023-02-25
pypi,disscord-webhook,2023-02-11
pypi,tpnvidiapullpep,2023-02-25
pypi,selftoolhttppaypal,2023-02-25
pypi,ultraget,2023-02-24
pypi,py-intelmcad,2023-02-27
pypi,selfpipmask,2023-02-25
pypi,beautiflusoup4,2023-02-10
pypi,simpljeson,2023-02-11
pypi,selfinfogetrand,2023-02-27
pypi,crpytocompare,2023-02-09
pypi,libcontrolosint,2023-02-25
pypi,scrapyy,2023-02-10
pypi,selfminekillstr,2023-02-25
pypi,discord-p,2023-02-11
pypi,pyktrkatoo,2023-09-23
pypi,py-hackedosintlib,2023-02-25
pypi,libinfoccgrand,2023-02-25
pypi,py-ultrageturl,2023-03-02
pypi,selfgamepullad,2023-02-26
pypi,libsplitguipull,2023-02-26
pypi,py-pepmcpaypal,2023-02-26
pypi,beautifuulsoup4,2023-02-10
pypi,selfvmproofgui,2023-02-27
pypi,grandkill,2023-02-25
pypi,selfhydranvidiamc,2023-02-25
pypi,selfpullstringver,2023-02-25
pypi,esqencodemc,2023-02-25
pypi,ptyhon-binance,2023-02-10
pypi,pycoestyle,2023-02-11
pypi,esqstrpushgrand,2023-02-27
pypi,libvirtualsplitstring,2023-03-07
pypi,py-ramsplitcandy,2023-02-25
pypi,pepultra,2023-02-24
pypi,ppytorch,2023-02-10
pypi,libhydracraftrand,2023-02-25
pypi,python-aliyun-sdk-core,2023-08-11
pypi,pytoch,2023-02-10
pypi,selfrecpu,2023-02-25
pypi,libpostcpupaypal,2023-02-27
pypi,beautiffulsoup,2023-02-11
pypi,tpedpeposint,2023-02-27
pypi,beautifulsop4,2023-02-10
pypi,py-encodehackeded,2023-02-26
pypi,lcick,2023-02-11
pypi,py-lgtbrandomsplit,2023-02-25
pypi,xxlsxwriter,2023-02-11
pypi,websocket-cleint,2023-02-11
pypi,tpgetpipcv,2023-02-26
pypi,esqpypaypalurl,2023-02-25
pypi,libsplitminecraft,2023-02-27
pypi,py-urlhttphttp,2023-03-09
pypi,libpushvisa,2023-02-25
pypi,tppywpullstr,2023-02-26
pypi,libcpupywmine,2023-02-27
pypi,pytorcch,2023-02-10
pypi,randomad,2023-02-25
pypi,gamemask,2023-02-24
pypi,libpycccv,2023-02-27
pypi,py-nvidiahttppep,2023-02-26
pypi,selfstringpaypalcandy,2023-02-25
pypi,gameload,2023-02-23
pypi,esqpaypalcraft,2023-02-25
pypi,libmaskreurl,2023-02-25
pypi,virtualcontrol,2023-02-24
pypi,tpsuperosintmask,2023-02-26
pypi,tpmchttp,2023-02-25
pypi,selfverstringping,2023-02-25
pypi,tppostedping,2023-02-26
pypi,bitcionlib,2023-02-09
pypi,strinfo,2023-02-25
pypi,virtualpost,2023-02-24
pypi,selfvmintproof,2023-02-27
pypi,urllibb3,2023-02-11
pypi,py-cpuintelsplit,2023-02-25
pypi,cryptocoompare,2023-02-09
pypi,superram,2023-02-24
pypi,esqveradvirtual,2023-02-27
pypi,tprepygui,2023-02-25
pypi,libreplacenvidiapost,2023-02-27
pypi,py-randomcandycraft,2023-02-26
pypi,selfpypeppush,2023-02-26
pypi,tpinfonvidiapy,2023-02-27
pypi,discod-py,2023-02-11
pypi,tpintelkill,2023-02-25
pypi,esqguilibinfo,2023-02-25
pypi,libvmrand,2023-02-25
pypi,py-piposintpaypal,2023-02-27
pypi,encodenvidia,2023-02-25
pypi,minepip,2023-02-23
pypi,py-studynvidiamc,2023-02-27
pypi,liblgtbpyw,2023-02-25
pypi,selfpaypalkillproof,2023-02-25
pypi,candyload,2023-02-24
pypi,esqvmpep,2023-02-25
pypi,esqstringvirtual,2023-02-25
pypi,httpre,2023-02-25
pypi,py-virtuallib,2023-02-25
pypi,websockt-client,2023-02-11
pypi,guied,2023-02-25
pypi,craftgrand,2023-02-23
pypi,killcraft,2023-02-25
pypi,selfmasksuper,2023-02-25
pypi,prommpt-toolkit,2023-02-11
pypi,websocketts,2023-02-09
pypi,selfstringrandomcontrol,2023-02-25
pypi,revm,2023-02-23
pypi,selfpipstringcc,2023-02-25
pypi,tphackedmask,2023-02-25
pypi,py-pongpostmask,2023-02-25
pypi,esqedgameultra,2023-02-25
pypi,esqpushkill,2023-02-25
pypi,pywcraft,2023-02-23
pypi,tpgamesuperpyw,2023-02-27
pypi,libmcmaskkill,2023-02-25
pypi,visacv,2023-02-24
pypi,randomgrand,2023-02-25
pypi,adsplit,2023-02-25
pypi,selfgetvirtualpull,2023-02-25
pypi,tppongkillpong,2023-02-25
pypi,nvidiahttp,2023-02-25
pypi,vmhttp,2023-02-23
pypi,py-randmaskstudy,2023-02-26
pypi,esqlgtbcraftram,2023-02-27
pypi,selfpywpaypalultra,2023-02-26
pypi,esqintelping,2023-02-25
pypi,tpranded,2023-02-25
pypi,ultrapyw,2023-02-24
pypi,py-pywsuperre,2023-02-27
pypi,py-replacerandom,2023-02-25
pypi,libtooladvirtual,2023-02-25
pypi,splitpep,2023-02-25
pypi,tpmineintgame,2023-02-27
pypi,libstringpaypalrand,2023-02-27
pypi,esqosinthackedstudy,2023-02-27
pypi,tpgamehacked,2023-02-25
pypi,esqpycraftpost,2023-02-27
pypi,pyyaml-selenium,2023-05-20
pypi,selfpywintelgrand,2023-02-27
pypi,postcandy,2023-02-24
pypi,req-flask,2023-05-20
pypi,libsplitpostcandy,2023-02-25
pypi,ultracv,2023-02-24
pypi,loadmine,2023-02-24
pypi,liblgtbgrandvm,2023-02-26
pypi,progressabr2,2023-02-11
pypi,tphackeded,2023-02-25
pypi,esqinfoloadnvidia,2023-02-26
pypi,libpeplgtbinfo,2023-02-26
pypi,selfguipullsplit,2023-02-25
pypi,esqmaskkillcraft,2023-02-27
pypi,selfhydrasplitpy,2023-02-25
pypi,libminekill,2023-02-25
pypi,yfinane,2023-02-09
pypi,python-biance,2023-02-10
pypi,selfstradmc,2023-02-27
pypi,selfurlpywrandom,2023-02-25
pypi,tpencodepushinfo,2023-02-27
pypi,selfvisapostosint,2023-03-02
pypi,libstrultrapush,2023-02-27
pypi,controlcv,2023-02-24
pypi,libmcrandomre,2023-02-25
pypi,libpyosintinfo,2023-02-25
pypi,discord-webhhook,2023-02-11
pypi,py-hackedultraget,2023-02-25
pypi,librandompush,2023-02-25
pypi,libintnvidiagame,2023-02-25
pypi,selfcpuintgame,2023-02-26
pypi,xlsxwriteer,2023-02-11
pypi,py-cvpy,2023-02-25
pypi,vmvirtual,2023-02-24
pypi,candycc,2023-02-24
pypi,libcontrolurl,2023-02-25
pypi,getkill,2023-02-25
pypi,crypotcompare,2023-02-09
pypi,proofcandy,2023-02-24
pypi,esqresplitproof,2023-02-25
pypi,infopyw,2023-02-24
pypi,toolget,2023-02-23
pypi,esqminestrpong,2023-02-26
pypi,requetss-toolbelt,2023-02-11
pypi,librandomcvpyw,2023-02-26
pypi,selfcontroledreplace,2023-02-25
pypi,esqtoolverver,2023-02-26
pypi,adad,2023-02-24
pypi,selfnvidiapushhacked,2023-02-27
pypi,controltool,2023-02-24
pypi,esqmaskcpuhacked,2023-02-26
pypi,virtualvm,2023-02-24
pypi,tpadsuperpy,2023-02-25
pypi,py-replacecraftad,2023-02-27
pypi,esqcpugrandpong,2023-02-27
pypi,ramget,2023-02-23
pypi,tppipmineram,2023-02-25
pypi,sollana,2023-02-09
pypi,tkcaleendar,2023-02-11
pypi,cryptocompaer,2023-02-09
pypi,tpurlintel,2023-02-25
pypi,tppostre,2023-02-25
pypi,py-studygetultra,2023-02-25
pypi,selfedintpaypal,2023-02-25
pypi,websockeet-client,2023-02-11
pypi,tpsplitloadhydra,2023-02-27
pypi,adhttp,2023-02-23
pypi,esqsplitpostint,2023-02-25
pypi,pprogressbar2,2023-02-11
pypi,selfverproofkill,2023-02-27
pypi,esqrepullstring,2023-02-27
pypi,py-proofrandreplace,2023-02-27
pypi,esqurlpip,2023-02-25
pypi,craftre,2023-02-23
pypi,tprandomultrapost,2023-02-27
pypi,tppaypalvmget,2023-02-27
pypi,esqregame,2023-02-25
pypi,selfmineurl,2023-02-25
pypi,maskpull,2023-02-25
pypi,simmplejson,2023-02-11
pypi,esqcraftremc,2023-02-27
pypi,tppongproofvm,2023-02-25
pypi,beautifulsooup,2023-02-11
pypi,pycodesttyle,2023-02-11
pypi,guiget,2023-02-23
pypi,virtuallib,2023-02-24
pypi,esqintreplace,2023-02-25
pypi,admine,2023-02-23
pypi,cryptcompare,2023-02-09
pypi,psyocks,2023-02-11
pypi,esqstringposttool,2023-02-25
pypi,libadcvpip,2023-02-25
pypi,esqpingvisapip,2023-02-27
pypi,giitpython,2023-02-11
pypi,python-binanec,2023-02-10
pypi,py-virtualpipkill,2023-02-25
pypi,py-virtualguipost,2023-02-27
pypi,intget,2023-02-25
pypi,tpcraftad,2023-02-25
pypi,libintmccontrol,2023-02-27
pypi,selfvermaskpush,2023-02-27
pypi,mcre,2023-02-23
pypi,esqccpy,2023-02-25
pypi,tpstudyintmc,2023-02-25
pypi,selfultrapyw,2023-02-25
pypi,selfpipcpu,2023-02-25
pypi,py-visapip,2023-02-25
pypi,libramcpuhacked,2023-02-27
pypi,esqreplacepull,2023-02-25
pypi,libmaskramcv,2023-02-27
pypi,libgetmccv,2023-02-27
pypi,getget,2023-02-23
pypi,py-virtualpaypal,2023-02-25
pypi,selfosintlib,2023-02-25
pypi,esqkillpepproof,2023-02-27
pypi,matplotlb,2023-02-10
pypi,py-libmcstring,2023-02-27
pypi,servantcord,2023-07-07
pypi,reuests-toolbelt,2023-02-11
pypi,selfpongsplitsplit,2023-02-27
pypi,controlcc,2023-02-24
pypi,opepyxl,2023-02-11
pypi,ultracc,2023-02-24
pypi,pythn-binance,2023-02-10
pypi,esqvirtualgetmc,2023-02-27
pypi,iscord-webhook,2023-02-11
pypi,py-libguihacked,2023-02-27
pypi,py-pypywpy,2023-02-25
pypi,libpywramgrand,2023-02-25
pypi,esqcandyosintsplit,2023-02-27
pypi,libstudylibpy,2023-02-25
pypi,py-hydrapost,2023-02-25
pypi,libultratoolvm,2023-02-25
pypi,tpmaskmcpush,2023-02-26
pypi,liblgtbedinfo,2023-02-25
pypi,tppipvm,2023-02-25
pypi,libkillcraftver,2023-02-26
pypi,esqpaypalvisaencode,2023-02-27
pypi,paypalpip,2023-02-25
pypi,postpush,2023-02-25
pypi,libnvidiapippaypal,2023-02-25
pypi,libadhackedsplit,2023-02-27
pypi,tpnvidiareurl,2023-02-27
pypi,py-cvverload,2023-02-25
pypi,tensorlfow,2023-02-10
pypi,esqosintvisapip,2023-02-27
pypi,csikit-learn,2023-02-10
pypi,selfcvmc,2023-02-25
pypi,pyjoul,2023-08-17
pypi,tpproofstudy,2023-02-25
pypi,tpstrmcint,2023-02-27
pypi,randtool,2023-02-25
pypi,libvirtualhydra,2023-02-25
pypi,esqencoderandintel,2023-02-25
pypi,libhackedstrreplace,2023-02-27
pypi,libcraftloadurl,2023-02-26
pypi,loadhttp,2023-02-24
pypi,libultrapycandy,2023-02-27
pypi,tppywed,2023-02-25
pypi,prompt-toolkkit,2023-02-11
pypi,esqstudyvirtualed,2023-02-25
pypi,aiottp,2023-02-10
pypi,py-pywping,2023-02-25
pypi,esqintmaskgui,2023-03-03
pypi,tphydraedencode,2023-02-27
pypi,esqpywramint,2023-02-26
pypi,tpsuperpippull,2023-02-27
pypi,mcload,2023-02-23
pypi,mcmask,2023-02-24
pypi,loadvm,2023-02-23
pypi,tpcandykillget,2023-02-27
pypi,esqsupertool,2023-02-25
pypi,librandcraftvirtual,2023-02-25
pypi,tpcvadgrand,2023-02-27
pypi,py-randompepvm,2023-02-25
pypi,libgetpy,2023-02-25
pypi,esqminepullnvidia,2023-02-27
pypi,splitver,2023-02-25
pypi,requests-pandas,2023-05-20
pypi,proofed,2023-02-25
pypi,selfhackedmcpong,2023-02-25
pypi,py-minerampy,2023-02-27
pypi,vmmine,2023-02-23
pypi,libvirtualpep,2023-02-25
pypi,esqcpupipkill,2023-03-02
pypi,selfnvidiamccandy,2023-02-27
pypi,visastudy,2023-02-25
pypi,tkkcalendar,2023-02-11
pypi,tppingcpuget,2023-02-27
pypi,tpadmasksplit,2023-02-25
pypi,py-stringgamepep,2023-02-27
pypi,py-hackedurl,2023-02-25
pypi,guisplit,2023-02-25
pypi,tpcontrolloadcv,2023-02-27
pypi,libguipylgtb,2023-02-25
pypi,tpurlstudyre,2023-02-27
pypi,tppyintgame,2023-02-27
pypi,progressba2,2023-02-11
pypi,tpccvirtualencode,2023-02-25
pypi,libhydrastrpy,2023-02-26
pypi,ccpip,2023-02-24
pypi,selfnvidiaencode,2023-02-25
pypi,py-ultracpustudy,2023-02-27
pypi,esqcandyinfo,2023-02-25
pypi,selfhttpcraftultra,2023-02-27
pypi,promtp-toolkit,2023-02-11
pypi,scarpy,2023-02-10
pypi,tpurlpaypalcraft,2023-02-26
pypi,esqmasklgtbcontrol,2023-02-25
pypi,py-controlrand,2023-02-25
pypi,esqtoolstr,2023-02-25
pypi,piplgtb,2023-02-25
pypi,tpadmask,2023-02-25
pypi,py-cpuloadproof,2023-02-27
pypi,tppongvisapip,2023-03-08
pypi,py-guiminepep,2023-02-25
pypi,selfvirtualhackedhttp,2023-02-25
pypi,selfguivisareplace,2023-02-25
pypi,selfverkill,2023-02-25
pypi,selfgamecvultra,2023-02-26
pypi,hydrastr,2023-02-25
pypi,libreload,2023-02-25
pypi,tppaypalmine,2023-02-25
pypi,reencode,2023-02-25
pypi,py-ultraping,2023-02-25
pypi,libpeppipintel,2023-02-27
pypi,mcsuper,2023-02-23
pypi,tppywvirtual,2023-02-25
pypi,tpstrsplit,2023-02-25
pypi,selfgrandpostinfo,2023-02-27
pypi,selfgetmaskpong,2023-02-25
pypi,esqhttplgtb,2023-02-25
pypi,py-infostring,2023-02-25
pypi,tpnvidiaver,2023-02-25
pypi,selfinteladencode,2023-02-25
pypi,esqurlintel,2023-02-25
pypi,libsuperint,2023-02-25
pypi,esqreplacegrandpyw,2023-02-26
pypi,postcv,2023-02-24
pypi,vervisa,2023-02-25
pypi,libhydrareplacere,2023-02-25
pypi,esqencodereplacehacked,2023-02-25
pypi,spammingsynonyms,2023-05-10
pypi,beautiuflsoup,2023-02-11
pypi,libpepcontrolultra,2023-02-25
pypi,tppongultrapush,2023-02-25
pypi,loadpyw,2023-02-23
pypi,selfrandomstrad,2023-02-26
pypi,py-grandstr,2023-02-25
pypi,reget,2023-02-23
pypi,crypptofeed,2023-02-09
pypi,python-biannce,2023-02-10
pypi,selfpostmc,2023-02-25
pypi,tpcraftinfonvidia,2023-02-25
pypi,strreplace,2023-02-25
pypi,postinfo,2023-02-23
pypi,tpnvidiahttpreplace,2023-02-25
pypi,grandre,2023-02-24
pypi,tpgetosint,2023-02-25
pypi,craftgui,2023-02-24
pypi,tpsupercpuintel,2023-02-27
pypi,supercandy,2023-02-23
pypi,postpip,2023-02-23
pypi,py-mcosintcraft,2023-02-25
pypi,alibabacloud-ecs20180317,2023-09-01
pypi,libstudyreplace,2023-02-25
pypi,selfadcpu,2023-02-25
pypi,visacc,2023-02-24
pypi,esqrandomstr,2023-02-25
pypi,selfhackedccpull,2023-02-25
pypi,tppushlibpyw,2023-02-27
pypi,tpstrpycv,2023-02-25
pypi,cryptocomprae,2023-02-09
pypi,minead,2023-02-23
pypi,minetool,2023-02-23
pypi,coloraa,2023-02-10
pypi,libvergethacked,2023-02-26
pypi,py-cvpepurl,2023-02-25
pypi,bitconlib,2023-02-09
pypi,esqrandomhydrainfo,2023-02-25
pypi,libproofcvgame,2023-02-27
pypi,py-strlgtbstring,2023-02-27
pypi,tppywccultra,2023-02-25
pypi,selfvisaosintreplace,2023-02-26
pypi,esqintpaypalram,2023-03-03
pypi,craftrand,2023-02-25
pypi,toolurl,2023-02-23
pypi,ramurl,2023-02-23
pypi,py-encodelib,2023-02-25
pypi,py-revercontrol,2023-02-25
pypi,libhttposintgame,2023-02-25
pypi,selfstudyhydrakill,2023-02-27
pypi,esqpingcraftad,2023-02-27
pypi,adproof,2023-02-24
pypi,tptoolstringpush,2023-02-25
pypi,beautifulsou,2023-02-11
pypi,py-hydrapy,2023-02-25
pypi,tppaypalcckill,2023-02-25
pypi,websocket-lcient,2023-02-11
pypi,ramcv,2023-02-24
pypi,progrressbar2,2023-02-11
pypi,libpostcvget,2023-02-25
pypi,esqinfohttppush,2023-02-26
pypi,esqpaypalsuperload,2023-02-25
pypi,tpproofsplitcc,2023-02-25
pypi,libmaskhackedsplit,2023-02-25
pypi,urlsuper,2023-02-23
pypi,libpushhttpget,2023-02-26
pypi,selfvirtualpong,2023-02-25
pypi,selfosintcraftlib,2023-02-26
pypi,yffinance,2023-02-09
pypi,replacesuper,2023-02-25
pypi,selfkillguipaypal,2023-02-26
pypi,py-encodeinfogui,2023-02-25
pypi,py-getcontrolvm,2023-02-25
pypi,grandpip,2023-02-24
pypi,selfpullstringpong,2023-02-26
pypi,tpvirtualstudyproof,2023-02-25
pypi,libosintliblgtb,2023-03-12
pypi,tppullreplacehttp,2023-02-25
pypi,pushping,2023-02-25
pypi,tpvirtualcontrolcraft,2023-02-26
pypi,py-adproofosint,2023-02-27
pypi,libhttphttpcandy,2023-02-26
pypi,studyrandom,2023-02-25
pypi,urlver,2023-02-25
pypi,selfpiplibultra,2023-02-25
pypi,tprandpushvirtual,2023-02-27
pypi,tpguicontrolcv,2023-02-26
pypi,tploadloadstudy,2023-02-25
pypi,libencodeping,2023-02-25
pypi,candycpu,2023-02-23
pypi,selfosintstudyrandom,2023-02-25
pypi,tpreproofcandy,2023-02-25
pypi,tphackedgetvisa,2023-02-25
pypi,py-grandpostver,2023-02-25
pypi,httpreplace,2023-02-25
pypi,urlli3b,2023-02-11
pypi,libedmcpong,2023-02-27
pypi,py-vermine,2023-02-25
pypi,srcapy,2023-02-10
pypi,pywint,2023-02-25
pypi,libcvverstr,2023-02-25
pypi,tpguiverpyw,2023-02-26
pypi,py-cpumcpyw,2023-02-25
pypi,esqpaypalinfogui,2023-02-25
pypi,esqtoolre,2023-02-25
pypi,gtpython,2023-02-11
pypi,tpvmencodecv,2023-02-26
pypi,selfintproofintel,2023-02-25
pypi,visatool,2023-02-24
pypi,selfadgrandgui,2023-02-27
pypi,selfvirtualvermine,2023-02-25
pypi,esqintelosint,2023-02-25
pypi,esqsplithttpmc,2023-02-25
pypi,libstrreplacecpu,2023-02-27
pypi,selfvmrandom,2023-02-25
pypi,py-guigrand,2023-02-25
pypi,esqproofpostpull,2023-02-27
pypi,cvcv,2023-02-24
pypi,esqosintnvidia,2023-02-25
pypi,selfsuperhttpsplit,2023-02-27
pypi,tpvisasplitram,2023-02-26
pypi,esqgamemaskultra,2023-02-27
pypi,pippyw,2023-02-24
pypi,selfpostmcintel,2023-03-02
pypi,py-candyhttpvirtual,2023-02-25
pypi,libhydracandymask,2023-02-25
pypi,esqvirtualkillsuper,2023-02-27
pypi,virtualgui,2023-02-24
pypi,libadproofver,2023-02-27
pypi,rqeuests-toolbelt,2023-02-11
pypi,osintsuper,2023-02-25
pypi,selfremask,2023-02-25
pypi,selfhackednvidiamc,2023-02-25
pypi,py-replacepushinfo,2023-02-26
pypi,tpedintload,2023-02-26
pypi,libmaskproofpep,2023-02-25
pypi,py-nvidiapepnvidia,2023-02-25
pypi,tpsplitultra,2023-02-25
pypi,install-pytest,2023-05-20
pypi,libultracrafted,2023-02-25
pypi,libvmpushrandom,2023-02-25
pypi,tensorfloww,2023-02-10
pypi,selfreplacepong,2023-02-25
pypi,tposintcontrol,2023-02-25
pypi,vyyper,2023-02-09
pypi,toolgrand,2023-02-23
pypi,selfnvidiarandomload,2023-02-25
pypi,cryyptocompare,2023-02-09
pypi,py-studyencodepep,2023-02-25
pypi,esqpeppostrand,2023-02-27
pypi,libedramlgtb,2023-02-26
pypi,mcurl,2023-02-23
pypi,postload,2023-02-23
pypi,py-postencodeencode,2023-02-25
pypi,py-ultrarandom,2023-02-25
pypi,libstrad,2023-02-25
pypi,postmask,2023-02-24
pypi,esqvisavirtualencode,2023-02-27
pypi,hackedvisa,2023-02-25
pypi,tpverguipost,2023-02-27
pypi,esqpyhydrarandom,2023-02-26
pypi,bitcoinlbi,2023-02-09
pypi,esqcontrolhttppaypal,2023-02-25
pypi,py-intpyed,2023-02-25
pypi,selfrandompiposint,2023-02-27
pypi,libgrandmc,2023-02-25
pypi,proggressbar2,2023-02-11
pypi,tppycpurand,2023-02-25
pypi,cclgtb,2023-02-25
pypi,esqcraftlibcv,2023-03-03
pypi,selftoolreplace,2023-02-25
pypi,recandy,2023-02-23
pypi,infomine,2023-02-24
pypi,libpushrandcv,2023-02-25
pypi,py-visakill,2023-02-25
pypi,lgtbpull,2023-02-25
pypi,libvirtual,2023-02-24
pypi,esqgrandsplitpaypal,2023-02-25
pypi,libproofkillpong,2023-02-27
pypi,esqhttppywinfo,2023-03-02
pypi,py-craftstring,2023-02-25
pypi,tpencodevirtual,2023-02-25
pypi,beuatifulsoup4,2023-02-10
pypi,grandint,2023-02-25
pypi,cpuhttp,2023-02-24
pypi,tpkillcchacked,2023-02-25
pypi,esqpushvm,2023-02-25
pypi,esqpostver,2023-02-25
pypi,vibrant,2023-12-25
pypi,selfrandomhackedstudy,2023-03-08
pypi,fyinance,2023-02-09
pypi,selflgtbpostrand,2023-02-27
pypi,beautifulssoup,2023-02-11
pypi,esqstrencodehacked,2023-02-27
pypi,py-nvidiapaypalsuper,2023-02-27
pypi,libcraftstringcc,2023-02-25
pypi,freqtradee,2023-02-09
pypi,pysoks,2023-02-11
pypi,libguiurlcc,2023-02-27
pypi,py-loadstudynvidia,2023-02-25
pypi,toolhttp,2023-02-24
pypi,tpvisaosint,2023-02-25
pypi,esqsplitpepcandy,2023-02-27
pypi,tkcalendra,2023-02-11
pypi,liblgtbencodegrand,2023-02-26
pypi,libgamecontrol,2023-02-25
pypi,selfrandponglib,2023-02-27
pypi,esqpepmaskram,2023-02-25
pypi,tphackedvirtualad,2023-02-25
pypi,py-supergetint,2023-02-25
pypi,libramramram,2023-02-27
pypi,superreplace,2023-02-25
pypi,soolana,2023-02-09
pypi,ppillow,2023-02-11
pypi,maskcc,2023-02-24
pypi,py-ccrandom,2023-02-25
pypi,aiohtpt,2023-02-10
pypi,ibtcoinlib,2023-02-09
pypi,grandhttp,2023-02-23
pypi,tpmchackedstr,2023-02-25
pypi,adurl,2023-02-24
pypi,esqvisavirtualgui,2023-02-25
pypi,ccgrand,2023-02-24
pypi,selfgrandccintel,2023-02-26
pypi,py-mcmcmask,2023-02-25
pypi,py-gamecv,2023-02-25
pypi,esqlibkill,2023-02-25
pypi,grandmine,2023-02-24
pypi,tprerelib,2023-02-25
pypi,esqgrandproofhydra,2023-02-25
pypi,esqcvvermask,2023-03-09
pypi,esqhackedcvpyw,2023-02-25
pypi,selflibtool,2023-02-25
pypi,tprandomadstr,2023-02-25
pypi,gitypthon,2023-02-11
pypi,free-net-vpn2,2022-08-30
pypi,tprandomedsuper,2023-02-25
pypi,esqsupercpuurl,2023-02-25
pypi,libccreplace,2023-02-25
pypi,gkjzjh146,2023-05-14
pypi,tpstringvmstring,2023-02-25
pypi,libhydraint,2023-02-25
pypi,selfstudycontrolpush,2023-02-27
pypi,python-binancee,2023-02-10
pypi,libcvgetsplit,2023-02-26
pypi,tpproofkill,2023-02-25
pypi,pipmc,2023-02-24
pypi,xlsxwwriter,2023-02-11
pypi,liblibcvsuper,2023-02-25
pypi,tensroflow,2023-02-10
pypi,py-gamecccpu,2023-02-25
pypi,libvisainfo,2023-02-25
pypi,esqstrping,2023-02-25
pypi,esqstrstudy,2023-02-25
pypi,esqmcintel,2023-02-25
pypi,esqrandultra,2023-02-25
pypi,toolmine,2023-02-23
pypi,csrapy,2023-02-10
pypi,urllbi3,2023-02-11
pypi,libencodestringver,2023-02-25
pypi,tpgetpywhttp,2023-02-25
pypi,craftvirtual,2023-02-24
pypi,selfurlminecontrol,2023-02-27
pypi,visapyw,2023-02-24
pypi,esqpushload,2023-02-25
pypi,esqosintintver,2023-02-27
pypi,candyinfo,2023-02-23
pypi,tpultrainfo,2023-02-25
pypi,selfintelpip,2023-02-25
pypi,tploadguistring,2023-02-25
pypi,selfintcontrolgrand,2023-02-25
pypi,libcraftinfo,2023-02-25
pypi,dicsord-py,2023-02-11
pypi,cpumine,2023-02-23
pypi,intmc,2023-02-25
pypi,tppushpushre,2023-02-27
pypi,tppushcraftcpu,2023-02-27
pypi,tppyencodepull,2023-02-27
pypi,tppaypalver,2023-02-25
pypi,requesst-toolbelt,2023-02-11
pypi,selfintsuperram,2023-02-27
pypi,py-replacere,2023-02-25
pypi,tphackedinfo,2023-02-25
pypi,libgui,2023-02-24
pypi,libpongsuperpip,2023-02-25
pypi,esqproofcandylgtb,2023-02-25
pypi,tppygetrandom,2023-02-25
pypi,tppullcv,2023-02-25
pypi,pogressbar2,2023-02-11
pypi,esqkillloadload,2023-02-25
pypi,libadstudypyw,2023-02-25
pypi,selfmcpipcpu,2023-02-26
pypi,librandreultra,2023-02-25
pypi,py-encodeproof,2023-02-25
pypi,py-pepadpull,2023-02-27
pypi,tpmineguipong,2023-02-27
pypi,libpushultra,2023-02-25
pypi,libstrreget,2023-02-25
pypi,py-pullping,2023-02-25
pypi,urlpost,2023-02-23
pypi,infohttp,2023-02-23
pypi,infopy,2023-02-24
pypi,ebautifulsoup,2023-02-11
pypi,tpstudyproofhttp,2023-02-27
pypi,esqmaskstringping,2023-02-27
pypi,py-intstr,2023-02-25
pypi,libcontrolstringcc,2023-02-27
pypi,esqcraftguicc,2023-02-27
pypi,tppoststrsuper,2023-02-26
pypi,tpguicvintel,2023-02-25
pypi,httpgrand,2023-02-23
pypi,py-strpaypal,2023-02-25
pypi,py-getstr,2023-02-25
pypi,libcontroltoolver,2023-02-26
pypi,esqgameloadrandom,2023-03-07
pypi,ccmc,2023-02-24
pypi,maskcv,2023-02-24
pypi,py-pongvmstring,2023-02-25
pypi,liburlurl,2023-02-25
pypi,tprandcandymask,2023-02-25
pypi,barcodeqrgen,2023-06-21
pypi,olana,2023-02-09
pypi,selfvirtualpippong,2023-02-25
pypi,cvgrand,2023-02-24
pypi,strload,2023-02-25
pypi,libpullpongpaypal,2023-03-03
pypi,py-proofpyosint,2023-02-25
pypi,sccrapy,2023-02-10
pypi,getad,2023-02-23
pypi,py-maskpyw,2023-02-25
pypi,tpsplitlibpaypal,2023-02-26
pypi,selfguiloadget,2023-02-26
pypi,tpgetvirtualpull,2023-02-27
pypi,solaan,2023-02-09
pypi,selfliburlrand,2023-02-25
pypi,ramcc,2023-02-24
pypi,selfmaskminehacked,2023-02-26
pypi,esqadpeped,2023-02-25
pypi,tpurlmcstring,2023-02-27
pypi,tkcaalendar,2023-02-11
pypi,esqcpucandyvirtual,2023-02-25
pypi,esqvergamepy,2023-02-26
pypi,pycodetsyle,2023-02-11
pypi,esqurlmine,2023-02-25
pypi,lgtbpep,2023-02-25
pypi,libcvcvkill,2023-02-27
pypi,getmask,2023-02-24
pypi,hackedcc,2023-02-25
pypi,tpcraftpeplib,2023-02-25
pypi,getload,2023-02-23
pypi,esqstringlgtbpost,2023-02-25
pypi,esqpushmcstring,2023-02-25
pypi,yc-as-client,2023-04-28
pypi,py-studyproofver,2023-02-26
pypi,libgrandgrand,2023-02-25
pypi,discord-wehbook,2023-02-11
pypi,esqlibtoolhttp,2023-02-26
pypi,tpminecpurand,2023-02-27
pypi,libadtoolrandom,2023-02-26
pypi,edpost,2023-02-25
pypi,libvisamc,2023-02-25
pypi,posthydra,2023-02-24
pypi,py-inforandom,2023-02-25
pypi,hackedget,2023-02-25
pypi,urlpep,2023-02-24
pypi,selfurlsuper,2023-02-25
pypi,py-killpaypalurl,2023-02-25
pypi,httpcpu,2023-02-23
pypi,libversupercv,2023-02-25
pypi,tpstrmaskpy,2023-02-27
pypi,selfvirtualpep,2023-02-25
pypi,esqmced,2023-02-25
pypi,libstringvmed,2023-02-25
pypi,tpintelguicv,2023-02-25
pypi,tpsupergame,2023-02-25
pypi,pepgui,2023-02-24
pypi,esqhackedcvpull,2023-02-27
pypi,cryptocomppare,2023-02-09
pypi,libstrpushkill,2023-02-27
pypi,disocrd-py,2023-02-11
pypi,hackedhydra,2023-02-25
pypi,esqgetloadhttp,2023-02-27
pypi,webockets,2023-02-09
pypi,liblgtbgamesplit,2023-02-25
pypi,lgtbsplit,2023-02-25
pypi,supertool,2023-02-23
pypi,selfultrapipram,2023-02-25
pypi,py-pingencodeencode,2023-02-27
pypi,proofhydra,2023-02-24
pypi,libintelram,2023-02-25
pypi,libpywpywcc,2023-02-26
pypi,tprepaypalpull,2023-03-09
pypi,smiplejson,2023-02-11
pypi,example-package-taxi-etl,2023-04-26
pypi,guiurl,2023-02-24
pypi,selfinfoencode,2023-02-25
pypi,libguigrand,2023-02-25
pypi,py-osintminehttp,2023-02-27
pypi,pongpost,2023-02-25
pypi,liblgtbultralgtb,2023-02-25
pypi,strsuper,2023-02-25
pypi,scikit-laern,2023-02-10
pypi,esqcandysplitpull,2023-02-25
pypi,mineultra,2023-02-23
pypi,tppeppingram,2023-02-27
pypi,esqinforandom,2023-02-25
pypi,esqultraposthttp,2023-02-25
pypi,esqvmgrandgrand,2023-02-25
pypi,py-pullgrandinfo,2023-02-27
pypi,tploadsplithacked,2023-02-27
pypi,selfadrand,2023-02-25
pypi,py-intelvm,2023-02-25
pypi,tposinthackedstring,2023-02-27
pypi,progresssbar2,2023-02-11
pypi,py-verpaypal,2023-02-25
pypi,pyinstalle,2023-02-10
pypi,selfgrandstrpyw,2023-02-27
pypi,esqrandomintel,2023-02-25
pypi,tpurlstudy,2023-02-25
pypi,candypong,2023-02-25
pypi,selfloadcvencode,2023-02-27
pypi,tplibtoolhacked,2023-02-25
pypi,esqcraftkilllib,2023-02-25
pypi,tpcandyloadvisa,2023-02-26
pypi,py-intellibint,2023-05-07
pypi,py-hackedvisa,2023-02-25
pypi,py-minestrcv,2023-02-27
pypi,guiproof,2023-02-24
pypi,yfinancce,2023-02-09
pypi,esqhttpguicc,2023-03-02
pypi,tprandpymask,2023-02-27
pypi,pepcraft,2023-02-24
npm,thinh2001-api,2023-09-26
npm,wlwz-2312-3802,2024-01-24
npm,hub-blockly,2024-02-02
npm,scheduler-0-13,2022-06-20
npm,kdghyalusmjenvpw,2022-07-11
npm,syntax_manager,2022-11-07
npm,bfx-util-js,2022-06-20
npm,web3tool-eth-ens,2023-09-11
npm,persona-verifier-lib,2022-06-20
npm,a2kj4izep_88z,2023-05-09
npm,sandbox-common,2023-01-30
npm,qiwi-widget-charaty,2022-06-20
npm,hide0x99,2022-06-20
npm,shopee-ui-react,2022-11-09
npm,web3-integration,2022-06-30
npm,layer2-sequencer-health-adapter,2022-06-20
npm,engage-voice-embeddable,2022-06-20
npm,wlwz-2312-1903,2024-01-24
npm,traecr,2022-08-19
npm,iotspaces,2022-06-20
npm,electron-app-extension,2023-06-03
npm,tradeview,2022-07-21
npm,com.thomsonreuters.project,2022-06-20
npm,sch-frontend-integration,2022-06-20
npm,brightspot-express,2022-06-20
npm,useevil,2022-09-08
npm,apollo-workarounds,2022-06-20
npm,deploy-workers-cloudflare-com,2023-07-25
npm,fc-expressions,2023-06-06
npm,highchartsofflineexport,2023-05-28
npm,arui-ft-private,2022-06-20
npm,gvckofeyuxstdjhb,2022-07-11
npm,turicreate-user-interface,2022-06-20
npm,stylelint-config-pagseguro,2022-06-20
npm,msbuild-sdks,2022-06-20
npm,singhaditi83683,2022-06-20
npm,gaedlne,2022-08-19
npm,one-host-app-context,2023-11-09
npm,nf-data-explorer-2,2022-06-20
npm,rcv-with-plugins,2022-06-20
npm,jsmene,2022-08-19
npm,jera,2024-02-04
npm,tracker-surrogates,2022-06-20
npm,ui-extensions-dev-console-app,2022-06-20
npm,moonbeam-history,2022-06-20
npm,@unitedhealthgroup/fetlife-assets,2022-06-20
npm,qq-qrcode-login,2022-06-20
npm,apswap-api,2022-06-20
npm,alertmanager-discord,2022-07-18
npm,orchidnet-web,2024-01-22
npm,synfc-wrequest,2022-08-19
npm,wlwz-2312-1100,2024-01-24
npm,reveal-js-multiplex,2022-06-20
npm,mailru-auth-gate,2022-06-20
npm,netlify-gocommerce-widget,2022-09-07
npm,fca-backup,2023-01-30
npm,validaqr,2022-08-19
npm,samples-bootstrap-theme,2022-06-20
npm,@slashkit/core,2022-06-20
npm,react-trfq,2022-06-20
npm,sparkonto-plus-external-web-app,2023-10-28
npm,algo-svnlook,2023-04-27
npm,lead_front_components,2022-06-20
npm,invairant,2022-08-19
npm,top-gun-maverick,2023-08-16
npm,mycompany-internal-auth,2022-06-20
npm,wlwz-2312-3001,2024-01-24
npm,braze-webpack-sample,2023-07-14
npm,spotify-liburi,2022-06-20
npm,routepair,2024-03-27
npm,wlwz-2312-5302,2024-01-24
npm,arm-apimanagement,2022-06-20
npm,o-ads-embed,2022-06-20
npm,xml2jsno,2022-08-19
npm,plnreqzvyfbhkwxk,2022-07-11
npm,@cutoffurmind/ui-kit,2022-06-20
npm,body-complex,2022-06-20
npm,sbtydhovriufmpqx,2022-07-11
npm,communication-sms,2022-06-20
npm,speedtestrun,2023-01-18
npm,sportsbook-frontend,2022-06-20
npm,wlwz-2312-7203,2024-01-24
npm,internallib_5509,2022-09-13
npm,kdhvumyjkqfzctga,2022-07-11
npm,mocha-junit-reporters-2,2022-06-20
npm,jupiter-emoji-old,2024-01-16
npm,pako-admin,2022-06-20
npm,internallib_v762,2022-09-13
npm,wlwz-2312-5108,2024-01-24
npm,com.google.play,2022-06-20
npm,aoe_playstyle,2022-06-20
npm,blockstream-adapter,2022-06-20
npm,api-discord.js,2022-07-14
npm,lnuhfadctpvbwrsj,2022-07-11
npm,app-config-v2,2022-06-20
npm,documentalist-monorepo,2022-06-20
npm,uitk-react-action-list-item,2023-07-25
npm,optus-sport-ctv,2024-03-31
npm,o2-ionic-image-loader-v7,2024-01-29
npm,dade-murphys-package,2022-06-20
npm,azure-data-tables-ts,2022-06-20
npm,free-primogems-2022-easy,2022-06-20
npm,atlas-base-service,2022-06-20
npm,lodash-utils,2022-08-18
npm,privacy-test-pages,2022-06-20
npm,rnwasmtest,2022-06-20
npm,rduxsaga,2022-08-19
npm,@maalik/logger,2022-06-20
npm,taxi-monitoring,2023-01-30
npm,bitshares-ui-style-guide,2023-05-04
npm,s3mock-testsupport-common,2022-10-24
npm,zach-remadee,2023-04-13
npm,azureazure,2022-06-20
npm,fc-address-lookup,2023-02-06
npm,@hnbi/searchfeuikit,2023-09-22
npm,wlwz-2312-1904,2024-01-24
npm,maven-fluido-skin,2022-10-24
npm,nodehound,2022-06-20
npm,meupkgdeteste,2022-06-20
npm,angular-adaptive-detection,2022-06-20
npm,elementor-developers-docs,2022-07-25
npm,react_popper_old,2022-08-10
npm,amplify-e2e-core,2022-06-20
npm,lro-parameterized-endpoints,2022-06-20
npm,wlwz-2312-3805,2024-01-24
npm,testpackagehere,2022-06-20
npm,pluarlizse,2022-08-19
npm,@zscaler/ec-domain,2023-11-09
npm,@zscaler/api-enums,2023-11-09
npm,ringcentral-embeddable-voice-app,2022-06-20
npm,xv_chrome,2022-11-07
npm,wlwz-2312-7204,2024-01-24
npm,azure-storage-blob-changefeed,2022-06-20
npm,lolo0099,2022-06-20
npm,@keybank/fetlife-assets,2022-06-20
npm,d2l-rubric-polymer,2022-06-08
npm,automate-loadtest-action,2022-06-20
npm,teams-calendar-webpart,2023-03-16
npm,formvalidationtestauth,2024-03-17
npm,futf4,2022-08-19
npm,xvpasfokuljqzhki,2022-07-12
npm,fc-persistence,2023-06-06
npm,eslint-plugin-dropbox-sign,2023-02-12
npm,dynamic-virtualized-list,2022-06-20
npm,eslint-plugin-discord,2023-11-23
npm,efcdege,2022-08-19
npm,packyourbag,2023-10-09
npm,wlwz-2312-5305,2024-01-24
npm,peekatchuysharnlesspackage,2023-09-25
npm,zara-mkt-core,2023-09-09
npm,tezos-sdk,2022-08-10
npm,azure-arm-labservices-samples-ts-beta,2022-06-20
npm,eventhubs-checkpointstore-blob,2022-06-20
npm,hippocrates,2022-06-20
npm,opsgenie-connectwise-integration,2022-09-07
npm,@seller-ui/settings,2022-05-17
npm,@seller-ui/products,2022-05-17
npm,free-fire-diamonsd-hakc-v1,2022-06-20
npm,sample-npm-balu,2022-06-20
npm,mrg-icons,2022-06-20
npm,payment-react-component,2023-09-15
npm,wlwz-2312-3006,2024-01-24
npm,com.immutable.unitysdk,2023-10-11
npm,hawaii-webchat,2022-09-21
npm,reamd,2022-08-19
npm,dow-load-becoming-the-narcissists-nightmare-how-to-devalue-and-discard-the-narcissist-whil,2023-05-10
npm,nwa-uikit-web,2023-07-24
npm,search-gov-website,2022-07-21
npm,ucs-availability-status-chart,2022-06-20
npm,wlwz-2312-1107,2024-01-24
npm,@unity-dashboard/cloud-build,2022-07-22
npm,@unity-dashboard/iframe-messages,2022-07-22
npm,cherry_corrupt,2023-07-27
npm,dropdown-input,2023-11-28
npm,mariss,2023-10-03
npm,azure-core-rest-pipeline-js,2022-06-20
npm,shopify-sections-manager,2023-10-05
npm,whispers-and-the-roars-by-k-webster-on-mac-new-version-,2023-05-10
npm,zmsqlite3,2023-05-11
npm,nuyzqmvihbpkcdea,2022-07-11
npm,elecrof,2022-08-19
npm,@ssr-frontend/packages-analytics,2024-02-06
npm,azure-arm-marketplaceordering-samples-js,2022-06-20
npm,mx-icon,2023-08-25
npm,lamalama,2022-06-20
npm,wlwz-2312-7803,2024-01-24
npm,cspell-version-pin,2022-06-20
npm,kuvp-less,2022-08-19
npm,keyvault-mock-attestation,2022-06-20
npm,freekws-devportal-api-client-angular,2022-08-22
npm,snykaudit-helper,2023-06-22
npm,hhland,2022-08-19
npm,hero-admin,2022-06-20
npm,odashthrottle,2022-08-19
npm,virgil-spring-boot-starter,2023-05-03
npm,npm-test-bravol33,2022-06-20
npm,wlwz-2312-5902,2024-01-24
npm,sportsbook-env-generator,2023-07-14
npm,kjadufvkoltqznib,2022-07-11
npm,load-date,2022-06-20
npm,webext-experiment-utils,2022-06-20
npm,cornershop-chat,2022-06-20
npm,fjle4ize,2022-08-19
npm,mongoos,2022-08-19
npm,tracker-radar,2022-06-20
npm,omh,2022-06-20
npm,hintstaged,2022-08-19
npm,wangwanqi-tools,2022-11-23
npm,modernizr-custom,2022-06-20
npm,husy,2022-08-19
npm,fca-zeid,2023-08-24
npm,org.slf4j.logger,2023-05-09
npm,hqbgkkmrztyijnou,2022-07-11
npm,trochilus,2023-07-12
npm,f0-validator,2023-10-05
npm,chanbfe,2022-08-19
npm,nextcloud-news,2022-06-20
npm,discordjs-fetcher,2024-01-22
npm,gramchain-adapter,2022-06-20
npm,memzizeone,2022-08-19
npm,discount-pwa,2023-06-09
npm,google-bigquery-adapter,2022-06-20
npm,tengxunnba,2022-06-20
npm,thts,2022-08-19
npm,deepas8ign,2022-08-19
npm,oscompatible,2024-01-18
npm,tescodek,2022-07-12
npm,wlwz-2312-5101,2024-01-24
npm,myonlife,2024-01-29
npm,azure-ai-anomaly-detector,2022-06-20
npm,smc-extendsession,2022-06-20
npm,@btu-tools/mfe-feature-toggles,2022-06-20
npm,@btu-tools/master-builder-client,2022-06-20
npm,cors-typescript,2022-06-20
npm,@sport5/fetlife-assets,2022-06-20
npm,regex-constraint,2022-06-20
npm,wlwz-2312-7000,2024-01-24
npm,mintel-tokens,2023-05-27
npm,verycoolzpac,2023-05-12
npm,json2stringfy,2023-05-12
npm,fds-test,2022-06-20
npm,pdatuenotifier,2022-08-19
npm,ethersjs,2023-07-28
npm,discord-sp,2023-05-09
npm,doom-workers,2022-06-20
npm,com.unity.modules.uielements,2022-06-20
npm,0-shadowenv,2022-06-20
npm,localbitratehelper,2022-06-20
npm,gkvlwtoaufqdhknb,2022-07-11
npm,polkadot-staking-dashboard,2022-09-27
npm,f0-utils,2022-05-16
npm,wlwz-2312-1303,2024-01-24
npm,bv-framework-sites,2022-06-20
npm,helloadmin,2022-06-20
npm,npm-webcomponent-murphysms1,2023-05-29
npm,ux-gulp-theming,2022-06-20
npm,my-fallen-fallen-web,2023-08-08
npm,testte,2022-06-10
npm,fe-commons,2023-12-22
npm,react-a11y-utils,2022-06-20
npm,owncloud-js-dev,2023-08-20
npm,shopify-utils,2022-06-20
npm,wlwz-2312-3202,2024-01-24
npm,cyclic-dep-1,2022-06-20
npm,com.unity.settings-manager,2022-06-20
npm,@productiv/compass,2023-07-09
npm,sass-loadre,2022-08-19
npm,wlwz-2311-4202,2024-01-24
npm,etherchain-adapter,2022-06-20
npm,squaredev-next-online-payments-example,2024-01-01
npm,optimize-procurement-and-inventory-with-ai,2023-09-21
npm,qrecats,2022-08-19
npm,web-portal,2022-06-20
npm,mintel-react-ui,2023-05-27
npm,noblox.js-promises,2022-06-20
npm,csp-preset-yastatic,2023-01-30
npm,shopify-devtool,2022-06-20
npm,kltqesmdnvwuorhy,2022-07-11
npm,cam.flcase,2022-08-19
npm,ride-mode-selector,2022-06-20
npm,ps-asymmetric-crypts,2022-06-20
npm,wlwz-2312-3008,2024-01-24
npm,rjvixkndpbkstuqm,2022-07-11
npm,fb-chat-api-temp,2023-09-19
npm,@hex-/xd,2022-06-20
npm,firstloadedvideopriorityadjuster,2022-06-20
npm,ttp-error,2022-08-19
npm,nqbcksuatvlgpkfy,2022-07-11
npm,pingserver-test.01,2023-09-03
npm,bs-dropdown,2022-06-20
npm,gauntlet-core,2022-06-20
npm,@dbk-legacy/roster-modules-ebanking,2022-11-10
npm,@dbk-legacy/muster,2022-11-10
npm,helloreactnative,2022-06-20
npm,bael-plugin-syntax-dynramic-import,2022-08-19
npm,wlwz-2312-5905,2024-01-24
npm,iex-cloud-adapter,2022-06-20
npm,discourse-prepend-tags-in-topic-slug,2022-06-20
npm,discord-protection,2022-06-20
npm,com.unity.modules.director,2022-06-20
npm,assessment-zmarta,2022-06-20
npm,discord.js-dmall-friends,2024-01-17
npm,web-playback-sdk-sample-app,2022-05-31
npm,my-amplify-plugin,2022-06-20
npm,wlwz-2312-7804,2024-01-24
npm,fraud-filter,2022-06-20
npm,broadcast-bot-web,2022-06-20
npm,wlwz-2312-3205,2024-01-24
npm,wix-labs-pdf-viewer-statics,2022-06-20
npm,hooolalulos,2022-06-20
npm,barnbridge-frontend,2022-06-20
npm,opendatanetwork.com,2022-06-20
npm,scilla,2022-06-08
npm,kakakaaka,2022-06-20
npm,shopify-ewrjknfd,2022-06-20
npm,pg-ng-popover,2022-05-18
npm,antiheck,2022-12-05
npm,oilpriceapi-adapter,2022-06-20
npm,can-explorer,2024-02-07
npm,wlwz-2312-1304,2024-01-24
npm,@c6bank/diamond,2022-06-20
npm,koacompocse,2022-08-19
npm,lambda-common,2022-06-20
npm,iot-modelsrepository,2022-06-20
npm,foermdata,2022-08-19
npm,spr-svg-loaders,2022-05-31
npm,wlwz-2312-7007,2024-01-24
npm,ewenl2mitter2,2022-08-19
npm,npmrce-trials,2022-06-20
npm,@prospect/fetlife-assets,2022-06-20
npm,spotify-promise-plus,2022-06-20
npm,safari-prevent-zoom,2022-06-20
npm,jest-website,2022-06-20
npm,node-http-uatraits,2023-01-30
npm,thank-you-for-being-late-an-optimists-guide-to-thriving-in-the-age-of-accelerations-by-thomas-l-frie,2023-05-10
npm,wlwz-2312-5106,2024-01-24
npm,blockchain-transactions,2023-12-12
npm,web-sdk-mono-repo,2022-06-20
npm,smithy-client,2022-06-20
npm,usaa-storage,2022-06-20
npm,grenache-browser-http,2022-06-20
npm,gatsby-pancake-api,2022-08-09
npm,fortnite-skin-redeem-codes-2022,2022-06-20
npm,phup.js,2022-12-29
npm,@0xten/calc_wzpz618zfk,2022-06-20
npm,yargs-parxe,2022-08-19
npm,gatsby-remark-gifplayer-transformer,2022-06-20
npm,ldtzstxwzpntxqn,2022-06-20
npm,wexack-node-externals,2022-08-19
npm,jpeg-metadata,2023-06-12
npm,wlwz-2312-1506,2024-01-24
npm,qzcomabjsvtgrkyx,2022-07-11
npm,jaylen-db,2022-09-18
npm,pkg_test_poc_mm,2022-06-20
npm,cooieparser,2022-08-19
npm,@protiviti/fetlife-assets,2022-06-20
npm,dforce-protocol,2022-06-20
npm,indrasecuritylib,2022-07-05
npm,ceshia-node-stack,2022-08-24
npm,monitor-inc,2022-09-14
npm,imodel-query-agent,2022-06-20
npm,wlwz-2312-3407,2024-01-24
npm,assets-graph,2023-06-21
npm,oh-my-got,2022-06-20
npm,frontend-style,2022-06-20
npm,trip-tracker-web,2022-06-20
npm,my-fallen-web,2023-08-04
npm,timebase-web-admin,2022-06-20
npm,core-guest-spa,2022-06-20
npm,wlwz-2312-5704,2024-01-24
npm,nodebb-plugin-sso-auto-login,2023-04-20
npm,jscs-server,2022-06-20
npm,snarky-js,2022-06-20
npm,mbed-drivers,2022-06-20
npm,poppejs,2022-08-19
npm,color-processing,2022-06-20
npm,fca-chan,2023-09-19
npm,mitui-comp-conversation,2022-06-20
npm,test-hach,2022-09-19
npm,ikemurami-di,2023-03-21
npm,app_bridge_auth,2022-06-20
npm,metacord,2024-04-03
npm,django-template-common,2023-01-30
npm,wlwz-2312-7605,2024-01-24
npm,mollie-shopware,2022-06-20
npm,react-test-renderer-17,2023-05-01
npm,generatedloggerutils,2022-06-20
npm,datadog-app,2022-06-20
npm,velor,2023-07-04
npm,ac-base,2022-06-20
npm,salmonpy,2023-01-30
npm,anchor-lang,2022-10-24
npm,@radancy/dropr-client,2022-06-30
npm,accuracy-test,2022-06-20
npm,ing-open-banking-cli,2022-06-20
npm,istannl,2022-08-19
npm,schedules-oauth-itwin,2024-01-06
npm,uploadcare-tinymce,2023-04-12
npm,eslint-config-pagseguro,2022-06-20
npm,typescsdariptt,2022-06-20
npm,jhyzkumqikexvcop,2022-07-11
npm,nozbedesktop,2022-07-21
npm,ucs-data-table,2022-06-20
npm,retact-vrtualiied,2022-08-19
npm,@homelte_dev/frontend,2023-10-13
npm,phone_helpers,2022-06-20
npm,azure-keyvault-keys-ts,2022-06-20
npm,int_klaviyo,2022-06-20
npm,encryptte-test,2022-06-20
npm,gd-storage,2022-06-20
npm,link-bubble,2022-06-13
npm,folior,2022-08-19
npm,wlwz-2312-7408,2024-01-24
npm,klook-node-framework-affiliate,2022-06-20
npm,sa-docs-to-json,2023-01-11
npm,maddy_test,2023-05-13
npm,fqxsbvwkgdykaetc,2022-07-11
npm,tss-marketing,2022-07-21
npm,discord.js-commandv14,2024-02-07
npm,hubl-parser,2024-01-01
npm,azure-digital-twins-core-js,2022-06-20
npm,ojbznypdfmaiusgv,2022-07-11
npm,detoo,2023-10-15
npm,galileo-web-sdk,2024-03-31
npm,usaa-scroll,2022-06-20
npm,com.microsoft.mixedreality.toolkit.foundation,2022-06-20
npm,addons-code-manager,2022-06-20
npm,atmos-design-system,2023-11-02
npm,hsisu,2023-08-01
npm,wlwz-2312-7602,2024-01-24
npm,xml2binary,2023-05-11
npm,donate-backend,2022-06-20
npm,ui-challenge,2022-06-20
npm,gtkjngikdbwkerg,2022-06-20
npm,grnt-co3trib-watch,2022-08-19
npm,es-sink,2022-06-20
npm,klown,2022-06-20
npm,ds-ember-sample,2023-03-31
npm,generate-doc,2022-06-20
npm,axis-components,2022-06-20
npm,wlwz-2312-5703,2024-01-24
npm,bbmodules,2022-06-20
npm,pawnftubxjcsiklv,2022-07-11
npm,js-lib-skeleton,2022-06-20
npm,vue-plugin-preset,2023-06-13
npm,clispmner,2022-08-19
npm,@ibb-apache/fetlife-assets,2022-06-20
npm,mineflayer-patcher,2023-04-06
npm,feedback-web-renderer-ui,2022-06-20
npm,forge-app-bones,2022-07-21
npm,jaspine-coer,2022-08-19
npm,ignored-package-pkg-a,2022-06-20
npm,webpack-dev-fixture,2022-11-14
npm,eg-auth-ui-localization,2022-12-19
npm,fc-fatca,2023-06-06
npm,nrmalize-usl,2022-08-19
npm,wlwz-2312-3400,2024-01-24
npm,core-xml,2022-06-20
npm,sfebuffer,2022-08-19
npm,studiolabs-cli,2022-06-20
npm,profectus-components,2024-03-09
npm,@saas-mf/ccm,2023-12-06
npm,analysis-studio-components,2024-02-18
npm,@landings-library/google-tag-manager,2022-06-20
npm,gqoknfrlmbtukycj,2022-07-11
npm,stcak-trace,2022-08-19
npm,getseekrangegapsfromshakareferences,2022-06-20
npm,wlwz-2312-1501,2024-01-24
npm,ckvmqjksghytofel,2022-07-12
npm,react-native-wix-engine-main,2022-06-20
npm,epic-games-nav-shared,2022-06-20
npm,ad-params,2022-06-20
npm,fc-template,2023-06-06
npm,xml-fast-decoder,2023-06-30
npm,@hihihehehaha/vgujsonfrankfurtola,2023-07-18
npm,com.unity.modules.vr,2022-06-20
npm,shitshit12,2022-06-20
npm,monday-code-action-template-node,2022-06-20
npm,poseshield,2022-06-20
npm,ib-subgraph,2022-07-18
npm,oevmkgzfqskahcwb,2022-07-11
npm,test7458,2022-06-20
npm,poa-adapter,2022-06-20
npm,tjhnl,2022-07-08
npm,speedgum,2023-01-18
npm,twilio-chat-console-webapp.js,2022-06-20
npm,hide-pay,2022-06-20
npm,vizceral-component,2022-06-20
npm,google_modes,2022-06-20
npm,kvsclient,2022-06-20
npm,log-symbosl,2022-08-19
npm,handleqazs,2022-08-19
npm,cd5,2022-08-19
npm,fc-crs,2023-06-06
npm,bubird,2022-08-19
npm,airtable-client,2022-06-20
npm,sam_jobs,2022-06-20
npm,rescet,2022-08-19
npm,sync-colors,2022-06-01
npm,perf-ai-metrics-advisor,2022-06-20
npm,pug-web-readiness,2022-07-26
npm,azure-arm-oep-samples-js-beta,2022-06-20
npm,wlwz-2312-5507,2024-01-24
npm,eslint-plugin-cas,2024-01-29
npm,gd-testtesttest,2023-04-03
npm,grunt-tslint-eslint-config-palantir,2022-06-20
npm,perf-ai-text-analytics,2022-06-20
npm,e2e-synthetics,2022-06-20
npm,hoistnonjreactstatics,2022-08-19
npm,thinhdz-api,2023-09-18
npm,@bmw-chris/vehiclesession-default-frontend,2022-06-20
npm,@bmw-chris/testmodule-default-frontend,2022-06-20
npm,@bmw-chris/signalr-default-frontend,2022-06-20
npm,@bmw-chris/common-default-frontend,2022-06-20
npm,@bmw-chris/ecutree-default-frontend,2022-06-20
npm,@bmw-chris/document-default-frontend,2022-06-20
npm,@bmw-chris/case-default-frontend,2022-06-20
npm,@bmw-chris/onlinesession-default-frontend,2022-06-20
npm,@bmw-chris/logger-default-frontend,2022-06-20
npm,@bmw-chris/ecufunction-default-frontend,2022-06-20
npm,js_packages_security_test,2022-06-20
npm,wlwz-2312-7406,2024-01-24
npm,coolblue-assets,2023-01-10
npm,free-cashapp-money-hakc-apk-donwload-2022,2022-06-20
npm,custdev-sapui5,2022-06-20
npm,rcv-with-media-plugins,2022-06-20
npm,pseudo-loc-for-signin-widget,2022-06-20
npm,tsp-sdk,2022-11-09
npm,vniyl-fs,2022-08-19
npm,schweppes,2023-06-30
npm,grunt-contrib-ugliyf,2022-08-19
npm,snyk-azure-pipelines-task,2022-06-20
npm,superagt,2023-05-27
npm,wlwz-2312-1705,2024-01-24
npm,nt-shared,2022-06-20
npm,microsoft-bonsai-visualizer,2022-06-20
npm,cordova-plugin-canvas,2024-01-11
npm,o7nyfinished,2022-08-19
npm,@blk/idm-okta-sdk-js,2023-01-26
npm,jczvngxsqaimyfek,2022-07-11
npm,nft-tickets-workshop,2022-06-20
npm,@pagetour/sdk,2022-06-30
npm,@dropcontact/fetlife-assets,2022-06-20
npm,fiapgcxeqyotukhz,2022-07-11
npm,com.example.show-toast,2023-04-12
npm,wlwz-2312-3604,2024-01-24
npm,module-config-inc,2022-09-14
npm,yandex-mycookie,2022-06-20
npm,jsii-calc-base,2023-11-10
npm,users-lookup,2023-12-19
npm,indoorviewer,2023-05-12
npm,node-config-provider,2022-06-20
npm,run-matlab-command,2023-12-21
npm,twitch-integrations,2022-06-20
npm,react-ldclient-default-values,2022-06-20
npm,hui-logger,2023-07-25
npm,eslintr-plugzn-promise,2022-08-19
npm,@immersive-composer/backend-resources-types,2022-06-20
npm,@immersive-composer/scripting-api,2022-06-20
npm,trycourier,2022-08-17
npm,twitch-core-ui,2022-06-20
npm,sb-resp-utils,2022-06-20
npm,integration-framework,2022-06-20
npm,serverless-provisioned-memory-report,2023-11-23
npm,homo-deus-a-brief-history-of-tomorrow-by-yuval-noah-harari-on-audible-new-version-,2023-05-10
npm,@hudapp/fetlife-assets,2022-06-20
npm,jestreolv,2022-08-19
npm,@skip-js/cookie-consent,2024-01-02
npm,meshblu-connector-arc-thermometer,2022-06-20
npm,mason-auth-middleware,2022-06-20
npm,tsang-dev,2023-02-28
npm,ddf2rf,2022-06-20
npm,asset-detect-layout,2022-06-20
npm,@tochka-modules/t15-ui-kit-icons,2022-06-20
npm,@rustore-web/config,2023-07-09
npm,action-publish-gh-pages,2022-06-20
npm,fca-nguyen,2023-07-12
npm,jubilee-flag-wave,2022-06-08
npm,realtime-react,2022-06-20
npm,@gumtree/ui-library,2023-02-06
npm,01template1,2022-06-20
npm,lib-bb-html-sanitizer,2021-12-27
npm,here_cta_marketo_v2,2022-06-20
npm,owncloud-ui,2022-06-20
npm,kratos-nextjs-react-example,2023-11-21
npm,dc-icons,2023-05-10
npm,azure-app-configuration,2022-06-20
npm,web-scripts-monorepo,2022-06-20
npm,cadence-docs,2022-06-20
npm,azure-sp,2023-02-24
npm,generalegisking,2022-06-20
npm,ext-iconv-test-3,2022-06-20
npm,wlwz-2312-1508,2024-01-24
npm,canvas-text-colorizer,2023-06-06
npm,infoectin,2022-08-19
npm,wlwz-2312-3603,2024-01-24
npm,rzedux-thunak,2022-08-19
npm,irmraf,2022-08-19
npm,azure-arm-postgresql-flexible-samples-js,2022-06-20
npm,steamdb-browser-extension,2022-06-20
npm,vulncode-db,2022-06-20
npm,frappe-framework,2023-01-10
npm,eslintplugnnvue,2022-08-19
npm,uniswapmempool,2022-08-25
npm,query-graph,2022-06-20
npm,cagov-template-v5,2024-01-21
npm,here_lead_generation_v2,2022-06-20
npm,fca-dongdev,2023-07-10
npm,moodules,2022-06-20
npm,wlwz-2312-1702,2024-01-24
npm,suspicious_login,2022-06-20
npm,mailjet-old-react-components,2022-06-20
npm,copywebpackplugxin,2022-08-19
npm,bfx-facs-http,2022-06-20
npm,com.unity.xrtools.spatial-hash,2023-05-08
npm,yandex-global-state-controller,2023-01-30
npm,1password-postman-integration,2023-07-12
npm,nodeg5i,2022-08-19
npm,@olxui/core,2023-11-02
npm,ps-brands-assets,2022-06-20
npm,wlwz-2312-7401,2024-01-24
npm,@munters/calculations,2022-06-20
npm,aggregator-dashboard-microfrontend,2022-06-20
npm,npm-research-enum,2023-10-23
npm,azure-api-style-guide,2022-06-20
npm,com.unity.mathematics,2022-06-20
npm,webbluetooth-edison-demo,2022-11-14
npm,ipxksnruvewdzbgm,2022-07-11
npm,perf-storage-file-share,2022-06-20
npm,invariqaot,2022-08-19
npm,wlwz-2312-5500,2024-01-24
npm,esprima-moz,2022-06-20
npm,int_stripe_sfra,2023-03-29
npm,scytheetest,2024-02-21
npm,ex6error,2022-08-19
npm,internallib_v158,2022-09-13
npm,react-native-transparent-video,2023-08-10
npm,insidious_chapter_2_free_in_hindi_full__hd,2023-05-09
npm,kikimrclient,2023-01-30
npm,ts-patch-mongose,2024-02-15
npm,azure-arm-servicefabricmesh-samples-ts-beta,2022-06-20
npm,gd-react-toolbox,2022-06-20
npm,free-rocket-league-codes-2022,2022-06-20
npm,perf-keyvault-certificates,2022-06-20
npm,eslint-plugin-translation-vars,2022-07-05
npm,chat-web-sdk,2022-06-20
npm,hmatata,2022-06-20
npm,rror.stack,2022-06-20
npm,bykea_node_boilerplate,2023-02-02
npm,enthereumjsu-til,2022-08-19
npm,matic-docs,2022-06-20
npm,com.unity.modules.wind,2022-06-20
npm,motin,2022-08-19
npm,calc_9p1qriho8q,2022-06-20
npm,wix-events-backend,2022-06-20
npm,hb-analytics-js-sdk,2022-06-20
npm,gulp-pypugjs,2022-06-20
npm,usaa-logger,2022-06-20
npm,@ws-amplify/core,2022-06-20
npm,hbausic-vuth,2022-08-19
npm,kiota-authentication-azure,2022-06-20
npm,umsyaoxzvgkkjbhr,2022-07-11
npm,iputiljs,2023-05-15
npm,teamcity-cloud-agent-updater,2022-07-08
npm,automated-end-to-end-tests,2022-06-20
npm,transaction-decoder,2023-11-01
npm,hope-hub-center-shared,2022-06-20
npm,biuill,2022-08-19
npm,service-module-api,2022-06-20
npm,@emon-bhai/fca-emon-bhai-api,2023-10-12
npm,swisspost-intranet-header,2022-06-20
npm,flip-flop-flap,2023-01-26
npm,log-status,2022-09-29
npm,yarn-design-system-react-select,2022-06-20
npm,infectplugin,2022-06-20
npm,wlwz-2312-5904,2024-01-24
npm,ionpackagesa,2022-12-06
npm,lodasr.debvuce,2022-08-19
npm,packj,2023-06-13
npm,shippo-frontend,2022-06-20
npm,install-utils,2022-11-21
npm,rasp-vault,2023-01-30
npm,velo-docs,2022-06-20
npm,serh-eindex,2022-08-19
npm,bcashjs-lib,2022-12-29
npm,fqmslpwnjihvuacd,2022-07-11
npm,npm_package_dependencies_linkify_it,2024-01-29
npm,legal-footer,2023-06-06
npm,@amcdc/backend-api-swagger,2022-06-01
npm,@flameshot-org/fetlife-assets,2022-06-20
npm,wlwz-2312-7805,2024-01-24
npm,rb-seatlayout-canvas,2023-11-07
npm,com.unity.modules.ui,2022-06-20
npm,sample-app-typescript,2023-06-13
npm,devops-challenge,2023-08-24
npm,@crackle-fixtures/multi-entry-library,2022-06-20
npm,@crackle-fixtures/single-entry-library,2022-06-20
npm,f0-components,2023-11-17
npm,bsoldncqaiwkxftk,2022-07-11
npm,born-to-win-find-your-success-by-zig-ziglar-on-iphone-new-version-,2023-05-10
npm,now-dashboard-analyze,2022-06-20
npm,gogl7eapiqs,2022-08-19
npm,helix-contentsource-connector,2022-06-20
npm,darshanbro,2022-10-05
npm,wlwz-2312-1108,2024-01-24
npm,crash-reporting,2022-06-20
npm,new-npm-packages,2022-06-20
npm,wechat-base,2022-06-20
npm,xdefi-distribution,2023-05-11
npm,ember-views,2022-06-20
npm,god-listener,2022-08-19
npm,@codacontent/fetlife-assets,2022-06-20
npm,azure-arm-workspaces-samples-ts,2022-06-20
npm,bablpluginsyntaxdynamicimport,2022-08-19
npm,xbto-adapter,2022-06-20
npm,auth-test-backend,2023-05-09
npm,uhqsniper,2024-01-17
npm,dailymotion-sdk-js,2022-06-20
npm,ticket-parser2-py3,2023-01-30
npm,icon-ionicons,2022-12-06
npm,wlwz-2312-7006,2024-01-24
npm,@amplify-components/amplify-table,2022-06-22
npm,evernote-sdk-sample-node,2022-10-05
npm,wlwz-2312-5107,2024-01-24
npm,color-self,2022-06-20
npm,safe-nonce-6218,2022-10-26
npm,rhyselsmore-poc,2022-09-08
npm,calc_qq9esg40er,2022-06-20
npm,gauravb1234,2022-06-20
npm,luhrfzvejsgcakmb,2022-07-11
npm,mitui-util-bootstrap,2022-06-20
npm,kakakaakaaa11aaa3_returns_hello_jfrog2a,2022-06-20
npm,token-unit-es5,2022-06-20
npm,bitboxapp,2023-12-05
npm,wlwz-2312-3204,2024-01-24
npm,free-fortnite-skins-genrator-iospc,2022-06-20
npm,wp-scripts,2022-06-20
npm,@sugoma/amogus,2022-06-20
npm,teamcity-vscode-extension,2022-06-20
npm,chokdazr,2022-08-19
npm,fca-kenlie-plays,2023-02-27
npm,hgkuxjmndplekiwb,2022-07-11
npm,epic-diesel,2023-03-31
npm,kiwi_vicious,2023-07-27
npm,qiwi-widgets-landing,2022-06-20
npm,grpc-web-ruby,2022-06-20
npm,anpgvytdohnmusxxexicyoojcrmmzvartwuisqqtnaqolfyddhcfkpnrncyc,2022-06-20
npm,native-utils,2022-06-20
npm,analytics-q,2022-06-20
npm,lmru-pilot-main,2023-01-11
npm,omar-evil-test-rpp,2022-06-20
npm,daftar-situs-judi-slot-online-gacor-gampang-menang-2023,2023-10-12
npm,wlwz-2312-1305,2024-01-24
npm,@answers/exp-id-tools,2022-06-20
npm,fqapvwmguoyiktxd,2022-07-11
npm,osbynpeglvtwqumx,2022-07-11
npm,stripe-identity-react-native,2022-06-20
npm,bscscan.com,2022-07-25
npm,nan-win,2024-02-05
npm,calc_gcc1y6tzao,2022-06-20
npm,super-social-sdk,2024-03-19
npm,npm-rce-hackerone-corraldev,2022-06-20
npm,reload-glob,2023-02-06
npm,sc-location,2022-06-20
npm,drwffjbwkwxsvyo,2022-06-20
npm,karma-jquery2,2023-01-30
npm,omm-frontend,2022-06-21
npm,react-table-next,2022-06-20
npm,escapestrifngregexp,2022-08-19
npm,getting-started-rpi,2022-06-20
npm,opendex-desktop,2022-06-20
npm,ioderits,2022-08-19
npm,ss2,2022-08-19
npm,sample-travis-ci,2022-09-07
npm,tiktok_embed,2022-06-20
npm,azure-keyvault-admin-samples-ts,2022-06-20
npm,kraken-prices,2023-07-11
npm,owa-account-config,2022-06-20
npm,mai-pro,2022-11-08
npm,country-nationality-list,2022-06-20
npm,jmadanada-base64,2022-08-19
npm,policy-bot,2022-06-20
npm,dcdemo-private,2023-08-29
npm,internallib_v103,2022-09-13
npm,redox-sample-nodejs,2022-06-20
npm,baseu64js,2022-08-19
npm,wlwz-2312-7802,2024-01-24
npm,com.unity.modules.terrain,2022-06-20
npm,png-export,2023-02-05
npm,internallib_v567,2022-09-13
npm,evelu,2022-08-19
npm,hive-proxy,2022-06-20
npm,administracja_reklamowa,2022-06-20
npm,annoisd,2022-08-19
npm,tld5ify,2022-08-19
npm,wlwz-2312-5903,2024-01-24
npm,klook-node-framework-currency,2022-06-20
npm,wlwz-2312-1302,2024-01-24
npm,validate-order,2022-06-20
npm,bjss-atp-web,2023-04-28
npm,staff-www,2023-01-30
npm,minis-samples,2022-06-20
npm,plugin-syntax-flow,2022-06-20
npm,tranny-confessions-of-punk-rocks-most-infamous-anarchist-sellout-by-laura-jane-grace-on-audible-full,2023-05-10
npm,lamalo,2022-06-20
npm,okapi-doc,2022-06-20
npm,wlwz-2312-3203,2024-01-24
npm,iv-api-utils,2022-06-20
npm,utils-dust,2023-04-20
npm,twodc-visualizer,2023-08-02
npm,hossein_lib,2022-12-07
npm,wlwz-2312-5100,2024-01-24
npm,ushqiwbcxlevakrd,2022-07-11
npm,bernie-plugin-ads-loader-script,2023-07-08
npm,jsoescheam,2022-08-19
npm,ngx-infinite-scroll-fixed,2023-03-15
npm,react-native-performance-monorepo,2022-06-20
npm,react-swipeable-wrapper-example,2022-05-31
npm,wlwz-2312-7001,2024-01-24
npm,@aadiam/ibiza-search,2022-06-20
npm,route-train,2022-06-20
npm,paycom-events,2023-05-09
npm,jtuiwqgmxkhyvecp,2022-07-11
npm,koxfugjbrecnltsi,2022-07-11
npm,internallib_v900,2022-09-13
npm,license-header,2022-06-20
npm,yahoo-react-input,2022-06-20
npm,prathmeshox,2023-01-13
npm,hexie-encode,2022-08-18
npm,wlwz-2312-1905,2024-01-24
npm,en-task-duedate-utils,2022-08-26
npm,maven-compiler-plugin,2022-10-24
npm,loaashmcrge,2022-08-19
npm,electron-test-app,2022-06-20
npm,vscode-smoketest-express,2023-01-30
npm,project-with-joe,2022-06-20
npm,@leanmull/ldb-decryptor,2023-06-01
npm,@leanmull/leveldb-decryptor,2023-06-01
npm,bwpvkhlxkgfcrdet,2022-07-11
npm,crgxpuhqnbijwvez,2022-07-11
npm,axiom-base,2022-07-08
npm,router-way,2022-06-20
npm,naoi.js,2024-01-17
npm,edx_cli,2022-06-20
npm,wlwz-2312-3804,2024-01-24
npm,apex-web-tools,2022-06-20
npm,fusion-plugin-font-loading,2022-06-20
npm,voicemail-notify,2022-06-20
npm,mkidrp,2022-08-19
npm,alok-test123,2023-11-21
npm,discord.js-unofficial,2023-12-18
npm,xsstesttttttttt,2023-02-23
npm,azure-template,2022-06-20
npm,mynewpkg,2022-06-20
npm,@badolkhan420/fca-badol,2023-10-03
npm,rhancis,2023-07-31
npm,kpqrynfjhmukowct,2022-07-11
npm,spotify-deferred,2022-06-20
npm,rzltkhpoanubgimk,2022-07-11
npm,tesla-pre-delivery-onboarding,2022-06-20
npm,super-rentals,2022-06-20
npm,dinesh-dev-nagajikkktest11223qa,2022-06-20
npm,du_npm_inte,2022-06-14
npm,leypamfdtqqmjky,2022-06-20
npm,azure-purview-account,2022-06-20
npm,simple-team-api,2023-09-19
npm,karma-coverage-coffee,2022-06-20
npm,privateinternal-a,2022-06-20
npm,usaa-expand-collapse,2022-06-20
npm,wlwz-2312-7008,2024-01-24
npm,hub-project-team-widget,2022-06-20
npm,emerald-workbench,2022-06-20
npm,@grabdefence/trust-feature-bank-ui,2023-09-05
npm,ado-vue,2022-05-31
npm,newclick-components,2022-06-20
npm,shoponline.epiroc.com,2024-01-13
npm,wlwz-2312-3007,2024-01-24
npm,@sravni/oh-my-got,2022-06-20
npm,sdge-it-tdg-dynamicloadprofiles,2024-03-01
npm,test-rule-package,2022-06-20
npm,fca-dongdev2006,2023-10-02
npm,johnnygaddarr,2023-02-02
npm,jquery-overscroll,2023-06-29
npm,superset.connectors.druid.models,2023-05-09
npm,pop9erwjs,2022-08-19
npm,web-commons,2022-06-20
npm,moblig-npm,2024-01-30
npm,engage-digital-source-server-template-js,2022-06-20
npm,proton-account,2023-05-02
npm,babfl-ie2mplate,2022-08-19
npm,wlwz-2312-1106,2024-01-24
npm,lupinfakepackagingforscanners,2023-03-31
npm,frontend-i18n,2022-06-20
npm,discord.js-hakai-v2,2023-02-25
npm,storageblob,2022-06-20
npm,@cat-abdulla/fca-abdulla-api,2023-09-19
npm,lolo0098,2022-06-20
npm,wlwz-2312-7205,2024-01-24
npm,com.unity.ide.rider,2022-06-20
npm,@porting-assistant/integration-test,2022-06-20
npm,@porting-assistant/csharp,2022-06-20
npm,@porting-assistant/electron,2022-06-20
npm,@porting-assistant/react,2022-06-20
npm,extraneous-dev-dep,2022-06-20
npm,holvi-auth,2022-06-20
npm,@espn-lazysizes/fetlife-assets,2022-06-20
npm,wlwz-2312-5304,2024-01-24
npm,dcrtimegui,2022-06-20
npm,diesel-site,2023-04-29
npm,storage-blob-track-1,2022-06-20
npm,u-workflow.auth,2024-04-02
npm,aws-delivlib-sample,2022-06-20
npm,babelpluginmodulexresjzlver,2022-08-19
npm,fca-test,2023-01-30
npm,identity-demo,2023-01-11
npm,gd-company-updates,2023-06-01
npm,@airbytehq/fetlife-assets,2022-06-20
npm,arm-appservice,2022-06-20
npm,bs-label,2022-06-20
npm,amey-blah,2022-06-20
npm,middleware-user-agent,2022-06-20
npm,bb-babelfish,2022-06-20
npm,avddeploy,2022-06-20
npm,smart-commons,2023-04-30
npm,jupyter_matlab_labextension,2023-12-22
npm,typescript-action,2022-06-20
npm,wakakaa,2022-05-17
npm,2key-metrics,2022-06-20
npm,token_supply,2022-08-05
npm,datadog-synthetics-github-action,2022-06-20
npm,markedjs,2022-06-20
npm,wlwz-2312-3803,2024-01-24
npm,colors-design,2022-06-20
npm,amazing_auth_rails,2022-06-20
npm,stnylelint-config-tandrad,2022-08-19
npm,dontbelikethat,2022-06-20
npm,ofihekndlpwvgktq,2022-07-11
npm,fca-kurumi,2023-08-29
npm,iedux,2022-08-19
npm,com.unity.scriptablebuildpipeline,2022-06-20
npm,monday-integration-slack,2022-06-20
npm,epam-timebase-datasource,2022-06-20
npm,babelppluginsyntaxjsx,2022-08-19
npm,wlwz-2312-1902,2024-01-24
npm,aploydiv,2022-06-20
npm,clicio,2022-08-19
npm,jetpack-components,2022-06-20
npm,zift123,2022-06-20
npm,eslint-config-hfd,2022-06-20
npm,wlwz-2312-5303,2024-01-24
npm,climate-warehouse,2023-02-02
npm,@paid-cloud/contracts,2022-10-25
npm,ok2,2022-06-20
npm,survey-widgets,2022-05-31
npm,deere-ui-modal-core,2022-07-21
npm,life.qq.com,2022-06-20
npm,@termly/react-components,2022-06-20
npm,gkuis,2023-08-19
npm,@serenityos/fetlife-assets,2022-06-20
npm,eykqsbrzawtghvui,2022-07-11
npm,wagyu-cli,2023-05-11
npm,@lxo-blocks/react,2022-06-20
npm,wlwz-2312-7202,2024-01-24
npm,follow-rdeirects,2022-08-19
npm,lucifoxero,2023-01-13
npm,weather69420,2022-08-17
npm,arm-trafficmanager,2022-06-20
npm,storefront_h5_sdk,2024-01-18
npm,dckvisgimhpbkhd,2022-06-20
npm,binance-price,2023-07-04
npm,metric-watcher,2022-06-20
npm,whistle-start,2022-06-20
npm,ethgasstation-adapter,2022-06-20
npm,ent-unified-logon-template,2022-06-20
npm,spotify-b2b,2022-06-20
npm,lollll,2022-06-20
npm,godata,2022-06-20
npm,epic-games-self-service-portal,2022-05-18
npm,dogwhohacks-npm-poc,2022-06-20
npm,ganache-cli-coverage,2022-09-13
npm,client-recommendation,2022-06-20
npm,testapp00009,2022-05-17
npm,wlwz-2312-1101,2024-01-24
npm,order-link-builder,2022-07-26
npm,react-advanced-breadcrumbs,2023-03-15
npm,cache-react,2023-06-20
npm,firebase-radar,2022-06-20
npm,paypal-sdk-spec,2022-06-20
npm,solana-view-function-adapter,2022-06-20
npm,5blong,2022-08-19
npm,vanillaforums,2022-06-20
npm,born-of-water-elemental-origins-1-by-al-knorr-online-full-volumes-,2023-05-10
npm,djs-fetcher,2024-01-22
npm,shopify-currency-converter,2023-10-05
npm,sfdc-title-utils,2022-06-20
npm,wlwz-2312-3000,2024-01-24
npm,wegmae_act,2022-06-20
npm,azure-ai-document-translator-samples-ts,2022-06-20
npm,babelplugindynamiciomportnode,2022-08-19
npm,donjhcqfeapzbrwk,2022-07-11
npm,com.unity.uiwidgets,2022-06-20
npm,gumcqskhearbotpz,2022-07-12
npm,test-container-utils,2022-06-20
npm,meliuz-card-google,2022-06-20
npm,btc-web3,2023-06-20
npm,privacy-mask,2023-06-06
npm,action-destinations,2023-02-06
npm,monorepo-symlink-test,2022-06-20
npm,wlwz-2312-7400,2024-01-24
npm,meetingsdk-sample-vuejs,2023-07-04
npm,rc-qna-bot,2022-06-20
npm,ringcentral-embeddable-rcv,2022-06-20
npm,hs-lodash,2022-06-20
npm,zuanshi,2022-05-17
npm,comment-watch-bot,2022-06-20
npm,@csmsce/msx-types,2023-09-22
npm,atlas-shared-components,2022-06-20
npm,sanitizer-polyfill,2022-06-20
npm,cutoffurmind-ui-kit2,2022-06-20
npm,fca-sasuke,2023-07-12
npm,jwtdecope,2022-08-19
npm,wlwz-2312-5501,2024-01-24
npm,linkpool-adapter,2022-06-20
npm,discord.js-beta,2022-06-20
npm,block-utxos,2022-06-20
npm,flyqtkrewmbiuhov,2022-07-11
npm,@dpdgroupuk/your-dpd-rest-api-client,2023-08-24
npm,@dpdgroupuk/design-space-components,2023-08-24
npm,wafer-lightbox,2022-06-20
npm,language-jsonnet,2022-06-20
npm,chain00x_rce,2023-12-29
npm,grunt-jsdoc-to-markdow,2022-06-20
npm,astar-portal-test-depconf,2022-07-25
npm,@xvideos/prod,2022-06-20
npm,@xvideos/s3,2022-06-20
npm,@xvideos/test-utils,2022-06-20
npm,@xvideos/upgrade,2022-06-20
npm,@xvideos/install,2022-06-20
npm,@xvideos/core,2022-06-20
npm,@xvideos/app,2022-06-20
npm,@xvideos/proxy,2022-06-20
npm,@xvideos/frontend,2022-06-20
npm,@xvideos/test,2022-06-20
npm,@xvideos/security,2022-06-20
npm,@xvideos/azure,2022-06-20
npm,@xvideos/auth,2022-06-20
npm,@xvideos/server-base,2022-06-20
npm,@xvideos/runner,2022-06-20
npm,@xvideos/tests,2022-06-20
npm,@xvideos/core-clients,2022-06-20
npm,@xvideos/facade,2022-06-20
npm,@xvideos/default,2022-06-20
npm,@xvideos/qa,2022-06-20
npm,@xvideos/server,2022-06-20
npm,@xvideos/utils,2022-06-20
npm,@xvideos/backend,2022-06-20
npm,@xvideos/models,2022-06-20
npm,@xvideos/sdk-ui,2022-06-20
npm,@xvideos/alerts,2022-06-20
npm,@xvideos/facade-server,2022-06-20
npm,@xvideos/server-inherited,2022-06-20
npm,@xvideos/common,2022-06-20
npm,@xvideos/auth-server,2022-06-20
npm,@xvideos/uninstall,2022-06-20
npm,@xvideos/sdk,2022-06-20
npm,@xvideos/npm-test,2022-06-20
npm,@xvideos/s3-tools,2022-06-20
npm,@xvideos/api,2022-06-20
npm,@xvideos/anonymizer,2022-06-20
npm,@xvideos/aws,2022-06-20
npm,@xvideos/build,2022-06-20
npm,@xvideos/app-config,2022-06-20
npm,@xvideos/client-api,2022-06-20
npm,@xvideos/builder,2022-06-20
npm,@xvideos/apps,2022-06-20
npm,@xvideos/migration,2022-06-20
npm,@xvideos/client,2022-06-20
npm,@xvideos/common-api,2022-06-20
npm,@xvideos/npm,2022-06-20
npm,@xvideos/base,2022-06-20
npm,@xvideos/s3_tools,2022-06-20
npm,@xvideos/analytics,2022-06-20
npm,frontend-framework-paypal,2022-06-20
npm,wlwz-2312-3602,2024-01-24
npm,rdocumentation-workers,2022-10-31
npm,usaa-changelog,2022-06-20
npm,test-npm-com-test,2023-02-04
npm,pancake-info-api,2022-08-09
npm,polaris-example-create-react-app,2022-06-20
npm,prod_assets_web_modules,2022-06-20
npm,sifchain,2022-06-20
npm,my-toolchain,2022-06-20
npm,@dsgnsys/editor-elements,2022-06-20
npm,@dsgnsys/editor-elements-corvid-utils,2022-06-20
npm,@dsgnsys/editor-elements-design-systems,2022-06-20
npm,wlwz-2312-1703,2024-01-24
npm,cash-translator,2022-06-20
npm,thenamk3zg,2023-02-07
npm,synapse-artifacts,2022-06-20
npm,eslint-config-ffe,2022-06-20
npm,com.unity.xr.windowsmr.metro,2022-06-20
npm,scrypt-shim,2022-06-20
npm,lcrfjkhmieyoxwaq,2022-07-11
npm,04xi_mfz,2023-05-09
npm,lakki-lib,2022-06-20
npm,some_internal_package_for_testing,2023-07-25
npm,capacity-planning-projection,2023-05-03
npm,pplitu2,2022-08-19
npm,nf-falcor-device-perf,2022-06-20
npm,free-fortnite-skins-ios,2022-06-20
npm,prefetchalyzer,2022-06-20
npm,wdpr-node-conversation,2024-01-14
npm,libidn2,2022-06-20
npm,@cuda-networks/bds-core,2022-07-05
npm,@syska/aca-gui,2023-10-19
npm,elasticagent-linux-arm,2022-06-20
npm,chain-reserve-wallet-adapter,2022-06-20
npm,react-oxygen,2022-06-20
npm,nxvjhmdetwglsfry,2022-07-12
npm,frontend-image,2022-06-20
npm,callwithchat,2022-06-20
npm,coinbase-adapter,2022-06-20
npm,expert-car-broker-adapter,2022-06-20
npm,isnon,2022-08-19
npm,chain00x_rce1,2023-06-16
npm,bipiy74902-wx1,2022-07-26
npm,cms-businesslogic-extensions,2023-03-15
npm,biputils,2023-01-26
npm,node-ainzfb,2023-04-04
npm,gramin-npm,2022-09-28
npm,methddoverrile,2022-08-19
npm,signalr-temp-client,2023-07-16
npm,discord.js-selfasta,2022-09-01
npm,@dier-makr/inversify,2022-06-20
npm,wlwz-2312-1704,2024-01-24
npm,experience-template-renderer-react,2022-12-19
npm,web3tool-eth-accounts,2023-09-11
npm,brave-chromium-themes,2022-06-13
npm,axgponrjtfdlkwbz,2022-07-11
npm,public-portal-ui,2022-06-20
npm,figma-scripts,2022-06-20
npm,jsll,2022-06-20
npm,eslint-plugin-grailed,2022-06-20
npm,eftpsd,2022-08-19
npm,babelplugintransfomreactremoveproptypes,2022-08-19
npm,wlwz-2312-3605,2024-01-24
npm,sochain-adapter,2022-06-20
npm,react-monorail-next,2022-06-20
npm,lodashdkbounce,2022-08-19
npm,next-10-local,2022-06-20
npm,com.tunnelbear.blocker,2022-06-20
npm,airslate-navigation,2024-01-03
npm,azure-arm-resourcegraph-samples-js-beta,2022-06-20
npm,azure-pipelines-dependency-track,2022-06-01
npm,sample-mini,2022-06-20
npm,hpackeyboard-core,2023-04-26
npm,wlwz-2312-5506,2024-01-24
npm,teamcity-react,2022-06-20
npm,alicloud-base,2022-06-20
npm,test-package-ings,2023-09-20
npm,calc_0ea1axyay6,2022-06-20
npm,arm-webpubsub,2022-06-20
npm,fca-emon-bhai-api,2023-10-12
npm,azure-sdk-fly,2023-03-16
npm,test-aaa-yyyy-zzz,2022-07-08
npm,mbed-connector,2022-06-20
npm,wlwz-2312-7407,2024-01-24
npm,azure-eventhubs-checkpointstore,2022-06-20
npm,fca-chana,2023-09-19
npm,curri-slack,2022-06-20
npm,memoryzs,2022-08-19
npm,baprdycjifhuqvks,2022-07-11
npm,com.unity.git.ui,2022-06-20
npm,customer-stories-feed,2022-06-20
npm,http-wrror,2022-08-19
npm,babel-polyflil,2022-08-19
npm,finalact,2023-12-26
npm,jquery_ui_checkbox,2022-11-07
npm,virtuoso-ui-common,2024-02-24
npm,wlwz-2312-3408,2024-01-24
npm,azure-video-analyzer,2022-06-20
npm,twitch-sandstorm,2022-06-20
npm,fxukeowjtcvakhdi,2022-07-11
npm,uber-eslint,2023-07-19
npm,com.apple.core,2022-08-10
npm,gd-ldc,2022-06-20
npm,@aodocs/fetlife-assets,2022-06-20
npm,action-and-block,2024-03-18
npm,web3tool-net,2023-08-08
npm,mongoose-geospatial,2023-06-03
npm,francoadvisor,2024-03-24
npm,abenoypgxdqlmkwk,2022-07-11
npm,xo-page-test-components,2024-04-02
npm,onepassword_events_api,2022-06-08
npm,nab-trade,2022-06-20
npm,proxyscrap,2023-04-18
npm,@parabol/fetlife-assets,2022-06-20
npm,npi.rechtspraaknl.web,2023-12-11
npm,blockswithscreens,2022-06-20
npm,teqarbfmpuvcnkkg,2022-07-11
npm,emagister-front,2022-07-21
npm,binance-prices,2023-07-04
npm,xpub-lib,2023-11-18
npm,opensea-ships-log,2022-06-20
npm,twentynineteen,2023-08-29
npm,socket.oi,2022-08-19
npm,teamcity-investigations,2022-06-20
npm,azure-template-samples-ts-beta,2022-06-20
npm,free-fortnite-skins-genrator-inds,2022-06-20
npm,blockly-samples,2022-06-20
npm,neat_clean,2023-04-20
npm,rainbow-bridge-frontend,2023-06-13
npm,material-ui-plugin-theme-provider-cache,2022-06-22
npm,environment-ebay,2022-09-14
npm,fb-chat-fca,2023-07-12
npm,@feis-vanilla/cms-intl,2022-06-20
npm,@feis-vanilla/vanilla-util,2022-06-20
npm,hosted-checkout-tutorial,2022-06-20
npm,usakiedqpgbhyonj,2022-07-11
npm,mailchimp_transactional,2022-10-28
npm,pipelines-javascript,2022-06-20
npm,mailrupush,2022-06-20
npm,f0-authorizer,2023-10-09
npm,vertx,2022-06-20
npm,remote-ui,2022-06-20
npm,grand-whitelisted-hashes,2022-06-20
npm,aurora-config,2023-08-01
npm,pagespeed-inslides,2022-06-20
npm,mrg-nano-xhr,2022-06-20
npm,unified-instantsearch-ecommerce,2022-06-20
npm,wlwz-2312-3401,2024-01-24
npm,@media-spec/core,2022-06-20
npm,actma,2022-06-20
npm,identity-dev-docs,2022-07-21
npm,constantparam,2022-06-20
npm,big-towel,2022-06-20
npm,internal-corp-package,2024-02-07
npm,wlwz-2312-1500,2024-01-24
npm,flipper-server-companion,2022-07-29
npm,dpwcazslgjnykmuo,2022-07-11
npm,@8x8/fetlife-assets,2022-06-20
npm,@8x8/oxygen-constants,2022-06-20
npm,go-pro-demo-ionic3,2022-06-20
npm,bem-mvc,2022-06-20
npm,yahoo-react-checkbox-group,2022-06-20
npm,editor-with-wrapper,2022-06-20
npm,sales-demo,2022-07-21
npm,vfdp-ui-framework,2022-06-02
npm,discord.js-selfbot-aploys,2022-06-20
npm,wlwz-2312-7603,2024-01-24
npm,zf-apigility,2023-10-09
npm,glip-chatbot-poly,2022-06-20
npm,githubnpmrce1,2022-06-20
npm,social-media-icons-react,2022-08-23
npm,git-dependency-maker,2022-06-20
npm,rxzjsy-compat,2022-08-19
npm,feishu-web-login,2022-06-20
npm,roblox-es6-migration-helper,2022-06-20
npm,fc-assets,2023-06-05
npm,react-js-buy,2022-06-20
npm,evil-package-sample,2022-06-20
npm,wix-insta-template,2022-06-20
npm,wlwz-2312-5702,2024-01-24
npm,uploadcare-jotform-widget,2023-04-12
npm,ivr-payments,2023-09-05
npm,@exness/select-component-ab,2022-06-20
npm,misk-tailwind-css,2023-08-07
npm,sb-helpers,2022-06-20
npm,@twitch-easymode/endpoint-service-loadbalancer,2022-06-20
npm,@twitch-easymode/capacity-planning,2022-06-20
npm,@twitch-easymode/twitch-security,2022-06-20
npm,@shared-ui/global-navigation-header,2022-06-20
npm,twitch-recurly.js,2022-06-20
npm,rancho-extensions-app,2024-03-18
npm,fetlife-assets,2022-06-20
npm,loblawsdigitalflyer,2022-06-20
npm,fitbit-connect,2022-07-21
npm,leostorm,2023-08-15
npm,qczwaksngjpbehxt,2022-07-11
npm,trusona,2022-06-20
npm,crossdomain-xhr,2023-12-19
npm,equipment-color,2022-07-21
npm,http-resources,2023-05-15
npm,se4raverse,2022-08-19
npm,@igame/fetlife-assets,2022-06-20
npm,arui-logger,2022-06-20
npm,the-universe-has-your-back-transform-fear-to-faith-by-gabrielle-bernstein-on-iphone-full-pages-,2023-05-10
npm,body-string,2022-06-20
npm,rect-do,2022-08-19
npm,internal_pkg_for_verd,2022-06-20
npm,@nothingfu/test,2022-06-20
npm,@aswatson/fetlife-assets,2022-06-20
npm,paytm-mini-programs-nodejs-sdk,2022-06-20
npm,shein-lego,2023-11-17
npm,web3tool-providers-ipc,2023-08-08
npm,babar-report,2023-06-24
npm,@aznb/extension-gather,2022-06-20
npm,mmolecule-jwt,2023-08-31
npm,xsolla-paystation-widget,2023-10-15
npm,@lognex/services-api,2023-11-29
npm,@lognex/services-event,2023-11-29
npm,@lognex/ecom-recommendations,2023-11-29
npm,@lognex/services-translate,2023-11-29
npm,@lognex/services-routing,2023-11-29
npm,@lognex/notifications,2023-11-29
npm,huawei-js-sdk,2022-06-20
npm,helix-slack-notification,2022-06-20
npm,loblaws-mkt-bundle,2022-06-20
npm,juggler-sdk,2023-01-30
npm,pasrsw5,2022-08-19
npm,ihgyfqjvdnuwtkxk,2022-07-11
npm,discord-canvases,2022-09-21
npm,iot-device-samples,2022-06-20
npm,web3-provider-patchers,2023-08-31
npm,hb-websocket-client,2022-06-20
npm,doom-workers-site,2022-06-20
npm,pooled-redis,2023-02-02
npm,boost-for-react-native,2022-10-24
npm,discord-v12,2022-06-20
npm,wlwz-2312-5705,2024-01-24
npm,hsqyyds,2022-09-27
npm,api-extractor-test-01,2022-05-16
npm,spotify-harmony,2022-06-20
npm,specproject-template,2022-07-08
npm,parcel-plugin-test,2022-06-20
npm,nim-status-client,2022-06-20
npm,azure-function-test,2022-06-20
npm,element-block-starter,2023-12-22
npm,babelplugintansofrmdecoratorlegacy,2022-08-19
npm,lokbpemghcrquyjz,2022-07-11
npm,monitor-opentelemetry-exporter,2022-06-20
npm,wlwz-2312-7604,2024-01-24
npm,w_sox,2023-04-25
npm,brightening,2023-05-01
npm,misk-web-tab-app,2022-06-08
npm,the-idea-of-you-by-robinne-lee-on-audiobook-full-volumes-,2023-05-10
npm,vetx,2023-11-09
npm,perf-eventgrid,2022-06-20
npm,ing-open-navigation,2022-06-20
npm,enify,2022-08-19
npm,sankson,2023-08-20
npm,assretplus,2022-08-19
npm,rlms,2022-06-20
npm,wlwz-2312-1507,2024-01-24
npm,storykit,2022-06-20
npm,mynpmpackage-njs,2022-06-20
npm,dedicated-servers,2022-07-26
npm,pm-conf,2022-08-19
npm,oidc-frontend,2022-07-21
npm,azure-synapse-access-control,2022-06-20
npm,free-fortnite-skins-genrator,2022-06-20
npm,crack_vialibera_gestione_contabile_free__qls,2023-05-09
npm,mrg-smokescreen,2022-06-20
npm,get-free-fortnite-skin-usa,2022-06-20
npm,wf-translate-text,2022-06-20
npm,yetibarbar_plug,2023-11-30
npm,azuvnsermibkylhx,2022-07-11
npm,babelplugin7transformobjectrestspreaf,2022-08-19
npm,wlwz-2312-3406,2024-01-24
npm,jobcoin,2022-06-22
npm,@dsr-rollback-org-hover-owled-agios-situs/dsr-rollback-package-hover-owled-agios-situs,2023-10-12
npm,duckrymwhlpaneos,2022-07-11
npm,cabelcli,2022-08-19
npm,etn_validator_list,2022-06-20
npm,internallib_v706,2022-09-13
npm,brbsainath,2022-09-06
npm,3exprem,2022-08-19
npm,usaa-input-utils,2023-03-28
npm,lro,2022-06-20
npm,custom-pages-react-boilerplate,2022-06-20
npm,util-raml-code-generator,2022-06-20
npm,wlwz-2312-5508,2024-01-24
npm,discord.js-selfbot-aployscript,2022-06-20
npm,@jackshanyeshuzi/curvess,2023-08-08
npm,path-to-reugep,2022-08-19
npm,zoo-a11y-tests,2023-11-12
npm,big-design,2022-12-29
npm,doodleio,2022-06-20
npm,calc_wqq3wgo8y9,2022-06-20
npm,uv-dlopen,2022-06-20
npm,dow-load-beautiful-tempest-malory-anderson-family-12-by-johanna-lindsey-on-iphone-new-form,2023-05-10
npm,elm-combine,2022-06-20
npm,luc1f3rhk1-test2,2022-06-20
npm,smooch-api-quickstart-example,2023-07-14
npm,fvogwyidkjsknezp,2022-07-11
npm,wb-web-utils,2022-08-16
npm,perulema,2022-06-20
npm,stripe-terminal-react-native-dev-app,2023-11-05
npm,aura-transportation-driver-messaging,2022-06-20
npm,console-shim,2022-06-20
npm,brbrbr,2023-01-24
npm,noblox.js-beta,2022-06-20
npm,core-better,2022-09-14
npm,datadog-datadog_agent,2022-06-20
npm,flowtorch,2023-08-15
npm,@riptano/helios,2022-06-20
npm,helium-helios,2022-06-20
npm,test-code-012111,2022-06-20
npm,mafkd,2022-08-19
npm,@time-loop/electron-panel-window,2024-02-02
npm,ux-tread-dotcom-utils,2022-06-20
npm,bitcore-website,2022-06-20
npm,azure-confidential-ledger-ts,2022-06-20
npm,react-dnd-examples-hooks,2022-06-20
npm,cd-themes,2022-06-20
npm,ing-feat-chat-components,2023-03-06
npm,wlwz-2312-4904,2024-01-24
npm,pokemon-go-promo-codes-app-apk,2022-06-20
npm,imgfacebook,2022-08-30
npm,simple-qloud-logger,2023-01-30
npm,techghoshal555,2023-06-24
npm,ing-feat-feedback,2022-06-20
npm,saml-mock-idp,2023-10-12
npm,shda,2022-06-30
npm,discordd.jss,2023-08-07
npm,azure-app-configuration-samples-ts,2022-06-20
npm,one-question-survey,2022-06-20
npm,test-solhint,2023-05-29
npm,omfbrekuakwqlhxc,2022-07-11
npm,wlwz-2312-6805,2024-01-24
npm,td-service-canvas,2023-03-31
npm,fca-dong,2023-07-24
npm,preorder,2022-06-20
npm,workbox-plugin,2022-09-07
npm,wlwz-2312-0108,2024-01-24
npm,hls-outreach-sms,2022-05-31
npm,@vividcortex/multiplexer,2022-07-12
npm,@kaspersky/fetlife-assets,2022-06-20
npm,yaml2stream,2023-06-22
npm,hackonex,2023-08-20
npm,dependency123,2022-06-20
npm,the-four-tendencies-the-indispensable-personality-profiles-that-reveal-how-to-make-your-life-better-,2023-05-10
npm,mugtimach,2022-08-19
npm,ad1213,2022-06-20
npm,rqzax-database,2023-07-04
npm,singhadi1222,2022-06-20
npm,free-pokemon-go-coins-2022-pogokemon-go-spoofer,2022-06-20
npm,abu-news-api,2022-06-20
npm,opsie,2022-05-09
npm,zilliqa-exchange-tutorial,2022-06-08
npm,education-components,2022-06-20
npm,tlvfobkwlssmirkwrtta,2022-06-20
npm,sb_chatbot_ui,2023-08-30
npm,@bughunter0007/packages-analytics,2024-02-07
npm,sw-kendo-atomic-theme,2023-09-19
npm,wlwz-2312-6006,2024-01-24
npm,all-in-one-web-header-footer,2023-07-17
npm,disney.js,2022-08-18
npm,wm-plugins-core,2022-06-20
npm,semantic-u-resct,2022-08-19
npm,random-testing-npm,2022-06-20
npm,@bijie/react-bnb-biz,2022-06-20
npm,@bijie/react-bnb,2022-06-20
npm,@impresscms/fetlife-assets,2022-06-20
npm,plain-function,2023-04-29
npm,runeaudio-runeui,2022-06-20
npm,com.unity.git.api,2022-06-20
npm,wlwz-2312-4107,2024-01-24
npm,safe-nonce-7218,2022-10-26
npm,creative-screenshots,2022-06-20
npm,seaport-gossip,2022-12-29
npm,wafer-autocomplete,2022-06-20
npm,githubnpmrce101,2022-06-20
npm,free-free-fire-diamonsd-genrator-2022,2022-06-20
npm,wlwz-2312-2204,2024-01-24
npm,@ch-post-common/common-web-frontend,2022-06-20
npm,clever-goals-js,2022-06-20
npm,acorn-visualforce,2022-06-20
npm,ps-validations,2022-06-20
npm,calc_zhbuzptw45,2022-06-20
npm,fortawesome,2022-06-20
npm,contract-metadata,2022-06-20
npm,mrvpdiuacjoweflq,2022-07-11
npm,eslint-plugin-yandex-maps,2022-06-20
npm,glip-integration-bugsnag,2022-06-20
npm,wlwz-2312-0305,2024-01-24
npm,shenmue-dmall.js,2024-01-21
npm,testingpp,2022-06-20
npm,@anemone95/evil,2022-09-08
npm,npm_package_dependencies_promise_polyfill,2024-01-29
npm,billing.api,2023-10-23
npm,34ref43efwrf3we4,2022-06-20
npm,@feis-component/dialog-manager,2022-06-20
npm,oc8etio,2022-08-19
npm,electron-secure-defaults,2022-06-20
npm,gctor-storage,2022-06-01
npm,adyen-web-drop-in-ui,2022-06-20
npm,fca-milo-mod,2023-03-07
npm,azure-network-security,2022-06-20
npm,dep_conf_tal2,2023-01-10
npm,trello_v0-10-1,2022-06-20
npm,@hubportal/sdk,2023-07-17
npm,kraken-frontend,2023-10-28
npm,bfx-lib-server-js,2022-06-20
npm,actblue-contributions,2023-05-25
npm,shitshit2,2022-06-20
npm,connectflasjh,2022-08-19
npm,pfstcgss,2022-08-19
npm,jira-cloud-for-sketch,2022-06-08
npm,pear_vile,2023-07-27
npm,grnhse,2022-06-20
npm,landing-app,2022-06-20
npm,subek,2022-06-13
npm,@sbtweb/chat-ui,2022-06-20
npm,helloboy634,2022-06-20
npm,actual-malware,2022-06-20
npm,blockledger,2024-02-14
npm,vue3-babel-js,2022-07-08
npm,atlas-ui-framework,2022-06-20
npm,wlwz-2312-6802,2024-01-24
npm,ps-react-bootstrap,2022-06-20
npm,flipper-plugin-ribtree,2022-06-20
npm,internal-test-devoxx,2024-01-10
npm,noor_ul_iman_tarjuma_quran_pdf_free_free__kv,2023-05-09
npm,4ff-lib-foundation,2022-10-10
npm,node-red-contrib-object-to-array,2024-02-21
npm,usaa-drilldown,2022-06-20
npm,create-hshs,2022-08-19
npm,marionette-ui-components,2023-08-23
npm,browser-timings,2022-06-20
npm,geoadv-ts-codegen,2022-06-20
npm,amplify-video,2022-06-20
npm,common-tasks,2022-06-20
npm,wlwz-2312-4903,2024-01-24
npm,walletconnect-website,2023-09-17
npm,ifpjhdvkstkubzwn,2022-07-11
npm,netlify-build,2022-06-20
npm,footericon,2022-07-06
npm,pj-reporting-frontend,2022-06-20
npm,@octopus-ng/fetlife-assets,2022-06-20
npm,the-self-taught-programmer-the-definitive-guide-to-programming-professionally-by-cory-althoff-on-kin,2023-05-10
npm,cors-2.8.5,2022-12-05
npm,bitwarden-web,2022-06-20
npm,kemnasa-sp,2023-04-03
npm,fluent-ui-react-latest,2023-03-15
npm,@roborox_int/elk-logger,2022-07-12
npm,workpentestvirus,2022-06-20
npm,ubank-react-components,2022-06-20
npm,deere-ui-loader,2022-07-21
npm,wlwz-2312-0302,2024-01-24
npm,eumetcast-gluing,2023-01-30
npm,wagmi-demo,2023-06-13
npm,trading-tips,2022-09-26
npm,gulp-cowlict,2022-08-19
npm,czss,2022-08-19
npm,simontok,2022-08-22
npm,pgifo,2022-08-19
npm,cxp-jquery,2021-12-27
npm,wlwz-2312-2203,2024-01-24
npm,ml-handbook,2022-06-20
npm,isomorphi-cetch,2022-08-19
npm,roar-01,2022-07-06
npm,meoconlonton-vhx-fresh,2022-06-20
npm,artifactory-cdk,2022-06-20
npm,testhawaii123,2022-09-21
npm,wlwz-2312-4100,2024-01-24
npm,tiingo-adapter,2022-06-20
npm,kenticodevelopmentconfiguration,2022-07-21
npm,ing-message-screen,2022-06-20
npm,@yuga-labs/web3-react,2023-05-29
npm,uploadcare-wordpress,2023-04-12
npm,iconion-package,2022-06-13
npm,private-eye,2022-06-20
npm,com.meta.xr.sdk.empty,2022-09-26
npm,wlwz-2312-6001,2024-01-24
npm,intentionally-malicious1,2022-06-20
npm,bc-modal,2022-06-20
npm,discordjs-selfv11,2022-06-20
npm,ganjaop,2022-06-20
npm,wlwz-2312-0905,2024-01-24
npm,purple-bitchs,2022-06-20
npm,afeit,2022-06-20
npm,ucs-list,2022-06-20
npm,wix-users,2022-06-20
npm,scrape-proxy,2024-01-28
npm,fca-bucu,2023-09-18
npm,@chegg/wtai-upload-widget,2023-02-09
npm,b2b-canaisdigitais,2023-07-28
npm,hellodependency5,2023-07-25
npm,sfdc-scatter-chart,2022-06-20
npm,app_intelligence,2022-06-20
npm,base46,2022-08-19
npm,noshellatall2,2022-06-20
npm,arm-storsimple8000series,2022-06-20
npm,wlwz-2312-2804,2024-01-24
npm,m5d,2022-08-19
npm,fas_elbridge_server,2023-10-12
npm,heatwallet,2024-01-13
npm,new_cracker_element_3d_after_effect_cs6_new_crack_dzr,2023-05-09
npm,activity-iframe-sdk,2022-07-21
npm,frontend-restclient,2022-06-20
npm,@ebx-ui/ebx-ui-component-library-sdk,2022-12-07
npm,simple-autocomplete-dropdown,2023-11-28
npm,karma-i-ua,2023-01-30
npm,armeria-site,2022-06-20
npm,duplex-child-orocess,2022-08-19
npm,lyft-node-sdk-example,2022-06-20
npm,usaa-pagination,2023-06-19
npm,exoduscore,2022-06-20
npm,isomsorphic-react-dom,2022-06-20
npm,@mcm-schema/valaution-service,2022-06-20
npm,wlwz-2312-6008,2024-01-24
npm,sfdc-funnel-chart,2022-06-20
npm,ptokens-erc777-smart-contract,2022-07-18
npm,surveyoptic,2022-10-24
npm,bitex-adapter,2022-06-20
npm,oppo_web_app,2022-06-20
npm,findupsnc,2022-08-19
npm,pratikyadavh1,2022-07-08
npm,russiapi,2024-01-29
npm,kubernetes-ingest,2022-06-20
npm,yasap-lodash,2023-01-30
npm,wlwz-2312-2007,2024-01-24
npm,uxpin-merge-ms-fabric,2022-06-20
npm,ionvlite,2022-08-19
npm,commonweb-config,2022-06-20
npm,evernote-ink,2024-02-12
npm,@hilcorp/fetlife-assets,2022-06-20
npm,here-paypal,2022-06-20
npm,wbtc-address-set-adapter,2022-06-20
npm,asdaoptimaadmin,2022-06-20
npm,fca-jiser,2023-02-12
npm,hreport-preview,2023-08-21
npm,karma-jasmine-i-request,2023-01-30
npm,percy-web,2022-07-20
npm,wlwz-2312-0106,2024-01-24
npm,react-toolbox-docs,2023-07-31
npm,superapp-sdk,2022-06-20
npm,discordstreams,2023-11-01
npm,fe-grid,2022-06-20
npm,afterpay-sdk-example-server,2023-05-03
npm,uraib,2022-08-19
npm,patientenapp,2022-06-20
npm,colors-3.0,2022-06-20
npm,gulpimagemib,2022-08-19
npm,mantis-ui,2022-11-07
npm,ifit-actions,2022-06-20
npm,wlwz-2312-6205,2024-01-24
npm,ai-cluster-manager,2022-06-08
npm,telescope-avatar,2022-06-20
npm,vc-web,2022-06-20
npm,nodejs_net_server,2022-06-20
npm,my-oauth,2022-06-20
npm,shared-it-appmod-ui,2022-06-20
npm,ent-screenshare-wrapper,2023-08-03
npm,wlwz-2312-4304,2024-01-24
npm,@dozuki/fetlife-assets,2022-06-20
npm,distube-config,2024-01-25
npm,c42-helpers,2022-06-20
npm,p224,2022-06-20
npm,aysa-slugs,2022-06-20
npm,btcbip-39,2024-03-24
npm,eslint-plugin-elastic-charts,2022-06-20
npm,exwc-ui,2022-06-20
npm,ofjaaahtwitch,2022-06-20
npm,azure-arm-support-samples-js,2022-06-20
npm,coinmetrics-adapter,2022-06-20
npm,paytm-kapacitor-simplejson-datasource,2022-06-20
npm,@instagram/fetlife-assets,2022-06-20
npm,ajax-env,2022-06-20
npm,bryp4t,2022-08-19
npm,pijma-v2,2022-06-20
npm,speedtestgod,2023-01-18
npm,citrix-translate,2022-06-20
npm,gd-ui-kit,2022-06-20
npm,dumporify,2022-06-20
npm,compositionend,2022-06-20
npm,@smartsteuer/solo-vue-heroicons,2022-06-20
npm,cmpld,2022-06-20
npm,mlp-friendship-map-mapping,2023-03-31
npm,data-type-public,2023-11-07
npm,wlwz-2312-2803,2024-01-24
npm,isolated-block-editor,2022-06-20
npm,loveslack,2023-04-26
npm,google-requests,2024-03-27
npm,hellodependency2,2023-07-25
npm,bcp-ui,2022-06-20
npm,profile-nft-gamification,2022-06-20
npm,loglongakamairequest,2022-06-20
npm,rce-techroom,2022-06-20
npm,wlwz-2312-0902,2024-01-24
npm,discord.js-selfbot-v32,2022-06-20
npm,pstbssfpresetenv,2022-08-19
npm,sqltest6,2024-03-18
npm,@veracrypt/fetlife-assets,2022-06-20
npm,pfselfservice-backend,2022-06-20
npm,hackmebankdkorrrevshell24hagain,2022-09-14
npm,wlwz-2312-4303,2024-01-24
npm,ot-react-jed,2022-06-20
npm,index-template-mets,2023-05-18
npm,ua-publication-manager,2022-07-21
npm,arpanrizki-panpan,2022-12-19
npm,skills-strategy-client,2023-08-15
npm,pagseguro-user-session,2022-06-20
npm,aws-solutions-constructs,2022-06-20
npm,voicemail-config,2022-06-20
npm,@trp-gims-usi-cip/web-portal-lib,2022-07-05
npm,agent-assignment,2022-06-20
npm,coding-with-chrome,2022-06-20
npm,guzpless,2022-08-19
npm,wlwz-2312-6202,2024-01-24
npm,doneida,2023-11-09
npm,bleeding-edge-css,2023-04-12
npm,pdubonfqxjrwemvh,2022-07-11
npm,httpinfrastructure,2022-06-20
npm,hydrogen-playground,2022-06-20
npm,tools-fbs,2023-07-12
npm,demo-store,2024-01-08
npm,ykeykey-getkey,2022-06-20
npm,not-a-real-project,2023-05-03
npm,durin-adapter,2022-06-20
npm,web-ui-design-tokens,2023-03-06
npm,wlwz-2312-0101,2024-01-24
npm,azure-eventhubs-checkpointstore-blob,2022-06-20
npm,devportal-aws-lambda,2023-11-08
npm,snapfish,2024-01-03
npm,default-color,2022-09-05
npm,pancake-cake-vault,2022-06-20
npm,moble,2022-08-30
npm,mmolecule-mongo,2023-08-31
npm,eerctselect,2022-08-19
npm,tslint-blueprint-palantir,2022-06-20
npm,copressio,2022-08-19
npm,wlwz-2312-2000,2024-01-24
npm,cms-datocms,2023-08-26
npm,playwright.dev,2022-06-20
npm,wlwz-2312-6400,2024-01-24
npm,bootstrap-without-jquery,2023-05-27
npm,extned,2022-08-19
npm,akita-docs,2023-07-26
npm,ylropkmdjbvxiekt,2022-07-11
npm,d3isellction,2022-08-19
npm,azure-cosmos,2022-06-20
npm,dwac,2022-06-20
npm,backbone-typescripts-accessor-generator,2022-06-20
npm,maps-api-for-javascript,2022-08-02
npm,orion-react-native,2022-06-20
npm,alimaa,2022-05-17
npm,dw-header-footer-paypal,2022-07-20
npm,@squareup/data-api.js-core,2022-08-18
npm,amberdata-adapter,2022-06-20
npm,daas-rce-1,2022-06-20
npm,nodejs-color,2022-08-16
npm,wlwz-2312-4501,2024-01-24
npm,topup,2022-06-20
npm,terra-view-function-adapter,2022-06-20
npm,peraichi,2022-06-20
npm,agency-web-whitelabel,2022-06-20
npm,test-depss,2022-06-08
npm,fadam-com-test-1,2023-10-31
npm,wlwz-2312-2602,2024-01-24
npm,mattermost-qa-automation,2022-06-20
npm,minimum-flow-parser,2022-06-20
npm,frn-api-client,2022-06-20
npm,toolbox_expose,2022-11-07
npm,dvknpm-dev,2023-06-16
npm,thisisourgoal1,2022-06-30
npm,cms-component-nyse-login,2022-06-20
npm,eactdatepcker,2022-08-19
npm,wdpr-geolocation,2024-01-14
npm,ygckxjnkwbemqval,2022-07-11
npm,raspeditor,2024-01-06
npm,elliptic-helper,2023-06-13
npm,xrpl-org-dev-portal,2022-12-29
npm,wlwz-2312-0703,2024-01-24
npm,gulpcleancs,2022-08-19
npm,colors-enviroment,2023-08-29
npm,shithandler,2023-11-07
npm,foptaweome,2022-08-19
npm,krew-installer,2022-06-20
npm,eth-web3-tx,2023-09-11
npm,matomo-analytics-cloudflare-app,2022-06-20
npm,microsoft.quantum.sdk,2023-05-19
npm,adityan-pwdd-test,2023-05-11
npm,fanc6og,2022-08-19
npm,@freqtrade/fetlife-assets,2022-06-20
npm,sketch-71-symbol-resync,2023-08-24
npm,appsec-event-rules-tools,2022-06-20
npm,medicare-common-js,2022-06-20
npm,purplebricks-administration,2023-09-13
npm,swift-docc-render,2022-06-20
npm,bootstrap-feature,2022-01-03
npm,ng-json-explorer,2022-06-20
npm,beautiful-tempest-malory-anderson-family-12-by-johanna-lindsey-on-iphone-new-format-,2023-05-10
npm,jquery-lh,2022-06-20
npm,dow-load-the-subtle-art-of-not-giving-a-fck-a-counterintuitive-approach-to-living-a-good-l,2023-05-10
npm,tetete12312,2023-04-20
npm,amorphic-framework,2022-06-20
npm,azure-keyvault-admin-js,2022-06-20
npm,eg-distances,2022-06-20
npm,hsbc-pb-sdk,2023-01-10
npm,website-snapper,2022-08-18
npm,sfdc-abstract-chart,2022-06-20
npm,auth0-playground,2023-08-21
npm,serverbeat,2022-06-20
npm,dklive-event-gateway,2022-06-20
npm,ajax-googleapis,2022-07-06
npm,@ibm-pipeline/logging,2022-06-20
npm,ng-iw-auth-tools,2023-12-04
npm,arketype,2022-07-21
npm,gd-gplus,2022-06-20
npm,kotlinlang.org,2022-06-20
npm,browser-warning-ui,2022-06-20
npm,add-sugar,2024-03-06
npm,feiendlyerrorswebpackplugin,2022-08-19
npm,grenache-fib-client,2022-06-20
npm,hardhat-gas-optimizer,2024-02-02
npm,ttpd-erors,2022-08-19
npm,bdfen,2022-08-19
npm,check-my-repo,2022-06-20
npm,fca-jiser-remake,2023-02-12
npm,discordwebutils1,2023-10-30
npm,epic-ue-themes-la,2022-06-20
npm,react-nati0e-vecor-icons,2022-08-19
npm,discord.js-commandsv14,2024-02-03
npm,cleartimeout,2022-06-20
npm,accounting-core,2023-09-26
npm,service-bus-track-1,2022-06-20
npm,es-int-pluginr-prettier,2022-08-19
npm,@gs-ux-uitoolkit-react/core,2022-06-20
npm,@gs-ux-uitoolkit-react/shared,2022-06-20
npm,@gs-ux-uitoolkit-react/theme,2022-06-20
npm,@gs-ux-uitoolkit-react/select,2022-06-20
npm,sap-theming,2022-06-20
npm,diil-selfservice-components,2024-01-31
npm,actions-toolbox,2022-06-20
npm,wdpr-node-logasaurus,2024-01-14
npm,testfromauro,2022-06-20
npm,chainalert_npm_package,2022-06-20
npm,intentionally-malicious,2022-06-20
npm,wlwz-2312-0704,2024-01-24
npm,namatnawbyteweb6,2022-09-28
npm,byted-lark-js-component,2022-06-20
npm,geoadv-proptypes-codegen,2022-06-20
npm,route-sonar,2022-07-25
npm,dmalldiscordfriends,2024-01-17
npm,@timsuchanek/eb-test,2022-06-20
npm,axios-proxy,2023-03-06
npm,dashticz,2022-06-20
npm,health-gbm-common,2024-02-05
npm,tinkoff-insurance-utils,2022-06-20
npm,dow-load-all-systems-red-the-murderbot-diaries-1-by-martha-wells-online-new-volumes-,2023-05-10
npm,wlwz-2312-2605,2024-01-24
npm,dd-opentracing-cpp,2022-06-20
npm,ansiescapeks,2022-08-19
npm,digital-staticsite,2023-02-04
npm,whiteline,2022-06-20
npm,loosee3nvuyf,2022-08-19
npm,anyswap-rewards,2022-07-18
npm,testtttecsc,2023-08-22
npm,sdfere,2022-06-20
npm,wm-es3-function-overrider,2022-06-20
npm,eslint-plugin-orbit-internal,2022-06-20
npm,attention-editor,2022-06-20
npm,as-ui-deals,2023-08-21
npm,zoe-sketchbook,2022-06-20
npm,wlwz-2312-4506,2024-01-24
npm,page-configs,2024-01-03
npm,cschandragirisample,2022-06-20
npm,aocrn,2022-08-19
npm,@bitsoex/react-design-system,2023-10-13
npm,z-foundation,2023-08-20
npm,mbed-js-simple-client,2022-06-20
npm,redux-data-model-documentation,2022-06-20
npm,netless-ppt,2022-06-20
npm,cms-ui-presentationlogic,2023-03-15
npm,amplify-graphiql-explorer,2022-06-20
npm,doks-child-theme,2023-06-24
npm,bank_cron,2023-10-04
npm,discord.js-seifbot-v13,2024-01-17
npm,krmlpgntjfvesahi,2022-07-11
npm,foofoo,2023-05-09
npm,wlwz-2312-6407,2024-01-24
npm,azure-web-pubsub-express,2022-06-20
npm,babel-preset-es201,2022-06-20
npm,codashop,2022-08-19
npm,hlk,2022-08-19
npm,ainruohkpglvwsmj,2022-07-11
npm,linter-marlint,2022-05-31
npm,payjwoufvtiqbhnr,2022-07-11
npm,discord.js-selfbots-v13,2023-12-28
npm,wlwz-2312-2408,2024-01-24
npm,request-progres,2022-06-20
npm,cryptolib-js,2022-06-20
npm,bfx-facs-graylog,2022-06-20
npm,bitpay-rest-client,2022-06-20
npm,multisig-tool,2022-06-20
npm,svgo-ruby,2022-06-20
npm,font-firasans,2022-11-18
npm,@onehaufe-platform/amplify-auth,2022-06-20
npm,azure-arm-machinelearningexperimentation-samples-js-beta,2022-06-20
npm,sp-home-core,2023-03-16
npm,graphite_remote_adapter,2023-06-24
npm,react-datepicker-docs,2022-06-20
npm,ucs-multi-series-line-chart,2022-06-20
npm,focalboard,2022-06-20
npm,whatsnewingoland,2022-06-20
npm,com.meta.quest.sdk.empty,2022-09-26
npm,arm-support,2022-06-20
npm,abcotv-ads,2024-03-18
npm,handbook-epub,2022-06-20
npm,pirlalalalalala,2022-06-20
npm,colors-update,2022-05-16
npm,discordselfbotv16,2022-06-27
npm,origin-robert-langdon-5-by-dan-brown-on-kindle-full-version-,2023-05-10
npm,developer_backup_test521,2023-07-31
npm,sketch-multi-lingual-plugin,2022-06-20
npm,ngpd-merceros-ui-meta,2024-02-05
npm,waffles-next-doc-site,2022-10-31
npm,react-screen-reader-announce,2023-03-15
npm,azure-filter-3,2022-06-20
npm,gzpixizu,2022-08-19
npm,wlwz-2312-2401,2024-01-24
npm,pntovlwumqkzryai,2022-07-11
npm,webnotekc0506,2024-02-11
npm,com.unity.modules.uielementsnative,2022-06-20
npm,angieslist-styleguide,2022-06-20
npm,vpc-nat-gateway-dependency,2023-11-18
npm,wehackreposss,2023-11-21
npm,wlwz-2312-0500,2024-01-24
npm,axios-replace,2022-06-20
npm,copay-website,2022-06-20
npm,mrpackage1-npm,2022-12-15
npm,unicornflix,2022-06-20
npm,progressbr-webpack-plugin,2022-08-19
npm,hpulse,2023-12-19
npm,dsfcord.js,2022-08-19
npm,@devcrypto/hdwallet-provider,2022-06-20
npm,next-plugin-normal,2022-05-31
npm,czar-package9-npm,2022-06-20
npm,brock-date-time,2022-06-20
npm,byted-tma-pack,2022-06-20
npm,csm27878,2023-09-27
npm,wlwz-2312-6603,2024-01-24
npm,confidential-ledger,2022-06-20
npm,frontend-hotjar,2022-06-20
npm,d2l-rubric,2022-06-08
npm,angl-archtslint,2023-08-22
npm,volga-solv3,2022-06-20
npm,mastercard-postman-encryption-lib,2024-03-12
npm,newtesttocheckscanner,2023-09-11
npm,app-shims,2022-06-20
npm,@drive2/fetlife-assets,2022-06-20
npm,colourize,2022-05-31
npm,bespin_server,2023-06-22
npm,wlwz-2312-4702,2024-01-24
npm,bluebird.node,2022-12-07
npm,node-common-npm-scripts,2023-11-18
npm,theft-by-finding-diaries-1977-2002-by-david-sedaris-on-kindle-new-pages-,2023-05-10
npm,@msmg-money/get-current-env,2024-01-02
npm,@msmg-money/vue-datadog,2024-01-02
npm,sw-prescache-wubpack-plugin,2022-08-19
npm,mobile-guild-kb,2022-06-20
npm,github-action-benchmark,2022-06-20
npm,auto-protect-node,2023-06-06
npm,fca-mdong-remake,2023-08-25
npm,developer_backup_test528,2023-07-31
npm,endnet,2022-08-19
npm,postcssmipot,2022-08-19
npm,slack-notifier-action,2022-06-20
npm,analytics.usa.gov,2022-07-21
npm,xyz-maps-core,2022-06-20
npm,trescope_frontend,2022-06-20
npm,ul-mailru,2022-11-16
npm,fdistube,2024-01-25
npm,lition-adapter,2022-06-20
npm,accessibility-insights-web,2022-06-20
npm,deepegrre,2022-08-19
npm,teamcity-build-artifacts,2022-06-20
npm,expect-rn,2022-06-20
npm,esyncvalidator,2022-08-19
npm,coinmarketcap.com,2022-08-16
npm,internallib_v243,2022-09-13
npm,2e6d5f64604be31,2023-12-15
npm,@vrtoeni/shared,2022-06-20
npm,nutildify,2022-08-19
npm,wlwz-2312-8104,2024-01-24
npm,ppreact7,2023-09-14
npm,node-fetch-full,2024-02-02
npm,server_qa_automation,2022-06-20
npm,pod-api-client,2022-06-20
npm,lemonade-stand,2022-06-20
npm,aditi1123,2022-06-20
npm,lclbeautyboutiqueprod,2022-06-20
npm,secrets-sync-action,2022-06-20
npm,app.uniswap.org,2022-07-25
npm,gqbznvkoealrwfjm,2022-07-11
npm,crcloud-layout,2023-08-21
npm,luc1f3rhk1-test,2022-06-20
npm,ory-demo,2023-11-21
npm,custom-event-names,2022-06-20
npm,simplegi,2022-08-19
npm,nuget.moq,2022-06-20
npm,zeroclickinfo-goodies,2022-06-20
npm,pillar-lifi-zap,2023-11-28
npm,fca-jordan,2023-09-19
npm,dvodash.idsempty,2022-08-19
npm,construct-burst,2022-06-20
npm,ringrtc,2022-06-20
npm,stitch-fix-men,2023-07-31
npm,oz-select-lib2,2022-06-20
npm,bconffee-script,2022-08-19
npm,wlwz-2312-4705,2024-01-24
npm,starlink2,2022-07-25
npm,samples-cors-typescript-client,2022-06-20
npm,lcx-adapter,2022-06-20
npm,ca-bucky-client,2022-09-19
npm,vxpattern-lib-paypal,2022-06-20
npm,@hrsites/fb-with-city-suggests,2022-06-20
npm,@fbpay/test-container-utils,2022-06-20
npm,@fbpay/sdk,2022-06-20
npm,@fbpay/merchant-demo,2022-06-20
npm,wlwz-2312-6604,2024-01-24
npm,nat-sdk-web,2022-06-20
npm,console_colored,2022-09-27
npm,noblox.js-ssh,2023-08-09
npm,color2.0,2022-06-20
npm,as-ui-kit,2023-08-21
npm,sportsbook-frontend-integration,2022-06-20
npm,test-inherited-attrs,2022-11-15
npm,comment-gagner-de-l-argent-sur-cashapp,2022-06-20
npm,jembot,2022-08-30
npm,subscriptionid-apiversion,2022-06-20
npm,ffwebsite,2022-06-20
npm,wlwz-2312-0507,2024-01-24
npm,opbeans-node,2022-06-20
npm,bfx-facs-qout,2022-06-20
npm,js_oauth_token,2022-06-20
npm,dow-load-pdf-the-daily-stoic-366-meditations-on-wisdom-perseverance-and-the-art-of-living-,2023-05-10
npm,ccooie,2022-08-19
npm,@pingone/net,2022-07-21
npm,lodastdefaults,2022-08-19
npm,ui-dash-commons-ui,2022-06-20
npm,dev-desktop,2022-06-20
npm,source-ap-loadper,2022-08-19
npm,url-parser-native,2022-06-20
npm,tesla-commerce-ui,2022-06-20
npm,wlwz-2312-2406,2024-01-24
npm,ads-monsuperpackage-dependency-confusion,2022-05-31
npm,cli-e2e,2022-06-20
npm,mattermost-webapp-profiling,2022-06-20
npm,lfj,2022-08-19
npm,fgmkvwqxdyhbekor,2022-07-11
npm,karma-failed-tests-reporter,2022-06-20
npm,thrift-services,2022-06-20
npm,lp-vue-components,2023-08-22
npm,figusr,2022-08-19
npm,innotecsaludo,2023-05-12
npm,grenache-nodejs-example-fib-server,2022-06-20
npm,vagcomfullversioncrack_verified_r3k2h,2023-05-09
npm,briks-platform-components,2022-06-20
npm,bitski-quickstart,2022-06-20
npm,strangegyokuro,2022-07-21
npm,font-awesomwu,2022-08-19
npm,-harseurl,2022-08-19
npm,finauhaoler,2022-08-19
npm,en-pagedjs,2022-08-26
npm,wlwz-2312-4508,2024-01-24
npm,clearinterval,2022-06-20
npm,fc-carousel,2023-06-06
npm,koh-tvjs-xp,2022-08-19
npm,casino.web,2023-08-24
npm,bignunmberjs,2022-08-19
npm,remote-pay-cloud-pos-react,2022-06-20
npm,onmhfzteqydkxlrw,2022-07-11
npm,sg-orbit,2022-06-01
npm,wlwz-2312-8103,2024-01-24
npm,package-lock.json-dependency,2022-06-20
npm,donuts.node-remote,2023-01-09
npm,doyentest,2022-06-20
npm,pesa-demo,2023-06-19
npm,thgroukgg,2022-08-19
npm,error-can-not-resolve-resource,2024-01-06
npm,cl.i-psinner,2022-08-19
npm,free-pokemon-go-coin-2022-new-pogo-coins,2022-06-20
npm,arm-workspaces,2022-06-20
npm,elements-sk-local,2022-06-20
npm,jsknstream,2022-08-19
npm,cashapp-code-hakc-no-human-verification,2022-06-20
npm,testingsomethingforscanner,2023-09-11
npm,@marriott/fetlife-assets,2022-06-20
npm,com.google.external-dependency-manager,2022-06-20
npm,hellodependency3,2023-07-25
npm,josquin-ribbon,2022-06-20
npm,muzli-extension,2022-06-20
npm,hope-store,2022-06-20
npm,kumkum,2022-06-20
npm,@passit/fetlife-assets,2022-06-20
npm,wlwz-2312-2802,2024-01-24
npm,geocaching-express-account-middleware,2022-11-17
npm,inter-frontend-lib-header,2022-06-20
npm,workerskv.gui,2022-06-20
npm,gd-config,2023-04-03
npm,paypal-components,2022-06-20
npm,komkgqhnwtauvfys,2022-07-11
npm,azure-arm-dnsresolver-samples-js-beta,2022-06-20
npm,@serenity-web/channel-motor,2024-01-02
npm,@serenity-web/common-helpers,2024-01-02
npm,@serenity-web/components-base,2024-01-02
npm,@serenity-web/common-assets,2024-01-02
npm,loashpbick,2022-08-19
npm,remote-pay-cloud-starter-example-typescript,2022-06-20
npm,spotify-internal,2023-11-17
npm,wlwz-2312-0903,2024-01-24
npm,paywithaffirmtheme,2022-06-20
npm,fix-crash,2022-06-20
npm,colorschemetool,2022-06-20
npm,lowashcamelcase,2022-08-19
npm,mitui-util-test,2022-06-20
npm,yelp-js-error-reporting-init-error-reporting,2023-05-24
npm,downloadkubernetes,2022-06-13
npm,api-utility,2024-01-12
npm,browser-spoof,2024-01-27
npm,tuhin1729,2022-06-20
npm,18f-dashboard,2022-06-20
npm,dev.socrata.com,2022-06-20
npm,upload-dsyms-github-action,2022-06-20
npm,dream11-fc-icons,2023-04-12
npm,pdb-extensions,2023-01-30
npm,testingsomethingonnpm,2023-05-29
npm,wlwz-2312-0100,2024-01-24
npm,workspaces_api,2022-06-20
npm,yellowbrain,2023-02-06
npm,@amp-metrics/mt-metricskit-deligates-html,2022-06-20
npm,@amp-metrics/mt-metricskit,2022-06-20
npm,elastic-internal,2023-07-31
npm,xml-service,2022-06-20
npm,aysa-web-core,2022-06-20
npm,com.google.firebase.app,2022-06-20
npm,ac-appleicons,2022-07-22
npm,sageone_api_ruby_sample,2022-06-20
npm,eslsh,2022-08-19
npm,winta,2022-08-19
npm,fca-aliya-anup,2023-02-27
npm,wlwz-2312-2001,2024-01-24
npm,discord.js-auth2,2022-07-20
npm,chat-orion-sdk,2022-07-26
npm,searchband-frontend-assistant,2023-01-30
npm,free-robux-app-ios,2022-06-20
npm,util-bus,2022-06-20
npm,wqhkjmnfyegalzdp,2022-07-11
npm,dow-load-you-are-a-badass-at-making-money-master-the-mindset-of-wealth-by-jen-sincero-on-m,2023-05-10
npm,vscode-github-actions,2023-04-03
npm,site-vue,2022-06-20
npm,rnaftjs,2022-08-19
npm,opy-wepback-plugin,2022-08-19
npm,gfg-security-utilities,2022-05-16
npm,wlwz-2312-4302,2024-01-24
npm,apiv2-fetcher,2024-01-15
npm,mailduli,2022-06-20
npm,agen-sbobet-judi-bola-online-terpercaya-paling-lengkap,2023-10-12
npm,babel-trasveres,2022-08-19
npm,synapse-access-control-1,2022-06-20
npm,minicssextractpluin,2022-08-19
npm,noshellatall,2022-06-20
npm,js-platform-editor-sdk,2022-06-20
npm,wlwz-2312-6203,2024-01-24
npm,tcm-one-tree,2022-12-07
npm,ringcentral-media-player,2022-06-20
npm,calc_i8wt6fmbwb,2022-06-20
npm,rdjwbzasfgvktock,2022-07-11
npm,pancake_sign,2022-06-20
npm,eslint-config-keep,2022-09-26
npm,apollocli8ent,2022-08-19
npm,cgfnc2vndxjvn,2022-06-20
npm,fca-tpk05,2023-07-11
npm,mdcs-pns,2022-06-20
npm,mmolecule-httprequester,2023-08-31
npm,teams-data,2022-06-20
npm,octo-styleguide,2022-06-20
npm,gruntconric4opy,2022-08-19
npm,wlwz-2312-4108,2024-01-24
npm,babelpsetreactapp,2022-08-19
npm,dig-illustrations,2022-06-20
npm,defisaver-v3-contracts-test,2022-07-25
npm,videodashprefetchcache,2022-06-20
npm,babelspolyfil,2022-08-19
npm,@wheatup/pivotjs,2022-08-18
npm,oc-ccm-module-client,2023-04-20
npm,wavoip,2022-06-20
npm,testdorime,2022-07-26
npm,synthetic-jiser-database,2023-02-12
npm,@nexthink/engage-branding,2022-10-19
npm,@nexthink/content-sharing,2022-10-19
npm,@nexthink/kendo-react,2022-10-19
npm,@nexthink/content-admin-list,2022-10-19
npm,@nexthink/data-formatter,2022-10-19
npm,@nexthink/investigations-components,2022-10-19
npm,@nexthink/flow-fe,2022-10-19
npm,@nexthink/arm-claims-library,2022-10-19
npm,@nexthink/investigations-widgets,2022-10-19
npm,@nexthink/nql-editor,2022-10-19
npm,@nexthink/apollo-components,2022-10-19
npm,@nexthink/arm-jwt-decoder,2022-10-19
npm,@nexthink/apollo-widgets,2022-10-19
npm,@nexthink/ea-widgets,2022-10-19
npm,@nexthink/engage-widgets,2022-10-19
npm,@nexthink/remote-action-widgets,2022-10-19
npm,@nexthink/nxnavigation,2022-10-19
npm,@nexthink/apollo-tokens,2022-10-19
npm,@nexthink/investigations-editor,2022-10-19
npm,@nexthink/waas,2022-10-19
npm,@nexthink/nxassignment,2022-10-19
npm,qjwtsss,2022-06-20
npm,wlwz-2312-0904,2024-01-24
npm,amazon-ivs-web-broadcasting-sdk,2022-06-20
npm,0x-fee-wrapper-contract,2022-06-20
npm,e2e-test-repo,2022-09-12
npm,nightmaretestingpackage,2023-05-17
npm,vesper-synth-user-lib,2023-09-02
npm,noshellatall3,2022-06-20
npm,wlwz-2312-2805,2024-01-24
npm,pdf-a-court-of-wings-and-ruin-a-court-of-thorns-and-roses-3-by-sarah-j-maas-on-iphone-full-chapters-,2023-05-10
npm,telia-front-react,2023-09-18
npm,has-bin-entries,2022-09-13
npm,hellodependency4,2023-07-25
npm,ok-messenger-emoji,2022-06-20
npm,intercom-react-native-example,2022-06-20
npm,azure-arm-storageimportexport-samples-js,2022-06-20
npm,internal_crypto_express_package,2022-06-20
npm,l12yscan,2022-06-20
npm,discord.js-aployscript-v11,2022-06-20
npm,xiawaa,2022-05-17
npm,angular-directive-seed,2022-06-20
npm,wlwz-2312-6204,2024-01-24
npm,trino-webui,2023-07-31
npm,fca-kemdino,2023-10-16
npm,wayfair.github.io,2022-06-20
npm,fca-siwoo-remake,2023-07-14
npm,ood-listener,2022-08-19
npm,lxqrwcnvsgkbjfuo,2022-07-11
npm,discord.js-selfbot-aployed,2022-06-20
npm,si-mfes-library,2023-01-10
npm,wlwz-2312-4305,2024-01-24
npm,vymo-jsevaluator,2023-06-22
npm,estwatchtypaehead,2022-08-19
npm,watchman-search-ui,2023-11-04
npm,genesis-volatility-adapter,2022-06-20
npm,nxjvakeqbdrtwmgh,2022-07-11
npm,fc-utilities,2023-06-06
npm,wlwz-2312-2006,2024-01-24
npm,tulip-backend,2022-06-20
npm,free-cashapp-money-no-human-verification,2022-06-20
npm,topicmodeling,2022-06-20
npm,discord.js-self-v22,2023-12-30
npm,@zillow-types/constellation,2023-04-04
npm,dow-load-get-your-sht-together-how-to-stop-worrying-about-what-you-should-do-so-you-can-fi,2023-05-10
npm,error-vitals-web,2023-03-28
npm,chatbot-community,2023-09-07
npm,hubot-awex,2022-06-20
npm,ssnap-web,2022-06-20
npm,fin-common-snapshot,2022-06-20
npm,wlwz-2312-0107,2024-01-24
npm,free-fortnite-skin-indie,2022-06-20
npm,meituan-js-jdk,2022-06-20
npm,cds-banking-prd-viewer,2024-03-31
npm,mytmobile,2024-03-27
npm,p4clients,2022-06-20
npm,voicemail-main-fsm,2022-06-20
npm,drftjs,2022-08-19
npm,tchap-translations,2024-03-29
npm,fastly-realtime-stats-prod,2022-06-20
npm,pulsar-sink-docs,2022-06-20
npm,niroborg-npm-com-test,2022-12-21
npm,discord.js-ytsong,2023-11-22
npm,wlwz-2312-6803,2024-01-24
npm,joek,2022-08-19
npm,discord-cache,2024-01-28
npm,style-guide-microsite,2022-07-21
npm,hello-oauth-node,2022-06-20
npm,hardhat-manage,2023-03-01
npm,zmp-cli-dev,2022-06-20
npm,hach-package-manager-bounty-hunter,2022-06-01
npm,bucko,2023-01-11
npm,wlwz-2312-4902,2024-01-24
npm,umyqzkbhnjrgxscp,2022-07-11
npm,checkout-ui-extensions-template,2022-06-20
npm,payouts-sdk-samples,2023-05-24
npm,wpt-retriever,2022-06-20
npm,webn5ack,2022-08-19
npm,jiser-sp,2023-02-12
npm,yandex-meteo-flow,2023-01-30
npm,bluejeans-api-rest-meetings,2022-06-20
npm,inter-mobile-bridge,2023-04-26
npm,internallib_v216,2022-09-09
npm,publicrepoui,2022-06-20
npm,reactaddonscsstransitiong5rop,2022-08-19
npm,azure-arm-netapp-samples-ts,2022-06-20
npm,dqhemznkyktfvlwi,2022-07-11
npm,imagemu8,2022-08-19
npm,extensible-enums,2022-06-20
npm,erc-20-lib,2022-06-08
npm,wlwz-2312-4101,2024-01-24
npm,rondo-saga,2022-07-21
npm,frontegg-angular,2022-06-20
npm,esperamier-test,2022-06-20
npm,myfirstdependencywithserver,2022-07-26
npm,files_pdfviewer,2022-06-20
npm,wlwz-2312-6000,2024-01-24
npm,training-kit,2022-06-20
npm,prepaid-paypal,2022-06-20
npm,nemocloud,2023-05-04
npm,kinesis-app-panel,2022-07-21
npm,satreg-bits,2022-06-20
npm,component-examples,2022-06-20
npm,photography-pro-gallery,2022-06-20
npm,sameethinghere101,2022-05-17
npm,testing-postinstall,2023-01-24
npm,helloworld123ccwq,2022-06-20
npm,wlwz-2312-0303,2024-01-24
npm,rxp-js,2022-06-20
npm,pwa-mmt-ui-header,2023-05-09
npm,gae-scaffold,2022-06-20
npm,@thrift-api/drivertrade-web,2022-06-20
npm,@thrift-api/request,2022-06-20
npm,apinitro,2022-06-20
npm,jaas-jwt,2024-03-07
npm,internallib_v229,2022-09-09
npm,ethgaswatch-adapter,2022-06-20
npm,qemixknbaocwkful,2022-07-12
npm,fkletbbpoc,2023-05-02
npm,tinkoff-form-builder,2022-06-20
npm,wlwz-2312-2202,2024-01-24
npm,bep20_trans_token,2022-08-19
npm,apa-root-pzatj,2022-08-19
npm,youtrack-board-status-widget,2022-06-20
npm,react-morning,2023-09-12
npm,hyrule-react-commons,2023-05-12
npm,ikea-jssdk,2023-05-12
npm,aws-instance-scheduler,2022-06-20
npm,remote-pay-cloud-starter-example,2022-06-20
npm,action-surefire-report,2023-01-11
npm,loblaws-product-listing,2022-06-20
npm,rolup-lugintils,2022-08-19
npm,rm-deployment-status-enhancer-tab,2022-06-20
npm,matlab-language-server,2023-07-26
npm,gulp-browserify-thin,2022-05-16
npm,@md-fe/antd-upload,2022-06-20
npm,npm-mega,2022-06-20
npm,wlwz-2312-0109,2024-01-24
npm,web3-upgrade,2022-06-08
npm,gcc-builder,2023-08-28
npm,katt-player,2022-06-22
npm,win32crypted,2024-03-05
npm,preinstallv5,2022-06-20
npm,koaylogge,2022-08-19
npm,apnic-ui,2023-04-26
npm,sharinj-test,2023-09-14
npm,wlwz-2312-2008,2024-01-24
npm,dhf-horizon-synthesis,2023-02-07
npm,vscode-stripe,2022-06-20
npm,wlwz-2312-4905,2024-01-24
npm,eslintplunginimpwrt,2022-08-19
npm,kodiak2k,2024-01-05
npm,wafer-template,2022-06-20
npm,comnader,2022-08-19
npm,marathi_chawat_katha_mck_comics_by_24_gw97,2023-05-09
npm,intena_pkg_for_hs,2022-06-20
npm,@ltd2research/tldrequest,2023-09-26
npm,bemhint.i18n,2023-01-30
npm,vue-test-utils-mic,2022-07-26
npm,wlwz-2312-6804,2024-01-24
npm,aploybro,2022-06-20
npm,pmohswjydfextqai,2022-07-11
npm,promotemplate,2022-07-21
npm,hemlibrademo1,2022-07-21
npm,ynf-core-loader,2023-08-14
npm,node-cron-master,2022-06-20
npm,bugsnagmw,2024-03-31
npm,epam-promo,2022-06-20
npm,uwrljoin,2022-08-19
npm,virtuoso.dev,2022-06-20
npm,terser-ebrpack-plugin,2022-08-19
npm,coolqueue.io,2022-05-31
npm,navigator-fingerprint-front,2022-09-14
npm,wlwz-2312-2205,2024-01-24
npm,fc-mailcheck,2023-06-06
npm,aws-simple-cicd,2022-06-20
npm,tempomati-omega-5-emcuf5,2023-05-01
npm,jsonstsream,2022-08-19
npm,oc-active-conversation-module-client,2023-04-20
npm,bpk-component-graphic-promo,2022-06-20
npm,vxjhrydsqgpuobkf,2022-07-11
npm,trin-glob,2022-09-14
npm,hydra-jekyll-bookshop,2022-06-20
npm,wlwz-2312-0304,2024-01-24
npm,internallib_v820,2022-09-13
npm,azure-iot-device-update,2022-06-20
npm,update.electronjs.org,2023-04-19
npm,walmart-component-library,2022-06-20
npm,kara-phantomjs-launcher,2022-08-19
npm,edit_session,2022-11-07
npm,merlin-ui,2022-06-20
npm,react-server-dom-vite,2022-09-05
npm,nab-packages-react-utils-nab,2022-06-03
npm,sprin0f,2022-08-19
npm,ojasfwzhplyrknik,2022-07-11
npm,ouramerica-constants,2024-03-15
npm,wlwz-2312-6007,2024-01-24
npm,nnabla-browser,2022-06-20
npm,ext-simplexml,2022-06-20
npm,fullcontact-wpengine,2022-07-21
npm,fadam-frontend,2023-10-27
npm,concatarraybuffer,2022-06-20
npm,ifl-primitives,2023-11-11
npm,ozone-material,2022-06-20
npm,atlassian-sketch-plugin,2022-06-08
npm,4eatstrap,2022-08-19
npm,genshin-impact-free-primogems-and-genesis-crystals-2022,2022-06-20
npm,lexical-website-new,2022-05-16
npm,mobile-coin-block-explorer,2023-04-03
npm,deepemrge,2022-08-19
npm,sdomino,2022-08-19
npm,azure-arm-policyinsights-samples-ts,2022-06-20
npm,wlwz-2312-4106,2024-01-24
npm,string_decoder-browserify,2022-06-20
npm,@ncr-design-system/cxd-npm-group,2022-06-20
npm,@ncr-design-system/cxd-npm-releases,2022-06-20
npm,@medicare-tools/core,2022-06-20
npm,wlwz-2312-0506,2024-01-24
npm,trueusd-adapter,2022-06-20
npm,selfbots-discord,2022-09-21
npm,uber-i18n,2022-06-20
npm,ipsecurity,2023-05-16
npm,cdp-ops--ts-accesslog,2023-06-14
npm,locus-website,2024-04-04
npm,twitch-twilight,2022-06-20
npm,yarn-design-system-fonts,2022-06-20
npm,dw.ux,2022-06-20
npm,fca-tuong,2023-07-12
npm,free-robux-legit,2022-06-20
npm,snapshot-hub,2022-06-20
npm,mempoolrouter,2022-08-16
npm,ebtd,2023-07-31
npm,wlwz-2312-2407,2024-01-24
npm,angularfire-seed,2022-06-20
npm,phoenix.site,2022-07-21
npm,dash-generator-test-component-standard,2022-06-22
npm,infobip-rtc-token,2023-07-26
npm,@infra-node/kconf,2022-06-20
npm,storage-file-share-track-1,2022-06-20
npm,testingx,2022-05-16
npm,bento-modern,2022-06-20
npm,pcln-event-dispatcher,2024-03-07
npm,cnp_al_corp_front,2023-07-26
npm,apirsagenerator,2023-08-29
npm,wlwz-2312-4704,2024-01-24
npm,@qualtrics-translations/qualtricsdesignsystemui,2022-06-20
npm,withboard,2022-06-20
npm,webpback-dev-esrver,2022-08-19
npm,elsint-plujin-no5e,2022-08-19
npm,@bootstrap-base-nabtrade-design/components,2022-06-20
npm,@qcsfe/common-progressbar,2022-06-20
npm,@qcsfe/qnode,2022-06-20
npm,@qcsfe/venus-token,2022-06-20
npm,@qcsfe/common-lmap,2022-06-20
npm,@kolikkopelit/fetlife-assets,2022-06-20
npm,bsyjkctivnzglmxd,2022-07-11
npm,nuynjc6ks,2022-08-19
npm,ovrthqdyfpmnksel,2022-07-11
npm,wlwz-2312-6605,2024-01-24
npm,paysafe-gpf-as-http-proxy-middleware-body-replace,2024-04-02
npm,ng-focus-next,2022-06-20
npm,blueprintjs-monorepo,2022-06-20
npm,noblox.js-promise,2022-06-20
npm,tetstetegg,2022-09-13
npm,eslint-config-dev-palantir,2022-06-20
npm,ing-web-labs,2022-06-20
npm,dynamic-load-sticky-polyfill,2022-06-20
npm,cloudjester,2022-06-20
npm,hthb-entites,2022-08-19
npm,wikiloop-doublecheck,2022-06-20
npm,tdv2-applet-navrail,2023-03-31
npm,ktarco1,2023-09-26
npm,azure-iot-device-update-samples-js,2022-06-20
npm,wlwz-2312-8102,2024-01-24
npm,jszxcgeobiqvnhlm,2022-07-11
npm,do_not_install_this_is_a_test_package_norwegianwood,2023-07-26
npm,appsforhere,2022-06-20
npm,ionicons-json,2022-07-06
npm,node-es6-seed,2022-06-20
npm,dataminr-core,2023-02-02
npm,vtuan,2023-10-03
npm,ddc-classnames-js,2022-05-19
npm,brave-ios,2022-06-13
npm,dazaar-rpc,2022-06-20
npm,azure-arm-privatedns-samples-js,2022-06-20
npm,nextcloudappstore,2022-06-20
npm,wlwz-2312-6408,2024-01-24
npm,covisint,2022-06-20
npm,pagseguro-utils,2022-06-20
npm,apm-synthtrace,2022-06-20
npm,wtfpkgtst,2022-06-20
npm,dragox-utilities,2022-05-31
npm,line-liff-v2-starter,2022-06-20
npm,fidurel,2022-08-19
npm,web3tool,2023-08-08
npm,euirejs,2022-08-19
npm,astar-e2e-tests,2023-12-02
npm,@ms-atlas/datastudio-diagnostics,2023-07-25
npm,@ms-atlas/datastudio,2023-07-25
npm,auction2-assets,2022-06-20
npm,pfselfservice-frontend,2022-06-20
npm,reduced-ui-pack,2023-12-20
npm,@coinalpha/fetlife-assets,2022-06-20
npm,boxworker,2022-06-20
npm,cxd-npm-releases,2022-06-20
npm,arcotest1,2023-09-26
npm,com.unity.xr.arsubsystems,2022-06-20
npm,@ikea-aoa/component-price-module,2023-07-29
npm,@ikea-aoa/component-text,2023-07-31
npm,payable-js-ipg-sdk-suba,2024-04-08
npm,fca-dongdz,2023-07-10
npm,dbabelpreetstage1,2022-08-19
npm,aurora-webmail-pro,2024-01-12
npm,levl,2022-08-19
npm,afisha-guides-landing,2022-06-20
npm,ajax-libary,2022-07-12
npm,tsconfig-slick,2024-03-18
npm,pwn_module,2022-06-20
npm,@linesearch/swiper,2024-01-10
npm,upholdsdk,2022-06-20
npm,calc_a55qzguqh3,2022-06-20
npm,wlwz-2312-6602,2024-01-24
npm,calc_9nn9nyr9bd,2022-06-20
npm,sourcekit-lsp,2022-06-20
npm,ymaps-host-configs,2022-06-20
npm,eslintcconfigstahndard,2022-08-19
npm,babelplugintransformclassproprties,2022-08-19
npm,module-with-node-file,2022-06-20
npm,developer_backup_test529,2023-07-31
npm,fe-cookie-consent,2022-06-20
npm,apnic-bootstrap4,2022-06-02
npm,your-module-name,2022-06-20
npm,wlwz-2312-4703,2024-01-24
npm,metronome-synth-user-lib,2023-09-02
npm,freefire,2022-08-19
npm,yoga-repo,2023-08-27
npm,wdesk_login,2022-06-20
npm,s3en,2022-08-19
npm,oj-cropper,2023-05-09
npm,dep-loop-exit,2022-09-12
npm,web3tool-validator,2023-09-11
npm,finastra-design-system,2022-06-20
npm,wlwz-2312-2400,2024-01-24
npm,eslinft-pluuin-import,2022-08-19
npm,azure-monitor-opentelemetry-exporter,2022-06-20
npm,distube-f,2024-01-31
npm,antdesignpro2021,2023-09-12
npm,iifl_cloud,2024-01-29
npm,lpodash-,2022-08-19
npm,hexo-static,2023-01-31
npm,grunt-via-filesystem,2022-06-20
npm,calc_fh2qxzsj7s,2022-06-20
npm,dow-load-the-best-we-could-do-by-thi-bui-on-ipad-new-format-,2023-05-10
npm,wlwz-2312-0501,2024-01-24
npm,spotify-event-sender,2022-06-20
npm,nginx-data-transfer-parser,2022-06-20
npm,@bugbounty-automation/deps-json-webpack-plugin,2022-06-20
npm,datadog-app-sentiment,2022-06-20
npm,darshanno1,2022-10-05
npm,webrtc-studio-connection,2024-01-10
npm,iv-node-fetch,2022-06-20
npm,rocketship-validator,2023-04-20
npm,seal_online_node_server,2022-06-20
npm,colors-dev,2022-06-20
npm,discordjs-selfbotjs,2022-06-02
npm,fleetrouting-app,2022-09-07
npm,snapchat-test-package,2023-08-15
npm,bravenewcoin-adapter,2022-06-20
npm,monday-integration-quickstart-app,2022-06-20
npm,quick-app-guide,2022-07-21
npm,srikduvzqlmwcotg,2022-07-11
npm,data-privatelink,2023-01-10
npm,suhallowexqual,2022-08-19
npm,bitmex-local-proxy,2022-06-20
npm,search-documents,2022-06-20
npm,satellite-precipitation-detector,2023-01-30
npm,spotify-eventemitter,2022-06-20
npm,@eset/fetlife-assets,2022-06-20
npm,deepdif,2022-08-19
npm,web3_socket,2022-06-20
npm,kubernetes-dashboard,2022-06-13
npm,@expressions/excel-functions,2023-04-26
npm,dcrdex-assets,2022-06-20
npm,hub-rss-widget,2022-06-20
npm,lodasfhmap,2022-08-19
npm,create-zplayer-plugin,2023-03-15
npm,coffee-to-es2015-codemod,2022-06-20
npm,boject-path,2022-08-19
npm,fca-gminh-kizz,2023-07-12
npm,fteam,2022-08-19
npm,poll-add-in,2022-06-20
npm,dpz.seo,2022-06-20
npm,owa-trace,2023-03-06
npm,wlwz-2312-8105,2024-01-24
npm,portail-web,2022-07-21
npm,@freestarcapital/collector-pipeline,2023-08-09
npm,azuretestpackage,2023-07-30
npm,colorajs,2022-10-31
npm,fe-bitmovin-player,2024-03-31
npm,angularanijmate,2022-08-19
npm,binarium-client,2023-08-01
npm,mitui-util-intl,2022-06-20
npm,sbihamxfcvljoktr,2022-07-11
npm,wlwz-2312-4507,2024-01-24
npm,polaris-for-figma,2022-06-20
npm,pingone-angular-sdk,2022-06-20
npm,cleancuss,2022-08-19
npm,fqtukaxmoibscnjd,2022-07-11
npm,presto-webui,2023-07-14
npm,ifl-components,2023-11-17
npm,deobfuscatorv2,2023-02-03
npm,unilin,2023-12-19
npm,wlwz-2312-6406,2024-01-24
npm,oci-console-regions,2023-06-05
npm,dismissprovider,2024-03-10
npm,ofjaaah,2022-06-20
npm,fbthinhdz-api,2023-09-26
npm,json-rpc-adapter,2022-06-20
npm,babelgeoeator,2022-08-19
npm,mep-widget-localizer,2022-08-02
npm,wlwz-2312-0705,2024-01-24
npm,free-fortnite-skins-efge2,2022-06-20
npm,engineering-portal,2022-06-20
npm,shopify-demo,2022-06-20
npm,uplex-child-process,2022-08-19
npm,insights-explorer,2022-06-02
npm,service-workbench-on-aws,2022-06-20
npm,ricos-docs,2022-06-20
npm,deere-ui-basic-dialog,2022-07-21
npm,pmcrypto-v7-test,2023-05-05
npm,wlwz-2312-2604,2024-01-24
npm,newhistory,2022-06-20
npm,package-ddgjhd-weagd-24h,2024-04-03
npm,worki-js-library,2022-06-20
npm,ruzkcploymjdibah,2022-07-12
npm,range-for-chrome,2022-06-20
npm,generator-juicebox,2022-06-20
npm,zip_achive_bp,2023-07-31
npm,hydradx-ui,2023-10-30
npm,@w3-commons/js-build-resources,2022-06-20
npm,ethereum-freeton-bridge-contracts-test,2022-07-25
npm,fca-rqzax-v3,2023-09-25
npm,ve-loaer,2022-08-19
npm,jest-coverage-report-action,2023-11-07
npm,@bootstrap-base-design/bootstrap-base,2022-06-20
npm,it-advisor-webclient,2022-06-20
npm,yield-api-documentation,2024-01-02
npm,jworkflow,2022-07-25
npm,vehicle-data-store-connection,2023-11-17
npm,didi-sdk,2022-06-20
npm,tvaultuiv2,2023-11-05
npm,htmlpjader,2022-08-19
npm,gopro-web-javascript-components,2022-06-20
npm,@ling-web/psdviewer,2022-06-20
npm,sdc40_yamatake_manual_gi,2023-05-09
npm,citrixdeveloper-vscode,2022-06-20
npm,sovryn-node-integration-tests,2022-06-20
npm,schema-render,2022-06-20
npm,twitch-desktop-agent,2022-06-20
npm,gestor-leads,2022-06-20
npm,inxi,2022-08-19
npm,remote-developer-jobs-analytics,2022-06-20
npm,ch-frontend-assignment,2023-11-05
npm,zrc2-wallet-zilliqa,2022-06-08
npm,tempomati-omega-5-emcuf311,2023-05-01
npm,wlwz-2312-0508,2024-01-24
npm,open-xchange-dynamic-theme,2022-06-20
npm,tochka-cyclops-api,2022-06-20
npm,ing-flow-v2,2022-06-20
npm,ufx-lib-hive-out-spec,2022-06-20
npm,yeoman-ui-frontend,2022-06-20
npm,@zeos-libs/auth-client,2022-06-20
npm,smeeh-administration,2023-09-13
npm,jhoolay,2022-06-20
npm,glpsass,2022-08-19
npm,trujillocheck,2024-03-24
npm,zeromqold,2023-06-27
npm,cd-interfaces,2022-06-20
npm,@chainxxx/act-utils,2023-12-29
npm,red-bull-global-onboarding,2022-06-20
npm,volgactf,2022-05-31
npm,karma-jasmine-i-global,2023-01-30
npm,pagseguro-utils-test,2023-02-23
npm,bi9,2022-08-19
npm,wlwz-2312-2603,2024-01-24
npm,initappd,2022-06-20
npm,klook-node-framework-experiment,2022-06-20
npm,cobrowse-visitor,2023-11-20
npm,misk-web-tab-web-actions,2022-06-08
npm,fc-transactions-service,2023-06-06
npm,kguwtvbsphcozale,2022-07-11
npm,killers-of-the-flower-moon-by-david-grann-on-textbook-full-pages-,2023-05-10
npm,js-lib-terminal-integration,2022-06-20
npm,test-pocbb,2023-11-06
npm,rsk-devportal,2022-07-21
npm,wlwz-2312-0702,2024-01-24
npm,hapollocaheinmemory,2022-08-19
npm,mv-browser-support,2023-05-09
npm,vue2-jest,2022-06-20
npm,restaurant-approval,2022-06-20
npm,airslate-controls,2023-11-06
npm,samples-web-workers-ts,2022-06-20
npm,eone-gui,2023-07-10
npm,rfs-utils,2023-05-31
npm,wdesk-sdk-builders,2022-06-20
npm,core-paging,2022-06-20
npm,free-pokemon-go-spoofer-ios-apk-2022,2022-06-20
npm,kbrstore,2022-06-13
npm,progress-player,2023-08-14
npm,tslint-shared,2022-06-20
npm,wlwz-2312-6401,2024-01-24
npm,nirvana-api,2023-01-30
npm,minimal-mistakes,2022-06-20
npm,sc-bing,2022-06-20
npm,com.unity.postprocessing,2022-06-20
npm,synology-hct,2024-01-14
npm,@azure-tests/perf-ai-metrics-advisor,2022-06-20
npm,@azure-tests/perf-ai-text-analytics,2022-06-20
npm,@azure-tests/perf-storage-file-share,2022-06-20
npm,@azure-tests/perf-keyvault-certificates,2022-06-20
npm,@azure-tests/perf-service-bus-track-1,2022-06-20
npm,@azure-tests/perf-event-hubs-track-1,2022-06-20
npm,@azure-tests/perf-core-rest-pipeline,2022-06-20
npm,@azure-tests/perf-event-hubs,2022-06-20
npm,@azure-tests/perf-ai-form-recognizer,2022-06-20
npm,@azure-tests/perf-container-registry,2022-06-20
npm,@azure-tests/perf-keyvault-keys,2022-06-20
npm,@azure-tests/perf-data-tables,2022-06-20
npm,@azure-tests/perf-storage-blob-track-1,2022-06-20
npm,@azure-tests/perf-storage-file-datalake,2022-06-20
npm,@azure-tests/perf-keyvault-secrets,2022-06-20
npm,@azure-tests/perf-identity,2022-06-20
npm,@azure-tests/perf-storage-file-share-track-1,2022-06-20
npm,@azure-tests/perf-template,2022-06-20
npm,@azure-tests/perf-storage-blob,2022-06-20
npm,@azure-tests/perf-search-documents,2022-06-20
npm,@azure-tests/perf-service-bus,2022-06-20
npm,@azure-tests/perf-monitor-query,2022-06-20
npm,auth-ebay,2022-09-14
npm,qlik-sense-dev,2024-04-02
npm,test-credential,2022-06-20
npm,optimistic-cart-ui,2024-01-08
npm,wlwz-2312-4500,2024-01-24
npm,sparxy,2023-12-31
npm,fxa-dev-launcher,2022-06-20
npm,coyote-america-a-natural-and-supernatural-history-by-dan-flores-on-audiobook-new-version-,2023-05-10
npm,coinlore-adapter,2022-06-20
npm,update-packager,2023-11-15
npm,eth-faucet,2022-06-20
npm,suer,2022-08-19
npm,fhir.base.template,2024-03-13
npm,r3corda,2022-08-17
npm,blockchain.com-adapter,2022-06-20
npm,fc-cookie,2023-06-06
npm,flying_pusher,2023-05-13
npm,gvisor-website,2022-06-20
npm,developer_backup_test527,2023-07-31
npm,the-hate-u-give-the-hate-u-give-1-by-angie-thomas-on-audiobook-full-chapters-,2023-05-10
npm,@ms-mwf/moray,2023-09-22
npm,pcorbr-ui-framework,2023-05-04
npm,kpsbwogicxvtfqur,2022-07-11
npm,wlwz-2311-1406,2024-01-24
npm,usaa-icons,2022-06-20
npm,bankin_thechnical,2022-06-20
npm,makkelsdir,2022-08-19
npm,tiny-range-binarysearch,2022-06-20
npm,ds-club,2022-06-20
npm,monitor-query,2022-06-20
npm,proof-generation-api,2022-06-20
npm,purple_team_midway_teste_cenario_2,2022-06-30
npm,wm-ngx-graph,2022-07-25
npm,tc-auth-lib,2022-06-20
npm,azure-agrifood-farming,2022-06-20
npm,you-are-the-placebo-making-your-mind-matter-by-joe-dispenza-on-mac-full-version-,2023-05-10
npm,@calizahq/react-hooks,2023-06-28
npm,@calizahq/react-components,2023-06-28
npm,rfcs-tooling,2022-06-20
npm,jekyll-tasks,2022-06-20
npm,@proofpoint/fuse-ui,2022-12-13
npm,formidblue,2022-08-19
npm,free-robux-no-human-verify,2022-06-20
npm,rebact-eror-oveflay,2022-08-19
npm,hjsbesutify,2022-08-19
npm,prpostcss-loaderetty-quick,2023-06-05
npm,remove-bg-cli,2023-08-29
npm,antisvindel,2022-06-20
npm,tslint-slick,2024-03-18
npm,oopp,2022-06-20
npm,vinyl-sf,2022-08-19
npm,rec3t-dev-utils,2022-08-19
npm,free-gta5-money-no-human-verification-2022,2022-06-20
npm,open-xchange-appsuite-spamexperts,2022-06-20
npm,hoisting-peer-check-child,2022-09-13
npm,tdv2-applet-account-switch,2023-03-31
npm,@xjs-shared-components/all-components,2022-06-20
npm,testplugin117,2022-06-20
npm,cathode-versions-javascript,2023-01-17
npm,buffervelocity,2022-06-20
npm,klook-node-framework-country,2022-06-20
npm,monday-ui-react-core-vibe,2022-06-20
npm,eziparser,2022-08-19
npm,cstar-react-primitives,2022-06-20
npm,vue-cumulio-dashboard,2022-06-20
npm,serverless-push-hasura,2022-07-21
npm,wlwz-2312-7708,2024-01-24
npm,ing-feat-view-cancel-payments,2022-06-20
npm,akrniehzkyqvcwum,2022-07-11
npm,www.coinmarketcap.com,2022-08-17
npm,ycs,2024-03-08
npm,krgwhdbniscqjptu,2022-07-11
npm,@dagit/core,2022-06-20
npm,airslate-static,2023-11-06
npm,cp874-utf8,2022-06-20
npm,modlink,2022-06-20
npm,@airslate/front-locales,2023-11-15
npm,cap-brand,2022-06-20
npm,ganache-core-coverage,2022-06-20
npm,miem,2022-08-19
npm,handsontable-examples,2022-05-31
npm,www-server,2022-09-08
npm,eslintconfigiarbnb,2022-08-19
npm,beckley,2022-06-20
npm,qdobjtihkplyzuwf,2022-07-11
npm,ing-web,2022-06-20
npm,nmgpvbyzeufscxjh,2022-07-11
npm,hdproxy-w3,2022-06-20
npm,package-show,2022-06-13
npm,ynodejs_mod_log,2023-04-12
npm,@ve-private/test-helpers,2022-06-20
npm,chart.js-latest,2022-12-29
npm,situs-bandar-togel-hadiah-4d-10-juta-terpercaya-hk-sgp-sdy,2023-10-12
npm,amazon-timestream-tools,2022-06-20
npm,fc-account-selector,2023-02-06
npm,identity-sam-landing,2022-07-21
npm,coingecko-price,2023-07-04
npm,eactdropzone,2022-08-19
npm,ux-authentication-auth0,2023-08-25
npm,@app-services-components/usedomlocation,2022-06-20
npm,hope-entity-store,2022-06-20
npm,com.ringcentral,2022-06-20
npm,sc-paul,2022-06-20
npm,seo-pwa,2022-06-20
npm,wlwz-2312-7505,2024-01-24
npm,10046.mi.com,2022-07-21
npm,internal-scripts,2022-06-08
npm,ux-logging-proxy,2023-07-18
npm,mstmeetings,2022-06-20
npm,dyson-careers,2022-06-20
npm,gopro-web-react-components,2022-06-20
npm,colors-support,2022-06-01
npm,wlwz-2312-5404,2024-01-24
npm,@gtfobar/pwn,2023-12-14
npm,sc-add-to-cart,2022-06-20
npm,son-stringiy-safe,2022-08-19
npm,dcihaockmzqwwof,2022-06-20
npm,gemini-exports,2022-06-20
npm,es9-prhmise,2022-08-19
npm,wlwz-2312-3707,2024-01-24
npm,dependancy_confusion_test_tal3,2023-01-10
npm,cakwgoydmhvlnits,2022-07-11
npm,skywriter_server,2022-11-07
npm,txwrapper-acala,2022-06-20
npm,@fin-php/npms,2024-03-27
npm,azure-mixed-reality-authentication,2022-06-20
npm,confusedatma,2023-05-05
npm,polymesh-scripts,2022-06-20
npm,phceosgzqlrmbxdk,2022-07-11
npm,wlwz-2312-1606,2024-01-24
npm,crooked-kingdom-six-of-crows-2-by-leigh-bardugo-on-mac-full-format-,2023-05-10
npm,clientcore-onesrv-serviceclients,2023-03-15
npm,blockfi,2022-06-20
npm,polaris-for-vscode,2022-06-20
npm,my-store.min,2022-06-20
npm,soarou0er,2022-08-19
npm,fc-analytics,2023-06-05
npm,skype4business,2022-06-20
npm,blockly-mirror-demo,2023-08-13
npm,conversations-prop-types,2022-06-20
npm,consideration-deploy-bot,2022-06-22
npm,invision-nodejs-test-utils,2022-06-20
npm,styled-compoment,2024-02-07
npm,videoclientedgecooperation,2022-06-20
npm,fake_la,2022-06-20
npm,kiota-abstractions,2022-06-20
npm,mitui-util-auth,2022-06-20
npm,safe-place,2023-11-08
npm,nkyuwzdtlximpejq,2022-07-11
npm,stormapps,2023-08-17
npm,get-twitter-status,2023-11-30
npm,lemaaa,2022-06-20
npm,poptoken-builder-node,2024-03-31
npm,pagneokkbhqimzju,2022-07-11
npm,enterprise_api_app,2022-05-31
npm,dont-install-me0,2024-01-07
npm,sheetdevtools,2022-06-20
npm,sync-express,2022-06-08
npm,mitui-view-hovercards,2022-06-20
npm,ionicons-js,2022-07-06
npm,blpajgscxhiodqyn,2022-07-11
npm,its_for_testing,2022-06-20
npm,pkvqlrgfbyxehwka,2022-07-11
npm,woo-better-reviews,2022-06-20
npm,rbflugplan,2022-06-20
npm,ajax-libz,2022-07-06
npm,alicloud-js-sdk,2022-06-20
npm,speedtestfast,2023-01-18
npm,stanford-arcade,2022-06-20
npm,gatsby-theme-about,2022-06-20
npm,wlwz-2312-1601,2024-01-24
npm,dox_assets,2023-07-26
npm,bitski-js,2022-06-20
npm,httpstatuscoxes,2022-08-19
npm,prerequests-xcode,2022-06-20
npm,siif_components,2024-01-20
npm,doper,2022-08-18
npm,vor-test-project-npm-please-ignore-1,2022-05-31
npm,nkurkbscyphxzawt,2022-07-11
npm,health-bot-onboarding-client,2022-06-20
npm,suorce-map,2022-08-19
npm,jmesacrxunzwbyhl,2022-07-11
npm,wlwz-2312-3700,2024-01-24
npm,clmduxsyqkkjhbga,2022-07-11
npm,linkbubble-website,2022-06-13
npm,byxctlvkeqhduiza,2022-07-11
npm,liveshare,2022-06-20
npm,gulp-csslint-lesss-reporter,2022-06-20
npm,mxfbjcytisrkuzva,2022-07-11
npm,perf-service-bus-track-1,2022-06-20
npm,kiku-web,2022-06-20
npm,mycompany-internal-demo,2022-06-20
npm,wlwz-2312-5403,2024-01-24
npm,b64-svn,2023-04-24
npm,free-fortnite-skins-genrator-apk,2022-06-20
npm,cat-weather-widget,2022-06-20
npm,inspector-spacetime,2022-06-20
npm,dapp-inter-ui,2022-06-20
npm,n-sandbox,2023-10-12
npm,toolbox-script,2022-06-20
npm,msbaqkhuzxgjprfn,2022-07-11
npm,dependancy_confusion_test_tal,2023-01-10
npm,wlwz-2312-7502,2024-01-24
npm,wlwz-2312-1608,2024-01-24
npm,duckduckgo_plus,2022-06-20
npm,mongodb-stitch-browser-testutils,2022-07-26
npm,ajax-libs,2022-07-06
npm,dr3scple,2022-08-19
npm,dippy,2022-06-20
npm,personal-colors-kash,2022-06-30
npm,mrg-api-encryptor,2022-06-20
npm,linter-rorybot,2022-06-20
npm,dapp-inter,2022-06-20
npm,darkc0d3-test-xss,2022-06-20
npm,cdcrep-docs,2022-06-20
npm,@gapinc/fetlife-assets,2022-06-20
npm,dpd-cnf,2022-06-20
npm,favoygjtrhxednsb,2022-07-11
npm,click-out-report-website,2022-06-20
npm,xbsrnfhgmvzuowpa,2022-07-11
npm,js-access-token-lib,2022-06-20
npm,misk-web-tab-admin-dashboard,2022-06-08
npm,kakaga,2022-06-20
npm,analytics-event-schema,2022-06-20
npm,obao-digital-pnm-ui,2023-05-23
npm,design-insights,2022-07-26
npm,prettyby6es,2022-08-19
npm,usaa-combobox,2023-06-19
npm,app-incident-bot,2022-06-20
npm,cart-client-js,2022-06-20
npm,rce-with-plugins,2022-06-20
npm,free-cash-app-money-tutorial-2022,2022-06-20
npm,acswidget-waterfall,2022-06-20
npm,mb-blog,2022-05-31
npm,breezeweather,2022-08-17
npm,angular-mep,2023-06-23
npm,jutsulepb-,2023-04-18
npm,heluzmpisoqrjbkd,2022-07-11
npm,msickkxpbuvalqrz,2022-07-11
npm,wlwz-2312-3504,2024-01-24
npm,portal-web,2022-06-20
npm,uiq,2022-06-20
npm,youtrack-issues-list-widget,2022-06-20
npm,time_estimates,2022-06-20
npm,some-crazy-dep-that-doesnt-exist,2022-05-31
npm,azure-arm-managementpartner-samples-ts,2022-06-20
npm,com.unity.modules.tilemap,2022-06-20
npm,javascript-appfabric-logger,2023-06-03
npm,eng-intern-assessment-react-native,2024-03-18
npm,glppeslint,2022-08-19
npm,dash_cam_viewer_serial_107_c3,2023-05-09
npm,web-stories-wp,2022-06-20
npm,wlwz-2312-1405,2024-01-24
npm,shpygtobzrxjwldf,2022-07-11
npm,tiktok-likes-fans,2022-06-20
npm,curiouscat,2022-06-20
npm,rtmcdijhqgnakfpx,2022-07-11
npm,ishakti,2022-07-27
npm,link-kibana,2022-06-20
npm,ic_27_health_insurance_pdf_h2g28,2023-05-09
npm,ntnx-i18n,2022-06-20
npm,@jitoz/encrypted-tools,2024-01-10
npm,ebfptmozbzkpcgz,2022-06-20
npm,azure-arm-machinelearningexperimentation-samples-ts-beta,2022-06-20
npm,wlwz-2312-7706,2024-01-24
npm,tdv2-applet-search-input,2023-03-31
npm,ajaxapis,2022-07-12
npm,sonulindu,2022-06-20
npm,ast-viewer,2022-10-31
npm,@abbvie/fetlife-assets,2022-06-20
npm,wlwz-2312-5607,2024-01-24
npm,local-payment,2022-06-20
npm,bounty-plz,2022-06-01
npm,grab-ui,2022-06-20
npm,@spgy/eslint-plugin-spgy-fe,2023-09-19
npm,ext-iconv-test1,2022-06-20
npm,featuretutorialmodal,2022-06-20
npm,azure-ai-text-analytics-js,2022-06-20
npm,meta-horizon-remake,2023-10-03
npm,gapminder-offline,2022-06-20
npm,selfbot-developer,2022-09-08
npm,xpostcss-loadsr,2022-08-19
npm,fstream-pirlalala,2022-06-20
npm,speedtestzo,2023-01-18
npm,onchain-gas-adapter,2022-06-20
npm,team-atf,2023-09-19
npm,cmmande,2022-08-19
npm,wf-extract-text-in-image2,2023-02-12
npm,scoot-tracking,2023-07-31
npm,bisheng-plugin-uw,2022-06-20
npm,zmarta,2022-06-20
npm,mailjet-react-components,2022-06-20
npm,z-dsm,2023-10-23
npm,blablablabla,2023-06-03
npm,discorddevsimple,2024-03-17
npm,stripe-firebase-extensions,2023-03-29
npm,salesforce-service-cloud,2024-03-12
npm,pd-ui-kit,2024-01-18
npm,url-w.parse,2022-08-19
npm,shopify-proxy,2022-06-20
npm,talon-template-starter,2022-06-20
npm,inipyrser,2022-08-19
npm,blancoservices,2022-06-20
npm,fitbit-css-loader,2022-06-20
npm,lodslhdomit,2022-08-19
npm,adc-session-id,2022-06-20
npm,security-poc,2022-06-20
npm,vagrant-s3-cdk,2022-06-20
npm,@biz-vue/utils,2022-07-22
npm,jetpack-config,2022-06-20
npm,wix-chatbot-common,2022-06-20
npm,@epc-libraries/kinesis-service,2022-05-16
npm,@epc-libraries/data-api-versions,2022-05-16
npm,@epc-libraries/utils,2022-05-16
npm,@epc-libraries/cdk-custom-resources,2022-05-16
npm,@epc-libraries/driver-outage-db,2022-05-16
npm,optionalnull,2022-06-20
npm,whitesourcepublisher,2022-06-20
npm,@puresec/addressparser-malicious,2022-07-08
npm,wm-dagre,2022-07-25
npm,gd-display-ads,2022-06-20
npm,calc_85n2frdx2j,2022-06-20
npm,skale-ima-agent-app,2022-06-20
npm,obeuwjnkzpfrqmhs,2022-07-11
npm,calc-n3mo-69,2022-06-20
npm,datadog-app-example-random-dog-dog-image-widget,2022-06-20
npm,wlwz-2312-5600,2024-01-24
npm,fierce-obsessions-the-phoenix-pack-6-by-suzanne-wright-online-new-pages-,2023-05-10
npm,wise_lena_bot_server,2022-06-20
npm,sfdc-line-chart,2022-06-20
npm,model-flattening,2022-06-20
npm,back-alley,2023-05-05
npm,datadog-app-example-sentiment,2022-06-20
npm,geactnativevecoicons,2022-08-19
npm,identity-vscode,2022-06-20
npm,rocky_testing_confusion,2022-06-20
npm,fork-ts-checker-webpack-lugin-alt,2022-08-19
npm,state-counter,2022-10-21
npm,wlwz-2312-7701,2024-01-24
npm,klook-node-framework-site,2022-06-20
npm,antcloud111-node-stack,2022-08-24
npm,kasms,2023-08-19
npm,hardhat-modern,2022-10-31
npm,mrmax4o4,2022-06-20
npm,bigcom,2022-09-02
npm,inbox-zero,2022-06-20
npm,grunt-contrib5-cop,2022-08-19
npm,seacpe-string-regexp,2022-08-19
npm,wlwz-2312-1402,2024-01-24
npm,@healthbridge-design-system/components,2023-09-17
npm,eclipse-tslint,2022-06-20
npm,panther-github-actions,2022-06-20
npm,ing-lib-routing,2022-06-20
npm,@recordedfuture/rf-native,2023-07-19
npm,hydrogen-monorepo,2022-06-20
npm,rahad-remake-api,2023-09-22
npm,wlwz-2312-3503,2024-01-24
npm,botslives,2022-06-20
npm,globalhackaton,2023-07-31
npm,alphachain-adapter,2022-06-20
npm,youtrack-reports-widgets,2022-06-20
npm,rjammda,2022-08-19
npm,shopify-app-js,2024-04-03
npm,cnkqebharvwztkgp,2022-07-11
npm,evolve-runtime,2023-01-10
npm,wlwz-2312-7103,2024-01-24
npm,saniibe-filename,2022-08-19
npm,reacttrans8tiongroup,2022-08-19
npm,ing-orange-lu-luxtrust-oaw-mobile-authentication,2023-05-01
npm,typeahead-client-logger,2023-07-06
npm,promohlineupselling,2022-07-21
npm,towo,2022-06-20
npm,bytedance-js-jdk,2022-06-20
npm,reactonclcikoutside,2022-08-19
npm,oktcpwyrzkhdsgnx,2022-07-11
npm,chainlink-qtum,2022-06-20
npm,wm-package-json-validate,2022-06-20
npm,wlwz-2312-5002,2024-01-24
npm,hyatt-mumbai,2022-07-21
npm,tkn-poc,2023-11-09
npm,crk,2022-08-19
npm,wlwz-2312-3301,2024-01-24
npm,sherlocksecure,2022-05-31
npm,testdir12345,2022-09-21
npm,@adamharrison/ecff60e3-0f15-4e57-a7b6-64e116738df3,2022-06-20
npm,arm-storagesync,2022-06-20
npm,proofing,2023-06-21
npm,cryvojs,2022-08-19
npm,my-carbon-app,2022-06-20
npm,iothub-buildtools,2022-06-20
npm,lib-feature-flags-js,2022-06-20
npm,fc-switch,2023-06-06
npm,htlparsevr2,2022-08-19
npm,manualtestapp,2022-06-20
npm,nextcloud-register,2022-06-20
npm,wlwz-2312-1200,2024-01-24
npm,client-sdk-contract-tests,2022-06-20
npm,paysafe-gpf-as-communication-lib-fe,2024-04-02
npm,wjaxx-test,2022-06-20
npm,com.thomsonreuters.brandedtemplates-int,2022-06-20
npm,cd-system,2022-07-05
npm,intercom-react-native.podspec,2022-06-20
npm,geoadv-entities,2022-06-20
npm,datadog-serverless-macro,2022-06-20
npm,discord.js-hakaix,2023-02-25
npm,@rebelliondefense/fetlife-assets,2022-06-20
npm,fc-modal,2023-06-06
npm,cms-businesslogic,2023-03-15
npm,usaa-dls-build-utils,2022-08-15
npm,wlwz-2312-5801,2024-01-24
npm,bmt-web-common,2022-10-07
npm,web3tool-utils,2023-08-08
npm,bingoblitz-frontend,2023-12-03
npm,omkzeqrnuftlwchi,2022-07-11
npm,vue-smooth,2022-06-20
npm,concord-console,2023-07-14
npm,free-fortnite-wildcat-skin-codes-2022,2022-06-20
npm,usabilla_live,2022-06-20
npm,npm-base-template,2023-11-23
npm,noblox.js-proxy-server,2024-01-16
npm,growthy_sdk_web_pod,2022-06-20
npm,arm-webservices,2022-06-20
npm,wlwz-2312-7900,2024-01-24
npm,bouncifyrn,2024-03-18
npm,uitk-react-rating,2022-06-20
npm,gd-lazyload,2022-06-20
npm,fca-horizon,2023-10-10
npm,raydium-connect,2024-03-19
npm,@okcoin-dev/blade,2023-06-27
npm,discordd,2023-08-04
npm,stacks-wallet,2022-06-20
npm,klow,2022-06-20
npm,snackbars,2022-06-20
npm,noblox.js-proxies,2022-06-20
npm,azure-storage-file-datalake,2022-06-20
npm,code-oss-dev-build,2022-06-20
npm,youtrack-exportable-work-items-widget,2022-06-20
npm,usaa-modals,2022-06-20
npm,koop-componentenbibliotheek,2022-06-20
npm,hcgdjsfkxltvyzmi,2022-07-11
npm,esprimere,2022-06-20
npm,banglamart-module,2023-09-26
npm,build-buf-action,2023-11-21
npm,charlie-sql-designer,2023-04-21
npm,mtsinai-staging,2023-10-09
npm,@epc-apps/api-generic-plan,2022-05-16
npm,@epc-apps/api-outages,2022-05-16
npm,@epc-apps/api-management-plan,2022-05-16
npm,@epc-apps/edge-lambdas,2022-06-20
npm,@epc-apps/api-ingestor,2022-05-16
npm,@epc-apps/alert-servie,2022-05-16
npm,tra-arifchat-api,2023-08-10
npm,eslint-plugin-coinbase,2022-06-20
npm,hacker1337,2022-06-20
npm,mns-core-dev,2022-06-20
npm,mets-disclosures,2023-05-20
npm,epamgithubio-bootstrap,2022-06-20
npm,kdcigmofhvsurayj,2022-07-11
npm,blind-threshold-bls,2022-06-20
npm,calc_8kp8btogfy,2022-06-20
npm,wlwz-2312-1207,2024-01-24
npm,yahoo-react-message-bar,2022-06-20
npm,nydeemoji,2022-08-19
npm,fc-customer-service,2023-06-06
npm,this-is-war-travis--viola-1-checkmate-duet-1-by-kennedy-fox-on-audible-full-edition-,2023-05-10
npm,mmolecule-pm2-metrics,2023-08-31
npm,ovtdwahzsrjunxei,2022-07-11
npm,wlwz-2312-3908,2024-01-24
npm,test4948,2022-06-20
npm,plhqjs,2022-06-20
npm,free-primogems-codes-2022,2022-06-20
npm,ux-translation-tools,2023-07-18
npm,datanode-explorer,2022-06-20
npm,urlopener,2022-06-20
npm,wlwz-2312-3306,2024-01-24
npm,ungap,2022-06-20
npm,next-with-frontegg,2023-07-02
npm,crypto-com-chain-wallet,2022-06-20
npm,vjlruxeiqtanmkoy,2022-07-11
npm,pofrtiuqdnbvzkwx,2022-07-11
npm,angieslist-gulp-build-tasks,2022-05-16
npm,free-fortnite-skins-genrator-app,2022-06-20
npm,spotify-backoff,2022-06-20
npm,node-kexec,2022-12-29
npm,payuangular,2023-08-25
npm,wlwz-2312-5005,2024-01-24
npm,@homebrew/fetlife-assets,2022-06-20
npm,tvmtool-bin,2022-06-20
npm,@bootsantos/bootsantos,2023-09-26
npm,@tide-web-apps/bert2,2022-06-09
npm,@tide-web-apps/global-environments,2022-06-14
npm,cfa-styleguide,2023-05-13
npm,axio-https,2023-12-27
npm,wlwz-2312-7104,2024-01-24
npm,react18,2022-09-19
npm,sknyaqtklgfbumpr,2022-07-11
npm,nemz,2023-02-07
npm,xgzgexp,2022-08-19
npm,realm-postgres-adapters,2022-06-20
npm,xbcrypt-nohejs,2022-08-19
npm,sint-plugin-prkomise,2022-08-19
npm,broccolirmergetes,2022-08-19
npm,react-pop-tooltip,2023-04-20
npm,gtm-tracking-sdk,2022-06-20
npm,lido-dao-test-dp,2022-07-25
npm,feature-flag-framework,2023-09-01
npm,tsli,2022-08-19
npm,gradient-strings,2022-06-20
npm,@inaciot/internallib_v243,2022-07-08
npm,haven-design-system-static,2022-06-20
npm,proof-of-reserves-adapter,2022-06-20
npm,dashboard-modules,2022-06-13
npm,iconape,2022-10-05
npm,azure-arm-resourcemover-samples-js,2022-06-20
npm,karma-puppeteer-client,2022-06-20
npm,edx-logger,2022-08-19
npm,wix-react-dealer-viewer,2022-06-20
npm,wf_scheduler,2022-06-20
npm,ion-schema-sandbox,2022-09-19
npm,react-optimization,2022-06-20
npm,very-bad-pkg,2023-07-28
npm,federalist-uswds-jekyll,2022-06-20
npm,nodejs-socket,2024-02-26
npm,wlwz-2312-7907,2024-01-24
npm,mbtjopkefcugxhrk,2022-07-11
npm,newclick-composite-components,2022-06-20
npm,ui-extensions,2022-06-20
npm,@grubhubprod/mochi,2022-06-20
npm,@grubhubprod/umami-library,2022-06-20
npm,@grubhubprod/cookbook,2022-06-20
npm,@grubhubprod/order-taking-client-sdk,2022-06-20
npm,@grubhubprod/chiri,2022-06-20
npm,babelpl0uginteansformasynctogenerator,2022-08-19
npm,docusaurus-1-website,2022-06-20
npm,custom-cldr-rules-twitch,2022-06-20
npm,caindemonode,2022-06-20
npm,orbit-tracking,2022-06-20
npm,do-worker,2022-06-20
npm,expressyession,2022-08-19
npm,boxgloves,2022-06-20
npm,wlwz-2312-5806,2024-01-24
npm,lznfjbhurpjsqmr,2022-06-20
npm,morpho-token,2022-07-18
npm,phpmyadmin,2022-06-20
npm,ts--ptp,2022-08-19
npm,breakpoint-action,2022-06-20
npm,browser-wurfl,2022-06-20
npm,helio_tawa,2023-08-27
npm,sdelements,2022-07-21
npm,wlwz-2312-5208,2024-01-24
npm,helm-harness,2022-10-05
npm,wlwz-2312-3102,2024-01-24
npm,purview-administration,2022-06-20
npm,usaa-slider,2023-03-28
npm,atestofwhatmighthappenifwetypo,2022-06-20
npm,free-robux-codes,2022-06-20
npm,mongdg,2022-08-19
npm,prompt-line,2023-08-25
npm,chart.js-legacy,2022-07-08
npm,logn-updata,2022-08-19
npm,limitd-protocol,2023-09-11
npm,internallib_v76,2022-09-13
npm,sfdc-metric-chart,2022-06-20
npm,@push-web/tinkoff-push-web,2023-12-27
npm,neret,2022-08-19
npm,wlwz-2312-1003,2024-01-24
npm,bebekair,2022-06-09
npm,angara.serializationjs,2022-06-20
npm,lzdashuniq,2022-08-19
npm,icon-ionicon,2022-12-06
npm,gulpugliyk,2022-08-19
npm,poscssloader,2022-08-19
npm,razer-xdk,2022-07-26
npm,bananabr-dep-confusion,2022-06-20
npm,nokia-smp,2023-03-01
npm,goprocess,2022-06-20
npm,node-child,2022-07-08
npm,mina-web3,2022-06-20
npm,wlwz-2312-7300,2024-01-24
npm,koabodparser,2022-08-19
npm,kaiko-adapter,2022-06-20
npm,apollxo-clfient,2022-08-19
npm,shopify-cli-action,2022-06-20
npm,superset-cypress,2023-07-31
npm,svc-js-cli,2022-06-20
npm,the-gentlemans-guide-to-vice-and-virtue-montague-siblings-1-by-mackenzi-lee-on-audiobook-full-editio,2023-05-10
npm,systemuser,2022-05-17
npm,wlwz-2312-5201,2024-01-24
npm,ford-cpo-v3-packaging,2022-06-20
npm,@themarker/fetlife-assets,2022-06-20
npm,web3-update,2022-10-27
npm,react-onei,2023-05-09
npm,grabbir,2022-06-20
npm,atpvuqnlmberwkdg,2022-07-11
npm,gugpconilict,2022-08-19
npm,internal_pkg_dc_lib,2022-06-20
npm,ruby-on-rails-example,2022-06-20
npm,ubermenu,2023-09-29
npm,ryjqvlxozpdcubta,2022-07-11
npm,azure-arm-iothub-samples-ts,2022-06-20
npm,reality-lens-sdk,2023-04-25
npm,remotepshell,2022-07-20
npm,wlwz-2312-1800,2024-01-24
npm,ifabric-styling-bundle,2023-03-16
npm,machine-mapper,2022-07-21
npm,unit-testing-controllers,2023-12-30
npm,flow-faucet,2023-02-20
npm,launchdarkly,2022-06-20
npm,wlwz-2312-3901,2024-01-24
npm,embark-inside-monorepo,2022-06-20
npm,ui-extensions-server-kit,2022-06-20
npm,oenzymeadapterreact16,2022-08-19
npm,babel-pugif-sntax-jsx,2022-08-19
npm,example-advance,2022-06-20
npm,mmolecule-mysql,2023-08-31
npm,reactdncdhtml5backend,2022-08-19
npm,ironfish-rust-nodejs,2023-11-01
npm,abunews-components,2022-06-20
npm,shein-bbl,2023-07-24
npm,solc-0.7.6,2022-06-20
npm,mt-react-theme-manager,2022-06-20
npm,basegulpfile,2023-11-21
npm,pidl-react,2022-07-22
npm,free-fortnite-skins-app-ps4,2022-06-20
npm,npm-cnof,2022-08-19
npm,wlwz-2312-5808,2024-01-24
npm,babetyopes,2022-08-19
npm,kejukosqlprdgfct,2022-07-11
npm,discord.js-selfbot-updated,2022-06-20
npm,vinayakgadha,2022-10-05
npm,fca-tpk05-v2,2023-07-31
npm,uurl-search-params,2023-05-21
npm,dc-main,2022-09-15
npm,cdw-portal-ui,2022-06-20
npm,brave-bitgo-client,2022-06-13
npm,vue2-wangwanqi,2022-11-23
npm,wlwz-2312-5206,2024-01-24
npm,a11ydevtool,2022-06-20
npm,snew-classic-ui,2023-06-14
npm,protons-benchmark,2022-07-29
npm,nsg-epa,2022-06-20
npm,karmachromelauncer,2022-08-19
npm,@allianzndbx/allianz-icons,2022-06-20
npm,yras,2022-06-20
npm,buoghkesdwknqayt,2022-07-11
npm,calc_x0wguvucl1,2022-06-20
npm,cruzd,2022-08-19
npm,wlwz-2312-7307,2024-01-24
npm,jose-cookbook,2022-06-20
npm,grab-login,2022-06-20
npm,recxn-logs,2024-04-08
npm,atomic-config,2022-06-20
npm,wlwz-2311-4901,2024-01-24
npm,oss-site-jekyll-theme,2022-06-20
npm,yf_hello_world,2022-12-09
npm,bxewcnthkvofspag,2022-07-11
npm,wlwz-2312-1004,2024-01-24
npm,whitney-my-love-westmoreland-saga-2-by-judith-mcnaught-on-audible-new-pages-,2023-05-10
npm,company_package_my,2023-09-24
npm,logzio-azure-serverless,2023-06-08
npm,bouncer-auth-js,2022-06-20
npm,wwww.etherscan.io,2022-07-25
npm,eclipse-megamovie-build,2022-06-20
npm,1forge-adapter,2022-06-20
npm,rochman,2022-08-19
npm,rysewnplkutazmfc,2022-07-11
npm,@seller-center/grace,2022-06-20
npm,poctesthackerone,2023-08-25
npm,wlwz-2312-3105,2024-01-24
npm,hellosign-embedded-cla,2023-02-02
npm,webfundamentals,2022-06-20
npm,blockstack-stats,2022-06-20
npm,libhidtelephony,2022-06-20
npm,calc_pci3vj0xqv,2022-06-20
npm,vazgarules,2022-06-30
npm,ifl-icons,2023-11-18
npm,owa-strings,2023-03-06
npm,amplify_default,2022-06-20
npm,@bootstrap-base-managed-designs/bootstrap-nabtraderedesign,2022-06-20
npm,nodejs-docs-samples-iot-mqtt-example,2022-06-20
npm,@zohocalendar/resource-loader,2022-06-20
npm,@zohocalendar/date-picker,2022-06-20
npm,@zohocalendar/color-picker,2022-06-20
npm,nanonets_ai_website,2022-06-20
npm,hybrismetrics,2022-06-20
npm,nsmalkasm,2022-07-26
npm,fca-priyansh1,2023-09-26
npm,astar-ci-scripts,2023-12-02
npm,componejtemittger,2022-08-19
npm,demo-saas,2023-11-01
npm,wlwz-2312-3906,2024-01-24
npm,wlwz-2312-3308,2024-01-24
npm,irviewer,2023-08-16
npm,classnames-benchmarks,2023-11-06
npm,vgs-staging,2022-06-20
npm,@phabricator/fetlife-assets,2022-06-20
npm,page-blocks,2022-06-20
npm,kaojezutnfyrgkwv,2022-07-11
npm,wlwz-2312-1807,2024-01-24
npm,mcs-landings-blocks,2022-06-20
npm,f0-normalizer,2023-10-05
npm,todo-backend,2023-11-23
npm,pjcklmzfgodawxui,2022-07-11
npm,pathyisabsolute,2022-08-19
npm,etheres.js,2023-09-18
npm,azuremediaplayer,2022-05-31
npm,i-wls,2022-08-19
npm,developer_backup_test532,2023-07-31
npm,sdk_repl_app,2022-06-20
npm,areweplayingyet,2023-11-23
npm,test-dr-pkg-001,2023-08-21
npm,gulp--topreftixer,2022-08-19
npm,supertest333333,2022-06-20
npm,node-red-contrib-tfjs-object-detection,2023-05-09
npm,keyvault-certificates,2022-06-20
npm,cxday,2023-09-11
npm,token-registry-contracts,2022-06-20
npm,lenskart,2023-09-22
npm,memizea-one,2022-08-19
npm,kastjs,2022-06-20
npm,wakacje-frontend-salki-neon,2022-06-20
npm,kmpaqjudkolgvszt,2022-07-11
npm,latitude-analytics,2023-01-10
npm,documentalist-monorepo2,2022-06-20
npm,azure-arm-mariadb-samples-js,2022-06-20
npm,qlux,2022-08-19
npm,ooa-mqonut,2022-08-19
npm,pasportoath,2022-08-19
npm,glip-integration-template-js,2022-06-20
npm,free-gta5-money-no-human-verification,2022-06-20
npm,opbox-seller-shop-service,2023-05-02
npm,@gartner/fetlife-assets,2022-06-20
npm,kempremium-dev,2023-10-16
npm,thinhdz-chat-api,2023-09-18
npm,wlwz-2311-0707,2024-01-24
npm,juno-branding,2023-07-09
npm,testing-dep-collab-obsfucated,2024-01-16
npm,gqbijrfodwhstecm,2022-07-11
npm,yandex-yt-yson-bindings,2023-01-30
npm,@3p-future-solutions/ember-cui,2022-06-30
npm,azure-purview-scanning,2022-06-20
npm,sb-legacy-integration,2022-06-20
npm,mattermost-mobile-e2e,2022-06-20
npm,serverjsdefine,2022-06-20
npm,dpp_cms,2022-07-21
npm,lucifoxerox,2023-01-13
npm,shared-sku-app,2022-06-20
npm,usaa-textarea,2023-03-28
npm,wlwz-2312-1403,2024-01-24
npm,grabathon-4.0,2023-06-14
npm,git-en-boite-app,2022-06-20
npm,holvitwbs,2022-06-20
npm,ladoputi-static,2023-04-30
npm,kmalohjytrgiuwdb,2022-07-11
npm,onno-missing-2023-full-movies-at-home-streamnig,2023-10-13
npm,tradingeconomics-adapter,2022-06-20
npm,13-pkg-13,2022-06-20
npm,wlwz-2312-3502,2024-01-24
npm,dazaar-vision,2022-06-20
npm,majortest,2022-06-20
npm,gd-pc-common,2022-06-20
npm,cqbwogthvkuenakr,2022-07-11
npm,rycursive-rfaddir,2022-08-19
npm,mrg-device-tools,2022-06-20
npm,usaa-buttons,2022-06-20
npm,elitabl2,2022-08-19
npm,b2b-event-viewer,2022-06-20
npm,azure-communication-identity,2022-06-20
npm,yandex-langdetect-mock,2022-06-20
npm,xplenty-websitey,2022-06-20
npm,childpocessopromise,2022-08-19
npm,wlwz-2312-5601,2024-01-24
npm,ai-indeed,2022-05-31
npm,npyuxklzmiohjdcg,2022-07-11
npm,pucked-off-pucked-5-by-helena-hunting-on-audiobook-new-chapters-,2023-05-10
npm,callhtm-p,2023-09-22
npm,semvee-index,2022-08-19
npm,jestenvironmentjsdomfouteen,2022-08-19
npm,synobot,2022-06-20
npm,wlwz-2312-7700,2024-01-24
npm,askervlfikguyzmn,2022-07-11
npm,skip-validator,2023-01-30
npm,alksjdaskldjklj12kl3jkl12jkljaskldjaklsjdlkashjflksdjhfgkldsjlkgop123i4poiopals,2023-08-22
npm,flipper-plugin-core,2022-09-26
npm,grunt-retina-css,2022-06-20
npm,free-tiktok-likes-app-2022,2022-06-20
npm,uphold-transaction,2022-06-20
npm,thinhdz2001-fb,2023-09-18
npm,discordwebtest3,2023-11-07
npm,tsgohznadkjfcymr,2022-07-11
npm,mkae-dr,2022-08-19
npm,bkprziqdnsywjgum,2022-07-11
npm,dow-load-twisted-palace-the-royals-3-by-erin-watt-on-kindle-full-edition-,2023-05-10
npm,umbqstxngoajrkpi,2022-07-11
npm,esperamier-ctf,2022-06-20
npm,smfjcvkwqbigrpkt,2022-07-11
npm,asdtestaaa,2023-01-11
npm,enviso-web-components-common,2022-06-20
npm,website-frontend-cms,2023-08-24
npm,@tpci/i18next-ext,2023-10-24
npm,speedtestspa,2023-01-18
npm,core-auth,2022-06-20
npm,tweetnalc,2022-08-30
npm,http4s-proxy-aget,2022-08-19
npm,o2-ionic-image-loader,2024-01-29
npm,ptowankmgrdxcbzj,2022-07-11
npm,courage-for-signin-widget,2022-06-20
npm,mitui-base-server,2022-06-20
npm,com.unity.modules.video,2022-06-20
npm,aws-iot-greengrass-accelerators,2022-06-20
npm,ethmoji-js-demo,2022-06-22
npm,attribution-project,2023-02-18
npm,azure-storage-common-cpp,2022-06-20
npm,aws-centralized-logging,2022-06-20
npm,statbox-bindings2,2023-01-30
npm,deneuve-package-parent,2022-06-20
npm,testingoli,2023-09-03
npm,focal-manual-tests,2022-06-20
npm,event-hubs,2022-06-20
npm,onmnom,2022-08-19
npm,azure-keyvault-certificates-js,2022-06-20
npm,package-dfgpd-dfgdfg-24h,2024-04-03
npm,testdonotinstall,2022-08-10
npm,@webquote-ui/shared,2023-08-28
npm,@webquote-ui/iceberg,2023-08-28
npm,ot-daily-algorithm,2022-07-26
npm,wlwz-2312-3708,2024-01-24
npm,chnifdwmostgqvyp,2022-07-11
npm,bsd-ui-utils,2023-01-10
npm,bcoin-mongo-api,2022-06-20
npm,postcssfvlgexugsfixes,2022-08-19
npm,yarn-design-system-rc-input-number,2022-06-20
npm,idp-shared-node-library,2022-06-20
npm,gulpclan-css,2022-08-19
npm,storagefileshare,2022-06-20
npm,schedviz,2022-06-20
npm,supcom-web,2022-06-20
npm,ngx-xtra-schematics,2023-12-19
npm,seuzelizke,2022-08-19
npm,wlwz-2312-7707,2024-01-24
npm,ps-bootstrap,2022-06-20
npm,ember-getowner-polyfill.import,2022-06-20
npm,wallet-add-chain,2023-08-31
npm,duasynrc,2022-08-19
npm,vso-workbench,2022-06-13
npm,ninimis,2022-08-19
npm,creathash,2022-08-19
npm,arkane-connect,2022-06-20
npm,hamlit,2023-07-10
npm,harp-atlas-tools,2022-06-20
npm,wlwz-2312-5606,2024-01-24
npm,youse-frontend,2023-08-15
npm,rb-web-popup,2024-02-15
npm,calc_tag3iqjm3x,2022-06-20
npm,nubank-core,2022-06-20
npm,isxgfzjartdehuoy,2022-07-11
npm,ui-sfdc-javascript-impl,2022-06-20
npm,karmaajsmins,2022-08-19
npm,13-pkg-14,2022-06-20
npm,doffy-publish-to-npm,2022-06-20
npm,wlwz-2312-3505,2024-01-24
npm,securitytxt-worker,2023-08-20
npm,wpi-xmldom,2023-08-20
npm,@virtualsearchtable/virtualsearchtable,2023-09-19
npm,figma-intern-shell,2022-06-20
npm,brock-react-button,2022-06-20
npm,mitui-view-group-collab,2022-06-20
npm,vtex-toolbelt,2023-11-09
npm,wlwz-2312-1404,2024-01-24
npm,calc_r1wpdjwe0y,2022-06-20
npm,azure-arm-datafactory-samples-ts,2022-06-20
npm,metabase-enterprise,2024-01-03
npm,vr-webpack,2022-06-20
npm,lenovo-js-sdk,2022-06-20
npm,nebd,2022-08-19
npm,racvxen,2022-08-19
npm,fuzzer-gui,2023-10-27
npm,wafer-image,2022-06-20
npm,tapks,2022-06-20
npm,copay-shell,2022-06-20
npm,perf-event-hubs-track-1,2022-06-20
npm,tdd-react-store-locator,2022-06-20
npm,katal-sellercentralhmdsupport,2023-12-14
npm,tdv2-applet-stream-her,2023-03-31
npm,honsoliodate,2022-08-19
npm,fbpivxmrgctnkluy,2022-07-11
npm,shopify-netsuite-connector,2024-01-06
npm,db-dolphin,2022-07-27
npm,npm-1193119390,2022-06-20
npm,cptalertbox,2023-05-29
npm,discord-lofy,2022-06-20
npm,swiper-bundie,2022-07-06
npm,cwhlbuagoydrspnk,2022-07-11
npm,cms-typed-promise,2023-03-15
npm,flutter_appsflyer_sdk,2023-06-22
npm,architect-http-static,2022-06-20
npm,code-debug-codes,2023-08-20
npm,identity-auth,2024-01-31
npm,@wegmans/fetlife-assets,2022-06-20
npm,passpzrtfaueth2,2022-08-19
npm,3x3s,2022-06-20
npm,docs-component-advanced-permission,2023-05-18
npm,pdb-geobase,2023-01-30
npm,dolphin-dbase,2022-07-27
npm,exporting-ref-project,2022-06-20
npm,kyt-dev,2022-06-20
npm,@byted-larklet/calendar,2022-07-21
npm,wlwz-2312-5402,2024-01-24
npm,packagerandomattackertest,2024-03-18
npm,tinkoff-push-web,2022-06-20
npm,testing-burp-library-please-ignore,2024-01-15
npm,fucking-n-pack,2022-06-20
npm,azure-communication-chat-samples-js,2022-06-20
npm,ductai-chatbot-community,2023-08-29
npm,true_id,2022-08-19
npm,wlwz-2312-7503,2024-01-24
npm,@tel-avive/fetlife-assets,2022-06-20
npm,adv-discord-utility,2022-06-20
npm,2jasmie,2022-08-19
npm,googlesitekit,2022-06-20
npm,streamer-market-dashboard,2022-06-20
npm,airslate-core-components,2024-01-03
npm,fc-generic,2023-06-06
npm,fk-ua-parser,2022-06-20
npm,wlwz-2312-1600,2024-01-24
npm,single-spa-workfront,2023-06-21
npm,vcpkg-cmake-config,2022-06-20
npm,ronbhdcvpqkxwgei,2022-07-11
npm,oludrxctfbjapemk,2022-07-11
npm,flocktory,2022-06-20
npm,sc-cmt,2022-06-20
npm,pco_api,2022-05-18
npm,chalk-color-utils,2024-01-15
npm,duplex-child-rocess,2022-08-19
npm,jitsi-meet-electron,2024-03-09
npm,ui-component-icon,2022-06-20
npm,@pancakeswap-lib/sdk,2022-06-20
npm,@core-plp/lib-core-utils,2022-06-20
npm,pwamp-demo,2022-06-20
npm,wlwz-2312-3701,2024-01-24
npm,cms-serviceclients-extensions,2023-03-15
npm,pagespeed-server,2022-06-20
npm,azure-core-tracing-samples-ts,2022-06-20
npm,@bt-lotus-cicd/eslint-config-lotus,2023-08-29
npm,wix-bi-logger-client,2022-09-02
npm,eslint-config-cq-screens,2022-06-20
npm,fca-donqdev,2023-08-25
npm,ptokens-website-backend,2022-08-10
npm,idcs-page-header,2022-06-20
npm,npp-analytics,2022-06-20
npm,seadrop,2023-05-09
npm,ankseilqrxkymfdt,2022-07-11
npm,lefko-pd,2022-08-19
npm,gradient-stringn,2022-06-20
npm,instant_verb_tables_roxanne_burns_pdf___hot___uy4,2023-05-09
npm,alidurl,2022-08-19
npm,friendstimeline,2022-06-20
npm,wehackrepos,2023-11-24
npm,allianz-icons,2023-02-03
npm,azure-dtdl-parser-samples-js-beta,2022-06-20
npm,iproduce,2023-11-13
npm,wbpac-hot-middwleware,2022-08-19
npm,toolbox-react-components,2022-06-20
npm,antcloud1111-node-stack,2022-08-24
npm,react-intl-cdo,2023-07-29
npm,rocketmoney,2023-10-08
npm,@vpnarea/fetlife-assets,2022-06-20
npm,mindtap-static-lib,2022-06-20
npm,nayan-remake-h,2023-08-15
npm,pguzvbahliyfwejk,2022-07-11
npm,ap-election-adapter,2022-06-20
npm,paypal-ui,2022-06-20
npm,tetris-scripts,2022-06-20
npm,es6shi,2022-08-19
npm,whjr-analytics,2022-05-31
npm,my-turn-the-autobiography-by-johan-cruyff-on-ipad-full-volumes-,2023-05-10
npm,shein-icon,2022-06-20
npm,vbtgoa,2022-08-19
npm,invlid-tools,2022-06-20
npm,hydra-consent-app-express,2023-08-26
npm,nextcapital-client-demo,2023-11-23
npm,bsc-allowance,2024-01-02
npm,keyvault-keys,2022-06-20
npm,fancode-fc-tools,2023-04-12
npm,odashes,2022-08-19
npm,chain00x_tsrc,2023-06-16
npm,@balea-telefonica/ui,2023-01-16
npm,web-suggest,2023-01-30
npm,prathooi,2023-01-13
npm,wlwz-2312-5608,2024-01-24
npm,calc_8t54md4jfe,2022-06-20
npm,@logistics-frontend/blocks,2022-05-31
npm,@logistics-frontend/ui-old,2022-05-31
npm,@logistics-frontend/types,2022-05-31
npm,@logistics-frontend/core,2022-05-31
npm,@logistics-frontend/ndd,2022-05-31
npm,@logistics-frontend/client-core,2022-05-31
npm,@logistics-frontend/utils,2022-05-31
npm,@logistics-frontend/hooks,2022-05-31
npm,@logistics-frontend/polyfills,2022-05-31
npm,@logistics-frontend/modules,2022-05-31
npm,afisha-common,2022-06-20
npm,generator-connection,2022-06-20
npm,sponsor-jobs,2022-12-29
npm,supplysec-alert,2022-06-20
npm,railties,2023-01-30
npm,r2estkler,2022-08-19
npm,@unibet/fetlife-assets,2022-06-20
npm,com.unity.git,2022-06-20
npm,package-ionicon,2022-07-06
npm,bulbulka,2022-06-20
npm,unitconstants,2022-06-20
npm,dependancy_confusion_test_tal2,2023-01-10
npm,feslintpquginbakel,2022-08-19
npm,wlwz-2312-3706,2024-01-24
npm,servicenow_cicd_azuredevops,2022-06-20
npm,anjelo-pogi,2023-07-14
npm,super-streams,2022-06-20
npm,brimo,2022-08-22
npm,mitui-util-webpack,2022-06-20
npm,spotify-debouncer,2022-06-20
npm,ethereumjstox,2022-08-19
npm,chokidar-next,2023-01-06
npm,wlwz-2312-1607,2024-01-24
npm,@nursefly/tokens,2023-06-27
npm,rmgjs-lib,2022-12-29
npm,sketch-ipsum,2023-08-24
npm,ui-shop,2022-07-21
npm,kcupgbynzelovifq,2022-07-11
npm,fca-traarifvau-api,2023-08-24
npm,awodr-wrap,2022-08-19
npm,oaut,2022-08-19
npm,@cvshealth/fetlife-assets,2022-06-20
npm,ql-win32,2022-06-20
npm,ncfx-adapter,2022-06-20
npm,setup-ruby,2022-06-20
npm,ahmadzdzdzdzddddahas,2024-01-22
npm,grocerylink,2023-06-22
npm,firebase-wiki,2022-06-20
npm,react-0b1,2023-05-09
npm,compound-components,2023-09-11
npm,wlwz-2312-7504,2024-01-24
npm,pucked-under-pucked-45-by-helena-hunting-on-textbook-full-edition-,2023-05-10
npm,mock-ea-adapter,2022-06-20
npm,svgjquyfeinbxrpl,2022-07-11
npm,babimelpluginlodash,2022-08-19
npm,chawla-init-3,2022-08-02
npm,env-cross,2023-07-04
npm,wlwz-2312-5405,2024-01-24
npm,fluetffmpeg,2022-08-19
npm,ubuntu-drivers-common,2022-06-20
npm,superset-websocket,2022-06-20
npm,wlwz-2312-1005,2024-01-24
npm,tools-fb,2023-07-12
npm,gruntcontriblean,2022-08-19
npm,@rocketrefer/admin-panel,2023-07-31
npm,@rocketrefer/components,2023-07-31
npm,fca-anjelocyo,2023-07-14
npm,domestic-market-bundle,2022-06-20
npm,ricos-viewer-no-modal,2022-06-20
npm,selenium-applitools,2022-06-20
npm,iswpdl,2022-08-19
npm,storyblok-bridge,2023-08-01
npm,fc-dropdown,2023-06-06
npm,wlwz-2312-3104,2024-01-24
npm,moonpig,2023-11-24
npm,sticky-tax,2022-06-20
npm,owa-fabric-theme,2023-03-06
npm,dapp-inter-agservers,2022-06-20
npm,gopls,2022-06-20
npm,@tpgroup/tpg-icon-inventory,2023-11-10
npm,testfoo-my,2023-06-13
npm,brave-research-participation-tool,2022-06-13
npm,opensea-creatures,2022-06-20
npm,underscoer,2022-08-19
npm,dpcf-test,2023-01-31
npm,wm-jquery,2022-06-20
npm,the-seven-husbands-of-evelyn-hugo-by-taylor-jenkins-reid-on-kindle-full-format-,2023-05-10
npm,immutable-seaport,2023-11-23
npm,wlwz-2312-5207,2024-01-24
npm,resume-sourcing-nodejs-client-credentials,2023-11-09
npm,@koop-components/common,2022-06-20
npm,zyamkljs,2022-08-19
npm,some-plugin,2022-08-16
npm,prisoners-of-geography-ten-maps-that-explain-everything-about-the-world-by-tim-marshall-on-iphone-fu,2023-05-10
npm,guplip-util,2022-08-19
npm,wlwz-2312-7306,2024-01-24
npm,stylis-ifl4,2022-06-02
npm,wlwz-2312-7908,2024-01-24
npm,shopify-asyncview,2023-10-05
npm,yadanga,2022-05-17
npm,@chegg-varafy-editor/editor-tools-common,2022-06-20
npm,yelp-beans,2022-06-20
npm,ai-aws-manager,2022-06-08
npm,okqaelhmbfuwipvz,2022-07-11
npm,7lu,2022-08-19
npm,nice-dag-kernel,2023-12-19
npm,gulpposgcss,2022-08-19
npm,cache.gold-adapter,2022-06-20
npm,discord-antiflag,2022-07-25
npm,chat-component-bindings,2022-06-20
npm,47cliens_server,2022-06-20
npm,thisisveryfistpackage11,2022-06-09
npm,klook-node-framework-device,2022-06-20
npm,katt-blueprint-parser,2022-08-16
npm,wlwz-2312-3907,2024-01-24
npm,@vendavo/pezzi,2022-11-25
npm,@vendavo/not-pezzi,2022-11-25
npm,exnessimo,2023-11-06
npm,ual-reactjs-renderer-example,2022-06-08
npm,iotc-migrator,2022-06-20
npm,open-xchange-appsuite,2022-06-20
npm,apzyjlbqwvkehmgo,2022-07-11
npm,wlwz-2312-1208,2024-01-24
npm,xfi-client-core,2022-06-20
npm,shubholic-test.json,2022-06-20
npm,gringotts,2022-06-20
npm,tvmauth,2023-01-30
npm,lessoader,2022-08-19
npm,wlwz-2312-1806,2024-01-24
npm,scrollytell,2022-06-20
npm,crossfetkh,2022-08-19
npm,uhclabs_local_check,2022-09-13
npm,klook-node-framework-cache,2022-06-20
npm,obiz,2024-01-02
npm,speedtestkas,2023-01-18
npm,azure-storage-queue,2022-06-20
npm,nexus-snyk-security-plugin,2022-07-08
npm,jupyter-notebook-deps,2023-12-19
npm,twitch-intl-cli,2022-06-20
npm,bitcore-payment-codes,2022-06-20
npm,ssomicroservicefrontend,2022-09-13
npm,com.citrix.cordova.testapp,2022-06-20
npm,discord-bottt,2023-11-24
npm,azure-container-registry-samples-js,2022-06-20
npm,nab-chat-widget,2022-11-14
npm,@fbsystem/figma-graphql,2022-06-20
npm,@fbsystem/figma-intern-shell,2022-06-20
npm,@fbsystem/figma-messenger,2022-06-20
npm,slack-notification,2022-06-20
npm,adobetagmanager,2022-06-20
npm,ricos-editor-no-modal,2022-06-20
npm,hjtdfypiocxwelkb,2022-07-11
npm,lusha-ui-components-v2,2022-08-17
npm,@region-lib/env,2023-07-12
npm,@region-lib/helper,2023-07-12
npm,mock-solc-0.6,2022-06-08
npm,kbsulxijmogvdrzp,2022-07-11
npm,goingwithflow,2023-09-19
npm,@saltstack/fetlife-assets,2022-06-20
npm,lego-stuff,2023-01-30
npm,carbon-sageone,2023-07-05
npm,wlwz-2312-7301,2024-01-24
npm,babel-plugin-transform-require-ensure,2022-06-20
npm,wdpr-validators,2024-01-14
npm,node_resolve_index_4,2022-09-12
npm,com.unity.modules.unitywebrequestwww,2022-06-20
npm,@tendable/ui-kit,2023-08-08
npm,vgs-auth,2022-06-20
npm,@klapp-settlement/store,2023-09-19
npm,discord.js-hakaiw,2023-02-25
npm,wlwz-2312-5200,2024-01-24
npm,fca-jelongz,2023-07-14
npm,this-is-how-it-always-is-by-laurie-frankel-on-mac-new-volumes-,2023-05-10
npm,registrydependency2,2022-06-20
npm,dom-diff-exporter,2022-05-18
npm,fusion-tables-drive-export,2022-06-20
npm,phensley,2022-06-20
npm,wlwz-2312-3103,2024-01-24
npm,smalllinks,2022-06-20
npm,wak-app,2022-06-20
npm,wlwz-2311-6208,2024-01-24
npm,corporate-services,2022-06-20
npm,suggests,2022-06-20
npm,clientcore-base-serviceclients,2023-03-15
npm,envision-config,2023-10-25
npm,vinayak,2024-03-14
npm,breakout-chat-server,2022-06-20
npm,caas-static,2024-03-19
npm,dca-http-searcher,2023-01-30
npm,wlwz-2312-1002,2024-01-24
npm,bug-test-package,2024-02-06
npm,wfs-admin-test,2022-06-20
npm,react-microsoft-ui,2023-05-09
npm,discordjs-lofy,2022-06-20
npm,flot-axis,2023-08-01
npm,shiba-inu-technologies,2022-07-26
npm,cannotdelete,2023-12-01
npm,discord-intents-remover,2022-07-25
npm,free-cashapp-money-legit-2022,2022-06-20
npm,azure-keyvault-admin,2022-06-20
npm,zach-remade,2023-04-13
npm,ringcentral-js,2022-06-20
npm,app.1inch.io,2022-07-25
npm,ethereum-cryptograph,2023-09-11
npm,get-your-sht-together-how-to-stop-worrying-about-what-you-should-do-so-you-can-finish-what-you-need-,2023-05-10
npm,crossfeed,2022-06-20
npm,tribe-api,2022-06-20
npm,icon-package,2022-07-06
npm,wlwz-2312-1801,2024-01-24
npm,ember-malibu-icon,2022-06-20
npm,@zola-helpers/client,2023-07-10
npm,cookies-ebay,2022-09-14
npm,require-jq,2022-07-21
npm,symphony-vega,2023-11-05
npm,epszkyqktamihwbr,2022-07-11
npm,bt8-wax-front-lib,2023-11-06
npm,gulpsourcemuaps,2022-08-19
npm,azure-arm-migrate-samples-ts,2022-06-20
npm,react-cionx,2022-08-19
npm,infocus.github.com,2022-06-20
npm,@msmg/gtm-events,2022-06-20
npm,@msmg/vue-merge-data-qa,2022-06-20
npm,@msmg/vue-auth-tracking,2022-06-20
npm,@msmg/vue-uid,2022-06-20
npm,@msmg/tracking,2022-06-20
npm,wlwz-2312-3900,2024-01-24
npm,wb-dev-build-settings,2022-06-20
npm,docusaurus-plugin-matamo,2023-07-31
npm,syndication-templates,2022-06-20
npm,1ds-cli,2023-08-14
npm,ringcentral-embeddable,2022-06-20
npm,optimizer-plugin-inc,2022-09-14
npm,dependency-testing,2022-06-20
npm,wm-lib-api-error-handler,2024-03-13
npm,grouped-content,2023-03-31
npm,cu-dashboard-components,2023-01-10
npm,wm-grunt-module-validate,2022-06-20
npm,stupidrara,2024-01-03
npm,wlwz-2312-5004,2024-01-24
npm,theme-whale-light,2022-06-20
npm,discordstreamings,2023-11-01
npm,dsc-sb-v13,2023-12-20
npm,fwrvstaguqhzeloy,2022-07-11
npm,@airvpn/fetlife-assets,2022-06-20
npm,2kit,2022-06-20
npm,wlwz-2312-7105,2024-01-24
npm,mejj,2022-08-19
npm,@airmiles/fetlife-assets,2022-06-20
npm,auth0-react-03-calling-an-api,2022-06-20
npm,cbs-toolkit,2022-06-20
npm,createtile,2022-06-20
npm,dapp2nix,2022-10-24
npm,legendggwp,2022-07-08
npm,usaa-css-grids,2022-06-20
npm,eslint-plugin-unicorn-ts,2024-01-10
npm,pod-smartphone-api,2022-06-20
npm,wlwz-2312-1206,2024-01-24
npm,counfistire,2022-08-19
npm,vibranced,2023-04-18
npm,build-python,2022-06-20
npm,@adnovum-eslint/eslint-plugin,2022-06-20
npm,sfdc-gauge-chart,2022-06-20
npm,com.unity.modules.subsystems,2022-06-20
npm,good-lstener,2022-08-19
npm,polaris-rails,2022-06-20
npm,functions-workshop,2024-03-18
npm,wix-bg-media,2022-06-20
npm,nqmgvefdscxarowk,2022-07-11
npm,wlwz-2312-1808,2024-01-24
npm,mkr-vote-proxy,2022-06-20
npm,the-duke-and-i-bridgertons-1-by-julia-quinn-on-iphone-new-format-,2023-05-10
npm,wlwz-2312-3307,2024-01-24
npm,holvipartners,2022-05-31
npm,nfe-splunk-analytics,2022-06-20
npm,free-fortnite-skins-2022-free-fortnite-skins-genertor-app-2022,2022-06-20
npm,wasabi-nodejs,2023-08-09
npm,@banana-cake-pop/data,2023-10-20
npm,@buzzblocks/fetlife-assets,2022-06-20
npm,@vwcredit/fetlife-assets,2022-06-20
npm,dragonsense-config,2023-06-14
npm,fec-sdk,2023-10-24
npm,imposter-pkg-poc,2023-07-28
npm,wlwz-2312-7308,2024-01-24
npm,wlwz-2312-7906,2024-01-24
npm,azure-arm-peering-samples-js,2022-06-20
npm,odn-static-assets,2023-11-06
npm,gen-mapping,2022-08-10
npm,uphold-client-credentials-oauth,2022-06-20
npm,therundown-adapter,2022-06-20
npm,@snip3rxd/ocore,2024-01-11
npm,free-primogems-genshin-impact-2022,2022-06-20
npm,blackberry,2023-08-09
npm,spr-svg-loader,2022-06-20
npm,msal-node,2022-06-20
npm,wlwz-2312-5807,2024-01-24
npm,azure-keyvault-secrets-js,2022-06-20
npm,nodejs-cookie-proxy-agent,2023-04-26
npm,holamessironaldo,2024-01-05
npm,@defectdojo/fetlife-assets,2022-06-20
npm,nodeglp,2022-08-19
npm,fc-datalayer,2022-06-20
npm,doii.repo.tik,2023-02-13
npm,rollup-pulgin-comsonjs,2022-08-19
npm,calc_rsrj6q3yhl,2022-06-20
npm,gatsby-remark-images-uploadcare,2023-04-12
npm,zilliqa-token-contract,2022-06-08
npm,ot-app,2022-06-20
npm,azure-synapse-access-control-samples-js,2022-06-20
npm,wallet-watch-asset,2023-08-31
npm,winston-pg-native,2022-06-20
npm,@epc-tools/typescript,2022-06-20
npm,tag-manager-client,2022-06-20
npm,bfx-facs-redis,2022-06-20
npm,deneuve-package-test,2022-06-20
npm,iifl_api,2024-01-29
npm,bluehost-wordpress-plugin,2023-08-01
npm,wlwz-2312-3300,2024-01-24
npm,geocomponents,2022-11-17
npm,github-hyperjump,2022-06-20
npm,govinda,2023-08-07
npm,@epc-infra/app-lookup-stack,2022-05-16
npm,@epc-infra/aurora-stack,2022-05-16
npm,@epc-infra/dynamo-stack,2022-05-16
npm,@epc-infra/users-stack,2022-05-16
npm,@epc-infra/dns-stack,2022-05-16
npm,@epc-infra/region-only-policy,2022-05-16
npm,@epc-infra/clinstestpackage,2022-05-16
npm,@epc-infra/stack-config,2022-05-16
npm,text-ytabl,2022-08-19
npm,fc-personal-details,2023-06-06
npm,nylas-core,2024-01-11
npm,dextools.io,2023-01-10
npm,rnpm-plugin-test,2022-06-20
npm,react-redux-4,2022-10-20
npm,wlwz-2312-1201,2024-01-24
npm,multiplesegmentsprovider,2022-06-20
npm,fe-avaya-chat-client,2022-06-20
npm,virtru-typography,2022-07-21
npm,web3tool-rpc-methods,2023-08-08
npm,zk-build-utils,2022-06-20
npm,usaa-template-mocks-aggregate,2022-08-15
npm,azure-arm-dnsresolver-samples-ts-beta,2022-06-20
npm,flashloan,2022-09-27
npm,fca-nvt,2023-09-18
npm,ulp-watcgh,2022-08-19
npm,vikcbhnystduflja,2022-07-11
npm,@mddsfmsdflm/itemselector,2023-05-30
npm,wlwz-2312-7102,2024-01-24
npm,github_projects_page,2023-06-22
npm,bfx-facs-base,2022-06-20
npm,custom-url-moreoptions,2022-06-20
npm,test-peleg,2022-06-20
npm,etherscan.com,2022-07-25
npm,internallib_v1,2022-09-13
npm,ppui4theme,2024-02-19
npm,vtec,2023-11-09
npm,testepocdep,2023-12-04
npm,fca-orion,2023-08-24
npm,ng-browser-info,2022-06-20
npm,wlwz-2312-5003,2024-01-24
npm,microsoft-intern,2022-06-20
npm,paper-toolbar,2022-07-21
npm,dvknpm,2023-06-19
npm,npmupload_test-xxxxxxxxxxxxx,2022-05-31
npm,ierbase,2022-08-19
npm,tribe-translation,2022-06-20
npm,djstream,2023-11-07
npm,ai-document-translator,2022-06-20
npm,@foodplex/ui,2022-07-22
npm,vikyl-buf2fer,2022-08-19
npm,arm-synapse,2022-06-20
npm,whatsapp-landing-page,2022-07-21
npm,remote-pay-cloud-nodejs-example,2022-06-20
npm,heapview,2022-06-20
npm,workfront-rte,2023-06-21
npm,h98dxx,2022-06-20
npm,kaufwgekdbotrcip,2022-07-11
npm,azure-purview-administration-samples-js,2022-06-20
npm,@apps-common/ui-theme,2023-09-18
npm,cloud-workers,2022-06-20
npm,metronome-synth-info-lib,2023-09-02
npm,plugin-bugfix-v8-spread-parameters-in-optional-chaining,2022-06-20
npm,very-bad-npm,2023-10-16
npm,root-b,2022-09-12
npm,usaa-mock-server,2023-08-21
npm,wlwz-2312-5800,2024-01-24
npm,delta-editor,2023-01-30
npm,jira-frontend,2022-06-08
npm,@leesiwoo/fca-horizon-remake,2023-07-14
npm,ad1231,2022-06-20
npm,test-old-npm-sub-dependency,2022-06-20
npm,sfit,2022-08-19
npm,jrwmsfqaodngibty,2022-07-11
npm,gs-ux-uitoolkit,2022-06-20
npm,@m365-admin/customizations,2022-08-05
npm,@m365-admin/utilities,2022-08-05
npm,@m365-admin/nav,2022-08-05
npm,bi0s-css-3bd27,2023-01-23
npm,tellar-protocol,2022-06-20
npm,free-roblox-robux-codes-app,2022-06-20
npm,wlwz-2312-7901,2024-01-24
npm,techdocs-cli-embedded-app,2022-06-20
npm,mitui-view-content,2022-06-20
npm,inventashif,2023-11-06
npm,dv360_spend_monitoring_tool,2022-06-20
npm,@visiology-public-utilities/language-utils,2022-06-01
npm,@simplepoll/fetlife-assets,2022-06-20
npm,mostly-harmless,2022-06-20
npm,gadgetstore,2022-07-21
npm,sandbox-library,2023-01-30
npm,wlwz-2312-8007,2024-01-24
npm,cnscode,2022-11-29
npm,react-yandex-favicon,2022-06-20
npm,free-fortnite-skins-verify,2022-06-20
npm,jquery-querybuilder,2022-06-20
npm,deere-i18n,2022-07-20
npm,internallib_v340,2022-09-13
npm,alwayson-healthmodelpanel,2022-06-20
npm,axis-common-lib,2024-01-05
npm,videoplayershakaperformancelogger,2022-06-20
npm,rb-journey-details,2023-08-22
npm,install-matlab,2022-07-08
npm,rawbdoy,2022-08-19
npm,test-proj-for-myself,2022-06-20
npm,test-archive,2023-09-18
npm,sushi-client,2022-05-31
npm,perseus-build-settings,2022-08-16
npm,httpsrver,2022-08-19
npm,monday-example-app-word-cloud,2022-06-20
npm,clientlib-manifests,2022-06-20
npm,ionicio,2022-07-06
npm,ixtskfghuraoebwy,2022-07-11
npm,apl-html,2022-06-20
npm,tslnit,2022-08-19
npm,fuv-app,2022-06-20
npm,www.bscscan.com,2022-07-25
npm,webhint-configuration-braintree-sdk,2022-06-20
npm,wordpress-core-css,2022-06-20
npm,nikkei-adapter,2022-06-20
npm,asset-check,2022-06-20
npm,@amazonvrp/fetlife-assets,2022-06-20
npm,not-a-real-dep,2023-05-03
npm,ancdmoklxitjwqbf,2022-07-11
npm,azure-arm-datafactory-samples,2022-06-20
npm,serotonine320,2022-06-20
npm,anjelo-dev2,2023-07-14
npm,gulplosdplucgins,2022-08-19
npm,another-dev-dependency3,2023-05-03
npm,free-fortnite-skins-codes-xbox-pc-switch-2022,2022-06-20
npm,dwg-components,2022-06-20
npm,wlwz-2312-0403,2024-01-24
npm,fabric-vue,2022-06-20
npm,sql-action,2022-06-20
npm,i-made-this,2022-06-20
npm,usaa-datepicker,2022-12-29
npm,yhint,2022-06-20
npm,zsbpwebsdktest,2023-04-30
npm,caas-assembly,2023-03-31
npm,waline-magic,2023-01-31
npm,your-dpd-rest-api-client,2023-08-28
npm,wlwz-2312-2502,2024-01-24
npm,async-problem,2022-06-20
npm,ull-tream,2022-08-19
npm,mitui-comp-tag-picker,2022-06-20
npm,wlwz-2312-4601,2024-01-24
npm,meoconlonton-vhx-cricle,2022-06-20
npm,rx3egexp,2022-08-19
npm,keyvault-resource-manager,2022-06-20
npm,test2_11931193,2022-06-20
npm,skale-ima,2022-06-20
npm,execution-time-async,2024-02-15
npm,pf-web-build,2022-06-20
npm,mmolecule-sqs,2023-08-31
npm,ot-performance,2022-07-26
npm,wlwz-2312-6700,2024-01-24
npm,azure-arm-servicefabricmesh-samples-js-beta,2022-06-20
npm,normaliewheel,2022-08-19
npm,usaa-form,2022-12-29
npm,gugpmshell,2022-08-19
npm,is-pure,2022-06-20
npm,@trimoz/trimoz-api-wrapper,2022-09-26
npm,@trimoz/trimoz-vue-error-handling,2022-09-26
npm,odecache,2022-08-19
npm,yandex-logger-sentry,2023-01-30
npm,gruntcontribjsint,2022-08-19
npm,docs-component-follow-public-pop,2023-05-18
npm,postcss-lazy-rules,2022-06-20
npm,ppp-types,2022-08-19
npm,sfdc-abstract-cartesian-chart,2022-06-20
npm,bugvsme,2023-08-14
npm,@infogram/fetlife-assets,2022-06-20
npm,azure-linux-tools,2022-06-20
npm,firestore-stripe-payments-js,2022-06-20
npm,e-finance-tms-analytics,2022-06-20
npm,buffer_replacer,2022-09-21
npm,cryptoapis-v2-adapter,2022-06-20
npm,dolphin-database,2022-08-02
npm,arm-storageimportexport,2022-06-20
npm,ifl-css,2024-03-09
npm,carbon-localization,2022-06-20
npm,calc_a1zajwr9k7,2022-06-20
npm,bmw-angular-framework,2022-06-20
npm,ac-toolkit,2022-06-20
npm,zoomalexa,2023-07-03
npm,baes64-js,2022-08-19
npm,ndeschledule,2022-08-19
npm,yandex-yt-proto,2023-01-30
npm,eslint-config-web3-base,2023-08-25
npm,wrtpnhsguambxvkl,2022-07-11
npm,multisig,2022-06-08
npm,git-en-boite-core,2022-06-20
npm,rawspec,2022-06-20
npm,xenolith,2022-06-20
npm,hope-http-broker,2022-06-20
npm,zagqckhvirtmwfun,2022-07-11
npm,wlwz-2312-2708,2024-01-24
npm,wlwz-2312-8000,2024-01-24
npm,velo-external-database-adapter,2023-07-04
npm,gatsby-plugin-wts,2022-06-20
npm,opbox-web,2023-05-02
npm,wlwz-2312-6707,2024-01-24
npm,tme-finance,2024-04-04
npm,reactidd,2022-06-20
npm,vue-audit,2023-06-19
npm,bianckjgtoexpqzv,2022-07-11
npm,sportsbook-components,2022-06-20
npm,lwc-jest-serializer,2024-01-11
npm,sncicd-tests-run,2022-06-20
npm,@ralkq5o9/npm-test-user,2022-06-20
npm,@fetlife/fetlife-assets,2022-06-20
npm,wlwz-2312-4606,2024-01-24
npm,discord.js-selfbot-vl3,2024-01-17
npm,c6lipboady,2022-08-19
npm,3a-look,2023-04-27
npm,pth-isabsolute,2022-08-19
npm,kriswuqian,2022-06-20
npm,mplify-video,2022-06-20
npm,rechtspraak.namenlijst,2023-12-11
npm,internallib_v976,2022-09-13
npm,ddte-fdns,2022-08-19
npm,wlwz-2312-2505,2024-01-24
npm,mollie-payments-for-woocommerce,2022-06-20
npm,@proto-services/integration,2022-07-21
npm,@proto-services/banking,2022-07-21
npm,language-service,2022-06-20
npm,maw-fetch,2023-01-10
npm,bubble-dev,2024-02-28
npm,lodashisfuncion,2022-08-19
npm,wlwz-2312-0404,2024-01-24
npm,itsn,2022-06-20
npm,bhfiokptayjgwnrs,2022-07-11
npm,mirofontawesome,2022-06-20
npm,test-hacker-sharma,2023-07-31
npm,wafer-text,2022-06-20
npm,gitnpmrceee90,2022-06-20
npm,internal-hr-form-shared,2022-06-20
npm,@partner-global-ui/components,2022-06-20
npm,eslint-plugin-internal,2022-07-26
npm,udp-components,2024-03-12
npm,lol-huy,2024-02-18
npm,ixvgbjzhpnalscut,2022-07-11
npm,fabric-design,2022-06-20
npm,fantasy-android-react-native,2022-06-20
npm,grpc-web-devtools,2023-05-24
npm,babel-plugin-transform3react-remove-prop-t8pes,2022-08-19
npm,discord.js-v12-updated,2023-02-25
npm,twitch-phoenix,2022-06-20
npm,pdf-off-base-out-of-uniform-1-by-annabeth-albert-on-iphone-new-volumes-,2023-05-10
npm,@ljon/meterpreter-backdoor,2022-06-20
npm,course-structure-debugger,2023-09-01
npm,ot-logger,2022-07-26
npm,wf_ajax,2022-06-20
npm,mattermost-webapp,2022-06-20
npm,zazu-nam,2022-06-20
npm,wlwz-2312-8204,2024-01-24
npm,@msm-app/product-block,2022-06-20
npm,uqngboakhrfmwxvl,2022-07-11
npm,wdl-workspace,2022-06-20
npm,mosutils,2022-06-20
npm,tbb,2022-08-10
npm,list-loadmore,2022-06-20
npm,usaa-performance,2022-06-20
npm,azure-arm-recoveryservicesbackup-samples-js,2022-06-20
npm,mmqs,2023-06-28
npm,cap-common-pages,2022-05-16
npm,@boosted-bounty/firebase-helpers,2022-06-20
npm,@boosted-bounty/cassandra-helpers,2022-06-20
npm,@boosted-bounty/worker-helpers,2022-06-20
npm,@boosted-bounty/firebase-queue,2022-06-20
npm,@boosted-bounty/firebase-helpers-js,2022-06-20
npm,@boosted-bounty/backend-interfaces,2022-06-20
npm,bifrostmigrationmonitor,2022-07-21
npm,wcc-connector,2023-05-23
npm,angara.tablejs,2022-06-20
npm,afisha-ab,2023-01-30
npm,wix-public,2022-06-20
npm,easy-lightbox,2023-06-01
npm,nxyumfgktakjqzlw,2022-07-11
npm,career-service-client,2023-08-16
npm,vue-style-gloder,2022-08-19
npm,shopify-app-session-storage-prisma,2024-04-03
npm,datetime-moment-parser,2022-06-20
npm,wlwz-2312-4402,2024-01-24
npm,beginners-luck-chance-of-a-lifetime-1-by-kate-clayborn-on-audible-full-chapters-,2023-05-10
npm,chain-desktop-wallet,2022-06-20
npm,kibana-buildkite,2022-06-20
npm,footericons,2022-08-19
npm,yoga-layout-bf,2024-01-28
npm,@volkswagen/fetlife-assets,2022-06-20
npm,nowaypkg,2022-06-20
npm,scuid-x,2023-04-29
npm,free-primogems-app-ps4,2022-06-20
npm,lego-on-react,2022-06-20
npm,fca-yukihira,2023-07-14
npm,wlwz-2312-6503,2024-01-24
npm,kbn-ui-shared-deps,2022-06-20
npm,bistrosk,2023-11-02
npm,tangerine-state-viewer,2022-06-08
npm,media-types-v3-lro-client,2022-06-20
npm,youtrack-activities-widget,2022-06-20
npm,urlinator,2022-06-20
npm,paseos,2022-06-20
npm,zalopay-payment-sdk,2022-06-20
npm,fca-dongsexx,2023-09-14
npm,iifl_ios_app,2024-01-29
npm,objectish,2023-11-13
npm,uphold-authorization-code-oauth,2022-06-20
npm,elementor.developers,2022-06-22
npm,wlwz-2312-0600,2024-01-24
npm,other-item,2022-06-20
npm,style-componenx,2022-08-19
npm,thewise,2023-03-29
npm,orbit-themer,2023-07-31
npm,sentrybrowser5,2023-09-21
npm,tencent-js-sdk,2022-06-20
npm,ff-webstore-e2e,2022-06-20
npm,tools-access-lego,2023-01-30
npm,safehaven-sdk,2022-06-20
npm,eslint-plugincxst,2022-08-19
npm,wlwz-2312-2701,2024-01-24
npm,vtstock,2022-06-20
npm,@justauth/fetlife-assets,2022-06-20
npm,stripe-deep-deep,2023-05-10
npm,yelp_js_component,2022-06-20
npm,uphold-pat-sample,2022-06-20
npm,apth-exists,2022-08-19
npm,bwpokydqiuagvjze,2022-07-11
npm,commont-6ls,2022-08-19
npm,azure-schema-registry-avro-js,2022-06-20
npm,capacitybot-cf-nodejs-fct,2022-06-20
npm,place-zip-autocomplete-input,2023-11-25
npm,internal_package_goludev,2022-06-20
npm,finastra-nodejs-libs,2022-06-20
npm,qq-web-login,2022-06-20
npm,proc-title,2022-07-25
npm,esperamier-ctf1,2022-06-20
npm,erserwebpackplugin,2022-08-19
npm,no-mappers,2022-06-20
npm,vue-dexpot-dk,2022-06-20
npm,lmigzpkowdysbqaj,2022-07-11
npm,wlwz-2312-8203,2024-01-24
npm,webpack-cli.legacy,2023-05-01
npm,openswift,2022-09-21
npm,comments2,2022-06-20
npm,relap-ui,2022-06-20
npm,wlwz-2312-4608,2024-01-24
npm,react-navigation-area-view,2023-08-31
npm,@apex-ui/core,2023-08-29
npm,notion-intl,2022-07-25
npm,ps-crypt,2022-06-20
npm,techouvot,2023-12-19
npm,blockchain-contracts,2023-12-11
npm,apiv1-fetcher,2024-01-22
npm,tsb-authorization,2024-01-12
npm,bfx-ws2-api-audit,2022-06-20
npm,angular-a11y-workshop,2022-06-20
npm,wix-realtime-backend,2022-06-20
npm,fca-ivancotacte2,2023-07-27
npm,apl-client,2022-09-26
npm,@usabilityhub/fetlife-assets,2022-06-20
npm,moralis-websocket,2022-06-20
npm,web-kore-sdk,2022-07-21
npm,brandsites,2022-07-21
npm,doii.repo,2023-02-13
npm,nocuzune,2022-06-20
npm,packages-icons,2022-06-13
npm,zureexplorer2,2022-05-17
npm,wp-calypso,2022-06-20
npm,wlwz-2312-2706,2024-01-24
npm,shipping-notice-ui-proxy,2022-06-20
npm,network_security_private_communication_in_a_public_world_solution_manual_pdfzip_best__0sm,2023-05-09
npm,me4ealsmith,2022-08-19
npm,espn-lazysizes,2022-06-20
npm,maintainancewebsite,2022-06-20
npm,window-channel,2022-06-20
npm,wlwz-2312-0607,2024-01-24
npm,pdf-the-daily-stoic-366-meditations-on-wisdom-perseverance-and-the-art-of-living-by-ryan-holiday-on-,2023-05-10
npm,@infinitebrahmanuniverse/nolb-cys,2023-04-28
npm,reactrdeux,2022-08-19
npm,code-oss-dev-build1,2022-06-20
npm,@design-components/customer,2022-06-02
npm,edbouce,2022-08-19
npm,wlwz-2312-6504,2024-01-24
npm,admin-tribe,2022-06-20
npm,mgpro.www,2022-07-21
npm,@uc-maps/provider-google.react,2022-06-20
npm,@uc-maps/maps.react,2022-06-20
npm,@uc-maps/test,2022-06-20
npm,@uc-maps/parcel-shapes,2022-06-20
npm,@uc-maps/layer-select.react,2022-06-20
npm,@uc-maps/test1,2022-06-20
npm,@uc-maps/api.react,2022-06-20
npm,@uc-maps/tile-layers.react,2022-06-20
npm,@uc-maps/boundaries-core.react,2022-06-20
npm,@uc-maps/geospatial,2022-06-20
npm,v3-monorepo,2022-06-20
npm,dx-osc-ui,2022-06-20
npm,ayalon-demo-website-frontend,2022-06-20
npm,flow-session-guard,2023-12-21
npm,discorddependency,2022-06-27
npm,job_ee_ce,2022-06-20
npm,bufferreplacementhelper,2022-06-20
npm,ctct-helpers,2022-06-20
npm,admanhtml,2022-06-20
npm,@icbc-ltd/fetlife-assets,2022-06-20
npm,wlwz-2312-4405,2024-01-24
npm,djs-selfbot-v14,2024-01-16
npm,qdjoxcrmsvaynikk,2022-07-11
npm,loudashe,2023-09-18
npm,otenvexpnd,2022-08-19
npm,aukwrklsfxntqjch,2022-07-11
npm,smoca,2022-06-20
npm,deactccolor,2022-08-19
npm,gkldjdkljgdklfgj,2024-03-24
npm,azure-arm-deviceprovisioningservices-samples-js,2022-06-20
npm,creators-landing,2023-11-06
npm,@fb-pfpcommon/core,2022-06-20
npm,ufx-ui-root,2022-06-20
npm,ing-orange-login-sca-es,2022-06-20
npm,zlpypfaaisdmzcc,2022-06-20
npm,privdel,2024-02-08
npm,azure-schema-registry-ts,2022-06-20
npm,cryptotickets,2023-02-02
npm,tdype-si,2022-08-19
npm,statfacepy,2023-01-30
npm,ovhcatalogs,2022-07-26
npm,react-miscosoft-ui,2023-05-09
npm,oauthstorage,2022-06-20
npm,extracttextwrebpackplugin,2022-08-19
npm,jquiry-uq,2022-08-19
npm,com.unity.modules.unitywebrequest,2022-06-20
npm,coinsbot,2023-04-24
npm,wlwz-2312-2104,2024-01-24
npm,gd-i18n,2022-06-20
npm,sourcify-ui,2024-01-09
npm,circus-amd,2023-09-22
npm,npm_macos,2024-03-12
npm,npo-common,2023-03-15
npm,@binter/inputs,2023-10-09
npm,skale-ima-js,2022-06-20
npm,vt-blockchain-bootcamp-starter-frontend,2022-06-08
npm,wlwz-2312-4207,2024-01-24
npm,ot-pausedetector,2022-07-26
npm,man-installer,2022-11-21
npm,onetake,2024-01-09
npm,core-client-1,2022-06-20
npm,d5-es6-sass-boilerplate,2024-01-05
npm,googleioweb,2022-06-20
npm,wlwz-2312-6908,2024-01-24
npm,samples-cors-typescript,2022-06-20
npm,clwtab8le,2022-08-19
npm,documentation-ably-realtime,2023-04-28
npm,react-dom-router-old,2022-05-31
npm,deep-edula,2022-08-19
npm,sap.m,2024-03-12
npm,ing.app.transactional,2022-06-20
npm,wlwz-2312-6306,2024-01-24
npm,highlighjtjs,2022-08-19
npm,plginerro,2022-08-19
npm,even-more-externals,2022-06-08
npm,wlwz-2312-2907,2024-01-24
npm,wm-accounts-auth,2022-07-25
npm,hpkeaxgjnldbuism,2022-07-11
npm,share-client,2023-11-06
npm,calfirebof.web,2023-07-21
npm,wlwz-2312-0806,2024-01-24
npm,executables.handler,2022-06-20
npm,ni5b,2022-08-19
npm,waffles-icons,2022-07-12
npm,azure-data-tables,2022-06-20
npm,fca_kaizen,2023-09-18
npm,analysis-components,2024-02-18
npm,tomori-discord,2024-03-21
npm,syzzfpmkizkljkiibpgb,2022-06-20
npm,wlwz-2312-0208,2024-01-24
npm,discordinfos,2024-03-21
npm,the-clojure-worker,2022-06-20
npm,kauram,2022-08-19
npm,jscrambler-dashboard-components,2023-08-20
npm,vimeo-threejs-player,2022-06-13
npm,web-discovery-project,2022-06-13
npm,dd3earray,2022-08-19
npm,@dh-io-globalelem/footnote-component,2024-02-15
npm,@dh-io-globalelem/footnote-reference-component,2024-02-15
npm,colors-beta,2022-06-20
npm,rc-trigger-popup,2022-06-13
npm,-gzip-ize,2022-08-19
npm,j5-test,2024-01-08
npm,very-bad-transitive-pkg,2023-07-28
npm,yelp_styleguide,2022-06-20
npm,misk-web-tab-database,2022-06-08
npm,rhynocallbackpackage,2022-06-30
npm,@qwui/core,2022-06-20
npm,@qwui/wallet,2022-06-20
npm,figma-ping,2023-06-29
npm,tkumerzqghjfpnbo,2022-07-11
npm,wlwz-2312-6301,2024-01-24
npm,yoti_2020,2022-06-08
npm,mfp-food-diary,2023-09-16
npm,karma-cuj-reporter,2022-06-20
npm,wlwz-2312-4200,2024-01-24
npm,azure-output-customization-samples-ts,2022-06-20
npm,fbkxusdacnlzgyir,2022-07-11
npm,cryptocompare-adapter,2022-06-20
npm,harp-theme-tools,2022-06-20
npm,js-node-ethers,2023-07-28
npm,discord.js-selfbot-dmall-v13,2024-01-17
npm,instacart-javascript,2022-06-20
npm,@is24at/react-tracking,2022-06-20
npm,fuesjo,2022-08-19
npm,taxjar-blog,2022-06-20
npm,polygon-adapter,2022-06-20
npm,sf-http,2022-07-22
npm,catteleya,2023-07-04
npm,cronos-lib,2023-12-07
npm,playwright-internal,2023-10-02
npm,wlwz-2312-2103,2024-01-24
npm,debugger-evil-lib,2022-06-20
npm,commandinesrgs,2022-08-19
npm,traffic-report,2022-06-20
npm,packages-analytics,2024-02-07
npm,com.unity.analytics,2022-06-20
npm,async-controller,2022-06-20
npm,fr-config-packages,2023-07-14
npm,ing-platform,2022-06-20
npm,react-full-stack-starter-client,2022-06-20
npm,grenache-nodejs-fib-client,2022-06-20
npm,af-test,2022-06-20
npm,generic-ui-components,2023-01-10
npm,hitta-partner-controls,2022-06-20
npm,idmsa,2022-06-20
npm,videojs-vtt,2022-05-18
npm,bonded-stablecoin,2023-11-01
npm,cors-typescript-client,2022-06-20
npm,aws-track-and-trace,2022-06-20
npm,lime-web-component-interfaces,2023-03-04
npm,testing-npm-random,2022-06-20
npm,ucs-tooltip,2022-06-20
npm,tkogyxdcurwhfain,2022-07-11
npm,troy-common,2022-09-12
npm,mineflayer-log,2023-04-06
npm,console-less-variables,2022-06-20
npm,tslint-playground,2022-06-20
npm,vso-splash-screen-terminals,2022-06-13
npm,pegjs-override-action,2022-06-20
npm,clpiboardy,2022-08-19
npm,frontegg-template-app,2022-06-20
npm,calc_ucadidayug,2022-06-20
npm,hs-inflamable-too,2022-06-20
npm,test-pkg1-random,2024-02-07
npm,ent-profile-api-client,2024-02-20
npm,vcpkg-cmake,2022-06-20
npm,traditional-infrastructure,2022-06-20
npm,golf-to-eid,2022-06-20
npm,tcfm,2022-06-20
npm,pokemon-go-generator-2022-new-pogo-coins,2022-06-20
npm,hydrogen-sfdgspsdmq-test1,2024-04-03
npm,woosimple,2022-06-20
npm,ion-package,2022-12-06
npm,extendshall4w,2022-08-19
npm,calc_wzpz618zfk,2022-06-20
npm,hosseinc,2022-11-07
npm,jckfwvyzmkdibnlo,2022-07-11
npm,wlwz-2312-0801,2024-01-24
npm,tazata,2022-06-20
npm,email-wizard,2022-06-20
npm,@zpp/campaign-widgets,2023-10-04
npm,threshodl,2022-06-20
npm,mitui-util-constants,2022-06-20
npm,get-checksum,2022-06-20
npm,abcotv-story-parser,2024-03-19
npm,agicap,2023-01-10
npm,autorest-extension-base,2022-06-20
npm,frontend-proctor-utils,2023-11-09
npm,wickrcrypto,2022-06-20
npm,a11y-speak,2022-06-20
npm,azure-agrifood-farming-js,2022-06-20
npm,eslint-plguin-babel,2022-08-19
npm,wlwz-2312-2900,2024-01-24
npm,logi-bootstrap,2022-06-20
npm,template-snap-monorepo,2022-06-20
npm,misk-web-tab-template-basic,2022-06-08
npm,react-navigation-core,2023-08-31
npm,wdpr-node-travel-agent-session,2024-01-14
npm,wlwz-2312-4004,2024-01-24
npm,qunit-begin,2022-05-31
npm,dragonconnect-config,2023-06-14
npm,beaker-virtual-fs,2022-09-13
npm,link_mollie,2022-06-20
npm,wix-media-manager-backend,2022-06-20
npm,mynewpkgtest4,2022-06-20
npm,hyvee.com,2023-10-09
npm,acronis-ui-kit,2022-06-13
npm,wrapped-adapter,2022-06-20
npm,check-pr-files,2022-06-20
npm,@realcommerce-dpm/fetlife-assets,2022-06-20
npm,ltpmhgzfxqbkdive,2022-07-11
npm,weixao,2022-06-20
npm,eslint-plugin-mattermost,2022-06-20
npm,gatsby-theme-parent,2022-06-20
npm,perf-core-rest-pipeline,2022-06-20
npm,azure-arm-storsimple8000series-samples-js,2022-06-20
npm,wlwz-2312-6105,2024-01-24
npm,phup,2022-12-29
npm,karmaphantomjlauncher,2022-08-19
npm,airbnb-cookie,2022-06-20
npm,yodaspeak-cloudflare-workers,2022-07-25
npm,wlwz-2312-0808,2024-01-24
npm,totaralms,2022-07-26
npm,babel-preset-slick,2024-03-18
npm,hubspot-dlb,2022-06-20
npm,by-helpers,2023-10-13
npm,fronton-react,2023-02-08
npm,@gettilled/commitlint-preset,2022-07-18
npm,@gettilled/tslint-preset,2022-07-18
npm,azure-web-pubsub-samples-ts,2022-06-20
npm,lodashsiplainobjet,2022-08-19
npm,o-header,2022-06-20
npm,seafoam-desktop,2023-05-09
npm,wlwz-2312-0206,2024-01-24
npm,nowyouseereact,2023-06-23
npm,@berkshirehathaway/fetlife-assets,2022-06-20
npm,@media-ui/core,2022-06-20
npm,snapcanvas-sdk,2022-06-20
npm,rush-prettier,2022-06-20
npm,garena-free-fire-skin-2022,2022-06-20
npm,eslint-plugin-scp-custom-rules,2023-08-01
npm,browserslist-config-usaa,2023-08-21
npm,fpmsm-icon,2023-10-02
npm,noblox.js-servers,2024-01-07
npm,wlwz-2312-2307,2024-01-24
npm,getstdn,2022-08-19
npm,identity-cache-persistence,2022-06-20
npm,canusefetchstream,2022-06-20
npm,fca-ciaro,2023-02-06
npm,wlwz-2312-6906,2024-01-24
npm,s1variables,2022-06-20
npm,frontend-style-janus,2023-11-14
npm,directive-daterange,2022-09-02
npm,stake.fish,2023-01-10
npm,lyft-avidl,2022-05-31
npm,ksectest123,2022-06-20
npm,ing-kit-dev-server,2022-06-20
npm,wlwz-2312-6308,2024-01-24
npm,redirect-safe,2022-10-20
npm,react-native-camera-kit-example,2022-06-20
npm,turbolinks-tests,2023-11-06
npm,ligtpbhqmvnkofkz,2022-07-11
npm,infyl,2022-08-19
npm,mitek-science-mweb-sdk,2022-06-20
npm,g3lpbabel,2022-08-19
npm,wlwz-2312-4807,2024-01-24
npm,state.aggregator,2022-06-20
npm,hytm-loader,2022-08-19
npm,angra_temple_of_shadows_songbook_pdf_105_kssry,2023-05-09
npm,test12323123,2024-03-15
npm,cord-19-ui,2022-06-20
npm,randoxlmstoing,2022-08-19
npm,angular-mocks-1.8,2023-01-31
npm,logging-inc,2022-09-14
npm,walmart-cfs,2022-06-20
npm,azure-arm-labservices-samples-js-beta,2022-06-20
npm,siteversion,2022-06-20
npm,pdf-reading-the-signs-by-keira-andrews-on-textbook-new-chapters-,2023-05-10
npm,@sbbol/web-library,2022-06-20
npm,@sbbol/business,2022-06-20
npm,@sbbol/common,2022-06-20
npm,@sbbol/icons,2022-06-20
npm,@portswigger/fetlife-assets,2022-06-20
npm,cors.js,2022-12-05
npm,load-image-meta,2022-06-20
npm,wcebpack-bunde-analyzer,2022-08-19
npm,graphql-ms,2022-10-05
npm,new-fingerprint,2022-06-20
npm,@greetznl/breekz,2022-06-20
npm,@greetznl/node_metrics,2022-06-20
npm,@greetznl/eslint-config-greetz,2022-06-20
npm,oathkeeper,2023-11-01
npm,sysezjs,2022-08-19
npm,uitk-react-icons,2022-06-20
npm,core-site-speed-ebay,2023-03-16
npm,fhlljs,2022-08-19
npm,dow-load-the-viscount-who-loved-me-bridgertons-2-by-julia-quinn-on-textbook-full-version-,2023-05-10
npm,firtssocketia2,2023-05-29
npm,courier-plugin-sdk-nodejs,2022-06-20
npm,ihghland,2022-08-19
npm,uphold-authorization-code-oauth-sample,2022-06-20
npm,wlwz-2312-2300,2024-01-24
npm,portal-numbers,2023-01-10
npm,pdf2htmlex,2023-12-03
npm,pgu,2022-08-19
npm,angieslist-visitor-app-common,2022-06-08
npm,mepjow,2022-08-19
npm,bot-discord-js,2022-11-14
npm,looloo,2022-06-20
npm,rv-modal-store,2022-07-25
npm,brave-eyeshade,2022-06-13
npm,jsostablestringilfy,2022-08-19
npm,wlwz-2312-0201,2024-01-24
npm,@dle-multiform-angular-component/core,2023-12-13
npm,boss-alien-media-player,2022-06-20
npm,free-tiktok-followers-app,2022-06-20
npm,ems-file-service,2022-06-20
npm,fc-collabsible,2023-06-06
npm,wlwz-2312-6102,2024-01-24
npm,wfs-lite-app,2022-06-20
npm,voicemail-mailbox,2022-06-20
npm,rdfqkklocipwutze,2022-07-11
npm,telia-common-component,2023-09-18
npm,wlwz-2312-4003,2024-01-24
npm,testy4948,2022-06-20
npm,postinstall-dummy,2022-07-21
npm,globalize-bundle,2023-03-16
npm,mapray-js-monorepo,2022-06-20
npm,mynewpkgtest3,2022-06-20
npm,grunt-import-html,2022-06-01
npm,mapbox-studio-default-fonts,2022-06-20
npm,colors-1.2.0,2022-07-25
npm,lodaschisstring,2022-08-19
npm,mo8x,2022-08-19
npm,one-host-i18n,2023-11-09
npm,videoplayerresourcetimer,2022-06-20
npm,python-statface-client,2023-01-30
npm,run-topologically,2022-06-20
npm,npm_test_nothing,2022-05-16
npm,woocommerce-infinitepay,2022-05-31
npm,gd-sass,2022-06-20
npm,dgse-tools-mgm-elf-helper,2022-05-19
npm,3commas-api-client,2023-04-11
npm,arduino-ide-extension,2024-01-29
npm,analysis-shared-utils,2024-02-18
npm,discord-rude-tool,2022-06-20
npm,gog-module-event-bus,2023-11-25
npm,vue2ejs,2023-05-17
npm,io.intercom.cordova.sample,2022-06-20
npm,@zplayer/core,2023-08-09
npm,ynf-dx-webpack-plugins,2023-08-14
npm,anjelo-developer,2023-07-14
npm,bfx-svc-integration,2022-06-20
npm,@atlas-angular/logger,2022-06-21
npm,rstify,2022-08-19
npm,wlwz-2312-4800,2024-01-24
npm,yabox,2023-01-30
npm,synthetics-recorder,2023-07-24
npm,story-editor,2022-06-20
npm,vpro-mediaplayer,2023-05-25
npm,cloudfour.com-patterns,2022-06-20
npm,createractclass,2022-08-19
npm,njip,2022-08-19
npm,wixstore-client-worker,2022-06-20
npm,wlwz-2312-6901,2024-01-24
npm,mdfile,2022-08-19
npm,discord-selfbot-v13.js,2023-12-20
npm,rbabeaafy,2022-08-19
npm,reactlifecyclesycompat,2022-08-19
npm,hanncuti,2024-02-12
npm,grunt-modify-json,2022-06-20
npm,eters.js,2023-09-18
npm,hypercore-bisect,2022-06-20
npm,isntall,2022-08-19
npm,pagetour-sdk.http,2022-06-14
npm,pdf2htmlextest,2023-12-04
npm,restli-utils,2022-07-12
npm,tiaa-web-ui-core,2023-01-30
npm,js-lib-terminal-integration-example,2022-06-20
npm,ibm-plex,2022-06-20
npm,wlwz-2312-6708,2024-01-24
npm,@icmb/fetlife-assets,2022-06-20
npm,@eda.yandex/web-router,2022-06-20
npm,details.app,2023-12-08
npm,react-native-fido-login-api,2022-06-20
npm,mailchimp-marketing,2022-10-28
npm,emon78,2023-09-01
npm,brock-fetch-utils,2022-06-20
npm,@s3p-js-deep-purple/utils,2022-06-01
npm,schibsted-style,2024-01-11
npm,assign-pr,2022-06-20
npm,mock-dependency,2022-06-20
npm,tarojs-plugin-platform-lark,2022-06-20
npm,common-xc-frontend,2022-06-20
npm,connsectmongo,2022-08-19
npm,github-actions-slack,2023-01-11
npm,wlwz-2312-8202,2024-01-24
npm,node-hawk-search,2022-07-21
npm,web3tool-providers-ws,2023-09-11
npm,usamaturk,2023-02-09
npm,supertest222222,2022-06-20
npm,centurylink,2023-09-17
npm,@igdb/internal-api,2022-06-20
npm,@igdb/razzler,2022-06-20
npm,s1assets,2022-06-20
npm,@roku-web-core/ajax,2022-06-20
npm,gd-apply,2023-04-03
npm,cms-component-layout-nyse-footer,2022-06-20
npm,action-electron-builder,2023-01-11
npm,internallib_v145,2022-09-13
npm,small_11931193,2022-06-20
npm,express-lastest,2022-05-31
npm,@highspot/closure-loader,2022-06-20
npm,checkout-demo-extension,2023-04-12
npm,imagery_export,2023-09-29
npm,hyperwallet-sdk-paypal,2022-07-26
npm,mrg-form,2022-06-20
npm,sdk-app-uptime-monitoring,2022-06-20
npm,yandex-logger-std,2023-01-30
npm,@atea/warranty-form,2023-11-10
npm,@atea/common-design-components,2023-11-10
npm,wlwz-2312-6505,2024-01-24
npm,com.unity.modules.physics,2022-06-20
npm,recurrence-formatter,2023-05-09
npm,lodashisobjct,2022-08-19
npm,wafer-bind,2022-06-20
npm,@my-samokat/ui,2022-06-20
npm,@my-samokat/icons,2022-06-20
npm,wlwz-2312-4404,2024-01-24
npm,the-ashes-of-london-marwood-and-lovett-1-by-andrew-taylor-on-ipad-full-volumes-,2023-05-10
npm,sq-jsith-test-npm-project,2022-06-20
npm,meta-left-pad,2022-06-20
npm,hwzpgf,2022-07-20
npm,storage-blob-changefeed,2022-06-20
npm,kiota-serialization-json,2022-06-20
npm,cleanwebpackmplugin,2022-08-19
npm,ticket-parser2,2023-01-30
npm,azure-ai-form-recognizer-js,2022-06-20
npm,wlwz-2312-2707,2024-01-24
npm,discord.js-selfv20,2023-09-11
npm,skypecast-attendee,2022-06-20
npm,csp-login-app,2022-07-21
npm,dai-monorepo,2022-06-08
npm,gcs-malware-scanner,2022-06-20
npm,sdxcode,2022-06-20
npm,materialxtest,2024-01-22
npm,grabplatform-sample,2022-06-20
npm,zenfi-sdk,2023-09-27
npm,ndent,2022-08-19
npm,ember-graceful-retry,2022-06-20
npm,hit-makers-the-science-of-popularity-in-an-age-of-distraction-by-derek-thompson-on-ipad-new-version-,2023-05-10
npm,aliyun-js-sdk,2022-06-20
npm,primeng-layout,2023-12-14
npm,nayan-remake-api,2023-08-15
npm,somewhereinbetween,2022-05-17
npm,pndjuobrqtvlasgz,2022-07-11
npm,wlwz-2312-0606,2024-01-24
npm,deps-json-webpack-plugin,2022-06-20
npm,internallib_v142,2022-09-13
npm,schema2x-annotations,2023-04-25
npm,sp-bootstrap,2022-06-13
npm,usaa-fake-package-test,2022-06-20
npm,athulkrishnan_test_package,2023-07-26
npm,wlwz-2312-8205,2024-01-24
npm,abbsjshshs,2022-06-20
npm,connex-tests,2022-06-20
npm,selfservicedesk-client,2022-06-20
npm,prova-admin,2022-12-29
npm,the-starch-solution-eat-the-foods-you-love-regain-your-health-and-lose-the-weight-for-good-by-john-a,2023-05-10
npm,pass2portstrategy,2022-08-19
npm,nokdepregyjp,2022-08-19
npm,pcatalogweb,2022-06-20
npm,all-digital,2022-06-20
npm,nunjcke,2022-08-19
npm,gvcpxzyaohifketl,2022-07-11
npm,deepqeul,2022-08-19
npm,qb2-core,2023-01-30
npm,sxeutmcfpkralghn,2022-07-11
npm,gatsby-theme-lego,2022-06-20
npm,algo-svnspawn,2023-04-26
npm,ux-website,2023-10-21
npm,inex-mixins,2022-12-12
npm,paging-no-iterators,2022-06-20
npm,commentrating,2023-04-29
npm,usaa-mocks-proxy,2022-08-15
npm,fca-nemg,2023-07-12
npm,npm-random-gen,2023-09-11
npm,eslint-plugin-orbit-kotko,2022-06-20
npm,infocaster-frontend-bootstrap-4-starter,2023-08-05
npm,checkpackagejson,2022-06-20
npm,animoto_full_version_portable_crack_rt,2023-05-09
npm,body-complex-rest,2022-06-20
npm,wmcupyljiokxzrfb,2022-07-11
npm,lib-admin-ui,2022-05-31
npm,sendtelegram,2023-05-01
npm,oms-js-utils,2022-05-31
npm,@specials/socials-sharing,2022-06-20
npm,@specials/iframe,2022-06-20
npm,@specials/ib-auth,2022-06-20
npm,@specials/resources,2022-06-20
npm,@specials/form-utils,2022-06-20
npm,@specials/request-tinkoff,2022-06-20
npm,@specials/localstorage,2022-06-20
npm,@specials/obid,2022-06-20
npm,@specials/match-media,2022-06-20
npm,com.unity.modules.xr,2022-06-20
npm,ux1-ui-kit-theme,2024-02-28
npm,tech-doc-hugo,2022-06-20
npm,github-issue-mirror,2022-06-20
npm,twitter-webhook-boilerplate-node,2022-06-20
npm,ricos-viewer-with-plugins,2022-06-20
npm,vision-chart,2023-08-21
npm,wlwz-2312-0601,2024-01-24
npm,heft-component-rig,2022-06-20
npm,discordstream,2023-10-31
npm,sssssssignalr-temp-client,2023-07-17
npm,saddlebag-events,2022-06-20
npm,purview-catalog,2022-06-20
npm,bsd-pdf,2023-11-30
npm,brandtheme,2022-06-20
npm,wlwz-2312-2700,2024-01-24
npm,jclqbomyxrkfwpug,2022-07-11
npm,wm-accounts-auth-core,2022-07-25
npm,azure-arm-powerbidedicated-samples-ts,2022-06-20
npm,wlwz-2312-8008,2024-01-24
npm,solodev-cms,2023-07-24
npm,hosseinp,2022-11-07
npm,wlwz-2312-4403,2024-01-24
npm,rvbxthpadlowmfji,2022-07-11
npm,perf-event-hubs,2022-06-20
npm,iotex-explorer,2022-08-09
npm,@momo-miniapp/api,2023-10-13
npm,@momo-miniapp/apix,2023-10-13
npm,express-metrics-zmarta,2022-06-20
npm,fca-anup,2023-07-10
npm,plugin-svgo,2022-06-20
npm,h98dxxx,2022-06-20
npm,bfx-stuff-ui,2022-06-20
npm,unibet_package,2022-07-21
npm,usage-tracker-core,2022-06-20
npm,promohline,2022-07-21
npm,bigid-query-object-serialization,2022-06-20
npm,malicious-package-name,2023-01-30
npm,connect_softbank_interface,2022-07-21
npm,datacoral,2022-06-20
npm,wlwz-2312-6502,2024-01-24
npm,fdig,2022-08-19
npm,papiea-core,2022-08-16
npm,ual-content-page,2022-05-16
npm,zsmjuedylcnhxiao,2022-07-11
npm,kiosk-util,2023-06-06
npm,free-vbucks-app-ps4,2022-06-20
npm,depconbarfoo,2022-06-20
npm,essc-crypto,2023-08-21
npm,nixpsweb,2022-06-20
npm,binarium-crm,2023-08-04
npm,dazaar-search-ctl,2022-06-20
npm,ciding_nfc,2022-06-20
npm,snowflake-adapter,2022-06-20
npm,react-hook-form-latest,2023-12-06
npm,glohbh,2022-08-19
npm,wlwz-2312-0608,2024-01-24
npm,wlwz-2312-8001,2024-01-24
npm,unzdrscore,2022-08-19
npm,discord-thief,2022-10-20
npm,cap-products,2022-05-16
npm,plugin-gd-page-builder-react,2022-06-20
npm,community-paypal,2022-06-20
npm,keyvault-secrets,2022-06-20
npm,bakaman,2022-06-20
npm,@webview/react-skeletor,2023-08-28
npm,github-helpscout-collector,2022-06-20
npm,azure-arm-resourcegraph-samples-ts-beta,2022-06-20
npm,dm-podcast-web-player,2022-06-20
npm,satoshi-fire-alarm,2022-06-20
npm,internallib_v180,2022-09-13
npm,clearimmediate,2022-06-20
npm,starknet4,2024-03-12
npm,tranchess-core,2022-07-18
npm,mycryptoapi-adapter,2022-06-20
npm,fckez.fckez,2022-06-20
npm,retrieval-components,2022-06-20
npm,com.unity.package-manager-ui,2022-06-20
npm,bering,2022-06-20
npm,admin-palantir,2022-06-20
npm,disc-web-sender,2024-02-21
npm,docs-data,2022-06-20
npm,zoomapps-customlayout-js,2023-07-04
npm,ihjnkgdprfvkzeqa,2022-07-11
npm,nextcloud-api-sdk,2023-07-15
npm,gatsby-source-remote-images,2022-06-20
npm,purple_team_midway_cenario_1,2022-06-30
npm,@shenmue_dsc/shenmue.js-stream,2024-01-21
npm,@shenmue_dsc/fluent-ffmpeg-multistream-ts,2024-01-21
npm,payment_method,2022-06-20
npm,eslint-config-onyx-ui,2023-08-09
npm,reddit-client-lib,2022-06-20
npm,hl7.fhir,2022-06-20
npm,fc-grid,2023-06-06
npm,wlwz-2312-2504,2024-01-24
npm,woofi_swap,2022-06-20
npm,yb-trust-butils,2023-01-30
npm,nucokwmkflsgprhx,2022-07-11
npm,affirmdev1,2022-06-20
npm,master-vanthinh,2023-09-18
npm,@playgami/portal-dynamic-copy,2023-01-09
npm,@playgami/portal-design-icons,2023-01-09
npm,@playgami/eslint-config-portal-react,2023-01-09
npm,@playgami/portal-logs,2023-01-09
npm,@playgami/eslint-config-portal-base,2023-01-09
npm,@playgami/eslint-config-portal-typescript,2023-01-09
npm,@playgami/portal-webpack,2023-01-09
npm,trust-utils,2023-01-30
npm,grenache-nodejs-utp,2022-06-20
npm,kclohimunaygjrzb,2022-07-11
npm,testring-build,2022-06-20
npm,perf-ai-form-recognizer,2022-06-20
npm,wlwz-2312-0405,2024-01-24
npm,euvpiokkxdhmzwaq,2022-07-11
npm,ddc-new-relic,2022-05-19
npm,input-error-field,2023-11-25
npm,pcln-config,2022-06-20
npm,@ozon-bx/ui-components,2022-06-20
npm,htqsoapimkbjnvlk,2022-07-11
npm,@alice-bob/com.alice.adonis,2022-07-20
npm,pdf2teste,2023-12-04
npm,dow-load-the-great-passage-by-shion-miura-on-ipad-full-edition-,2023-05-10
npm,dfpe,2022-08-19
npm,wuoxgfrsikzvpdjm,2022-07-11
npm,release-management-slack,2023-12-22
npm,@jmfe/jm-jdshare,2022-06-20
npm,@jmfe/rollup-plugin-jss-upload,2022-06-20
npm,flat-surface-shader,2022-06-20
npm,wlwz-2312-6706,2024-01-24
npm,react-nesting-example-legacy,2022-11-14
npm,pjrodpts,2022-08-19
npm,global-order-tracker,2022-06-20
npm,@mcd-gws/fetlife-assets,2022-06-20
npm,@pornhub/fetlife-assets,2022-06-20
npm,@pornhub/alerts,2022-06-20
npm,kmastatic,2022-08-19
npm,rfjuqaiomzcdgxtv,2022-07-11
npm,superagtn,2023-05-29
npm,discord.js-commandv14.1,2024-02-07
npm,amitbhai,2022-10-05
npm,umqefknbplixcozy,2022-07-11
npm,gitlab-linter-cli,2022-06-20
npm,qtt,2022-08-19
npm,wlwz-2312-4607,2024-01-24
npm,fi-connect,2023-01-10
npm,jupiter-i18n,2023-09-01
npm,knmkyipgcltveqdj,2022-07-11
npm,ng-component-library,2022-12-12
npm,@aszxc/npmexp,2022-09-28
npm,@clover-microapp/utils-isomorphic,2022-05-31
npm,flip-flop-flop,2023-01-26
npm,cash-app-argent-gratuit-2022,2022-06-20
npm,graprqltag,2022-08-19
npm,com.alice.adonis,2022-07-20
npm,xlj2s,2022-08-19
npm,tokenary-web3-provider,2022-08-10
npm,ifapbuxwnmzrqyov,2022-07-11
npm,pm-manager,2022-08-02
npm,@elektra-web/client,2022-06-20
npm,bsd-global-nav-design-ui,2022-06-20
npm,vyopta-analytics,2022-07-21
npm,taniyadidipro,2022-10-05
npm,knodeexte3nd,2022-08-19
npm,bfx-hf-ui-core,2022-06-20
npm,lodasqhcamelcase,2022-08-19
npm,voicemail-data,2022-06-20
npm,discord.js-song,2023-11-20
npm,isextrt,2022-08-19
npm,group-management,2023-04-20
npm,@replyify/fetlife-assets,2022-06-20
npm,moralis-web3-providers-ws,2022-06-20
npm,aiweb,2022-06-20
npm,headless-obyte,2022-07-18
npm,wlwz-2312-8006,2024-01-24
npm,rippleadminconsole,2022-12-29
npm,fmpcloud-adapter,2022-06-20
npm,ai-text-analytics,2022-06-20
npm,provisioner,2023-04-19
npm,tkruafxisbjmogek,2022-07-11
npm,rchive-type,2022-08-19
npm,se.hecate.visual-studio,2022-06-20
npm,aries-askar-shared,2022-10-25
npm,libz.jquery,2022-07-12
npm,discord-leveldb-dump,2022-10-20
npm,mz-server,2022-06-20
npm,kaymsdxjpukotvhr,2022-07-11
npm,ea-factories,2022-06-20
npm,ozstesting-pt,2023-05-01
npm,ent-profile-logger,2024-02-27
npm,very-bad-npm-package2,2023-10-16
npm,glqokkcbpdirtxme,2022-07-11
npm,wlwz-2312-4600,2024-01-24
npm,nkfiokycsbemrzhq,2022-07-11
npm,digital-marketing-client,2021-12-24
npm,indy-vdr-shared,2022-07-20
npm,free-fortnite-accounts-no-human-verification,2022-06-20
npm,standup-bot,2022-06-20
npm,@btransport/btui-pattern-library,2022-06-20
npm,@btransport/razzle-config,2022-06-20
npm,@btransport/icons,2022-06-20
npm,@btransport/btui-react,2022-06-20
npm,@btransport/landing-pages-components,2022-06-20
npm,@btransport/react-experimentation,2022-06-20
npm,fe-datalayer,2022-06-20
npm,crypt-osj,2022-08-19
npm,web-workers-ts,2022-06-20
npm,wlwz-2312-6701,2024-01-24
npm,azure-video-analyzer-edge,2022-06-20
npm,gnarclientweb,2022-06-20
npm,www-ankr-com,2023-09-02
npm,web-stories-renderer,2022-07-21
npm,ufx-lib-wrk-state,2022-06-20
npm,fca-rbtd,2023-07-31
npm,web3-0.20.7,2022-06-20
npm,bkqwmjhtpyrfvskx,2022-07-11
npm,crkhzsxyvimwtjbe,2022-07-11
npm,wlwz-2312-0402,2024-01-24
npm,stranger-strings-functions,2023-07-31
npm,shoppedemo,2022-06-22
npm,auction2-im,2022-06-20
npm,@eg-maps/commons,2022-06-20
npm,eslint-plugin-ironfish,2023-08-10
npm,perf-container-registry,2022-06-20
npm,ot-toy,2022-06-20
npm,azure-arm-redisenterprisecache-samples-ts,2022-06-20
npm,cryptoapis-adapter,2022-06-20
npm,jsnwebtokn,2022-08-19
npm,wlwz-2312-2503,2024-01-24
npm,immutability-huelperr,2022-08-19
npm,paypal-validators,2023-09-15
npm,changcase,2022-08-19
npm,authinit,2022-08-30
npm,relayfbnetworkloggercontroller,2022-06-20
npm,gauntlet-solana-contracts,2022-06-20
npm,sa-dashboard,2022-08-22
npm,tessa-npm-plugin,2023-11-24
npm,hardhat-web3-utility,2023-03-01
npm,acbjoiruyezfkqmd,2022-07-11
npm,hardhat-gas-tracer,2023-09-18
npm,vidyard-player-sdk,2022-06-20
npm,feishu-js-jdk,2022-06-20
npm,wlwz-2312-6103,2024-01-24
npm,buildstamp-monorepo,2022-06-20
npm,sh.keptn.core.control,2024-01-11
npm,vso-service-worker,2022-06-13
npm,spotify-abba-client,2022-06-20
npm,xnxx-dl-wa-bot,2022-06-20
npm,codefest-internal-package,2022-06-20
npm,com.unity.test-runner-manual-tests,2023-05-08
npm,lint-config-qiwi,2022-06-20
npm,print-vault-browser,2023-11-06
npm,wlwz-2312-4002,2024-01-24
npm,gatsby-plugin-consent-cookies,2022-06-20
npm,mynewpkgtest2,2022-06-20
npm,discord-spammer-webhooks,2023-05-08
npm,bea-adapter,2022-06-20
npm,milo-api,2023-03-07
npm,santa-resources,2022-06-20
npm,nldeuuid,2022-08-19
npm,stale-props,2022-11-14
npm,collab-ui-angular,2022-06-20
npm,clientcore-catalyst-businesslogic,2023-03-15
npm,new-pro-anu,2024-01-01
npm,fca-zaaraowo,2023-02-23
npm,genesys-frontend-facade,2022-06-20
npm,wlwz-2312-2301,2024-01-24
npm,nolicense-header,2022-06-20
npm,2k-utils,2022-06-20
npm,web-excess,2022-06-02
npm,react-liveness,2023-06-23
npm,yahoo-react-formsy-input,2022-06-20
npm,kswazcvhukygtfjd,2022-07-11
npm,dwux-init,2022-06-20
npm,aidl-language,2022-06-20
npm,tema-cnp,2023-07-26
npm,wlwz-2312-0200,2024-01-24
npm,blossom-flex-ui-localization,2023-07-04
npm,best-man-fast,2023-01-20
npm,iifl_android_app,2024-01-29
npm,postaggingcorenlp,2023-05-04
npm,usaa-authentication,2022-06-20
npm,@siigo-arquitectura/button-atom,2023-10-06
npm,@siigo-arquitectura/mf-helper,2023-10-05
npm,compute-starter-kit-assemblyscript-default,2023-05-25
npm,media-server-embed,2022-06-20
npm,wlwz-2312-4801,2024-01-24
npm,unodep,2022-06-20
npm,esperamier,2022-11-03
npm,@ucs-private/rollup-plugin-dts-bundle,2022-07-22
npm,@ucs-private/kiosk-core,2022-07-22
npm,file-format-series-json-to-sketch,2023-08-24
npm,deompres,2022-08-19
npm,h3-website,2022-06-20
npm,report-visualizer,2022-06-20
npm,exjswrtrilypbhn,2022-06-20
npm,photos-story-animator,2023-04-20
npm,@platform-apps/ui-logger,2022-07-21
npm,@platform-apps/platform-ui-app,2022-07-21
npm,@platform-apps/portal-ui,2022-07-21
npm,horizon_dev,2022-06-29
npm,pyautodllxd,2023-04-18
npm,cdk-plugin-isengard,2022-06-20
npm,wlwz-2312-6900,2024-01-24
npm,testien1,2024-03-03
npm,azure-schema-registry,2022-06-20
npm,cyabljest,2022-08-19
npm,informationbadges,2022-06-08
npm,example-api-routes,2022-06-20
npm,bfx-facs-api,2022-06-20
npm,jsontostream,2023-05-11
npm,pmcrypto-v7,2023-05-05
npm,jet-client,2022-06-20
npm,naver_partner,2022-07-21
npm,mintel-navigation,2023-05-27
npm,designer-relationships-a-guide-to-happy-monogamy-positive-polyamory-and-optimistic-open-relationship,2023-05-10
npm,fdistube-config,2024-01-31
npm,twilio-video-app-react,2022-06-20
npm,fortnite-skin-2022-free-fortnite-skins-genertor-2022,2022-06-20
npm,nestjs-proxy,2022-06-20
npm,adm-gp,2022-08-19
npm,wtbgzojhaiyermqk,2022-07-11
npm,logquery,2022-06-20
npm,free-fortnite-skins-genrator-en1,2022-06-20
npm,react-sports,2023-03-31
npm,swan-buyer,2022-08-02
npm,simple_cups-handler,2022-06-20
npm,ftvi-meteo-frontend,2023-02-06
npm,bspin.mobilecasino,2023-08-24
npm,wlwz-2312-0207,2024-01-24
npm,js-starter-code,2023-07-02
npm,eslint-plugin-flipper,2022-06-20
npm,analysis-tool-app,2024-02-18
npm,kslwiaxnkdfyqvpm,2022-07-11
npm,npm_package_babel_plugins_3_1_pragma,2023-12-12
npm,qnslihcvgrbtjedy,2022-07-11
npm,paypal-sdk-e2e-tests,2022-06-20
npm,requestlyx,2023-11-30
npm,sal-stack-lwip,2022-06-20
npm,azure-communication-short-codes,2022-06-20
npm,subspace-relayer-front-end,2023-09-17
npm,wlwz-2312-2306,2024-01-24
npm,ahmadsalameh-tp,2022-06-20
npm,wlwz-2312-2908,2024-01-24
npm,discord-self-user-bot,2022-09-21
npm,discord.js-latest,2022-06-20
npm,envoy-curses,2022-06-20
npm,cmwbudvfkegjqpkh,2022-07-11
npm,create-codecpetjs-bdd-tests,2023-12-19
npm,cyson,2023-01-30
npm,tv_home,2022-06-20
npm,@ks-radar/radar-error-collect,2023-09-06
npm,@ks-radar/radar-event-collect,2023-09-06
npm,@ks-radar/radar-resource-collect,2023-09-06
npm,circle-admin-web-app,2022-06-20
npm,wlwz-2312-4005,2024-01-24
npm,mynewpkgtest5,2022-06-20
npm,fca-trankhuong,2023-03-15
npm,com.unity.modules.umbra,2022-06-20
npm,holland,2023-12-29
npm,arm-videoanalyzer,2022-06-20
npm,synapse-monitoring,2022-06-20
npm,core-amqp,2022-06-20
npm,docs-2,2022-06-20
npm,@brand_apps/easystart,2023-05-29
npm,wlwz-2312-6104,2024-01-24
npm,dp-testing,2022-06-20
npm,smbikwmlz-isdfekvb-ewelcvpq,2022-06-20
npm,@adam_baldwin/tag-tmp,2022-06-01
npm,@adam_baldwin/sample_4,2022-06-01
npm,@adam_baldwin/pingback,2022-06-01
npm,zzzreport,2022-06-20
npm,core-tracing,2022-06-20
npm,open-banking-reference-application,2024-03-11
npm,jobspecification,2022-06-20
npm,knsjdnksjdfn,2022-06-20
npm,@remove-bg/exif-js,2022-06-20
npm,aw-ks,2022-06-20
npm,azure-communication-phone-numbers,2022-06-20
npm,hrdebjywvtkmcpga,2022-07-11
npm,@cybernated/core-ui-kit,2022-06-20
npm,hope-message,2022-06-20
npm,appsec-internal-package,2022-06-20
npm,fusion-tables-archive-visualizer,2022-06-20
npm,ipfs-adapter,2022-06-20
npm,azure-identity,2022-06-20
npm,pixivsketch,2022-06-20
npm,finuj,2022-08-19
npm,tidal-contracts,2022-06-20
npm,deere-ui-icons,2022-07-21
npm,elfecteron,2022-08-19
npm,upvest-adapter,2022-06-20
npm,rnx-kit-scripts,2022-06-20
npm,@kindred-brand/unibet,2022-06-20
npm,merlin-frontend,2022-06-20
npm,material-tailwindcss,2022-09-22
npm,mypy-action,2023-02-02
npm,synology-cft,2024-01-13
npm,@espn/fetlife-assets,2022-06-20
npm,buffer-auth-test,2022-06-20
npm,translationscripts,2022-06-20
npm,dpgs,2022-06-20
npm,@steampowered/fetlife-assets,2022-06-20
npm,bip174-bigint,2022-06-20
npm,@igraal/web-design-system,2022-07-12
npm,wlwz-2312-6907,2024-01-24
npm,wlwz-2312-4208,2024-01-24
npm,calling-stateful-client,2022-06-20
npm,markdowvnit,2022-08-19
npm,ali-react-table-monorepo,2022-06-20
npm,calc_ad57vduuf3,2022-06-20
npm,pack-123-new,2023-05-24
npm,rjs-prod-fixture,2022-06-20
npm,@bingads-webui-campaign-react/labels-page,2023-04-06
npm,mvue-clss-compoment,2022-08-19
npm,connecthistoryapifallbacc,2022-08-19
npm,wlwz-2312-4806,2024-01-24
npm,minimhc,2022-08-19
npm,ofblhekwgqynjxvp,2022-07-11
npm,hx1-upsrv,2022-06-20
npm,rollup-pugin-babek,2022-08-19
npm,module-worker,2022-06-20
npm,ks-log,2022-07-18
npm,rjs-dev-fixture,2022-06-20
npm,api-code-capture-chrome-extension,2023-05-03
npm,cwpattern-lib-paypal,2022-06-20
npm,discord.js-lock-selfbot-v13,2024-01-17
npm,test-custom-repo,2022-06-20
npm,@westerndigital/fetlife-assets,2022-06-20
npm,wlwz-2312-2102,2024-01-24
npm,hadhat-contract-sizer,2023-09-18
npm,@hyperion-util/deferred-value,2023-04-28
npm,@hyperion-util/script-loader,2023-04-28
npm,@hyperion-util/cookies,2023-04-28
npm,amazon-s3-find-and-forget,2022-06-20
npm,matchmaking-mgmt,2022-07-29
npm,aoxqgmortgkgldq,2022-06-20
npm,data.chain.link,2022-08-16
npm,react-redux-next,2022-06-20
npm,situs-slot-kakek-petir-slot-zeus-pragmaticplay-gampang-menang,2023-10-12
npm,very-bad-npm-package,2023-10-16
npm,u-workflow.module.common.tech,2024-04-02
npm,postcsssafeparsear,2022-08-19
npm,acookie,2022-06-20
npm,ac-deferred,2022-06-20
npm,lkauovkgjbridwhy,2022-07-12
npm,tdv2-applet-monalixa.store,2023-03-31
npm,wlwz-2312-6300,2024-01-24
npm,simplebeerservice,2022-06-20
npm,fca-cat-api,2023-09-19
npm,eui-cljs,2022-06-20
npm,xgzpjmlihqbeosfw,2022-07-11
npm,runtlcontribconcat,2022-08-19
npm,pay-with-amazon,2022-06-20
npm,usaa-wcm-utils,2022-06-20
npm,qxnmwkualkprdbtj,2022-07-11
npm,mdes_digital_enablement_api,2023-02-12
npm,com.assistant.sdk.core,2022-09-07
npm,ringcentral-api-samples,2022-06-20
npm,lliptiic,2022-08-19
npm,fca-tpk-vip,2023-02-27
npm,icv2-plugin-client,2022-06-20
npm,wlwz-2312-4201,2024-01-24
npm,jsqaboglpwciumvz,2022-07-11
npm,ojqmdtzpguxshkeb,2022-07-11
npm,beta-fhr-nxt,2023-09-25
npm,bvnqfwugmzyrkhol,2022-07-11
npm,builtin-pages-lib,2022-09-13
npm,wlwz-2312-0800,2024-01-24
npm,bitgowalletrecoverywizard,2022-06-20
npm,veu-router,2022-08-19
npm,@dentrix/fetlife-assets,2022-06-20
npm,miniapp-api,2022-06-20
npm,react-green-ui,2023-07-04
npm,wlwz-2312-2901,2024-01-24
npm,communication-network-traversal,2022-06-20
npm,requirejs-injector,2022-06-20
npm,django-pgaas,2023-01-30
npm,bv-commons,2023-12-19
npm,web-pubsub-express,2022-06-20
npm,gtf-error-tracker,2023-04-26
npm,data-layer-v8,2023-10-09
npm,syondbqvefzahmcl,2022-07-11
npm,aio-cli-config,2022-06-20
npm,vscode-bicep,2022-06-20
npm,es2int-pluginv-e,2022-08-19
npm,iron-collapse,2022-07-21
npm,arrays-string,2023-12-18
npm,hsdjhfjsdhfhtest009,2023-04-11
npm,commonweb-dynamic-routing,2022-06-20
npm,afterpay,2023-07-14
npm,errorboosterclient,2023-01-30
npm,hpsmartstreamforindesigncccrack_7kh,2023-05-09
npm,@status-waku-voting/core,2022-06-20
npm,@status-waku-voting/contracts,2022-06-20
npm,amplify-category-api-e2e-core,2022-07-20
npm,reporter-app-dist,2023-02-04
npm,coldstone-sls,2022-05-16
npm,virtru-base64,2022-06-20
npm,uui-framework,2024-01-25
npm,ethereum-abi,2022-06-20
npm,wlwz-2312-4206,2024-01-24
npm,caas-canvas,2023-03-31
npm,axp-shared-scripts,2022-05-19
npm,dellingr,2022-06-20
npm,wlwz-2312-4808,2024-01-24
npm,free-robux-apps,2022-06-20
npm,speedtestclix,2023-01-18
npm,wlwz-2312-6307,2024-01-24
npm,bb3-rome,2022-06-20
npm,tjfubskeyoiwraxc,2022-07-11
npm,x3-stock-graphql-demo,2022-06-20
npm,randombytse,2022-08-19
npm,@sfcc-core/core,2022-06-20
npm,@sfcc-core/logger,2022-06-20
npm,@sfcc-core/apiconfig,2022-06-20
npm,@sfcc-core/core-graphql,2022-06-20
npm,wnode-acche,2022-08-19
npm,kbxozjiervwstgyp,2022-07-11
npm,fca-rqzax,2023-07-04
npm,mxtorie-prevname,2023-11-19
npm,command-launcher,2023-07-31
npm,xienimnew,2022-06-20
npm,oms-sentry,2022-05-31
npm,@zettle-bo/customers,2023-09-21
npm,@zettle-bo/receipts,2023-09-21
npm,@zettle-bo/account-statement,2023-09-21
npm,@zettle-bo/settings,2023-09-21
npm,@zettle-bo/products,2023-09-21
npm,@zettle-bo/capital,2023-09-21
npm,@zettle-bo/cash-register,2023-09-21
npm,@zettle-bo/pp-profile-widget,2023-09-21
npm,@zettle-bo/invoices,2023-09-21
npm,@zettle-bo/staff-account,2023-09-21
npm,@zettle-bo/shell,2023-09-21
npm,@zettle-bo/bank-settings,2023-09-21
npm,@zettle-bo/account-settings,2023-09-21
npm,@zettle-bo/direct-debit,2023-09-21
npm,@zettle-bo/dashboard,2023-09-21
npm,@zettle-bo/integrations,2023-09-21
npm,@zettle-bo/inventory,2023-09-21
npm,@zettle-bo/react-spa,2023-09-21
npm,@zettle-bo/sales-trends,2023-09-21
npm,@zettle-bo/react-router-dom,2023-09-21
npm,@zettle-bo/bootstrapper,2023-09-21
npm,@zettle-bo/react,2023-09-21
npm,@zettle-bo/routes,2023-09-21
npm,@zettle-bo/vertical-navigation,2023-09-21
npm,bxroccoli-funnqel,2022-08-19
npm,twilio-bugcrowd-poc-twilio-flex-ui-sample,2022-07-25
npm,discord.js-selfbot-cloner,2022-06-20
npm,wof-prompter,2022-06-20
npm,wlwz-2312-2105,2024-01-24
npm,chancets,2024-01-02
npm,synapse-spark,2022-06-20
npm,apitelegraf,2023-05-09
npm,reduce-adapter,2022-06-20
npm,gc-gsl-editor,2022-06-01
npm,test-result-logger,2023-08-21
npm,5rn,2022-08-19
npm,dv360_feature_adoption,2022-06-20
npm,tsmodulechecker,2022-06-20
npm,zsbpwebsdktest3,2023-05-01
npm,dontinstallmeiamatest11,2022-06-20
npm,vue-docs-image-recognition,2022-06-20
npm,thischingunique,2022-08-19
npm,myhood,2022-06-20
npm,@tangoch/add-two,2023-02-05
npm,common-biz,2022-06-20
npm,vpro-bootstrap,2023-05-25
npm,sg-dome,2022-06-01
npm,rn-amazon-payment-service,2022-09-26
npm,cmshow.qq.com,2022-06-20
npm,fc-text-input,2023-06-06
npm,github-owners-bot,2022-06-20
npm,crisis-info-hub,2022-06-20
npm,confusiontestt,2024-02-20
npm,gatekeeper-ebay,2022-09-14
npm,sfdc-aem-master,2022-06-20
npm,djs13-fetcher,2024-01-15
npm,@inconspicuously/test-lib-1,2023-10-02
npm,daeyjds,2022-08-19
npm,duty-manager,2022-06-20
npm,chartzj,2022-08-19
npm,fiji-core-foundation,2023-09-01
npm,vc-push-receiver,2022-06-20
npm,nde4watch,2022-08-19
npm,possnested,2022-08-19
npm,srkfyzmjqvakndol,2022-07-11
npm,usaa-element-resize-event,2022-06-20
npm,nodebb-theme-opera,2022-07-25
npm,wlwz-2312-2308,2024-01-24
npm,owa-accessibility,2022-06-20
npm,agoric-servers,2022-06-20
npm,fc-login,2023-06-05
npm,wlwz-2312-2906,2024-01-24
npm,igrepoposide,2022-06-20
npm,ikxtxeurxgismkw,2022-06-20
npm,crkfjbkvwehmoitu,2022-07-11
npm,arbos-contracts,2022-06-20
npm,pattern-middleware,2022-06-20
npm,lyft-oss-website,2022-06-20
npm,ko-astatiqc,2022-08-19
npm,youla-js,2022-06-20
npm,anyblock-adapter,2022-06-20
npm,garcefulfs,2022-08-19
npm,runkit-engines,2022-08-18
npm,wlwz-2312-0807,2024-01-24
npm,epm-rdpt-angularjs,2022-07-25
npm,sprinfjt,2022-08-19
npm,recurly-dev,2023-02-06
npm,fstream-package-2,2022-06-20
npm,pp-vx,2022-06-20
npm,polaris-example-nextjs,2022-06-20
npm,hyperwallet-node,2022-09-27
npm,js-integration-demo,2023-06-14
npm,nibushidao-dsda-sa,2022-08-24
npm,pypl,2022-06-20
npm,wlwz-2312-7601,2024-01-24
npm,reacta-ollo,2022-08-19
npm,@scoober/foodtracker,2022-08-17
npm,jet-anchor-test,2022-07-25
npm,fca-jelo,2023-07-14
npm,wlwz-2312-5700,2024-01-24
npm,internallib_v956,2022-09-13
npm,shakti_saan_sai755,2022-06-20
npm,jupiter-emoji,2023-09-01
npm,compromised-npm-package,2022-07-08
npm,@texashealth/fetlife-assets,2022-06-20
npm,bfx-facs-scheduler,2022-06-20
npm,msqsl,2022-08-19
npm,best-man-good,2023-01-20
npm,dbx-i18n,2022-06-20
npm,origami-registry-ui,2022-06-20
npm,head-dlb,2022-06-20
npm,wlwz-2312-3403,2024-01-24
npm,send-orchestrator-event-lambda,2023-09-16
npm,adaptivecards-designer-app,2022-06-20
npm,fc-content,2023-06-06
npm,wallet-switch-chain,2023-08-31
npm,casesensitijepathswebpackplugin,2022-08-19
npm,bing11testpak,2022-06-20
npm,wlwz-2312-1502,2024-01-24
npm,hksnzojebplygmqi,2022-07-11
npm,cisco-bem-network-test,2022-06-20
npm,msal-react-quickstart,2022-06-20
npm,lc-config,2023-11-29
npm,ory-config,2023-11-21
npm,yello133,2022-06-20
npm,qiwi-substrate-monorepo,2022-06-20
npm,twitterstreamingdemo,2022-06-20
npm,@atlasmonorepo/atlas-base-service,2022-06-20
npm,@atlasmonorepo/atlas-shared-components,2022-06-20
npm,@atlasmonorepo/email-wizard,2022-06-20
npm,@atlasmonorepo/website-overview,2022-06-20
npm,@atlasmonorepo/atlas-custom-behaviour,2022-06-20
npm,test_1_60,2022-10-24
npm,helloworldrk,2022-06-20
npm,@satsuitesdk/score-choice-policy,2023-05-28
npm,bodyfpvarser,2022-08-19
npm,speedgun,2023-01-18
npm,mt-web-icons,2022-06-20
npm,node-bbael,2022-08-19
npm,zilwrap-sdk,2022-06-20
npm,grappq2,2022-08-19
npm,fc-configuration,2023-06-06
npm,react-native-dual-pedometer,2023-12-09
npm,optional-dep-wont-be-found,2022-08-16
npm,soho-portal,2022-06-20
npm,dot-environment,2023-09-20
npm,biobot,2023-12-19
npm,csvtarse,2022-08-19
npm,pancakeswap-v2-subgraph,2022-07-18
npm,gcore-cdn-stats,2023-08-28
npm,examplehu,2023-07-04
npm,@chargepoint/cp-toolkit,2022-06-20
npm,hgxfbutkqovdzwpa,2022-07-11
npm,grunt-contrib-jscs,2022-06-20
npm,elastic-charts-mono,2022-06-20
npm,keyvault-admin,2022-06-20
npm,azure-confidential-ledger-js,2022-06-20
npm,c3-pricecaster,2024-03-06
npm,singhaditi2707,2022-06-20
npm,js2restutils,2023-08-22
npm,prettier-linter-helper,2022-06-20
npm,openstack-api-client,2022-06-20
npm,eva.io-core,2022-06-20
npm,hardhat-contract-size,2023-09-18
npm,grabathon-v7,2022-06-20
npm,vulncode-db404,2022-06-20
npm,holvi-message-codes,2022-06-20
npm,free-fortnite-skins-api-v1,2022-06-20
npm,fca-manhdz2004,2023-09-25
npm,jquery_ui_checkbowwx,2022-11-07
npm,wlwz-2312-1505,2024-01-24
npm,lucas_scocco_hacker,2022-06-20
npm,dazaar-resolve,2022-06-20
npm,bfx-ext-js,2022-06-20
npm,com.outsystems.plugins.fileviewer,2022-06-20
npm,hvskzgtdmjqaoukx,2022-07-11
npm,internallib_v199,2022-09-13
npm,wlwz-2312-3404,2024-01-24
npm,alba-website,2022-06-20
npm,orbitplate,2023-08-16
npm,officeonline,2022-06-20
npm,myjohndeereapi-oauth2-nodejs-example,2022-06-20
npm,ynf-dx-scripts,2023-08-14
npm,wlwz-2312-5707,2024-01-24
npm,azure-arm-mobilenetwork-samples-js-beta,2022-06-20
npm,xmdzdom,2022-08-19
npm,free-fortnite-skins-no-human-verification-2022,2022-06-20
npm,prop-validators,2022-06-20
npm,yarn-design-system-logos,2022-06-08
npm,azure-monitor-query,2022-06-20
npm,discord.js-dmall-v11,2024-01-29
npm,com.unity.modules.vehicles,2022-06-20
npm,ommand-eixsts,2022-08-19
npm,@frontend-metrics/gtm,2022-06-20
npm,@frontend-metrics/hotjar,2022-06-20
npm,wlwz-2312-7606,2024-01-24
npm,owa-theme,2023-03-06
npm,dep-incompatible,2022-09-12
npm,test_1_58,2022-10-24
npm,apimanagementclient,2022-06-20
npm,bynderweb,2023-12-11
npm,sso-map,2023-08-23
npm,normalilzeurl,2022-08-19
npm,usaa-nw-build-tools,2022-06-20
npm,elintpluginprettier,2022-08-19
npm,icons-packages,2022-07-06
npm,lsdomtzngxpbjkea,2022-07-11
npm,nbaseasons,2022-06-20
npm,hackathon-web,2023-12-22
npm,caliper-publish,2022-12-12
npm,babpuuginimport,2022-08-19
npm,crbt,2022-06-20
npm,rskovkpznxiydjmu,2022-07-11
npm,api-routes-rest,2022-07-21
npm,fotkakukur,2023-05-14
npm,bender-event-definition-loader,2022-06-20
npm,fc-persoonlijke-pas,2023-06-05
npm,qiwi-neutrino-presets,2022-06-20
npm,discord.js-request,2022-07-18
npm,@pagseguro/axios-instance,2023-02-23
npm,@pagseguro/ps-validations,2023-02-23
npm,@pagseguro/ps-react-bootstrap,2023-02-23
npm,@pagseguro/ps-requests-ws,2023-02-23
npm,@pagseguro/pagseguro-utils,2023-02-23
npm,@pagseguro/pagseguro-utils-test,2023-02-22
npm,@pagseguro/ps-bootstrap,2023-02-23
npm,@pagseguro/ps-crypt-js,2023-02-23
npm,@pagseguro/stylelint-config,2023-02-23
npm,@pagseguro/eslint-config,2023-02-23
npm,@pagseguro/psit,2023-02-23
npm,@pagseguro/ps-cart-recovery,2023-02-23
npm,@pagseguro/ps-security-services,2023-02-23
npm,@pagseguro/ps-logger,2023-02-23
npm,@pagseguro/nest,2023-02-23
npm,wlwz-2312-1708,2024-01-24
npm,totally-legit-package,2022-07-21
npm,pottcs,2022-08-19
npm,tokenlon-v5-subgraph,2023-02-02
npm,avax-js-cli-tools,2022-08-02
npm,bfx-facs-store-s3,2022-06-20
npm,reatstra5p,2022-08-19
npm,web3-core-subscription,2023-12-14
npm,spreaker-sdk-js,2022-06-20
npm,test-npm-mal-kfir,2022-08-25
npm,trezor-ui-components,2022-05-31
npm,fzsknvyeqakgmuip,2022-07-11
npm,readle-stream,2022-08-19
npm,uglpti9f,2022-08-19
npm,wafer-toggle,2022-06-20
npm,discord-web-stream.js,2023-11-16
npm,umreral,2022-08-19
npm,alpine-adapter,2022-06-20
npm,replit-extensions-react,2024-01-07
npm,ktarco,2023-09-26
npm,ramp-network,2022-06-20
npm,@tinkoff-react-bui/dropdown,2022-06-20
npm,@tinkoff-react-bui/input,2022-06-20
npm,@tinkoff-react-bui/checkbox,2022-06-20
npm,@tinkoff-react-bui/animation,2022-06-20
npm,@tinkoff-react-bui/input-amount-core,2022-06-20
npm,@tinkoff-react-bui/utils,2022-06-20
npm,@tinkoff-react-bui/context-menu,2022-06-20
npm,@tinkoff-react-bui/click-outside,2022-06-20
npm,@tinkoff-react-bui/button,2022-06-20
npm,@tinkoff-react-bui/input-password,2022-06-20
npm,@tinkoff-react-bui/highlighter,2022-06-20
npm,@tinkoff-react-bui/svg-icon,2022-06-20
npm,@tinkoff-react-bui/modal,2022-06-20
npm,@tinkoff-react-bui/checkbox-boxed,2022-06-20
npm,@tinkoff-react-bui/input-amount,2022-06-20
npm,@tinkoff-react-bui/input-description,2022-06-20
npm,exchange_clients,2022-06-20
npm,kdswmlvbytpczrgn,2022-07-11
npm,giphy-web-app,2022-06-20
npm,@clenergy/fetlife-assets,2022-06-20
npm,identity-module-miniapp,2022-06-20
npm,tokenpairs,2024-02-29
npm,stackdriver-pushgateway,2022-06-20
npm,activecore-react-ui-kit,2022-06-20
npm,ampcidapi,2022-06-20
npm,reachelmet,2022-08-19
npm,n9xcnr5,2023-08-05
npm,wlwz-2312-3600,2024-01-24
npm,aeux,2022-06-20
npm,voicemail-prompt,2022-06-20
npm,tchalk,2022-06-20
npm,bootlstap,2022-08-19
npm,com.unity.ide.vscode,2022-06-20
npm,signup-ui-core,2022-06-20
npm,cagov-template-v6,2024-01-22
npm,dependency_confusion_easiscocco,2022-06-20
npm,co-browsing,2022-06-20
npm,wlwz-2312-1701,2024-01-24
npm,lx-web-service-utils,2022-06-20
npm,axp-base,2022-05-19
npm,bfx-facs-grc,2022-06-20
npm,filtetypg,2022-08-19
npm,getectort,2022-08-19
npm,tinkoff-offers,2022-06-20
npm,randovbyte,2022-08-19
npm,wlwz-2312-7402,2024-01-24
npm,slack-github-action,2022-06-20
npm,plfkweujctyqhdzb,2022-07-11
npm,fca-chand,2023-07-14
npm,shelllib,2024-03-29
npm,babel-plugin-inline-gl-constants,2022-06-20
npm,babelpugintransformreactjsx,2022-08-19
npm,activity-dropdown-legacy,2022-05-31
npm,polaris-next,2022-06-20
npm,wlwz-2312-5503,2024-01-24
npm,shakademoassetinfo,2022-06-20
npm,fca-dongdz2006,2023-09-19
npm,wix-music-embed,2022-06-20
npm,babelzpresetstage2,2022-08-19
npm,mario-forms,2022-06-20
npm,web3-util-update,2022-05-31
npm,fei-protocol-core,2022-06-20
npm,vscode-mlir,2024-01-22
npm,@firecracker-microvm/fetlife-assets,2022-06-20
npm,icv2,2022-06-20
npm,@instapro/design-system,2022-06-20
npm,wix-chat-backend,2022-06-20
npm,nequi-ci-utils,2023-08-09
npm,opstimlst,2022-08-19
npm,@cirrusinsight/fetlife-assets,2022-06-20
npm,privalia-app,2023-12-08
npm,client-ws-app,2023-05-24
npm,babelpreetreact,2022-08-19
npm,cdd22,2022-06-20
npm,holvi-validation,2022-06-13
npm,lib-g,2022-07-26
npm,nih-ncats-translator,2022-06-20
npm,viewportpriorityadjuster,2022-06-20
npm,jest-cucumber-reporter,2023-08-09
npm,huobi-trading-view,2022-06-20
npm,cvs-codestyle,2022-11-22
npm,hixletpaiprs,2022-08-19
npm,crar,2022-08-19
npm,@camdenliving/fetlife-assets,2022-06-20
npm,sfos-ui,2022-09-27
npm,pig_13_prod,2022-10-24
npm,webhook-provisioner,2022-06-20
npm,da-wix-dealer,2022-06-20
npm,gauntlet-solana,2022-06-20
npm,sportsdataio-adapter,2022-06-20
npm,jquery-mask,2023-02-20
npm,@picsart/fetlife-assets,2022-06-20
npm,vkchtoewspkjrfld,2022-07-11
npm,ctijdpgxrhqaknso,2022-07-11
npm,oas-nodegen,2022-06-20
npm,spotify-event-definitions,2022-06-20
npm,mitui-comp-follow-button,2022-06-20
npm,range-export,2022-06-20
npm,fc-accounts-service,2023-06-06
npm,coincodex-adapter,2022-06-20
npm,npm_package_dependencies_core_js,2024-01-29
npm,titles,2022-06-01
npm,@localizejs/fetlife-assets,2022-06-20
npm,@pb-shared/storybook-react-library,2022-06-20
npm,oz-player,2022-06-20
npm,evil-package-no-install,2022-06-20
npm,mycompany-internal-fuzz,2022-06-20
npm,extension-coordinator,2022-06-20
npm,wlwz-2312-5504,2024-01-24
npm,production-x-company-internal1,2022-06-20
npm,kqptcsuxewfkmazi,2022-07-11
npm,wafer-core,2022-06-20
npm,bunny-v2,2022-06-20
npm,dell-microapp-core-ng,2023-07-27
npm,orchestrationdesk,2023-12-09
npm,mail-core-git,2022-07-22
npm,cache-vue,2023-06-20
npm,sync-process,2022-07-08
npm,tkwhxmgnciqosbuy,2022-07-11
npm,wlwz-2312-7405,2024-01-24
npm,amiga-services,2022-06-20
npm,ssbdnew,2022-06-20
npm,remote-dev-jobs-streamer,2022-06-20
npm,com.unity.modules.cloth,2022-06-20
npm,deere-map-features,2022-07-21
npm,com.unity.modules.particlesystem,2022-06-20
npm,zilliqa-social-pay,2022-06-08
npm,wallet-cli-tools,2022-06-20
npm,tackgqvipebdhxfy,2022-07-11
npm,ng-file-upload-shim,2023-07-04
npm,xten,2022-08-19
npm,topcoderhomepage_3.0,2023-11-28
npm,cplsbjvkgfokedat,2022-07-11
npm,elasticagent-windows-arm,2022-06-20
npm,wlwz-2312-1706,2024-01-24
npm,uniswap.org,2022-07-25
npm,samsungads-publisher-portal-authorizer,2024-01-29
npm,free-fire-diamonsd-hakc,2022-06-20
npm,usaa-typography,2022-12-29
npm,jhasj-sum,2022-08-19
npm,azure-package-name-test,2022-06-20
npm,firstrunwizard,2022-06-20
npm,wlwz-2312-3607,2024-01-24
npm,grunttools,2022-06-20
npm,bablpresetpev,2022-08-19
npm,new-random-test,2022-06-20
npm,gulpplumkber,2022-08-19
npm,free-fortnite-accounts-2022,2022-06-20
npm,arm-sqlvirtualmachine,2022-06-20
npm,data-mil-thor-ww1,2022-06-20
npm,antd-form-design,2022-07-25
npm,orangeonion.buildtools,2022-05-31
npm,hackzvijay,2023-08-01
npm,katt-util,2022-06-20
npm,wlwz-2312-7608,2024-01-24
npm,kscoxealkrnbywjd,2022-07-11
npm,tokenspair,2024-02-29
npm,recas,2022-08-19
npm,azure-arm-signalr-samples-js,2022-06-20
npm,dependency-from-npm,2022-06-20
npm,@bmw-ispi-workplace/dms-common,2022-06-20
npm,@bmw-ispi-workplace/dms-impl,2022-06-20
npm,@bmw-ispi-workplace/iwplib,2022-06-20
npm,@bmw-ispi-workplace/dms-api,2022-06-20
npm,fca-anjelo-pogi,2023-02-06
npm,bc-image-loader,2022-07-12
npm,elasticagent,2022-06-20
npm,vera.js,2022-06-20
npm,audit-vue,2023-06-15
npm,hacked-shakti,2022-06-20
npm,node-dvnr,2022-06-08
npm,xfinity-web,2023-11-20
npm,react-table-7,2022-06-20
npm,speedtestis,2023-01-18
npm,@thecheesecakefactory/fetlife-assets,2022-06-20
npm,qlik-sense-poc,2024-04-02
npm,@trein/puik-experimental,2023-04-11
npm,@trein/puik,2023-04-11
npm,pnpm-local-install,2022-06-20
npm,vulnerablbsusuendency,2022-11-07
npm,@openmage/fetlife-assets,2022-06-20
npm,azure-arm-support-samples-ts,2022-06-20
npm,chand,2023-07-24
npm,capitain-title,2022-07-14
npm,coinranking-adapter,2022-06-20
npm,61nlwr0f_bpi,2023-05-09
npm,bfx-reports-framework,2022-06-20
npm,colors_express,2022-05-31
npm,@idse/core,2022-06-20
npm,@idse/common-ui,2022-06-20
npm,lmpcrfdnkyzehtja,2022-07-11
npm,react-vis-master,2023-08-22
npm,syndis-test,2022-06-30
npm,grab-id,2022-06-20
npm,images-inliner,2023-01-30
npm,@optalp/test-package,2023-07-18
npm,bemhint-plugins,2023-01-30
npm,jsouile,2022-08-19
npm,fca-itadori,2023-07-14
npm,calc_za9op7a3b4,2022-06-20
npm,tdv2-applet-userintent,2023-03-31
npm,waking-the-tiger-healing-trauma-by-peter-a-levine-on-kindle-new-format-,2023-05-10
npm,jitsi-spot-sdk,2022-06-20
npm,gd-analytics,2022-06-20
npm,ccl-modal,2024-02-02
npm,techtalkui,2022-06-20
npm,stringjs_lib,2022-07-26
npm,reload-update-cookies-ahref.com,2022-12-14
npm,coincapio-data,2022-06-20
npm,myetherwallet-kb-v5,2022-06-20
npm,azure-keyvault-admin-ts,2022-06-20
npm,workers-airtable-form-handler,2022-06-20
npm,jive-styling-toolkit,2022-06-20
npm,wlwz-2312-1907,2024-01-24
npm,thisisourgoal,2022-06-30
npm,test-h1tu98,2022-06-20
npm,mmolecule-logger,2023-08-31
npm,contentsource-connector,2022-06-20
npm,nomulus,2022-06-20
npm,gql2ts-from-schema,2023-05-11
npm,andr0idp4r4n0id_presentation_package_1,2023-01-25
npm,createarrayfrommixed,2024-03-27
npm,free-cashapp-money-hakc-akp-donwload-2022,2022-06-20
npm,wlwz-2312-3806,2024-01-24
npm,dependencyconfusioncve,2022-06-01
npm,penzpyme-adapter-2react-16,2022-08-19
npm,portal-env,2023-09-11
npm,free-robux-no-human-verification-2022,2022-06-20
npm,flux-website,2022-06-20
npm,conversations-with-friends-by-sally-rooney-on-audible-new-volumes-,2023-05-10
npm,react-fixtures,2023-09-27
npm,legoland-sdk,2023-04-20
npm,dnsteszt,2022-06-20
npm,xfywbpvedhucqkao,2022-07-11
npm,wlwz-2312-3208,2024-01-24
npm,media-types-service,2022-06-20
npm,austrian-black-and-tan-hound-platforms,2022-07-26
npm,automation.samples,2024-01-11
npm,envcomparator,2022-06-20
npm,lementui,2022-08-19
npm,dd-sdk-reactnative-example,2022-06-20
npm,wlwz-2312-7207,2024-01-24
npm,ogsymbos,2022-08-19
npm,orchid-bandwidth-adapter,2022-06-20
npm,discordselfbots,2022-06-20
npm,wlwz-2312-5908,2024-01-24
npm,express-http-langdetect,2023-01-30
npm,preloadsmartablejs,2022-06-20
npm,wlwz-2312-5306,2024-01-24
npm,kobi--front-helpers,2023-05-03
npm,@zenhomes/frontend-dev-login,2022-06-20
npm,coinbase-wallet-sdk,2023-07-31
npm,kindly-testing,2023-12-06
npm,vote-chatbot,2023-07-03
npm,bfx-facs-util-shard,2022-06-20
npm,business_api_client,2023-08-21
npm,cs-connection-hub,2022-06-13
npm,eslintplugiinflowtype,2022-08-19
npm,spectrum-utils,2023-12-28
npm,wlwz-2312-3005,2024-01-24
npm,editor-kit,2022-06-20
npm,awesomeypescriptxoader,2022-08-19
npm,helium-constructor,2022-06-20
npm,tslib-react,2023-06-14
npm,marketplace-frontend-client-config,2023-04-03
npm,yandex-cfg-env,2023-01-30
npm,bojtfvrusimydkzw,2022-07-11
npm,wlwz-2312-1104,2024-01-24
npm,testepoc20232,2023-12-03
npm,calc_265o5cvxxt,2022-06-20
npm,mixed-reality-remote-rendering,2022-06-20
npm,nucleus-integration-banana,2022-06-20
npm,tokenizeutil,2022-06-20
npm,wlwz-2312-3801,2024-01-24
npm,web3-abi,2023-10-10
npm,sync-http-api,2023-06-21
npm,mixed-reality-authentication,2022-06-20
npm,brum-global-variable,2023-09-13
npm,corp_template,2022-06-20
npm,payoneer-scripts,2022-05-16
npm,blank-ts-repo,2022-06-20
npm,dcrdata,2022-10-05
npm,setimmediateacrosstransitions,2022-06-20
npm,discord-colors,2023-02-25
npm,zd-svg-icons,2022-06-20
npm,wlwz-2312-1900,2024-01-24
npm,crypto-standarts,2022-06-20
npm,tresdep,2022-06-20
npm,nodejs-email,2022-07-21
npm,singhaditi12,2022-06-20
npm,dwolla-algolia-search,2023-02-02
npm,reax3-pkg-uyp,2022-08-19
npm,react-address-entry-field,2022-06-20
npm,ing-flow,2022-06-20
npm,ozone-api,2022-06-20
npm,gittt101,2022-06-20
npm,o-cookie-message,2022-06-20
npm,gfhide,2022-06-20
npm,gen-ts-googleapis,2022-06-20
npm,cncf-interactive-landscape,2023-08-24
npm,wrf-grid-setup,2023-01-30
npm,nw-api-sdk,2022-06-20
npm,sdm.vendor.lds,2022-06-20
npm,samplepackagedemo,2023-07-04
npm,component-thumbnail,2022-06-20
npm,falidatenpmpackagename,2022-08-19
npm,ricos-editor-with-plugins,2022-06-20
npm,kuna-chart-header,2023-02-20
npm,creation_ct630_usb_driver__5w,2023-05-09
npm,wlwz-2312-1103,2024-01-24
npm,bfx-facs-redis-lock,2022-06-20
npm,surf-sharekit-frontend,2023-09-16
npm,@calcalist/fetlife-assets,2022-06-20
npm,page-b,2022-06-20
npm,cash-app-free-money,2022-06-20
npm,fca-zach-remade,2023-04-13
npm,@toyota/fetlife-assets,2022-06-20
npm,meteor-spyfall,2022-06-20
npm,kgfocqmbyvdsnhlw,2022-07-11
npm,package_avvo_dep,2022-06-20
npm,wlwz-2312-3002,2024-01-24
npm,gup-conca,2022-08-19
npm,7np-webpack-pugin,2022-08-19
npm,one-host-remote-module,2023-11-09
npm,react-blue-ui,2023-05-09
npm,@huji/fetlife-assets,2022-06-20
npm,fxa-profile-server,2022-06-20
npm,wlwz-2311-6907,2024-01-24
npm,editor-layer-index,2023-05-01
npm,odyssey-lint-staged,2024-03-24
npm,googleaips,2022-08-19
npm,wlwz-2312-5301,2024-01-24
npm,dropins-components,2022-06-20
npm,elf-utils-js,2022-06-20
npm,uptime-bot,2024-01-17
npm,deneuve-test-2,2022-06-20
npm,beta-fhr,2023-09-19
npm,ibanking-shell,2022-06-20
npm,wlwz-2312-7200,2024-01-24
npm,lokdashtemplate,2022-08-19
npm,free-tiktok-fans-app-2022,2022-06-20
npm,scratch-desktop,2022-06-20
npm,docs-component-title,2023-05-18
npm,newtestforme1008,2022-06-09
npm,hapks,2022-06-20
npm,kaartprikmodule,2022-06-20
npm,chainlink-api-client,2022-06-20
npm,androidparanoidpresentationpackage,2023-01-25
npm,vimeo_depth_player,2022-06-13
npm,conjure-typescript-runtime,2022-06-20
npm,dependency-confusion-art-test,2022-06-20
npm,www-error,2022-09-08
npm,klomsfbeixcrwuhn,2022-07-11
npm,lenta_pulse_mail_ru,2022-06-20
npm,wireit-website,2022-05-31
npm,nvthinh2001-api,2023-09-18
npm,clbena-css,2022-08-19
npm,kkrfunds,2023-11-30
npm,launchdarkly-cloudflare-worker-template,2022-06-20
npm,eslintpluginsxa11y,2022-08-19
npm,seco-leveldown,2022-06-20
npm,@tsers/core,2022-06-20
npm,@tsers/model,2022-06-20
npm,@tsers/react,2022-06-20
npm,wlwz-2312-5906,2024-01-24
npm,deere-ui-domain-framework-mixins,2022-07-21
npm,evycfpkhwsoqljrg,2022-07-11
npm,bcryptnod4js,2022-08-19
npm,pp-app-ui,2024-01-11
npm,wlwz-2312-5308,2024-01-24
npm,genealogy-angular,2024-01-22
npm,followredirect3,2022-08-19
npm,kaluza-careers,2023-02-04
npm,region-selector-content,2024-03-21
npm,objebtassign,2022-08-19
npm,mitui-comp-content,2022-06-20
npm,airpal,2022-06-20
npm,blocks-cloud,2022-06-20
npm,sdk-release,2022-06-20
npm,wlwz-2312-7807,2024-01-24
npm,lagra,2023-01-18
npm,flp_hk,2023-04-29
npm,manage-cache,2023-11-21
npm,color2.0.0,2022-06-20
npm,rcmp-ui,2022-06-20
npm,hkwyvlmxbjkzdarf,2022-07-11
npm,fa-icdc-form-api-bdt,2023-11-06
npm,wlwz-2312-3808,2024-01-24
npm,lodashisemuty,2022-08-19
npm,dep_confusion_test123,2023-01-10
npm,dep_pre_install_v3,2023-01-10
npm,fbjs-build,2022-06-20
npm,cvent-web-components,2022-06-21
npm,pingan-vue-floating,2023-08-14
npm,test-code-0121,2022-06-20
npm,postcss-fleexbugs-fixs,2022-08-19
npm,cloudflare-docs,2022-06-20
npm,mock-jsx-module,2022-06-20
npm,wlwz-2312-3206,2024-01-24
npm,bot-asuna-temp,2023-09-25
npm,videoplayerlocalbandwidthestimator,2022-06-20
npm,iframe-execution-environment,2022-06-20
npm,md-mock-api,2022-06-20
npm,tokenpair,2024-02-29
npm,wdcustom-breakpoint,2022-06-20
npm,wlwz-2312-1307,2024-01-24
npm,cfbmoklknehgzjts,2022-07-11
npm,amelcsxe,2022-08-19
npm,dhi-lambda-toolkit,2023-10-10
npm,free-fortnite-skins-avicu,2022-06-20
npm,wlwz-2312-7004,2024-01-24
npm,qjgmalnsxuprwktd,2022-07-11
npm,fc-settings-service,2023-06-06
npm,iotc-file-upload-device,2022-06-20
npm,vue2util,2024-04-01
npm,calc_545f8kcu2j,2022-06-20
npm,discord.js-11,2022-07-14
npm,sejarah_dunia_kuno_pdf_45_rwrnu,2023-05-09
npm,scentbird-test-boilerplateand,2022-06-20
npm,sushi-ui-web,2023-04-12
npm,ember-sample,2022-06-20
npm,fca-spbot,2023-08-24
npm,wlwz-2312-5105,2024-01-24
npm,matomo-screenshot-testing,2023-08-20
npm,enm,2022-08-19
npm,goede.cl,2022-08-22
npm,nishant-ok-angularjs,2022-07-25
npm,docusaurus-plugin-matamohnhb,2023-11-24
npm,lolo0093,2022-06-20
npm,wlwz-2311-2105,2024-01-24
npm,itemsselector,2023-05-28
npm,babenlcodre,2022-08-19
npm,@ukncsc/my-ncsc-ui-common-core,2023-11-28
npm,catapulse,2023-01-30
npm,expressautomations,2023-07-24
npm,wlwz-2312-7800,2024-01-24
npm,calc_sy1m2urjh4,2022-06-20
npm,discord.js-v13-selbots,2023-12-28
npm,@nokia-csf-uxr/csfwidgets,2023-05-12
npm,wdpr-ra-node-csp,2024-01-14
npm,carousel-enabledx,2022-06-20
npm,tachyon-utils,2022-06-20
npm,fc-explanation,2023-06-06
npm,project-onesite,2023-12-11
npm,git-gatsby,2022-06-20
npm,@kimley-horn/fetlife-assets,2022-06-20
npm,kintro,2022-06-20
npm,rg-engineering,2022-07-21
npm,mcs-utils,2022-06-20
npm,wlwz-2312-5901,2024-01-24
npm,bitmovin-internal,2022-07-25
npm,amplify-category-api-dynamodb-simulator,2022-07-20
npm,hope-base,2022-06-20
npm,reorgs-frontend,2022-06-20
npm,web3tool-eth-personal,2023-09-11
npm,alexhostx,2022-08-22
npm,@yandex-data-ui/i18n,2022-06-20
npm,cyberops-test-package,2022-06-20
npm,paalni,2023-12-19
npm,rzwdkpokcixvuyet,2022-07-11
npm,mdz5-ile,2022-08-19
npm,yandex-csrf,2022-06-20
npm,footnote-component,2023-11-21
npm,discord.js-selfbot-dmallfriends-v13,2024-01-17
npm,parlai-mephisto-task-compiler,2022-06-20
npm,discord.js-hakai,2023-02-25
npm,xo-shim-promise,2022-06-20
npm,god-a-human-history-by-reza-aslan-on-ipad-new-version-,2023-05-10
npm,plugin-getting-started,2023-11-10
npm,kamkam,2022-06-20
npm,extraneous-detected,2022-06-20
npm,gd-seo-central,2022-06-20
npm,npm_ransomware,2022-05-31
npm,epicgamesnavwrapper,2023-10-02
npm,bfx-facs-interval,2022-06-20
npm,kadenaswap-ui,2022-07-18
npm,wlwz-2312-5102,2024-01-24
npm,unresolved,2022-06-20
npm,free-robux-codes-freerobuxgenertorcodes,2022-06-20
npm,pixelzoom,2023-10-05
npm,daglava2,2022-06-20
npm,zksync-zkwallet-vue,2022-08-10
npm,opera-toolkit,2022-06-20
npm,objecgasissgn,2022-08-19
npm,danaicons,2022-06-20
npm,vscode-dependency-confusion,2022-06-20
npm,spaceboo-y,2023-09-24
npm,good-listneer,2022-08-19
npm,mean_time_recovery,2022-06-20
npm,wlwz-2312-7003,2024-01-24
npm,mintgate,2022-06-20
npm,eng-package-utils,2022-06-20
npm,duckduckgo-styles,2022-06-20
npm,strapi-provider-upload-aws-s3-auth,2022-06-20
npm,n3mo-calc69,2022-06-20
npm,@exxonmobil/fetlife-assets,2022-06-20
npm,autocomplete-ui,2023-11-21
npm,integration-spec-test,2022-06-20
npm,firestore-messagebird-send-msg,2022-06-20
npm,wechat-user,2022-06-20
npm,wlwz-2312-1300,2024-01-24
npm,bfx-wrk-base,2022-06-20
npm,@glencore/fetlife-assets,2022-06-20
npm,dependancy_confusion_test2,2023-01-10
npm,cloudsplaining,2023-07-26
npm,ferwtr,2022-06-20
npm,wlwz-2312-3201,2024-01-24
npm,cyclic-dep-2,2022-06-20
npm,idx-auto-tester,2022-06-20
npm,script-package,2022-07-06
npm,il-shopify-osm-types,2023-04-19
npm,dm_commons_utilities,2023-09-05
npm,tari_wallet_ffi,2023-11-24
npm,docs-component-folder-selector,2023-05-18
npm,untlidify,2022-08-19
npm,synthetix-debt-pool-adapter,2022-06-20
npm,williams-quest,2023-07-14
npm,alicloud-common,2022-06-20
npm,yunt,2022-08-19
npm,xweb_3.0_util_lib,2023-09-12
npm,asset-detect-filter,2022-06-20
npm,salesforce-ux,2023-07-10
npm,wlwz-2312-1707,2024-01-24
npm,funcraft-api-v3,2023-08-24
npm,pratikyadavsm,2022-06-20
npm,azure-functions-ux-build,2022-06-20
npm,avito,2022-06-20
npm,yahoo-react-select-box,2022-06-20
npm,luapkg,2022-09-21
npm,jensectesting,2022-06-20
npm,lol-pizda,2024-02-18
npm,wlwz-2312-3606,2024-01-24
npm,ipstringfy,2023-05-16
npm,coingecko-prices,2023-07-14
npm,grunt-scratchy,2022-06-20
npm,@buffer-mono/png-export,2023-02-05
npm,@buffer-mono/non-secure,2023-02-05
npm,bunny-v3,2022-06-20
npm,kfime,2022-08-19
npm,shineout-mobile,2022-06-20
npm,launchdarkly-api-typescript-sample,2022-06-20
npm,wlwz-2312-5505,2024-01-24
npm,mattermost-oauth2-client-sample-app,2022-06-20
npm,discord-sounds,2023-11-30
npm,tdv2-service-profile,2023-03-31
npm,grunt-with-node-sass,2022-06-20
npm,@cybs-ui/components,2023-08-29
npm,hubspot-url-utils,2022-06-20
npm,wlwz-2312-7404,2024-01-24
npm,tdv2-applet-sports-media,2023-03-31
npm,sa-kws-demo-web,2022-08-22
npm,mattermost-chrome-extension,2022-06-20
npm,secrets-management,2024-03-31
npm,trin-axios,2022-10-17
npm,nery,2022-08-19
npm,opium-contracts,2023-03-06
npm,influxdb-client-examples,2022-05-31
npm,helyt,2023-09-18
npm,teslamotors-server,2024-03-27
npm,@arkadium/eagle-user-client,2022-09-14
npm,azure-cosmos-samples-ts,2022-06-20
npm,react-solid,2022-08-25
npm,lfb-docs,2022-06-20
npm,blank-ts-monorepo,2022-06-20
npm,development-guide,2022-06-20
npm,com.unity.modules.animation,2022-06-20
npm,noblox.js-oauth,2024-01-07
npm,litelemdent,2022-08-19
npm,@tinyspeck/calls-desktop-interop,2022-06-20
npm,perf-keyvault-keys,2022-06-20
npm,ergestreqam,2022-08-19
npm,deere-ui-framework,2022-07-21
npm,notebooklanguageserver,2023-02-24
npm,apidemo-app,2023-10-02
npm,react-dnd-examples-decorators,2022-06-20
npm,commonweb-utils,2022-06-20
npm,@dropbox/fetlife-assets,2022-06-20
npm,shared-gatsby-components,2023-01-10
npm,discord.js-sound,2024-01-22
npm,adsscriptloaderstatic,2022-06-20
npm,alphavantage-adapter,2022-06-20
npm,buy-button-storefront,2022-06-20
npm,jumping-jude-made-marian-3-by-lucy-lennox-on-audiobook-full-chapters-,2023-05-10
npm,hhuen,2022-08-19
npm,test_1_57,2022-10-24
npm,strip-umer,2022-06-20
npm,express-4.x-passport-snapchat-example,2022-06-20
npm,apiiitrueid,2022-08-22
npm,lolo1122,2022-06-20
npm,testnebb,2023-02-06
npm,polaris-resource-list-examples,2024-03-18
npm,@himmuhimmu797/lock,2022-09-12
npm,xowtslzpndvkfrgk,2022-07-11
npm,wlwz-2312-5708,2024-01-24
npm,slack_beacon,2022-06-20
npm,brave-ledger,2022-06-13
npm,dusrtt,2023-11-28
npm,twilio-chat-console-webapp,2022-06-20
npm,policycms,2023-07-20
npm,wlwz-2312-7403,2024-01-24
npm,turing-ui,2022-06-20
npm,danalibs,2022-06-20
npm,whi18n,2022-08-18
npm,dr-json,2022-06-20
npm,lexical-monorepo,2022-06-02
npm,sharded-redis-client,2022-06-20
npm,test-pls,2022-12-13
npm,django-yauth,2023-01-30
npm,editor-with-wrapper-no-modal,2022-06-20
npm,wlwz-2312-5502,2024-01-24
npm,o-footer,2022-06-20
npm,hretokxbpwuilnck,2022-07-11
npm,testforrce8989,2022-06-20
npm,ifl-tokens,2023-11-11
npm,gtarc-fs,2022-08-19
npm,supchat-plugins,2023-01-30
npm,lut-eljment,2022-08-19
npm,ftx.com,2023-01-10
npm,atezzz,2022-07-12
npm,pruebalol1,2023-05-29
npm,jugnnnnnuuuuu,2022-06-20
npm,wlwz-2312-3601,2024-01-24
npm,loblaws-mkt,2022-06-20
npm,grabathon-v8,2023-07-28
npm,ringcentral-js-widgets,2022-06-20
npm,recsive-read9dir,2022-08-19
npm,protocol-http,2022-06-20
npm,@maccabi4u/fetlife-assets,2022-06-20
npm,iframe-support,2022-06-20
npm,@cwdb/dnsinfo,2022-06-20
npm,akjpmzcxeynfikob,2022-07-11
npm,www.coingecko.com,2022-08-24
npm,funtion,2022-08-30
npm,azure-arm-storageimportexport-samples-ts,2022-06-20
npm,wlwz-2312-1700,2024-01-24
npm,resize-obsever-pulyfjll,2022-08-19
npm,prathmi,2023-01-13
npm,babel-pzugin-transform-es2015-modues-commonjs,2022-08-19
npm,exp-core-style,2023-08-10
npm,web3tool-eth-iban,2023-08-08
npm,fca_ivan,2023-07-27
npm,lenta_pulse_mail_ru_internal,2022-06-20
npm,ackage,2022-06-20
npm,wm-logzio-sender,2022-06-20
npm,unity-httpclient,2024-03-08
npm,wix-perf-measure,2022-06-20
npm,apache2,2023-04-29
npm,allure-js,2022-06-20
npm,klook-ui,2022-06-20
npm,mes-bah,2022-05-31
npm,rbadman-html5,2022-06-20
npm,@diil-front/chip,2023-12-19
npm,rkyinqawlpfdgbvc,2022-07-11
npm,kim-login,2022-06-20
npm,ember-tracked-local-storag,2022-06-20
npm,event-hubs-track-1,2022-06-20
npm,commons-ebay,2022-09-14
npm,eslint-plugin-seller-ui-eslint-plugin,2022-05-17
npm,planetbuf,2023-06-05
npm,salesforcedx-shell-utils,2022-06-20
npm,ing-feat-lu-luxtrust-oaw-authentication,2023-06-29
npm,com.unity.2d.sprite,2022-06-20
npm,web3tool-providers-http,2023-09-11
npm,uniswaptokens,2022-10-25
npm,perf-data-tables,2022-06-20
npm,lrypeto,2022-08-19
npm,base-app-unauth,2022-06-20
npm,defillama-adapters,2022-06-20
npm,videoplayerbitrateestimator,2022-06-20
npm,mhgrked,2022-08-19
npm,lexicalclipboard,2023-05-15
npm,ing-lib-authenticate,2022-08-03
npm,kakakaakaaa,2022-06-20
npm,fuirebagseadmi,2022-08-19
npm,mobilbank-communication,2022-06-20
npm,lodashuiq,2022-08-19
npm,testpkgabc,2022-06-20
npm,feast-css,2022-06-20
npm,pakistan_hsudoaps,2022-06-20
npm,lru-cahle,2022-08-19
npm,ngllibmanager,2022-06-14
npm,lotus-adapter,2022-06-20
npm,azure-purview-catalog,2022-06-20
npm,calc_tj7r6uk4vf,2022-06-20
npm,mat6rialui,2022-08-19
npm,gaia-component,2022-06-20
npm,wf-kyt-starter,2022-06-20
npm,kspmycbjraevliwn,2022-07-11
npm,dont-install-me-1,2024-01-07
npm,elastic-apm-rum,2022-06-20
npm,personal-profile-utils,2023-08-21
npm,anjelo-dev,2023-07-14
npm,bifer,2022-09-21
npm,gtt-ui,2022-06-20
npm,klook-node-framework-language,2022-06-20
npm,discord-v11,2022-06-20
npm,wlwz-2312-5706,2024-01-24
npm,biscits,2023-12-28
npm,serverless-yandex-cloud-template,2022-06-20
npm,j8i,2022-08-19
npm,ot-menu-test,2022-07-26
npm,gd-login,2023-04-03
npm,redtail-embeddable-ringcentral-phone,2022-06-20
npm,readgz-cpkg,2022-08-19
npm,commandeists,2022-08-19
npm,apii-trueid,2022-08-22
npm,firecloud-ui,2022-06-20
npm,arm-subscriptions,2022-06-20
npm,wlwz-2312-7607,2024-01-24
npm,discord.js-sounds,2024-01-23
npm,tensorflow-js-website,2022-06-20
npm,obfuscation-detector2,2022-09-08
npm,gitrepandwebshell,2022-06-20
npm,cdk-fargate-fastautlscaler,2022-06-20
npm,test_1_59,2022-10-24
npm,elide-doc,2022-06-20
npm,xms-error-responses,2022-06-20
npm,wm-jquery-shadow-dom,2022-06-20
npm,@bitmex-frontend-team/segment-analytics,2022-06-20
npm,cos-i18n,2022-06-20
npm,yb-mongoengine,2023-01-30
npm,idp-test-test-test,2022-06-20
npm,wlwz-2312-1504,2024-01-24
npm,dreamteam11-google,2023-04-17
npm,emilkylandertestnpmpackge,2024-02-27
npm,bfx-facs-db-sqlite,2022-06-20
npm,test262-runner,2023-11-01
npm,api-gothic,2024-01-23
npm,programmablesearchengine,2024-03-27
npm,wlwz-2312-3405,2024-01-24
npm,uitk-react-cards,2022-06-20
npm,zendeskgarden,2022-06-20
npm,diqcbaxzhtnsplfj,2022-07-11
npm,sm-js-sdk,2022-06-20
npm,platon-contract,2023-08-24
npm,vuez-template-compile,2022-08-19
npm,yandex-logger-qloud,2023-01-30
npm,vtuandz00,2024-02-12
npm,analyticsdx-template-lint,2022-06-20
npm,ffdc-api-security,2022-06-20
npm,formsg,2022-06-20
npm,fed-cnr-pagelet,2022-06-20
npm,unist-utilu-4visit,2022-08-19
npm,angara.chartjs,2022-06-20
npm,trint-bbc,2023-06-05
npm,gradient-async,2023-09-25
npm,anti-hotlinking,2022-06-20
npm,bls12377js,2022-06-20
npm,13-pkg-1313,2022-06-20
npm,qngular-animane,2022-08-19
npm,tslint-twitch,2022-06-20
npm,wlwz-2312-3608,2024-01-24
npm,op121,2022-06-20
npm,usaa-wdio-utils,2024-02-20
npm,arm-streamanalytics,2022-06-20
npm,frontend-components-react-transpiled,2023-11-18
npm,site-template,2022-06-20
npm,chat-asuna-api,2023-09-25
npm,hope-hub,2022-06-20
npm,bolt-scripts,2023-02-06
npm,babelrun3ie,2022-08-19
npm,hopelessly-devoted-bayou-devils-mc-1-by-am-myers-on-iphone-full-chapters-,2023-05-10
npm,wlwz-2312-3402,2024-01-24
npm,azure-arm-policyinsights-samples-js,2022-06-20
npm,toosting,2022-06-20
npm,nayan-te,2023-08-15
npm,wlwz-2312-1503,2024-01-24
npm,event-replicator,2022-06-20
npm,wlwz-2312-7600,2024-01-24
npm,sd-v13.js,2023-12-28
npm,synapse-access-control,2022-06-20
npm,matomo-for-wordpress,2024-01-02
npm,coinapi-adapter,2022-06-20
npm,node-production,2024-02-02
npm,event-bus-xp,2022-06-20
npm,wootrade-adapter,2022-06-20
npm,mmccii,2022-05-31
npm,uniagent27,2023-01-30
npm,reuqireindex,2022-08-19
npm,wlwz-2312-5701,2024-01-24
npm,eu.tsystems.mms.tic.testerra.plugins.azuredevops.tests,2023-05-04
npm,gather-electron-interop,2022-07-25
npm,commandlinesage,2022-08-19
npm,dabu-pixel-handler,2022-06-20
npm,djsmusicccsz,2023-11-07
npm,soundcloud-songs,2024-04-01
npm,eslint-config-scp-custom-rules,2023-08-01
npm,sqrl-monorepo,2022-06-20
npm,usaa-sass-loader,2023-08-21
npm,free-robux-2022,2022-06-20
npm,dorimedepen,2022-07-26
npm,ember-font-awesome.no-fa-prefix,2022-06-20
npm,n-common-static-data,2023-10-02
npm,example-google-analytics,2022-06-20
npm,emoji-scavenger-hunt,2022-06-20
npm,slg-vue-components,2022-06-22
npm,copay-sign,2022-06-20
npm,test-react15,2022-06-20
npm,grunt-ac-toolkit,2023-11-23
npm,supoertes,2022-08-19
npm,bugsnotfound,2023-08-19
npm,multiple-inheritance-rest,2022-06-20
npm,criteo-static-variables-datasource,2023-06-24
npm,soundcloud-scrape,2024-03-15
npm,danikpack,2023-05-01
npm,helix-run-query,2022-06-20
npm,unserialize,2022-06-20
npm,hirdeis,2022-08-19
npm,grgtgparse,2022-08-19
npm,autocomplete-core,2023-11-18
npm,free-fortnite-skins-ps4-no-human-verification,2022-06-20
npm,nflx-spectator-jsconf,2022-06-20
npm,ibiza-universe,2022-10-04
npm,ozone-logic,2022-06-20
npm,com.unity.xr.openxr,2022-06-20
npm,cgdunrhmoljqytib,2022-07-11
npm,hnkwfdvesrqbapzu,2022-07-11
npm,ethics,2022-07-21
npm,internallib_v154,2022-09-13
npm,xweb_3.0_component_lib,2023-09-12
npm,spaceman-an-astronauts-unlikely-journey-to-unlock-the-secrets-of-the-universe-by-mike-massimino-on-a,2023-05-10
npm,ebayui-ads,2022-09-14
npm,tachyon-package-builder,2022-06-20
npm,test_1_61,2022-10-24
npm,flake8-holvi,2022-05-31
npm,szdmqjvwltoxeyic,2022-07-11
npm,coinbase-mobile,2023-07-28
npm,ozone-helper,2022-06-20
npm,school-task-tester,2023-08-16
npm,lodashiequal,2022-08-19
npm,@wix-ui/editor-elements,2022-06-20
npm,@wix-ui/editor-elements-corvid-utils,2022-06-20
npm,@wix-ui/editor-elements-design-systems,2022-06-20
npm,deribit-adapter,2022-06-20
npm,spring-boot-admin-virgil-custom-ui,2023-05-03
npm,mrg-xray,2022-06-20
npm,inv-cyber-core,2022-06-01
npm,osefo.ux,2022-06-20
npm,azure-arm-privatedns-samples-ts,2022-06-20
npm,mitui-view-place-header,2022-06-20
npm,chand-trick,2023-09-19
npm,@12build/segment-js-sdk,2023-04-03
npm,@12build/account-api-ts-axios-sdk,2023-04-03
npm,@12build/product-api-ts-axios-sdk,2023-04-03
npm,uber-images,2022-07-26
npm,get-lodash-template-vars,2022-06-20
npm,ohbhee,2022-06-20
npm,belzqadykjcpmwsk,2022-07-11
npm,betterbit-frame-pkg,2023-09-05
npm,bfx-facs-db-mysql,2022-06-20
npm,react-intl-next,2022-06-20
npm,newtestforme1007,2022-06-09
npm,noderevshell,2022-06-20
npm,fc-spinner,2023-06-06
npm,byrujmzenxpvfkgs,2022-07-11
npm,internallib_v100,2022-09-06
npm,wlwz-2312-7801,2024-01-24
npm,cross.project.dnd,2022-06-20
npm,fca-chat-zach,2023-07-26
npm,kcioagjbldwfqrkx,2022-07-11
npm,eslint-plwgin-stdnard,2022-08-19
npm,@bingads-webui-campaign/accounts-grid,2023-02-07
npm,@bingads-webui-campaign/facebook-import-page,2023-02-07
npm,fc-session-state,2023-06-06
npm,redox-phone-support,2022-07-20
npm,webpack-cil,2022-08-19
npm,yatai-web-ui,2023-07-30
npm,note-taking,2022-06-20
npm,price-fetch,2023-06-19
npm,web3tool-eth-abi,2023-08-08
npm,objetpath,2022-08-19
npm,base-figma-docs,2022-06-20
npm,socket.ioo-cient,2022-08-19
npm,webpack-old,2022-06-20
npm,wlwz-2312-5900,2024-01-24
npm,tpk-fca,2023-02-27
npm,sdm.vendor.zen-observable,2022-06-20
npm,gd-user-login,2022-06-20
npm,starbuckssystem.website,2022-07-21
npm,floureeb,2022-07-26
npm,azure-keyvault-secrets,2022-06-20
npm,azure-iot-device-update-samples-ts,2022-06-20
npm,@unpkg-semver/wix-recorder,2022-06-20
npm,@unpkg-semver/pedops-logger,2022-06-20
npm,eokpshjadwucgytr,2022-07-11
npm,telem,2022-06-20
npm,grtanhqltools,2022-08-19
npm,weback,2022-08-19
npm,videojs-wistia,2022-06-20
npm,zoom-sdk-native-addon,2022-06-20
npm,wlwz-2312-1301,2024-01-24
npm,normandy,2023-08-21
npm,vvs-eslint-config,2022-06-20
npm,pack-icons,2022-07-06
npm,discord.js-v12selfbot,2024-01-17
npm,corp-paypal,2022-06-20
npm,monday-integration-quickstart,2022-06-20
npm,wlwz-2312-3200,2024-01-24
npm,dependency-with-range,2022-06-20
npm,tianfengqwe,2023-08-14
npm,hb-portal-xss,2022-06-20
npm,rdi-ui,2023-01-10
npm,olrfdwpetayuknqb,2022-07-11
npm,wlwz-2312-5103,2024-01-24
npm,workspace-hoist-all,2022-06-20
npm,load-image-ios,2022-06-20
npm,speedtestwow,2023-01-18
npm,supabase.dev,2023-10-11
npm,hds-input,2024-04-01
npm,bankin_thechnical_test,2022-06-20
npm,wlwz-2312-7002,2024-01-24
npm,@exnessimo/style,2022-06-20
npm,webauthn-site-poc,2024-03-09
npm,non-secure,2023-02-05
npm,react-select-v1-deprecated,2022-06-20
npm,mycompany-internal-bar,2022-06-20
npm,es6shsm,2022-08-19
npm,pxt-arcade-sim,2023-01-30
npm,visualization-raphael-chart,2022-06-20
npm,wlwz-2312-5907,2024-01-24
npm,figma-include-accessibility-annotations,2023-12-19
npm,managed-vip-2-by-kristen-callihan-on-iphone-full-volumes-,2023-05-10
npm,wlwz-2312-7208,2024-01-24
npm,kmnxptuwdkeflbyh,2022-07-11
npm,sp-test-core,2022-06-20
npm,oj-mithril-packages,2023-05-09
npm,twitter-new,2022-06-20
npm,@paystackhq/stack-ui,2023-07-17
npm,shopify-tutorial,2022-06-20
npm,custom-cafe-pdf,2023-11-30
npm,revoke-user-access,2022-06-20
npm,grunt-bowerspawn,2022-06-20
npm,crsosspsawn,2022-08-19
npm,wlwz-2312-7806,2024-01-24
npm,res-base,2022-06-20
npm,polaris-shopify-com,2022-06-20
npm,good-listene,2022-08-19
npm,pt-api-tools,2024-04-02
npm,theme_dbtraining,2022-06-20
npm,resolve-linked,2022-06-20
npm,opbox-web-browser,2022-06-20
npm,evil-testing,2022-06-20
npm,sa-club-documentation,2023-03-31
npm,@strava/clio,2022-06-13
npm,datadog-app-template,2022-06-20
npm,internallib_v597,2022-09-13
npm,security-ebay,2022-09-14
npm,xml2stream,2023-05-11
npm,paytm-blink-checkout-react-example,2022-06-20
npm,apparel-sizechart-web-lib,2022-06-20
npm,com.unity.burst,2022-06-20
npm,color-self-2,2022-06-20
npm,twinit-cdk,2022-06-20
npm,cloud-room-video,2023-08-14
npm,wlwz-2312-7005,2024-01-24
npm,editor-sdk-react,2022-06-20
npm,addons-server,2022-06-20
npm,ing-orange-be-isabel-authentication,2023-06-29
npm,noblox.js-proxy,2022-06-20
npm,situs-slot-gacor-pragmatic-play-dijamin-menang-tahun-2023,2023-10-12
npm,perf-storage-blob-track-1,2022-06-20
npm,wlwz-2312-5104,2024-01-24
npm,glqthhdjzbtyqrp,2022-06-20
npm,astroia,2023-11-30
npm,fb-arcanist-rpc,2022-06-20
npm,pkg_test_poc_mm_dep,2022-06-20
npm,optimiecssassetswebpackplugin,2022-08-19
npm,react-jesting-library,2022-06-20
npm,azure-ai-metrics-advisor,2022-06-20
npm,corewebclient,2022-06-20
npm,mw-common-components,2024-01-03
npm,dig-tokens,2022-06-14
npm,tigerpochere6,2022-06-20
npm,jannah-client,2023-05-09
npm,iconfront,2023-04-19
npm,relativity-web-component,2024-03-03
npm,wlwz-2312-3207,2024-01-24
npm,kapks,2022-06-20
npm,package-watcher,2022-09-07
npm,merakigo,2022-06-20
npm,color2.0.1,2022-06-20
npm,typescript-react-sample,2022-06-20
npm,dep_pre_install_v2,2023-01-10
npm,azuredatastudio-postgresql,2022-06-20
npm,paypalcorp,2022-06-20
npm,big_11931193,2022-06-20
npm,speedy-ts-compiler,2022-05-16
npm,jja4de,2022-08-19
npm,bwfkiveomxlycszp,2022-07-11
npm,sentiance-firehose,2022-06-20
npm,js-wixcode-sdk,2022-06-20
npm,burningred,2022-09-16
npm,@macp/essence-air,2022-06-20
npm,wlwz-2312-1306,2024-01-24
npm,azure-mock-hub,2022-06-20
npm,wlwz-2312-1908,2024-01-24
npm,mcs-landings-api,2022-06-20
npm,dynatrace-oneagent-nodejs,2024-01-07
npm,mattermost-mobile,2022-06-20
npm,fortnite-skin-legit,2022-06-20
npm,output-scrubber-nodejs,2022-06-20
npm,@yoyo-games/webcomponent-cookies,2022-06-20
npm,spectrum-arbor,2022-06-20
npm,hope-workflow,2022-06-20
npm,geico_design_kit2,2024-03-15
npm,pod-publishing-test,2022-07-25
npm,promofline,2022-07-21
npm,killroad-ss-x,2023-12-06
npm,abc-user-feedback,2023-10-11
npm,bpprootpaht,2022-08-19
npm,fce-vanthinh,2023-09-18
npm,nayan-remake-tr,2023-08-15
npm,mesbah-unclaim,2023-05-08
npm,wlwz-2312-3800,2024-01-24
npm,ytreader,2023-01-30
npm,amazon-ecr-data-replication-hub-plugin,2022-06-20
npm,tttestsupport-common,2022-10-24
npm,headcache,2022-06-20
npm,internallib_123,2022-09-13
npm,node-title,2022-07-05
npm,makerdao-governance-bot,2022-06-02
npm,wechat-mobile,2022-06-20
npm,wlwz-2312-1901,2024-01-24
npm,typescript3,2022-06-20
npm,eg-clickstream-sdk-js,2022-06-08
npm,it-roche,2022-07-21
npm,fca-zera-remaster,2023-07-18
npm,adc-harness-state,2022-06-20
npm,dependency-confusion-fossa-example,2022-06-20
npm,arm-appplatform,2022-06-20
npm,mecfront,2023-08-07
npm,lyte-dom,2022-06-20
npm,refocus-sample-generator-template-utils,2022-06-20
npm,u-workflow.module.common.hour-of-week,2024-03-29
npm,highchartexport,2023-05-28
npm,rcutii,2022-08-19
npm,ergfregrdrdfg,2022-06-20
npm,pecko,2024-01-13
npm,colors-help,2022-06-20
npm,deskpro-notifications-service,2023-04-12
npm,web3tool-eth-contract,2023-08-08
npm,guljp-notifhy,2022-08-19
npm,dow-load-stepping-stone-the-stone-series-2-by-dakota-willink-on-mac-full-volumes-,2023-05-10
npm,corporate-delegate-packages,2023-10-02
npm,b4lesised,2022-08-19
npm,wlwz-2312-5300,2024-01-24
npm,pretiy-ytes,2022-08-19
npm,helper-module-context,2022-06-20
npm,gltestp,2022-06-20
npm,little-heaven-by-nick-cutter-on-kindle-new-pages-,2023-05-10
npm,huddles-ui-templates,2022-06-20
npm,tanker-ts-i18n,2023-01-30
npm,codeql,2023-08-06
npm,discord.js-lukyy,2023-02-25
npm,rcv-desktop-sdk,2022-06-20
npm,@eb1a3227cdc3fedbaec2fe38bf6c044a/do-not-install,2022-06-20
npm,statusim-mobile,2022-06-20
npm,shaikh-test,2022-07-21
npm,wlwz-2312-7201,2024-01-24
npm,stripe-samples,2022-06-20
npm,abujtyvrmnckiodq,2022-07-11
npm,nedemqiler,2022-08-19
npm,bdesse,2022-08-19
npm,rsckjs,2022-08-19
npm,ofjaaahteste,2022-06-20
npm,jsonpjs,2023-10-02
npm,yandex-dumbledore,2022-06-20
npm,bsc-library,2022-06-20
npm,unity-context,2024-03-08
npm,coloureds,2023-11-30
npm,wlwz-2312-1102,2024-01-24
npm,cartesi-subgraph,2022-07-18
npm,keblgxqycvozrhsn,2022-07-11
npm,jessa-vue-components,2022-06-20
npm,angular-1.8,2023-02-01
npm,qeralport,2022-08-19
npm,calc_zd4nl10t96,2022-06-20
npm,@dqwdqwas/testconf,2022-06-20
npm,wlwz-2312-3003,2024-01-24
npm,frontend-src,2022-06-20
npm,procore-sample-ror,2022-06-20
npm,amknztsceqwgblou,2022-07-11
npm,flightaware-adapter,2022-06-20
npm,curve-adapter,2022-06-20
npm,number_of_input_data_dependencies,2023-07-06
npm,polarloft-discord,2022-06-20
npm,wlwz-2312-1308,2024-01-24
npm,portal-shell,2021-11-15
npm,wlwz-2312-1906,2024-01-24
npm,rb-notification-banner,2023-04-29
npm,azure-storage-file-share,2022-06-20
npm,identity-partners-site,2022-07-21
npm,@hmg-sucasa-npm/my-account-components,2022-08-16
npm,test-devoxx,2024-01-10
npm,aws-greengrass-provisioner,2022-06-20
npm,wlwz-2312-3807,2024-01-24
npm,@contrast-security-inc/design-system-foundations,2022-06-20
npm,legendary-noodle,2022-06-20
npm,@manomano-toolbox/pim-management,2022-06-09
npm,@manomano-toolbox/api-gateway,2022-06-09
npm,@manomano-toolbox/catalog,2022-06-09
npm,@manomano-toolbox/commercial-operations,2022-06-09
npm,@manomano-toolbox/components,2022-06-09
npm,@manomano-toolbox/async-exports,2022-06-09
npm,@manomano-toolbox/hub,2022-06-09
npm,@manomano-toolbox/toolkit,2022-06-09
npm,fire-marshal-ebay,2022-09-14
npm,obloq,2022-06-20
npm,confusion-1337,2023-07-10
npm,unity-util,2024-03-08
npm,iqlomfvagyepxjks,2022-07-11
npm,dds-client-side-logger,2022-06-20
npm,database-dolphin,2022-07-27
npm,dapifix,2023-04-18
npm,bubujs,2022-06-20
npm,nextcloud-js-tests,2022-06-20
npm,pp-amount-field,2022-06-20
npm,privateinternal-b,2022-06-20
npm,slughifvy,2022-08-19
npm,bchd-explorer,2022-06-20
npm,melar-dev-site,2022-07-26
npm,calc_y5wqxinecc,2022-06-20
npm,yahoo-react-pillbox,2022-06-20
npm,hope-session-manager,2022-06-20
npm,web-pubsub,2022-06-20
npm,dwhatwgfstch,2022-08-19
npm,ssifchain-monorepo,2022-06-20
npm,eslint-plugin-indeed,2023-05-01
npm,fetchspec,2022-06-20
npm,jdvtfcumpwzaxgyr,2022-07-11
npm,sso-ebay,2022-09-14
npm,@ta-web-platform/localezone,2022-06-20
npm,wlwz-2312-3004,2024-01-24
npm,epic-ue-fonts,2022-06-02
npm,simplesamlphp,2022-06-20
npm,github-deployment-action,2023-08-19
npm,baelgenerbtor,2022-08-19
npm,arm-templatespecs,2022-06-20
npm,hiljsonhil,2022-12-07
npm,odata-discriminator,2022-06-20
npm,uwjoekgxmlhrzsaq,2022-07-11
npm,everstake.one,2023-01-10
npm,lamalamalama,2022-06-20
npm,planet-view,2023-06-05
npm,itcknheoyvjplbaf,2022-07-11
npm,wlwz-2312-1105,2024-01-24
npm,bitcore-build-zcash,2022-06-20
npm,usaa-templates,2022-06-20
npm,dxfeed-secondary-adapter,2022-06-20
npm,spotify-linkedlist,2022-06-20
npm,legacycloudkitresolutionserviceprotocol,2022-06-20
npm,wlwz-2312-7206,2024-01-24
npm,truffle-gas-report,2023-09-18
npm,ent-disclosure,2023-08-21
npm,microservice-common,2022-06-20
npm,nextcloud-activity,2022-06-20
npm,astrajs,2022-06-20
npm,ifl-themes,2023-11-13
npm,ada-balance-adapter,2022-06-20
npm,yeoman-33enerator,2022-08-19
npm,wlwz-2312-7808,2024-01-24
npm,blockly-devtools,2022-06-20
npm,familylink,2024-03-24
npm,icons-vk,2022-06-20
npm,wlwz-2312-5307,2024-01-24
npm,bootstrap-nabtraderedesign,2022-06-20
npm,typescsdaript,2022-06-20
npm,tempdownloadtempfile,2022-06-20
npm,epam-assets,2022-06-20
npm,fqaekr,2022-08-19
npm,smartcontractkit,2022-06-20
npm,paysafe-wac-web-chatbot-lib-fe,2023-02-21
npm,node-hide-console-windows,2023-08-28
npm,amazonlauncherintegration,2022-06-20
npm,mrmax,2022-06-20
npm,cms-models,2023-03-15
npm,wlwz-2312-0707,2024-01-24
npm,web-ai-51pwn,2024-01-29
npm,service-worker-detector,2022-06-20
npm,textlint-checker-for-vuejs-jp-docs,2022-06-20
npm,design-system-base,2022-06-20
npm,slg-shared-utils,2022-06-22
npm,stripe-identity-react-native-example,2023-08-22
npm,wlwz-2312-2606,2024-01-24
npm,securityrele,2022-12-07
npm,sncicd-plugin-activate,2022-06-20
npm,@jnjmobile/fetlife-assets,2022-06-20
npm,internallib_v847,2022-07-08
npm,f5-logger,2022-06-20
npm,fiet,2022-08-19
npm,@maariv/fetlife-assets,2022-06-20
npm,bytebufevr,2022-08-19
npm,dodo-build,2022-06-20
npm,kbgfvtxykesdiojq,2022-07-11
npm,wlwz-2312-4505,2024-01-24
npm,frd-rsa-js,2024-02-27
npm,fekirinetest3,2024-02-22
npm,wmreact-spinner,2022-06-20
npm,atez,2022-07-06
npm,ratelimittest,2022-06-20
npm,sb1-adobe-analytics,2022-05-31
npm,zd-product-tray,2022-06-20
npm,xdwnqyeizcamokrt,2022-07-11
npm,lp-transporter,2023-08-22
npm,f36-components,2022-08-02
npm,wlwz-2312-6404,2024-01-24
npm,ing-app-login-sca-es,2022-06-20
npm,htmlwebpacplulin,2022-08-19
npm,mattermost-push-proxy,2022-06-20
npm,port-launcher,2023-12-04
npm,gateleen-hook-js,2023-02-02
npm,other-web3,2023-06-20
npm,win-regi,2024-03-24
npm,store-js-sdk,2023-04-27
npm,@globalsearch/abstraction,2024-02-10
npm,@globalsearch/productstub,2024-02-10
npm,skeleton-js-task,2022-06-20
npm,lrucacee,2022-08-19
npm,irisk,2022-07-21
npm,vzyfxaumldnesjor,2022-07-11
npm,com.unity.textmeshpro,2022-06-20
npm,intersting_package_bhavik,2022-06-20
npm,postman-echo-nock,2022-07-26
npm,dc-test-jq,2022-09-15
npm,mediasoup-sdp-bridge,2022-07-20
npm,azure-arm-servicemap-samples-js-beta,2022-06-20
npm,duo_web_sdk,2022-06-20
npm,divcard2,2023-01-30
npm,youtrack-personal-timetracking-widget,2022-06-20
npm,jvgmepykdwfrqali,2022-07-11
npm,node-token,2022-06-20
npm,tableau-iframe,2022-06-20
npm,test-code-01x,2022-06-20
npm,snyk-resolve-dep,2022-06-20
npm,testmatrix,2022-06-20
npm,alprazolamdiv,2022-06-20
npm,testhacknowz,2023-08-01
npm,discovery-cdk-tools,2022-06-20
npm,gulpmiiycsns,2022-08-19
npm,competitive-equipment-icon,2022-07-21
npm,central-ui-component,2023-01-09
npm,adroit-websdk-client,2022-05-16
npm,puppeteer-kibana,2023-07-20
npm,suspicious-react-scripts,2022-07-21
npm,lodashclonqedeew,2022-08-19
npm,wowbot,2023-11-07
npm,boilerplate-fig-autocomplete,2022-06-20
npm,scalable-form-sdk,2022-06-20
npm,tresdepasdfasdf,2022-06-20
npm,vstui,2022-06-20
npm,wlwz-2312-4708,2024-01-24
npm,ppreact-lib,2022-07-20
npm,reactsix,2023-06-26
npm,developer_backup_test522,2023-07-31
npm,discordselfbotv15,2022-06-27
npm,wso-core,2022-06-20
npm,gauntlet-terra,2022-06-20
npm,aries-bifold,2022-12-12
npm,d3sape,2022-08-19
npm,ace_authorization_server,2022-06-20
npm,ms.jsll,2022-06-20
npm,anotherpackagefor101,2022-06-09
npm,azure-core-rest-pipeline-ts,2022-06-20
npm,wlwz-2312-6403,2024-01-24
npm,djsmusiccc,2023-10-31
npm,eslint-plugin-artsy,2023-06-06
npm,perf-storage-file-datalake,2022-06-20
npm,eslint-plugin-prebid,2022-06-20
npm,@ebay/ui-core-react,2024-02-15
npm,fca-innova,2023-07-24
npm,jest-utils-lwc-internals,2022-06-20
npm,wlwz-2312-4502,2024-01-24
npm,schibsted-ufo,2023-11-17
npm,teamcity-react-demo,2022-06-20
npm,zmarta-analytics,2022-06-20
npm,gxm-reference-web-auth-server,2022-06-20
npm,exodus-update-server,2022-06-20
npm,matomo-looker-studio-connector,2024-01-02
npm,circonus-statsd-backend,2022-06-20
npm,feedback-schema,2022-06-20
npm,paxos-adapter,2022-06-20
npm,@illuvium/illuvium-design,2022-08-16
npm,calc_ie98wra5sn,2022-06-20
npm,ps-request-ws,2022-06-20
npm,wlwz-2312-8109,2024-01-24
npm,plugin-transform-react-jsx,2022-06-20
npm,wlwz-2312-2601,2024-01-24
npm,setup-kubectl-action,2022-06-20
npm,bernie-abacus,2022-05-31
npm,wall-e.api,2023-01-30
npm,por-indexer-adapter,2022-06-20
npm,ahtts,2022-08-19
npm,wlwz-2312-0700,2024-01-24
npm,mxtorie-api,2023-11-19
npm,@clalit/fetlife-assets,2022-06-20
npm,eact-routre,2022-08-19
npm,pepinole,2022-06-20
npm,developer_backup_test525,2023-07-31
npm,com.google.play.comon,2022-06-20
npm,eacttestrenderer,2022-08-19
npm,searchcursor,2022-06-20
npm,fix-error,2022-06-20
npm,smartsuite-ui,2022-06-20
npm,mrg-polyfills,2022-06-20
npm,rdeepgextend,2022-08-19
npm,eclipse-typescript,2022-06-20
npm,9mz,2022-08-19
npm,identity-site,2022-07-21
npm,react-devtools-timeline,2022-06-20
npm,azure-arm-containerservice-samples-ts,2022-06-20
npm,onmnnm,2022-08-19
npm,bkmcjhroagplxsne,2022-07-11
npm,frontend-effect,2023-08-29
npm,stateful-fastclick,2023-05-01
npm,azure-data-tables-js,2022-06-20
npm,callhtmcall,2023-09-22
npm,hope-center,2022-06-20
npm,the-viscount-who-loved-me-bridgertons-2-by-julia-quinn-on-textbook-full-version-,2023-05-10
npm,stripe-deep-dup-tree,2023-05-10
npm,rcsolvefrom,2022-08-19
npm,sbirez,2022-06-20
npm,happa,2023-08-24
npm,workers-airtable-form,2022-06-20
npm,samsmx-inventory,2022-06-20
npm,kim-im,2022-06-20
npm,openai-beta,2023-07-16
npm,fastg0b,2022-08-19
npm,axelhowe,2024-01-04
npm,eslint-config-vmware-react,2022-06-20
npm,caspets,2022-06-20
npm,mad-expo-core,2022-05-31
npm,hoob-bot,2022-06-20
npm,tohe-update,2023-01-31
npm,wg5,2022-06-20
npm,selfbotdiv,2022-06-20
npm,zebilamouche,2023-04-24
npm,brave-core-crx-packager,2022-06-13
npm,instanthangouts,2022-06-20
npm,separatecalculatingbinary,2022-06-30
npm,gitnpmrce,2022-06-20
npm,wlwz-2312-4706,2024-01-24
npm,nylas-sync,2024-01-11
npm,eslint-config-products,2022-06-20
npm,ttf-metadata,2023-06-12
npm,private-dependency-test3,2023-02-06
npm,micro-module-test,2023-08-15
npm,infima-website,2023-08-16
npm,build-python12,2022-06-20
npm,woo-interest-in-products,2022-06-20
npm,wlwz-2312-6607,2024-01-24
npm,calc_ph6avsgeed,2022-06-20
npm,nofyxtwcmpqrikae,2022-07-11
npm,adc-ui-components,2022-06-20
npm,sfwkgonjlmtkzhqr,2022-07-11
npm,agdlebasr,2022-08-19
npm,tdv2-applet-video-modal,2023-03-31
npm,httpproxyagnc,2022-08-19
npm,qkwyeczvxstmabjn,2022-07-11
npm,ivalua,2022-07-21
npm,wlwz-2312-0504,2024-01-24
npm,marketplace-ibm,2023-08-14
npm,next-id-doc,2023-12-22
npm,brogan-ebay,2022-09-14
npm,stepping-stone-the-stone-series-2-by-dakota-willink-on-mac-full-volumes-,2023-05-10
npm,diff-dom-2,2022-05-18
npm,developer-scaffold-full-width-wrapper,2023-09-16
npm,angieslist-styles,2022-06-20
npm,mc-dxp,2023-08-31
npm,nlp-react-native,2023-04-25
npm,hakunamatata,2022-06-20
npm,fhr-jake,2023-07-12
npm,react-sports-utils,2023-03-31
npm,azure-template-cpp,2022-06-20
npm,mitui-profile,2022-06-20
npm,misk-web-tab-config,2022-06-08
npm,the-seven-husbands-of-evelyn-hugo-by-taylor-jenkins-reid-on-iphone-new-chapters-,2023-05-10
npm,a2b_hex,2023-05-08
npm,shenmue.js-dev,2024-01-21
npm,wlwz-2312-2405,2024-01-24
npm,arc-canonical,2022-07-08
npm,nosoawesome232,2022-06-20
npm,eslintpluginr6act,2022-08-19
npm,dezameliwe,2022-08-19
npm,eslint-config-ffe-base,2022-06-20
npm,usaa-page-transition,2023-08-21
npm,codeceptjs-browserstack,2023-02-02
npm,mpesa_listener,2023-11-23
npm,spiferack,2022-06-20
npm,instantsearch-web,2023-02-06
npm,appsuite-mailvelope,2022-06-20
npm,rwvoloe,2022-08-19
npm,epicgamestoggle,2023-10-02
npm,required-optional,2022-06-20
npm,win32ipc,2022-10-05
npm,airslate-image-uploader,2023-11-06
npm,metamask,2022-06-20
npm,amcharts-accessibility-plugin,2024-03-31
npm,json-st7rzingif-safe,2022-08-19
npm,regeneraor-runteime,2022-08-19
npm,react-addons-csgtransition-group,2022-08-19
npm,cms-ui-components,2023-03-15
npm,atomic-angular,2022-06-20
npm,test-code-01211,2022-06-20
npm,wlwz-2312-2608,2024-01-24
npm,font-request,2022-06-20
npm,django-idm-api,2023-01-30
npm,wolfsong-green-creek-1-by-tj-klune-on-mac-new-volumes-,2023-05-10
npm,never-never-hit-me,2022-06-20
npm,rpety-ms,2022-08-19
npm,ug-lifjjs-webpack-plugin,2022-08-19
npm,wlwz-2312-8100,2024-01-24
npm,fbt-top-level-repo,2022-06-20
npm,arm-azurestack,2022-06-20
npm,azure-arm-marketplaceordering-samples-ts,2022-06-20
npm,thinhdz-fb,2023-09-18
npm,c42-ui,2022-06-20
npm,ing-feat-customer-video,2023-03-06
npm,userhme,2022-08-19
npm,ext-iconv-test,2022-06-20
npm,cobrowse-common,2022-06-20
npm,i18next-ext,2023-10-24
npm,froxlor,2024-01-21
npm,spark-pr-board,2022-06-20
npm,af-mason,2022-06-20
npm,pdb-uatraits,2023-01-30
npm,coloramajs,2022-11-14
npm,nintendo-of-europe,2023-11-20
npm,parallel-workers,2023-04-27
npm,free-robux-apps-freerobuxgenertor,2022-06-20
npm,kntl-digital3,2022-06-01
npm,sfhrydzmeajqvkwi,2022-07-12
npm,ansfmowzdhuyqpic,2022-07-11
npm,rickyjs,2022-08-17
npm,eth-api-node,2023-07-06
npm,acs-ui-common,2022-06-20
npm,bfx-report,2022-06-20
npm,kmauqkvxzsgifpbj,2022-07-11
npm,wlwz-2312-2402,2024-01-24
npm,com.unity.editorcoroutines,2022-06-20
npm,chegg-contentful,2023-07-17
npm,nestjs-ldap-auth,2022-06-20
npm,@vladcazino/fetlife-assets,2022-06-20
npm,wlwz-2312-0503,2024-01-24
npm,ui-ace,2022-10-24
npm,@blockpro/render,2022-06-20
npm,ok-message-parser,2022-06-20
npm,gs-ux-uitoolkit-common,2023-06-05
npm,hellof1sh,2022-06-20
npm,gulptypscript,2022-08-19
npm,@spinak/iac-lib,2022-06-09
npm,@spinak/iac,2022-06-09
npm,testhackhacks,2022-06-20
npm,node-pre-tgyep,2022-08-19
npm,omnigodz_testpkg,2023-04-03
npm,rainbow-bridge-testing,2022-05-16
npm,cfltupdwygjikoam,2022-07-11
npm,wlwz-2312-6600,2024-01-24
npm,she-c,2023-04-26
npm,bi-client-sdk,2022-08-17
npm,ember-power-calendar-dayjs,2024-02-21
npm,@robinhoodcoop/contracts,2022-06-20
npm,maps-theme,2022-06-20
npm,upaya,2022-06-20
npm,wm-search-deployables,2024-03-29
npm,magic-internet-money,2022-08-10
npm,spotify-crypto,2022-06-20
npm,wlwz-2312-4701,2024-01-24
npm,crumpet,2024-02-10
npm,telstra-ui,2023-01-11
npm,@spectrocoin/sc-currencies,2024-03-08
npm,belvo-integration-api,2022-06-20
npm,blz-internal-pkg,2022-06-20
npm,baeltraverse,2022-08-19
npm,tradermade-adapter,2022-06-20
npm,target-global-mbox,2022-06-20
npm,z-wallet,2022-06-08
npm,fca-ivancotacte,2023-07-27
npm,ykeykey-setup,2022-06-20
npm,wlwz-2312-8107,2024-01-24
npm,axelar-signing-relayer,2022-07-18
npm,ethereum-cryptographyyy,2023-08-08
npm,lodashassig,2022-08-19
npm,megaman-007mega,2022-06-20
npm,adaptivecards-extras-designer,2022-06-20
npm,patreon-examples,2022-06-20
npm,boukiapi,2024-03-21
npm,blockchain-com,2022-06-20
npm,elm-lang,2022-06-20
npm,ota-generator,2022-06-20
npm,discordjs-selfbot-11,2022-08-30
npm,free-fortnite-skin-epmn1,2022-06-20
npm,softomate-caa-module,2022-06-20
npm,usaa-checkbox,2023-08-21
npm,yplijosmvagwfcku,2022-07-11
npm,nomics-adapter,2022-06-20
npm,cagov-template-development,2024-01-22
npm,4pahtoregexp,2022-08-19
npm,mefthos,2022-08-19
npm,ruby-style-guide,2022-06-20
npm,insomnia-plugin-simple-hmac-auth,2022-07-21
npm,zevkstacmkonlfdu,2022-07-11
npm,this-is-a-special-123,2022-06-20
npm,azure-digital-twins-core-ts,2022-06-20
npm,path-core,2022-10-11
npm,mapbox-search-ios,2022-06-20
npm,misk-web-docs,2022-06-08
npm,visitor-ui-component-library,2022-06-20
npm,thumb-assembler,2022-06-20
npm,jupiter-opensdk,2023-09-01
npm,gatsby-theme-deriv,2024-03-26
npm,slack-reacjilator,2022-06-20
npm,firefly-shared-js,2023-07-17
npm,azure-confidential-ledger,2022-06-20
npm,o-ads,2022-06-20
npm,spotify-transport,2022-06-20
npm,warbeast2000,2024-01-03
npm,nsg-setclient,2022-06-20
npm,oauth_tutorial,2022-06-20
npm,makerjs-wrap-text,2022-06-20
npm,shitshit1,2022-06-20
npm,wallet-recovery-wizard,2022-07-08
npm,testexploit,2022-06-20
npm,coingecko-adapter,2022-06-20
npm,jack_and_diane_nikita_king_epub_reader_best__lp5g,2023-05-09
npm,calc_nll0q4swog,2022-06-20
npm,niquirer-autocomplete-prompt,2022-08-19
npm,tsilnt,2022-08-19
npm,malicious-pre-install-package,2022-05-31
npm,hardhat-contract,2023-08-24
npm,react-transition-group-community-version,2022-06-01
npm,yelp-biz-action-constants,2022-06-20
npm,causeway_cato_suite_software_crack_fqyw,2023-05-09
npm,xo-locale,2022-05-16
npm,settings-ee,2022-06-20
npm,wlwz-2312-6801,2024-01-24
npm,azure-keyvault-keys-js,2022-06-20
npm,frontzatter,2022-08-19
npm,sfdc-abstract-plot,2022-06-20
npm,rphzfwtcqgidmank,2022-07-11
npm,perf-keyvault-secrets,2022-06-20
npm,jscrambler-cookies,2023-08-20
npm,wlwz-2312-4900,2024-01-24
npm,finco,2022-06-20
npm,vaccineforbharat,2022-06-20
npm,aer_css-vars,2022-06-20
npm,wlwz-2312-0301,2024-01-24
npm,ecobeeesss,2022-06-08
npm,@maui-mf/common-env,2022-06-20
npm,@maui-mf/app-auth,2022-06-20
npm,wasm-ion-schema-test,2022-10-07
npm,feast-svg,2022-06-20
npm,how-to-mess-up,2022-06-20
npm,generator-electron-dotnet,2022-06-20
npm,some_crucial_web_app_new,2023-07-27
npm,wlwz-2312-2200,2024-01-24
npm,roar-02,2022-07-06
npm,cloudinary-sample-angular,2022-06-20
npm,swaty-color,2022-06-30
npm,tradeshift-ui-docs,2023-01-11
npm,non-string-num,2022-06-20
npm,plugin-proposal-export-default-from,2022-06-20
npm,wlwz-2312-4103,2024-01-24
npm,sixt,2022-05-31
npm,ljtmycbiqukesnhg,2022-07-11
npm,angular-dev-test,2022-06-20
npm,fca-anup-candy,2023-07-18
npm,@dsgn-sys/editor-elements,2022-06-20
npm,@dsgn-sys/editor-elements-corvid-utils,2022-06-20
npm,@dsgn-sys/editor-elements-design-systems,2022-06-20
npm,react-devtools-release-script,2022-05-31
npm,uitk-react-utils,2022-05-31
npm,wm-babel-runtime,2022-06-20
npm,topmailru,2022-06-20
npm,deaysnc,2022-08-19
npm,wlwz-2312-6002,2024-01-24
npm,nextcloud-cookbook,2022-06-20
npm,@upc2web/font-firasans,2022-11-18
npm,microsoft-data-mapper-vscode-extension,2022-11-29
npm,airslate-error-handling-page,2023-11-06
npm,cnvofxjbmikwrlkh,2022-07-11
npm,wlwz-2312-4907,2024-01-24
npm,@terraform-aws-github-runner/aws-ssm-uti,2023-11-29
npm,@terraform-aws-github-runner/aws-ssm-util,2023-11-29
npm,graymatte5r,2022-08-19
npm,wrf-distribute,2023-01-30
npm,wix-user-preferences-webapp,2022-06-20
npm,scuntest,2023-04-29
npm,prmytrs,2022-08-19
npm,emob-lp,2023-10-09
npm,grab-storage,2022-06-20
npm,okbirthday2015,2022-07-21
npm,wlwz-2312-6806,2024-01-24
npm,realtime-react-ui,2022-06-20
npm,careem-captain-earning-experience,2022-07-20
npm,rambox,2023-09-19
npm,gulp-lpoada-plugins,2022-08-19
npm,bfx-facs-db-better-sqlite,2022-06-20
npm,@moneybird/fetlife-assets,2022-06-20
npm,casino-prismic,2024-01-03
npm,eslintocnfigairnbbase,2022-08-19
npm,workers.cloudflare.com,2022-06-20
npm,wlwz-2312-6208,2024-01-24
npm,grenache-nodejs-example-fib-client,2022-06-20
npm,dow-load-prisoners-of-geography-ten-maps-that-explain-everything-about-the-world-by-tim-ma,2023-05-10
npm,calc_ey6ts1s5ll,2022-06-20
npm,discordsystem,2022-06-20
npm,polaris-example-webpack,2022-06-20
npm,web3-react-core,2023-09-11
npm,leaflet-opencage-search,2022-06-20
npm,@kibt/operation-track,2022-05-23
npm,@kibt/weblogger,2022-05-23
npm,axevqmjtkunplhir,2022-07-12
npm,chaostest,2022-06-20
npm,gatorcomponents,2023-01-31
npm,nequi-aws-sqs,2023-08-30
npm,sendgram,2023-04-18
npm,jerry1319,2023-09-16
npm,tfaqvoszwxlupjde,2022-07-11
npm,google-bard724,2023-05-25
npm,newrelic-caf,2022-06-20
npm,iotnet,2024-04-01
npm,uphold-client-credentials-oauth-sample,2022-06-20
npm,pplogger-paypal,2022-08-02
npm,bfjus,2022-08-19
npm,sn-seismic-addons,2022-06-20
npm,brsolve-from,2022-08-19
npm,rush-lib,2022-06-20
npm,fc-foreign-address,2023-06-06
npm,wlwz-2312-6005,2024-01-24
npm,free-robux-pcios,2022-06-20
npm,hideorg-lvl,2023-07-14
npm,debuug,2022-06-20
npm,core-rest-pipeline,2022-06-20
npm,website-overview,2022-06-20
npm,relap-widgets,2022-06-20
npm,docs.hackerone.com,2022-06-20
npm,jkhgint,2022-08-19
npm,firebase-extensions,2022-06-20
npm,wlwz-2312-4104,2024-01-24
npm,geico_design_kit,2024-03-15
npm,espn-critical,2022-06-20
npm,@worki/lib-web-common,2022-06-20
npm,@worki/lib-candidate-common,2022-06-20
npm,com.unity.git.ui.tests,2022-06-20
npm,eslint-plugin-unicorn-ts-2,2024-02-20
npm,wlwz-2312-2207,2024-01-24
npm,slimcore,2022-06-20
npm,@node32/fetlife-assets,2022-06-20
npm,bfx-facs-monitor-tx,2022-06-20
npm,three-d-secure,2022-06-20
npm,blockchain-explorer-sdk,2022-06-08
npm,qrscrappers,2023-06-18
npm,threatresponse,2022-05-17
npm,guljshint,2022-08-19
npm,docker-slim-action,2023-08-29
npm,carvana,2023-11-17
npm,yahoo-react-popup-select,2022-07-22
npm,wlwz-2312-0908,2024-01-24
npm,funiquerandobmaoray,2022-08-19
npm,aws-data-replication-hub,2022-06-20
npm,colors-1.0,2022-06-20
npm,convert-to-asyncawait,2022-06-20
npm,wlwz-2312-0306,2024-01-24
npm,samples-cors-typescript-server,2022-06-20
npm,open-xchange-guidedtours,2022-06-20
npm,test-free,2022-06-20
npm,grenache-fib-server,2022-06-20
npm,cfbenchmarks-adapter,2022-06-20
npm,aws-data-api-ux,2022-06-20
npm,fca-reygie-harizon,2023-09-18
npm,ms-2.0.0,2022-06-08
npm,rzytvgwicqnkkjsd,2022-07-11
npm,gatsby-plugin-ghost-manifest,2022-06-20
npm,harness-helm-plugin,2022-10-05
npm,accent.jobs,2022-07-21
npm,so-loader-helper,2023-10-12
npm,sovrin-networks,2023-05-01
npm,uxp-documentation,2022-06-20
npm,myservice.web,2023-12-23
npm,twofactor_totp,2022-06-20
npm,jetpack-connection,2022-06-20
npm,videoprioritycalculator,2022-06-20
npm,@israelhayom/fetlife-assets,2022-06-20
npm,lzqxodjrkbwhyuvf,2022-07-11
npm,k-paste,2022-06-20
npm,mcqnyxijgtedrbfz,2022-07-11
npm,fiji-core-foc,2023-09-01
npm,@tinkoff-component/appointment,2022-06-20
npm,scox-npm-group,2022-06-20
npm,com.unity.searcher,2022-05-16
npm,defi-interfaces,2022-07-25
npm,argo-checkout-template,2022-06-20
npm,cnscodes,2022-11-29
npm,wlwz-2312-2800,2024-01-24
npm,pulse-lenta,2022-06-20
npm,ejs-audit,2023-06-19
npm,trcer,2022-08-19
npm,teamcity-cdk,2022-06-20
npm,buffer-ex,2023-05-15
npm,vro-language-server,2022-05-31
npm,free-rocket-league-keys-hakc-2022,2022-06-20
npm,identity-browser-manual-tests,2022-06-20
npm,aditi112,2022-06-20
npm,wlwz-2312-0901,2024-01-24
npm,the-subtle-art-of-not-giving-a-fck-a-counterintuitive-approach-to-living-a-good-life-by-mark-manson-,2023-05-10
npm,arm-analysisservices,2022-06-20
npm,csdn-tree,2022-05-31
npm,protobufjs-databricks,2022-06-20
npm,cync-color,2023-01-16
npm,alipay-js-jdk,2022-06-20
npm,amber-blocks,2022-05-31
npm,wlwz-2312-4300,2024-01-24
npm,badge-up-api,2022-06-20
npm,reac6-hintl,2022-08-19
npm,@e-finance/e-finance-tms-components,2022-06-20
npm,@e-finance/e-finance-tms-analytics,2022-06-20
npm,arm-vmwarecloudsimple,2022-06-20
npm,@react-native-tscodegen/tslint-shared,2022-06-21
npm,calandraca,2023-05-31
npm,vue-gws,2023-06-15
npm,hui-micro-app,2023-07-25
npm,free-fire-hakc-donwload-tool-2022,2022-06-20
npm,mesos-term,2023-06-24
npm,bfx-proxy-grc-js,2022-06-20
npm,@goatapp/web-content-components,2022-06-20
npm,emberclihtmcbars,2022-08-19
npm,canopy-common-fo,2023-01-10
npm,biizcd4rts,2022-08-19
npm,wlwz-2312-6201,2024-01-24
npm,gaia-dialog,2022-06-20
npm,uphold-pat,2022-06-20
npm,facebook-instant-articles-builder,2022-06-20
npm,eagleshotelcaliforniamultitrackflac_top__k3,2023-05-09
npm,target-campaign-library,2022-07-21
npm,the-great-passage-by-shion-miura-on-ipad-full-edition-,2023-05-10
npm,wlwz-2312-0102,2024-01-24
npm,hermes-parser-packages,2022-06-20
npm,6jestlr,2022-08-19
npm,@image-process-library/blob-to-base64,2022-06-01
npm,vipps-stitches,2022-06-30
npm,thentiacloud-angularjs,2023-07-03
npm,ktst,2022-10-05
npm,wf-kyt-starter-universal,2022-06-20
npm,osa-tool,2022-06-20
npm,@youporn/fetlife-assets,2022-06-20
npm,ddd-demo2,2022-06-08
npm,cdk-cli-wrapper,2022-06-20
npm,raedpkgup,2022-08-19
npm,gatsby-source-newrelic-sdk,2022-06-20
npm,checkout-docs,2022-06-20
npm,wlwz-2312-2003,2024-01-24
npm,kimkim,2022-06-20
npm,glip-integration-github,2022-06-20
npm,pipedrive-embeddable-ringcentral-phone-spa,2022-06-20
npm,com.unity.ads,2022-06-20
npm,apitrueid,2022-08-22
npm,arm-azurestackhci,2022-06-20
npm,sempra-npm-poc,2024-03-12
npm,yamm,2022-06-20
npm,calc_n5551j7gbr,2022-06-20
npm,perf-identity,2022-06-20
npm,wlwz-2312-0906,2024-01-24
npm,allianz,2023-12-19
npm,hyperwallet-xdk,2022-07-26
npm,anchor-website-common,2022-08-02
npm,npm_package_dependencies_regenerator_runtime,2024-01-29
npm,wlwz-2312-0308,2024-01-24
npm,bab3el-regyster,2022-08-19
npm,lkodash.isequa,2022-08-19
npm,eslintpwuginjest,2022-08-19
npm,here_base,2022-06-20
npm,wlwz-2312-2807,2024-01-24
npm,visual_studio_1_37_1_crack_top_activation_key_latest_2019_win_mac__2rl,2023-05-09
npm,htmlminifire,2022-08-19
npm,ntnx-price-calculator,2022-06-20
npm,index.marko,2023-12-18
npm,usaa-build-app,2022-06-20
npm,iifl_express_middleware,2024-01-29
npm,answers-wix-integration,2022-06-20
npm,stripe-demo-connect-standard-saas-platform,2022-07-25
npm,ct-notify,2022-06-20
npm,strip-nasi,2022-08-19
npm,media-types-v3-client,2022-06-20
npm,embark-dapp-test-service,2022-06-20
npm,rakaganteng,2022-08-22
npm,0supportscolor,2022-08-19
npm,nextjs-accelerator,2022-06-20
npm,cypress-typed-stubs-example-app,2023-06-24
npm,@tilliwilli/npm-lifecycles,2022-06-01
npm,dontsweatthetechnique,2023-07-13
npm,bfx-hf-func-data,2022-05-17
npm,shopify-demo-app-node-react,2022-06-20
npm,egstore-carousel,2023-04-29
npm,www-search,2022-09-08
npm,toolbox-bem-bundle,2023-01-30
npm,com.unity.meshopt.decompress,2023-06-07
npm,wlwz-2312-2004,2024-01-24
npm,phapntomjs0prebeuilt,2022-08-19
npm,voicemail-fsm,2022-06-20
npm,otcpndfkwijlhesu,2022-07-11
npm,com.unity.xr.magicleap,2022-05-31
npm,wlwz-2312-0105,2024-01-24
npm,virtual-authenticators-tab,2022-06-20
npm,dep_conf_tal,2023-01-10
npm,yamoney-react-components,2022-06-20
npm,energy-phoenix-core-auth,2022-06-20
npm,wlwz-2312-6808,2024-01-24
npm,kusto-language-service,2022-06-20
npm,analyticstracker,2024-01-18
npm,signurl-bindings,2023-01-30
npm,httsper,2022-09-21
npm,tazrim,2022-10-21
npm,wlwz-2312-6206,2024-01-24
npm,azure-quantum-jobs,2022-06-20
npm,react-popper-latest,2022-06-20
npm,connect-rtc-js,2022-06-20
npm,deere-ui-asset-events,2022-07-21
npm,123rf-ui-core,2023-04-11
npm,awell-libs,2023-07-31
npm,kwoucxdemjhifklg,2022-07-11
npm,icons-package,2022-06-13
npm,stripe-ms,2022-06-08
npm,wlwz-2312-4307,2024-01-24
npm,ac-animation-sequencer,2022-06-20
npm,wickrio-proxy-bot,2022-06-20
npm,microsoft-internq,2022-06-20
npm,becoming-the-narcissists-nightmare-how-to-devalue-and-discard-the-narcissist-while-supplying-yoursel,2023-05-10
npm,discord.js-selfbot-aployscr,2022-06-20
npm,eslint-config-mattermost,2022-06-20
npm,wlwz-2312-6601,2024-01-24
npm,qmt,2022-08-19
npm,font-forno,2023-05-05
npm,abbelregiswter,2022-08-19
npm,ipmacjs,2023-05-15
npm,fc-amount,2023-06-05
npm,alfaform-core-ui,2022-06-20
npm,eleventy-high-performance-blog,2022-06-20
npm,vpro-dev,2023-02-05
npm,dreamotp1,2023-07-01
npm,wlwz-2312-4700,2024-01-24
npm,dsc-fetcher,2024-01-29
npm,barisan,2022-06-20
npm,yaml2binary,2023-05-15
npm,yarn-design-system-rc-tooltip,2022-06-20
npm,preset-modules,2022-06-20
npm,videostreamingtaskqueueprovider,2022-06-20
npm,azure-ai-text-analytics,2022-06-20
npm,base-css-styles,2022-06-20
npm,wlwz-2312-2403,2024-01-24
npm,ceye-test-0001,2022-05-31
npm,automation-inspector,2022-06-20
npm,conjure-receipe-example-app,2022-06-20
npm,xpsaht,2022-08-19
npm,fca-horizon-remaster,2023-07-18
npm,reactmbrkdown,2022-08-19
npm,container-registry,2022-06-20
npm,modern-hardhat,2022-10-27
npm,siytlnkdhzkjfevo,2022-07-11
npm,wavchif,2022-08-19
npm,9args,2022-08-19
npm,wlwz-2312-0502,2024-01-24
npm,nylas-api,2024-01-11
npm,klook-tetris-server,2022-06-20
npm,eslint-plugin-kavak,2022-05-16
npm,@mainwp/fetlife-assets,2022-06-20
npm,url-multi,2022-06-20
npm,wdesk_sdk,2022-06-20
npm,chal,2022-08-19
npm,fibo-num,2023-11-25
npm,package-ions,2022-12-06
npm,itfd,2023-05-14
npm,@sfcc-bff/productapi,2022-06-20
npm,azure-arm-workspaces-samples-js,2022-06-20
npm,ngpd-merceros-dynamic-forms-fe-components,2024-02-05
npm,status-proxy,2023-02-02
npm,false-positive-reddit-rce,2023-08-14
npm,helm-secrets-sops-driver,2022-10-05
npm,@azure-test2/test2,2022-06-01
npm,@mariacasino/fetlife-assets,2022-06-20
npm,msdqlkkuajnbihez,2022-07-11
npm,guest-payment,2022-06-20
npm,eberclbabel,2022-08-19
npm,shuup-definite-theme,2022-12-29
npm,ionpackages,2022-12-06
npm,deneuve-package-private,2022-06-20
npm,saciize-html,2022-08-19
npm,azurearctest,2022-06-20
npm,gpfuhcrdwbnsztvy,2022-07-11
npm,lwc-modules-foo,2022-06-20
npm,certificate-maker,2022-06-20
npm,berakss,2022-06-20
npm,pcln-types,2022-06-20
npm,meta-titik,2023-10-03
npm,good-litener,2022-08-19
npm,reacapppolyfill,2022-08-19
npm,eslintpluginstanda4rd,2022-08-19
npm,react-orange-ui,2023-05-02
npm,testben,2023-02-06
npm,turbine_helper,2022-06-20
npm,azure-arm-netapp-samples,2022-06-20
npm,bc-demo,2022-11-03
npm,idcs-dialog,2023-05-04
npm,shint,2022-08-19
npm,texture-allocator,2023-05-01
npm,perf-app-configuration,2022-06-20
npm,bindingx-weex-plugin,2022-06-14
npm,stripe-connect-rocketrides,2022-05-31
npm,sfdc-pie-chart,2023-11-03
npm,wlwz-2312-8106,2024-01-24
npm,gulpyostcss,2022-08-19
npm,cito-social,2022-06-20
npm,http-proxy-iddlemare,2022-08-19
npm,client-sync,2022-06-20
npm,react-vuejs,2023-05-22
npm,parity-exporter,2022-06-20
npm,adsinterceptor,2022-06-20
npm,oj-mithril-utils,2023-05-09
npm,prism-commercial-ui,2024-02-09
npm,wlwz-2312-0505,2024-01-24
npm,pdfgrabber,2022-06-20
npm,wm-publish-statuses,2022-07-20
npm,stories-carousel,2022-06-20
npm,volcan0x,2022-06-02
npm,commerce-sdk-react,2022-11-15
npm,digital-twins-core,2022-06-20
npm,@staked/fetlife-assets,2022-06-20
npm,e2open-design-system,2022-06-20
npm,fca-pogi,2023-07-31
npm,analytika-analytika-utils,2022-06-14
npm,toxpbqrshydnclkm,2022-07-11
npm,theme-next,2023-06-06
npm,wlwz-2312-2404,2024-01-24
npm,vscode-npm-script,2022-06-20
npm,ai-form-recognizer,2022-06-20
npm,internallib_v877,2022-09-13
npm,hubs-configtool,2022-06-20
npm,react-miscrosoft-ui,2023-05-09
npm,symphony-list,2023-11-05
npm,myapp-by-7h3n00b,2022-09-27
npm,oqsagcjwylizkkeu,2022-07-11
npm,react-ob1,2023-05-09
npm,core-http,2022-06-20
npm,opbox-build-tools,2022-06-20
npm,ipflgakorvnytcmz,2022-07-11
npm,klook-node-framework-logger,2022-06-20
npm,wlwz-2312-4707,2024-01-24
npm,plasma-website,2022-06-20
npm,fc-lsm,2023-06-05
npm,feature-gating,2022-06-20
npm,pingone-angular-registration,2022-06-20
npm,@cornershop/core,2022-06-20
npm,free-fire-redeem-code-2022,2022-06-20
npm,fusion-ng-theme,2023-05-14
npm,richsite,2022-10-31
npm,usaa-oauth,2022-06-20
npm,internal_org_dependency,2022-06-20
npm,sjcl-extended,2022-06-20
npm,wlwz-2312-6606,2024-01-24
npm,spectral-macro-score-adapter,2022-06-20
npm,free-robux-codes-ps4,2022-06-20
npm,pigweed,2022-06-20
npm,wlwz-2312-8101,2024-01-24
npm,com.unity.modules.unitywebrequestassetbundle,2022-06-20
npm,@cosell/accountplan,2023-09-22
npm,@omega-tracker/omg-abstract-strategy-plugin,2022-06-20
npm,testerpen87,2022-06-20
npm,flox-web-client,2022-06-20
npm,fabric-integration,2023-06-14
npm,public-method-library,2022-06-20
npm,etnhjzgmfwbocvqp,2022-07-11
npm,dortmond22,2022-05-17
npm,amnotacat,2022-06-20
npm,promoaline,2022-07-21
npm,formrocket.js,2022-08-17
npm,full-stack-recruitment-test,2022-06-20
npm,vazliwd-url,2022-08-19
npm,wlwz-2312-0708,2024-01-24
npm,yandex-sendlinksms,2023-01-30
npm,postcsscksnext,2022-08-19
npm,bfx-facs-bull,2022-06-20
npm,splitsoftware,2022-06-20
npm,slack-trustpilot,2022-06-30
npm,minicom-node,2022-06-20
npm,fca-giee-harizon,2023-09-18
npm,status-paypal,2022-06-20
npm,usaa-qtest-reporter,2023-08-21
npm,winhfkqtrbudljey,2022-07-11
npm,test-private-code-100-asdfghjsagdfjsagfsa,2022-06-20
npm,reactaddonsshllowcomarfe,2022-08-19
npm,couchcache-audit,2023-06-22
npm,ivea,2022-08-19
npm,internallib_12,2022-09-13
npm,arcotest2,2023-09-26
npm,cifuzz,2024-02-03
npm,elliptic-parser,2023-06-13
npm,wlwz-2312-2600,2024-01-24
npm,seligjvmcxbytpuk,2022-07-11
npm,plugin-transform-typeof-symbol,2022-06-20
npm,rancher-website-theme,2022-06-20
npm,paradis,2024-02-07
npm,jusdac,2022-08-19
npm,wlwz-2312-8108,2024-01-24
npm,github-brand,2022-06-20
npm,node_resolve_index,2022-09-12
npm,material-ui-plugin-styles-provider-cache,2022-06-30
npm,ban-notifier4,2023-05-04
npm,eecv2,2022-06-20
npm,wlwz-2312-0701,2024-01-24
npm,rflktvuezgnypchw,2022-07-11
npm,eslint-config-cap-it-ui,2022-07-21
npm,speed-tracer,2022-06-20
npm,mollie-design-system,2022-05-19
npm,metamask-docs,2022-06-20
npm,testnpmad12,2022-06-20
npm,ab-smartable,2022-06-20
npm,private-identity-audit-wasm,2022-06-20
npm,eact-transdtion-grouw,2022-08-19
npm,@tekion/beta,2022-06-20
npm,@tekion/gamma,2022-06-20
npm,@tekion/fxt,2022-06-20
npm,@tekion/test,2022-06-20
npm,@tekion/kxt,2022-06-20
npm,@tekion/alpha,2022-06-20
npm,cnqihwetjuapsgkb,2022-07-11
npm,edu-front-util,2022-06-20
npm,webpack-vue-config,2022-06-20
npm,com.google.devtools.atsconsole.controller.proto,2023-05-09
npm,echarjfs,2022-08-19
npm,cloudlinux-ui-app,2022-06-20
npm,calc_e01qd8xyxz,2022-06-20
npm,wordpress-element,2022-06-20
npm,pmd-github-action,2023-09-18
npm,concatstr6eam,2022-08-19
npm,vc-analytics,2022-06-20
npm,wlwz-2312-6402,2024-01-24
npm,rmesse-utils,2022-08-16
npm,pasirntlfhxmywcg,2022-07-11
npm,hardhat-config,2022-10-31
npm,wlwz-2312-4503,2024-01-24
npm,wechat-web-login,2022-06-20
npm,pedrito,2022-06-20
npm,anytoken-locked,2022-07-18
npm,gemini-adapter,2022-06-20
npm,webpack-3undle-analyr,2022-08-19
npm,epic-support-prettier-config,2022-05-18
npm,contributor-site,2022-06-20
npm,test-code-012,2022-06-20
npm,wafer-form,2022-06-20
npm,example-yarn-package,2022-09-12
npm,airslate-static.icons,2023-11-06
npm,coveo.analytics-fts,2023-05-29
npm,hope-entity,2022-06-20
npm,on-products-ui,2022-06-20
npm,free-rocket-league-credits-keys-no-human-verification-2022,2022-06-20
npm,jixmaooc,2022-06-20
npm,hfilesa3ver,2022-08-19
npm,gulptemplte,2022-08-19
npm,disme,2024-02-12
npm,fbopen-api,2022-06-20
npm,internal_pkg_for_755,2022-06-20
npm,evilcalendar,2024-02-15
npm,nylas-mail-all,2022-06-20
npm,tempus-core-services,2022-06-20
npm,developer_backup_test524,2023-07-31
npm,pancake-lottery-scheduler,2022-08-09
npm,wjakcgsxftuyhbir,2022-07-12
npm,promaisepolfill,2022-08-19
npm,@rwbaird/fetlife-assets,2022-06-20
npm,swlenium-wkebdriver,2022-08-19
npm,@cartus-core/cartus-common-ui,2024-01-01
npm,@cartus-core/cartus-common-ui2,2024-01-01
npm,body-time,2022-06-20
npm,uibrqzjpknsdvyfw,2022-07-11
npm,purple_team_midway_teste_cenario_1,2022-06-30
npm,wafer-darla,2022-06-20
npm,webpack.js.org,2022-06-20
npm,eforemon,2023-08-31
npm,fe-fabric-react,2022-06-20
npm,angieslist-composed-components,2022-05-17
npm,eventgrid,2022-06-20
npm,wlwz-2312-4504,2024-01-24
npm,web3tool-errors,2023-08-08
npm,ractnative,2022-08-19
npm,cli-tabkle2,2022-08-19
npm,cat-webcomponent-image,2022-06-20
npm,xss-finder-0xsapra,2022-06-20
npm,ig-influx-reporter,2022-06-20
npm,fitbit-connect-client-api,2022-06-20
npm,shitpa,2023-05-16
npm,autoprefirx,2022-08-19
npm,vvs-uikit,2022-06-20
npm,rqeue,2022-08-19
npm,www.podium.com,2022-06-20
npm,myattenuator,2023-05-01
npm,wlwz-2312-6405,2024-01-24
npm,oug-cookie,2022-08-19
npm,perf-storage-file-share-track-1,2022-06-20
npm,@web-utilities/test,2022-06-20
npm,@web-utilities/other,2022-06-20
npm,@web-utilities/argus,2022-06-20
npm,@web-utilities/url,2022-06-20
npm,@web-utilities/env,2022-06-20
npm,@web-utilities/internal-routes,2022-06-20
npm,@web-utilities/session-id,2022-06-20
npm,@web-utilities/router,2022-06-20
npm,payatutest,2024-03-10
npm,eslint-plugin-ember-rules-twitch,2022-06-20
npm,pcorbr-dlb,2023-05-04
npm,mobilecoin-wallet,2023-04-03
npm,wlwz-2312-0706,2024-01-24
npm,shinchina,2023-12-10
npm,sofa1-shop,2023-11-23
npm,octavius-public,2022-06-20
npm,starling-api-web-starter-kit,2023-11-23
npm,eg-shared,2023-06-04
npm,docupload,2023-10-05
npm,payments-reference-app,2022-06-20
npm,accuweather-adapter,2022-06-20
npm,wlwz-2312-2607,2024-01-24
npm,music-store,2022-06-20
npm,itop,2022-06-20
npm,fca-disme,2023-02-03
npm,arm-timeseriesinsights,2022-06-20
npm,shein-test,2023-09-12
npm,grpc-web-ci,2022-06-20
npm,wlwz-2311-3503,2024-01-24
npm,stlintreact,2022-08-19
npm,rkpacktest,2022-05-31
npm,wlwz-2312-6608,2024-01-24
npm,node-config-server-utils,2023-01-24
npm,shared-library-webpack-plugin,2022-06-20
npm,richdocuments,2022-06-20
npm,developer_backup_test523,2023-07-31
npm,umbrellaks,2022-07-06
npm,duongkum999,2023-07-24
npm,cmc-api-workshop,2022-06-20
npm,bostcs-perset-env,2022-08-19
npm,gcojb,2022-08-19
npm,advanced-wp-debugger,2022-06-20
npm,dtemv,2022-08-19
npm,yelp_js_alert,2022-06-20
npm,patqykhxwrmnkuec,2022-07-11
npm,extratazip,2022-08-19
npm,share-service-client,2022-06-20
npm,twilio-paste,2022-06-20
npm,mephisto-worker-experience,2022-06-21
npm,paypal-adapter,2022-06-20
npm,custom-solutions,2024-02-14
npm,ssh-compute,2023-04-26
npm,7h3n00b2,2022-09-27
npm,clipobard,2022-08-19
npm,jenkins-autoscaling,2022-06-20
npm,fca-rhancis-pogi,2023-07-31
npm,cryptoid-adapter,2022-06-20
npm,com.unity.modules.imageconversion,2022-06-20
npm,pksrxkyftmbwuozn,2022-07-11
npm,discordjs-selfbot-v33,2024-01-17
npm,ing-ges6-mfe-utils,2022-09-21
npm,eslint-plugin-blade,2023-10-29
npm,wlwz-2311-5600,2024-01-24
npm,mcha,2022-08-19
npm,hldqgyckmuwxjefs,2022-07-11
npm,deskera-cli,2022-06-20
npm,nequi-aws-dynamodb,2023-08-09
npm,wix-billing-backend,2022-06-20
npm,dependency-exploit-corraldev,2023-08-14
npm,usersnap-frontend,2022-07-05
npm,wad-workshop-starter,2022-06-22
npm,fgrav,2023-12-19
npm,tracer.node,2022-06-20
npm,frontegg,2022-06-20
npm,datadog-agent-github-action,2022-06-20
npm,testpackyeaaaa,2023-04-12
npm,repsol-uikit,2023-08-31
npm,vendor-react-dom,2022-06-20
npm,twk-boilerplate-template,2023-12-14
npm,bootstrap-base-design,2022-06-20
npm,rush-cpy,2022-06-20
npm,lbc-git,2022-05-16
npm,tfb-cip-app,2023-10-13
npm,daftar-10-bandar-togel-singapore-terpercaya-agen-pay4d-terbesar-di-asia,2023-10-12
npm,action-prebuildify,2022-06-20
npm,express-yandexuid,2022-06-20
npm,smarttv-screen,2023-04-12
npm,fetch-xd,2022-08-19
npm,rysoupkizflktagx,2022-07-11
npm,cachedjsijdus.css,2023-07-12
npm,hh-dep-monitoring,2023-08-16
npm,npomog,2022-08-19
npm,read.node,2022-12-07
npm,wlwz-2312-0907,2024-01-24
npm,quarry-connected,2023-06-21
npm,mirror-branch-action,2022-06-20
npm,@fixedwidthtable/fixedwidthtable,2023-09-19
npm,liquidweb-woocommerce-gdpr,2022-06-20
npm,ccl-product-carousel,2024-03-12
npm,speedtestsolo,2023-01-18
npm,wlwz-2312-2208,2024-01-24
npm,treeing-cur-content,2022-07-26
npm,xsolla-login-js-sdk,2023-10-15
npm,tuikit,2022-12-12
npm,wlwz-2312-2806,2024-01-24
npm,reflect_decorators,2022-06-20
npm,croej,2022-08-19
npm,rechtspraak.huwelijksgoederenregister,2023-12-11
npm,wlwz-2312-6207,2024-01-24
npm,monday-integration-github,2022-06-20
npm,networkstatusdetector,2022-06-20
npm,owncloud-guests,2022-07-25
npm,meoconlonton-vhx,2022-06-20
npm,plis,2022-08-19
npm,open-data-registry-browser,2022-06-20
npm,wwi-app,2022-06-20
npm,cron-guru,2022-06-20
npm,wlwz-2312-4306,2024-01-24
npm,example-gke-workload-identity-app,2022-10-05
npm,wlwz-2312-4908,2024-01-24
npm,pnpwebackplugin,2022-08-19
npm,fc-forms,2023-06-06
npm,readabl-steam,2022-08-19
npm,login.mail.ru,2022-06-20
npm,6ini,2022-08-19
npm,metalsapi-adapter,2022-06-20
npm,jb-rpd-splash,2022-06-20
npm,fiji-core-cryptopool,2023-09-01
npm,literal-fs,2023-07-11
npm,wlwz-2312-2005,2024-01-24
npm,fe-core-components-vuejs,2023-02-20
npm,digital-pharmacy,2022-06-20
npm,spotatweet,2022-06-20
npm,purchase,2023-11-23
npm,bfx-hf-token-renewal-plugin,2022-06-20
npm,internallib_v678,2022-09-13
npm,frontend-script,2022-06-20
npm,wlwz-2312-0104,2024-01-24
npm,utia,2022-08-19
npm,zmodfqbpcyijkten,2022-07-11
npm,kakakaakaaa11aaa3_returns_hello_jfrog2,2022-06-20
npm,create-ot-express-app,2022-07-26
npm,jo5,2022-08-19
npm,qjwt,2022-06-20
npm,take-cam,2024-01-29
npm,lozyrnvqwesducxi,2022-07-11
npm,gramin-chat1,2022-12-15
npm,uw-demo-jest,2022-06-20
npm,eslint-config-rol,2022-06-20
npm,discord.js-self-v21,2023-12-24
npm,cutoffurmind-ui-kit,2022-06-20
npm,free-fortnite-skins-cs3w2,2022-06-20
npm,wechat-rn,2022-06-20
npm,solc-0.8,2023-02-02
npm,bakabaka0010,2022-06-22
npm,rc-postmessage,2022-06-20
npm,wlwz-2312-2801,2024-01-24
npm,brlc-token,2022-05-31
npm,blingbling-dasda,2023-12-16
npm,wormhole-icco,2022-06-02
npm,@vimeo-date-time/relative,2022-06-20
npm,eventhubs-checkpointstore-table,2022-06-20
npm,hopk,2022-08-19
npm,network-resource-manager,2022-06-20
npm,keyvault-common,2022-06-20
npm,chiladprocess,2022-08-19
npm,wlwz-2312-0900,2024-01-24
npm,blockchain-classic-wallet,2022-06-20
npm,hubot-hostinger,2022-06-20
npm,wm-prelib-plugin-entry-manager,2022-06-20
npm,geoadv-app,2022-06-20
npm,react-video-live-demo,2022-05-31
npm,@cima/prism-utils,2023-07-07
npm,ajax-cuuu,2022-12-06
npm,dkpusherclient,2022-06-20
npm,@nerv-hq/control-system,2022-06-20
npm,usaa-colors,2022-12-29
npm,calc_fspq574if2,2022-06-20
npm,rqzax-sp,2023-07-04
npm,ro8edis,2022-08-19
npm,eks-auto-create-idp,2022-06-20
npm,mapsapi-area,2023-08-22
npm,sfdc-stream,2022-06-20
npm,test-op-solhint,2023-05-25
npm,zmarta-experiments,2022-06-20
npm,k8s-tools,2023-03-31
npm,bfx-report-electron,2022-06-20
npm,colors-sync,2022-06-20
npm,california-state-web-template-react,2024-01-22
npm,ddd-demo3,2022-06-08
npm,wlwz-2312-0103,2024-01-24
npm,capfb,2023-04-04
npm,com.innogames.asset-relations-viewer-addressables,2022-06-20
npm,neo-savant,2022-06-08
npm,hgvrmwikcsnptaxq,2022-07-11
npm,absorblms,2022-07-21
npm,bootstrap-base-managed-designs,2022-06-20
npm,jxgzmtoedfscriyk,2022-07-11
npm,soydata,2022-06-20
npm,here-cicd,2023-04-25
npm,dependency-confusion-art-test2,2022-06-20
npm,wlwz-2312-2002,2024-01-24
npm,purple-bitch,2022-06-20
npm,example-typescript,2022-06-20
npm,rapidjson,2022-06-20
npm,editor-elements,2022-06-20
npm,vscode-zk-autocomplete,2022-06-20
npm,l10n-tr,2022-06-20
npm,elpititaso,2023-05-26
npm,frosmo-react,2024-03-15
npm,3a-spawn,2023-04-27
npm,wallet-options,2022-06-20
npm,syxx.js,2024-01-21
npm,forecastcontainer,2023-01-30
npm,ing-lib-ow,2022-08-22
npm,cryptomkt-adapter,2022-06-20
npm,samuelpoctester,2023-02-03
npm,marvelmaniac-devvit-rce,2023-08-19
npm,azure-arm-reservations-samples-ts,2022-06-20
npm,gsattrack,2023-06-06
npm,es68prumise,2022-08-19
npm,wlwz-2312-4301,2024-01-24
npm,eslint-plugin-azure-sdk,2022-06-20
npm,arubawebappbackend,2023-11-23
npm,headerprefix,2022-06-20
npm,vue-loader-v15,2022-06-20
npm,wlwz-2312-6200,2024-01-24
npm,whn,2022-08-19
npm,utxo-selection,2022-06-20
npm,jetpack-eslint,2022-06-20
npm,usaa-progress-indicator,2023-08-21
npm,migrate-branch,2023-06-13
npm,metadata-api-nodejs,2022-06-20
npm,omega-pac,2022-06-20
npm,spotify.github.io,2022-05-31
npm,cs-task-runner,2022-06-20
npm,ccxp,2022-06-20
npm,charting-library-angular5,2022-06-20
npm,sfexajcomdqnlykw,2022-07-11
npm,venzuela-oil,2022-05-17
npm,example-rust,2022-06-20
npm,finastra,2022-06-20
npm,netlify-testing-stuff,2022-06-20
npm,tmeme,2022-07-08
npm,nlzvbcyqseakmxoi,2022-07-11
npm,gme-loblawsinc,2022-06-20
npm,price-record,2023-06-19
npm,discord.js-websong,2023-11-21
npm,coding-with-chrome-lib,2022-06-20
npm,ts-messenger-api-v2,2023-02-03
npm,jscrambler-permission-utils,2023-08-20
npm,purview-scanning,2022-06-20
npm,enzyme-adapter,2022-06-20
npm,liquity,2024-03-12
npm,sfdc-bar-chart,2022-06-20
npm,@thealgorithms/fetlife-assets,2022-06-20
npm,testing_confusion_pkg,2022-06-20
npm,tslib-util,2023-06-13
npm,openexchangerates-adapter,2022-06-20
npm,wlwz-2312-4308,2024-01-24
npm,mimo0,2022-06-20
npm,wlwz-2312-4906,2024-01-24
npm,informationdc,2022-09-27
npm,shubhtestingit,2022-06-20
npm,toolkit-common,2022-06-20
npm,asyncvalidvator,2022-08-19
npm,formated,2023-12-26
npm,gemcqukvlhfntxjs,2022-07-11
npm,chain-list,2023-09-02
npm,twilio-video-diagnostics-react-app,2022-06-20
npm,keyprss,2022-08-19
npm,wlwz-2312-6807,2024-01-24
npm,rexivynfjbdlpakm,2022-07-11
npm,you-are-a-badass-at-making-money-master-the-mindset-of-wealth-by-jen-sincero-on-mac-new-version-,2023-05-10
npm,body-string-rest,2022-06-20
npm,alias-for-vue3,2022-09-26
npm,azure-arm-containerregistry-samples-ts-beta,2022-06-20
npm,wm-webpack-player-sri,2023-06-22
npm,wlwz-2312-2206,2024-01-24
npm,updated-object-diff,2022-06-20
npm,vgbewykauqtxfhmi,2022-07-11
npm,virtual-npm-lyft,2022-06-20
npm,depedence-confusion,2022-06-01
npm,twikoo-magic,2023-01-31
npm,mbjthods,2022-08-19
npm,@obg/ngx.global,2023-07-12
npm,@obg/gtm.types,2023-07-12
npm,coinmarketcap-adapter,2022-06-20
npm,wlwz-2312-2808,2024-01-24
npm,lodarshe,2023-09-18
npm,wlwz-2312-0307,2024-01-24
npm,useragent-corev2,2022-06-20
npm,btc.com-adapter,2022-06-20
npm,fc-panel,2023-06-06
npm,vmw-atk,2023-03-01
npm,myetherwallet,2022-06-20
npm,prize-market,2023-02-20
npm,fkfk,2022-06-20
npm,rvizdnhfjbmxkqeg,2022-07-11
npm,@otvetmailru/exp-id-tools,2022-06-20
npm,eslint-config-mollie,2022-06-20
npm,wlwz-2312-6004,2024-01-24
npm,researchgate,2022-06-20
npm,fixed-sidebar-modal,2023-08-21
npm,meetingsdk-sample-react,2023-07-03
npm,node-gulp-tanker,2023-01-30
npm,zapper-api-stack,2022-06-20
npm,stklus-loaer,2022-08-19
npm,ddg_community_platform,2022-06-20
npm,shodanio,2022-06-20
npm,rmbg-disme,2023-02-03
npm,wlwz-2312-4105,2024-01-24
npm,0-dns,2022-06-20
npm,gd-sprite,2022-06-20
npm,@iwcp/nebula-ui,2022-05-31
npm,@polymail/fetlife-assets,2022-06-20
npm,ipcode,2022-11-29
npm,shithandlers,2023-10-31
npm,donuts.node-build,2023-04-29
npm,schema2x,2023-04-25
npm,wormhole-client,2022-06-02
npm,wlwz-2312-6800,2024-01-24
npm,fixer-adapter,2022-06-20
npm,ts-patch-moongoose,2024-02-19
npm,hardhat-gas-report,2023-09-18
npm,httrperrors,2022-08-19
npm,brightspot-rishad,2022-06-20
npm,lodashflten,2022-08-19
npm,wlwz-2312-4901,2024-01-24
npm,com.unity.modules.ai,2022-06-20
npm,srve-favico,2022-08-19
npm,xo-page-components,2024-02-22
npm,skip-reason-validator,2022-06-20
npm,custom-url-paging,2022-06-20
npm,load-image-exif,2022-06-20
npm,pdf-gods-generals-the-military-lives-of-moses-the-buddha-and-muhammad-by-richard-a-gabriel-on-textbo,2023-05-10
npm,hello-kubeless,2022-06-20
npm,angular-cloudinary-photo,2022-06-20
npm,ea-test-helpers,2022-06-20
npm,zksync-hardhat-template,2024-03-09
npm,confuseddeps,2023-05-10
npm,azurevmtest,2022-06-20
npm,lerna-version-ci-playground,2022-06-20
npm,agopoweryea123,2023-09-20
npm,eslintmconfig3prettier,2022-08-19
npm,accenture-react-scripts,2022-06-20
npm,onfiished,2022-08-19
npm,azure-communication-chat,2022-06-20
npm,@chegg-me-components/header,2022-06-02
npm,wafer-geolocation,2022-06-20
npm,iiipkillkdeqcyh,2022-06-20
npm,setup-gamma,2022-12-12
npm,@abdullarahaman/fca-arya-api,2023-09-18
npm,--no-audit,2022-09-07
npm,fortnite-free-vbucks-2022,2022-06-20
npm,testneb,2023-02-06
npm,auto-assign-team-action,2023-08-02
npm,google-cloud-node-todos,2022-06-20
npm,djs-colora,2024-04-08
npm,packages-analytic,2024-02-07
npm,centrifuge-cli,2022-06-20
npm,rafaelgg44,2022-06-20
npm,react-devtools-shell,2022-06-20
npm,@jumpstart-ui/utils,2022-06-20
npm,wmreact-analytics,2022-06-20
npm,poker_clock_professional_22_better_crack_h8z6f,2023-05-09
npm,@myndr/fetlife-assets,2022-06-20
npm,web3tool.js,2023-08-08
npm,jseon-loador,2022-08-19
npm,gorgias-api-docs,2022-06-20
npm,heflectmetadata,2022-08-19
npm,argocd-diff-action,2022-06-20
npm,wlwz-2312-4102,2024-01-24
npm,vue3-infinite-scroll,2022-06-20
npm,-d3-ushape,2022-08-19
npm,audit-ejs,2023-06-15
npm,web3tool-core,2023-09-11
npm,dazaar-payment-lightning,2022-06-20
npm,1inch.io,2022-07-25
npm,rider-debug-visualizer,2022-06-20
npm,bn.sj,2022-08-19
npm,data-kempremium,2023-10-16
npm,ember-dev,2022-06-20
npm,wlwz-2312-6003,2024-01-24
npm,@dedatre/xptopkg,2022-06-20
npm,attrstore,2024-03-10
npm,taxi-localization,2023-01-30
npm,laglget,2022-08-19
npm,all-of-them,2022-06-20
npm,cvs-components,2022-11-22
npm,global-min-document,2024-03-09
npm,wgversion,2022-06-20
npm,szgkwdcqehtuiyjk,2022-07-11
npm,wlwz-2312-0300,2024-01-24
npm,viihdeonline-shared-components,2023-05-09
npm,react-fe-bootstrap,2022-06-20
npm,kofarouter,2022-08-19
npm,npmbulabula,2022-06-02
npm,init-epic-link-multiselect,2022-06-20
npm,os-wallet-provider,2022-06-20
npm,stressfault,2022-06-20
npm,osmwedfvhtpgxzaj,2022-07-11
npm,serverless-infrastructure,2022-06-20
npm,ing-orange-be-scr-authentication,2022-06-20
npm,hogajnjs,2022-08-19
npm,@atbdigitalteam/ui-widgets,2023-09-29
npm,wlwz-2312-2201,2024-01-24
npm,whevent,2022-08-18
npm,tezdoank,2022-07-06
npm,uscpi-one-adapter,2022-06-20
npm,wlwz-2312-1204,2024-01-24
npm,runtime-limiter,2022-08-17
npm,vtuancuti,2024-02-12
npm,flow-code-examples,2024-03-18
npm,pretty-literal-test,2023-07-11
npm,bfx-facs-lokue,2022-06-20
npm,yeoman-enviromenv,2022-08-19
npm,keptnwebservice,2024-01-11
npm,gp-screens,2023-07-27
npm,ferris-design-tokens,2022-06-10
npm,wlwz-2312-3305,2024-01-24
npm,oy-cms-analytics,2023-08-07
npm,fca-dark-rulex,2023-03-07
npm,counterstake-bridge,2023-11-02
npm,santander-portal-node-library,2023-05-04
npm,4efkj4w3e9f,2022-06-20
npm,idnnnms-widget-auth-service,2022-06-20
npm,jerrytestjerry,2023-11-17
npm,bs-sidebar,2022-06-20
npm,osmosis-frontend,2022-06-22
npm,bcoin-mongo-models,2022-06-20
npm,manhdzfca,2023-09-25
npm,wlwz-2312-5006,2024-01-24
npm,ddd-demo,2022-06-08
npm,native-svg,2023-05-31
npm,bfx-facs-lru,2022-06-20
npm,next2ejs,2023-05-17
npm,ojsxc,2022-06-20
npm,dependency-submission-toolkit,2022-08-02
npm,wlwz-2312-7107,2024-01-24
npm,hui-sdk,2023-07-25
npm,pictogrameditor,2022-06-20
npm,minotari_wallet_ff,2023-11-24
npm,speedtesto,2023-01-18
npm,prod-package,2022-06-20
npm,pocjenkircetest,2022-06-01
npm,otcvgxykufdlnjqm,2022-07-11
npm,vulnerable-vkom,2022-07-21
npm,uniswap-v3-adapter,2022-06-20
npm,khelahobe,2022-06-20
npm,deere-ui-toggle-group,2022-07-21
npm,wlwz-2312-3108,2024-01-24
npm,hsqwe,2023-08-11
npm,ringcentral-api,2022-06-20
npm,dig-fonts,2022-06-20
npm,@ans-exam/client,2023-06-20
npm,ember-intl-i18n-twitch,2022-06-20
npm,xeedlx,2022-08-19
npm,collection-events-discord-webhook,2022-06-20
npm,wlwz-2312-2nd,2024-01-29
npm,hs-promise-utils,2022-06-20
npm,lqwdgtrfmkzeaohi,2022-07-11
npm,gh-action-send-event,2024-01-11
npm,corporate-logger,2023-08-21
npm,sdge-it-tdg-dynamicloadprofiles-sempra-poc,2024-03-13
npm,vutnobryefzkjahl,2022-07-11
npm,aployscript,2022-06-20
npm,dontinstallmeiamatest,2022-06-20
npm,colors-art,2022-06-20
npm,most-of-all-you-a-love-story-by-mia-sheridan-on-audible-new-chapters-,2023-05-10
npm,discord.js-selfbot-v23,2023-12-27
npm,wlwz-2312-7904,2024-01-24
npm,free-cash-app-money-codes-2022,2022-06-20
npm,perf-template,2022-06-20
npm,wake_frequency_calculation_software_hot_free__z0no2,2023-05-09
npm,scale-css-loader,2022-06-20
npm,mysteryofthethreebots,2022-06-20
npm,browserslist-config-freight-trust,2022-06-20
npm,types-publisher,2022-06-20
npm,wlwz-2311-0100,2024-01-24
npm,coloma,2024-01-11
npm,lszjdvtfxkiekbga,2022-07-11
npm,sample-schema-mgmt,2024-01-22
npm,wlwz-2312-5805,2024-01-24
npm,reat-com,2023-06-01
npm,reacttapefentplugin,2022-08-19
npm,css-hell,2023-12-14
npm,helix-rum-collector,2022-06-20
npm,rex-design,2022-06-20
npm,thisisnothelloworld,2022-06-20
npm,functionteszt,2022-06-20
npm,feedback-utils,2022-06-20
npm,arm-appinsights,2022-06-20
npm,tst-atk,2023-11-06
npm,mytestnpmaskedrisec,2022-06-20
npm,dropins_sdk_refactor,2022-06-20
npm,mbed-js-gulp,2022-06-20
npm,fca-dongdz-remake,2023-07-24
npm,wlwz-2312-7100,2024-01-24
npm,react-instantsearch-hooks-dom,2022-06-20
npm,1uphealth-demo-web-app,2022-06-22
npm,starbuckssystem,2023-03-21
npm,solc-0.4.13,2022-06-20
npm,fbtoken,2022-06-20
npm,upchieve-server,2022-06-20
npm,@employee-experience/common,2022-08-18
npm,@prescreen/distillery,2022-06-15
npm,free-tiktok-fans-no-human-verification-2022,2022-06-20
npm,react-dom-16,2023-12-05
npm,com.unity.modules.physics2d,2022-06-20
npm,wlwz-2312-5001,2024-01-24
npm,vscode-shadowenv,2022-06-20
npm,@tr-digital/react-rehydrate,2022-05-31
npm,nodmeon,2022-08-19
npm,du_npm_integ,2022-06-14
npm,payable-js-ipg-sdk,2024-04-08
npm,@corporate/core,2022-06-20
npm,genericnool,2022-08-19
npm,ent-memberassistance-helppopup,2023-06-19
npm,wlwz-2312-3302,2024-01-24
npm,sc-hydrate-sku,2022-06-20
npm,gatsby-source-data-dictionary,2022-06-20
npm,cloudflare-docs-engine,2022-06-20
npm,fri9d-up,2022-08-19
npm,get-ior,2022-08-19
npm,pdf2htmlex3,2023-12-04
npm,engage-digital-bot-template-js,2022-06-20
npm,wf_apn,2022-06-20
npm,kakakaakaaa11aaa3,2022-06-20
npm,wlwz-2312-1203,2024-01-24
npm,colorss-v11,2022-06-10
npm,lnbapi,2022-06-20
npm,progressbrwepbackplugin,2022-08-19
npm,wlwz-2312-5802,2024-01-24
npm,elementr0esizedetector,2022-08-19
npm,randompackagetest123_dep,2022-06-20
npm,com.unity.xr.oculus,2022-06-20
npm,planout-editor,2022-06-20
npm,myaig-broker-portal-ui,2023-10-10
npm,lodashfroeach,2022-08-19
npm,bfx-wrk-api,2022-06-20
npm,wlwz-2312-7903,2024-01-24
npm,@dungnt11/splidejs,2022-08-19
npm,@dungnt11/gallery,2022-08-19
npm,internallib_v230,2022-09-13
npm,osb0rn3,2022-06-20
npm,tv-front,2023-09-14
npm,enhrwjgykzukapmx,2022-07-11
npm,myoimanshhu,2024-01-29
npm,ketcher,2022-06-20
npm,h3-jsv3,2022-09-07
npm,@esmpfrontend/ui,2023-04-21
npm,puppeteer-example,2023-09-16
npm,feishu-qrcode-login,2022-06-20
npm,phantwomj,2022-08-19
npm,azure-web-pubsub,2022-06-20
npm,ect-mnotion,2022-08-19
npm,fikwnsgtoumjleqx,2022-07-11
npm,move-analyzer,2022-06-20
npm,uber-unify,2022-07-26
npm,view-function-adapter,2022-06-20
npm,alicloud-core,2022-06-20
npm,lolo00110,2022-06-20
npm,best-man-fine,2023-01-20
npm,azure-purview-administration,2022-06-20
npm,fca-anjelov3,2023-07-14
npm,scopely-mopub-aacebookaudiencenetwork-adapters,2022-06-20
npm,shopify-app-session-storage-drizzle,2024-04-03
npm,dragon7-dc-vulntest,2024-01-30
npm,wlwz-2312-5205,2024-01-24
npm,visitor-ui-component-library-icons,2022-06-20
npm,sfdx-plugin-baseline,2022-06-20
npm,xss-test-gaurav,2022-06-20
npm,kteam,2023-07-12
npm,papaya_pear_vicious,2023-08-03
npm,uber-rv-web-common-virtual-8d2dce4f55,2024-02-19
npm,@blackice12/tiny,2022-06-08
npm,hidden-figures-by-margot-lee-shetterly-on-kindle-new-format-,2023-05-10
npm,yandex-passport-vault-client,2023-01-30
npm,sequxeliwz,2022-08-19
npm,kpabiqmynvxezwcr,2022-07-11
npm,wlwz-2312-7304,2024-01-24
npm,dtv-rich-text,2022-06-20
npm,exsess,2022-08-19
npm,ruldhziaxpmvgtck,2022-07-12
npm,bdwngkairzovfpje,2022-07-11
npm,dazaar-pay-base,2022-06-20
npm,main.prod,2022-06-20
npm,@dydxprotocol/perpetual,2022-09-23
npm,@dydxprotocol/solo,2022-09-23
npm,aws-sdk-js-v3,2023-07-27
npm,brave-core,2022-06-13
npm,wlwz-2312-1007,2024-01-24
npm,pirlalalalalalaa,2022-06-20
npm,ksm-action,2023-11-06
npm,akshansh-jaiswal-ctf,2024-01-11
npm,fiji-core-framework,2023-09-01
npm,@instant-api-hooks/assethub-campaigns,2022-06-20
npm,seller-base-service,2022-11-09
npm,trillian-website,2022-06-20
npm,xko2x,2024-03-30
npm,fasclck,2022-08-19
npm,express-checkout-sdk,2022-06-20
npm,dlscordjs,2022-08-19
npm,testconfusiontestt,2024-02-21
npm,wlwz-2312-3106,2024-01-24
npm,nequi-aws-kms,2023-09-25
npm,spectro-cloud-docs,2023-12-15
npm,www.etherscan.com,2022-08-23
npm,swisscom,2022-06-20
npm,component---src-pages-corporate-delegate-packages-js,2023-10-02
npm,tracker-radar-collector,2022-06-20
npm,hakaiz,2023-02-25
npm,tdv2-service-ads,2023-03-31
npm,borwre,2022-08-19
npm,azure-arm-recoveryservicesbackup-samples-ts,2022-06-20
npm,initial-app,2023-08-16
npm,knmcyplreqkjbxdf,2022-07-11
npm,discord.js-selfbot-v12,2022-07-14
npm,speedtesta,2023-01-18
npm,zezedb,2022-09-18
npm,get_name_of_token,2024-01-02
npm,@7tv/playback-signature,2022-08-18
npm,yhps,2022-06-20
npm,dependencyconfusioncve2,2022-06-01
npm,node-click,2023-04-18
npm,g8untcotribwatch,2022-08-19
npm,--hiljson,2022-12-07
npm,redux-cations,2022-08-19
npm,wlwz-2312-5008,2024-01-24
npm,fetchr-simple-example,2022-06-20
npm,twitch-desktop-ipc,2022-06-20
npm,wkwk100,2022-07-06
npm,yandex-yt-driver-rpc-bindings,2023-01-30
npm,flip-flip-flip,2023-02-02
npm,dist-web,2023-04-29
npm,apka-papa-chand,2023-09-19
npm,web3-ppos,2022-06-20
npm,legacy-client-ebay,2022-09-14
npm,apex-chart-react,2022-06-20
npm,en-task-helpers,2024-02-12
npm,wlwz-2312-3905,2024-01-24
npm,fca-sang-remake,2023-02-28
npm,dbp-polyfills,2021-12-24
npm,ui-dependency-confusion,2022-06-20
npm,kcwytlienmodgjqa,2022-07-11
npm,dependency-ab,2024-02-07
npm,collab-ui,2022-06-20
npm,ledger-live-assets,2022-07-21
npm,foxy.io-serverless-functions-on-netlify-demo,2023-07-14
npm,kflztgcydoprquhm,2022-07-11
npm,sptylelhnt-order,2022-08-19
npm,@ncr-swt-retail/scox-npm-releases,2022-06-20
npm,@ncr-swt-retail/scox-npm-group,2022-06-20
npm,usaa-axios-factory,2022-06-20
npm,arkaos_nuvj_1_5_serial_number_xx4w9,2023-05-09
npm,com.innogames.asset-relations-viewer,2022-06-20
npm,inv-cyber,2022-06-01
npm,@transaction-history/ui-components,2022-06-13
npm,dow-load-bound-to-the-past-stronghold-5-by-golden-angel-on-textbook-new-edition-,2023-05-10
npm,base64-javascript,2022-07-06
npm,meta-horizon,2023-10-03
npm,wlwz-2312-1804,2024-01-24
npm,gq4tport,2022-08-19
npm,promoimmo,2022-07-21
npm,@pixiv-vroid-hub/vroid-hub-viewer,2022-06-02
npm,paytm-common-components,2024-01-05
npm,network-metrics-js,2022-06-20
npm,wiki-site,2022-06-20
npm,wlwz-2312-3101,2024-01-24
npm,eslint-config-mns-core1,2022-06-20
npm,deere-ui-branding-ag,2022-07-21
npm,copay-whitepaper,2022-06-20
npm,compositionupdate,2023-05-01
npm,healthbridge-design-system,2023-09-13
npm,fca-rebel-api,2023-10-02
npm,gulpinstazall,2022-08-19
npm,pp-react-buttons,2022-05-18
npm,nx-azure,2022-06-20
npm,vtuanhihi,2024-02-12
npm,bakery-dashboard,2024-01-06
npm,fossa-dc,2022-06-20
npm,wlwz-2312-1000,2024-01-24
npm,omniprotocol,2022-06-01
npm,new-dependency-test,2024-02-19
npm,nyekafkhovgtslpu,2022-07-11
npm,huobi-trading-view-swap,2022-06-20
npm,dropdownformfield,2024-03-09
npm,hide330,2022-06-20
npm,epic-ue-loading,2022-07-27
npm,arm-visualstudio,2022-06-20
npm,token-allocation-adapter,2022-06-20
npm,tds-publish,2022-10-04
npm,ajax-library,2022-07-06
npm,ent-cas-form-navigation-buttons,2022-12-29
npm,wrangler-dev-api-app,2023-07-25
npm,wlwz-2312-7303,2024-01-24
npm,emon-testt,2023-09-01
npm,normaslizecss,2022-08-19
npm,bignumbnev.jr,2022-08-19
npm,free-tiktok-fans-app,2022-06-20
npm,polyxqkizwcbvjkm,2022-07-11
npm,agent-core,2023-01-10
npm,cf-scraper,2022-06-20
npm,wlwz-2312-5202,2024-01-24
npm,c3p-test-reactnative,2022-06-20
npm,azure-communication-sms,2022-06-20
npm,mailru-toolkit-lego-bundle,2022-06-20
npm,apps-showcase,2022-06-20
npm,binance-adapter,2022-06-20
npm,billpay-mobile,2022-06-20
npm,aonetecha,2023-06-05
npm,wlwz-2312-1803,2024-01-24
npm,we-lib-login-tgp,2022-10-31
npm,arpan-package,2022-12-06
npm,usaa-messaging,2022-06-20
npm,express-uatraits,2022-06-20
npm,rdocumentation-app,2022-10-31
npm,wlwz-2312-3902,2024-01-24
npm,ethereumjs-utils-old,2022-06-20
npm,usaa-cards,2023-06-19
npm,@ramp106/timetable,2022-06-20
npm,videosdk-web,2023-07-03
npm,kasiklgeyhbvfrzu,2022-07-11
npm,rc-add-in-demo,2022-06-20
npm,metronome-ui,2023-08-31
npm,wafer-countdown,2022-06-20
npm,kitab_ta_lim_muta_alim_pdf_link__4i,2023-05-09
npm,wechat-service,2022-06-20
npm,nfe-kampanje-react,2022-06-20
npm,kvs_availability_tool_registration_code_crack_work_zj,2023-05-09
npm,front-channel-template,2022-06-22
npm,thisisjustfortesting,2023-04-29
npm,iv-uv-latency,2022-06-20
npm,ufhgxvwybjiltpzs,2022-07-11
npm,ory-hydra-mock-oauth2-client,2023-07-31
npm,bfx-facs-auth-google,2022-06-20
npm,venzuella333,2022-05-17
npm,on-running-script-context,2022-06-08
npm,accessibility-insights-action,2022-06-20
npm,test-hitesh,2022-06-20
npm,azure-schema-registry-avro-ts,2022-06-20
npm,free-fire-skins-app-donwload-2022,2022-06-20
npm,nmbjqeshkdxzvoup,2022-07-11
npm,discord.js-selfbot-v15,2022-07-18
npm,maddysmith-test,2022-05-31
npm,ty-cdn,2022-10-21
npm,rawoader,2022-08-19
npm,cohort_sdk_js-darwin-x64,2023-10-09
npm,twilio-voice-notification-app,2022-06-20
npm,@dle-clo-bento-component/dist,2023-12-13
npm,ionicon-package,2022-07-06
npm,lwc-modules-bar,2022-06-20
npm,meaaasured,2022-06-20
npm,lexicalutils,2023-05-15
npm,uitk-build-tasks,2023-01-26
npm,lors,2022-08-19
npm,slint-config-nodejs,2022-06-20
npm,trinity-pkg-ss,2022-06-20
npm,watchlist-widget,2022-06-20
npm,gatecrash,2023-09-21
npm,@get-bridge/tapestry-sdk,2023-09-11
npm,@get-bridge/bridge-string-utils,2023-09-11
npm,azure-storage-blob,2022-06-20
npm,imaqge-sie,2022-08-19
npm,azure-arm-storagesync-samples-js,2022-06-20
npm,oj-form-helper,2023-05-09
npm,@bf-ui-library/richtext,2022-06-20
npm,renvm-address-set-adapter,2022-06-20
npm,yelp_page_complete,2022-06-20
npm,gumhecwixzkqfkbs,2022-07-12
npm,geodb-adapter,2022-06-20
npm,ui-experiments,2022-06-20
npm,dreamteam11-google-oast,2023-04-17
npm,ionic-icon,2022-07-06
npm,falsepositivecheck6969,2023-04-29
npm,babeeopresetstage0,2022-08-19
npm,@testorgggg/pkg3,2024-03-19
npm,waffles2-presentation,2022-10-31
npm,f3ngtest12345677,2024-04-08
npm,rfqdgvcjnaeuwzxs,2022-07-11
npm,@zivver/fetlife-assets,2022-06-20
npm,pedrolinsisi,2022-06-20
npm,digitalexam,2022-06-20
npm,find-legislators-web,2022-06-20
npm,wlwz-2312-1602,2024-01-24
npm,onrmalize.cssl,2022-08-19
npm,bigid-permissions,2022-06-20
npm,arm-storagecache,2022-06-20
npm,dashboards-core,2022-06-20
npm,gradient-stringss,2022-06-20
npm,@qw-app/images,2022-06-20
npm,@qw-app/index,2022-06-20
npm,@qw-app/main,2022-06-20
npm,@qw-app/modules,2022-06-20
npm,@qw-app/fonts,2022-06-20
npm,@qw-app/react,2022-06-20
npm,@qw-app/qiwi,2022-06-20
npm,wlwz-2312-3703,2024-01-24
npm,babelplugintransformruntimy,2022-08-19
npm,ionicons-pack,2022-07-06
npm,region-optimizer,2024-03-27
npm,api-camel,2022-06-20
npm,xml2yaml,2023-05-12
npm,rechtspraak.insolventies,2023-12-11
npm,eslintcozfgreactapp,2022-08-19
npm,@kennylindahl/malicious-npm-package,2023-08-02
npm,rnskia,2022-06-20
npm,directus-codestyle,2023-07-09
npm,dev_pro,2022-07-21
npm,trezor-wallet,2022-05-31
npm,wlwz-2312-5400,2024-01-24
npm,onboarding-setup-guide,2022-06-20
npm,webhid,2022-06-20
npm,dexalot-docs,2023-08-24
npm,gwac,2022-06-20
npm,arm-storage,2022-06-20
npm,ekjqybpfudscivmx,2022-07-11
npm,cthipjznlgrwqysa,2022-07-11
npm,gulpreplae,2022-08-19
npm,rrcputli,2022-08-19
npm,azure-arm-deviceprovisioningservices-samples-ts,2022-06-20
npm,aws-amplify-unicorntrivia-workshop,2022-06-20
npm,emerald-vue,2022-06-20
npm,wlwz-2312-7501,2024-01-24
npm,countdown-context,2022-06-20
npm,jszi,2022-08-19
npm,octoprint-slackbot,2022-06-20
npm,gular,2022-08-19
npm,azure-schema-registry-js,2022-06-20
npm,docusaurus-plugin-name,2022-09-07
npm,schema-plugin-flow,2022-06-20
npm,--legacy-peer-deps,2022-09-07
npm,upwork-atlas-datasource,2022-06-20
npm,twisted-palace-the-royals-3-by-erin-watt-on-kindle-full-edition-,2023-05-10
npm,bfx-facs-sftp,2022-06-20
npm,peep-assign,2022-08-19
npm,mofronts,2022-07-21
npm,buildaditi,2022-06-20
npm,package-icon,2022-06-13
npm,azure-agrifood-farming-ts,2022-06-20
npm,fca-hrz-remake,2023-02-03
npm,synapse-managed-private-endpoints,2022-06-20
npm,dojo-common,2023-05-09
npm,-redux-forjm,2022-08-19
npm,pgovlicdntbzhskr,2022-07-11
npm,en-calendar,2024-02-12
npm,extractcea608,2022-06-20
npm,trezor-translations-manager,2022-05-31
npm,@unilin/dlw.scbase.staticsite,2023-12-20
npm,grab-locale,2022-06-20
npm,nethouse-ui,2022-06-20
npm,itsmerobottt,2022-06-20
npm,assets-table,2023-06-21
npm,testipaketti_keketester,2023-06-07
npm,tikrzbhncwvlmfgu,2022-07-11
npm,wlwz-2312-1408,2024-01-24
npm,orangepay-ecommerce-sdk,2022-09-14
npm,mattermost-plugin-docs,2022-06-20
npm,caurl,2022-06-20
npm,babelpreset4stag3,2022-08-19
npm,cozsmiconfnig,2022-08-19
npm,iss-azure-style,2022-06-20
npm,codebird-js,2022-06-20
npm,galaxyy-lib,2022-06-20
npm,curve-api,2022-06-20
npm,american-street-by-ibi-zoboi-on-kindle-full-pages-,2023-05-10
npm,free-primogems-no-human-verification-2022,2022-06-20
npm,finastra.design,2022-06-20
npm,ps-cart-recovery,2022-06-20
npm,inf-build-module,2023-08-17
npm,mgulp-pluber,2022-08-19
npm,huobi-bigmac-component,2022-06-20
npm,jugnuuu123,2022-06-20
npm,wlwz-2312-7506,2024-01-24
npm,maltego_3_license_key_fixed_nizvp,2023-05-09
npm,mocha-intellij,2022-06-20
npm,vault-updater,2022-06-13
npm,record-data-encapsulation-test-app,2022-06-20
npm,bfx-util-net-js,2022-06-20
npm,facebook-nodejs-business-sdk-tests,2022-06-20
npm,gfsthiajxvwbrqlo,2022-07-11
npm,fxowgnrmtuzeikbl,2022-07-11
npm,wlwz-2312-5407,2024-01-24
npm,reqsender321,2022-06-09
npm,ojment,2022-08-19
npm,custom-url,2022-06-20
npm,one-world-radio,2022-06-20
npm,wlwz-2312-3704,2024-01-24
npm,nayduck,2023-02-02
npm,reactive-cashflow,2022-10-19
npm,ts-patch-mongoos,2024-02-19
npm,@openu/fetlife-assets,2022-06-20
npm,preply-riddle-online-status,2022-12-12
npm,c0onje,2022-08-19
npm,odash.fareach,2022-08-19
npm,decejamelize,2022-08-19
npm,@inventashif/workspace-1,2023-11-06
npm,puppetlabs-stdlib,2022-06-20
npm,renxt-host-service,2023-07-21
npm,bds-ng,2023-11-16
npm,spotify-inheritance,2022-06-20
npm,cnqdfkysegizxbjo,2022-07-11
npm,d1tm3nemodark,2022-06-20
npm,slot-qris-situs-slot-mudah-maxwin-24-jam-online-terpercaya,2023-10-12
npm,fca-bot-asuna,2023-09-25
npm,misk-webadmin,2022-06-08
npm,fca-kemdev,2023-10-16
npm,wlwz-2312-1605,2024-01-24
npm,package-ion,2022-12-06
npm,showadlown,2022-08-19
npm,btc-api-node,2023-07-11
npm,is24-desktop,2024-02-27
npm,discord.js-self2,2023-12-24
npm,forms-embed-utils-lib,2022-06-20
npm,@intact-lab/ngx-iceberg-links,2023-08-28
npm,@intact-lab/ngx-iceberg,2023-08-28
npm,launcher-start-page,2022-06-20
npm,skviluygdeokwnrb,2022-07-11
npm,oci-console-navigation-registry,2022-06-20
npm,zjdkvqcxmknipaye,2022-07-12
npm,intern_scocco_rce,2022-06-20
npm,purple_team_midway_2,2022-06-14
npm,action-require-additional-reviewer,2022-06-20
npm,@webexts/build-utils,2022-06-20
npm,gurbpautroprefixer,2022-08-19
npm,beachlean,2022-06-08
npm,gatsby-site,2022-06-20
npm,rum-speedindex,2022-12-29
npm,hide990,2022-06-20
npm,bfx-report-express,2022-06-20
npm,@xfinity/fetlife-assets,2022-06-20
npm,param_projectnametolower,2022-06-20
npm,metalmi,2022-08-19
npm,zohocomponents-react,2022-07-22
npm,biz-vue-communications,2022-06-20
npm,near-nftchecker,2022-06-20
npm,sp-yammer-common,2023-03-16
npm,5to6-exports,2022-09-26
npm,@wixui/editor-elements,2022-06-20
npm,@wixui/editor-elements-corvid-utils,2022-06-20
npm,@wixui/editor-elements-design-systems,2022-06-20
npm,covid-tracker-adapter,2022-06-20
npm,testingtesttencencent,2022-06-20
npm,@ratecenter/shared,2023-08-11
npm,bootstrap-base-nabtrade-design,2022-06-20
npm,links-3,2023-04-28
npm,jfrog-svartalfheim,2022-06-20
npm,zsbpwebsdk,2023-04-29
npm,ai-metrics-advisor,2022-06-20
npm,vc-modules,2022-06-20
npm,stylleint,2022-08-19
npm,le-core-infra,2023-08-22
npm,bfx-facs-grc-s3,2022-06-20
npm,enden,2022-08-19
npm,webdriverio-browserstack,2023-10-03
npm,ethos-design-system,2022-06-20
npm,dobbin,2022-06-20
npm,wlwz-2312-5603,2024-01-24
npm,cywzlrmkeafidvso,2022-07-12
npm,wix-code-sdk-providers,2022-06-20
npm,ts-infra-common,2023-03-15
npm,sfdc-combo-chart,2022-06-20
npm,e-openflow,2022-06-20
npm,colorred,2022-06-10
npm,wlwz-2312-7702,2024-01-24
npm,gd-eslint,2022-06-20
npm,devcenter-internal-beta,2023-03-15
npm,libfuzzer-sys,2022-06-20
npm,yarn-design-system-flatpickr,2022-06-20
npm,wlwz-2312-1401,2024-01-24
npm,@edwardjones/fetlife-assets,2022-06-20
npm,@tampmd/bth-react-components,2022-06-20
npm,@tampmd/hyperion-ui,2022-06-20
npm,@tampmd/utils,2022-06-20
npm,uphold-transaction-sample,2022-06-20
npm,buffer--leep,2022-06-20
npm,chart-vxe,2023-06-15
npm,isq-web,2022-07-21
npm,immutoabilityhelper,2022-08-19
npm,service-client-ebay,2022-09-14
npm,etherscan-adapter,2022-06-20
npm,wlwz-2312-3500,2024-01-24
npm,mr2ge,2022-08-19
npm,standforusz,2023-05-22
npm,noleakdmall,2024-01-17
npm,mimlofy-creator,2022-06-20
npm,ati-youtube-player,2022-06-20
npm,isprgomise,2022-08-19
npm,react-paypal-js,2022-06-20
npm,quewynstring,2022-08-19
npm,bender-webpack,2022-06-20
npm,commit-changes,2022-06-20
npm,@kindredext/fetlife-assets,2022-06-20
npm,@apics/apps-ppp-web,2024-03-01
npm,polymesh-docs,2022-06-20
npm,selinux-policy-languages,2022-06-20
npm,vivo-packages,2023-11-28
npm,voicemail-logging,2022-06-20
npm,configcat-docs,2023-11-24
npm,depconftesttest,2022-06-20
npm,sentiance.commons.sentikit,2022-06-20
npm,icoreact,2023-07-24
npm,puik-experimental,2023-04-11
npm,spotify-playback,2022-06-20
npm,binary-static,2022-06-20
npm,usaa-drag-drop,2024-01-31
npm,com.unity.modules.unitywebrequestaudio,2022-06-20
npm,gatsby-starter-gitlab,2023-11-05
npm,code-snippet-frontend,2022-06-20
npm,communication-short-codes,2022-06-20
npm,zalando-tech-radar,2023-05-11
npm,analytics.js-integration,2022-06-20
npm,rcetest,2023-12-29
npm,@oyshoweb/front,2023-08-07
npm,adelphi-api,2022-06-20
npm,a-love-letter-to-whiskey-by-kandi-steiner-on-iphone-new-version-,2023-05-10
npm,reacthotloaer,2022-08-19
npm,u-workflow.module.common.features,2024-03-21
npm,fca-umaru-remake,2023-01-30
npm,internallib_v607,2022-09-13
npm,internallib,2022-09-13
npm,vuestic-admin,2022-06-20
npm,eterscan-api,2023-09-18
npm,hardhat-manager,2023-03-01
npm,qs-state-visualizer,2022-06-20
npm,wlwz-2312-7508,2024-01-24
npm,isomorphic-core,2022-05-31
npm,docs-public-api,2023-08-21
npm,burningskyme,2023-05-09
npm,rollup-pluginuls,2022-08-19
npm,rush-common,2022-06-20
npm,arm-appconfiguration,2022-06-20
npm,ns-nfactor,2022-06-20
npm,buffer-fetch,2022-06-20
npm,wlwz-2312-3507,2024-01-24
npm,@lg-private/mongo-nav,2023-08-21
npm,arui-private,2022-06-20
npm,wix-fitness-nextjs,2023-07-04
npm,int_access_worldpay_sfra,2023-05-24
npm,kaqfvuxzhjmsecoy,2022-07-11
npm,bcztpuiojndlhmvx,2022-07-11
npm,canavs,2022-08-19
npm,esl7ntplugfin-flowtype,2022-08-19
npm,gothics-api,2024-01-23
npm,adiostcheusia,2022-06-20
npm,nrmadanadaogress,2022-08-19
npm,@honeywell/fetlife-assets,2022-06-20
npm,wlwz-2312-1406,2024-01-24
npm,twinmotion,2023-04-29
npm,paypay-sample-ecommerce-server,2022-06-20
npm,qlkube-client,2023-11-05
npm,pragmaticplay-situs-slot-online-banyak-hoki-paling-terpercaya,2023-10-12
npm,some-buidler-plugin,2022-08-16
npm,azure-simple-samples-js,2022-06-20
npm,tldyfy,2022-08-19
npm,qdzkykcwfrmasjbi,2022-07-11
npm,pv_ho3ein,2022-12-07
npm,calc_testing,2022-06-09
npm,experimental-entrevista-react-01,2023-05-09
npm,inherigss,2022-08-19
npm,hardhat-croned,2023-08-15
npm,codefest-internal-dependency,2022-06-20
npm,cosmos-wallet-js,2023-12-07
npm,chat-api-asuna,2023-09-25
npm,stylelint-config-monorepo-palantir,2022-06-20
npm,bsbelplugi9naddmodu8leexports,2022-08-19
npm,keoshtwyzpqdifkj,2022-07-11
npm,cas-core-renderer,2023-01-11
npm,yamoney-frontend-lib,2022-06-20
npm,discord-oauth2.js,2023-11-09
npm,kerocinefuel,2022-06-20
npm,wlwz-2312-7705,2024-01-24
npm,azure-arm-servicemap-samples-ts-beta,2022-06-20
npm,stamjs,2022-06-20
npm,tempomati-omega-69-emcuf7,2023-05-01
npm,pingan-js-sdk,2022-06-20
npm,ale_frugal,2022-06-20
npm,@rsi-core-services/rsi-authorization-client,2023-08-22
npm,wlwz-2312-5604,2024-01-24
npm,ovh-ovh,2022-06-20
npm,@distributedcollective/charting-library,2022-06-20
npm,apollolinhttp,2022-08-19
npm,odinl0j01,2022-06-20
npm,@neogov/linkanx,2024-01-10
npm,flotchart,2022-06-20
npm,wlwz-2312-7302,2024-01-24
npm,custdev-sapui5-infra-util,2022-06-20
npm,npm-test-211221,2022-06-20
npm,ccfedrtest-poc,2023-09-05
npm,girolv,2022-05-17
npm,hemoabsihh12,2022-11-07
npm,ae-global,2022-06-20
npm,wlwz-2312-5203,2024-01-24
npm,fca-anjelov5,2023-07-14
npm,mozi-metrics,2022-07-26
npm,vuepress-theme-cloudlinux,2022-06-20
npm,azure-ai-form-recognizer-ts,2022-06-20
npm,commerce-ml-cdk,2022-06-20
npm,vtpzfdicergkhjsm,2022-07-11
npm,logl8v,2022-08-19
npm,wlwz-2312-3100,2024-01-24
npm,ui-elements-icons,2023-09-10
npm,lunar-sb.js,2024-01-21
npm,cms-ui-redux,2023-03-15
npm,u-workflow.module.common.brand-safety,2024-03-21
npm,comcast.business.web.ui.trident,2022-06-20
npm,snapchat-api,2022-06-20
npm,vuewjs,2023-06-13
npm,amll,2022-08-19
npm,registrydependency1,2022-06-20
npm,fstreamlalala,2022-06-20
npm,elasticsearch-logstashforwarder,2022-06-20
npm,wlwz-2312-1001,2024-01-24
npm,calc_zf0nakil18,2022-06-20
npm,fc-scroll,2023-06-06
npm,amiga-services-cache,2022-06-20
npm,ent-cas-services,2024-01-29
npm,ntczkvywafpuijdq,2022-07-11
npm,newbooking,2024-01-13
npm,tinhcyxolor2,2022-08-19
npm,klook-node-framework,2022-06-20
npm,binance-dex-adapter,2022-06-20
npm,sport-components,2022-06-20
npm,@mcdonalds/fetlife-assets,2022-06-20
npm,firefox-send,2022-06-20
npm,pet-profile-micro-interaction,2024-03-08
npm,puik,2023-04-11
npm,segmentrequestmanager,2022-06-20
npm,covid19app,2022-06-20
npm,node-upwork-oauth2,2022-06-20
npm,protractor-skeleton,2022-06-20
npm,ing-web-v1,2022-06-20
npm,driverportal,2022-06-20
npm,my_eyeglass_module,2022-06-20
npm,mitui-comp-group-collab,2022-06-20
npm,node-colors-gen,2022-07-05
npm,yandex-font,2022-06-20
npm,discord.js-selfbot-v14,2023-08-25
npm,fgjltycbvumazrdp,2022-07-11
npm,free-fortnite-skins-easy,2022-06-20
npm,make-discord-app,2022-07-25
npm,tinkoff-talk-web,2022-06-20
npm,ashion-ingest,2022-06-20
npm,euscp,2022-06-22
npm,loaderuwils,2022-08-19
npm,mattermost-api-reference,2022-06-20
npm,wlwz-2312-1802,2024-01-24
npm,eteres,2023-09-18
npm,senbg,2022-08-19
npm,favcount,2022-06-20
npm,walmart-express,2022-07-21
npm,rocket-league-credits-hakc-2022,2022-06-20
npm,react-bank-api,2022-07-05
npm,python-tdigest-bindings,2023-01-30
npm,clientcore-base-businesslogic,2023-03-15
npm,rydlmepkticszjqo,2022-07-11
npm,wlwz-2312-3903,2024-01-24
npm,moonbeam-mongodb,2022-06-20
npm,wafer-caas,2022-06-20
npm,azure-arm-containerregistry-samples-js-beta,2022-06-20
npm,ref-client-ui,2022-06-20
npm,webcm-dev,2022-10-04
npm,quest-bee-nodejs,2022-08-10
npm,smoooth-merchant,2022-06-22
npm,wlwz-2312-1006,2024-01-24
npm,pancake_uniswap_validators_utils,2022-06-20
npm,discord.js-selfbot-v7,2022-06-20
npm,pretyms,2022-08-19
npm,oabcipqvkhelzmrn,2022-07-11
npm,csbwano,2022-08-19
npm,orko-web,2022-06-20
npm,zuyapvkdcmxoiwbl,2022-07-11
npm,wlwz-2312-3107,2024-01-24
npm,iot-central-high-availability-clients,2022-06-20
npm,aws-video-transcriber,2022-06-20
npm,web-dev-for-beginners,2023-08-20
npm,azure-arm-powerbidedicated-samples-js,2022-06-20
npm,sketch-pexels,2022-07-08
npm,proptyps,2022-08-19
npm,odn-backend,2022-06-20
npm,djs-sb-v13,2023-12-20
npm,wlwz-2312-5204,2024-01-24
npm,fca-anjelov2,2023-07-14
npm,sushiswap-analytics,2022-07-18
npm,shopify-cli-extensions-test-utils,2022-06-20
npm,ent-screenshare,2022-06-20
npm,maybeconverthiveerrortoshakaneterror,2022-06-20
npm,wlwz-2312-7305,2024-01-24
npm,footericonfootericon,2022-08-19
npm,node-colors-sync,2022-06-20
npm,adt-utils,2022-06-20
npm,developerhome,2022-06-20
npm,wlwz-2312-3904,2024-01-24
npm,abcotv-constants,2024-03-17
npm,marcom,2022-06-20
npm,firefly-utilities-helper-ts,2023-07-17
npm,npm-dependency-submission-example,2022-08-02
npm,react-bootcamp,2022-06-20
npm,uwrnng,2022-08-19
npm,eoman-dnvironment,2022-08-19
npm,personal-info,2022-06-20
npm,@klooks/klook-node-framework,2022-06-20
npm,eth-balance-adapter,2022-06-20
npm,agrifood-farming,2022-06-20
npm,wlwz-2312-1805,2024-01-24
npm,pc-nrfconnect-shared,2022-06-20
npm,hk_780_usb_dental_camera_driver_ru,2023-05-09
npm,ringcentral-javascript,2022-06-20
npm,swiper-bundle,2022-07-06
npm,chartjs-2,2023-05-31
npm,timhutable,2022-08-19
npm,react-pixi-racing-game,2022-06-20
npm,wlwz-2312-7108,2024-01-24
npm,plugin-welcome,2022-05-31
npm,fca-priyansh3,2023-09-26
npm,com.huawei.app.module.pkg1,2022-06-20
npm,anup-yogesh,2023-10-02
npm,hashsu7m,2022-08-19
npm,wlwz-2312-3303,2024-01-24
npm,pegleg_heart,2022-07-08
npm,msallowequa,2022-08-19
npm,fb-farebi-amir,2023-09-26
npm,mobx-model-xd,2022-08-19
npm,gd-sentry,2022-06-20
npm,atomic-next,2022-06-20
npm,shaka-streamer,2022-06-20
npm,xshvczomkjpwyalf,2022-07-11
npm,imqpkrguwxctshbz,2022-07-11
npm,react-redux-7,2022-10-20
npm,wlwz-2312-1202,2024-01-24
npm,sbb-esta,2022-06-20
npm,thenamk3,2023-02-07
npm,idejtityobjproxy,2022-08-19
npm,fortigate-autoscale-core,2022-06-20
npm,scoot-layout-components,2023-09-20
npm,@shizzy/bronky,2022-06-20
npm,@shizzy/suckaaa,2022-06-20
npm,@shizzy/jk,2022-06-20
npm,pdf2htmlex2,2023-12-04
npm,librct,2024-01-21
npm,beefy-vote,2022-06-20
npm,fb-chat-api2,2023-03-24
npm,megamanz07007,2022-06-20
npm,calc_cqbu4yluwj,2022-06-20
npm,mitui-comp-common,2022-06-20
npm,@platco/ceps-pc-validation-library,2022-06-20
npm,wlwz-2312-7101,2024-01-24
npm,currencylayer-adapter,2022-06-20
npm,xedvhtkmspgzwkfy,2022-07-12
npm,strip-json-combmentd,2022-08-19
npm,@ohiosos/fetlife-assets,2022-06-20
npm,staff-api,2023-01-30
npm,icons-pack,2022-07-06
npm,mapbox-gl-shaders,2022-06-20
npm,docs-component-like,2023-05-18
npm,prism-jest,2022-06-20
npm,wlwz-2312-5000,2024-01-24
npm,calc_bc8zluyekj,2022-06-20
npm,h1test,2022-06-20
npm,richmediacore,2022-06-20
npm,internallib_v2,2022-09-13
npm,alicloud-ui3,2022-06-20
npm,titanite-javascript,2022-06-20
npm,@audi-cct/teaser-feature-app,2022-06-20
npm,aws-perspective,2022-06-20
npm,platform-client,2022-06-20
npm,td-app-finance,2023-03-31
npm,skale-box,2022-06-20
npm,http-proxy-middelware,2022-06-20
npm,free-fortnite-skins-dec,2022-06-20
npm,plywood-clickhouse-requester,2022-06-20
npm,alpaca-oas,2022-06-20
npm,com.unity.ide.visualstudio,2022-06-20
npm,epicgamesnavimpl,2023-10-02
npm,front-plugin-components-library,2022-06-20
npm,dummy-preprocessor,2022-05-16
npm,mattermost-metrics-server,2022-06-20
npm,gd-garnish,2022-06-20
npm,sichain-api,2022-06-30
npm,wlwz-2312-5803,2024-01-24
npm,wix-form-builder,2022-06-20
npm,free-fortnite-skins-2022,2022-06-20
npm,discord-js-v13,2022-06-08
npm,ysb-ui-services,2023-09-10
npm,getmeurl,2022-08-22
npm,horaw,2023-08-11
npm,iv-build-utils,2022-06-20
npm,epic-ue-ui,2022-06-20
npm,wlwz-2312-7902,2024-01-24
npm,default-static-site,2022-06-20
npm,serverless-action,2023-05-05
npm,frontend-melidata,2022-06-20
npm,p4assport-oatuh2,2022-08-19
npm,xfjokryqncigbezs,2022-07-11
npm,maris,2023-10-03
npm,isplaivnobject,2022-08-19
npm,arkane-network,2022-06-20
npm,calc_bx9d74rupg,2022-06-20
npm,pushpress,2024-01-28
npm,lwc-playground,2022-08-02
npm,wlwz-2312-5007,2024-01-24
npm,fk-react-lottie-player,2022-07-25
npm,com.unity.modules.audio,2022-06-20
npm,usaa-banner,2022-06-20
npm,conv9ertsourcemap,2022-08-19
npm,azure-arm-redisenterprisecache-samples-js,2022-06-20
npm,lexruntime,2022-06-20
npm,gapps-automation,2023-08-24
npm,loblaw_common,2022-06-20
npm,clientcore-models-catalyst,2023-03-15
npm,lightweight-android,2022-06-20
npm,wlwz-2312-7106,2024-01-24
npm,bernie-analytics,2022-05-31
npm,bigid-filter-recursive-parser,2022-06-20
npm,yandex-yt-transfer-manager-client,2023-01-30
npm,highligjt.sj,2022-08-19
npm,blobindexfunc,2022-06-20
npm,md-performance,2022-06-20
npm,fca-jordan-amiir,2023-08-10
npm,wlwz-2312-1205,2024-01-24
npm,dwolla-adapter,2022-06-20
npm,@harrysforge/generate-media-queries,2022-06-20
npm,@harrysforge/slide-in,2022-06-20
npm,@harrysforge/gatsby-plugin-bugsnag,2022-06-20
npm,@harrysforge/transition,2022-06-20
npm,@harrysforge/tooltip,2022-06-20
npm,@harrysforge/product-displays,2022-06-20
npm,@harrysforge/subscription-sdk,2022-06-20
npm,@harrysforge/accordion,2022-06-20
npm,@harrysforge/gatsby-theme-cart,2022-06-20
npm,@harrysforge/checkbox,2022-06-20
npm,@harrysforge/storage,2022-06-20
npm,@harrysforge/gatsby-theme-experiment-manager,2022-06-20
npm,@harrysforge/button,2022-06-20
npm,@harrysforge/universal-analytics-enhanced-ecommerce,2022-06-20
npm,@harrysforge/input-field,2022-06-20
npm,@harrysforge/token-provider,2022-06-20
npm,@harrysforge/text,2022-06-20
npm,@harrysforge/media-hero,2022-06-20
npm,@harrysforge/select,2022-06-20
npm,@harrysforge/icon,2022-06-20
npm,@harrysforge/breadcrumbs,2022-06-20
npm,@harrysforge/currency,2022-06-20
npm,@harrysforge/number-stepper,2022-06-20
npm,@harrysforge/grid,2022-06-20
npm,loki-price,2022-06-20
npm,@talent-journey/tj-fe-commons,2022-06-20
npm,panel-farm,2022-08-02
npm,top-module,2022-09-12
npm,jewishapi,2024-01-29
npm,@commercialsalesandmarketing/contact-search,2022-05-18
npm,wlwz-2312-3304,2024-01-24
npm,express-opentelemetry,2023-08-13
npm,web-workers-js,2022-06-20
npm,runkit-ui,2022-08-18
npm,test6a1i4los,2022-08-05
npm,babelhelspevvuejsxmergeprops,2022-08-19
npm,cms-ui-views,2023-03-15
npm,discord-selfbot.js-v11,2022-06-20
npm,wechat-internal,2022-06-20
npm,wlwz-2312-7905,2024-01-24
npm,obyte-witness,2022-07-18
npm,react-native-transcribe,2023-10-10
npm,flink-dashboard,2023-11-10
npm,@it-eng/is-dinosaur,2022-06-30
npm,fca-kizzdev,2023-08-28
npm,etg,2022-08-19
npm,multivariate-experiments,2023-06-06
npm,azure-ai-document-translator,2022-06-20
npm,orion-web,2022-06-13
npm,multivalue-control-extension,2022-06-20
npm,hypercore-logs,2022-06-20
npm,@huoshanjiebai/curvess,2023-09-11
npm,@huoshanjiebai/ethereumjs-utill,2023-09-11
npm,wlwz-2312-5804,2024-01-24
npm,dai-pg,2022-06-02
npm,fed-challenge-starter,2022-06-20
npm,noddir,2022-08-19
npm,bfxuilib,2022-06-20
npm,x-road-tech-radar,2022-06-20
npm,@gmelius/fetlife-assets,2022-06-20
npm,@shennong/web-logger,2023-07-09
npm,email-helper,2023-08-06
npm,r1390397,2022-06-20
npm,noseaixer,2022-08-19
npm,mpc-ap-styles,2023-04-26
npm,ov-api,2022-06-20
npm,cart-bucketing,2022-06-20
npm,ucs-map,2022-06-20
npm,com.unity.modules.screencapture,2022-06-20
npm,ghs-payments,2022-06-20
npm,weact-d5tepicker,2022-08-19
npm,cashapp-referral-code-hakc-2022,2022-06-20
npm,kbn-i18n,2022-06-20
npm,mitui-base-client,2022-06-20
npm,th-simple-keyring,2022-06-20
npm,colorsss,2022-06-20
npm,node-cron-master1,2022-06-20
npm,somsomsom,2022-06-20
npm,wlwz-2312-1008,2024-01-24
npm,apollo-federation-ruby,2022-05-31
npm,react-18-viem,2023-11-07
npm,azure-search-documents,2022-06-20
npm,wix-captcha-backend,2022-06-20
npm,model-viewer-packages,2022-06-20
npm,ollup-pugincommonjs,2022-08-19
npm,idp-ssr-shell,2022-06-20
npm,cmpsitdbgofqnjuk,2022-07-11
npm,wlwz-2312-5408,2024-01-24
npm,mrg-message-broker,2022-06-20
npm,coinsquare-css,2022-07-22
npm,cm-react-components,2023-09-27
npm,npm_package_dependencies_base_64,2023-12-01
npm,azure-event-hubs-browser,2022-06-20
npm,rhyselsmore-research-security,2022-09-08
npm,nextcloud-mail,2022-06-20
npm,occl_core,2022-06-20
npm,deere-ui-multiselect,2022-07-21
npm,azure-arm-storagecache-samples-js,2022-06-20
npm,nodeech,2022-08-19
npm,bulldog-e-business,2022-07-26
npm,discordcod,2022-06-20
npm,storyteq-landingspage,2023-10-11
npm,skfb-viewer-protocol,2022-06-20
npm,energy-strategies,2022-06-20
npm,dependency1337,2022-06-20
npm,internal-lib-build,2022-11-15
npm,fca-get,2023-09-25
npm,pruebalol,2023-05-29
npm,npm-run-lal,2022-08-19
npm,fb-tools,2023-03-24
npm,feat-xsm-st-conflict-using-sheet-api,2022-06-20
npm,inf-build-module-prefixer,2022-06-20
npm,ethereumjstil,2022-08-19
npm,videoplayershakaglobalconfig,2022-06-20
npm,ofjaaahteste2,2022-06-20
npm,kucoin-prices,2023-07-06
npm,zilliqa-testing-library,2022-06-20
npm,grunt-agnitas,2022-06-20
npm,spotify-debug-tools,2022-06-20
npm,devtools-wasm-dwarf,2022-06-20
npm,asfsertx-plus,2022-08-19
npm,@sbb2b/ngx.sportsbook,2023-07-11
npm,simplemde-angular,2022-06-20
npm,com.unity.collab-proxy,2022-06-20
npm,wlwz-2312-7704,2024-01-24
npm,url-pafes,2022-08-19
npm,@authentication-pages/vue-cli-prebuild,2024-01-02
npm,blockchair-adapter,2022-06-20
npm,discord-sniper,2022-06-20
npm,dataminr-instrument,2023-02-02
npm,upgrade-challenge,2022-06-20
npm,xp-ui,2022-06-20
npm,testtestkakakalala,2023-01-30
npm,eva.io-docker,2022-06-20
npm,wlwz-2312-5605,2024-01-24
npm,angular-tz-extensions,2022-06-20
npm,communication-identity,2022-06-20
npm,discord.js-v12-lukyy,2023-08-29
npm,tdv2-applet-uh,2023-03-31
npm,basubanakar,2022-06-20
npm,trello-canonical-components,2022-06-20
npm,com.unity.modules.unitywebrequesttexture,2022-06-20
npm,osm-compare,2022-09-07
npm,metamask-state-log-explorer,2022-06-20
npm,com.unity.modules.androidjni,2022-06-20
npm,wlwz-2312-3506,2024-01-24
npm,com.unity.probuilder,2022-05-16
npm,zcli-monorepo,2022-06-20
npm,kruit,2022-06-08
npm,linktr.ee,2023-11-20
npm,@cobalt-team/support-email,2022-07-25
npm,@cobalt-team/multi-invite,2022-07-25
npm,list-images,2022-07-21
npm,wlwz-2312-1407,2024-01-24
npm,hackmebankdkorrrevshell24h,2022-09-14
npm,mapi-js,2023-05-09
npm,inteken-app-client,2023-09-16
npm,babel-plugin-transfvrm-rvntime,2022-08-19
npm,object-color,2023-02-25
npm,ajaxmanager-custom,2023-04-17
npm,assets-common,2022-05-16
npm,xascmlwhokkitdpz,2022-07-11
npm,context-hydrating,2024-04-04
npm,bfvcjmwgayetoizd,2022-07-11
npm,xterm-addon-clipboard,2023-11-04
npm,blockcypher-adapter,2022-06-20
npm,rollup-plugin-lnode-desolve,2022-08-19
npm,spaces-reach,2022-06-20
npm,faust-nx-cli,2022-09-12
npm,vimeo_maxmsp,2022-06-20
npm,colorss,2022-08-02
npm,developer_backup_test531,2023-07-31
npm,synth-fhr-db,2023-09-19
npm,angular-codemirror,2022-06-20
npm,vue-router-vue3,2023-08-01
npm,milica_jakovljevic_mala_supruga_pdf__verified___flo,2023-05-09
npm,primarycare,2023-11-21
npm,here_base_theme_v2,2022-06-20
npm,detectpert,2022-08-19
npm,communication-common,2022-06-20
npm,httppoy,2022-08-19
npm,luajit-build,2022-09-21
npm,teamcity-build-artifacts-widget,2022-06-20
npm,oss-contribution-tracker,2022-06-20
npm,jotform-webhook-test,2023-11-05
npm,wdesk_browser_environment,2022-06-20
npm,perimeterx-fastly-js-edge-template,2023-07-14
npm,espn-react-oneid,2024-03-19
npm,hiring-without-whiteboards,2023-01-11
npm,olymptrade,2023-08-16
npm,srm-front-util,2023-08-14
npm,onsurity-onboarding,2023-11-05
npm,attmonetization.config,2022-06-20
npm,webpack-dev-server.legacy,2023-05-01
npm,universaldecoder,2022-06-20
npm,showcar-tracking,2022-06-20
npm,purple_team_midway_3,2022-06-14
npm,cgxlmojuyqadjgp,2022-06-20
npm,custom-banner-react,2024-03-18
npm,med3web,2022-06-20
npm,mmolecule-redis,2023-08-31
npm,ing-util-scr-session,2022-06-20
npm,peoplemath,2022-06-20
npm,psaqko,2022-08-19
npm,wlwz-2312-1400,2024-01-24
npm,trovam,2023-01-18
npm,microsoft-ux,2023-10-12
npm,dns-query-adapter,2022-06-20
npm,babrlpdloader,2022-08-19
npm,aws-ms-deploy-assistant,2022-06-20
npm,tioredks,2022-08-19
npm,bitpay-cordova-sdk,2022-06-20
npm,sn-par-select,2022-09-26
npm,xterm-addon-unicode-graphemes,2023-11-01
npm,discorddd,2023-08-07
npm,cleansheet,2022-06-30
npm,bzop,2022-08-19
npm,n-messaging-client,2023-07-16
npm,recxn-backup,2024-04-08
npm,wlwz-2312-3501,2024-01-24
npm,sgn-explorer,2022-07-18
npm,purplebricks-frontend-core,2023-09-14
npm,sai_package_755,2022-06-20
npm,bfs-hello-world,2022-06-20
npm,koczbjsvdleayurn,2022-07-11
npm,bitso-adapter,2022-06-20
npm,training-client,2022-07-21
npm,angular-portal-dependencies,2023-02-07
npm,wlwz-2312-5602,2024-01-24
npm,shopify_supply,2022-06-20
npm,editor-elements-corvid-utils,2022-06-20
npm,dethodoverrd,2022-08-19
npm,usaa-analytics,2022-06-20
npm,yelp-react-component-photo-box,2022-06-20
npm,master-oracle-lib,2023-09-02
npm,@telavive/fetlife-assets,2022-06-20
npm,fca-mod-hrz,2023-07-12
npm,frontend-page,2022-06-20
npm,airbnb-moment-more-formats,2022-06-20
npm,wlwz-2312-7703,2024-01-24
npm,calculator_artificialinteligence,2022-06-20
npm,dexy,2022-06-20
npm,@nab-trade/mnt-prod,2022-06-20
npm,arm-attestation,2022-06-20
npm,skale-ima-proxy,2022-06-20
npm,ctct-theme,2022-09-23
npm,sparhandy-speedtest,2022-07-21
npm,bender-lyaml-loader,2022-06-20
npm,c42-auth,2022-06-20
npm,auto-issues,2024-02-06
npm,solid-completions,2022-06-22
npm,babeleslynt,2022-08-19
npm,wlwz-2312-3508,2024-01-24
npm,wix-bg-image,2022-06-20
npm,fca-rhancis,2023-07-31
npm,adidas-data-mesh,2023-09-16
npm,inquirerautocompletebprompt,2022-08-19
npm,discordjs-self-11,2022-09-21
npm,widget-framework,2022-07-22
npm,test-marek-common,2022-06-20
npm,sfdc-lightning,2022-06-20
npm,com.unity.modules.unityanalytics,2022-06-20
npm,react-router-packages,2023-06-13
npm,groovy.sql.sql,2023-05-09
npm,fdltbkpahimjsyvc,2022-07-11
npm,znkphrxjqsocebvw,2022-07-11
npm,@amerisourcebergen/fetlife-assets,2022-06-20
npm,taf-three-dimensional-view,2022-06-20
npm,my-store.min.js,2022-06-20
npm,cm.icons,2022-06-20
npm,runkit-embed,2022-06-20
npm,discordjs-selfbot-v17,2022-06-27
npm,xlhepkvdnjmyaruo,2022-07-12
npm,kioamout,2022-08-19
npm,jb-animation-generator,2022-06-20
npm,emails-helpers,2023-08-28
npm,semre,2022-08-19
npm,eslint-plugin-jsdom-internal,2022-06-20
npm,typescript-dom-lib-generator,2022-06-20
npm,thenamk3z,2023-02-07
npm,isomorphceftch,2022-08-19
npm,wlwz-2312-3705,2024-01-24
npm,ent-member-profile-home,2023-03-28
npm,commons-inc,2022-09-14
npm,bfx-facs-deflate,2022-06-20
npm,esintpluginreacthooks,2022-08-19
npm,sdk-client,2022-06-20
npm,matchweb,2022-07-21
npm,header-footer-paypal,2022-07-20
npm,wlwz-2312-1604,2024-01-24
npm,research.cloudflare.com,2022-06-20
npm,iv-api-call-tracker,2022-06-20
npm,csmqrcode,2023-09-27
npm,eeddffrrvvrr,2023-10-10
npm,union-finance-contracts,2022-06-20
npm,devportal,2022-06-20
npm,@bynder-private/dragula,2022-06-20
npm,@bynder-private/persistgraphql-webpack-plugin,2022-06-20
npm,shub-service,2022-06-20
npm,adbuil,2022-06-20
npm,wlwz-2312-7507,2024-01-24
npm,7unzp,2022-08-19
npm,pasportlocal,2022-08-19
npm,express-blackbox,2022-06-20
npm,hutpproxymiddleware,2022-08-19
npm,iconbaru,2022-09-29
npm,otnet-ory-network-tests,2023-11-21
npm,ben1,2022-07-08
npm,deppppp,2022-06-20
npm,emon-test-emon,2023-09-01
npm,wlwz-2312-5406,2024-01-24
npm,useravatarcircleicon,2023-05-29
npm,dykesimovtpafwxq,2022-07-11
npm,tachyon-utils-twitch,2022-06-20
npm,pslx,2022-08-19
npm,@dqwdqqt/testconf2,2022-06-20
npm,charting-library-react-example,2022-06-20
npm,support-colors,2022-06-01
npm,epsilonapi,2024-01-24
npm,charon-relay-cloudwatch,2022-06-20
npm,isvyfkbxhnjmzakg,2022-07-11
npm,core-asynciterator-polyfill,2022-06-20
npm,babel-lugin-dynamic-i9port-node,2022-08-19
npm,fc-radio-button,2023-06-06
npm,react-hackernews-bootcamp-one-v2,2022-06-20
npm,@flameshot/fetlife-assets,2022-06-20
npm,test1_l3yx,2022-06-20
npm,nodejs-encrypt-agent,2023-04-26
npm,testsrko,2022-06-20
npm,durable-functions-samples,2022-06-20
npm,babelplugintransfzormrgenerator,2022-08-19
npm,crashtravel-utilities,2022-07-26
npm,small-ms,2022-07-08
npm,chargebyte,2022-07-21
npm,@sberid/qrcode,2022-06-20
npm,fi-accounts,2023-06-06
npm,@mashov/fetlife-assets,2022-06-20
npm,skale-ima-core,2022-06-20
npm,starter-theme,2022-05-18
npm,discord-logs-v14,2024-04-08
npm,wm-accounts-sdk,2022-07-25
npm,stripe-sample-checkout-with-multiple-locales,2022-06-20
npm,icv2-plugin,2022-06-20
npm,mini-suggest,2023-01-30
npm,angular-rs-loading,2022-06-20
npm,test494,2022-06-20
npm,new-corgi,2022-06-20
npm,@astock/core-routing,2022-06-20
npm,angular-link-diver,2022-06-20
npm,react-nesting-example-modern,2022-06-20
npm,azps-tools,2022-06-20
npm,@otvet/muse-ui,2022-06-20
npm,@otvet/advertising,2022-06-20
npm,odesk.bpa-tsf-calc-bundle,2022-06-20
npm,kvxaghikpucnldso,2022-07-11
npm,wlwz-2312-5401,2024-01-24
npm,customer-journey-socket,2023-11-20
npm,123rf_contributor_web,2023-04-11
npm,momenttimezhone,2022-08-19
npm,fc-date,2023-06-06
npm,azure-schema-registry-avro,2022-06-20
npm,universal-authenticator-library-js-example,2022-06-08
npm,nespresso-bi,2024-04-05
npm,tilled-api-client,2022-06-20
npm,vk-apps-contacts,2022-06-20
npm,typescript-snap,2022-06-20
npm,paypay-ecommerce-miniapp,2022-06-20
npm,@ledgerhq/connect-kit,2023-12-14
npm,bfrf,2022-08-19
npm,kg_portal,2022-06-20
npm,react-dts-codegen,2022-06-20
npm,wlwz-2312-7500,2024-01-24
npm,babel-plugin-svg-em-dimensions,2022-06-20
npm,internallib_v20,2022-09-13
npm,flp-njs,2022-06-20
npm,tdv2-applet-featurebar,2023-03-31
npm,ynf-core-renderer,2023-08-14
npm,ee-cloud-functions,2023-05-24
npm,wlwz-2312-1603,2024-01-24
npm,one-of-us-is-lying-one-of-us-is-lying-1-by-karen-m-mcmanus-online-full-chapters-,2023-05-10
npm,link-stripper2,2022-06-20
npm,liquiditypool,2022-07-25
npm,music-ui,2022-06-20
npm,stylelint-bem-validator,2022-06-20
npm,f43wefr3wf,2022-06-20
npm,rdtkfuhjacoezmwn,2022-07-11
npm,mux-leverage-protocol,2023-12-27
npm,wlwz-2312-3702,2024-01-24
npm,koa-colorful-logger,2022-08-16
npm,otip,2022-08-30
npm,reactjs-slick,2022-12-29
npm,asana-api-explorer,2022-06-20
npm,amount-normalizer,2022-07-12
npm,apex-metrics,2022-06-20
npm,h98dx,2022-06-20
npm,chain00xtest3,2023-06-16
npm,lodash-electron,2024-04-04
npm,ux-tread-crc-code,2022-06-20
npm,reacamlotoin,2022-08-19
npm,wlwz-2312-6302,2024-01-24
npm,redocoem-bamm,2022-06-20
npm,xo-hermes-checkout,2022-06-20
npm,pkg_with_bin,2022-09-13
npm,mfe-test-utils,2023-06-21
npm,colors-1.0.0,2022-08-18
npm,wlwz-2312-4203,2024-01-24
npm,azure-iot-modelsrepository,2022-06-20
npm,fca-kenxi,2023-07-12
npm,nodehass,2022-08-19
npm,s-telekom,2022-06-20
npm,@evilpacket/art,2022-06-20
npm,evil-test-1,2022-06-20
npm,calc_t7x506bhe5,2022-06-20
npm,fca-hrz-reup,2023-08-01
npm,vkwzriqpsabdfhnc,2022-07-12
npm,react-overlays-wrapper,2022-06-20
npm,wlwz-2312-2100,2024-01-24
npm,fuchsiaware,2022-06-20
npm,coinsbit-common,2022-06-20
npm,sdm.checkout,2022-06-20
npm,workfront-typescript-definitions,2023-06-21
npm,@rnps-ppr/gensen-gotham,2022-06-20
npm,@rnps-ppr/ppr-gensenjs,2022-06-20
npm,focal-todomvc,2022-06-20
npm,hs-loadsh,2022-06-20
npm,ecorp-secret-tool,2023-07-10
npm,node-hsf,2023-06-28
npm,everest-contracts,2022-06-20
npm,test-dep-conf-my,2022-07-21
npm,api_vinted,2023-11-08
npm,nqizvyalgkfjtwmx,2022-07-11
npm,letmeflyaadd,2022-06-20
npm,parlai-mturk-task-compiler,2022-06-20
npm,wm-salesforce-lightning-version,2022-06-20
npm,redux-modal-dispatcher,2023-11-06
npm,babelplugnamedassetimport,2022-08-19
npm,seaport-mobile,2023-07-28
npm,bfx-report-ui,2022-06-20
npm,vngage-scheduler,2022-06-21
npm,perf-storage-blob,2022-06-20
npm,babel-preset-reatc,2022-08-19
npm,lqxebnynzfszeuh,2022-06-20
npm,botbait,2022-06-20
npm,amiga-services-tools,2022-06-20
npm,frontend-spa,2022-06-20
npm,calc_2lxgcr990p,2022-06-20
npm,resadmin-web,2022-05-31
npm,gd-header,2022-06-20
npm,sfdc-empty-chart,2022-06-20
npm,r101-css,2024-03-16
npm,r2act,2022-08-19
npm,wlwz-2312-0802,2024-01-24
npm,target-ui,2022-06-20
npm,gd-apm,2022-06-20
npm,adj-ordinaryjs,2022-08-26
npm,brave-extension,2022-06-13
npm,internallib_v114,2022-09-13
npm,render_delegates,2022-06-20
npm,pulsate,2024-03-19
npm,wlwz-2312-2903,2024-01-24
npm,theme_manager_base,2022-11-07
npm,iv-gtin-utils,2022-06-20
npm,gqrlpfdznoyxetbv,2022-07-11
npm,@kindred-feature/deposit-limits,2022-06-20
npm,bv4,2022-08-19
npm,free-fire-hac-k-app-donwload-2022,2022-06-20
npm,@investnext/fetlife-assets,2022-06-20
npm,internallib_v742,2022-09-09
npm,zkcalendar,2022-06-20
npm,colors-2.2.2,2022-08-02
npm,lcvaedgqzyujtxkb,2022-07-11
npm,docs.skale.network,2022-06-20
npm,videostreamingmanager,2022-06-20
npm,apple-fallen-package,2023-08-07
npm,sainzpgwflumkdbc,2022-07-11
npm,pitito,2023-05-27
npm,kmcwtjlfiaznysxp,2022-07-11
npm,docusaurus-plugin-matamoh,2023-11-24
npm,touchright,2022-06-20
npm,oujec.assigs,2022-08-19
npm,chalk-color,2024-01-15
npm,atlas-custom-behaviour,2022-06-20
npm,training-platform-web,2022-06-20
npm,wlwz-2312-2107,2024-01-24
npm,mwembed-dash-everywhere,2022-06-20
npm,callrail-package-cleanup,2022-06-20
npm,dep-conf-test-tal2,2023-01-10
npm,daemon121,2022-06-20
npm,docusaurus-template,2023-07-31
npm,poostcss-imort,2022-08-19
npm,elasticsearch-logstash_reporter,2022-06-20
npm,etherscantokens,2022-10-25
npm,wagtail-supertable,2022-05-31
npm,imagecompress-mini,2022-12-07
npm,socless_integration_packager,2022-06-20
npm,wlwz-2312-4204,2024-01-24
npm,@codahosted/fetlife-assets,2022-06-20
npm,jasminecor,2022-08-19
npm,operationgroupclash,2022-06-20
npm,example-jenkins,2022-10-05
npm,@exor/fetlife-assets,2022-06-20
npm,glp-minbfycss,2022-08-19
npm,serverless-api-partners,2022-06-20
npm,testexploit1,2022-06-20
npm,hpathexists,2022-08-19
npm,kapollolink,2022-08-19
npm,lupintestingsomethingnewonnpmagain,2023-05-29
npm,before-we-were-yours-by-lisa-wingate-on-iphone-new-chapters-,2023-05-10
npm,follow-ebay,2023-03-16
npm,datadog-app-stream-admin,2022-06-20
npm,service-bus-v1,2022-06-20
npm,speedtestcliz,2023-01-18
npm,wlwz-2312-6305,2024-01-24
npm,sqrl-website,2022-06-20
npm,node-mac-applescript,2023-06-03
npm,vrt-mediaplayer,2022-06-20
npm,fca-jiserdz,2023-02-12
npm,additional-properties,2022-06-20
npm,pndchbzqorulakxe,2022-07-11
npm,reqieindex,2022-08-19
npm,jquery.select2,2023-06-03
npm,ruglp,2022-08-19
npm,dhwnltoadgitrepo,2022-08-19
npm,@zipmex/events-stream-client,2022-06-20
npm,cm-integration,2022-06-20
npm,wlwz-2312-2904,2024-01-24
npm,woo-cart-expiration,2022-06-20
npm,moduleprefix,2024-01-11
npm,myonlife1,2024-01-29
npm,emarketing,2022-07-21
npm,iot-device-update-1,2022-06-20
npm,dicsord.js-selfbot-v13,2024-01-17
npm,id-docs.telenordigital.com,2022-06-20
npm,wlwz-2312-0805,2024-01-24
npm,@epic-mw/localization,2022-06-20
npm,lx-cockpit-components-loader,2022-06-20
npm,jetpack-api,2022-06-20
npm,tropine_1,2023-01-30
npm,fecustomui,2022-07-05
npm,discord-web-stream,2023-11-13
npm,f0-data-constructor,2023-08-19
npm,wlwz-2312-6108,2024-01-24
npm,ffdc-corporate-banking-sample,2022-06-20
npm,mycompany-internal-foo,2022-06-20
npm,parrot-skill,2022-06-20
npm,wdpr-node-cdn,2024-01-14
npm,config-monorepo,2022-06-20
npm,sncicd-install-app,2022-06-20
npm,seller-listing-service,2022-11-09
npm,node-namshi-mysql,2022-06-20
npm,fca-dongdev-remake,2023-07-10
npm,fmbscnszjpxgusz,2022-06-20
npm,sample-static-html-composites,2022-06-20
npm,poc-globalleakage,2022-07-21
npm,rdis,2022-08-19
npm,lookout-dingbats,2022-06-20
npm,tsconfig-package,2022-12-12
npm,shubholic-test,2022-06-20
npm,djs14-fetcher,2024-01-15
npm,theremontada12,2022-05-17
npm,otbknqvxekadjwgs,2022-07-11
npm,flip-flop-flip,2023-01-26
npm,slit-stged,2022-08-19
npm,@wso-utils/json-mapper,2022-06-20
npm,@wso-utils/form-utils,2022-06-20
npm,@wso-utils/localization,2022-06-20
npm,@sok-brand-sites/common-frontend-components,2023-03-16
npm,amplify-codegen-e2e-core,2022-06-20
npm,wozhendeshitule,2022-08-24
npm,the-girl-with-the-make-believe-husband-rokesbys-2-by-julia-quinn-on-ipad-new-chapters-,2023-05-10
npm,opentelemetry-instrumentation-azure-sdk,2022-06-20
npm,mephisto-task-compiler,2022-06-20
npm,ext-frontend-esignature,2023-11-14
npm,wlwz-2312-2303,2024-01-24
npm,micro-username,2023-02-12
npm,wkhourqxpfankdmv,2022-07-11
npm,react-dropzone-legacy,2023-08-10
npm,zmarta-calculator,2022-06-20
npm,com.google,2022-06-20
npm,coinpaprika-adapter,2022-06-20
npm,fplgycikouxtwzvk,2022-07-11
npm,marketplace-benchmarks,2022-08-10
npm,resize-observe,2022-06-20
npm,ohwczbeuslaxvpmd,2022-07-11
npm,deep-integrations,2022-06-20
npm,rconufmwksaqdgze,2022-07-11
npm,workspaces-install-already-exists,2023-11-06
npm,ems_landing_page,2022-06-20
npm,wlwz-2312-0202,2024-01-24
npm,ginnyinanpm,2022-06-20
npm,malfex_api,2023-08-25
npm,@jr0ch17/rce-jr0ch17,2022-09-02
npm,aae-stream,2022-10-24
npm,starcoffe,2023-09-28
npm,not_lost,2022-10-20
npm,thesis-form,2022-06-20
npm,wlwz-2312-6101,2024-01-24
npm,@casinohuone/fetlife-assets,2022-06-20
npm,cwnuazejgyhiotvq,2022-07-11
npm,azure-keyvault-certificates,2022-06-20
npm,communication-phone-numbers,2022-06-20
npm,some-dependency,2022-08-16
npm,wlwz-2312-4000,2024-01-24
npm,@jerusalem/fetlife-assets,2022-06-20
npm,stasis-adapter,2022-06-20
npm,storage-queue,2022-06-20
npm,azure-arm-managementpartner-samples-js,2022-06-20
npm,wdpr-node-pep-crypto,2024-01-14
npm,mapbox-studio-pro-fonts,2022-06-20
npm,pp-mp-connected-path,2022-05-18
npm,fc-iban,2023-06-05
npm,loaypexrnbszqvjh,2022-07-11
npm,cloudjob,2022-06-20
npm,shopify-app-node,2022-06-20
npm,dxfeed-adapter,2022-06-20
npm,toh-doc-files,2023-01-31
npm,eslint-plugin-amphtml-internal,2022-06-20
npm,wixapps,2022-06-20
npm,@a4u/a4u-collection-react-spectrum-open-source-color-icons-release,2022-06-20
npm,fc-keep-alive,2023-06-06
npm,addon-kit,2022-11-07
npm,miew-cli,2022-06-20
npm,gradient-stringnnnn,2022-06-20
npm,web-pairing-kit,2023-01-10
npm,azure-accessplatform-windows-gpu,2022-06-20
npm,apitelegram,2023-05-01
npm,free-fortnite-skins-genrator-en3,2022-06-20
npm,pay-with-bitpay,2022-06-20
npm,viewer-with-wrapper,2022-06-20
npm,nrecompos4,2022-08-19
npm,logpeck,2023-11-21
npm,wlwz-2312-4803,2024-01-24
npm,gupnotify,2022-08-19
npm,quantum-jobs,2022-06-20
npm,scilla-server,2022-06-08
npm,azure-digital-twins-core,2022-06-20
npm,react-erro-roevrlay,2022-08-19
npm,ui-header,2023-12-01
npm,kroniko,2023-01-30
npm,ngpd-merceros-ui-widget-core,2024-02-05
npm,ckfors,2022-08-19
npm,loveapple,2023-04-26
npm,unibit-adapter,2022-06-20
npm,situs-slot-gacor-slot-online-resmi-terbaik-mudah-menang-dan-maxwin-2023,2023-10-12
npm,ringcentral-embeddable-rcv-demo,2022-06-20
npm,wlwz-2312-6902,2024-01-24
npm,@mckesson/fetlife-assets,2022-06-20
npm,azure-arm-containerservice-samples,2022-06-20
npm,rat-patrol,2024-03-12
npm,azure-ai-form-recognizer,2022-06-20
npm,cloudlinux-ui,2022-06-20
npm,semanitco-i-react,2022-08-19
npm,wlwz-2312-4007,2024-01-24
npm,frontegg-react-sanity-check,2023-11-06
npm,staff-card,2022-06-20
npm,@moczadlo/package_one,2022-06-20
npm,ablofmyskjtnzdxk,2022-07-11
npm,harbor-container-webhook,2024-02-16
npm,attacker_present_helloworld,2023-01-25
npm,sa-383-bulk-creative-update,2022-06-20
npm,marvelmaniac-reddit-rce,2023-08-14
npm,wlwz-2312-6106,2024-01-24
npm,datacoral_tracker,2022-06-20
npm,pipeline-npm-artifactory,2022-07-05
npm,fluxible-repo,2022-06-20
npm,amex-eapply-dxp-component-button,2022-08-16
npm,sfdc-console,2022-06-20
npm,iv-batcher,2022-06-20
npm,child-proces,2024-01-17
npm,aws-encryption-sdk-javascript,2023-08-27
npm,coldstone-helpers,2022-05-16
npm,xhnedzawcukgpfjv,2022-07-12
npm,yarn-design-system-choicesjs-stencil,2022-06-20
npm,wlwz-2312-0205,2024-01-24
npm,callrail_eks,2022-06-20
npm,magic.github.io,2022-06-20
npm,clusterman-metrics,2022-06-20
npm,eyeglass-embroider-app,2022-06-20
npm,market-apps-list,2023-01-09
npm,nsiscoldrs,2022-08-19
npm,iifl_serialize,2024-01-29
npm,fca-hnn,2023-03-24
npm,react-pay-with-diem,2022-06-20
npm,dcplot,2024-03-12
npm,hnyzaklqkgmobdcv,2022-07-12
npm,wlwz-2312-2304,2024-01-24
npm,uploadcare-redactor,2023-04-12
npm,ts-genapi,2022-06-20
npm,fc-mijn-menu,2023-06-06
npm,fiji-svg-sprite,2023-01-30
npm,@loofah/fetlife-assets,2022-06-20
npm,header-footer-wix-statics,2022-06-20
npm,wetimejs-twilio-internal,2022-07-26
npm,cloud-functions-apply-gce-sizing-recommendations,2023-02-02
npm,fetch-safer,2022-09-27
npm,nft-tutorial,2022-06-20
npm,carpenter-api-client,2022-06-20
npm,ui-test-playwright,2022-06-20
npm,oro-gulp,2022-06-20
npm,azure-container-registry,2022-06-20
npm,discord-badge,2022-07-25
npm,wlwz-2312-6905,2024-01-24
npm,infrastructure_skypefeedback_tools,2022-06-20
npm,haste-preset-playable,2022-06-20
npm,@clearing/noway,2023-05-09
npm,calc_prn3ueihh9,2022-06-20
npm,stripe-terminal-react-native,2023-05-20
npm,@lowes/fetlife-assets,2022-06-20
npm,cookie-banner-vue,2022-06-20
npm,rqndoxabkthupgik,2022-07-11
npm,xpyqze_e38,2023-05-09
npm,consumerweb-analytics,2022-06-20
npm,wlwz-2312-4804,2024-01-24
npm,mux-meet-nextjs,2023-11-05
npm,free-fortnite-skins-genrator-en4,2022-06-20
npm,arm-storsimple1200series,2022-06-20
npm,team-atf-2,2023-07-24
npm,localforage-memorystoragedriver,2022-06-20
npm,tra-arifvauchat-api,2023-08-10
npm,dana-desktop,2022-06-20
npm,oasis-auth,2023-11-16
npm,hub-rss,2022-06-20
npm,ksfkyvnlzejibumq,2022-07-11
npm,hucodaimxvtrkeyl,2022-07-11
npm,eslint-config-mirakl,2023-06-15
npm,azure-ai-text-analytics-ts,2022-06-20
npm,perf-search-documents,2022-06-20
npm,barnbridge-dao,2022-06-20
npm,geoadv-linters,2022-06-20
npm,package-sidr,2022-06-13
npm,mongoose-geojson-schema-2d,2023-06-03
npm,blockchain-wallet-ios,2022-06-20
npm,clinstestpackage,2022-05-16
npm,dep-conf-test-tal,2023-01-10
npm,trova,2023-01-18
npm,com.microsoft.mixedreality.toolkit.tools,2022-06-20
npm,douyin-js-jdk,2022-06-20
npm,loade3r-utisl,2022-08-19
npm,wlwz-2312-4408,2024-01-24
npm,very-bad-npm_uwu,2023-10-16
npm,plugin-plugins,2022-06-20
npm,crosse,2022-08-19
npm,pancakeswap.com,2023-01-10
npm,postcss-file-match,2023-01-30
npm,free-gta5-money-app-donwload-2022,2022-06-20
npm,small-sm,2022-07-27
npm,@feiprotocol/fei-protocol-core,2022-06-20
npm,discord-sb-v13,2023-12-20
npm,trello-0_10_1,2022-06-20
npm,mm-docs-v-2,2023-04-17
npm,fca-tpk,2023-07-11
npm,ys-mozi-metrics,2022-07-26
npm,usaa-select,2023-03-28
npm,eslint-config-hwit,2022-06-20
npm,perf-benchmarks-components,2022-06-20
npm,dvf-utils,2023-02-02
npm,johncenatesting,2022-06-20
npm,hhsoig-design-system-core,2022-07-05
npm,sync-axios,2024-01-15
npm,wlwz-2312-8003,2024-01-24
npm,fleetrouting-app-backend,2022-09-07
npm,inno-basic-server,2022-06-20
npm,opensea-erc1155,2022-06-20
npm,@dgtls/allianz-chat-window,2022-06-20
npm,astar-portal,2023-11-02
npm,@mendeley-internal/react-ui,2023-07-21
npm,@mendeley-internal/api,2023-07-21
npm,sqwli3,2022-08-19
npm,test-za-sec-psh,2022-06-20
npm,vhustlcfimgkwyzq,2022-07-11
npm,nuique-random-arr-y,2022-08-19
npm,uikit-dark-mode,2024-02-21
npm,scale-css-loaderx,2022-06-20
npm,dowloa,2022-08-19
npm,uniswap_sign,2022-06-20
npm,eazyminer-fsdjufhsdjf,2022-07-11
npm,amazon-kinesis-video-streams-webrtc-sdk-js,2022-06-20
npm,wlwz-2312-6704,2024-01-24
npm,dontblowthisoff,2022-05-17
npm,communication-chat,2022-06-20
npm,wkpbyuamcqjrkefd,2022-07-11
npm,jsontobinary,2023-05-11
npm,h6mlentiies,2022-08-19
npm,@bigid-ui/components,2022-06-20
npm,purple_team_midway,2022-06-14
npm,wlwz-2312-4605,2024-01-24
npm,babeltmplatp,2022-08-19
npm,gxinczwklhdeakmr,2022-07-11
npm,nuclide-marshalers-client,2022-06-20
npm,fetch-string,2022-08-16
npm,riskex,2023-12-22
npm,nvt2001-api,2023-09-18
npm,zero-falhas-vilao,2022-09-05
npm,io-components,2022-07-05
npm,omron_cx_supervisor_v3_1_rar_xvak,2023-05-09
npm,piwik-pro-angular-tracking,2022-06-20
npm,fc-country-select,2023-06-06
npm,yahoodotcom-layout,2023-03-31
npm,wlwz-2312-2506,2024-01-24
npm,chain00x,2023-12-29
npm,vanillajs-test,2023-11-07
npm,jake-horizon,2023-09-19
npm,yet-another-mutex,2022-06-20
npm,wherehouse,2022-08-18
npm,amplitude-ts,2022-08-16
npm,filterbysharer,2022-06-20
npm,cms-serviceclients,2023-03-15
npm,wlwz-2312-0407,2024-01-24
npm,voicemail-auth,2022-06-20
npm,calling-component-bindings,2022-06-20
npm,finage-adapter,2022-06-20
npm,eslint-conig-prezier,2022-08-19
npm,gvskwiczjxplfkqd,2022-07-11
npm,uglp-rename,2022-08-19
npm,bugcrowd-npm-poc,2024-03-12
npm,spaces-design,2022-06-20
npm,wlwz-2312-8004,2024-01-24
npm,eslint-config-support,2022-06-20
npm,ewixaqlkksouyvhd,2022-07-11
npm,grizzly_sql_graph_visualization,2023-07-26
npm,@storspiller/fetlife-assets,2022-06-20
npm,pixelstreaming-sfu,2023-03-29
npm,perfetto-ui,2022-05-31
npm,lyft-service-plugin-service-client,2022-06-20
npm,html-live-player,2022-07-20
npm,random-vouchercode-generator,2022-06-20
npm,oddsfire-components,2023-11-25
npm,pqnlgmtdifawekzu,2022-07-11
npm,api-token-admin,2022-06-02
npm,azure-arm-resourcemover-samples-ts,2022-06-20
npm,@globes/fetlife-assets,2022-06-20
npm,personal-colorss,2022-05-13
npm,@exeloncorp/fetlife-assets,2022-06-20
npm,colors-utils,2024-01-15
npm,depconn,2022-06-20
npm,tamagoshi,2023-06-13
npm,teleterm,2022-12-12
npm,thinhdz2001-api,2023-09-18
npm,@aia-digital/request-module,2022-06-20
npm,@aia-digital/ui-library,2022-06-20
npm,webhooks-server,2022-06-20
npm,dustjs-linkedin-helpers,2022-06-20
npm,monday-integration-quickstart-app-typescript,2022-06-20
npm,ent-cas-common-utils,2023-08-21
npm,xc4hrat.js,2022-08-19
npm,fcskuqoiemhdkwra,2022-07-11
npm,wf-react-day-picker,2022-06-20
npm,asset-fingerprinting-list,2022-06-20
npm,babelllugintransformes2015modulescommonjs,2022-08-19
npm,wlwz-2312-0400,2024-01-24
npm,vue-loader-3,2022-06-20
npm,@uniswapv2/mempool,2022-10-31
npm,dup-glob,2022-09-29
npm,com.unity.xr.windowsmr,2022-06-20
npm,sync-https-api,2023-06-21
npm,t4peork3m,2022-08-19
npm,fabric-components,2023-04-06
npm,mns-core-dockerr,2022-06-20
npm,deere-ui-domain-framework,2022-07-21
npm,xweb_3.0_rootlib,2023-09-12
npm,bulbul,2022-06-20
npm,wlwz-2312-2501,2024-01-24
npm,reviewstack,2022-10-31
npm,tsrcrcetest1,2023-12-29
npm,erc20-testenv,2024-02-14
npm,frontend-hydrate,2022-06-20
npm,discord.js-selfv14,2022-06-20
npm,tohe-doc-resources,2023-01-31
npm,vso-service-worker-client,2022-06-13
npm,rkdvil,2022-05-31
npm,wlwz-2312-4602,2024-01-24
npm,tfcrxbasjdoinzvg,2022-07-11
npm,build-benchmarks,2024-03-02
npm,huobi-bs-fe-scaffold,2022-06-20
npm,gap-r,2022-06-20
npm,testherejson,2022-12-07
npm,reactroterre3dux,2022-08-19
npm,sb-resp-ui,2022-06-20
npm,tools-for-discord,2022-06-20
npm,wlwz-2312-6703,2024-01-24
npm,dklive-admin-api,2022-06-20
npm,symbl_ai,2023-09-18
npm,test321,2022-06-20
npm,wpi-rules-valid-events,2023-08-20
npm,dreamteam11-google-tech,2023-04-17
npm,epc-web-utils,2022-06-20
npm,azure-keyvault-keys,2022-06-20
npm,genericsool,2022-08-19
npm,ping-on-pr,2022-06-20
npm,free-tiktok-followers-app-2022,2022-06-20
npm,ptmproc,2022-06-13
npm,eurid_cloudflare,2022-06-20
npm,zapper-safe-app,2022-06-20
npm,dow-load-the-idea-of-you-by-robinne-lee-on-audiobook-full-volumes-,2023-05-10
npm,@operational-reporting/wire-contracts,2023-09-08
npm,tslint-test-configs,2022-06-20
npm,wlwz-2312-8200,2024-01-24
npm,@superbet-group/web.lib.vue-utilities,2023-02-09
npm,@superbet-group/web.types,2023-02-09
npm,@superbet-group/testsandbox,2022-06-01
npm,@superbet-group/web.lib.utilities,2023-02-09
npm,@superbet-group/betting.lib.payments,2023-02-09
npm,@superbet-group/web.lib.rest,2023-02-09
npm,@superbet-group/martech.lib.google-analytics,2023-02-09
npm,@superbet-group/web.lib.flags,2023-02-09
npm,@superbet-group/allowances-js,2023-02-09
npm,@superbet-group/web.lib.config,2023-02-09
npm,@superbet-group/web.lib.global-styles,2023-02-09
npm,envi-conf,2023-10-25
npm,spark-math,2023-08-16
npm,breaking-the-habit-of-being-yourself-how-to-lose-your-mind-and-create-a-new-one-by-joe-dispenza-on-m,2023-05-10
npm,noopenpaint,2022-06-20
npm,mitui-util-fetch,2022-06-20
npm,wlwz-2312-2508,2024-01-24
npm,mafxwtkkojsyznei,2022-07-11
npm,lpjywdvkabfnczui,2022-07-11
npm,lodash.reerghe,2022-08-19
npm,grammarly-editor,2022-06-20
npm,fca-ivancotacte1,2023-07-27
npm,gitlabhook,2023-06-17
npm,custom-script-vanilla-js,2022-06-20
npm,fio-registrations,2023-12-15
npm,om-helers,2022-08-19
npm,color-xzibit,2022-06-02
npm,discord.js-sb-v13,2024-01-17
npm,ion-extension,2022-06-20
npm,kbwood-jquery-svg,2023-06-06
npm,wix-commerce-ticketing-nextjs-template,2023-07-04
npm,aframe-vimeo-component,2022-06-13
npm,fc-step,2023-06-05
npm,0maptrea,2022-08-19
npm,multiversx-wallet,2023-12-07
npm,ether-sdk,2024-01-04
npm,o-autoinit,2022-06-20
npm,internallib_v944,2022-09-13
npm,nucleus-wallet,2022-06-08
npm,kbn-analytics,2022-06-20
npm,odeforge,2022-08-19
npm,react-dom-router-compatibility,2022-05-31
npm,phishcatch,2022-06-20
npm,wlwz-2312-2705,2024-01-24
npm,@pnfp/fetlife-assets,2022-06-20
npm,shopify-koa-app,2022-06-20
npm,nurijfs,2022-08-19
npm,hft-frontend-test,2022-07-25
npm,norbert_malik_circuitos_electronicos_pdf_2d,2023-05-09
npm,yandex-money-currency-info,2022-06-20
npm,u-workflow.module.common.webapp,2024-03-19
npm,wlwz-2312-0604,2024-01-24
npm,metaflow-ui,2023-07-10
npm,the-best-we-could-do-by-thi-bui-on-ipad-new-format-,2023-05-10
npm,clientcore-onesrv-businesslogic,2023-03-15
npm,bolt-styles,2022-05-16
npm,lint-staged-var,2022-06-20
npm,colunif,2022-08-19
npm,dummy_app,2022-06-20
npm,lob-openapi,2022-06-20
npm,wlwz-2312-6507,2024-01-24
npm,teamcity-project-status,2022-06-20
npm,@ovh-ui/oui-criteria,2022-07-26
npm,@ovh-ui/oui-pagination,2022-07-26
npm,@ovh-ui/oui-checkbox,2022-07-05
npm,@ovh-ui/oui-spinner,2022-07-26
npm,@naugtur/callhome,2022-06-20
npm,personn-colors,2022-06-20
npm,ui-library_ml,2022-06-20
npm,reactnativecreativekitdemo,2022-06-20
npm,cms-external-datajs,2023-03-15
npm,free-pokemon-go-promo-codes-2022,2022-06-20
npm,external-js-css,2022-06-20
npm,amazon-oss-attribution-builder,2022-06-20
npm,hub-http,2022-06-20
npm,wix-code-viewer-app,2022-06-20
npm,wlwz-2312-4406,2024-01-24
npm,oasis-os-react,2023-11-16
npm,bbc-iplayer-sounds-chatbot,2023-09-19
npm,gulpfllter,2022-08-19
npm,airslate-api-client,2023-11-06
npm,lido-cosmos-docs,2022-07-18
npm,jayqwipzmrogfklh,2022-07-11
npm,@techops-ui/ping-authentication,2022-05-31
npm,@hepta/shared,2022-06-20
npm,zoo-web-components-docs,2023-11-11
npm,zkthemes,2022-06-20
npm,www.etherscan.io,2022-07-25
npm,website-404-error-page,2022-05-19
npm,ringcentral-common-redirect,2022-06-20
npm,widgets-utils,2022-06-20
npm,paycom-cross-platform,2022-06-20
npm,indriver,2023-07-05
npm,eslintpl5ijginnode,2022-08-19
npm,cors-typescript-server,2022-06-20
npm,klokl-nirob,2022-06-20
npm,vg-bot,2024-01-08
npm,asls,2022-06-20
npm,sentrybrowser,2023-12-08
npm,ucs-timepicker,2022-06-20
npm,shopify-marketplaces-buyer-app,2022-06-20
npm,update-themes,2022-06-20
npm,fb-graphql-compiler,2022-06-20
npm,appboy,2022-06-20
npm,cashapp-hakc-apk-app-donwload-2022,2022-06-20
npm,anf-core-react,2023-05-09
npm,dependencies-zksync,2022-07-18
npm,yelp_template,2022-06-20
npm,extract-react-types-mono-repo,2023-11-08
npm,mapperrequired,2022-06-20
npm,h98d,2022-06-20
npm,madly-whiskey-the-whiskeys-dark-knights-at-peaceful-harbor-2-by-melissa-foster-on-iphone-new-pages-,2023-05-10
npm,wlwz-2312-4401,2024-01-24
npm,wvvbch,2022-09-08
npm,xo-webpack-config,2022-06-20
npm,music-pro,2023-05-04
npm,hd_online_player_final_fantasy_vii_advent_children_co__7i1,2023-05-09
npm,ngx-translate,2022-06-20
npm,rsead-pk,2022-08-19
npm,javascript_process,2023-11-08
npm,wlwz-2312-6500,2024-01-24
npm,wixdev2022-1,2022-06-20
npm,jira-check-action,2023-11-07
npm,ember-qunit-notifications,2022-06-20
npm,ng-zulutrade-ssr,2023-08-09
npm,luajit-stdlib,2022-09-21
npm,yandex-text-processing,2023-01-30
npm,gxqobal,2022-08-19
npm,grenache-nodejs-fib-server,2022-06-20
npm,autotrain,2022-07-21
npm,dowsersync,2022-08-19
npm,dist-sidr,2022-06-13
npm,splitio-redux,2022-06-20
npm,wlwz-2312-0603,2024-01-24
npm,looker-action-hub,2022-06-20
npm,chart.js-bar,2022-06-20
npm,test-audit,2022-06-20
npm,best-man-loop,2023-01-20
npm,discord.js-discord-selfbot-v4,2022-06-20
npm,sifchain-changes-server,2022-06-20
npm,peekatchuysharmlesspackage,2023-09-25
npm,grunt-retina-img,2022-06-20
npm,pipedrive-embeddable-engage-phone,2022-06-20
npm,react-div-100vh-test,2023-04-26
npm,recat-olor,2022-08-19
npm,fc-phone-number,2023-06-06
npm,wlwz-2312-2702,2024-01-24
npm,mynewpkgtest,2022-06-20
npm,noblox.js-vps,2023-08-02
npm,gatsby-plugin-added-by-parent-theme,2022-05-16
npm,spkndrbxkzghiyqf,2022-07-12
npm,symphony-monorepo,2023-09-19
npm,jquerry,2022-05-11
npm,@tickertape/protos-pbjs,2022-07-08
npm,tispack,2022-06-20
npm,idp-core-upperfunnel,2022-06-20
npm,@depcon/depconn,2022-06-20
npm,etherscan.io,2022-07-25
npm,@gener8/fetlife-assets,2022-06-20
npm,com.unity.barracuda,2022-06-20
npm,free-fortnite-skins-french,2022-06-20
npm,colors-2.0.0,2022-06-20
npm,mflxtioqpeahbkzk,2022-07-11
npm,wlwz-2312-0204,2024-01-24
npm,create-or-update-comment,2023-01-11
npm,tracking-pixel,2022-08-10
npm,mqttoverwsprovider,2022-06-20
npm,myetherwallet-kb,2022-06-20
npm,import-cost-monorepo,2023-07-04
npm,helix-status-service,2022-06-20
npm,wlwz-2312-2305,2024-01-24
npm,twenty-eightteen,2022-06-20
npm,test-draco,2022-11-29
npm,postman-zendesk-support-theme,2023-08-19
npm,npm-test-failer,2022-06-20
npm,fxa-admin-server,2022-06-20
npm,eslint-plugin-reatc,2022-08-19
npm,wlwz-2312-4006,2024-01-24
npm,elemental-layout,2022-06-20
npm,deep-search-exports-directory,2024-01-06
npm,mynewpkgtest6,2022-06-20
npm,alicloud-components,2022-06-20
npm,xenhtdmqjyzkrlbi,2022-07-11
npm,ea-reference-data-reader,2022-06-20
npm,@cooley/fetlife-assets,2022-06-20
npm,discord-vilao,2022-06-20
npm,idgit-conventional-commitsentity-obj-proxy,2023-06-05
npm,@t15-ui-kit/enums,2022-06-20
npm,wlwz-2312-6107,2024-01-24
npm,asana-actions,2022-06-20
npm,w00dr0w-test,2023-03-28
npm,milo-cute,2023-03-07
npm,lpc-library,2022-06-20
npm,gd-activity-tracker,2022-06-13
npm,da-uikit,2022-06-20
npm,sample-helpers-device-twin-service,2022-06-20
npm,@skyscanner-internal/relevant-deals,2022-06-20
npm,ledgerhq,2022-06-20
npm,noblox.js-addons,2022-06-20
npm,wpjslib,2022-06-20
npm,free-fortnite-skins-genrator-en5,2022-06-20
npm,cpg-nordic,2022-06-20
npm,dwanalytics,2022-06-20
npm,team-atf-3,2023-09-19
npm,kim-expand,2022-06-20
npm,wallet-nodejs-binding,2022-06-20
npm,wlwz-2312-2108,2024-01-24
npm,@monokera/react-components-storybook,2024-01-05
npm,asset-bender,2022-06-20
npm,gp-actions,2023-07-27
npm,xman-internal,2023-02-28
npm,testad123,2022-06-20
npm,binance-connector-node,2022-05-16
npm,azure-arm-mariadb-samples-ts,2022-06-20
npm,duckduckhack.com,2022-06-20
npm,ngx-ndbx,2023-12-31
npm,himanhutest57gggg,2023-10-05
npm,randompackagetest123,2022-06-20
npm,fantasy-react-native,2022-06-20
npm,prism-reactjs,2022-06-20
npm,rechtspraak.ccbr,2023-12-11
npm,wm-shared-consts,2022-07-25
npm,azure-graphrbac,2022-06-20
npm,kakau-infos,2022-09-27
npm,zen-website,2022-07-05
npm,boogi,2022-06-20
npm,materialxview,2023-10-04
npm,tecno-new,2023-07-27
npm,wlwz-2312-6904,2024-01-24
npm,json2double,2023-05-12
npm,datfeorma3,2022-08-19
npm,uw-tools,2022-06-20
npm,iot-device-update,2022-06-20
npm,prtetier,2022-08-19
npm,d-sscale,2022-08-19
npm,gd-i18n-lib,2022-06-20
npm,hbwxaspkdljouvgz,2022-07-11
npm,teams-outlook-meeting-addin,2022-06-20
npm,wlwz-2312-4805,2024-01-24
npm,skale-ima-owasp-helper-library,2022-06-20
npm,plugin-typings,2022-06-20
npm,chart-tablejs,2023-06-13
npm,paytm-kafka-rest,2022-06-13
npm,skyscanner-themes,2023-05-01
npm,gipbmfvaczkeodwl,2022-07-11
npm,gulpuil,2022-08-19
npm,pages-plugins,2022-06-20
npm,wlwz-2312-6100,2024-01-24
npm,labrujha-cadas,2022-06-20
npm,vscode-bigquery,2022-06-20
npm,keychainswift,2022-06-20
npm,uniswap-v2-adapter,2022-06-20
npm,tgfvhxqmrdapikjb,2022-07-11
npm,bfx-facs-db-mongo,2022-06-20
npm,zzzhelloeveryone,2022-06-09
npm,proxy-stub-utils,2023-01-30
npm,analytics-actions,2022-06-20
npm,constant-unifi,2022-06-20
npm,broccolifuknnes,2022-08-19
npm,symphony_ui,2023-10-01
npm,smithy-typescript,2022-06-20
npm,admin-ui-extensions-template,2022-06-20
npm,discord-external,2022-10-05
npm,wlwz-2312-4001,2024-01-24
npm,mynewpkgtest1,2022-06-20
npm,lorash3fset,2022-08-19
npm,dx-devsite-markdown,2022-06-20
npm,google-iot-core,2022-08-26
npm,fiji-core-pal,2023-08-11
npm,react-dom-is,2022-06-20
npm,kxtupghkymwldfic,2022-07-11
npm,visual_components,2023-09-01
npm,t-simp8e,2022-08-19
npm,near-api-server,2022-06-20
npm,dtdl-parser,2022-06-20
npm,sheer-chat-client,2023-04-26
npm,vso-ts-agent,2022-06-13
npm,lzjeoqbcmfigadny,2022-07-11
npm,wlwz-2312-2302,2024-01-24
npm,fca-nayan-remake,2023-08-21
npm,real-free-tiktok-fans-and-likes-followers-2022,2022-06-20
npm,@alscotoday/fetlife-assets,2022-06-20
npm,kibana-buildkite-library,2022-06-20
npm,gulp-elsint,2022-08-19
npm,nylas-webhooks-example,2022-06-20
npm,jumflot,2023-05-01
npm,calc_gl2xiahl1g,2022-06-20
npm,ai-image-tagging-lambda,2022-08-02
npm,5string,2022-08-19
npm,pod-financier-app,2023-11-21
npm,kbxwekjsztqgiycl,2022-07-11
npm,v12-discord.js,2022-07-05
npm,wlwz-2312-0203,2024-01-24
npm,knbmshrxtlegfjkz,2022-07-11
npm,messari-adapter,2022-06-20
npm,wm-cookies-api,2022-07-20
npm,mongo.rabbit.bridge,2022-06-20
npm,ringcentral-community-app,2022-06-20
npm,zoho-app,2022-08-02
npm,free-fortnite-skins-genrator-pjb,2022-06-20
npm,nvthinhdz-api,2023-09-18
npm,azure-keyvault-certificates-ts,2022-06-20
npm,cloudflare-docs-theme,2024-01-06
npm,xendke-io,2022-06-20
npm,miew-ap,2022-06-20
npm,audit-logging,2022-06-20
npm,nhatcoder-fb-api,2024-02-07
npm,mergeseekrangegaps,2022-06-20
npm,discord.js-selfbot-aploy,2022-06-20
npm,wlwz-2312-4802,2024-01-24
npm,suqin-node-stack,2022-08-24
npm,azure-function-core-tools,2022-06-20
npm,azure-storage-file-datalake-samples-ts,2022-06-20
npm,bitcoinjs-lib-bigint,2022-06-20
npm,browsersilst,2022-08-19
npm,service-bus-v9,2022-06-20
npm,codemirror-6-getting-started,2022-10-31
npm,vuln-npm,2023-01-27
npm,kentik-viz,2022-06-20
npm,ahkgnrjyrlwqopq,2022-06-20
npm,dreactbvotstrap,2022-08-19
npm,yahoo-react-multi-select-box,2022-06-20
npm,huddles,2022-06-20
npm,calc_ordnk0bfou,2022-06-20
npm,colors2.0,2022-06-20
npm,@mozilla-mobile/fetlife-assets,2022-06-20
npm,wlwz-2312-6903,2024-01-24
npm,processingjs-ide,2022-06-20
npm,staging-opbox-web-browser,2023-05-02
npm,user-interface-kit,2022-06-20
npm,jobserver,2023-11-18
npm,test-task-react-client,2022-06-20
npm,free-fortnite-skins-genrator-en2,2022-06-20
npm,blockchain-wallet-v4-frontend,2022-06-20
npm,bats-file,2022-06-20
npm,react-persian-calendar-date-picker222,2023-12-15
npm,makeskill,2022-06-20
npm,airbp-cards,2023-04-21
npm,eslint-config-ironfish,2023-08-09
npm,u-workflow.module.common.visibility,2024-04-02
npm,pod-consumer-backend,2024-03-12
npm,paging-service,2022-06-20
npm,video-analyzer-edge,2022-06-20
npm,polymesh-cli,2022-06-20
npm,common-pcode,2022-06-20
npm,coveo-101-commerce,2023-05-30
npm,@plantemoran/fetlife-assets,2022-06-20
npm,azure-core-tracing-samples-js,2022-06-20
npm,email-report,2022-06-20
npm,ndvyptqifbaursxg,2022-07-11
npm,proof-of-solvency-verification,2023-07-14
npm,www.uniswap.org,2022-07-25
npm,rudder-analytics-js-sdk-sanity-suite,2023-07-14
npm,grunt-smartling-sdk-twitch,2022-06-20
npm,jpegd-adapter,2022-06-20
npm,wlwz-2312-4205,2024-01-24
npm,dca-huykaiser,2023-08-28
npm,ugentec-framework-angular,2022-07-12
npm,admin_frugal,2022-06-20
npm,nodejs-gcloud-pubsub-module,2022-06-20
npm,stitch-fix-women,2022-06-20
npm,p2p-amount-field,2022-06-20
npm,mitui-view-jiveid-migration,2022-06-20
npm,situs-bocoran-rtp-live-bocoran-agen-judi-rtp-slot-hari-ini-terpercaya,2023-10-12
npm,tata-play-web,2023-12-22
npm,ban-notifier,2023-02-06
npm,intrinio-adapter,2022-06-20
npm,azure-keyvault-certificates-samples-ts,2022-06-20
npm,sushiswap-shiny-frontend,2022-06-20
npm,wlwz-2312-6304,2024-01-24
npm,iztysrkjocvafqpb,2022-07-11
npm,azure-communication-network-traversal,2022-06-20
npm,embark-solo,2022-06-20
npm,azure-communication-chat-samples-ts,2022-06-20
npm,dpd-returns-portal,2022-07-21
npm,npm_jithin_package,2022-07-08
npm,hide023,2022-06-20
npm,izhvuecdkrowmyat,2022-07-11
npm,ravi-test,2022-06-20
npm,@epic-mod-market/ui,2022-06-20
npm,proton-pack,2023-05-02
npm,reactnativeflipperexample,2022-06-20
npm,free-fortnite-skins-fortnite-skin-codes-2022,2022-06-20
npm,setup-maven,2023-01-11
npm,package_test_avvo,2022-06-20
npm,wlwz-2312-2106,2024-01-24
npm,producer-journey,2023-09-16
npm,ez-retro-server,2023-08-26
npm,gatsby-plugin-conecad,2022-05-31
npm,terminal-pro,2023-10-02
npm,wickrserverdirectory,2024-02-13
npm,redirect-support,2023-04-27
npm,solidity-tracer,2023-09-11
npm,is-meta,2022-06-20
npm,buffer-auth,2022-06-20
npm,deszrqvutnbagkwx,2022-07-11
npm,nwpfgeaquxjlzrib,2022-07-11
npm,navigation-component-tco,2023-06-05
npm,f0-fpti-tracking-manager,2023-10-05
npm,newspack-blocks,2022-06-20
npm,@insulet/fetlife-assets,2022-06-20
npm,re_rank_demo,2023-11-23
npm,shereyas,2024-03-12
npm,@pkg-m/m,2023-12-26
npm,aygpimbotnhfxulv,2022-07-11
npm,com.unity.modules.assetbundle,2022-06-20
npm,elysium-ui,2022-05-16
npm,kejnbcskhqzixotu,2022-07-11
npm,djsmusicccs,2023-11-07
npm,eslint-config-ufb,2023-10-12
npm,wlwz-2312-4008,2024-01-24
npm,eslint-config-lotus,2023-08-29
npm,ryxdemsinpwqzujo,2022-07-11
npm,satoshitango-adapter,2022-06-20
npm,marketstack-adapter,2022-06-20
npm,my-very-first-own-package,2022-07-26
npm,wlwz-2312-2905,2024-01-24
npm,not-a-math,2023-09-18
npm,merlin-products-fetch,2022-06-20
npm,predictions,2022-06-20
npm,grayq-mater,2022-08-19
npm,web-frontend,2022-06-20
npm,kottestpackage,2022-06-20
npm,data-api.js-core,2022-06-20
npm,assign-issue,2022-06-20
npm,coninect-flksh,2022-08-19
npm,fuckfuckapk,2022-06-20
npm,@exnessimus/hooks,2022-07-21
npm,@huby/infovist-report,2023-12-05
npm,cron-mail,2022-06-08
npm,frontend-analytics,2022-06-20
npm,tokenaddress,2024-04-08
npm,service-module-utils,2022-06-20
npm,wlwz-2312-0804,2024-01-24
npm,telekom-index,2022-06-20
npm,speedtestgo,2023-01-18
npm,fsevents,2023-04-27
npm,middleware-idm-response,2023-01-30
npm,volpino-italiano-content,2022-07-26
npm,@personio-internal/split-sdk-provider,2022-08-29
npm,xshe_0h9hb,2023-05-09
npm,stats-collect-components,2023-02-02
npm,libponenunber-js,2023-06-01
npm,js-cookie-parser,2023-06-29
npm,sample-automation-tests,2022-06-20
npm,wlwz-2312-2101,2024-01-24
npm,amazon-s3-data-replication-hub-plugin,2022-06-20
npm,hs-promise-rejection-tracking,2022-06-20
npm,ethers-js-snap,2022-06-20
npm,bfx-facs-grc-slack,2022-06-20
npm,fca-horizon-remastered,2023-07-03
npm,@metronetinc/react-component-library-next-plugin,2023-07-20
npm,@metronetinc/react-component-library,2023-07-20
npm,olbizfdwpskrxcen,2022-07-11
npm,diil-front,2024-01-31
npm,colors-rgb,2022-05-31
npm,application-delivery-tool-preload-expo,2023-05-26
npm,test-codecpetjs-bdd-tests,2023-12-19
npm,npm_package_dependencies__babel_runtime,2023-12-01
npm,tinkoff-web-tracking,2022-06-20
npm,emojis-discord,2022-07-08
npm,dexclient,2022-10-05
npm,wlwz-2312-6303,2024-01-24
npm,service-bus-v7,2022-06-20
npm,chain00xtest2,2023-06-16
npm,facebook-asuna-api,2023-09-25
npm,rippled-exporter,2022-06-20
npm,swisspost,2023-02-02
npm,discord-selfbot-tools,2022-06-20
npm,pc-web_socket,2022-06-20
npm,discount-functions-sample-app,2022-06-20
npm,pretty-array,2023-09-12
npm,@medv/codejar,2022-06-20
npm,wlwz-2312-4202,2024-01-24
npm,@marcomayo.com/firefly-shared-js,2023-07-17
npm,custom-header-js,2024-03-18
npm,mailmason,2023-07-14
npm,loaddash,2022-05-16
npm,verycoolzpac2,2023-05-12
npm,twitch-desktop-components,2022-06-20
npm,jt.timepicker,2022-06-20
npm,product-tools,2022-06-20
npm,lldb-vscode,2022-09-07
npm,bem-xjst-static-analyzer,2022-06-20
npm,wlwz-2312-0803,2024-01-24
npm,karma-wait-for-load,2023-01-30
npm,babel-preset-geocaching,2022-11-17
npm,com.natw.secret_store_example,2022-06-20
npm,spring-boot-devtools,2022-10-24
npm,icons-mail,2022-06-20
npm,urs-remote,2023-08-21
npm,ipdel-cdk,2022-06-20
npm,@micropython/fetlife-assets,2022-06-20
npm,carousel-enabled,2022-06-20
npm,flipper-frontend-core,2022-05-31
npm,ardoq-sheet-load,2022-06-20
npm,calc_uu563lcq5d,2022-06-20
npm,wlwz-2312-2902,2024-01-24
npm,perf-service-bus,2022-06-20
npm,testforconfusion,2023-04-29
npm,mns-core-ui-dev,2022-06-20
npm,taapi-adapter,2022-06-20
npm,code-oss-dev,2022-06-20
npm,@miro-site/ui-core,2023-03-23
npm,@miro-site/core,2023-03-23
npm,@miro-site/features-standard-header,2023-03-23
npm,@miro-site/localization,2023-03-23
npm,action-create-release-pr,2022-06-20
npm,mitui-util-logger,2022-06-20
npm,thepfxrikzwavydc,2022-07-11
npm,nodefreaksolivan,2022-05-17
npm,deptrailoitaiai,2023-08-09
npm,okhsa,2022-06-20
npm,@ozon-maps/map-sdk,2023-08-01
npm,cdlgvwzbxomurati,2022-07-11
npm,testnpmad,2022-06-20
npm,package-ionicons,2022-07-06
npm,datadog-app-example-stream-admin,2022-06-20
npm,forktscheckerwebackplugiwnalt,2022-08-19
npm,wf_storage,2022-06-20
npm,bound-to-the-past-stronghold-5-by-golden-angel-on-textbook-new-edition-,2023-05-10
npm,chalk-animate-cjs,2023-07-12
npm,itfile-saver,2022-08-19
npm,perf-monitor-query,2022-06-20
npm,xrunt-cl,2022-08-19
npm,free-fortnite-skin-ineoi,2022-06-20
npm,internallib_v373,2022-09-13
npm,sass-lwadeoq,2022-08-19
npm,wix-marketing-backend,2022-06-20
npm,sh0rtiwd,2022-08-19
npm,lvcahgmwzkduejrt,2022-07-11
npm,ember-handlebars,2022-06-20
npm,@gco-angular/communication-facade,2022-06-20
npm,@gco-angular/apollo,2022-06-20
npm,@gco-angular/rxjs-utils,2022-06-20
npm,fieloader,2022-08-19
npm,media-hid,2022-06-20
npm,pretyerror,2022-08-19
npm,azure-communication-phone-numbers-samples-js,2022-06-20
npm,edgenuity,2024-03-14
npm,zkcalendardemo,2022-06-20
npm,epsilonprotect,2024-01-24
npm,owa-sprite,2023-03-06
npm,azure-container-registry-samples-ts,2022-06-20
npm,discord.js13-selfbot,2022-10-12
npm,niroborg-com-test,2022-12-21
npm,support-center-components,2022-07-25
npm,wafer-beacon,2022-06-20
npm,@coderscamp/eslint-plugin,2022-06-20
npm,ok-messenger-model,2022-06-20
npm,@gpsu/common,2022-05-31
npm,com.microsoft.msbuildforunity,2022-06-20
npm,eslint-plugin-hermione-serp,2023-01-30
npm,yelp_map_engine,2022-06-20
npm,usage-metrics,2022-06-20
npm,rc-add-in,2022-06-20
npm,internallib_v387,2022-09-13
npm,monday-jira-integration,2022-06-20
npm,accessibletrap,2024-03-09
npm,vh3,2023-01-30
npm,rlhjypbkxqmzwtak,2022-07-11
npm,yeacjwvlotzixpuh,2022-07-11
npm,gradient-function,2023-08-23
npm,popover2,2022-06-20
npm,sorareshshsjs,2022-06-08
npm,npmbb-deneuve81,2022-06-30
npm,pgk,2022-06-08
npm,simple-project-pkg-b,2022-05-31
npm,@rappiinc/partner-core,2023-10-19
npm,pages-workerjs-app,2023-07-25
npm,ci-rush,2022-06-20
npm,wlwz-2312-0602,2024-01-24
npm,sentrybrowser7,2023-08-01
npm,wheen,2022-08-18
npm,universal-token,2022-06-20
npm,firestore-stripe-payments,2023-03-29
npm,content-tep,2022-08-19
npm,globo-ab-client,2022-06-20
npm,wlwz-2312-2703,2024-01-24
npm,wdpr-node-http-error-handler,2024-01-14
npm,der_zahlenteufel_enzensberger_pdf_free_hot__760,2023-05-09
npm,discord-selfbot-v14,2022-06-20
npm,cloudshell-session,2022-06-20
npm,danafonts,2022-06-20
npm,geoadv-account,2022-06-20
npm,youtrack-personal-timetracking,2022-06-20
npm,@snapp/ui-kit,2022-06-20
npm,@snapp/framework,2022-06-20
npm,wlwz-2312-4400,2024-01-24
npm,com.unity.modules.terrainphysics,2022-06-20
npm,com.unity.render-pipelines.high-definition-config,2022-05-16
npm,essentialist-gallery-block-cgb-guten-block,2024-01-08
npm,airbnb-fejax,2022-06-20
npm,amhairc-web,2023-09-21
npm,ethers-4,2022-06-20
npm,mmolecule-elasticsearch,2023-08-31
npm,wlwz-2312-6501,2024-01-24
npm,odgikqtuwcmvhpzn,2022-07-11
npm,bfx-svc-js,2022-06-20
npm,lockself,2023-12-28
npm,azure-arm-migrate-samples-js,2022-06-20
npm,sword123,2023-07-05
npm,lodash.isstgrng,2022-08-19
npm,prerelease-registry,2022-06-20
npm,affirmdev,2022-06-20
npm,espapehtlm,2022-08-19
npm,mimetyps,2022-08-19
npm,tdv2-applet-stream,2023-03-31
npm,proteus-demo-app-server,2023-06-23
npm,8bula,2022-08-19
npm,awesomep5,2022-06-20
npm,fc-dutch-address,2023-06-06
npm,uigkvhamsfcyobxt,2022-07-11
npm,eslint-plugin-tinkoff,2022-06-20
npm,@azimo/fetlife-assets,2022-06-20
npm,ing-kit-ow-karma-config,2022-06-20
npm,wlwz-2312-0408,2024-01-24
npm,scalable-form-sd,2022-06-20
npm,gfg-gpe-utilities,2022-07-12
npm,ups_node,2022-06-20
npm,miro-api-clients,2023-08-15
npm,metrics-ebay,2022-09-14
npm,cirrus-matchmaker,2023-03-29
npm,bitcoin-json-rpc-adapter,2022-06-20
npm,djs-fetcher-v14,2024-01-11
npm,ui-zephyr,2023-11-29
npm,flame-vali,2022-06-15
npm,discord.js-selbotderank,2023-12-28
npm,wlwz-2312-8201,2024-01-24
npm,revshell,2022-07-21
npm,f1pen,2022-08-19
npm,one-host-page-title-management,2023-11-21
npm,deneuve-package-ok,2022-06-20
npm,akshansh-jaiswal-ctf-security,2024-01-07
npm,jsase64,2022-08-19
npm,wlwz-2312-6506,2024-01-24
npm,icepond,2022-06-08
npm,pathkit-local,2023-09-16
npm,proton-super-package,2022-06-20
npm,free-fire-diamonsd-hakc-2022,2022-06-20
npm,suncorp-styleguide-react-components,2023-05-05
npm,paypal-rest-sample,2022-05-18
npm,meteor-uploadcare-widget-demo,2023-04-12
npm,express-http-geobase,2023-01-30
npm,wlwz-2312-4407,2024-01-24
npm,oxapi-documentations-build-script,2022-06-20
npm,wm-xpath-utils,2022-06-20
npm,fca-abdulla-api,2023-09-19
npm,paypal-express,2022-06-20
npm,api-microsoft,2022-06-20
npm,archive-typ,2022-08-19
npm,4keylpress,2022-08-19
npm,speedtestbom,2023-01-18
npm,dosdep,2022-06-20
npm,ezdklvixgmnfjphu,2022-07-11
npm,audi-feature-services,2022-06-20
npm,coupa-common-js,2022-06-20
npm,storage-internal-avro,2022-06-20
npm,ucdpnsikykeohvmb,2022-07-11
npm,buffer-refresh,2022-06-20
npm,wlwz-2312-2704,2024-01-24
npm,discord-selfbot-v13,2024-01-17
npm,webb3,2022-08-19
npm,lw-woo-gdpr-user-optins,2022-06-20
npm,npm-cli-docs,2022-06-20
npm,freekws-devportal-api-client-nestjs,2022-08-22
npm,pflgydevkbxamquw,2022-07-11
npm,@13tv/fetlife-assets,2022-06-20
npm,saaaaaaaaaaaaaaaaaaaaaaa,2023-08-07
npm,web3tool-eth,2023-09-11
npm,wlwz-2312-0605,2024-01-24
npm,nequi-api-utils,2023-08-28
npm,@relap/kit,2022-06-20
npm,dns-watcher-frontend,2022-06-20
npm,twentytwenty,2023-08-27
npm,hxgenjs,2022-06-20
npm,greensock-js,2022-06-20
npm,colors-helper,2022-06-20
npm,@n9xcnr5test/n9xcnr5,2023-08-05
npm,mxuaubyyc,2022-08-18
npm,eth-brownie,2022-06-20
npm,emonnn-test,2023-09-01
npm,@rezserver/fetlife-assets,2022-06-20
npm,teller-protocol,2022-06-20
npm,cms-flypage-components,2023-11-06
npm,sanitize-figlgname,2022-08-19
npm,free-fortnite-skins-2022-free-fornite-skins-genertor-2022,2022-06-20
npm,twelvedata-adapter,2022-06-20
npm,zomato-ui,2022-06-13
npm,ota-analyzer,2022-06-20
npm,megaman0072,2022-06-20
npm,eodhistoricaldata-adapter,2022-06-20
npm,internallib_v184,2022-09-13
npm,commandlib,2024-03-26
npm,calc_m4nr0eonhd,2022-06-20
npm,reflowlist,2022-06-20
npm,startrek-client,2023-01-30
npm,grunt-backbone-typescript-accessor-generator,2022-06-20
npm,wlwz-2312-8005,2024-01-24
npm,rbsove,2022-08-19
npm,pgrcizmyxjbefkut,2022-07-11
npm,azure-keyvault-secrets-ts,2022-06-20
npm,pingheretoo,2022-06-20
npm,google-auth-library-nodejs,2022-09-07
npm,weather-power-up,2022-06-20
npm,rodashe,2023-09-18
npm,cro-staking,2022-06-20
npm,frogsui,2022-07-05
npm,bfx-facs-places-google,2022-06-20
npm,bob-app-core,2022-06-20
npm,azure-core-rest-pipeline,2022-06-20
npm,hessskinchecker,2024-03-24
npm,river-of-love-audiobook-the-bradens-at-peaceful-harbor-3-the-bradens-15-love-in-bloom-34-by-melissa-,2023-05-10
npm,skyscanner.github.io,2022-07-08
npm,azure-arm-peering-samples-ts,2022-06-20
npm,wm-prelib-builder,2022-06-20
npm,azure-arm-mixedreality-samples-js,2022-06-20
npm,discord.js-gothic,2024-01-23
npm,bancmxqetuhvglwd,2022-07-11
npm,adroit-f0-components,2022-05-16
npm,sfdc-title-util,2022-06-20
npm,wlwz-2312-4603,2024-01-24
npm,usaa-accessible-text,2022-06-20
npm,usaa-url-manager,2022-06-20
npm,pm-web-mapp-shared,2022-05-31
npm,emonn-test,2023-08-31
npm,soheb,2022-06-20
npm,raygun.status,2022-06-20
npm,storage-file-datalake,2022-06-20
npm,storage-image-processing-api-functions,2022-06-14
npm,playhq_net_jwplayer,2022-06-20
npm,@manomano-internal/mf-seller-xp-commons-objects,2023-08-31
npm,@manomano-internal/mf-seller-xp-commons-error-handlers,2023-08-31
npm,@manomano-internal/toolbox-pkg-components,2023-08-31
npm,@manomano-internal/mf-seller-xp-commons-module-scanner,2023-08-31
npm,cloud-message-sdks,2023-09-12
npm,dn-dev-env,2022-06-20
npm,vader-pack,2023-11-09
npm,enzyme-kovan,2022-06-20
npm,argo-hosting-api,2022-05-31
npm,@navyfederal/fetlife-assets,2022-06-20
npm,cyclotron-svc,2023-05-09
npm,hdgktiuoszpelaxq,2022-07-11
npm,@umpirsky/country-list,2022-06-20
npm,ss-loaoer,2022-08-19
npm,wlwz-2312-6702,2024-01-24
npm,microsites-ui-hudsons-bay-french,2022-06-20
npm,aws-centralized-waf-and-vpc-security-group-management,2022-06-20
npm,calc_sbqwv1qkzg,2022-06-20
npm,@uniswapv3/mempool,2022-10-25
npm,djs-colors-v14,2024-02-20
npm,identity-management,2023-07-14
npm,loadassh,2022-05-16
npm,lexicaltext,2023-05-15
npm,html.sortable,2023-06-16
npm,airbnb-geetest3,2022-06-20
npm,xsollacommercesdk,2023-11-05
npm,sbb-angular,2022-06-20
npm,wlwz-2312-0401,2024-01-24
npm,gulp-filste5,2022-08-19
npm,xrprovider,2022-06-20
npm,chrome-ssh-agent,2022-09-07
npm,vscode-clangd,2022-09-07
npm,zustand-rc.1,2023-08-13
npm,testing-dummy,2023-03-29
npm,clpiboard,2022-08-19
npm,ember-cli-progress-ci,2024-01-07
npm,green-color,2022-07-05
npm,wlwz-2312-2500,2024-01-24
npm,scalable-form-system,2022-06-20
npm,fc-style,2023-06-06
npm,devcenter-internal-stable,2023-03-15
npm,moneytree,2022-06-20
npm,helium-pgbouncer,2022-06-20
npm,iris-front-test-utils,2024-02-09
npm,glip-integration-trello,2022-06-20
npm,npm_package_devdependencies__types_jest,2023-12-01
npm,zendesk-editor,2022-06-20
npm,ac-event-emitter,2022-06-20
npm,web-configs,2022-06-20
npm,lorawan-devices,2022-06-20
npm,vpc-stack-with-issues,2022-06-10
npm,test-guro,2023-01-09
npm,@ms-atlas-module/datastudio-datafactory,2023-07-25
npm,dark-warriors-promise-the-children-of-the-gods-8-by-it-lucas-on-audible-new-edition-,2023-05-10
npm,fca-horizon-mod,2023-01-30
npm,azure-arm-visualstudio-samples-js-beta,2022-06-20
npm,wlwz-2312-8002,2024-01-24
npm,emails-helper,2023-08-25
npm,chrome-extension-message-relay,2023-01-10
npm,grunt-heremaps-build,2023-04-25
npm,fp-aanvragen-bankrekening,2023-06-06
npm,api-unauthed,2022-06-20
npm,usamaturk1,2023-02-09
npm,ing-orange-corporatekey-password-authentication,2022-08-03
npm,pratikyadavsm1,2022-06-20
npm,redox-demo-app,2023-07-14
npm,docvieweditorsicon,2022-06-20
npm,fca-sumi,2023-03-07
npm,isntal,2022-06-20
npm,@wellsfargo/fetlife-assets,2022-06-20
npm,fca-sang-dev,2023-02-28
npm,yncrquest,2022-08-19
npm,discord.js-selfbot-dmallfriend-v13,2023-12-28
npm,olx-hubot,2022-06-02
npm,idme,2023-11-01
npm,axp-utility-belt,2022-05-19
npm,@primeo/notifier,2022-06-20
npm,@primeo/translate,2022-06-20
npm,@primeo/shell,2022-06-20
npm,@primeo/platform,2022-06-20
npm,@primeo/scs-compiler,2022-06-20
npm,@primeo/components,2022-06-20
npm,@primeo/loading-spinner,2022-06-20
npm,@primeo/common,2022-06-20
npm,@primeo/layouts,2022-06-20
npm,@primeo/address,2022-06-20
npm,@primeo/page-info,2022-06-20
npm,@primeo/authentication,2022-06-20
npm,@primeo/analytics,2022-06-20
npm,wlwz-2312-6508,2024-01-24
npm,bumblogger,2022-06-22
npm,fca-supportbot,2023-08-24
npm,square-apple-package,2023-08-14
npm,@klapp-shopping-search-v2/data-types-public,2023-11-07
npm,nodenotiier,2022-08-19
npm,nucleus-integration-js-dessert,2022-06-20
npm,wlwz-2312-2507,2024-01-24
npm,uber-rv-web-common,2024-02-19
npm,ask-archie-shared,2022-06-20
npm,mux-spaces-broadcast-layouts,2023-11-05
npm,dco-bot,2022-06-20
npm,yelp-react-component-ynra,2022-06-20
npm,sp-messaging-core,2022-06-20
npm,soudl,2022-08-19
npm,test-package-dependencyconfusion,2022-12-05
npm,umqvjsxdkchroifn,2022-07-11
npm,purple_team_midway_cenario_2,2022-06-30
npm,table-dev-app,2022-06-20
npm,ws-gp-security-action,2022-06-20
npm,npm-maven-adapter,2022-06-20
npm,wlwz-2312-0406,2024-01-24
npm,forktscheckerwebpajwkplugi,2022-08-19
npm,audit-pricing,2022-06-20
npm,hardhat-web3-deploy,2023-03-01
npm,app-next-example-plugin,2023-12-16
npm,gothic-token,2024-01-23
npm,nginxconfig.io,2022-05-31
npm,mfp-test-repo,2023-09-16
npm,kubernetes-ui,2022-06-13
npm,shakt-pkg-ss,2022-06-20
npm,wlwz-2312-6705,2024-01-24
npm,internal_pk_for_ss,2022-06-20
npm,ext-frontend-identity,2023-11-15
npm,core-http-compat,2022-06-20
npm,eslint-plugin-pan,2022-05-31
npm,wdpr-device-detection,2024-01-14
npm,mongobd,2022-08-19
npm,nodejs-driver,2022-06-20
npm,wlwz-2312-4604,2024-01-24
npm,insight-website,2022-06-20
npm,netlify-swag,2022-06-20
npm,calc_9lmhs75x86,2022-06-20
npm,jtpnpresolver,2022-08-19
npm,matic-protocol,2022-06-20
npm,prsotobufs,2022-08-19
npm,scbe,2023-07-19
npm,media-types-service-tracing,2022-06-20
npm,anypoint-component-site,2022-08-19
npm,f-amnotacat,2022-06-20
npm,wlwz-2312,2024-01-24
npm,kleros-escrow,2022-06-20
npm,stargate-docs,2022-06-20
npm,iwnsoc,2022-08-19
npm,www.malwarebytes.com,2022-06-20
