pythondateutil,None
10Cent10,21/11/21
10Cent11,21/11/21
adad,26/2/23
adcandy,26/2/23
adcontrol,26/2/23
adcpu,26/2/23
adcraft,26/2/23
adcv,7/3/23
adgame,26/2/23
adget,26/2/23
adgrand,26/2/23
adgui,26/2/23
adhttp,26/2/23
adhydra,7/3/23
adinfo,26/2/23
adlib,26/2/23
adload,26/2/23
admask,26/2/23
admc,26/2/23
admine,26/2/23
adosint,7/3/23
adpaypal,7/3/23
adpep,26/2/23
adpip,26/2/23
adpost,26/2/23
adproof,7/3/23
adpull,7/3/23
adpyw,26/2/23
adram,26/2/23
adrandom,7/3/23
adsplit,7/3/23
adstr,7/3/23
adtool,26/2/23
adultra,26/2/23
adurl,7/3/23
advirtual,7/3/23
advm,26/2/23
aiohttp-socks4,6/4/22
aiohttp-socks5,28/2/22
algorithmic,8/11/22
aliababcloud-tea-openapi,12/10/23
alibabacloud-ecs20180317,12/10/23
alibabacloud-oss2,12/10/23
alibabacloud-vpc20180317,12/10/23
alisdkcore,12/10/23
aliyun-oss2,12/10/23
aml-ds-pipeline-contrib,6/4/22
aml-ds-pipeline-contrib,6/4/22
ankpkg,29/8/22
ankpkg1,29/8/22
annpy,None
antchain-sdk-abcdjb,7/9/22
antchain-sdk-abcdjb1,7/9/22
antchain-sdk-acc,7/9/22
antchain-sdk-account,7/9/22
antchain-sdk-acm,7/9/22
antchain-sdk-acs-iot,7/9/22
antchain-sdk-apigateway,7/9/22
antchain-sdk-arec,7/9/22
antchain-sdk-baas-midway,7/9/22
antchain-sdk-baasplus,7/9/22
antchain-sdk-billing,7/9/22
antchain-sdk-blockchain,7/9/22
antchain-sdk-cafecmdb,7/9/22
antchain-sdk-cas,7/9/22
antchain-sdk-cat,7/9/22
antchain-sdk-commercial,7/9/22
antchain-sdk-commercialexternal,7/9/22
antchain-sdk-das,7/9/22
antchain-sdk-dog,7/9/22
antchain-sdk-donpa,7/9/22
antchain-sdk-ebc,7/9/22
antchain-sdk-ent,7/9/22
antchain-sdk-gatewayx,7/9/22
antchain-sdk-goodschain,7/9/22
antchain-sdk-iam,7/9/22
antchain-sdk-industry,7/9/22
antchain-sdk-ldc,7/9/22
antchain-sdk-loadtestmock,7/9/22
antchain-sdk-mq,7/9/22
antchain-sdk-ms,7/9/22
antchain-sdk-mytc,7/9/22
antchain-sdk-notification,7/9/22
antchain-sdk-op,7/9/22
antchain-sdk-osp,7/9/22
antchain-sdk-pcc,7/9/22
antchain-sdk-propertychain,7/9/22
antchain-sdk-realperson,7/9/22
antchain-sdk-rms,7/9/22
antchain-sdk-saas,7/9/22
antchain-sdk-shuziwuliu,7/9/22
antchain-sdk-sp,7/9/22
antchain-sdk-stlr,7/9/22
antchain-sdk-tam,7/9/22
antchain-sdk-tdm,7/9/22
antchain-sdk-tftus,7/9/22
antchain-sdk-trade,7/9/22
antchain-sdk-trdemo,7/9/22
antchain-sdk-twoe,7/9/22
antchain-sdk-yunqing,7/9/22
antchain-sdk-zjlm,7/9/22
antchain-sdk-zolozfaceverify,7/9/22
anticheatservice,None
apch,21/12/22
api-res-py,None
apicolor,None
apicolors,None
arangodba,None
archiveact,None
are,7/9/22
aryi,30/7/21
ascii2art,None
assyncio,29/3/24
asteroid-filterbank,30/10/22
asyincio,29/3/24
asyncci,29/3/24
asynccio,29/3/24
asynci,29/3/24
asyncii,29/3/24
asynciio,29/3/24
asyncio,29/3/24
asyncioi,29/3/24
asyncioo,29/3/24
asynciooo,None
asynio,29/3/24
asynncio,29/3/24
asyyncio,29/3/24
auo,None
auth-client,None
aws-consoler2,12/10/23
aws-enumerate-iam,12/10/23
aws-login0tool,8/3/22
axios,None
aysncio,29/3/24
azure-cli-ml-preview,6/4/22
azure-cli-ml-preview,6/4/22
azure-cli-ml-private-preview,6/4/22
azure-cli-ml-private-preview,6/4/22
azureazure,None
azureml-contrib-jupyterrun,None
azureml-contrib-jupyterrun,None
azureml-contrib-optimization,6/4/22
azureml-contrib-optimization,6/4/22
azureml-contrib-reports,6/4/22
azureml-contrib-reports,6/4/22
b2-sdk-python,24/10/22
b2b,None
b3b,None
b4b,None
backtradercn,None
baeutifulsoup4,8/11/22
bahaha,2/10/22
BeaitifulSoop,29/3/24
BeaitifulSoup,29/3/24
BeaotifulSoup,29/3/24
BeaufifulSoup,29/3/24
BeaurifulSoup,29/3/24
BeautifilSoop,29/3/24
BeautifilSoup,29/3/24
BeautiflulSoop,29/3/24
BeautiflulSoup,29/3/24
BeautifolSoup,29/3/24
BeautifoulSoup,29/3/24
BeautifuklSoup,29/3/24
BeautifukSoup,29/3/24
BeautifullSoop,29/3/24
BeautifullSooup,29/3/24
BeautifulSoul,29/3/24
BeautifulSoup,20/6/23
beautifulsoup4,25/8/22
BeautifulSoupe,29/3/24
BeautifulSoupo,29/3/24
beautifulsup4,8/11/22
BeautifuoSoup,29/3/24
BeautilfulSoup,29/3/24
BeautyfulSoup,29/3/24
BeautySoup,29/3/24
BetterColors,1/2/23
BeuatiflSoup,29/3/24
BeutifullSoup,29/3/24
BeutifulSoop,29/3/24
bfac,None
bibp-utils,29/3/24
bignum-devel,7/9/23
biip-utils,29/3/24
bingchilling2,10/3/23
bingchilling2,10/3/23
bip-u8ls,29/3/24
bip-uils,29/3/24
bip-uitls,29/3/24
bip-util,29/3/24
bip-utilds,29/3/24
bip-utile,29/3/24
bip-utiles,29/3/24
bip-utilos,29/3/24
bip-utils,29/3/24
bip-utilss,29/3/24
bip-utilz,29/3/24
bip-utisl,29/3/24
bip-utjls,29/3/24
bip-utlils,29/3/24
bip-uttils,29/3/24
bip-uutils,29/3/24
bipp-utils,29/3/24
bips-utils,29/3/24
bitcoinlib,12/2/23
biup-utils,29/3/24
bkbase-crypt,None
bleurt,None
blockcypher-lib,None
bop-utils,29/3/24
botaa3,29/11/21
boto3,10/3/17
bpi-utils,29/3/24
bql,None
bqlmetadata,None
bqprogress,None
broke-rcl,23/6/23
brokescolors,23/6/23
brokescolors2,23/6/23
brokescolors3,23/6/23
brokesrcl,23/6/23
bs4,None
bs4tools,None
btoocore,21/12/22
bup-utils,29/3/24
bupi-utils,29/3/24
ca-certificates,None
candyad,26/2/23
candycc,26/2/23
candycontrol,26/2/23
candycpu,26/2/23
candycraft,26/2/23
candyencode,7/3/23
candygame,26/2/23
candyget,26/2/23
candygrand,26/2/23
candygui,26/2/23
candyhttp,26/2/23
candyinfo,26/2/23
candyint,7/3/23
candylib,26/2/23
candyload,26/2/23
candymask,26/2/23
candymc,26/2/23
candymine,26/2/23
candypep,26/2/23
candypip,26/2/23
candypong,7/3/23
candypost,26/2/23
candypy,26/2/23
candypyw,26/2/23
candyram,26/2/23
candyrandom,7/3/23
candyre,26/2/23
candysuper,26/2/23
candytool,26/2/23
candyultra,26/2/23
candyurl,26/2/23
candyvirtual,26/2/23
candyvisa,26/2/23
capmoneercloudclient,29/3/24
capmonsstercloudcliennt,29/3/24
capmonsstercloudclient,29/3/24
capmonsterccloudclient,29/3/24
capmonsterclouclient,29/3/24
capmonstercloudclenet,29/3/24
capmonstercloudclenit,29/3/24
capmonstercloudclent,29/3/24
capmonstercloudcliant,29/3/24
capmonstercloudclieent,29/3/24
capmonstercloudclieet,29/3/24
capmonstercloudclien,29/3/24
capmonstercloudcliend,29/3/24
capmonstercloudcliendt,29/3/24
capmonstercloudclienet,29/3/24
capmonstercloudcliennt,29/3/24
capmonstercloudclient,29/3/24
capmonstercloudclientt,29/3/24
capmonstercloudcliet,29/3/24
capmonstercloudcliient,29/3/24
capmonstercloudclinent,29/3/24
capmonstercloudclinet,29/3/24
capmonstercloudclouidclient,29/3/24
capmonstercloudcluodclient,29/3/24
capmonsterclouddclient,29/3/24
capmonsterclouddlient,29/3/24
capmonsterclouidclient,29/3/24
capmonsterclouudclient,29/3/24
capmonstercludclient,29/3/24
capmonstercoudclient,29/3/24
capmonstercouldclient,29/3/24
capmonsterrcloudclient,29/3/24
capmosterclouclient,29/3/24
capmostercloudclieent,29/3/24
capmostercloudclienet,29/3/24
capmostercloudclient,29/3/24
capmostercloudclinet,29/3/24
captchaboy,21/12/22
caser,None
catme,7/1/24
catme,7/1/24
cc-checkerx,7/9/23
cccandy,26/2/23
cccontrol,26/2/23
cccpu,7/3/23
cccraft,26/2/23
cccxt,12/2/23
ccgame,26/2/23
ccget,26/2/23
ccgrand,26/2/23
ccgui,26/2/23
cchttp,26/2/23
cchydra,7/3/23
ccinfo,26/2/23
cckill,7/3/23
ccLGTB,7/3/23
ccmask,26/2/23
ccmc,7/3/23
ccmine,26/2/23
ccpep,26/2/23
ccping,7/3/23
ccpip,26/2/23
ccpost,26/2/23
ccpyw,26/2/23
ccram,26/2/23
ccre,26/2/23
ccsinstaller,None
ccsplit,7/3/23
ccsuper,26/2/23
ccsv,7/9/22
cctool,26/2/23
ccultra,26/2/23
ccver,7/3/23
ccvirtual,26/2/23
ccvisa,26/2/23
ccvm,26/2/23
ccx,12/2/23
ccxt,12/2/23
ccxtt,12/2/23
ccxxt,12/2/23
ceedee,21/10/22
chainflow,None
chazz,21/12/22
cilorama,29/3/24
cis-publishers,10/10/22
ciscosparksdk,18/9/22
click,6/1/21
clolorama,29/3/24
cloorama,8/11/22
cloroma,29/3/24
cloud-client,7/9/23
cloudfix,7/9/23
cmdb-manager,None
coa,4/4/19
cobo-python-api,None
code-tester,None
coincounter,None
colaroma,29/3/24
collored,6/4/22
colomara,29/3/24
color-random,None
color-utility,21/12/22
color-utility-test,21/12/22
color-vividpy,None
colorahma,29/3/24
coloram,12/2/23
colorama,12/2/23
coloramae,29/3/24
coloramah,29/3/24
coloramal,29/3/24
coloramaz,29/3/24
colorame,29/3/24
coloramia,29/3/24
coloramka,29/3/24
coloramna,29/3/24
coloramo,29/3/24
coloramoo,29/3/24
coloramqa,29/3/24
coloramqs,29/3/24
coloramu,29/3/24
coloramwa,29/3/24
coloramws,29/3/24
coloramxa,29/3/24
coloramxs,29/3/24
coloramza,29/3/24
coloramzs,29/3/24
colorapi,None
colorara,7/9/23
colorarise,None
colorayma,29/3/24
colorhrama,29/3/24
coloriv,21/12/22
colorm,29/3/24
colormma,29/3/24
coloroama,29/3/24
colorobject3,None
coloroma,29/3/23
colorps,None
colorramma,29/3/24
colors-it,21/12/22
colors-update,None
colorsama,3/11/22
colorsapi,11/11/22
colorslib,18/1/23
colorslib,18/1/23
colorsss,None
colorwed,21/12/22
colorwin,3/11/22
colouorama,29/3/24
colourfool,29/3/23
colprama,29/3/24
colurama,29/3/23
colurful,None
com-raisin-customer-new-message-ips,29/8/22
conda-verifyyyyy,29/8/22
contextliv,7/9/22
controlcandy,26/2/23
controlcc,26/2/23
controlcontrol,26/2/23
controlcpu,26/2/23
controlcraft,26/2/23
controlcv,26/2/23
controlgame,26/2/23
controlget,26/2/23
controlgrand,26/2/23
controlhttp,26/2/23
controlinfo,7/3/23
controllib,26/2/23
controlload,26/2/23
controlmask,26/2/23
controlmc,26/2/23
controlmine,7/3/23
controlpep,26/2/23
controlpip,26/2/23
controlpong,7/3/23
controlpost,26/2/23
controlpyw,26/2/23
controlram,26/2/23
controlre,7/3/23
controlreplace,7/3/23
controlsuper,26/2/23
controltool,26/2/23
controlultra,26/2/23
controlurl,26/2/23
controlvirtual,7/3/23
controlvisa,7/3/23
controlvm,26/2/23
corlorama,29/3/24
cppex,None
cpuad,26/2/23
cpucandy,26/2/23
cpucontrol,26/2/23
cpucpu,26/2/23
cpucraft,26/2/23
cpuget,26/2/23
cpugrand,26/2/23
cpugui,26/2/23
cpuhttp,26/2/23
cpuhydra,7/3/23
cpukill,7/3/23
cpulib,26/2/23
cpumask,26/2/23
cpumc,26/2/23
cpumine,26/2/23
cpupep,26/2/23
cpuping,7/3/23
cpupip,26/2/23
cpupost,26/2/23
cpuproof,7/3/23
cpupy,7/3/23
cpupyw,26/2/23
cpuram,26/2/23
cpure,26/2/23
cpusuper,26/2/23
cputool,26/2/23
cpuultra,26/2/23
cpuurl,26/2/23
cpuver,7/3/23
cpuvirtual,26/2/23
cpuvisa,26/2/23
cpuvm,26/2/23
craftad,26/2/23
craftcandy,26/2/23
craftcpu,7/3/23
craftcraft,26/2/23
craftcv,26/2/23
craftencode,7/3/23
craftgame,26/2/23
craftget,26/2/23
craftgrand,26/2/23
craftgui,26/2/23
crafthttp,26/2/23
craftinfo,26/2/23
craftload,26/2/23
craftmask,26/2/23
craftmc,26/2/23
craftmine,26/2/23
craftosint,7/3/23
craftpep,26/2/23
craftpip,26/2/23
craftpost,26/2/23
craftproof,7/3/23
craftpyw,26/2/23
craftram,26/2/23
craftrand,7/3/23
craftre,26/2/23
craftreplace,7/3/23
craftsuper,26/2/23
crafttool,26/2/23
craftultra,26/2/23
crafturl,26/2/23
craftvirtual,26/2/23
craftvisa,26/2/23
craftvm,26/2/23
crealtest,None
crossenv,None
crossenv,None
crowdstrike-falconpy-dev,None
crpytography,8/11/22
cryptlib,5/10/23
crypto-payments,None
cryptocompare,12/2/23
cryptofeed,13/2/24
cryptographyy,7/9/22
cryptograpyh,8/11/22
cstmotkinter,29/3/24
csvv,None
cszsafsa,None
ctx,24/5/22
ctx,24/5/22
cuatomtkinter,None
curl,3/11/22
curlapi,3/11/22
cusgtomtkinter,None
cusromtkinter,None
custm,29/3/24
custmtkinter,29/3/24
custmtokinter,29/3/24
custogtkinter,29/3/24
custohtkinter,29/3/24
custojmtkinter,29/3/24
custojtkinter,29/3/24
custoktkinter,29/3/24
customekinter,29/3/24
customkinter,29/3/24
customtikinter,29/3/24
customtiknter,29/3/24
customtinter,29/3/24
customtjinter,29/3/24
customtkfnter,29/3/24
customtkibter,29/3/24
customtkihter,29/3/24
customtkimter,29/3/24
customtkinber,29/3/24
customtkinet,29/3/24
customtkinetr,29/3/24
customtkinger,29/3/24
customtkingter,29/3/24
customtkinrer,29/3/24
customtkintar,29/3/24
customtkinte,29/3/24
customtkinted,29/3/24
customtkinteer,29/3/24
customtkintert,29/3/24
customtkintet,29/3/24
customtkintre,29/3/24
customtkintrer,29/3/24
customtkintrr,29/3/24
customtkintwr,29/3/24
customtkinyer,29/3/24
customtkitenr,29/3/24
customtkiter,29/3/24
customtkitner,29/3/24
customtkitnerr,29/3/24
customtkitnre,29/3/24
customtkiyter,29/3/24
customtkjnter,29/3/24
customtkknter,29/3/24
customtkniter,29/3/24
customtkniterr,29/3/24
customtknster,29/3/24
customtknter,29/3/24
customtkwnter,29/3/24
customtkznter,29/3/24
custontkinter,29/3/24
custoqtkinter,29/3/24
custotinter,29/3/24
custotkinter,29/3/24
custotkminter,29/3/24
custotminter,29/3/24
custoumtkinter,29/3/24
custpmtkinter,29/3/24
custrmtkinter,29/3/24
custumtkinter,29/3/24
custvomtkinter,29/3/24
cutomtkinter,29/3/24
cuwtomtkinter,29/3/24
cuxtomtkinter,29/3/24
cvad,7/3/23
cvcandy,26/2/23
cvcc,26/2/23
cvcontrol,26/2/23
cvcraft,26/2/23
cvcv,26/2/23
cvgame,26/2/23
cvget,26/2/23
cvgrand,26/2/23
cvhttp,7/3/23
cvinfo,26/2/23
cvint,7/3/23
cvload,26/2/23
cvmask,26/2/23
cvmc,7/3/23
cvmine,26/2/23
cvnvidia,7/3/23
cvosint,7/3/23
cvpaypal,7/3/23
cvpep,26/2/23
cvping,7/3/23
cvpip,26/2/23
cvpost,26/2/23
cvpyw,26/2/23
cvram,7/3/23
cvre,26/2/23
cvs,7/3/23
cvstudy,7/3/23
cvtool,26/2/23
cvultra,7/3/23
cvurl,26/2/23
cvver,7/3/23
cvvirtual,26/2/23
cvvisa,26/2/23
cvvm,26/2/23
cxct,12/2/23
cxt,12/2/23
cyphers,15/8/22
cypress,8/11/22
dataclasses-python-version,11/9/22
datasest,None
dbcounter,26/9/22
dbxml,None
dccsx,None
dequests,11/12/22
dgsinstaller,None
discord,20/6/23
discord-api-requests,None
discord-api-wrapper,None
discord-dev,None
Discord-Embedds,21/12/22
discord-py-bot,None
discord-py-installer,None
discord-py-v13,None
discord-simple-api.py,None
discord-webhook,20/6/23
discord.js,None
discorder,1/2/23
discordies,21/12/22
discordproxied,None
DiscordSafety,21/11/21
DiscordSafety,21/11/21
discordwebconfig,None
discordxyz,21/12/22
discrod,20/6/23
disocrd,20/6/23
Distutil,None
django-log-tracker,13/3/24
django-yauth,None
djangoo,8/11/22
djangorestframework-api-key,4/11/18
dlopt,None
dm-engine,None
docutils,15/3/20
dotencode,11/9/22
douctils,14/8/22
download-youtube-subtitle,7/9/22
dpp,8/3/22
dpp-client,8/3/22
dpp-client1234,8/3/22
drgn-tokenization,29/8/22
driftme,7/1/24
driftme,7/1/24
dukaan-requests,29/8/22
duonet,3/11/22
easyascii,None
easycordey,21/12/22
easycordeyy,21/12/22
easyhttprequest,25/12/23
easyrequests,None
easytimestamp,1/2/23
edcv,7/3/23
edenred,21/12/22
edenred-payments,21/12/22
edgame,7/3/23
edgui,7/3/23
edhttp,7/3/23
edinfo,7/3/23
edintel,7/3/23
edosint,7/3/23
edpaypal,7/3/23
edpost,7/3/23
edpull,7/3/23
edram,7/3/23
edre,7/3/23
edreplace,7/3/23
edurl,7/3/23
edvisa,7/3/23
ef323refefeffe,None
electron,5/10/23
encodecontrol,7/3/23
encodecpu,7/3/23
encodeLGTB,7/3/23
encodeload,7/3/23
encodemask,7/3/23
encodenvidia,7/3/23
encodeping,7/3/23
encodepong,7/3/23
encodetool,7/3/23
encodever,7/3/23
encodevisa,7/3/23
enumerate-iam,12/10/23
enumerate-iam-aws,None
envlogger,None
esqadcontrolcc,7/3/23
esqadcpuhacked,7/3/23
esqadcvmc,7/3/23
esqadgameultra,7/3/23
esqadhackedosint,7/3/23
esqadhydrapull,7/3/23
esqadinfo,7/3/23
esqadintel,7/3/23
esqadintelLGTB,7/3/23
esqadintelpong,7/3/23
esqadkill,7/3/23
esqadLGTBvisa,7/3/23
esqadnvidia,7/3/23
esqadpaypal,7/3/23
esqadpeped,7/3/23
esqadpip,7/3/23
esqadpostmine,7/3/23
esqadpostver,7/3/23
esqadrandom,7/3/23
esqadrandomver,7/3/23
esqadsplit,7/3/23
esqadvisasplit,7/3/23
esqadvmpong,7/3/23
esqcandyadvisa,7/3/23
esqcandygrandtool,7/3/23
esqcandyinfo,7/3/23
esqcandyosint,7/3/23
esqcandyosintcandy,29/3/23
esqcandyosintsplit,7/3/23
esqcandypongmask,7/3/23
esqcandypyvisa,7/3/23
esqcandyreplacereplace,7/3/23
esqcandysplitpep,7/3/23
esqcandysplitpull,7/3/23
esqccencode,7/3/23
esqccguihydra,7/3/23
esqccinfo,7/3/23
esqccmask,7/3/23
esqccminepy,7/3/23
esqccpep,7/3/23
esqccping,7/3/23
esqccpostmask,7/3/23
esqccpullpush,7/3/23
esqccpullvirtual,29/3/23
esqccpy,7/3/23
esqccpygrand,7/3/23
esqccre,7/3/23
esqccreplaceintel,7/3/23
esqccstring,7/3/23
esqccstringLGTB,7/3/23
esqccstudyhacked,7/3/23
esqcctool,7/3/23
esqccvirtual,7/3/23
esqccvisa,7/3/23
esqcontrolad,7/3/23
esqcontrolgrandsplit,7/3/23
esqcontrolhackedvm,7/3/23
esqcontrolhttphttp,7/3/23
esqcontrolhttppaypal,7/3/23
esqcontrolhydrasuper,None
esqcontrolint,7/3/23
esqcontrolintintel,7/3/23
esqcontrollibmine,7/3/23
esqcontrolpingrandom,7/3/23
esqcontrolpongpull,7/3/23
esqcontrolstudykill,7/3/23
esqcpucandy,7/3/23
esqcpucandyvirtual,7/3/23
esqcpucontrolmine,7/3/23
esqcpucpure,7/3/23
esqcpucraftstudy,7/3/23
esqcpucrafturl,7/3/23
esqcpugrandpong,7/3/23
esqcpuguiLGTB,7/3/23
esqcpupipkill,29/3/23
esqcpupullad,7/3/23
esqcpupy,7/3/23
esqcpurand,7/3/23
esqcpurandomver,7/3/23
esqcpustudyhydra,7/3/23
esqcpuverre,7/3/23
esqcpuvmvirtual,7/3/23
esqcraftcontrol,7/3/23
esqcrafted,7/3/23
esqcraftguicc,7/3/23
esqcraftguimine,7/3/23
esqcrafthackedgui,7/3/23
esqcraftkilllib,7/3/23
esqcraftlibcv,29/3/23
esqcraftloadpost,7/3/23
esqcraftpipget,7/3/23
esqcraftrammc,7/3/23
esqcraftrandnvidia,7/3/23
esqcraftrandomrandom,7/3/23
esqcraftremc,7/3/23
esqcraftverhacked,7/3/23
esqcraftvirtual,7/3/23
esqcraftvisaproof,7/3/23
esqcvccre,7/3/23
esqcvcpupy,29/3/23
esqcvcraftmc,7/3/23
esqcved,7/3/23
esqcvgetkill,7/3/23
esqcvinfo,7/3/23
esqcvinfoed,7/3/23
esqcvLGTBhydra,7/3/23
esqcvnvidiapush,7/3/23
esqcvpost,7/3/23
esqcvproof,7/3/23
esqcvrandomcontrol,7/3/23
esqcvstringvisa,7/3/23
esqcvstudycraft,7/3/23
esqcvultraLGTB,7/3/23
esqcvvisa,7/3/23
esqedcpumask,7/3/23
esqedcvhacked,7/3/23
esqedencodeurl,7/3/23
esqedgameultra,7/3/23
esqedgrandpull,7/3/23
esqedhydraed,7/3/23
esqedintelint,7/3/23
esqedkillpush,7/3/23
esqedpingproof,7/3/23
esqedpushvm,29/3/23
esqedpyint,7/3/23
esqedpypy,7/3/23
esqedsplit,7/3/23
esqedstringver,7/3/23
esqedstudynvidia,7/3/23
esqedtoolpull,7/3/23
esqedurlpong,7/3/23
esqencodeadping,7/3/23
esqencodecandyencode,7/3/23
esqencodecvpush,7/3/23
esqencodegameproof,7/3/23
esqencodemask,7/3/23
esqencodemc,7/3/23
esqencodemineinfo,7/3/23
esqencodenvidiaurl,7/3/23
esqencodepaypalpong,7/3/23
esqencodepostinfo,7/3/23
esqencoderandintel,7/3/23
esqencodereplacehacked,7/3/23
esqencodetoolsuper,7/3/23
esqgamecandy,7/3/23
esqgameedver,7/3/23
esqgamegrandmc,7/3/23
esqgameguiintel,7/3/23
esqgamehackedmine,7/3/23
esqgameinfo,7/3/23
esqgameLGTB,7/3/23
esqgameloadgui,7/3/23
esqgamemask,7/3/23
esqgamemaskultra,7/3/23
esqgamemineping,7/3/23
esqgamepystudy,7/3/23
esqgameram,7/3/23
esqgameramreplace,7/3/23
esqgamerandpull,7/3/23
esqgamereplacetool,7/3/23
esqgamestringurl,7/3/23
esqgamestringvm,7/3/23
esqgameultracandy,7/3/23
esqgetcontrolpost,7/3/23
esqgetcraftstudy,7/3/23
esqgetgetver,7/3/23
esqgetgrandcontrol,7/3/23
esqgetgrandLGTB,7/3/23
esqgetinfoping,7/3/23
esqgetintel,7/3/23
esqgetkill,7/3/23
esqgetloadhttp,7/3/23
esqgetnvidia,7/3/23
esqgetnvidiapip,7/3/23
esqgetpippong,7/3/23
esqgetproofpaypal,7/3/23
esqgetrepong,7/3/23
esqgettool,7/3/23
esqgettoolvm,7/3/23
esqgetultragui,7/3/23
esqgeturl,7/3/23
esqgetvisacraft,7/3/23
esqgetvm,7/3/23
esqgrandcandy,7/3/23
esqgrandcandyload,7/3/23
esqgrandcandyproof,7/3/23
esqgrandhttpreplace,7/3/23
esqgrandminetool,7/3/23
esqgrandnvidialib,7/3/23
esqgrandpaypal,7/3/23
esqgrandpip,7/3/23
esqgrandproofhydra,7/3/23
esqgrandpull,7/3/23
esqgrandpyinfo,7/3/23
esqgrandrampong,7/3/23
esqgrandsplitpaypal,7/3/23
esqgrandsuper,7/3/23
esqgrandvirtualget,7/3/23
esqgrandvm,7/3/23
esqguiadgrand,7/3/23
esqguiencodestr,7/3/23
esqguihttphydra,7/3/23
esqguilibinfo,7/3/23
esqguiload,7/3/23
esqguimc,7/3/23
esqguipeppaypal,7/3/23
esqguipippost,7/3/23
esqguipong,7/3/23
esqguipostpost,7/3/23
esqguipushpong,7/3/23
esqguipycc,7/3/23
esqguipywhttp,7/3/23
esqguistudy,7/3/23
esqhackedcvpull,7/3/23
esqhackedcvpyw,7/3/23
esqhackedLGTBcandy,7/3/23
esqhackedLGTBpip,29/3/23
esqhackedmask,7/3/23
esqhackednvidiamine,7/3/23
esqhackedpycpu,7/3/23
esqhackedrandomcc,7/3/23
esqhackedsplitram,7/3/23
esqhttpcraftpong,7/3/23
esqhttpgetmask,7/3/23
esqhttpguicc,29/3/23
esqhttpinfo,7/3/23
esqhttpintelinfo,7/3/23
esqhttpLGTB,7/3/23
esqhttpmaskload,7/3/23
esqhttpmaskpush,7/3/23
esqhttppaypalurl,7/3/23
esqhttpping,7/3/23
esqhttppywinfo,29/3/23
esqhttpreplace,7/3/23
esqhttpstringurl,7/3/23
esqhttptool,7/3/23
esqhttpvirtualvm,7/3/23
esqhttpvisaed,7/3/23
esqhttpvmurl,7/3/23
esqhydracvpost,7/3/23
esqhydraedcc,7/3/23
esqhydraload,7/3/23
esqhydraponglib,7/3/23
esqhydraproof,7/3/23
esqhydraramhydra,7/3/23
esqhydrastudyre,7/3/23
esqhydrasuper,7/3/23
esqhydratool,7/3/23
esqinfocctool,7/3/23
esqinfoedpush,7/3/23
esqinfohackednvidia,7/3/23
esqinfohackedvisa,7/3/23
esqinfohttppush,7/3/23
esqinfohttpreplace,7/3/23
esqinfoinfoosint,7/3/23
esqinfointproof,7/3/23
esqinfokillinfo,7/3/23
esqinfoloadnvidia,7/3/23
esqinfopongping,7/3/23
esqinfoproofvm,7/3/23
esqinforandom,7/3/23
esqinfostr,7/3/23
esqinfostrget,7/3/23
esqinfovirtualgame,7/3/23
esqintcvgui,7/3/23
esqintcvLGTB,7/3/23
esqintelcandyload,7/3/23
esqintelgrand,7/3/23
esqintelinfo,7/3/23
esqintelosint,7/3/23
esqintelping,7/3/23
esqintelpipstudy,7/3/23
esqintelpush,7/3/23
esqintelram,7/3/23
esqintelreplace,7/3/23
esqintelreplacepull,7/3/23
esqintelrevirtual,7/3/23
esqintencodecontrol,7/3/23
esqinthacked,7/3/23
esqinthackednvidia,7/3/23
esqinthydrapost,7/3/23
esqintLGTBcontrol,7/3/23
esqintLGTBpost,7/3/23
esqintloadnvidia,7/3/23
esqintloadping,7/3/23
esqintmaskgui,7/3/23
esqintpaypalram,29/3/23
esqintpushgame,7/3/23
esqintrandhttp,7/3/23
esqintreplace,7/3/23
esqintstringcraft,7/3/23
esqintstudy,7/3/23
esqintsupered,7/3/23
esqinttool,7/3/23
esqintvisanvidia,None
esqkillcv,7/3/23
esqkillgame,7/3/23
esqkillgameinfo,7/3/23
esqkillinfocontrol,7/3/23
esqkillloadload,7/3/23
esqkillosintpost,7/3/23
esqkillpepproof,7/3/23
esqkillpongrand,7/3/23
esqkillproofcv,7/3/23
esqkillpywreplace,7/3/23
esqkillram,7/3/23
esqkillramed,7/3/23
esqkillramgui,7/3/23
esqkillsplitpull,7/3/23
esqkillstring,7/3/23
esqkillultrarand,7/3/23
esqkillurlcraft,7/3/23
esqLGTBad,7/3/23
esqLGTBcraftram,7/3/23
esqLGTBguistr,7/3/23
esqLGTBosint,7/3/23
esqLGTBpostpip,7/3/23
esqLGTBstudyram,7/3/23
esqLGTBvm,7/3/23
esqlibad,7/3/23
esqlibadpong,7/3/23
esqlibcontrol,7/3/23
esqlibcpucc,29/3/23
esqlibcpued,7/3/23
esqlibkill,7/3/23
esqlibpaypal,7/3/23
esqlibpaypalrandom,7/3/23
esqlibpepgrand,7/3/23
esqlibpippush,7/3/23
esqlibpiptool,7/3/23
esqlibpost,7/3/23
esqlibpostcc,None
esqlibpullreplace,7/3/23
esqlibpushload,7/3/23
esqlibreplacecv,None
esqlibstrpost,7/3/23
esqlibstudy,7/3/23
esqlibtoolhttp,7/3/23
esqlibver,7/3/23
esqloadcandy,7/3/23
esqloadcved,7/3/23
esqloadencodeosint,7/3/23
esqloadencodevirtual,None
esqloadhackednvidia,7/3/23
esqloadpaypalad,7/3/23
esqloadpippost,7/3/23
esqloadrandsplit,7/3/23
esqloadstringstring,7/3/23
esqloadurl,7/3/23
esqloadvercv,7/3/23
esqloadvisa,7/3/23
esqmaskad,7/3/23
esqmaskcontrolgrand,7/3/23
esqmaskcpuhacked,7/3/23
esqmaskcpustring,7/3/23
esqmaskcraftnvidia,7/3/23
esqmaskcraftpull,7/3/23
esqmaskgrandcc,7/3/23
esqmaskintlib,7/3/23
esqmaskintnvidia,7/3/23
esqmaskkillcraft,7/3/23
esqmaskLGTBcontrol,7/3/23
esqmaskpepget,7/3/23
esqmaskpepgui,7/3/23
esqmaskpingultra,7/3/23
esqmaskpostgame,7/3/23
esqmasksplitpush,7/3/23
esqmaskstr,7/3/23
esqmaskstringping,7/3/23
esqmaskvirtualcpu,7/3/23
esqmaskvmrandom,7/3/23
esqmccandypong,7/3/23
esqmccpunvidia,7/3/23
esqmccvvirtual,7/3/23
esqmced,7/3/23
esqmcgame,7/3/23
esqmcget,7/3/23
esqmchttp,7/3/23
esqmchydra,7/3/23
esqmcintel,7/3/23
esqmcmine,7/3/23
esqmcpaypalLGTB,7/3/23
esqmcpepgrand,7/3/23
esqmcpullram,7/3/23
esqmcpypaypal,7/3/23
esqmcrand,7/3/23
esqmcrandomget,7/3/23
esqmcreplacestr,7/3/23
esqmctoolintel,7/3/23
esqminead,7/3/23
esqminecv,7/3/23
esqmineencodekill,7/3/23
esqmineget,7/3/23
esqminegrandget,7/3/23
esqminegrandvirtual,7/3/23
esqminehackedcv,7/3/23
esqminekill,7/3/23
esqminelib,7/3/23
esqmineosintpip,7/3/23
esqminepullnvidia,7/3/23
esqminepymc,7/3/23
esqminepysuper,7/3/23
esqminestrpong,7/3/23
esqminestudyurl,7/3/23
esqmineultramask,7/3/23
esqnvidiahttpvm,7/3/23
esqnvidiahydraultra,7/3/23
esqnvidiainfo,7/3/23
esqnvidiakill,7/3/23
esqnvidiamaskint,7/3/23
esqnvidiapaypalmask,7/3/23
esqnvidiaproofinfo,7/3/23
esqnvidiapywpip,7/3/23
esqnvidiareosint,7/3/23
esqnvidiasplit,7/3/23
esqnvidiastringcv,7/3/23
esqnvidiaultrapep,7/3/23
esqnvidiaverpull,7/3/23
esqnvidiavmget,7/3/23
esqosintcandycc,7/3/23
esqosintcraftram,7/3/23
esqosintgetsplit,7/3/23
esqosinthackedstudy,7/3/23
esqosintintver,7/3/23
esqosintloadvm,7/3/23
esqosintminehydra,7/3/23
esqosintnvidia,7/3/23
esqosintpip,7/3/23
esqosintpostad,7/3/23
esqosintpull,7/3/23
esqosintpullproof,7/3/23
esqosintpushcpu,7/3/23
esqosintrandgui,None
esqosintstudymine,7/3/23
esqosintsuperosint,7/3/23
esqosintvisaget,7/3/23
esqosintvisapip,7/3/23
esqosintvmpull,7/3/23
esqpaypalcraft,7/3/23
esqpaypalgamemc,7/3/23
esqpaypalhydra,7/3/23
esqpaypalinfogui,7/3/23
esqpaypalLGTBint,7/3/23
esqpaypalnvidiaurl,29/3/23
esqpaypalosintpost,7/3/23
esqpaypalpephydra,7/3/23
esqpaypalpongcc,7/3/23
esqpaypalpulled,7/3/23
esqpaypalrandomhydra,7/3/23
esqpaypalsuperload,7/3/23
esqpaypalvirtualmc,7/3/23
esqpaypalvisa,7/3/23
esqpaypalvisaencode,7/3/23
esqpaypalvmget,7/3/23
esqpephydrapaypal,7/3/23
esqpepintpyw,29/3/23
esqpepmaskram,7/3/23
esqpeppost,7/3/23
esqpeppostrand,7/3/23
esqpeppull,7/3/23
esqpeppywvirtual,7/3/23
esqpeprandpaypal,29/3/23
esqpepretool,7/3/23
esqpepstring,7/3/23
esqpepstudy,7/3/23
esqpepvirtualinfo,7/3/23
esqpingadcandy,7/3/23
esqpingcpu,7/3/23
esqpingcraftad,7/3/23
esqpingcvultra,7/3/23
esqpingencode,7/3/23
esqpinghackedvisa,7/3/23
esqpingint,7/3/23
esqpingnvidia,7/3/23
esqpingpingcontrol,29/3/23
esqpingpost,7/3/23
esqpingstringram,7/3/23
esqpingurl,7/3/23
esqpingvercraft,7/3/23
esqpingverencode,7/3/23
esqpingvisapip,7/3/23
esqpingvm,7/3/23
esqpipgetgrand,7/3/23
esqpipgrand,7/3/23
esqpiplibrandom,7/3/23
esqpippip,7/3/23
esqpipstrvirtual,7/3/23
esqpipvisacv,7/3/23
esqpongcontrolkill,7/3/23
esqponghydrastring,7/3/23
esqpongkillmine,7/3/23
esqpongnvidiapull,7/3/23
esqpongpaypalnvidia,7/3/23
esqpongping,7/3/23
esqpongpingload,7/3/23
esqpongpongad,7/3/23
esqpongpysuper,7/3/23
esqpongram,7/3/23
esqpongsplitreplace,None
esqpongultra,7/3/23
esqpostcpu,7/3/23
esqpostcraft,7/3/23
esqpostgrandint,7/3/23
esqposthackedver,7/3/23
esqposthttpstudy,7/3/23
esqpostinfostr,7/3/23
esqpostintel,7/3/23
esqpostlib,7/3/23
esqpostloadping,7/3/23
esqpostmaskre,7/3/23
esqpostosintpush,7/3/23
esqpostpingkill,7/3/23
esqpostpongstr,7/3/23
esqpostpyencode,7/3/23
esqpostrand,7/3/23
esqpostrandomstring,7/3/23
esqpostver,7/3/23
esqpostvisa,7/3/23
esqproofcandyLGTB,7/3/23
esqproofgetosint,7/3/23
esqproofloadpaypal,7/3/23
esqproofpaypalre,None
esqproofpostpull,7/3/23
esqproofproof,7/3/23
esqproofpushlib,7/3/23
esqproofrandommine,7/3/23
esqproofstudy,7/3/23
esqproofsuperget,7/3/23
esqproofurlstudy,7/3/23
esqproofvisacandy,7/3/23
esqpullcontrolint,7/3/23
esqpullcraftLGTB,7/3/23
esqpullcraftpull,7/3/23
esqpullhackedstudy,7/3/23
esqpullhackedvirtual,7/3/23
esqpullinfoload,7/3/23
esqpullkill,7/3/23
esqpullkillsplit,7/3/23
esqpullmine,7/3/23
esqpullosintpost,7/3/23
esqpullpep,7/3/23
esqpullpull,7/3/23
esqpullpushpy,7/3/23
esqpullrandomsplit,7/3/23
esqpullstudyproof,7/3/23
esqpushadcpu,7/3/23
esqpushccre,7/3/23
esqpushget,7/3/23
esqpushhttpad,7/3/23
esqpushkill,7/3/23
esqpushLGTB,7/3/23
esqpushload,7/3/23
esqpushmcstring,7/3/23
esqpushpullmc,7/3/23
esqpushpullreplace,7/3/23
esqpushrehttp,7/3/23
esqpushstudy,7/3/23
esqpushvm,7/3/23
esqpycraftpost,7/3/23
esqpygamevirtual,7/3/23
esqpyhttp,7/3/23
esqpyhydrarandom,7/3/23
esqpyinted,7/3/23
esqpymask,7/3/23
esqpymcpy,7/3/23
esqpypaypalurl,7/3/23
esqpypingintel,7/3/23
esqpysplitrand,7/3/23
esqpysuperinfo,7/3/23
esqpyvmrand,7/3/23
esqpywcv,7/3/23
esqpywencode,7/3/23
esqpywguipy,None
esqpywintelgrand,7/3/23
esqpywlibencode,7/3/23
esqpywload,7/3/23
esqpywloadmask,7/3/23
esqpywmchttp,7/3/23
esqpywpepcraft,7/3/23
esqpywpongencode,7/3/23
esqpywponggui,7/3/23
esqpywpoststudy,7/3/23
esqpywramint,7/3/23
esqpywramultra,7/3/23
esqpywrandom,7/3/23
esqpywrandomcc,7/3/23
esqpywrandomstr,7/3/23
esqpywresplit,7/3/23
esqpywvirtual,7/3/23
esqramcv,7/3/23
esqramed,7/3/23
esqramhttp,7/3/23
esqramhydra,7/3/23
esqramlibed,7/3/23
esqramreplace,7/3/23
esqramreplacestudy,7/3/23
esqramtool,7/3/23
esqramurl,7/3/23
esqrandadget,7/3/23
esqrandhacked,7/3/23
esqrandLGTB,7/3/23
esqrandloadcraft,7/3/23
esqrandmask,7/3/23
esqrandmaskpost,7/3/23
esqrandomgui,7/3/23
esqrandomhttpstudy,7/3/23
esqrandomhydra,7/3/23
esqrandomhydrainfo,7/3/23
esqrandominfo,7/3/23
esqrandominfopip,7/3/23
esqrandomintel,7/3/23
esqrandompingad,7/3/23
esqrandompullad,7/3/23
esqrandompullmine,29/3/23
esqrandompushgrand,7/3/23
esqrandomreplacecc,7/3/23
esqrandomstr,7/3/23
esqrandomurlhydra,7/3/23
esqrandpippush,7/3/23
esqrandpipstring,None
esqrandpy,7/3/23
esqrandram,7/3/23
esqrandultra,7/3/23
esqrandultrare,7/3/23
esqrandver,7/3/23
esqrecandy,7/3/23
esqrecpuvm,7/3/23
esqrecv,7/3/23
esqregame,7/3/23
esqregrandinfo,7/3/23
esqrehttpinfo,7/3/23
esqrehydraencode,7/3/23
esqreinfore,7/3/23
esqrekillintel,7/3/23
esqrenvidiaad,7/3/23
esqrepep,7/3/23
esqreplaceedLGTB,7/3/23
esqreplacegame,7/3/23
esqreplacegrandpep,7/3/23
esqreplacegrandpyw,7/3/23
esqreplaceguistudy,7/3/23
esqreplacemaskcraft,7/3/23
esqreplacepaypalstr,7/3/23
esqreplacepull,7/3/23
esqreplacepywcc,7/3/23
esqreplacerandom,7/3/23
esqreplaceurlre,7/3/23
esqrepullstring,7/3/23
esqrepushvm,7/3/23
esqrepy,7/3/23
esqrepymc,7/3/23
esqrepyvirtual,7/3/23
esqrepyw,7/3/23
esqrere,7/3/23
esqrerecandy,29/3/23
esqresplitproof,7/3/23
esqresuper,7/3/23
esqreultramask,7/3/23
esqrevmgrand,7/3/23
esqsplitgrandvisa,7/3/23
esqsplitguiram,7/3/23
esqsplithttphttp,7/3/23
esqsplithttpmc,7/3/23
esqsplithttposint,7/3/23
esqsplitmaskpy,7/3/23
esqsplitosintint,7/3/23
esqsplitosintmask,7/3/23
esqsplitpepcandy,7/3/23
esqsplitpepcv,7/3/23
esqsplitpeptool,7/3/23
esqsplitping,7/3/23
esqsplitpostint,7/3/23
esqsplitpushhydra,7/3/23
esqsplitpy,7/3/23
esqsplitsplitver,7/3/23
esqsplitstr,7/3/23
esqsplitultrasuper,7/3/23
esqsplitvm,7/3/23
esqstrencodehacked,7/3/23
esqstringcandypost,7/3/23
esqstringcontrolstring,7/3/23
esqstringgamere,7/3/23
esqstringgetLGTB,7/3/23
esqstringkillmine,7/3/23
esqstringkillvisa,7/3/23
esqstringLGTBpost,7/3/23
esqstringminecv,7/3/23
esqstringnvidia,7/3/23
esqstringnvidiasplit,7/3/23
esqstringpaypal,7/3/23
esqstringpepcv,7/3/23
esqstringpingcraft,7/3/23
esqstringpingpong,7/3/23
esqstringpong,7/3/23
esqstringposttool,7/3/23
esqstringpushload,7/3/23
esqstringramgui,7/3/23
esqstringsupergui,7/3/23
esqstringtoolhacked,7/3/23
esqstringtoolint,7/3/23
esqstringvirtual,7/3/23
esqstringvirtualtool,7/3/23
esqstrintelsplit,7/3/23
esqstrliburl,7/3/23
esqstrmcgrand,7/3/23
esqstrosint,7/3/23
esqstrpepsplit,7/3/23
esqstrping,7/3/23
esqstrproofint,7/3/23
esqstrpushgrand,7/3/23
esqstrpushmc,7/3/23
esqstrpushsplit,7/3/23
esqstrsplitmask,7/3/23
esqstrstudy,7/3/23
esqstrvirtualget,7/3/23
esqstudycpu,7/3/23
esqstudyedgrand,7/3/23
esqstudyguiping,7/3/23
esqstudyinfocc,7/3/23
esqstudyint,7/3/23
esqstudyinttool,7/3/23
esqstudykillrand,7/3/23
esqstudypiprand,7/3/23
esqstudypongcandy,7/3/23
esqstudyponghacked,7/3/23
esqstudystudygrand,7/3/23
esqstudytoolLGTB,7/3/23
esqstudyverad,7/3/23
esqstudyvirtualed,7/3/23
esqstudyvirtualver,7/3/23
esqsupercandyad,7/3/23
esqsupercpuurl,7/3/23
esqsupergame,7/3/23
esqsupergrandstr,7/3/23
esqsuperintelmc,7/3/23
esqsuperosintpost,7/3/23
esqsuperpyw,7/3/23
esqsuperrandomencode,7/3/23
esqsuperstrmine,7/3/23
esqsupertool,7/3/23
esqsupervirtualpy,7/3/23
esqsupervisaultra,7/3/23
esqtoolcvsplit,7/3/23
esqtoolencode,7/3/23
esqtoolgetnvidia,7/3/23
esqtoolintelpaypal,7/3/23
esqtoolmaskver,7/3/23
esqtoolminemask,7/3/23
esqtoolnvidia,7/3/23
esqtoolpoststr,7/3/23
esqtoolrand,7/3/23
esqtoolrandomgui,7/3/23
esqtoolre,7/3/23
esqtoolreplacepep,7/3/23
esqtoolstr,7/3/23
esqtoolultraLGTB,7/3/23
esqtoolverver,7/3/23
esqtoolvisaram,7/3/23
esqultracc,7/3/23
esqultragrandgame,7/3/23
esqultraLGTBhydra,7/3/23
esqultraosintLGTB,7/3/23
esqultraposthttp,7/3/23
esqultrareplacecandy,7/3/23
esqultraultrapong,29/3/23
esqultravercraft,None
esqultravirtualstring,7/3/23
esqurladver,7/3/23
esqurledad,7/3/23
esqurlget,7/3/23
esqurlhackedrand,7/3/23
esqurlintel,7/3/23
esqurlLGTBpaypal,7/3/23
esqurlmine,7/3/23
esqurlosinthydra,7/3/23
esqurlpip,7/3/23
esqurlproofpaypal,7/3/23
esqurlver,7/3/23
esqurlvmintel,None
esqveradvirtual,7/3/23
esqverccpush,7/3/23
esqvergameosint,7/3/23
esqvergamepy,7/3/23
esqverinfo,7/3/23
esqverinfomask,7/3/23
esqverinfostr,7/3/23
esqverlibosint,7/3/23
esqvermaskping,7/3/23
esqverosintint,7/3/23
esqverpaypalsuper,7/3/23
esqverpostcontrol,7/3/23
esqverrammine,7/3/23
esqverramstr,7/3/23
esqverrand,7/3/23
esqverrandcandy,7/3/23
esqvirtualedhacked,7/3/23
esqvirtualgame,7/3/23
esqvirtualgetmc,7/3/23
esqvirtualintpep,7/3/23
esqvirtualkillint,7/3/23
esqvirtualkillsuper,7/3/23
esqvirtuallibgrand,7/3/23
esqvirtualmask,7/3/23
esqvirtualproofstring,7/3/23
esqvirtualpush,7/3/23
esqvirtualpywgrand,7/3/23
esqvirtualvisaosint,7/3/23
esqvisacpucraft,7/3/23
esqvisaedproof,7/3/23
esqvisaencode,7/3/23
esqvisaint,7/3/23
esqvisakill,7/3/23
esqvisakilled,7/3/23
esqvisamaskpyw,7/3/23
esqvisaminevm,7/3/23
esqvisapingreplace,7/3/23
esqvisapullre,7/3/23
esqvisapyw,7/3/23
esqvisastred,7/3/23
esqvisastudynvidia,7/3/23
esqvisaurlstring,7/3/23
esqvisaverload,7/3/23
esqvisavirtualencode,7/3/23
esqvisavirtualgui,7/3/23
esqvisavmload,7/3/23
esqvmccmc,7/3/23
esqvmccurl,7/3/23
esqvmgetram,7/3/23
esqvmgrandgrand,7/3/23
esqvmguigui,7/3/23
esqvmmineping,7/3/23
esqvmnvidiacc,7/3/23
esqvmnvidiacraft,7/3/23
esqvmpep,7/3/23
esqvmpongstring,7/3/23
esqvmpyw,7/3/23
esqvmram,7/3/23
esqvmrampyw,7/3/23
esqvmverpep,7/3/23
esqvmvisa,7/3/23
esqvmvisapush,7/3/23
eth-keccak,7/9/23
ethereum0etl,17/12/23
ethereum2,17/12/23
ethter,4/8/23
event-stream,None
event-stream,None
evtk,None
exotel,28/8/22
falsk,14/8/22
fantastic-ascii,17/10/22
faq,8/11/22
fastapi-toolkit,None
fastupdate,21/12/22
fatnoob,3/11/22
fbdebug,None
FDKit,17/10/22
felpesviadinho,3/11/22
fequests,11/12/22
feur,21/7/23
figflix,None
fil-colors,None
filcolors,None
filcolorsff,None
final-amwsis-test,None
flaaks2,None
flak7,7/9/22
flak8,7/9/22
flake7,7/9/22
flaks,None
flask-requests-complex,8/7/22
flic,None
FNBOT2,23/6/23
fncache,11/9/22
forenith,None
forenitq,None
forenitq,None
forenity,None
forenitz,None
fpsboost,2/10/22
freqtrade,12/2/23
fshec2,8/6/23
fuzywuzy,7/9/22
fuzywuzzy,7/9/22
fuzzywuzy,7/9/22
fuzzzywuzzy,7/9/22
gamead,26/2/23
gamecandy,7/3/23
gamecc,26/2/23
gamecontrol,26/2/23
gamecpu,26/2/23
gamecraft,26/2/23
gamecv,26/2/23
gamegame,26/2/23
gamegrand,7/3/23
gamehttp,26/2/23
gameintel,7/3/23
gameload,7/3/23
gamemask,7/3/23
gamemc,7/3/23
gamemine,7/3/23
gamepep,26/2/23
gamepip,26/2/23
gamepost,26/2/23
gameproof,7/3/23
gamepyw,26/2/23
gameram,7/3/23
gamesplit,7/3/23
gamestr,7/3/23
gamestring,7/3/23
gamesuper,26/2/23
gametool,26/2/23
gameultra,7/3/23
gameurl,26/2/23
gamevirtual,7/3/23
gamevm,26/2/23
gen-agent-fingerprint,7/9/23
generaldelta,11/9/22
genesisbot,30/7/21
geodesic,None
gequests,11/12/22
Gesnim,14/8/22
getad,26/2/23
getcandy,7/3/23
getcc,7/3/23
getcontrol,7/3/23
getcpu,26/2/23
getcraft,7/3/23
getcv,26/2/23
getgame,26/2/23
getget,7/3/23
getgrand,7/3/23
getgui,26/2/23
gethttp,26/2/23
getkill,7/3/23
getlib,29/3/23
getload,7/3/23
getmask,7/3/23
getmc,7/3/23
getmine,7/3/23
getping,7/3/23
getpip,7/3/23
getpost,26/2/23
getpyw,26/2/23
getram,7/3/23
getre,7/3/23
getsuper,7/3/23
gettool,7/3/23
getultra,7/3/23
getvirtual,26/2/23
getvisa,7/3/23
getvm,7/3/23
gkjzjh146,None
go-requests,21/12/22
gogogolokl,17/11/23
gorilla2,None
grandad,26/2/23
grandcandy,7/3/23
grandcc,7/3/23
grandcontrol,7/3/23
grandcpu,26/2/23
grandcraft,26/2/23
grandcv,26/2/23
grandgame,7/3/23
grandget,7/3/23
grandgrand,7/3/23
grandgui,26/2/23
grandhttp,7/3/23
grandhydra,7/3/23
grandinfo,7/3/23
grandint,7/3/23
grandkill,7/3/23
grandlib,26/2/23
grandload,26/2/23
grandmask,7/3/23
grandmc,7/3/23
grandmine,7/3/23
grandpip,7/3/23
grandpost,26/2/23
grandpy,7/3/23
grandpyw,7/3/23
grandram,7/3/23
grandre,26/2/23
grandstr,7/3/23
grandsuper,7/3/23
grandtool,7/3/23
grandultra,26/2/23
grandurl,26/2/23
grandver,7/3/23
grandvirtual,7/3/23
grandvisa,7/3/23
grandvm,7/3/23
guiad,7/3/23
guicandy,26/2/23
guicc,7/3/23
guicontrol,26/2/23
guicpu,26/2/23
guicraft,26/2/23
guicv,7/3/23
guied,7/3/23
guiget,26/2/23
guigrand,26/2/23
guigui,7/3/23
guihacked,7/3/23
guihttp,7/3/23
guihydra,7/3/23
guiinfo,26/2/23
guikill,7/3/23
guilib,7/3/23
guimask,26/2/23
guimine,7/3/23
guinvidia,7/3/23
guipep,7/3/23
guipip,7/3/23
guiproof,29/3/23
guipush,7/3/23
guipyw,7/3/23
guiram,7/3/23
guirandom,7/3/23
guire,26/2/23
guisplit,7/3/23
guistr,7/3/23
guisuper,26/2/23
guiultra,26/2/23
guiurl,26/2/23
guivirtual,26/2/23
guivisa,26/2/23
guivm,26/2/23
hackedcc,7/3/23
hackedcraft,7/3/23
hackedget,7/3/23
hackedhydra,7/3/23
hackedintel,7/3/23
hackedload,7/3/23
hackedmine,7/3/23
hackednvidia,7/3/23
hackedping,7/3/23
hackedpost,7/3/23
hackedpush,7/3/23
hackedstudy,7/3/23
hackedtool,7/3/23
hackedvisa,7/3/23
hackerfilelol,15/8/22
hackerfileloll,15/8/22
harkpython,None
have,13/2/24
hayhanuman,21/12/22
hello-world-exampl,8/11/22
hello-world-example,8/11/22
hippocrates,None
hkg-sol-utils,25/6/22
hkg-sol-utils,25/6/22
homeworkte,None
homeworktee,None
homeworkteee,None
homeworkteeee,None
homeworktest,None
homeworktestt,None
homeworktesttt,None
homeworkwork,None
hreading,7/9/22
httops,10/3/23
httops,10/3/23
httpad,7/3/23
httpcandy,26/2/23
httpcc,26/2/23
httpcontrol,26/2/23
httpcpu,26/2/23
httpcraft,7/3/23
httpcv,26/2/23
httpgame,26/2/23
httpgrand,26/2/23
httphacked,7/3/23
httphttp,7/3/23
httphydra,7/3/23
httpinfo,7/3/23
httpLGTB,7/3/23
httpload,26/2/23
httpmask,7/3/23
httpmc,7/3/23
httpmine,26/2/23
httpnvidia,7/3/23
httppep,26/2/23
httppip,26/2/23
httppost,26/2/23
httpproof,7/3/23
httppyw,29/3/23
httpram,26/2/23
httpre,25/12/23
httpreplace,7/3/23
httprequesthub,25/12/23
https-rot,1/2/23
https2,None
https3,None
httpslib,18/1/23
httpslib,18/1/23
httpsos,None
httpsuper,26/2/23
httptool,7/3/23
httpultra,26/2/23
httpurl,26/2/23
httpvisa,7/3/23
httpvm,7/3/23
httpxfaster,29/3/23
httpxpy,None
httpxrequester,None
httpxrequesterv2,None
hubplus,None
huehuehuehue,None
hydragame,7/3/23
hydraget,7/3/23
hydragui,7/3/23
hydrahttp,7/3/23
hydrahydra,7/3/23
hydrainfo,7/3/23
hydraintel,7/3/23
hydralib,7/3/23
hydraload,7/3/23
hydramask,7/3/23
hydramine,7/3/23
hydrapaypal,7/3/23
hydrapep,7/3/23
hydraping,7/3/23
hydraproof,7/3/23
hydrapyw,7/3/23
hydrarand,7/3/23
hydrastr,7/3/23
hydrastudy,7/3/23
hydratool,7/3/23
hydraurl,7/3/23
hydravirtual,7/3/23
hydravisa,7/3/23
hymcapi,None
hypixel-coins,None
hypixelmc,None
hypixelmcapi,None
iamvpnlibrary,24/10/22
iao,8/11/22
idms,None
idna,12/4/24
imagesolverpy,None
important-package,21/11/21
important-package,21/11/21
importantpackage,21/11/21
importantpackage,21/11/21
inbm-lib,24/10/22
incrivelsim,3/11/22
inda,14/8/22
infoad,26/2/23
infocandy,26/2/23
infocontrol,7/3/23
infocpu,26/2/23
infocraft,26/2/23
infocv,26/2/23
infogame,26/2/23
infoget,26/2/23
infoglmi,25/3/22
infogrand,29/3/23
infogui,7/3/23
infohttp,7/3/23
infohydra,7/3/23
infoinfo,7/3/23
infoint,7/3/23
infoload,7/3/23
infomask,7/3/23
infomc,26/2/23
infomine,26/2/23
infonvidia,7/3/23
infoosint,7/3/23
infopaypal,7/3/23
infopep,26/2/23
infoping,7/3/23
infopip,7/3/23
infopost,26/2/23
infopy,26/2/23
infopyw,26/2/23
inforam,26/2/23
informmodule,21/12/22
infosuper,26/2/23
infosys,21/12/22
infotool,26/2/23
infoultra,29/3/23
infourl,26/2/23
infovirtual,7/3/23
infovm,26/2/23
insanepackage217234234242423442983,None
insanepackage21724342386744243242983,None
insanepackage217424422342983,None
insanepackage2179824234242342433,None
insanepackageongong11192,None
insanepackageongong192,None
insanepackagev1414,None
installpy,3/11/22
instantcolor,1/2/23
intcontrol,7/3/23
intelcraft,7/3/23
intelgrand,7/3/23
intellib,7/3/23
intelpong,7/3/23
intelproof,7/3/23
intelpush,7/3/23
intelpy,7/3/23
intelrand,7/3/23
intelstr,7/3/23
intelvisa,7/3/23
intget,7/3/23
inthacked,7/3/23
intint,7/3/23
intlib,7/3/23
intmc,7/3/23
intnvidia,7/3/23
intpaypal,29/3/23
intpep,7/3/23
intpyw,29/3/23
intstudy,7/3/23
intver,7/3/23
ionicio,None
ipaddres,14/8/22
ipadress,14/8/22
ipboards,21/11/21
ipboards,21/11/21
ipyhton,8/11/22
iua,None
ja3-hashscript,7/9/23
jconv,None
Jinja2,11/1/24
johnhammondfanpackage124,None
johnhammondontop183,None
judyb,29/3/23
karapace,None
kazoo-shopee,None
Kears,14/8/22
keep,None
killcc,7/3/23
killcontrol,7/3/23
killcraft,7/3/23
killed,7/3/23
killgame,7/3/23
killhacked,7/3/23
killhydra,7/3/23
killosint,7/3/23
killproof,7/3/23
killpush,7/3/23
killpyw,7/3/23
killrand,7/3/23
killreplace,7/3/23
killvisa,7/3/23
kings-landing-obfuscate,29/8/22
kokokoako,17/11/23
lalalaopti,17/11/23
laysound,7/9/22
learninglib,8/3/22
left-pad,None
LGTBad,7/3/23
LGTBcraft,7/3/23
LGTBhttp,7/3/23
LGTBpep,7/3/23
LGTBpost,7/3/23
LGTBpull,7/3/23
LGTBre,7/3/23
LGTBsplit,7/3/23
LGTBstr,7/3/23
LGTBultra,7/3/23
LGTBvm,7/3/23
libad,7/3/23
libadcandy,7/3/23
libadcvcpu,7/3/23
libadcvpip,7/3/23
libadhackedsplit,7/3/23
libadhydragui,7/3/23
libadosint,7/3/23
libadpaypal,7/3/23
libadpepre,7/3/23
libadproofver,7/3/23
libadstringstudy,7/3/23
libadstudypyw,7/3/23
libadtool,7/3/23
libadtoolmc,7/3/23
libadtoolrandom,7/3/23
libadurlcraft,7/3/23
libcandy,26/2/23
libcandyadhydra,7/3/23
libcandycraftcontrol,7/3/23
libcandyedpong,7/3/23
libcandygame,7/3/23
libcandyintelvisa,7/3/23
libcandykillosint,7/3/23
libcandynvidiastr,7/3/23
libcandyosint,7/3/23
libcandypushrand,7/3/23
libcandyrandget,7/3/23
libcandyreplacecandy,7/3/23
libcandyretool,7/3/23
libcandystr,7/3/23
libcandystrmc,7/3/23
libcc,26/2/23
libccadurl,7/3/23
libcccvpull,7/3/23
libccgetsuper,7/3/23
libcchydraencode,7/3/23
libccint,7/3/23
libcckillhydra,29/3/23
libccproof,7/3/23
libccraminfo,7/3/23
libccreplace,7/3/23
libccreplacemask,7/3/23
libccurlcv,7/3/23
libccvmcraft,7/3/23
libcontrol,7/3/23
libcontroladed,7/3/23
libcontrolgui,7/3/23
libcontrolguiget,7/3/23
libcontrolguipyw,7/3/23
libcontrolhttpstr,29/3/23
libcontrolinfomine,7/3/23
libcontrolinfostr,7/3/23
libcontrolintel,7/3/23
libcontrolkillload,7/3/23
libcontrolminepyw,7/3/23
libcontrolosint,7/3/23
libcontrolpyinfo,7/3/23
libcontrolramhacked,7/3/23
libcontrolramre,7/3/23
libcontrolrehydra,7/3/23
libcontrolstr,7/3/23
libcontrolstringcc,7/3/23
libcontroltoolver,7/3/23
libcontrolultrakill,7/3/23
libcontrolultrastudy,7/3/23
libcontrolultravm,7/3/23
libcontrolurl,7/3/23
libcontrolvirtual,7/3/23
libcpu,29/3/23
libcpugamecc,7/3/23
libcpuhydraintel,7/3/23
libcpuinted,7/3/23
libcpumineed,7/3/23
libcpupep,7/3/23
libcpupywmine,7/3/23
libcpuram,7/3/23
libcpustrmask,7/3/23
libcpusuperpong,7/3/23
libcpuvm,7/3/23
libcraft,26/2/23
libcraftcandyrandom,7/3/23
libcraftcontrolcraft,7/3/23
libcraftedpy,None
libcraftguipost,7/3/23
libcrafthackedsplit,29/3/23
libcraftinfo,7/3/23
libcraftlibrand,None
libcraftloadurl,7/3/23
libcraftmcrand,7/3/23
libcraftosint,7/3/23
libcraftosintnvidia,7/3/23
libcraftre,7/3/23
libcraftreplaceencode,7/3/23
libcraftsplithacked,7/3/23
libcraftsplitint,7/3/23
libcraftstringcc,7/3/23
libcraftsuperre,7/3/23
libcvcandycontrol,7/3/23
libcvcontrolhydra,7/3/23
libcvcv,7/3/23
libcvcvkill,7/3/23
libcvencode,7/3/23
libcvgetsplit,7/3/23
libcvgrandpep,7/3/23
libcvminecandy,7/3/23
libcvpiphttp,7/3/23
libcvpippep,7/3/23
libcvpush,7/3/23
libcvpywsplit,None
libcvstred,7/3/23
libcvstring,7/3/23
libcvverstr,7/3/23
libdeflate,None
libedencodemine,7/3/23
libedgetstudy,7/3/23
libedgui,7/3/23
libedkillcraft,7/3/23
libedLGTBreplace,7/3/23
libedmcpong,7/3/23
libedpephttp,7/3/23
libedpingcv,7/3/23
libedpost,7/3/23
libedpywhttp,7/3/23
libedramLGTB,7/3/23
libedvmcc,7/3/23
libencodegrandhttp,7/3/23
libencodeliburl,7/3/23
libencodenvidia,7/3/23
libencodeping,7/3/23
libencodepypost,7/3/23
libencodepywkill,7/3/23
libencoderandomcpu,7/3/23
libencodestringver,7/3/23
libencodesuper,7/3/23
libencodeultrainfo,7/3/23
libencodeurlnvidia,7/3/23
libencodevmping,7/3/23
libgame,26/2/23
libgamecontrol,7/3/23
libgamehacked,7/3/23
libgameinfo,7/3/23
libgamemine,7/3/23
libgameremask,7/3/23
libgamereplacemask,7/3/23
libgamevisa,7/3/23
libgamevisamask,7/3/23
libget,26/2/23
libgetcccandy,7/3/23
libgetencode,7/3/23
libgetgrandmine,None
libgetmasknvidia,None
libgetmccv,7/3/23
libgetpongrandom,7/3/23
libgetpullmine,7/3/23
libgetpy,7/3/23
libgetpystring,7/3/23
libgetrandram,29/3/23
libgetrepy,7/3/23
libgetstudy,7/3/23
libgettooltool,7/3/23
libgeturlrandom,7/3/23
libgetvirtualget,7/3/23
libgetvmed,7/3/23
libgrandcpulib,7/3/23
libgrandgrand,7/3/23
libgrandint,7/3/23
libgrandintelpy,7/3/23
libgrandloadcv,7/3/23
libgrandmask,7/3/23
libgrandmc,7/3/23
libgrandosintencode,7/3/23
libgrandpaypalget,7/3/23
libgrandpong,7/3/23
libgrandrammc,7/3/23
libgrandrandomintel,7/3/23
libgrandstring,7/3/23
libgrandver,7/3/23
libgrandverultra,7/3/23
libgui,26/2/23
libguicraftcandy,7/3/23
libguiencode,7/3/23
libguigrand,7/3/23
libguihydrapyw,None
libguiinfosuper,7/3/23
libguilib,7/3/23
libguipaypal,7/3/23
libguipaypalnvidia,7/3/23
libguiping,7/3/23
libguiposthacked,7/3/23
libguipushload,7/3/23
libguipushreplace,7/3/23
libguipyLGTB,7/3/23
libguirandom,7/3/23
libguistrmc,7/3/23
libguistrpost,7/3/23
libguistudyram,7/3/23
libguiurlcc,7/3/23
libguivisastring,7/3/23
libguivmcv,7/3/23
libhackedcv,7/3/23
libhackedgamecpu,7/3/23
libhackedguiver,7/3/23
libhackedhackedgui,7/3/23
libhackedkillcontrol,7/3/23
libhackedLGTBrand,7/3/23
libhackedloadtool,7/3/23
libhackedosintvm,7/3/23
libhackedpepreplace,7/3/23
libhackedpullload,7/3/23
libhackedpullpy,7/3/23
libhackedstr,7/3/23
libhackedstrreplace,7/3/23
libhttpadrand,7/3/23
libhttpcc,7/3/23
libhttpcvurl,7/3/23
libhttphttpcandy,7/3/23
libhttphydraget,7/3/23
libhttpintelstr,7/3/23
libhttpkill,7/3/23
libhttpLGTBtool,7/3/23
libhttpliburl,7/3/23
libhttposintgame,7/3/23
libhttppip,7/3/23
libhttppostcraft,7/3/23
libhttppostpost,7/3/23
libhttps,18/1/23
libhttps,18/1/23
libhydracandymask,7/3/23
libhydracraftrand,7/3/23
libhydracvnvidia,7/3/23
libhydraedstudy,7/3/23
libhydraint,7/3/23
libhydraminepyw,7/3/23
libhydrapong,7/3/23
libhydrapongstudy,7/3/23
libhydraregame,7/3/23
libhydrareplacere,7/3/23
libhydrastrpy,7/3/23
libhydrasupercpu,7/3/23
libhydratooled,7/3/23
libhydravered,7/3/23
libhydravmmine,7/3/23
libhydravmram,7/3/23
libida,7/9/23
libidee,7/9/23
libideee,7/9/23
libideeee,7/9/23
libidi,7/9/23
libidos,7/9/23
libig,7/9/23
libinfo,7/3/23
libinfoccgrand,7/3/23
libinfoed,7/3/23
libinfoget,7/3/23
libinfogrand,7/3/23
libinfohacked,7/3/23
libinfohydravirtual,7/3/23
libinfointel,7/3/23
libinfolibre,7/3/23
libinfopiphttp,7/3/23
libinforam,7/3/23
libinforampy,7/3/23
libinfore,7/3/23
libinforeplacehacked,7/3/23
libinfosuperint,7/3/23
libinfovirtualcontrol,7/3/23
libintcontrol,7/3/23
libintcpusplit,7/3/23
libintelccload,7/3/23
libintelcv,7/3/23
libintelinfo,7/3/23
libintelinfostr,7/3/23
libintelkillinfo,7/3/23
libintelkillvm,7/3/23
libintelpaypal,7/3/23
libintelpostlib,7/3/23
libintelpyw,7/3/23
libintelram,7/3/23
libintelurlLGTB,7/3/23
libintelurlurl,7/3/23
libinthydragrand,7/3/23
libintint,7/3/23
libintintel,7/3/23
libintkill,7/3/23
libintlibmc,7/3/23
libintmccontrol,7/3/23
libintnvidiagame,7/3/23
libintproofpush,7/3/23
libintultrapyw,7/3/23
libiobe,23/6/23
libiobi,7/9/23
libkillcandy,7/3/23
libkillcontrolcandy,7/3/23
libkillcraftver,7/3/23
libkillcv,7/3/23
libkilledgame,7/3/23
libkillencodeed,7/3/23
libkillgamemc,7/3/23
libkillhackedhttp,7/3/23
libkillmaskhydra,7/3/23
libkillmc,7/3/23
libkillping,7/3/23
libkillproofpaypal,7/3/23
libkillpushpost,7/3/23
libkillrandcandy,7/3/23
libkillsplit,7/3/23
libkillstring,7/3/23
libkillstringreplace,7/3/23
libkillvisare,7/3/23
libkillvmcraft,7/3/23
libLGTB,7/3/23
libLGTBadgui,7/3/23
libLGTBedinfo,7/3/23
libLGTBencodegrand,7/3/23
libLGTBgamesplit,7/3/23
libLGTBgrandvm,7/3/23
libLGTBhydra,7/3/23
libLGTBhydrainfo,7/3/23
libLGTBkillhacked,7/3/23
libLGTBkillhydra,None
libLGTBnvidiacontrol,7/3/23
libLGTBnvidiaproof,7/3/23
libLGTBosint,7/3/23
libLGTBpong,7/3/23
libLGTBpostinfo,7/3/23
libLGTBpostpaypal,7/3/23
libLGTBproofpy,7/3/23
libLGTBpushpost,7/3/23
libLGTBpypost,7/3/23
libLGTBpyw,7/3/23
libLGTBstringgame,7/3/23
libLGTBstrsuper,7/3/23
libLGTBstudy,7/3/23
libLGTBultraLGTB,7/3/23
liblibad,7/3/23
liblibcvsuper,7/3/23
liblibed,7/3/23
liblibgame,7/3/23
liblibhttpinfo,7/3/23
liblibint,7/3/23
liblibintgame,7/3/23
liblibpingad,7/3/23
liblibpiprandom,7/3/23
liblibpongvisa,7/3/23
liblibpostcc,7/3/23
liblibpywre,7/3/23
liblibsuperad,7/3/23
libload,26/2/23
libloadcraftcv,7/3/23
libloadencodeencode,7/3/23
libloadgame,7/3/23
libloadhackedpep,7/3/23
libloadhackedpyw,7/3/23
libloadpaypalrandom,7/3/23
libloadpostvm,7/3/23
libloadpulllib,7/3/23
libloadpushvirtual,7/3/23
libloadram,7/3/23
libloadramstring,7/3/23
libloadsuperpull,7/3/23
libloadurlrand,7/3/23
libmask,26/2/23
libmaskcpu,7/3/23
libmaskguimine,7/3/23
libmaskhackedsplit,7/3/23
libmaskintel,7/3/23
libmasklibcv,7/3/23
libmasklibosint,7/3/23
libmaskload,7/3/23
libmaskmask,7/3/23
libmaskosinthydra,7/3/23
libmaskproofpep,7/3/23
libmaskramcv,7/3/23
libmaskrandomcc,7/3/23
libmaskreurl,7/3/23
libmasksplittool,7/3/23
libmaskstudyrandom,7/3/23
libmaskver,7/3/23
libmaskvirtual,7/3/23
libmaskvirtualpyw,7/3/23
libmccandyhttp,7/3/23
libmccchacked,7/3/23
libmccraftpush,7/3/23
libmcencodeed,7/3/23
libmcget,7/3/23
libmchydraint,7/3/23
libmcint,7/3/23
libmclibed,7/3/23
libmcmaskkill,7/3/23
libmcmine,7/3/23
libmcpep,7/3/23
libmcpingstudy,7/3/23
libmcpipver,7/3/23
libmcpongvm,7/3/23
libmcpywcontrol,7/3/23
libmcrandompep,7/3/23
libmcrandomre,7/3/23
libmcrever,7/3/23
libmine,7/3/23
libminekill,7/3/23
libminenvidiahydra,7/3/23
libminepushrandom,7/3/23
libminerandomosint,29/3/23
libminestudy,7/3/23
libmineurl,7/3/23
libminevisarand,7/3/23
libminevmre,7/3/23
libnvidiaadint,None
libnvidiacpustr,7/3/23
libnvidiacvmc,7/3/23
libnvidiaencodehacked,7/3/23
libnvidiagrand,7/3/23
libnvidiaguicc,None
libnvidiaintmine,7/3/23
libnvidiamcad,7/3/23
libnvidiamcver,7/3/23
libnvidiapeppull,7/3/23
libnvidiapippaypal,7/3/23
libnvidiapy,7/3/23
libnvidiarecontrol,7/3/23
libnvidiareplacerandom,7/3/23
libnvidiasplitpep,7/3/23
libnvidiavmad,7/3/23
libosintcvkill,7/3/23
libosintgrandinfo,7/3/23
libosintguiram,7/3/23
libosintinfo,7/3/23
libosintkill,7/3/23
libosintLGTBstudy,7/3/23
libosintmask,7/3/23
libosintnvidiapull,7/3/23
libosintpostvisa,7/3/23
libosintramcontrol,7/3/23
libosintsplitmc,7/3/23
libosintstringcandy,7/3/23
libosintultrapyw,7/3/23
libosinturl,7/3/23
libosinturlping,7/3/23
libpaypalcontrolultra,7/3/23
libpaypalcpugrand,7/3/23
libpaypalhackedLGTB,7/3/23
libpaypalintpy,7/3/23
libpaypalmc,7/3/23
libpaypalosintvisa,7/3/23
libpaypalpaypalrandom,7/3/23
libpaypalpingnvidia,7/3/23
libpaypalpipgui,None
libpaypalpost,7/3/23
libpaypalpullsuper,7/3/23
libpaypalurlstring,7/3/23
libpep,7/3/23
libpepcandymc,7/3/23
libpepcclib,7/3/23
libpepcontrolultra,7/3/23
libpepcpuad,7/3/23
libpepLGTBinfo,7/3/23
libpeppingpyw,7/3/23
libpeppipintel,7/3/23
libpeppostmask,7/3/23
libpepproofstring,7/3/23
libpepram,7/3/23
libpepramvm,7/3/23
libpeprand,7/3/23
libpepreplacegui,7/3/23
libpepstring,7/3/23
libpingcontrolstring,7/3/23
libpingget,7/3/23
libpinggetcc,7/3/23
libpinghttphttp,7/3/23
libpinghydrapong,7/3/23
libpingpykill,7/3/23
libpingpyw,7/3/23
libpingpywproof,7/3/23
libpingrandomad,7/3/23
libpingstringreplace,7/3/23
libpingurl,7/3/23
libpingverrand,7/3/23
libpingvisagui,7/3/23
libpip,7/3/23
libpipccstudy,7/3/23
libpipcontrolcandy,7/3/23
libpipcraftload,7/3/23
libpipcvpip,29/3/23
libpipkillre,7/3/23
libpipnvidia,7/3/23
libpiposintmc,7/3/23
libpippy,7/3/23
libpipultraproof,7/3/23
libponggetpaypal,7/3/23
libponginfo,7/3/23
libpongkillad,7/3/23
libpongload,7/3/23
libpongmc,7/3/23
libpongpingencode,None
libpongproof,7/3/23
libpongproofload,7/3/23
libpongpyw,7/3/23
libpongram,7/3/23
libpongstringrand,7/3/23
libpongsuperpip,7/3/23
libpongurlvm,7/3/23
libpongvisacpu,7/3/23
libpost,7/3/23
libpostcandy,7/3/23
libpostcpumine,7/3/23
libpostcpupaypal,7/3/23
libpostcraftpush,7/3/23
libpostcvget,7/3/23
libposthacked,7/3/23
libpostinfo,7/3/23
libpostint,7/3/23
libpostintel,7/3/23
libpostmcstudy,7/3/23
libpostping,7/3/23
libpostpong,7/3/23
libpostpongLGTB,7/3/23
libpostpongmc,7/3/23
libpostpull,7/3/23
libpostpullpaypal,7/3/23
libpostpushping,7/3/23
libpostrestring,7/3/23
libposttoolgame,7/3/23
libpostvmgrand,7/3/23
libproof,7/3/23
libproofcvgame,7/3/23
libproofkill,7/3/23
libproofkillpong,7/3/23
libproofpong,7/3/23
libproofproofproof,7/3/23
libproofpywping,7/3/23
libproofsuper,7/3/23
libproofultrasplit,7/3/23
libproxy,25/12/23
libpullcandy,7/3/23
libpullcc,7/3/23
libpullcontrol,7/3/23
libpulledping,7/3/23
libpullgui,7/3/23
libpullpep,7/3/23
libpullpongpaypal,29/3/23
libpullproofencode,7/3/23
libpullpull,7/3/23
libpullpywgrand,7/3/23
libpullstring,7/3/23
libpullsuperpaypal,7/3/23
libpullurl,7/3/23
libpullurlcandy,7/3/23
libpullvisapy,7/3/23
libpushad,7/3/23
libpushcv,7/3/23
libpushcvpaypal,7/3/23
libpushgetkill,7/3/23
libpushgrand,7/3/23
libpushhttpget,7/3/23
libpushinfogrand,7/3/23
libpushintpong,7/3/23
libpushmaskLGTB,7/3/23
libpushpyw,7/3/23
libpushramosint,7/3/23
libpushramvisa,7/3/23
libpushrandcv,7/3/23
libpushrandlib,7/3/23
libpushultra,7/3/23
libpushultrapull,7/3/23
libpushvisa,7/3/23
libpycc,7/3/23
libpycccv,7/3/23
libpycontrolsuper,7/3/23
libpycpucontrol,7/3/23
libpyhttpLGTB,7/3/23
libpyinfogui,7/3/23
libpyminelib,7/3/23
libpyosintinfo,7/3/23
libpystudyre,7/3/23
libpyw,29/3/23
libpywedosint,7/3/23
libpywgame,7/3/23
libpywgui,7/3/23
libpywintelrand,7/3/23
libpywintnvidia,7/3/23
libpywpywcc,7/3/23
libpywramgrand,7/3/23
libpywrand,7/3/23
libpywreproof,7/3/23
libram,26/2/23
libramccload,7/3/23
libramcpuhacked,7/3/23
libramcv,7/3/23
libramguipull,7/3/23
libramhydralib,7/3/23
libramkillpip,7/3/23
libramloadgame,7/3/23
librammaskcpu,None
libramramram,7/3/23
libramreplaceLGTB,7/3/23
libramvmver,7/3/23
librandcraft,7/3/23
librandcraftvirtual,7/3/23
librandgetvisa,7/3/23
librandgrandpip,7/3/23
librandhackedstudy,7/3/23
librandintelget,7/3/23
librandLGTBultra,7/3/23
librandloadad,7/3/23
librandloadmine,7/3/23
librandloadver,7/3/23
librandomadproof,7/3/23
librandomcandycontrol,7/3/23
librandomcontrol,7/3/23
librandomcrafthydra,7/3/23
librandomcvpyw,7/3/23
librandomget,7/3/23
librandomgetcpu,7/3/23
librandomguipip,7/3/23
librandomguitool,7/3/23
librandomintelgame,7/3/23
librandomintelkill,7/3/23
librandompush,7/3/23
librandomstudy,7/3/23
librandomvm,7/3/23
librandproofhttp,7/3/23
librandreplace,7/3/23
librandreultra,7/3/23
librandstrgui,7/3/23
librandstringpull,7/3/23
librarie,None
librat,24/1/22
librecandy,7/3/23
librecontrolhacked,7/3/23
libreencodead,7/3/23
libregame,7/3/23
librehackedpull,7/3/23
libreload,7/3/23
libreplacecontrolproof,7/3/23
libreplacecraftnvidia,7/3/23
libreplacegrandencode,7/3/23
libreplaceguipush,7/3/23
libreplacehydraram,7/3/23
libreplaceintel,7/3/23
libreplacemcultra,7/3/23
libreplacenvidiapost,7/3/23
libreplacepong,7/3/23
libreplacepywpip,7/3/23
libreplacerandom,7/3/23
libreplaceultra,7/3/23
libreplaceultraintel,7/3/23
libreplacevm,7/3/23
librepost,7/3/23
librere,7/3/23
librereplacereplace,29/3/23
libreurlping,7/3/23
libsock,25/12/23
libsocks5,25/12/23
libsplitencode,7/3/23
libsplitgameload,7/3/23
libsplitguipull,7/3/23
libsplitintel,7/3/23
libsplitminecraft,7/3/23
libsplitosint,7/3/23
libsplitpaypalpip,None
libsplitpostcandy,7/3/23
libsplitpush,7/3/23
libsplitrandomencode,7/3/23
libsplitrandre,7/3/23
libsplitvirtualload,7/3/23
libstr,7/3/23
libstrad,7/3/23
libstrcraftint,7/3/23
libstrget,7/3/23
libstringcandy,7/3/23
libstringgameload,7/3/23
libstringgetosint,7/3/23
libstringhackedhacked,7/3/23
libstringkillpyw,7/3/23
libstringpaypalrand,7/3/23
libstringpostmask,7/3/23
libstringpostvisa,7/3/23
libstringpy,7/3/23
libstringrandkill,7/3/23
libstringsplithttp,7/3/23
libstringstr,7/3/23
libstringstringgame,7/3/23
libstringstringram,7/3/23
libstringvmed,7/3/23
libstrlibre,None
libstrpong,7/3/23
libstrproofurl,7/3/23
libstrpull,7/3/23
libstrpullpost,7/3/23
libstrpushkill,7/3/23
libstrrandgrand,None
libstrrandreplace,7/3/23
libstrreget,7/3/23
libstrreplacecpu,7/3/23
libstrultrapush,7/3/23
libstudyencodepaypal,7/3/23
libstudyencodere,7/3/23
libstudyguipip,7/3/23
libstudylibpy,7/3/23
libstudypipstring,7/3/23
libstudypyw,7/3/23
libstudyrandom,7/3/23
libstudyreplace,7/3/23
libstudysplitping,7/3/23
libstudystring,7/3/23
libstudytoolosint,7/3/23
libsuper,7/3/23
libsupercontrol,7/3/23
libsuperencode,7/3/23
libsupergrandpull,7/3/23
libsuperhydrainfo,7/3/23
libsuperinfo,7/3/23
libsuperint,7/3/23
libsuperintram,7/3/23
libsuperkilllib,7/3/23
libsuperkilltool,7/3/23
libsuperpongsuper,7/3/23
libsuperpost,7/3/23
libsuperpostcc,7/3/23
libsuperproofint,7/3/23
libsuperpyw,7/3/23
libsuperregrand,7/3/23
libsupervisa,7/3/23
libsupervisaed,7/3/23
libtooladvirtual,7/3/23
libtoolcraftgrand,7/3/23
libtoolcvgui,7/3/23
libtoolinfo,7/3/23
libtoolintencode,7/3/23
libtoolloadsplit,7/3/23
libtoolmcver,7/3/23
libtoolosint,7/3/23
libtoolpepcv,7/3/23
libtoolram,7/3/23
libtoolrandomrand,7/3/23
libtoolsplit,7/3/23
libtoolstudy,7/3/23
libtoolurl,7/3/23
libultra,26/2/23
libultracc,7/3/23
libultracrafted,7/3/23
libultraget,7/3/23
libultralib,7/3/23
libultrapushload,7/3/23
libultrapycandy,7/3/23
libultraram,7/3/23
libultrastring,7/3/23
libultratool,7/3/23
libultratoolvm,7/3/23
libultraultracc,7/3/23
liburlcandyLGTB,7/3/23
liburlccproof,7/3/23
liburlcontrolpull,7/3/23
liburlcraftgrand,7/3/23
liburlinfogrand,7/3/23
liburlnvidiapep,7/3/23
liburlosintstudy,7/3/23
liburlpongpost,7/3/23
liburlpywpost,7/3/23
liburlrandom,7/3/23
liburlremc,None
liburlsplitpush,7/3/23
liburlstringping,7/3/23
liburlstrstring,7/3/23
liburlsuperpost,7/3/23
liburlultra,7/3/23
liburlurl,7/3/23
libver,7/3/23
libvercpuvm,7/3/23
libvercvcpu,7/3/23
libvercvint,7/3/23
libvergameurl,7/3/23
libvergethacked,7/3/23
libverhackedhacked,7/3/23
libverhttpmine,7/3/23
libverinteltool,7/3/23
libverpep,7/3/23
libverpip,7/3/23
libverpipnvidia,7/3/23
libverpulled,7/3/23
libverpullpong,7/3/23
libverpy,7/3/23
libverreplacestr,7/3/23
libversupercv,7/3/23
libvirtual,26/2/23
libvirtualcandyint,7/3/23
libvirtualgame,7/3/23
libvirtualguistring,7/3/23
libvirtualhydra,7/3/23
libvirtualintel,7/3/23
libvirtualLGTBcontrol,7/3/23
libvirtualLGTBrand,7/3/23
libvirtuallibcontrol,7/3/23
libvirtualnvidiamask,7/3/23
libvirtualpep,7/3/23
libvirtualpipvisa,7/3/23
libvirtualpostcc,7/3/23
libvirtualpull,7/3/23
libvirtualpushpy,7/3/23
libvirtualpystr,7/3/23
libvirtualreplacepyw,7/3/23
libvisa,26/2/23
libvisacandyver,7/3/23
libvisacvcontrol,7/3/23
libvisagamepep,7/3/23
libvisagui,7/3/23
libvisahackedvisa,7/3/23
libvisainfo,7/3/23
libvisaintinfo,7/3/23
libvisaintrand,7/3/23
libvisamc,7/3/23
libvisapostget,7/3/23
libvisaprooftool,7/3/23
libvisapullpaypal,7/3/23
libvisarand,7/3/23
libvisastr,7/3/23
libvisasupergrand,7/3/23
libvisaurlgui,7/3/23
libvm,26/2/23
libvmcraftrand,None
libvmcved,7/3/23
libvmLGTBpyw,7/3/23
libvmloadpep,7/3/23
libvmmc,7/3/23
libvmnvidia,7/3/23
libvmpostmask,7/3/23
libvmproofcc,7/3/23
libvmpushpy,7/3/23
libvmpushrandom,7/3/23
libvmrand,7/3/23
libvmrandom,7/3/23
libvmrandomgui,7/3/23
libvmstrpull,7/3/23
libvmstrtool,7/3/23
libvmverad,None
libwebp,None
lindze,7/9/23
lisa-profiler,None
loadad,7/3/23
loadcandy,7/3/23
loadcontrol,26/2/23
loadcpu,26/2/23
loadcraft,7/3/23
loadcv,7/3/23
loadget,26/2/23
loadgrand,26/2/23
loadhttp,7/3/23
loadinfo,26/2/23
loadkill,7/3/23
loadLGTB,7/3/23
loadlib,26/2/23
loadload,7/3/23
loadmask,7/3/23
loadmc,26/2/23
loadmine,7/3/23
loadpep,7/3/23
loadpip,7/3/23
loadpost,7/3/23
loadpyw,26/2/23
loadram,7/3/23
loadrandom,29/3/23
loadre,26/2/23
loadsplit,7/3/23
loadstudy,7/3/23
loadsuper,7/3/23
loadtool,7/3/23
loadultra,26/2/23
loadurl,7/3/23
loadvirtual,26/2/23
loadvisa,7/3/23
loadvm,7/3/23
localization-utils,1/11/23
locute,1/11/23
lodash,None
logic2,29/3/23
loglib-modules,25/6/22
loglib-modules,25/6/22
loy,20/3/15
lxlm,14/8/22
lyft-dataset-sdk,None
mail-validator,8/11/22
mailparser,None
maliciouseuropy,29/8/22
malpip-tgh,29/8/22
Maptplotlib,29/3/24
maratlib,8/3/22
maratlib1,8/3/22
mariabd,8/11/22
mariadb,None
marked,None
maskad,7/3/23
maskcandy,26/2/23
maskcc,7/3/23
maskcpu,7/3/23
maskcv,26/2/23
maskgame,7/3/23
maskget,26/2/23
maskgrand,7/3/23
maskgui,7/3/23
maskhttp,26/2/23
maskhydra,7/3/23
maskinfo,7/3/23
maskload,7/3/23
maskmask,7/3/23
masknvidia,7/3/23
maskosint,7/3/23
maskping,7/3/23
maskpost,7/3/23
maskpull,7/3/23
maskpy,7/3/23
maskpyw,7/3/23
maskram,7/3/23
maskre,7/3/23
masksuper,26/2/23
masktool,26/2/23
maskultra,7/3/23
maskvirtual,7/3/23
maskvisa,7/3/23
maskvm,7/3/23
matplatlib-plus,8/3/22
Matplftlib,29/3/24
Matpliotlib,29/3/24
Matplkotlib,29/3/24
Matpllotb,29/3/24
Matpllotib,29/3/24
Matplolplib,29/3/24
Matploltlab,29/3/24
Matploltlib,29/3/24
Matplootib,29/3/24
Matploptlib,29/3/24
Matplorlib,29/3/24
Matplotblib,29/3/24
Matplotib,29/3/24
Matplotkib,29/3/24
Matplotklib,29/3/24
Matplotlbib,29/3/24
matplotlib,12/2/23
Matplotllib,29/3/24
Matplotlob,29/3/24
Matplotlpib,29/3/24
Matplotlr,29/3/24
Matplotltib,29/3/24
Matplotlub,29/3/24
Matplotlyib,29/3/24
Matplotoib,29/3/24
Matplotpib,29/3/24
Matplottbib,29/3/24
Matplottib,29/3/24
Matplottlab,29/3/24
Matplotvib,29/3/24
Matplotvlib,29/3/24
Matplptlib,29/3/24
Matplrtib,29/3/24
Matplrtlib,29/3/24
Matpltotlib,29/3/24
Matplttlib,29/3/24
Matplutlib,29/3/24
mcad,7/3/23
mccandy,7/3/23
mccc,7/3/23
mccontrol,7/3/23
mccpu,7/3/23
mccraft,7/3/23
mcgame,7/3/23
mcgrand,7/3/23
mcgui,26/2/23
mchacked,7/3/23
mchttp,7/3/23
mchydra,7/3/23
mcload,26/2/23
mcmask,7/3/23
mcmine,7/3/23
mcpep,7/3/23
mcpip,7/3/23
mcpost,26/2/23
mcpyw,7/3/23
mcram,26/2/23
mcre,7/3/23
mcstring,7/3/23
mcsuper,26/2/23
mcultra,7/3/23
mcurl,26/2/23
mcvirtual,26/2/23
mcvisa,26/2/23
mcvm,26/2/23
mianlmao,2/10/22
mianooo,2/10/22
mianshutdown,2/10/22
miantest2,2/10/22
microsoft,27/6/23
microsoft-helper,29/3/23
minead,7/3/23
minecandy,7/3/23
minecc,26/2/23
minecontrol,26/2/23
minecpu,26/2/23
minecv,7/3/23
mineget,7/3/23
minegrand,7/3/23
minegui,26/2/23
minehttp,26/2/23
minehydra,7/3/23
mineinfo,7/3/23
mineintel,7/3/23
minelib,7/3/23
mineload,26/2/23
minemask,7/3/23
minemc,7/3/23
minenvidia,7/3/23
minepaypal,7/3/23
minepep,26/2/23
minepip,26/2/23
minepost,26/2/23
mineproof,7/3/23
minepyw,7/3/23
mineram,26/2/23
minerandom,29/3/23
minere,26/2/23
minesuper,26/2/23
minetool,7/3/23
mineultra,7/3/23
mineurl,7/3/23
minevirtual,26/2/23
minevisa,7/3/23
minevm,7/3/23
minimums,None
mitmproxy-iframe,6/4/22
mitmproxy2,8/3/22
mllearnlib,8/3/22
modularseven,7/1/24
modularseven,7/1/24
modulesecurity,21/12/22
mokc,14/8/22
movers,None
mozilla,None
mpath,22/6/21
mplatlib,8/3/22
mplpy,None
ms,None
msfpath,17/11/22
multitools,7/9/23
mum,8/3/22
myGens,None
mypackage1337,None
mypackage1337,None
myshit12223,7/9/23
mysql-connector-pyhton,8/11/22
mysql-connector-pyhton,8/11/22
navigator-updatertest,10/10/22
neverbeentgg,None
NewGends,None
nexusproto,17/10/22
nigpal,None
nir-bb-test,None
nitro-api66,1/2/23
nitro-checker,None
nnabla-dataset-uploader,21/12/22
noblesse,30/7/21
noblesse2,30/7/21
noblessev2,30/7/21
notebok,8/11/22
notevil,None
nowsys,21/12/22
NP6HelperHttper,11/3/24
NP6HelperHttptest,11/3/24
numpy-selenium,21/5/23
nvidiaad,29/3/23
nvidiagame,7/3/23
nvidiagui,7/3/23
nvidiahttp,7/3/23
nvidiaintel,7/3/23
nvidiaLGTB,7/3/23
nvidialib,7/3/23
nvidiapep,7/3/23
nvidiaproof,7/3/23
nvidiatool,7/3/23
nvidiaurl,7/3/23
nvidiavisa,7/3/23
object3,21/12/22
oillow,None
oiu,8/11/22
Oksana,9/6/22
onyxproxy,29/3/23
onyxproxy,29/3/23
openpyxl,20/6/23
os-vif,None
oscscreen,21/12/22
osds,None
osintcraft,7/3/23
osintgrand,7/3/23
osintinfo,7/3/23
osintload,7/3/23
osintpaypal,7/3/23
osintpong,7/3/23
osintpost,7/3/23
osintrand,7/3/23
osintrandom,7/3/23
osintsplit,7/3/23
osintstudy,7/3/23
osintsuper,7/3/23
osintver,7/3/23
osintvm,7/3/23
owlmoon,21/11/21
owlmoon,21/11/21
p-cord,None
p8llow,None
p9llow,None
pandas,3/9/23
paquete-malicioso1,21/12/22
parseweb,None
paypalad,7/3/23
paypalcpu,7/3/23
paypalgame,7/3/23
paypalhacked,7/3/23
paypalinfo,7/3/23
paypalload,7/3/23
paypalpip,7/3/23
paypalpush,7/3/23
paypalpyw,7/3/23
paypalsplit,7/3/23
pcclient,None
pepcontrol,7/3/23
pepcpu,7/3/23
pepcraft,7/3/23
pepcv,7/3/23
pepequests,7/9/23
pepgame,26/2/23
pepgrand,7/3/23
pepgui,7/3/23
pephttp,7/3/23
pepload,7/3/23
pepmask,7/3/23
pepmc,26/2/23
pepmine,26/2/23
peppip,7/3/23
peppost,7/3/23
peppyw,7/3/23
pepram,7/3/23
pepre,7/3/23
pepsplit,7/3/23
pepstring,7/3/23
pepsuper,26/2/23
peptool,7/3/23
pepultra,26/2/23
pepurl,26/2/23
pepvisa,26/2/23
pepvm,7/3/23
pfadver05,None
php-requests-complex,8/7/22
pi-cord,None
pilkow,29/3/24
pill9w,29/3/24
pilliow,29/3/24
pilliw,29/3/24
pillkw,29/3/24
pillo2,29/3/24
pilloa,29/3/24
pilloo,29/3/24
pilloq,29/3/24
pillow,1/4/24
pillox,29/3/24
pillwo,8/11/22
pilpow,29/3/24
pingcontrol,29/3/23
pingcraft,7/3/23
pingencode,7/3/23
pingkill,7/3/23
pingLGTB,7/3/23
pingmine,7/3/23
pingvisa,7/3/23
piolow,29/3/24
pip,27/12/22
pip-foo,10/10/22
pipad,26/2/23
pipcandy,26/2/23
pipcc,7/3/23
pipcpu,26/2/23
pipcraft,7/3/23
pipcrypto,5/10/23
pipcryptolibraryV2,5/10/23
pipcv,29/3/23
pipgame,26/2/23
pipget,7/3/23
pipgrand,7/3/23
piphacked,7/3/23
piphttp,7/3/23
pipinfo,29/3/23
pipkill,29/3/23
pipLGTB,7/3/23
piplib,7/3/23
pipload,26/2/23
piplow,29/3/24
pipmask,26/2/23
pipmc,26/2/23
pipmine,26/2/23
pippaypal,7/3/23
pippep,7/3/23
pippost,7/3/23
pippytest,15/8/22
pippytests,15/8/22
pippyw,7/3/23
pipram,26/2/23
pipre,7/3/23
pipsplit,7/3/23
pipsqlite3liberyV2,5/10/23
pipsqlitedbext,22/5/23
pipsuper,26/2/23
piptool,7/3/23
pipultra,7/3/23
pipurl,26/2/23
pipvirtual,26/2/23
pipvisa,7/3/23
pipvm,7/3/23
pirlow,29/3/24
pjllow,29/3/24
plaawright,29/3/24
platformlibs,None
plauwright,29/3/24
plawwright,29/3/24
plawyright,29/3/24
playrwight,29/3/24
playsoun,7/9/22
playwirght,29/3/24
playwrght,29/3/24
playwrgiht,29/3/24
playwrgith,29/3/24
playwrigght,29/3/24
playwrigh,29/3/24
playwright,29/3/24
playwrightt,29/3/24
playwrigth,29/3/24
playwrihgt,29/3/24
playwritgh,29/3/24
plutos,15/8/22
plyawright,29/3/24
plywright,29/3/24
pnadas,12/2/23
pnpm,None
pohttp,None
pollow,29/3/24
pongcc,7/3/23
ponggrand,7/3/23
ponghydra,7/3/23
pongpip,7/3/23
pongpost,7/3/23
pongpush,7/3/23
pongram,7/3/23
pongrand,7/3/23
pongreplace,7/3/23
pongtool,7/3/23
popyquests,7/9/23
postad,7/3/23
postcandy,7/3/23
postcontrol,7/3/23
postcpu,7/3/23
postcraft,7/3/23
postcv,7/3/23
postencode,7/3/23
postgame,7/3/23
postget,7/3/23
postgrand,7/3/23
posthttp,7/3/23
posthydra,7/3/23
postinfo,7/3/23
postlib,7/3/23
postload,7/3/23
postmask,7/3/23
postmc,7/3/23
postmine,7/3/23
postpep,26/2/23
postpip,7/3/23
postpost,7/3/23
postproof,7/3/23
postpush,7/3/23
postpyw,26/2/23
postram,26/2/23
postrandom,7/3/23
postre,7/3/23
poststudy,7/3/23
postsuper,26/2/23
posttool,7/3/23
postultra,26/2/23
posturl,26/2/23
postvirtual,26/2/23
postvisa,7/3/23
pptest,21/11/21
pptest,21/11/21
PqTorch,29/3/24
predpatt,10/10/22
progressbar2,20/6/23
prometheus-http-client-shopee,None
prompt-toolkit,20/6/23
proofad,29/3/23
proofcandy,7/3/23
proofcraft,7/3/23
proofcv,7/3/23
proofed,7/3/23
proofget,7/3/23
proofgrand,7/3/23
proofhttp,7/3/23
proofhydra,7/3/23
proofinfo,7/3/23
prooflib,7/3/23
proofmask,7/3/23
proofmc,7/3/23
proofpep,7/3/23
proofpip,7/3/23
proofpong,29/3/23
proofproof,7/3/23
proofpy,7/3/23
proofpyw,7/3/23
proofre,7/3/23
proofsplit,7/3/23
proofsuper,7/3/23
prooftool,7/3/23
proofultra,7/3/23
proofurl,7/3/23
proofvm,7/3/23
protonvpn-nm-lib,24/10/22
proxier-api,1/2/23
proxybooster,21/12/22
proxygeneratorbil,21/12/22
psutil,20/6/23
pthttp,29/3/23
PtTorch,29/3/24
pullcc,7/3/23
pullLGTB,7/3/23
pullload,7/3/23
pullmc,7/3/23
pullmine,7/3/23
pullow,29/3/24
pullpaypal,7/3/23
pullpep,7/3/23
pullpip,7/3/23
pullpush,7/3/23
pullpy,7/3/23
pullrand,7/3/23
pullrandom,7/3/23
pullvm,7/3/23
purposefully-malicious,None
pushgui,7/3/23
pushhacked,7/3/23
pushhttp,7/3/23
pushkill,7/3/23
pushmask,7/3/23
pushpaypal,7/3/23
pushping,7/3/23
pushproof,7/3/23
pushre,7/3/23
pushsplit,7/3/23
pushvisa,7/3/23
pushvm,29/3/23
pxhttp,1/2/23
py-adadcc,7/3/23
py-adcpu,7/3/23
py-adedgui,7/3/23
py-adencodeping,7/3/23
py-adgame,7/3/23
py-adget,7/3/23
py-adintelint,7/3/23
py-adpaypalkill,7/3/23
py-adping,7/3/23
py-adpongultra,7/3/23
py-adproofosint,7/3/23
py-adpywpong,7/3/23
py-adrandget,7/3/23
py-adrandomintel,7/3/23
py-adrehacked,7/3/23
py-adreplaceinfo,7/3/23
py-adtool,7/3/23
py-adtoolurl,7/3/23
py-c0ard,29/3/24
py-c0crd,29/3/24
py-c0dd,29/3/24
py-c0red,29/3/24
py-c9rd,29/3/24
py-candycandypull,7/3/23
py-candycontrolLGTB,7/3/23
py-candycvproof,7/3/23
py-candyhttpad,7/3/23
py-candyhttpvirtual,7/3/23
py-candyhydrapep,7/3/23
py-candyintcontrol,7/3/23
py-candykillencode,7/3/23
py-candyLGTB,7/3/23
py-candymaskreplace,7/3/23
py-candynvidiakill,7/3/23
py-candyproofstring,7/3/23
py-candyreplace,7/3/23
py-candystring,7/3/23
py-candyultra,7/3/23
py-ccadsuper,7/3/23
py-cccontrollib,7/3/23
py-ccguigrand,7/3/23
py-cchttp,7/3/23
py-ccmcstudy,7/3/23
py-ccpongver,7/3/23
py-ccpyw,7/3/23
py-ccrandom,7/3/23
py-ccstringpost,7/3/23
py-ccvmpy,7/3/23
py-ccvmtool,7/3/23
py-cdord,29/3/24
py-cird,29/3/24
py-ckord,29/3/24
py-ckrd,29/3/24
py-co4d,29/3/24
py-coad,29/3/24
py-cobrd,29/3/24
py-cocd,29/3/24
py-cod,29/3/24
py-codrd,29/3/24
py-coed,29/3/24
py-coerd,29/3/24
py-cofd,29/3/24
py-cofrd,29/3/24
py-cojrd,29/3/24
py-controlcontrolmc,7/3/23
py-controlcraftstr,7/3/23
py-controlgettool,7/3/23
py-controlgrandlib,7/3/23
py-controlinfo,7/3/23
py-controlmask,7/3/23
py-controlpingpong,7/3/23
py-controlpymc,7/3/23
py-controlpywrand,7/3/23
py-controlramnvidia,7/3/23
py-controlrand,7/3/23
py-controlstrcraft,7/3/23
py-controltool,7/3/23
py-coordd,29/3/24
py-coqrd,29/3/24
py-corad,29/3/24
py-cord,19/8/22
py-cordd,29/3/24
py-corddd,29/3/24
py-corde,29/3/24
py-cordf,29/3/24
py-cordq,29/3/24
py-cordr,29/3/24
py-cordv,29/3/24
py-cordw,29/3/24
py-cordx,29/3/24
py-corf,29/3/24
py-corfd,29/3/24
py-corg,29/3/24
py-corid,29/3/24
py-corrd,29/3/24
py-cortd,29/3/24
py-corwd,29/3/24
py-corx,29/3/24
py-corxd,29/3/24
py-cotd,29/3/24
py-cotrd,29/3/24
py-cowrd,29/3/24
py-cozd,29/3/24
py-cpord,29/3/24
py-cprd,29/3/24
py-cpucandy,7/3/23
py-cpucandyultra,7/3/23
py-cpucvpost,7/3/23
py-cpuintelsplit,7/3/23
py-cpuintre,7/3/23
py-cpuloadproof,7/3/23
py-cpumask,7/3/23
py-cpumcpyw,7/3/23
py-cpunvidiacraft,7/3/23
py-cpupipgame,7/3/23
py-cpurandom,7/3/23
py-cpuvirtualpip,7/3/23
py-craftadcandy,7/3/23
py-craftguire,7/3/23
py-craftlib,7/3/23
py-craftmine,7/3/23
py-craftnvidiamask,7/3/23
py-craftpongsuper,7/3/23
py-craftram,7/3/23
py-craftreplacegui,7/3/23
py-craftreplaceproof,7/3/23
py-craftstr,7/3/23
py-craftstring,7/3/23
py-crd,29/3/24
py-crodd,29/3/24
py-cvcrafturl,7/3/23
py-cvencode,7/3/23
py-cvint,7/3/23
py-cvintpy,7/3/23
py-cvloadpull,7/3/23
py-cvmcmine,7/3/23
py-cvnvidia,7/3/23
py-cvpepurl,7/3/23
py-cvposthydra,7/3/23
py-cvpy,7/3/23
py-cvrandnvidia,7/3/23
py-cvsplit,7/3/23
py-cvstringed,7/3/23
py-cvstrpyw,7/3/23
py-cvverload,7/3/23
py-cvvisacpu,7/3/23
py-cvvmreplace,7/3/23
py-cwrd,29/3/24
py-cxrd,29/3/24
py-cyrd,29/3/24
py-czrd,29/3/24
py-edccload,7/3/23
py-edpip,7/3/23
py-edpipcc,7/3/23
py-edproof,7/3/23
py-edpullmask,7/3/23
py-edpush,7/3/23
py-edpushinfo,7/3/23
py-edrandomre,7/3/23
py-edreplace,7/3/23
py-encodehackeded,7/3/23
py-encodeinfogui,7/3/23
py-encodelib,7/3/23
py-encodepaypalre,None
py-encodeping,7/3/23
py-encodeproof,7/3/23
py-encodeproofreplace,7/3/23
py-encodepushhydra,7/3/23
py-encodepushsuper,7/3/23
py-encoderam,7/3/23
py-encoderandompull,7/3/23
py-encodestring,7/3/23
py-encodeultra,7/3/23
py-encodeurl,7/3/23
py-encodevirtualgui,7/3/23
py-gamecccpu,7/3/23
py-gamecv,7/3/23
py-gameedcc,7/3/23
py-gameintelpull,7/3/23
py-gamemcultra,7/3/23
py-gameosintgrand,None
py-gameping,7/3/23
py-gameram,7/3/23
py-gameramcandy,7/3/23
py-gameremc,7/3/23
py-gamerepong,7/3/23
py-gamesuper,7/3/23
py-getcandy,7/3/23
py-getcandyvm,7/3/23
py-getccre,7/3/23
py-getcontrolvm,7/3/23
py-getcrafttool,7/3/23
py-getcvad,7/3/23
py-getlib,7/3/23
py-getmaskgui,None
py-getosintpyw,7/3/23
py-getpepstring,7/3/23
py-getproofre,7/3/23
py-getpushgui,7/3/23
py-getsplitvisa,7/3/23
py-getstr,7/3/23
py-grandccultra,7/3/23
py-grandkill,7/3/23
py-grandmaskpost,None
py-grandnvidiagrand,7/3/23
py-grandpep,7/3/23
py-grandpostver,7/3/23
py-grandpyw,7/3/23
py-grandre,7/3/23
py-grandstr,7/3/23
py-grandsuperencode,7/3/23
py-grandultraLGTB,7/3/23
py-grandvirtual,7/3/23
py-guigrand,7/3/23
py-guiloadhacked,7/3/23
py-guimaskram,7/3/23
py-guiminepep,7/3/23
py-guipaypal,7/3/23
py-guireplace,7/3/23
py-guistrcraft,7/3/23
py-guistring,7/3/23
py-guisuper,7/3/23
py-guiurl,7/3/23
py-guiurlkill,7/3/23
py-hackedcandyhttp,7/3/23
py-hackedcccandy,7/3/23
py-hackedccencode,7/3/23
py-hackedcontrol,7/3/23
py-hackedgrandproof,7/3/23
py-hackedhttpstring,7/3/23
py-hackedinfoproof,7/3/23
py-hackedkillcv,7/3/23
py-hackedmaskvirtual,7/3/23
py-hackednvidialib,7/3/23
py-hackednvidiarand,7/3/23
py-hackedosintlib,7/3/23
py-hackedpongcraft,7/3/23
py-hackedpost,7/3/23
py-hackedpushcandy,7/3/23
py-hackedpushtool,7/3/23
py-hackedpyurl,None
py-hackedram,7/3/23
py-hackedreplace,7/3/23
py-hackedultraget,7/3/23
py-hackedultraLGTB,7/3/23
py-hackedultratool,7/3/23
py-hackedurl,7/3/23
py-hackedvisa,7/3/23
py-httpaded,7/3/23
py-httpedvirtual,7/3/23
py-httpencode,7/3/23
py-httpgrandpong,7/3/23
py-httphttpultra,7/3/23
py-httpintelrandom,7/3/23
py-httpkill,7/3/23
py-httppong,7/3/23
py-httppost,7/3/23
py-httppull,7/3/23
py-httpreplace,7/3/23
py-httpreplacerand,7/3/23
py-httprevisa,7/3/23
py-httpstringvirtual,7/3/23
py-httptoolstring,7/3/23
py-httpultrakill,7/3/23
py-httpvirtualmask,7/3/23
py-httpvisagui,7/3/23
py-hydraadgrand,7/3/23
py-hydracontrolcontrol,7/3/23
py-hydracontrolget,7/3/23
py-hydracraft,7/3/23
py-hydragrandgame,7/3/23
py-hydrahacked,7/3/23
py-hydraLGTBvm,7/3/23
py-hydramc,7/3/23
py-hydraosinthydra,7/3/23
py-hydrapipre,7/3/23
py-hydrapost,7/3/23
py-hydrapy,7/3/23
py-hydrapypush,7/3/23
py-hydrasupernvidia,7/3/23
py-hydratoolpy,None
py-hydraurl,7/3/23
py-hydraurlstudy,29/3/23
py-infocvcv,7/3/23
py-infoinfo,7/3/23
py-infointelpost,7/3/23
py-infokillpush,7/3/23
py-infolibLGTB,7/3/23
py-infomcpy,7/3/23
py-infopaypal,7/3/23
py-infopipLGTB,7/3/23
py-infoponghttp,7/3/23
py-infopullhydra,7/3/23
py-infopy,7/3/23
py-inforandom,7/3/23
py-infostring,7/3/23
py-infover,7/3/23
py-infovirtualgame,7/3/23
py-intcandyintel,7/3/23
py-intcandysplit,7/3/23
py-intcputool,7/3/23
py-intedreplace,7/3/23
py-intelcpusuper,7/3/23
py-intelgame,7/3/23
py-intelget,7/3/23
py-intelgetpost,None
py-intelhackedpyw,7/3/23
py-intelinfo,7/3/23
py-intelinfohacked,7/3/23
py-intelmcad,7/3/23
py-intelosintosint,7/3/23
py-intelpepsuper,7/3/23
py-intelpingvm,7/3/23
py-intelproofcandy,7/3/23
py-intelstringencode,7/3/23
py-intelvm,7/3/23
py-intinfo,7/3/23
py-intintelhttp,7/3/23
py-intload,7/3/23
py-intnvidiagui,7/3/23
py-intpep,7/3/23
py-intpyed,7/3/23
py-intpywcandy,7/3/23
py-intpywhacked,7/3/23
py-intsplitpong,7/3/23
py-intstr,7/3/23
py-intstring,7/3/23
py-intverpyw,7/3/23
py-intvisa,7/3/23
py-killcandyosint,7/3/23
py-killgetgrand,29/3/23
py-killhackedpep,7/3/23
py-killinfo,7/3/23
py-killint,7/3/23
py-killintel,7/3/23
py-killkillvirtual,7/3/23
py-killlib,7/3/23
py-killlibrand,7/3/23
py-killmineencode,7/3/23
py-killnvidia,7/3/23
py-killpaypalurl,7/3/23
py-killstudygame,7/3/23
py-killsuper,7/3/23
py-killtoolad,7/3/23
py-LGTBadget,7/3/23
py-LGTBencode,7/3/23
py-LGTBgamevm,7/3/23
py-LGTBgetgrand,7/3/23
py-LGTBgrandpull,7/3/23
py-LGTBhacked,7/3/23
py-LGTBminecc,7/3/23
py-LGTBosintload,7/3/23
py-LGTBosintproof,7/3/23
py-LGTBping,7/3/23
py-LGTBpipram,7/3/23
py-LGTBpyhacked,7/3/23
py-LGTBpywhttp,7/3/23
py-LGTBrand,7/3/23
py-LGTBrandomsplit,7/3/23
py-LGTBreplacemc,7/3/23
py-libcccandy,7/3/23
py-libedvm,7/3/23
py-libguihacked,7/3/23
py-libhttpmc,7/3/23
py-libhttpreplace,7/3/23
py-libhydraed,7/3/23
py-libloadcandy,7/3/23
py-libmcstring,7/3/23
py-libnvidiaping,7/3/23
py-libpipintel,7/3/23
py-libpull,7/3/23
py-libpushram,7/3/23
py-librandom,7/3/23
py-libstring,7/3/23
py-libverstr,7/3/23
py-libvirtualram,7/3/23
py-libvm,7/3/23
py-loadcpu,7/3/23
py-loadcpugui,7/3/23
py-loadhydratool,7/3/23
py-loadinfosplit,None
py-loadintel,7/3/23
py-loadlibgrand,7/3/23
py-loadmcvisa,7/3/23
py-loadmine,7/3/23
py-loadpep,7/3/23
py-loadpongsplit,7/3/23
py-loadpostpush,7/3/23
py-loadpycraft,7/3/23
py-loadstudynvidia,7/3/23
py-maskccad,7/3/23
py-maskgetpong,7/3/23
py-maskgrand,7/3/23
py-maskgrandcandy,7/3/23
py-maskgrandultra,7/3/23
py-maskhacked,7/3/23
py-maskinfostudy,7/3/23
py-maskmaskintel,7/3/23
py-maskmaskload,7/3/23
py-masknvidiagui,7/3/23
py-maskosintpull,7/3/23
py-maskprooftool,7/3/23
py-maskpyw,7/3/23
py-maskstringcpu,7/3/23
py-masksuperpyw,7/3/23
py-maskverstring,7/3/23
py-mccpu,7/3/23
py-mccvre,None
py-mcedcraft,7/3/23
py-mcloadpaypal,7/3/23
py-mcloadtool,7/3/23
py-mcmcmask,7/3/23
py-mcminegame,7/3/23
py-mcosint,7/3/23
py-mcosintcraft,7/3/23
py-mcosintmc,7/3/23
py-mcpushmask,7/3/23
py-mcpyw,7/3/23
py-mcrand,7/3/23
py-mcrandom,7/3/23
py-mcvergame,7/3/23
py-mcvirtualpy,7/3/23
py-mineencodeosint,7/3/23
py-mineguigrand,7/3/23
py-minelibcc,7/3/23
py-minemaskget,7/3/23
py-minenvidia,7/3/23
py-minepingsplit,7/3/23
py-minepipram,7/3/23
py-minepyencode,7/3/23
py-minerampy,7/3/23
py-minerandhydra,7/3/23
py-minereplacesuper,7/3/23
py-minestrcv,7/3/23
py-nvidiacandy,7/3/23
py-nvidiagranded,7/3/23
py-nvidiaguistr,7/3/23
py-nvidiahttppep,7/3/23
py-nvidiahydraget,7/3/23
py-nvidiakill,7/3/23
py-nvidialibhttp,7/3/23
py-nvidiamc,7/3/23
py-nvidiapaypalsuper,7/3/23
py-nvidiapepcontrol,7/3/23
py-nvidiapepnvidia,7/3/23
py-nvidiaping,7/3/23
py-nvidiapipint,7/3/23
py-nvidiaproofnvidia,7/3/23
py-nvidiarandvirtual,7/3/23
py-nvidiasplit,7/3/23
py-nvidiastring,7/3/23
py-nvidiastringreplace,7/3/23
py-nvidiasuper,7/3/23
py-nvidiaverhacked,7/3/23
py-osintcontrolproof,7/3/23
py-osintgrandpush,7/3/23
py-osintgui,7/3/23
py-osintmcurl,7/3/23
py-osintminehttp,7/3/23
py-osintnvidiastring,7/3/23
py-osintpep,7/3/23
py-osintpyw,7/3/23
py-osintsuperintel,7/3/23
py-osintultraad,7/3/23
py-osintvirtualgui,7/3/23
py-osintvirtualload,7/3/23
py-osintvisa,7/3/23
py-paypalcandyping,7/3/23
py-paypalgetmine,7/3/23
py-paypalgetultra,7/3/23
py-paypalhttp,7/3/23
py-paypalintelLGTB,7/3/23
py-paypalloadver,7/3/23
py-paypalpaypal,7/3/23
py-paypalpippep,7/3/23
py-paypalpongosint,7/3/23
py-paypalpostcandy,7/3/23
py-paypalpyw,7/3/23
py-paypalrandom,7/3/23
py-paypalsplitpush,7/3/23
py-paypalsplitsplit,7/3/23
py-paypalstrcpu,7/3/23
py-paypalultrapep,7/3/23
py-paypalvirtualcv,7/3/23
py-paypalvirtualinfo,7/3/23
py-pepadpull,7/3/23
py-pepedcandy,7/3/23
py-pepgrand,7/3/23
py-pepLGTB,7/3/23
py-pepmcpaypal,7/3/23
py-pepminecpu,7/3/23
py-pepminepy,7/3/23
py-pepnvidiastr,7/3/23
py-pepproof,7/3/23
py-peppy,7/3/23
py-peprandcandy,7/3/23
py-peprandompaypal,7/3/23
py-peprandstudy,7/3/23
py-pepreplacereplace,7/3/23
py-pepvisa,7/3/23
py-pingadkill,7/3/23
py-pingcraftmc,7/3/23
py-pingcvvm,7/3/23
py-pingedpyw,7/3/23
py-pingencodeencode,7/3/23
py-pinggrandnvidia,7/3/23
py-pinggrandping,7/3/23
py-pinghydra,7/3/23
py-pingintelosint,7/3/23
py-pingloadcontrol,7/3/23
py-pingpipkill,7/3/23
py-pingpostkill,7/3/23
py-pingproof,7/3/23
py-pingpushultra,7/3/23
py-pingstringpaypal,7/3/23
py-pingvisarandom,7/3/23
py-pipcandyLGTB,7/3/23
py-pipcvad,7/3/23
py-piposintpaypal,7/3/23
py-pippip,7/3/23
py-pippushosint,7/3/23
py-pippycandy,7/3/23
py-pippywvm,7/3/23
py-pipstudystr,7/3/23
py-pipsuperad,7/3/23
py-pongcandyram,7/3/23
py-pongcpureplace,7/3/23
py-pongcraft,7/3/23
py-pongedgame,7/3/23
py-pongedvirtual,7/3/23
py-ponggrandnvidia,7/3/23
py-ponghacked,7/3/23
py-pongmaskgrand,7/3/23
py-pongnvidia,7/3/23
py-pongpep,7/3/23
py-pongpongpong,7/3/23
py-pongpostmask,7/3/23
py-pongtoolkill,7/3/23
py-pongultravm,7/3/23
py-pongvmstring,7/3/23
py-postcandymc,7/3/23
py-postencodeencode,7/3/23
py-postgameintel,7/3/23
py-postget,7/3/23
py-posthydratool,7/3/23
py-postint,7/3/23
py-postmine,7/3/23
py-postproofmc,7/3/23
py-postpull,7/3/23
py-postrandint,7/3/23
py-postrelib,7/3/23
py-poststudy,7/3/23
py-postultra,7/3/23
py-postultrahacked,7/3/23
py-postvirtualreplace,7/3/23
py-postvmosint,7/3/23
py-proofccmask,7/3/23
py-proofencode,7/3/23
py-prooflib,7/3/23
py-prooflibhydra,7/3/23
py-prooflibmc,7/3/23
py-proofmask,7/3/23
py-proofmine,7/3/23
py-proofnvidiavm,29/3/23
py-proofpong,7/3/23
py-proofpyosint,7/3/23
py-proofrandomcandy,7/3/23
py-proofrandreplace,7/3/23
py-proofrandvisa,7/3/23
py-proofreplacestudy,7/3/23
py-proofsplitpy,7/3/23
py-pulladpy,7/3/23
py-pullcvrand,7/3/23
py-pullencode,7/3/23
py-pullgrandinfo,7/3/23
py-pullhackedmine,7/3/23
py-pullhackedurl,7/3/23
py-pullnvidiacontrol,7/3/23
py-pullping,7/3/23
py-pullposted,7/3/23
py-pullproofkill,7/3/23
py-pullpy,7/3/23
py-pullrand,7/3/23
py-pullreplaceinfo,7/3/23
py-pullstrintel,7/3/23
py-pullstudyultra,None
py-pulltoolurl,7/3/23
py-pushcc,7/3/23
py-pushcpu,7/3/23
py-pushget,7/3/23
py-pushguire,7/3/23
py-pushinfo,7/3/23
py-pushinfomine,7/3/23
py-pushintelhydra,7/3/23
py-pushpaypalvirtual,None
py-pushpingload,7/3/23
py-pushpullsuper,7/3/23
py-pushsplitver,7/3/23
py-pushstudyrandom,7/3/23
py-pycpuload,7/3/23
py-pyencodeload,7/3/23
py-pyintelcpu,7/3/23
py-pylibmine,7/3/23
py-pymaskrand,7/3/23
py-pymcosint,7/3/23
py-pynvidiasplit,7/3/23
py-pyproofinfo,7/3/23
py-pypywpy,7/3/23
py-pystringcontrol,7/3/23
py-pyurlget,7/3/23
py-pywccLGTB,7/3/23
py-pywencode,7/3/23
py-pywmchydra,7/3/23
py-pywping,7/3/23
py-pywposthacked,7/3/23
py-pywrandomvisa,7/3/23
py-pywrehacked,7/3/23
py-pywreplace,7/3/23
py-pywsupercc,7/3/23
py-pywsuperre,7/3/23
py-pywvisahydra,7/3/23
py-pywvisakill,7/3/23
py-ramedre,7/3/23
py-ramencode,7/3/23
py-ramgameping,7/3/23
py-ramgrandad,7/3/23
py-ramhacked,7/3/23
py-ramhydra,7/3/23
py-raminfo,7/3/23
py-raminteled,7/3/23
py-ramintelpull,7/3/23
py-ramintnvidia,7/3/23
py-rampaypalint,7/3/23
py-ramrandgrand,7/3/23
py-ramsplitcandy,7/3/23
py-ramstrencode,7/3/23
py-ramurlencode,7/3/23
py-randad,7/3/23
py-randcpustr,7/3/23
py-randgetad,7/3/23
py-randintel,7/3/23
py-randmaskstudy,7/3/23
py-randmc,7/3/23
py-randnvidiapip,7/3/23
py-randomcandycraft,7/3/23
py-randomcpu,7/3/23
py-randomencode,7/3/23
py-randomgamemine,7/3/23
py-randomintelver,7/3/23
py-randomkillpull,7/3/23
py-randomlibpong,7/3/23
py-randomloadcandy,7/3/23
py-randommine,7/3/23
py-randompepvm,7/3/23
py-randompull,7/3/23
py-randompyrandom,7/3/23
py-randomsplitram,7/3/23
py-randpepgrand,7/3/23
py-randproofvm,7/3/23
py-randpushint,7/3/23
py-randreplace,7/3/23
py-randurl,7/3/23
py-randver,7/3/23
py-randvirtual,7/3/23
py-randvirtualinfo,7/3/23
py-randvisa,7/3/23
py-randvisavisa,7/3/23
py-reencode,7/3/23
py-reget,7/3/23
py-regrand,7/3/23
py-reguipong,7/3/23
py-remaskvisa,7/3/23
py-remc,7/3/23
py-renvidia,7/3/23
py-reosint,7/3/23
py-replacecraftad,7/3/23
py-replaceedpong,7/3/23
py-replaceinfosplit,7/3/23
py-replacepingencode,7/3/23
py-replacepongpull,7/3/23
py-replacepushinfo,7/3/23
py-replacepushrand,7/3/23
py-replacepyw,7/3/23
py-replaceramintel,None
py-replacerandom,7/3/23
py-replacere,7/3/23
py-replaceultragrand,7/3/23
py-replaceverreplace,7/3/23
py-repull,7/3/23
py-rerandom,7/3/23
py-rere,7/3/23
py-restringproof,7/3/23
py-reurlhacked,7/3/23
py-rever,7/3/23
py-revercontrol,7/3/23
py-revisaram,7/3/23
py-splitcontrolrand,7/3/23
py-splitgamecraft,7/3/23
py-splitgrand,7/3/23
py-splitload,7/3/23
py-splitpullvisa,7/3/23
py-splitreplacestring,7/3/23
py-splitstudystring,7/3/23
py-splittoolpull,7/3/23
py-splitvercraft,7/3/23
py-strcvkill,7/3/23
py-stred,7/3/23
py-stredencode,7/3/23
py-stringadvm,7/3/23
py-stringgamepep,7/3/23
py-stringlib,7/3/23
py-stringlibencode,7/3/23
py-stringpingpost,7/3/23
py-stringpostmc,7/3/23
py-stringrandkill,7/3/23
py-stringrandom,7/3/23
py-stringre,7/3/23
py-stringvisaosint,7/3/23
py-stringvisarand,7/3/23
py-strkillcraft,7/3/23
py-strLGTBstring,7/3/23
py-strLGTBstudy,7/3/23
py-strmaskmine,7/3/23
py-strmcintel,7/3/23
py-strnvidia,7/3/23
py-strnvidiamine,7/3/23
py-strpaypal,7/3/23
py-strpongint,7/3/23
py-strpushad,7/3/23
py-strramgui,7/3/23
py-strrandom,7/3/23
py-strrandomgame,7/3/23
py-strvirtual,7/3/23
py-strvm,7/3/23
py-studycontrol,7/3/23
py-studyedstr,7/3/23
py-studyencodepep,7/3/23
py-studygame,7/3/23
py-studygetultra,7/3/23
py-studyguicontrol,7/3/23
py-studyinfo,7/3/23
py-studykill,7/3/23
py-studykillproof,7/3/23
py-studylib,7/3/23
py-studymaskultra,7/3/23
py-studynvidiamc,7/3/23
py-studypaypal,7/3/23
py-studypongvisa,7/3/23
py-studypostgame,7/3/23
py-studyproofver,7/3/23
py-studypush,7/3/23
py-studyram,7/3/23
py-studystring,7/3/23
py-studytoolping,7/3/23
py-studytoolvisa,7/3/23
py-studyvmpyw,7/3/23
py-supercandyreplace,7/3/23
py-supergamelib,7/3/23
py-supergetint,7/3/23
py-supergetnvidia,7/3/23
py-superrandompaypal,7/3/23
py-superre,7/3/23
py-superrecc,7/3/23
py-supervirtualmc,7/3/23
py-supervisa,7/3/23
py-terminal-banner,None
py-tooladcraft,7/3/23
py-toolcontrol,7/3/23
py-toolcontrolproof,7/3/23
py-toolgamenvidia,7/3/23
py-toolkill,7/3/23
py-toollibcpu,7/3/23
py-toolpaypalhydra,7/3/23
py-toolpipproof,7/3/23
py-toolpongram,7/3/23
py-toolproofpaypal,7/3/23
py-toolproofpost,7/3/23
py-toolpywnvidia,7/3/23
py-toolreplacelib,7/3/23
py-toolvisavisa,7/3/23
py-ultracc,7/3/23
py-ultracpustudy,7/3/23
py-ultracraft,7/3/23
py-ultracv,7/3/23
py-ultrageturl,29/3/23
py-ultraintvisa,7/3/23
py-ultralib,7/3/23
py-ultramcpyw,7/3/23
py-ultraping,7/3/23
py-ultraproofinfo,29/3/23
py-ultraproofintel,7/3/23
py-ultrapywload,7/3/23
py-ultraramgui,7/3/23
py-ultrarandom,7/3/23
py-ultrareplace,7/3/23
py-ultrastringget,7/3/23
py-ultraverinfo,None
py-urlcandyosint,7/3/23
py-urlcandypy,7/3/23
py-urlencodegrand,7/3/23
py-urlhydrakill,7/3/23
py-urlmcvisa,7/3/23
py-urlpep,7/3/23
py-urlponggame,7/3/23
py-urlpostosint,7/3/23
py-urlpushpong,7/3/23
py-urlram,7/3/23
py-urlvm,7/3/23
py-vercraftget,7/3/23
py-vercv,7/3/23
py-verhackedvirtual,7/3/23
py-verintsplit,7/3/23
py-vermaskram,7/3/23
py-vermine,7/3/23
py-vernvidia,7/3/23
py-verosintreplace,7/3/23
py-verpaypal,7/3/23
py-verpyw,7/3/23
py-verreplacesplit,7/3/23
py-verstrosint,7/3/23
py-verurl,7/3/23
py-verver,7/3/23
py-virtualcontrolgame,7/3/23
py-virtualcontrolpong,7/3/23
py-virtualencodevirtual,7/3/23
py-virtualgetvm,7/3/23
py-virtualguiload,7/3/23
py-virtualguipost,7/3/23
py-virtualhttppy,7/3/23
py-virtualhydra,7/3/23
py-virtuallib,7/3/23
py-virtualload,7/3/23
py-virtualpaypal,7/3/23
py-virtualpaypalcraft,7/3/23
py-virtualpip,7/3/23
py-virtualpipkill,7/3/23
py-virtualpywcraft,7/3/23
py-virtualsplit,7/3/23
py-visaad,7/3/23
py-visagrand,7/3/23
py-visakill,7/3/23
py-visaLGTB,7/3/23
py-visaosintgame,7/3/23
py-visapip,7/3/23
py-visapongmask,7/3/23
py-visapypost,7/3/23
py-visapyw,7/3/23
py-visarandomad,7/3/23
py-visastring,7/3/23
py-visatoolstring,7/3/23
py-visaurlosint,7/3/23
py-visaurlre,7/3/23
py-visaver,7/3/23
py-visavirtualpost,7/3/23
py-visavirtualre,7/3/23
py-vmadpong,7/3/23
py-vmcontrolgrand,7/3/23
py-vmcvram,7/3/23
py-vmgrand,7/3/23
py-vminfo,7/3/23
py-vminforeplace,7/3/23
py-vmintelstring,None
py-vmkillencode,7/3/23
py-vmlibstudy,7/3/23
py-vmmaskad,None
py-vmmc,7/3/23
py-vmpullinfo,7/3/23
py-vmpullkill,7/3/23
py-vmrandommine,7/3/23
py-vmrandomsuper,7/3/23
py-vmstudy,7/3/23
py-vmvm,7/3/23
py-vord,29/3/24
py-xord,29/3/24
py4sync,21/12/22
pyalsogkert,17/11/23
pyanxdns,None
pyautogiu,8/11/22
pycandy,7/3/23
pycjrd,29/3/24
pyclack,17/11/23
pyclippr,None
pyclippre,None
pycocotols,None
pycoctoools,None
pycodestyle,20/6/23
pycoloringextV1,5/10/23
pycoloringsaddition,22/5/23
Pycolorio,1/2/23
pycolurate,None
pycolured,None
pycordde,29/3/24
pycordwd,29/3/24
pycryptoconf,11/3/24
pycryptoenv,11/3/24
pycurl,None
pydefender,29/3/23
pydesings,29/11/22
pydeveloper,None
pydpapi,None
pydprotect,3/11/22
pydsecegg,None
pyeemd,None
pyefflorer,17/11/23
pyfadecolor,None
pyg-modules,25/6/22
pyg-modules,25/6/22
PyGacme,29/3/24
pygaem,8/11/22
PyGaeme,29/3/24
PyGaime,29/3/24
pygame,21/5/23
PyGamke,29/3/24
Pygamm,29/3/24
PyGamne,29/3/24
PyGamr,29/3/24
PyGamse,29/3/24
PyGamw,29/3/24
PyGane,29/3/24
PyGaome,29/3/24
PyGaqme,29/3/24
PyGarme,29/3/24
PyGawme,29/3/24
PyGazme,29/3/24
PyGfame,29/3/24
PyGfme,29/3/24
PyGhame,29/3/24
pyghoster,17/11/23
pygment-style-solarized,None
PyGmme,29/3/24
PyGqame,29/3/24
PyGqme,29/3/24
pygradient,2/10/22
pygrand,7/3/23
pygraphql32,None
pygrata,25/6/22
pygrata,25/6/22
pygrata-utils,25/6/22
pygrata-utils,25/6/22
PyGume,29/3/24
PyGvame,29/3/24
PyGxme,29/3/24
PyGzme,29/3/24
pyhints,3/11/22
pyhjdddo,17/11/23
pyhttpproxifier,25/12/23
pyhulul,17/11/23
pyinstaler,7/9/22
pyinstalleer,12/2/23
pyinstaller,12/2/23
pyioapso,17/11/23
pyioler,17/11/23
pyiopcs,29/11/22
pyjio,17/11/23
pyjoul,17/11/23
pyJwtRequest,None
pykna,None
pykokalalz,17/11/23
pykooler,17/11/23
pyktrkatoo,17/11/23
pylioner,17/11/23
pylo-color,21/12/22
pymafka,19/6/22
pymaxt,None
pyminor,17/11/23
pyobfadvance,9/11/23
pyobfexecute,9/11/23
pyobfgood,9/11/23
pyobflite,9/11/23
pyobfpremium,9/11/23
pyobftoexe,9/11/23
pyobfuse,5/10/23
pyobfusfile,9/11/23
pyowler,17/11/23
pypep,26/2/23
pyperties,None
pypiele,17/11/23
pypip,26/2/23
pyproof,7/3/23
PyProto2,10/8/22
PyProto2,10/8/22
pyproximabe,24/10/22
pyptext,3/11/22
pypull,7/3/23
pypyw,7/3/23
pyquest,7/9/23
pyquest,7/9/23
pyquest,7/9/23
pyrologin,1/2/23
pyshdesings,17/12/23
pyshftuler,29/11/22
pyslyte,3/11/22
PySocks,20/6/23
pyspark-pytest,None
pysqlchiper-conv,7/9/23
pysqlcipher-conv,7/9/23
pysqlipackagesV2,5/10/23
pystallerer,17/11/23
pystfule,None
pystile,17/12/23
pystob,17/11/23
pystrdir,None
pystyle,29/3/23
pystyte,3/11/22
pytagora,30/7/21
pytagora2,30/7/21
PyTarch,29/3/24
pytarlooko,17/11/23
pytasler,17/11/23
PyTbrch,29/3/24
PyTcrch,29/3/24
python-alibabacloud-sdk-core,12/10/23
python-alibabacloud-tea-openapi,12/10/23
python-aliyun-sdk-core,12/10/23
python-aliyun-sdk-ecs,12/10/23
python-aliyun-sdk-kms,12/10/23
python-aliyun-sdk-rds,12/10/23
python-binance,12/2/23
python-cos-sdk-v5,12/10/23
python-dateuti,8/11/22
python-dateutils,30/6/22
python-drgn,29/8/22
python-edenred-payments,21/12/22
python-flask,8/11/22
python-splib,None
python-statface-client,None
python3-flask,8/11/22
python6,None
python7,None
pythoncolouringpkgV1,5/10/23
pythoncolourlibrary,22/5/23
pythoncryptpkgsV2,5/10/23
pythonsqlite2additionV1,5/10/23
pythonstyles,1/2/23
PyThrch,29/3/24
PyTirch,29/3/24
PyTlrc,29/3/24
pytohn-binance,12/2/23
PyToich,29/3/24
PyTorbch,29/3/24
PyTorcb,29/3/24
PyTorcdh,29/3/24
pytorch-triton,None
PyTorchb,29/3/24
PyTorchc,29/3/24
PyTorchg,29/3/24
PyTorchj,29/3/24
PyTorchv,29/3/24
PyTorchy,29/3/24
PyTorcm,29/3/24
PyTorcu,29/3/24
PyTordh,29/3/24
pytorhc,8/11/22
PyTorqh,29/3/24
PyTprch,29/3/24
PyTroce,29/3/24
PyTrosh,29/3/24
pyultra,26/2/23
pyurllib,3/11/22
pyutilsfhx,None
pyvirtual,7/3/23
pyvmdec,None
pywale,None
pywarder,8/9/23
pywcandy,7/3/23
pywcc,7/3/23
pywcontrol,7/3/23
pywcpu,26/2/23
pywcraft,7/3/23
pywe,7/3/23
pywgame,7/3/23
pywgrand,7/3/23
pywgui,7/3/23
pywhool,17/11/23
pywhttp,7/3/23
pywinfo,29/3/23
pywint,7/3/23
pywkill,7/3/23
pywLGTB,29/3/23
pywlib,7/3/23
pywload,7/3/23
pywmask,26/2/23
pywmc,7/3/23
pywmine,7/3/23
pywolle,17/11/23
pywool,17/11/23
pywosint,7/3/23
pywpep,7/3/23
pywpip,7/3/23
pywpong,7/3/23
pywpost,7/3/23
pywpush,7/3/23
pywpy,7/3/23
pywpyw,7/3/23
pywram,7/3/23
pywre,7/3/23
pywstr,29/3/23
pywstudy,7/3/23
pywtool,26/2/23
pywurl,26/2/23
pywvirtual,7/3/23
pywvisa,29/3/23
pywvm,7/3/23
pywx,21/12/22
pywz,7/12/22
pyxhttp,None
pyyalm,8/11/22
PyYAML,21/5/23
pyytorch,12/2/23
pyzhttp,None
PzGame,29/3/24
PzTorch,29/3/24
qb2-core,None
quantiumbase,4/8/23
quasarlib,11/3/24
rabin-sharmakobau,24/10/22
ramad,7/4/23
ramcandy,7/3/23
ramcc,7/3/23
ramcontrol,7/3/23
ramcpu,7/3/23
ramcraft,26/2/23
ramcv,7/3/23
ramgame,7/3/23
ramget,26/2/23
ramgrand,7/3/23
ramgui,7/3/23
ramhacked,7/3/23
ramhttp,7/3/23
raminfo,7/3/23
ramint,7/3/23
ramkill,7/3/23
ramlib,7/3/23
ramload,7/3/23
rammask,7/3/23
rammc,7/3/23
rammine,7/3/23
rampep,26/2/23
rampip,26/2/23
rampost,26/2/23
rampush,7/3/23
rampyw,7/3/23
ramram,7/3/23
ramre,7/3/23
ramreplace,7/3/23
ramstr,7/3/23
ramstudy,7/3/23
ramsuper,26/2/23
ramtool,7/3/23
ramultra,7/3/23
ramurl,7/3/23
ramvirtual,26/2/23
ramvisa,7/3/23
ramvm,7/3/23
randgame,7/3/23
randget,7/3/23
randgui,26/2/23
randintel,7/3/23
randkill,7/3/23
randLGTB,7/3/23
randmc,7/3/23
randmine,7/3/23
randomad,7/3/23
randomgame,7/3/23
randomgrand,7/3/23
randomhttp,7/3/23
randomhydra,7/3/23
randomized,29/3/23
randomLGTB,7/3/23
randompep,7/3/23
randompip,7/3/23
randomrandom,7/3/23
randomsplit,7/3/23
randomtime,21/12/22
randomultra,7/3/23
randomvisa,7/3/23
randpaypal,7/3/23
randpush,7/3/23
randsplit,7/3/23
randtool,7/3/23
ratebypass,None
raw-tool,26/8/22
rblxtools,15/8/22
rbxtool,15/8/22
rbxtools,15/8/22
rc,None
rdquests,11/12/22
realtek,None
reauests,11/12/22
recandy,7/3/23
recontrol,7/3/23
recpu,7/3/23
recpy,None
recraft,26/2/23
reduests,11/12/22
reencode,7/3/23
reeuests,11/12/22
regame,7/3/23
reget,7/3/23
regrand,7/3/23
regui,7/3/23
rehttp,7/3/23
reinfo,7/3/23
remask,7/3/23
remc,7/3/23
remine,26/2/23
rensoflow,None
renvidia,7/3/23
repep,7/3/23
repip,26/2/23
replacead,7/3/23
replacecpu,7/3/23
replaceintel,7/3/23
replacepy,7/3/23
replacerand,7/3/23
replacestr,7/3/23
replacesuper,7/3/23
reproof,7/3/23
repull,7/3/23
repyw,7/3/23
reqeist,29/3/24
reqeosts,29/3/24
reqeuste,29/3/24
reqeusts,20/6/23
reqeustx,29/3/24
reqeustz,29/3/24
reqeyst,29/3/24
reqhests,11/12/22
reqirements,29/3/24
reqiremnets,29/3/24
reqiremnts,29/3/24
reqiurements,29/3/24
reqiurementstxt,29/3/24
reqiuremnets,29/3/24
reqjuests,29/3/24
reqkests,11/12/22
reqoests,29/3/24
reqquest,29/3/24
reqsests,29/3/24
reqsystem,29/3/23
requas,29/3/24
requeits,29/3/24
requeksts,29/3/24
requekts,29/3/24
requeqsts,29/3/24
requesfs,11/12/22
requesgt,29/3/24
requesks,29/3/24
requesqs,29/3/24
requesrs,1/6/22
requesrts,29/3/24
request,21/5/23
request-plus,None
request-plus,None
request-plus,None
request.request,6/4/22
request3,None
requesta,11/12/22
requeste,11/12/22
requestlib,5/10/23
requestr,29/3/24
requests,21/5/23
requests-dm,21/12/22
requests-httpx,3/11/22
requests-httpx,3/11/22
requests-toolbelt,20/6/23
requests-upgrade,None
requestspro,None
requestspro,None
requestspro,None
requestw,11/12/22
requesuts,29/3/24
requesxs,29/3/24
requesxt,29/3/24
requesxts,29/3/24
requesys,29/8/22
requetsa,29/3/24
requetsq,29/3/24
requetsts,29/3/24
requewsts,29/3/24
requfsts,11/12/22
requiements,29/3/24
requierement,29/3/24
requierments,29/3/24
requiirements,29/3/24
requiirementstx,29/3/24
requiirementstxt,29/3/24
requiirementsxt,29/3/24
requiiremments,29/3/24
requiiremnts,29/3/24
requiirments,29/3/24
requiremants,29/3/24
requiremeents,29/3/24
requiremenstx,29/3/24
requiremenstxt,29/3/24
requirementss,29/3/24
requirementst,29/3/24
requirementstt,29/3/24
requirementsttx,29/3/24
requirementstx,29/3/24
requirementstxtt,29/3/24
requirementstxtx,29/3/24
requirementstxtxt,29/3/24
requirementstxx,29/3/24
requirementstxxt,29/3/24
requirementt,29/3/24
requirementtsxt,29/3/24
requirementxstxt,29/3/24
requirementxt,29/3/24
requirementxtt,29/3/24
requirementxxt,29/3/24
requiremetns,29/3/24
requiremetnstxt,29/3/24
requiremetstx,29/3/24
requiremetstxt,29/3/24
requiremments,29/3/24
requiremmentstxt,29/3/24
requiremmentxt,29/3/24
requiremmentxtxt,29/3/24
requiremnets,29/3/24
requiremnetstxt,29/3/24
requiremnetxtxt,29/3/24
requiremnts,29/3/24
requiremntstx,29/3/24
requiremntstxt,29/3/24
requiremntxtxt,29/3/24
requiremtns,29/3/24
requirmeents,29/3/24
requirment,29/3/24
requirments,29/3/24
requirmentss,29/3/24
requirmentstx,29/3/24
requirmentstxt,29/3/24
requirmentstxtt,29/3/24
requirrementstxt,29/3/24
requirtements,29/3/24
requiurement,29/3/24
requiurementstxt,29/3/24
requksts,29/3/24
requnests,29/3/24
requrementstxt,29/3/24
requriements,29/3/24
requriments,29/3/24
requssts,29/3/24
requstss,29/3/24
requxsts,29/3/24
requyests,29/3/24
requzsts,29/3/24
reqwests,None
reqzests,29/3/24
reram,26/2/23
rerandom,7/3/23
resplit,7/3/23
rest-client,None
resuests,11/12/22
resuper,7/3/23
reuirements,29/3/24
reultra,7/3/23
reuqests,20/6/23
reverse-shell,29/3/23
revirtual,7/3/23
revisa,7/3/23
revm,7/3/23
rewuests,11/12/22
rfquests,11/12/22
rgparse,7/7/23
rmock,None
roblox-wrapper,None
rqeuests,8/11/22
rrquests,11/12/22
rwquests,11/12/22
s3transfers,10/2/23
Sagepay,24/1/22
sageshutdown,None
sagetesteight,29/3/23
saturnian,5/9/22
sc-concurrent-log-handler,27/9/23
scikit,21/5/23
scikit-learn,21/5/23
scikit-leran,12/2/23
sckit-learn,11/9/22
sdk-cli-v2,6/4/22
sdk-cli-v2-public,6/4/22
sdk-cli-v2-public,6/4/22
sea-django-mysqlpool,None
Seabron,14/8/22
secbg,6/4/22
secretslib,14/8/22
secrevtwo,6/4/22
seGMM,None
seleenim,29/3/24
seleenimu,29/3/24
seleeniumm,29/3/24
seleinium,29/3/24
seleiniumm,29/3/24
seleinuim,29/3/24
seleiumm,29/3/24
selemiumm,29/3/24
selemni,29/3/24
selemnim,29/3/24
selemnium,29/3/24
selemniumm,29/3/24
selenimn,29/3/24
selenium,21/5/23
SeleniumWebdriver,1/2/23
selennim,29/3/24
selenniumm,29/3/24
selennuim,29/3/24
selenuimm,29/3/24
selenyum,29/3/24
seleunium,29/3/24
selfadcpu,7/3/23
selfadedcandy,7/3/23
selfadencode,7/3/23
selfadgrandgui,7/3/23
selfadintelLGTB,7/3/23
selfadlibproof,7/3/23
selfadmaskmask,7/3/23
selfadpepgame,7/3/23
selfadpullint,7/3/23
selfadpush,7/3/23
selfadrand,7/3/23
selfcandyed,7/3/23
selfcandygethydra,7/3/23
selfcandyhttpnvidia,7/3/23
selfcandyintpyw,7/3/23
selfcandykillurl,7/3/23
selfcandyLGTBintel,7/3/23
selfcandyrand,7/3/23
selfcandystudystudy,7/3/23
selfcandyultralib,7/3/23
selfccedpaypal,7/3/23
selfccedreplace,7/3/23
selfccgame,7/3/23
selfcckillad,7/3/23
selfccmcpush,7/3/23
selfccpeppep,7/3/23
selfccpepurl,None
selfccping,7/3/23
selfccpullint,7/3/23
selfccpyw,7/3/23
selfccreplacever,7/3/23
selfccsupervm,7/3/23
selfccurlpong,29/3/23
selfccverosint,7/3/23
selfccvmosint,7/3/23
selfcontroledintel,7/3/23
selfcontroledreplace,7/3/23
selfcontrolgetstr,7/3/23
selfcontrolhackedpaypal,7/3/23
selfcontrolhttppip,7/3/23
selfcontrolhydramine,7/3/23
selfcontrollib,7/3/23
selfcontrolmaskreplace,7/3/23
selfcontrolosint,7/3/23
selfcontrolpy,7/3/23
selfcontrolrandom,7/3/23
selfcontrolstr,7/3/23
selfcontrolsuperproof,7/3/23
selfcontrolultracontrol,7/3/23
selfcontrolurlencode,7/3/23
selfcontrolverrand,7/3/23
selfcpugrand,7/3/23
selfcpuinfo,7/3/23
selfcpuintelpip,7/3/23
selfcpuintgame,7/3/23
selfcpuintsplit,7/3/23
selfcpuLGTBpip,7/3/23
selfcpulibpull,7/3/23
selfcpuloadnvidia,7/3/23
selfcpupingcc,7/3/23
selfcpupongkill,7/3/23
selfcpupongpush,7/3/23
selfcpuramultra,7/3/23
selfcpure,7/3/23
selfcpusplit,7/3/23
selfcpustringgrand,7/3/23
selfcpustrreplace,7/3/23
selfcraftcontrolload,7/3/23
selfcraftcpu,7/3/23
selfcraftint,7/3/23
selfcraftlibpong,7/3/23
selfcraftpaypalultra,7/3/23
selfcraftpepcontrol,7/3/23
selfcraftpipvirtual,7/3/23
selfcraftramnvidia,7/3/23
selfcraftsuperhacked,7/3/23
selfcraftvmultra,7/3/23
selfcvad,7/3/23
selfcvcvmask,7/3/23
selfcvcvsuper,7/3/23
selfcvedpep,7/3/23
selfcvhackedre,7/3/23
selfcvhttp,7/3/23
selfcvinfourl,7/3/23
selfcvmc,7/3/23
selfcvmineget,7/3/23
selfcvpaypalram,7/3/23
selfcvping,7/3/23
selfcvproofsuper,7/3/23
selfcvpull,7/3/23
selfcvpushpull,7/3/23
selfcvpy,7/3/23
selfcvstrpong,7/3/23
selfcvurlload,7/3/23
selfcvvirtual,7/3/23
selfcvvisaping,7/3/23
selfedadintel,7/3/23
selfededpy,7/3/23
selfedintpaypal,7/3/23
selfedintsuper,7/3/23
selfedload,7/3/23
selfedmask,7/3/23
selfednvidiatool,7/3/23
selfedpinggui,7/3/23
selfedpushultra,None
selfedrandomad,7/3/23
selfedrandomrandom,7/3/23
selfedrerand,7/3/23
selfedsplitvirtual,7/3/23
selfencodecandy,7/3/23
selfencodecv,7/3/23
selfencodeedping,None
selfencodeencodevirtual,7/3/23
selfencodegame,7/3/23
selfencodekill,7/3/23
selfencodekillvirtual,7/3/23
selfencodeload,7/3/23
selfencodenvidiaurl,7/3/23
selfencodepinghydra,7/3/23
selfencodepost,7/3/23
selfencodepostmc,7/3/23
selfencodepywget,7/3/23
selfencodepywrand,7/3/23
selfencoderampost,7/3/23
selfencoderandom,7/3/23
selfencodesplit,7/3/23
selfencodetoolcpu,7/3/23
selfencodetoolgui,7/3/23
selfencodeverhydra,7/3/23
selfencodeverosint,7/3/23
selfencodevmcontrol,7/3/23
selfgamecontrolhydra,7/3/23
selfgamecvultra,7/3/23
selfgameedultra,7/3/23
selfgameencode,7/3/23
selfgamegamegui,7/3/23
selfgamegui,7/3/23
selfgameintel,7/3/23
selfgamekilltool,7/3/23
selfgamemcnvidia,7/3/23
selfgamepingurl,7/3/23
selfgamepipsplit,7/3/23
selfgamepongcc,7/3/23
selfgamepost,7/3/23
selfgamepullad,7/3/23
selfgamepullre,7/3/23
selfgamepushstr,7/3/23
selfgamepypost,29/3/23
selfgamerenvidia,7/3/23
selfgamesplit,7/3/23
selfgamestring,7/3/23
selfgamestringpush,7/3/23
selfgamestrstudy,7/3/23
selfgametool,7/3/23
selfgamevirtualad,29/3/23
selfgetgrand,7/3/23
selfgethydrareplace,7/3/23
selfgetintelgame,7/3/23
selfgetinthydra,7/3/23
selfgetLGTBrand,7/3/23
selfgetmask,7/3/23
selfgetmaskpong,7/3/23
selfgetminecandy,7/3/23
selfgetreplacepong,7/3/23
selfgetrepush,7/3/23
selfgetultrapong,7/3/23
selfgeturl,7/3/23
selfgetverpep,7/3/23
selfgetvirtualpull,7/3/23
selfgrandcandy,7/3/23
selfgrandccintel,7/3/23
selfgrandcontroltool,7/3/23
selfgrandedgame,7/3/23
selfgrandencodecv,7/3/23
selfgrandgametool,7/3/23
selfgrandhackedver,7/3/23
selfgrandintgui,7/3/23
selfgrandkillhacked,7/3/23
selfgrandLGTBad,7/3/23
selfgrandminepep,7/3/23
selfgrandpipcontrol,7/3/23
selfgrandpiposint,7/3/23
selfgrandpongcraft,7/3/23
selfgrandpostinfo,7/3/23
selfgrandproof,7/3/23
selfgrandpushad,7/3/23
selfgrandrand,7/3/23
selfgrandstrpyw,7/3/23
selfgrandvisagui,7/3/23
selfguiad,7/3/23
selfguiccproof,7/3/23
selfguigameurl,7/3/23
selfguiget,7/3/23
selfguiinteled,7/3/23
selfguiLGTBreplace,None
selfguilibrand,7/3/23
selfguilibstring,7/3/23
selfguiloadget,7/3/23
selfguimaskhacked,None
selfguiproofad,7/3/23
selfguipullsplit,7/3/23
selfguirandomultra,7/3/23
selfguistudyosint,7/3/23
selfguivirtualkill,7/3/23
selfguivisareplace,7/3/23
selfhackedcandyvirtual,7/3/23
selfhackedccmc,7/3/23
selfhackedccpull,7/3/23
selfhackedcpuvirtual,7/3/23
selfhackedcvnvidia,7/3/23
selfhackededhydra,7/3/23
selfhackedencode,7/3/23
selfhackedinfo,7/3/23
selfhackedintload,7/3/23
selfhackedlib,7/3/23
selfhackedloadnvidia,7/3/23
selfhackedmask,7/3/23
selfhackedmaskcandy,None
selfhackedmaskram,7/3/23
selfhackedmaskultra,7/3/23
selfhackedmcpong,7/3/23
selfhackednvidiamc,7/3/23
selfhackedramcc,7/3/23
selfhackedrandomstudy,29/3/23
selfhackedrandvirtual,7/3/23
selfhackedrepong,7/3/23
selfhackedspliturl,7/3/23
selfhttpcraftultra,7/3/23
selfhttpcvstr,7/3/23
selfhttpinfo,7/3/23
selfhttpinfocv,7/3/23
selfhttpmasknvidia,7/3/23
selfhttpmc,7/3/23
selfhttppep,7/3/23
selfhttppipsplit,7/3/23
selfhttpproof,7/3/23
selfhttppy,7/3/23
selfhttppyw,7/3/23
selfhttpreplacestudy,7/3/23
selfhttpsplited,7/3/23
selfhttpstring,7/3/23
selfhttpstrver,7/3/23
selfhttpvmcontrol,7/3/23
selfhydracpu,7/3/23
selfhydragamever,7/3/23
selfhydrahydrasplit,7/3/23
selfhydrakill,7/3/23
selfhydralib,7/3/23
selfhydramask,7/3/23
selfhydranvidiamc,7/3/23
selfhydrapong,7/3/23
selfhydrapongpaypal,7/3/23
selfhydrasplitpy,7/3/23
selfhydrastringpip,7/3/23
selfhydravmpaypal,7/3/23
selfinfocandy,7/3/23
selfinfocraftlib,7/3/23
selfinfocvgame,7/3/23
selfinfoencode,7/3/23
selfinfoencodegame,7/3/23
selfinfogetrand,7/3/23
selfinfoinfohydra,7/3/23
selfinfoint,7/3/23
selfinfointpy,7/3/23
selfinfoLGTBhydra,7/3/23
selfinfolibtool,7/3/23
selfinfomc,7/3/23
selfinfopaypal,7/3/23
selfinfopaypalad,29/3/23
selfinfopong,7/3/23
selfinfopushpip,7/3/23
selfinfopynvidia,7/3/23
selfinforand,7/3/23
selfinforandom,7/3/23
selfinfostring,7/3/23
selfinfostrpyw,7/3/23
selfinfovisakill,7/3/23
selfintcontrol,7/3/23
selfintcontrolgrand,7/3/23
selfintcv,7/3/23
selfinteladencode,7/3/23
selfintelcpu,7/3/23
selfinteledreplace,7/3/23
selfintelgametool,7/3/23
selfintelguimc,7/3/23
selfintelpip,7/3/23
selfintelpullpost,7/3/23
selfintelsplitLGTB,7/3/23
selfintgame,7/3/23
selfintmaskkill,7/3/23
selfintmaskreplace,7/3/23
selfintnvidia,7/3/23
selfintpaypalrandom,7/3/23
selfintproofintel,7/3/23
selfintpushhacked,7/3/23
selfintstringstr,7/3/23
selfintstudyhttp,7/3/23
selfintsuper,7/3/23
selfintsuperram,7/3/23
selfintvisa,7/3/23
selfintvmcontrol,7/3/23
selfkillcontrol,7/3/23
selfkillcontrollib,7/3/23
selfkillcpupong,7/3/23
selfkillgameintel,7/3/23
selfkillguipaypal,7/3/23
selfkillhydraping,7/3/23
selfkillkillencode,7/3/23
selfkillLGTB,7/3/23
selfkillpinghydra,7/3/23
selfkillpullpaypal,7/3/23
selfkillpushhacked,7/3/23
selfkillsplitpy,7/3/23
selfkillvirtual,7/3/23
selfkillvirtualhydra,7/3/23
selfLGTBcc,7/3/23
selfLGTBcontrolpyw,7/3/23
selfLGTBcvvm,7/3/23
selfLGTBhttp,7/3/23
selfLGTBosintre,7/3/23
selfLGTBosintreplace,7/3/23
selfLGTBpaypal,7/3/23
selfLGTBpep,7/3/23
selfLGTBpostcandy,7/3/23
selfLGTBpostrand,7/3/23
selfLGTBproofgrand,7/3/23
selfLGTBretool,7/3/23
selfLGTBstringload,7/3/23
selfLGTBverhacked,7/3/23
selflibcpu,7/3/23
selflibcv,7/3/23
selflibencodetool,7/3/23
selflibinfoload,None
selflibkill,7/3/23
selflibliblib,7/3/23
selflibpep,7/3/23
selflibrandomcv,7/3/23
selflibreplace,7/3/23
selflibtool,7/3/23
selfliburlrand,7/3/23
selfliburlvirtual,7/3/23
selfloadcc,7/3/23
selfloadccpull,7/3/23
selfloadccpy,7/3/23
selfloadcontrolstr,7/3/23
selfloadcpu,7/3/23
selfloadcvencode,7/3/23
selfloadcvhttp,7/3/23
selfloadedpy,7/3/23
selfloadgrand,7/3/23
selfloadintel,7/3/23
selfloadkillstring,7/3/23
selfloadloadgui,None
selfloadnvidia,7/3/23
selfloadnvidiapip,7/3/23
selfloadpullgui,7/3/23
selfloadpushtool,7/3/23
selfloadpywnvidia,7/3/23
selfloadtoolcc,7/3/23
selfloadvirtualram,None
selfloadvisa,7/3/23
selfmaskcandyrandom,7/3/23
selfmaskcandysuper,7/3/23
selfmaskcpu,7/3/23
selfmaskgamepull,7/3/23
selfmaskgrandping,7/3/23
selfmaskhydrapong,7/3/23
selfmaskhydravm,7/3/23
selfmaskintelpong,7/3/23
selfmaskminehacked,7/3/23
selfmaskosintpyw,7/3/23
selfmaskpaypalpip,7/3/23
selfmaskpong,7/3/23
selfmaskstudyint,7/3/23
selfmaskstudynvidia,7/3/23
selfmasksuper,7/3/23
selfmasksuperget,7/3/23
selfmaskultra,7/3/23
selfmaskvisa,7/3/23
selfmaskvm,7/3/23
selfmcadpep,7/3/23
selfmccc,7/3/23
selfmccv,7/3/23
selfmcinfo,7/3/23
selfmcintelget,7/3/23
selfmcmaskintel,7/3/23
selfmcosintrandom,7/3/23
selfmcpipcpu,7/3/23
selfmcproofvisa,7/3/23
selfmcrandLGTB,None
selfmcreed,7/3/23
selfmcstr,7/3/23
selfmcvisapy,7/3/23
selfmcvmcraft,7/3/23
selfmineencodeproof,7/3/23
selfmineencodestr,7/3/23
selfminegrandkill,7/3/23
selfmineguipyw,7/3/23
selfminehydraload,7/3/23
selfminehydravisa,7/3/23
selfmineinfocraft,7/3/23
selfminekillstr,7/3/23
selfminemasked,7/3/23
selfminemasknvidia,7/3/23
selfminepong,7/3/23
selfminepywgui,7/3/23
selfminepywurl,7/3/23
selfmineramcv,7/3/23
selfmineultraram,7/3/23
selfmineurl,7/3/23
selfnvidiacandy,7/3/23
selfnvidiaccpong,7/3/23
selfnvidiacraftinfo,7/3/23
selfnvidiaencode,7/3/23
selfnvidiamccandy,7/3/23
selfnvidiapushhacked,7/3/23
selfnvidiapynvidia,7/3/23
selfnvidiarandomload,7/3/23
selfnvidiarelib,7/3/23
selfnvidiareplaceload,7/3/23
selfnvidiaurlload,7/3/23
selfosintadsplit,7/3/23
selfosintcraftlib,7/3/23
selfosintcv,7/3/23
selfosintgame,7/3/23
selfosintget,7/3/23
selfosinthackedpy,7/3/23
selfosintintelosint,7/3/23
selfosintLGTBstr,29/3/23
selfosintlib,7/3/23
selfosintping,7/3/23
selfosintpostlib,7/3/23
selfosintpywmask,7/3/23
selfosintrandomram,7/3/23
selfosintrecandy,7/3/23
selfosintsplithydra,7/3/23
selfosintstringcpu,7/3/23
selfosintstrpong,7/3/23
selfosintstudyhttp,7/3/23
selfosintstudyrandom,7/3/23
selfosintultrahacked,7/3/23
selfosinturlget,7/3/23
selfosinturlre,7/3/23
selfosintver,7/3/23
selfosintvmcraft,7/3/23
selfpaypalad,7/3/23
selfpaypaladvm,7/3/23
selfpaypalencodeget,7/3/23
selfpaypalintel,7/3/23
selfpaypalkillproof,7/3/23
selfpaypalloadpaypal,7/3/23
selfpaypalmasktool,7/3/23
selfpaypalmine,7/3/23
selfpaypalosintmine,7/3/23
selfpaypalpepcc,7/3/23
selfpaypalpushgame,7/3/23
selfpaypalpyrandom,7/3/23
selfpaypalpywgame,7/3/23
selfpaypalram,7/3/23
selfpaypalreed,7/3/23
selfpaypalsplited,7/3/23
selfpaypalstr,7/3/23
selfpaypalvm,7/3/23
selfpepad,7/3/23
selfpepcc,7/3/23
selfpepgameinfo,7/3/23
selfpepintel,7/3/23
selfpepkill,7/3/23
selfpepmask,7/3/23
selfpepmaskmask,7/3/23
selfpeppep,7/3/23
selfpeppippull,7/3/23
selfpeppongload,7/3/23
selfpeppullram,7/3/23
selfpepreplaceload,7/3/23
selfpepsplit,7/3/23
selfpepsplitram,7/3/23
selfpepstudylib,7/3/23
selfpeptoolram,7/3/23
selfpepultraad,7/3/23
selfpepvirtual,7/3/23
selfpingcc,7/3/23
selfpingcpuad,7/3/23
selfpingcrafttool,7/3/23
selfpingintelcandy,7/3/23
selfpingintelvm,29/3/23
selfpingLGTBlib,7/3/23
selfpingloadreplace,7/3/23
selfpingmaskstring,7/3/23
selfpingponggame,7/3/23
selfpingponggui,7/3/23
selfpingpush,7/3/23
selfpingram,7/3/23
selfpingrampep,7/3/23
selfpingspliturl,7/3/23
selfpingultragame,7/3/23
selfpingvirtual,7/3/23
selfpingvisa,7/3/23
selfpipcandy,7/3/23
selfpipcpu,7/3/23
selfpipcv,7/3/23
selfpipguipull,7/3/23
selfpiplibultra,7/3/23
selfpiplibver,7/3/23
selfpipmask,7/3/23
selfpippaypal,7/3/23
selfpippaypalpyw,7/3/23
selfpippongpip,7/3/23
selfpippushhttp,7/3/23
selfpippyreplace,7/3/23
selfpipstringcc,7/3/23
selfpipstudyhacked,7/3/23
selfpipvisaload,7/3/23
selfpongcpu,7/3/23
selfpongcv,7/3/23
selfponged,7/3/23
selfpongencode,7/3/23
selfpongencodeintel,7/3/23
selfponggui,7/3/23
selfpongminehacked,7/3/23
selfpongnvidia,7/3/23
selfpongpull,7/3/23
selfpongpytool,7/3/23
selfpongreplaceed,7/3/23
selfpongsplitsplit,7/3/23
selfpongurl,7/3/23
selfpongvisanvidia,7/3/23
selfpostcontrol,7/3/23
selfpostcpu,7/3/23
selfpostgamemc,7/3/23
selfpostgrandgui,7/3/23
selfpostguihttp,7/3/23
selfposthydra,7/3/23
selfpostmc,7/3/23
selfpostmcintel,29/3/23
selfpostminegui,7/3/23
selfpostponghydra,7/3/23
selfpostpywver,7/3/23
selfpostramstring,7/3/23
selfpostramurl,7/3/23
selfpoststringvm,7/3/23
selfpostsuper,7/3/23
selfpostultraultra,7/3/23
selfpostver,7/3/23
selfproofcvrand,7/3/23
selfproofgame,7/3/23
selfproofhttpsplit,7/3/23
selfproofint,7/3/23
selfproofintelosint,7/3/23
selfproofkillcraft,7/3/23
selfprooflibpaypal,7/3/23
selfproofloadram,7/3/23
selfproofnvidiagrand,7/3/23
selfproofpingpaypal,7/3/23
selfproofpipmine,7/3/23
selfproofpullsplit,7/3/23
selfprooframad,7/3/23
selfproofsplitpush,7/3/23
selfproofstudyvisa,7/3/23
selfproofurl,7/3/23
selfpullcchydra,7/3/23
selfpullgamegame,7/3/23
selfpullgameload,7/3/23
selfpullgetlib,7/3/23
selfpullint,7/3/23
selfpullpingnvidia,7/3/23
selfpullproof,7/3/23
selfpullpywcandy,7/3/23
selfpullrecontrol,7/3/23
selfpullsplitcraft,7/3/23
selfpullsplitcv,7/3/23
selfpullstringpong,7/3/23
selfpullstringtool,7/3/23
selfpullstringver,7/3/23
selfpullvisaed,7/3/23
selfpushcv,7/3/23
selfpushLGTBnvidia,7/3/23
selfpushmcsplit,7/3/23
selfpushramhttp,7/3/23
selfpushstr,7/3/23
selfpushurlosint,7/3/23
selfpyccvisa,7/3/23
selfpygamepull,None
selfpyhackedpush,7/3/23
selfpyhydraLGTB,7/3/23
selfpyosinthacked,7/3/23
selfpyosintmine,7/3/23
selfpypeppush,7/3/23
selfpyping,7/3/23
selfpypull,7/3/23
selfpypywpong,7/3/23
selfpyultrakill,7/3/23
selfpyver,7/3/23
selfpyverint,7/3/23
selfpywgame,7/3/23
selfpywgamesuper,7/3/23
selfpywgetget,7/3/23
selfpywhydragui,7/3/23
selfpywintelgrand,7/3/23
selfpywkillgui,7/3/23
selfpywloadmine,7/3/23
selfpywloadpong,7/3/23
selfpywosint,7/3/23
selfpywpaypalsplit,7/3/23
selfpywpaypalultra,7/3/23
selfpywpipvirtual,7/3/23
selfpywpushhacked,7/3/23
selfpywrandom,7/3/23
selfpywreplace,7/3/23
selfpywreplacecandy,7/3/23
selfpywsplitsuper,7/3/23
selfpywstudy,7/3/23
selframadhacked,7/3/23
selframcandysplit,7/3/23
selframintelosint,7/3/23
selframLGTB,7/3/23
selframpipmc,7/3/23
selframproof,7/3/23
selframpushrand,7/3/23
selframrandommask,7/3/23
selframsplitstring,7/3/23
selframstring,7/3/23
selframstudyget,7/3/23
selfrandcraftreplace,7/3/23
selfrandLGTB,7/3/23
selfrandloadcv,7/3/23
selfrandomcandypy,7/3/23
selfrandomcraftpong,7/3/23
selfrandomgui,7/3/23
selfrandomhydratool,7/3/23
selfrandominfoping,7/3/23
selfrandomintosint,7/3/23
selfrandompep,7/3/23
selfrandompipencode,7/3/23
selfrandompiposint,7/3/23
selfrandompostinfo,7/3/23
selfrandompostint,7/3/23
selfrandompyint,7/3/23
selfrandompypep,7/3/23
selfrandompywosint,7/3/23
selfrandomram,7/3/23
selfrandomstrad,7/3/23
selfrandpong,7/3/23
selfrandponglib,7/3/23
selfrandreplacerand,7/3/23
selfrandsplitre,7/3/23
selfrecandyping,7/3/23
selfrecpu,7/3/23
selfrecvstudy,7/3/23
selfregameLGTB,7/3/23
selfregetcpu,7/3/23
selfrehttp,7/3/23
selfrekillrand,7/3/23
selfreLGTBgrand,7/3/23
selfrelibstr,7/3/23
selfreloadlib,7/3/23
selfremask,7/3/23
selfrepaypalhttp,29/3/23
selfreplacead,7/3/23
selfreplaceencodepush,7/3/23
selfreplacelib,7/3/23
selfreplacemchydra,7/3/23
selfreplaceminepep,7/3/23
selfreplacepong,7/3/23
selfreplacerandget,7/3/23
selfreplacereplace,7/3/23
selfreplacesplit,7/3/23
selfreplacesuperpip,7/3/23
selfreplacetoolreplace,7/3/23
selfreplacetoolstr,7/3/23
selfreplacevisa,7/3/23
selfrepongcc,None
selfrepushencode,7/3/23
selfrerandom,7/3/23
selfrereplacetool,7/3/23
selfrestr,7/3/23
selfsplitad,7/3/23
selfsplitcpuload,7/3/23
selfsplithackedgrand,7/3/23
selfsplitlib,7/3/23
selfsplitpip,7/3/23
selfsplitpush,7/3/23
selfsplitpushcraft,7/3/23
selfsplitrandompyw,7/3/23
selfsplitreplacecraft,7/3/23
selfsplitreplaceosint,7/3/23
selfsplittoolgrand,7/3/23
selfsplitultra,7/3/23
selfstrad,7/3/23
selfstradmc,7/3/23
selfstrcc,7/3/23
selfstrencode,7/3/23
selfstringcandycv,7/3/23
selfstringguiram,7/3/23
selfstringkill,7/3/23
selfstringLGTBhttp,7/3/23
selfstringlib,7/3/23
selfstringmaskvirtual,7/3/23
selfstringpaypalcandy,7/3/23
selfstringpullpush,29/3/23
selfstringrandomcontrol,7/3/23
selfstringrevisa,7/3/23
selfstringstringgrand,7/3/23
selfstringurlgrand,7/3/23
selfstrintel,7/3/23
selfstrkill,7/3/23
selfstrloadnvidia,7/3/23
selfstrminegui,7/3/23
selfstrpyw,7/3/23
selfstrreplace,7/3/23
selfstrresuper,7/3/23
selfstrspliturl,7/3/23
selfstrtool,7/3/23
selfstrtoolsplit,7/3/23
selfstrultrapush,7/3/23
selfstrvirtualrand,7/3/23
selfstrvisapaypal,7/3/23
selfstudycontrolpush,7/3/23
selfstudygrand,7/3/23
selfstudyguiLGTB,None
selfstudyhydra,7/3/23
selfstudyhydrakill,7/3/23
selfstudyintel,7/3/23
selfstudyintelcc,7/3/23
selfstudyintstudy,7/3/23
selfstudyLGTB,7/3/23
selfstudynvidiapep,7/3/23
selfstudyrecontrol,7/3/23
selfstudytool,7/3/23
selfsuperaded,7/3/23
selfsupercandy,7/3/23
selfsupered,7/3/23
selfsuperedping,7/3/23
selfsupergui,7/3/23
selfsuperhackedpy,7/3/23
selfsuperhttpsplit,7/3/23
selfsuperpyw,7/3/23
selfsuperramvirtual,7/3/23
selfsuperstrpaypal,7/3/23
selfsupertool,7/3/23
selfsupertoolcontrol,7/3/23
selfsuperultra,7/3/23
selfsupervisa,7/3/23
selfsupervmencode,7/3/23
selftoolguihttp,7/3/23
selftoolhttppaypal,7/3/23
selftoolinfoint,7/3/23
selftoolinfover,7/3/23
selftoolintelnvidia,7/3/23
selftoollibnvidia,7/3/23
selftoolmask,7/3/23
selftoolmctool,7/3/23
selftoolpyget,7/3/23
selftoolpyint,7/3/23
selftoolram,7/3/23
selftoolreplace,7/3/23
selftoolverpip,7/3/23
selftoolvirtualpep,7/3/23
selftoolvisaping,7/3/23
selfultracpu,7/3/23
selfultracraft,7/3/23
selfultraencodevm,7/3/23
selfultrahydra,7/3/23
selfultrainfocraft,7/3/23
selfultraintelvisa,7/3/23
selfultramc,7/3/23
selfultramineint,7/3/23
selfultranvidiapip,7/3/23
selfultranvidiapull,7/3/23
selfultrapaypalencode,7/3/23
selfultrapingpush,7/3/23
selfultrapipram,7/3/23
selfultrapyw,7/3/23
selfultrapywsuper,7/3/23
selfultraram,7/3/23
selfultraver,7/3/23
selfultravirtual,7/3/23
selfultravirtualpy,7/3/23
selfurlcpu,7/3/23
selfurlcraft,7/3/23
selfurlgui,7/3/23
selfurlhttp,7/3/23
selfurlload,7/3/23
selfurlmcstr,7/3/23
selfurlminecontrol,7/3/23
selfurlpypip,7/3/23
selfurlpywrandom,7/3/23
selfurlrandomver,7/3/23
selfurlsuper,7/3/23
selfurlultra,7/3/23
selfverccint,7/3/23
selfvercvrand,7/3/23
selfvergame,7/3/23
selfvergetcc,7/3/23
selfvergrandstr,7/3/23
selfvergui,7/3/23
selfverhackedpost,7/3/23
selfverintelurl,7/3/23
selfverkill,7/3/23
selfverLGTBrand,7/3/23
selfverLGTBtool,None
selfvermaskpush,7/3/23
selfverosintstring,7/3/23
selfverproofkill,7/3/23
selfverproofrandom,7/3/23
selfverpulled,7/3/23
selfverpullhydra,7/3/23
selfverpushget,7/3/23
selfverrand,7/3/23
selfverstrad,7/3/23
selfverstringping,7/3/23
selfvirtualcandy,7/3/23
selfvirtualcontrolultra,7/3/23
selfvirtualencode,7/3/23
selfvirtualhackedhttp,7/3/23
selfvirtualhttpget,7/3/23
selfvirtualhydra,7/3/23
selfvirtualinfoencode,7/3/23
selfvirtualinfore,7/3/23
selfvirtualinfovirtual,7/3/23
selfvirtualloadrand,7/3/23
selfvirtualpep,7/3/23
selfvirtualpippong,7/3/23
selfvirtualpong,7/3/23
selfvirtualpywcv,None
selfvirtualreosint,7/3/23
selfvirtualstringvisa,7/3/23
selfvirtualstrsuper,7/3/23
selfvirtualvermine,7/3/23
selfvisacontrolcraft,7/3/23
selfvisacpu,7/3/23
selfvisacpuhydra,7/3/23
selfvisagrandurl,7/3/23
selfvisahydrastudy,7/3/23
selfvisanvidia,7/3/23
selfvisaosint,7/3/23
selfvisaosintreplace,7/3/23
selfvisapep,7/3/23
selfvisapostosint,29/3/23
selfvisapullcv,7/3/23
selfvisarandompush,7/3/23
selfvisareplacemc,7/3/23
selfvisaurlpong,7/3/23
selfvisaverrand,7/3/23
selfvisavirtualmask,7/3/23
selfvisavisacpu,7/3/23
selfvisavm,7/3/23
selfvisavmgame,7/3/23
selfvmad,7/3/23
selfvmadver,7/3/23
selfvmcontrol,7/3/23
selfvmcraftpush,7/3/23
selfvmedram,7/3/23
selfvmintproof,7/3/23
selfvmload,7/3/23
selfvmminehttp,7/3/23
selfvmpaypal,7/3/23
selfvmproofgui,7/3/23
selfvmpyw,7/3/23
selfvmrandom,7/3/23
selfvmreplace,7/3/23
selfvmvisahacked,7/3/23
seliniumm,29/3/24
seliniumn,29/3/24
selinum,29/3/24
selleium,29/3/24
selleniium,29/3/24
sellenim,29/3/24
selleniumm,29/3/24
sellinium,29/3/24
selunium,29/3/24
semdb,7/9/23
semdber,7/9/23
semurgdb,7/9/23
SentinelOne,28/12/22
SentinelOneSDK,28/12/22
setdotwork,7/9/23
sfox-ecdsa,24/10/22
sGMM,None
shaasigma,3/11/22
shadowsock,None
shaka-streamer,None
shlackbot,None
shortnet,None
shortnets,None
shubh,None
shutterstock-cli,None
Sijplejso,29/3/24
Sijplejson,29/3/24
Simepljson,29/3/24
Simolejson,29/3/24
Simpejso,29/3/24
Simpjson,29/3/24
Simpkejson,29/3/24
simple-color,None
simple-discord-api.py,None
Simplejason,29/3/24
Simplejdon,29/3/24
Simplejsoh,29/3/24
Simplejsoj,29/3/24
simplejson,14/12/21
Simpoejson,29/3/24
sintaxisoyyo,29/3/23
Siplejason,29/3/24
Sjimplejson,29/3/24
Sjmplejson,29/3/24
skd64,29/8/22
skdh,21/12/22
slenium,12/2/23
smallmatter,None
snyk-evil-2-0-buy-us-its-good,None
sobit-ishlar,7/9/23
social-scrappers,7/9/23
somsomsom,None
sonify,None
spam,28/8/22
splib-http,None
splitcc,7/3/23
splithydra,7/3/23
splitintel,7/3/23
splitmask,7/3/23
splitnvidia,7/3/23
splitpep,7/3/23
splitram,7/3/23
splitsplit,7/3/23
splitstudy,7/3/23
splitver,7/3/23
sql-to-sqlite,7/9/23
sqlachemy,8/11/22
sqlalcemy,8/11/22
sqliter,None
sqlserver,None
srv-configs,10/10/22
ss-concurrent-log-handler,27/9/23
ssc-concurrent-log-handler,27/9/23
st,None
startuptools,None
stealthpy,15/8/22
stillrequestsa,7/9/23
stream-event-recognizer,None
strgrand,7/3/23
strhydra,7/3/23
strinfer,3/11/22
strinfo,7/3/23
stringcc,7/3/23
stringe,7/3/23
stringencode,7/3/23
stringgrand,7/3/23
stringintel,7/3/23
stringrand,7/3/23
stringultra,7/3/23
strload,7/3/23
strpep,7/3/23
strpull,7/3/23
strram,7/3/23
strrandom,7/3/23
strreplace,7/3/23
strsuper,7/3/23
studycc,29/3/23
studyhydra,7/3/23
studylib,7/3/23
studyload,7/3/23
studymine,7/3/23
studypong,7/3/23
studyrandom,7/3/23
studystr,7/3/23
studyver,7/3/23
style.py,1/2/23
sudo2,21/12/22
suffer,30/7/21
superad,7/3/23
supercandy,7/3/23
supercpu,7/3/23
supercraft,26/2/23
supercv,7/3/23
supergame,7/3/23
superget,7/3/23
supergrand,7/3/23
supergui,7/3/23
superhttp,7/3/23
superinfo,7/3/23
superint,7/3/23
superlib,26/2/23
superload,7/3/23
supermask,26/2/23
supermc,26/2/23
supermine,26/2/23
superpip,7/3/23
superpost,7/3/23
superpull,7/3/23
superpyw,7/3/23
superram,7/3/23
superre,7/3/23
superreplace,7/3/23
supersuper,26/2/23
supertest9188,14/8/22
supertool,7/3/23
superultra,7/3/23
superurl,26/2/23
supervirtual,7/3/23
supervisa,7/3/23
supervm,7/3/23
suqinaatest,7/9/22
sutiltype,3/11/22
svn-python,None
swapmempool,11/3/24
sys-ej,21/12/22
syscolouringlibary,22/5/23
sysuptoer,21/12/22
tablediter,None
tablediter,None
tablediter,None
tabulateboto3,2/10/22
tabulation,None
taskaio,None
tbb,None
teddy,None
telerer,None
telethon2,12/10/23
temsorflow,29/3/24
tencent-cloud-python-sdk,12/10/23
tencentcloud-python-sdk,12/10/23
tensnflow,29/3/24
tensobflow,29/3/24
tensofklow,29/3/24
tensofl9w,29/3/24
tensofla,29/3/24
tensoflaow,29/3/24
tensofleow,29/3/24
tensofliw,29/3/24
tensofllow,29/3/24
tensofloaw,29/3/24
tensoflod,29/3/24
tensoflolw,29/3/24
tensoflom,29/3/24
tensoflomw,29/3/24
tensoflonw,29/3/24
tensoflor,29/3/24
tensoflouw,29/3/24
tensoflpw,29/3/24
tensoflqw,29/3/24
tensoflsw,29/3/24
tensoflw,29/3/24
tensoflxow,29/3/24
tensofpow,29/3/24
tensogflow,29/3/24
tensorflow,18/2/24
tensorflow-estimator-2.0-preview,10/10/22
tensorflow-seerving,None
TensorFolw,14/8/22
tensourflow,29/3/24
tensxoflow,29/3/24
tequests,11/12/22
tesla-faas2,24/10/22
tessssssssss,18/9/22
test,5/10/23
test-test-test123,None
testdontdownloadthis,5/10/23
testepassword-generate,7/9/23
testfiwldsd21233s,7/9/23
TestLibs111,None
testpipper,15/8/22
testpipperz,15/8/22
thisismanan,21/12/22
threadin,7/9/22
threadings,None
threeding,7/9/22
tiktok-filter-api,29/11/22
tkcalendar,20/6/23
tkint3rs,10/3/23
tkint3rs,10/3/23
tkinter-message-box,8/7/22
tkniter,29/3/24
tlibrium,None
tomproxies,21/12/22
toolad,7/3/23
toolcandy,26/2/23
toolcc,7/3/23
toolcontrol,7/3/23
toolcpu,7/3/23
toolcv,7/3/23
tooled,7/3/23
toolgame,7/3/23
toolget,7/3/23
toolgrand,7/3/23
toolhttp,7/3/23
toolhydra,7/3/23
toolinfo,29/3/23
toolLGTB,7/3/23
toolload,7/3/23
toolmask,7/3/23
toolmc,7/3/23
toolmine,7/3/23
toolnvidia,7/3/23
toolpep,7/3/23
toolpip,7/3/23
toolpost,7/3/23
toolproof,7/3/23
toolpull,7/3/23
toolpy,7/3/23
toolpyw,7/3/23
toolram,7/3/23
toolrand,7/3/23
toolre,7/3/23
toolstudy,7/3/23
toolsuper,7/3/23
tooltool,7/3/23
toolultra,7/3/23
toolurl,7/3/23
toolvirtual,7/3/23
toolvisa,7/3/23
toolvm,7/3/23
torch,12/2/23
torchtriton,4/1/23
torchtriton,4/1/23
totohateinenkleinencock,5/10/23
tpadcandy,7/3/23
tpadgrandrandom,7/3/23
tpadintvirtual,None
tpadmask,7/3/23
tpadmaskcandy,7/3/23
tpadmasksplit,7/3/23
tpadpip,7/3/23
tpadramload,7/3/23
tpadrandcv,7/3/23
tpadrandommc,7/3/23
tpadstr,7/3/23
tpadsuperpy,7/3/23
tpadtool,7/3/23
tpadtoolmc,7/3/23
tpadvmpip,7/3/23
tpcandycc,7/3/23
tpcandycontrolpush,7/3/23
tpcandycontrolrand,7/3/23
tpcandyedsplit,7/3/23
tpcandygrandpost,7/3/23
tpcandyinfomask,7/3/23
tpcandykill,7/3/23
tpcandykillget,7/3/23
tpcandyLGTBgame,7/3/23
tpcandyloadvisa,7/3/23
tpcandyminead,7/3/23
tpcandypong,7/3/23
tpcandyrandping,7/3/23
tpcandyreed,7/3/23
tpcandystrurl,7/3/23
tpccguipip,7/3/23
tpccintelcontrol,7/3/23
tpccloadget,7/3/23
tpccosint,7/3/23
tpccpinghacked,29/3/23
tpccpip,7/3/23
tpccproof,7/3/23
tpccrandgame,7/3/23
tpccrandom,7/3/23
tpccvirtualencode,7/3/23
tpcontrolgetlib,7/3/23
tpcontrolhttpcv,7/3/23
tpcontrolint,7/3/23
tpcontrolkillrandom,7/3/23
tpcontrollib,7/3/23
tpcontrolloadcv,7/3/23
tpcontrolloadget,7/3/23
tpcontrolosintcv,7/3/23
tpcontrolpipint,7/3/23
tpcontrolpullmine,7/3/23
tpcontrolpywreplace,7/3/23
tpcontrolram,7/3/23
tpcontrolsplit,7/3/23
tpcontrolstr,7/3/23
tpcontrolstudyload,7/3/23
tpcontrolvmpost,7/3/23
tpcpuadpaypal,7/3/23
tpcpuedosint,7/3/23
tpcpuencodecc,7/3/23
tpcpugetping,7/3/23
tpcpuintcpu,7/3/23
tpcpuintpep,7/3/23
tpcpuLGTB,7/3/23
tpcpumcsuper,7/3/23
tpcpupeppaypal,7/3/23
tpcpupingreplace,7/3/23
tpcpuramhttp,7/3/23
tpcpustrvm,7/3/23
tpcraftad,7/3/23
tpcraftcandy,7/3/23
tpcraftcandypyw,7/3/23
tpcrafthydracandy,7/3/23
tpcraftinfonvidia,7/3/23
tpcraftLGTBload,7/3/23
tpcraftloadpip,7/3/23
tpcraftpeplib,7/3/23
tpcraftvisasuper,7/3/23
tpcvadgrand,7/3/23
tpcvcontrol,7/3/23
tpcved,7/3/23
tpcvgrandhacked,7/3/23
tpcvhackedgame,7/3/23
tpcvhydrastring,7/3/23
tpcvinfo,7/3/23
tpcvmcpy,7/3/23
tpcvnvidiasuper,7/3/23
tpcvpipgui,7/3/23
tpcvpygui,7/3/23
tpcvre,7/3/23
tpcvultra,7/3/23
tpcvultrainfo,29/3/23
tpcvverencode,7/3/23
tpedcpulib,7/3/23
tpedhydrapush,7/3/23
tpedinfo,7/3/23
tpedintload,7/3/23
tpednvidiakill,7/3/23
tpedpeposint,7/3/23
tpedpingpull,7/3/23
tpedpyw,7/3/23
tpedramver,7/3/23
tpedstringad,7/3/23
tpedstringurl,7/3/23
tpedultraintel,7/3/23
tpencodecandy,7/3/23
tpencodecandyosint,7/3/23
tpencodecpupong,7/3/23
tpencodeedpaypal,7/3/23
tpencodeinteled,7/3/23
tpencodeosinted,7/3/23
tpencodepepmine,7/3/23
tpencodepingre,7/3/23
tpencodepushinfo,7/3/23
tpencodepywget,7/3/23
tpencodereplacepush,7/3/23
tpencodererandom,7/3/23
tpencodesplitpyw,7/3/23
tpencodesuper,7/3/23
tpencodevirtual,7/3/23
tpencodevmrandom,7/3/23
tpgamecandycandy,7/3/23
tpgameccpost,7/3/23
tpgamegamehttp,None
tpgamegetnvidia,7/3/23
tpgamehacked,7/3/23
tpgamehydravm,7/3/23
tpgamelib,7/3/23
tpgamelibhacked,7/3/23
tpgamemask,7/3/23
tpgamemine,7/3/23
tpgamepip,7/3/23
tpgamepipgame,7/3/23
tpgamerandom,7/3/23
tpgamestr,7/3/23
tpgamesuperpyw,7/3/23
tpgametoolcontrol,7/3/23
tpgameurl,7/3/23
tpgamevisatool,7/3/23
tpgetadstr,7/3/23
tpgetencodere,7/3/23
tpgetgetmc,7/3/23
tpgethydra,7/3/23
tpgetlibget,7/3/23
tpgetosint,7/3/23
tpgetpipcv,7/3/23
tpgetpongre,7/3/23
tpgetpywhttp,7/3/23
tpgetstr,7/3/23
tpgetstudypy,7/3/23
tpgetsuperurl,7/3/23
tpgetultrapaypal,7/3/23
tpgetultrapush,7/3/23
tpgetvirtualpull,7/3/23
tpgrandcctool,None
tpgrandcontrol,7/3/23
tpgrandencodegui,7/3/23
tpgrandencodever,7/3/23
tpgrandkillhydra,7/3/23
tpgrandlibload,7/3/23
tpgrandloadload,7/3/23
tpgrandmask,7/3/23
tpgrandnvidiapep,7/3/23
tpgrandproof,7/3/23
tpgrandpyw,7/3/23
tpgrandreplacerand,7/3/23
tpgrandsplitcv,7/3/23
tpgrandvmpaypal,7/3/23
tpguiadcraft,7/3/23
tpguiccpyw,7/3/23
tpguicontrolcv,7/3/23
tpguicontrolvirtual,7/3/23
tpguicpucc,7/3/23
tpguicvintel,7/3/23
tpguied,7/3/23
tpguigetgui,7/3/23
tpguigrandreplace,7/3/23
tpguiintel,7/3/23
tpguiintelcv,7/3/23
tpguiintelget,7/3/23
tpguimask,7/3/23
tpguimine,7/3/23
tpguiosintre,7/3/23
tpguistring,7/3/23
tpguiverpyw,7/3/23
tphackedad,7/3/23
tphackedcontroled,7/3/23
tphackedcraftnvidia,7/3/23
tphackeded,7/3/23
tphackedencode,7/3/23
tphackedgamehacked,7/3/23
tphackedgetvisa,7/3/23
tphackedgrandkill,7/3/23
tphackedhttpultra,7/3/23
tphackedhydraproof,7/3/23
tphackedinfo,7/3/23
tphackedintelhydra,7/3/23
tphackedmask,7/3/23
tphackedpullpaypal,7/3/23
tphackedrandhydra,7/3/23
tphackedrandomstring,7/3/23
tphackedreosint,7/3/23
tphackedsplitcraft,7/3/23
tphackedvirtualad,7/3/23
tphackedvisagame,7/3/23
tphttpad,7/3/23
tphttpcchttp,7/3/23
tphttpgetload,7/3/23
tphttpgetvisa,7/3/23
tphttpLGTBrandom,7/3/23
tphttppipstring,7/3/23
tphttppullload,7/3/23
tphttprand,7/3/23
tphttpsplit,7/3/23
tphttpsuperpep,7/3/23
tphttpvisa,7/3/23
tphydracvmask,7/3/23
tphydraedencode,7/3/23
tphydraencode,7/3/23
tphydraencodevirtual,7/3/23
tphydraintel,7/3/23
tphydraloadsuper,7/3/23
tphydramask,7/3/23
tphydraping,7/3/23
tphydrapiprandom,7/3/23
tphydrapongcc,7/3/23
tphydraproofcpu,7/3/23
tphydrapushstr,7/3/23
tphydrareplacetool,7/3/23
tpinfocved,7/3/23
tpinfoedstudy,7/3/23
tpinfoencodeget,7/3/23
tpinfokillpull,7/3/23
tpinfominegui,7/3/23
tpinfonvidiapy,7/3/23
tpinfoproof,7/3/23
tpinfopywram,7/3/23
tpinforandcpu,7/3/23
tpinfosplitinfo,7/3/23
tpinfostrpost,7/3/23
tpinfotoolcandy,7/3/23
tpinfourlLGTB,7/3/23
tpinfourlmc,7/3/23
tpinfovirtualpost,7/3/23
tpinfovirtualre,7/3/23
tpintelcpurandom,7/3/23
tpintelcpuver,7/3/23
tpintelcraft,7/3/23
tpintelcv,7/3/23
tpintelgetlib,7/3/23
tpintelgrandLGTB,7/3/23
tpintelguicv,7/3/23
tpintelkill,7/3/23
tpintelkillultra,7/3/23
tpintellib,7/3/23
tpintelloadcc,7/3/23
tpintelpepcraft,7/3/23
tpintelpyw,7/3/23
tpintelramhacked,7/3/23
tpintelrandom,7/3/23
tpintelre,7/3/23
tpintelvercandy,7/3/23
tpintencodepaypal,7/3/23
tpintgamevirtual,7/3/23
tpintgrandre,7/3/23
tpintinfohacked,7/3/23
tpintkillurl,7/3/23
tpintloadpep,7/3/23
tpintpaypal,7/3/23
tpintpaypalcc,7/3/23
tpintping,7/3/23
tpintstudytool,7/3/23
tpintver,7/3/23
tpintvisahacked,7/3/23
tpkillcandykill,7/3/23
tpkillcchacked,7/3/23
tpkillcpumine,7/3/23
tpkillgame,7/3/23
tpkillgetpip,None
tpkillhydraed,7/3/23
tpkillintelpong,None
tpkillkillsplit,7/3/23
tpkillmask,7/3/23
tpkillosintcontrol,7/3/23
tpkillpipram,7/3/23
tpkillproof,7/3/23
tpkillproofpip,7/3/23
tpkillpush,7/3/23
tpkillpywcontrol,7/3/23
tpkillpywpost,7/3/23
tpkillrandpull,7/3/23
tpkillsplitcc,None
tpkilltool,7/3/23
tpLGTBcontrol,7/3/23
tpLGTBencodecraft,7/3/23
tpLGTBgamestudy,7/3/23
tpLGTBinfo,7/3/23
tpLGTBload,7/3/23
tpLGTBmcultra,7/3/23
tpLGTBping,7/3/23
tpLGTBpostre,7/3/23
tpLGTBpull,7/3/23
tpLGTBreosint,7/3/23
tplibcpuvm,7/3/23
tplibhydrahacked,7/3/23
tplibhydrainfo,7/3/23
tplibinfo,7/3/23
tplibintstr,7/3/23
tplibpullpyw,7/3/23
tplibpy,7/3/23
tplibrandomstring,7/3/23
tplibsplithacked,7/3/23
tplibtoolhacked,7/3/23
tpliburlver,7/3/23
tplibvirtualram,7/3/23
tplibvirtualstring,7/3/23
tploadcc,7/3/23
tploadcraftint,7/3/23
tploadget,7/3/23
tploadgrand,7/3/23
tploadgrandhttp,7/3/23
tploadgui,7/3/23
tploadguistring,7/3/23
tploadintvm,7/3/23
tploadkillping,7/3/23
tploadLGTB,7/3/23
tploadloadosint,7/3/23
tploadloadstudy,7/3/23
tploadpep,7/3/23
tploadpingrand,7/3/23
tploadpostosint,7/3/23
tploadpullLGTB,7/3/23
tploadreplace,7/3/23
tploadreplacestring,7/3/23
tploadsplithacked,7/3/23
tpmaskcontrolhydra,7/3/23
tpmaskencodehacked,7/3/23
tpmaskintelpull,7/3/23
tpmasklibsplit,7/3/23
tpmaskmcpush,7/3/23
tpmaskpaypalmc,7/3/23
tpmaskpaypalping,7/3/23
tpmaskpepvm,7/3/23
tpmaskpullmine,7/3/23
tpmaskpushre,7/3/23
tpmaskstudy,7/3/23
tpmaskverultra,7/3/23
tpmaskvisa,7/3/23
tpmaskvisacontrol,7/3/23
tpmaskvisareplace,7/3/23
tpmccvpong,7/3/23
tpmcedtool,7/3/23
tpmcencode,7/3/23
tpmcgethacked,7/3/23
tpmchackedstr,7/3/23
tpmchttp,7/3/23
tpmchydracraft,7/3/23
tpmcinfoping,7/3/23
tpmcosint,7/3/23
tpmcrandgrand,7/3/23
tpmcrandpyw,7/3/23
tpmcstrinfo,7/3/23
tpmcverhacked,7/3/23
tpmcvirtual,7/3/23
tpmcvisa,7/3/23
tpmcvisaed,7/3/23
tpminecc,7/3/23
tpminecpurand,7/3/23
tpmineedcv,7/3/23
tpminegetintel,7/3/23
tpminegrandencode,7/3/23
tpmineguipong,7/3/23
tpminehackedsuper,7/3/23
tpmineintelpy,7/3/23
tpmineintgame,7/3/23
tpminekill,7/3/23
tpmineloadtool,7/3/23
tpminemaskpip,7/3/23
tpminepaypal,7/3/23
tpminepostcpu,7/3/23
tpminesuperpip,7/3/23
tpmineultragui,7/3/23
tpminever,7/3/23
tpminevervirtual,7/3/23
tpminevirtual,7/3/23
tpnvidiacv,7/3/23
tpnvidiahttpreplace,7/3/23
tpnvidiainfopong,7/3/23
tpnvidiaintelpush,7/3/23
tpnvidiapephttp,7/3/23
tpnvidiapong,7/3/23
tpnvidiapullpep,7/3/23
tpnvidiapush,7/3/23
tpnvidiapyw,7/3/23
tpnvidiarandsplit,7/3/23
tpnvidiareurl,7/3/23
tpnvidiasplit,7/3/23
tpnvidiaver,7/3/23
tposintadget,7/3/23
tposintcontrol,7/3/23
tposintcpumask,7/3/23
tposintcraftram,7/3/23
tposintedhacked,7/3/23
tposinthackedstring,7/3/23
tposinthydraed,7/3/23
tposinthydrapip,7/3/23
tposintlibintel,7/3/23
tposintosintrand,7/3/23
tposintponghydra,7/3/23
tposintpyhydra,7/3/23
tposintpywcraft,7/3/23
tposintsplitintel,7/3/23
tposintvirtual,7/3/23
tppaypalcandypost,7/3/23
tppaypalcckill,7/3/23
tppaypaledcv,7/3/23
tppaypaledkill,7/3/23
tppaypalintel,7/3/23
tppaypalmine,7/3/23
tppaypalpaypalnvidia,None
tppaypalping,7/3/23
tppaypalproofre,7/3/23
tppaypalpytool,7/3/23
tppaypalrandomurl,7/3/23
tppaypalsuper,7/3/23
tppaypalver,7/3/23
tppaypalvmget,7/3/23
tppepccvm,7/3/23
tppepcontrolstring,7/3/23
tppepget,7/3/23
tppepgui,7/3/23
tppeppaypalhttp,7/3/23
tppeppingram,7/3/23
tppeppostreplace,7/3/23
tppeppullintel,7/3/23
tppeppushpyw,7/3/23
tppeprand,7/3/23
tppepsplit,7/3/23
tppepultra,7/3/23
tppepvirtualgui,7/3/23
tppingcpuget,7/3/23
tppinghackedpaypal,7/3/23
tppinghackedrand,7/3/23
tppinghttpget,7/3/23
tppinghydra,7/3/23
tppinghydrainfo,7/3/23
tppingloadgui,7/3/23
tppingmaskpy,7/3/23
tppingreplace,7/3/23
tppingsplitcc,7/3/23
tppingstring,7/3/23
tppingultraload,7/3/23
tppingvercv,7/3/23
tppipcraftad,7/3/23
tppipedcontrol,None
tppipgrand,7/3/23
tppiphackedad,7/3/23
tppiphttpstring,7/3/23
tppipmineram,7/3/23
tppiposintcc,7/3/23
tppiposintpost,7/3/23
tppippinginfo,7/3/23
tppippingmc,7/3/23
tppipproofstudy,7/3/23
tppippushpip,7/3/23
tppippushvm,7/3/23
tppippypull,7/3/23
tppiprandhydra,7/3/23
tppipstrstr,7/3/23
tppipvm,7/3/23
tppongadultra,29/3/23
tppongedintel,7/3/23
tppongkillpong,7/3/23
tppongLGTBre,7/3/23
tpponglib,7/3/23
tppongosintmine,7/3/23
tppongposthacked,7/3/23
tppongproofvm,7/3/23
tppongpy,7/3/23
tppongsplitrandom,7/3/23
tppongultrapush,7/3/23
tppostcandynvidia,7/3/23
tppostcandypong,7/3/23
tppostedping,7/3/23
tppostgameultra,None
tppostguistring,7/3/23
tpposthttpvisa,7/3/23
tppostintsplit,7/3/23
tppostpaypal,7/3/23
tppostproofencode,7/3/23
tppostrandomosint,7/3/23
tppostrandomsplit,7/3/23
tppostre,7/3/23
tppostreplacevisa,7/3/23
tppostsplit,7/3/23
tppoststringcontrol,7/3/23
tppoststringre,7/3/23
tppoststrsuper,7/3/23
tpproofadpyw,7/3/23
tpproofcpuurl,7/3/23
tpproofedpull,7/3/23
tpproofgameed,7/3/23
tpproofkill,7/3/23
tpproofmcultra,7/3/23
tpproofpinglib,7/3/23
tpproofpip,7/3/23
tpproofpongint,7/3/23
tpproofpushkill,7/3/23
tpproofpushram,7/3/23
tpproofreplace,7/3/23
tpproofreplacereplace,7/3/23
tpproofsplitcc,7/3/23
tpproofsplitint,7/3/23
tpproofstringnvidia,7/3/23
tpproofstudy,7/3/23
tpprooftool,7/3/23
tpproofultra,7/3/23
tppullccre,7/3/23
tppullcpupull,7/3/23
tppullcv,7/3/23
tppullhttpping,7/3/23
tppullkill,7/3/23
tppullmaskinfo,7/3/23
tppullmcreplace,7/3/23
tppullosintcv,7/3/23
tppullpipver,7/3/23
tppullpostgame,7/3/23
tppullprooflib,7/3/23
tppullproofpull,7/3/23
tppullproofurl,7/3/23
tppullpush,7/3/23
tppullpy,7/3/23
tppullpyad,7/3/23
tppullpyproof,7/3/23
tppullreplacehttp,7/3/23
tppullsuperhttp,7/3/23
tppushcontrol,7/3/23
tppushcpucandy,7/3/23
tppushcraftcpu,7/3/23
tppushgrandcraft,7/3/23
tppushhackedint,7/3/23
tppushkillrandom,None
tppushlibpyw,7/3/23
tppushmaskpull,7/3/23
tppushpephttp,7/3/23
tppushpingpy,7/3/23
tppushpullvisa,7/3/23
tppushpushre,7/3/23
tppushstring,7/3/23
tppushstudyLGTB,7/3/23
tppushverpull,7/3/23
tppushvmgrand,7/3/23
tppycpurand,7/3/23
tppyencodepull,7/3/23
tppygetrandom,7/3/23
tppygrandmine,7/3/23
tppyhttprand,7/3/23
tppyhydraurl,7/3/23
tppyinfo,7/3/23
tppyinfocandy,7/3/23
tppyinfoinfo,7/3/23
tppyintgame,7/3/23
tppykillkill,7/3/23
tppyLGTBnvidia,29/3/23
tppyLGTBreplace,7/3/23
tppylibLGTB,7/3/23
tppymask,7/3/23
tppyosintrand,7/3/23
tppypingvm,7/3/23
tppypip,7/3/23
tppypipLGTB,7/3/23
tppyproof,7/3/23
tppyproofpull,7/3/23
tppyrandomed,29/3/23
tppyreplacestr,7/3/23
tppywcandyping,7/3/23
tppywccultra,7/3/23
tppywcraftcontrol,7/3/23
tppywed,7/3/23
tppywget,7/3/23
tppywgetload,7/3/23
tppywgrand,7/3/23
tppywintelgame,7/3/23
tppywlibpep,7/3/23
tppywloadhydra,7/3/23
tppywmc,7/3/23
tppywpaypalgui,7/3/23
tppywproofcpu,7/3/23
tppywproofstr,7/3/23
tppywpullstr,7/3/23
tppywrandompull,7/3/23
tppywstudy,7/3/23
tppywultraint,7/3/23
tppywver,7/3/23
tppywvirtual,7/3/23
tpramcced,7/3/23
tpramgrandcontrol,7/3/23
tpramguihttp,7/3/23
tpramguipyw,7/3/23
tpramhttpurl,7/3/23
tpramhydracpu,7/3/23
tpramosint,7/3/23
tpramosintpost,7/3/23
tprampingload,7/3/23
tprampipre,7/3/23
tprampush,7/3/23
tpramtoolpong,7/3/23
tpramultravm,7/3/23
tpramvirtual,7/3/23
tpramvisa,7/3/23
tpramvisapush,7/3/23
tprandcandy,7/3/23
tprandcandymask,7/3/23
tprandcandystring,None
tpranded,7/3/23
tprandguilib,7/3/23
tprandloadinfo,7/3/23
tprandmaskget,None
tprandomadstr,7/3/23
tprandomedsuper,7/3/23
tprandomkillosint,7/3/23
tprandomloadpaypal,7/3/23
tprandomosint,7/3/23
tprandompullpull,7/3/23
tprandomsplit,7/3/23
tprandomsuperpull,7/3/23
tprandomultrapost,7/3/23
tprandomultravisa,7/3/23
tprandomvisapost,7/3/23
tprandping,7/3/23
tprandpong,7/3/23
tprandpull,7/3/23
tprandpullstudy,7/3/23
tprandpushvirtual,7/3/23
tprandpymask,7/3/23
tprandrehttp,7/3/23
tprandstringpep,7/3/23
tprandstudyget,7/3/23
tprecandy,7/3/23
tpreccmine,7/3/23
tprecpu,7/3/23
tprecraftvisa,7/3/23
tpreeded,7/3/23
tpreedpep,7/3/23
tprehacked,7/3/23
tpreinfo,7/3/23
tpreLGTBvm,7/3/23
tprelibcpu,7/3/23
tprelibpost,7/3/23
tpremineosint,7/3/23
tpreplacecraft,7/3/23
tpreplacecrafthacked,7/3/23
tpreplaceget,7/3/23
tpreplacegrandrandom,7/3/23
tpreplacekillcpu,7/3/23
tpreplacekillram,7/3/23
tpreplaceLGTBpull,7/3/23
tpreplacelib,7/3/23
tpreplaceloadpong,7/3/23
tpreplaceproof,7/3/23
tpreplacepush,7/3/23
tpreplacepushstudy,7/3/23
tpreplacevirtual,7/3/23
tpreproof,7/3/23
tpreproofcandy,7/3/23
tprepullpush,7/3/23
tprepygui,7/3/23
tprepywsuper,7/3/23
tpreramcpu,7/3/23
tprere,7/3/23
tprerelib,7/3/23
tpresplitpull,7/3/23
tpresuperrand,7/3/23
tpretoolproof,7/3/23
tpretoolvirtual,7/3/23
tpreurlultra,7/3/23
tprevmlib,7/3/23
tpsplitccinfo,7/3/23
tpsplitgui,7/3/23
tpsplitinfovirtual,7/3/23
tpsplitLGTB,7/3/23
tpsplitlibpaypal,7/3/23
tpsplitloadhydra,7/3/23
tpsplitmcvisa,7/3/23
tpsplitmineint,7/3/23
tpsplitpaypalmask,7/3/23
tpsplitpostpong,7/3/23
tpsplitpushpush,7/3/23
tpsplitpystudy,7/3/23
tpsplitram,7/3/23
tpsplitrandcv,7/3/23
tpsplitrandomurl,None
tpsplitstr,7/3/23
tpsplitstudy,7/3/23
tpsplitultra,7/3/23
tpsplitverpy,7/3/23
tpsplitvirtualreplace,7/3/23
tpstrcccv,7/3/23
tpstrcpu,7/3/23
tpstrgethydra,7/3/23
tpstrhttp,7/3/23
tpstringhackedstudy,7/3/23
tpstringintpong,7/3/23
tpstringLGTB,7/3/23
tpstringLGTBintel,7/3/23
tpstringlibpip,7/3/23
tpstringmask,7/3/23
tpstringmced,7/3/23
tpstringmcstring,7/3/23
tpstringpep,7/3/23
tpstringproofre,7/3/23
tpstringrerand,7/3/23
tpstringverstudy,7/3/23
tpstringvmstring,7/3/23
tpstrintelurl,7/3/23
tpstrintkill,None
tpstrintnvidia,7/3/23
tpstrlibhydra,7/3/23
tpstrlibsplit,7/3/23
tpstrmask,7/3/23
tpstrmaskpy,7/3/23
tpstrmcint,7/3/23
tpstrpepLGTB,7/3/23
tpstrposturl,7/3/23
tpstrpush,7/3/23
tpstrpycv,7/3/23
tpstrrandomint,7/3/23
tpstrsplit,7/3/23
tpstrsplitvirtual,7/3/23
tpstrstrram,7/3/23
tpstrstrsplit,7/3/23
tpstudyed,7/3/23
tpstudygetreplace,7/3/23
tpstudyintmc,7/3/23
tpstudyosintvirtual,7/3/23
tpstudypingrand,7/3/23
tpstudyproofhttp,7/3/23
tpstudystringpep,7/3/23
tpstudyver,7/3/23
tpstudyvirtual,7/3/23
tpsupercandypong,7/3/23
tpsupercpuintel,7/3/23
tpsupercraftmc,7/3/23
tpsupergame,7/3/23
tpsupermcmc,7/3/23
tpsuperosintmask,7/3/23
tpsuperping,7/3/23
tpsuperpippull,7/3/23
tpsuperpongultra,7/3/23
tpsuperproofpost,7/3/23
tpsuperpyw,7/3/23
tpsuperultramc,7/3/23
tpsuperurlload,7/3/23
tptoolcccpu,7/3/23
tptoolcpusplit,7/3/23
tptoolintelram,7/3/23
tptoolkill,7/3/23
tptoolLGTBhttp,7/3/23
tptoolmask,7/3/23
tptoolmc,7/3/23
tptoolminelib,7/3/23
tptoolpywgui,29/3/23
tptoolstringpush,7/3/23
tptoolurlgui,7/3/23
tptoolvisaver,7/3/23
tptoolvmpaypal,7/3/23
tpultraencode,7/3/23
tpultragamerandom,7/3/23
tpultragui,7/3/23
tpultrainfo,7/3/23
tpultraintel,7/3/23
tpultraintelcontrol,7/3/23
tpultraLGTBcandy,7/3/23
tpultrapullrand,7/3/23
tpultrarandpost,7/3/23
tpultravmpy,7/3/23
tpultravmvirtual,7/3/23
tpurladpy,7/3/23
tpurled,7/3/23
tpurlguiint,7/3/23
tpurlhackedver,7/3/23
tpurlintel,7/3/23
tpurllib,7/3/23
tpurlmcstring,7/3/23
tpurlpaypalcraft,7/3/23
tpurlpullpaypal,7/3/23
tpurlstr,7/3/23
tpurlstudy,7/3/23
tpurlstudyre,7/3/23
tpvercontrol,7/3/23
tpvercpu,7/3/23
tpvercpuencode,7/3/23
tpverencodeinfo,7/3/23
tpverguipost,7/3/23
tpverload,7/3/23
tpverloadget,7/3/23
tpverloadgui,7/3/23
tpverloadtool,7/3/23
tpverpygame,7/3/23
tpverurlLGTB,7/3/23
tpvervmsplit,7/3/23
tpvirtualcontrolcraft,7/3/23
tpvirtualcontrolmc,7/3/23
tpvirtualcontrolpong,7/3/23
tpvirtualhttp,7/3/23
tpvirtualintelmask,7/3/23
tpvirtualLGTBpull,7/3/23
tpvirtualpulltool,7/3/23
tpvirtualpullvm,7/3/23
tpvirtualpush,7/3/23
tpvirtualpywproof,7/3/23
tpvirtualramget,7/3/23
tpvirtualrandom,7/3/23
tpvirtualstudyproof,7/3/23
tpvirtualurl,7/3/23
tpvisaencodegrand,7/3/23
tpvisaguipost,7/3/23
tpvisahydracpu,7/3/23
tpvisainfointel,7/3/23
tpvisaintelint,7/3/23
tpvisaLGTBcv,7/3/23
tpvisaosint,7/3/23
tpvisaosintpong,7/3/23
tpvisapostping,7/3/23
tpvisaproof,7/3/23
tpvisapull,7/3/23
tpvisapyw,7/3/23
tpvisaram,7/3/23
tpvisasplitram,7/3/23
tpvmcpustudy,7/3/23
tpvmcraftmine,7/3/23
tpvmencodecv,7/3/23
tpvmguiultra,7/3/23
tpvmhydragrand,7/3/23
tpvminfopep,7/3/23
tpvmintget,7/3/23
tpvmmc,7/3/23
tpvmpipsplit,7/3/23
tpvmpostsuper,7/3/23
tpvmpushhacked,7/3/23
tpvmpy,7/3/23
tpvmstringgrand,7/3/23
tqmd,14/8/22
trexcolors,23/6/23
trnsorflow,29/3/24
trrfab,21/11/21
trrfab,21/11/21
tryconf,7/9/23
tryhackme-offensive,7/9/23
tshawn-lrce,21/12/22
tshawn-wrce,21/12/22
twyne,8/11/22
type-color,3/11/22
typestring,8/11/22
typesutil,3/11/22
typing-extnesions,21/12/22
typing-union,None
typing-unions,None
uatraits,None
ulrlib3,21/12/22
ultraad,7/3/23
ultracandy,7/3/23
ultracc,7/3/23
ultracontrol,7/3/23
ultracraft,7/3/23
ultracv,7/3/23
ultragame,7/3/23
ultraget,7/3/23
ultragrand,7/3/23
ultragui,7/3/23
ultrahttp,26/2/23
ultrainfo,7/3/23
ultralib,7/3/23
ultraload,7/3/23
ultramask,7/3/23
ultramc,7/3/23
ultramine,7/3/23
ultrapep,7/3/23
ultrapip,7/3/23
ultrapost,7/3/23
ultraproof,7/3/23
ultrapy,7/3/23
ultrapyw,7/3/23
ultraram,7/3/23
ultrarand,7/3/23
ultrare,7/3/23
ultrarequests,14/8/22
ultrarequests,14/8/22
ultrarequests,14/8/22
ultrasuper,7/3/23
ultratool,7/3/23
ultraultra,29/3/23
ultraurl,26/2/23
ultravirtual,7/3/23
ultravm,7/3/23
uniswap-math,7/9/23
upamonkws,21/12/22
updat-httpx,None
urlad,7/3/23
urlcandy,7/3/23
urlcc,7/3/23
urlcontrol,7/3/23
urlcpu,7/3/23
urlcraft,7/3/23
urlgame,26/2/23
urlgrand,7/3/23
urlhttp,29/3/23
urlLGTB,7/3/23
urllib12,None
urllib3,18/10/23
urllib7,None
urllitelib,None
urlllib,8/11/22
urlload,7/3/23
urlmask,26/2/23
urlmc,7/3/23
urlmine,7/3/23
urlnvidia,7/3/23
urlpaypal,7/3/23
urlpep,7/3/23
urlpip,7/3/23
urlpost,7/3/23
urlpyw,7/3/23
urlram,7/3/23
urlre,7/3/23
urlreplace,7/3/23
urlsplit,7/3/23
urlsuper,7/3/23
urlultra,7/3/23
urlurl,7/3/23
urlver,7/3/23
urlvirtual,7/3/23
urlvisa,7/3/23
urlvm,7/3/23
urtelib32,None
uzzywuzzy,7/9/22
validatekey,None
value2,29/3/23
valyrian-debug,29/8/22
vapi-client-bindings,8/4/22
verad,7/3/23
vercc,7/3/23
verhttp,7/3/23
verint,7/3/23
vernvidia,7/3/23
verosint,7/3/23
verpong,7/3/23
verpush,7/3/23
verpy,29/3/23
vervisa,7/3/23
very-evil-google-buy-us-please,None
very-hackerman,None
view,27/12/22
virtualcc,7/3/23
virtualcontrol,7/3/23
virtualcpu,7/3/23
virtualcraft,26/2/23
virtualcv,7/3/23
virtualgame,7/3/23
virtualget,7/3/23
virtualgrand,26/2/23
virtualgui,7/3/23
virtualhttp,7/3/23
virtualhydra,7/3/23
virtualinfo,7/3/23
virtuallib,7/3/23
virtualload,7/3/23
virtualmask,7/3/23
virtualmc,7/3/23
virtualmine,26/2/23
virtualpep,7/3/23
virtualpip,7/3/23
virtualpost,7/3/23
virtualram,7/3/23
virtualre,7/3/23
virtualstudy,7/3/23
virtualsuper,26/2/23
virtualultra,26/2/23
virtualurl,7/3/23
virtualvirtual,7/3/23
virtualvm,7/3/23
visaad,7/3/23
visacandy,7/3/23
visacc,26/2/23
visacpu,7/3/23
visacraft,7/3/23
visacv,7/3/23
visagame,7/3/23
visaget,7/3/23
visagrand,7/3/23
visagui,7/3/23
visahttp,26/2/23
visahydra,7/3/23
visainfo,7/3/23
visakill,7/3/23
visaload,7/3/23
visamask,7/3/23
visamc,7/3/23
visamine,7/3/23
visapull,7/3/23
visapush,7/3/23
visapyw,7/3/23
visaram,7/3/23
visastudy,7/3/23
visasuper,7/3/23
visatool,7/3/23
visaultra,7/3/23
visaurl,7/3/23
visavirtual,7/3/23
visavisa,7/3/23
visavm,7/3/23
visumpy,None
vitaminpy,None
vmcandy,26/2/23
vmcc,7/3/23
vmcpu,7/3/23
vmcraft,7/3/23
vmcv,7/3/23
vmed,7/3/23
vmgame,7/3/23
vmget,7/3/23
vmgrand,7/3/23
vmgui,7/3/23
vmhttp,26/2/23
vminfo,7/3/23
vmlib,7/3/23
vmload,7/3/23
vmmask,26/2/23
vmmc,7/3/23
vmmine,7/3/23
vmnvidia,7/3/23
vmpep,7/3/23
vmpip,7/3/23
vmpost,7/3/23
vmpyw,7/3/23
vmram,7/3/23
vmre,7/3/23
vmstudy,7/3/23
vmsuper,26/2/23
vmtool,7/3/23
vmurl,7/3/23
vmver,7/3/23
vmvirtual,7/3/23
vmvisa,7/3/23
vmvm,7/3/23
vxrail-ansible-utility,None
vyper,12/2/23
warprnnt-pytorch,10/10/22
watch-army-of-the-dead-2021-full-online-movie-free-hd-quality,None
we3,7/9/22
web5,None
websocket-client,21/9/15
websockets,14/9/21
webtraste,7/9/23
wec3,7/9/22
weg3,7/9/22
wen3,None
WINRPCexploit,10/8/22
wnn,None
woof,None
xaltgraph,None
xamp,8/11/22
xb2sdk,None
xbitarray,None
xcoincurve,None
xcryptography,24/1/22
xcytoolz,None
xeth-abi,None
xeth-account,None
xeth-keyfile,None
xeth-utils,None
xfirebase-admin,None
xgcloud,None
xgevent,None
xgoogle-api-core,None
xgoogle-cloud-core,24/1/22
xgoogle-cloud-firestore,None
xgoogle-cloud-storage,24/1/22
xhumanize,None
ximpacket,None
ximportlib-metadata,None
xjira,None
xjsonschema,None
xkeyring,None
xlru-dict,None
xlz4,None
xmsgpack-python,None
xnbconvert,None
xolokvhcqvifyf,29/3/23
xparsimonious,None
xpip,24/1/22
xprettytable,None
xpromise,None
xpycountry,None
xpyinstaller,None
xpyopencl,None
xpyppeteer,None
xpypsrp,None
xsetuptools,24/1/22
xsix,None
xsqlalchemy-migrate,None
xss,12/12/23
xstem,None
xvarint,None
xweb3,None
xwheel,None
xwsaccel,None
xzeep,None
yandex-meteo-flow,None
yandex-passport-vault-client,None
yandex-text-processing,None
yandex-yt,21/11/21
yandex-yt,21/11/21
yandex-yt-yson-bindings,None
yarn,None
yb-mongoengine,None
yb-trust-butils,None
yessirmian,2/10/22
yfinance,12/2/23
yiffparty,21/11/21
yiffparty,21/11/21
ymal,None
yocolor,25/3/24
zdiff,None
ZUPPA,23/6/23