npm,lodash-electron,*,5/4/24,https://security.snyk.io/vuln/SNYK-JS-LODASHELECTRON-6564973
npm,context-hydrating,*,4/4/24,https://security.snyk.io/vuln/SNYK-JS-CONTEXTHYDRATING-6531287
npm,shopify-app-session-storage-prisma,*,3/4/24,https://security.snyk.io/vuln/SNYK-JS-SHOPIFYAPPSESSIONSTORAGEPRISMA-6516889
npm,shopify-app-js,*,3/4/24,https://security.snyk.io/vuln/SNYK-JS-SHOPIFYAPPJS-6516888
npm,package-dfgpd-dfgdfg-24h,*,3/4/24,https://security.snyk.io/vuln/SNYK-JS-PACKAGEDFGPDDFGDFG24H-6516887
npm,package-ddgjhd-weagd-24h,*,3/4/24,https://security.snyk.io/vuln/SNYK-JS-PACKAGEDDGJHDWEAGD24H-6516886
npm,shopify-app-session-storage-drizzle,*,3/4/24,https://security.snyk.io/vuln/SNYK-JS-SHOPIFYAPPSESSIONSTORAGEDRIZZLE-6516885
npm,hydrogen-sfdgspsdmq-test1,*,3/4/24,https://security.snyk.io/vuln/SNYK-JS-HYDROGENSFDGSPSDMQTEST1-6516884
npm,metacord,*,3/4/24,https://security.snyk.io/vuln/SNYK-JS-METACORD-6516883
npm,pt-api-tools,*,2/4/24,https://security.snyk.io/vuln/SNYK-JS-PTAPITOOLS-6515708
npm,paysafe-gpf-as-http-proxy-middleware-body-replace,*,2/4/24,https://security.snyk.io/vuln/SNYK-JS-PAYSAFEGPFASHTTPPROXYMIDDLEWAREBODYREPLACE-6515707
npm,u-workflow.auth,*,2/4/24,https://security.snyk.io/vuln/SNYK-JS-UWORKFLOWAUTH-6515706
npm,u-workflow.module.common.visibility,*,2/4/24,https://security.snyk.io/vuln/SNYK-JS-UWORKFLOWMODULECOMMONVISIBILITY-6515705
npm,paysafe-gpf-as-communication-lib-fe,*,2/4/24,https://security.snyk.io/vuln/SNYK-JS-PAYSAFEGPFASCOMMUNICATIONLIBFE-6515704
npm,u-workflow.module.common.tech,*,2/4/24,https://security.snyk.io/vuln/SNYK-JS-UWORKFLOWMODULECOMMONTECH-6515703
npm,u-workflow.module.common.hour-of-week,*,2/4/24,https://security.snyk.io/vuln/SNYK-JS-UWORKFLOWMODULECOMMONHOUROFWEEK-6515702
npm,shelllib,*,2/4/24,https://security.snyk.io/vuln/SNYK-JS-SHELLLIB-6515701
npm,soundcloud-songs,*,2/4/24,https://security.snyk.io/vuln/SNYK-JS-SOUNDCLOUDSONGS-6515700
npm,galileo-web-sdk,*,2/4/24,https://security.snyk.io/vuln/SNYK-JS-GALILEOWEBSDK-6515699
npm,vue2util,*,1/4/24,https://security.snyk.io/vuln/SNYK-JS-VUE2UTIL-6515642
npm,commandlib,*,28/3/24,https://security.snyk.io/vuln/SNYK-JS-COMMANDLIB-6508642
npm,routepair,*,27/3/24,https://security.snyk.io/vuln/SNYK-JS-ROUTEPAIR-6501611
npm,gkldjdkljgdklfgj,*,25/3/24,https://security.snyk.io/vuln/SNYK-JS-GKLDJDKLJGDKLFGJ-6483306
npm,win-regi,*,25/3/24,https://security.snyk.io/vuln/SNYK-JS-WINREGI-6483305
npm,btcbip-39,*,25/3/24,https://security.snyk.io/vuln/SNYK-JS-BTCBIP39-6483304
npm,francoadvisor,*,25/3/24,https://security.snyk.io/vuln/SNYK-JS-FRANCOADVISOR-6483303
npm,trujillocheck,*,25/3/24,https://security.snyk.io/vuln/SNYK-JS-TRUJILLOCHECK-6483302
npm,hessskinchecker,*,25/3/24,https://security.snyk.io/vuln/SNYK-JS-HESSSKINCHECKER-6483301
npm,caas-static,*,22/3/24,https://security.snyk.io/vuln/SNYK-JS-CAASSTATIC-6476878
npm,tomori-discord,*,22/3/24,https://security.snyk.io/vuln/SNYK-JS-TOMORIDISCORD-6476877
npm,boukiapi,*,22/3/24,https://security.snyk.io/vuln/SNYK-JS-BOUKIAPI-6476876
npm,discordinfos,*,22/3/24,https://security.snyk.io/vuln/SNYK-JS-DISCORDINFOS-6476873
npm,sqltest6,*,19/3/24,https://security.snyk.io/vuln/SNYK-JS-SQLTEST6-6457447
npm,raydium-connect,*,19/3/24,https://security.snyk.io/vuln/SNYK-JS-RAYDIUMCONNECT-6457446
npm,rancho-extensions-app,*,19/3/24,https://security.snyk.io/vuln/SNYK-JS-RANCHOEXTENSIONSAPP-6457445
npm,packagerandomattackertest,*,19/3/24,https://security.snyk.io/vuln/SNYK-JS-PACKAGERANDOMATTACKERTEST-6457444
npm,soundcloud-scrape,*,19/3/24,https://security.snyk.io/vuln/SNYK-JS-SOUNDCLOUDSCRAPE-6457443
npm,flow-code-examples,*,19/3/24,https://security.snyk.io/vuln/SNYK-JS-FLOWCODEEXAMPLES-6457442
npm,action-and-block,*,19/3/24,https://security.snyk.io/vuln/SNYK-JS-ACTIONANDBLOCK-6457441
npm,polaris-resource-list-examples,*,19/3/24,https://security.snyk.io/vuln/SNYK-JS-POLARISRESOURCELISTEXAMPLES-6457440
npm,@testorgggg/pkg3,*,19/3/24,https://security.snyk.io/vuln/SNYK-JS-TESTORGGGGPKG3-6457439
npm,custom-banner-react,*,19/3/24,https://security.snyk.io/vuln/SNYK-JS-CUSTOMBANNERREACT-6457438
npm,custom-header-js,*,19/3/24,https://security.snyk.io/vuln/SNYK-JS-CUSTOMHEADERJS-6457437
npm,bouncifyrn,*,19/3/24,https://security.snyk.io/vuln/SNYK-JS-BOUNCIFYRN-6457436
npm,r101-css,*,19/3/24,https://security.snyk.io/vuln/SNYK-JS-R101CSS-6457435
npm,super-social-sdk,*,19/3/24,https://security.snyk.io/vuln/SNYK-JS-SUPERSOCIALSDK-6457434
npm,formvalidationtestauth,*,19/3/24,https://security.snyk.io/vuln/SNYK-JS-FORMVALIDATIONTESTAUTH-6457433
npm,eng-intern-assessment-react-native,*,19/3/24,https://security.snyk.io/vuln/SNYK-JS-ENGINTERNASSESSMENTREACTNATIVE-6457432
npm,functions-workshop,*,19/3/24,https://security.snyk.io/vuln/SNYK-JS-FUNCTIONSWORKSHOP-6457431
npm,frosmo-react,*,15/3/24,https://security.snyk.io/vuln/SNYK-JS-FROSMOREACT-6444614
npm,test12323123,*,15/3/24,https://security.snyk.io/vuln/SNYK-JS-TEST12323123-6444613
npm,edgenuity,*,14/3/24,https://security.snyk.io/vuln/SNYK-JS-EDGENUITY-6435942
npm,vinayak,*,14/3/24,https://security.snyk.io/vuln/SNYK-JS-VINAYAK-6435941
npm,noblox.js-proxy-server,*,12/3/24,https://security.snyk.io/vuln/SNYK-JS-NOBLOXJSPROXYSERVER-6422282
npm,ccl-product-carousel,*,12/3/24,https://security.snyk.io/vuln/SNYK-JS-CCLPRODUCTCAROUSEL-6422281
npm,npm_macos,*,12/3/24,https://security.snyk.io/vuln/SNYK-JS-NPMMACOS-6422223
npm,zksync-hardhat-template,*,12/3/24,https://security.snyk.io/vuln/SNYK-JS-ZKSYNCHARDHATTEMPLATE-6422222
npm,liquity,*,12/3/24,https://security.snyk.io/vuln/SNYK-JS-LIQUITY-6422221
npm,c3-pricecaster,*,12/3/24,https://security.snyk.io/vuln/SNYK-JS-C3PRICECASTER-6422220
npm,salesforce-service-cloud,*,12/3/24,https://security.snyk.io/vuln/SNYK-JS-SALESFORCESERVICECLOUD-6422219
npm,webauthn-site-poc,*,12/3/24,https://security.snyk.io/vuln/SNYK-JS-WEBAUTHNSITEPOC-6422218
npm,attrstore,*,12/3/24,https://security.snyk.io/vuln/SNYK-JS-ATTRSTORE-6422217
npm,mastercard-postman-encryption-lib,*,12/3/24,https://security.snyk.io/vuln/SNYK-JS-MASTERCARDPOSTMANENCRYPTIONLIB-6422216
npm,dropdownformfield,*,12/3/24,https://security.snyk.io/vuln/SNYK-JS-DROPDOWNFORMFIELD-6422215
npm,payatutest,*,12/3/24,https://security.snyk.io/vuln/SNYK-JS-PAYATUTEST-6422214
npm,rat-patrol,*,12/3/24,https://security.snyk.io/vuln/SNYK-JS-RATPATROL-6422213
npm,ifl-css,*,12/3/24,https://security.snyk.io/vuln/SNYK-JS-IFLCSS-6422212
npm,profectus-components,*,12/3/24,https://security.snyk.io/vuln/SNYK-JS-PROFECTUSCOMPONENTS-6422211
npm,shereyas,*,12/3/24,https://security.snyk.io/vuln/SNYK-JS-SHEREYAS-6422210
npm,starknet4,*,12/3/24,https://security.snyk.io/vuln/SNYK-JS-STARKNET4-6422209
npm,ifl-primitives,*,12/3/24,https://security.snyk.io/vuln/SNYK-JS-IFLPRIMITIVES-6422208
npm,accessibletrap,*,12/3/24,https://security.snyk.io/vuln/SNYK-JS-ACCESSIBLETRAP-6422207
npm,dismissprovider,*,12/3/24,https://security.snyk.io/vuln/SNYK-JS-DISMISSPROVIDER-6422206
npm,open-banking-reference-application,*,12/3/24,https://security.snyk.io/vuln/SNYK-JS-OPENBANKINGREFERENCEAPPLICATION-6422205
npm,pod-consumer-backend,*,12/3/24,https://security.snyk.io/vuln/SNYK-JS-PODCONSUMERBACKEND-6422204
npm,dcplot,*,12/3/24,https://security.snyk.io/vuln/SNYK-JS-DCPLOT-6422203
npm,unity-context,*,12/3/24,https://security.snyk.io/vuln/SNYK-JS-UNITYCONTEXT-6421871
npm,udp-components,*,12/3/24,https://security.snyk.io/vuln/SNYK-JS-UDPCOMPONENTS-6421870
npm,unity-httpclient,*,12/3/24,https://security.snyk.io/vuln/SNYK-JS-UNITYHTTPCLIENT-6421869
npm,unity-util,*,12/3/24,https://security.snyk.io/vuln/SNYK-JS-UNITYUTIL-6421868
npm,pet-profile-micro-interaction,*,8/3/24,https://security.snyk.io/vuln/SNYK-JS-PETPROFILEMICROINTERACTION-6419322
npm,win32crypted,*,5/3/24,https://security.snyk.io/vuln/SNYK-JS-WIN32CRYPTED-6371511
npm,deuplouded,*,1/3/24,https://security.snyk.io/vuln/SNYK-JS-DEUPLOUDED-6347249
npm,snipersee,*,1/3/24,https://security.snyk.io/vuln/SNYK-JS-SNIPERSEE-6347248
npm,sniperser,*,1/3/24,https://security.snyk.io/vuln/SNYK-JS-SNIPERSER-6347247
npm,sniperv2,*,1/3/24,https://security.snyk.io/vuln/SNYK-JS-SNIPERV2-6347246
npm,sniperv1,*,1/3/24,https://security.snyk.io/vuln/SNYK-JS-SNIPERV1-6347245
npm,tokenspair,*,29/2/24,https://security.snyk.io/vuln/SNYK-JS-TOKENSPAIR-6317546
npm,tokenpair,*,29/2/24,https://security.snyk.io/vuln/SNYK-JS-TOKENPAIR-6305454
npm,tokenpairs,*,29/2/24,https://security.snyk.io/vuln/SNYK-JS-TOKENPAIRS-6305453
npm,ent-profile-logger,*,27/2/24,https://security.snyk.io/vuln/SNYK-JS-ENTPROFILELOGGER-6277731
npm,frd-rsa-js,*,27/2/24,https://security.snyk.io/vuln/SNYK-JS-FRDRSAJS-6277730
npm,emilkylandertestnpmpackge,*,27/2/24,https://security.snyk.io/vuln/SNYK-JS-EMILKYLANDERTESTNPMPACKGE-6277729
npm,usaa-wdio-utils,*,27/2/24,https://security.snyk.io/vuln/SNYK-JS-USAAWDIOUTILS-6277728
npm,nodejs-socket,*,26/2/24,https://security.snyk.io/vuln/SNYK-JS-NODEJSSOCKET-6276577
npm,disc-web-sender,*,22/2/24,https://security.snyk.io/vuln/SNYK-JS-DISCWEBSENDER-6261802
npm,ember-power-calendar-dayjs,*,22/2/24,https://security.snyk.io/vuln/SNYK-JS-EMBERPOWERCALENDARDAYJS-6261801
npm,node-red-contrib-object-to-array,*,22/2/24,https://security.snyk.io/vuln/SNYK-JS-NODEREDCONTRIBOBJECTTOARRAY-6261800
npm,testconfusiontestt,*,22/2/24,https://security.snyk.io/vuln/SNYK-JS-TESTCONFUSIONTESTT-6261799
npm,scytheetest,*,22/2/24,https://security.snyk.io/vuln/SNYK-JS-SCYTHEETEST-6261798
npm,djs-colors-v14,*,22/2/24,https://security.snyk.io/vuln/SNYK-JS-DJSCOLORSV14-6261797
npm,analysis-shared-utils,*,20/2/24,https://security.snyk.io/vuln/SNYK-JS-ANALYSISSHAREDUTILS-6254643
npm,analysis-components,*,20/2/24,https://security.snyk.io/vuln/SNYK-JS-ANALYSISCOMPONENTS-6254642
npm,analysis-tool-app,*,20/2/24,https://security.snyk.io/vuln/SNYK-JS-ANALYSISTOOLAPP-6254641
npm,analysis-studio-components,*,20/2/24,https://security.snyk.io/vuln/SNYK-JS-ANALYSISSTUDIOCOMPONENTS-6254640
npm,lol-pizda,*,20/2/24,https://security.snyk.io/vuln/SNYK-JS-LOLPIZDA-6254639
npm,ppui4theme,*,19/2/24,https://security.snyk.io/vuln/SNYK-JS-PPUI4THEME-6252500
npm,uber-rv-web-common-virtual-8d2dce4f55,*,19/2/24,https://security.snyk.io/vuln/SNYK-JS-UBERRVWEBCOMMONVIRTUAL8D2DCE4F55-6252499
npm,new-dependency-test,*,19/2/24,https://security.snyk.io/vuln/SNYK-JS-NEWDEPENDENCYTEST-6252498
npm,uber-rv-web-common,*,19/2/24,https://security.snyk.io/vuln/SNYK-JS-UBERRVWEBCOMMON-6252497
npm,ts-patch-mongoos,*,19/2/24,https://security.snyk.io/vuln/SNYK-JS-TSPATCHMONGOOS-6252496
npm,ts-patch-mongose,*,19/2/24,https://security.snyk.io/vuln/SNYK-JS-TSPATCHMONGOSE-6252495
npm,evilcalendar,*,19/2/24,https://security.snyk.io/vuln/SNYK-JS-EVILCALENDAR-6252494
npm,ts-patch-moongoose,*,19/2/24,https://security.snyk.io/vuln/SNYK-JS-TSPATCHMOONGOOSE-6252493
npm,execution-time-async,*,16/2/24,https://security.snyk.io/vuln/SNYK-JS-EXECUTIONTIMEASYNC-6249275
npm,@globalsearch/productstub,*,12/2/24,https://security.snyk.io/vuln/SNYK-JS-GLOBALSEARCHPRODUCTSTUB-6241893
npm,disme,*,12/2/24,https://security.snyk.io/vuln/SNYK-JS-DISME-6241891
npm,vtuanhihi,*,12/2/24,https://security.snyk.io/vuln/SNYK-JS-VTUANHIHI-6241890
npm,vtuandz00,*,12/2/24,https://security.snyk.io/vuln/SNYK-JS-VTUANDZ00-6241889
npm,iris-front-test-utils,*,12/2/24,https://security.snyk.io/vuln/SNYK-JS-IRISFRONTTESTUTILS-6241888
npm,vtuancuti,*,12/2/24,https://security.snyk.io/vuln/SNYK-JS-VTUANCUTI-6241887
npm,hanncuti,*,12/2/24,https://security.snyk.io/vuln/SNYK-JS-HANNCUTI-6241886
npm,webnotekc0506,*,12/2/24,https://security.snyk.io/vuln/SNYK-JS-WEBNOTEKC0506-6241850
npm,dependency-ab,*,8/2/24,https://security.snyk.io/vuln/SNYK-JS-DEPENDENCYAB-6231781
npm,styled-compoment,*,8/2/24,https://security.snyk.io/vuln/SNYK-JS-STYLEDCOMPOMENT-6231780
npm,nhatcoder-fb-api,*,8/2/24,https://security.snyk.io/vuln/SNYK-JS-NHATCODERFBAPI-6231779
npm,paradis,*,8/2/24,https://security.snyk.io/vuln/SNYK-JS-PARADIS-6231778
npm,test-pkg1-random,*,7/2/24,https://security.snyk.io/vuln/SNYK-JS-TESTPKG1RANDOM-6230695
npm,jera,*,7/2/24,https://security.snyk.io/vuln/SNYK-JS-JERA-6230694
npm,can-explorer,*,7/2/24,https://security.snyk.io/vuln/SNYK-JS-CANEXPLORER-6230693
npm,bug-test-package,*,6/2/24,https://security.snyk.io/vuln/SNYK-JS-BUGTESTPACKAGE-6229534
npm,ngpd-merceros-dynamic-forms-fe-components,*,5/2/24,https://security.snyk.io/vuln/SNYK-JS-NGPDMERCEROSDYNAMICFORMSFECOMPONENTS-6227592
npm,nan-win,*,5/2/24,https://security.snyk.io/vuln/SNYK-JS-NANWIN-6227591
npm,librct,*,5/2/24,https://security.snyk.io/vuln/SNYK-JS-LIBRCT-6227590
npm,ngpd-merceros-ui-widget-core,*,5/2/24,https://security.snyk.io/vuln/SNYK-JS-NGPDMERCEROSUIWIDGETCORE-6227589
npm,ngpd-merceros-ui-meta,*,5/2/24,https://security.snyk.io/vuln/SNYK-JS-NGPDMERCEROSUIMETA-6227588
npm,health-gbm-common,*,5/2/24,https://security.snyk.io/vuln/SNYK-JS-HEALTHGBMCOMMON-6227587
npm,@time-loop/electron-panel-window,*,5/2/24,https://security.snyk.io/vuln/SNYK-JS-TIMELOOPELECTRONPANELWINDOW-6227586
npm,hub-blockly,*,5/2/24,https://security.snyk.io/vuln/SNYK-JS-HUBBLOCKLY-6227585
npm,node-fetch-full,*,2/2/24,https://security.snyk.io/vuln/SNYK-JS-NODEFETCHFULL-6226645
npm,node-production,*,2/2/24,https://security.snyk.io/vuln/SNYK-JS-NODEPRODUCTION-6226644
npm,hardhat-gas-optimizer,*,2/2/24,https://security.snyk.io/vuln/SNYK-JS-HARDHATGASOPTIMIZER-6226643
npm,discord.js-sounds,*,1/2/24,https://security.snyk.io/vuln/SNYK-JS-DISCORDJSSOUNDS-6219979
npm,usaa-drag-drop,*,31/1/24,https://security.snyk.io/vuln/SNYK-JS-USAADRAGDROP-6210224
npm,ent-cas-services,*,31/1/24,https://security.snyk.io/vuln/SNYK-JS-ENTCASSERVICES-6210223
npm,discord-cache,*,31/1/24,https://security.snyk.io/vuln/SNYK-JS-DISCORDCACHE-6210222
npm,diil-front,*,31/1/24,https://security.snyk.io/vuln/SNYK-JS-DIILFRONT-6210221
npm,diil-selfservice-components,*,31/1/24,https://security.snyk.io/vuln/SNYK-JS-DIILSELFSERVICECOMPONENTS-6210220
npm,eslint-plugin-cas,*,31/1/24,https://security.snyk.io/vuln/SNYK-JS-ESLINTPLUGINCAS-6210219
npm,fdistube-config,*,31/1/24,https://security.snyk.io/vuln/SNYK-JS-FDISTUBECONFIG-6210218
npm,distube-f,*,31/1/24,https://security.snyk.io/vuln/SNYK-JS-DISTUBEF-6210217
npm,russiapi,*,30/1/24,https://security.snyk.io/vuln/SNYK-JS-RUSSIAPI-6209405
npm,jewishapi,*,30/1/24,https://security.snyk.io/vuln/SNYK-JS-JEWISHAPI-6209404
npm,iifl_serialize,*,30/1/24,https://security.snyk.io/vuln/SNYK-JS-IIFLSERIALIZE-6209403
npm,iifl_cloud,*,30/1/24,https://security.snyk.io/vuln/SNYK-JS-IIFLCLOUD-6209402
npm,o2-ionic-image-loader-v7,*,30/1/24,https://security.snyk.io/vuln/SNYK-JS-O2IONICIMAGELOADERV7-6209401
npm,o2-ionic-image-loader,*,30/1/24,https://security.snyk.io/vuln/SNYK-JS-O2IONICIMAGELOADER-6209400
npm,dsc-fetcher,*,30/1/24,https://security.snyk.io/vuln/SNYK-JS-DSCFETCHER-6209399
npm,web-ai-51pwn,*,30/1/24,https://security.snyk.io/vuln/SNYK-JS-WEBAI51PWN-6209398
npm,iifl_express_middleware,*,30/1/24,https://security.snyk.io/vuln/SNYK-JS-IIFLEXPRESSMIDDLEWARE-6209397
npm,discord.js-dmall-v11,*,30/1/24,https://security.snyk.io/vuln/SNYK-JS-DISCORDJSDMALLV11-6209396
npm,iifl_api,*,30/1/24,https://security.snyk.io/vuln/SNYK-JS-IIFLAPI-6209395
npm,myonlife,*,30/1/24,https://security.snyk.io/vuln/SNYK-JS-MYONLIFE-6209394
npm,uui-framework,*,30/1/24,https://security.snyk.io/vuln/SNYK-JS-UUIFRAMEWORK-6209393
npm,discord.js-sound,*,30/1/24,https://security.snyk.io/vuln/SNYK-JS-DISCORDJSSOUND-6209392
npm,take-cam,*,30/1/24,https://security.snyk.io/vuln/SNYK-JS-TAKECAM-6209391
npm,iifl_ios_app,*,30/1/24,https://security.snyk.io/vuln/SNYK-JS-IIFLIOSAPP-6209390
npm,myonlife1,*,30/1/24,https://security.snyk.io/vuln/SNYK-JS-MYONLIFE1-6209389
npm,myoimanshhu,*,30/1/24,https://security.snyk.io/vuln/SNYK-JS-MYOIMANSHHU-6209388
npm,iifl_android_app,*,30/1/24,https://security.snyk.io/vuln/SNYK-JS-IIFLANDROIDAPP-6209387
npm,fdistube,*,28/1/24,https://security.snyk.io/vuln/SNYK-JS-FDISTUBE-6208117
npm,discordyt,*,24/1/24,https://security.snyk.io/vuln/SNYK-JS-DISCORDYT-6186556
npm,distube-config,*,24/1/24,https://security.snyk.io/vuln/SNYK-JS-DISTUBECONFIG-6186555
npm,epsilonapi,*,24/1/24,https://security.snyk.io/vuln/SNYK-JS-EPSILONAPI-6186426
npm,epsilonprotect,*,24/1/24,https://security.snyk.io/vuln/SNYK-JS-EPSILONPROTECT-6186425
npm,api-gothic,*,23/1/24,https://security.snyk.io/vuln/SNYK-JS-APIGOTHIC-6184126
npm,gothic-token,*,23/1/24,https://security.snyk.io/vuln/SNYK-JS-GOTHICTOKEN-6184125
npm,discord.js-gothic,*,23/1/24,https://security.snyk.io/vuln/SNYK-JS-DISCORDJSGOTHIC-6184121
npm,gothics-api,*,23/1/24,https://security.snyk.io/vuln/SNYK-JS-GOTHICSAPI-6184120
npm,@shenmue_dsc/fluent-ffmpeg-multistream-ts,*,22/1/24,https://security.snyk.io/vuln/SNYK-JS-SHENMUEDSCFLUENTFFMPEGMULTISTREAMTS-6183713
npm,shenmue-dmall.js,*,22/1/24,https://security.snyk.io/vuln/SNYK-JS-SHENMUEDMALLJS-6183315
npm,discordjs-fetcher,*,22/1/24,https://security.snyk.io/vuln/SNYK-JS-DISCORDJSFETCHER-6183314
npm,djs-fetcher,*,22/1/24,https://security.snyk.io/vuln/SNYK-JS-DJSFETCHER-6183313
npm,apiv1-fetcher,*,22/1/24,https://security.snyk.io/vuln/SNYK-JS-APIV1FETCHER-6183312
npm,ahmadzdzdzdzddddahas,*,22/1/24,https://security.snyk.io/vuln/SNYK-JS-AHMADZDZDZDZDDDDAHAS-6183311
npm,shenmue.js-dev,*,22/1/24,https://security.snyk.io/vuln/SNYK-JS-SHENMUEJSDEV-6183301
npm,@shenmue_dsc/shenmue.js-stream,*,22/1/24,https://security.snyk.io/vuln/SNYK-JS-SHENMUEDSCSHENMUEJSSTREAM-6183300
npm,syxx.js,*,22/1/24,https://security.snyk.io/vuln/SNYK-JS-SYXXJS-6183299
npm,lunar-sb.js,*,22/1/24,https://security.snyk.io/vuln/SNYK-JS-LUNARSBJS-6183298
npm,oscompatible,*,18/1/24,https://security.snyk.io/vuln/SNYK-JS-OSCOMPATIBLE-6173323
npm,discord.js-selfbot-vl3,*,17/1/24,https://security.snyk.io/vuln/SNYK-JS-DISCORDJSSELFBOTVL3-6160759
npm,discordjs-selfbot-v33,*,17/1/24,https://security.snyk.io/vuln/SNYK-JS-DISCORDJSSELFBOTV33-6160758
npm,discord.js-seifbot-v13,*,17/1/24,https://security.snyk.io/vuln/SNYK-JS-DISCORDJSSEIFBOTV13-6160757
npm,uptime-bot,*,17/1/24,https://security.snyk.io/vuln/SNYK-JS-UPTIMEBOT-6160756
npm,naoi.js,*,17/1/24,https://security.snyk.io/vuln/SNYK-JS-NAOIJS-6160755
npm,discord.js-v12selfbot,*,17/1/24,https://security.snyk.io/vuln/SNYK-JS-DISCORDJSV12SELFBOT-6160754
npm,discord-selfbot-v13,*,17/1/24,https://security.snyk.io/vuln/SNYK-JS-DISCORDSELFBOTV13-6160753
npm,jupiter-emoji-old,*,17/1/24,https://security.snyk.io/vuln/SNYK-JS-JUPITEREMOJIOLD-6160752
npm,discord.js-sb-v13,*,17/1/24,https://security.snyk.io/vuln/SNYK-JS-DISCORDJSSBV13-6160065
npm,dicsord.js-selfbot-v13,*,17/1/24,https://security.snyk.io/vuln/SNYK-JS-DICSORDJSSELFBOTV13-6160064
npm,uhqsniper,*,17/1/24,https://security.snyk.io/vuln/SNYK-JS-UHQSNIPER-6160063
npm,dmalldiscordfriends,*,17/1/24,https://security.snyk.io/vuln/SNYK-JS-DMALLDISCORDFRIENDS-6160062
npm,discord.js-lock-selfbot-v13,*,17/1/24,https://security.snyk.io/vuln/SNYK-JS-DISCORDJSLOCKSELFBOTV13-6160061
npm,discord.js-selfbot-dmallfriends-v13,*,17/1/24,https://security.snyk.io/vuln/SNYK-JS-DISCORDJSSELFBOTDMALLFRIENDSV13-6160060
npm,noleakdmall,*,17/1/24,https://security.snyk.io/vuln/SNYK-JS-NOLEAKDMALL-6160059
npm,discord.js-dmall-friends,*,17/1/24,https://security.snyk.io/vuln/SNYK-JS-DISCORDJSDMALLFRIENDS-6160058
npm,child-proces,*,17/1/24,https://security.snyk.io/vuln/SNYK-JS-CHILDPROCES-6160057
npm,discord.js-selfbot-dmall-v13,*,17/1/24,https://security.snyk.io/vuln/SNYK-JS-DISCORDJSSELFBOTDMALLV13-6160056
npm,djs-selfbot-v14,*,16/1/24,https://security.snyk.io/vuln/SNYK-JS-DJSSELFBOTV14-6157253
npm,noblox.js-oauth,*,16/1/24,https://security.snyk.io/vuln/SNYK-JS-NOBLOXJSOAUTH-6157252
npm,djs13-fetcher,*,15/1/24,https://security.snyk.io/vuln/SNYK-JS-DJS13FETCHER-6156697
npm,sync-axios,*,15/1/24,https://security.snyk.io/vuln/SNYK-JS-SYNCAXIOS-6156693
npm,djs14-fetcher,*,15/1/24,https://security.snyk.io/vuln/SNYK-JS-DJS14FETCHER-6156692
npm,colors-utils,*,15/1/24,https://security.snyk.io/vuln/SNYK-JS-COLORSUTILS-6156691
npm,chalk-color,*,15/1/24,https://security.snyk.io/vuln/SNYK-JS-CHALKCOLOR-6156690
npm,apiv2-fetcher,*,15/1/24,https://security.snyk.io/vuln/SNYK-JS-APIV2FETCHER-6156689
npm,chalk-color-utils,*,15/1/24,https://security.snyk.io/vuln/SNYK-JS-CHALKCOLORUTILS-6156688
npm,eslint-plugin-unicorn-ts,*,12/1/24,https://security.snyk.io/vuln/SNYK-JS-ESLINTPLUGINUNICORNTS-6154570
npm,chancets,*,12/1/24,https://security.snyk.io/vuln/SNYK-JS-CHANCETS-6154569
npm,tsb-authorization,*,12/1/24,https://security.snyk.io/vuln/SNYK-JS-TSBAUTHORIZATION-6154490
npm,cordova-plugin-canvas,*,11/1/24,https://security.snyk.io/vuln/SNYK-JS-CORDOVAPLUGINCANVAS-6150714
npm,keptnwebservice,*,11/1/24,https://security.snyk.io/vuln/SNYK-JS-KEPTNWEBSERVICE-6150713
npm,sh.keptn.core.control,*,11/1/24,https://security.snyk.io/vuln/SNYK-JS-SHKEPTNCORECONTROL-6150712
npm,automation.samples,*,11/1/24,https://security.snyk.io/vuln/SNYK-JS-AUTOMATIONSAMPLES-6150711
npm,gh-action-send-event,*,11/1/24,https://security.snyk.io/vuln/SNYK-JS-GHACTIONSENDEVENT-6150710
npm,schibsted-style,*,11/1/24,https://security.snyk.io/vuln/SNYK-JS-SCHIBSTEDSTYLE-6150709
npm,pp-app-ui,*,11/1/24,https://security.snyk.io/vuln/SNYK-JS-PPAPPUI-6150708
npm,moduleprefix,*,11/1/24,https://security.snyk.io/vuln/SNYK-JS-MODULEPREFIX-6150707
npm,nylas-sync,*,11/1/24,https://security.snyk.io/vuln/SNYK-JS-NYLASSYNC-6150706
npm,akshansh-jaiswal-ctf,*,11/1/24,https://security.snyk.io/vuln/SNYK-JS-AKSHANSHJAISWALCTF-6150705
npm,error-can-not-resolve-resource,*,11/1/24,https://security.snyk.io/vuln/SNYK-JS-ERRORCANNOTRESOLVERESOURCE-6150704
npm,nylas-api,*,11/1/24,https://security.snyk.io/vuln/SNYK-JS-NYLASAPI-6150703
npm,cloudflare-docs-theme,*,11/1/24,https://security.snyk.io/vuln/SNYK-JS-CLOUDFLAREDOCSTHEME-6150702
npm,vg-bot,*,11/1/24,https://security.snyk.io/vuln/SNYK-JS-VGBOT-6150701
npm,djs-fetcher-v14,*,11/1/24,https://security.snyk.io/vuln/SNYK-JS-DJSFETCHERV14-6150700
npm,deep-search-exports-directory,*,11/1/24,https://security.snyk.io/vuln/SNYK-JS-DEEPSEARCHEXPORTSDIRECTORY-6150699
npm,dynatrace-oneagent-nodejs,*,11/1/24,https://security.snyk.io/vuln/SNYK-JS-DYNATRACEONEAGENTNODEJS-6150698
npm,nylas-core,*,11/1/24,https://security.snyk.io/vuln/SNYK-JS-NYLASCORE-6150697
npm,bakery-dashboard,*,11/1/24,https://security.snyk.io/vuln/SNYK-JS-BAKERYDASHBOARD-6150696
npm,replit-extensions-react,*,11/1/24,https://security.snyk.io/vuln/SNYK-JS-REPLITEXTENSIONSREACT-6150695
npm,lwc-jest-serializer,*,11/1/24,https://security.snyk.io/vuln/SNYK-JS-LWCJESTSERIALIZER-6150694
npm,ember-cli-progress-ci,*,11/1/24,https://security.snyk.io/vuln/SNYK-JS-EMBERCLIPROGRESSCI-6150693
npm,coloma,*,11/1/24,https://security.snyk.io/vuln/SNYK-JS-COLOMA-6150692
npm,@monokera/react-components-storybook,*,10/1/24,https://security.snyk.io/vuln/SNYK-JS-MONOKERAREACTCOMPONENTSSTORYBOOK-6149510
npm,schedules-oauth-itwin,*,10/1/24,https://security.snyk.io/vuln/SNYK-JS-SCHEDULESOAUTHITWIN-6149508
npm,raspeditor,*,10/1/24,https://security.snyk.io/vuln/SNYK-JS-RASPEDITOR-6149507
npm,d5-es6-sass-boilerplate,*,10/1/24,https://security.snyk.io/vuln/SNYK-JS-D5ES6SASSBOILERPLATE-6149506
npm,holamessironaldo,*,10/1/24,https://security.snyk.io/vuln/SNYK-JS-HOLAMESSIRONALDO-6149505
npm,webrtc-studio-connection,*,10/1/24,https://security.snyk.io/vuln/SNYK-JS-WEBRTCSTUDIOCONNECTION-6149504
npm,axis-common-lib,*,10/1/24,https://security.snyk.io/vuln/SNYK-JS-AXISCOMMONLIB-6149503
npm,@linesearch/swiper,*,10/1/24,https://security.snyk.io/vuln/SNYK-JS-LINESEARCHSWIPER-6149502
npm,@jitoz/encrypted-tools,*,10/1/24,https://security.snyk.io/vuln/SNYK-JS-JITOZENCRYPTEDTOOLS-6149501
npm,feather-icons-pro,*,7/1/24,https://security.snyk.io/vuln/SNYK-JS-FEATHERICONSPRO-6146037
npm,styled-beautify-components,*,7/1/24,https://security.snyk.io/vuln/SNYK-JS-STYLEDBEAUTIFYCOMPONENTS-6146036
npm,envi-config,*,7/1/24,https://security.snyk.io/vuln/SNYK-JS-ENVICONFIG-6146035
npm,cryptotestenv,*,7/1/24,https://security.snyk.io/vuln/SNYK-JS-CRYPTOTESTENV-6146034
npm,bitcore-transactions,*,7/1/24,https://security.snyk.io/vuln/SNYK-JS-BITCORETRANSACTIONS-6146033
npm,chainflowpro,*,7/1/24,https://security.snyk.io/vuln/SNYK-JS-CHAINFLOWPRO-6146032
npm,config-storages,*,7/1/24,https://security.snyk.io/vuln/SNYK-JS-CONFIGSTORAGES-6146031
npm,blockchaintestenv,*,7/1/24,https://security.snyk.io/vuln/SNYK-JS-BLOCKCHAINTESTENV-6146030
npm,coincryptotest,*,7/1/24,https://security.snyk.io/vuln/SNYK-JS-COINCRYPTOTEST-6146029
npm,port-common,*,7/1/24,https://security.snyk.io/vuln/SNYK-JS-PORTCOMMON-6146028
npm,simplecointest,*,7/1/24,https://security.snyk.io/vuln/SNYK-JS-SIMPLECOINTEST-6146027
npm,config-envi,*,7/1/24,https://security.snyk.io/vuln/SNYK-JS-CONFIGENVI-6146026
npm,kodiak2k,*,5/1/24,https://security.snyk.io/vuln/SNYK-JS-KODIAK2K-6144794
npm,ether-sdk,*,4/1/24,https://security.snyk.io/vuln/SNYK-JS-ETHERSDK-6143550
npm,warbeast2000,*,3/1/24,https://security.snyk.io/vuln/SNYK-JS-WARBEAST2000-6142635
npm,everything,*,3/1/24,https://security.snyk.io/vuln/SNYK-JS-EVERYTHING-6142161
npm,airslate-core-components,*,3/1/24,https://security.snyk.io/vuln/SNYK-JS-AIRSLATECORECOMPONENTS-6142156
npm,airslate-navigation,*,3/1/24,https://security.snyk.io/vuln/SNYK-JS-AIRSLATENAVIGATION-6142155
npm,metabase-enterprise,*,3/1/24,https://security.snyk.io/vuln/SNYK-JS-METABASEENTERPRISE-6142154
npm,page-configs,*,3/1/24,https://security.snyk.io/vuln/SNYK-JS-PAGECONFIGS-6142153
npm,mw-common-components,*,3/1/24,https://security.snyk.io/vuln/SNYK-JS-MWCOMMONCOMPONENTS-6142152
npm,sparxy,*,3/1/24,https://security.snyk.io/vuln/SNYK-JS-SPARXY-6142151
npm,@serenity-web/common-helpers,*,2/1/24,https://security.snyk.io/vuln/SNYK-JS-SERENITYWEBCOMMONHELPERS-6141152
npm,unit-testing-controllers,*,2/1/24,https://security.snyk.io/vuln/SNYK-JS-UNITTESTINGCONTROLLERS-6141151
npm,@serenity-web/channel-motor,*,2/1/24,https://security.snyk.io/vuln/SNYK-JS-SERENITYWEBCHANNELMOTOR-6141150
npm,@msmg-money/get-current-env,*,2/1/24,https://security.snyk.io/vuln/SNYK-JS-MSMGMONEYGETCURRENTENV-6141149
npm,@authentication-pages/vue-cli-prebuild,*,2/1/24,https://security.snyk.io/vuln/SNYK-JS-AUTHENTICATIONPAGESVUECLIPREBUILD-6141148
npm,@serenity-web/components-base,*,2/1/24,https://security.snyk.io/vuln/SNYK-JS-SERENITYWEBCOMPONENTSBASE-6141147
npm,yield-api-documentation,*,2/1/24,https://security.snyk.io/vuln/SNYK-JS-YIELDAPIDOCUMENTATION-6141146
npm,get_name_of_token,*,2/1/24,https://security.snyk.io/vuln/SNYK-JS-GETNAMEOFTOKEN-6141145
npm,bsc-allowance,*,2/1/24,https://security.snyk.io/vuln/SNYK-JS-BSCALLOWANCE-6141144
npm,matomo-looker-studio-connector,*,2/1/24,https://security.snyk.io/vuln/SNYK-JS-MATOMOLOOKERSTUDIOCONNECTOR-6141143
npm,@serenity-web/common-assets,*,2/1/24,https://security.snyk.io/vuln/SNYK-JS-SERENITYWEBCOMMONASSETS-6141142
npm,matomo-for-wordpress,*,2/1/24,https://security.snyk.io/vuln/SNYK-JS-MATOMOFORWORDPRESS-6141141
npm,@msmg-money/vue-datadog,*,2/1/24,https://security.snyk.io/vuln/SNYK-JS-MSMGMONEYVUEDATADOG-6141140
npm,obiz,*,2/1/24,https://security.snyk.io/vuln/SNYK-JS-OBIZ-6141139
npm,discord.js-self-v22,*,2/1/24,https://security.snyk.io/vuln/SNYK-JS-DISCORDJSSELFV22-6141138
npm,chain00x,*,29/12/23,https://security.snyk.io/vuln/SNYK-JS-CHAIN00X-6140430
npm,holland,*,29/12/23,https://security.snyk.io/vuln/SNYK-JS-HOLLAND-6140429
npm,discord.js-selfbot-dmallfriend-v13,*,29/12/23,https://security.snyk.io/vuln/SNYK-JS-DISCORDJSSELFBOTDMALLFRIENDV13-6140428
npm,lockself,*,29/12/23,https://security.snyk.io/vuln/SNYK-JS-LOCKSELF-6140427
npm,discord.js-v13-selbots,*,29/12/23,https://security.snyk.io/vuln/SNYK-JS-DISCORDJSV13SELBOTS-6140426
npm,discord.js-selbotderank,*,29/12/23,https://security.snyk.io/vuln/SNYK-JS-DISCORDJSSELBOTDERANK-6140425
npm,discord.js-selfbots-v13,*,29/12/23,https://security.snyk.io/vuln/SNYK-JS-DISCORDJSSELFBOTSV13-6140424
npm,sd-v13.js,*,29/12/23,https://security.snyk.io/vuln/SNYK-JS-SDV13JS-6140423
npm,biscits,*,28/12/23,https://security.snyk.io/vuln/SNYK-JS-BISCITS-6140311
npm,spectrum-utils,*,28/12/23,https://security.snyk.io/vuln/SNYK-JS-SPECTRUMUTILS-6140310
npm,discord.js-self-v21,*,28/12/23,https://security.snyk.io/vuln/SNYK-JS-DISCORDJSSELFV21-6140309
npm,axio-https,*,28/12/23,https://security.snyk.io/vuln/SNYK-JS-AXIOHTTPS-6140308
npm,discord.js-self2,*,28/12/23,https://security.snyk.io/vuln/SNYK-JS-DISCORDJSSELF2-6140307
npm,myservice.web,*,27/12/23,https://security.snyk.io/vuln/SNYK-JS-MYSERVICEWEB-6139930
npm,next-id-doc,*,27/12/23,https://security.snyk.io/vuln/SNYK-JS-NEXTIDDOC-6139929
npm,fe-commons,*,27/12/23,https://security.snyk.io/vuln/SNYK-JS-FECOMMONS-6139928
npm,discord.js-selfbot-v23,*,27/12/23,https://security.snyk.io/vuln/SNYK-JS-DISCORDJSSELFBOTV23-6139927
npm,react-hook-form-latest,*,25/12/23,https://security.snyk.io/vuln/SNYK-JS-REACTHOOKFORMLATEST-6139266
npm,run-matlab-command,*,22/12/23,https://security.snyk.io/vuln/SNYK-JS-RUNMATLABCOMMAND-6137918
npm,hackathon-web,*,22/12/23,https://security.snyk.io/vuln/SNYK-JS-HACKATHONWEB-6137917
npm,release-management-slack,*,22/12/23,https://security.snyk.io/vuln/SNYK-JS-RELEASEMANAGEMENTSLACK-6137916
npm,element-block-starter,*,22/12/23,https://security.snyk.io/vuln/SNYK-JS-ELEMENTBLOCKSTARTER-6137915
npm,jupyter_matlab_labextension,*,22/12/23,https://security.snyk.io/vuln/SNYK-JS-JUPYTERMATLABLABEXTENSION-6137914
npm,reduced-ui-pack,*,20/12/23,https://security.snyk.io/vuln/SNYK-JS-REDUCEDUIPACK-6132131
npm,create-codecpetjs-bdd-tests,*,20/12/23,https://security.snyk.io/vuln/SNYK-JS-CREATECODECPETJSBDDTESTS-6132130
npm,discord-sb-v13,*,20/12/23,https://security.snyk.io/vuln/SNYK-JS-DISCORDSBV13-6132129
npm,djs-sb-v13,*,20/12/23,https://security.snyk.io/vuln/SNYK-JS-DJSSBV13-6132128
npm,dsc-sb-v13,*,20/12/23,https://security.snyk.io/vuln/SNYK-JS-DSCSBV13-6132127
npm,discord-selfbot-v13.js,*,20/12/23,https://security.snyk.io/vuln/SNYK-JS-DISCORDSELFBOTV13JS-6132126
npm,biobot,*,20/12/23,https://security.snyk.io/vuln/SNYK-JS-BIOBOT-6132125
npm,unilin,*,20/12/23,https://security.snyk.io/vuln/SNYK-JS-UNILIN-6132124
npm,ngx-xtra-schematics,*,19/12/23,https://security.snyk.io/vuln/SNYK-JS-NGXXTRASCHEMATICS-6131194
npm,allianz,*,19/12/23,https://security.snyk.io/vuln/SNYK-JS-ALLIANZ-6131193
npm,users-lookup,*,19/12/23,https://security.snyk.io/vuln/SNYK-JS-USERSLOOKUP-6131192
npm,nice-dag-kernel,*,19/12/23,https://security.snyk.io/vuln/SNYK-JS-NICEDAGKERNEL-6131191
npm,techouvot,*,19/12/23,https://security.snyk.io/vuln/SNYK-JS-TECHOUVOT-6131190
npm,figma-include-accessibility-annotations,*,19/12/23,https://security.snyk.io/vuln/SNYK-JS-FIGMAINCLUDEACCESSIBILITYANNOTATIONS-6131189
npm,jupyter-notebook-deps,*,19/12/23,https://security.snyk.io/vuln/SNYK-JS-JUPYTERNOTEBOOKDEPS-6131188
npm,hpulse,*,19/12/23,https://security.snyk.io/vuln/SNYK-JS-HPULSE-6131187
npm,paalni,*,19/12/23,https://security.snyk.io/vuln/SNYK-JS-PAALNI-6131186
npm,bv-commons,*,19/12/23,https://security.snyk.io/vuln/SNYK-JS-BVCOMMONS-6131185
npm,fgrav,*,19/12/23,https://security.snyk.io/vuln/SNYK-JS-FGRAV-6131184
npm,crossdomain-xhr,*,19/12/23,https://security.snyk.io/vuln/SNYK-JS-CROSSDOMAINXHR-6131183
npm,arrays-string,*,18/12/23,https://security.snyk.io/vuln/SNYK-JS-ARRAYSSTRING-6129717
npm,discord.js-unofficial,*,18/12/23,https://security.snyk.io/vuln/SNYK-JS-DISCORDJSUNOFFICIAL-6129716
npm,blingbling-dasda,*,18/12/23,https://security.snyk.io/vuln/SNYK-JS-BLINGBLINGDASDA-6129715
npm,2e6d5f64604be31,*,17/12/23,https://security.snyk.io/vuln/SNYK-JS-2E6D5F64604BE31-6129506
npm,react-persian-calendar-date-picker222,*,15/12/23,https://security.snyk.io/vuln/SNYK-JS-REACTPERSIANCALENDARDATEPICKER222-6129057
npm,web3-core-subscription,*,15/12/23,https://security.snyk.io/vuln/SNYK-JS-WEB3CORESUBSCRIPTION-6129056
npm,@ledgerhq/connect-kit,>1.1.4 <1.1.8,15/12/23,https://security.snyk.io/vuln/SNYK-JS-LEDGERHQCONNECTKIT-6127404
npm,css-hell,*,14/12/23,https://security.snyk.io/vuln/SNYK-JS-CSSHELL-6124889
npm,blockchain-transactions,*,12/12/23,https://security.snyk.io/vuln/SNYK-JS-BLOCKCHAINTRANSACTIONS-6117575
npm,blockchain-contracts,*,11/12/23,https://security.snyk.io/vuln/SNYK-JS-BLOCKCHAINCONTRACTS-6115182
npm,shinchina,*,11/12/23,https://security.snyk.io/vuln/SNYK-JS-SHINCHINA-6114724
npm,react-native-dual-pedometer,*,11/12/23,https://security.snyk.io/vuln/SNYK-JS-REACTNATIVEDUALPEDOMETER-6114723
npm,orchestrationdesk,*,11/12/23,https://security.snyk.io/vuln/SNYK-JS-ORCHESTRATIONDESK-6114722
npm,sentrybrowser,*,8/12/23,https://security.snyk.io/vuln/SNYK-JS-SENTRYBROWSER-6105394
npm,multiversx-wallet,*,7/12/23,https://security.snyk.io/vuln/SNYK-JS-MULTIVERSXWALLET-6102489
npm,cronos-lib,*,7/12/23,https://security.snyk.io/vuln/SNYK-JS-CRONOSLIB-6102488
npm,cosmos-wallet-js,*,7/12/23,https://security.snyk.io/vuln/SNYK-JS-COSMOSWALLETJS-6102487
npm,killroad-ss-x,*,7/12/23,https://security.snyk.io/vuln/SNYK-JS-KILLROADSSX-6102486
npm,kindly-testing,*,7/12/23,https://security.snyk.io/vuln/SNYK-JS-KINDLYTESTING-6102485
npm,solodev-cms,*,7/12/23,https://security.snyk.io/vuln/SNYK-JS-SOLODEVCMS-6102484
npm,@huby/infovist-report,*,6/12/23,https://security.snyk.io/vuln/SNYK-JS-HUBYINFOVISTREPORT-6100743
npm,pdf2teste,*,4/12/23,https://security.snyk.io/vuln/SNYK-JS-PDF2TESTE-6097467
npm,pdf2htmlex3,*,4/12/23,https://security.snyk.io/vuln/SNYK-JS-PDF2HTMLEX3-6097466
npm,testepocdep,*,4/12/23,https://security.snyk.io/vuln/SNYK-JS-TESTEPOCDEP-6097465
npm,pdf2htmlextest,*,4/12/23,https://security.snyk.io/vuln/SNYK-JS-PDF2HTMLEXTEST-6097464
npm,testepoc20232,*,4/12/23,https://security.snyk.io/vuln/SNYK-JS-TESTEPOC20232-6097463
npm,pdf2htmlex2,*,4/12/23,https://security.snyk.io/vuln/SNYK-JS-PDF2HTMLEX2-6097462
npm,cannotdelete,*,4/12/23,https://security.snyk.io/vuln/SNYK-JS-CANNOTDELETE-6097461
npm,discord-sounds,*,4/12/23,https://security.snyk.io/vuln/SNYK-JS-DISCORDSOUNDS-6097460
npm,port-launcher,*,4/12/23,https://security.snyk.io/vuln/SNYK-JS-PORTLAUNCHER-6097459
npm,astroia,*,30/11/23,https://security.snyk.io/vuln/SNYK-JS-ASTROIA-6095180
npm,custom-cafe-pdf,*,30/11/23,https://security.snyk.io/vuln/SNYK-JS-CUSTOMCAFEPDF-6095179
npm,coloureds,*,30/11/23,https://security.snyk.io/vuln/SNYK-JS-COLOUREDS-6095178
npm,get-twitter-status,*,30/11/23,https://security.snyk.io/vuln/SNYK-JS-GETTWITTERSTATUS-6095177
npm,bsd-pdf,*,30/11/23,https://security.snyk.io/vuln/SNYK-JS-BSDPDF-6095176
npm,requestlyx,*,30/11/23,https://security.snyk.io/vuln/SNYK-JS-REQUESTLYX-6095175
npm,@lognex/notifications,*,29/11/23,https://security.snyk.io/vuln/SNYK-JS-LOGNEXNOTIFICATIONS-6092425
npm,@lognex/services-api,*,29/11/23,https://security.snyk.io/vuln/SNYK-JS-LOGNEXSERVICESAPI-6092424
npm,@lognex/services-routing,*,29/11/23,https://security.snyk.io/vuln/SNYK-JS-LOGNEXSERVICESROUTING-6092423
npm,@lognex/services-event,*,29/11/23,https://security.snyk.io/vuln/SNYK-JS-LOGNEXSERVICESEVENT-6092422
npm,@lognex/services-translate,*,29/11/23,https://security.snyk.io/vuln/SNYK-JS-LOGNEXSERVICESTRANSLATE-6092421
npm,@lognex/ecom-recommendations,*,29/11/23,https://security.snyk.io/vuln/SNYK-JS-LOGNEXECOMRECOMMENDATIONS-6092420
npm,vivo-packages,*,29/11/23,https://security.snyk.io/vuln/SNYK-JS-VIVOPACKAGES-6092419
npm,fibo-num,*,28/11/23,https://security.snyk.io/vuln/SNYK-JS-FIBONUM-6091927
npm,dusrtt,*,28/11/23,https://security.snyk.io/vuln/SNYK-JS-DUSRTT-6091926
npm,oddsfire-components,*,28/11/23,https://security.snyk.io/vuln/SNYK-JS-ODDSFIRECOMPONENTS-6091925
npm,configcat-docs,*,28/11/23,https://security.snyk.io/vuln/SNYK-JS-CONFIGCATDOCS-6091924
npm,grunt-ac-toolkit,*,28/11/23,https://security.snyk.io/vuln/SNYK-JS-GRUNTACTOOLKIT-6091923
npm,@ukncsc/my-ncsc-ui-common-core,*,28/11/23,https://security.snyk.io/vuln/SNYK-JS-UKNCSCMYNCSCUICOMMONCORE-6091922
npm,moonpig,*,28/11/23,https://security.snyk.io/vuln/SNYK-JS-MOONPIG-6091921
npm,tessa-npm-plugin,*,26/11/23,https://security.snyk.io/vuln/SNYK-JS-TESSANPMPLUGIN-6085295
npm,minotari_wallet_ff,*,26/11/23,https://security.snyk.io/vuln/SNYK-JS-MINOTARIWALLETFF-6085294
npm,tari_wallet_ffi,*,26/11/23,https://security.snyk.io/vuln/SNYK-JS-TARIWALLETFFI-6085293
npm,ory-demo,*,24/11/23,https://security.snyk.io/vuln/SNYK-JS-ORYDEMO-6084056
npm,wehackreposss,*,24/11/23,https://security.snyk.io/vuln/SNYK-JS-WEHACKREPOSSS-6084055
npm,kratos-nextjs-react-example,*,24/11/23,https://security.snyk.io/vuln/SNYK-JS-KRATOSNEXTJSREACTEXAMPLE-6084054
npm,otnet-ory-network-tests,*,24/11/23,https://security.snyk.io/vuln/SNYK-JS-OTNETORYNETWORKTESTS-6084053
npm,build-buf-action,*,24/11/23,https://security.snyk.io/vuln/SNYK-JS-BUILDBUFACTION-6084052
npm,ory-config,*,24/11/23,https://security.snyk.io/vuln/SNYK-JS-ORYCONFIG-6084051
npm,discord-bottt,*,24/11/23,https://security.snyk.io/vuln/SNYK-JS-DISCORDBOTTT-6084050
npm,wehackrepos,*,24/11/23,https://security.snyk.io/vuln/SNYK-JS-WEHACKREPOS-6084049
npm,docusaurus-plugin-matamoh,*,24/11/23,https://security.snyk.io/vuln/SNYK-JS-DOCUSAURUSPLUGINMATAMOH-6084048
npm,docusaurus-plugin-matamohnhb,*,24/11/23,https://security.snyk.io/vuln/SNYK-JS-DOCUSAURUSPLUGINMATAMOHNHB-6084047
npm,nextcapital-client-demo,*,23/11/23,https://security.snyk.io/vuln/SNYK-JS-NEXTCAPITALCLIENTDEMO-6083329
npm,mpesa_listener,*,23/11/23,https://security.snyk.io/vuln/SNYK-JS-MPESALISTENER-6083328
npm,todo-backend,*,23/11/23,https://security.snyk.io/vuln/SNYK-JS-TODOBACKEND-6083327
npm,starling-api-web-starter-kit,*,23/11/23,https://security.snyk.io/vuln/SNYK-JS-STARLINGAPIWEBSTARTERKIT-6083326
npm,serverless-provisioned-memory-report,*,23/11/23,https://security.snyk.io/vuln/SNYK-JS-SERVERLESSPROVISIONEDMEMORYREPORT-6083325
npm,purchase,*,23/11/23,https://security.snyk.io/vuln/SNYK-JS-PURCHASE-6083324
npm,arubawebappbackend,*,23/11/23,https://security.snyk.io/vuln/SNYK-JS-ARUBAWEBAPPBACKEND-6083323
npm,immutable-seaport,*,23/11/23,https://security.snyk.io/vuln/SNYK-JS-IMMUTABLESEAPORT-6083322
npm,npm-base-template,*,23/11/23,https://security.snyk.io/vuln/SNYK-JS-NPMBASETEMPLATE-6083321
npm,areweplayingyet,*,23/11/23,https://security.snyk.io/vuln/SNYK-JS-AREWEPLAYINGYET-6083320
npm,re_rank_demo,*,23/11/23,https://security.snyk.io/vuln/SNYK-JS-RERANKDEMO-6083319
npm,eslint-plugin-discord,*,23/11/23,https://security.snyk.io/vuln/SNYK-JS-ESLINTPLUGINDISCORD-6083318
npm,sofa1-shop,*,23/11/23,https://security.snyk.io/vuln/SNYK-JS-SOFA1SHOP-6083317
npm,mxtorie-prevname,*,21/11/23,https://security.snyk.io/vuln/SNYK-JS-MXTORIEPREVNAME-6070648
npm,vpc-nat-gateway-dependency,*,21/11/23,https://security.snyk.io/vuln/SNYK-JS-VPCNATGATEWAYDEPENDENCY-6070647
npm,footnote-component,*,21/11/23,https://security.snyk.io/vuln/SNYK-JS-FOOTNOTECOMPONENT-6070646
npm,jobserver,*,21/11/23,https://security.snyk.io/vuln/SNYK-JS-JOBSERVER-6070645
npm,xpub-lib,*,21/11/23,https://security.snyk.io/vuln/SNYK-JS-XPUBLIB-6070644
npm,manage-cache,*,21/11/23,https://security.snyk.io/vuln/SNYK-JS-MANAGECACHE-6070643
npm,mxtorie-api,*,21/11/23,https://security.snyk.io/vuln/SNYK-JS-MXTORIEAPI-6070642
npm,frontend-components-react-transpiled,*,21/11/23,https://security.snyk.io/vuln/SNYK-JS-FRONTENDCOMPONENTSREACTTRANSPILED-6070641
npm,one-host-app-context,*,21/11/23,https://security.snyk.io/vuln/SNYK-JS-ONEHOSTAPPCONTEXT-6070640
npm,ifl-icons,*,21/11/23,https://security.snyk.io/vuln/SNYK-JS-IFLICONS-6070639
npm,f0-components,*,21/11/23,https://security.snyk.io/vuln/SNYK-JS-F0COMPONENTS-6070638
npm,node-common-npm-scripts,*,21/11/23,https://security.snyk.io/vuln/SNYK-JS-NODECOMMONNPMSCRIPTS-6070637
npm,ifl-components,*,21/11/23,https://security.snyk.io/vuln/SNYK-JS-IFLCOMPONENTS-6070636
npm,one-host-page-title-management,*,21/11/23,https://security.snyk.io/vuln/SNYK-JS-ONEHOSTPAGETITLEMANAGEMENT-6070635
npm,spring-boot-admin-virgil-custom-ui,*,21/11/23,https://security.snyk.io/vuln/SNYK-JS-SPRINGBOOTADMINVIRGILCUSTOMUI-6070634
npm,shein-lego,*,20/11/23,https://security.snyk.io/vuln/SNYK-JS-SHEINLEGO-6069891
npm,carvana,*,20/11/23,https://security.snyk.io/vuln/SNYK-JS-CARVANA-6069890
npm,oasis-os-react,*,20/11/23,https://security.snyk.io/vuln/SNYK-JS-OASISOSREACT-6069889
npm,nintendo-of-europe,*,20/11/23,https://security.snyk.io/vuln/SNYK-JS-NINTENDOOFEUROPE-6069888
npm,customer-journey-socket,*,20/11/23,https://security.snyk.io/vuln/SNYK-JS-CUSTOMERJOURNEYSOCKET-6069887
npm,spotify-internal,*,20/11/23,https://security.snyk.io/vuln/SNYK-JS-SPOTIFYINTERNAL-6069886
npm,oasis-auth,*,20/11/23,https://security.snyk.io/vuln/SNYK-JS-OASISAUTH-6069885
npm,cobrowse-visitor,*,20/11/23,https://security.snyk.io/vuln/SNYK-JS-COBROWSEVISITOR-6069884
npm,schibsted-ufo,*,20/11/23,https://security.snyk.io/vuln/SNYK-JS-SCHIBSTEDUFO-6069883
npm,xfinity-web,*,20/11/23,https://security.snyk.io/vuln/SNYK-JS-XFINITYWEB-6069882
npm,linktr.ee,*,20/11/23,https://security.snyk.io/vuln/SNYK-JS-LINKTREE-6069881
npm,bds-ng,*,20/11/23,https://security.snyk.io/vuln/SNYK-JS-BDSNG-6069880
npm,discord-web-stream,*,20/11/23,https://security.snyk.io/vuln/SNYK-JS-DISCORDWEBSTREAM-6069879
npm,discord-web-stream.js,*,20/11/23,https://security.snyk.io/vuln/SNYK-JS-DISCORDWEBSTREAMJS-6069878
npm,update-packager,*,15/11/23,https://security.snyk.io/vuln/SNYK-JS-UPDATEPACKAGER-6057540
npm,@airslate/front-locales,*,15/11/23,https://security.snyk.io/vuln/SNYK-JS-AIRSLATEFRONTLOCALES-6057539
npm,objectish,*,14/11/23,https://security.snyk.io/vuln/SNYK-JS-OBJECTISH-6057205
npm,iproduce,*,14/11/23,https://security.snyk.io/vuln/SNYK-JS-IPRODUCE-6057204
npm,@atea/common-design-components,*,14/11/23,https://security.snyk.io/vuln/SNYK-JS-ATEACOMMONDESIGNCOMPONENTS-6057203
npm,@atea/warranty-form,*,14/11/23,https://security.snyk.io/vuln/SNYK-JS-ATEAWARRANTYFORM-6057202
npm,zoo-a11y-tests,*,13/11/23,https://security.snyk.io/vuln/SNYK-JS-ZOOA11YTESTS-6056235
npm,zoo-web-components-docs,*,13/11/23,https://security.snyk.io/vuln/SNYK-JS-ZOOWEBCOMPONENTSDOCS-6056234
npm,flink-dashboard,*,13/11/23,https://security.snyk.io/vuln/SNYK-JS-FLINKDASHBOARD-6056233
npm,ifl-tokens,*,13/11/23,https://security.snyk.io/vuln/SNYK-JS-IFLTOKENS-6056232
npm,ifl-themes,*,13/11/23,https://security.snyk.io/vuln/SNYK-JS-IFLTHEMES-6056231
npm,plugin-getting-started,*,13/11/23,https://security.snyk.io/vuln/SNYK-JS-PLUGINGETTINGSTARTED-6056230
npm,resume-sourcing-nodejs-client-credentials,*,13/11/23,https://security.snyk.io/vuln/SNYK-JS-RESUMESOURCINGNODEJSCLIENTCREDENTIALS-6056229
npm,@tpgroup/tpg-icon-inventory,*,10/11/23,https://security.snyk.io/vuln/SNYK-JS-TPGROUPTPGICONINVENTORY-6054440
npm,discord-oauth2.js,*,9/11/23,https://security.snyk.io/vuln/SNYK-JS-DISCORDOAUTH2JS-6053731
npm,discordstreamings,*,9/11/23,https://security.snyk.io/vuln/SNYK-JS-DISCORDSTREAMINGS-6053730
npm,vtex-toolbelt,*,9/11/23,https://security.snyk.io/vuln/SNYK-JS-VTEXTOOLBELT-6053703
npm,vtec,*,9/11/23,https://security.snyk.io/vuln/SNYK-JS-VTEC-6053702
npm,vetx,*,9/11/23,https://security.snyk.io/vuln/SNYK-JS-VETX-6053199
npm,vader-pack,*,9/11/23,https://security.snyk.io/vuln/SNYK-JS-VADERPACK-6053198
npm,tkn-poc,*,9/11/23,https://security.snyk.io/vuln/SNYK-JS-TKNPOC-6053197
npm,doneida,*,9/11/23,https://security.snyk.io/vuln/SNYK-JS-DONEIDA-6053188
npm,api_vinted,*,8/11/23,https://security.snyk.io/vuln/SNYK-JS-APIVINTED-6050629
npm,javascript_process,*,8/11/23,https://security.snyk.io/vuln/SNYK-JS-JAVASCRIPTPROCESS-6050628
npm,tst-atk,*,8/11/23,https://security.snyk.io/vuln/SNYK-JS-TSTATK-6050315
npm,mux-spaces-broadcast-layouts,*,8/11/23,https://security.snyk.io/vuln/SNYK-JS-MUXSPACESBROADCASTLAYOUTS-6050290
npm,sfdc-pie-chart,*,8/11/23,https://security.snyk.io/vuln/SNYK-JS-SFDCPIECHART-6050289
npm,jira-check-action,*,8/11/23,https://security.snyk.io/vuln/SNYK-JS-JIRACHECKACTION-6050288
npm,jest-coverage-report-action,*,8/11/23,https://security.snyk.io/vuln/SNYK-JS-JESTCOVERAGEREPORTACTION-6050287
npm,rb-seatlayout-canvas,*,7/11/23,https://security.snyk.io/vuln/SNYK-JS-RBSEATLAYOUTCANVAS-6050240
npm,@olxui/core,*,7/11/23,https://security.snyk.io/vuln/SNYK-JS-OLXUICORE-6050239
npm,idme,*,7/11/23,https://security.snyk.io/vuln/SNYK-JS-IDME-6049538
npm,discordstreams,*,7/11/23,https://security.snyk.io/vuln/SNYK-JS-DISCORDSTREAMS-6049537
npm,shithandlers,*,7/11/23,https://security.snyk.io/vuln/SNYK-JS-SHITHANDLERS-6049536
npm,djsmusicccs,*,7/11/23,https://security.snyk.io/vuln/SNYK-JS-DJSMUSICCCS-6049535
npm,discordwebutils1,*,7/11/23,https://security.snyk.io/vuln/SNYK-JS-DISCORDWEBUTILS1-6049534
npm,discordwebtest3,*,7/11/23,https://security.snyk.io/vuln/SNYK-JS-DISCORDWEBTEST3-6049533
npm,djsmusiccc,*,7/11/23,https://security.snyk.io/vuln/SNYK-JS-DJSMUSICCC-6049532
npm,demo-saas,*,7/11/23,https://security.snyk.io/vuln/SNYK-JS-DEMOSAAS-6049531
npm,share-client,*,7/11/23,https://security.snyk.io/vuln/SNYK-JS-SHARECLIENT-6049530
npm,symphony-vega,*,7/11/23,https://security.snyk.io/vuln/SNYK-JS-SYMPHONYVEGA-6049529
npm,tvaultuiv2,*,7/11/23,https://security.snyk.io/vuln/SNYK-JS-TVAULTUIV2-6049528
npm,ironfish-rust-nodejs,*,7/11/23,https://security.snyk.io/vuln/SNYK-JS-IRONFISHRUSTNODEJS-6049527
npm,ksm-action,*,7/11/23,https://security.snyk.io/vuln/SNYK-JS-KSMACTION-6049526
npm,classnames-benchmarks,*,7/11/23,https://security.snyk.io/vuln/SNYK-JS-CLASSNAMESBENCHMARKS-6049525
npm,inventashif,*,7/11/23,https://security.snyk.io/vuln/SNYK-JS-INVENTASHIF-6049524
npm,transaction-decoder,*,7/11/23,https://security.snyk.io/vuln/SNYK-JS-TRANSACTIONDECODER-6049523
npm,frontegg-react-sanity-check,*,7/11/23,https://security.snyk.io/vuln/SNYK-JS-FRONTEGGREACTSANITYCHECK-6049522
npm,symphony-list,*,7/11/23,https://security.snyk.io/vuln/SNYK-JS-SYMPHONYLIST-6049521
npm,gatsby-starter-gitlab,*,7/11/23,https://security.snyk.io/vuln/SNYK-JS-GATSBYSTARTERGITLAB-6049520
npm,stripe-terminal-react-native-dev-app,*,7/11/23,https://security.snyk.io/vuln/SNYK-JS-STRIPETERMINALREACTNATIVEDEVAPP-6049519
npm,fa-icdc-form-api-bdt,*,7/11/23,https://security.snyk.io/vuln/SNYK-JS-FAICDCFORMAPIBDT-6049518
npm,bt8-wax-front-lib,*,7/11/23,https://security.snyk.io/vuln/SNYK-JS-BT8WAXFRONTLIB-6049517
npm,workspaces-install-already-exists,*,7/11/23,https://security.snyk.io/vuln/SNYK-JS-WORKSPACESINSTALLALREADYEXISTS-6049516
npm,cms-flypage-components,*,7/11/23,https://security.snyk.io/vuln/SNYK-JS-CMSFLYPAGECOMPONENTS-6049515
npm,oathkeeper,*,7/11/23,https://security.snyk.io/vuln/SNYK-JS-OATHKEEPER-6049510
npm,watchman-search-ui,*,7/11/23,https://security.snyk.io/vuln/SNYK-JS-WATCHMANSEARCHUI-6049481
npm,qlkube-client,*,7/11/23,https://security.snyk.io/vuln/SNYK-JS-QLKUBECLIENT-6049467
npm,atmos-design-system,*,7/11/23,https://security.snyk.io/vuln/SNYK-JS-ATMOSDESIGNSYSTEM-6049454
npm,print-vault-browser,*,7/11/23,https://security.snyk.io/vuln/SNYK-JS-PRINTVAULTBROWSER-6049438
npm,creators-landing,*,7/11/23,https://security.snyk.io/vuln/SNYK-JS-CREATORSLANDING-6049052
npm,odn-static-assets,*,7/11/23,https://security.snyk.io/vuln/SNYK-JS-ODNSTATICASSETS-6048868
npm,airslate-controls,*,7/11/23,https://security.snyk.io/vuln/SNYK-JS-AIRSLATECONTROLS-6048867
npm,airslate-error-handling-page,*,7/11/23,https://security.snyk.io/vuln/SNYK-JS-AIRSLATEERRORHANDLINGPAGE-6048866
npm,sparkonto-plus-external-web-app,*,7/11/23,https://security.snyk.io/vuln/SNYK-JS-SPARKONTOPLUSEXTERNALWEBAPP-6048865
npm,airslate-static,*,7/11/23,https://security.snyk.io/vuln/SNYK-JS-AIRSLATESTATIC-6048864
npm,redux-modal-dispatcher,*,7/11/23,https://security.snyk.io/vuln/SNYK-JS-REDUXMODALDISPATCHER-6048863
npm,airslate-image-uploader,*,7/11/23,https://security.snyk.io/vuln/SNYK-JS-AIRSLATEIMAGEUPLOADER-6048862
npm,test-pocbb,*,7/11/23,https://security.snyk.io/vuln/SNYK-JS-TESTPOCBB-6048861
npm,airslate-static.icons,*,7/11/23,https://security.snyk.io/vuln/SNYK-JS-AIRSLATESTATICICONS-6048860
npm,airslate-api-client,*,7/11/23,https://security.snyk.io/vuln/SNYK-JS-AIRSLATEAPICLIENT-6048859
npm,discordstream,*,7/11/23,https://security.snyk.io/vuln/SNYK-JS-DISCORDSTREAM-6048858
npm,shithandler,*,7/11/23,https://security.snyk.io/vuln/SNYK-JS-SHITHANDLER-6048857
npm,djsmusicccsz,*,7/11/23,https://security.snyk.io/vuln/SNYK-JS-DJSMUSICCCSZ-6048856
npm,djstream,*,7/11/23,https://security.snyk.io/vuln/SNYK-JS-DJSTREAM-6048855
npm,turbolinks-tests,*,6/11/23,https://security.snyk.io/vuln/SNYK-JS-TURBOLINKSTESTS-6047395
npm,exnessimo,*,6/11/23,https://security.snyk.io/vuln/SNYK-JS-EXNESSIMO-6046477
npm,bonded-stablecoin,*,6/11/23,https://security.snyk.io/vuln/SNYK-JS-BONDEDSTABLECOIN-6046476
npm,bonded-stablecoin,*,6/11/23,https://security.snyk.io/vuln/SNYK-JS-BONDEDSTABLECOIN-6046476
npm,astar-portal,*,6/11/23,https://security.snyk.io/vuln/SNYK-JS-ASTARPORTAL-6046475
npm,test262-runner,*,6/11/23,https://security.snyk.io/vuln/SNYK-JS-TEST262RUNNER-6046474
npm,hydradx-ui,*,6/11/23,https://security.snyk.io/vuln/SNYK-JS-HYDRADXUI-6046473
npm,eslint-plugin-blade,*,6/11/23,https://security.snyk.io/vuln/SNYK-JS-ESLINTPLUGINBLADE-6046472
npm,counterstake-bridge,*,6/11/23,https://security.snyk.io/vuln/SNYK-JS-COUNTERSTAKEBRIDGE-6046471
npm,blockledger,*,5/11/23,https://security.snyk.io/vuln/SNYK-JS-BLOCKLEDGER-6046444
npm,chainflow,*,5/11/23,https://security.snyk.io/vuln/SNYK-JS-CHAINFLOW-6046446
npm,cryptotransact,*,5/11/23,https://security.snyk.io/vuln/SNYK-JS-CRYPTOTRANSACT-6046445
npm,erc20-testenv,*,5/11/23,https://security.snyk.io/vuln/SNYK-JS-ERC20TESTENV-6046443
npm,puma-com,*,5/11/23,https://security.snyk.io/vuln/SNYK-JS-PUMACOM-6046447
npm,30-days-of-javascript,*,3/11/23,https://security.snyk.io/vuln/SNYK-JS-30DAYSOFJAVASCRIPT-6044713
npm,33-js-concepts,*,3/11/23,https://security.snyk.io/vuln/SNYK-JS-33JSCONCEPTS-6044711
npm,aliyundrive,*,3/11/23,https://security.snyk.io/vuln/SNYK-JS-ALIYUNDRIVE-6044695
npm,arduino-ide-extension,*,3/11/23,https://security.snyk.io/vuln/SNYK-JS-ARDUINOIDEEXTENSION-6044717
npm,babel-preset-slick,*,3/11/23,https://security.snyk.io/vuln/SNYK-JS-BABELPRESETSLICK-6044726
npm,commons-skin,*,3/11/23,https://security.snyk.io/vuln/SNYK-JS-COMMONSSKIN-6044707
npm,echarts-www,*,3/11/23,https://security.snyk.io/vuln/SNYK-JS-ECHARTSWWW-6044710
npm,generate-protocol,*,3/11/23,https://security.snyk.io/vuln/SNYK-JS-GENERATEPROTOCOL-6044705
npm,hexojs,*,3/11/23,https://security.snyk.io/vuln/SNYK-JS-HEXOJS-6044715
npm,layui.js,*,3/11/23,https://security.snyk.io/vuln/SNYK-JS-LAYUIJS-6044696
npm,linkis-website,*,3/11/23,https://security.snyk.io/vuln/SNYK-JS-LINKISWEBSITE-6044701
npm,redis-v4,*,3/11/23,https://security.snyk.io/vuln/SNYK-JS-REDISV4-6044721
npm,rocketmq-site,*,3/11/23,https://security.snyk.io/vuln/SNYK-JS-ROCKETMQSITE-6044693
npm,scan4all,*,3/11/23,https://security.snyk.io/vuln/SNYK-JS-SCAN4ALL-6044712
npm,sequelize-orm,*,3/11/23,https://security.snyk.io/vuln/SNYK-JS-SEQUELIZEORM-6044694
npm,socket.io-client-v2,*,3/11/23,https://security.snyk.io/vuln/SNYK-JS-SOCKETIOCLIENTV2-6044722
npm,spring-projects,*,3/11/23,https://security.snyk.io/vuln/SNYK-JS-SPRINGPROJECTS-6044698
npm,sshwifty,*,3/11/23,https://security.snyk.io/vuln/SNYK-JS-SSHWIFTY-6044702
npm,sshwifty-ui,*,3/11/23,https://security.snyk.io/vuln/SNYK-JS-SSHWIFTYUI-6044699
npm,tsconfig-slick,*,3/11/23,https://security.snyk.io/vuln/SNYK-JS-TSCONFIGSLICK-6044723
npm,tslint-slick,*,3/11/23,https://security.snyk.io/vuln/SNYK-JS-TSLINTSLICK-6044719
npm,unieap,*,3/11/23,https://security.snyk.io/vuln/SNYK-JS-UNIEAP-6044697
npm,unieap-android,*,3/11/23,https://security.snyk.io/vuln/SNYK-JS-UNIEAPANDROID-6044703
npm,unieap-cloud,*,3/11/23,https://security.snyk.io/vuln/SNYK-JS-UNIEAPCLOUD-6044706
npm,unieap-ios,*,3/11/23,https://security.snyk.io/vuln/SNYK-JS-UNIEAPIOS-6044700
npm,unieap-spring,*,3/11/23,https://security.snyk.io/vuln/SNYK-JS-UNIEAPSPRING-6044709
npm,www-site,*,3/11/23,https://security.snyk.io/vuln/SNYK-JS-WWWSITE-6044704
npm,xterm-addon-clipboard,*,3/11/23,https://security.snyk.io/vuln/SNYK-JS-XTERMADDONCLIPBOARD-6044708
npm,xterm-addon-unicode-graphemes,*,3/11/23,https://security.snyk.io/vuln/SNYK-JS-XTERMADDONUNICODEGRAPHEMES-6044724
npm,yinhai,*,3/11/23,https://security.snyk.io/vuln/SNYK-JS-YINHAI-6044714
npm,yinhaicloud,*,3/11/23,https://security.snyk.io/vuln/SNYK-JS-YINHAICLOUD-6044718
npm,yinhai-cloud,*,3/11/23,https://security.snyk.io/vuln/SNYK-JS-YINHAICLOUD-6044725
npm,yinhai-ta3,*,3/11/23,https://security.snyk.io/vuln/SNYK-JS-YINHAITA3-6044716
npm,yinhai-ta3-cloud,*,3/11/23,https://security.snyk.io/vuln/SNYK-JS-YINHAITA3CLOUD-6044720
npm,kraken-frontend,*,31/10/23,https://security.snyk.io/vuln/SNYK-JS-KRAKENFRONTEND-6039787
npm,z-dsm,*,31/10/23,https://security.snyk.io/vuln/SNYK-JS-ZDSM-6039786
npm,fuzzer-gui,*,31/10/23,https://security.snyk.io/vuln/SNYK-JS-FUZZERGUI-6039785
npm,fadam-com-test-1,*,31/10/23,https://security.snyk.io/vuln/SNYK-JS-FADAMCOMTEST1-6039784
npm,by-helpers,*,31/10/23,https://security.snyk.io/vuln/SNYK-JS-BYHELPERS-6039783
npm,envi-conf,*,25/10/23,https://security.snyk.io/vuln/SNYK-JS-ENVICONF-6032389
npm,envision-config,*,25/10/23,https://security.snyk.io/vuln/SNYK-JS-ENVISIONCONFIG-6032388
npm,proofing,*,24/10/23,https://security.snyk.io/vuln/SNYK-JS-PROOFING-6028118
npm,@ltd2research/tldrequest,*,20/10/23,https://security.snyk.io/vuln/SNYK-JS-LTD2RESEARCHTLDREQUEST-6016309
npm,very-bad-npm-package2,*,16/10/23,https://security.snyk.io/vuln/SNYK-JS-VERYBADNPMPACKAGE2-5969487
npm,very-bad-npm_uwu,*,16/10/23,https://security.snyk.io/vuln/SNYK-JS-VERYBADNPMUWU-5969486
npm,fca-kemdino,*,16/10/23,https://security.snyk.io/vuln/SNYK-JS-FCAKEMDINO-5969485
npm,fca-kemdev,*,16/10/23,https://security.snyk.io/vuln/SNYK-JS-FCAKEMDEV-5969484
npm,kempremium-dev,*,16/10/23,https://security.snyk.io/vuln/SNYK-JS-KEMPREMIUMDEV-5969483
npm,very-bad-npm-package,*,16/10/23,https://security.snyk.io/vuln/SNYK-JS-VERYBADNPMPACKAGE-5969482
npm,very-bad-npm,*,16/10/23,https://security.snyk.io/vuln/SNYK-JS-VERYBADNPM-5969481
npm,data-kempremium,*,16/10/23,https://security.snyk.io/vuln/SNYK-JS-DATAKEMPREMIUM-5969480
npm,@momo-miniapp/apix,*,13/10/23,https://security.snyk.io/vuln/SNYK-JS-MOMOMINIAPPAPIX-5962480
npm,@momo-miniapp/api,*,13/10/23,https://security.snyk.io/vuln/SNYK-JS-MOMOMINIAPPAPI-5962478
npm,@homelte_dev/frontend,*,13/10/23,https://security.snyk.io/vuln/SNYK-JS-HOMELTEDEVFRONTEND-5962477
npm,@dsr-rollback-org-hover-owled-agios-situs/dsr-rollback-package-hover-owled-agios-situs,*,13/10/23,https://security.snyk.io/vuln/SNYK-JS-DSRROLLBACKORGHOVEROWLEDAGIOSSITUSDSRROLLBACKPACKAGEHOVEROWLEDAGIOSSITUS-5962476
npm,situs-slot-gacor-slot-online-resmi-terbaik-mudah-menang-dan-maxwin-2023,*,13/10/23,https://security.snyk.io/vuln/SNYK-JS-SITUSSLOTGACORSLOTONLINERESMITERBAIKMUDAHMENANGDANMAXWIN2023-5962475
npm,situs-slot-kakek-petir-slot-zeus-pragmaticplay-gampang-menang,*,13/10/23,https://security.snyk.io/vuln/SNYK-JS-SITUSSLOTKAKEKPETIRSLOTZEUSPRAGMATICPLAYGAMPANGMENANG-5962474
npm,daftar-situs-judi-slot-online-gacor-gampang-menang-2023,*,13/10/23,https://security.snyk.io/vuln/SNYK-JS-DAFTARSITUSJUDISLOTONLINEGACORGAMPANGMENANG2023-5962473
npm,daftar-10-bandar-togel-singapore-terpercaya-agen-pay4d-terbesar-di-asia,*,13/10/23,https://security.snyk.io/vuln/SNYK-JS-DAFTAR10BANDARTOGELSINGAPORETERPERCAYAAGENPAY4DTERBESARDIASIA-5962472
npm,pragmaticplay-situs-slot-online-banyak-hoki-paling-terpercaya,*,13/10/23,https://security.snyk.io/vuln/SNYK-JS-PRAGMATICPLAYSITUSSLOTONLINEBANYAKHOKIPALINGTERPERCAYA-5962471
npm,situs-slot-gacor-pragmatic-play-dijamin-menang-tahun-2023,*,13/10/23,https://security.snyk.io/vuln/SNYK-JS-SITUSSLOTGACORPRAGMATICPLAYDIJAMINMENANGTAHUN2023-5962470
npm,situs-bandar-togel-hadiah-4d-10-juta-terpercaya-hk-sgp-sdy,*,13/10/23,https://security.snyk.io/vuln/SNYK-JS-SITUSBANDARTOGELHADIAH4D10JUTATERPERCAYAHKSGPSDY-5962469
npm,agen-sbobet-judi-bola-online-terpercaya-paling-lengkap,*,13/10/23,https://security.snyk.io/vuln/SNYK-JS-AGENSBOBETJUDIBOLAONLINETERPERCAYAPALINGLENGKAP-5962468
npm,situs-bocoran-rtp-live-bocoran-agen-judi-rtp-slot-hari-ini-terpercaya,*,13/10/23,https://security.snyk.io/vuln/SNYK-JS-SITUSBOCORANRTPLIVEBOCORANAGENJUDIRTPSLOTHARIINITERPERCAYA-5962467
npm,slot-qris-situs-slot-mudah-maxwin-24-jam-online-terpercaya,*,13/10/23,https://security.snyk.io/vuln/SNYK-JS-SLOTQRISSITUSSLOTMUDAHMAXWIN24JAMONLINETERPERCAYA-5962465
npm,n-sandbox,*,12/10/23,https://security.snyk.io/vuln/SNYK-JS-NSANDBOX-5961101
npm,fca-emon-bhai-api,*,12/10/23,https://security.snyk.io/vuln/SNYK-JS-FCAEMONBHAIAPI-5961100
npm,so-loader-helper,*,12/10/23,https://security.snyk.io/vuln/SNYK-JS-SOLOADERHELPER-5961099
npm,fas_elbridge_server,*,12/10/23,https://security.snyk.io/vuln/SNYK-JS-FASELBRIDGESERVER-5961098
npm,storyteq-landingspage,*,12/10/23,https://security.snyk.io/vuln/SNYK-JS-STORYTEQLANDINGSPAGE-5961097
npm,abc-user-feedback,*,12/10/23,https://security.snyk.io/vuln/SNYK-JS-ABCUSERFEEDBACK-5961096
npm,eslint-config-ufb,*,12/10/23,https://security.snyk.io/vuln/SNYK-JS-ESLINTCONFIGUFB-5961095
npm,mtsinai-staging,*,12/10/23,https://security.snyk.io/vuln/SNYK-JS-MTSINAISTAGING-5961094
npm,myaig-broker-portal-ui,*,12/10/23,https://security.snyk.io/vuln/SNYK-JS-MYAIGBROKERPORTALUI-5961093
npm,hyvee.com,*,12/10/23,https://security.snyk.io/vuln/SNYK-JS-HYVEECOM-5961092
npm,zf-apigility,*,12/10/23,https://security.snyk.io/vuln/SNYK-JS-ZFAPIGILITY-5961091
npm,emob-lp,*,12/10/23,https://security.snyk.io/vuln/SNYK-JS-EMOBLP-5961090
npm,eeddffrrvvrr,*,12/10/23,https://security.snyk.io/vuln/SNYK-JS-EEDDFFRRVVRR-5961089
npm,data-layer-v8,*,12/10/23,https://security.snyk.io/vuln/SNYK-JS-DATALAYERV8-5961087
npm,rocketmoney,*,10/10/23,https://security.snyk.io/vuln/SNYK-JS-ROCKETMONEY-5952265
npm,fca-horizon,*,10/10/23,https://security.snyk.io/vuln/SNYK-JS-FCAHORIZON-5952264
npm,dhi-lambda-toolkit,*,10/10/23,https://security.snyk.io/vuln/SNYK-JS-DHILAMBDATOOLKIT-5952263
npm,materialxview,*,10/10/23,https://security.snyk.io/vuln/SNYK-JS-MATERIALXVIEW-5952262
npm,web3-abi,*,10/10/23,https://security.snyk.io/vuln/SNYK-JS-WEB3ABI-5952261
npm,docupload,*,10/10/23,https://security.snyk.io/vuln/SNYK-JS-DOCUPLOAD-5952260
npm,f0-validator,*,10/10/23,https://security.snyk.io/vuln/SNYK-JS-F0VALIDATOR-5952259
npm,pixelzoom,*,10/10/23,https://security.snyk.io/vuln/SNYK-JS-PIXELZOOM-5952258
npm,shopify-currency-converter,*,10/10/23,https://security.snyk.io/vuln/SNYK-JS-SHOPIFYCURRENCYCONVERTER-5952257
npm,f0-authorizer,*,10/10/23,https://security.snyk.io/vuln/SNYK-JS-F0AUTHORIZER-5952256
npm,f0-normalizer,*,10/10/23,https://security.snyk.io/vuln/SNYK-JS-F0NORMALIZER-5952255
npm,shopify-asyncview,*,10/10/23,https://security.snyk.io/vuln/SNYK-JS-SHOPIFYASYNCVIEW-5952254
npm,azuretestpackage,*,10/10/23,https://security.snyk.io/vuln/SNYK-JS-AZURETESTPACKAGE-5952253
npm,bank_cron,*,5/10/23,https://security.snyk.io/vuln/SNYK-JS-BANKCRON-5933282
npm,meta-horizon-remake,*,3/10/23,https://security.snyk.io/vuln/SNYK-JS-METAHORIZONREMAKE-5927003
npm,maris,*,3/10/23,https://security.snyk.io/vuln/SNYK-JS-MARIS-5927002
npm,meta-horizon,*,3/10/23,https://security.snyk.io/vuln/SNYK-JS-METAHORIZON-5927001
npm,meta-titik,*,3/10/23,https://security.snyk.io/vuln/SNYK-JS-METATITIK-5927000
npm,mariss,*,3/10/23,https://security.snyk.io/vuln/SNYK-JS-MARISS-5926999
npm,vtuan,*,3/10/23,https://security.snyk.io/vuln/SNYK-JS-VTUAN-5926998
npm,fca-rebel-api,*,2/10/23,https://security.snyk.io/vuln/SNYK-JS-FCAREBELAPI-5926787
npm,terminal-pro,*,2/10/23,https://security.snyk.io/vuln/SNYK-JS-TERMINALPRO-5926786
npm,playwright-internal,*,2/10/23,https://security.snyk.io/vuln/SNYK-JS-PLAYWRIGHTINTERNAL-5926785
npm,imagery_export,*,2/10/23,https://security.snyk.io/vuln/SNYK-JS-IMAGERYEXPORT-5926784
npm,component---src-pages-corporate-delegate-packages-js,*,2/10/23,https://security.snyk.io/vuln/SNYK-JS-COMPONENTSRCPAGESCORPORATEDELEGATEPACKAGESJS-5926783
npm,corporate-delegate-packages,*,2/10/23,https://security.snyk.io/vuln/SNYK-JS-CORPORATEDELEGATEPACKAGES-5926782
npm,ubermenu,*,2/10/23,https://security.snyk.io/vuln/SNYK-JS-UBERMENU-5926781
npm,n-common-static-data,*,2/10/23,https://security.snyk.io/vuln/SNYK-JS-NCOMMONSTATICDATA-5926780
npm,apidemo-app,*,2/10/23,https://security.snyk.io/vuln/SNYK-JS-APIDEMOAPP-5926779
npm,fpmsm-icon,*,2/10/23,https://security.snyk.io/vuln/SNYK-JS-FPMSMICON-5926778
npm,starcoffe,*,2/10/23,https://security.snyk.io/vuln/SNYK-JS-STARCOFFE-5926777
npm,anup-yogesh,*,2/10/23,https://security.snyk.io/vuln/SNYK-JS-ANUPYOGESH-5926776
npm,fca-dongdev2006,*,2/10/23,https://security.snyk.io/vuln/SNYK-JS-FCADONGDEV2006-5926769
npm,@inconspicuously/test-lib-1,*,2/10/23,https://security.snyk.io/vuln/SNYK-JS-INCONSPICUOUSLYTESTLIB1-5926766
npm,@expue/shared,*,27/9/23,https://security.snyk.io/vuln/SNYK-JS-EXPUESHARED-5920718
npm,@am-fe/provider,*,27/9/23,https://security.snyk.io/vuln/SNYK-JS-AMFEPROVIDER-5920719
npm,@am-fe/hooks,*,27/9/23,https://security.snyk.io/vuln/SNYK-JS-AMFEHOOKS-5920725
npm,@expue/cli,*,27/9/23,https://security.snyk.io/vuln/SNYK-JS-EXPUECLI-5920720
npm,@sheinoutmobile/sheinoutmobile,*,27/9/23,https://security.snyk.io/vuln/SNYK-JS-SHEINOUTMOBILESHEINOUTMOBILE-5920713
npm,rate-my-web,*,27/9/23,https://security.snyk.io/vuln/SNYK-JS-RATEMYWEB-5920721
npm,@expue/types,*,27/9/23,https://security.snyk.io/vuln/SNYK-JS-EXPUETYPES-5920723
npm,@am-fe/components,*,27/9/23,https://security.snyk.io/vuln/SNYK-JS-AMFECOMPONENTS-5920709
npm,@expue/vue3-renderer,*,27/9/23,https://security.snyk.io/vuln/SNYK-JS-EXPUEVUE3RENDERER-5920716
npm,systemrobotassistant,*,27/9/23,https://security.snyk.io/vuln/SNYK-JS-SYSTEMROBOTASSISTANT-5920706
npm,eslint-plugin-shein-soc-raw,*,27/9/23,https://security.snyk.io/vuln/SNYK-JS-ESLINTPLUGINSHEINSOCRAW-5920707
npm,eslint-plugin-spgy-fe,*,27/9/23,https://security.snyk.io/vuln/SNYK-JS-ESLINTPLUGINSPGYFE-5920703
npm,@dynamic-form-components/shineout,*,27/9/23,https://security.snyk.io/vuln/SNYK-JS-DYNAMICFORMCOMPONENTSSHINEOUT-5920710
npm,@expue/vue-renderer,*,27/9/23,https://security.snyk.io/vuln/SNYK-JS-EXPUEVUERENDERER-5920717
npm,@zxncij2390/wash-care-symbol,*,27/9/23,https://security.snyk.io/vuln/SNYK-JS-ZXNCIJ2390WASHCARESYMBOL-5920714
pip,reqquest,"[0,]",29/3/24,https://security.snyk.io/vuln/SNYK-PYTHON-REQQUEST-6513732
pip,bibp-utils,"[0,]",29/3/24,https://security.snyk.io/vuln/SNYK-PYTHON-BIBPUTILS-6513731
pip,biip-utils,"[0,]",29/3/24,https://security.snyk.io/vuln/SNYK-PYTHON-BIIPUTILS-6513730
pip,bip-uitls,"[0,]",29/3/24,https://security.snyk.io/vuln/SNYK-PYTHON-BIPUITLS-6513729
pip,bip-util,"[0,]",29/3/24,https://security.snyk.io/vuln/SNYK-PYTHON-BIPUTIL-6513728
pip,bip-utilos,"[0,]",29/3/24,https://security.snyk.io/vuln/SNYK-PYTHON-BIPUTILOS-6513727
pip,bip-utilss,"[0,]",29/3/24,https://security.snyk.io/vuln/SNYK-PYTHON-BIPUTILSS-6513726
pip,bip-utilz,"[0,]",29/3/24,https://security.snyk.io/vuln/SNYK-PYTHON-BIPUTILZ-6513725
pip,bip-utisl,"[0,]",29/3/24,https://security.snyk.io/vuln/SNYK-PYTHON-BIPUTISL-6513724
pip,bip-utlils,"[0,]",29/3/24,https://security.snyk.io/vuln/SNYK-PYTHON-BIPUTLILS-6513723
pip,bip-uttils,"[0,]",29/3/24,https://security.snyk.io/vuln/SNYK-PYTHON-BIPUTTILS-6513722
pip,bip-uutils,"[0,]",29/3/24,https://security.snyk.io/vuln/SNYK-PYTHON-BIPUUTILS-6513721
pip,biup-utils,"[0,]",29/3/24,https://security.snyk.io/vuln/SNYK-PYTHON-BIUPUTILS-6513720
pip,bupi-utils,"[0,]",29/3/24,https://security.snyk.io/vuln/SNYK-PYTHON-BUPIUTILS-6513719
pip,capmonsterclouclient,"[0,]",29/3/24,https://security.snyk.io/vuln/SNYK-PYTHON-CAPMONSTERCLOUCLIENT-6513718
pip,capmonstercloudclieet,"[0,]",29/3/24,https://security.snyk.io/vuln/SNYK-PYTHON-CAPMONSTERCLOUDCLIEET-6513717
pip,capmonstercloudclien,"[0,]",29/3/24,https://security.snyk.io/vuln/SNYK-PYTHON-CAPMONSTERCLOUDCLIEN-6513716
pip,capmonstercloudcliendt,"[0,]",29/3/24,https://security.snyk.io/vuln/SNYK-PYTHON-CAPMONSTERCLOUDCLIENDT-6513715
pip,capmonstercloudclienet,"[0,]",29/3/24,https://security.snyk.io/vuln/SNYK-PYTHON-CAPMONSTERCLOUDCLIENET-6513714
pip,capmonstercloudcliennt,"[0,]",29/3/24,https://security.snyk.io/vuln/SNYK-PYTHON-CAPMONSTERCLOUDCLIENNT-6513713
pip,capmonstercloudclientt,"[0,]",29/3/24,https://security.snyk.io/vuln/SNYK-PYTHON-CAPMONSTERCLOUDCLIENTT-6513712
pip,capmonstercloudcliet,"[0,]",29/3/24,https://security.snyk.io/vuln/SNYK-PYTHON-CAPMONSTERCLOUDCLIET-6513711
pip,capmonstercloudclinent,"[0,]",29/3/24,https://security.snyk.io/vuln/SNYK-PYTHON-CAPMONSTERCLOUDCLINENT-6513710
pip,capmonstercloudclinet,"[0,]",29/3/24,https://security.snyk.io/vuln/SNYK-PYTHON-CAPMONSTERCLOUDCLINET-6513709
pip,capmonsterclouddclient,"[0,]",29/3/24,https://security.snyk.io/vuln/SNYK-PYTHON-CAPMONSTERCLOUDDCLIENT-6513708
pip,capmonsterrcloudclient,"[0,]",29/3/24,https://security.snyk.io/vuln/SNYK-PYTHON-CAPMONSTERRCLOUDCLIENT-6513707
pip,capmostercloudclieent,"[0,]",29/3/24,https://security.snyk.io/vuln/SNYK-PYTHON-CAPMOSTERCLOUDCLIEENT-6513706
pip,capmostercloudclinet,"[0,]",29/3/24,https://security.snyk.io/vuln/SNYK-PYTHON-CAPMOSTERCLOUDCLINET-6513705
pip,clolorama,"[0,]",29/3/24,https://security.snyk.io/vuln/SNYK-PYTHON-CLOLORAMA-6513704
pip,cloroma,"[0,]",29/3/24,https://security.snyk.io/vuln/SNYK-PYTHON-CLOROMA-6513703
pip,colaroma,"[0,]",29/3/24,https://security.snyk.io/vuln/SNYK-PYTHON-COLAROMA-6513702
pip,colorahma,"[0,]",29/3/24,https://security.snyk.io/vuln/SNYK-PYTHON-COLORAHMA-6513701
pip,coloramal,"[0,]",29/3/24,https://security.snyk.io/vuln/SNYK-PYTHON-COLORAMAL-6513700
pip,coloramaz,"[0,]",29/3/24,https://security.snyk.io/vuln/SNYK-PYTHON-COLORAMAZ-6513699
pip,colorame,"[0,]",29/3/24,https://security.snyk.io/vuln/SNYK-PYTHON-COLORAME-6513698
pip,coloramka,"[0,]",29/3/24,https://security.snyk.io/vuln/SNYK-PYTHON-COLORAMKA-6513697
pip,coloramna,"[0,]",29/3/24,https://security.snyk.io/vuln/SNYK-PYTHON-COLORAMNA-6513696
pip,coloramoo,"[0,]",29/3/24,https://security.snyk.io/vuln/SNYK-PYTHON-COLORAMOO-6513695
pip,coloramu,"[0,]",29/3/24,https://security.snyk.io/vuln/SNYK-PYTHON-COLORAMU-6513694
pip,coloramu,"[0,]",29/3/24,https://security.snyk.io/vuln/SNYK-PYTHON-COLORAMU-6513694
pip,coloramws,"[0,]",29/3/24,https://security.snyk.io/vuln/SNYK-PYTHON-COLORAMWS-6513693
pip,coloramza,"[0,]",29/3/24,https://security.snyk.io/vuln/SNYK-PYTHON-COLORAMZA-6513692
pip,colorhrama,"[0,]",29/3/24,https://security.snyk.io/vuln/SNYK-PYTHON-COLORHRAMA-6513691
pip,colorm,"[0,]",29/3/24,https://security.snyk.io/vuln/SNYK-PYTHON-COLORM-6513690
pip,colormma,"[0,]",29/3/24,https://security.snyk.io/vuln/SNYK-PYTHON-COLORMMA-6513689
pip,colorramma,"[0,]",29/3/24,https://security.snyk.io/vuln/SNYK-PYTHON-COLORRAMMA-6513688
pip,pilpow,"[0,]",29/3/24,https://security.snyk.io/vuln/SNYK-PYTHON-PILPOW-6513687
pip,piolow,"[0,]",29/3/24,https://security.snyk.io/vuln/SNYK-PYTHON-PIOLOW-6513686
pip,pjllow,"[0,]",29/3/24,https://security.snyk.io/vuln/SNYK-PYTHON-PJLLOW-6513685
pip,py-c0crd,"[0,]",29/3/24,https://security.snyk.io/vuln/SNYK-PYTHON-PYC0CRD-6513684
pip,py-c0dd,"[0,]",29/3/24,https://security.snyk.io/vuln/SNYK-PYTHON-PYC0DD-6513683
pip,py-c0red,"[0,]",29/3/24,https://security.snyk.io/vuln/SNYK-PYTHON-PYC0RED-6513682
pip,py-ckord,"[0,]",29/3/24,https://security.snyk.io/vuln/SNYK-PYTHON-PYCKORD-6513681
pip,py-co4d,"[0,]",29/3/24,https://security.snyk.io/vuln/SNYK-PYTHON-PYCO4D-6513680
pip,py-coad,"[0,]",29/3/24,https://security.snyk.io/vuln/SNYK-PYTHON-PYCOAD-6513679
pip,py-codrd,"[0,]",29/3/24,https://security.snyk.io/vuln/SNYK-PYTHON-PYCODRD-6513678
pip,py-coed,"[0,]",29/3/24,https://security.snyk.io/vuln/SNYK-PYTHON-PYCOED-6513677
pip,py-coerd,"[0,]",29/3/24,https://security.snyk.io/vuln/SNYK-PYTHON-PYCOERD-6513676
pip,py-coird,"[0,]",29/3/24,https://security.snyk.io/vuln/SNYK-PYTHON-PYCOIRD-6513675
pip,py-coqrd,"[0,]",29/3/24,https://security.snyk.io/vuln/SNYK-PYTHON-PYCOQRD-6513674
pip,py-cordd,"[0,]",29/3/24,https://security.snyk.io/vuln/SNYK-PYTHON-PYCORDD-6513673
pip,py-cordx,"[0,]",29/3/24,https://security.snyk.io/vuln/SNYK-PYTHON-PYCORDX-6513672
pip,py-corf,"[0,]",29/3/24,https://security.snyk.io/vuln/SNYK-PYTHON-PYCORF-6513671
pip,py-corfd,"[0,]",29/3/24,https://security.snyk.io/vuln/SNYK-PYTHON-PYCORFD-6513670
pip,py-corg,"[0,]",29/3/24,https://security.snyk.io/vuln/SNYK-PYTHON-PYCORG-6513669
pip,py-corrd,"[0,]",29/3/24,https://security.snyk.io/vuln/SNYK-PYTHON-PYCORRD-6513668
pip,py-cortd,"[0,]",29/3/24,https://security.snyk.io/vuln/SNYK-PYTHON-PYCORTD-6513667
pip,py-corxd,"[0,]",29/3/24,https://security.snyk.io/vuln/SNYK-PYTHON-PYCORXD-6513666
pip,py-cotd,"[0,]",29/3/24,https://security.snyk.io/vuln/SNYK-PYTHON-PYCOTD-6513665
pip,py-cowrd,"[0,]",29/3/24,https://security.snyk.io/vuln/SNYK-PYTHON-PYCOWRD-6513663
pip,py-crodd,"[0,]",29/3/24,https://security.snyk.io/vuln/SNYK-PYTHON-PYCRODD-6513662
pip,py-cxrd,"[0,]",29/3/24,https://security.snyk.io/vuln/SNYK-PYTHON-PYCXRD-6513661
pip,py-cyrd,"[0,]",29/3/24,https://security.snyk.io/vuln/SNYK-PYTHON-PYCYRD-6513660
pip,py-czrd,"[0,]",29/3/24,https://security.snyk.io/vuln/SNYK-PYTHON-PYCZRD-6513659
pip,reqeustx,"[0,]",29/3/24,https://security.snyk.io/vuln/SNYK-PYTHON-REQEUSTX-6513658
pip,reqeustz,"[0,]",29/3/24,https://security.snyk.io/vuln/SNYK-PYTHON-REQEUSTZ-6513657
pip,reqjuests,"[0,]",29/3/24,https://security.snyk.io/vuln/SNYK-PYTHON-REQJUESTS-6513656
pip,reqoests,"[0,]",29/3/24,https://security.snyk.io/vuln/SNYK-PYTHON-REQOESTS-6513655
pip,reqsests,"[0,]",29/3/24,https://security.snyk.io/vuln/SNYK-PYTHON-REQSESTS-6513654
pip,requas,"[0,]",29/3/24,https://security.snyk.io/vuln/SNYK-PYTHON-REQUAS-6513653
pip,requekts,"[0,]",29/3/24,https://security.snyk.io/vuln/SNYK-PYTHON-REQUEKTS-6513652
pip,requesrts,"[0,]",29/3/24,https://security.snyk.io/vuln/SNYK-PYTHON-REQUESRTS-6513651
pip,requesuts,"[0,]",29/3/24,https://security.snyk.io/vuln/SNYK-PYTHON-REQUESUTS-6513650
pip,requetsq,"[0,]",29/3/24,https://security.snyk.io/vuln/SNYK-PYTHON-REQUETSQ-6513649
pip,requetsts,"[0,]",29/3/24,https://security.snyk.io/vuln/SNYK-PYTHON-REQUETSTS-6513648
pip,requssts,"[0,]",29/3/24,https://security.snyk.io/vuln/SNYK-PYTHON-REQUSSTS-6513647
pip,requzsts,"[0,]",29/3/24,https://security.snyk.io/vuln/SNYK-PYTHON-REQUZSTS-6513646
pip,reqzests,"[0,]",29/3/24,https://security.snyk.io/vuln/SNYK-PYTHON-REQZESTS-6513645
pip,aasyncio,"[0,]",29/3/24,https://security.snyk.io/vuln/SNYK-PYTHON-AASYNCIO-6513644
pip,assyncio,"[0,]",29/3/24,https://security.snyk.io/vuln/SNYK-PYTHON-ASSYNCIO-6513643
pip,asyincio,"[0,]",29/3/24,https://security.snyk.io/vuln/SNYK-PYTHON-ASYINCIO-6513642
pip,asynccio,"[0,]",29/3/24,https://security.snyk.io/vuln/SNYK-PYTHON-ASYNCCIO-6513641
pip,asyncii,"[0,]",29/3/24,https://security.snyk.io/vuln/SNYK-PYTHON-ASYNCII-6513640
pip,asyncioi,"[0,]",29/3/24,https://security.snyk.io/vuln/SNYK-PYTHON-ASYNCIOI-6513639
pip,asyncioo,"[0,]",29/3/24,https://security.snyk.io/vuln/SNYK-PYTHON-ASYNCIOO-6513638
pip,asyyncio,"[0,]",29/3/24,https://security.snyk.io/vuln/SNYK-PYTHON-ASYYNCIO-6513637
pip,aysncio,"[0,]",29/3/24,https://security.snyk.io/vuln/SNYK-PYTHON-AYSNCIO-6513636
pip,custogtkinter,"[0,]",29/3/24,https://security.snyk.io/vuln/SNYK-PYTHON-CUSTOGTKINTER-6513635
pip,custohtkinter,"[0,]",29/3/24,https://security.snyk.io/vuln/SNYK-PYTHON-CUSTOHTKINTER-6513634
pip,customtikinter,"[0,]",29/3/24,https://security.snyk.io/vuln/SNYK-PYTHON-CUSTOMTIKINTER-6513633
pip,customtiknter,"[0,]",29/3/24,https://security.snyk.io/vuln/SNYK-PYTHON-CUSTOMTIKNTER-6513632
pip,customtinter,"[0,]",29/3/24,https://security.snyk.io/vuln/SNYK-PYTHON-CUSTOMTINTER-6513631
pip,customtjinter,"[0,]",29/3/24,https://security.snyk.io/vuln/SNYK-PYTHON-CUSTOMTJINTER-6513630
pip,customtkfnter,"[0,]",29/3/24,https://security.snyk.io/vuln/SNYK-PYTHON-CUSTOMTKFNTER-6513629
pip,customtkinber,"[0,]",29/3/24,https://security.snyk.io/vuln/SNYK-PYTHON-CUSTOMTKINBER-6513628
pip,customtkinet,"[0,]",29/3/24,https://security.snyk.io/vuln/SNYK-PYTHON-CUSTOMTKINET-6513627
pip,customtkingter,"[0,]",29/3/24,https://security.snyk.io/vuln/SNYK-PYTHON-CUSTOMTKINGTER-6513626
pip,customtkintet,"[0,]",29/3/24,https://security.snyk.io/vuln/SNYK-PYTHON-CUSTOMTKINTET-6513625
pip,customtkinyer,"[0,]",29/3/24,https://security.snyk.io/vuln/SNYK-PYTHON-CUSTOMTKINYER-6513624
pip,customtkitnerr,"[0,]",29/3/24,https://security.snyk.io/vuln/SNYK-PYTHON-CUSTOMTKITNERR-6513623
pip,customtkiyter,"[0,]",29/3/24,https://security.snyk.io/vuln/SNYK-PYTHON-CUSTOMTKIYTER-6513622
pip,customtkknter,"[0,]",29/3/24,https://security.snyk.io/vuln/SNYK-PYTHON-CUSTOMTKKNTER-6513621
pip,customtkwnter,"[0,]",29/3/24,https://security.snyk.io/vuln/SNYK-PYTHON-CUSTOMTKWNTER-6513620
pip,customtkznter,"[0,]",29/3/24,https://security.snyk.io/vuln/SNYK-PYTHON-CUSTOMTKZNTER-6513619
pip,custotkinter,"[0,]",29/3/24,https://security.snyk.io/vuln/SNYK-PYTHON-CUSTOTKINTER-6513618
pip,custpmtkinter,"[0,]",29/3/24,https://security.snyk.io/vuln/SNYK-PYTHON-CUSTPMTKINTER-6513617
pip,custrmtkinter,"[0,]",29/3/24,https://security.snyk.io/vuln/SNYK-PYTHON-CUSTRMTKINTER-6513616
pip,custvomtkinter,"[0,]",29/3/24,https://security.snyk.io/vuln/SNYK-PYTHON-CUSTVOMTKINTER-6513615
pip,cuxtomtkinter,"[0,]",29/3/24,https://security.snyk.io/vuln/SNYK-PYTHON-CUXTOMTKINTER-6513614
pip,plauwright,"[0,]",29/3/24,https://security.snyk.io/vuln/SNYK-PYTHON-PLAUWRIGHT-6513613
pip,playrwight,"[0,]",29/3/24,https://security.snyk.io/vuln/SNYK-PYTHON-PLAYRWIGHT-6513612
pip,playwrgith,"[0,]",29/3/24,https://security.snyk.io/vuln/SNYK-PYTHON-PLAYWRGITH-6513611
pip,playwrigh,"[0,]",29/3/24,https://security.snyk.io/vuln/SNYK-PYTHON-PLAYWRIGH-6513610
pip,playwrightt,"[0,]",29/3/24,https://security.snyk.io/vuln/SNYK-PYTHON-PLAYWRIGHTT-6513609
pip,playwrihgt,"[0,]",29/3/24,https://security.snyk.io/vuln/SNYK-PYTHON-PLAYWRIHGT-6513608
pip,reqiremnets,"[0,]",29/3/24,https://security.snyk.io/vuln/SNYK-PYTHON-REQIREMNETS-6513607
pip,reqiurements,"[0,]",29/3/24,https://security.snyk.io/vuln/SNYK-PYTHON-REQIUREMENTS-6513606
pip,requierement,"[0,]",29/3/24,https://security.snyk.io/vuln/SNYK-PYTHON-REQUIEREMENT-6513605
pip,requiirements,"[0,]",29/3/24,https://security.snyk.io/vuln/SNYK-PYTHON-REQUIIREMENTS-6513604
pip,requiirments,"[0,]",29/3/24,https://security.snyk.io/vuln/SNYK-PYTHON-REQUIIRMENTS-6513603
pip,requirementss,"[0,]",29/3/24,https://security.snyk.io/vuln/SNYK-PYTHON-REQUIREMENTSS-6513602
pip,requirementstt,"[0,]",29/3/24,https://security.snyk.io/vuln/SNYK-PYTHON-REQUIREMENTSTT-6513601
pip,requirementsttx,"[0,]",29/3/24,https://security.snyk.io/vuln/SNYK-PYTHON-REQUIREMENTSTTX-6513600
pip,requirementstxtt,"[0,]",29/3/24,https://security.snyk.io/vuln/SNYK-PYTHON-REQUIREMENTSTXTT-6513599
pip,requirementstxtx,"[0,]",29/3/24,https://security.snyk.io/vuln/SNYK-PYTHON-REQUIREMENTSTXTX-6513598
pip,requirementstxtxt,"[0,]",29/3/24,https://security.snyk.io/vuln/SNYK-PYTHON-REQUIREMENTSTXTXT-6513597
pip,requirementtsxt,"[0,]",29/3/24,https://security.snyk.io/vuln/SNYK-PYTHON-REQUIREMENTTSXT-6513596
pip,requirementxxt,"[0,]",29/3/24,https://security.snyk.io/vuln/SNYK-PYTHON-REQUIREMENTXXT-6513595
pip,requiremetns,"[0,]",29/3/24,https://security.snyk.io/vuln/SNYK-PYTHON-REQUIREMETNS-6513594
pip,requiremmentstxt,"[0,]",29/3/24,https://security.snyk.io/vuln/SNYK-PYTHON-REQUIREMMENTSTXT-6513593
pip,requiremntstxt,"[0,]",29/3/24,https://security.snyk.io/vuln/SNYK-PYTHON-REQUIREMNTSTXT-6513592
pip,requiremtns,"[0,]",29/3/24,https://security.snyk.io/vuln/SNYK-PYTHON-REQUIREMTNS-6513591
pip,requirmeents,"[0,]",29/3/24,https://security.snyk.io/vuln/SNYK-PYTHON-REQUIRMEENTS-6513590
pip,requirmentss,"[0,]",29/3/24,https://security.snyk.io/vuln/SNYK-PYTHON-REQUIRMENTSS-6513589
pip,requirmentstxtt,"[0,]",29/3/24,https://security.snyk.io/vuln/SNYK-PYTHON-REQUIRMENTSTXTT-6513588
pip,requiurementstxt,"[0,]",29/3/24,https://security.snyk.io/vuln/SNYK-PYTHON-REQUIUREMENTSTXT-6513587
pip,seleeniumm,"[0,]",29/3/24,https://security.snyk.io/vuln/SNYK-PYTHON-SELEENIUMM-6513586
pip,seleinium,"[0,]",29/3/24,https://security.snyk.io/vuln/SNYK-PYTHON-SELEINIUM-6513585
pip,seleiniumm,"[0,]",29/3/24,https://security.snyk.io/vuln/SNYK-PYTHON-SELEINIUMM-6513584
pip,seleiumm,"[0,]",29/3/24,https://security.snyk.io/vuln/SNYK-PYTHON-SELEIUMM-6513583
pip,selemni,"[0,]",29/3/24,https://security.snyk.io/vuln/SNYK-PYTHON-SELEMNI-6513582
pip,selemnim,"[0,]",29/3/24,https://security.snyk.io/vuln/SNYK-PYTHON-SELEMNIM-6513581
pip,selemnium,"[0,]",29/3/24,https://security.snyk.io/vuln/SNYK-PYTHON-SELEMNIUM-6513580
pip,selenimn,"[0,]",29/3/24,https://security.snyk.io/vuln/SNYK-PYTHON-SELENIMN-6513579
pip,selenniumm,"[0,]",29/3/24,https://security.snyk.io/vuln/SNYK-PYTHON-SELENNIUMM-6513578
pip,seliniumm,"[0,]",29/3/24,https://security.snyk.io/vuln/SNYK-PYTHON-SELINIUMM-6513577
pip,seliniumn,"[0,]",29/3/24,https://security.snyk.io/vuln/SNYK-PYTHON-SELINIUMN-6513576
pip,selleniium,"[0,]",29/3/24,https://security.snyk.io/vuln/SNYK-PYTHON-SELLENIIUM-6513575
pip,selleniumm,"[0,]",29/3/24,https://security.snyk.io/vuln/SNYK-PYTHON-SELLENIUMM-6513574
pip,selleniumm,"[0,]",29/3/24,https://security.snyk.io/vuln/SNYK-PYTHON-SELLENIUMM-6513574
pip,sellinium,"[0,]",29/3/24,https://security.snyk.io/vuln/SNYK-PYTHON-SELLINIUM-6513573
pip,selunium,"[0,]",29/3/24,https://security.snyk.io/vuln/SNYK-PYTHON-SELUNIUM-6513572
pip,tensofliw,"[0,]",29/3/24,https://security.snyk.io/vuln/SNYK-PYTHON-TENSOFLIW-6513571
pip,tensofllow,"[0,]",29/3/24,https://security.snyk.io/vuln/SNYK-PYTHON-TENSOFLLOW-6513570
pip,tensoflod,"[0,]",29/3/24,https://security.snyk.io/vuln/SNYK-PYTHON-TENSOFLOD-6513569
pip,tensoflolw,"[0,]",29/3/24,https://security.snyk.io/vuln/SNYK-PYTHON-TENSOFLOLW-6513568
pip,tensoflqw,"[0,]",29/3/24,https://security.snyk.io/vuln/SNYK-PYTHON-TENSOFLQW-6513567
pip,tensoflw,"[0,]",29/3/24,https://security.snyk.io/vuln/SNYK-PYTHON-TENSOFLW-6513566
pip,tensourflow,"[0,]",29/3/24,https://security.snyk.io/vuln/SNYK-PYTHON-TENSOURFLOW-6513565
pip,trnsorflow,"[0,]",29/3/24,https://security.snyk.io/vuln/SNYK-PYTHON-TRNSORFLOW-6513564
pip,customtkjnter,"[0,]",29/3/24,https://security.snyk.io/vuln/SNYK-PYTHON-CUSTOMTKJNTER-6513563
pip,custumtkinter,"[0,]",29/3/24,https://security.snyk.io/vuln/SNYK-PYTHON-CUSTUMTKINTER-6513562
pip,custontkinter,"[0,]",29/3/24,https://security.snyk.io/vuln/SNYK-PYTHON-CUSTONTKINTER-6513561
pip,customtkibter,"[0,]",29/3/24,https://security.snyk.io/vuln/SNYK-PYTHON-CUSTOMTKIBTER-6513560
pip,customekinter,"[0,]",29/3/24,https://security.snyk.io/vuln/SNYK-PYTHON-CUSTOMEKINTER-6513559
pip,customtkintre,"[0,]",29/3/24,https://security.snyk.io/vuln/SNYK-PYTHON-CUSTOMTKINTRE-6513558
pip,cstmotkinter,"[0,]",29/3/24,https://security.snyk.io/vuln/SNYK-PYTHON-CSTMOTKINTER-6513557
pip,reuirements,"[0,]",29/3/24,https://security.snyk.io/vuln/SNYK-PYTHON-REUIREMENTS-6513556
pip,requriments,"[0,]",29/3/24,https://security.snyk.io/vuln/SNYK-PYTHON-REQURIMENTS-6513555
pip,requiements,"[0,]",29/3/24,https://security.snyk.io/vuln/SNYK-PYTHON-REQUIEMENTS-6513554
pip,requiremnets,"[0,]",29/3/24,https://security.snyk.io/vuln/SNYK-PYTHON-REQUIREMNETS-6513553
pip,requiremnetxtxt,"[0,]",29/3/24,https://security.snyk.io/vuln/SNYK-PYTHON-REQUIREMNETXTXT-6513552
pip,requirmentstx,"[0,]",29/3/24,https://security.snyk.io/vuln/SNYK-PYTHON-REQUIRMENTSTX-6513551
pip,requirementstxxt,"[0,]",29/3/24,https://security.snyk.io/vuln/SNYK-PYTHON-REQUIREMENTSTXXT-6513550
pip,pygmme,"[0,]",29/3/24,https://security.snyk.io/vuln/SNYK-PYTHON-PYGMME-6513549
pip,simplejdon,"[0,]",29/3/24,https://security.snyk.io/vuln/SNYK-PYTHON-SIMPLEJDON-6513548
pip,sjimplejson,"[0,]",29/3/24,https://security.snyk.io/vuln/SNYK-PYTHON-SJIMPLEJSON-6513547
pip,selinum,"[0,]",29/3/24,https://security.snyk.io/vuln/SNYK-PYTHON-SELINUM-6513546
pip,py-cordr,"[0,]",29/3/24,https://security.snyk.io/vuln/SNYK-PYTHON-PYCORDR-6513545
pip,beaitifulsoop,"[0,]",29/3/24,https://security.snyk.io/vuln/SNYK-PYTHON-BEAITIFULSOOP-6513543
pip,capmonstercloudclouidclient,"[0,]",29/3/24,https://security.snyk.io/vuln/SNYK-PYTHON-CAPMONSTERCLOUDCLOUIDCLIENT-6513542
pip,tensoflonw,"[0,]",29/3/24,https://security.snyk.io/vuln/SNYK-PYTHON-TENSOFLONW-6513541
pip,selemiumm,"[0,]",29/3/24,https://security.snyk.io/vuln/SNYK-PYTHON-SELEMIUMM-6513540
pip,cutomtkinter,"[0,]",29/3/24,https://security.snyk.io/vuln/SNYK-PYTHON-CUTOMTKINTER-6513539
pip,customtkniterr,"[0,]",29/3/24,https://security.snyk.io/vuln/SNYK-PYTHON-CUSTOMTKNITERR-6513538
pip,pygaqme,"[0,]",29/3/24,https://security.snyk.io/vuln/SNYK-PYTHON-PYGAQME-6513537
pip,matplolplib,"[0,]",29/3/24,https://security.snyk.io/vuln/SNYK-PYTHON-MATPLOLPLIB-6513536
pip,pycordde,"[0,]",29/3/24,https://security.snyk.io/vuln/SNYK-PYTHON-PYCORDDE-6513535
pip,py-corx,"[0,]",29/3/24,https://security.snyk.io/vuln/SNYK-PYTHON-PYCORX-6513534
pip,playwritgh,"[0,]",29/3/24,https://security.snyk.io/vuln/SNYK-PYTHON-PLAYWRITGH-6513533
pip,colorram,"[0,]",29/3/24,https://security.snyk.io/vuln/SNYK-PYTHON-COLORRAM-6513532
pip,py-cordf,"[0,]",29/3/24,https://security.snyk.io/vuln/SNYK-PYTHON-PYCORDF-6513531
pip,simpoejson,"[0,]",29/3/24,https://security.snyk.io/vuln/SNYK-PYTHON-SIMPOEJSON-6513530
pip,requiirementstxt,"[0,]",29/3/24,https://security.snyk.io/vuln/SNYK-PYTHON-REQUIIREMENTSTXT-6513529
pip,coloramxs,"[0,]",29/3/24,https://security.snyk.io/vuln/SNYK-PYTHON-COLORAMXS-6513528
pip,requiremenstxt,"[0,]",29/3/24,https://security.snyk.io/vuln/SNYK-PYTHON-REQUIREMENSTXT-6513527
pip,capmostercloudclienet,"[0,]",29/3/24,https://security.snyk.io/vuln/SNYK-PYTHON-CAPMOSTERCLOUDCLIENET-6513526
pip,customtkimter,"[0,]",29/3/24,https://security.snyk.io/vuln/SNYK-PYTHON-CUSTOMTKIMTER-6513525
pip,capmonsterclouidclient,"[0,]",29/3/24,https://security.snyk.io/vuln/SNYK-PYTHON-CAPMONSTERCLOUIDCLIENT-6513524
pip,pytorchy,"[0,]",29/3/24,https://security.snyk.io/vuln/SNYK-PYTHON-PYTORCHY-6513523
pip,plawwright,"[0,]",29/3/24,https://security.snyk.io/vuln/SNYK-PYTHON-PLAWWRIGHT-6513522
pip,matplftlib,"[0,]",29/3/24,https://security.snyk.io/vuln/SNYK-PYTHON-MATPLFTLIB-6513521
pip,requetsa,"[0,]",29/3/24,https://security.snyk.io/vuln/SNYK-PYTHON-REQUETSA-6513520
pip,pillo2,"[0,]",29/3/24,https://security.snyk.io/vuln/SNYK-PYTHON-PILLO2-6513519
pip,sellenim,"[0,]",29/3/24,https://security.snyk.io/vuln/SNYK-PYTHON-SELLENIM-6513518
pip,customtkitnre,"[0,]",29/3/24,https://security.snyk.io/vuln/SNYK-PYTHON-CUSTOMTKITNRE-6513517
pip,matplottib,"[0,]",29/3/24,https://security.snyk.io/vuln/SNYK-PYTHON-MATPLOTTIB-6513516
pip,pygawme,"[0,]",29/3/24,https://security.snyk.io/vuln/SNYK-PYTHON-PYGAWME-6513515
pip,corlorama,"[0,]",29/3/24,https://security.snyk.io/vuln/SNYK-PYTHON-CORLORAMA-6513514
pip,corlorama,"[0,]",29/3/24,https://security.snyk.io/vuln/SNYK-PYTHON-CORLORAMA-6513514
pip,custoqtkinter,"[0,]",29/3/24,https://security.snyk.io/vuln/SNYK-PYTHON-CUSTOQTKINTER-6513513
pip,capmonsstercloudclient,"[0,]",29/3/24,https://security.snyk.io/vuln/SNYK-PYTHON-CAPMONSSTERCLOUDCLIENT-6513512
pip,matplotllib,"[0,]",29/3/24,https://security.snyk.io/vuln/SNYK-PYTHON-MATPLOTLLIB-6513511
pip,customtkintwr,"[0,]",29/3/24,https://security.snyk.io/vuln/SNYK-PYTHON-CUSTOMTKINTWR-6513510
pip,requksts,"[0,]",29/3/24,https://security.snyk.io/vuln/SNYK-PYTHON-REQUKSTS-6513509
pip,py-corwd,"[0,]",29/3/24,https://security.snyk.io/vuln/SNYK-PYTHON-PYCORWD-6513508
pip,pilliw,"[0,]",29/3/24,https://security.snyk.io/vuln/SNYK-PYTHON-PILLIW-6513507
pip,py-cordq,"[0,]",29/3/24,https://security.snyk.io/vuln/SNYK-PYTHON-PYCORDQ-6513506
pip,reqeosts,"[0,]",29/3/24,https://security.snyk.io/vuln/SNYK-PYTHON-REQEOSTS-6513505
pip,matplrtlib,"[0,]",29/3/24,https://security.snyk.io/vuln/SNYK-PYTHON-MATPLRTLIB-6513504
pip,coloroama,"[0,]",29/3/24,https://security.snyk.io/vuln/SNYK-PYTHON-COLOROAMA-6513503
pip,maptplotlib,"[0,]",29/3/24,https://security.snyk.io/vuln/SNYK-PYTHON-MAPTPLOTLIB-6513502
pip,beautifullsooup,"[0,]",29/3/24,https://security.snyk.io/vuln/SNYK-PYTHON-BEAUTIFULLSOOUP-6513501
pip,matplotvlib,"[0,]",29/3/24,https://security.snyk.io/vuln/SNYK-PYTHON-MATPLOTVLIB-6513500
pip,pygqame,"[0,]",29/3/24,https://security.snyk.io/vuln/SNYK-PYTHON-PYGQAME-6513499
pip,pygazme,"[0,]",29/3/24,https://security.snyk.io/vuln/SNYK-PYTHON-PYGAZME-6513498
pip,pygane,"[0,]",29/3/24,https://security.snyk.io/vuln/SNYK-PYTHON-PYGANE-6513497
pip,siplejason,"[0,]",29/3/24,https://security.snyk.io/vuln/SNYK-PYTHON-SIPLEJASON-6513496
pip,matplorlib,"[0,]",29/3/24,https://security.snyk.io/vuln/SNYK-PYTHON-MATPLORLIB-6513495
pip,pygaome,"[0,]",29/3/24,https://security.snyk.io/vuln/SNYK-PYTHON-PYGAOME-6513494
pip,pygfme,"[0,]",29/3/24,https://security.snyk.io/vuln/SNYK-PYTHON-PYGFME-6513493
pip,beautyfulsoup,"[0,]",29/3/24,https://security.snyk.io/vuln/SNYK-PYTHON-BEAUTYFULSOUP-6513492
pip,matplotklib,"[0,]",29/3/24,https://security.snyk.io/vuln/SNYK-PYTHON-MATPLOTKLIB-6513491
pip,matplotoib,"[0,]",29/3/24,https://security.snyk.io/vuln/SNYK-PYTHON-MATPLOTOIB-6513490
pip,beaotifulsoup,"[0,]",29/3/24,https://security.snyk.io/vuln/SNYK-PYTHON-BEAOTIFULSOUP-6513489
pip,pygamm,"[0,]",29/3/24,https://security.snyk.io/vuln/SNYK-PYTHON-PYGAMM-6513488
pip,matploltlab,"[0,]",29/3/24,https://security.snyk.io/vuln/SNYK-PYTHON-MATPLOLTLAB-6513487
pip,pytoich,"[0,]",29/3/24,https://security.snyk.io/vuln/SNYK-PYTHON-PYTOICH-6513486
pip,simplejsoh,"[0,]",29/3/24,https://security.snyk.io/vuln/SNYK-PYTHON-SIMPLEJSOH-6513485
pip,pytirch,"[0,]",29/3/24,https://security.snyk.io/vuln/SNYK-PYTHON-PYTIRCH-6513484
pip,beutifulsoop,"[0,]",29/3/24,https://security.snyk.io/vuln/SNYK-PYTHON-BEUTIFULSOOP-6513483
pip,matplkotlib,"[0,]",29/3/24,https://security.snyk.io/vuln/SNYK-PYTHON-MATPLKOTLIB-6513482
pip,pygume,"[0,]",29/3/24,https://security.snyk.io/vuln/SNYK-PYTHON-PYGUME-6513481
pip,pytorchc,"[0,]",29/3/24,https://security.snyk.io/vuln/SNYK-PYTHON-PYTORCHC-6513480
pip,pygxme,"[0,]",29/3/24,https://security.snyk.io/vuln/SNYK-PYTHON-PYGXME-6513479
pip,beautifulsoupo,"[0,]",29/3/24,https://security.snyk.io/vuln/SNYK-PYTHON-BEAUTIFULSOUPO-6513478
pip,beautifilsoup,"[0,]",29/3/24,https://security.snyk.io/vuln/SNYK-PYTHON-BEAUTIFILSOUP-6513477
pip,sijplejson,"[0,]",29/3/24,https://security.snyk.io/vuln/SNYK-PYTHON-SIJPLEJSON-6513476
pip,pygzme,"[0,]",29/3/24,https://security.snyk.io/vuln/SNYK-PYTHON-PYGZME-6513475
pip,matplottlab,"[0,]",29/3/24,https://security.snyk.io/vuln/SNYK-PYTHON-MATPLOTTLAB-6513474
pip,pythrch,"[0,]",29/3/24,https://security.snyk.io/vuln/SNYK-PYTHON-PYTHRCH-6513473
pip,matpltotlib,"[0,]",29/3/24,https://security.snyk.io/vuln/SNYK-PYTHON-MATPLTOTLIB-6513472
pip,matplottbib,"[0,]",29/3/24,https://security.snyk.io/vuln/SNYK-PYTHON-MATPLOTTBIB-6513471
pip,customtkinte,"[0,]",29/3/24,https://security.snyk.io/vuln/SNYK-PYTHON-CUSTOMTKINTE-6513470
pip,requiremetnstxt,"[0,]",29/3/24,https://security.snyk.io/vuln/SNYK-PYTHON-REQUIREMETNSTXT-6513469
pip,tensoflpw,"[0,]",29/3/24,https://security.snyk.io/vuln/SNYK-PYTHON-TENSOFLPW-6513468
pip,customtkinted,"[0,]",29/3/24,https://security.snyk.io/vuln/SNYK-PYTHON-CUSTOMTKINTED-6513467
pip,bips-utils,"[0,]",29/3/24,https://security.snyk.io/vuln/SNYK-PYTHON-BIPSUTILS-6513466
pip,requriements,"[0,]",29/3/24,https://security.snyk.io/vuln/SNYK-PYTHON-REQURIEMENTS-6513465
pip,requrementstxt,"[0,]",29/3/24,https://security.snyk.io/vuln/SNYK-PYTHON-REQUREMENTSTXT-6513464
pip,matplotib,"[0,]",29/3/24,https://security.snyk.io/vuln/SNYK-PYTHON-MATPLOTIB-6513463
pip,custojtkinter,"[0,]",29/3/24,https://security.snyk.io/vuln/SNYK-PYTHON-CUSTOJTKINTER-6513462
pip,capmosterclouclient,"[0,]",29/3/24,https://security.snyk.io/vuln/SNYK-PYTHON-CAPMOSTERCLOUCLIENT-6513461
pip,pytorchg,"[0,]",29/3/24,https://security.snyk.io/vuln/SNYK-PYTHON-PYTORCHG-6513460
pip,coloramae,"[0,]",29/3/24,https://security.snyk.io/vuln/SNYK-PYTHON-COLORAMAE-6513459
pip,requesgt,"[0,]",29/3/24,https://security.snyk.io/vuln/SNYK-PYTHON-REQUESGT-6513458
pip,customtkitenr,"[0,]",29/3/24,https://security.snyk.io/vuln/SNYK-PYTHON-CUSTOMTKITENR-6513457
pip,capmonstercloudclent,"[0,]",29/3/24,https://security.snyk.io/vuln/SNYK-PYTHON-CAPMONSTERCLOUDCLENT-6513456
pip,pytorbch,"[0,]",29/3/24,https://security.snyk.io/vuln/SNYK-PYTHON-PYTORBCH-6513455
pip,reqiremnts,"[0,]",29/3/24,https://security.snyk.io/vuln/SNYK-PYTHON-REQIREMNTS-6513454
pip,requstss,"[0,]",29/3/24,https://security.snyk.io/vuln/SNYK-PYTHON-REQUSTSS-6513453
pip,matpliotlib,"[0,]",29/3/24,https://security.snyk.io/vuln/SNYK-PYTHON-MATPLIOTLIB-6513452
pip,capmonsterclouddlient,"[0,]",29/3/24,https://security.snyk.io/vuln/SNYK-PYTHON-CAPMONSTERCLOUDDLIENT-6513451
pip,pill9w,"[0,]",29/3/24,https://security.snyk.io/vuln/SNYK-PYTHON-PILL9W-6513450
pip,tensoflomw,"[0,]",29/3/24,https://security.snyk.io/vuln/SNYK-PYTHON-TENSOFLOMW-6513449
pip,selenuimm,"[0,]",29/3/24,https://security.snyk.io/vuln/SNYK-PYTHON-SELENUIMM-6513448
pip,capmostercloudclient,"[0,]",29/3/24,https://security.snyk.io/vuln/SNYK-PYTHON-CAPMOSTERCLOUDCLIENT-6513447
pip,pilloo,"[0,]",29/3/24,https://security.snyk.io/vuln/SNYK-PYTHON-PILLOO-6513446
pip,matplotkib,"[0,]",29/3/24,https://security.snyk.io/vuln/SNYK-PYTHON-MATPLOTKIB-6513445
pip,custotminter,"[0,]",29/3/24,https://security.snyk.io/vuln/SNYK-PYTHON-CUSTOTMINTER-6513444
pip,beautifolsoup,"[0,]",29/3/24,https://security.snyk.io/vuln/SNYK-PYTHON-BEAUTIFOLSOUP-6513443
pip,simpkejson,"[0,]",29/3/24,https://security.snyk.io/vuln/SNYK-PYTHON-SIMPKEJSON-6513442
pip,requiremntxtxt,"[0,]",29/3/24,https://security.snyk.io/vuln/SNYK-PYTHON-REQUIREMNTXTXT-6513441
pip,pycordwd,"[0,]",29/3/24,https://security.snyk.io/vuln/SNYK-PYTHON-PYCORDWD-6513440
pip,capmonstercludclient,"[0,]",29/3/24,https://security.snyk.io/vuln/SNYK-PYTHON-CAPMONSTERCLUDCLIENT-6513439
pip,requiiremnts,"[0,]",29/3/24,https://security.snyk.io/vuln/SNYK-PYTHON-REQUIIREMNTS-6513438
pip,requiremetstxt,"[0,]",29/3/24,https://security.snyk.io/vuln/SNYK-PYTHON-REQUIREMETSTXT-6513437
pip,py-coordd,"[0,]",29/3/24,https://security.snyk.io/vuln/SNYK-PYTHON-PYCOORDD-6513436
pip,pygamse,"[0,]",29/3/24,https://security.snyk.io/vuln/SNYK-PYTHON-PYGAMSE-6513435
pip,py-cobrd,"[0,]",29/3/24,https://security.snyk.io/vuln/SNYK-PYTHON-PYCOBRD-6513434
pip,pygamne,"[0,]",29/3/24,https://security.snyk.io/vuln/SNYK-PYTHON-PYGAMNE-6513433
pip,customtkniter,"[0,]",29/3/24,https://security.snyk.io/vuln/SNYK-PYTHON-CUSTOMTKNITER-6513432
pip,tensoflouw,"[0,]",29/3/24,https://security.snyk.io/vuln/SNYK-PYTHON-TENSOFLOUW-6513431
pip,pygamw,"[0,]",29/3/24,https://security.snyk.io/vuln/SNYK-PYTHON-PYGAMW-6513430
pip,requierments,"[0,]",29/3/24,https://security.snyk.io/vuln/SNYK-PYTHON-REQUIERMENTS-6513429
pip,pytordh,"[0,]",29/3/24,https://security.snyk.io/vuln/SNYK-PYTHON-PYTORDH-6513428
pip,temsorflow,"[0,]",29/3/24,https://security.snyk.io/vuln/SNYK-PYTHON-TEMSORFLOW-6513427
pip,py-corddd,"[0,]",29/3/24,https://security.snyk.io/vuln/SNYK-PYTHON-PYCORDDD-6513426
pip,plyawright,"[0,]",29/3/24,https://security.snyk.io/vuln/SNYK-PYTHON-PLYAWRIGHT-6513425
pip,asynci,"[0,]",29/3/24,https://security.snyk.io/vuln/SNYK-PYTHON-ASYNCI-6513424
pip,asynncio,"[0,]",29/3/24,https://security.snyk.io/vuln/SNYK-PYTHON-ASYNNCIO-6513423
pip,py-vord,"[0,]",29/3/24,https://security.snyk.io/vuln/SNYK-PYTHON-PYVORD-6513422
pip,custmtkinter,"[0,]",29/3/24,https://security.snyk.io/vuln/SNYK-PYTHON-CUSTMTKINTER-6513421
pip,seleunium,"[0,]",29/3/24,https://security.snyk.io/vuln/SNYK-PYTHON-SELEUNIUM-6513420
pip,customtkinger,"[0,]",29/3/24,https://security.snyk.io/vuln/SNYK-PYTHON-CUSTOMTKINGER-6513419
pip,pztorch,"[0,]",29/3/24,https://security.snyk.io/vuln/SNYK-PYTHON-PZTORCH-6513418
pip,simplejason,"[0,]",29/3/24,https://security.snyk.io/vuln/SNYK-PYTHON-SIMPLEJASON-6513417
pip,plaawright,"[0,]",29/3/24,https://security.snyk.io/vuln/SNYK-PYTHON-PLAAWRIGHT-6513416
pip,requirrementstxt,"[0,]",29/3/24,https://security.snyk.io/vuln/SNYK-PYTHON-REQUIRREMENTSTXT-6513415
pip,plywright,"[0,]",29/3/24,https://security.snyk.io/vuln/SNYK-PYTHON-PLYWRIGHT-6513414
pip,custotinter,"[0,]",29/3/24,https://security.snyk.io/vuln/SNYK-PYTHON-CUSTOTINTER-6513413
pip,requiremnetstxt,"[0,]",29/3/24,https://security.snyk.io/vuln/SNYK-PYTHON-REQUIREMNETSTXT-6513412
pip,bop-utils,"[0,]",29/3/24,https://security.snyk.io/vuln/SNYK-PYTHON-BOPUTILS-6513411
pip,plawyright,"[0,]",29/3/24,https://security.snyk.io/vuln/SNYK-PYTHON-PLAWYRIGHT-6513410
pip,py-ckrd,"[0,]",29/3/24,https://security.snyk.io/vuln/SNYK-PYTHON-PYCKRD-6513409
pip,seleinuim,"[0,]",29/3/24,https://security.snyk.io/vuln/SNYK-PYTHON-SELEINUIM-6513408
pip,pilliow,"[0,]",29/3/24,https://security.snyk.io/vuln/SNYK-PYTHON-PILLIOW-6513407
pip,coloramqs,"[0,]",29/3/24,https://security.snyk.io/vuln/SNYK-PYTHON-COLORAMQS-6513406
pip,bip-utiles,"[0,]",29/3/24,https://security.snyk.io/vuln/SNYK-PYTHON-BIPUTILES-6513405
pip,pytorcb,"[0,]",29/3/24,https://security.snyk.io/vuln/SNYK-PYTHON-PYTORCB-6513404
pip,capmonstercoudclient,"[0,]",29/3/24,https://security.snyk.io/vuln/SNYK-PYTHON-CAPMONSTERCOUDCLIENT-6513403
pip,reqirements,"[0,]",29/3/24,https://security.snyk.io/vuln/SNYK-PYTHON-REQIREMENTS-6513402
pip,py-cprd,"[0,]",29/3/24,https://security.snyk.io/vuln/SNYK-PYTHON-PYCPRD-6513401
pip,py-c9rd,"[0,]",29/3/24,https://security.snyk.io/vuln/SNYK-PYTHON-PYC9RD-6513400
pip,requiremntstx,"[0,]",29/3/24,https://security.snyk.io/vuln/SNYK-PYTHON-REQUIREMNTSTX-6513399
pip,seleenimu,"[0,]",29/3/24,https://security.snyk.io/vuln/SNYK-PYTHON-SELEENIMU-6513398
pip,requirtements,"[0,]",29/3/24,https://security.snyk.io/vuln/SNYK-PYTHON-REQUIRTEMENTS-6513397
pip,beaufifulsoup,"[0,]",29/3/24,https://security.snyk.io/vuln/SNYK-PYTHON-BEAUFIFULSOUP-6513396
pip,customtknter,"[0,]",29/3/24,https://security.snyk.io/vuln/SNYK-PYTHON-CUSTOMTKNTER-6513395
pip,tensoflxow,"[0,]",29/3/24,https://security.snyk.io/vuln/SNYK-PYTHON-TENSOFLXOW-6513394
pip,pytrosh,"[0,]",29/3/24,https://security.snyk.io/vuln/SNYK-PYTHON-PYTROSH-6513393
pip,requewsts,"[0,]",29/3/24,https://security.snyk.io/vuln/SNYK-PYTHON-REQUEWSTS-6513392
pip,pytorcdh,"[0,]",29/3/24,https://security.snyk.io/vuln/SNYK-PYTHON-PYTORCDH-6513391
pip,requxsts,"[0,]",29/3/24,https://security.snyk.io/vuln/SNYK-PYTHON-REQUXSTS-6513390
pip,beutifullsoup,"[0,]",29/3/24,https://security.snyk.io/vuln/SNYK-PYTHON-BEUTIFULLSOUP-6513389
pip,requiremments,"[0,]",29/3/24,https://security.snyk.io/vuln/SNYK-PYTHON-REQUIREMMENTS-6513388
pip,pilloa,"[0,]",29/3/24,https://security.snyk.io/vuln/SNYK-PYTHON-PILLOA-6513387
pip,reqeuste,"[0,]",29/3/24,https://security.snyk.io/vuln/SNYK-PYTHON-REQEUSTE-6513386
pip,capmoneercloudclient,"[0,]",29/3/24,https://security.snyk.io/vuln/SNYK-PYTHON-CAPMONEERCLOUDCLIENT-6513385
pip,requeksts,"[0,]",29/3/24,https://security.snyk.io/vuln/SNYK-PYTHON-REQUEKSTS-6513384
pip,reqeist,"[0,]",29/3/24,https://security.snyk.io/vuln/SNYK-PYTHON-REQEIST-6513383
pip,customtknster,"[0,]",29/3/24,https://security.snyk.io/vuln/SNYK-PYTHON-CUSTOMTKNSTER-6513382
pip,capmonstercloudcluodclient,"[0,]",29/3/24,https://security.snyk.io/vuln/SNYK-PYTHON-CAPMONSTERCLOUDCLUODCLIENT-6513381
pip,tensoflom,"[0,]",29/3/24,https://security.snyk.io/vuln/SNYK-PYTHON-TENSOFLOM-6513380
pip,simepljson,"[0,]",29/3/24,https://security.snyk.io/vuln/SNYK-PYTHON-SIMEPLJSON-6513379
pip,tensoflaow,"[0,]",29/3/24,https://security.snyk.io/vuln/SNYK-PYTHON-TENSOFLAOW-6513378
pip,playwirght,"[0,]",29/3/24,https://security.snyk.io/vuln/SNYK-PYTHON-PLAYWIRGHT-6513377
pip,seleenim,"[0,]",29/3/24,https://security.snyk.io/vuln/SNYK-PYTHON-SELEENIM-6513376
pip,beautifoulsoup,"[0,]",29/3/24,https://security.snyk.io/vuln/SNYK-PYTHON-BEAUTIFOULSOUP-6513375
pip,colomara,"[0,]",29/3/24,https://security.snyk.io/vuln/SNYK-PYTHON-COLOMARA-6513374
pip,reqiurementstxt,"[0,]",29/3/24,https://security.snyk.io/vuln/SNYK-PYTHON-REQIUREMENTSTXT-6513373
pip,matploltlib,"[0,]",29/3/24,https://security.snyk.io/vuln/SNYK-PYTHON-MATPLOLTLIB-6513372
pip,cuwtomtkinter,"[0,]",29/3/24,https://security.snyk.io/vuln/SNYK-PYTHON-CUWTOMTKINTER-6513371
pip,pilkow,"[0,]",29/3/24,https://security.snyk.io/vuln/SNYK-PYTHON-PILKOW-6513370
pip,coloramxa,"[0,]",29/3/24,https://security.snyk.io/vuln/SNYK-PYTHON-COLORAMXA-6513369
pip,requeqsts,"[0,]",29/3/24,https://security.snyk.io/vuln/SNYK-PYTHON-REQUEQSTS-6513368
pip,matplotlob,"[0,]",29/3/24,https://security.snyk.io/vuln/SNYK-PYTHON-MATPLOTLOB-6513367
pip,tensnflow,"[0,]",29/3/24,https://security.snyk.io/vuln/SNYK-PYTHON-TENSNFLOW-6513366
pip,pycjrd,"[0,]",29/3/24,https://security.snyk.io/vuln/SNYK-PYTHON-PYCJRD-6513365
pip,customkinter,"[0,]",29/3/24,https://security.snyk.io/vuln/SNYK-PYTHON-CUSTOMKINTER-6513364
pip,matpllotib,"[0,]",29/3/24,https://security.snyk.io/vuln/SNYK-PYTHON-MATPLLOTIB-6513363
pip,bpi-utils,"[0,]",29/3/24,https://security.snyk.io/vuln/SNYK-PYTHON-BPIUTILS-6513362
pip,coloramia,"[0,]",29/3/24,https://security.snyk.io/vuln/SNYK-PYTHON-COLORAMIA-6513361
pip,customtkintar,"[0,]",29/3/24,https://security.snyk.io/vuln/SNYK-PYTHON-CUSTOMTKINTAR-6513360
pip,matplotlr,"[0,]",29/3/24,https://security.snyk.io/vuln/SNYK-PYTHON-MATPLOTLR-6513359
pip,beautifulsoop,"[0,]",29/3/24,https://security.snyk.io/vuln/SNYK-PYTHON-BEAUTIFULSOOP-6513358
pip,capmonstercloudcliant,"[0,]",29/3/24,https://security.snyk.io/vuln/SNYK-PYTHON-CAPMONSTERCLOUDCLIANT-6513357
pip,coloramzs,"[0,]",29/3/24,https://security.snyk.io/vuln/SNYK-PYTHON-COLORAMZS-6513356
pip,tensxoflow,"[0,]",29/3/24,https://security.snyk.io/vuln/SNYK-PYTHON-TENSXOFLOW-6513355
pip,pygvame,"[0,]",29/3/24,https://security.snyk.io/vuln/SNYK-PYTHON-PYGVAME-6513354
pip,py-cird,"[0,]",29/3/24,https://security.snyk.io/vuln/SNYK-PYTHON-PYCIRD-6513353
pip,tensofloaw,"[0,]",29/3/24,https://security.snyk.io/vuln/SNYK-PYTHON-TENSOFLOAW-6513352
pip,pytorchb,"[0,]",29/3/24,https://security.snyk.io/vuln/SNYK-PYTHON-PYTORCHB-6513351
pip,requiremeents,"[0,]",29/3/24,https://security.snyk.io/vuln/SNYK-PYTHON-REQUIREMEENTS-6513350
pip,coloramo,"[0,]",29/3/24,https://security.snyk.io/vuln/SNYK-PYTHON-COLORAMO-6513349
pip,customtkintrr,"[0,]",29/3/24,https://security.snyk.io/vuln/SNYK-PYTHON-CUSTOMTKINTRR-6513348
pip,playwrigght,"[0,]",29/3/24,https://security.snyk.io/vuln/SNYK-PYTHON-PLAYWRIGGHT-6513347
pip,bip-utilds,"[0,]",29/3/24,https://security.snyk.io/vuln/SNYK-PYTHON-BIPUTILDS-6513346
pip,capmonstercloudcliient,"[0,]",29/3/24,https://security.snyk.io/vuln/SNYK-PYTHON-CAPMONSTERCLOUDCLIIENT-6513345
pip,requiiremments,"[0,]",29/3/24,https://security.snyk.io/vuln/SNYK-PYTHON-REQUIIREMMENTS-6513344
pip,pillkw,"[0,]",29/3/24,https://security.snyk.io/vuln/SNYK-PYTHON-PILLKW-6513343
pip,matplotblib,"[0,]",29/3/24,https://security.snyk.io/vuln/SNYK-PYTHON-MATPLOTBLIB-6513342
pip,custojmtkinter,"[0,]",29/3/24,https://security.snyk.io/vuln/SNYK-PYTHON-CUSTOJMTKINTER-6513341
pip,matplootib,"[0,]",29/3/24,https://security.snyk.io/vuln/SNYK-PYTHON-MATPLOOTIB-6513340
pip,beautifulsoul,"[0,]",29/3/24,https://security.snyk.io/vuln/SNYK-PYTHON-BEAUTIFULSOUL-6513339
pip,capmonstercloudclieent,"[0,]",29/3/24,https://security.snyk.io/vuln/SNYK-PYTHON-CAPMONSTERCLOUDCLIEENT-6513338
pip,tensofl9w,"[0,]",29/3/24,https://security.snyk.io/vuln/SNYK-PYTHON-TENSOFL9W-6513337
pip,playwrgiht,"[0,]",29/3/24,https://security.snyk.io/vuln/SNYK-PYTHON-PLAYWRGIHT-6513336
pip,requirment,"[0,]",29/3/24,https://security.snyk.io/vuln/SNYK-PYTHON-REQUIRMENT-6513335
pip,requesqs,"[0,]",29/3/24,https://security.snyk.io/vuln/SNYK-PYTHON-REQUESQS-6513334
pip,beautifilsoop,"[0,]",29/3/24,https://security.snyk.io/vuln/SNYK-PYTHON-BEAUTIFILSOOP-6513333
pip,requiremants,"[0,]",29/3/24,https://security.snyk.io/vuln/SNYK-PYTHON-REQUIREMANTS-6513332
pip,tensofleow,"[0,]",29/3/24,https://security.snyk.io/vuln/SNYK-PYTHON-TENSOFLEOW-6513331
pip,piplow,"[0,]",29/3/24,https://security.snyk.io/vuln/SNYK-PYTHON-PIPLOW-6513330
pip,pygacme,"[0,]",29/3/24,https://security.snyk.io/vuln/SNYK-PYTHON-PYGACME-6513329
pip,simplejsoj,"[0,]",29/3/24,https://security.snyk.io/vuln/SNYK-PYTHON-SIMPLEJSOJ-6513328
pip,matplotvib,"[0,]",29/3/24,https://security.snyk.io/vuln/SNYK-PYTHON-MATPLOTVIB-6513327
pip,bip-uils,"[0,]",29/3/24,https://security.snyk.io/vuln/SNYK-PYTHON-BIPUILS-6513326
pip,requiirementsxt,"[0,]",29/3/24,https://security.snyk.io/vuln/SNYK-PYTHON-REQUIIREMENTSXT-6513325
pip,coloramwa,"[0,]",29/3/24,https://security.snyk.io/vuln/SNYK-PYTHON-COLORAMWA-6513324
pip,customtkintert,"[0,]",29/3/24,https://security.snyk.io/vuln/SNYK-PYTHON-CUSTOMTKINTERT-6513323
pip,sjmplejson,"[0,]",29/3/24,https://security.snyk.io/vuln/SNYK-PYTHON-SJMPLEJSON-6513322
pip,pygarme,"[0,]",29/3/24,https://security.snyk.io/vuln/SNYK-PYTHON-PYGARME-6513321
pip,coloramqa,"[0,]",29/3/24,https://security.snyk.io/vuln/SNYK-PYTHON-COLORAMQA-6513320
pip,py-cod,"[0,]",29/3/24,https://security.snyk.io/vuln/SNYK-PYTHON-PYCOD-6513319
pip,requirementstxx,"[0,]",29/3/24,https://security.snyk.io/vuln/SNYK-PYTHON-REQUIREMENTSTXX-6513318
pip,selennuim,"[0,]",29/3/24,https://security.snyk.io/vuln/SNYK-PYTHON-SELENNUIM-6513317
pip,playwrigth,"[0,]",29/3/24,https://security.snyk.io/vuln/SNYK-PYTHON-PLAYWRIGTH-6513316
pip,py-corad,"[0,]",29/3/24,https://security.snyk.io/vuln/SNYK-PYTHON-PYCORAD-6513315
pip,simolejson,"[0,]",29/3/24,https://security.snyk.io/vuln/SNYK-PYTHON-SIMOLEJSON-6513314
pip,pillox,"[0,]",29/3/24,https://security.snyk.io/vuln/SNYK-PYTHON-PILLOX-6513313
pip,py-cojrd,"[0,]",29/3/24,https://security.snyk.io/vuln/SNYK-PYTHON-PYCOJRD-6513312
pip,beautifullsoop,"[0,]",29/3/24,https://security.snyk.io/vuln/SNYK-PYTHON-BEAUTIFULLSOOP-6513311
pip,asynio,"[0,]",29/3/24,https://security.snyk.io/vuln/SNYK-PYTHON-ASYNIO-6513310
pip,playwrght,"[0,]",29/3/24,https://security.snyk.io/vuln/SNYK-PYTHON-PLAYWRGHT-6513309
pip,requiirementstx,"[0,]",29/3/24,https://security.snyk.io/vuln/SNYK-PYTHON-REQUIIREMENTSTX-6513308
pip,customtkinrer,"[0,]",29/3/24,https://security.snyk.io/vuln/SNYK-PYTHON-CUSTOMTKINRER-6513307
pip,py-cdord,"[0,]",29/3/24,https://security.snyk.io/vuln/SNYK-PYTHON-PYCDORD-6513306
pip,pilloq,"[0,]",29/3/24,https://security.snyk.io/vuln/SNYK-PYTHON-PILLOQ-6513305
pip,bup-utils,"[0,]",29/3/24,https://security.snyk.io/vuln/SNYK-PYTHON-BUPUTILS-6513304
pip,beautysoup,"[0,]",29/3/24,https://security.snyk.io/vuln/SNYK-PYTHON-BEAUTYSOUP-6513303
pip,bip-utjls,"[0,]",29/3/24,https://security.snyk.io/vuln/SNYK-PYTHON-BIPUTJLS-6513302
pip,pygaeme,"[0,]",29/3/24,https://security.snyk.io/vuln/SNYK-PYTHON-PYGAEME-6513301
pip,custotkminter,"[0,]",29/3/24,https://security.snyk.io/vuln/SNYK-PYTHON-CUSTOTKMINTER-6513300
pip,beuatiflsoup,"[0,]",29/3/24,https://security.snyk.io/vuln/SNYK-PYTHON-BEUATIFLSOUP-6513299
pip,capmonsterccloudclient,"[0,]",29/3/24,https://security.snyk.io/vuln/SNYK-PYTHON-CAPMONSTERCCLOUDCLIENT-6513298
pip,requiremenstx,"[0,]",29/3/24,https://security.snyk.io/vuln/SNYK-PYTHON-REQUIREMENSTX-6513297
pip,colouorama,"[0,]",29/3/24,https://security.snyk.io/vuln/SNYK-PYTHON-COLOUORAMA-6513296
pip,selemniumm,"[0,]",29/3/24,https://security.snyk.io/vuln/SNYK-PYTHON-SELEMNIUMM-6513295
pip,pytarch,"[0,]",29/3/24,https://security.snyk.io/vuln/SNYK-PYTHON-PYTARCH-6513294
pip,capmonstercloudcliend,"[0,]",29/3/24,https://security.snyk.io/vuln/SNYK-PYTHON-CAPMONSTERCLOUDCLIEND-6513293
pip,customtkitner,"[0,]",29/3/24,https://security.snyk.io/vuln/SNYK-PYTHON-CUSTOMTKITNER-6513292
pip,tensobflow,"[0,]",29/3/24,https://security.snyk.io/vuln/SNYK-PYTHON-TENSOBFLOW-6513291
pip,requeits,"[0,]",29/3/24,https://security.snyk.io/vuln/SNYK-PYTHON-REQUEITS-6513290
pip,requirementst,"[0,]",29/3/24,https://security.snyk.io/vuln/SNYK-PYTHON-REQUIREMENTST-6513289
pip,matplttlib,"[0,]",29/3/24,https://security.snyk.io/vuln/SNYK-PYTHON-MATPLTTLIB-6513288
pip,requesks,"[0,]",29/3/24,https://security.snyk.io/vuln/SNYK-PYTHON-REQUESKS-6513287
pip,matplotlpib,"[0,]",29/3/24,https://security.snyk.io/vuln/SNYK-PYTHON-MATPLOTLPIB-6513286
pip,py-cpord,"[0,]",29/3/24,https://security.snyk.io/vuln/SNYK-PYTHON-PYCPORD-6513285
pip,pqtorch,"[0,]",29/3/24,https://security.snyk.io/vuln/SNYK-PYTHON-PQTORCH-6513284
pip,requirementxstxt,"[0,]",29/3/24,https://security.snyk.io/vuln/SNYK-PYTHON-REQUIREMENTXSTXT-6513283
pip,matplotltib,"[0,]",29/3/24,https://security.snyk.io/vuln/SNYK-PYTHON-MATPLOTLTIB-6513282
pip,matplotlyib,"[0,]",29/3/24,https://security.snyk.io/vuln/SNYK-PYTHON-MATPLOTLYIB-6513281
pip,cilorama,"[0,]",29/3/24,https://security.snyk.io/vuln/SNYK-PYTHON-CILORAMA-6513280
pip,capmonstercloudclenit,"[0,]",29/3/24,https://security.snyk.io/vuln/SNYK-PYTHON-CAPMONSTERCLOUDCLENIT-6513279
pip,pygaime,"[0,]",29/3/24,https://security.snyk.io/vuln/SNYK-PYTHON-PYGAIME-6513278
pip,beautifulsoupe,"[0,]",29/3/24,https://security.snyk.io/vuln/SNYK-PYTHON-BEAUTIFULSOUPE-6513277
pip,tensogflow,"[0,]",29/3/24,https://security.snyk.io/vuln/SNYK-PYTHON-TENSOGFLOW-6513276
pip,asyncci,"[0,]",29/3/24,https://security.snyk.io/vuln/SNYK-PYTHON-ASYNCCI-6513275
pip,beautilfulsoup,"[0,]",29/3/24,https://security.snyk.io/vuln/SNYK-PYTHON-BEAUTILFULSOUP-6513274
pip,pygamke,"[0,]",29/3/24,https://security.snyk.io/vuln/SNYK-PYTHON-PYGAMKE-6513273
pip,pygfame,"[0,]",29/3/24,https://security.snyk.io/vuln/SNYK-PYTHON-PYGFAME-6513272
pip,simpjson,"[0,]",29/3/24,https://security.snyk.io/vuln/SNYK-PYTHON-SIMPJSON-6513271
pip,matplotlub,"[0,]",29/3/24,https://security.snyk.io/vuln/SNYK-PYTHON-MATPLOTLUB-6513270
pip,pytroce,"[0,]",29/3/24,https://security.snyk.io/vuln/SNYK-PYTHON-PYTROCE-6513269
pip,simpejso,"[0,]",29/3/24,https://security.snyk.io/vuln/SNYK-PYTHON-SIMPEJSO-6513268
pip,matplptlib,"[0,]",29/3/24,https://security.snyk.io/vuln/SNYK-PYTHON-MATPLPTLIB-6513267
pip,pytcrch,"[0,]",29/3/24,https://security.snyk.io/vuln/SNYK-PYTHON-PYTCRCH-6513266
pip,beautifuksoup,"[0,]",29/3/24,https://security.snyk.io/vuln/SNYK-PYTHON-BEAUTIFUKSOUP-6513265
pip,beautifuosoup,"[0,]",29/3/24,https://security.snyk.io/vuln/SNYK-PYTHON-BEAUTIFUOSOUP-6513264
pip,beautiflulsoop,"[0,]",29/3/24,https://security.snyk.io/vuln/SNYK-PYTHON-BEAUTIFLULSOOP-6513263
pip,matplotlig,"[0,]",29/3/24,https://security.snyk.io/vuln/SNYK-PYTHON-MATPLOTLIG-6513262
pip,pyghame,"[0,]",29/3/24,https://security.snyk.io/vuln/SNYK-PYTHON-PYGHAME-6513261
pip,beaitifulsoup,"[0,]",29/3/24,https://security.snyk.io/vuln/SNYK-PYTHON-BEAITIFULSOUP-6513260
pip,pytlrc,"[0,]",29/3/24,https://security.snyk.io/vuln/SNYK-PYTHON-PYTLRC-6513259
pip,pytorcm,"[0,]",29/3/24,https://security.snyk.io/vuln/SNYK-PYTHON-PYTORCM-6513258
pip,matplrtib,"[0,]",29/3/24,https://security.snyk.io/vuln/SNYK-PYTHON-MATPLRTIB-6513257
pip,beaurifulsoup,"[0,]",29/3/24,https://security.snyk.io/vuln/SNYK-PYTHON-BEAURIFULSOUP-6513256
pip,matplutlib,"[0,]",29/3/24,https://security.snyk.io/vuln/SNYK-PYTHON-MATPLUTLIB-6513255
pip,requiremnts,"[0,]",29/3/24,https://security.snyk.io/vuln/SNYK-PYTHON-REQUIREMNTS-6513254
pip,py-cwrd,"[0,]",29/3/24,https://security.snyk.io/vuln/SNYK-PYTHON-PYCWRD-6513253
pip,matploptlib,"[0,]",29/3/24,https://security.snyk.io/vuln/SNYK-PYTHON-MATPLOPTLIB-6513252
pip,beautiflulsoup,"[0,]",29/3/24,https://security.snyk.io/vuln/SNYK-PYTHON-BEAUTIFLULSOUP-6513251
pip,pullow,"[0,]",29/3/24,https://security.snyk.io/vuln/SNYK-PYTHON-PULLOW-6513250
pip,customtkihter,"[0,]",29/3/24,https://security.snyk.io/vuln/SNYK-PYTHON-CUSTOMTKIHTER-6513249
pip,customtkinteer,"[0,]",29/3/24,https://security.snyk.io/vuln/SNYK-PYTHON-CUSTOMTKINTEER-6513248
pip,py-corid,"[0,]",29/3/24,https://security.snyk.io/vuln/SNYK-PYTHON-PYCORID-6513247
pip,customtkiter,"[0,]",29/3/24,https://security.snyk.io/vuln/SNYK-PYTHON-CUSTOMTKITER-6513246
pip,reqeyst,"[0,]",29/3/24,https://security.snyk.io/vuln/SNYK-PYTHON-REQEYST-6513245
pip,bip-utile,"[0,]",29/3/24,https://security.snyk.io/vuln/SNYK-PYTHON-BIPUTILE-6513244
pip,capmonsstercloudcliennt,"[0,]",29/3/24,https://security.snyk.io/vuln/SNYK-PYTHON-CAPMONSSTERCLOUDCLIENNT-6513243
pip,pzgame,"[0,]",29/3/24,https://security.snyk.io/vuln/SNYK-PYTHON-PZGAME-6513242
pip,capmonstercloudclenet,"[0,]",29/3/24,https://security.snyk.io/vuln/SNYK-PYTHON-CAPMONSTERCLOUDCLENET-6513241
pip,pttorch,"[0,]",29/3/24,https://security.snyk.io/vuln/SNYK-PYTHON-PTTORCH-6513240
pip,requiremetstx,"[0,]",29/3/24,https://security.snyk.io/vuln/SNYK-PYTHON-REQUIREMETSTX-6513239
pip,colorayma,"[0,]",29/3/24,https://security.snyk.io/vuln/SNYK-PYTHON-COLORAYMA-6513238
pip,py-cofd,"[0,]",29/3/24,https://security.snyk.io/vuln/SNYK-PYTHON-PYCOFD-6513237
pip,custmtokinter,"[0,]",29/3/24,https://security.snyk.io/vuln/SNYK-PYTHON-CUSTMTOKINTER-6513236
pip,pytorchv,"[0,]",29/3/24,https://security.snyk.io/vuln/SNYK-PYTHON-PYTORCHV-6513235
pip,tensofklow,"[0,]",29/3/24,https://security.snyk.io/vuln/SNYK-PYTHON-TENSOFKLOW-6513234
pip,pollow,"[0,]",29/3/24,https://security.snyk.io/vuln/SNYK-PYTHON-POLLOW-6513233
pip,matplotlbib,"[0,]",29/3/24,https://security.snyk.io/vuln/SNYK-PYTHON-MATPLOTLBIB-6513232
pip,tensoflsw,"[0,]",29/3/24,https://security.snyk.io/vuln/SNYK-PYTHON-TENSOFLSW-6513231
pip,py-cocd,"[0,]",29/3/24,https://security.snyk.io/vuln/SNYK-PYTHON-PYCOCD-6513230
pip,selenyum,"[0,]",29/3/24,https://security.snyk.io/vuln/SNYK-PYTHON-SELENYUM-6513229
pip,py-c0ard,"[0,]",29/3/24,https://security.snyk.io/vuln/SNYK-PYTHON-PYC0ARD-6513228
pip,reqiuremnets,"[0,]",29/3/24,https://security.snyk.io/vuln/SNYK-PYTHON-REQIUREMNETS-6513227
pip,matpllotb,"[0,]",29/3/24,https://security.snyk.io/vuln/SNYK-PYTHON-MATPLLOTB-6513226
pip,pytorchj,"[0,]",29/3/24,https://security.snyk.io/vuln/SNYK-PYTHON-PYTORCHJ-6513225
pip,customtkinetr,"[0,]",29/3/24,https://security.snyk.io/vuln/SNYK-PYTHON-CUSTOMTKINETR-6513224
pip,requirementstx,"[0,]",29/3/24,https://security.snyk.io/vuln/SNYK-PYTHON-REQUIREMENTSTX-6513223
pip,requnests,"[0,]",29/3/24,https://security.snyk.io/vuln/SNYK-PYTHON-REQUNESTS-6513222
pip,py-corde,"[0,]",29/3/24,https://security.snyk.io/vuln/SNYK-PYTHON-PYCORDE-6513221
pip,bipp-utils,"[0,]",29/3/24,https://security.snyk.io/vuln/SNYK-PYTHON-BIPPUTILS-6513220
pip,capmonsterclouudclient,"[0,]",29/3/24,https://security.snyk.io/vuln/SNYK-PYTHON-CAPMONSTERCLOUUDCLIENT-6513219
pip,selennim,"[0,]",29/3/24,https://security.snyk.io/vuln/SNYK-PYTHON-SELENNIM-6513218
pip,coloramah,"[0,]",29/3/24,https://security.snyk.io/vuln/SNYK-PYTHON-COLORAMAH-6513217
pip,py-crd,"[0,]",29/3/24,https://security.snyk.io/vuln/SNYK-PYTHON-PYCRD-6513216
pip,requirementt,"[0,]",29/3/24,https://security.snyk.io/vuln/SNYK-PYTHON-REQUIREMENTT-6513215
pip,requirementxt,"[0,]",29/3/24,https://security.snyk.io/vuln/SNYK-PYTHON-REQUIREMENTXT-6513214
pip,requirments,"[0,]",29/3/24,https://security.snyk.io/vuln/SNYK-PYTHON-REQUIRMENTS-6513213
pip,custoktkinter,"[0,]",29/3/24,https://security.snyk.io/vuln/SNYK-PYTHON-CUSTOKTKINTER-6513212
pip,requiurement,"[0,]",29/3/24,https://security.snyk.io/vuln/SNYK-PYTHON-REQUIUREMENT-6513211
pip,requesxt,"[0,]",29/3/24,https://security.snyk.io/vuln/SNYK-PYTHON-REQUESXT-6513210
pip,colprama,"[0,]",29/3/24,https://security.snyk.io/vuln/SNYK-PYTHON-COLPRAMA-6513209
pip,bip-u8ls,"[0,]",29/3/24,https://security.snyk.io/vuln/SNYK-PYTHON-BIPU8LS-6513208
pip,requesxts,"[0,]",29/3/24,https://security.snyk.io/vuln/SNYK-PYTHON-REQUESXTS-6513207
pip,selleium,"[0,]",29/3/24,https://security.snyk.io/vuln/SNYK-PYTHON-SELLEIUM-6513206
pip,capmonstercouldclient,"[0,]",29/3/24,https://security.snyk.io/vuln/SNYK-PYTHON-CAPMONSTERCOULDCLIENT-6513205
pip,asynciio,"[0,]",29/3/24,https://security.snyk.io/vuln/SNYK-PYTHON-ASYNCIIO-6513204
pip,pytorcu,"[0,]",29/3/24,https://security.snyk.io/vuln/SNYK-PYTHON-PYTORCU-6513203
pip,requiremmentxtxt,"[0,]",29/3/24,https://security.snyk.io/vuln/SNYK-PYTHON-REQUIREMMENTXTXT-6513202
pip,requirmentstxt,"[0,]",29/3/24,https://security.snyk.io/vuln/SNYK-PYTHON-REQUIRMENTSTXT-6513201
pip,requyests,"[0,]",29/3/24,https://security.snyk.io/vuln/SNYK-PYTHON-REQUYESTS-6513200
pip,tensofpow,"[0,]",29/3/24,https://security.snyk.io/vuln/SNYK-PYTHON-TENSOFPOW-6513199
pip,requirementxtt,"[0,]",29/3/24,https://security.snyk.io/vuln/SNYK-PYTHON-REQUIREMENTXTT-6513198
pip,py-cordw,"[0,]",29/3/24,https://security.snyk.io/vuln/SNYK-PYTHON-PYCORDW-6513197
pip,customtkintrer,"[0,]",29/3/24,https://security.snyk.io/vuln/SNYK-PYTHON-CUSTOMTKINTRER-6513196
pip,pygqme,"[0,]",29/3/24,https://security.snyk.io/vuln/SNYK-PYTHON-PYGQME-6513195
pip,py-xord,"[0,]",29/3/24,https://security.snyk.io/vuln/SNYK-PYTHON-PYXORD-6513194
pip,requiremmentxt,"[0,]",29/3/24,https://security.snyk.io/vuln/SNYK-PYTHON-REQUIREMMENTXT-6513193
pip,pytorqh,"[0,]",29/3/24,https://security.snyk.io/vuln/SNYK-PYTHON-PYTORQH-6513192
pip,tensoflor,"[0,]",29/3/24,https://security.snyk.io/vuln/SNYK-PYTHON-TENSOFLOR-6513191
pip,custoumtkinter,"[0,]",29/3/24,https://security.snyk.io/vuln/SNYK-PYTHON-CUSTOUMTKINTER-6513190
pip,sijplejso,"[0,]",29/3/24,https://security.snyk.io/vuln/SNYK-PYTHON-SIJPLEJSO-6513189
pip,py-cofrd,"[0,]",29/3/24,https://security.snyk.io/vuln/SNYK-PYTHON-PYCOFRD-6513188
pip,pirlow,"[0,]",29/3/24,https://security.snyk.io/vuln/SNYK-PYTHON-PIRLOW-6513187
pip,requesxs,"[0,]",29/3/24,https://security.snyk.io/vuln/SNYK-PYTHON-REQUESXS-6513186
pip,py-cozd,"[0,]",29/3/24,https://security.snyk.io/vuln/SNYK-PYTHON-PYCOZD-6513185
pip,pytbrch,"[0,]",29/3/24,https://security.snyk.io/vuln/SNYK-PYTHON-PYTBRCH-6513184
pip,matplotpib,"[0,]",29/3/24,https://security.snyk.io/vuln/SNYK-PYTHON-MATPLOTPIB-6513183
pip,py-cordv,"[0,]",29/3/24,https://security.snyk.io/vuln/SNYK-PYTHON-PYCORDV-6513182
pip,pytprch,"[0,]",29/3/24,https://security.snyk.io/vuln/SNYK-PYTHON-PYTPRCH-6513181
pip,requestr,"[0,]",29/3/24,https://security.snyk.io/vuln/SNYK-PYTHON-REQUESTR-6513180
pip,tensofla,"[0,]",29/3/24,https://security.snyk.io/vuln/SNYK-PYTHON-TENSOFLA-6513179
pip,beautifuklsoup,"[0,]",29/3/24,https://security.snyk.io/vuln/SNYK-PYTHON-BEAUTIFUKLSOUP-6513178
pip,mjpoytwngddh,"[0,]",25/3/24,https://security.snyk.io/vuln/SNYK-PYTHON-MJPOYTWNGDDH-6483334
pip,eeajhjmclakf,"[0,]",25/3/24,https://security.snyk.io/vuln/SNYK-PYTHON-EEAJHJMCLAKF-6483333
pip,yocolor,"[0,]",25/3/24,https://security.snyk.io/vuln/SNYK-PYTHON-YOCOLOR-6483332
pip,jzyrljroxlca,"[0,]",25/3/24,https://security.snyk.io/vuln/SNYK-PYTHON-JZYRLJROXLCA-6483331
pip,hnuhfyzumkmo,"[0,]",25/3/24,https://security.snyk.io/vuln/SNYK-PYTHON-HNUHFYZUMKMO-6483330
pip,hbcxuypphrnk,"[0,]",25/3/24,https://security.snyk.io/vuln/SNYK-PYTHON-HBCXUYPPHRNK-6483329
pip,dcrywkqddo,"[0,]",25/3/24,https://security.snyk.io/vuln/SNYK-PYTHON-DCRYWKQDDO-6483328
pip,eoerbisjxqyv,"[0,]",25/3/24,https://security.snyk.io/vuln/SNYK-PYTHON-EOERBISJXQYV-6483327
pip,wkqubsxekbxn,"[0,]",25/3/24,https://security.snyk.io/vuln/SNYK-PYTHON-WKQUBSXEKBXN-6483326
pip,lyfamdorksgb,"[0,]",25/3/24,https://security.snyk.io/vuln/SNYK-PYTHON-LYFAMDORKSGB-6483325
pip,django-log-tracker,[=1.0.4],13/3/24,https://security.snyk.io/vuln/SNYK-PYTHON-DJANGOLOGTRACKER-6361725
pip,np6helperhttper,"[0,]",11/3/24,https://security.snyk.io/vuln/SNYK-PYTHON-NP6HELPERHTTPER-6421767
pip,np6helperhttptest,"[0,]",11/3/24,https://security.snyk.io/vuln/SNYK-PYTHON-NP6HELPERHTTPTEST-6421766
pip,swapmempool,"[0,]",11/3/24,https://security.snyk.io/vuln/SNYK-PYTHON-SWAPMEMPOOL-6421765
pip,quasarlib,"[0,]",11/3/24,https://security.snyk.io/vuln/SNYK-PYTHON-QUASARLIB-6421764
pip,pycryptoconf,"[0,]",11/3/24,https://security.snyk.io/vuln/SNYK-PYTHON-PYCRYPTOCONF-6421763
pip,pycryptoenv,"[0,]",11/3/24,https://security.snyk.io/vuln/SNYK-PYTHON-PYCRYPTOENV-6421762
pip,modularseven,"[0,]",7/1/24,https://security.snyk.io/vuln/SNYK-PYTHON-MODULARSEVEN-6146025
pip,driftme,"[0,]",7/1/24,https://security.snyk.io/vuln/SNYK-PYTHON-DRIFTME-6146024
pip,catme,"[0,]",7/1/24,https://security.snyk.io/vuln/SNYK-PYTHON-CATME-6146023