npm,noblox.js-proxy-server,*,12/3/24,https://security.snyk.io/vuln/SNYK-JS-NOBLOXJSPROXYSERVER-6422282,FALSE
npm,deuplouded,*,1/3/24,https://security.snyk.io/vuln/SNYK-JS-DEUPLOUDED-6347249,FALSE
npm,snipersee,*,1/3/24,https://security.snyk.io/vuln/SNYK-JS-SNIPERSEE-6347248,FALSE
npm,sniperser,*,1/3/24,https://security.snyk.io/vuln/SNYK-JS-SNIPERSER-6347247,FALSE
npm,sniperv2,*,1/3/24,https://security.snyk.io/vuln/SNYK-JS-SNIPERV2-6347246,FALSE
npm,sniperv1,*,1/3/24,https://security.snyk.io/vuln/SNYK-JS-SNIPERV1-6347245,FALSE
npm,discord.js-sounds,*,1/2/24,https://security.snyk.io/vuln/SNYK-JS-DISCORDJSSOUNDS-6219979,FALSE
npm,chainflow,*,5/11/23,https://security.snyk.io/vuln/SNYK-JS-CHAINFLOW-6046446,FALSE
npm,30-days-of-javascript,*,3/11/23,https://security.snyk.io/vuln/SNYK-JS-30DAYSOFJAVASCRIPT-6044713,FALSE
npm,33-js-concepts,*,3/11/23,https://security.snyk.io/vuln/SNYK-JS-33JSCONCEPTS-6044711,FALSE
npm,yinhaicloud,*,3/11/23,https://security.snyk.io/vuln/SNYK-JS-YINHAICLOUD-6044718,FALSE
npm,@expue/shared,*,27/9/23,https://security.snyk.io/vuln/SNYK-JS-EXPUESHARED-5920718,FALSE
npm,@am-fe/provider,*,27/9/23,https://security.snyk.io/vuln/SNYK-JS-AMFEPROVIDER-5920719,FALSE
npm,@am-fe/hooks,*,27/9/23,https://security.snyk.io/vuln/SNYK-JS-AMFEHOOKS-5920725,FALSE
npm,@expue/cli,*,27/9/23,https://security.snyk.io/vuln/SNYK-JS-EXPUECLI-5920720,FALSE
npm,@sheinoutmobile/sheinoutmobile,*,27/9/23,https://security.snyk.io/vuln/SNYK-JS-SHEINOUTMOBILESHEINOUTMOBILE-5920713,FALSE
npm,@expue/types,*,27/9/23,https://security.snyk.io/vuln/SNYK-JS-EXPUETYPES-5920723,FALSE
npm,@am-fe/components,*,27/9/23,https://security.snyk.io/vuln/SNYK-JS-AMFECOMPONENTS-5920709,FALSE
npm,@expue/vue3-renderer,*,27/9/23,https://security.snyk.io/vuln/SNYK-JS-EXPUEVUE3RENDERER-5920716,FALSE
npm,@dynamic-form-components/shineout,*,27/9/23,https://security.snyk.io/vuln/SNYK-JS-DYNAMICFORMCOMPONENTSSHINEOUT-5920710,FALSE
npm,@expue/vue-renderer,*,27/9/23,https://security.snyk.io/vuln/SNYK-JS-EXPUEVUERENDERER-5920717,FALSE
npm,@zxncij2390/wash-care-symbol,*,27/9/23,https://security.snyk.io/vuln/SNYK-JS-ZXNCIJ2390WASHCARESYMBOL-5920714,FALSE
pypi,py-coird,"[0,]",29/3/24,https://security.snyk.io/vuln/SNYK-PYTHON-PYCOIRD-6513675,FALSE
pypi,aasyncio,"[0,]",29/3/24,https://security.snyk.io/vuln/SNYK-PYTHON-AASYNCIO-6513644,FALSE
pypi,pygmme,"[0,]",29/3/24,https://security.snyk.io/vuln/SNYK-PYTHON-PYGMME-6513549,FALSE
pypi,simplejdon,"[0,]",29/3/24,https://security.snyk.io/vuln/SNYK-PYTHON-SIMPLEJDON-6513548,FALSE
pypi,sjimplejson,"[0,]",29/3/24,https://security.snyk.io/vuln/SNYK-PYTHON-SJIMPLEJSON-6513547,FALSE
pypi,beaitifulsoop,"[0,]",29/3/24,https://security.snyk.io/vuln/SNYK-PYTHON-BEAITIFULSOOP-6513543,FALSE
pypi,pygaqme,"[0,]",29/3/24,https://security.snyk.io/vuln/SNYK-PYTHON-PYGAQME-6513537,FALSE
pypi,matplolplib,"[0,]",29/3/24,https://security.snyk.io/vuln/SNYK-PYTHON-MATPLOLPLIB-6513536,FALSE
pypi,colorram,"[0,]",29/3/24,https://security.snyk.io/vuln/SNYK-PYTHON-COLORRAM-6513532,FALSE
pypi,simpoejson,"[0,]",29/3/24,https://security.snyk.io/vuln/SNYK-PYTHON-SIMPOEJSON-6513530,FALSE
pypi,pytorchy,"[0,]",29/3/24,https://security.snyk.io/vuln/SNYK-PYTHON-PYTORCHY-6513523,FALSE
pypi,matplftlib,"[0,]",29/3/24,https://security.snyk.io/vuln/SNYK-PYTHON-MATPLFTLIB-6513521,FALSE
pypi,matplottib,"[0,]",29/3/24,https://security.snyk.io/vuln/SNYK-PYTHON-MATPLOTTIB-6513516,FALSE
pypi,pygawme,"[0,]",29/3/24,https://security.snyk.io/vuln/SNYK-PYTHON-PYGAWME-6513515,FALSE
pypi,matplotllib,"[0,]",29/3/24,https://security.snyk.io/vuln/SNYK-PYTHON-MATPLOTLLIB-6513511,FALSE
pypi,matplrtlib,"[0,]",29/3/24,https://security.snyk.io/vuln/SNYK-PYTHON-MATPLRTLIB-6513504,FALSE
pypi,maptplotlib,"[0,]",29/3/24,https://security.snyk.io/vuln/SNYK-PYTHON-MAPTPLOTLIB-6513502,FALSE
pypi,beautifullsooup,"[0,]",29/3/24,https://security.snyk.io/vuln/SNYK-PYTHON-BEAUTIFULLSOOUP-6513501,FALSE
pypi,matplotvlib,"[0,]",29/3/24,https://security.snyk.io/vuln/SNYK-PYTHON-MATPLOTVLIB-6513500,FALSE
pypi,pygqame,"[0,]",29/3/24,https://security.snyk.io/vuln/SNYK-PYTHON-PYGQAME-6513499,FALSE
pypi,pygazme,"[0,]",29/3/24,https://security.snyk.io/vuln/SNYK-PYTHON-PYGAZME-6513498,FALSE
pypi,pygane,"[0,]",29/3/24,https://security.snyk.io/vuln/SNYK-PYTHON-PYGANE-6513497,FALSE
pypi,siplejason,"[0,]",29/3/24,https://security.snyk.io/vuln/SNYK-PYTHON-SIPLEJASON-6513496,FALSE
pypi,matplorlib,"[0,]",29/3/24,https://security.snyk.io/vuln/SNYK-PYTHON-MATPLORLIB-6513495,FALSE
pypi,pygaome,"[0,]",29/3/24,https://security.snyk.io/vuln/SNYK-PYTHON-PYGAOME-6513494,FALSE
pypi,pygfme,"[0,]",29/3/24,https://security.snyk.io/vuln/SNYK-PYTHON-PYGFME-6513493,FALSE
pypi,beautyfulsoup,"[0,]",29/3/24,https://security.snyk.io/vuln/SNYK-PYTHON-BEAUTYFULSOUP-6513492,FALSE
pypi,matplotklib,"[0,]",29/3/24,https://security.snyk.io/vuln/SNYK-PYTHON-MATPLOTKLIB-6513491,FALSE
pypi,matplotoib,"[0,]",29/3/24,https://security.snyk.io/vuln/SNYK-PYTHON-MATPLOTOIB-6513490,FALSE
pypi,beaotifulsoup,"[0,]",29/3/24,https://security.snyk.io/vuln/SNYK-PYTHON-BEAOTIFULSOUP-6513489,FALSE
pypi,pygamm,"[0,]",29/3/24,https://security.snyk.io/vuln/SNYK-PYTHON-PYGAMM-6513488,FALSE
pypi,matploltlab,"[0,]",29/3/24,https://security.snyk.io/vuln/SNYK-PYTHON-MATPLOLTLAB-6513487,FALSE
pypi,pytoich,"[0,]",29/3/24,https://security.snyk.io/vuln/SNYK-PYTHON-PYTOICH-6513486,FALSE
pypi,simplejsoh,"[0,]",29/3/24,https://security.snyk.io/vuln/SNYK-PYTHON-SIMPLEJSOH-6513485,FALSE
pypi,pytirch,"[0,]",29/3/24,https://security.snyk.io/vuln/SNYK-PYTHON-PYTIRCH-6513484,FALSE
pypi,beutifulsoop,"[0,]",29/3/24,https://security.snyk.io/vuln/SNYK-PYTHON-BEUTIFULSOOP-6513483,FALSE
pypi,matplkotlib,"[0,]",29/3/24,https://security.snyk.io/vuln/SNYK-PYTHON-MATPLKOTLIB-6513482,FALSE
pypi,pygume,"[0,]",29/3/24,https://security.snyk.io/vuln/SNYK-PYTHON-PYGUME-6513481,FALSE
pypi,pytorchc,"[0,]",29/3/24,https://security.snyk.io/vuln/SNYK-PYTHON-PYTORCHC-6513480,FALSE
pypi,pygxme,"[0,]",29/3/24,https://security.snyk.io/vuln/SNYK-PYTHON-PYGXME-6513479,FALSE
pypi,beautifulsoupo,"[0,]",29/3/24,https://security.snyk.io/vuln/SNYK-PYTHON-BEAUTIFULSOUPO-6513478,FALSE
pypi,beautifilsoup,"[0,]",29/3/24,https://security.snyk.io/vuln/SNYK-PYTHON-BEAUTIFILSOUP-6513477,FALSE
pypi,sijplejson,"[0,]",29/3/24,https://security.snyk.io/vuln/SNYK-PYTHON-SIJPLEJSON-6513476,FALSE
pypi,pygzme,"[0,]",29/3/24,https://security.snyk.io/vuln/SNYK-PYTHON-PYGZME-6513475,FALSE
pypi,matplottlab,"[0,]",29/3/24,https://security.snyk.io/vuln/SNYK-PYTHON-MATPLOTTLAB-6513474,FALSE
pypi,pythrch,"[0,]",29/3/24,https://security.snyk.io/vuln/SNYK-PYTHON-PYTHRCH-6513473,FALSE
pypi,matpltotlib,"[0,]",29/3/24,https://security.snyk.io/vuln/SNYK-PYTHON-MATPLTOTLIB-6513472,FALSE
pypi,matplottbib,"[0,]",29/3/24,https://security.snyk.io/vuln/SNYK-PYTHON-MATPLOTTBIB-6513471,FALSE
pypi,matplotib,"[0,]",29/3/24,https://security.snyk.io/vuln/SNYK-PYTHON-MATPLOTIB-6513463,FALSE
pypi,pytorchg,"[0,]",29/3/24,https://security.snyk.io/vuln/SNYK-PYTHON-PYTORCHG-6513460,FALSE
pypi,pytorbch,"[0,]",29/3/24,https://security.snyk.io/vuln/SNYK-PYTHON-PYTORBCH-6513455,FALSE
pypi,matpliotlib,"[0,]",29/3/24,https://security.snyk.io/vuln/SNYK-PYTHON-MATPLIOTLIB-6513452,FALSE
pypi,matplotkib,"[0,]",29/3/24,https://security.snyk.io/vuln/SNYK-PYTHON-MATPLOTKIB-6513445,FALSE
pypi,beautifolsoup,"[0,]",29/3/24,https://security.snyk.io/vuln/SNYK-PYTHON-BEAUTIFOLSOUP-6513443,FALSE
pypi,simpkejson,"[0,]",29/3/24,https://security.snyk.io/vuln/SNYK-PYTHON-SIMPKEJSON-6513442,FALSE
pypi,pygamse,"[0,]",29/3/24,https://security.snyk.io/vuln/SNYK-PYTHON-PYGAMSE-6513435,FALSE
pypi,pygamne,"[0,]",29/3/24,https://security.snyk.io/vuln/SNYK-PYTHON-PYGAMNE-6513433,FALSE
pypi,pygamw,"[0,]",29/3/24,https://security.snyk.io/vuln/SNYK-PYTHON-PYGAMW-6513430,FALSE
pypi,pytordh,"[0,]",29/3/24,https://security.snyk.io/vuln/SNYK-PYTHON-PYTORDH-6513428,FALSE
pypi,pztorch,"[0,]",29/3/24,https://security.snyk.io/vuln/SNYK-PYTHON-PZTORCH-6513418,FALSE
pypi,simplejason,"[0,]",29/3/24,https://security.snyk.io/vuln/SNYK-PYTHON-SIMPLEJASON-6513417,FALSE
pypi,pytorcb,"[0,]",29/3/24,https://security.snyk.io/vuln/SNYK-PYTHON-PYTORCB-6513404,FALSE
pypi,beaufifulsoup,"[0,]",29/3/24,https://security.snyk.io/vuln/SNYK-PYTHON-BEAUFIFULSOUP-6513396,FALSE
pypi,pytrosh,"[0,]",29/3/24,https://security.snyk.io/vuln/SNYK-PYTHON-PYTROSH-6513393,FALSE
pypi,pytorcdh,"[0,]",29/3/24,https://security.snyk.io/vuln/SNYK-PYTHON-PYTORCDH-6513391,FALSE
pypi,beutifullsoup,"[0,]",29/3/24,https://security.snyk.io/vuln/SNYK-PYTHON-BEUTIFULLSOUP-6513389,FALSE
pypi,simepljson,"[0,]",29/3/24,https://security.snyk.io/vuln/SNYK-PYTHON-SIMEPLJSON-6513379,FALSE
pypi,beautifoulsoup,"[0,]",29/3/24,https://security.snyk.io/vuln/SNYK-PYTHON-BEAUTIFOULSOUP-6513375,FALSE
pypi,matploltlib,"[0,]",29/3/24,https://security.snyk.io/vuln/SNYK-PYTHON-MATPLOLTLIB-6513372,FALSE
pypi,matplotlob,"[0,]",29/3/24,https://security.snyk.io/vuln/SNYK-PYTHON-MATPLOTLOB-6513367,FALSE
pypi,matpllotib,"[0,]",29/3/24,https://security.snyk.io/vuln/SNYK-PYTHON-MATPLLOTIB-6513363,FALSE
pypi,matplotlr,"[0,]",29/3/24,https://security.snyk.io/vuln/SNYK-PYTHON-MATPLOTLR-6513359,FALSE
pypi,beautifulsoop,"[0,]",29/3/24,https://security.snyk.io/vuln/SNYK-PYTHON-BEAUTIFULSOOP-6513358,FALSE
pypi,pygvame,"[0,]",29/3/24,https://security.snyk.io/vuln/SNYK-PYTHON-PYGVAME-6513354,FALSE
pypi,pytorchb,"[0,]",29/3/24,https://security.snyk.io/vuln/SNYK-PYTHON-PYTORCHB-6513351,FALSE
pypi,matplotblib,"[0,]",29/3/24,https://security.snyk.io/vuln/SNYK-PYTHON-MATPLOTBLIB-6513342,FALSE
pypi,matplootib,"[0,]",29/3/24,https://security.snyk.io/vuln/SNYK-PYTHON-MATPLOOTIB-6513340,FALSE
pypi,beautifulsoul,"[0,]",29/3/24,https://security.snyk.io/vuln/SNYK-PYTHON-BEAUTIFULSOUL-6513339,FALSE
pypi,beautifilsoop,"[0,]",29/3/24,https://security.snyk.io/vuln/SNYK-PYTHON-BEAUTIFILSOOP-6513333,FALSE
pypi,pygacme,"[0,]",29/3/24,https://security.snyk.io/vuln/SNYK-PYTHON-PYGACME-6513329,FALSE
pypi,simplejsoj,"[0,]",29/3/24,https://security.snyk.io/vuln/SNYK-PYTHON-SIMPLEJSOJ-6513328,FALSE
pypi,matplotvib,"[0,]",29/3/24,https://security.snyk.io/vuln/SNYK-PYTHON-MATPLOTVIB-6513327,FALSE
pypi,sjmplejson,"[0,]",29/3/24,https://security.snyk.io/vuln/SNYK-PYTHON-SJMPLEJSON-6513322,FALSE
pypi,pygarme,"[0,]",29/3/24,https://security.snyk.io/vuln/SNYK-PYTHON-PYGARME-6513321,FALSE
pypi,simolejson,"[0,]",29/3/24,https://security.snyk.io/vuln/SNYK-PYTHON-SIMOLEJSON-6513314,FALSE
pypi,beautifullsoop,"[0,]",29/3/24,https://security.snyk.io/vuln/SNYK-PYTHON-BEAUTIFULLSOOP-6513311,FALSE
pypi,beautysoup,"[0,]",29/3/24,https://security.snyk.io/vuln/SNYK-PYTHON-BEAUTYSOUP-6513303,FALSE
pypi,pygaeme,"[0,]",29/3/24,https://security.snyk.io/vuln/SNYK-PYTHON-PYGAEME-6513301,FALSE
pypi,beuatiflsoup,"[0,]",29/3/24,https://security.snyk.io/vuln/SNYK-PYTHON-BEUATIFLSOUP-6513299,FALSE
pypi,pytarch,"[0,]",29/3/24,https://security.snyk.io/vuln/SNYK-PYTHON-PYTARCH-6513294,FALSE
pypi,matplttlib,"[0,]",29/3/24,https://security.snyk.io/vuln/SNYK-PYTHON-MATPLTTLIB-6513288,FALSE
pypi,matplotlpib,"[0,]",29/3/24,https://security.snyk.io/vuln/SNYK-PYTHON-MATPLOTLPIB-6513286,FALSE
pypi,pqtorch,"[0,]",29/3/24,https://security.snyk.io/vuln/SNYK-PYTHON-PQTORCH-6513284,FALSE
pypi,matplotltib,"[0,]",29/3/24,https://security.snyk.io/vuln/SNYK-PYTHON-MATPLOTLTIB-6513282,FALSE
pypi,matplotlyib,"[0,]",29/3/24,https://security.snyk.io/vuln/SNYK-PYTHON-MATPLOTLYIB-6513281,FALSE
pypi,pygaime,"[0,]",29/3/24,https://security.snyk.io/vuln/SNYK-PYTHON-PYGAIME-6513278,FALSE
pypi,beautifulsoupe,"[0,]",29/3/24,https://security.snyk.io/vuln/SNYK-PYTHON-BEAUTIFULSOUPE-6513277,FALSE
pypi,beautilfulsoup,"[0,]",29/3/24,https://security.snyk.io/vuln/SNYK-PYTHON-BEAUTILFULSOUP-6513274,FALSE
pypi,pygamke,"[0,]",29/3/24,https://security.snyk.io/vuln/SNYK-PYTHON-PYGAMKE-6513273,FALSE
pypi,pygfame,"[0,]",29/3/24,https://security.snyk.io/vuln/SNYK-PYTHON-PYGFAME-6513272,FALSE
pypi,simpjson,"[0,]",29/3/24,https://security.snyk.io/vuln/SNYK-PYTHON-SIMPJSON-6513271,FALSE
pypi,matplotlub,"[0,]",29/3/24,https://security.snyk.io/vuln/SNYK-PYTHON-MATPLOTLUB-6513270,FALSE
pypi,pytroce,"[0,]",29/3/24,https://security.snyk.io/vuln/SNYK-PYTHON-PYTROCE-6513269,FALSE
pypi,simpejso,"[0,]",29/3/24,https://security.snyk.io/vuln/SNYK-PYTHON-SIMPEJSO-6513268,FALSE
pypi,matplptlib,"[0,]",29/3/24,https://security.snyk.io/vuln/SNYK-PYTHON-MATPLPTLIB-6513267,FALSE
pypi,pytcrch,"[0,]",29/3/24,https://security.snyk.io/vuln/SNYK-PYTHON-PYTCRCH-6513266,FALSE
pypi,beautifuksoup,"[0,]",29/3/24,https://security.snyk.io/vuln/SNYK-PYTHON-BEAUTIFUKSOUP-6513265,FALSE
pypi,beautifuosoup,"[0,]",29/3/24,https://security.snyk.io/vuln/SNYK-PYTHON-BEAUTIFUOSOUP-6513264,FALSE
pypi,beautiflulsoop,"[0,]",29/3/24,https://security.snyk.io/vuln/SNYK-PYTHON-BEAUTIFLULSOOP-6513263,FALSE
pypi,matplotlig,"[0,]",29/3/24,https://security.snyk.io/vuln/SNYK-PYTHON-MATPLOTLIG-6513262,FALSE
pypi,pyghame,"[0,]",29/3/24,https://security.snyk.io/vuln/SNYK-PYTHON-PYGHAME-6513261,FALSE
pypi,beaitifulsoup,"[0,]",29/3/24,https://security.snyk.io/vuln/SNYK-PYTHON-BEAITIFULSOUP-6513260,FALSE
pypi,pytlrc,"[0,]",29/3/24,https://security.snyk.io/vuln/SNYK-PYTHON-PYTLRC-6513259,FALSE
pypi,pytorcm,"[0,]",29/3/24,https://security.snyk.io/vuln/SNYK-PYTHON-PYTORCM-6513258,FALSE
pypi,matplrtib,"[0,]",29/3/24,https://security.snyk.io/vuln/SNYK-PYTHON-MATPLRTIB-6513257,FALSE
pypi,beaurifulsoup,"[0,]",29/3/24,https://security.snyk.io/vuln/SNYK-PYTHON-BEAURIFULSOUP-6513256,FALSE
pypi,matplutlib,"[0,]",29/3/24,https://security.snyk.io/vuln/SNYK-PYTHON-MATPLUTLIB-6513255,FALSE
pypi,matploptlib,"[0,]",29/3/24,https://security.snyk.io/vuln/SNYK-PYTHON-MATPLOPTLIB-6513252,FALSE
pypi,beautiflulsoup,"[0,]",29/3/24,https://security.snyk.io/vuln/SNYK-PYTHON-BEAUTIFLULSOUP-6513251,FALSE
pypi,pzgame,"[0,]",29/3/24,https://security.snyk.io/vuln/SNYK-PYTHON-PZGAME-6513242,FALSE
pypi,pttorch,"[0,]",29/3/24,https://security.snyk.io/vuln/SNYK-PYTHON-PTTORCH-6513240,FALSE
pypi,pytorchv,"[0,]",29/3/24,https://security.snyk.io/vuln/SNYK-PYTHON-PYTORCHV-6513235,FALSE
pypi,matplotlbib,"[0,]",29/3/24,https://security.snyk.io/vuln/SNYK-PYTHON-MATPLOTLBIB-6513232,FALSE
pypi,matpllotb,"[0,]",29/3/24,https://security.snyk.io/vuln/SNYK-PYTHON-MATPLLOTB-6513226,FALSE
pypi,pytorchj,"[0,]",29/3/24,https://security.snyk.io/vuln/SNYK-PYTHON-PYTORCHJ-6513225,FALSE
pypi,pytorcu,"[0,]",29/3/24,https://security.snyk.io/vuln/SNYK-PYTHON-PYTORCU-6513203,FALSE
pypi,pygqme,"[0,]",29/3/24,https://security.snyk.io/vuln/SNYK-PYTHON-PYGQME-6513195,FALSE
pypi,pytorqh,"[0,]",29/3/24,https://security.snyk.io/vuln/SNYK-PYTHON-PYTORQH-6513192,FALSE
pypi,sijplejso,"[0,]",29/3/24,https://security.snyk.io/vuln/SNYK-PYTHON-SIJPLEJSO-6513189,FALSE
pypi,pytbrch,"[0,]",29/3/24,https://security.snyk.io/vuln/SNYK-PYTHON-PYTBRCH-6513184,FALSE
pypi,matplotpib,"[0,]",29/3/24,https://security.snyk.io/vuln/SNYK-PYTHON-MATPLOTPIB-6513183,FALSE
pypi,pytprch,"[0,]",29/3/24,https://security.snyk.io/vuln/SNYK-PYTHON-PYTPRCH-6513181,FALSE
pypi,beautifuklsoup,"[0,]",29/3/24,https://security.snyk.io/vuln/SNYK-PYTHON-BEAUTIFUKLSOUP-6513178,FALSE
pypi,mjpoytwngddh,"[0,]",25/3/24,https://security.snyk.io/vuln/SNYK-PYTHON-MJPOYTWNGDDH-6483334,FALSE
pypi,eeajhjmclakf,"[0,]",25/3/24,https://security.snyk.io/vuln/SNYK-PYTHON-EEAJHJMCLAKF-6483333,FALSE
pypi,jzyrljroxlca,"[0,]",25/3/24,https://security.snyk.io/vuln/SNYK-PYTHON-JZYRLJROXLCA-6483331,FALSE
pypi,hnuhfyzumkmo,"[0,]",25/3/24,https://security.snyk.io/vuln/SNYK-PYTHON-HNUHFYZUMKMO-6483330,FALSE
pypi,hbcxuypphrnk,"[0,]",25/3/24,https://security.snyk.io/vuln/SNYK-PYTHON-HBCXUYPPHRNK-6483329,FALSE
pypi,dcrywkqddo,"[0,]",25/3/24,https://security.snyk.io/vuln/SNYK-PYTHON-DCRYWKQDDO-6483328,FALSE
pypi,eoerbisjxqyv,"[0,]",25/3/24,https://security.snyk.io/vuln/SNYK-PYTHON-EOERBISJXQYV-6483327,FALSE
pypi,wkqubsxekbxn,"[0,]",25/3/24,https://security.snyk.io/vuln/SNYK-PYTHON-WKQUBSXEKBXN-6483326,FALSE
pypi,lyfamdorksgb,"[0,]",25/3/24,https://security.snyk.io/vuln/SNYK-PYTHON-LYFAMDORKSGB-6483325,FALSE
pypi,np6helperhttper,"[0,]",11/3/24,https://security.snyk.io/vuln/SNYK-PYTHON-NP6HELPERHTTPER-6421767,FALSE
pypi,np6helperhttptest,"[0,]",11/3/24,https://security.snyk.io/vuln/SNYK-PYTHON-NP6HELPERHTTPTEST-6421766,FALSE
npm,lodash-electron,*,5/4/24,https://security.snyk.io/vuln/SNYK-JS-LODASHELECTRON-6564973,TRUE
npm,context-hydrating,*,4/4/24,https://security.snyk.io/vuln/SNYK-JS-CONTEXTHYDRATING-6531287,TRUE
npm,shopify-app-session-storage-prisma,*,3/4/24,https://security.snyk.io/vuln/SNYK-JS-SHOPIFYAPPSESSIONSTORAGEPRISMA-6516889,TRUE
npm,shopify-app-js,*,3/4/24,https://security.snyk.io/vuln/SNYK-JS-SHOPIFYAPPJS-6516888,TRUE
npm,package-dfgpd-dfgdfg-24h,*,3/4/24,https://security.snyk.io/vuln/SNYK-JS-PACKAGEDFGPDDFGDFG24H-6516887,TRUE
npm,package-ddgjhd-weagd-24h,*,3/4/24,https://security.snyk.io/vuln/SNYK-JS-PACKAGEDDGJHDWEAGD24H-6516886,TRUE
npm,shopify-app-session-storage-drizzle,*,3/4/24,https://security.snyk.io/vuln/SNYK-JS-SHOPIFYAPPSESSIONSTORAGEDRIZZLE-6516885,TRUE
npm,hydrogen-sfdgspsdmq-test1,*,3/4/24,https://security.snyk.io/vuln/SNYK-JS-HYDROGENSFDGSPSDMQTEST1-6516884,TRUE
npm,metacord,*,3/4/24,https://security.snyk.io/vuln/SNYK-JS-METACORD-6516883,TRUE
npm,pt-api-tools,*,2/4/24,https://security.snyk.io/vuln/SNYK-JS-PTAPITOOLS-6515708,TRUE
npm,paysafe-gpf-as-http-proxy-middleware-body-replace,*,2/4/24,https://security.snyk.io/vuln/SNYK-JS-PAYSAFEGPFASHTTPPROXYMIDDLEWAREBODYREPLACE-6515707,TRUE
npm,u-workflow.auth,*,2/4/24,https://security.snyk.io/vuln/SNYK-JS-UWORKFLOWAUTH-6515706,TRUE
npm,u-workflow.module.common.visibility,*,2/4/24,https://security.snyk.io/vuln/SNYK-JS-UWORKFLOWMODULECOMMONVISIBILITY-6515705,TRUE
npm,paysafe-gpf-as-communication-lib-fe,*,2/4/24,https://security.snyk.io/vuln/SNYK-JS-PAYSAFEGPFASCOMMUNICATIONLIBFE-6515704,TRUE
npm,u-workflow.module.common.tech,*,2/4/24,https://security.snyk.io/vuln/SNYK-JS-UWORKFLOWMODULECOMMONTECH-6515703,TRUE
npm,u-workflow.module.common.hour-of-week,*,2/4/24,https://security.snyk.io/vuln/SNYK-JS-UWORKFLOWMODULECOMMONHOUROFWEEK-6515702,TRUE
npm,shelllib,*,2/4/24,https://security.snyk.io/vuln/SNYK-JS-SHELLLIB-6515701,TRUE
npm,soundcloud-songs,*,2/4/24,https://security.snyk.io/vuln/SNYK-JS-SOUNDCLOUDSONGS-6515700,TRUE
npm,galileo-web-sdk,*,2/4/24,https://security.snyk.io/vuln/SNYK-JS-GALILEOWEBSDK-6515699,TRUE
npm,vue2util,*,1/4/24,https://security.snyk.io/vuln/SNYK-JS-VUE2UTIL-6515642,TRUE
npm,commandlib,*,28/3/24,https://security.snyk.io/vuln/SNYK-JS-COMMANDLIB-6508642,TRUE
npm,routepair,*,27/3/24,https://security.snyk.io/vuln/SNYK-JS-ROUTEPAIR-6501611,TRUE
npm,gkldjdkljgdklfgj,*,25/3/24,https://security.snyk.io/vuln/SNYK-JS-GKLDJDKLJGDKLFGJ-6483306,TRUE
npm,win-regi,*,25/3/24,https://security.snyk.io/vuln/SNYK-JS-WINREGI-6483305,TRUE
npm,btcbip-39,*,25/3/24,https://security.snyk.io/vuln/SNYK-JS-BTCBIP39-6483304,TRUE
npm,francoadvisor,*,25/3/24,https://security.snyk.io/vuln/SNYK-JS-FRANCOADVISOR-6483303,TRUE
npm,trujillocheck,*,25/3/24,https://security.snyk.io/vuln/SNYK-JS-TRUJILLOCHECK-6483302,TRUE
npm,hessskinchecker,*,25/3/24,https://security.snyk.io/vuln/SNYK-JS-HESSSKINCHECKER-6483301,TRUE
npm,caas-static,*,22/3/24,https://security.snyk.io/vuln/SNYK-JS-CAASSTATIC-6476878,TRUE
npm,tomori-discord,*,22/3/24,https://security.snyk.io/vuln/SNYK-JS-TOMORIDISCORD-6476877,TRUE
npm,boukiapi,*,22/3/24,https://security.snyk.io/vuln/SNYK-JS-BOUKIAPI-6476876,TRUE
npm,discordinfos,*,22/3/24,https://security.snyk.io/vuln/SNYK-JS-DISCORDINFOS-6476873,TRUE
npm,sqltest6,*,19/3/24,https://security.snyk.io/vuln/SNYK-JS-SQLTEST6-6457447,TRUE
npm,raydium-connect,*,19/3/24,https://security.snyk.io/vuln/SNYK-JS-RAYDIUMCONNECT-6457446,TRUE
npm,rancho-extensions-app,*,19/3/24,https://security.snyk.io/vuln/SNYK-JS-RANCHOEXTENSIONSAPP-6457445,TRUE
npm,packagerandomattackertest,*,19/3/24,https://security.snyk.io/vuln/SNYK-JS-PACKAGERANDOMATTACKERTEST-6457444,TRUE
npm,soundcloud-scrape,*,19/3/24,https://security.snyk.io/vuln/SNYK-JS-SOUNDCLOUDSCRAPE-6457443,TRUE
npm,flow-code-examples,*,19/3/24,https://security.snyk.io/vuln/SNYK-JS-FLOWCODEEXAMPLES-6457442,TRUE
npm,action-and-block,*,19/3/24,https://security.snyk.io/vuln/SNYK-JS-ACTIONANDBLOCK-6457441,TRUE
npm,polaris-resource-list-examples,*,19/3/24,https://security.snyk.io/vuln/SNYK-JS-POLARISRESOURCELISTEXAMPLES-6457440,TRUE
npm,@testorgggg/pkg3,*,19/3/24,https://security.snyk.io/vuln/SNYK-JS-TESTORGGGGPKG3-6457439,TRUE
npm,custom-banner-react,*,19/3/24,https://security.snyk.io/vuln/SNYK-JS-CUSTOMBANNERREACT-6457438,TRUE
npm,custom-header-js,*,19/3/24,https://security.snyk.io/vuln/SNYK-JS-CUSTOMHEADERJS-6457437,TRUE
npm,bouncifyrn,*,19/3/24,https://security.snyk.io/vuln/SNYK-JS-BOUNCIFYRN-6457436,TRUE
npm,r101-css,*,19/3/24,https://security.snyk.io/vuln/SNYK-JS-R101CSS-6457435,TRUE
npm,super-social-sdk,*,19/3/24,https://security.snyk.io/vuln/SNYK-JS-SUPERSOCIALSDK-6457434,TRUE
npm,formvalidationtestauth,*,19/3/24,https://security.snyk.io/vuln/SNYK-JS-FORMVALIDATIONTESTAUTH-6457433,TRUE
npm,eng-intern-assessment-react-native,*,19/3/24,https://security.snyk.io/vuln/SNYK-JS-ENGINTERNASSESSMENTREACTNATIVE-6457432,TRUE
npm,functions-workshop,*,19/3/24,https://security.snyk.io/vuln/SNYK-JS-FUNCTIONSWORKSHOP-6457431,TRUE
npm,frosmo-react,*,15/3/24,https://security.snyk.io/vuln/SNYK-JS-FROSMOREACT-6444614,TRUE
npm,test12323123,*,15/3/24,https://security.snyk.io/vuln/SNYK-JS-TEST12323123-6444613,TRUE
npm,edgenuity,*,14/3/24,https://security.snyk.io/vuln/SNYK-JS-EDGENUITY-6435942,TRUE
npm,vinayak,*,14/3/24,https://security.snyk.io/vuln/SNYK-JS-VINAYAK-6435941,TRUE
npm,ccl-product-carousel,*,12/3/24,https://security.snyk.io/vuln/SNYK-JS-CCLPRODUCTCAROUSEL-6422281,TRUE
npm,npm_macos,*,12/3/24,https://security.snyk.io/vuln/SNYK-JS-NPMMACOS-6422223,TRUE
npm,zksync-hardhat-template,*,12/3/24,https://security.snyk.io/vuln/SNYK-JS-ZKSYNCHARDHATTEMPLATE-6422222,TRUE
npm,liquity,*,12/3/24,https://security.snyk.io/vuln/SNYK-JS-LIQUITY-6422221,TRUE
npm,c3-pricecaster,*,12/3/24,https://security.snyk.io/vuln/SNYK-JS-C3PRICECASTER-6422220,TRUE
npm,salesforce-service-cloud,*,12/3/24,https://security.snyk.io/vuln/SNYK-JS-SALESFORCESERVICECLOUD-6422219,TRUE
npm,webauthn-site-poc,*,12/3/24,https://security.snyk.io/vuln/SNYK-JS-WEBAUTHNSITEPOC-6422218,TRUE
npm,attrstore,*,12/3/24,https://security.snyk.io/vuln/SNYK-JS-ATTRSTORE-6422217,TRUE
npm,mastercard-postman-encryption-lib,*,12/3/24,https://security.snyk.io/vuln/SNYK-JS-MASTERCARDPOSTMANENCRYPTIONLIB-6422216,TRUE
npm,dropdownformfield,*,12/3/24,https://security.snyk.io/vuln/SNYK-JS-DROPDOWNFORMFIELD-6422215,TRUE
npm,payatutest,*,12/3/24,https://security.snyk.io/vuln/SNYK-JS-PAYATUTEST-6422214,TRUE
npm,rat-patrol,*,12/3/24,https://security.snyk.io/vuln/SNYK-JS-RATPATROL-6422213,TRUE
npm,ifl-css,*,12/3/24,https://security.snyk.io/vuln/SNYK-JS-IFLCSS-6422212,TRUE
npm,profectus-components,*,12/3/24,https://security.snyk.io/vuln/SNYK-JS-PROFECTUSCOMPONENTS-6422211,TRUE
npm,shereyas,*,12/3/24,https://security.snyk.io/vuln/SNYK-JS-SHEREYAS-6422210,TRUE
npm,starknet4,*,12/3/24,https://security.snyk.io/vuln/SNYK-JS-STARKNET4-6422209,TRUE
npm,ifl-primitives,*,12/3/24,https://security.snyk.io/vuln/SNYK-JS-IFLPRIMITIVES-6422208,TRUE
npm,accessibletrap,*,12/3/24,https://security.snyk.io/vuln/SNYK-JS-ACCESSIBLETRAP-6422207,TRUE
npm,dismissprovider,*,12/3/24,https://security.snyk.io/vuln/SNYK-JS-DISMISSPROVIDER-6422206,TRUE
npm,open-banking-reference-application,*,12/3/24,https://security.snyk.io/vuln/SNYK-JS-OPENBANKINGREFERENCEAPPLICATION-6422205,TRUE
npm,pod-consumer-backend,*,12/3/24,https://security.snyk.io/vuln/SNYK-JS-PODCONSUMERBACKEND-6422204,TRUE
npm,dcplot,*,12/3/24,https://security.snyk.io/vuln/SNYK-JS-DCPLOT-6422203,TRUE
npm,unity-context,*,12/3/24,https://security.snyk.io/vuln/SNYK-JS-UNITYCONTEXT-6421871,TRUE
npm,udp-components,*,12/3/24,https://security.snyk.io/vuln/SNYK-JS-UDPCOMPONENTS-6421870,TRUE
npm,unity-httpclient,*,12/3/24,https://security.snyk.io/vuln/SNYK-JS-UNITYHTTPCLIENT-6421869,TRUE
npm,unity-util,*,12/3/24,https://security.snyk.io/vuln/SNYK-JS-UNITYUTIL-6421868,TRUE
npm,pet-profile-micro-interaction,*,8/3/24,https://security.snyk.io/vuln/SNYK-JS-PETPROFILEMICROINTERACTION-6419322,TRUE
npm,win32crypted,*,5/3/24,https://security.snyk.io/vuln/SNYK-JS-WIN32CRYPTED-6371511,TRUE
npm,tokenspair,*,29/2/24,https://security.snyk.io/vuln/SNYK-JS-TOKENSPAIR-6317546,TRUE
npm,tokenpair,*,29/2/24,https://security.snyk.io/vuln/SNYK-JS-TOKENPAIR-6305454,TRUE
npm,tokenpairs,*,29/2/24,https://security.snyk.io/vuln/SNYK-JS-TOKENPAIRS-6305453,TRUE
npm,ent-profile-logger,*,27/2/24,https://security.snyk.io/vuln/SNYK-JS-ENTPROFILELOGGER-6277731,TRUE
npm,frd-rsa-js,*,27/2/24,https://security.snyk.io/vuln/SNYK-JS-FRDRSAJS-6277730,TRUE
npm,emilkylandertestnpmpackge,*,27/2/24,https://security.snyk.io/vuln/SNYK-JS-EMILKYLANDERTESTNPMPACKGE-6277729,TRUE
npm,usaa-wdio-utils,*,27/2/24,https://security.snyk.io/vuln/SNYK-JS-USAAWDIOUTILS-6277728,TRUE
npm,nodejs-socket,*,26/2/24,https://security.snyk.io/vuln/SNYK-JS-NODEJSSOCKET-6276577,TRUE
npm,disc-web-sender,*,22/2/24,https://security.snyk.io/vuln/SNYK-JS-DISCWEBSENDER-6261802,TRUE
npm,ember-power-calendar-dayjs,*,22/2/24,https://security.snyk.io/vuln/SNYK-JS-EMBERPOWERCALENDARDAYJS-6261801,TRUE
npm,node-red-contrib-object-to-array,*,22/2/24,https://security.snyk.io/vuln/SNYK-JS-NODEREDCONTRIBOBJECTTOARRAY-6261800,TRUE
npm,testconfusiontestt,*,22/2/24,https://security.snyk.io/vuln/SNYK-JS-TESTCONFUSIONTESTT-6261799,TRUE
npm,scytheetest,*,22/2/24,https://security.snyk.io/vuln/SNYK-JS-SCYTHEETEST-6261798,TRUE
npm,djs-colors-v14,*,22/2/24,https://security.snyk.io/vuln/SNYK-JS-DJSCOLORSV14-6261797,TRUE
npm,analysis-shared-utils,*,20/2/24,https://security.snyk.io/vuln/SNYK-JS-ANALYSISSHAREDUTILS-6254643,TRUE
npm,analysis-components,*,20/2/24,https://security.snyk.io/vuln/SNYK-JS-ANALYSISCOMPONENTS-6254642,TRUE
npm,analysis-tool-app,*,20/2/24,https://security.snyk.io/vuln/SNYK-JS-ANALYSISTOOLAPP-6254641,TRUE
npm,analysis-studio-components,*,20/2/24,https://security.snyk.io/vuln/SNYK-JS-ANALYSISSTUDIOCOMPONENTS-6254640,TRUE
npm,lol-pizda,*,20/2/24,https://security.snyk.io/vuln/SNYK-JS-LOLPIZDA-6254639,TRUE
npm,ppui4theme,*,19/2/24,https://security.snyk.io/vuln/SNYK-JS-PPUI4THEME-6252500,TRUE
npm,uber-rv-web-common-virtual-8d2dce4f55,*,19/2/24,https://security.snyk.io/vuln/SNYK-JS-UBERRVWEBCOMMONVIRTUAL8D2DCE4F55-6252499,TRUE
npm,new-dependency-test,*,19/2/24,https://security.snyk.io/vuln/SNYK-JS-NEWDEPENDENCYTEST-6252498,TRUE
npm,uber-rv-web-common,*,19/2/24,https://security.snyk.io/vuln/SNYK-JS-UBERRVWEBCOMMON-6252497,TRUE
npm,ts-patch-mongoos,*,19/2/24,https://security.snyk.io/vuln/SNYK-JS-TSPATCHMONGOOS-6252496,TRUE
npm,ts-patch-mongose,*,19/2/24,https://security.snyk.io/vuln/SNYK-JS-TSPATCHMONGOSE-6252495,TRUE
npm,evilcalendar,*,19/2/24,https://security.snyk.io/vuln/SNYK-JS-EVILCALENDAR-6252494,TRUE
npm,ts-patch-moongoose,*,19/2/24,https://security.snyk.io/vuln/SNYK-JS-TSPATCHMOONGOOSE-6252493,TRUE
npm,execution-time-async,*,16/2/24,https://security.snyk.io/vuln/SNYK-JS-EXECUTIONTIMEASYNC-6249275,TRUE
npm,@globalsearch/productstub,*,12/2/24,https://security.snyk.io/vuln/SNYK-JS-GLOBALSEARCHPRODUCTSTUB-6241893,TRUE
npm,disme,*,12/2/24,https://security.snyk.io/vuln/SNYK-JS-DISME-6241891,TRUE
npm,vtuanhihi,*,12/2/24,https://security.snyk.io/vuln/SNYK-JS-VTUANHIHI-6241890,TRUE
npm,vtuandz00,*,12/2/24,https://security.snyk.io/vuln/SNYK-JS-VTUANDZ00-6241889,TRUE
npm,iris-front-test-utils,*,12/2/24,https://security.snyk.io/vuln/SNYK-JS-IRISFRONTTESTUTILS-6241888,TRUE
npm,vtuancuti,*,12/2/24,https://security.snyk.io/vuln/SNYK-JS-VTUANCUTI-6241887,TRUE
npm,hanncuti,*,12/2/24,https://security.snyk.io/vuln/SNYK-JS-HANNCUTI-6241886,TRUE
npm,webnotekc0506,*,12/2/24,https://security.snyk.io/vuln/SNYK-JS-WEBNOTEKC0506-6241850,TRUE
npm,dependency-ab,*,8/2/24,https://security.snyk.io/vuln/SNYK-JS-DEPENDENCYAB-6231781,TRUE
npm,styled-compoment,*,8/2/24,https://security.snyk.io/vuln/SNYK-JS-STYLEDCOMPOMENT-6231780,TRUE
npm,nhatcoder-fb-api,*,8/2/24,https://security.snyk.io/vuln/SNYK-JS-NHATCODERFBAPI-6231779,TRUE
npm,paradis,*,8/2/24,https://security.snyk.io/vuln/SNYK-JS-PARADIS-6231778,TRUE
npm,test-pkg1-random,*,7/2/24,https://security.snyk.io/vuln/SNYK-JS-TESTPKG1RANDOM-6230695,TRUE
npm,jera,*,7/2/24,https://security.snyk.io/vuln/SNYK-JS-JERA-6230694,TRUE
npm,can-explorer,*,7/2/24,https://security.snyk.io/vuln/SNYK-JS-CANEXPLORER-6230693,TRUE
npm,bug-test-package,*,6/2/24,https://security.snyk.io/vuln/SNYK-JS-BUGTESTPACKAGE-6229534,TRUE
npm,ngpd-merceros-dynamic-forms-fe-components,*,5/2/24,https://security.snyk.io/vuln/SNYK-JS-NGPDMERCEROSDYNAMICFORMSFECOMPONENTS-6227592,TRUE
npm,nan-win,*,5/2/24,https://security.snyk.io/vuln/SNYK-JS-NANWIN-6227591,TRUE
npm,librct,*,5/2/24,https://security.snyk.io/vuln/SNYK-JS-LIBRCT-6227590,TRUE
npm,ngpd-merceros-ui-widget-core,*,5/2/24,https://security.snyk.io/vuln/SNYK-JS-NGPDMERCEROSUIWIDGETCORE-6227589,TRUE
npm,ngpd-merceros-ui-meta,*,5/2/24,https://security.snyk.io/vuln/SNYK-JS-NGPDMERCEROSUIMETA-6227588,TRUE
npm,health-gbm-common,*,5/2/24,https://security.snyk.io/vuln/SNYK-JS-HEALTHGBMCOMMON-6227587,TRUE
npm,@time-loop/electron-panel-window,*,5/2/24,https://security.snyk.io/vuln/SNYK-JS-TIMELOOPELECTRONPANELWINDOW-6227586,TRUE
npm,hub-blockly,*,5/2/24,https://security.snyk.io/vuln/SNYK-JS-HUBBLOCKLY-6227585,TRUE
npm,node-fetch-full,*,2/2/24,https://security.snyk.io/vuln/SNYK-JS-NODEFETCHFULL-6226645,TRUE
npm,node-production,*,2/2/24,https://security.snyk.io/vuln/SNYK-JS-NODEPRODUCTION-6226644,TRUE
npm,hardhat-gas-optimizer,*,2/2/24,https://security.snyk.io/vuln/SNYK-JS-HARDHATGASOPTIMIZER-6226643,TRUE
npm,usaa-drag-drop,*,31/1/24,https://security.snyk.io/vuln/SNYK-JS-USAADRAGDROP-6210224,TRUE
npm,ent-cas-services,*,31/1/24,https://security.snyk.io/vuln/SNYK-JS-ENTCASSERVICES-6210223,TRUE
npm,discord-cache,*,31/1/24,https://security.snyk.io/vuln/SNYK-JS-DISCORDCACHE-6210222,TRUE
npm,diil-front,*,31/1/24,https://security.snyk.io/vuln/SNYK-JS-DIILFRONT-6210221,TRUE
npm,diil-selfservice-components,*,31/1/24,https://security.snyk.io/vuln/SNYK-JS-DIILSELFSERVICECOMPONENTS-6210220,TRUE
npm,eslint-plugin-cas,*,31/1/24,https://security.snyk.io/vuln/SNYK-JS-ESLINTPLUGINCAS-6210219,TRUE
npm,fdistube-config,*,31/1/24,https://security.snyk.io/vuln/SNYK-JS-FDISTUBECONFIG-6210218,TRUE
npm,distube-f,*,31/1/24,https://security.snyk.io/vuln/SNYK-JS-DISTUBEF-6210217,TRUE
npm,russiapi,*,30/1/24,https://security.snyk.io/vuln/SNYK-JS-RUSSIAPI-6209405,TRUE
npm,jewishapi,*,30/1/24,https://security.snyk.io/vuln/SNYK-JS-JEWISHAPI-6209404,TRUE
npm,iifl_serialize,*,30/1/24,https://security.snyk.io/vuln/SNYK-JS-IIFLSERIALIZE-6209403,TRUE
npm,iifl_cloud,*,30/1/24,https://security.snyk.io/vuln/SNYK-JS-IIFLCLOUD-6209402,TRUE
npm,o2-ionic-image-loader-v7,*,30/1/24,https://security.snyk.io/vuln/SNYK-JS-O2IONICIMAGELOADERV7-6209401,TRUE
npm,o2-ionic-image-loader,*,30/1/24,https://security.snyk.io/vuln/SNYK-JS-O2IONICIMAGELOADER-6209400,TRUE
npm,dsc-fetcher,*,30/1/24,https://security.snyk.io/vuln/SNYK-JS-DSCFETCHER-6209399,TRUE
npm,web-ai-51pwn,*,30/1/24,https://security.snyk.io/vuln/SNYK-JS-WEBAI51PWN-6209398,TRUE
npm,iifl_express_middleware,*,30/1/24,https://security.snyk.io/vuln/SNYK-JS-IIFLEXPRESSMIDDLEWARE-6209397,TRUE
npm,discord.js-dmall-v11,*,30/1/24,https://security.snyk.io/vuln/SNYK-JS-DISCORDJSDMALLV11-6209396,TRUE
npm,iifl_api,*,30/1/24,https://security.snyk.io/vuln/SNYK-JS-IIFLAPI-6209395,TRUE
npm,myonlife,*,30/1/24,https://security.snyk.io/vuln/SNYK-JS-MYONLIFE-6209394,TRUE
npm,uui-framework,*,30/1/24,https://security.snyk.io/vuln/SNYK-JS-UUIFRAMEWORK-6209393,TRUE
npm,discord.js-sound,*,30/1/24,https://security.snyk.io/vuln/SNYK-JS-DISCORDJSSOUND-6209392,TRUE
npm,take-cam,*,30/1/24,https://security.snyk.io/vuln/SNYK-JS-TAKECAM-6209391,TRUE
npm,iifl_ios_app,*,30/1/24,https://security.snyk.io/vuln/SNYK-JS-IIFLIOSAPP-6209390,TRUE
npm,myonlife1,*,30/1/24,https://security.snyk.io/vuln/SNYK-JS-MYONLIFE1-6209389,TRUE
npm,myoimanshhu,*,30/1/24,https://security.snyk.io/vuln/SNYK-JS-MYOIMANSHHU-6209388,TRUE
npm,iifl_android_app,*,30/1/24,https://security.snyk.io/vuln/SNYK-JS-IIFLANDROIDAPP-6209387,TRUE
npm,fdistube,*,28/1/24,https://security.snyk.io/vuln/SNYK-JS-FDISTUBE-6208117,TRUE
npm,discordyt,*,24/1/24,https://security.snyk.io/vuln/SNYK-JS-DISCORDYT-6186556,TRUE
npm,distube-config,*,24/1/24,https://security.snyk.io/vuln/SNYK-JS-DISTUBECONFIG-6186555,TRUE
npm,epsilonapi,*,24/1/24,https://security.snyk.io/vuln/SNYK-JS-EPSILONAPI-6186426,TRUE
npm,epsilonprotect,*,24/1/24,https://security.snyk.io/vuln/SNYK-JS-EPSILONPROTECT-6186425,TRUE
npm,api-gothic,*,23/1/24,https://security.snyk.io/vuln/SNYK-JS-APIGOTHIC-6184126,TRUE
npm,gothic-token,*,23/1/24,https://security.snyk.io/vuln/SNYK-JS-GOTHICTOKEN-6184125,TRUE
npm,discord.js-gothic,*,23/1/24,https://security.snyk.io/vuln/SNYK-JS-DISCORDJSGOTHIC-6184121,TRUE
npm,gothics-api,*,23/1/24,https://security.snyk.io/vuln/SNYK-JS-GOTHICSAPI-6184120,TRUE
npm,@shenmue_dsc/fluent-ffmpeg-multistream-ts,*,22/1/24,https://security.snyk.io/vuln/SNYK-JS-SHENMUEDSCFLUENTFFMPEGMULTISTREAMTS-6183713,TRUE
npm,shenmue-dmall.js,*,22/1/24,https://security.snyk.io/vuln/SNYK-JS-SHENMUEDMALLJS-6183315,TRUE
npm,discordjs-fetcher,*,22/1/24,https://security.snyk.io/vuln/SNYK-JS-DISCORDJSFETCHER-6183314,TRUE
npm,djs-fetcher,*,22/1/24,https://security.snyk.io/vuln/SNYK-JS-DJSFETCHER-6183313,TRUE
npm,apiv1-fetcher,*,22/1/24,https://security.snyk.io/vuln/SNYK-JS-APIV1FETCHER-6183312,TRUE
npm,ahmadzdzdzdzddddahas,*,22/1/24,https://security.snyk.io/vuln/SNYK-JS-AHMADZDZDZDZDDDDAHAS-6183311,TRUE
npm,shenmue.js-dev,*,22/1/24,https://security.snyk.io/vuln/SNYK-JS-SHENMUEJSDEV-6183301,TRUE
npm,@shenmue_dsc/shenmue.js-stream,*,22/1/24,https://security.snyk.io/vuln/SNYK-JS-SHENMUEDSCSHENMUEJSSTREAM-6183300,TRUE
npm,syxx.js,*,22/1/24,https://security.snyk.io/vuln/SNYK-JS-SYXXJS-6183299,TRUE
npm,lunar-sb.js,*,22/1/24,https://security.snyk.io/vuln/SNYK-JS-LUNARSBJS-6183298,TRUE
npm,oscompatible,*,18/1/24,https://security.snyk.io/vuln/SNYK-JS-OSCOMPATIBLE-6173323,TRUE
npm,discord.js-selfbot-vl3,*,17/1/24,https://security.snyk.io/vuln/SNYK-JS-DISCORDJSSELFBOTVL3-6160759,TRUE
npm,discordjs-selfbot-v33,*,17/1/24,https://security.snyk.io/vuln/SNYK-JS-DISCORDJSSELFBOTV33-6160758,TRUE
npm,discord.js-seifbot-v13,*,17/1/24,https://security.snyk.io/vuln/SNYK-JS-DISCORDJSSEIFBOTV13-6160757,TRUE
npm,uptime-bot,*,17/1/24,https://security.snyk.io/vuln/SNYK-JS-UPTIMEBOT-6160756,TRUE
npm,naoi.js,*,17/1/24,https://security.snyk.io/vuln/SNYK-JS-NAOIJS-6160755,TRUE
npm,discord.js-v12selfbot,*,17/1/24,https://security.snyk.io/vuln/SNYK-JS-DISCORDJSV12SELFBOT-6160754,TRUE
npm,discord-selfbot-v13,*,17/1/24,https://security.snyk.io/vuln/SNYK-JS-DISCORDSELFBOTV13-6160753,TRUE
npm,jupiter-emoji-old,*,17/1/24,https://security.snyk.io/vuln/SNYK-JS-JUPITEREMOJIOLD-6160752,TRUE
npm,discord.js-sb-v13,*,17/1/24,https://security.snyk.io/vuln/SNYK-JS-DISCORDJSSBV13-6160065,TRUE
npm,dicsord.js-selfbot-v13,*,17/1/24,https://security.snyk.io/vuln/SNYK-JS-DICSORDJSSELFBOTV13-6160064,TRUE
npm,uhqsniper,*,17/1/24,https://security.snyk.io/vuln/SNYK-JS-UHQSNIPER-6160063,TRUE
npm,dmalldiscordfriends,*,17/1/24,https://security.snyk.io/vuln/SNYK-JS-DMALLDISCORDFRIENDS-6160062,TRUE
npm,discord.js-lock-selfbot-v13,*,17/1/24,https://security.snyk.io/vuln/SNYK-JS-DISCORDJSLOCKSELFBOTV13-6160061,TRUE
npm,discord.js-selfbot-dmallfriends-v13,*,17/1/24,https://security.snyk.io/vuln/SNYK-JS-DISCORDJSSELFBOTDMALLFRIENDSV13-6160060,TRUE
npm,noleakdmall,*,17/1/24,https://security.snyk.io/vuln/SNYK-JS-NOLEAKDMALL-6160059,TRUE
npm,discord.js-dmall-friends,*,17/1/24,https://security.snyk.io/vuln/SNYK-JS-DISCORDJSDMALLFRIENDS-6160058,TRUE
npm,child-proces,*,17/1/24,https://security.snyk.io/vuln/SNYK-JS-CHILDPROCES-6160057,TRUE
npm,discord.js-selfbot-dmall-v13,*,17/1/24,https://security.snyk.io/vuln/SNYK-JS-DISCORDJSSELFBOTDMALLV13-6160056,TRUE
npm,djs-selfbot-v14,*,16/1/24,https://security.snyk.io/vuln/SNYK-JS-DJSSELFBOTV14-6157253,TRUE
npm,noblox.js-oauth,*,16/1/24,https://security.snyk.io/vuln/SNYK-JS-NOBLOXJSOAUTH-6157252,TRUE
npm,djs13-fetcher,*,15/1/24,https://security.snyk.io/vuln/SNYK-JS-DJS13FETCHER-6156697,TRUE
npm,sync-axios,*,15/1/24,https://security.snyk.io/vuln/SNYK-JS-SYNCAXIOS-6156693,TRUE
npm,djs14-fetcher,*,15/1/24,https://security.snyk.io/vuln/SNYK-JS-DJS14FETCHER-6156692,TRUE
npm,colors-utils,*,15/1/24,https://security.snyk.io/vuln/SNYK-JS-COLORSUTILS-6156691,TRUE
npm,chalk-color,*,15/1/24,https://security.snyk.io/vuln/SNYK-JS-CHALKCOLOR-6156690,TRUE
npm,apiv2-fetcher,*,15/1/24,https://security.snyk.io/vuln/SNYK-JS-APIV2FETCHER-6156689,TRUE
npm,chalk-color-utils,*,15/1/24,https://security.snyk.io/vuln/SNYK-JS-CHALKCOLORUTILS-6156688,TRUE
npm,eslint-plugin-unicorn-ts,*,12/1/24,https://security.snyk.io/vuln/SNYK-JS-ESLINTPLUGINUNICORNTS-6154570,TRUE
npm,chancets,*,12/1/24,https://security.snyk.io/vuln/SNYK-JS-CHANCETS-6154569,TRUE
npm,tsb-authorization,*,12/1/24,https://security.snyk.io/vuln/SNYK-JS-TSBAUTHORIZATION-6154490,TRUE
npm,cordova-plugin-canvas,*,11/1/24,https://security.snyk.io/vuln/SNYK-JS-CORDOVAPLUGINCANVAS-6150714,TRUE
npm,keptnwebservice,*,11/1/24,https://security.snyk.io/vuln/SNYK-JS-KEPTNWEBSERVICE-6150713,TRUE
npm,sh.keptn.core.control,*,11/1/24,https://security.snyk.io/vuln/SNYK-JS-SHKEPTNCORECONTROL-6150712,TRUE
npm,automation.samples,*,11/1/24,https://security.snyk.io/vuln/SNYK-JS-AUTOMATIONSAMPLES-6150711,TRUE
npm,gh-action-send-event,*,11/1/24,https://security.snyk.io/vuln/SNYK-JS-GHACTIONSENDEVENT-6150710,TRUE
npm,schibsted-style,*,11/1/24,https://security.snyk.io/vuln/SNYK-JS-SCHIBSTEDSTYLE-6150709,TRUE
npm,pp-app-ui,*,11/1/24,https://security.snyk.io/vuln/SNYK-JS-PPAPPUI-6150708,TRUE
npm,moduleprefix,*,11/1/24,https://security.snyk.io/vuln/SNYK-JS-MODULEPREFIX-6150707,TRUE
npm,nylas-sync,*,11/1/24,https://security.snyk.io/vuln/SNYK-JS-NYLASSYNC-6150706,TRUE
npm,akshansh-jaiswal-ctf,*,11/1/24,https://security.snyk.io/vuln/SNYK-JS-AKSHANSHJAISWALCTF-6150705,TRUE
npm,error-can-not-resolve-resource,*,11/1/24,https://security.snyk.io/vuln/SNYK-JS-ERRORCANNOTRESOLVERESOURCE-6150704,TRUE
npm,nylas-api,*,11/1/24,https://security.snyk.io/vuln/SNYK-JS-NYLASAPI-6150703,TRUE
npm,cloudflare-docs-theme,*,11/1/24,https://security.snyk.io/vuln/SNYK-JS-CLOUDFLAREDOCSTHEME-6150702,TRUE
npm,vg-bot,*,11/1/24,https://security.snyk.io/vuln/SNYK-JS-VGBOT-6150701,TRUE
npm,djs-fetcher-v14,*,11/1/24,https://security.snyk.io/vuln/SNYK-JS-DJSFETCHERV14-6150700,TRUE
npm,deep-search-exports-directory,*,11/1/24,https://security.snyk.io/vuln/SNYK-JS-DEEPSEARCHEXPORTSDIRECTORY-6150699,TRUE
npm,dynatrace-oneagent-nodejs,*,11/1/24,https://security.snyk.io/vuln/SNYK-JS-DYNATRACEONEAGENTNODEJS-6150698,TRUE
npm,nylas-core,*,11/1/24,https://security.snyk.io/vuln/SNYK-JS-NYLASCORE-6150697,TRUE
npm,bakery-dashboard,*,11/1/24,https://security.snyk.io/vuln/SNYK-JS-BAKERYDASHBOARD-6150696,TRUE
npm,replit-extensions-react,*,11/1/24,https://security.snyk.io/vuln/SNYK-JS-REPLITEXTENSIONSREACT-6150695,TRUE
npm,lwc-jest-serializer,*,11/1/24,https://security.snyk.io/vuln/SNYK-JS-LWCJESTSERIALIZER-6150694,TRUE
npm,ember-cli-progress-ci,*,11/1/24,https://security.snyk.io/vuln/SNYK-JS-EMBERCLIPROGRESSCI-6150693,TRUE
npm,coloma,*,11/1/24,https://security.snyk.io/vuln/SNYK-JS-COLOMA-6150692,TRUE
npm,@monokera/react-components-storybook,*,10/1/24,https://security.snyk.io/vuln/SNYK-JS-MONOKERAREACTCOMPONENTSSTORYBOOK-6149510,TRUE
npm,schedules-oauth-itwin,*,10/1/24,https://security.snyk.io/vuln/SNYK-JS-SCHEDULESOAUTHITWIN-6149508,TRUE
npm,raspeditor,*,10/1/24,https://security.snyk.io/vuln/SNYK-JS-RASPEDITOR-6149507,TRUE
npm,d5-es6-sass-boilerplate,*,10/1/24,https://security.snyk.io/vuln/SNYK-JS-D5ES6SASSBOILERPLATE-6149506,TRUE
npm,holamessironaldo,*,10/1/24,https://security.snyk.io/vuln/SNYK-JS-HOLAMESSIRONALDO-6149505,TRUE
npm,webrtc-studio-connection,*,10/1/24,https://security.snyk.io/vuln/SNYK-JS-WEBRTCSTUDIOCONNECTION-6149504,TRUE
npm,axis-common-lib,*,10/1/24,https://security.snyk.io/vuln/SNYK-JS-AXISCOMMONLIB-6149503,TRUE
npm,@linesearch/swiper,*,10/1/24,https://security.snyk.io/vuln/SNYK-JS-LINESEARCHSWIPER-6149502,TRUE
npm,@jitoz/encrypted-tools,*,10/1/24,https://security.snyk.io/vuln/SNYK-JS-JITOZENCRYPTEDTOOLS-6149501,TRUE
npm,feather-icons-pro,*,7/1/24,https://security.snyk.io/vuln/SNYK-JS-FEATHERICONSPRO-6146037,TRUE
npm,styled-beautify-components,*,7/1/24,https://security.snyk.io/vuln/SNYK-JS-STYLEDBEAUTIFYCOMPONENTS-6146036,TRUE
npm,envi-config,*,7/1/24,https://security.snyk.io/vuln/SNYK-JS-ENVICONFIG-6146035,TRUE
npm,cryptotestenv,*,7/1/24,https://security.snyk.io/vuln/SNYK-JS-CRYPTOTESTENV-6146034,TRUE
npm,bitcore-transactions,*,7/1/24,https://security.snyk.io/vuln/SNYK-JS-BITCORETRANSACTIONS-6146033,TRUE
npm,chainflowpro,*,7/1/24,https://security.snyk.io/vuln/SNYK-JS-CHAINFLOWPRO-6146032,TRUE
npm,config-storages,*,7/1/24,https://security.snyk.io/vuln/SNYK-JS-CONFIGSTORAGES-6146031,TRUE
npm,blockchaintestenv,*,7/1/24,https://security.snyk.io/vuln/SNYK-JS-BLOCKCHAINTESTENV-6146030,TRUE
npm,coincryptotest,*,7/1/24,https://security.snyk.io/vuln/SNYK-JS-COINCRYPTOTEST-6146029,TRUE
npm,port-common,*,7/1/24,https://security.snyk.io/vuln/SNYK-JS-PORTCOMMON-6146028,TRUE
npm,simplecointest,*,7/1/24,https://security.snyk.io/vuln/SNYK-JS-SIMPLECOINTEST-6146027,TRUE
npm,config-envi,*,7/1/24,https://security.snyk.io/vuln/SNYK-JS-CONFIGENVI-6146026,TRUE
npm,kodiak2k,*,5/1/24,https://security.snyk.io/vuln/SNYK-JS-KODIAK2K-6144794,TRUE
npm,ether-sdk,*,4/1/24,https://security.snyk.io/vuln/SNYK-JS-ETHERSDK-6143550,TRUE
npm,warbeast2000,*,3/1/24,https://security.snyk.io/vuln/SNYK-JS-WARBEAST2000-6142635,TRUE
npm,everything,*,3/1/24,https://security.snyk.io/vuln/SNYK-JS-EVERYTHING-6142161,TRUE
npm,airslate-core-components,*,3/1/24,https://security.snyk.io/vuln/SNYK-JS-AIRSLATECORECOMPONENTS-6142156,TRUE
npm,airslate-navigation,*,3/1/24,https://security.snyk.io/vuln/SNYK-JS-AIRSLATENAVIGATION-6142155,TRUE
npm,metabase-enterprise,*,3/1/24,https://security.snyk.io/vuln/SNYK-JS-METABASEENTERPRISE-6142154,TRUE
npm,page-configs,*,3/1/24,https://security.snyk.io/vuln/SNYK-JS-PAGECONFIGS-6142153,TRUE
npm,mw-common-components,*,3/1/24,https://security.snyk.io/vuln/SNYK-JS-MWCOMMONCOMPONENTS-6142152,TRUE
npm,sparxy,*,3/1/24,https://security.snyk.io/vuln/SNYK-JS-SPARXY-6142151,TRUE
npm,@serenity-web/common-helpers,*,2/1/24,https://security.snyk.io/vuln/SNYK-JS-SERENITYWEBCOMMONHELPERS-6141152,TRUE
npm,unit-testing-controllers,*,2/1/24,https://security.snyk.io/vuln/SNYK-JS-UNITTESTINGCONTROLLERS-6141151,TRUE
npm,@serenity-web/channel-motor,*,2/1/24,https://security.snyk.io/vuln/SNYK-JS-SERENITYWEBCHANNELMOTOR-6141150,TRUE
npm,@msmg-money/get-current-env,*,2/1/24,https://security.snyk.io/vuln/SNYK-JS-MSMGMONEYGETCURRENTENV-6141149,TRUE
npm,@authentication-pages/vue-cli-prebuild,*,2/1/24,https://security.snyk.io/vuln/SNYK-JS-AUTHENTICATIONPAGESVUECLIPREBUILD-6141148,TRUE
npm,@serenity-web/components-base,*,2/1/24,https://security.snyk.io/vuln/SNYK-JS-SERENITYWEBCOMPONENTSBASE-6141147,TRUE
npm,yield-api-documentation,*,2/1/24,https://security.snyk.io/vuln/SNYK-JS-YIELDAPIDOCUMENTATION-6141146,TRUE
npm,get_name_of_token,*,2/1/24,https://security.snyk.io/vuln/SNYK-JS-GETNAMEOFTOKEN-6141145,TRUE
npm,bsc-allowance,*,2/1/24,https://security.snyk.io/vuln/SNYK-JS-BSCALLOWANCE-6141144,TRUE
npm,matomo-looker-studio-connector,*,2/1/24,https://security.snyk.io/vuln/SNYK-JS-MATOMOLOOKERSTUDIOCONNECTOR-6141143,TRUE
npm,@serenity-web/common-assets,*,2/1/24,https://security.snyk.io/vuln/SNYK-JS-SERENITYWEBCOMMONASSETS-6141142,TRUE
npm,matomo-for-wordpress,*,2/1/24,https://security.snyk.io/vuln/SNYK-JS-MATOMOFORWORDPRESS-6141141,TRUE
npm,@msmg-money/vue-datadog,*,2/1/24,https://security.snyk.io/vuln/SNYK-JS-MSMGMONEYVUEDATADOG-6141140,TRUE
npm,obiz,*,2/1/24,https://security.snyk.io/vuln/SNYK-JS-OBIZ-6141139,TRUE
npm,discord.js-self-v22,*,2/1/24,https://security.snyk.io/vuln/SNYK-JS-DISCORDJSSELFV22-6141138,TRUE
npm,chain00x,*,29/12/23,https://security.snyk.io/vuln/SNYK-JS-CHAIN00X-6140430,TRUE
npm,holland,*,29/12/23,https://security.snyk.io/vuln/SNYK-JS-HOLLAND-6140429,TRUE
npm,discord.js-selfbot-dmallfriend-v13,*,29/12/23,https://security.snyk.io/vuln/SNYK-JS-DISCORDJSSELFBOTDMALLFRIENDV13-6140428,TRUE
npm,lockself,*,29/12/23,https://security.snyk.io/vuln/SNYK-JS-LOCKSELF-6140427,TRUE
npm,discord.js-v13-selbots,*,29/12/23,https://security.snyk.io/vuln/SNYK-JS-DISCORDJSV13SELBOTS-6140426,TRUE
npm,discord.js-selbotderank,*,29/12/23,https://security.snyk.io/vuln/SNYK-JS-DISCORDJSSELBOTDERANK-6140425,TRUE
npm,discord.js-selfbots-v13,*,29/12/23,https://security.snyk.io/vuln/SNYK-JS-DISCORDJSSELFBOTSV13-6140424,TRUE
npm,sd-v13.js,*,29/12/23,https://security.snyk.io/vuln/SNYK-JS-SDV13JS-6140423,TRUE
npm,biscits,*,28/12/23,https://security.snyk.io/vuln/SNYK-JS-BISCITS-6140311,TRUE
npm,spectrum-utils,*,28/12/23,https://security.snyk.io/vuln/SNYK-JS-SPECTRUMUTILS-6140310,TRUE
npm,discord.js-self-v21,*,28/12/23,https://security.snyk.io/vuln/SNYK-JS-DISCORDJSSELFV21-6140309,TRUE
npm,axio-https,*,28/12/23,https://security.snyk.io/vuln/SNYK-JS-AXIOHTTPS-6140308,TRUE
npm,discord.js-self2,*,28/12/23,https://security.snyk.io/vuln/SNYK-JS-DISCORDJSSELF2-6140307,TRUE
npm,myservice.web,*,27/12/23,https://security.snyk.io/vuln/SNYK-JS-MYSERVICEWEB-6139930,TRUE
npm,next-id-doc,*,27/12/23,https://security.snyk.io/vuln/SNYK-JS-NEXTIDDOC-6139929,TRUE
npm,fe-commons,*,27/12/23,https://security.snyk.io/vuln/SNYK-JS-FECOMMONS-6139928,TRUE
npm,discord.js-selfbot-v23,*,27/12/23,https://security.snyk.io/vuln/SNYK-JS-DISCORDJSSELFBOTV23-6139927,TRUE
npm,react-hook-form-latest,*,25/12/23,https://security.snyk.io/vuln/SNYK-JS-REACTHOOKFORMLATEST-6139266,TRUE
npm,run-matlab-command,*,22/12/23,https://security.snyk.io/vuln/SNYK-JS-RUNMATLABCOMMAND-6137918,TRUE
npm,hackathon-web,*,22/12/23,https://security.snyk.io/vuln/SNYK-JS-HACKATHONWEB-6137917,TRUE
npm,release-management-slack,*,22/12/23,https://security.snyk.io/vuln/SNYK-JS-RELEASEMANAGEMENTSLACK-6137916,TRUE
npm,element-block-starter,*,22/12/23,https://security.snyk.io/vuln/SNYK-JS-ELEMENTBLOCKSTARTER-6137915,TRUE
npm,jupyter_matlab_labextension,*,22/12/23,https://security.snyk.io/vuln/SNYK-JS-JUPYTERMATLABLABEXTENSION-6137914,TRUE
npm,reduced-ui-pack,*,20/12/23,https://security.snyk.io/vuln/SNYK-JS-REDUCEDUIPACK-6132131,TRUE
npm,create-codecpetjs-bdd-tests,*,20/12/23,https://security.snyk.io/vuln/SNYK-JS-CREATECODECPETJSBDDTESTS-6132130,TRUE
npm,discord-sb-v13,*,20/12/23,https://security.snyk.io/vuln/SNYK-JS-DISCORDSBV13-6132129,TRUE
npm,djs-sb-v13,*,20/12/23,https://security.snyk.io/vuln/SNYK-JS-DJSSBV13-6132128,TRUE
npm,dsc-sb-v13,*,20/12/23,https://security.snyk.io/vuln/SNYK-JS-DSCSBV13-6132127,TRUE
npm,discord-selfbot-v13.js,*,20/12/23,https://security.snyk.io/vuln/SNYK-JS-DISCORDSELFBOTV13JS-6132126,TRUE
npm,biobot,*,20/12/23,https://security.snyk.io/vuln/SNYK-JS-BIOBOT-6132125,TRUE
npm,unilin,*,20/12/23,https://security.snyk.io/vuln/SNYK-JS-UNILIN-6132124,TRUE
npm,ngx-xtra-schematics,*,19/12/23,https://security.snyk.io/vuln/SNYK-JS-NGXXTRASCHEMATICS-6131194,TRUE
npm,allianz,*,19/12/23,https://security.snyk.io/vuln/SNYK-JS-ALLIANZ-6131193,TRUE
npm,users-lookup,*,19/12/23,https://security.snyk.io/vuln/SNYK-JS-USERSLOOKUP-6131192,TRUE
npm,nice-dag-kernel,*,19/12/23,https://security.snyk.io/vuln/SNYK-JS-NICEDAGKERNEL-6131191,TRUE
npm,techouvot,*,19/12/23,https://security.snyk.io/vuln/SNYK-JS-TECHOUVOT-6131190,TRUE
npm,figma-include-accessibility-annotations,*,19/12/23,https://security.snyk.io/vuln/SNYK-JS-FIGMAINCLUDEACCESSIBILITYANNOTATIONS-6131189,TRUE
npm,jupyter-notebook-deps,*,19/12/23,https://security.snyk.io/vuln/SNYK-JS-JUPYTERNOTEBOOKDEPS-6131188,TRUE
npm,hpulse,*,19/12/23,https://security.snyk.io/vuln/SNYK-JS-HPULSE-6131187,TRUE
npm,paalni,*,19/12/23,https://security.snyk.io/vuln/SNYK-JS-PAALNI-6131186,TRUE
npm,bv-commons,*,19/12/23,https://security.snyk.io/vuln/SNYK-JS-BVCOMMONS-6131185,TRUE
npm,fgrav,*,19/12/23,https://security.snyk.io/vuln/SNYK-JS-FGRAV-6131184,TRUE
npm,crossdomain-xhr,*,19/12/23,https://security.snyk.io/vuln/SNYK-JS-CROSSDOMAINXHR-6131183,TRUE
npm,arrays-string,*,18/12/23,https://security.snyk.io/vuln/SNYK-JS-ARRAYSSTRING-6129717,TRUE
npm,discord.js-unofficial,*,18/12/23,https://security.snyk.io/vuln/SNYK-JS-DISCORDJSUNOFFICIAL-6129716,TRUE
npm,blingbling-dasda,*,18/12/23,https://security.snyk.io/vuln/SNYK-JS-BLINGBLINGDASDA-6129715,TRUE
npm,2e6d5f64604be31,*,17/12/23,https://security.snyk.io/vuln/SNYK-JS-2E6D5F64604BE31-6129506,TRUE
npm,react-persian-calendar-date-picker222,*,15/12/23,https://security.snyk.io/vuln/SNYK-JS-REACTPERSIANCALENDARDATEPICKER222-6129057,TRUE
npm,web3-core-subscription,*,15/12/23,https://security.snyk.io/vuln/SNYK-JS-WEB3CORESUBSCRIPTION-6129056,TRUE
npm,@ledgerhq/connect-kit,>1.1.4 <1.1.8,15/12/23,https://security.snyk.io/vuln/SNYK-JS-LEDGERHQCONNECTKIT-6127404,TRUE
npm,css-hell,*,14/12/23,https://security.snyk.io/vuln/SNYK-JS-CSSHELL-6124889,TRUE
npm,blockchain-transactions,*,12/12/23,https://security.snyk.io/vuln/SNYK-JS-BLOCKCHAINTRANSACTIONS-6117575,TRUE
npm,blockchain-contracts,*,11/12/23,https://security.snyk.io/vuln/SNYK-JS-BLOCKCHAINCONTRACTS-6115182,TRUE
npm,shinchina,*,11/12/23,https://security.snyk.io/vuln/SNYK-JS-SHINCHINA-6114724,TRUE
npm,react-native-dual-pedometer,*,11/12/23,https://security.snyk.io/vuln/SNYK-JS-REACTNATIVEDUALPEDOMETER-6114723,TRUE
npm,orchestrationdesk,*,11/12/23,https://security.snyk.io/vuln/SNYK-JS-ORCHESTRATIONDESK-6114722,TRUE
npm,sentrybrowser,*,8/12/23,https://security.snyk.io/vuln/SNYK-JS-SENTRYBROWSER-6105394,TRUE
npm,multiversx-wallet,*,7/12/23,https://security.snyk.io/vuln/SNYK-JS-MULTIVERSXWALLET-6102489,TRUE
npm,cronos-lib,*,7/12/23,https://security.snyk.io/vuln/SNYK-JS-CRONOSLIB-6102488,TRUE
npm,cosmos-wallet-js,*,7/12/23,https://security.snyk.io/vuln/SNYK-JS-COSMOSWALLETJS-6102487,TRUE
npm,killroad-ss-x,*,7/12/23,https://security.snyk.io/vuln/SNYK-JS-KILLROADSSX-6102486,TRUE
npm,kindly-testing,*,7/12/23,https://security.snyk.io/vuln/SNYK-JS-KINDLYTESTING-6102485,TRUE
npm,solodev-cms,*,7/12/23,https://security.snyk.io/vuln/SNYK-JS-SOLODEVCMS-6102484,TRUE
npm,@huby/infovist-report,*,6/12/23,https://security.snyk.io/vuln/SNYK-JS-HUBYINFOVISTREPORT-6100743,TRUE
npm,pdf2teste,*,4/12/23,https://security.snyk.io/vuln/SNYK-JS-PDF2TESTE-6097467,TRUE
npm,pdf2htmlex3,*,4/12/23,https://security.snyk.io/vuln/SNYK-JS-PDF2HTMLEX3-6097466,TRUE
npm,testepocdep,*,4/12/23,https://security.snyk.io/vuln/SNYK-JS-TESTEPOCDEP-6097465,TRUE
npm,pdf2htmlextest,*,4/12/23,https://security.snyk.io/vuln/SNYK-JS-PDF2HTMLEXTEST-6097464,TRUE
npm,testepoc20232,*,4/12/23,https://security.snyk.io/vuln/SNYK-JS-TESTEPOC20232-6097463,TRUE
npm,pdf2htmlex2,*,4/12/23,https://security.snyk.io/vuln/SNYK-JS-PDF2HTMLEX2-6097462,TRUE
npm,cannotdelete,*,4/12/23,https://security.snyk.io/vuln/SNYK-JS-CANNOTDELETE-6097461,TRUE
npm,discord-sounds,*,4/12/23,https://security.snyk.io/vuln/SNYK-JS-DISCORDSOUNDS-6097460,TRUE
npm,port-launcher,*,4/12/23,https://security.snyk.io/vuln/SNYK-JS-PORTLAUNCHER-6097459,TRUE
npm,astroia,*,30/11/23,https://security.snyk.io/vuln/SNYK-JS-ASTROIA-6095180,TRUE
npm,custom-cafe-pdf,*,30/11/23,https://security.snyk.io/vuln/SNYK-JS-CUSTOMCAFEPDF-6095179,TRUE
npm,coloureds,*,30/11/23,https://security.snyk.io/vuln/SNYK-JS-COLOUREDS-6095178,TRUE
npm,get-twitter-status,*,30/11/23,https://security.snyk.io/vuln/SNYK-JS-GETTWITTERSTATUS-6095177,TRUE
npm,bsd-pdf,*,30/11/23,https://security.snyk.io/vuln/SNYK-JS-BSDPDF-6095176,TRUE
npm,requestlyx,*,30/11/23,https://security.snyk.io/vuln/SNYK-JS-REQUESTLYX-6095175,TRUE
npm,@lognex/notifications,*,29/11/23,https://security.snyk.io/vuln/SNYK-JS-LOGNEXNOTIFICATIONS-6092425,TRUE
npm,@lognex/services-api,*,29/11/23,https://security.snyk.io/vuln/SNYK-JS-LOGNEXSERVICESAPI-6092424,TRUE
npm,@lognex/services-routing,*,29/11/23,https://security.snyk.io/vuln/SNYK-JS-LOGNEXSERVICESROUTING-6092423,TRUE
npm,@lognex/services-event,*,29/11/23,https://security.snyk.io/vuln/SNYK-JS-LOGNEXSERVICESEVENT-6092422,TRUE
npm,@lognex/services-translate,*,29/11/23,https://security.snyk.io/vuln/SNYK-JS-LOGNEXSERVICESTRANSLATE-6092421,TRUE
npm,@lognex/ecom-recommendations,*,29/11/23,https://security.snyk.io/vuln/SNYK-JS-LOGNEXECOMRECOMMENDATIONS-6092420,TRUE
npm,vivo-packages,*,29/11/23,https://security.snyk.io/vuln/SNYK-JS-VIVOPACKAGES-6092419,TRUE
npm,fibo-num,*,28/11/23,https://security.snyk.io/vuln/SNYK-JS-FIBONUM-6091927,TRUE
npm,dusrtt,*,28/11/23,https://security.snyk.io/vuln/SNYK-JS-DUSRTT-6091926,TRUE
npm,oddsfire-components,*,28/11/23,https://security.snyk.io/vuln/SNYK-JS-ODDSFIRECOMPONENTS-6091925,TRUE
npm,configcat-docs,*,28/11/23,https://security.snyk.io/vuln/SNYK-JS-CONFIGCATDOCS-6091924,TRUE
npm,grunt-ac-toolkit,*,28/11/23,https://security.snyk.io/vuln/SNYK-JS-GRUNTACTOOLKIT-6091923,TRUE
npm,@ukncsc/my-ncsc-ui-common-core,*,28/11/23,https://security.snyk.io/vuln/SNYK-JS-UKNCSCMYNCSCUICOMMONCORE-6091922,TRUE
npm,moonpig,*,28/11/23,https://security.snyk.io/vuln/SNYK-JS-MOONPIG-6091921,TRUE
npm,tessa-npm-plugin,*,26/11/23,https://security.snyk.io/vuln/SNYK-JS-TESSANPMPLUGIN-6085295,TRUE
npm,minotari_wallet_ff,*,26/11/23,https://security.snyk.io/vuln/SNYK-JS-MINOTARIWALLETFF-6085294,TRUE
npm,tari_wallet_ffi,*,26/11/23,https://security.snyk.io/vuln/SNYK-JS-TARIWALLETFFI-6085293,TRUE
npm,ory-demo,*,24/11/23,https://security.snyk.io/vuln/SNYK-JS-ORYDEMO-6084056,TRUE
npm,wehackreposss,*,24/11/23,https://security.snyk.io/vuln/SNYK-JS-WEHACKREPOSSS-6084055,TRUE
npm,kratos-nextjs-react-example,*,24/11/23,https://security.snyk.io/vuln/SNYK-JS-KRATOSNEXTJSREACTEXAMPLE-6084054,TRUE
npm,otnet-ory-network-tests,*,24/11/23,https://security.snyk.io/vuln/SNYK-JS-OTNETORYNETWORKTESTS-6084053,TRUE
npm,build-buf-action,*,24/11/23,https://security.snyk.io/vuln/SNYK-JS-BUILDBUFACTION-6084052,TRUE
npm,ory-config,*,24/11/23,https://security.snyk.io/vuln/SNYK-JS-ORYCONFIG-6084051,TRUE
npm,discord-bottt,*,24/11/23,https://security.snyk.io/vuln/SNYK-JS-DISCORDBOTTT-6084050,TRUE
npm,wehackrepos,*,24/11/23,https://security.snyk.io/vuln/SNYK-JS-WEHACKREPOS-6084049,TRUE
npm,docusaurus-plugin-matamoh,*,24/11/23,https://security.snyk.io/vuln/SNYK-JS-DOCUSAURUSPLUGINMATAMOH-6084048,TRUE
npm,docusaurus-plugin-matamohnhb,*,24/11/23,https://security.snyk.io/vuln/SNYK-JS-DOCUSAURUSPLUGINMATAMOHNHB-6084047,TRUE
npm,nextcapital-client-demo,*,23/11/23,https://security.snyk.io/vuln/SNYK-JS-NEXTCAPITALCLIENTDEMO-6083329,TRUE
npm,mpesa_listener,*,23/11/23,https://security.snyk.io/vuln/SNYK-JS-MPESALISTENER-6083328,TRUE
npm,todo-backend,*,23/11/23,https://security.snyk.io/vuln/SNYK-JS-TODOBACKEND-6083327,TRUE
npm,starling-api-web-starter-kit,*,23/11/23,https://security.snyk.io/vuln/SNYK-JS-STARLINGAPIWEBSTARTERKIT-6083326,TRUE
npm,serverless-provisioned-memory-report,*,23/11/23,https://security.snyk.io/vuln/SNYK-JS-SERVERLESSPROVISIONEDMEMORYREPORT-6083325,TRUE
npm,purchase,*,23/11/23,https://security.snyk.io/vuln/SNYK-JS-PURCHASE-6083324,TRUE
npm,arubawebappbackend,*,23/11/23,https://security.snyk.io/vuln/SNYK-JS-ARUBAWEBAPPBACKEND-6083323,TRUE
npm,immutable-seaport,*,23/11/23,https://security.snyk.io/vuln/SNYK-JS-IMMUTABLESEAPORT-6083322,TRUE
npm,npm-base-template,*,23/11/23,https://security.snyk.io/vuln/SNYK-JS-NPMBASETEMPLATE-6083321,TRUE
npm,areweplayingyet,*,23/11/23,https://security.snyk.io/vuln/SNYK-JS-AREWEPLAYINGYET-6083320,TRUE
npm,re_rank_demo,*,23/11/23,https://security.snyk.io/vuln/SNYK-JS-RERANKDEMO-6083319,TRUE
npm,eslint-plugin-discord,*,23/11/23,https://security.snyk.io/vuln/SNYK-JS-ESLINTPLUGINDISCORD-6083318,TRUE
npm,sofa1-shop,*,23/11/23,https://security.snyk.io/vuln/SNYK-JS-SOFA1SHOP-6083317,TRUE
npm,mxtorie-prevname,*,21/11/23,https://security.snyk.io/vuln/SNYK-JS-MXTORIEPREVNAME-6070648,TRUE
npm,vpc-nat-gateway-dependency,*,21/11/23,https://security.snyk.io/vuln/SNYK-JS-VPCNATGATEWAYDEPENDENCY-6070647,TRUE
npm,footnote-component,*,21/11/23,https://security.snyk.io/vuln/SNYK-JS-FOOTNOTECOMPONENT-6070646,TRUE
npm,jobserver,*,21/11/23,https://security.snyk.io/vuln/SNYK-JS-JOBSERVER-6070645,TRUE
npm,xpub-lib,*,21/11/23,https://security.snyk.io/vuln/SNYK-JS-XPUBLIB-6070644,TRUE
npm,manage-cache,*,21/11/23,https://security.snyk.io/vuln/SNYK-JS-MANAGECACHE-6070643,TRUE
npm,mxtorie-api,*,21/11/23,https://security.snyk.io/vuln/SNYK-JS-MXTORIEAPI-6070642,TRUE
npm,frontend-components-react-transpiled,*,21/11/23,https://security.snyk.io/vuln/SNYK-JS-FRONTENDCOMPONENTSREACTTRANSPILED-6070641,TRUE
npm,one-host-app-context,*,21/11/23,https://security.snyk.io/vuln/SNYK-JS-ONEHOSTAPPCONTEXT-6070640,TRUE
npm,ifl-icons,*,21/11/23,https://security.snyk.io/vuln/SNYK-JS-IFLICONS-6070639,TRUE
npm,f0-components,*,21/11/23,https://security.snyk.io/vuln/SNYK-JS-F0COMPONENTS-6070638,TRUE
npm,node-common-npm-scripts,*,21/11/23,https://security.snyk.io/vuln/SNYK-JS-NODECOMMONNPMSCRIPTS-6070637,TRUE
npm,ifl-components,*,21/11/23,https://security.snyk.io/vuln/SNYK-JS-IFLCOMPONENTS-6070636,TRUE
npm,one-host-page-title-management,*,21/11/23,https://security.snyk.io/vuln/SNYK-JS-ONEHOSTPAGETITLEMANAGEMENT-6070635,TRUE
npm,spring-boot-admin-virgil-custom-ui,*,21/11/23,https://security.snyk.io/vuln/SNYK-JS-SPRINGBOOTADMINVIRGILCUSTOMUI-6070634,TRUE
npm,shein-lego,*,20/11/23,https://security.snyk.io/vuln/SNYK-JS-SHEINLEGO-6069891,TRUE
npm,carvana,*,20/11/23,https://security.snyk.io/vuln/SNYK-JS-CARVANA-6069890,TRUE
npm,oasis-os-react,*,20/11/23,https://security.snyk.io/vuln/SNYK-JS-OASISOSREACT-6069889,TRUE
npm,nintendo-of-europe,*,20/11/23,https://security.snyk.io/vuln/SNYK-JS-NINTENDOOFEUROPE-6069888,TRUE
npm,customer-journey-socket,*,20/11/23,https://security.snyk.io/vuln/SNYK-JS-CUSTOMERJOURNEYSOCKET-6069887,TRUE
npm,spotify-internal,*,20/11/23,https://security.snyk.io/vuln/SNYK-JS-SPOTIFYINTERNAL-6069886,TRUE
npm,oasis-auth,*,20/11/23,https://security.snyk.io/vuln/SNYK-JS-OASISAUTH-6069885,TRUE
npm,cobrowse-visitor,*,20/11/23,https://security.snyk.io/vuln/SNYK-JS-COBROWSEVISITOR-6069884,TRUE
npm,schibsted-ufo,*,20/11/23,https://security.snyk.io/vuln/SNYK-JS-SCHIBSTEDUFO-6069883,TRUE
npm,xfinity-web,*,20/11/23,https://security.snyk.io/vuln/SNYK-JS-XFINITYWEB-6069882,TRUE
npm,linktr.ee,*,20/11/23,https://security.snyk.io/vuln/SNYK-JS-LINKTREE-6069881,TRUE
npm,bds-ng,*,20/11/23,https://security.snyk.io/vuln/SNYK-JS-BDSNG-6069880,TRUE
npm,discord-web-stream,*,20/11/23,https://security.snyk.io/vuln/SNYK-JS-DISCORDWEBSTREAM-6069879,TRUE
npm,discord-web-stream.js,*,20/11/23,https://security.snyk.io/vuln/SNYK-JS-DISCORDWEBSTREAMJS-6069878,TRUE
npm,update-packager,*,15/11/23,https://security.snyk.io/vuln/SNYK-JS-UPDATEPACKAGER-6057540,TRUE
npm,@airslate/front-locales,*,15/11/23,https://security.snyk.io/vuln/SNYK-JS-AIRSLATEFRONTLOCALES-6057539,TRUE
npm,objectish,*,14/11/23,https://security.snyk.io/vuln/SNYK-JS-OBJECTISH-6057205,TRUE
npm,iproduce,*,14/11/23,https://security.snyk.io/vuln/SNYK-JS-IPRODUCE-6057204,TRUE
npm,@atea/common-design-components,*,14/11/23,https://security.snyk.io/vuln/SNYK-JS-ATEACOMMONDESIGNCOMPONENTS-6057203,TRUE
npm,@atea/warranty-form,*,14/11/23,https://security.snyk.io/vuln/SNYK-JS-ATEAWARRANTYFORM-6057202,TRUE
npm,zoo-a11y-tests,*,13/11/23,https://security.snyk.io/vuln/SNYK-JS-ZOOA11YTESTS-6056235,TRUE
npm,zoo-web-components-docs,*,13/11/23,https://security.snyk.io/vuln/SNYK-JS-ZOOWEBCOMPONENTSDOCS-6056234,TRUE
npm,flink-dashboard,*,13/11/23,https://security.snyk.io/vuln/SNYK-JS-FLINKDASHBOARD-6056233,TRUE
npm,ifl-tokens,*,13/11/23,https://security.snyk.io/vuln/SNYK-JS-IFLTOKENS-6056232,TRUE
npm,ifl-themes,*,13/11/23,https://security.snyk.io/vuln/SNYK-JS-IFLTHEMES-6056231,TRUE
npm,plugin-getting-started,*,13/11/23,https://security.snyk.io/vuln/SNYK-JS-PLUGINGETTINGSTARTED-6056230,TRUE
npm,resume-sourcing-nodejs-client-credentials,*,13/11/23,https://security.snyk.io/vuln/SNYK-JS-RESUMESOURCINGNODEJSCLIENTCREDENTIALS-6056229,TRUE
npm,@tpgroup/tpg-icon-inventory,*,10/11/23,https://security.snyk.io/vuln/SNYK-JS-TPGROUPTPGICONINVENTORY-6054440,TRUE
npm,discord-oauth2.js,*,9/11/23,https://security.snyk.io/vuln/SNYK-JS-DISCORDOAUTH2JS-6053731,TRUE
npm,discordstreamings,*,9/11/23,https://security.snyk.io/vuln/SNYK-JS-DISCORDSTREAMINGS-6053730,TRUE
npm,vtex-toolbelt,*,9/11/23,https://security.snyk.io/vuln/SNYK-JS-VTEXTOOLBELT-6053703,TRUE
npm,vtec,*,9/11/23,https://security.snyk.io/vuln/SNYK-JS-VTEC-6053702,TRUE
npm,vetx,*,9/11/23,https://security.snyk.io/vuln/SNYK-JS-VETX-6053199,TRUE
npm,vader-pack,*,9/11/23,https://security.snyk.io/vuln/SNYK-JS-VADERPACK-6053198,TRUE
npm,tkn-poc,*,9/11/23,https://security.snyk.io/vuln/SNYK-JS-TKNPOC-6053197,TRUE
npm,doneida,*,9/11/23,https://security.snyk.io/vuln/SNYK-JS-DONEIDA-6053188,TRUE
npm,api_vinted,*,8/11/23,https://security.snyk.io/vuln/SNYK-JS-APIVINTED-6050629,TRUE
npm,javascript_process,*,8/11/23,https://security.snyk.io/vuln/SNYK-JS-JAVASCRIPTPROCESS-6050628,TRUE
npm,tst-atk,*,8/11/23,https://security.snyk.io/vuln/SNYK-JS-TSTATK-6050315,TRUE
npm,mux-spaces-broadcast-layouts,*,8/11/23,https://security.snyk.io/vuln/SNYK-JS-MUXSPACESBROADCASTLAYOUTS-6050290,TRUE
npm,sfdc-pie-chart,*,8/11/23,https://security.snyk.io/vuln/SNYK-JS-SFDCPIECHART-6050289,TRUE
npm,jira-check-action,*,8/11/23,https://security.snyk.io/vuln/SNYK-JS-JIRACHECKACTION-6050288,TRUE
npm,jest-coverage-report-action,*,8/11/23,https://security.snyk.io/vuln/SNYK-JS-JESTCOVERAGEREPORTACTION-6050287,TRUE
npm,rb-seatlayout-canvas,*,7/11/23,https://security.snyk.io/vuln/SNYK-JS-RBSEATLAYOUTCANVAS-6050240,TRUE
npm,@olxui/core,*,7/11/23,https://security.snyk.io/vuln/SNYK-JS-OLXUICORE-6050239,TRUE
npm,idme,*,7/11/23,https://security.snyk.io/vuln/SNYK-JS-IDME-6049538,TRUE
npm,discordstreams,*,7/11/23,https://security.snyk.io/vuln/SNYK-JS-DISCORDSTREAMS-6049537,TRUE
npm,shithandlers,*,7/11/23,https://security.snyk.io/vuln/SNYK-JS-SHITHANDLERS-6049536,TRUE
npm,djsmusicccs,*,7/11/23,https://security.snyk.io/vuln/SNYK-JS-DJSMUSICCCS-6049535,TRUE
npm,discordwebutils1,*,7/11/23,https://security.snyk.io/vuln/SNYK-JS-DISCORDWEBUTILS1-6049534,TRUE
npm,discordwebtest3,*,7/11/23,https://security.snyk.io/vuln/SNYK-JS-DISCORDWEBTEST3-6049533,TRUE
npm,djsmusiccc,*,7/11/23,https://security.snyk.io/vuln/SNYK-JS-DJSMUSICCC-6049532,TRUE
npm,demo-saas,*,7/11/23,https://security.snyk.io/vuln/SNYK-JS-DEMOSAAS-6049531,TRUE
npm,share-client,*,7/11/23,https://security.snyk.io/vuln/SNYK-JS-SHARECLIENT-6049530,TRUE
npm,symphony-vega,*,7/11/23,https://security.snyk.io/vuln/SNYK-JS-SYMPHONYVEGA-6049529,TRUE
npm,tvaultuiv2,*,7/11/23,https://security.snyk.io/vuln/SNYK-JS-TVAULTUIV2-6049528,TRUE
npm,ironfish-rust-nodejs,*,7/11/23,https://security.snyk.io/vuln/SNYK-JS-IRONFISHRUSTNODEJS-6049527,TRUE
npm,ksm-action,*,7/11/23,https://security.snyk.io/vuln/SNYK-JS-KSMACTION-6049526,TRUE
npm,classnames-benchmarks,*,7/11/23,https://security.snyk.io/vuln/SNYK-JS-CLASSNAMESBENCHMARKS-6049525,TRUE
npm,inventashif,*,7/11/23,https://security.snyk.io/vuln/SNYK-JS-INVENTASHIF-6049524,TRUE
npm,transaction-decoder,*,7/11/23,https://security.snyk.io/vuln/SNYK-JS-TRANSACTIONDECODER-6049523,TRUE
npm,frontegg-react-sanity-check,*,7/11/23,https://security.snyk.io/vuln/SNYK-JS-FRONTEGGREACTSANITYCHECK-6049522,TRUE
npm,symphony-list,*,7/11/23,https://security.snyk.io/vuln/SNYK-JS-SYMPHONYLIST-6049521,TRUE
npm,gatsby-starter-gitlab,*,7/11/23,https://security.snyk.io/vuln/SNYK-JS-GATSBYSTARTERGITLAB-6049520,TRUE
npm,stripe-terminal-react-native-dev-app,*,7/11/23,https://security.snyk.io/vuln/SNYK-JS-STRIPETERMINALREACTNATIVEDEVAPP-6049519,TRUE
npm,fa-icdc-form-api-bdt,*,7/11/23,https://security.snyk.io/vuln/SNYK-JS-FAICDCFORMAPIBDT-6049518,TRUE
npm,bt8-wax-front-lib,*,7/11/23,https://security.snyk.io/vuln/SNYK-JS-BT8WAXFRONTLIB-6049517,TRUE
npm,workspaces-install-already-exists,*,7/11/23,https://security.snyk.io/vuln/SNYK-JS-WORKSPACESINSTALLALREADYEXISTS-6049516,TRUE
npm,cms-flypage-components,*,7/11/23,https://security.snyk.io/vuln/SNYK-JS-CMSFLYPAGECOMPONENTS-6049515,TRUE
npm,oathkeeper,*,7/11/23,https://security.snyk.io/vuln/SNYK-JS-OATHKEEPER-6049510,TRUE
npm,watchman-search-ui,*,7/11/23,https://security.snyk.io/vuln/SNYK-JS-WATCHMANSEARCHUI-6049481,TRUE
npm,qlkube-client,*,7/11/23,https://security.snyk.io/vuln/SNYK-JS-QLKUBECLIENT-6049467,TRUE
npm,atmos-design-system,*,7/11/23,https://security.snyk.io/vuln/SNYK-JS-ATMOSDESIGNSYSTEM-6049454,TRUE
npm,print-vault-browser,*,7/11/23,https://security.snyk.io/vuln/SNYK-JS-PRINTVAULTBROWSER-6049438,TRUE
npm,creators-landing,*,7/11/23,https://security.snyk.io/vuln/SNYK-JS-CREATORSLANDING-6049052,TRUE
npm,odn-static-assets,*,7/11/23,https://security.snyk.io/vuln/SNYK-JS-ODNSTATICASSETS-6048868,TRUE
npm,airslate-controls,*,7/11/23,https://security.snyk.io/vuln/SNYK-JS-AIRSLATECONTROLS-6048867,TRUE
npm,airslate-error-handling-page,*,7/11/23,https://security.snyk.io/vuln/SNYK-JS-AIRSLATEERRORHANDLINGPAGE-6048866,TRUE
npm,sparkonto-plus-external-web-app,*,7/11/23,https://security.snyk.io/vuln/SNYK-JS-SPARKONTOPLUSEXTERNALWEBAPP-6048865,TRUE
npm,airslate-static,*,7/11/23,https://security.snyk.io/vuln/SNYK-JS-AIRSLATESTATIC-6048864,TRUE
npm,redux-modal-dispatcher,*,7/11/23,https://security.snyk.io/vuln/SNYK-JS-REDUXMODALDISPATCHER-6048863,TRUE
npm,airslate-image-uploader,*,7/11/23,https://security.snyk.io/vuln/SNYK-JS-AIRSLATEIMAGEUPLOADER-6048862,TRUE
npm,test-pocbb,*,7/11/23,https://security.snyk.io/vuln/SNYK-JS-TESTPOCBB-6048861,TRUE
npm,airslate-static.icons,*,7/11/23,https://security.snyk.io/vuln/SNYK-JS-AIRSLATESTATICICONS-6048860,TRUE
npm,airslate-api-client,*,7/11/23,https://security.snyk.io/vuln/SNYK-JS-AIRSLATEAPICLIENT-6048859,TRUE
npm,discordstream,*,7/11/23,https://security.snyk.io/vuln/SNYK-JS-DISCORDSTREAM-6048858,TRUE
npm,shithandler,*,7/11/23,https://security.snyk.io/vuln/SNYK-JS-SHITHANDLER-6048857,TRUE
npm,djsmusicccsz,*,7/11/23,https://security.snyk.io/vuln/SNYK-JS-DJSMUSICCCSZ-6048856,TRUE
npm,djstream,*,7/11/23,https://security.snyk.io/vuln/SNYK-JS-DJSTREAM-6048855,TRUE
npm,turbolinks-tests,*,6/11/23,https://security.snyk.io/vuln/SNYK-JS-TURBOLINKSTESTS-6047395,TRUE
npm,exnessimo,*,6/11/23,https://security.snyk.io/vuln/SNYK-JS-EXNESSIMO-6046477,TRUE
npm,bonded-stablecoin,*,6/11/23,https://security.snyk.io/vuln/SNYK-JS-BONDEDSTABLECOIN-6046476,TRUE
npm,bonded-stablecoin,*,6/11/23,https://security.snyk.io/vuln/SNYK-JS-BONDEDSTABLECOIN-6046476,TRUE
npm,astar-portal,*,6/11/23,https://security.snyk.io/vuln/SNYK-JS-ASTARPORTAL-6046475,TRUE
npm,test262-runner,*,6/11/23,https://security.snyk.io/vuln/SNYK-JS-TEST262RUNNER-6046474,TRUE
npm,hydradx-ui,*,6/11/23,https://security.snyk.io/vuln/SNYK-JS-HYDRADXUI-6046473,TRUE
npm,eslint-plugin-blade,*,6/11/23,https://security.snyk.io/vuln/SNYK-JS-ESLINTPLUGINBLADE-6046472,TRUE
npm,counterstake-bridge,*,6/11/23,https://security.snyk.io/vuln/SNYK-JS-COUNTERSTAKEBRIDGE-6046471,TRUE
npm,blockledger,*,5/11/23,https://security.snyk.io/vuln/SNYK-JS-BLOCKLEDGER-6046444,TRUE
npm,cryptotransact,*,5/11/23,https://security.snyk.io/vuln/SNYK-JS-CRYPTOTRANSACT-6046445,TRUE
npm,erc20-testenv,*,5/11/23,https://security.snyk.io/vuln/SNYK-JS-ERC20TESTENV-6046443,TRUE
npm,puma-com,*,5/11/23,https://security.snyk.io/vuln/SNYK-JS-PUMACOM-6046447,TRUE
npm,aliyundrive,*,3/11/23,https://security.snyk.io/vuln/SNYK-JS-ALIYUNDRIVE-6044695,TRUE
npm,arduino-ide-extension,*,3/11/23,https://security.snyk.io/vuln/SNYK-JS-ARDUINOIDEEXTENSION-6044717,TRUE
npm,babel-preset-slick,*,3/11/23,https://security.snyk.io/vuln/SNYK-JS-BABELPRESETSLICK-6044726,TRUE
npm,commons-skin,*,3/11/23,https://security.snyk.io/vuln/SNYK-JS-COMMONSSKIN-6044707,TRUE
npm,echarts-www,*,3/11/23,https://security.snyk.io/vuln/SNYK-JS-ECHARTSWWW-6044710,TRUE
npm,generate-protocol,*,3/11/23,https://security.snyk.io/vuln/SNYK-JS-GENERATEPROTOCOL-6044705,TRUE
npm,hexojs,*,3/11/23,https://security.snyk.io/vuln/SNYK-JS-HEXOJS-6044715,TRUE
npm,layui.js,*,3/11/23,https://security.snyk.io/vuln/SNYK-JS-LAYUIJS-6044696,TRUE
npm,linkis-website,*,3/11/23,https://security.snyk.io/vuln/SNYK-JS-LINKISWEBSITE-6044701,TRUE
npm,redis-v4,*,3/11/23,https://security.snyk.io/vuln/SNYK-JS-REDISV4-6044721,TRUE
npm,rocketmq-site,*,3/11/23,https://security.snyk.io/vuln/SNYK-JS-ROCKETMQSITE-6044693,TRUE
npm,scan4all,*,3/11/23,https://security.snyk.io/vuln/SNYK-JS-SCAN4ALL-6044712,TRUE
npm,sequelize-orm,*,3/11/23,https://security.snyk.io/vuln/SNYK-JS-SEQUELIZEORM-6044694,TRUE
npm,socket.io-client-v2,*,3/11/23,https://security.snyk.io/vuln/SNYK-JS-SOCKETIOCLIENTV2-6044722,TRUE
npm,spring-projects,*,3/11/23,https://security.snyk.io/vuln/SNYK-JS-SPRINGPROJECTS-6044698,TRUE
npm,sshwifty,*,3/11/23,https://security.snyk.io/vuln/SNYK-JS-SSHWIFTY-6044702,TRUE
npm,sshwifty-ui,*,3/11/23,https://security.snyk.io/vuln/SNYK-JS-SSHWIFTYUI-6044699,TRUE
npm,tsconfig-slick,*,3/11/23,https://security.snyk.io/vuln/SNYK-JS-TSCONFIGSLICK-6044723,TRUE
npm,tslint-slick,*,3/11/23,https://security.snyk.io/vuln/SNYK-JS-TSLINTSLICK-6044719,TRUE
npm,unieap,*,3/11/23,https://security.snyk.io/vuln/SNYK-JS-UNIEAP-6044697,TRUE
npm,unieap-android,*,3/11/23,https://security.snyk.io/vuln/SNYK-JS-UNIEAPANDROID-6044703,TRUE
npm,unieap-cloud,*,3/11/23,https://security.snyk.io/vuln/SNYK-JS-UNIEAPCLOUD-6044706,TRUE
npm,unieap-ios,*,3/11/23,https://security.snyk.io/vuln/SNYK-JS-UNIEAPIOS-6044700,TRUE
npm,unieap-spring,*,3/11/23,https://security.snyk.io/vuln/SNYK-JS-UNIEAPSPRING-6044709,TRUE
npm,www-site,*,3/11/23,https://security.snyk.io/vuln/SNYK-JS-WWWSITE-6044704,TRUE
npm,xterm-addon-clipboard,*,3/11/23,https://security.snyk.io/vuln/SNYK-JS-XTERMADDONCLIPBOARD-6044708,TRUE
npm,xterm-addon-unicode-graphemes,*,3/11/23,https://security.snyk.io/vuln/SNYK-JS-XTERMADDONUNICODEGRAPHEMES-6044724,TRUE
npm,yinhai,*,3/11/23,https://security.snyk.io/vuln/SNYK-JS-YINHAI-6044714,TRUE
npm,yinhai-cloud,*,3/11/23,https://security.snyk.io/vuln/SNYK-JS-YINHAICLOUD-6044725,TRUE
npm,yinhai-ta3,*,3/11/23,https://security.snyk.io/vuln/SNYK-JS-YINHAITA3-6044716,TRUE
npm,yinhai-ta3-cloud,*,3/11/23,https://security.snyk.io/vuln/SNYK-JS-YINHAITA3CLOUD-6044720,TRUE
npm,kraken-frontend,*,31/10/23,https://security.snyk.io/vuln/SNYK-JS-KRAKENFRONTEND-6039787,TRUE
npm,z-dsm,*,31/10/23,https://security.snyk.io/vuln/SNYK-JS-ZDSM-6039786,TRUE
npm,fuzzer-gui,*,31/10/23,https://security.snyk.io/vuln/SNYK-JS-FUZZERGUI-6039785,TRUE
npm,fadam-com-test-1,*,31/10/23,https://security.snyk.io/vuln/SNYK-JS-FADAMCOMTEST1-6039784,TRUE
npm,by-helpers,*,31/10/23,https://security.snyk.io/vuln/SNYK-JS-BYHELPERS-6039783,TRUE
npm,envi-conf,*,25/10/23,https://security.snyk.io/vuln/SNYK-JS-ENVICONF-6032389,TRUE
npm,envision-config,*,25/10/23,https://security.snyk.io/vuln/SNYK-JS-ENVISIONCONFIG-6032388,TRUE
npm,proofing,*,24/10/23,https://security.snyk.io/vuln/SNYK-JS-PROOFING-6028118,TRUE
npm,@ltd2research/tldrequest,*,20/10/23,https://security.snyk.io/vuln/SNYK-JS-LTD2RESEARCHTLDREQUEST-6016309,TRUE
npm,very-bad-npm-package2,*,16/10/23,https://security.snyk.io/vuln/SNYK-JS-VERYBADNPMPACKAGE2-5969487,TRUE
npm,very-bad-npm_uwu,*,16/10/23,https://security.snyk.io/vuln/SNYK-JS-VERYBADNPMUWU-5969486,TRUE
npm,fca-kemdino,*,16/10/23,https://security.snyk.io/vuln/SNYK-JS-FCAKEMDINO-5969485,TRUE
npm,fca-kemdev,*,16/10/23,https://security.snyk.io/vuln/SNYK-JS-FCAKEMDEV-5969484,TRUE
npm,kempremium-dev,*,16/10/23,https://security.snyk.io/vuln/SNYK-JS-KEMPREMIUMDEV-5969483,TRUE
npm,very-bad-npm-package,*,16/10/23,https://security.snyk.io/vuln/SNYK-JS-VERYBADNPMPACKAGE-5969482,TRUE
npm,very-bad-npm,*,16/10/23,https://security.snyk.io/vuln/SNYK-JS-VERYBADNPM-5969481,TRUE
npm,data-kempremium,*,16/10/23,https://security.snyk.io/vuln/SNYK-JS-DATAKEMPREMIUM-5969480,TRUE
npm,@momo-miniapp/apix,*,13/10/23,https://security.snyk.io/vuln/SNYK-JS-MOMOMINIAPPAPIX-5962480,TRUE
npm,@momo-miniapp/api,*,13/10/23,https://security.snyk.io/vuln/SNYK-JS-MOMOMINIAPPAPI-5962478,TRUE
npm,@homelte_dev/frontend,*,13/10/23,https://security.snyk.io/vuln/SNYK-JS-HOMELTEDEVFRONTEND-5962477,TRUE
npm,@dsr-rollback-org-hover-owled-agios-situs/dsr-rollback-package-hover-owled-agios-situs,*,13/10/23,https://security.snyk.io/vuln/SNYK-JS-DSRROLLBACKORGHOVEROWLEDAGIOSSITUSDSRROLLBACKPACKAGEHOVEROWLEDAGIOSSITUS-5962476,TRUE
npm,situs-slot-gacor-slot-online-resmi-terbaik-mudah-menang-dan-maxwin-2023,*,13/10/23,https://security.snyk.io/vuln/SNYK-JS-SITUSSLOTGACORSLOTONLINERESMITERBAIKMUDAHMENANGDANMAXWIN2023-5962475,TRUE
npm,situs-slot-kakek-petir-slot-zeus-pragmaticplay-gampang-menang,*,13/10/23,https://security.snyk.io/vuln/SNYK-JS-SITUSSLOTKAKEKPETIRSLOTZEUSPRAGMATICPLAYGAMPANGMENANG-5962474,TRUE
npm,daftar-situs-judi-slot-online-gacor-gampang-menang-2023,*,13/10/23,https://security.snyk.io/vuln/SNYK-JS-DAFTARSITUSJUDISLOTONLINEGACORGAMPANGMENANG2023-5962473,TRUE
npm,daftar-10-bandar-togel-singapore-terpercaya-agen-pay4d-terbesar-di-asia,*,13/10/23,https://security.snyk.io/vuln/SNYK-JS-DAFTAR10BANDARTOGELSINGAPORETERPERCAYAAGENPAY4DTERBESARDIASIA-5962472,TRUE
npm,pragmaticplay-situs-slot-online-banyak-hoki-paling-terpercaya,*,13/10/23,https://security.snyk.io/vuln/SNYK-JS-PRAGMATICPLAYSITUSSLOTONLINEBANYAKHOKIPALINGTERPERCAYA-5962471,TRUE
npm,situs-slot-gacor-pragmatic-play-dijamin-menang-tahun-2023,*,13/10/23,https://security.snyk.io/vuln/SNYK-JS-SITUSSLOTGACORPRAGMATICPLAYDIJAMINMENANGTAHUN2023-5962470,TRUE
npm,situs-bandar-togel-hadiah-4d-10-juta-terpercaya-hk-sgp-sdy,*,13/10/23,https://security.snyk.io/vuln/SNYK-JS-SITUSBANDARTOGELHADIAH4D10JUTATERPERCAYAHKSGPSDY-5962469,TRUE
npm,agen-sbobet-judi-bola-online-terpercaya-paling-lengkap,*,13/10/23,https://security.snyk.io/vuln/SNYK-JS-AGENSBOBETJUDIBOLAONLINETERPERCAYAPALINGLENGKAP-5962468,TRUE
npm,situs-bocoran-rtp-live-bocoran-agen-judi-rtp-slot-hari-ini-terpercaya,*,13/10/23,https://security.snyk.io/vuln/SNYK-JS-SITUSBOCORANRTPLIVEBOCORANAGENJUDIRTPSLOTHARIINITERPERCAYA-5962467,TRUE
npm,slot-qris-situs-slot-mudah-maxwin-24-jam-online-terpercaya,*,13/10/23,https://security.snyk.io/vuln/SNYK-JS-SLOTQRISSITUSSLOTMUDAHMAXWIN24JAMONLINETERPERCAYA-5962465,TRUE
npm,n-sandbox,*,12/10/23,https://security.snyk.io/vuln/SNYK-JS-NSANDBOX-5961101,TRUE
npm,fca-emon-bhai-api,*,12/10/23,https://security.snyk.io/vuln/SNYK-JS-FCAEMONBHAIAPI-5961100,TRUE
npm,so-loader-helper,*,12/10/23,https://security.snyk.io/vuln/SNYK-JS-SOLOADERHELPER-5961099,TRUE
npm,fas_elbridge_server,*,12/10/23,https://security.snyk.io/vuln/SNYK-JS-FASELBRIDGESERVER-5961098,TRUE
npm,storyteq-landingspage,*,12/10/23,https://security.snyk.io/vuln/SNYK-JS-STORYTEQLANDINGSPAGE-5961097,TRUE
npm,abc-user-feedback,*,12/10/23,https://security.snyk.io/vuln/SNYK-JS-ABCUSERFEEDBACK-5961096,TRUE
npm,eslint-config-ufb,*,12/10/23,https://security.snyk.io/vuln/SNYK-JS-ESLINTCONFIGUFB-5961095,TRUE
npm,mtsinai-staging,*,12/10/23,https://security.snyk.io/vuln/SNYK-JS-MTSINAISTAGING-5961094,TRUE
npm,myaig-broker-portal-ui,*,12/10/23,https://security.snyk.io/vuln/SNYK-JS-MYAIGBROKERPORTALUI-5961093,TRUE
npm,hyvee.com,*,12/10/23,https://security.snyk.io/vuln/SNYK-JS-HYVEECOM-5961092,TRUE
npm,zf-apigility,*,12/10/23,https://security.snyk.io/vuln/SNYK-JS-ZFAPIGILITY-5961091,TRUE
npm,emob-lp,*,12/10/23,https://security.snyk.io/vuln/SNYK-JS-EMOBLP-5961090,TRUE
npm,eeddffrrvvrr,*,12/10/23,https://security.snyk.io/vuln/SNYK-JS-EEDDFFRRVVRR-5961089,TRUE
npm,data-layer-v8,*,12/10/23,https://security.snyk.io/vuln/SNYK-JS-DATALAYERV8-5961087,TRUE
npm,rocketmoney,*,10/10/23,https://security.snyk.io/vuln/SNYK-JS-ROCKETMONEY-5952265,TRUE
npm,fca-horizon,*,10/10/23,https://security.snyk.io/vuln/SNYK-JS-FCAHORIZON-5952264,TRUE
npm,dhi-lambda-toolkit,*,10/10/23,https://security.snyk.io/vuln/SNYK-JS-DHILAMBDATOOLKIT-5952263,TRUE
npm,materialxview,*,10/10/23,https://security.snyk.io/vuln/SNYK-JS-MATERIALXVIEW-5952262,TRUE
npm,web3-abi,*,10/10/23,https://security.snyk.io/vuln/SNYK-JS-WEB3ABI-5952261,TRUE
npm,docupload,*,10/10/23,https://security.snyk.io/vuln/SNYK-JS-DOCUPLOAD-5952260,TRUE
npm,f0-validator,*,10/10/23,https://security.snyk.io/vuln/SNYK-JS-F0VALIDATOR-5952259,TRUE
npm,pixelzoom,*,10/10/23,https://security.snyk.io/vuln/SNYK-JS-PIXELZOOM-5952258,TRUE
npm,shopify-currency-converter,*,10/10/23,https://security.snyk.io/vuln/SNYK-JS-SHOPIFYCURRENCYCONVERTER-5952257,TRUE
npm,f0-authorizer,*,10/10/23,https://security.snyk.io/vuln/SNYK-JS-F0AUTHORIZER-5952256,TRUE
npm,f0-normalizer,*,10/10/23,https://security.snyk.io/vuln/SNYK-JS-F0NORMALIZER-5952255,TRUE
npm,shopify-asyncview,*,10/10/23,https://security.snyk.io/vuln/SNYK-JS-SHOPIFYASYNCVIEW-5952254,TRUE
npm,azuretestpackage,*,10/10/23,https://security.snyk.io/vuln/SNYK-JS-AZURETESTPACKAGE-5952253,TRUE
npm,bank_cron,*,5/10/23,https://security.snyk.io/vuln/SNYK-JS-BANKCRON-5933282,TRUE
npm,meta-horizon-remake,*,3/10/23,https://security.snyk.io/vuln/SNYK-JS-METAHORIZONREMAKE-5927003,TRUE
npm,maris,*,3/10/23,https://security.snyk.io/vuln/SNYK-JS-MARIS-5927002,TRUE
npm,meta-horizon,*,3/10/23,https://security.snyk.io/vuln/SNYK-JS-METAHORIZON-5927001,TRUE
npm,meta-titik,*,3/10/23,https://security.snyk.io/vuln/SNYK-JS-METATITIK-5927000,TRUE
npm,mariss,*,3/10/23,https://security.snyk.io/vuln/SNYK-JS-MARISS-5926999,TRUE
npm,vtuan,*,3/10/23,https://security.snyk.io/vuln/SNYK-JS-VTUAN-5926998,TRUE
npm,fca-rebel-api,*,2/10/23,https://security.snyk.io/vuln/SNYK-JS-FCAREBELAPI-5926787,TRUE
npm,terminal-pro,*,2/10/23,https://security.snyk.io/vuln/SNYK-JS-TERMINALPRO-5926786,TRUE
npm,playwright-internal,*,2/10/23,https://security.snyk.io/vuln/SNYK-JS-PLAYWRIGHTINTERNAL-5926785,TRUE
npm,imagery_export,*,2/10/23,https://security.snyk.io/vuln/SNYK-JS-IMAGERYEXPORT-5926784,TRUE
npm,component---src-pages-corporate-delegate-packages-js,*,2/10/23,https://security.snyk.io/vuln/SNYK-JS-COMPONENTSRCPAGESCORPORATEDELEGATEPACKAGESJS-5926783,TRUE
npm,corporate-delegate-packages,*,2/10/23,https://security.snyk.io/vuln/SNYK-JS-CORPORATEDELEGATEPACKAGES-5926782,TRUE
npm,ubermenu,*,2/10/23,https://security.snyk.io/vuln/SNYK-JS-UBERMENU-5926781,TRUE
npm,n-common-static-data,*,2/10/23,https://security.snyk.io/vuln/SNYK-JS-NCOMMONSTATICDATA-5926780,TRUE
npm,apidemo-app,*,2/10/23,https://security.snyk.io/vuln/SNYK-JS-APIDEMOAPP-5926779,TRUE
npm,fpmsm-icon,*,2/10/23,https://security.snyk.io/vuln/SNYK-JS-FPMSMICON-5926778,TRUE
npm,starcoffe,*,2/10/23,https://security.snyk.io/vuln/SNYK-JS-STARCOFFE-5926777,TRUE
npm,anup-yogesh,*,2/10/23,https://security.snyk.io/vuln/SNYK-JS-ANUPYOGESH-5926776,TRUE
npm,fca-dongdev2006,*,2/10/23,https://security.snyk.io/vuln/SNYK-JS-FCADONGDEV2006-5926769,TRUE
npm,@inconspicuously/test-lib-1,*,2/10/23,https://security.snyk.io/vuln/SNYK-JS-INCONSPICUOUSLYTESTLIB1-5926766,TRUE
npm,rate-my-web,*,27/9/23,https://security.snyk.io/vuln/SNYK-JS-RATEMYWEB-5920721,TRUE
npm,systemrobotassistant,*,27/9/23,https://security.snyk.io/vuln/SNYK-JS-SYSTEMROBOTASSISTANT-5920706,TRUE
npm,eslint-plugin-shein-soc-raw,*,27/9/23,https://security.snyk.io/vuln/SNYK-JS-ESLINTPLUGINSHEINSOCRAW-5920707,TRUE
npm,eslint-plugin-spgy-fe,*,27/9/23,https://security.snyk.io/vuln/SNYK-JS-ESLINTPLUGINSPGYFE-5920703,TRUE
pypi,reqquest,"[0,]",29/3/24,https://security.snyk.io/vuln/SNYK-PYTHON-REQQUEST-6513732,TRUE
pypi,bibp-utils,"[0,]",29/3/24,https://security.snyk.io/vuln/SNYK-PYTHON-BIBPUTILS-6513731,TRUE
pypi,biip-utils,"[0,]",29/3/24,https://security.snyk.io/vuln/SNYK-PYTHON-BIIPUTILS-6513730,TRUE
pypi,bip-uitls,"[0,]",29/3/24,https://security.snyk.io/vuln/SNYK-PYTHON-BIPUITLS-6513729,TRUE
pypi,bip-util,"[0,]",29/3/24,https://security.snyk.io/vuln/SNYK-PYTHON-BIPUTIL-6513728,TRUE
pypi,bip-utilos,"[0,]",29/3/24,https://security.snyk.io/vuln/SNYK-PYTHON-BIPUTILOS-6513727,TRUE
pypi,bip-utilss,"[0,]",29/3/24,https://security.snyk.io/vuln/SNYK-PYTHON-BIPUTILSS-6513726,TRUE
pypi,bip-utilz,"[0,]",29/3/24,https://security.snyk.io/vuln/SNYK-PYTHON-BIPUTILZ-6513725,TRUE
pypi,bip-utisl,"[0,]",29/3/24,https://security.snyk.io/vuln/SNYK-PYTHON-BIPUTISL-6513724,TRUE
pypi,bip-utlils,"[0,]",29/3/24,https://security.snyk.io/vuln/SNYK-PYTHON-BIPUTLILS-6513723,TRUE
pypi,bip-uttils,"[0,]",29/3/24,https://security.snyk.io/vuln/SNYK-PYTHON-BIPUTTILS-6513722,TRUE
pypi,bip-uutils,"[0,]",29/3/24,https://security.snyk.io/vuln/SNYK-PYTHON-BIPUUTILS-6513721,TRUE
pypi,biup-utils,"[0,]",29/3/24,https://security.snyk.io/vuln/SNYK-PYTHON-BIUPUTILS-6513720,TRUE
pypi,bupi-utils,"[0,]",29/3/24,https://security.snyk.io/vuln/SNYK-PYTHON-BUPIUTILS-6513719,TRUE
pypi,capmonsterclouclient,"[0,]",29/3/24,https://security.snyk.io/vuln/SNYK-PYTHON-CAPMONSTERCLOUCLIENT-6513718,TRUE
pypi,capmonstercloudclieet,"[0,]",29/3/24,https://security.snyk.io/vuln/SNYK-PYTHON-CAPMONSTERCLOUDCLIEET-6513717,TRUE
pypi,capmonstercloudclien,"[0,]",29/3/24,https://security.snyk.io/vuln/SNYK-PYTHON-CAPMONSTERCLOUDCLIEN-6513716,TRUE
pypi,capmonstercloudcliendt,"[0,]",29/3/24,https://security.snyk.io/vuln/SNYK-PYTHON-CAPMONSTERCLOUDCLIENDT-6513715,TRUE
pypi,capmonstercloudclienet,"[0,]",29/3/24,https://security.snyk.io/vuln/SNYK-PYTHON-CAPMONSTERCLOUDCLIENET-6513714,TRUE
pypi,capmonstercloudcliennt,"[0,]",29/3/24,https://security.snyk.io/vuln/SNYK-PYTHON-CAPMONSTERCLOUDCLIENNT-6513713,TRUE
pypi,capmonstercloudclientt,"[0,]",29/3/24,https://security.snyk.io/vuln/SNYK-PYTHON-CAPMONSTERCLOUDCLIENTT-6513712,TRUE
pypi,capmonstercloudcliet,"[0,]",29/3/24,https://security.snyk.io/vuln/SNYK-PYTHON-CAPMONSTERCLOUDCLIET-6513711,TRUE
pypi,capmonstercloudclinent,"[0,]",29/3/24,https://security.snyk.io/vuln/SNYK-PYTHON-CAPMONSTERCLOUDCLINENT-6513710,TRUE
pypi,capmonstercloudclinet,"[0,]",29/3/24,https://security.snyk.io/vuln/SNYK-PYTHON-CAPMONSTERCLOUDCLINET-6513709,TRUE
pypi,capmonsterclouddclient,"[0,]",29/3/24,https://security.snyk.io/vuln/SNYK-PYTHON-CAPMONSTERCLOUDDCLIENT-6513708,TRUE
pypi,capmonsterrcloudclient,"[0,]",29/3/24,https://security.snyk.io/vuln/SNYK-PYTHON-CAPMONSTERRCLOUDCLIENT-6513707,TRUE
pypi,capmostercloudclieent,"[0,]",29/3/24,https://security.snyk.io/vuln/SNYK-PYTHON-CAPMOSTERCLOUDCLIEENT-6513706,TRUE
pypi,capmostercloudclinet,"[0,]",29/3/24,https://security.snyk.io/vuln/SNYK-PYTHON-CAPMOSTERCLOUDCLINET-6513705,TRUE
pypi,clolorama,"[0,]",29/3/24,https://security.snyk.io/vuln/SNYK-PYTHON-CLOLORAMA-6513704,TRUE
pypi,cloroma,"[0,]",29/3/24,https://security.snyk.io/vuln/SNYK-PYTHON-CLOROMA-6513703,TRUE
pypi,colaroma,"[0,]",29/3/24,https://security.snyk.io/vuln/SNYK-PYTHON-COLAROMA-6513702,TRUE
pypi,colorahma,"[0,]",29/3/24,https://security.snyk.io/vuln/SNYK-PYTHON-COLORAHMA-6513701,TRUE
pypi,coloramal,"[0,]",29/3/24,https://security.snyk.io/vuln/SNYK-PYTHON-COLORAMAL-6513700,TRUE
pypi,coloramaz,"[0,]",29/3/24,https://security.snyk.io/vuln/SNYK-PYTHON-COLORAMAZ-6513699,TRUE
pypi,colorame,"[0,]",29/3/24,https://security.snyk.io/vuln/SNYK-PYTHON-COLORAME-6513698,TRUE
pypi,coloramka,"[0,]",29/3/24,https://security.snyk.io/vuln/SNYK-PYTHON-COLORAMKA-6513697,TRUE
pypi,coloramna,"[0,]",29/3/24,https://security.snyk.io/vuln/SNYK-PYTHON-COLORAMNA-6513696,TRUE
pypi,coloramoo,"[0,]",29/3/24,https://security.snyk.io/vuln/SNYK-PYTHON-COLORAMOO-6513695,TRUE
pypi,coloramu,"[0,]",29/3/24,https://security.snyk.io/vuln/SNYK-PYTHON-COLORAMU-6513694,TRUE
pypi,coloramu,"[0,]",29/3/24,https://security.snyk.io/vuln/SNYK-PYTHON-COLORAMU-6513694,TRUE
pypi,coloramws,"[0,]",29/3/24,https://security.snyk.io/vuln/SNYK-PYTHON-COLORAMWS-6513693,TRUE
pypi,coloramza,"[0,]",29/3/24,https://security.snyk.io/vuln/SNYK-PYTHON-COLORAMZA-6513692,TRUE
pypi,colorhrama,"[0,]",29/3/24,https://security.snyk.io/vuln/SNYK-PYTHON-COLORHRAMA-6513691,TRUE
pypi,colorm,"[0,]",29/3/24,https://security.snyk.io/vuln/SNYK-PYTHON-COLORM-6513690,TRUE
pypi,colormma,"[0,]",29/3/24,https://security.snyk.io/vuln/SNYK-PYTHON-COLORMMA-6513689,TRUE
pypi,colorramma,"[0,]",29/3/24,https://security.snyk.io/vuln/SNYK-PYTHON-COLORRAMMA-6513688,TRUE
pypi,pilpow,"[0,]",29/3/24,https://security.snyk.io/vuln/SNYK-PYTHON-PILPOW-6513687,TRUE
pypi,piolow,"[0,]",29/3/24,https://security.snyk.io/vuln/SNYK-PYTHON-PIOLOW-6513686,TRUE
pypi,pjllow,"[0,]",29/3/24,https://security.snyk.io/vuln/SNYK-PYTHON-PJLLOW-6513685,TRUE
pypi,py-c0crd,"[0,]",29/3/24,https://security.snyk.io/vuln/SNYK-PYTHON-PYC0CRD-6513684,TRUE
pypi,py-c0dd,"[0,]",29/3/24,https://security.snyk.io/vuln/SNYK-PYTHON-PYC0DD-6513683,TRUE
pypi,py-c0red,"[0,]",29/3/24,https://security.snyk.io/vuln/SNYK-PYTHON-PYC0RED-6513682,TRUE
pypi,py-ckord,"[0,]",29/3/24,https://security.snyk.io/vuln/SNYK-PYTHON-PYCKORD-6513681,TRUE
pypi,py-co4d,"[0,]",29/3/24,https://security.snyk.io/vuln/SNYK-PYTHON-PYCO4D-6513680,TRUE
pypi,py-coad,"[0,]",29/3/24,https://security.snyk.io/vuln/SNYK-PYTHON-PYCOAD-6513679,TRUE
pypi,py-codrd,"[0,]",29/3/24,https://security.snyk.io/vuln/SNYK-PYTHON-PYCODRD-6513678,TRUE
pypi,py-coed,"[0,]",29/3/24,https://security.snyk.io/vuln/SNYK-PYTHON-PYCOED-6513677,TRUE
pypi,py-coerd,"[0,]",29/3/24,https://security.snyk.io/vuln/SNYK-PYTHON-PYCOERD-6513676,TRUE
pypi,py-coqrd,"[0,]",29/3/24,https://security.snyk.io/vuln/SNYK-PYTHON-PYCOQRD-6513674,TRUE
pypi,py-cordd,"[0,]",29/3/24,https://security.snyk.io/vuln/SNYK-PYTHON-PYCORDD-6513673,TRUE
pypi,py-cordx,"[0,]",29/3/24,https://security.snyk.io/vuln/SNYK-PYTHON-PYCORDX-6513672,TRUE
pypi,py-corf,"[0,]",29/3/24,https://security.snyk.io/vuln/SNYK-PYTHON-PYCORF-6513671,TRUE
pypi,py-corfd,"[0,]",29/3/24,https://security.snyk.io/vuln/SNYK-PYTHON-PYCORFD-6513670,TRUE
pypi,py-corg,"[0,]",29/3/24,https://security.snyk.io/vuln/SNYK-PYTHON-PYCORG-6513669,TRUE
pypi,py-corrd,"[0,]",29/3/24,https://security.snyk.io/vuln/SNYK-PYTHON-PYCORRD-6513668,TRUE
pypi,py-cortd,"[0,]",29/3/24,https://security.snyk.io/vuln/SNYK-PYTHON-PYCORTD-6513667,TRUE
pypi,py-corxd,"[0,]",29/3/24,https://security.snyk.io/vuln/SNYK-PYTHON-PYCORXD-6513666,TRUE
pypi,py-cotd,"[0,]",29/3/24,https://security.snyk.io/vuln/SNYK-PYTHON-PYCOTD-6513665,TRUE
pypi,py-cowrd,"[0,]",29/3/24,https://security.snyk.io/vuln/SNYK-PYTHON-PYCOWRD-6513663,TRUE
pypi,py-crodd,"[0,]",29/3/24,https://security.snyk.io/vuln/SNYK-PYTHON-PYCRODD-6513662,TRUE
pypi,py-cxrd,"[0,]",29/3/24,https://security.snyk.io/vuln/SNYK-PYTHON-PYCXRD-6513661,TRUE
pypi,py-cyrd,"[0,]",29/3/24,https://security.snyk.io/vuln/SNYK-PYTHON-PYCYRD-6513660,TRUE
pypi,py-czrd,"[0,]",29/3/24,https://security.snyk.io/vuln/SNYK-PYTHON-PYCZRD-6513659,TRUE
pypi,reqeustx,"[0,]",29/3/24,https://security.snyk.io/vuln/SNYK-PYTHON-REQEUSTX-6513658,TRUE
pypi,reqeustz,"[0,]",29/3/24,https://security.snyk.io/vuln/SNYK-PYTHON-REQEUSTZ-6513657,TRUE
pypi,reqjuests,"[0,]",29/3/24,https://security.snyk.io/vuln/SNYK-PYTHON-REQJUESTS-6513656,TRUE
pypi,reqoests,"[0,]",29/3/24,https://security.snyk.io/vuln/SNYK-PYTHON-REQOESTS-6513655,TRUE
pypi,reqsests,"[0,]",29/3/24,https://security.snyk.io/vuln/SNYK-PYTHON-REQSESTS-6513654,TRUE
pypi,requas,"[0,]",29/3/24,https://security.snyk.io/vuln/SNYK-PYTHON-REQUAS-6513653,TRUE
pypi,requekts,"[0,]",29/3/24,https://security.snyk.io/vuln/SNYK-PYTHON-REQUEKTS-6513652,TRUE
pypi,requesrts,"[0,]",29/3/24,https://security.snyk.io/vuln/SNYK-PYTHON-REQUESRTS-6513651,TRUE
pypi,requesuts,"[0,]",29/3/24,https://security.snyk.io/vuln/SNYK-PYTHON-REQUESUTS-6513650,TRUE
pypi,requetsq,"[0,]",29/3/24,https://security.snyk.io/vuln/SNYK-PYTHON-REQUETSQ-6513649,TRUE
pypi,requetsts,"[0,]",29/3/24,https://security.snyk.io/vuln/SNYK-PYTHON-REQUETSTS-6513648,TRUE
pypi,requssts,"[0,]",29/3/24,https://security.snyk.io/vuln/SNYK-PYTHON-REQUSSTS-6513647,TRUE
pypi,requzsts,"[0,]",29/3/24,https://security.snyk.io/vuln/SNYK-PYTHON-REQUZSTS-6513646,TRUE
pypi,reqzests,"[0,]",29/3/24,https://security.snyk.io/vuln/SNYK-PYTHON-REQZESTS-6513645,TRUE
pypi,assyncio,"[0,]",29/3/24,https://security.snyk.io/vuln/SNYK-PYTHON-ASSYNCIO-6513643,TRUE
pypi,asyincio,"[0,]",29/3/24,https://security.snyk.io/vuln/SNYK-PYTHON-ASYINCIO-6513642,TRUE
pypi,asynccio,"[0,]",29/3/24,https://security.snyk.io/vuln/SNYK-PYTHON-ASYNCCIO-6513641,TRUE
pypi,asyncii,"[0,]",29/3/24,https://security.snyk.io/vuln/SNYK-PYTHON-ASYNCII-6513640,TRUE
pypi,asyncioi,"[0,]",29/3/24,https://security.snyk.io/vuln/SNYK-PYTHON-ASYNCIOI-6513639,TRUE
pypi,asyncioo,"[0,]",29/3/24,https://security.snyk.io/vuln/SNYK-PYTHON-ASYNCIOO-6513638,TRUE
pypi,asyyncio,"[0,]",29/3/24,https://security.snyk.io/vuln/SNYK-PYTHON-ASYYNCIO-6513637,TRUE
pypi,aysncio,"[0,]",29/3/24,https://security.snyk.io/vuln/SNYK-PYTHON-AYSNCIO-6513636,TRUE
pypi,custogtkinter,"[0,]",29/3/24,https://security.snyk.io/vuln/SNYK-PYTHON-CUSTOGTKINTER-6513635,TRUE
pypi,custohtkinter,"[0,]",29/3/24,https://security.snyk.io/vuln/SNYK-PYTHON-CUSTOHTKINTER-6513634,TRUE
pypi,customtikinter,"[0,]",29/3/24,https://security.snyk.io/vuln/SNYK-PYTHON-CUSTOMTIKINTER-6513633,TRUE
pypi,customtiknter,"[0,]",29/3/24,https://security.snyk.io/vuln/SNYK-PYTHON-CUSTOMTIKNTER-6513632,TRUE
pypi,customtinter,"[0,]",29/3/24,https://security.snyk.io/vuln/SNYK-PYTHON-CUSTOMTINTER-6513631,TRUE
pypi,customtjinter,"[0,]",29/3/24,https://security.snyk.io/vuln/SNYK-PYTHON-CUSTOMTJINTER-6513630,TRUE
pypi,customtkfnter,"[0,]",29/3/24,https://security.snyk.io/vuln/SNYK-PYTHON-CUSTOMTKFNTER-6513629,TRUE
pypi,customtkinber,"[0,]",29/3/24,https://security.snyk.io/vuln/SNYK-PYTHON-CUSTOMTKINBER-6513628,TRUE
pypi,customtkinet,"[0,]",29/3/24,https://security.snyk.io/vuln/SNYK-PYTHON-CUSTOMTKINET-6513627,TRUE
pypi,customtkingter,"[0,]",29/3/24,https://security.snyk.io/vuln/SNYK-PYTHON-CUSTOMTKINGTER-6513626,TRUE
pypi,customtkintet,"[0,]",29/3/24,https://security.snyk.io/vuln/SNYK-PYTHON-CUSTOMTKINTET-6513625,TRUE
pypi,customtkinyer,"[0,]",29/3/24,https://security.snyk.io/vuln/SNYK-PYTHON-CUSTOMTKINYER-6513624,TRUE
pypi,customtkitnerr,"[0,]",29/3/24,https://security.snyk.io/vuln/SNYK-PYTHON-CUSTOMTKITNERR-6513623,TRUE
pypi,customtkiyter,"[0,]",29/3/24,https://security.snyk.io/vuln/SNYK-PYTHON-CUSTOMTKIYTER-6513622,TRUE
pypi,customtkknter,"[0,]",29/3/24,https://security.snyk.io/vuln/SNYK-PYTHON-CUSTOMTKKNTER-6513621,TRUE
pypi,customtkwnter,"[0,]",29/3/24,https://security.snyk.io/vuln/SNYK-PYTHON-CUSTOMTKWNTER-6513620,TRUE
pypi,customtkznter,"[0,]",29/3/24,https://security.snyk.io/vuln/SNYK-PYTHON-CUSTOMTKZNTER-6513619,TRUE
pypi,custotkinter,"[0,]",29/3/24,https://security.snyk.io/vuln/SNYK-PYTHON-CUSTOTKINTER-6513618,TRUE
pypi,custpmtkinter,"[0,]",29/3/24,https://security.snyk.io/vuln/SNYK-PYTHON-CUSTPMTKINTER-6513617,TRUE
pypi,custrmtkinter,"[0,]",29/3/24,https://security.snyk.io/vuln/SNYK-PYTHON-CUSTRMTKINTER-6513616,TRUE
pypi,custvomtkinter,"[0,]",29/3/24,https://security.snyk.io/vuln/SNYK-PYTHON-CUSTVOMTKINTER-6513615,TRUE
pypi,cuxtomtkinter,"[0,]",29/3/24,https://security.snyk.io/vuln/SNYK-PYTHON-CUXTOMTKINTER-6513614,TRUE
pypi,plauwright,"[0,]",29/3/24,https://security.snyk.io/vuln/SNYK-PYTHON-PLAUWRIGHT-6513613,TRUE
pypi,playrwight,"[0,]",29/3/24,https://security.snyk.io/vuln/SNYK-PYTHON-PLAYRWIGHT-6513612,TRUE
pypi,playwrgith,"[0,]",29/3/24,https://security.snyk.io/vuln/SNYK-PYTHON-PLAYWRGITH-6513611,TRUE
pypi,playwrigh,"[0,]",29/3/24,https://security.snyk.io/vuln/SNYK-PYTHON-PLAYWRIGH-6513610,TRUE
pypi,playwrightt,"[0,]",29/3/24,https://security.snyk.io/vuln/SNYK-PYTHON-PLAYWRIGHTT-6513609,TRUE
pypi,playwrihgt,"[0,]",29/3/24,https://security.snyk.io/vuln/SNYK-PYTHON-PLAYWRIHGT-6513608,TRUE
pypi,reqiremnets,"[0,]",29/3/24,https://security.snyk.io/vuln/SNYK-PYTHON-REQIREMNETS-6513607,TRUE
pypi,reqiurements,"[0,]",29/3/24,https://security.snyk.io/vuln/SNYK-PYTHON-REQIUREMENTS-6513606,TRUE
pypi,requierement,"[0,]",29/3/24,https://security.snyk.io/vuln/SNYK-PYTHON-REQUIEREMENT-6513605,TRUE
pypi,requiirements,"[0,]",29/3/24,https://security.snyk.io/vuln/SNYK-PYTHON-REQUIIREMENTS-6513604,TRUE
pypi,requiirments,"[0,]",29/3/24,https://security.snyk.io/vuln/SNYK-PYTHON-REQUIIRMENTS-6513603,TRUE
pypi,requirementss,"[0,]",29/3/24,https://security.snyk.io/vuln/SNYK-PYTHON-REQUIREMENTSS-6513602,TRUE
pypi,requirementstt,"[0,]",29/3/24,https://security.snyk.io/vuln/SNYK-PYTHON-REQUIREMENTSTT-6513601,TRUE
pypi,requirementsttx,"[0,]",29/3/24,https://security.snyk.io/vuln/SNYK-PYTHON-REQUIREMENTSTTX-6513600,TRUE
pypi,requirementstxtt,"[0,]",29/3/24,https://security.snyk.io/vuln/SNYK-PYTHON-REQUIREMENTSTXTT-6513599,TRUE
pypi,requirementstxtx,"[0,]",29/3/24,https://security.snyk.io/vuln/SNYK-PYTHON-REQUIREMENTSTXTX-6513598,TRUE
pypi,requirementstxtxt,"[0,]",29/3/24,https://security.snyk.io/vuln/SNYK-PYTHON-REQUIREMENTSTXTXT-6513597,TRUE
pypi,requirementtsxt,"[0,]",29/3/24,https://security.snyk.io/vuln/SNYK-PYTHON-REQUIREMENTTSXT-6513596,TRUE
pypi,requirementxxt,"[0,]",29/3/24,https://security.snyk.io/vuln/SNYK-PYTHON-REQUIREMENTXXT-6513595,TRUE
pypi,requiremetns,"[0,]",29/3/24,https://security.snyk.io/vuln/SNYK-PYTHON-REQUIREMETNS-6513594,TRUE
pypi,requiremmentstxt,"[0,]",29/3/24,https://security.snyk.io/vuln/SNYK-PYTHON-REQUIREMMENTSTXT-6513593,TRUE
pypi,requiremntstxt,"[0,]",29/3/24,https://security.snyk.io/vuln/SNYK-PYTHON-REQUIREMNTSTXT-6513592,TRUE
pypi,requiremtns,"[0,]",29/3/24,https://security.snyk.io/vuln/SNYK-PYTHON-REQUIREMTNS-6513591,TRUE
pypi,requirmeents,"[0,]",29/3/24,https://security.snyk.io/vuln/SNYK-PYTHON-REQUIRMEENTS-6513590,TRUE
pypi,requirmentss,"[0,]",29/3/24,https://security.snyk.io/vuln/SNYK-PYTHON-REQUIRMENTSS-6513589,TRUE
pypi,requirmentstxtt,"[0,]",29/3/24,https://security.snyk.io/vuln/SNYK-PYTHON-REQUIRMENTSTXTT-6513588,TRUE
pypi,requiurementstxt,"[0,]",29/3/24,https://security.snyk.io/vuln/SNYK-PYTHON-REQUIUREMENTSTXT-6513587,TRUE
pypi,seleeniumm,"[0,]",29/3/24,https://security.snyk.io/vuln/SNYK-PYTHON-SELEENIUMM-6513586,TRUE
pypi,seleinium,"[0,]",29/3/24,https://security.snyk.io/vuln/SNYK-PYTHON-SELEINIUM-6513585,TRUE
pypi,seleiniumm,"[0,]",29/3/24,https://security.snyk.io/vuln/SNYK-PYTHON-SELEINIUMM-6513584,TRUE
pypi,seleiumm,"[0,]",29/3/24,https://security.snyk.io/vuln/SNYK-PYTHON-SELEIUMM-6513583,TRUE
pypi,selemni,"[0,]",29/3/24,https://security.snyk.io/vuln/SNYK-PYTHON-SELEMNI-6513582,TRUE
pypi,selemnim,"[0,]",29/3/24,https://security.snyk.io/vuln/SNYK-PYTHON-SELEMNIM-6513581,TRUE
pypi,selemnium,"[0,]",29/3/24,https://security.snyk.io/vuln/SNYK-PYTHON-SELEMNIUM-6513580,TRUE
pypi,selenimn,"[0,]",29/3/24,https://security.snyk.io/vuln/SNYK-PYTHON-SELENIMN-6513579,TRUE
pypi,selenniumm,"[0,]",29/3/24,https://security.snyk.io/vuln/SNYK-PYTHON-SELENNIUMM-6513578,TRUE
pypi,seliniumm,"[0,]",29/3/24,https://security.snyk.io/vuln/SNYK-PYTHON-SELINIUMM-6513577,TRUE
pypi,seliniumn,"[0,]",29/3/24,https://security.snyk.io/vuln/SNYK-PYTHON-SELINIUMN-6513576,TRUE
pypi,selleniium,"[0,]",29/3/24,https://security.snyk.io/vuln/SNYK-PYTHON-SELLENIIUM-6513575,TRUE
pypi,selleniumm,"[0,]",29/3/24,https://security.snyk.io/vuln/SNYK-PYTHON-SELLENIUMM-6513574,TRUE
pypi,selleniumm,"[0,]",29/3/24,https://security.snyk.io/vuln/SNYK-PYTHON-SELLENIUMM-6513574,TRUE
pypi,sellinium,"[0,]",29/3/24,https://security.snyk.io/vuln/SNYK-PYTHON-SELLINIUM-6513573,TRUE
pypi,selunium,"[0,]",29/3/24,https://security.snyk.io/vuln/SNYK-PYTHON-SELUNIUM-6513572,TRUE
pypi,tensofliw,"[0,]",29/3/24,https://security.snyk.io/vuln/SNYK-PYTHON-TENSOFLIW-6513571,TRUE
pypi,tensofllow,"[0,]",29/3/24,https://security.snyk.io/vuln/SNYK-PYTHON-TENSOFLLOW-6513570,TRUE
pypi,tensoflod,"[0,]",29/3/24,https://security.snyk.io/vuln/SNYK-PYTHON-TENSOFLOD-6513569,TRUE
pypi,tensoflolw,"[0,]",29/3/24,https://security.snyk.io/vuln/SNYK-PYTHON-TENSOFLOLW-6513568,TRUE
pypi,tensoflqw,"[0,]",29/3/24,https://security.snyk.io/vuln/SNYK-PYTHON-TENSOFLQW-6513567,TRUE
pypi,tensoflw,"[0,]",29/3/24,https://security.snyk.io/vuln/SNYK-PYTHON-TENSOFLW-6513566,TRUE
pypi,tensourflow,"[0,]",29/3/24,https://security.snyk.io/vuln/SNYK-PYTHON-TENSOURFLOW-6513565,TRUE
pypi,trnsorflow,"[0,]",29/3/24,https://security.snyk.io/vuln/SNYK-PYTHON-TRNSORFLOW-6513564,TRUE
pypi,customtkjnter,"[0,]",29/3/24,https://security.snyk.io/vuln/SNYK-PYTHON-CUSTOMTKJNTER-6513563,TRUE
pypi,custumtkinter,"[0,]",29/3/24,https://security.snyk.io/vuln/SNYK-PYTHON-CUSTUMTKINTER-6513562,TRUE
pypi,custontkinter,"[0,]",29/3/24,https://security.snyk.io/vuln/SNYK-PYTHON-CUSTONTKINTER-6513561,TRUE
pypi,customtkibter,"[0,]",29/3/24,https://security.snyk.io/vuln/SNYK-PYTHON-CUSTOMTKIBTER-6513560,TRUE
pypi,customekinter,"[0,]",29/3/24,https://security.snyk.io/vuln/SNYK-PYTHON-CUSTOMEKINTER-6513559,TRUE
pypi,customtkintre,"[0,]",29/3/24,https://security.snyk.io/vuln/SNYK-PYTHON-CUSTOMTKINTRE-6513558,TRUE
pypi,cstmotkinter,"[0,]",29/3/24,https://security.snyk.io/vuln/SNYK-PYTHON-CSTMOTKINTER-6513557,TRUE
pypi,reuirements,"[0,]",29/3/24,https://security.snyk.io/vuln/SNYK-PYTHON-REUIREMENTS-6513556,TRUE
pypi,requriments,"[0,]",29/3/24,https://security.snyk.io/vuln/SNYK-PYTHON-REQURIMENTS-6513555,TRUE
pypi,requiements,"[0,]",29/3/24,https://security.snyk.io/vuln/SNYK-PYTHON-REQUIEMENTS-6513554,TRUE
pypi,requiremnets,"[0,]",29/3/24,https://security.snyk.io/vuln/SNYK-PYTHON-REQUIREMNETS-6513553,TRUE
pypi,requiremnetxtxt,"[0,]",29/3/24,https://security.snyk.io/vuln/SNYK-PYTHON-REQUIREMNETXTXT-6513552,TRUE
pypi,requirmentstx,"[0,]",29/3/24,https://security.snyk.io/vuln/SNYK-PYTHON-REQUIRMENTSTX-6513551,TRUE
pypi,requirementstxxt,"[0,]",29/3/24,https://security.snyk.io/vuln/SNYK-PYTHON-REQUIREMENTSTXXT-6513550,TRUE
pypi,selinum,"[0,]",29/3/24,https://security.snyk.io/vuln/SNYK-PYTHON-SELINUM-6513546,TRUE
pypi,py-cordr,"[0,]",29/3/24,https://security.snyk.io/vuln/SNYK-PYTHON-PYCORDR-6513545,TRUE
pypi,capmonstercloudclouidclient,"[0,]",29/3/24,https://security.snyk.io/vuln/SNYK-PYTHON-CAPMONSTERCLOUDCLOUIDCLIENT-6513542,TRUE
pypi,tensoflonw,"[0,]",29/3/24,https://security.snyk.io/vuln/SNYK-PYTHON-TENSOFLONW-6513541,TRUE
pypi,selemiumm,"[0,]",29/3/24,https://security.snyk.io/vuln/SNYK-PYTHON-SELEMIUMM-6513540,TRUE
pypi,cutomtkinter,"[0,]",29/3/24,https://security.snyk.io/vuln/SNYK-PYTHON-CUTOMTKINTER-6513539,TRUE
pypi,customtkniterr,"[0,]",29/3/24,https://security.snyk.io/vuln/SNYK-PYTHON-CUSTOMTKNITERR-6513538,TRUE
pypi,pycordde,"[0,]",29/3/24,https://security.snyk.io/vuln/SNYK-PYTHON-PYCORDDE-6513535,TRUE
pypi,py-corx,"[0,]",29/3/24,https://security.snyk.io/vuln/SNYK-PYTHON-PYCORX-6513534,TRUE
pypi,playwritgh,"[0,]",29/3/24,https://security.snyk.io/vuln/SNYK-PYTHON-PLAYWRITGH-6513533,TRUE
pypi,py-cordf,"[0,]",29/3/24,https://security.snyk.io/vuln/SNYK-PYTHON-PYCORDF-6513531,TRUE
pypi,requiirementstxt,"[0,]",29/3/24,https://security.snyk.io/vuln/SNYK-PYTHON-REQUIIREMENTSTXT-6513529,TRUE
pypi,coloramxs,"[0,]",29/3/24,https://security.snyk.io/vuln/SNYK-PYTHON-COLORAMXS-6513528,TRUE
pypi,requiremenstxt,"[0,]",29/3/24,https://security.snyk.io/vuln/SNYK-PYTHON-REQUIREMENSTXT-6513527,TRUE
pypi,capmostercloudclienet,"[0,]",29/3/24,https://security.snyk.io/vuln/SNYK-PYTHON-CAPMOSTERCLOUDCLIENET-6513526,TRUE
pypi,customtkimter,"[0,]",29/3/24,https://security.snyk.io/vuln/SNYK-PYTHON-CUSTOMTKIMTER-6513525,TRUE
pypi,capmonsterclouidclient,"[0,]",29/3/24,https://security.snyk.io/vuln/SNYK-PYTHON-CAPMONSTERCLOUIDCLIENT-6513524,TRUE
pypi,plawwright,"[0,]",29/3/24,https://security.snyk.io/vuln/SNYK-PYTHON-PLAWWRIGHT-6513522,TRUE
pypi,requetsa,"[0,]",29/3/24,https://security.snyk.io/vuln/SNYK-PYTHON-REQUETSA-6513520,TRUE
pypi,pillo2,"[0,]",29/3/24,https://security.snyk.io/vuln/SNYK-PYTHON-PILLO2-6513519,TRUE
pypi,sellenim,"[0,]",29/3/24,https://security.snyk.io/vuln/SNYK-PYTHON-SELLENIM-6513518,TRUE
pypi,customtkitnre,"[0,]",29/3/24,https://security.snyk.io/vuln/SNYK-PYTHON-CUSTOMTKITNRE-6513517,TRUE
pypi,corlorama,"[0,]",29/3/24,https://security.snyk.io/vuln/SNYK-PYTHON-CORLORAMA-6513514,TRUE
pypi,corlorama,"[0,]",29/3/24,https://security.snyk.io/vuln/SNYK-PYTHON-CORLORAMA-6513514,TRUE
pypi,custoqtkinter,"[0,]",29/3/24,https://security.snyk.io/vuln/SNYK-PYTHON-CUSTOQTKINTER-6513513,TRUE
pypi,capmonsstercloudclient,"[0,]",29/3/24,https://security.snyk.io/vuln/SNYK-PYTHON-CAPMONSSTERCLOUDCLIENT-6513512,TRUE
pypi,customtkintwr,"[0,]",29/3/24,https://security.snyk.io/vuln/SNYK-PYTHON-CUSTOMTKINTWR-6513510,TRUE
pypi,requksts,"[0,]",29/3/24,https://security.snyk.io/vuln/SNYK-PYTHON-REQUKSTS-6513509,TRUE
pypi,py-corwd,"[0,]",29/3/24,https://security.snyk.io/vuln/SNYK-PYTHON-PYCORWD-6513508,TRUE
pypi,pilliw,"[0,]",29/3/24,https://security.snyk.io/vuln/SNYK-PYTHON-PILLIW-6513507,TRUE
pypi,py-cordq,"[0,]",29/3/24,https://security.snyk.io/vuln/SNYK-PYTHON-PYCORDQ-6513506,TRUE
pypi,reqeosts,"[0,]",29/3/24,https://security.snyk.io/vuln/SNYK-PYTHON-REQEOSTS-6513505,TRUE
pypi,coloroama,"[0,]",29/3/24,https://security.snyk.io/vuln/SNYK-PYTHON-COLOROAMA-6513503,TRUE
pypi,customtkinte,"[0,]",29/3/24,https://security.snyk.io/vuln/SNYK-PYTHON-CUSTOMTKINTE-6513470,TRUE
pypi,requiremetnstxt,"[0,]",29/3/24,https://security.snyk.io/vuln/SNYK-PYTHON-REQUIREMETNSTXT-6513469,TRUE
pypi,tensoflpw,"[0,]",29/3/24,https://security.snyk.io/vuln/SNYK-PYTHON-TENSOFLPW-6513468,TRUE
pypi,customtkinted,"[0,]",29/3/24,https://security.snyk.io/vuln/SNYK-PYTHON-CUSTOMTKINTED-6513467,TRUE
pypi,bips-utils,"[0,]",29/3/24,https://security.snyk.io/vuln/SNYK-PYTHON-BIPSUTILS-6513466,TRUE
pypi,requriements,"[0,]",29/3/24,https://security.snyk.io/vuln/SNYK-PYTHON-REQURIEMENTS-6513465,TRUE
pypi,requrementstxt,"[0,]",29/3/24,https://security.snyk.io/vuln/SNYK-PYTHON-REQUREMENTSTXT-6513464,TRUE
pypi,custojtkinter,"[0,]",29/3/24,https://security.snyk.io/vuln/SNYK-PYTHON-CUSTOJTKINTER-6513462,TRUE
pypi,capmosterclouclient,"[0,]",29/3/24,https://security.snyk.io/vuln/SNYK-PYTHON-CAPMOSTERCLOUCLIENT-6513461,TRUE
pypi,coloramae,"[0,]",29/3/24,https://security.snyk.io/vuln/SNYK-PYTHON-COLORAMAE-6513459,TRUE
pypi,requesgt,"[0,]",29/3/24,https://security.snyk.io/vuln/SNYK-PYTHON-REQUESGT-6513458,TRUE
pypi,customtkitenr,"[0,]",29/3/24,https://security.snyk.io/vuln/SNYK-PYTHON-CUSTOMTKITENR-6513457,TRUE
pypi,capmonstercloudclent,"[0,]",29/3/24,https://security.snyk.io/vuln/SNYK-PYTHON-CAPMONSTERCLOUDCLENT-6513456,TRUE
pypi,reqiremnts,"[0,]",29/3/24,https://security.snyk.io/vuln/SNYK-PYTHON-REQIREMNTS-6513454,TRUE
pypi,requstss,"[0,]",29/3/24,https://security.snyk.io/vuln/SNYK-PYTHON-REQUSTSS-6513453,TRUE
pypi,capmonsterclouddlient,"[0,]",29/3/24,https://security.snyk.io/vuln/SNYK-PYTHON-CAPMONSTERCLOUDDLIENT-6513451,TRUE
pypi,pill9w,"[0,]",29/3/24,https://security.snyk.io/vuln/SNYK-PYTHON-PILL9W-6513450,TRUE
pypi,tensoflomw,"[0,]",29/3/24,https://security.snyk.io/vuln/SNYK-PYTHON-TENSOFLOMW-6513449,TRUE
pypi,selenuimm,"[0,]",29/3/24,https://security.snyk.io/vuln/SNYK-PYTHON-SELENUIMM-6513448,TRUE
pypi,capmostercloudclient,"[0,]",29/3/24,https://security.snyk.io/vuln/SNYK-PYTHON-CAPMOSTERCLOUDCLIENT-6513447,TRUE
pypi,pilloo,"[0,]",29/3/24,https://security.snyk.io/vuln/SNYK-PYTHON-PILLOO-6513446,TRUE
pypi,custotminter,"[0,]",29/3/24,https://security.snyk.io/vuln/SNYK-PYTHON-CUSTOTMINTER-6513444,TRUE
pypi,requiremntxtxt,"[0,]",29/3/24,https://security.snyk.io/vuln/SNYK-PYTHON-REQUIREMNTXTXT-6513441,TRUE
pypi,pycordwd,"[0,]",29/3/24,https://security.snyk.io/vuln/SNYK-PYTHON-PYCORDWD-6513440,TRUE
pypi,capmonstercludclient,"[0,]",29/3/24,https://security.snyk.io/vuln/SNYK-PYTHON-CAPMONSTERCLUDCLIENT-6513439,TRUE
pypi,requiiremnts,"[0,]",29/3/24,https://security.snyk.io/vuln/SNYK-PYTHON-REQUIIREMNTS-6513438,TRUE
pypi,requiremetstxt,"[0,]",29/3/24,https://security.snyk.io/vuln/SNYK-PYTHON-REQUIREMETSTXT-6513437,TRUE
pypi,py-coordd,"[0,]",29/3/24,https://security.snyk.io/vuln/SNYK-PYTHON-PYCOORDD-6513436,TRUE
pypi,py-cobrd,"[0,]",29/3/24,https://security.snyk.io/vuln/SNYK-PYTHON-PYCOBRD-6513434,TRUE
pypi,customtkniter,"[0,]",29/3/24,https://security.snyk.io/vuln/SNYK-PYTHON-CUSTOMTKNITER-6513432,TRUE
pypi,tensoflouw,"[0,]",29/3/24,https://security.snyk.io/vuln/SNYK-PYTHON-TENSOFLOUW-6513431,TRUE
pypi,requierments,"[0,]",29/3/24,https://security.snyk.io/vuln/SNYK-PYTHON-REQUIERMENTS-6513429,TRUE
pypi,temsorflow,"[0,]",29/3/24,https://security.snyk.io/vuln/SNYK-PYTHON-TEMSORFLOW-6513427,TRUE
pypi,py-corddd,"[0,]",29/3/24,https://security.snyk.io/vuln/SNYK-PYTHON-PYCORDDD-6513426,TRUE
pypi,plyawright,"[0,]",29/3/24,https://security.snyk.io/vuln/SNYK-PYTHON-PLYAWRIGHT-6513425,TRUE
pypi,asynci,"[0,]",29/3/24,https://security.snyk.io/vuln/SNYK-PYTHON-ASYNCI-6513424,TRUE
pypi,asynncio,"[0,]",29/3/24,https://security.snyk.io/vuln/SNYK-PYTHON-ASYNNCIO-6513423,TRUE
pypi,py-vord,"[0,]",29/3/24,https://security.snyk.io/vuln/SNYK-PYTHON-PYVORD-6513422,TRUE
pypi,custmtkinter,"[0,]",29/3/24,https://security.snyk.io/vuln/SNYK-PYTHON-CUSTMTKINTER-6513421,TRUE
pypi,seleunium,"[0,]",29/3/24,https://security.snyk.io/vuln/SNYK-PYTHON-SELEUNIUM-6513420,TRUE
pypi,customtkinger,"[0,]",29/3/24,https://security.snyk.io/vuln/SNYK-PYTHON-CUSTOMTKINGER-6513419,TRUE
pypi,plaawright,"[0,]",29/3/24,https://security.snyk.io/vuln/SNYK-PYTHON-PLAAWRIGHT-6513416,TRUE
pypi,requirrementstxt,"[0,]",29/3/24,https://security.snyk.io/vuln/SNYK-PYTHON-REQUIRREMENTSTXT-6513415,TRUE
pypi,plywright,"[0,]",29/3/24,https://security.snyk.io/vuln/SNYK-PYTHON-PLYWRIGHT-6513414,TRUE
pypi,custotinter,"[0,]",29/3/24,https://security.snyk.io/vuln/SNYK-PYTHON-CUSTOTINTER-6513413,TRUE
pypi,requiremnetstxt,"[0,]",29/3/24,https://security.snyk.io/vuln/SNYK-PYTHON-REQUIREMNETSTXT-6513412,TRUE
pypi,bop-utils,"[0,]",29/3/24,https://security.snyk.io/vuln/SNYK-PYTHON-BOPUTILS-6513411,TRUE
pypi,plawyright,"[0,]",29/3/24,https://security.snyk.io/vuln/SNYK-PYTHON-PLAWYRIGHT-6513410,TRUE
pypi,py-ckrd,"[0,]",29/3/24,https://security.snyk.io/vuln/SNYK-PYTHON-PYCKRD-6513409,TRUE
pypi,seleinuim,"[0,]",29/3/24,https://security.snyk.io/vuln/SNYK-PYTHON-SELEINUIM-6513408,TRUE
pypi,pilliow,"[0,]",29/3/24,https://security.snyk.io/vuln/SNYK-PYTHON-PILLIOW-6513407,TRUE
pypi,coloramqs,"[0,]",29/3/24,https://security.snyk.io/vuln/SNYK-PYTHON-COLORAMQS-6513406,TRUE
pypi,bip-utiles,"[0,]",29/3/24,https://security.snyk.io/vuln/SNYK-PYTHON-BIPUTILES-6513405,TRUE
pypi,capmonstercoudclient,"[0,]",29/3/24,https://security.snyk.io/vuln/SNYK-PYTHON-CAPMONSTERCOUDCLIENT-6513403,TRUE
pypi,reqirements,"[0,]",29/3/24,https://security.snyk.io/vuln/SNYK-PYTHON-REQIREMENTS-6513402,TRUE
pypi,py-cprd,"[0,]",29/3/24,https://security.snyk.io/vuln/SNYK-PYTHON-PYCPRD-6513401,TRUE
pypi,py-c9rd,"[0,]",29/3/24,https://security.snyk.io/vuln/SNYK-PYTHON-PYC9RD-6513400,TRUE
pypi,requiremntstx,"[0,]",29/3/24,https://security.snyk.io/vuln/SNYK-PYTHON-REQUIREMNTSTX-6513399,TRUE
pypi,seleenimu,"[0,]",29/3/24,https://security.snyk.io/vuln/SNYK-PYTHON-SELEENIMU-6513398,TRUE
pypi,requirtements,"[0,]",29/3/24,https://security.snyk.io/vuln/SNYK-PYTHON-REQUIRTEMENTS-6513397,TRUE
pypi,customtknter,"[0,]",29/3/24,https://security.snyk.io/vuln/SNYK-PYTHON-CUSTOMTKNTER-6513395,TRUE
pypi,tensoflxow,"[0,]",29/3/24,https://security.snyk.io/vuln/SNYK-PYTHON-TENSOFLXOW-6513394,TRUE
pypi,requewsts,"[0,]",29/3/24,https://security.snyk.io/vuln/SNYK-PYTHON-REQUEWSTS-6513392,TRUE
pypi,requxsts,"[0,]",29/3/24,https://security.snyk.io/vuln/SNYK-PYTHON-REQUXSTS-6513390,TRUE
pypi,requiremments,"[0,]",29/3/24,https://security.snyk.io/vuln/SNYK-PYTHON-REQUIREMMENTS-6513388,TRUE
pypi,pilloa,"[0,]",29/3/24,https://security.snyk.io/vuln/SNYK-PYTHON-PILLOA-6513387,TRUE
pypi,reqeuste,"[0,]",29/3/24,https://security.snyk.io/vuln/SNYK-PYTHON-REQEUSTE-6513386,TRUE
pypi,capmoneercloudclient,"[0,]",29/3/24,https://security.snyk.io/vuln/SNYK-PYTHON-CAPMONEERCLOUDCLIENT-6513385,TRUE
pypi,requeksts,"[0,]",29/3/24,https://security.snyk.io/vuln/SNYK-PYTHON-REQUEKSTS-6513384,TRUE
pypi,reqeist,"[0,]",29/3/24,https://security.snyk.io/vuln/SNYK-PYTHON-REQEIST-6513383,TRUE
pypi,customtknster,"[0,]",29/3/24,https://security.snyk.io/vuln/SNYK-PYTHON-CUSTOMTKNSTER-6513382,TRUE
pypi,capmonstercloudcluodclient,"[0,]",29/3/24,https://security.snyk.io/vuln/SNYK-PYTHON-CAPMONSTERCLOUDCLUODCLIENT-6513381,TRUE
pypi,tensoflom,"[0,]",29/3/24,https://security.snyk.io/vuln/SNYK-PYTHON-TENSOFLOM-6513380,TRUE
pypi,tensoflaow,"[0,]",29/3/24,https://security.snyk.io/vuln/SNYK-PYTHON-TENSOFLAOW-6513378,TRUE
pypi,playwirght,"[0,]",29/3/24,https://security.snyk.io/vuln/SNYK-PYTHON-PLAYWIRGHT-6513377,TRUE
pypi,seleenim,"[0,]",29/3/24,https://security.snyk.io/vuln/SNYK-PYTHON-SELEENIM-6513376,TRUE
pypi,colomara,"[0,]",29/3/24,https://security.snyk.io/vuln/SNYK-PYTHON-COLOMARA-6513374,TRUE
pypi,reqiurementstxt,"[0,]",29/3/24,https://security.snyk.io/vuln/SNYK-PYTHON-REQIUREMENTSTXT-6513373,TRUE
pypi,cuwtomtkinter,"[0,]",29/3/24,https://security.snyk.io/vuln/SNYK-PYTHON-CUWTOMTKINTER-6513371,TRUE
pypi,pilkow,"[0,]",29/3/24,https://security.snyk.io/vuln/SNYK-PYTHON-PILKOW-6513370,TRUE
pypi,coloramxa,"[0,]",29/3/24,https://security.snyk.io/vuln/SNYK-PYTHON-COLORAMXA-6513369,TRUE
pypi,requeqsts,"[0,]",29/3/24,https://security.snyk.io/vuln/SNYK-PYTHON-REQUEQSTS-6513368,TRUE
pypi,tensnflow,"[0,]",29/3/24,https://security.snyk.io/vuln/SNYK-PYTHON-TENSNFLOW-6513366,TRUE
pypi,pycjrd,"[0,]",29/3/24,https://security.snyk.io/vuln/SNYK-PYTHON-PYCJRD-6513365,TRUE
pypi,customkinter,"[0,]",29/3/24,https://security.snyk.io/vuln/SNYK-PYTHON-CUSTOMKINTER-6513364,TRUE
pypi,bpi-utils,"[0,]",29/3/24,https://security.snyk.io/vuln/SNYK-PYTHON-BPIUTILS-6513362,TRUE
pypi,coloramia,"[0,]",29/3/24,https://security.snyk.io/vuln/SNYK-PYTHON-COLORAMIA-6513361,TRUE
pypi,customtkintar,"[0,]",29/3/24,https://security.snyk.io/vuln/SNYK-PYTHON-CUSTOMTKINTAR-6513360,TRUE
pypi,capmonstercloudcliant,"[0,]",29/3/24,https://security.snyk.io/vuln/SNYK-PYTHON-CAPMONSTERCLOUDCLIANT-6513357,TRUE
pypi,coloramzs,"[0,]",29/3/24,https://security.snyk.io/vuln/SNYK-PYTHON-COLORAMZS-6513356,TRUE
pypi,tensxoflow,"[0,]",29/3/24,https://security.snyk.io/vuln/SNYK-PYTHON-TENSXOFLOW-6513355,TRUE
pypi,py-cird,"[0,]",29/3/24,https://security.snyk.io/vuln/SNYK-PYTHON-PYCIRD-6513353,TRUE
pypi,tensofloaw,"[0,]",29/3/24,https://security.snyk.io/vuln/SNYK-PYTHON-TENSOFLOAW-6513352,TRUE
pypi,requiremeents,"[0,]",29/3/24,https://security.snyk.io/vuln/SNYK-PYTHON-REQUIREMEENTS-6513350,TRUE
pypi,coloramo,"[0,]",29/3/24,https://security.snyk.io/vuln/SNYK-PYTHON-COLORAMO-6513349,TRUE
pypi,customtkintrr,"[0,]",29/3/24,https://security.snyk.io/vuln/SNYK-PYTHON-CUSTOMTKINTRR-6513348,TRUE
pypi,playwrigght,"[0,]",29/3/24,https://security.snyk.io/vuln/SNYK-PYTHON-PLAYWRIGGHT-6513347,TRUE
pypi,bip-utilds,"[0,]",29/3/24,https://security.snyk.io/vuln/SNYK-PYTHON-BIPUTILDS-6513346,TRUE
pypi,capmonstercloudcliient,"[0,]",29/3/24,https://security.snyk.io/vuln/SNYK-PYTHON-CAPMONSTERCLOUDCLIIENT-6513345,TRUE
pypi,requiiremments,"[0,]",29/3/24,https://security.snyk.io/vuln/SNYK-PYTHON-REQUIIREMMENTS-6513344,TRUE
pypi,pillkw,"[0,]",29/3/24,https://security.snyk.io/vuln/SNYK-PYTHON-PILLKW-6513343,TRUE
pypi,custojmtkinter,"[0,]",29/3/24,https://security.snyk.io/vuln/SNYK-PYTHON-CUSTOJMTKINTER-6513341,TRUE
pypi,capmonstercloudclieent,"[0,]",29/3/24,https://security.snyk.io/vuln/SNYK-PYTHON-CAPMONSTERCLOUDCLIEENT-6513338,TRUE
pypi,tensofl9w,"[0,]",29/3/24,https://security.snyk.io/vuln/SNYK-PYTHON-TENSOFL9W-6513337,TRUE
pypi,playwrgiht,"[0,]",29/3/24,https://security.snyk.io/vuln/SNYK-PYTHON-PLAYWRGIHT-6513336,TRUE
pypi,requirment,"[0,]",29/3/24,https://security.snyk.io/vuln/SNYK-PYTHON-REQUIRMENT-6513335,TRUE
pypi,requesqs,"[0,]",29/3/24,https://security.snyk.io/vuln/SNYK-PYTHON-REQUESQS-6513334,TRUE
pypi,requiremants,"[0,]",29/3/24,https://security.snyk.io/vuln/SNYK-PYTHON-REQUIREMANTS-6513332,TRUE
pypi,tensofleow,"[0,]",29/3/24,https://security.snyk.io/vuln/SNYK-PYTHON-TENSOFLEOW-6513331,TRUE
pypi,piplow,"[0,]",29/3/24,https://security.snyk.io/vuln/SNYK-PYTHON-PIPLOW-6513330,TRUE
pypi,bip-uils,"[0,]",29/3/24,https://security.snyk.io/vuln/SNYK-PYTHON-BIPUILS-6513326,TRUE
pypi,requiirementsxt,"[0,]",29/3/24,https://security.snyk.io/vuln/SNYK-PYTHON-REQUIIREMENTSXT-6513325,TRUE
pypi,coloramwa,"[0,]",29/3/24,https://security.snyk.io/vuln/SNYK-PYTHON-COLORAMWA-6513324,TRUE
pypi,customtkintert,"[0,]",29/3/24,https://security.snyk.io/vuln/SNYK-PYTHON-CUSTOMTKINTERT-6513323,TRUE
pypi,coloramqa,"[0,]",29/3/24,https://security.snyk.io/vuln/SNYK-PYTHON-COLORAMQA-6513320,TRUE
pypi,py-cod,"[0,]",29/3/24,https://security.snyk.io/vuln/SNYK-PYTHON-PYCOD-6513319,TRUE
pypi,requirementstxx,"[0,]",29/3/24,https://security.snyk.io/vuln/SNYK-PYTHON-REQUIREMENTSTXX-6513318,TRUE
pypi,selennuim,"[0,]",29/3/24,https://security.snyk.io/vuln/SNYK-PYTHON-SELENNUIM-6513317,TRUE
pypi,playwrigth,"[0,]",29/3/24,https://security.snyk.io/vuln/SNYK-PYTHON-PLAYWRIGTH-6513316,TRUE
pypi,py-corad,"[0,]",29/3/24,https://security.snyk.io/vuln/SNYK-PYTHON-PYCORAD-6513315,TRUE
pypi,pillox,"[0,]",29/3/24,https://security.snyk.io/vuln/SNYK-PYTHON-PILLOX-6513313,TRUE
pypi,py-cojrd,"[0,]",29/3/24,https://security.snyk.io/vuln/SNYK-PYTHON-PYCOJRD-6513312,TRUE
pypi,asynio,"[0,]",29/3/24,https://security.snyk.io/vuln/SNYK-PYTHON-ASYNIO-6513310,TRUE
pypi,playwrght,"[0,]",29/3/24,https://security.snyk.io/vuln/SNYK-PYTHON-PLAYWRGHT-6513309,TRUE
pypi,requiirementstx,"[0,]",29/3/24,https://security.snyk.io/vuln/SNYK-PYTHON-REQUIIREMENTSTX-6513308,TRUE
pypi,customtkinrer,"[0,]",29/3/24,https://security.snyk.io/vuln/SNYK-PYTHON-CUSTOMTKINRER-6513307,TRUE
pypi,py-cdord,"[0,]",29/3/24,https://security.snyk.io/vuln/SNYK-PYTHON-PYCDORD-6513306,TRUE
pypi,pilloq,"[0,]",29/3/24,https://security.snyk.io/vuln/SNYK-PYTHON-PILLOQ-6513305,TRUE
pypi,bup-utils,"[0,]",29/3/24,https://security.snyk.io/vuln/SNYK-PYTHON-BUPUTILS-6513304,TRUE
pypi,bip-utjls,"[0,]",29/3/24,https://security.snyk.io/vuln/SNYK-PYTHON-BIPUTJLS-6513302,TRUE
pypi,custotkminter,"[0,]",29/3/24,https://security.snyk.io/vuln/SNYK-PYTHON-CUSTOTKMINTER-6513300,TRUE
pypi,capmonsterccloudclient,"[0,]",29/3/24,https://security.snyk.io/vuln/SNYK-PYTHON-CAPMONSTERCCLOUDCLIENT-6513298,TRUE
pypi,requiremenstx,"[0,]",29/3/24,https://security.snyk.io/vuln/SNYK-PYTHON-REQUIREMENSTX-6513297,TRUE
pypi,colouorama,"[0,]",29/3/24,https://security.snyk.io/vuln/SNYK-PYTHON-COLOUORAMA-6513296,TRUE
pypi,selemniumm,"[0,]",29/3/24,https://security.snyk.io/vuln/SNYK-PYTHON-SELEMNIUMM-6513295,TRUE
pypi,capmonstercloudcliend,"[0,]",29/3/24,https://security.snyk.io/vuln/SNYK-PYTHON-CAPMONSTERCLOUDCLIEND-6513293,TRUE
pypi,customtkitner,"[0,]",29/3/24,https://security.snyk.io/vuln/SNYK-PYTHON-CUSTOMTKITNER-6513292,TRUE
pypi,tensobflow,"[0,]",29/3/24,https://security.snyk.io/vuln/SNYK-PYTHON-TENSOBFLOW-6513291,TRUE
pypi,requeits,"[0,]",29/3/24,https://security.snyk.io/vuln/SNYK-PYTHON-REQUEITS-6513290,TRUE
pypi,requirementst,"[0,]",29/3/24,https://security.snyk.io/vuln/SNYK-PYTHON-REQUIREMENTST-6513289,TRUE
pypi,requesks,"[0,]",29/3/24,https://security.snyk.io/vuln/SNYK-PYTHON-REQUESKS-6513287,TRUE
pypi,py-cpord,"[0,]",29/3/24,https://security.snyk.io/vuln/SNYK-PYTHON-PYCPORD-6513285,TRUE
pypi,requirementxstxt,"[0,]",29/3/24,https://security.snyk.io/vuln/SNYK-PYTHON-REQUIREMENTXSTXT-6513283,TRUE
pypi,cilorama,"[0,]",29/3/24,https://security.snyk.io/vuln/SNYK-PYTHON-CILORAMA-6513280,TRUE
pypi,capmonstercloudclenit,"[0,]",29/3/24,https://security.snyk.io/vuln/SNYK-PYTHON-CAPMONSTERCLOUDCLENIT-6513279,TRUE
pypi,tensogflow,"[0,]",29/3/24,https://security.snyk.io/vuln/SNYK-PYTHON-TENSOGFLOW-6513276,TRUE
pypi,asyncci,"[0,]",29/3/24,https://security.snyk.io/vuln/SNYK-PYTHON-ASYNCCI-6513275,TRUE
pypi,requiremnts,"[0,]",29/3/24,https://security.snyk.io/vuln/SNYK-PYTHON-REQUIREMNTS-6513254,TRUE
pypi,py-cwrd,"[0,]",29/3/24,https://security.snyk.io/vuln/SNYK-PYTHON-PYCWRD-6513253,TRUE
pypi,pullow,"[0,]",29/3/24,https://security.snyk.io/vuln/SNYK-PYTHON-PULLOW-6513250,TRUE
pypi,customtkihter,"[0,]",29/3/24,https://security.snyk.io/vuln/SNYK-PYTHON-CUSTOMTKIHTER-6513249,TRUE
pypi,customtkinteer,"[0,]",29/3/24,https://security.snyk.io/vuln/SNYK-PYTHON-CUSTOMTKINTEER-6513248,TRUE
pypi,py-corid,"[0,]",29/3/24,https://security.snyk.io/vuln/SNYK-PYTHON-PYCORID-6513247,TRUE
pypi,customtkiter,"[0,]",29/3/24,https://security.snyk.io/vuln/SNYK-PYTHON-CUSTOMTKITER-6513246,TRUE
pypi,reqeyst,"[0,]",29/3/24,https://security.snyk.io/vuln/SNYK-PYTHON-REQEYST-6513245,TRUE
pypi,bip-utile,"[0,]",29/3/24,https://security.snyk.io/vuln/SNYK-PYTHON-BIPUTILE-6513244,TRUE
pypi,capmonsstercloudcliennt,"[0,]",29/3/24,https://security.snyk.io/vuln/SNYK-PYTHON-CAPMONSSTERCLOUDCLIENNT-6513243,TRUE
pypi,capmonstercloudclenet,"[0,]",29/3/24,https://security.snyk.io/vuln/SNYK-PYTHON-CAPMONSTERCLOUDCLENET-6513241,TRUE
pypi,requiremetstx,"[0,]",29/3/24,https://security.snyk.io/vuln/SNYK-PYTHON-REQUIREMETSTX-6513239,TRUE
pypi,colorayma,"[0,]",29/3/24,https://security.snyk.io/vuln/SNYK-PYTHON-COLORAYMA-6513238,TRUE
pypi,py-cofd,"[0,]",29/3/24,https://security.snyk.io/vuln/SNYK-PYTHON-PYCOFD-6513237,TRUE
pypi,custmtokinter,"[0,]",29/3/24,https://security.snyk.io/vuln/SNYK-PYTHON-CUSTMTOKINTER-6513236,TRUE
pypi,tensofklow,"[0,]",29/3/24,https://security.snyk.io/vuln/SNYK-PYTHON-TENSOFKLOW-6513234,TRUE
pypi,pollow,"[0,]",29/3/24,https://security.snyk.io/vuln/SNYK-PYTHON-POLLOW-6513233,TRUE
pypi,tensoflsw,"[0,]",29/3/24,https://security.snyk.io/vuln/SNYK-PYTHON-TENSOFLSW-6513231,TRUE
pypi,py-cocd,"[0,]",29/3/24,https://security.snyk.io/vuln/SNYK-PYTHON-PYCOCD-6513230,TRUE
pypi,selenyum,"[0,]",29/3/24,https://security.snyk.io/vuln/SNYK-PYTHON-SELENYUM-6513229,TRUE
pypi,py-c0ard,"[0,]",29/3/24,https://security.snyk.io/vuln/SNYK-PYTHON-PYC0ARD-6513228,TRUE
pypi,reqiuremnets,"[0,]",29/3/24,https://security.snyk.io/vuln/SNYK-PYTHON-REQIUREMNETS-6513227,TRUE
pypi,customtkinetr,"[0,]",29/3/24,https://security.snyk.io/vuln/SNYK-PYTHON-CUSTOMTKINETR-6513224,TRUE
pypi,requirementstx,"[0,]",29/3/24,https://security.snyk.io/vuln/SNYK-PYTHON-REQUIREMENTSTX-6513223,TRUE
pypi,requnests,"[0,]",29/3/24,https://security.snyk.io/vuln/SNYK-PYTHON-REQUNESTS-6513222,TRUE
pypi,py-corde,"[0,]",29/3/24,https://security.snyk.io/vuln/SNYK-PYTHON-PYCORDE-6513221,TRUE
pypi,bipp-utils,"[0,]",29/3/24,https://security.snyk.io/vuln/SNYK-PYTHON-BIPPUTILS-6513220,TRUE
pypi,capmonsterclouudclient,"[0,]",29/3/24,https://security.snyk.io/vuln/SNYK-PYTHON-CAPMONSTERCLOUUDCLIENT-6513219,TRUE
pypi,selennim,"[0,]",29/3/24,https://security.snyk.io/vuln/SNYK-PYTHON-SELENNIM-6513218,TRUE
pypi,coloramah,"[0,]",29/3/24,https://security.snyk.io/vuln/SNYK-PYTHON-COLORAMAH-6513217,TRUE
pypi,py-crd,"[0,]",29/3/24,https://security.snyk.io/vuln/SNYK-PYTHON-PYCRD-6513216,TRUE
pypi,requirementt,"[0,]",29/3/24,https://security.snyk.io/vuln/SNYK-PYTHON-REQUIREMENTT-6513215,TRUE
pypi,requirementxt,"[0,]",29/3/24,https://security.snyk.io/vuln/SNYK-PYTHON-REQUIREMENTXT-6513214,TRUE
pypi,requirments,"[0,]",29/3/24,https://security.snyk.io/vuln/SNYK-PYTHON-REQUIRMENTS-6513213,TRUE
pypi,custoktkinter,"[0,]",29/3/24,https://security.snyk.io/vuln/SNYK-PYTHON-CUSTOKTKINTER-6513212,TRUE
pypi,requiurement,"[0,]",29/3/24,https://security.snyk.io/vuln/SNYK-PYTHON-REQUIUREMENT-6513211,TRUE
pypi,requesxt,"[0,]",29/3/24,https://security.snyk.io/vuln/SNYK-PYTHON-REQUESXT-6513210,TRUE
pypi,colprama,"[0,]",29/3/24,https://security.snyk.io/vuln/SNYK-PYTHON-COLPRAMA-6513209,TRUE
pypi,bip-u8ls,"[0,]",29/3/24,https://security.snyk.io/vuln/SNYK-PYTHON-BIPU8LS-6513208,TRUE
pypi,requesxts,"[0,]",29/3/24,https://security.snyk.io/vuln/SNYK-PYTHON-REQUESXTS-6513207,TRUE
pypi,selleium,"[0,]",29/3/24,https://security.snyk.io/vuln/SNYK-PYTHON-SELLEIUM-6513206,TRUE
pypi,capmonstercouldclient,"[0,]",29/3/24,https://security.snyk.io/vuln/SNYK-PYTHON-CAPMONSTERCOULDCLIENT-6513205,TRUE
pypi,asynciio,"[0,]",29/3/24,https://security.snyk.io/vuln/SNYK-PYTHON-ASYNCIIO-6513204,TRUE
pypi,requiremmentxtxt,"[0,]",29/3/24,https://security.snyk.io/vuln/SNYK-PYTHON-REQUIREMMENTXTXT-6513202,TRUE
pypi,requirmentstxt,"[0,]",29/3/24,https://security.snyk.io/vuln/SNYK-PYTHON-REQUIRMENTSTXT-6513201,TRUE
pypi,requyests,"[0,]",29/3/24,https://security.snyk.io/vuln/SNYK-PYTHON-REQUYESTS-6513200,TRUE
pypi,tensofpow,"[0,]",29/3/24,https://security.snyk.io/vuln/SNYK-PYTHON-TENSOFPOW-6513199,TRUE
pypi,requirementxtt,"[0,]",29/3/24,https://security.snyk.io/vuln/SNYK-PYTHON-REQUIREMENTXTT-6513198,TRUE
pypi,py-cordw,"[0,]",29/3/24,https://security.snyk.io/vuln/SNYK-PYTHON-PYCORDW-6513197,TRUE
pypi,customtkintrer,"[0,]",29/3/24,https://security.snyk.io/vuln/SNYK-PYTHON-CUSTOMTKINTRER-6513196,TRUE
pypi,py-xord,"[0,]",29/3/24,https://security.snyk.io/vuln/SNYK-PYTHON-PYXORD-6513194,TRUE
pypi,requiremmentxt,"[0,]",29/3/24,https://security.snyk.io/vuln/SNYK-PYTHON-REQUIREMMENTXT-6513193,TRUE
pypi,tensoflor,"[0,]",29/3/24,https://security.snyk.io/vuln/SNYK-PYTHON-TENSOFLOR-6513191,TRUE
pypi,custoumtkinter,"[0,]",29/3/24,https://security.snyk.io/vuln/SNYK-PYTHON-CUSTOUMTKINTER-6513190,TRUE
pypi,py-cofrd,"[0,]",29/3/24,https://security.snyk.io/vuln/SNYK-PYTHON-PYCOFRD-6513188,TRUE
pypi,pirlow,"[0,]",29/3/24,https://security.snyk.io/vuln/SNYK-PYTHON-PIRLOW-6513187,TRUE
pypi,requesxs,"[0,]",29/3/24,https://security.snyk.io/vuln/SNYK-PYTHON-REQUESXS-6513186,TRUE
pypi,py-cozd,"[0,]",29/3/24,https://security.snyk.io/vuln/SNYK-PYTHON-PYCOZD-6513185,TRUE
pypi,py-cordv,"[0,]",29/3/24,https://security.snyk.io/vuln/SNYK-PYTHON-PYCORDV-6513182,TRUE
pypi,requestr,"[0,]",29/3/24,https://security.snyk.io/vuln/SNYK-PYTHON-REQUESTR-6513180,TRUE
pypi,tensofla,"[0,]",29/3/24,https://security.snyk.io/vuln/SNYK-PYTHON-TENSOFLA-6513179,TRUE
pypi,yocolor,"[0,]",25/3/24,https://security.snyk.io/vuln/SNYK-PYTHON-YOCOLOR-6483332,TRUE
pypi,django-log-tracker,[=1.0.4],13/3/24,https://security.snyk.io/vuln/SNYK-PYTHON-DJANGOLOGTRACKER-6361725,TRUE
pypi,swapmempool,"[0,]",11/3/24,https://security.snyk.io/vuln/SNYK-PYTHON-SWAPMEMPOOL-6421765,TRUE
pypi,quasarlib,"[0,]",11/3/24,https://security.snyk.io/vuln/SNYK-PYTHON-QUASARLIB-6421764,TRUE
pypi,pycryptoconf,"[0,]",11/3/24,https://security.snyk.io/vuln/SNYK-PYTHON-PYCRYPTOCONF-6421763,TRUE
pypi,pycryptoenv,"[0,]",11/3/24,https://security.snyk.io/vuln/SNYK-PYTHON-PYCRYPTOENV-6421762,TRUE
pypi,modularseven,"[0,]",7/1/24,https://security.snyk.io/vuln/SNYK-PYTHON-MODULARSEVEN-6146025,TRUE
pypi,driftme,"[0,]",7/1/24,https://security.snyk.io/vuln/SNYK-PYTHON-DRIFTME-6146024,TRUE
pypi,catme,"[0,]",7/1/24,https://security.snyk.io/vuln/SNYK-PYTHON-CATME-6146023,TRUE